run_id,point_index,temperature_C,time_min,dsc_mW_mg,mass_pct,purge1_ml_min,purge2_ml_min,protective_ml_min,sensitivity_uV_mW,segment
105,0,47.58400,0.00000,6.091076e-002,99.99835,,50.00000,20.00000,1.18338,1
105,1,47.55000,0.01000,6.082416e-002,99.99849,,50.00000,20.00000,1.18337,1
105,2,47.53100,0.02000,6.091179e-002,99.99863,,50.00000,20.00000,1.18336,1
105,3,47.49800,0.03000,6.108697e-002,99.99876,,50.00000,20.00000,1.18335,1
105,4,47.49600,0.04000,6.117428e-002,99.99889,,50.00000,20.00000,1.18335,1
105,5,47.47000,0.05000,6.091298e-002,99.99902,,50.00000,20.00000,1.18334,1
105,6,47.45500,0.06000,6.091328e-002,99.99915,,50.00000,20.00000,1.18333,1
105,7,47.43100,0.07000,6.108828e-002,99.99929,,50.00000,20.00000,1.18332,1
105,8,47.39600,0.08000,6.073989e-002,99.99943,,50.00000,20.00000,1.18331,1
105,9,47.38400,0.09000,6.065285e-002,99.99955,,50.00000,20.00000,1.18331,1
105,10,47.36400,0.10000,6.065325e-002,99.99967,,50.00000,20.00000,1.18330,1
105,11,47.35600,0.11000,6.091521e-002,99.99980,,50.00000,20.00000,1.18329,1
105,12,47.32200,0.12000,6.074134e-002,99.99993,,50.00000,20.00000,1.18328,1
105,13,47.31100,0.13000,6.056701e-002,100.00006,,50.00000,20.00000,1.18328,1
105,14,47.27800,0.14000,6.082947e-002,100.00019,,50.00000,20.00000,1.18327,1
105,15,47.24600,0.15000,6.083009e-002,100.00031,,50.00000,20.00000,1.18325,1
105,16,47.23700,0.16000,6.074299e-002,99.97338,,50.00000,20.00000,1.18325,1
105,17,47.22900,0.17000,6.083042e-002,99.97351,,50.00000,20.00000,1.18325,1
105,18,47.19700,0.18000,6.056922e-002,99.97363,,50.00000,20.00000,1.18323,1
105,19,47.17300,0.19000,6.074425e-002,99.97375,,50.00000,20.00000,1.18323,1
105,20,47.15600,0.20000,6.048275e-002,99.97387,,50.00000,20.00000,1.18322,1
105,21,47.14200,0.21000,6.039574e-002,99.97400,,50.00000,20.00000,1.18321,1
105,22,47.12300,0.22000,6.022156e-002,99.97412,,50.00000,20.00000,1.18321,1
105,23,47.09100,0.23000,5.943667e-002,99.97424,,50.00000,20.00000,1.18319,1
105,24,47.07600,0.24000,5.987335e-002,99.97436,,50.00000,20.00000,1.18319,1
105,25,47.05600,0.25000,5.996102e-002,99.97448,,50.00000,20.00000,1.18318,1
105,26,47.03900,0.26000,5.987406e-002,99.97460,,50.00000,20.00000,1.18317,1
105,27,47.02000,0.27000,5.961259e-002,99.97471,,50.00000,20.00000,1.18317,1
105,28,47.00900,0.28000,5.935096e-002,99.97483,,50.00000,20.00000,1.18316,1
105,29,46.98200,0.29000,5.935148e-002,99.97493,,50.00000,20.00000,1.18315,1
105,30,46.95600,0.30000,5.952654e-002,99.97505,,50.00000,20.00000,1.18314,1
105,31,46.95600,0.31000,5.961382e-002,99.97518,,50.00000,20.00000,1.18314,1
105,32,46.93700,0.32000,5.935234e-002,99.97531,,50.00000,20.00000,1.18314,1
105,33,46.91300,0.33000,5.891638e-002,99.97544,,50.00000,20.00000,1.18313,1
105,34,46.87500,0.34000,5.909167e-002,99.97556,,50.00000,20.00000,1.18311,1
105,35,46.85800,0.35000,5.926657e-002,99.97569,,50.00000,20.00000,1.18311,1
105,36,46.83300,0.36000,5.909247e-002,99.97582,,50.00000,20.00000,1.18310,1
105,37,46.83300,0.37000,5.891790e-002,99.97595,,50.00000,20.00000,1.18310,1
105,38,46.79800,0.38000,5.891857e-002,99.97607,,50.00000,20.00000,1.18308,1
105,39,46.77600,0.39000,5.848255e-002,99.97619,,50.00000,20.00000,1.18307,1
105,40,46.77100,0.40000,5.830807e-002,99.97631,,50.00000,20.00000,1.18307,1
105,41,46.73600,0.41000,5.778500e-002,99.97642,,50.00000,20.00000,1.18306,1
105,42,46.72600,0.42000,5.752332e-002,99.97654,,50.00000,20.00000,1.18305,1
105,43,46.70300,0.43000,5.752375e-002,99.97665,,50.00000,20.00000,1.18305,1
105,44,46.68200,0.44000,5.752414e-002,99.97676,,50.00000,20.00000,1.18304,1
105,45,46.67900,0.45000,5.726232e-002,99.97687,,50.00000,20.00000,1.18304,1
105,46,46.65100,0.46000,5.708826e-002,99.97698,,50.00000,20.00000,1.18303,1
105,47,46.63600,0.47000,5.682666e-002,99.97708,,50.00000,20.00000,1.18302,1
105,48,46.61400,0.48000,5.656519e-002,99.97719,,50.00000,20.00000,1.18301,1
105,49,46.60000,0.49000,5.639086e-002,99.97729,,50.00000,20.00000,1.18301,1
105,50,46.59500,0.50000,5.569261e-002,99.97740,,50.00000,20.00000,1.18300,1
105,51,46.55700,0.51000,5.525683e-002,99.97750,,50.00000,20.00000,1.18299,1
105,52,46.54800,0.52000,5.490782e-002,99.97760,,50.00000,20.00000,1.18299,1
105,53,46.53900,0.53000,5.508256e-002,99.97770,,50.00000,20.00000,1.18298,1
105,54,46.51800,0.54000,5.482106e-002,99.97779,,50.00000,20.00000,1.18297,1
105,55,46.49800,0.55000,5.377387e-002,99.97789,,50.00000,20.00000,1.18297,1
105,56,46.48700,0.56000,5.412324e-002,99.97799,,50.00000,20.00000,1.18296,1
105,57,46.48400,0.57000,5.377411e-002,99.97809,,50.00000,20.00000,1.18296,1
105,58,46.45000,0.58000,5.316363e-002,99.97818,,50.00000,20.00000,1.18295,1
105,59,46.44200,0.59000,5.290188e-002,99.97827,,50.00000,20.00000,1.18295,1
105,60,46.41800,0.60000,5.211662e-002,99.97837,,50.00000,20.00000,1.18294,1
105,61,46.41000,0.61000,5.176756e-002,99.97846,,50.00000,20.00000,1.18293,1
105,62,46.39500,0.62000,5.220430e-002,99.97855,,50.00000,20.00000,1.18293,1
105,63,46.38500,0.63000,5.185528e-002,99.97864,,50.00000,20.00000,1.18292,1
105,64,46.37800,0.64000,5.098241e-002,99.97873,,50.00000,20.00000,1.18292,1
105,65,46.34100,0.65000,5.098302e-002,99.97881,,50.00000,20.00000,1.18291,1
105,66,46.33800,0.66000,5.054657e-002,99.97891,,50.00000,20.00000,1.18291,1
105,67,46.32600,0.67000,4.993567e-002,99.98442,,50.00000,20.00000,1.18290,1
105,68,46.30700,0.68000,4.958677e-002,99.98587,,50.00000,20.00000,1.18289,1
105,69,46.30000,0.69000,4.941228e-002,99.98595,,50.00000,20.00000,1.18289,1
105,70,46.27800,0.70000,4.897613e-002,99.98737,,50.00000,20.00000,1.18288,1
105,71,46.26500,0.71000,4.836522e-002,99.98745,,50.00000,20.00000,1.18288,1
105,72,46.25900,0.72000,4.784150e-002,99.98753,,50.00000,20.00000,1.18288,1
105,73,46.24900,0.73000,4.749246e-002,99.98760,,50.00000,20.00000,1.18287,1
105,74,46.23500,0.74000,4.696885e-002,99.98768,,50.00000,20.00000,1.18287,1
105,75,46.21200,0.75000,4.635808e-002,99.98910,,50.00000,20.00000,1.18286,1
105,76,46.21100,0.76000,4.583427e-002,99.98918,,50.00000,20.00000,1.18286,1
105,77,46.19700,0.77000,4.504875e-002,99.98926,,50.00000,20.00000,1.18285,1
105,78,46.18400,0.78000,4.478703e-002,99.98934,,50.00000,20.00000,1.18285,1
105,79,46.16900,0.79000,4.435072e-002,99.98942,,50.00000,20.00000,1.18284,1
105,80,46.15700,0.80000,4.330324e-002,99.99085,,50.00000,20.00000,1.18284,1
105,81,46.13800,0.81000,4.295428e-002,99.99093,,50.00000,20.00000,1.18283,1
105,82,46.14100,0.82000,4.234310e-002,99.99102,,50.00000,20.00000,1.18283,1
105,83,46.11100,0.83000,4.190699e-002,100.00056,,50.00000,20.00000,1.18282,1
105,84,46.10400,0.84000,4.129594e-002,100.00199,,50.00000,20.00000,1.18282,1
105,85,46.09200,0.85000,4.068495e-002,100.00341,,50.00000,20.00000,1.18281,1
105,86,46.08700,0.86000,4.016118e-002,100.00347,,50.00000,20.00000,1.18281,1
105,87,46.06800,0.87000,3.928835e-002,100.00488,,50.00000,20.00000,1.18280,1
105,88,46.06100,0.88000,3.850267e-002,100.00628,,50.00000,20.00000,1.18280,1
105,89,46.05500,0.89000,3.832813e-002,100.00634,,50.00000,20.00000,1.18280,1
105,90,46.06600,0.90000,3.789146e-002,100.00775,,50.00000,20.00000,1.18280,1
105,91,46.03900,0.91000,3.684409e-002,100.01592,,50.00000,20.00000,1.18279,1
105,92,46.02400,0.92000,3.588388e-002,100.01733,,50.00000,20.00000,1.18278,1
105,93,46.02700,0.93000,3.492345e-002,100.01874,,50.00000,20.00000,1.18279,1
105,94,46.01500,0.94000,3.422511e-002,100.02016,,50.00000,20.00000,1.18278,1
105,95,46.00400,0.95000,3.352676e-002,100.02292,,50.00000,20.00000,1.18278,1
105,96,45.98200,0.96000,3.335238e-002,100.02432,,50.00000,20.00000,1.18277,1
105,97,45.98500,0.97000,3.309042e-002,100.02572,,50.00000,20.00000,1.18277,1
105,98,45.98200,0.98000,3.247928e-002,100.02847,,50.00000,20.00000,1.18277,1
105,99,45.97400,0.99000,3.090779e-002,100.03122,,50.00000,20.00000,1.18277,1
105,100,45.96600,1.00000,3.038401e-002,100.03262,,50.00000,20.00000,1.18276,1
105,101,45.96500,1.01000,3.012208e-002,100.03402,,50.00000,20.00000,1.18276,1
105,102,45.94400,1.02000,2.881263e-002,100.03813,,50.00000,20.00000,1.18275,1
105,103,45.94500,1.03000,2.802682e-002,100.04495,,50.00000,20.00000,1.18275,1
105,104,45.93600,1.04000,2.767765e-002,100.04771,,50.00000,20.00000,1.18275,1
105,105,45.92800,1.05000,2.654268e-002,100.05183,,50.00000,20.00000,1.18275,1
105,106,45.91000,1.06000,2.575703e-002,100.05458,,50.00000,20.00000,1.18274,1
105,107,45.90500,1.07000,2.505857e-002,100.05598,,50.00000,20.00000,1.18274,1
105,108,45.89900,1.08000,2.383625e-002,100.05737,,50.00000,20.00000,1.18274,1
105,109,45.88900,1.09000,2.357439e-002,100.06010,,50.00000,20.00000,1.18273,1
105,110,45.89500,1.10000,2.278853e-002,100.06283,,50.00000,20.00000,1.18274,1
105,111,45.88500,1.11000,2.191548e-002,100.06555,,50.00000,20.00000,1.18273,1
105,112,45.88600,1.12000,2.069310e-002,100.06692,,50.00000,20.00000,1.18273,1
105,113,45.88800,1.13000,1.955802e-002,100.06965,,50.00000,20.00000,1.18273,1
105,114,45.88600,1.14000,1.938340e-002,100.07644,,50.00000,20.00000,1.18273,1
105,115,45.87500,1.15000,1.833572e-002,100.08187,,50.00000,20.00000,1.18273,1
105,116,45.87900,1.16000,1.763719e-002,100.08595,,50.00000,20.00000,1.18273,1
105,117,45.86600,1.17000,1.632757e-002,100.09002,,50.00000,20.00000,1.18272,1
105,118,45.86800,1.18000,1.501786e-002,100.09410,,50.00000,20.00000,1.18272,1
105,119,45.87200,1.19000,1.458128e-002,100.09817,,50.00000,20.00000,1.18273,1
105,120,45.86300,1.20000,1.405744e-002,100.10223,,50.00000,20.00000,1.18272,1
105,121,45.86200,1.21000,1.231118e-002,100.10358,,50.00000,20.00000,1.18272,1
105,122,45.87000,1.22000,1.091414e-002,100.10359,,50.00000,20.00000,1.18273,1
105,123,45.87000,1.23000,1.039026e-002,100.10360,,50.00000,20.00000,1.18273,1
105,124,45.86900,1.24000,1.021564e-002,100.10495,,50.00000,20.00000,1.18273,1
105,125,45.85900,1.25000,9.342534e-003,100.10697,,50.00000,20.00000,1.18272,1
105,126,45.85500,1.26000,8.644038e-003,100.10743,,50.00000,20.00000,1.18272,1
105,127,45.86900,1.27000,7.072363e-003,100.10684,,50.00000,20.00000,1.18273,1
105,128,45.87200,1.28000,6.199225e-003,100.10626,,50.00000,20.00000,1.18273,1
105,129,45.87500,1.29000,5.588029e-003,100.10620,,50.00000,20.00000,1.18273,1
105,130,45.86600,1.30000,4.103721e-003,100.10674,,50.00000,20.00000,1.18272,1
105,131,45.87000,1.31000,2.968645e-003,100.10756,,50.00000,20.00000,1.18273,1
105,132,45.87300,1.32000,2.357451e-003,100.10822,,50.00000,20.00000,1.18273,1
105,133,45.86900,1.33000,1.397010e-003,100.10160,,50.00000,20.00000,1.18273,1
105,134,45.87200,1.34000,2.619391e-004,100.10237,,50.00000,20.00000,1.18273,1
105,135,45.87100,1.35000,-6.111915e-004,100.10102,,50.00000,20.00000,1.18273,1
105,136,45.87800,1.36000,-1.746257e-003,100.09895,,50.00000,20.00000,1.18273,1
105,137,45.88300,1.37000,-2.968632e-003,100.09767,,50.00000,20.00000,1.18273,1
105,138,45.88000,1.38000,-4.452953e-003,100.09468,,50.00000,20.00000,1.18273,1
105,139,45.88900,1.39000,-5.849941e-003,100.09428,,50.00000,20.00000,1.18273,1
105,140,45.89300,1.40000,-6.111870e-003,100.09397,,50.00000,20.00000,1.18273,1
105,141,45.90400,1.41000,-6.635721e-003,100.09242,,50.00000,20.00000,1.18274,1
105,142,45.89600,1.42000,-8.381986e-003,100.09223,,50.00000,20.00000,1.18274,1
105,143,45.90100,1.43000,-9.080469e-003,100.09456,,50.00000,20.00000,1.18274,1
105,144,45.91700,1.44000,-1.004085e-002,100.09248,,50.00000,20.00000,1.18274,1
105,145,45.91200,1.45000,-1.143786e-002,100.09135,,50.00000,20.00000,1.18274,1
105,146,45.91800,1.46000,-1.239826e-002,100.08988,,50.00000,20.00000,1.18274,1
105,147,45.93100,1.47000,-1.362057e-002,100.08681,,50.00000,20.00000,1.18275,1
105,148,45.92800,1.48000,-1.493026e-002,100.08356,,50.00000,20.00000,1.18275,1
105,149,45.94800,1.49000,-1.606520e-002,100.08015,,50.00000,20.00000,1.18276,1
105,150,45.94100,1.50000,-1.711297e-002,100.07654,,50.00000,20.00000,1.18275,1
105,151,45.95300,1.51000,-1.807332e-002,100.07284,,50.00000,20.00000,1.18276,1
105,152,45.96200,1.52000,-1.929561e-002,100.06802,,50.00000,20.00000,1.18276,1
105,153,45.96800,1.53000,-2.060523e-002,100.06517,,50.00000,20.00000,1.18276,1
105,154,45.98900,1.54000,-2.165280e-002,100.06298,,50.00000,20.00000,1.18277,1
105,155,45.97500,1.55000,-2.278793e-002,100.05965,,50.00000,20.00000,1.18277,1
105,156,45.98700,1.56000,-2.418480e-002,100.05762,,50.00000,20.00000,1.18277,1
105,157,45.98800,1.57000,-2.566906e-002,100.05354,,50.00000,20.00000,1.18277,1
105,158,46.00800,1.58000,-2.671660e-002,100.04812,,50.00000,20.00000,1.18278,1
105,159,46.00500,1.59000,-2.715317e-002,100.04372,,50.00000,20.00000,1.18278,1
105,160,46.03500,1.60000,-2.872446e-002,100.04262,,50.00000,20.00000,1.18279,1
105,161,46.02200,1.61000,-2.994690e-002,100.04305,,50.00000,20.00000,1.18278,1
105,162,46.05200,1.62000,-3.108161e-002,100.04328,,50.00000,20.00000,1.18280,1
105,163,46.06800,1.63000,-3.204183e-002,100.04612,,50.00000,20.00000,1.18280,1
105,164,46.07100,1.64000,-3.326411e-002,100.05026,,50.00000,20.00000,1.18280,1
105,165,46.08100,1.65000,-3.448629e-002,100.05427,,50.00000,20.00000,1.18281,1
105,166,46.10500,1.66000,-3.562101e-002,100.05674,,50.00000,20.00000,1.18282,1
105,167,46.10100,1.67000,-3.693065e-002,100.06043,,50.00000,20.00000,1.18281,1
105,168,46.13200,1.68000,-3.780334e-002,100.06275,,50.00000,20.00000,1.18283,1
105,169,46.15700,1.69000,-3.867608e-002,100.06508,,50.00000,20.00000,1.18284,1
105,170,46.14100,1.70000,-4.016047e-002,100.06743,,50.00000,20.00000,1.18283,1
105,171,46.16600,1.71000,-4.199355e-002,100.07119,,50.00000,20.00000,1.18284,1
105,172,46.19100,1.72000,-4.365198e-002,100.07376,,50.00000,20.00000,1.18285,1
105,173,46.20800,1.73000,-4.382634e-002,100.07662,,50.00000,20.00000,1.18286,1
105,174,46.21000,1.74000,-4.513586e-002,100.07977,,50.00000,20.00000,1.18286,1
105,175,46.22500,1.75000,-4.592137e-002,100.08297,,50.00000,20.00000,1.18286,1
105,176,46.23900,1.76000,-4.731800e-002,100.08585,,50.00000,20.00000,1.18287,1
105,177,46.25100,1.77000,-4.897656e-002,100.08675,,50.00000,20.00000,1.18287,1
105,178,46.25900,1.78000,-5.037326e-002,100.08697,,50.00000,20.00000,1.18288,1
105,179,46.28500,1.79000,-5.176966e-002,100.08672,,50.00000,20.00000,1.18289,1
105,180,46.31700,1.80000,-5.299133e-002,100.08632,,50.00000,20.00000,1.18290,1
105,181,46.32700,1.81000,-5.421336e-002,100.08599,,50.00000,20.00000,1.18290,1
105,182,46.34500,1.82000,-5.587173e-002,100.08575,,50.00000,20.00000,1.18291,1
105,183,46.36100,1.83000,-5.691903e-002,100.08422,,50.00000,20.00000,1.18291,1
105,184,46.37700,1.84000,-5.735523e-002,100.08400,,50.00000,20.00000,1.18292,1
105,185,46.41000,1.85000,-5.866408e-002,100.08364,,50.00000,20.00000,1.18293,1
105,186,46.42700,1.86000,-6.049700e-002,100.08176,,50.00000,20.00000,1.18294,1
105,187,46.43200,1.87000,-6.206825e-002,100.08108,,50.00000,20.00000,1.18294,1
105,188,46.47000,1.88000,-6.337692e-002,100.07892,,50.00000,20.00000,1.18296,1
105,189,46.49500,1.89000,-6.416207e-002,100.07799,,50.00000,20.00000,1.18297,1
105,190,46.50400,1.90000,-6.547131e-002,100.07564,,50.00000,20.00000,1.18297,1
105,191,46.53400,1.91000,-6.660549e-002,100.07473,,50.00000,20.00000,1.18298,1
105,192,46.56000,1.92000,-6.800162e-002,100.07393,,50.00000,20.00000,1.18299,1
105,193,46.58000,1.93000,-6.904870e-002,100.07326,,50.00000,20.00000,1.18300,1
105,194,46.60100,1.94000,-7.044491e-002,100.07945,,50.00000,20.00000,1.18301,1
105,195,46.62400,1.95000,-7.184105e-002,100.08568,,50.00000,20.00000,1.18302,1
105,196,46.64400,1.96000,-7.332453e-002,100.09065,,50.00000,20.00000,1.18302,1
105,197,46.67400,1.97000,-7.454588e-002,100.09172,,50.00000,20.00000,1.18303,1
105,198,46.69800,1.98000,-7.498175e-002,100.09158,,50.00000,20.00000,1.18304,1
105,199,46.71800,1.99000,-7.690163e-002,100.08867,,50.00000,20.00000,1.18305,1
105,200,46.73300,2.00000,-7.969450e-002,100.08944,,50.00000,20.00000,1.18306,1
105,201,46.75700,2.01000,-7.995574e-002,100.08819,,50.00000,20.00000,1.18307,1
105,202,46.78800,2.02000,-8.074052e-002,100.08623,,50.00000,20.00000,1.18308,1
105,203,46.81600,2.03000,-8.187451e-002,100.08517,,50.00000,20.00000,1.18309,1
105,204,46.85300,2.04000,-8.344467e-002,100.08273,,50.00000,20.00000,1.18310,1
105,205,46.88100,2.05000,-8.518960e-002,100.08065,,50.00000,20.00000,1.18311,1
105,206,46.91300,2.06000,-8.606155e-002,100.08045,,50.00000,20.00000,1.18313,1
105,207,46.93900,2.07000,-8.745735e-002,100.07934,,50.00000,20.00000,1.18314,1
105,208,46.96000,2.08000,-8.894056e-002,100.08248,,50.00000,20.00000,1.18314,1
105,209,46.98300,2.09000,-9.024912e-002,100.08288,,50.00000,20.00000,1.18315,1
105,210,47.01900,2.10000,-9.190641e-002,100.08313,,50.00000,20.00000,1.18317,1
105,211,47.05300,2.11000,-9.312731e-002,100.08320,,50.00000,20.00000,1.18318,1
105,212,47.06900,2.12000,-9.426146e-002,100.08171,,50.00000,20.00000,1.18319,1
105,213,47.10600,2.13000,-9.548223e-002,100.08136,,50.00000,20.00000,1.18320,1
105,214,47.13600,2.14000,-9.748868e-002,100.08081,,50.00000,20.00000,1.18321,1
105,215,47.16800,2.15000,-9.905866e-002,100.08011,,50.00000,20.00000,1.18322,1
105,216,47.20400,2.16000,-0.10019,100.08075,,50.00000,20.00000,1.18324,1
105,217,47.23000,2.17000,-0.10124,100.08017,,50.00000,20.00000,1.18325,1
105,218,47.27200,2.18000,-0.10263,100.08116,,50.00000,20.00000,1.18326,1
105,219,47.30000,2.19000,-0.10420,100.08640,,50.00000,20.00000,1.18327,1
105,220,47.33400,2.20000,-0.10525,100.09032,,50.00000,20.00000,1.18329,1
105,221,47.35500,2.21000,-0.10621,100.09408,,50.00000,20.00000,1.18329,1
105,222,47.39600,2.22000,-0.10752,100.09214,,50.00000,20.00000,1.18331,1
105,223,47.43200,2.23000,-0.10917,100.08722,,50.00000,20.00000,1.18332,1
105,224,47.46800,2.24000,-0.11074,100.08348,,50.00000,20.00000,1.18334,1
105,225,47.50000,2.25000,-0.11205,100.07970,,50.00000,20.00000,1.18335,1
105,226,47.54300,2.26000,-0.11327,100.07732,,50.00000,20.00000,1.18337,1
105,227,47.58100,2.27000,-0.11528,100.07498,,50.00000,20.00000,1.18338,1
105,228,47.60500,2.28000,-0.11580,100.07264,,50.00000,20.00000,1.18339,1
105,229,47.65500,2.29000,-0.11746,100.07433,,50.00000,20.00000,1.18341,1
105,230,47.68700,2.30000,-0.11911,100.07459,,50.00000,20.00000,1.18342,1
105,231,47.72800,2.31000,-0.12068,100.07475,,50.00000,20.00000,1.18344,1
105,232,47.76700,2.32000,-0.12243,100.07483,,50.00000,20.00000,1.18345,1
105,233,47.79600,2.33000,-0.12399,100.07356,,50.00000,20.00000,1.18346,1
105,234,47.85900,2.34000,-0.12539,100.07240,,50.00000,20.00000,1.18349,1
105,235,47.88100,2.35000,-0.12661,100.07143,,50.00000,20.00000,1.18349,1
105,236,47.92700,2.36000,-0.12783,100.06936,,50.00000,20.00000,1.18351,1
105,237,47.96700,2.37000,-0.12966,100.07016,,50.00000,20.00000,1.18353,1
105,238,48.01200,2.38000,-0.13105,100.07090,,50.00000,20.00000,1.18354,1
105,239,48.03200,2.39000,-0.13219,100.07138,,50.00000,20.00000,1.18355,1
105,240,48.08300,2.40000,-0.13314,100.06882,,50.00000,20.00000,1.18357,1
105,241,48.13600,2.41000,-0.13497,100.06599,,50.00000,20.00000,1.18359,1
105,242,48.16900,2.42000,-0.13646,100.06575,,50.00000,20.00000,1.18360,1
105,243,48.22400,2.43000,-0.13820,100.07097,,50.00000,20.00000,1.18362,1
105,244,48.25800,2.44000,-0.13968,100.07354,,50.00000,20.00000,1.18364,1
105,245,48.30600,2.45000,-0.14125,100.07485,,50.00000,20.00000,1.18365,1
105,246,48.35300,2.46000,-0.14256,100.07218,,50.00000,20.00000,1.18367,1
105,247,48.39900,2.47000,-0.14386,100.06687,,50.00000,20.00000,1.18369,1
105,248,48.44200,2.48000,-0.14508,100.06566,,50.00000,20.00000,1.18370,1
105,249,48.48100,2.49000,-0.14630,100.06453,,50.00000,20.00000,1.18372,1
105,250,48.53700,2.50000,-0.14778,100.06352,,50.00000,20.00000,1.18374,1
105,251,48.58900,2.51000,-0.14917,100.06402,,50.00000,20.00000,1.18376,1
105,252,48.61300,2.52000,-0.15083,100.06197,,50.00000,20.00000,1.18377,1
105,253,48.68000,2.53000,-0.15231,100.05997,,50.00000,20.00000,1.18379,1
105,254,48.72000,2.54000,-0.15388,100.05786,,50.00000,20.00000,1.18381,1
105,255,48.75100,2.55000,-0.15536,100.05684,,50.00000,20.00000,1.18382,1
105,256,48.81600,2.56000,-0.15684,100.05825,,50.00000,20.00000,1.18384,1
105,257,48.86400,2.57000,-0.15832,100.05670,,50.00000,20.00000,1.18386,1
105,258,48.91100,2.58000,-0.16015,100.05631,,50.00000,20.00000,1.18388,1
105,259,48.96400,2.59000,-0.16041,100.05582,,50.00000,20.00000,1.18390,1
105,260,49.00900,2.60000,-0.16198,100.05395,,50.00000,20.00000,1.18392,1
105,261,49.07500,2.61000,-0.16372,100.05074,,50.00000,20.00000,1.18394,1
105,262,49.12100,2.62000,-0.16555,100.04887,,50.00000,20.00000,1.18396,1
105,263,49.17200,2.63000,-0.16746,100.04692,,50.00000,20.00000,1.18398,1
105,264,49.22000,2.64000,-0.16903,100.04349,,50.00000,20.00000,1.18400,1
105,265,49.27900,2.65000,-0.17007,100.04142,,50.00000,20.00000,1.18402,1
105,266,49.34600,2.66000,-0.17129,100.04496,,50.00000,20.00000,1.18404,1
105,267,49.39100,2.67000,-0.17277,100.04757,,50.00000,20.00000,1.18406,1
105,268,49.45000,2.68000,-0.17416,100.05201,,50.00000,20.00000,1.18408,1
105,269,49.50000,2.69000,-0.17582,100.05004,,50.00000,20.00000,1.18410,1
105,270,49.55000,2.70000,-0.17747,100.04683,,50.00000,20.00000,1.18412,1
105,271,49.59800,2.71000,-0.17887,100.04619,,50.00000,20.00000,1.18414,1
105,272,49.66500,2.72000,-0.18034,100.04656,,50.00000,20.00000,1.18416,1
105,273,49.70400,2.73000,-0.18191,100.04511,,50.00000,20.00000,1.18417,1
105,274,49.77000,2.74000,-0.18348,100.04462,,50.00000,20.00000,1.18420,1
105,275,49.82600,2.75000,-0.18487,100.03989,,50.00000,20.00000,1.18422,1
105,276,49.89500,2.76000,-0.18661,100.03657,,50.00000,20.00000,1.18424,1
105,277,49.95700,2.77000,-0.18835,100.03342,,50.00000,20.00000,1.18427,1
105,278,50.00300,2.78000,-0.18966,100.03858,,50.00000,20.00000,1.18428,1
105,279,50.06600,2.79000,-0.19105,100.03708,,50.00000,20.00000,1.18431,1
105,280,50.12300,2.80000,-0.19253,100.03709,,50.00000,20.00000,1.18433,1
105,281,50.18900,2.81000,-0.19435,100.03463,,50.00000,20.00000,1.18435,1
105,282,50.26100,2.82000,-0.19557,100.03378,,50.00000,20.00000,1.18438,1
105,283,50.30000,2.83000,-0.19705,100.03297,,50.00000,20.00000,1.18439,1
105,284,50.35800,2.84000,-0.19896,100.02788,,50.00000,20.00000,1.18442,1
105,285,50.41600,2.85000,-0.20036,100.02649,,50.00000,20.00000,1.18444,1
105,286,50.48900,2.86000,-0.20175,100.02344,,50.00000,20.00000,1.18446,1
105,287,50.56300,2.87000,-0.20357,100.01894,,50.00000,20.00000,1.18449,1
105,288,50.61000,2.88000,-0.20523,100.01586,,50.00000,20.00000,1.18451,1
105,289,50.68000,2.89000,-0.20574,100.01287,,50.00000,20.00000,1.18453,1
105,290,50.74800,2.90000,-0.20757,100.01806,,50.00000,20.00000,1.18456,1
105,291,50.80100,2.91000,-0.20966,100.02063,,50.00000,20.00000,1.18458,1
105,292,50.87800,2.92000,-0.21131,100.02340,,50.00000,20.00000,1.18460,1
105,293,50.94600,2.93000,-0.21305,100.02241,,50.00000,20.00000,1.18463,1
105,294,51.00500,2.94000,-0.21453,100.01897,,50.00000,20.00000,1.18465,1
105,295,51.06700,2.95000,-0.21609,100.01427,,50.00000,20.00000,1.18467,1
105,296,51.12700,2.96000,-0.21775,100.01079,,50.00000,20.00000,1.18470,1
105,297,51.19200,2.97000,-0.21931,100.00846,,50.00000,20.00000,1.18472,1
105,298,51.26900,2.98000,-0.22087,100.00595,,50.00000,20.00000,1.18475,1
105,299,51.33000,2.99000,-0.22226,100.00335,,50.00000,20.00000,1.18477,1
105,300,51.40700,3.00000,-0.22365,100.00072,,50.00000,20.00000,1.18480,1
105,301,51.45800,3.01000,-0.22557,100.00080,,50.00000,20.00000,1.18482,1
105,302,51.53600,3.02000,-0.22722,99.99821,,50.00000,20.00000,1.18484,1
105,303,51.61800,3.03000,-0.22878,99.99701,,50.00000,20.00000,1.18487,1
105,304,51.67300,3.04000,-0.23052,99.99988,,50.00000,20.00000,1.18489,1
105,305,51.74100,3.05000,-0.23095,99.99863,,50.00000,20.00000,1.18492,1
105,306,51.81400,3.06000,-0.23278,99.99729,,50.00000,20.00000,1.18494,1
105,307,51.89300,3.07000,-0.23460,99.99452,,50.00000,20.00000,1.18497,1
105,308,51.96400,3.08000,-0.23625,99.99312,,50.00000,20.00000,1.18500,1
105,309,52.02100,3.09000,-0.23808,99.99184,,50.00000,20.00000,1.18502,1
105,310,52.11800,3.10000,-0.23938,99.99074,,50.00000,20.00000,1.18505,1
105,311,52.18100,3.11000,-0.24120,99.98976,,50.00000,20.00000,1.18508,1
105,312,52.24700,3.12000,-0.24303,99.99147,,50.00000,20.00000,1.18510,1
105,313,52.31700,3.13000,-0.24468,99.99171,,50.00000,20.00000,1.18512,1
105,314,52.39700,3.14000,-0.24624,99.99728,,50.00000,20.00000,1.18515,1
105,315,52.47700,3.15000,-0.24780,100.00150,,50.00000,20.00000,1.18518,1
105,316,52.55300,3.16000,-0.24858,100.00447,,50.00000,20.00000,1.18521,1
105,317,52.62300,3.17000,-0.25006,100.00079,,50.00000,20.00000,1.18523,1
105,318,52.69600,3.18000,-0.25180,99.99714,,50.00000,20.00000,1.18526,1
105,319,52.76800,3.19000,-0.25310,99.99217,,50.00000,20.00000,1.18528,1
105,320,52.86000,3.20000,-0.25492,99.98863,,50.00000,20.00000,1.18532,1
105,321,52.92600,3.21000,-0.25631,99.98660,,50.00000,20.00000,1.18534,1
105,322,53.00700,3.22000,-0.25822,99.98469,,50.00000,20.00000,1.18537,1
105,323,53.08000,3.23000,-0.25987,99.98280,,50.00000,20.00000,1.18540,1
105,324,53.15000,3.24000,-0.26073,99.98079,,50.00000,20.00000,1.18542,1
105,325,53.23600,3.25000,-0.26273,99.98272,,50.00000,20.00000,1.18545,1
105,326,53.31000,3.26000,-0.26455,99.98193,,50.00000,20.00000,1.18548,1
105,327,53.40100,3.27000,-0.26603,99.98262,,50.00000,20.00000,1.18551,1
105,328,53.47000,3.28000,-0.26768,99.98489,,50.00000,20.00000,1.18553,1
105,329,53.55500,3.29000,-0.26898,99.98464,,50.00000,20.00000,1.18556,1
105,330,53.62800,3.30000,-0.27063,99.98580,,50.00000,20.00000,1.18559,1
105,331,53.69900,3.31000,-0.27236,99.98555,,50.00000,20.00000,1.18561,1
105,332,53.79100,3.32000,-0.27401,99.98522,,50.00000,20.00000,1.18565,1
105,333,53.87000,3.33000,-0.27557,99.98617,,50.00000,20.00000,1.18567,1
105,334,53.94800,3.34000,-0.27661,99.98570,,50.00000,20.00000,1.18570,1
105,335,54.03200,3.35000,-0.27800,99.98508,,50.00000,20.00000,1.18573,1
105,336,54.10500,3.36000,-0.27938,99.98968,,50.00000,20.00000,1.18576,1
105,337,54.19400,3.37000,-0.28121,99.99142,,50.00000,20.00000,1.18579,1
105,338,54.28700,3.38000,-0.28285,99.99448,,50.00000,20.00000,1.18582,1
105,339,54.36700,3.39000,-0.28467,99.99083,,50.00000,20.00000,1.18585,1
105,340,54.45000,3.40000,-0.28641,99.98600,,50.00000,20.00000,1.18588,1
105,341,54.53500,3.41000,-0.28823,99.98138,,50.00000,20.00000,1.18591,1
105,342,54.62700,3.42000,-0.28927,99.97966,,50.00000,20.00000,1.18594,1
105,343,54.70300,3.43000,-0.29083,99.97812,,50.00000,20.00000,1.18596,1
105,344,54.78800,3.44000,-0.29213,99.97677,,50.00000,20.00000,1.18599,1
105,345,54.88000,3.45000,-0.29247,99.97559,,50.00000,20.00000,1.18603,1
105,346,54.95500,3.46000,-0.29481,99.97454,,50.00000,20.00000,1.18605,1
105,347,55.04700,3.47000,-0.29689,99.97351,,50.00000,20.00000,1.18608,1
105,348,55.12600,3.48000,-0.29906,99.97363,,50.00000,20.00000,1.18611,1
105,349,55.21000,3.49000,-0.30010,99.97198,,50.00000,20.00000,1.18614,1
105,350,55.29200,3.50000,-0.30175,99.96992,,50.00000,20.00000,1.18617,1
105,351,55.38700,3.51000,-0.30339,99.97166,,50.00000,20.00000,1.18620,1
105,352,55.48500,3.52000,-0.30460,99.96907,,50.00000,20.00000,1.18623,1
105,353,55.58600,3.53000,-0.30651,99.96783,,50.00000,20.00000,1.18627,1
105,354,55.67100,3.54000,-0.30737,99.96552,,50.00000,20.00000,1.18630,1
105,355,55.75800,3.55000,-0.30919,99.96353,,50.00000,20.00000,1.18633,1
105,356,55.84700,3.56000,-0.31075,99.96315,,50.00000,20.00000,1.18636,1
105,357,55.94900,3.57000,-0.31257,99.96291,,50.00000,20.00000,1.18639,1
105,358,56.02700,3.58000,-0.31387,99.96283,,50.00000,20.00000,1.18642,1
105,359,56.12300,3.59000,-0.31525,99.96152,,50.00000,20.00000,1.18645,1
105,360,56.22000,3.60000,-0.31681,99.96038,,50.00000,20.00000,1.18649,1
105,361,56.30500,3.61000,-0.31820,99.96076,,50.00000,20.00000,1.18651,1
105,362,56.38800,3.62000,-0.31958,99.95984,,50.00000,20.00000,1.18654,1
105,363,56.49000,3.63000,-0.32114,99.96025,,50.00000,20.00000,1.18658,1
105,364,56.57300,3.64000,-0.32252,99.96334,,50.00000,20.00000,1.18661,1
105,365,56.67100,3.65000,-0.32495,99.96504,,50.00000,20.00000,1.18664,1
105,366,56.76800,3.66000,-0.32625,99.96665,,50.00000,20.00000,1.18667,1
105,367,56.84600,3.67000,-0.32711,99.96685,,50.00000,20.00000,1.18670,1
105,368,56.95500,3.68000,-0.32928,99.96434,,50.00000,20.00000,1.18673,1
105,369,57.04100,3.69000,-0.33066,99.96047,,50.00000,20.00000,1.18676,1
105,370,57.13700,3.70000,-0.33161,99.95800,,50.00000,20.00000,1.18680,1
105,371,57.24200,3.71000,-0.33290,99.95562,,50.00000,20.00000,1.18683,1
105,372,57.32600,3.72000,-0.33464,99.95473,,50.00000,20.00000,1.18686,1
105,373,57.42300,3.73000,-0.33619,99.95398,,50.00000,20.00000,1.18689,1
105,374,57.52000,3.74000,-0.33766,99.95316,,50.00000,20.00000,1.18692,1
105,375,57.60700,3.75000,-0.33905,99.95216,,50.00000,20.00000,1.18695,1
105,376,57.69900,3.76000,-0.34078,99.94973,,50.00000,20.00000,1.18698,1
105,377,57.81600,3.77000,-0.34242,99.94862,,50.00000,20.00000,1.18702,1
105,378,57.91200,3.78000,-0.34389,99.94622,,50.00000,20.00000,1.18705,1
105,379,58.00500,3.79000,-0.34553,99.94536,,50.00000,20.00000,1.18709,1
105,380,58.09600,3.80000,-0.34631,99.94467,,50.00000,20.00000,1.18712,1
105,381,58.19700,3.81000,-0.34795,99.94401,,50.00000,20.00000,1.18715,1
105,382,58.29400,3.82000,-0.34951,99.94326,,50.00000,20.00000,1.18718,1
105,383,58.39700,3.83000,-0.35124,99.94230,,50.00000,20.00000,1.18722,1
105,384,58.48900,3.84000,-0.35218,99.94243,,50.00000,20.00000,1.18725,1
105,385,58.58300,3.85000,-0.35418,99.94098,,50.00000,20.00000,1.18728,1
105,386,58.69700,3.86000,-0.35582,99.93948,,50.00000,20.00000,1.18731,1
105,387,58.80900,3.87000,-0.35728,99.94217,,50.00000,20.00000,1.18735,1
105,388,58.90600,3.88000,-0.35849,99.94097,,50.00000,20.00000,1.18738,1
105,389,59.00100,3.89000,-0.35996,99.94131,,50.00000,20.00000,1.18741,1
105,390,59.09800,3.90000,-0.36143,99.94049,,50.00000,20.00000,1.18745,1
105,391,59.20300,3.91000,-0.36299,99.93984,,50.00000,20.00000,1.18748,1
105,392,59.31600,3.92000,-0.36428,99.93796,,50.00000,20.00000,1.18752,1
105,393,59.41900,3.93000,-0.36583,99.93763,,50.00000,20.00000,1.18755,1
105,394,59.50100,3.94000,-0.36635,99.93755,,50.00000,20.00000,1.18758,1
105,395,59.61000,3.95000,-0.36842,99.94017,,50.00000,20.00000,1.18761,1
105,396,59.70500,3.96000,-0.36989,99.94260,,50.00000,20.00000,1.18764,1
105,397,59.81000,3.97000,-0.37127,99.94352,,50.00000,20.00000,1.18768,1
105,398,59.91900,3.98000,-0.37265,99.94561,,50.00000,20.00000,1.18771,1
105,399,60.02400,3.99000,-0.37429,99.94493,,50.00000,20.00000,1.18775,1
105,400,60.13000,4.00000,-0.37498,99.94298,,50.00000,20.00000,1.18778,1
105,401,60.23300,4.01000,-0.37671,99.93983,,50.00000,20.00000,1.18781,1
105,402,60.33900,4.02000,-0.37852,99.93680,,50.00000,20.00000,1.18785,1
105,403,60.43500,4.03000,-0.38025,99.93500,,50.00000,20.00000,1.18788,1
105,404,60.53500,4.04000,-0.38172,99.93293,,50.00000,20.00000,1.18791,1
105,405,60.65000,4.05000,-0.38318,99.93072,,50.00000,20.00000,1.18795,1
105,406,60.76800,4.06000,-0.38465,99.92857,,50.00000,20.00000,1.18799,1
105,407,60.86900,4.07000,-0.38620,99.92670,,50.00000,20.00000,1.18802,1
105,408,60.98400,4.08000,-0.38776,99.92650,,50.00000,20.00000,1.18805,1
105,409,61.07300,4.09000,-0.38870,99.92517,,50.00000,20.00000,1.18808,1
105,410,61.18800,4.10000,-0.39017,99.92523,,50.00000,20.00000,1.18812,1
105,411,61.28200,4.11000,-0.39138,99.92387,,50.00000,20.00000,1.18815,1
105,412,61.40300,4.12000,-0.39336,99.92379,,50.00000,20.00000,1.18819,1
105,413,61.50200,4.13000,-0.39431,99.92234,,50.00000,20.00000,1.18822,1
105,414,61.61700,4.14000,-0.39586,99.92641,,50.00000,20.00000,1.18825,1
105,415,61.72800,4.15000,-0.39698,99.92795,,50.00000,20.00000,1.18829,1
105,416,61.81800,4.16000,-0.39827,99.92950,,50.00000,20.00000,1.18832,1
105,417,61.92900,4.17000,-0.39991,99.92961,,50.00000,20.00000,1.18835,1
105,418,62.05000,4.18000,-0.40129,99.92695,,50.00000,20.00000,1.18839,1
105,419,62.14600,4.19000,-0.40267,99.92557,,50.00000,20.00000,1.18842,1
105,420,62.26100,4.20000,-0.40396,99.92550,,50.00000,20.00000,1.18846,1
105,421,62.37900,4.21000,-0.40490,99.92410,,50.00000,20.00000,1.18849,1
105,422,62.48000,4.22000,-0.40594,99.92280,,50.00000,20.00000,1.18853,1
105,423,62.59100,4.23000,-0.40714,99.92164,,50.00000,20.00000,1.18856,1
105,424,62.69800,4.24000,-0.40852,99.92055,,50.00000,20.00000,1.18859,1
105,425,62.81000,4.25000,-0.40981,99.91946,,50.00000,20.00000,1.18863,1
105,426,62.92400,4.26000,-0.41171,99.91849,,50.00000,20.00000,1.18866,1
105,427,63.03200,4.27000,-0.41352,99.92041,,50.00000,20.00000,1.18870,1
105,428,63.14300,4.28000,-0.41499,99.91963,,50.00000,20.00000,1.18873,1
105,429,63.24300,4.29000,-0.41550,99.92000,,50.00000,20.00000,1.18876,1
105,430,63.35100,4.30000,-0.41662,99.92012,,50.00000,20.00000,1.18880,1
105,431,63.47000,4.31000,-0.41799,99.92007,,50.00000,20.00000,1.18883,1
105,432,63.59300,4.32000,-0.41963,99.92004,,50.00000,20.00000,1.18887,1
105,433,63.70600,4.33000,-0.42118,99.92019,,50.00000,20.00000,1.18890,1
105,434,63.81500,4.34000,-0.42273,99.92333,,50.00000,20.00000,1.18894,1
105,435,63.91700,4.35000,-0.42402,99.92536,,50.00000,20.00000,1.18897,1
105,436,64.03900,4.36000,-0.42557,99.92891,,50.00000,20.00000,1.18901,1
105,437,64.15200,4.37000,-0.42678,99.93253,,50.00000,20.00000,1.18904,1
105,438,64.25200,4.38000,-0.42737,99.93477,,50.00000,20.00000,1.18907,1
105,439,64.36500,4.39000,-0.42867,99.93560,,50.00000,20.00000,1.18911,1
105,440,64.47700,4.40000,-0.43039,99.93360,,50.00000,20.00000,1.18914,1
105,441,64.60600,4.41000,-0.43185,99.93275,,50.00000,20.00000,1.18918,1
105,442,64.69200,4.42000,-0.43315,99.92904,,50.00000,20.00000,1.18920,1
105,443,64.83000,4.43000,-0.43469,99.92807,,50.00000,20.00000,1.18925,1
105,444,64.94000,4.44000,-0.43598,99.92724,,50.00000,20.00000,1.18928,1
105,445,65.05700,4.45000,-0.43736,99.92652,,50.00000,20.00000,1.18931,1
105,446,65.16600,4.46000,-0.43848,99.92586,,50.00000,20.00000,1.18935,1
105,447,65.28000,4.47000,-0.43925,99.92529,,50.00000,20.00000,1.18938,1
105,448,65.39300,4.48000,-0.44054,99.92483,,50.00000,20.00000,1.18941,1
105,449,65.51400,4.49000,-0.44200,99.92574,,50.00000,20.00000,1.18945,1
105,450,65.62700,4.50000,-0.44372,99.92522,,50.00000,20.00000,1.18948,1
105,451,65.73100,4.51000,-0.44510,99.92462,,50.00000,20.00000,1.18952,1
105,452,65.85100,4.52000,-0.44656,99.92254,,50.00000,20.00000,1.18955,1
105,453,65.97600,4.53000,-0.44794,99.92031,,50.00000,20.00000,1.18959,1
105,454,66.08500,4.54000,-0.44931,99.91940,,50.00000,20.00000,1.18962,1
105,455,66.22100,4.55000,-0.45043,99.91853,,50.00000,20.00000,1.18966,1
105,456,66.31200,4.56000,-0.45146,99.91775,,50.00000,20.00000,1.18969,1
105,457,66.44300,4.57000,-0.45205,99.91575,,50.00000,20.00000,1.18973,1
105,458,66.56400,4.58000,-0.45317,99.91530,,50.00000,20.00000,1.18976,1
105,459,66.68500,4.59000,-0.45428,99.91504,,50.00000,20.00000,1.18980,1
105,460,66.78500,4.60000,-0.45479,99.91496,,50.00000,20.00000,1.18983,1
105,461,66.90700,4.61000,-0.45721,99.91503,,50.00000,20.00000,1.18986,1
105,462,67.02400,4.62000,-0.45876,99.91522,,50.00000,20.00000,1.18990,1
105,463,67.13800,4.63000,-0.45970,99.91684,,50.00000,20.00000,1.18993,1
105,464,67.25700,4.64000,-0.46047,99.91714,,50.00000,20.00000,1.18996,1
105,465,67.36500,4.65000,-0.46210,99.91733,,50.00000,20.00000,1.18999,1
105,466,67.47300,4.66000,-0.46409,99.92003,,50.00000,20.00000,1.19003,1
105,467,67.59900,4.67000,-0.46546,99.92250,,50.00000,20.00000,1.19006,1
105,468,67.71700,4.68000,-0.46536,99.92347,,50.00000,20.00000,1.19010,1
105,469,67.83900,4.69000,-0.46726,99.92438,,50.00000,20.00000,1.19013,1
105,470,67.96400,4.70000,-0.46828,99.92391,,50.00000,20.00000,1.19017,1
105,471,68.07100,4.71000,-0.46896,99.92338,,50.00000,20.00000,1.19020,1
105,472,68.18400,4.72000,-0.46999,99.92142,,50.00000,20.00000,1.19023,1
105,473,68.32300,4.73000,-0.47171,99.92079,,50.00000,20.00000,1.19027,1
105,474,68.44200,4.74000,-0.47326,99.92022,,50.00000,20.00000,1.19030,1
105,475,68.55800,4.75000,-0.47455,99.91849,,50.00000,20.00000,1.19034,1
105,476,68.68200,4.76000,-0.47540,99.91838,,50.00000,20.00000,1.19037,1
105,477,68.79900,4.77000,-0.47660,99.91715,,50.00000,20.00000,1.19040,1
105,478,68.91800,4.78000,-0.47815,99.91744,,50.00000,20.00000,1.19044,1
105,479,69.03400,4.79000,-0.47883,99.91647,,50.00000,20.00000,1.19047,1
105,480,69.14700,4.80000,-0.47951,99.91550,,50.00000,20.00000,1.19050,1
105,481,69.27000,4.81000,-0.48071,99.91446,,50.00000,20.00000,1.19054,1
105,482,69.39200,4.82000,-0.48217,99.91331,,50.00000,20.00000,1.19057,1
105,483,69.49900,4.83000,-0.48303,99.91206,,50.00000,20.00000,1.19060,1
105,484,69.62600,4.84000,-0.48423,99.91078,,50.00000,20.00000,1.19064,1
105,485,69.75700,4.85000,-0.48526,99.91090,,50.00000,20.00000,1.19067,1
105,486,69.86900,4.86000,-0.48646,99.90975,,50.00000,20.00000,1.19070,1
105,487,69.98500,4.87000,-0.48792,99.90869,,50.00000,20.00000,1.19074,1
105,488,70.10800,4.88000,-0.48938,99.90770,,50.00000,20.00000,1.19077,1
105,489,70.22800,4.89000,-0.48989,99.90673,,50.00000,20.00000,1.19080,1
105,490,70.35000,4.90000,-0.49057,99.90437,,50.00000,20.00000,1.19084,1
105,491,70.46100,4.91000,-0.49211,99.90194,,50.00000,20.00000,1.19087,1
105,492,70.58800,4.92000,-0.49366,99.90074,,50.00000,20.00000,1.19090,1
105,493,70.70900,4.93000,-0.49417,99.89806,,50.00000,20.00000,1.19094,1
105,494,70.82600,4.94000,-0.49545,99.89530,,50.00000,20.00000,1.19097,1
105,495,70.96000,4.95000,-0.49700,99.89391,,50.00000,20.00000,1.19101,1
105,496,71.07500,4.96000,-0.49846,99.89261,,50.00000,20.00000,1.19104,1
105,497,71.20400,4.97000,-0.49931,99.89011,,50.00000,20.00000,1.19107,1
105,498,71.32400,4.98000,-0.50043,99.88908,,50.00000,20.00000,1.19110,1
105,499,71.44300,4.99000,-0.50128,99.88812,,50.00000,20.00000,1.19114,1
105,500,71.55200,5.00000,-0.50248,99.88587,,50.00000,20.00000,1.19117,1
105,501,71.69400,5.01000,-0.50342,99.88504,,50.00000,20.00000,1.19120,1
105,502,71.81300,5.02000,-0.50444,99.88429,,50.00000,20.00000,1.19124,1
105,503,71.92600,5.03000,-0.50565,99.88356,,50.00000,20.00000,1.19127,1
105,504,72.03900,5.04000,-0.50607,99.88279,,50.00000,20.00000,1.19130,1
105,505,72.17200,5.05000,-0.50709,99.88056,,50.00000,20.00000,1.19133,1
105,506,72.29400,5.06000,-0.50803,99.87954,,50.00000,20.00000,1.19137,1
105,507,72.40900,5.07000,-0.50906,99.87708,,50.00000,20.00000,1.19140,1
105,508,72.54300,5.08000,-0.51008,99.87593,,50.00000,20.00000,1.19143,1
105,509,72.66200,5.09000,-0.51120,99.87343,,50.00000,20.00000,1.19146,1
105,510,72.78800,5.10000,-0.51265,99.87235,,50.00000,20.00000,1.19150,1
105,511,72.90900,5.11000,-0.51385,99.87003,,50.00000,20.00000,1.19153,1
105,512,73.03900,5.12000,-0.51505,99.86920,,50.00000,20.00000,1.19156,1
105,513,73.16100,5.13000,-0.51625,99.86709,,50.00000,20.00000,1.19160,1
105,514,73.27300,5.14000,-0.51737,99.86636,,50.00000,20.00000,1.19162,1
105,515,73.40100,5.15000,-0.51839,99.86561,,50.00000,20.00000,1.19166,1
105,516,73.52400,5.16000,-0.51976,99.86348,,50.00000,20.00000,1.19169,1
105,517,73.65300,5.17000,-0.52070,99.86271,,50.00000,20.00000,1.19172,1
105,518,73.77100,5.18000,-0.52112,99.86197,,50.00000,20.00000,1.19176,1
105,519,73.89900,5.19000,-0.52258,99.85993,,50.00000,20.00000,1.19179,1
105,520,74.01400,5.20000,-0.52447,99.85930,,50.00000,20.00000,1.19182,1
105,521,74.14100,5.21000,-0.52481,99.85875,,50.00000,20.00000,1.19185,1
105,522,74.27400,5.22000,-0.52548,99.85829,,50.00000,20.00000,1.19189,1
105,523,74.38800,5.23000,-0.52720,99.85923,,50.00000,20.00000,1.19191,1
105,524,74.50600,5.24000,-0.52814,99.86014,,50.00000,20.00000,1.19195,1
105,525,74.62500,5.25000,-0.52874,99.85965,,50.00000,20.00000,1.19198,1
105,526,74.75900,5.26000,-0.52950,99.86049,,50.00000,20.00000,1.19201,1
105,527,74.88600,5.27000,-0.53079,99.86136,,50.00000,20.00000,1.19204,1
105,528,75.00000,5.28000,-0.53173,99.86097,,50.00000,20.00000,1.19207,1
105,529,75.13000,5.29000,-0.53284,99.86200,,50.00000,20.00000,1.19210,1
105,530,75.24700,5.30000,-0.53360,99.86167,,50.00000,20.00000,1.19213,1
105,531,75.36400,5.31000,-0.53472,99.86260,,50.00000,20.00000,1.19216,1
105,532,75.50000,5.32000,-0.53600,99.86201,,50.00000,20.00000,1.19220,1
105,533,75.61500,5.33000,-0.53685,99.86123,,50.00000,20.00000,1.19223,1
105,534,75.73800,5.34000,-0.53788,99.86167,,50.00000,20.00000,1.19226,1
105,535,75.87600,5.35000,-0.53873,99.86078,,50.00000,20.00000,1.19229,1
105,536,76.00300,5.36000,-0.53975,99.86003,,50.00000,20.00000,1.19232,1
105,537,76.13000,5.37000,-0.54078,99.86086,,50.00000,20.00000,1.19236,1
105,538,76.25200,5.38000,-0.54189,99.86054,,50.00000,20.00000,1.19239,1
105,539,76.36400,5.39000,-0.54292,99.85894,,50.00000,20.00000,1.19241,1
105,540,76.49800,5.40000,-0.54394,99.85865,,50.00000,20.00000,1.19245,1
105,541,76.61400,5.41000,-0.54479,99.85685,,50.00000,20.00000,1.19248,1
105,542,76.74400,5.42000,-0.54573,99.85621,,50.00000,20.00000,1.19251,1
105,543,76.86300,5.43000,-0.54693,99.85411,,50.00000,20.00000,1.19254,1
105,544,77.00200,5.44000,-0.54778,99.85203,,50.00000,20.00000,1.19257,1
105,545,77.12700,5.45000,-0.54863,99.85013,,50.00000,20.00000,1.19260,1
105,546,77.25400,5.46000,-0.54975,99.84851,,50.00000,20.00000,1.19263,1
105,547,77.37900,5.47000,-0.55008,99.84713,,50.00000,20.00000,1.19266,1
105,548,77.50000,5.48000,-0.55102,99.84585,,50.00000,20.00000,1.19269,1
105,549,77.60600,5.49000,-0.55213,99.84448,,50.00000,20.00000,1.19272,1
105,550,77.73700,5.50000,-0.55324,99.84292,,50.00000,20.00000,1.19275,1
105,551,77.87100,5.51000,-0.55435,99.84118,,50.00000,20.00000,1.19278,1
105,552,77.99000,5.52000,-0.55538,99.83936,,50.00000,20.00000,1.19281,1
105,553,78.12500,5.53000,-0.55631,99.83760,,50.00000,20.00000,1.19285,1
105,554,78.24600,5.54000,-0.55751,99.83731,,50.00000,20.00000,1.19287,1
105,555,78.37300,5.55000,-0.55854,99.83578,,50.00000,20.00000,1.19290,1
105,556,78.49400,5.56000,-0.55965,99.83566,,50.00000,20.00000,1.19293,1
105,557,78.61600,5.57000,-0.56076,99.83421,,50.00000,20.00000,1.19296,1
105,558,78.74500,5.58000,-0.56101,99.83410,,50.00000,20.00000,1.19299,1
105,559,78.86900,5.59000,-0.56160,99.83261,,50.00000,20.00000,1.19302,1
105,560,78.99200,5.60000,-0.56219,99.83246,,50.00000,20.00000,1.19305,1
105,561,79.12200,5.61000,-0.56373,99.83227,,50.00000,20.00000,1.19308,1
105,562,79.24000,5.62000,-0.56467,99.83068,,50.00000,20.00000,1.19311,1
105,563,79.36700,5.63000,-0.56604,99.83041,,50.00000,20.00000,1.19314,1
105,564,79.50000,5.64000,-0.56724,99.83014,,50.00000,20.00000,1.19317,1
105,565,79.62000,5.65000,-0.56801,99.82989,,50.00000,20.00000,1.19320,1
105,566,79.75100,5.66000,-0.56886,99.82836,,50.00000,20.00000,1.19323,1
105,567,79.87800,5.67000,-0.56979,99.82822,,50.00000,20.00000,1.19326,1
105,568,79.99000,5.68000,-0.57065,99.82809,,50.00000,20.00000,1.19329,1
105,569,80.12800,5.69000,-0.57106,99.82660,,50.00000,20.00000,1.19332,1
105,570,80.25000,5.70000,-0.57261,99.82643,,50.00000,20.00000,1.19335,1
105,571,80.37700,5.71000,-0.57320,99.82621,,50.00000,20.00000,1.19337,1
105,572,80.50200,5.72000,-0.57353,99.82460,,50.00000,20.00000,1.19340,1
105,573,80.62500,5.73000,-0.57490,99.82432,,50.00000,20.00000,1.19343,1
105,574,80.76100,5.74000,-0.57653,99.82405,,50.00000,20.00000,1.19346,1
105,575,80.88100,5.75000,-0.57704,99.82247,,50.00000,20.00000,1.19349,1
105,576,81.01300,5.76000,-0.57806,99.82235,,50.00000,20.00000,1.19352,1
105,577,81.13800,5.77000,-0.57952,99.82233,,50.00000,20.00000,1.19355,1
105,578,81.26200,5.78000,-0.57959,99.82103,,50.00000,20.00000,1.19358,1
105,579,81.38800,5.79000,-0.58036,99.82106,,50.00000,20.00000,1.19360,1
105,580,81.50800,5.80000,-0.58121,99.82100,,50.00000,20.00000,1.19363,1
105,581,81.62800,5.81000,-0.58180,99.81951,,50.00000,20.00000,1.19366,1
105,582,81.77400,5.82000,-0.58300,99.81938,,50.00000,20.00000,1.19369,1
105,583,81.89500,5.83000,-0.58437,99.81795,,50.00000,20.00000,1.19372,1
105,584,82.02500,5.84000,-0.58453,99.81795,,50.00000,20.00000,1.19375,1
105,585,82.13900,5.85000,-0.58547,99.81661,,50.00000,20.00000,1.19377,1
105,586,82.25900,5.86000,-0.58606,99.81525,,50.00000,20.00000,1.19380,1
105,587,82.40500,5.87000,-0.58708,99.81386,,50.00000,20.00000,1.19383,1
105,588,82.52800,5.88000,-0.58828,99.81245,,50.00000,20.00000,1.19386,1
105,589,82.64400,5.89000,-0.58904,99.81102,,50.00000,20.00000,1.19388,1
105,590,82.77700,5.90000,-0.58998,99.80959,,50.00000,20.00000,1.19391,1
105,591,82.90300,5.91000,-0.59083,99.80815,,50.00000,20.00000,1.19394,1
105,592,83.03000,5.92000,-0.59186,99.80670,,50.00000,20.00000,1.19397,1
105,593,83.16100,5.93000,-0.59219,99.80525,,50.00000,20.00000,1.19400,1
105,594,83.28800,5.94000,-0.59339,99.80380,,50.00000,20.00000,1.19402,1
105,595,83.40300,5.95000,-0.59502,99.80235,,50.00000,20.00000,1.19405,1
105,596,83.54300,5.96000,-0.59535,99.80093,,50.00000,20.00000,1.19408,1
105,597,83.66900,5.97000,-0.59611,99.79960,,50.00000,20.00000,1.19411,1
105,598,83.79700,5.98000,-0.59670,99.79835,,50.00000,20.00000,1.19413,1
105,599,83.92600,5.99000,-0.59781,99.79713,,50.00000,20.00000,1.19416,1
105,600,84.03900,6.00000,-0.59936,99.79586,,50.00000,20.00000,1.19419,1
105,601,84.15800,6.01000,-0.59961,99.79455,,50.00000,20.00000,1.19421,1
105,602,84.30800,6.02000,-0.60028,99.79331,,50.00000,20.00000,1.19424,1
105,603,84.44000,6.03000,-0.60113,99.79222,,50.00000,20.00000,1.19427,1
105,604,84.55100,6.04000,-0.60216,99.79132,,50.00000,20.00000,1.19429,1
105,605,84.67800,6.05000,-0.60336,99.79053,,50.00000,20.00000,1.19432,1
105,606,84.79000,6.06000,-0.60429,99.78966,,50.00000,20.00000,1.19435,1
105,607,84.92600,6.07000,-0.60549,99.78860,,50.00000,20.00000,1.19437,1
105,608,85.04200,6.08000,-0.60643,99.78730,,50.00000,20.00000,1.19440,1
105,609,85.17200,6.09000,-0.60642,99.78587,,50.00000,20.00000,1.19442,1
105,610,85.31900,6.10000,-0.60726,99.78444,,50.00000,20.00000,1.19446,1
105,611,85.43900,6.11000,-0.60812,99.78305,,50.00000,20.00000,1.19448,1
105,612,85.55500,6.12000,-0.60940,99.78171,,50.00000,20.00000,1.19450,1
105,613,85.68800,6.13000,-0.61008,99.78041,,50.00000,20.00000,1.19453,1
105,614,85.81800,6.14000,-0.61084,99.77909,,50.00000,20.00000,1.19456,1
105,615,85.94600,6.15000,-0.61161,99.77778,,50.00000,20.00000,1.19458,1
105,616,86.07100,6.16000,-0.61255,99.77647,,50.00000,20.00000,1.19461,1
105,617,86.19800,6.17000,-0.61348,99.77521,,50.00000,20.00000,1.19464,1
105,618,86.32800,6.18000,-0.61442,99.77398,,50.00000,20.00000,1.19466,1
105,619,86.45700,6.19000,-0.61518,99.77277,,50.00000,20.00000,1.19469,1
105,620,86.57900,6.20000,-0.61604,99.77158,,50.00000,20.00000,1.19471,1
105,621,86.70200,6.21000,-0.61689,99.77039,,50.00000,20.00000,1.19474,1
105,622,86.84200,6.22000,-0.61748,99.76920,,50.00000,20.00000,1.19477,1
105,623,86.95800,6.23000,-0.61790,99.76802,,50.00000,20.00000,1.19479,1
105,624,87.09400,6.24000,-0.61884,99.76682,,50.00000,20.00000,1.19482,1
105,625,87.21200,6.25000,-0.62003,99.76560,,50.00000,20.00000,1.19484,1
105,626,87.34000,6.26000,-0.62054,99.76437,,50.00000,20.00000,1.19486,1
105,627,87.47600,6.27000,-0.62104,99.76316,,50.00000,20.00000,1.19489,1
105,628,87.60000,6.28000,-0.62172,99.76201,,50.00000,20.00000,1.19492,1
105,629,87.73000,6.29000,-0.62335,99.76096,,50.00000,20.00000,1.19494,1
105,630,87.85100,6.30000,-0.62368,99.75996,,50.00000,20.00000,1.19497,1
105,631,87.98200,6.31000,-0.62479,99.75894,,50.00000,20.00000,1.19499,1
105,632,88.09400,6.32000,-0.62582,99.75784,,50.00000,20.00000,1.19501,1
105,633,88.23300,6.33000,-0.62650,99.75665,,50.00000,20.00000,1.19504,1
105,634,88.36600,6.34000,-0.62761,99.75538,,50.00000,20.00000,1.19507,1
105,635,88.48300,6.35000,-0.62785,99.75405,,50.00000,20.00000,1.19509,1
105,636,88.61900,6.36000,-0.62853,99.75270,,50.00000,20.00000,1.19511,1
105,637,88.74300,6.37000,-0.62964,99.75135,,50.00000,20.00000,1.19514,1
105,638,88.87700,6.38000,-0.63023,99.75003,,50.00000,20.00000,1.19516,1
105,639,89.00500,6.39000,-0.63108,99.74876,,50.00000,20.00000,1.19519,1
105,640,89.13300,6.40000,-0.63263,99.74752,,50.00000,20.00000,1.19521,1
105,641,89.25700,6.41000,-0.63313,99.74628,,50.00000,20.00000,1.19524,1
105,642,89.38600,6.42000,-0.63355,99.74503,,50.00000,20.00000,1.19526,1
105,643,89.51600,6.43000,-0.63440,99.74377,,50.00000,20.00000,1.19528,1
105,644,89.64400,6.44000,-0.63560,99.74254,,50.00000,20.00000,1.19531,1
105,645,89.77500,6.45000,-0.63662,99.74138,,50.00000,20.00000,1.19533,1
105,646,89.90900,6.46000,-0.63756,99.74030,,50.00000,20.00000,1.19536,1
105,647,90.02300,6.47000,-0.63850,99.73923,,50.00000,20.00000,1.19538,1
105,648,90.15200,6.48000,-0.63918,99.73815,,50.00000,20.00000,1.19540,1
105,649,90.27900,6.49000,-0.63908,99.73569,,50.00000,20.00000,1.19543,1
105,650,90.41600,6.50000,-0.63984,99.73055,,50.00000,20.00000,1.19545,1
105,651,90.54100,6.51000,-0.64087,99.72551,,50.00000,20.00000,1.19548,1
105,652,90.66900,6.52000,-0.64163,99.72193,,50.00000,20.00000,1.19550,1
105,653,90.79500,6.53000,-0.64283,99.71840,,50.00000,20.00000,1.19552,1
105,654,90.90700,6.54000,-0.64368,99.71482,,50.00000,20.00000,1.19554,1
105,655,91.04400,6.55000,-0.64401,99.71251,,50.00000,20.00000,1.19557,1
105,656,91.16700,6.56000,-0.64443,99.70874,,50.00000,20.00000,1.19559,1
105,657,91.30400,6.57000,-0.64563,99.70356,,50.00000,20.00000,1.19561,1
105,658,91.43100,6.58000,-0.64631,99.69970,,50.00000,20.00000,1.19564,1
105,659,91.54500,6.59000,-0.64707,99.69447,,50.00000,20.00000,1.19566,1
105,660,91.68900,6.60000,-0.64801,99.69060,,50.00000,20.00000,1.19568,1
105,661,91.81200,6.61000,-0.64886,99.68674,,50.00000,20.00000,1.19570,1
105,662,91.94500,6.62000,-0.64989,99.68292,,50.00000,20.00000,1.19573,1
105,663,92.06800,6.63000,-0.65048,99.67912,,50.00000,20.00000,1.19575,1
105,664,92.19200,6.64000,-0.65073,99.67534,,50.00000,20.00000,1.19577,1
105,665,92.32400,6.65000,-0.65218,99.67159,,50.00000,20.00000,1.19579,1
105,666,92.46200,6.66000,-0.65277,99.66650,,50.00000,20.00000,1.19582,1
105,667,92.57800,6.67000,-0.65388,99.66140,,50.00000,20.00000,1.19584,1
105,668,92.70200,6.68000,-0.65413,99.65628,,50.00000,20.00000,1.19586,1
105,669,92.82900,6.69000,-0.65447,99.65252,,50.00000,20.00000,1.19588,1
105,670,92.97900,6.70000,-0.65523,99.64744,,50.00000,20.00000,1.19591,1
105,671,93.09000,6.71000,-0.65660,99.64239,,50.00000,20.00000,1.19593,1
105,672,93.21800,6.72000,-0.65702,99.63872,,50.00000,20.00000,1.19595,1
105,673,93.34500,6.73000,-0.65796,99.63503,,50.00000,20.00000,1.19597,1
105,674,93.46600,6.74000,-0.65967,99.63267,,50.00000,20.00000,1.19599,1
105,675,93.61000,6.75000,-0.65940,99.63035,,50.00000,20.00000,1.19602,1
105,676,93.73400,6.76000,-0.65991,99.62946,,50.00000,20.00000,1.19604,1
105,677,93.86000,6.77000,-0.66050,99.62864,,50.00000,20.00000,1.19606,1
105,678,93.97700,6.78000,-0.66127,99.62649,,50.00000,20.00000,1.19608,1
105,679,94.10600,6.79000,-0.66203,99.62568,,50.00000,20.00000,1.19610,1
105,680,94.23900,6.80000,-0.66305,99.62485,,50.00000,20.00000,1.19612,1
105,681,94.36400,6.81000,-0.66417,99.62400,,50.00000,20.00000,1.19614,1
105,682,94.48800,6.82000,-0.66493,99.62317,,50.00000,20.00000,1.19616,1
105,683,94.62100,6.83000,-0.66595,99.62234,,50.00000,20.00000,1.19618,1
105,684,94.73800,6.84000,-0.66663,99.62151,,50.00000,20.00000,1.19620,1
105,685,94.86800,6.85000,-0.66757,99.62067,,50.00000,20.00000,1.19622,1
105,686,95.00100,6.86000,-0.66816,99.61847,,50.00000,20.00000,1.19625,1
105,687,95.12400,6.87000,-0.66876,99.61761,,50.00000,20.00000,1.19627,1
105,688,95.25000,6.88000,-0.66961,99.61536,,50.00000,20.00000,1.19629,1
105,689,95.36900,6.89000,-0.67020,99.61309,,50.00000,20.00000,1.19631,1
105,690,95.51400,6.90000,-0.67105,99.61080,,50.00000,20.00000,1.19633,1
105,691,95.63100,6.91000,-0.67199,99.60849,,50.00000,20.00000,1.19635,1
105,692,95.75900,6.92000,-0.67241,99.60617,,50.00000,20.00000,1.19637,1
105,693,95.88800,6.93000,-0.67257,99.60385,,50.00000,20.00000,1.19639,1
105,694,96.01400,6.94000,-0.67360,99.60154,,50.00000,20.00000,1.19641,1
105,695,96.15100,6.95000,-0.67574,99.59924,,50.00000,20.00000,1.19643,1
105,696,96.26200,6.96000,-0.67582,99.59699,,50.00000,20.00000,1.19645,1
105,697,96.40500,6.97000,-0.67624,99.59481,,50.00000,20.00000,1.19647,1
105,698,96.52900,6.98000,-0.67701,99.59271,,50.00000,20.00000,1.19649,1
105,699,96.64800,6.99000,-0.67838,99.59067,,50.00000,20.00000,1.19651,1
105,700,96.77800,7.00000,-0.67854,99.58864,,50.00000,20.00000,1.19653,1
105,701,96.90200,7.01000,-0.67939,99.58523,,50.00000,20.00000,1.19655,1
105,702,97.03000,7.02000,-0.68007,99.58173,,50.00000,20.00000,1.19657,1
105,703,97.14300,7.03000,-0.68066,99.57953,,50.00000,20.00000,1.19658,1
105,704,97.29100,7.04000,-0.68169,99.57596,,50.00000,20.00000,1.19661,1
105,705,97.41100,7.05000,-0.68245,99.57376,,50.00000,20.00000,1.19662,1
105,706,97.54100,7.06000,-0.68348,99.57024,,50.00000,20.00000,1.19664,1
105,707,97.66400,7.07000,-0.68398,99.56804,,50.00000,20.00000,1.19666,1
105,708,97.78000,7.08000,-0.68449,99.56440,,50.00000,20.00000,1.19668,1
105,709,97.91400,7.09000,-0.68526,99.55932,,50.00000,20.00000,1.19670,1
105,710,98.05500,7.10000,-0.68611,99.55556,,50.00000,20.00000,1.19672,1
105,711,98.17500,7.11000,-0.68661,99.55182,,50.00000,20.00000,1.19674,1
105,712,98.30700,7.12000,-0.68712,99.54815,,50.00000,20.00000,1.19676,1
105,713,98.42900,7.13000,-0.68789,99.54457,,50.00000,20.00000,1.19678,1
105,714,98.56100,7.14000,-0.68857,99.54106,,50.00000,20.00000,1.19680,1
105,715,98.69000,7.15000,-0.68968,99.53891,,50.00000,20.00000,1.19682,1
105,716,98.80200,7.16000,-0.69053,99.53539,,50.00000,20.00000,1.19683,1
105,717,98.93900,7.17000,-0.69095,99.53188,,50.00000,20.00000,1.19685,1
105,718,99.07400,7.18000,-0.69094,99.52973,,50.00000,20.00000,1.19687,1
105,719,99.18500,7.19000,-0.69153,99.52623,,50.00000,20.00000,1.19689,1
105,720,99.32500,7.20000,-0.69299,99.52411,,50.00000,20.00000,1.19691,1
105,721,99.44400,7.21000,-0.69376,99.52062,,50.00000,20.00000,1.19692,1
105,722,99.56800,7.22000,-0.69435,99.51709,,50.00000,20.00000,1.19694,1
105,723,99.69900,7.23000,-0.69443,99.51489,,50.00000,20.00000,1.19696,1
105,724,99.82700,7.24000,-0.69511,99.51133,,50.00000,20.00000,1.19698,1
105,725,99.95900,7.25000,-0.69578,99.50915,,50.00000,20.00000,1.19700,1
105,726,100.07500,7.26000,-0.69672,99.50568,,50.00000,20.00000,1.19701,1
105,727,100.21800,7.27000,-0.69749,99.50360,,50.00000,20.00000,1.19703,1
105,728,100.32400,7.28000,-0.69843,99.50017,,50.00000,20.00000,1.19705,1
105,729,100.46000,7.29000,-0.69954,99.49807,,50.00000,20.00000,1.19707,1
105,730,100.59100,7.30000,-0.70048,99.49593,,50.00000,20.00000,1.19708,1
105,731,100.70500,7.31000,-0.70038,99.49373,,50.00000,20.00000,1.19710,1
105,732,100.84000,7.32000,-0.70098,99.49152,,50.00000,20.00000,1.19712,1
105,733,100.97400,7.33000,-0.70191,99.48931,,50.00000,20.00000,1.19714,1
105,734,101.09300,7.34000,-0.70225,99.48714,,50.00000,20.00000,1.19715,1
105,735,101.22100,7.35000,-0.70310,99.48362,,50.00000,20.00000,1.19717,1
105,736,101.35200,7.36000,-0.70439,99.48008,,50.00000,20.00000,1.19719,1
105,737,101.47400,7.37000,-0.70498,99.47644,,50.00000,20.00000,1.19720,1
105,738,101.59000,7.38000,-0.70575,99.47271,,50.00000,20.00000,1.19722,1
105,739,101.74200,7.39000,-0.70634,99.47028,,50.00000,20.00000,1.19724,1
105,740,101.85700,7.40000,-0.70693,99.46517,,50.00000,20.00000,1.19725,1
105,741,102.00200,7.41000,-0.70718,99.46014,,50.00000,20.00000,1.19727,1
105,742,102.11300,7.42000,-0.70769,99.45661,,50.00000,20.00000,1.19729,1
105,743,102.25200,7.43000,-0.70863,99.45185,,50.00000,20.00000,1.19730,1
105,744,102.36900,7.44000,-0.70948,99.44852,,50.00000,20.00000,1.19732,1
105,745,102.49700,7.45000,-0.71008,99.44389,,50.00000,20.00000,1.19734,1
105,746,102.61900,7.46000,-0.71093,99.43928,,50.00000,20.00000,1.19735,1
105,747,102.74700,7.47000,-0.71256,99.43467,,50.00000,20.00000,1.19737,1
105,748,102.87500,7.48000,-0.71272,99.43006,,50.00000,20.00000,1.19738,1
105,749,102.99700,7.49000,-0.71306,99.42403,,50.00000,20.00000,1.19740,1
105,750,103.11600,7.50000,-0.71374,99.41791,,50.00000,20.00000,1.19741,1
105,751,103.24300,7.51000,-0.71442,99.41168,,50.00000,20.00000,1.19743,1
105,752,103.37900,7.52000,-0.71510,99.40538,,50.00000,20.00000,1.19745,1
105,753,103.50600,7.53000,-0.71544,99.39914,,50.00000,20.00000,1.19746,1
105,754,103.63500,7.54000,-0.71612,99.39570,,50.00000,20.00000,1.19748,1
105,755,103.75400,7.55000,-0.71731,99.39224,,50.00000,20.00000,1.19749,1
105,756,103.88600,7.56000,-0.71782,99.38872,,50.00000,20.00000,1.19751,1
105,757,104.00800,7.57000,-0.71807,99.38650,,50.00000,20.00000,1.19752,1
105,758,104.13100,7.58000,-0.71884,99.38289,,50.00000,20.00000,1.19754,1
105,759,104.27500,7.59000,-0.71917,99.37933,,50.00000,20.00000,1.19756,1
105,760,104.39800,7.60000,-0.71985,99.37580,,50.00000,20.00000,1.19757,1
105,761,104.52000,7.61000,-0.72062,99.37236,,50.00000,20.00000,1.19758,1
105,762,104.65300,7.62000,-0.72147,99.36912,,50.00000,20.00000,1.19760,1
105,763,104.76400,7.63000,-0.72216,99.36455,,50.00000,20.00000,1.19761,1
105,764,104.88600,7.64000,-0.72292,99.36121,,50.00000,20.00000,1.19763,1
105,765,105.02600,7.65000,-0.72300,99.35777,,50.00000,20.00000,1.19764,1
105,766,105.14400,7.66000,-0.72368,99.35558,,50.00000,20.00000,1.19766,1
105,767,105.27100,7.67000,-0.72436,99.35335,,50.00000,20.00000,1.19767,1
105,768,105.41200,7.68000,-0.72496,99.35110,,50.00000,20.00000,1.19769,1
105,769,105.52400,7.69000,-0.72572,99.35019,,50.00000,20.00000,1.19770,1
105,770,105.66500,7.70000,-0.72632,99.34806,,50.00000,20.00000,1.19772,1
105,771,105.78000,7.71000,-0.72631,99.34746,,50.00000,20.00000,1.19773,1
105,772,105.90700,7.72000,-0.72691,99.34687,,50.00000,20.00000,1.19774,1
105,773,106.03300,7.73000,-0.72802,99.34489,,50.00000,20.00000,1.19776,1
105,774,106.16000,7.74000,-0.72879,99.34291,,50.00000,20.00000,1.19777,1
105,775,106.28600,7.75000,-0.72921,99.34093,,50.00000,20.00000,1.19779,1
105,776,106.41100,7.76000,-0.72937,99.33893,,50.00000,20.00000,1.19780,1
105,777,106.53200,7.77000,-0.73023,99.33691,,50.00000,20.00000,1.19781,1
105,778,106.66800,7.78000,-0.73099,99.33363,,50.00000,20.00000,1.19783,1
105,779,106.78300,7.79000,-0.73176,99.32911,,50.00000,20.00000,1.19784,1
105,780,106.90900,7.80000,-0.73227,99.32590,,50.00000,20.00000,1.19785,1
105,781,107.03700,7.81000,-0.73287,99.32124,,50.00000,20.00000,1.19787,1
105,782,107.15300,7.82000,-0.73346,99.31789,,50.00000,20.00000,1.19788,1
105,783,107.29000,7.83000,-0.73362,99.31586,,50.00000,20.00000,1.19790,1
105,784,107.41000,7.84000,-0.73388,99.31114,,50.00000,20.00000,1.19791,1
105,785,107.54700,7.85000,-0.73550,99.30776,,50.00000,20.00000,1.19792,1
105,786,107.66000,7.86000,-0.73601,99.30435,,50.00000,20.00000,1.19793,1
105,787,107.78400,7.87000,-0.73609,99.29823,,50.00000,20.00000,1.19795,1
105,788,107.91200,7.88000,-0.73634,99.29337,,50.00000,20.00000,1.19796,1
105,789,108.04000,7.89000,-0.73685,99.28844,,50.00000,20.00000,1.19797,1
105,790,108.18100,7.90000,-0.73753,99.28355,,50.00000,20.00000,1.19799,1
105,791,108.29100,7.91000,-0.73813,99.27878,,50.00000,20.00000,1.19800,1
105,792,108.44000,7.92000,-0.73916,99.27550,,50.00000,20.00000,1.19801,1
105,793,108.54100,7.93000,-0.73949,99.27092,,50.00000,20.00000,1.19802,1
105,794,108.66900,7.94000,-0.74000,99.26498,,50.00000,20.00000,1.19804,1
105,795,108.79300,7.95000,-0.74112,99.26045,,50.00000,20.00000,1.19805,1
105,796,108.91900,7.96000,-0.74111,99.25589,,50.00000,20.00000,1.19806,1
105,797,109.04700,7.97000,-0.74162,99.25121,,50.00000,20.00000,1.19807,1
105,798,109.16600,7.98000,-0.74204,99.24646,,50.00000,20.00000,1.19809,1
105,799,109.29800,7.99000,-0.74359,99.24173,,50.00000,20.00000,1.19810,1
105,800,109.43100,8.00000,-0.74366,99.23703,,50.00000,20.00000,1.19811,1
105,801,109.54100,8.01000,-0.74357,99.22826,,50.00000,20.00000,1.19812,1
105,802,109.67700,8.02000,-0.74356,99.22085,,50.00000,20.00000,1.19813,1
105,803,109.79500,8.03000,-0.74399,99.21221,,50.00000,20.00000,1.19815,1
105,804,109.92300,8.04000,-0.74484,99.20506,,50.00000,20.00000,1.19816,1
105,805,110.04500,8.05000,-0.74621,99.20058,,50.00000,20.00000,1.19817,1
105,806,110.17100,8.06000,-0.74603,99.19739,,50.00000,20.00000,1.19818,1
105,807,110.28300,8.07000,-0.74611,99.19277,,50.00000,20.00000,1.19819,1
105,808,110.41700,8.08000,-0.74654,99.18939,,50.00000,20.00000,1.19820,1
105,809,110.54700,8.09000,-0.74705,99.18454,,50.00000,20.00000,1.19821,1
105,810,110.65800,8.10000,-0.74773,99.17957,,50.00000,20.00000,1.19822,1
105,811,110.80000,8.11000,-0.74850,99.17597,,50.00000,20.00000,1.19824,1
105,812,110.93400,8.12000,-0.74935,99.17119,,50.00000,20.00000,1.19825,1
105,813,111.05100,8.13000,-0.74978,99.16656,,50.00000,20.00000,1.19826,1
105,814,111.17800,8.14000,-0.75037,99.16337,,50.00000,20.00000,1.19827,1
105,815,111.29700,8.15000,-0.75019,99.16163,,50.00000,20.00000,1.19828,1
105,816,111.42200,8.16000,-0.75053,99.15856,,50.00000,20.00000,1.19829,1
105,817,111.53800,8.17000,-0.75208,99.15679,,50.00000,20.00000,1.19830,1
105,818,111.66900,8.18000,-0.75207,99.15357,,50.00000,20.00000,1.19831,1
105,819,111.78600,8.19000,-0.75232,99.14624,,50.00000,20.00000,1.19832,1
105,820,111.91300,8.20000,-0.75257,99.13891,,50.00000,20.00000,1.19833,1
105,821,112.04900,8.21000,-0.75300,99.13290,,50.00000,20.00000,1.19835,1
105,822,112.16600,8.22000,-0.75377,99.12553,,50.00000,20.00000,1.19836,1
105,823,112.28900,8.23000,-0.75428,99.11954,,50.00000,20.00000,1.19837,1
105,824,112.41200,8.24000,-0.75470,99.11361,,50.00000,20.00000,1.19838,1
105,825,112.54600,8.25000,-0.75513,99.10770,,50.00000,20.00000,1.19839,1
105,826,112.66300,8.26000,-0.75572,99.10178,,50.00000,20.00000,1.19840,1
105,827,112.78200,8.27000,-0.75606,99.09717,,50.00000,20.00000,1.19841,1
105,828,112.90700,8.28000,-0.75674,99.09127,,50.00000,20.00000,1.19842,1
105,829,113.03400,8.29000,-0.75708,99.08674,,50.00000,20.00000,1.19843,1
105,830,113.16100,8.30000,-0.75708,99.08213,,50.00000,20.00000,1.19844,1
105,831,113.27900,8.31000,-0.75724,99.07748,,50.00000,20.00000,1.19844,1
105,832,113.40700,8.32000,-0.75741,99.07285,,50.00000,20.00000,1.19845,1
105,833,113.53500,8.33000,-0.75783,99.06823,,50.00000,20.00000,1.19846,1
105,834,113.65400,8.34000,-0.75843,99.05685,,50.00000,20.00000,1.19847,1
105,835,113.77900,8.35000,-0.75877,99.04815,,50.00000,20.00000,1.19848,1
105,836,113.89700,8.36000,-0.75928,99.03946,,50.00000,20.00000,1.19849,1
105,837,114.03400,8.37000,-0.76005,99.03357,,50.00000,20.00000,1.19850,1
105,838,114.15000,8.38000,-0.76065,99.03041,,50.00000,20.00000,1.19851,1
105,839,114.27600,8.39000,-0.76099,99.02724,,50.00000,20.00000,1.19852,1
105,840,114.39700,8.40000,-0.76115,99.02540,,50.00000,20.00000,1.19853,1
105,841,114.51100,8.41000,-0.76141,99.02351,,50.00000,20.00000,1.19854,1
105,842,114.64700,8.42000,-0.76174,99.02159,,50.00000,20.00000,1.19855,1
105,843,114.77000,8.43000,-0.76260,99.01826,,50.00000,20.00000,1.19856,1
105,844,114.89500,8.44000,-0.76285,99.01489,,50.00000,20.00000,1.19856,1
105,845,115.01600,8.45000,-0.76311,99.01020,,50.00000,20.00000,1.19857,1
105,846,115.13100,8.46000,-0.76293,99.00275,,50.00000,20.00000,1.19858,1
105,847,115.27500,8.47000,-0.76310,98.99795,,50.00000,20.00000,1.19859,1
105,848,115.39800,8.48000,-0.76335,98.99180,,50.00000,20.00000,1.19860,1
105,849,115.51100,8.49000,-0.76455,98.98571,,50.00000,20.00000,1.19861,1
105,850,115.65100,8.50000,-0.76515,98.97970,,50.00000,20.00000,1.19862,1
105,851,115.77300,8.51000,-0.76514,98.97507,,50.00000,20.00000,1.19862,1
105,852,115.88200,8.52000,-0.76531,98.97178,,50.00000,20.00000,1.19863,1
105,853,116.01500,8.53000,-0.76582,98.96724,,50.00000,20.00000,1.19864,1
105,854,116.14200,8.54000,-0.76694,98.96280,,50.00000,20.00000,1.19865,1
105,855,116.25300,8.55000,-0.76676,98.95829,,50.00000,20.00000,1.19866,1
105,856,116.38200,8.56000,-0.76684,98.95373,,50.00000,20.00000,1.19866,1
105,857,116.50600,8.57000,-0.76709,98.94915,,50.00000,20.00000,1.19867,1
105,858,116.62900,8.58000,-0.76726,98.94457,,50.00000,20.00000,1.19868,1
105,859,116.75500,8.59000,-0.76751,98.93999,,50.00000,20.00000,1.19869,1
105,860,116.87900,8.60000,-0.76785,98.93537,,50.00000,20.00000,1.19870,1
105,861,116.99000,8.61000,-0.76828,98.92938,,50.00000,20.00000,1.19870,1
105,862,117.12400,8.62000,-0.76862,98.92342,,50.00000,20.00000,1.19871,1
105,863,117.25300,8.63000,-0.76905,98.91743,,50.00000,20.00000,1.19872,1
105,864,117.36500,8.64000,-0.76913,98.91139,,50.00000,20.00000,1.19872,1
105,865,117.49900,8.65000,-0.76955,98.90267,,50.00000,20.00000,1.19873,1
105,866,117.61900,8.66000,-0.76998,98.89533,,50.00000,20.00000,1.19874,1
105,867,117.74800,8.67000,-0.77032,98.88668,,50.00000,20.00000,1.19875,1
105,868,117.86100,8.68000,-0.77031,98.88071,,50.00000,20.00000,1.19875,1
105,869,117.98800,8.69000,-0.77048,98.87748,,50.00000,20.00000,1.19876,1
105,870,118.12400,8.70000,-0.77074,98.87433,,50.00000,20.00000,1.19877,1
105,871,118.22300,8.71000,-0.77116,98.87250,,50.00000,20.00000,1.19877,1
105,872,118.35600,8.72000,-0.77219,98.87059,,50.00000,20.00000,1.19878,1
105,873,118.48300,8.73000,-0.77202,98.86594,,50.00000,20.00000,1.19879,1
105,874,118.60600,8.74000,-0.77218,98.86264,,50.00000,20.00000,1.19879,1
105,875,118.72700,8.75000,-0.77244,98.85940,,50.00000,20.00000,1.19880,1
105,876,118.86400,8.76000,-0.77286,98.85483,,50.00000,20.00000,1.19881,1
105,877,118.97100,8.77000,-0.77346,98.85160,,50.00000,20.00000,1.19881,1
105,878,119.09200,8.78000,-0.77372,98.84303,,50.00000,20.00000,1.19882,1
105,879,119.22000,8.79000,-0.77397,98.83854,,50.00000,20.00000,1.19883,1
105,880,119.33500,8.80000,-0.77457,98.83396,,50.00000,20.00000,1.19883,1
105,881,119.46800,8.81000,-0.77448,98.82526,,50.00000,20.00000,1.19884,1
105,882,119.59400,8.82000,-0.77439,98.81930,,50.00000,20.00000,1.19884,1
105,883,119.71300,8.83000,-0.77456,98.81475,,50.00000,20.00000,1.19885,1
105,884,119.83400,8.84000,-0.77447,98.80891,,50.00000,20.00000,1.19886,1
105,885,119.95900,8.85000,-0.77498,98.80443,,50.00000,20.00000,1.19886,1
105,886,120.07900,8.86000,-0.77541,98.79993,,50.00000,20.00000,1.19887,1
105,887,120.19300,8.87000,-0.77567,98.79408,,50.00000,20.00000,1.19887,1
105,888,120.32000,8.88000,-0.77566,98.78953,,50.00000,20.00000,1.19888,1
105,889,120.44600,8.89000,-0.77574,98.78357,,50.00000,20.00000,1.19888,1
105,890,120.57400,8.90000,-0.77591,98.77900,,50.00000,20.00000,1.19889,1
105,891,120.69500,8.91000,-0.77591,98.77583,,50.00000,20.00000,1.19889,1
105,892,120.81500,8.92000,-0.77599,98.77131,,50.00000,20.00000,1.19890,1
105,893,120.93100,8.93000,-0.77607,98.76807,,50.00000,20.00000,1.19890,1
105,894,121.04500,8.94000,-0.77633,98.76342,,50.00000,20.00000,1.19891,1
105,895,121.18600,8.95000,-0.77650,98.75879,,50.00000,20.00000,1.19892,1
105,896,121.31500,8.96000,-0.77667,98.75413,,50.00000,20.00000,1.19892,1
105,897,121.43600,8.97000,-0.77666,98.74949,,50.00000,20.00000,1.19893,1
105,898,121.54200,8.98000,-0.77675,98.74353,,50.00000,20.00000,1.19893,1
105,899,121.68100,8.99000,-0.77692,98.73894,,50.00000,20.00000,1.19893,1
105,900,121.79300,9.00000,-0.77709,98.72620,,50.00000,20.00000,1.19894,1
105,901,121.92400,9.01000,-0.77708,98.71476,,50.00000,20.00000,1.19894,1
105,902,122.04300,9.02000,-0.77742,98.70599,,50.00000,20.00000,1.19895,1
105,903,122.16600,9.03000,-0.77734,98.70002,,50.00000,20.00000,1.19895,1
105,904,122.29800,9.04000,-0.77742,98.69687,,50.00000,20.00000,1.19896,1
105,905,122.41000,9.05000,-0.77733,98.69371,,50.00000,20.00000,1.19896,1
105,906,122.53100,9.06000,-0.77759,98.69189,,50.00000,20.00000,1.19897,1
105,907,122.65900,9.07000,-0.77775,98.68738,,50.00000,20.00000,1.19897,1
105,908,122.77900,9.08000,-0.77784,98.68285,,50.00000,20.00000,1.19897,1
105,909,122.89900,9.09000,-0.77792,98.67832,,50.00000,20.00000,1.19898,1
105,910,123.02400,9.10000,-0.77801,98.67510,,50.00000,20.00000,1.19898,1
105,911,123.14000,9.11000,-0.77817,98.66915,,50.00000,20.00000,1.19899,1
105,912,123.27100,9.12000,-0.77817,98.66185,,50.00000,20.00000,1.19899,1
105,913,123.38100,9.13000,-0.77843,98.65721,,50.00000,20.00000,1.19899,1
105,914,123.51700,9.14000,-0.77851,98.65120,,50.00000,20.00000,1.19900,1
105,915,123.64600,9.15000,-0.77808,98.64252,,50.00000,20.00000,1.19900,1
105,916,123.75600,9.16000,-0.77816,98.63660,,50.00000,20.00000,1.19901,1
105,917,123.87900,9.17000,-0.77850,98.63075,,50.00000,20.00000,1.19901,1
105,918,124.00700,9.18000,-0.77859,98.62627,,50.00000,20.00000,1.19901,1
105,919,124.12800,9.19000,-0.77893,98.62178,,50.00000,20.00000,1.19902,1
105,920,124.23800,9.20000,-0.77902,98.61732,,50.00000,20.00000,1.19902,1
105,921,124.35900,9.21000,-0.77910,98.61278,,50.00000,20.00000,1.19902,1
105,922,124.49000,9.22000,-0.77901,98.60814,,50.00000,20.00000,1.19903,1
105,923,124.61300,9.23000,-0.77901,98.60346,,50.00000,20.00000,1.19903,1
105,924,124.73500,9.24000,-0.77901,98.59067,,50.00000,20.00000,1.19903,1
105,925,124.86200,9.25000,-0.77892,98.58064,,50.00000,20.00000,1.19903,1
105,926,124.98200,9.26000,-0.77909,98.57059,,50.00000,20.00000,1.19904,1
105,927,125.09800,9.27000,-0.77883,98.56457,,50.00000,20.00000,1.19904,1
105,928,125.22200,9.28000,-0.77865,98.56134,,50.00000,20.00000,1.19904,1
105,929,125.35300,9.29000,-0.77848,98.55952,,50.00000,20.00000,1.19905,1
105,930,125.46400,9.30000,-0.77839,98.55767,,50.00000,20.00000,1.19905,1
105,931,125.59700,9.31000,-0.77865,98.55581,,50.00000,20.00000,1.19905,1
105,932,125.71300,9.32000,-0.77865,98.55534,,50.00000,20.00000,1.19905,1
105,933,125.83500,9.33000,-0.77873,98.55353,,50.00000,20.00000,1.19906,1
105,934,125.96100,9.34000,-0.77865,98.55036,,50.00000,20.00000,1.19906,1
105,935,126.06900,9.35000,-0.77882,98.54848,,50.00000,20.00000,1.19906,1
105,936,126.20000,9.36000,-0.77873,98.54520,,50.00000,20.00000,1.19906,1
105,937,126.32400,9.37000,-0.77873,98.54191,,50.00000,20.00000,1.19906,1
105,938,126.44200,9.38000,-0.77873,98.53718,,50.00000,20.00000,1.19907,1
105,939,126.57000,9.39000,-0.77864,98.52699,,50.00000,20.00000,1.19907,1
105,940,126.69600,9.40000,-0.77864,98.52223,,50.00000,20.00000,1.19907,1
105,941,126.82600,9.41000,-0.77829,98.51614,,50.00000,20.00000,1.19907,1
105,942,126.93500,9.42000,-0.77838,98.50874,,50.00000,20.00000,1.19907,1
105,943,127.06400,9.43000,-0.77838,98.50269,,50.00000,20.00000,1.19908,1
105,944,127.19000,9.44000,-0.77837,98.49669,,50.00000,20.00000,1.19908,1
105,945,127.30900,9.45000,-0.77829,98.49220,,50.00000,20.00000,1.19908,1
105,946,127.43700,9.46000,-0.77803,98.48779,,50.00000,20.00000,1.19908,1
105,947,127.54700,9.47000,-0.77768,98.48202,,50.00000,20.00000,1.19908,1
105,948,127.66800,9.48000,-0.77768,98.47761,,50.00000,20.00000,1.19908,1
105,949,127.78800,9.49000,-0.77751,98.47320,,50.00000,20.00000,1.19908,1
105,950,127.91000,9.50000,-0.77734,98.46877,,50.00000,20.00000,1.19909,1
105,951,128.04100,9.51000,-0.77742,98.46294,,50.00000,20.00000,1.19909,1
105,952,128.14101,9.52000,-0.77725,98.45840,,50.00000,20.00000,1.19909,1
105,953,128.27200,9.53000,-0.77725,98.45256,,50.00000,20.00000,1.19909,1
105,954,128.39700,9.54000,-0.77725,98.44673,,50.00000,20.00000,1.19909,1
105,955,128.51300,9.55000,-0.77707,98.43810,,50.00000,20.00000,1.19909,1
105,956,128.64101,9.56000,-0.77673,98.42937,,50.00000,20.00000,1.19909,1
105,957,128.75301,9.57000,-0.77656,98.42197,,50.00000,20.00000,1.19909,1
105,958,128.88300,9.58000,-0.77638,98.41456,,50.00000,20.00000,1.19909,1
105,959,129.01401,9.59000,-0.77630,98.41124,,50.00000,20.00000,1.19909,1
105,960,129.13100,9.60000,-0.77630,98.40792,,50.00000,20.00000,1.19909,1
105,961,129.25301,9.61000,-0.77561,98.40461,,50.00000,20.00000,1.19909,1
105,962,129.36501,9.62000,-0.77543,98.40140,,50.00000,20.00000,1.19910,1
105,963,129.49600,9.63000,-0.77552,98.39685,,50.00000,20.00000,1.19910,1
105,964,129.62199,9.64000,-0.77561,98.39229,,50.00000,20.00000,1.19910,1
105,965,129.73900,9.65000,-0.77561,98.38776,,50.00000,20.00000,1.19910,1
105,966,129.85699,9.66000,-0.77561,98.38327,,50.00000,20.00000,1.19910,1
105,967,129.97900,9.67000,-0.77449,98.37746,,50.00000,20.00000,1.19910,1
105,968,130.10600,9.68000,-0.77474,98.37299,,50.00000,20.00000,1.19910,1
105,969,130.21600,9.69000,-0.77500,98.36850,,50.00000,20.00000,1.19910,1
105,970,130.33600,9.70000,-0.77475,98.35997,,50.00000,20.00000,1.19910,1
105,971,130.46001,9.71000,-0.77440,98.35410,,50.00000,20.00000,1.19910,1
105,972,130.58501,9.72000,-0.77363,98.34815,,50.00000,20.00000,1.19910,1
105,973,130.70500,9.73000,-0.77345,98.34220,,50.00000,20.00000,1.19910,1
105,974,130.82800,9.74000,-0.77354,98.33760,,50.00000,20.00000,1.19909,1
105,975,130.94800,9.75000,-0.77328,98.33164,,50.00000,20.00000,1.19909,1
105,976,131.06400,9.76000,-0.77320,98.32431,,50.00000,20.00000,1.19909,1
105,977,131.19400,9.77000,-0.77294,98.31701,,50.00000,20.00000,1.19909,1
105,978,131.31799,9.78000,-0.77268,98.31246,,50.00000,20.00000,1.19909,1
105,979,131.43500,9.79000,-0.77242,98.30797,,50.00000,20.00000,1.19909,1
105,980,131.55499,9.80000,-0.77234,98.30357,,50.00000,20.00000,1.19909,1
105,981,131.67900,9.81000,-0.77191,98.29921,,50.00000,20.00000,1.19909,1
105,982,131.79100,9.82000,-0.77182,98.29485,,50.00000,20.00000,1.19909,1
105,983,131.90500,9.83000,-0.77156,98.29046,,50.00000,20.00000,1.19909,1
105,984,132.02800,9.84000,-0.77148,98.28602,,50.00000,20.00000,1.19909,1
105,985,132.15700,9.85000,-0.77045,98.27749,,50.00000,20.00000,1.19909,1
105,986,132.27299,9.86000,-0.77027,98.26893,,50.00000,20.00000,1.19908,1
105,987,132.38499,9.87000,-0.76984,98.26171,,50.00000,20.00000,1.19908,1
105,988,132.51700,9.88000,-0.76959,98.25313,,50.00000,20.00000,1.19908,1
105,989,132.63300,9.89000,-0.76924,98.24860,,50.00000,20.00000,1.19908,1
105,990,132.74800,9.90000,-0.76907,98.24679,,50.00000,20.00000,1.19908,1
105,991,132.88400,9.91000,-0.76916,98.24229,,50.00000,20.00000,1.19908,1
105,992,132.99200,9.92000,-0.76839,98.23779,,50.00000,20.00000,1.19908,1
105,993,133.11099,9.93000,-0.76787,98.23329,,50.00000,20.00000,1.19907,1
105,994,133.24001,9.94000,-0.76744,98.22875,,50.00000,20.00000,1.19907,1
105,995,133.35001,9.95000,-0.76710,98.22280,,50.00000,20.00000,1.19907,1
105,996,133.47400,9.96000,-0.76693,98.21818,,50.00000,20.00000,1.19907,1
105,997,133.59900,9.97000,-0.76641,98.21494,,50.00000,20.00000,1.19907,1
105,998,133.73000,9.98000,-0.76598,98.21041,,50.00000,20.00000,1.19906,1
105,999,133.84399,9.99000,-0.76555,98.20594,,50.00000,20.00000,1.19906,1
105,1000,133.95500,10.00000,-0.76512,98.19474,,50.00000,20.00000,1.19906,1
105,1001,134.08200,10.01000,-0.76487,98.18895,,50.00000,20.00000,1.19906,1
105,1002,134.19099,10.02000,-0.76487,98.18310,,50.00000,20.00000,1.19906,1
105,1003,134.31500,10.03000,-0.76478,98.17854,,50.00000,20.00000,1.19905,1
105,1004,134.44600,10.04000,-0.76478,98.17260,,50.00000,20.00000,1.19905,1
105,1005,134.56400,10.05000,-0.76410,98.16798,,50.00000,20.00000,1.19905,1
105,1006,134.67900,10.06000,-0.76341,98.16202,,50.00000,20.00000,1.19905,1
105,1007,134.79800,10.07000,-0.76332,98.15743,,50.00000,20.00000,1.19904,1
105,1008,134.93300,10.08000,-0.76290,98.15288,,50.00000,20.00000,1.19904,1
105,1009,135.05000,10.09000,-0.76230,98.14702,,50.00000,20.00000,1.19904,1
105,1010,135.16000,10.10000,-0.76187,98.14252,,50.00000,20.00000,1.19903,1
105,1011,135.28600,10.11000,-0.76178,98.13127,,50.00000,20.00000,1.19903,1
105,1012,135.40300,10.12000,-0.76153,98.11997,,50.00000,20.00000,1.19903,1
105,1013,135.52000,10.13000,-0.76092,98.10866,,50.00000,20.00000,1.19903,1
105,1014,135.64700,10.14000,-0.76067,98.10413,,50.00000,20.00000,1.19902,1
105,1015,135.77699,10.15000,-0.76033,98.10100,,50.00000,20.00000,1.19902,1
105,1016,135.87900,10.16000,-0.76016,98.09791,,50.00000,20.00000,1.19902,1
105,1017,136.01100,10.17000,-0.75964,98.09620,,50.00000,20.00000,1.19901,1
105,1018,136.11700,10.18000,-0.75930,98.09312,,50.00000,20.00000,1.19901,1
105,1019,136.23801,10.19000,-0.75809,98.09001,,50.00000,20.00000,1.19901,1
105,1020,136.36800,10.20000,-0.75792,98.08551,,50.00000,20.00000,1.19900,1
105,1021,136.48100,10.21000,-0.75732,98.08097,,50.00000,20.00000,1.19900,1
105,1022,136.60001,10.22000,-0.75655,98.07506,,50.00000,20.00000,1.19899,1
105,1023,136.72301,10.23000,-0.75604,98.06644,,50.00000,20.00000,1.19899,1
105,1024,136.84599,10.24000,-0.75552,98.05917,,50.00000,20.00000,1.19899,1
105,1025,136.96201,10.25000,-0.75518,98.04785,,50.00000,20.00000,1.19898,1
105,1026,137.08600,10.26000,-0.75467,98.04061,,50.00000,20.00000,1.19898,1
105,1027,137.20599,10.27000,-0.75415,98.03473,,50.00000,20.00000,1.19898,1
105,1028,137.32401,10.28000,-0.75381,98.02884,,50.00000,20.00000,1.19897,1
105,1029,137.43900,10.29000,-0.75373,98.02295,,50.00000,20.00000,1.19897,1
105,1030,137.56500,10.30000,-0.75321,98.01706,,50.00000,20.00000,1.19896,1
105,1031,137.68900,10.31000,-0.75287,98.01255,,50.00000,20.00000,1.19896,1
105,1032,137.80499,10.32000,-0.75253,98.00807,,50.00000,20.00000,1.19895,1
105,1033,137.92799,10.33000,-0.75184,98.00228,,50.00000,20.00000,1.19895,1
105,1034,138.03200,10.34000,-0.75133,97.99651,,50.00000,20.00000,1.19895,1
105,1035,138.16800,10.35000,-0.75090,97.99077,,50.00000,20.00000,1.19894,1
105,1036,138.28000,10.36000,-0.75021,97.98098,,50.00000,20.00000,1.19894,1
105,1037,138.39700,10.37000,-0.74996,97.97253,,50.00000,20.00000,1.19893,1
105,1038,138.51100,10.38000,-0.74919,97.96272,,50.00000,20.00000,1.19893,1
105,1039,138.63300,10.39000,-0.74833,97.95560,,50.00000,20.00000,1.19892,1
105,1040,138.75600,10.40000,-0.74773,97.95388,,50.00000,20.00000,1.19892,1
105,1041,138.87000,10.41000,-0.74687,97.95214,,50.00000,20.00000,1.19891,1
105,1042,138.98900,10.42000,-0.74593,97.95041,,50.00000,20.00000,1.19891,1
105,1043,139.10899,10.43000,-0.74533,97.94735,,50.00000,20.00000,1.19890,1
105,1044,139.22701,10.44000,-0.74473,97.94430,,50.00000,20.00000,1.19890,1
105,1045,139.35100,10.45000,-0.74456,97.93990,,50.00000,20.00000,1.19889,1
105,1046,139.46100,10.46000,-0.74490,97.93684,,50.00000,20.00000,1.19889,1
105,1047,139.57401,10.47000,-0.74422,97.93238,,50.00000,20.00000,1.19888,1
105,1048,139.70500,10.48000,-0.74362,97.92788,,50.00000,20.00000,1.19888,1
105,1049,139.81300,10.49000,-0.74293,97.92201,,50.00000,20.00000,1.19887,1
105,1050,139.94901,10.50000,-0.74216,97.91748,,50.00000,20.00000,1.19887,1
105,1051,140.06100,10.51000,-0.74130,97.91160,,50.00000,20.00000,1.19886,1
105,1052,140.17000,10.52000,-0.74105,97.90436,,50.00000,20.00000,1.19886,1
105,1053,140.30099,10.53000,-0.74045,97.89847,,50.00000,20.00000,1.19885,1
105,1054,140.42400,10.54000,-0.73994,97.89392,,50.00000,20.00000,1.19884,1
105,1055,140.52699,10.55000,-0.73925,97.88800,,50.00000,20.00000,1.19884,1
105,1056,140.66000,10.56000,-0.73856,97.88346,,50.00000,20.00000,1.19883,1
105,1057,140.78799,10.57000,-0.73797,97.87896,,50.00000,20.00000,1.19883,1
105,1058,140.89000,10.58000,-0.73745,97.87314,,50.00000,20.00000,1.19882,1
105,1059,141.01500,10.59000,-0.73634,97.86736,,50.00000,20.00000,1.19881,1
105,1060,141.13699,10.60000,-0.73608,97.86160,,50.00000,20.00000,1.19881,1
105,1061,141.24400,10.61000,-0.73557,97.85720,,50.00000,20.00000,1.19880,1
105,1062,141.37300,10.62000,-0.73506,97.85416,,50.00000,20.00000,1.19880,1
105,1063,141.48700,10.63000,-0.73437,97.84975,,50.00000,20.00000,1.19879,1
105,1064,141.60100,10.64000,-0.73377,97.84532,,50.00000,20.00000,1.19878,1
105,1065,141.72301,10.65000,-0.73283,97.84086,,50.00000,20.00000,1.19878,1
105,1066,141.83600,10.66000,-0.73206,97.83773,,50.00000,20.00000,1.19877,1
105,1067,141.96001,10.67000,-0.73146,97.83327,,50.00000,20.00000,1.19876,1
105,1068,142.09000,10.68000,-0.73060,97.83021,,50.00000,20.00000,1.19876,1
105,1069,142.19400,10.69000,-0.72991,97.82450,,50.00000,20.00000,1.19875,1
105,1070,142.30901,10.70000,-0.72923,97.82019,,50.00000,20.00000,1.19874,1
105,1071,142.43500,10.71000,-0.72923,97.81182,,50.00000,20.00000,1.19874,1
105,1072,142.54500,10.72000,-0.72812,97.80203,,50.00000,20.00000,1.19873,1
105,1073,142.65401,10.73000,-0.72717,97.79216,,50.00000,20.00000,1.19872,1
105,1074,142.78300,10.74000,-0.72692,97.78489,,50.00000,20.00000,1.19872,1
105,1075,142.89200,10.75000,-0.72667,97.78028,,50.00000,20.00000,1.19871,1
105,1076,143.03400,10.76000,-0.72598,97.77703,,50.00000,20.00000,1.19870,1
105,1077,143.14700,10.77000,-0.72547,97.77518,,50.00000,20.00000,1.19869,1
105,1078,143.26100,10.78000,-0.72453,97.77069,,50.00000,20.00000,1.19869,1
105,1079,143.37601,10.79000,-0.72367,97.76762,,50.00000,20.00000,1.19868,1
105,1080,143.50301,10.80000,-0.72281,97.76052,,50.00000,20.00000,1.19867,1
105,1081,143.61400,10.81000,-0.72213,97.75344,,50.00000,20.00000,1.19866,1
105,1082,143.72501,10.82000,-0.72153,97.74772,,50.00000,20.00000,1.19866,1
105,1083,143.85201,10.83000,-0.72067,97.74066,,50.00000,20.00000,1.19865,1
105,1084,143.97200,10.84000,-0.71990,97.73361,,50.00000,20.00000,1.19864,1
105,1085,144.07401,10.85000,-0.71896,97.72789,,50.00000,20.00000,1.19864,1
105,1086,144.19901,10.86000,-0.71819,97.72621,,50.00000,20.00000,1.19863,1
105,1087,144.31700,10.87000,-0.71767,97.72179,,50.00000,20.00000,1.19862,1
105,1088,144.42799,10.88000,-0.71708,97.71736,,50.00000,20.00000,1.19861,1
105,1089,144.55800,10.89000,-0.71631,97.71293,,50.00000,20.00000,1.19860,1
105,1090,144.66901,10.90000,-0.71562,97.70988,,50.00000,20.00000,1.19860,1
105,1091,144.78799,10.91000,-0.71485,97.70820,,50.00000,20.00000,1.19859,1
105,1092,144.90300,10.92000,-0.71373,97.70518,,50.00000,20.00000,1.19858,1
105,1093,145.01300,10.93000,-0.71314,97.70352,,50.00000,20.00000,1.19857,1
105,1094,145.14600,10.94000,-0.71202,97.70052,,50.00000,20.00000,1.19856,1
105,1095,145.25101,10.95000,-0.71168,97.69750,,50.00000,20.00000,1.19855,1
105,1096,145.36900,10.96000,-0.71143,97.69447,,50.00000,20.00000,1.19855,1
105,1097,145.48100,10.97000,-0.71100,97.69142,,50.00000,20.00000,1.19854,1
105,1098,145.60699,10.98000,-0.71015,97.68971,,50.00000,20.00000,1.19853,1
105,1099,145.72600,10.99000,-0.70920,97.68665,,50.00000,20.00000,1.19852,1
105,1100,145.83600,11.00000,-0.70826,97.68359,,50.00000,20.00000,1.19851,1
105,1101,145.95200,11.01000,-0.70783,97.68052,,50.00000,20.00000,1.19850,1
105,1102,146.07600,11.02000,-0.70749,97.67880,,50.00000,20.00000,1.19849,1
105,1103,146.19000,11.03000,-0.70647,97.67571,,50.00000,20.00000,1.19849,1
105,1104,146.30200,11.04000,-0.70544,97.67261,,50.00000,20.00000,1.19848,1
105,1105,146.42799,11.05000,-0.70467,97.66950,,50.00000,20.00000,1.19847,1
105,1106,146.54800,11.06000,-0.70355,97.66638,,50.00000,20.00000,1.19846,1
105,1107,146.65401,11.07000,-0.70235,97.65784,,50.00000,20.00000,1.19845,1
105,1108,146.77400,11.08000,-0.70158,97.65337,,50.00000,20.00000,1.19844,1
105,1109,146.90100,11.09000,-0.70159,97.64624,,50.00000,20.00000,1.19843,1
105,1110,147.02000,11.10000,-0.70073,97.64050,,50.00000,20.00000,1.19842,1
105,1111,147.12500,11.11000,-0.69979,97.63483,,50.00000,20.00000,1.19841,1
105,1112,147.24600,11.12000,-0.69945,97.63056,,50.00000,20.00000,1.19840,1
105,1113,147.36099,11.13000,-0.69885,97.62767,,50.00000,20.00000,1.19839,1
105,1114,147.46899,11.14000,-0.69774,97.62343,,50.00000,20.00000,1.19839,1
105,1115,147.59200,11.15000,-0.69697,97.61648,,50.00000,20.00000,1.19838,1
105,1116,147.69901,11.16000,-0.69594,97.60953,,50.00000,20.00000,1.19837,1
105,1117,147.82201,11.17000,-0.69499,97.60393,,50.00000,20.00000,1.19836,1
105,1118,147.93201,11.18000,-0.69405,97.59832,,50.00000,20.00000,1.19835,1
105,1119,148.04800,11.19000,-0.69389,97.59266,,50.00000,20.00000,1.19834,1
105,1120,148.15300,11.20000,-0.69303,97.58829,,50.00000,20.00000,1.19833,1
105,1121,148.27800,11.21000,-0.69217,97.58252,,50.00000,20.00000,1.19832,1
105,1122,148.39900,11.22000,-0.69114,97.57807,,50.00000,20.00000,1.19831,1
105,1123,148.51199,11.23000,-0.69020,97.57227,,50.00000,20.00000,1.19830,1
105,1124,148.63699,11.24000,-0.68926,97.56787,,50.00000,20.00000,1.19829,1
105,1125,148.74400,11.25000,-0.68823,97.56215,,50.00000,20.00000,1.19828,1
105,1126,148.85400,11.26000,-0.68755,97.55782,,50.00000,20.00000,1.19827,1
105,1127,148.98599,11.27000,-0.68687,97.54812,,50.00000,20.00000,1.19826,1
105,1128,149.09300,11.28000,-0.68601,97.53842,,50.00000,20.00000,1.19825,1
105,1129,149.20500,11.29000,-0.68507,97.52870,,50.00000,20.00000,1.19824,1
105,1130,149.31000,11.30000,-0.68464,97.52164,,50.00000,20.00000,1.19823,1
105,1131,149.43600,11.31000,-0.68370,97.51861,,50.00000,20.00000,1.19822,1
105,1132,149.55901,11.32000,-0.68267,97.51421,,50.00000,20.00000,1.19821,1
105,1133,149.66800,11.33000,-0.68156,97.50979,,50.00000,20.00000,1.19820,1
105,1134,149.78700,11.34000,-0.68087,97.50537,,50.00000,20.00000,1.19818,1
105,1135,149.89700,11.35000,-0.68019,97.49959,,50.00000,20.00000,1.19817,1
105,1136,150.01500,11.36000,-0.67925,97.49514,,50.00000,20.00000,1.19816,1
105,1137,150.13499,11.37000,-0.67813,97.48800,,50.00000,20.00000,1.19815,1
105,1138,150.25400,11.38000,-0.67728,97.48089,,50.00000,20.00000,1.19814,1
105,1139,150.37100,11.39000,-0.67660,97.47518,,50.00000,20.00000,1.19813,1
105,1140,150.48100,11.40000,-0.67574,97.46817,,50.00000,20.00000,1.19812,1
105,1141,150.59100,11.41000,-0.67480,97.46119,,50.00000,20.00000,1.19811,1
105,1142,150.71500,11.42000,-0.67394,97.45691,,50.00000,20.00000,1.19810,1
105,1143,150.82401,11.43000,-0.67291,97.45122,,50.00000,20.00000,1.19809,1
105,1144,150.92799,11.44000,-0.67223,97.44682,,50.00000,20.00000,1.19808,1
105,1145,151.05600,11.45000,-0.67120,97.44239,,50.00000,20.00000,1.19806,1
105,1146,151.17200,11.46000,-0.67052,97.43796,,50.00000,20.00000,1.19805,1
105,1147,151.29300,11.47000,-0.66966,97.43222,,50.00000,20.00000,1.19804,1
105,1148,151.40900,11.48000,-0.66846,97.42790,,50.00000,20.00000,1.19803,1
105,1149,151.51801,11.49000,-0.66804,97.42091,,50.00000,20.00000,1.19802,1
105,1150,151.62199,11.50000,-0.66701,97.41529,,50.00000,20.00000,1.19801,1
105,1151,151.74500,11.51000,-0.66624,97.40965,,50.00000,20.00000,1.19800,1
105,1152,151.86200,11.52000,-0.66521,97.40262,,50.00000,20.00000,1.19798,1
105,1153,151.97301,11.53000,-0.66419,97.39690,,50.00000,20.00000,1.19797,1
105,1154,152.08400,11.54000,-0.66324,97.38575,,50.00000,20.00000,1.19796,1
105,1155,152.20399,11.55000,-0.66230,97.37731,,50.00000,20.00000,1.19795,1
105,1156,152.32700,11.56000,-0.66102,97.36614,,50.00000,20.00000,1.19794,1
105,1157,152.42999,11.57000,-0.66076,97.36171,,50.00000,20.00000,1.19793,1
105,1158,152.54700,11.58000,-0.66034,97.35863,,50.00000,20.00000,1.19791,1
105,1159,152.66299,11.59000,-0.65854,97.35556,,50.00000,20.00000,1.19790,1
105,1160,152.79100,11.60000,-0.65734,97.34982,,50.00000,20.00000,1.19789,1
105,1161,152.90100,11.61000,-0.65674,97.34413,,50.00000,20.00000,1.19788,1
105,1162,153.00800,11.62000,-0.65554,97.33848,,50.00000,20.00000,1.19786,1
105,1163,153.12300,11.63000,-0.65468,97.33284,,50.00000,20.00000,1.19785,1
105,1164,153.24200,11.64000,-0.65366,97.32988,,50.00000,20.00000,1.19784,1
105,1165,153.34900,11.65000,-0.65263,97.32686,,50.00000,20.00000,1.19783,1
105,1166,153.45300,11.66000,-0.65255,97.32246,,50.00000,20.00000,1.19782,1
105,1167,153.59599,11.67000,-0.65178,97.31808,,50.00000,20.00000,1.19780,1
105,1168,153.70500,11.68000,-0.65067,97.31103,,50.00000,20.00000,1.19779,1
105,1169,153.80901,11.69000,-0.64964,97.30402,,50.00000,20.00000,1.19778,1
105,1170,153.92599,11.70000,-0.64852,97.29842,,50.00000,20.00000,1.19776,1
105,1171,154.03600,11.71000,-0.64749,97.29146,,50.00000,20.00000,1.19775,1
105,1172,154.15199,11.72000,-0.64621,97.28447,,50.00000,20.00000,1.19774,1
105,1173,154.26300,11.73000,-0.64604,97.28014,,50.00000,20.00000,1.19773,1
105,1174,154.37199,11.74000,-0.64536,97.27711,,50.00000,20.00000,1.19771,1
105,1175,154.50000,11.75000,-0.64442,97.27269,,50.00000,20.00000,1.19770,1
105,1176,154.61000,11.76000,-0.64374,97.26827,,50.00000,20.00000,1.19769,1
105,1177,154.72000,11.77000,-0.64202,97.26387,,50.00000,20.00000,1.19767,1
105,1178,154.83900,11.78000,-0.64194,97.26225,,50.00000,20.00000,1.19766,1
105,1179,154.97000,11.79000,-0.64100,97.26070,,50.00000,20.00000,1.19765,1
105,1180,155.06000,11.80000,-0.63980,97.26054,,50.00000,20.00000,1.19763,1
105,1181,155.17400,11.81000,-0.63912,97.26040,,50.00000,20.00000,1.19762,1
105,1182,155.28600,11.82000,-0.63843,97.25886,,50.00000,20.00000,1.19761,1
105,1183,155.39799,11.83000,-0.63706,97.25727,,50.00000,20.00000,1.19760,1
105,1184,155.52100,11.84000,-0.63560,97.25563,,50.00000,20.00000,1.19758,1
105,1185,155.62900,11.85000,-0.63431,97.25395,,50.00000,20.00000,1.19757,1
105,1186,155.73700,11.86000,-0.63346,97.25227,,50.00000,20.00000,1.19755,1
105,1187,155.86600,11.87000,-0.63321,97.25060,,50.00000,20.00000,1.19754,1
105,1188,155.97301,11.88000,-0.63227,97.24895,,50.00000,20.00000,1.19753,1
105,1189,156.09200,11.89000,-0.63090,97.24595,,50.00000,20.00000,1.19751,1
105,1190,156.19501,11.90000,-0.62935,97.24565,,50.00000,20.00000,1.19750,1
105,1191,156.31100,11.91000,-0.62918,97.24400,,50.00000,20.00000,1.19749,1
105,1192,156.42700,11.92000,-0.62876,97.24235,,50.00000,20.00000,1.19747,1
105,1193,156.55000,11.93000,-0.62773,97.23937,,50.00000,20.00000,1.19746,1
105,1194,156.66200,11.94000,-0.62636,97.23234,,50.00000,20.00000,1.19744,1
105,1195,156.75600,11.95000,-0.62507,97.22803,,50.00000,20.00000,1.19743,1
105,1196,156.88300,11.96000,-0.62396,97.22240,,50.00000,20.00000,1.19741,1
105,1197,156.99899,11.97000,-0.62285,97.21409,,50.00000,20.00000,1.19740,1
105,1198,157.11200,11.98000,-0.62191,97.20583,,50.00000,20.00000,1.19739,1
105,1199,157.21600,11.99000,-0.62096,97.19760,,50.00000,20.00000,1.19737,1
105,1200,157.32800,12.00000,-0.62020,97.19208,,50.00000,20.00000,1.19736,1
105,1201,157.43600,12.01000,-0.61917,97.18786,,50.00000,20.00000,1.19734,1
105,1202,157.55000,12.02000,-0.61831,97.18493,,50.00000,20.00000,1.19733,1
105,1203,157.65500,12.03000,-0.61737,97.18331,,50.00000,20.00000,1.19732,1
105,1204,157.78600,12.04000,-0.61660,97.18032,,50.00000,20.00000,1.19730,1
105,1205,157.89400,12.05000,-0.61540,97.17598,,50.00000,20.00000,1.19729,1
105,1206,158.00500,12.06000,-0.61429,97.17299,,50.00000,20.00000,1.19727,1
105,1207,158.11099,12.07000,-0.61335,97.17000,,50.00000,20.00000,1.19726,1
105,1208,158.22800,12.08000,-0.61292,97.16567,,50.00000,20.00000,1.19724,1
105,1209,158.34700,12.09000,-0.61181,97.16135,,50.00000,20.00000,1.19723,1
105,1210,158.46100,12.10000,-0.61113,97.15706,,50.00000,20.00000,1.19721,1
105,1211,158.56799,12.11000,-0.60984,97.15416,,50.00000,20.00000,1.19720,1
105,1212,158.67799,12.12000,-0.60873,97.14993,,50.00000,20.00000,1.19718,1
105,1213,158.78999,12.13000,-0.60761,97.14570,,50.00000,20.00000,1.19717,1
105,1214,158.90300,12.14000,-0.60650,97.14145,,50.00000,20.00000,1.19715,1
105,1215,159.00900,12.15000,-0.60521,97.13583,,50.00000,20.00000,1.19714,1
105,1216,159.12801,12.16000,-0.60410,97.13154,,50.00000,20.00000,1.19712,1
105,1217,159.24500,12.17000,-0.60350,97.12722,,50.00000,20.00000,1.19711,1
105,1218,159.34100,12.18000,-0.60325,97.12421,,50.00000,20.00000,1.19709,1
105,1219,159.46100,12.19000,-0.60266,97.11981,,50.00000,20.00000,1.19708,1
105,1220,159.57800,12.20000,-0.60120,97.11675,,50.00000,20.00000,1.19706,1
105,1221,159.69901,12.21000,-0.59939,97.11234,,50.00000,20.00000,1.19704,1
105,1222,159.80400,12.22000,-0.59828,97.10931,,50.00000,20.00000,1.19703,1
105,1223,159.91600,12.23000,-0.59846,97.10496,,50.00000,20.00000,1.19701,1
105,1224,160.03200,12.24000,-0.59709,97.10203,,50.00000,20.00000,1.19700,1
105,1225,160.14600,12.25000,-0.59563,97.09781,,50.00000,20.00000,1.19698,1
105,1226,160.25700,12.26000,-0.59477,97.09364,,50.00000,20.00000,1.19697,1
105,1227,160.36099,12.27000,-0.59357,97.09084,,50.00000,20.00000,1.19695,1
105,1228,160.46899,12.28000,-0.59324,97.08938,,50.00000,20.00000,1.19694,1
105,1229,160.58299,12.29000,-0.59221,97.08653,,50.00000,20.00000,1.19692,1
105,1230,160.68900,12.30000,-0.59118,97.08362,,50.00000,20.00000,1.19691,1
105,1231,160.79900,12.31000,-0.59007,97.08205,,50.00000,20.00000,1.19689,1
105,1232,160.92599,12.32000,-0.58878,97.07913,,50.00000,20.00000,1.19687,1
105,1233,161.02901,12.33000,-0.58784,97.07624,,50.00000,20.00000,1.19686,1
105,1234,161.14101,12.34000,-0.58655,97.07473,,50.00000,20.00000,1.19684,1
105,1235,161.24400,12.35000,-0.58553,97.07187,,50.00000,20.00000,1.19683,1
105,1236,161.35899,12.36000,-0.58450,97.06899,,50.00000,20.00000,1.19681,1
105,1237,161.46600,12.37000,-0.58356,97.06744,,50.00000,20.00000,1.19679,1
105,1238,161.58600,12.38000,-0.58253,97.06451,,50.00000,20.00000,1.19678,1
105,1239,161.69299,12.39000,-0.58176,97.06293,,50.00000,20.00000,1.19676,1
105,1240,161.79900,12.40000,-0.58091,97.05592,,50.00000,20.00000,1.19674,1
105,1241,161.91901,12.41000,-0.57997,97.05025,,50.00000,20.00000,1.19673,1
105,1242,162.02699,12.42000,-0.57989,97.04454,,50.00000,20.00000,1.19671,1
105,1243,162.13400,12.43000,-0.57834,97.04015,,50.00000,20.00000,1.19669,1
105,1244,162.25200,12.44000,-0.57731,97.03439,,50.00000,20.00000,1.19668,1
105,1245,162.36400,12.45000,-0.57637,97.02862,,50.00000,20.00000,1.19666,1
105,1246,162.48399,12.46000,-0.57561,97.02560,,50.00000,20.00000,1.19664,1
105,1247,162.58900,12.47000,-0.57458,97.02399,,50.00000,20.00000,1.19663,1
105,1248,162.70700,12.48000,-0.57355,97.02245,,50.00000,20.00000,1.19661,1
105,1249,162.81400,12.49000,-0.57261,97.02096,,50.00000,20.00000,1.19659,1
105,1250,162.91600,12.50000,-0.57149,97.01813,,50.00000,20.00000,1.19658,1
105,1251,163.03000,12.51000,-0.57047,97.01663,,50.00000,20.00000,1.19656,1
105,1252,163.14101,12.52000,-0.56987,97.01373,,50.00000,20.00000,1.19654,1
105,1253,163.24300,12.53000,-0.56876,97.01077,,50.00000,20.00000,1.19653,1
105,1254,163.36099,12.54000,-0.56773,97.00779,,50.00000,20.00000,1.19651,1
105,1255,163.48000,12.55000,-0.56644,97.00484,,50.00000,20.00000,1.19649,1
105,1256,163.58800,12.56000,-0.56550,97.00193,,50.00000,20.00000,1.19647,1
105,1257,163.70100,12.57000,-0.56439,96.99906,,50.00000,20.00000,1.19645,1
105,1258,163.79900,12.58000,-0.56336,96.99621,,50.00000,20.00000,1.19644,1
105,1259,163.91200,12.59000,-0.56242,96.99200,,50.00000,20.00000,1.19642,1
105,1260,164.02000,12.60000,-0.56113,96.98912,,50.00000,20.00000,1.19640,1
105,1261,164.13901,12.61000,-0.56019,96.98622,,50.00000,20.00000,1.19639,1
105,1262,164.24400,12.62000,-0.56011,96.97924,,50.00000,20.00000,1.19637,1
105,1263,164.35201,12.63000,-0.55874,96.97494,,50.00000,20.00000,1.19635,1
105,1264,164.46500,12.64000,-0.55814,96.97063,,50.00000,20.00000,1.19633,1
105,1265,164.57001,12.65000,-0.55686,96.96630,,50.00000,20.00000,1.19632,1
105,1266,164.69200,12.66000,-0.55583,96.96201,,50.00000,20.00000,1.19630,1
105,1267,164.80600,12.67000,-0.55472,96.95910,,50.00000,20.00000,1.19628,1
105,1268,164.90700,12.68000,-0.55352,96.95621,,50.00000,20.00000,1.19626,1
105,1269,165.01100,12.69000,-0.55223,96.95333,,50.00000,20.00000,1.19625,1
105,1270,165.12601,12.70000,-0.55077,96.95046,,50.00000,20.00000,1.19623,1
105,1271,165.24001,12.71000,-0.54974,96.94621,,50.00000,20.00000,1.19621,1
105,1272,165.34200,12.72000,-0.54949,96.94331,,50.00000,20.00000,1.19619,1
105,1273,165.45799,12.73000,-0.54812,96.93904,,50.00000,20.00000,1.19617,1
105,1274,165.56500,12.74000,-0.54752,96.93477,,50.00000,20.00000,1.19615,1
105,1275,165.67300,12.75000,-0.54684,96.93048,,50.00000,20.00000,1.19614,1
105,1276,165.78900,12.76000,-0.54555,96.92754,,50.00000,20.00000,1.19612,1
105,1277,165.89200,12.77000,-0.54435,96.92324,,50.00000,20.00000,1.19610,1
105,1278,166.00800,12.78000,-0.54324,96.91760,,50.00000,20.00000,1.19608,1
105,1279,166.11800,12.79000,-0.54290,96.91334,,50.00000,20.00000,1.19606,1
105,1280,166.22900,12.80000,-0.54205,96.90775,,50.00000,20.00000,1.19604,1
105,1281,166.33200,12.81000,-0.54102,96.90489,,50.00000,20.00000,1.19603,1
105,1282,166.44701,12.82000,-0.54008,96.90069,,50.00000,20.00000,1.19601,1
105,1283,166.55000,12.83000,-0.53905,96.89646,,50.00000,20.00000,1.19599,1
105,1284,166.65601,12.84000,-0.53794,96.89355,,50.00000,20.00000,1.19597,1
105,1285,166.77100,12.85000,-0.53665,96.88928,,50.00000,20.00000,1.19595,1
105,1286,166.88600,12.86000,-0.53579,96.88230,,50.00000,20.00000,1.19593,1
105,1287,166.98700,12.87000,-0.53494,96.87667,,50.00000,20.00000,1.19592,1
105,1288,167.10400,12.88000,-0.53365,96.87105,,50.00000,20.00000,1.19589,1
105,1289,167.20399,12.89000,-0.53262,96.86410,,50.00000,20.00000,1.19588,1
105,1290,167.32300,12.90000,-0.53134,96.85852,,50.00000,20.00000,1.19586,1
105,1291,167.42400,12.91000,-0.53091,96.85565,,50.00000,20.00000,1.19584,1
105,1292,167.53799,12.92000,-0.52980,96.85279,,50.00000,20.00000,1.19582,1
105,1293,167.64301,12.93000,-0.52912,96.85128,,50.00000,20.00000,1.19580,1
105,1294,167.75101,12.94000,-0.52878,96.84975,,50.00000,20.00000,1.19578,1
105,1295,167.86099,12.95000,-0.52637,96.84954,,50.00000,20.00000,1.19576,1
105,1296,167.96500,12.96000,-0.52577,96.84794,,50.00000,20.00000,1.19574,1
105,1297,168.07899,12.97000,-0.52527,96.84636,,50.00000,20.00000,1.19572,1
105,1298,168.19800,12.98000,-0.52415,96.84345,,50.00000,20.00000,1.19570,1
105,1299,168.30299,12.99000,-0.52243,96.84057,,50.00000,20.00000,1.19569,1
105,1300,168.40500,13.00000,-0.52158,96.83907,,50.00000,20.00000,1.19567,1
105,1301,168.51199,13.01000,-0.52115,96.83620,,50.00000,20.00000,1.19565,1
105,1302,168.61800,13.02000,-0.52021,96.83330,,50.00000,20.00000,1.19563,1
105,1303,168.73900,13.03000,-0.51893,96.83034,,50.00000,20.00000,1.19561,1
105,1304,168.82899,13.04000,-0.51764,96.82736,,50.00000,20.00000,1.19559,1
105,1305,168.96001,13.05000,-0.51678,96.82303,,50.00000,20.00000,1.19557,1
105,1306,169.06799,13.06000,-0.51601,96.82007,,50.00000,20.00000,1.19555,1
105,1307,169.16901,13.07000,-0.51499,96.81577,,50.00000,20.00000,1.19553,1
105,1308,169.27699,13.08000,-0.51404,96.80877,,50.00000,20.00000,1.19551,1
105,1309,169.38600,13.09000,-0.51310,96.80312,,50.00000,20.00000,1.19549,1
105,1310,169.50500,13.10000,-0.51208,96.79883,,50.00000,20.00000,1.19547,1
105,1311,169.60699,13.11000,-0.51113,96.79320,,50.00000,20.00000,1.19545,1
105,1312,169.71201,13.12000,-0.51028,96.79031,,50.00000,20.00000,1.19543,1
105,1313,169.83501,13.13000,-0.50916,96.78609,,50.00000,20.00000,1.19541,1
105,1314,169.92599,13.14000,-0.50753,96.78188,,50.00000,20.00000,1.19539,1
105,1315,170.04100,13.15000,-0.50693,96.77767,,50.00000,20.00000,1.19537,1
105,1316,170.14400,13.16000,-0.50608,96.77480,,50.00000,20.00000,1.19535,1
105,1317,170.25800,13.17000,-0.50548,96.77326,,50.00000,20.00000,1.19533,1
105,1318,170.36000,13.18000,-0.50463,96.77035,,50.00000,20.00000,1.19531,1
105,1319,170.47400,13.19000,-0.50334,96.76744,,50.00000,20.00000,1.19529,1
105,1320,170.58501,13.20000,-0.50248,96.76452,,50.00000,20.00000,1.19527,1
105,1321,170.68201,13.21000,-0.50163,96.76158,,50.00000,20.00000,1.19525,1
105,1322,170.79800,13.22000,-0.50069,96.75865,,50.00000,20.00000,1.19523,1
105,1323,170.90700,13.23000,-0.49966,96.75710,,50.00000,20.00000,1.19521,1
105,1324,171.02100,13.24000,-0.49872,96.75693,,50.00000,20.00000,1.19518,1
105,1325,171.12199,13.25000,-0.49769,96.75543,,50.00000,20.00000,1.19517,1
105,1326,171.23000,13.26000,-0.49657,96.75392,,50.00000,20.00000,1.19514,1
105,1327,171.33000,13.27000,-0.49572,96.75240,,50.00000,20.00000,1.19513,1
105,1328,171.44000,13.28000,-0.49486,96.75084,,50.00000,20.00000,1.19510,1
105,1329,171.55800,13.29000,-0.49401,96.74924,,50.00000,20.00000,1.19508,1
105,1330,171.66000,13.30000,-0.49298,96.74763,,50.00000,20.00000,1.19506,1
105,1331,171.76900,13.31000,-0.49204,96.74465,,50.00000,20.00000,1.19504,1
105,1332,171.88000,13.32000,-0.49179,96.74305,,50.00000,20.00000,1.19502,1
105,1333,171.99001,13.33000,-0.49007,96.74148,,50.00000,20.00000,1.19500,1
105,1334,172.09500,13.34000,-0.48913,96.73994,,50.00000,20.00000,1.19498,1
105,1335,172.20599,13.35000,-0.48879,96.73979,,50.00000,20.00000,1.19496,1
105,1336,172.31300,13.36000,-0.48819,96.73831,,50.00000,20.00000,1.19493,1
105,1337,172.41701,13.37000,-0.48656,96.73816,,50.00000,20.00000,1.19491,1
105,1338,172.51401,13.38000,-0.48570,96.73661,,50.00000,20.00000,1.19490,1
105,1339,172.62900,13.39000,-0.48476,96.73503,,50.00000,20.00000,1.19487,1
105,1340,172.74300,13.40000,-0.48391,96.73207,,50.00000,20.00000,1.19485,1
105,1341,172.85100,13.41000,-0.48296,96.72912,,50.00000,20.00000,1.19483,1
105,1342,172.95799,13.42000,-0.48211,96.72484,,50.00000,20.00000,1.19481,1
105,1343,173.06500,13.43000,-0.48091,96.72195,,50.00000,20.00000,1.19479,1
105,1344,173.17300,13.44000,-0.47996,96.71908,,50.00000,20.00000,1.19476,1
105,1345,173.28000,13.45000,-0.47902,96.71620,,50.00000,20.00000,1.19474,1
105,1346,173.37500,13.46000,-0.47817,96.71329,,50.00000,20.00000,1.19472,1
105,1347,173.49400,13.47000,-0.47731,96.71173,,50.00000,20.00000,1.19470,1
105,1348,173.60500,13.48000,-0.47620,96.70883,,50.00000,20.00000,1.19468,1
105,1349,173.71400,13.49000,-0.47543,96.70597,,50.00000,20.00000,1.19466,1
105,1350,173.81200,13.50000,-0.47474,96.70313,,50.00000,20.00000,1.19464,1
105,1351,173.92101,13.51000,-0.47449,96.70166,,50.00000,20.00000,1.19461,1
105,1352,174.02299,13.52000,-0.47294,96.69746,,50.00000,20.00000,1.19459,1
105,1353,174.13100,13.53000,-0.47218,96.69188,,50.00000,20.00000,1.19457,1
105,1354,174.24300,13.54000,-0.47123,96.68760,,50.00000,20.00000,1.19455,1
105,1355,174.33701,13.55000,-0.46934,96.68329,,50.00000,20.00000,1.19453,1
105,1356,174.46500,13.56000,-0.46892,96.67898,,50.00000,20.00000,1.19450,1
105,1357,174.56200,13.57000,-0.46823,96.67331,,50.00000,20.00000,1.19448,1
105,1358,174.67300,13.58000,-0.46764,96.66898,,50.00000,20.00000,1.19446,1
105,1359,174.77600,13.59000,-0.46669,96.66601,,50.00000,20.00000,1.19444,1
105,1360,174.88800,13.60000,-0.46593,96.66303,,50.00000,20.00000,1.19441,1
105,1361,174.99500,13.61000,-0.46481,96.66142,,50.00000,20.00000,1.19439,1
105,1362,175.10899,13.62000,-0.46387,96.65983,,50.00000,20.00000,1.19437,1
105,1363,175.21201,13.63000,-0.46284,96.65960,,50.00000,20.00000,1.19435,1
105,1364,175.31900,13.64000,-0.46164,96.65939,,50.00000,20.00000,1.19432,1
105,1365,175.41701,13.65000,-0.46061,96.65781,,50.00000,20.00000,1.19430,1
105,1366,175.53799,13.66000,-0.45975,96.65759,,50.00000,20.00000,1.19428,1
105,1367,175.64301,13.67000,-0.45950,96.65600,,50.00000,20.00000,1.19426,1
105,1368,175.74001,13.68000,-0.45873,96.65441,,50.00000,20.00000,1.19423,1
105,1369,175.86200,13.69000,-0.45762,96.65282,,50.00000,20.00000,1.19421,1
105,1370,175.96100,13.70000,-0.45642,96.65121,,50.00000,20.00000,1.19419,1
105,1371,176.06400,13.71000,-0.45582,96.64959,,50.00000,20.00000,1.19417,1
105,1372,176.17700,13.72000,-0.45453,96.64664,,50.00000,20.00000,1.19414,1
105,1373,176.29401,13.73000,-0.45342,96.64506,,50.00000,20.00000,1.19412,1
105,1374,176.39101,13.74000,-0.45239,96.64216,,50.00000,20.00000,1.19410,1
105,1375,176.50400,13.75000,-0.45127,96.64062,,50.00000,20.00000,1.19407,1
105,1376,176.59399,13.76000,-0.45085,96.63774,,50.00000,20.00000,1.19405,1
105,1377,176.71300,13.77000,-0.45025,96.63620,,50.00000,20.00000,1.19403,1
105,1378,176.82201,13.78000,-0.44939,96.63330,,50.00000,20.00000,1.19400,1
105,1379,176.92300,13.79000,-0.44836,96.63173,,50.00000,20.00000,1.19398,1
105,1380,177.02499,13.80000,-0.44725,96.63016,,50.00000,20.00000,1.19396,1
105,1381,177.14200,13.81000,-0.44648,96.62859,,50.00000,20.00000,1.19393,1
105,1382,177.24500,13.82000,-0.44554,96.62837,,50.00000,20.00000,1.19391,1
105,1383,177.35100,13.83000,-0.44494,96.62817,,50.00000,20.00000,1.19389,1
105,1384,177.45799,13.84000,-0.44426,96.62664,,50.00000,20.00000,1.19386,1
105,1385,177.56900,13.85000,-0.44323,96.62648,,50.00000,20.00000,1.19384,1
105,1386,177.66600,13.86000,-0.44220,96.62495,,50.00000,20.00000,1.19382,1
105,1387,177.77000,13.87000,-0.44134,96.62340,,50.00000,20.00000,1.19379,1
105,1388,177.88000,13.88000,-0.44031,96.62184,,50.00000,20.00000,1.19377,1
105,1389,177.99699,13.89000,-0.43963,96.62025,,50.00000,20.00000,1.19374,1
105,1390,178.08800,13.90000,-0.43843,96.61865,,50.00000,20.00000,1.19372,1
105,1391,178.20000,13.91000,-0.43722,96.61708,,50.00000,20.00000,1.19370,1
105,1392,178.31799,13.92000,-0.43689,96.61283,,50.00000,20.00000,1.19367,1
105,1393,178.41299,13.93000,-0.43542,96.60723,,50.00000,20.00000,1.19365,1
105,1394,178.51900,13.94000,-0.43431,96.60301,,50.00000,20.00000,1.19363,1
105,1395,178.62500,13.95000,-0.43354,96.59745,,50.00000,20.00000,1.19360,1
105,1396,178.73100,13.96000,-0.43251,96.59322,,50.00000,20.00000,1.19358,1
105,1397,178.83501,13.97000,-0.43234,96.58763,,50.00000,20.00000,1.19356,1
105,1398,178.94299,13.98000,-0.43201,96.58201,,50.00000,20.00000,1.19353,1
105,1399,179.04401,13.99000,-0.43080,96.57773,,50.00000,20.00000,1.19351,1
105,1400,179.15900,14.00000,-0.42926,96.57344,,50.00000,20.00000,1.19348,1
105,1401,179.26199,14.01000,-0.42823,96.56913,,50.00000,20.00000,1.19346,1
105,1402,179.36301,14.02000,-0.42780,96.56616,,50.00000,20.00000,1.19344,1
105,1403,179.47600,14.03000,-0.42669,96.56184,,50.00000,20.00000,1.19341,1
105,1404,179.58600,14.04000,-0.42566,96.55889,,50.00000,20.00000,1.19338,1
105,1405,179.68600,14.05000,-0.42471,96.55460,,50.00000,20.00000,1.19336,1
105,1406,179.79900,14.06000,-0.42386,96.55303,,50.00000,20.00000,1.19334,1
105,1407,179.89799,14.07000,-0.42291,96.55010,,50.00000,20.00000,1.19331,1
105,1408,180.00400,14.08000,-0.42258,96.54716,,50.00000,20.00000,1.19329,1
105,1409,180.11301,14.09000,-0.42181,96.54557,,50.00000,20.00000,1.19326,1
105,1410,180.22200,14.10000,-0.42060,96.54261,,50.00000,20.00000,1.19324,1
105,1411,180.32300,14.11000,-0.41992,96.53964,,50.00000,20.00000,1.19321,1
105,1412,180.43401,14.12000,-0.41898,96.53533,,50.00000,20.00000,1.19319,1
105,1413,180.54100,14.13000,-0.41812,96.52968,,50.00000,20.00000,1.19316,1
105,1414,180.64500,14.14000,-0.41726,96.52541,,50.00000,20.00000,1.19314,1
105,1415,180.75200,14.15000,-0.41658,96.51982,,50.00000,20.00000,1.19311,1
105,1416,180.85600,14.16000,-0.41546,96.51427,,50.00000,20.00000,1.19309,1
105,1417,180.96500,14.17000,-0.41461,96.50876,,50.00000,20.00000,1.19306,1
105,1418,181.06300,14.18000,-0.41375,96.50596,,50.00000,20.00000,1.19304,1
105,1419,181.16701,14.19000,-0.41272,96.50317,,50.00000,20.00000,1.19302,1
105,1420,181.26900,14.20000,-0.41186,96.50169,,50.00000,20.00000,1.19299,1
105,1421,181.37399,14.21000,-0.41092,96.50015,,50.00000,20.00000,1.19297,1
105,1422,181.47501,14.22000,-0.41084,96.49855,,50.00000,20.00000,1.19294,1
105,1423,181.58800,14.23000,-0.41024,96.49826,,50.00000,20.00000,1.19292,1
105,1424,181.69600,14.24000,-0.40887,96.49662,,50.00000,20.00000,1.19289,1
105,1425,181.80400,14.25000,-0.40766,96.49635,,50.00000,20.00000,1.19286,1
105,1426,181.91701,14.26000,-0.40672,96.49611,,50.00000,20.00000,1.19284,1
105,1427,182.00600,14.27000,-0.40577,96.49452,,50.00000,20.00000,1.19282,1
105,1428,182.11700,14.28000,-0.40492,96.49292,,50.00000,20.00000,1.19279,1
105,1429,182.22800,14.29000,-0.40423,96.49130,,50.00000,20.00000,1.19276,1
105,1430,182.32800,14.30000,-0.40329,96.48965,,50.00000,20.00000,1.19274,1
105,1431,182.43600,14.31000,-0.40252,96.48801,,50.00000,20.00000,1.19271,1
105,1432,182.55299,14.32000,-0.40201,96.48639,,50.00000,20.00000,1.19268,1
105,1433,182.65500,14.33000,-0.40124,96.48345,,50.00000,20.00000,1.19266,1
105,1434,182.75400,14.34000,-0.40047,96.48190,,50.00000,20.00000,1.19263,1
105,1435,182.86301,14.35000,-0.39970,96.47903,,50.00000,20.00000,1.19261,1
105,1436,182.96500,14.36000,-0.39901,96.47752,,50.00000,20.00000,1.19258,1
105,1437,183.07001,14.37000,-0.39729,96.47467,,50.00000,20.00000,1.19256,1
105,1438,183.18100,14.38000,-0.39687,96.47316,,50.00000,20.00000,1.19253,1
105,1439,183.27299,14.39000,-0.39618,96.47160,,50.00000,20.00000,1.19251,1
105,1440,183.37700,14.40000,-0.39524,96.46862,,50.00000,20.00000,1.19248,1
105,1441,183.48801,14.41000,-0.39395,96.46831,,50.00000,20.00000,1.19245,1
105,1442,183.59599,14.42000,-0.39335,96.46666,,50.00000,20.00000,1.19243,1
105,1443,183.71800,14.43000,-0.39249,96.46639,,50.00000,20.00000,1.19240,1
105,1444,183.81400,14.44000,-0.39138,96.46482,,50.00000,20.00000,1.19237,1
105,1445,183.91400,14.45000,-0.39043,96.46460,,50.00000,20.00000,1.19235,1
105,1446,184.00700,14.46000,-0.39001,96.46436,,50.00000,20.00000,1.19232,1
105,1447,184.12801,14.47000,-0.38898,96.46272,,50.00000,20.00000,1.19229,1
105,1448,184.22800,14.48000,-0.38812,96.46103,,50.00000,20.00000,1.19227,1
105,1449,184.34200,14.49000,-0.38709,96.46069,,50.00000,20.00000,1.19224,1
105,1450,184.45200,14.50000,-0.38588,96.45903,,50.00000,20.00000,1.19221,1
105,1451,184.55600,14.51000,-0.38485,96.45741,,50.00000,20.00000,1.19219,1
105,1452,184.65800,14.52000,-0.38400,96.45581,,50.00000,20.00000,1.19216,1
105,1453,184.76199,14.53000,-0.38366,96.45422,,50.00000,20.00000,1.19213,1
105,1454,184.86700,14.54000,-0.38280,96.45261,,50.00000,20.00000,1.19211,1
105,1455,184.97600,14.55000,-0.38194,96.45098,,50.00000,20.00000,1.19208,1
105,1456,185.08000,14.56000,-0.38126,96.44933,,50.00000,20.00000,1.19205,1
105,1457,185.18600,14.57000,-0.38057,96.44766,,50.00000,20.00000,1.19203,1
105,1458,185.29800,14.58000,-0.37980,96.44600,,50.00000,20.00000,1.19200,1
105,1459,185.39301,14.59000,-0.37929,96.44434,,50.00000,20.00000,1.19197,1
105,1460,185.51601,14.60000,-0.37817,96.44271,,50.00000,20.00000,1.19194,1
105,1461,185.61400,14.61000,-0.37706,96.43838,,50.00000,20.00000,1.19192,1
105,1462,185.72000,14.62000,-0.37611,96.43676,,50.00000,20.00000,1.19189,1
105,1463,185.81300,14.63000,-0.37508,96.43376,,50.00000,20.00000,1.19186,1
105,1464,185.92999,14.64000,-0.37405,96.43077,,50.00000,20.00000,1.19183,1
105,1465,186.04500,14.65000,-0.37311,96.42915,,50.00000,20.00000,1.19180,1
105,1466,186.13901,14.66000,-0.37311,96.42621,,50.00000,20.00000,1.19178,1
105,1467,186.25600,14.67000,-0.37208,96.42468,,50.00000,20.00000,1.19175,1
105,1468,186.34801,14.68000,-0.37114,96.42181,,50.00000,20.00000,1.19173,1
105,1469,186.45000,14.69000,-0.37028,96.42029,,50.00000,20.00000,1.19170,1
105,1470,186.55499,14.70000,-0.37029,96.41876,,50.00000,20.00000,1.19167,1
105,1471,186.66400,14.71000,-0.36891,96.41587,,50.00000,20.00000,1.19164,1
105,1472,186.77200,14.72000,-0.36805,96.41433,,50.00000,20.00000,1.19161,1
105,1473,186.86800,14.73000,-0.36676,96.41278,,50.00000,20.00000,1.19159,1
105,1474,186.97600,14.74000,-0.36651,96.41122,,50.00000,20.00000,1.19156,1
105,1475,187.07500,14.75000,-0.36539,96.40692,,50.00000,20.00000,1.19154,1
105,1476,187.18500,14.76000,-0.36453,96.40529,,50.00000,20.00000,1.19151,1
105,1477,187.28999,14.77000,-0.36367,96.40228,,50.00000,20.00000,1.19148,1
105,1478,187.39400,14.78000,-0.36308,96.39926,,50.00000,20.00000,1.19145,1
105,1479,187.50500,14.79000,-0.36196,96.39762,,50.00000,20.00000,1.19142,1
105,1480,187.61700,14.80000,-0.36127,96.39467,,50.00000,20.00000,1.19139,1
105,1481,187.71700,14.81000,-0.36050,96.39039,,50.00000,20.00000,1.19136,1
105,1482,187.81100,14.82000,-0.35973,96.38614,,50.00000,20.00000,1.19134,1
105,1483,187.92101,14.83000,-0.35904,96.38188,,50.00000,20.00000,1.19131,1
105,1484,188.02699,14.84000,-0.35845,96.37894,,50.00000,20.00000,1.19128,1
105,1485,188.13100,14.85000,-0.35750,96.37595,,50.00000,20.00000,1.19125,1
105,1486,188.22701,14.86000,-0.35664,96.37293,,50.00000,20.00000,1.19123,1
105,1487,188.34599,14.87000,-0.35561,96.36991,,50.00000,20.00000,1.19120,1
105,1488,188.45300,14.88000,-0.35449,96.36828,,50.00000,20.00000,1.19117,1
105,1489,188.56100,14.89000,-0.35355,96.36807,,50.00000,20.00000,1.19114,1
105,1490,188.65800,14.90000,-0.35260,96.36658,,50.00000,20.00000,1.19111,1
105,1491,188.76801,14.91000,-0.35174,96.36513,,50.00000,20.00000,1.19108,1
105,1492,188.85600,14.92000,-0.35158,96.36366,,50.00000,20.00000,1.19106,1
105,1493,188.96201,14.93000,-0.35107,96.36214,,50.00000,20.00000,1.19103,1
105,1494,189.05800,14.94000,-0.35003,96.36057,,50.00000,20.00000,1.19100,1
105,1495,189.17999,14.95000,-0.34926,96.35895,,50.00000,20.00000,1.19097,1
105,1496,189.28000,14.96000,-0.34788,96.35732,,50.00000,20.00000,1.19094,1
105,1497,189.38699,14.97000,-0.34729,96.35572,,50.00000,20.00000,1.19091,1
105,1498,189.49400,14.98000,-0.34634,96.35278,,50.00000,20.00000,1.19088,1
105,1499,189.58800,14.99000,-0.34557,96.35122,,50.00000,20.00000,1.19086,1
105,1500,189.69800,15.00000,-0.34523,96.34830,,50.00000,20.00000,1.19083,1
105,1501,189.79900,15.01000,-0.34463,96.34672,,50.00000,20.00000,1.19080,1
105,1502,189.90601,15.02000,-0.34377,96.34513,,50.00000,20.00000,1.19077,1
105,1503,190.01199,15.03000,-0.34239,96.34217,,50.00000,20.00000,1.19074,1
105,1504,190.11600,15.04000,-0.34197,96.34054,,50.00000,20.00000,1.19071,1
105,1505,190.20900,15.05000,-0.34085,96.33890,,50.00000,20.00000,1.19068,1
105,1506,190.33400,15.06000,-0.33973,96.33728,,50.00000,20.00000,1.19065,1
105,1507,190.43100,15.07000,-0.33878,96.33567,,50.00000,20.00000,1.19062,1
105,1508,190.54100,15.08000,-0.33844,96.33409,,50.00000,20.00000,1.19059,1
105,1509,190.63200,15.09000,-0.33810,96.33253,,50.00000,20.00000,1.19057,1
105,1510,190.74500,15.10000,-0.33725,96.33099,,50.00000,20.00000,1.19053,1
105,1511,190.84500,15.11000,-0.33639,96.32944,,50.00000,20.00000,1.19051,1
105,1512,190.94701,15.12000,-0.33535,96.32654,,50.00000,20.00000,1.19048,1
105,1513,191.05901,15.13000,-0.33450,96.32500,,50.00000,20.00000,1.19045,1
105,1514,191.15401,15.14000,-0.33364,96.32344,,50.00000,20.00000,1.19042,1
105,1515,191.25700,15.15000,-0.33278,96.32186,,50.00000,20.00000,1.19039,1
105,1516,191.36099,15.16000,-0.33218,96.32026,,50.00000,20.00000,1.19036,1
105,1517,191.47301,15.17000,-0.33149,96.32000,,50.00000,20.00000,1.19033,1
105,1518,191.56900,15.18000,-0.33063,96.31973,,50.00000,20.00000,1.19030,1
105,1519,191.68401,15.19000,-0.32986,96.31811,,50.00000,20.00000,1.19027,1
105,1520,191.78101,15.20000,-0.32883,96.31785,,50.00000,20.00000,1.19024,1
105,1521,191.88800,15.21000,-0.32788,96.31760,,50.00000,20.00000,1.19021,1
105,1522,191.99001,15.22000,-0.32702,96.31735,,50.00000,20.00000,1.19018,1
105,1523,192.09500,15.23000,-0.32651,96.31709,,50.00000,20.00000,1.19015,1
105,1524,192.20200,15.24000,-0.32582,96.31684,,50.00000,20.00000,1.19012,1
105,1525,192.30299,15.25000,-0.32488,96.31661,,50.00000,20.00000,1.19009,1
105,1526,192.41400,15.26000,-0.32428,96.31640,,50.00000,20.00000,1.19006,1
105,1527,192.50900,15.27000,-0.32333,96.31620,,50.00000,20.00000,1.19003,1
105,1528,192.61900,15.28000,-0.32247,96.31466,,50.00000,20.00000,1.19000,1
105,1529,192.71300,15.29000,-0.32144,96.31447,,50.00000,20.00000,1.18997,1
105,1530,192.82100,15.30000,-0.32127,96.31428,,50.00000,20.00000,1.18994,1
105,1531,192.92599,15.31000,-0.31998,96.31274,,50.00000,20.00000,1.18991,1
105,1532,193.03101,15.32000,-0.31981,96.31255,,50.00000,20.00000,1.18988,1
105,1533,193.12500,15.33000,-0.31904,96.31100,,50.00000,20.00000,1.18985,1
105,1534,193.23399,15.34000,-0.31775,96.31081,,50.00000,20.00000,1.18982,1
105,1535,193.34599,15.35000,-0.31706,96.30789,,50.00000,20.00000,1.18979,1
105,1536,193.42900,15.36000,-0.31637,96.30628,,50.00000,20.00000,1.18976,1
105,1537,193.53999,15.37000,-0.31560,96.30330,,50.00000,20.00000,1.18973,1
105,1538,193.65800,15.38000,-0.31448,96.30031,,50.00000,20.00000,1.18970,1
105,1539,193.75000,15.39000,-0.31379,96.29868,,50.00000,20.00000,1.18967,1
105,1540,193.86501,15.40000,-0.31276,96.29709,,50.00000,20.00000,1.18964,1
105,1541,193.96400,15.41000,-0.31181,96.29553,,50.00000,20.00000,1.18961,1
105,1542,194.06000,15.42000,-0.31121,96.29264,,50.00000,20.00000,1.18958,1
105,1543,194.17300,15.43000,-0.31035,96.29111,,50.00000,20.00000,1.18955,1
105,1544,194.26401,15.44000,-0.30958,96.28958,,50.00000,20.00000,1.18952,1
105,1545,194.37601,15.45000,-0.30976,96.28803,,50.00000,20.00000,1.18949,1
105,1546,194.47800,15.46000,-0.30942,96.28781,,50.00000,20.00000,1.18945,1
105,1547,194.57100,15.47000,-0.30795,96.28619,,50.00000,20.00000,1.18943,1
105,1548,194.68100,15.48000,-0.30736,96.28591,,50.00000,20.00000,1.18939,1
105,1549,194.79601,15.49000,-0.30676,96.28427,,50.00000,20.00000,1.18936,1
105,1550,194.88800,15.50000,-0.30598,96.28127,,50.00000,20.00000,1.18933,1
105,1551,195.00500,15.51000,-0.30556,96.27963,,50.00000,20.00000,1.18930,1
105,1552,195.09801,15.52000,-0.30452,96.27666,,50.00000,20.00000,1.18927,1
105,1553,195.20300,15.53000,-0.30340,96.27501,,50.00000,20.00000,1.18924,1
105,1554,195.31300,15.54000,-0.30254,96.27202,,50.00000,20.00000,1.18920,1
105,1555,195.41901,15.55000,-0.30151,96.27043,,50.00000,20.00000,1.18917,1
105,1556,195.50800,15.56000,-0.30117,96.26748,,50.00000,20.00000,1.18915,1
105,1557,195.62300,15.57000,-0.30022,96.26590,,50.00000,20.00000,1.18911,1
105,1558,195.72000,15.58000,-0.29953,96.26297,,50.00000,20.00000,1.18908,1
105,1559,195.83299,15.59000,-0.29928,96.26137,,50.00000,20.00000,1.18905,1
105,1560,195.93700,15.60000,-0.29868,96.25846,,50.00000,20.00000,1.18902,1
105,1561,196.03500,15.61000,-0.29765,96.25692,,50.00000,20.00000,1.18899,1
105,1562,196.13499,15.62000,-0.29696,96.25537,,50.00000,20.00000,1.18895,1
105,1563,196.23900,15.63000,-0.29532,96.25245,,50.00000,20.00000,1.18892,1
105,1564,196.33800,15.64000,-0.29489,96.25089,,50.00000,20.00000,1.18889,1
105,1565,196.44200,15.65000,-0.29446,96.24930,,50.00000,20.00000,1.18886,1
105,1566,196.54900,15.66000,-0.29282,96.24770,,50.00000,20.00000,1.18883,1
105,1567,196.65500,15.67000,-0.29222,96.24744,,50.00000,20.00000,1.18880,1
105,1568,196.75900,15.68000,-0.29188,96.24716,,50.00000,20.00000,1.18876,1
105,1569,196.86501,15.69000,-0.29137,96.24554,,50.00000,20.00000,1.18873,1
105,1570,196.96300,15.70000,-0.29085,96.24529,,50.00000,20.00000,1.18870,1
105,1571,197.07300,15.71000,-0.29034,96.24503,,50.00000,20.00000,1.18867,1
105,1572,197.17000,15.72000,-0.28948,96.24478,,50.00000,20.00000,1.18864,1
105,1573,197.27600,15.73000,-0.28862,96.24461,,50.00000,20.00000,1.18860,1
105,1574,197.38200,15.74000,-0.28793,96.24442,,50.00000,20.00000,1.18857,1
105,1575,197.46899,15.75000,-0.28707,96.24416,,50.00000,20.00000,1.18854,1
105,1576,197.58299,15.76000,-0.28621,96.24386,,50.00000,20.00000,1.18851,1
105,1577,197.68900,15.77000,-0.28500,96.24219,,50.00000,20.00000,1.18847,1
105,1578,197.79700,15.78000,-0.28466,96.24184,,50.00000,20.00000,1.18844,1
105,1579,197.89900,15.79000,-0.28424,96.24015,,50.00000,20.00000,1.18841,1
105,1580,198.00800,15.80000,-0.28337,96.23854,,50.00000,20.00000,1.18837,1
105,1581,198.10100,15.81000,-0.28260,96.23831,,50.00000,20.00000,1.18835,1
105,1582,198.20300,15.82000,-0.28182,96.23680,,50.00000,20.00000,1.18831,1
105,1583,198.31900,15.83000,-0.28123,96.23531,,50.00000,20.00000,1.18828,1
105,1584,198.40900,15.84000,-0.28054,96.23378,,50.00000,20.00000,1.18825,1
105,1585,198.50900,15.85000,-0.27959,96.23362,,50.00000,20.00000,1.18822,1
105,1586,198.61400,15.86000,-0.27881,96.23211,,50.00000,20.00000,1.18818,1
105,1587,198.72501,15.87000,-0.27787,96.22786,,50.00000,20.00000,1.18815,1
105,1588,198.81400,15.88000,-0.27726,96.22358,,50.00000,20.00000,1.18812,1
105,1589,198.91400,15.89000,-0.27753,96.21931,,50.00000,20.00000,1.18809,1
105,1590,199.02400,15.90000,-0.27728,96.21637,,50.00000,20.00000,1.18805,1
105,1591,199.12601,15.91000,-0.27590,96.21209,,50.00000,20.00000,1.18802,1
105,1592,199.23599,15.92000,-0.27504,96.20915,,50.00000,20.00000,1.18799,1
105,1593,199.33099,15.93000,-0.27417,96.20619,,50.00000,20.00000,1.18796,1
105,1594,199.44200,15.94000,-0.27357,96.20325,,50.00000,20.00000,1.18792,1
105,1595,199.54201,15.95000,-0.27288,96.20031,,50.00000,20.00000,1.18789,1
105,1596,199.63600,15.96000,-0.27159,96.19734,,50.00000,20.00000,1.18786,1
105,1597,199.75101,15.97000,-0.27151,96.19573,,50.00000,20.00000,1.18782,1
105,1598,199.84500,15.98000,-0.27117,96.19281,,50.00000,20.00000,1.18779,1
105,1599,199.95000,15.99000,-0.27039,96.18988,,50.00000,20.00000,1.18776,1
105,1600,200.05701,16.00000,-0.26953,96.18826,,50.00000,20.00000,1.18772,1
105,1601,200.15700,16.01000,-0.26841,96.18664,,50.00000,20.00000,1.18769,1
105,1602,200.26300,16.02000,-0.26763,96.18504,,50.00000,20.00000,1.18766,1
105,1603,200.37300,16.03000,-0.26686,96.18478,,50.00000,20.00000,1.18762,1
105,1604,200.46001,16.04000,-0.26608,96.18453,,50.00000,20.00000,1.18759,1
105,1605,200.57001,16.05000,-0.26522,96.18295,,50.00000,20.00000,1.18756,1
105,1606,200.67200,16.06000,-0.26445,96.18274,,50.00000,20.00000,1.18752,1
105,1607,200.77499,16.07000,-0.26367,96.18257,,50.00000,20.00000,1.18749,1
105,1608,200.88000,16.08000,-0.26290,96.18240,,50.00000,20.00000,1.18745,1
105,1609,200.97600,16.09000,-0.26282,96.18219,,50.00000,20.00000,1.18742,1
105,1610,201.08299,16.10000,-0.26204,96.18195,,50.00000,20.00000,1.18739,1
105,1611,201.17500,16.11000,-0.26170,96.18169,,50.00000,20.00000,1.18736,1
105,1612,201.28799,16.12000,-0.26066,96.18139,,50.00000,20.00000,1.18732,1
105,1613,201.39400,16.13000,-0.25902,96.18109,,50.00000,20.00000,1.18729,1
105,1614,201.49899,16.14000,-0.25842,96.17950,,50.00000,20.00000,1.18725,1
105,1615,201.59000,16.15000,-0.25755,96.17929,,50.00000,20.00000,1.18722,1
105,1616,201.70599,16.16000,-0.25722,96.17780,,50.00000,20.00000,1.18718,1
105,1617,201.79700,16.17000,-0.25757,96.17767,,50.00000,20.00000,1.18715,1
105,1618,201.89301,16.18000,-0.25679,96.17613,,50.00000,20.00000,1.18712,1
105,1619,201.99600,16.19000,-0.25567,96.17455,,50.00000,20.00000,1.18709,1
105,1620,202.10500,16.20000,-0.25481,96.17430,,50.00000,20.00000,1.18705,1
105,1621,202.21001,16.21000,-0.25403,96.17266,,50.00000,20.00000,1.18702,1
105,1622,202.31500,16.22000,-0.25352,96.17103,,50.00000,20.00000,1.18698,1
105,1623,202.40700,16.23000,-0.25248,96.16950,,50.00000,20.00000,1.18695,1
105,1624,202.51801,16.24000,-0.25162,96.16934,,50.00000,20.00000,1.18691,1
105,1625,202.61301,16.25000,-0.25093,96.16778,,50.00000,20.00000,1.18688,1
105,1626,202.71600,16.26000,-0.25050,96.16618,,50.00000,20.00000,1.18685,1
105,1627,202.81700,16.27000,-0.25007,96.16452,,50.00000,20.00000,1.18681,1
105,1628,202.91701,16.28000,-0.24947,96.16277,,50.00000,20.00000,1.18678,1
105,1629,203.03200,16.29000,-0.24870,96.16237,,50.00000,20.00000,1.18674,1
105,1630,203.13400,16.30000,-0.24801,96.15929,,50.00000,20.00000,1.18671,1
105,1631,203.25000,16.31000,-0.24732,96.15895,,50.00000,20.00000,1.18667,1
105,1632,203.34500,16.32000,-0.24672,96.15739,,50.00000,20.00000,1.18664,1
105,1633,203.45200,16.33000,-0.24603,96.15588,,50.00000,20.00000,1.18660,1
105,1634,203.53300,16.34000,-0.24508,96.15434,,50.00000,20.00000,1.18657,1
105,1635,203.64799,16.35000,-0.24439,96.15281,,50.00000,20.00000,1.18653,1
105,1636,203.75400,16.36000,-0.24370,96.15263,,50.00000,20.00000,1.18650,1
105,1637,203.85001,16.37000,-0.24266,96.15105,,50.00000,20.00000,1.18646,1
105,1638,203.95200,16.38000,-0.24215,96.15081,,50.00000,20.00000,1.18643,1
105,1639,204.04700,16.39000,-0.24146,96.14925,,50.00000,20.00000,1.18640,1
105,1640,204.15800,16.40000,-0.24077,96.14767,,50.00000,20.00000,1.18636,1
105,1641,204.25700,16.41000,-0.24017,96.14750,,50.00000,20.00000,1.18633,1
105,1642,204.36400,16.42000,-0.23965,96.14598,,50.00000,20.00000,1.18629,1
105,1643,204.46700,16.43000,-0.23896,96.14579,,50.00000,20.00000,1.18625,1
105,1644,204.55800,16.44000,-0.23888,96.14424,,50.00000,20.00000,1.18622,1
105,1645,204.65900,16.45000,-0.23828,96.14266,,50.00000,20.00000,1.18619,1
105,1646,204.76900,16.46000,-0.23742,96.14237,,50.00000,20.00000,1.18615,1
105,1647,204.86800,16.47000,-0.23664,96.14070,,50.00000,20.00000,1.18612,1
105,1648,204.96500,16.48000,-0.23621,96.14042,,50.00000,20.00000,1.18608,1
105,1649,205.08400,16.49000,-0.23578,96.13878,,50.00000,20.00000,1.18604,1
105,1650,205.19099,16.50000,-0.23501,96.13850,,50.00000,20.00000,1.18600,1
105,1651,205.28300,16.51000,-0.23449,96.13824,,50.00000,20.00000,1.18597,1
105,1652,205.38300,16.52000,-0.23354,96.13666,,50.00000,20.00000,1.18594,1
105,1653,205.49100,16.53000,-0.23294,96.13642,,50.00000,20.00000,1.18590,1
105,1654,205.58900,16.54000,-0.23207,96.13483,,50.00000,20.00000,1.18587,1
105,1655,205.69600,16.55000,-0.23156,96.13329,,50.00000,20.00000,1.18583,1
105,1656,205.78700,16.56000,-0.23078,96.13041,,50.00000,20.00000,1.18580,1
105,1657,205.89799,16.57000,-0.23018,96.12756,,50.00000,20.00000,1.18576,1
105,1658,205.99100,16.58000,-0.22949,96.12469,,50.00000,20.00000,1.18572,1
105,1659,206.09599,16.59000,-0.22880,96.12177,,50.00000,20.00000,1.18569,1
105,1660,206.19000,16.60000,-0.22820,96.12018,,50.00000,20.00000,1.18566,1
105,1661,206.30400,16.61000,-0.22742,96.11723,,50.00000,20.00000,1.18562,1
105,1662,206.40300,16.62000,-0.22629,96.11558,,50.00000,20.00000,1.18558,1
105,1663,206.50400,16.63000,-0.22613,96.11259,,50.00000,20.00000,1.18554,1
105,1664,206.60699,16.64000,-0.22578,96.11103,,50.00000,20.00000,1.18551,1
105,1665,206.71100,16.65000,-0.22527,96.10949,,50.00000,20.00000,1.18547,1
105,1666,206.80600,16.66000,-0.22458,96.10925,,50.00000,20.00000,1.18544,1
105,1667,206.91299,16.67000,-0.22328,96.10903,,50.00000,20.00000,1.18540,1
105,1668,207.01601,16.68000,-0.22302,96.10746,,50.00000,20.00000,1.18536,1
105,1669,207.11800,16.69000,-0.22242,96.10724,,50.00000,20.00000,1.18533,1
105,1670,207.21300,16.70000,-0.22225,96.10703,,50.00000,20.00000,1.18529,1
105,1671,207.31700,16.71000,-0.22182,96.10542,,50.00000,20.00000,1.18526,1
105,1672,207.42700,16.72000,-0.22087,96.10515,,50.00000,20.00000,1.18522,1
105,1673,207.51601,16.73000,-0.22027,96.10357,,50.00000,20.00000,1.18519,1
105,1674,207.62000,16.74000,-0.21940,96.10197,,50.00000,20.00000,1.18515,1
105,1675,207.73000,16.75000,-0.21889,96.10169,,50.00000,20.00000,1.18511,1
105,1676,207.83900,16.76000,-0.21846,96.10006,,50.00000,20.00000,1.18507,1
105,1677,207.93100,16.77000,-0.21768,96.09844,,50.00000,20.00000,1.18504,1
105,1678,208.03500,16.78000,-0.21708,96.09681,,50.00000,20.00000,1.18500,1
105,1679,208.13901,16.79000,-0.21639,96.09655,,50.00000,20.00000,1.18496,1
105,1680,208.23700,16.80000,-0.21570,96.09499,,50.00000,20.00000,1.18493,1
105,1681,208.34599,16.81000,-0.21466,96.09348,,50.00000,20.00000,1.18489,1
105,1682,208.44299,16.82000,-0.21414,96.09339,,50.00000,20.00000,1.18485,1
105,1683,208.53999,16.83000,-0.21380,96.09195,,50.00000,20.00000,1.18482,1
105,1684,208.62199,16.84000,-0.21293,96.09179,,50.00000,20.00000,1.18479,1
105,1685,208.74300,16.85000,-0.21242,96.09023,,50.00000,20.00000,1.18474,1
105,1686,208.83600,16.86000,-0.21208,96.08999,,50.00000,20.00000,1.18471,1
105,1687,208.94400,16.87000,-0.21112,96.08970,,50.00000,20.00000,1.18467,1
105,1688,209.05200,16.88000,-0.21070,96.08943,,50.00000,20.00000,1.18463,1
105,1689,209.14700,16.89000,-0.20992,96.08924,,50.00000,20.00000,1.18460,1
105,1690,209.24100,16.90000,-0.20940,96.08905,,50.00000,20.00000,1.18456,1
105,1691,209.34700,16.91000,-0.20906,96.08747,,50.00000,20.00000,1.18453,1
105,1692,209.44701,16.92000,-0.20872,96.08723,,50.00000,20.00000,1.18449,1
105,1693,209.55901,16.93000,-0.20803,96.08566,,50.00000,20.00000,1.18445,1
105,1694,209.65700,16.94000,-0.20742,96.08545,,50.00000,20.00000,1.18441,1
105,1695,209.75301,16.95000,-0.20673,96.08389,,50.00000,20.00000,1.18438,1
105,1696,209.84900,16.96000,-0.20604,96.08363,,50.00000,20.00000,1.18434,1
105,1697,209.95700,16.97000,-0.20517,96.08201,,50.00000,20.00000,1.18430,1
105,1698,210.05400,16.98000,-0.20474,96.08180,,50.00000,20.00000,1.18427,1
105,1699,210.16600,16.99000,-0.20414,96.08024,,50.00000,20.00000,1.18422,1
105,1700,210.27000,17.00000,-0.20345,96.08002,,50.00000,20.00000,1.18419,1
105,1701,210.36099,17.01000,-0.20302,96.07848,,50.00000,20.00000,1.18415,1
105,1702,210.46600,17.02000,-0.20250,96.07831,,50.00000,20.00000,1.18411,1
105,1703,210.56200,17.03000,-0.20207,96.07676,,50.00000,20.00000,1.18408,1
105,1704,210.66200,17.04000,-0.20138,96.07655,,50.00000,20.00000,1.18404,1
105,1705,210.76500,17.05000,-0.20095,96.07500,,50.00000,20.00000,1.18400,1
105,1706,210.86501,17.06000,-0.20000,96.07479,,50.00000,20.00000,1.18397,1
105,1707,210.97200,17.07000,-0.20001,96.07324,,50.00000,20.00000,1.18393,1
105,1708,211.06400,17.08000,-0.19844,96.07303,,50.00000,20.00000,1.18389,1
105,1709,211.16800,17.09000,-0.19827,96.07278,,50.00000,20.00000,1.18385,1
105,1710,211.27600,17.10000,-0.19828,96.07119,,50.00000,20.00000,1.18381,1
105,1711,211.37801,17.11000,-0.19768,96.07096,,50.00000,20.00000,1.18377,1
105,1712,211.47701,17.12000,-0.19716,96.07070,,50.00000,20.00000,1.18374,1
105,1713,211.57001,17.13000,-0.19655,96.06907,,50.00000,20.00000,1.18370,1
105,1714,211.67300,17.14000,-0.19569,96.06885,,50.00000,20.00000,1.18366,1
105,1715,211.78400,17.15000,-0.19482,96.06728,,50.00000,20.00000,1.18362,1
105,1716,211.88499,17.16000,-0.19431,96.06704,,50.00000,20.00000,1.18358,1
105,1717,211.98599,17.17000,-0.19405,96.06683,,50.00000,20.00000,1.18355,1
105,1718,212.08900,17.18000,-0.19397,96.06530,,50.00000,20.00000,1.18351,1
105,1719,212.17900,17.19000,-0.19380,96.06512,,50.00000,20.00000,1.18347,1
105,1720,212.27800,17.20000,-0.19320,96.06358,,50.00000,20.00000,1.18344,1
105,1721,212.38901,17.21000,-0.19259,96.06334,,50.00000,20.00000,1.18339,1
105,1722,212.47701,17.22000,-0.19164,96.06172,,50.00000,20.00000,1.18336,1
105,1723,212.59500,17.23000,-0.19086,96.06152,,50.00000,20.00000,1.18332,1
105,1724,212.69099,17.24000,-0.19034,96.05995,,50.00000,20.00000,1.18328,1
105,1725,212.78500,17.25000,-0.18965,96.05970,,50.00000,20.00000,1.18324,1
105,1726,212.88901,17.26000,-0.18869,96.05812,,50.00000,20.00000,1.18320,1
105,1727,212.99800,17.27000,-0.18818,96.05790,,50.00000,20.00000,1.18316,1
105,1728,213.09900,17.28000,-0.18810,96.05631,,50.00000,20.00000,1.18312,1
105,1729,213.19000,17.29000,-0.18758,96.05606,,50.00000,20.00000,1.18309,1
105,1730,213.29300,17.30000,-0.18645,96.05450,,50.00000,20.00000,1.18305,1
105,1731,213.39000,17.31000,-0.18584,96.05428,,50.00000,20.00000,1.18301,1
105,1732,213.50101,17.32000,-0.18576,96.05408,,50.00000,20.00000,1.18297,1
105,1733,213.60400,17.33000,-0.18551,96.05251,,50.00000,20.00000,1.18293,1
105,1734,213.69099,17.34000,-0.18490,96.05225,,50.00000,20.00000,1.18290,1
105,1735,213.80200,17.35000,-0.18395,96.05200,,50.00000,20.00000,1.18285,1
105,1736,213.90700,17.36000,-0.18361,96.05176,,50.00000,20.00000,1.18281,1
105,1737,214.00500,17.37000,-0.18309,96.05149,,50.00000,20.00000,1.18278,1
105,1738,214.10699,17.38000,-0.18274,96.05124,,50.00000,20.00000,1.18274,1
105,1739,214.20000,17.39000,-0.18284,96.05109,,50.00000,20.00000,1.18270,1
105,1740,214.31500,17.40000,-0.18171,96.05094,,50.00000,20.00000,1.18266,1
105,1741,214.39500,17.41000,-0.18084,96.05075,,50.00000,20.00000,1.18263,1
105,1742,214.50800,17.42000,-0.18076,96.05054,,50.00000,20.00000,1.18258,1
105,1743,214.60699,17.43000,-0.18024,96.04894,,50.00000,20.00000,1.18254,1
105,1744,214.70000,17.44000,-0.17937,96.04868,,50.00000,20.00000,1.18251,1
105,1745,214.81300,17.45000,-0.17886,96.04841,,50.00000,20.00000,1.18246,1
105,1746,214.91499,17.46000,-0.17790,96.04674,,50.00000,20.00000,1.18242,1
105,1747,215.01199,17.47000,-0.17782,96.04642,,50.00000,20.00000,1.18239,1
105,1748,215.11099,17.48000,-0.17774,96.04616,,50.00000,20.00000,1.18235,1
105,1749,215.21600,17.49000,-0.17748,96.04456,,50.00000,20.00000,1.18231,1
105,1750,215.32700,17.50000,-0.17592,96.04432,,50.00000,20.00000,1.18226,1
105,1751,215.42700,17.51000,-0.17557,96.04411,,50.00000,20.00000,1.18222,1
105,1752,215.52200,17.52000,-0.17488,96.04259,,50.00000,20.00000,1.18219,1
105,1753,215.61600,17.53000,-0.17489,96.04241,,50.00000,20.00000,1.18215,1
105,1754,215.71800,17.54000,-0.17480,96.04223,,50.00000,20.00000,1.18211,1
105,1755,215.81700,17.55000,-0.17464,96.04073,,50.00000,20.00000,1.18207,1
105,1756,215.91800,17.56000,-0.17403,96.04056,,50.00000,20.00000,1.18203,1
105,1757,216.02000,17.57000,-0.17360,96.04039,,50.00000,20.00000,1.18199,1
105,1758,216.11800,17.58000,-0.17247,96.03885,,50.00000,20.00000,1.18195,1
105,1759,216.20900,17.59000,-0.17221,96.03862,,50.00000,20.00000,1.18191,1
105,1760,216.33000,17.60000,-0.17178,96.03706,,50.00000,20.00000,1.18187,1
105,1761,216.42599,17.61000,-0.17135,96.03414,,50.00000,20.00000,1.18183,1
105,1762,216.51500,17.62000,-0.17083,96.03120,,50.00000,20.00000,1.18179,1
105,1763,216.62300,17.63000,-0.16979,96.02826,,50.00000,20.00000,1.18175,1
105,1764,216.71700,17.64000,-0.16945,96.02539,,50.00000,20.00000,1.18171,1
105,1765,216.82500,17.65000,-0.16901,96.02385,,50.00000,20.00000,1.18167,1
105,1766,216.91701,17.66000,-0.16841,96.02090,,50.00000,20.00000,1.18163,1
105,1767,217.02299,17.67000,-0.16763,96.01930,,50.00000,20.00000,1.18159,1
105,1768,217.12801,17.68000,-0.16711,96.01772,,50.00000,20.00000,1.18155,1
105,1769,217.22800,17.69000,-0.16676,96.01615,,50.00000,20.00000,1.18151,1
105,1770,217.32201,17.70000,-0.16590,96.01461,,50.00000,20.00000,1.18147,1
105,1771,217.42900,17.71000,-0.16590,96.01304,,50.00000,20.00000,1.18143,1
105,1772,217.52100,17.72000,-0.16573,96.01147,,50.00000,20.00000,1.18139,1
105,1773,217.62399,17.73000,-0.16521,96.00995,,50.00000,20.00000,1.18135,1
105,1774,217.72400,17.74000,-0.16487,96.00841,,50.00000,20.00000,1.18131,1
105,1775,217.82201,17.75000,-0.16461,96.00682,,50.00000,20.00000,1.18127,1
105,1776,217.92400,17.76000,-0.16409,96.00521,,50.00000,20.00000,1.18123,1
105,1777,218.03000,17.77000,-0.16349,96.00361,,50.00000,20.00000,1.18119,1
105,1778,218.13300,17.78000,-0.16271,96.00198,,50.00000,20.00000,1.18115,1
105,1779,218.22701,17.79000,-0.16228,96.00171,,50.00000,20.00000,1.18111,1
105,1780,218.32700,17.80000,-0.16158,96.00012,,50.00000,20.00000,1.18107,1
105,1781,218.42999,17.81000,-0.16132,95.99853,,50.00000,20.00000,1.18102,1
105,1782,218.53000,17.82000,-0.16063,95.99697,,50.00000,20.00000,1.18098,1
105,1783,218.63300,17.83000,-0.16029,95.99542,,50.00000,20.00000,1.18094,1
105,1784,218.73500,17.84000,-0.15968,95.99519,,50.00000,20.00000,1.18090,1
105,1785,218.83900,17.85000,-0.15942,95.99498,,50.00000,20.00000,1.18086,1
105,1786,218.92300,17.86000,-0.15820,95.99342,,50.00000,20.00000,1.18082,1
105,1787,219.03700,17.87000,-0.15777,95.99318,,50.00000,20.00000,1.18078,1
105,1788,219.13499,17.88000,-0.15743,95.99295,,50.00000,20.00000,1.18074,1
105,1789,219.23199,17.89000,-0.15726,95.99276,,50.00000,20.00000,1.18070,1
105,1790,219.33099,17.90000,-0.15674,95.99257,,50.00000,20.00000,1.18066,1
105,1791,219.43500,17.91000,-0.15613,95.99232,,50.00000,20.00000,1.18062,1
105,1792,219.53300,17.92000,-0.15588,95.99205,,50.00000,20.00000,1.18057,1
105,1793,219.63600,17.93000,-0.15544,95.99177,,50.00000,20.00000,1.18053,1
105,1794,219.73900,17.94000,-0.15484,95.99151,,50.00000,20.00000,1.18049,1
105,1795,219.84000,17.95000,-0.15423,95.99127,,50.00000,20.00000,1.18045,1
105,1796,219.94800,17.96000,-0.15371,95.99102,,50.00000,20.00000,1.18040,1
105,1797,220.03900,17.97000,-0.15328,95.99076,,50.00000,20.00000,1.18037,1
105,1798,220.13200,17.98000,-0.15311,95.99057,,50.00000,20.00000,1.18033,1
105,1799,220.24001,17.99000,-0.15320,95.99036,,50.00000,20.00000,1.18028,1
105,1800,220.34000,18.00000,-0.15268,95.99010,,50.00000,20.00000,1.18024,1
105,1801,220.44600,18.01000,-0.15190,95.98984,,50.00000,20.00000,1.18020,1
105,1802,220.54900,18.02000,-0.15156,95.98958,,50.00000,20.00000,1.18016,1
105,1803,220.63901,18.03000,-0.15121,95.98927,,50.00000,20.00000,1.18012,1
105,1804,220.74100,18.04000,-0.15052,95.98898,,50.00000,20.00000,1.18008,1
105,1805,220.85300,18.05000,-0.14956,95.98873,,50.00000,20.00000,1.18003,1
105,1806,220.95000,18.06000,-0.14913,95.98849,,50.00000,20.00000,1.17999,1
105,1807,221.04700,18.07000,-0.14878,95.98832,,50.00000,20.00000,1.17995,1
105,1808,221.15199,18.08000,-0.14844,95.98818,,50.00000,20.00000,1.17990,1
105,1809,221.24300,18.09000,-0.14783,95.98802,,50.00000,20.00000,1.17987,1
105,1810,221.34801,18.10000,-0.14740,95.98785,,50.00000,20.00000,1.17982,1
105,1811,221.44000,18.11000,-0.14705,95.98767,,50.00000,20.00000,1.17978,1
105,1812,221.54401,18.12000,-0.14662,95.98744,,50.00000,20.00000,1.17974,1
105,1813,221.64700,18.13000,-0.14610,95.98719,,50.00000,20.00000,1.17970,1
105,1814,221.73700,18.14000,-0.14602,95.98700,,50.00000,20.00000,1.17966,1
105,1815,221.85001,18.15000,-0.14558,95.98679,,50.00000,20.00000,1.17961,1
105,1816,221.94299,18.16000,-0.14480,95.98653,,50.00000,20.00000,1.17957,1
105,1817,222.04601,18.17000,-0.14437,95.98627,,50.00000,20.00000,1.17953,1
105,1818,222.15100,18.18000,-0.14420,95.98602,,50.00000,20.00000,1.17948,1
105,1819,222.24899,18.19000,-0.14350,95.98579,,50.00000,20.00000,1.17944,1
105,1820,222.35201,18.20000,-0.14281,95.98556,,50.00000,20.00000,1.17940,1
105,1821,222.44299,18.21000,-0.14246,95.98529,,50.00000,20.00000,1.17936,1
105,1822,222.55099,18.22000,-0.14247,95.98502,,50.00000,20.00000,1.17932,1
105,1823,222.64999,18.23000,-0.14239,95.98480,,50.00000,20.00000,1.17927,1
105,1824,222.74500,18.24000,-0.14204,95.98457,,50.00000,20.00000,1.17923,1
105,1825,222.85800,18.25000,-0.14065,95.98430,,50.00000,20.00000,1.17919,1
105,1826,222.95500,18.26000,-0.14021,95.98404,,50.00000,20.00000,1.17914,1
105,1827,223.05200,18.27000,-0.14022,95.98377,,50.00000,20.00000,1.17910,1
105,1828,223.15700,18.28000,-0.13996,95.98212,,50.00000,20.00000,1.17906,1
105,1829,223.25301,18.29000,-0.13953,95.98181,,50.00000,20.00000,1.17902,1
105,1830,223.35400,18.30000,-0.13909,95.98153,,50.00000,20.00000,1.17897,1
105,1831,223.46201,18.31000,-0.13849,95.98127,,50.00000,20.00000,1.17893,1
105,1832,223.57100,18.32000,-0.13788,95.97972,,50.00000,20.00000,1.17888,1
105,1833,223.65601,18.33000,-0.13753,95.97956,,50.00000,20.00000,1.17884,1
105,1834,223.75700,18.34000,-0.13719,95.97936,,50.00000,20.00000,1.17880,1
105,1835,223.85699,18.35000,-0.13640,95.97782,,50.00000,20.00000,1.17876,1
105,1836,223.95500,18.36000,-0.13588,95.97762,,50.00000,20.00000,1.17872,1
105,1837,224.06400,18.37000,-0.13563,95.97739,,50.00000,20.00000,1.17867,1
105,1838,224.15601,18.38000,-0.13510,95.97580,,50.00000,20.00000,1.17863,1
105,1839,224.25800,18.39000,-0.13450,95.97564,,50.00000,20.00000,1.17859,1
105,1840,224.35001,18.40000,-0.13450,95.97548,,50.00000,20.00000,1.17855,1
105,1841,224.46201,18.41000,-0.13407,95.97392,,50.00000,20.00000,1.17850,1
105,1842,224.55099,18.42000,-0.13363,95.97369,,50.00000,20.00000,1.17846,1
105,1843,224.65401,18.43000,-0.13320,95.97345,,50.00000,20.00000,1.17841,1
105,1844,224.75700,18.44000,-0.13294,95.97321,,50.00000,20.00000,1.17837,1
105,1845,224.85600,18.45000,-0.13242,95.97163,,50.00000,20.00000,1.17833,1
105,1846,224.96300,18.46000,-0.13208,95.97139,,50.00000,20.00000,1.17828,1
105,1847,225.05800,18.47000,-0.13103,95.96981,,50.00000,20.00000,1.17824,1
105,1848,225.15401,18.48000,-0.13060,95.96693,,50.00000,20.00000,1.17820,1
105,1849,225.24600,18.49000,-0.13016,95.96267,,50.00000,20.00000,1.17816,1
105,1850,225.35300,18.50000,-0.12982,95.95836,,50.00000,20.00000,1.17811,1
105,1851,225.45599,18.51000,-0.12956,95.95404,,50.00000,20.00000,1.17807,1
105,1852,225.56400,18.52000,-0.12948,95.95243,,50.00000,20.00000,1.17802,1
105,1853,225.65800,18.53000,-0.12913,95.94944,,50.00000,20.00000,1.17798,1
105,1854,225.75700,18.54000,-0.12835,95.94784,,50.00000,20.00000,1.17793,1
105,1855,225.86000,18.55000,-0.12747,95.94495,,50.00000,20.00000,1.17789,1
105,1856,225.95300,18.56000,-0.12730,95.94342,,50.00000,20.00000,1.17785,1
105,1857,226.05200,18.57000,-0.12696,95.94190,,50.00000,20.00000,1.17780,1
105,1858,226.15100,18.58000,-0.12670,95.94036,,50.00000,20.00000,1.17776,1
105,1859,226.25400,18.59000,-0.12609,95.94013,,50.00000,20.00000,1.17772,1
105,1860,226.35899,18.60000,-0.12592,95.93856,,50.00000,20.00000,1.17767,1
105,1861,226.45799,18.61000,-0.12628,95.93699,,50.00000,20.00000,1.17763,1
105,1862,226.54700,18.62000,-0.12549,95.93539,,50.00000,20.00000,1.17759,1
105,1863,226.65199,18.63000,-0.12506,95.93379,,50.00000,20.00000,1.17754,1
105,1864,226.76100,18.64000,-0.12489,95.93226,,50.00000,20.00000,1.17749,1
105,1865,226.84300,18.65000,-0.12428,95.93071,,50.00000,20.00000,1.17746,1
105,1866,226.95799,18.66000,-0.12402,95.93047,,50.00000,20.00000,1.17740,1
105,1867,227.05200,18.67000,-0.12402,95.92888,,50.00000,20.00000,1.17736,1
105,1868,227.15401,18.68000,-0.12271,95.92728,,50.00000,20.00000,1.17732,1
105,1869,227.25301,18.69000,-0.12280,95.92570,,50.00000,20.00000,1.17727,1
105,1870,227.36200,18.70000,-0.12290,95.92411,,50.00000,20.00000,1.17722,1
105,1871,227.44000,18.71000,-0.12211,95.92247,,50.00000,20.00000,1.17719,1
105,1872,227.56200,18.72000,-0.12177,95.92220,,50.00000,20.00000,1.17714,1
105,1873,227.65401,18.73000,-0.12159,95.92067,,50.00000,20.00000,1.17709,1
105,1874,227.75900,18.74000,-0.12125,95.92048,,50.00000,20.00000,1.17705,1
105,1875,227.84700,18.75000,-0.12081,95.91888,,50.00000,20.00000,1.17701,1
105,1876,227.95100,18.76000,-0.12003,95.91863,,50.00000,20.00000,1.17696,1
105,1877,228.05600,18.77000,-0.11907,95.91837,,50.00000,20.00000,1.17691,1
105,1878,228.16000,18.78000,-0.11916,95.91809,,50.00000,20.00000,1.17687,1
105,1879,228.25900,18.79000,-0.11890,95.91781,,50.00000,20.00000,1.17682,1
105,1880,228.35400,18.80000,-0.11856,95.91760,,50.00000,20.00000,1.17678,1
105,1881,228.45500,18.81000,-0.11821,95.91740,,50.00000,20.00000,1.17674,1
105,1882,228.55400,18.82000,-0.11769,95.91723,,50.00000,20.00000,1.17669,1
105,1883,228.64500,18.83000,-0.11690,95.91705,,50.00000,20.00000,1.17665,1
105,1884,228.75999,18.84000,-0.11647,95.91684,,50.00000,20.00000,1.17660,1
105,1885,228.85300,18.85000,-0.11612,95.91663,,50.00000,20.00000,1.17656,1
105,1886,228.95399,18.86000,-0.11621,95.91642,,50.00000,20.00000,1.17651,1
105,1887,229.05000,18.87000,-0.11569,95.91617,,50.00000,20.00000,1.17647,1
105,1888,229.14799,18.88000,-0.11464,95.91590,,50.00000,20.00000,1.17642,1
105,1889,229.24500,18.89000,-0.11429,95.91570,,50.00000,20.00000,1.17638,1
105,1890,229.35800,18.90000,-0.11404,95.91550,,50.00000,20.00000,1.17633,1
105,1891,229.46001,18.91000,-0.11422,95.91529,,50.00000,20.00000,1.17628,1
105,1892,229.55499,18.92000,-0.11387,95.91509,,50.00000,20.00000,1.17624,1
105,1893,229.64500,18.93000,-0.11352,95.91488,,50.00000,20.00000,1.17620,1
105,1894,229.74600,18.94000,-0.11326,95.91463,,50.00000,20.00000,1.17615,1
105,1895,229.84300,18.95000,-0.11274,95.91435,,50.00000,20.00000,1.17611,1
105,1896,229.95200,18.96000,-0.11239,95.91400,,50.00000,20.00000,1.17606,1
105,1897,230.06400,18.97000,-0.11187,95.91367,,50.00000,20.00000,1.17601,1
105,1898,230.15601,18.98000,-0.11153,95.91344,,50.00000,20.00000,1.17596,1
105,1899,230.25500,18.99000,-0.11100,95.91325,,50.00000,20.00000,1.17592,1
105,1900,230.35699,19.00000,-0.11022,95.91305,,50.00000,20.00000,1.17587,1
105,1901,230.45000,19.01000,-0.11004,95.91285,,50.00000,20.00000,1.17583,1
105,1902,230.55600,19.02000,-0.11005,95.91265,,50.00000,20.00000,1.17578,1
105,1903,230.64999,19.03000,-0.10988,95.91242,,50.00000,20.00000,1.17574,1
105,1904,230.75200,19.04000,-0.10936,95.91219,,50.00000,20.00000,1.17569,1
105,1905,230.85500,19.05000,-0.10901,95.91202,,50.00000,20.00000,1.17564,1
105,1906,230.94501,19.06000,-0.10840,95.91183,,50.00000,20.00000,1.17560,1
105,1907,231.04500,19.07000,-0.10779,95.91168,,50.00000,20.00000,1.17556,1
105,1908,231.15100,19.08000,-0.10700,95.91152,,50.00000,20.00000,1.17551,1
105,1909,231.24699,19.09000,-0.10665,95.91130,,50.00000,20.00000,1.17546,1
105,1910,231.33701,19.10000,-0.10648,95.91106,,50.00000,20.00000,1.17542,1
105,1911,231.44701,19.11000,-0.10596,95.91082,,50.00000,20.00000,1.17537,1
105,1912,231.54900,19.12000,-0.10570,95.91055,,50.00000,20.00000,1.17532,1
105,1913,231.64900,19.13000,-0.10535,95.90892,,50.00000,20.00000,1.17528,1
105,1914,231.74699,19.14000,-0.10474,95.90876,,50.00000,20.00000,1.17523,1
105,1915,231.84300,19.15000,-0.10457,95.90860,,50.00000,20.00000,1.17519,1
105,1916,231.94099,19.16000,-0.10422,95.90841,,50.00000,20.00000,1.17514,1
105,1917,232.04201,19.17000,-0.10440,95.90685,,50.00000,20.00000,1.17509,1
105,1918,232.14101,19.18000,-0.10405,95.90664,,50.00000,20.00000,1.17505,1
105,1919,232.24001,19.19000,-0.10362,95.90643,,50.00000,20.00000,1.17500,1
105,1920,232.34500,19.20000,-0.10310,95.90487,,50.00000,20.00000,1.17495,1
105,1921,232.43700,19.21000,-0.10257,95.90461,,50.00000,20.00000,1.17491,1
105,1922,232.53700,19.22000,-0.10214,95.90297,,50.00000,20.00000,1.17486,1
105,1923,232.63499,19.23000,-0.10161,95.89867,,50.00000,20.00000,1.17482,1
105,1924,232.74100,19.24000,-0.10144,95.89569,,50.00000,20.00000,1.17477,1
105,1925,232.84700,19.25000,-0.10083,95.89131,,50.00000,20.00000,1.17472,1
105,1926,232.94299,19.26000,-0.10013,95.88967,,50.00000,20.00000,1.17467,1
105,1927,233.05499,19.27000,-9.987216e-002,95.88672,,50.00000,20.00000,1.17462,1
105,1928,233.14301,19.28000,-9.996360e-002,95.88511,,50.00000,20.00000,1.17458,1
105,1929,233.24899,19.29000,-9.979200e-002,95.88217,,50.00000,20.00000,1.17453,1
105,1930,233.33900,19.30000,-9.856465e-002,95.88064,,50.00000,20.00000,1.17449,1
105,1931,233.44099,19.31000,-9.865662e-002,95.88048,,50.00000,20.00000,1.17444,1
105,1932,233.53700,19.32000,-9.848456e-002,95.87898,,50.00000,20.00000,1.17439,1
105,1933,233.64101,19.33000,-9.831281e-002,95.87747,,50.00000,20.00000,1.17434,1
105,1934,233.73599,19.34000,-9.770099e-002,95.87590,,50.00000,20.00000,1.17430,1
105,1935,233.83299,19.35000,-9.708921e-002,95.87432,,50.00000,20.00000,1.17425,1
105,1936,233.93900,19.36000,-9.630184e-002,95.87407,,50.00000,20.00000,1.17420,1
105,1937,234.03300,19.37000,-9.612960e-002,95.87244,,50.00000,20.00000,1.17416,1
105,1938,234.14500,19.38000,-9.587009e-002,95.87216,,50.00000,20.00000,1.17410,1
105,1939,234.23500,19.39000,-9.569765e-002,95.87062,,50.00000,20.00000,1.17406,1
105,1940,234.33501,19.40000,-9.490988e-002,95.87045,,50.00000,20.00000,1.17401,1
105,1941,234.43401,19.41000,-9.447388e-002,95.87022,,50.00000,20.00000,1.17397,1
105,1942,234.53600,19.42000,-9.412591e-002,95.86998,,50.00000,20.00000,1.17392,1
105,1943,234.63200,19.43000,-9.395364e-002,95.86973,,50.00000,20.00000,1.17387,1
105,1944,234.73300,19.44000,-9.325370e-002,95.86948,,50.00000,20.00000,1.17382,1
105,1945,234.84300,19.45000,-9.281798e-002,95.86924,,50.00000,20.00000,1.17377,1
105,1946,234.93600,19.46000,-9.273352e-002,95.86898,,50.00000,20.00000,1.17373,1
105,1947,235.03500,19.47000,-9.256128e-002,95.86872,,50.00000,20.00000,1.17368,1
105,1948,235.13100,19.48000,-9.230094e-002,95.86854,,50.00000,20.00000,1.17363,1
105,1949,235.23300,19.49000,-9.186483e-002,95.86837,,50.00000,20.00000,1.17359,1
105,1950,235.33200,19.50000,-9.151655e-002,95.86815,,50.00000,20.00000,1.17354,1
105,1951,235.43700,19.51000,-9.099249e-002,95.86793,,50.00000,20.00000,1.17349,1
105,1952,235.52800,19.52000,-9.064386e-002,95.86769,,50.00000,20.00000,1.17344,1
105,1953,235.62801,19.53000,-9.047157e-002,95.86604,,50.00000,20.00000,1.17340,1
105,1954,235.72900,19.54000,-9.003526e-002,95.86576,,50.00000,20.00000,1.17335,1
105,1955,235.83800,19.55000,-8.959922e-002,95.86551,,50.00000,20.00000,1.17329,1
105,1956,235.93500,19.56000,-8.942676e-002,95.86393,,50.00000,20.00000,1.17325,1
105,1957,236.03400,19.57000,-8.916634e-002,95.86378,,50.00000,20.00000,1.17320,1
105,1958,236.12900,19.58000,-8.899377e-002,95.86230,,50.00000,20.00000,1.17315,1
105,1959,236.22900,19.59000,-8.802912e-002,95.86076,,50.00000,20.00000,1.17311,1
105,1960,236.31900,19.60000,-8.741617e-002,95.85784,,50.00000,20.00000,1.17306,1
105,1961,236.42000,19.61000,-8.706767e-002,95.85486,,50.00000,20.00000,1.17301,1
105,1962,236.52400,19.62000,-8.680730e-002,95.85317,,50.00000,20.00000,1.17296,1
105,1963,236.63499,19.63000,-8.698737e-002,95.85012,,50.00000,20.00000,1.17291,1
105,1964,236.72900,19.64000,-8.655052e-002,95.84850,,50.00000,20.00000,1.17286,1
105,1965,236.83600,19.65000,-8.637826e-002,95.84556,,50.00000,20.00000,1.17281,1
105,1966,236.93100,19.66000,-8.602945e-002,95.84394,,50.00000,20.00000,1.17276,1
105,1967,237.03200,19.67000,-8.550471e-002,95.84234,,50.00000,20.00000,1.17272,1
105,1968,237.13100,19.68000,-8.489180e-002,95.84075,,50.00000,20.00000,1.17267,1
105,1969,237.23399,19.69000,-8.471931e-002,95.83915,,50.00000,20.00000,1.17262,1
105,1970,237.33200,19.70000,-8.419435e-002,95.83755,,50.00000,20.00000,1.17257,1
105,1971,237.42900,19.71000,-8.384546e-002,95.83726,,50.00000,20.00000,1.17252,1
105,1972,237.53000,19.72000,-8.340862e-002,95.83698,,50.00000,20.00000,1.17247,1
105,1973,237.63600,19.73000,-8.288383e-002,95.83543,,50.00000,20.00000,1.17242,1
105,1974,237.73700,19.74000,-8.218265e-002,95.83525,,50.00000,20.00000,1.17237,1
105,1975,237.82899,19.75000,-8.156921e-002,95.83505,,50.00000,20.00000,1.17233,1
105,1976,237.92799,19.76000,-8.157259e-002,95.83485,,50.00000,20.00000,1.17228,1
105,1977,238.03101,19.77000,-8.148801e-002,95.83466,,50.00000,20.00000,1.17223,1
105,1978,238.12700,19.78000,-8.061032e-002,95.83306,,50.00000,20.00000,1.17218,1
105,1979,238.22200,19.79000,-8.017302e-002,95.83281,,50.00000,20.00000,1.17213,1
105,1980,238.32700,19.80000,-7.991224e-002,95.83258,,50.00000,20.00000,1.17208,1
105,1981,238.42799,19.81000,-8.000375e-002,95.83099,,50.00000,20.00000,1.17203,1
105,1982,238.52901,19.82000,-7.912602e-002,95.82947,,50.00000,20.00000,1.17198,1
105,1983,238.63000,19.83000,-7.904127e-002,95.82932,,50.00000,20.00000,1.17193,1
105,1984,238.72099,19.84000,-7.851557e-002,95.82779,,50.00000,20.00000,1.17189,1
105,1985,238.82001,19.85000,-7.843074e-002,95.82760,,50.00000,20.00000,1.17184,1
105,1986,238.91800,19.86000,-7.816961e-002,95.82603,,50.00000,20.00000,1.17179,1
105,1987,239.01700,19.87000,-7.764409e-002,95.82442,,50.00000,20.00000,1.17174,1
105,1988,239.12399,19.88000,-7.703066e-002,95.82415,,50.00000,20.00000,1.17169,1
105,1989,239.22200,19.89000,-7.668130e-002,95.82261,,50.00000,20.00000,1.17164,1
105,1990,239.31500,19.90000,-7.641989e-002,95.82242,,50.00000,20.00000,1.17159,1
105,1991,239.42300,19.91000,-7.598267e-002,95.82085,,50.00000,20.00000,1.17154,1
105,1992,239.51601,19.92000,-7.572122e-002,95.82064,,50.00000,20.00000,1.17149,1
105,1993,239.61900,19.93000,-7.546008e-002,95.81907,,50.00000,20.00000,1.17144,1
105,1994,239.71500,19.94000,-7.519869e-002,95.81885,,50.00000,20.00000,1.17139,1
105,1995,239.81300,19.95000,-7.484919e-002,95.81726,,50.00000,20.00000,1.17134,1
105,1996,239.91499,19.96000,-7.449978e-002,95.81698,,50.00000,20.00000,1.17129,1
105,1997,240.01900,19.97000,-7.370957e-002,95.81669,,50.00000,20.00000,1.17124,1
105,1998,240.11200,19.98000,-7.371249e-002,95.81647,,50.00000,20.00000,1.17119,1
105,1999,240.22000,19.99000,-7.353955e-002,95.81625,,50.00000,20.00000,1.17114,1
105,2000,240.31500,20.00000,-7.327800e-002,95.81601,,50.00000,20.00000,1.17109,1
105,2001,240.42101,20.01000,-7.257586e-002,95.81576,,50.00000,20.00000,1.17104,1
105,2002,240.51601,20.02000,-7.240244e-002,95.81550,,50.00000,20.00000,1.17099,1
105,2003,240.60800,20.03000,-7.249349e-002,95.81523,,50.00000,20.00000,1.17094,1
105,2004,240.71700,20.04000,-7.249689e-002,95.81497,,50.00000,20.00000,1.17089,1
105,2005,240.82700,20.05000,-7.205932e-002,95.81473,,50.00000,20.00000,1.17083,1
105,2006,240.92101,20.06000,-7.065098e-002,95.81451,,50.00000,20.00000,1.17079,1
105,2007,241.01199,20.07000,-7.056555e-002,95.81432,,50.00000,20.00000,1.17074,1
105,2008,241.11800,20.08000,-7.039235e-002,95.81415,,50.00000,20.00000,1.17069,1
105,2009,241.21300,20.09000,-7.013060e-002,95.81398,,50.00000,20.00000,1.17064,1
105,2010,241.31100,20.10000,-6.942781e-002,95.81381,,50.00000,20.00000,1.17059,1
105,2011,241.41000,20.11000,-6.890146e-002,95.81361,,50.00000,20.00000,1.17054,1
105,2012,241.50101,20.12000,-6.863950e-002,95.81204,,50.00000,20.00000,1.17049,1
105,2013,241.60600,20.13000,-6.784855e-002,95.81182,,50.00000,20.00000,1.17044,1
105,2014,241.71800,20.14000,-6.785185e-002,95.81163,,50.00000,20.00000,1.17038,1
105,2015,241.81100,20.15000,-6.785459e-002,95.81009,,50.00000,20.00000,1.17034,1
105,2016,241.89900,20.16000,-6.732774e-002,95.80989,,50.00000,20.00000,1.17029,1
105,2017,241.99800,20.17000,-6.688942e-002,95.80968,,50.00000,20.00000,1.17024,1
105,2018,242.10100,20.18000,-6.662767e-002,95.80810,,50.00000,20.00000,1.17019,1
105,2019,242.20200,20.19000,-6.627758e-002,95.80649,,50.00000,20.00000,1.17014,1
105,2020,242.30600,20.20000,-6.575105e-002,95.80353,,50.00000,20.00000,1.17008,1
105,2021,242.40199,20.21000,-6.531251e-002,95.80057,,50.00000,20.00000,1.17003,1
105,2022,242.50700,20.22000,-6.487418e-002,95.79764,,50.00000,20.00000,1.16998,1
105,2023,242.60201,20.23000,-6.417073e-002,95.79607,,50.00000,20.00000,1.16993,1
105,2024,242.70100,20.24000,-6.390870e-002,95.79452,,50.00000,20.00000,1.16988,1
105,2025,242.80000,20.25000,-6.355836e-002,95.79298,,50.00000,20.00000,1.16983,1
105,2026,242.89799,20.26000,-6.320798e-002,95.79145,,50.00000,20.00000,1.16978,1
105,2027,242.99600,20.27000,-6.276928e-002,95.78992,,50.00000,20.00000,1.16973,1
105,2028,243.10100,20.28000,-6.224246e-002,95.78840,,50.00000,20.00000,1.16968,1
105,2029,243.19000,20.29000,-6.180343e-002,95.78685,,50.00000,20.00000,1.16963,1
105,2030,243.28200,20.30000,-6.154105e-002,95.78528,,50.00000,20.00000,1.16958,1
105,2031,243.39600,20.31000,-6.154414e-002,95.78371,,50.00000,20.00000,1.16952,1
105,2032,243.49001,20.32000,-6.128178e-002,95.78349,,50.00000,20.00000,1.16948,1
105,2033,243.59500,20.33000,-6.093139e-002,95.78191,,50.00000,20.00000,1.16942,1
105,2034,243.68800,20.34000,-6.066897e-002,95.78168,,50.00000,20.00000,1.16937,1
105,2035,243.78101,20.35000,-5.978832e-002,95.78012,,50.00000,20.00000,1.16933,1
105,2036,243.89600,20.36000,-5.934977e-002,95.77991,,50.00000,20.00000,1.16927,1
105,2037,243.98700,20.37000,-5.935216e-002,95.77836,,50.00000,20.00000,1.16922,1
105,2038,244.08501,20.38000,-5.935474e-002,95.77680,,50.00000,20.00000,1.16917,1
105,2039,244.18300,20.39000,-5.900400e-002,95.77658,,50.00000,20.00000,1.16912,1
105,2040,244.28101,20.40000,-5.856490e-002,95.77498,,50.00000,20.00000,1.16907,1
105,2041,244.38300,20.41000,-5.830254e-002,95.77334,,50.00000,20.00000,1.16901,1
105,2042,244.47900,20.42000,-5.750996e-002,95.77304,,50.00000,20.00000,1.16896,1
105,2043,244.59100,20.43000,-5.724779e-002,95.77139,,50.00000,20.00000,1.16891,1
105,2044,244.69299,20.44000,-5.698534e-002,95.76975,,50.00000,20.00000,1.16885,1
105,2045,244.78400,20.45000,-5.636918e-002,95.76815,,50.00000,20.00000,1.16881,1
105,2046,244.89799,20.46000,-5.619533e-002,95.76792,,50.00000,20.00000,1.16875,1
105,2047,244.98199,20.47000,-5.602071e-002,95.76636,,50.00000,20.00000,1.16870,1
105,2048,245.08800,20.48000,-5.531645e-002,95.76614,,50.00000,20.00000,1.16865,1
105,2049,245.17999,20.49000,-5.487688e-002,95.76455,,50.00000,20.00000,1.16860,1
105,2050,245.28500,20.50000,-5.496783e-002,95.76429,,50.00000,20.00000,1.16854,1
105,2051,245.38000,20.51000,-5.452829e-002,95.76269,,50.00000,20.00000,1.16849,1
105,2052,245.49899,20.52000,-5.364739e-002,95.76109,,50.00000,20.00000,1.16843,1
105,2053,245.58501,20.53000,-5.347269e-002,95.76086,,50.00000,20.00000,1.16839,1
105,2054,245.68201,20.54000,-5.347502e-002,95.75927,,50.00000,20.00000,1.16834,1
105,2055,245.78000,20.55000,-5.294702e-002,95.75906,,50.00000,20.00000,1.16828,1
105,2056,245.88901,20.56000,-5.224244e-002,95.75750,,50.00000,20.00000,1.16823,1
105,2057,245.98500,20.57000,-5.206791e-002,95.75593,,50.00000,20.00000,1.16818,1
105,2058,246.07700,20.58000,-5.189326e-002,95.75437,,50.00000,20.00000,1.16813,1
105,2059,246.18100,20.59000,-5.189569e-002,95.75149,,50.00000,20.00000,1.16807,1
105,2060,246.28999,20.60000,-5.127936e-002,95.74860,,50.00000,20.00000,1.16802,1
105,2061,246.36600,20.61000,-5.101587e-002,95.74436,,50.00000,20.00000,1.16798,1
105,2062,246.48000,20.62000,-5.066481e-002,95.74147,,50.00000,20.00000,1.16792,1
105,2063,246.57100,20.63000,-5.057848e-002,95.73854,,50.00000,20.00000,1.16787,1
105,2064,246.67200,20.64000,-5.022708e-002,95.73421,,50.00000,20.00000,1.16781,1
105,2065,246.76401,20.65000,-4.943329e-002,95.73257,,50.00000,20.00000,1.16777,1
105,2066,246.88300,20.66000,-4.890534e-002,95.72957,,50.00000,20.00000,1.16770,1
105,2067,246.98100,20.67000,-4.890751e-002,95.72658,,50.00000,20.00000,1.16765,1
105,2068,247.08200,20.68000,-4.864443e-002,95.72361,,50.00000,20.00000,1.16760,1
105,2069,247.17500,20.69000,-4.846959e-002,95.72066,,50.00000,20.00000,1.16755,1
105,2070,247.27499,20.70000,-4.776418e-002,95.71773,,50.00000,20.00000,1.16749,1
105,2071,247.37300,20.71000,-4.705866e-002,95.71617,,50.00000,20.00000,1.16744,1
105,2072,247.48801,20.72000,-4.679575e-002,95.71463,,50.00000,20.00000,1.16738,1
105,2073,247.57401,20.73000,-4.697452e-002,95.71309,,50.00000,20.00000,1.16734,1
105,2074,247.66701,20.74000,-4.644570e-002,95.71290,,50.00000,20.00000,1.16729,1
105,2075,247.76900,20.75000,-4.609398e-002,95.71270,,50.00000,20.00000,1.16723,1
105,2076,247.86600,20.76000,-4.618450e-002,95.71112,,50.00000,20.00000,1.16718,1
105,2077,247.97400,20.77000,-4.583286e-002,95.71088,,50.00000,20.00000,1.16712,1
105,2078,248.06700,20.78000,-4.556937e-002,95.71063,,50.00000,20.00000,1.16707,1
105,2079,248.17400,20.79000,-4.450974e-002,95.71040,,50.00000,20.00000,1.16701,1
105,2080,248.27100,20.80000,-4.362680e-002,95.71018,,50.00000,20.00000,1.16696,1
105,2081,248.36200,20.81000,-4.354013e-002,95.70999,,50.00000,20.00000,1.16691,1
105,2082,248.47800,20.82000,-4.327695e-002,95.70982,,50.00000,20.00000,1.16685,1
105,2083,248.56500,20.83000,-4.319018e-002,95.70964,,50.00000,20.00000,1.16680,1
105,2084,248.65300,20.84000,-4.319193e-002,95.70943,,50.00000,20.00000,1.16676,1
105,2085,248.76199,20.85000,-4.310558e-002,95.70784,,50.00000,20.00000,1.16670,1
105,2086,248.85699,20.86000,-4.266489e-002,95.70757,,50.00000,20.00000,1.16665,1
105,2087,248.96400,20.87000,-4.231292e-002,95.70593,,50.00000,20.00000,1.16659,1
105,2088,249.07500,20.88000,-4.222656e-002,95.70430,,50.00000,20.00000,1.16653,1
105,2089,249.15900,20.89000,-4.169704e-002,95.70404,,50.00000,20.00000,1.16648,1
105,2090,249.27000,20.90000,-4.152211e-002,95.70244,,50.00000,20.00000,1.16642,1
105,2091,249.36301,20.91000,-4.116975e-002,95.70087,,50.00000,20.00000,1.16637,1
105,2092,249.46800,20.92000,-4.037489e-002,95.69928,,50.00000,20.00000,1.16632,1
105,2093,249.55800,20.93000,-3.984530e-002,95.69769,,50.00000,20.00000,1.16627,1
105,2094,249.66000,20.94000,-3.931589e-002,95.69744,,50.00000,20.00000,1.16621,1
105,2095,249.77200,20.95000,-3.931794e-002,95.69583,,50.00000,20.00000,1.16615,1
105,2096,249.85800,20.96000,-3.940807e-002,95.69420,,50.00000,20.00000,1.16611,1
105,2097,249.96500,20.97000,-3.870154e-002,95.69258,,50.00000,20.00000,1.16605,1
105,2098,250.06799,20.98000,-3.861483e-002,95.69098,,50.00000,20.00000,1.16599,1
105,2099,250.16800,20.99000,-3.817378e-002,95.68940,,50.00000,20.00000,1.16594,1
105,2100,250.26700,21.00000,-3.737837e-002,95.68920,,50.00000,20.00000,1.16588,1
105,2101,250.36301,21.01000,-3.693716e-002,95.68766,,50.00000,20.00000,1.16583,1
105,2102,250.46300,21.02000,-3.685030e-002,95.68613,,50.00000,20.00000,1.16578,1
105,2103,250.55800,21.03000,-3.676336e-002,95.68459,,50.00000,20.00000,1.16573,1
105,2104,250.65601,21.04000,-3.649927e-002,95.68303,,50.00000,20.00000,1.16567,1
105,2105,250.75500,21.05000,-3.623518e-002,95.68145,,50.00000,20.00000,1.16562,1
105,2106,250.85899,21.06000,-3.570536e-002,95.68121,,50.00000,20.00000,1.16556,1
105,2107,250.95700,21.07000,-3.552980e-002,95.67961,,50.00000,20.00000,1.16551,1
105,2108,251.06100,21.08000,-3.526571e-002,95.67803,,50.00000,20.00000,1.16545,1
105,2109,251.15800,21.09000,-3.526732e-002,95.67780,,50.00000,20.00000,1.16540,1
105,2110,251.25500,21.10000,-3.491447e-002,95.67759,,50.00000,20.00000,1.16534,1
105,2111,251.35800,21.11000,-3.394135e-002,95.67603,,50.00000,20.00000,1.16529,1
105,2112,251.45200,21.12000,-3.323386e-002,95.67583,,50.00000,20.00000,1.16524,1
105,2113,251.55701,21.13000,-3.279237e-002,95.67562,,50.00000,20.00000,1.16518,1
105,2114,251.64900,21.14000,-3.288243e-002,95.67405,,50.00000,20.00000,1.16513,1
105,2115,251.75101,21.15000,-3.244083e-002,95.67382,,50.00000,20.00000,1.16507,1
105,2116,251.85300,21.16000,-3.217648e-002,95.67222,,50.00000,20.00000,1.16501,1
105,2117,251.94901,21.17000,-3.208929e-002,95.67064,,50.00000,20.00000,1.16496,1
105,2118,252.05701,21.18000,-3.155904e-002,95.67042,,50.00000,20.00000,1.16490,1
105,2119,252.15300,21.19000,-3.102856e-002,95.66888,,50.00000,20.00000,1.16485,1
105,2120,252.25000,21.20000,-3.032073e-002,95.66736,,50.00000,20.00000,1.16480,1
105,2121,252.34801,21.21000,-2.952419e-002,95.66720,,50.00000,20.00000,1.16474,1
105,2122,252.44299,21.22000,-2.943686e-002,95.66568,,50.00000,20.00000,1.16469,1
105,2123,252.53700,21.23000,-2.917217e-002,95.66415,,50.00000,20.00000,1.16464,1
105,2124,252.64700,21.24000,-2.917370e-002,95.66395,,50.00000,20.00000,1.16458,1
105,2125,252.73399,21.25000,-2.899755e-002,95.66239,,50.00000,20.00000,1.16453,1
105,2126,252.84599,21.26000,-2.846701e-002,95.66082,,50.00000,20.00000,1.16447,1
105,2127,252.93500,21.27000,-2.837953e-002,95.66060,,50.00000,20.00000,1.16442,1
105,2128,253.03799,21.28000,-2.802617e-002,95.65901,,50.00000,20.00000,1.16436,1
105,2129,253.13699,21.29000,-2.749532e-002,95.65743,,50.00000,20.00000,1.16430,1
105,2130,253.24100,21.30000,-2.705320e-002,95.65585,,50.00000,20.00000,1.16425,1
105,2131,253.33900,21.31000,-2.669966e-002,95.65563,,50.00000,20.00000,1.16419,1
105,2132,253.43401,21.32000,-2.652346e-002,95.65405,,50.00000,20.00000,1.16414,1
105,2133,253.53700,21.33000,-2.608121e-002,95.65247,,50.00000,20.00000,1.16408,1
105,2134,253.63000,21.34000,-2.599366e-002,95.65223,,50.00000,20.00000,1.16403,1
105,2135,253.74100,21.35000,-2.484168e-002,95.65063,,50.00000,20.00000,1.16397,1
105,2136,253.83900,21.36000,-2.439923e-002,95.64903,,50.00000,20.00000,1.16391,1
105,2137,253.92700,21.37000,-2.440026e-002,95.64877,,50.00000,20.00000,1.16386,1
105,2138,254.03999,21.38000,-2.395792e-002,95.64718,,50.00000,20.00000,1.16380,1
105,2139,254.13901,21.39000,-2.378159e-002,95.64559,,50.00000,20.00000,1.16374,1
105,2140,254.23300,21.40000,-2.360519e-002,95.64402,,50.00000,20.00000,1.16369,1
105,2141,254.34599,21.41000,-2.334024e-002,95.64247,,50.00000,20.00000,1.16363,1
105,2142,254.42500,21.42000,-2.280863e-002,95.64093,,50.00000,20.00000,1.16358,1
105,2143,254.53200,21.43000,-2.245479e-002,95.64075,,50.00000,20.00000,1.16352,1
105,2144,254.63300,21.44000,-2.147955e-002,95.63921,,50.00000,20.00000,1.16347,1
105,2145,254.72800,21.45000,-2.139177e-002,95.63765,,50.00000,20.00000,1.16341,1
105,2146,254.82700,21.46000,-2.094897e-002,95.63605,,50.00000,20.00000,1.16336,1
105,2147,254.92000,21.47000,-2.050606e-002,95.63577,,50.00000,20.00000,1.16330,1
105,2148,255.02800,21.48000,-2.086223e-002,95.63414,,50.00000,20.00000,1.16324,1
105,2149,255.14000,21.49000,-2.077459e-002,95.63253,,50.00000,20.00000,1.16318,1
105,2150,255.23801,21.50000,-2.024287e-002,95.63094,,50.00000,20.00000,1.16312,1
105,2151,255.32600,21.51000,-1.962222e-002,95.63071,,50.00000,20.00000,1.16307,1
105,2152,255.43100,21.52000,-1.909047e-002,95.62780,,50.00000,20.00000,1.16301,1
105,2153,255.52400,21.53000,-1.873614e-002,95.62488,,50.00000,20.00000,1.16296,1
105,2154,255.63000,21.54000,-1.855951e-002,95.62332,,50.00000,20.00000,1.16290,1
105,2155,255.73399,21.55000,-1.802761e-002,95.62040,,50.00000,20.00000,1.16284,1
105,2156,255.81900,21.56000,-1.749551e-002,95.61882,,50.00000,20.00000,1.16279,1
105,2157,255.92599,21.57000,-1.714117e-002,95.61724,,50.00000,20.00000,1.16273,1
105,2158,256.02701,21.58000,-1.723083e-002,95.61567,,50.00000,20.00000,1.16268,1
105,2159,256.13199,21.59000,-1.678760e-002,95.61410,,50.00000,20.00000,1.16262,1
105,2160,256.21799,21.60000,-1.616652e-002,95.61252,,50.00000,20.00000,1.16257,1
105,2161,256.32800,21.61000,-1.598973e-002,95.61095,,50.00000,20.00000,1.16250,1
105,2162,256.42099,21.62000,-1.527977e-002,95.60936,,50.00000,20.00000,1.16245,1
105,2163,256.52301,21.63000,-1.519170e-002,95.60909,,50.00000,20.00000,1.16239,1
105,2164,256.62201,21.64000,-1.492590e-002,95.60745,,50.00000,20.00000,1.16234,1
105,2165,256.72198,21.65000,-1.457124e-002,95.60581,,50.00000,20.00000,1.16228,1
105,2166,256.83099,21.66000,-1.412775e-002,95.60419,,50.00000,20.00000,1.16222,1
105,2167,256.93701,21.67000,-1.341762e-002,95.60396,,50.00000,20.00000,1.16216,1
105,2168,257.03000,21.68000,-1.324051e-002,95.60377,,50.00000,20.00000,1.16210,1
105,2169,257.12601,21.69000,-1.306341e-002,95.60226,,50.00000,20.00000,1.16205,1
105,2170,257.21799,21.70000,-1.217529e-002,95.60209,,50.00000,20.00000,1.16200,1
105,2171,257.32001,21.71000,-1.173153e-002,95.60056,,50.00000,20.00000,1.16194,1
105,2172,257.41599,21.72000,-1.173209e-002,95.60036,,50.00000,20.00000,1.16188,1
105,2173,257.52200,21.73000,-1.128828e-002,95.59880,,50.00000,20.00000,1.16182,1
105,2174,257.61899,21.74000,-1.066661e-002,95.59724,,50.00000,20.00000,1.16176,1
105,2175,257.72000,21.75000,-1.040046e-002,95.59570,,50.00000,20.00000,1.16171,1
105,2176,257.82101,21.76000,-1.022319e-002,95.59281,,50.00000,20.00000,1.16165,1
105,2177,257.90799,21.77000,-9.779124e-003,95.59126,,50.00000,20.00000,1.16160,1
105,2178,258.01300,21.78000,-9.690729e-003,95.58834,,50.00000,20.00000,1.16154,1
105,2179,258.10901,21.79000,-9.157732e-003,95.58539,,50.00000,20.00000,1.16148,1
105,2180,258.20901,21.80000,-8.713616e-003,95.58243,,50.00000,20.00000,1.16142,1
105,2181,258.31900,21.81000,-8.358416e-003,95.58085,,50.00000,20.00000,1.16136,1
105,2182,258.42300,21.82000,-7.825306e-003,95.57796,,50.00000,20.00000,1.16130,1
105,2183,258.51300,21.83000,-7.825658e-003,95.57645,,50.00000,20.00000,1.16125,1
105,2184,258.60901,21.84000,-7.381372e-003,95.57360,,50.00000,20.00000,1.16119,1
105,2185,258.70200,21.85000,-6.848096e-003,95.57211,,50.00000,20.00000,1.16114,1
105,2186,258.80200,21.86000,-6.314794e-003,95.56924,,50.00000,20.00000,1.16108,1
105,2187,258.89899,21.87000,-5.781430e-003,95.56770,,50.00000,20.00000,1.16102,1
105,2188,259.00000,21.88000,-5.514874e-003,95.56477,,50.00000,20.00000,1.16097,1
105,2189,259.09900,21.89000,-5.426194e-003,95.56320,,50.00000,20.00000,1.16091,1
105,2190,259.21100,21.90000,-4.892744e-003,95.56028,,50.00000,20.00000,1.16084,1
105,2191,259.29300,21.91000,-4.892946e-003,95.55735,,50.00000,20.00000,1.16080,1
105,2192,259.40201,21.92000,-4.626311e-003,95.55579,,50.00000,20.00000,1.16073,1
105,2193,259.49200,21.93000,-4.359606e-003,95.55287,,50.00000,20.00000,1.16068,1
105,2194,259.60199,21.94000,-4.003942e-003,95.54995,,50.00000,20.00000,1.16061,1
105,2195,259.70001,21.95000,-3.648216e-003,95.54838,,50.00000,20.00000,1.16056,1
105,2196,259.79300,21.96000,-3.114476e-003,95.54681,,50.00000,20.00000,1.16050,1
105,2197,259.89301,21.97000,-2.669686e-003,95.54389,,50.00000,20.00000,1.16044,1
105,2198,259.99899,21.98000,-1.868880e-003,95.54233,,50.00000,20.00000,1.16038,1
105,2199,260.09299,21.99000,-1.601973e-003,95.54075,,50.00000,20.00000,1.16033,1
105,2200,260.19601,22.00000,-1.691060e-003,95.53917,,50.00000,20.00000,1.16027,1
105,2201,260.28699,22.01000,-1.691138e-003,95.53624,,50.00000,20.00000,1.16021,1
105,2202,260.39899,22.02000,-1.335184e-003,95.53467,,50.00000,20.00000,1.16015,1
105,2203,260.49200,22.03000,-1.780330e-004,95.53308,,50.00000,20.00000,1.16009,1
105,2204,260.59201,22.04000,-1.780420e-004,95.53150,,50.00000,20.00000,1.16003,1
105,2205,260.69299,22.05000,-8.902556e-005,95.52993,,50.00000,20.00000,1.15997,1
105,2206,260.78699,22.06000,-0.000000e+000,95.52837,,50.00000,20.00000,1.15992,1
105,2207,260.89999,22.07000,8.013144e-004,95.52817,,50.00000,20.00000,1.15985,1
105,2208,260.98999,22.08000,1.246546e-003,95.52664,,50.00000,20.00000,1.15980,1
105,2209,261.08499,22.09000,1.869909e-003,95.52645,,50.00000,20.00000,1.15974,1
105,2210,261.18600,22.10000,1.691910e-003,95.52627,,50.00000,20.00000,1.15968,1
105,2211,261.28601,22.11000,1.781049e-003,95.52608,,50.00000,20.00000,1.15962,1
105,2212,261.38000,22.12000,2.938871e-003,95.52588,,50.00000,20.00000,1.15957,1
105,2213,261.48499,22.13000,3.206213e-003,95.52567,,50.00000,20.00000,1.15951,1
105,2214,261.58301,22.14000,3.473571e-003,95.52547,,50.00000,20.00000,1.15945,1
105,2215,261.68600,22.15000,3.562825e-003,95.52526,,50.00000,20.00000,1.15939,1
105,2216,261.77802,22.16000,4.453741e-003,95.52368,,50.00000,20.00000,1.15933,1
105,2217,261.87500,22.17000,4.364882e-003,95.52344,,50.00000,20.00000,1.15928,1
105,2218,261.98001,22.18000,4.543286e-003,95.52320,,50.00000,20.00000,1.15921,1
105,2219,262.08600,22.19000,4.632621e-003,95.52161,,50.00000,20.00000,1.15915,1
105,2220,262.18399,22.20000,5.256508e-003,95.52138,,50.00000,20.00000,1.15909,1
105,2221,262.28000,22.21000,5.702256e-003,95.51983,,50.00000,20.00000,1.15904,1
105,2222,262.38300,22.22000,6.326274e-003,95.51829,,50.00000,20.00000,1.15897,1
105,2223,262.47501,22.23000,6.504787e-003,95.51810,,50.00000,20.00000,1.15892,1
105,2224,262.57700,22.24000,7.039797e-003,95.51655,,50.00000,20.00000,1.15886,1
105,2225,262.67099,22.25000,7.129253e-003,95.51635,,50.00000,20.00000,1.15880,1
105,2226,262.77600,22.26000,7.753484e-003,95.51479,,50.00000,20.00000,1.15874,1
105,2227,262.87900,22.27000,8.021271e-003,95.51457,,50.00000,20.00000,1.15868,1
105,2228,262.97400,22.28000,8.467312e-003,95.51298,,50.00000,20.00000,1.15862,1
105,2229,263.06400,22.29000,8.913375e-003,95.51139,,50.00000,20.00000,1.15857,1
105,2230,263.17999,22.30000,8.646493e-003,95.51116,,50.00000,20.00000,1.15850,1
105,2231,263.27499,22.31000,8.825204e-003,95.50956,,50.00000,20.00000,1.15844,1
105,2232,263.37299,22.32000,9.360539e-003,95.50932,,50.00000,20.00000,1.15838,1
105,2233,263.47699,22.33000,9.806808e-003,95.50910,,50.00000,20.00000,1.15832,1
105,2234,263.57199,22.34000,1.105549e-002,95.50754,,50.00000,20.00000,1.15826,1
105,2235,263.67700,22.35000,1.132358e-002,95.50600,,50.00000,20.00000,1.15820,1
105,2236,263.77301,22.36000,1.150248e-002,95.50447,,50.00000,20.00000,1.15814,1
105,2237,263.86200,22.37000,1.132467e-002,95.50296,,50.00000,20.00000,1.15809,1
105,2238,263.98001,22.38000,1.194960e-002,95.50010,,50.00000,20.00000,1.15802,1
105,2239,264.06000,22.39000,1.239599e-002,95.49857,,50.00000,20.00000,1.15797,1
105,2240,264.15701,22.40000,1.284254e-002,95.49702,,50.00000,20.00000,1.15791,1
105,2241,264.26501,22.41000,1.320002e-002,95.49547,,50.00000,20.00000,1.15784,1
105,2242,264.36099,22.42000,1.373585e-002,95.49391,,50.00000,20.00000,1.15779,1
105,2243,264.46899,22.43000,1.391502e-002,95.49233,,50.00000,20.00000,1.15772,1
105,2244,264.55600,22.44000,1.391565e-002,95.49075,,50.00000,20.00000,1.15767,1
105,2245,264.66000,22.45000,1.427324e-002,95.48917,,50.00000,20.00000,1.15761,1
105,2246,264.76001,22.46000,1.552296e-002,95.48760,,50.00000,20.00000,1.15755,1
105,2247,264.86600,22.47000,1.570226e-002,95.48604,,50.00000,20.00000,1.15748,1
105,2248,264.96500,22.48000,1.570307e-002,95.48448,,50.00000,20.00000,1.15742,1
105,2249,265.04901,22.49000,1.588221e-002,95.48292,,50.00000,20.00000,1.15737,1
105,2250,265.16000,22.50000,1.615083e-002,95.48136,,50.00000,20.00000,1.15730,1
105,2251,265.26099,22.51000,1.686558e-002,95.47980,,50.00000,20.00000,1.15724,1
105,2252,265.35199,22.52000,1.713410e-002,95.47958,,50.00000,20.00000,1.15719,1
105,2253,265.46100,22.53000,1.749206e-002,95.47667,,50.00000,20.00000,1.15712,1
105,2254,265.55499,22.54000,1.784993e-002,95.47377,,50.00000,20.00000,1.15706,1
105,2255,265.65799,22.55000,1.838643e-002,95.47088,,50.00000,20.00000,1.15700,1
105,2256,265.75500,22.56000,1.856588e-002,95.46935,,50.00000,20.00000,1.15694,1
105,2257,265.84500,22.57000,1.901308e-002,95.46647,,50.00000,20.00000,1.15689,1
105,2258,265.95700,22.58000,1.883567e-002,95.46493,,50.00000,20.00000,1.15682,1
105,2259,266.04099,22.59000,1.919359e-002,95.46338,,50.00000,20.00000,1.15677,1
105,2260,266.14899,22.60000,2.008747e-002,95.46180,,50.00000,20.00000,1.15670,1
105,2261,266.24500,22.61000,2.044562e-002,95.45888,,50.00000,20.00000,1.15664,1
105,2262,266.35199,22.62000,2.062535e-002,95.45731,,50.00000,20.00000,1.15658,1
105,2263,266.45001,22.63000,2.071571e-002,95.45576,,50.00000,20.00000,1.15652,1
105,2264,266.54700,22.64000,2.107396e-002,95.45422,,50.00000,20.00000,1.15646,1
105,2265,266.64401,22.65000,2.178945e-002,95.45268,,50.00000,20.00000,1.15640,1
105,2266,266.73801,22.66000,2.205846e-002,95.45114,,50.00000,20.00000,1.15634,1
105,2267,266.84601,22.67000,2.268490e-002,95.44824,,50.00000,20.00000,1.15627,1
105,2268,266.94000,22.68000,2.313261e-002,95.44532,,50.00000,20.00000,1.15621,1
105,2269,267.03699,22.69000,2.313380e-002,95.44239,,50.00000,20.00000,1.15616,1
105,2270,267.14099,22.70000,2.331373e-002,95.43945,,50.00000,20.00000,1.15609,1
105,2271,267.24100,22.71000,2.385095e-002,95.43787,,50.00000,20.00000,1.15603,1
105,2272,267.34399,22.72000,2.420960e-002,95.43495,,50.00000,20.00000,1.15597,1
105,2273,267.44000,22.73000,2.447885e-002,95.43341,,50.00000,20.00000,1.15591,1
105,2274,267.54199,22.74000,2.474822e-002,95.43054,,50.00000,20.00000,1.15584,1
105,2275,267.63901,22.75000,2.546429e-002,95.42903,,50.00000,20.00000,1.15578,1
105,2276,267.73199,22.76000,2.591232e-002,95.42617,,50.00000,20.00000,1.15573,1
105,2277,267.82901,22.77000,2.600302e-002,95.42464,,50.00000,20.00000,1.15567,1
105,2278,267.92700,22.78000,2.609375e-002,95.42176,,50.00000,20.00000,1.15561,1
105,2279,268.03101,22.79000,2.636331e-002,95.42022,,50.00000,20.00000,1.15554,1
105,2280,268.13400,22.80000,2.725848e-002,95.41868,,50.00000,20.00000,1.15548,1
105,2281,268.22400,22.81000,2.734917e-002,95.41579,,50.00000,20.00000,1.15542,1
105,2282,268.33099,22.82000,2.761889e-002,95.41425,,50.00000,20.00000,1.15536,1
105,2283,268.42001,22.83000,2.797776e-002,95.41269,,50.00000,20.00000,1.15530,1
105,2284,268.51401,22.84000,2.842612e-002,95.41111,,50.00000,20.00000,1.15524,1
105,2285,268.63000,22.85000,2.878548e-002,95.41090,,50.00000,20.00000,1.15517,1
105,2286,268.73099,22.86000,2.914465e-002,95.41068,,50.00000,20.00000,1.15511,1
105,2287,268.82001,22.87000,2.968248e-002,95.40911,,50.00000,20.00000,1.15505,1
105,2288,268.92401,22.88000,2.995237e-002,95.40890,,50.00000,20.00000,1.15499,1
105,2289,269.01700,22.89000,3.049037e-002,95.40734,,50.00000,20.00000,1.15493,1
105,2290,269.12201,22.90000,3.076035e-002,95.40713,,50.00000,20.00000,1.15486,1
105,2291,269.22800,22.91000,3.120924e-002,95.40556,,50.00000,20.00000,1.15480,1
105,2292,269.31400,22.92000,3.147898e-002,95.40400,,50.00000,20.00000,1.15474,1
105,2293,269.42401,22.93000,3.192803e-002,95.40245,,50.00000,20.00000,1.15467,1
105,2294,269.51801,22.94000,3.237684e-002,95.40091,,50.00000,20.00000,1.15462,1
105,2295,269.62201,22.95000,3.255756e-002,95.39938,,50.00000,20.00000,1.15455,1
105,2296,269.71500,22.96000,3.336423e-002,95.39920,,50.00000,20.00000,1.15449,1
105,2297,269.81100,22.97000,3.345542e-002,95.39632,,50.00000,20.00000,1.15443,1
105,2298,269.91400,22.98000,3.363621e-002,95.39344,,50.00000,20.00000,1.15437,1
105,2299,270.01501,22.99000,3.417484e-002,95.39054,,50.00000,20.00000,1.15430,1
105,2300,270.10599,23.00000,3.444493e-002,95.38762,,50.00000,20.00000,1.15425,1
105,2301,270.20999,23.01000,3.444688e-002,95.38603,,50.00000,20.00000,1.15418,1
105,2302,270.30600,23.02000,3.507502e-002,95.38307,,50.00000,20.00000,1.15412,1
105,2303,270.41299,23.03000,3.570344e-002,95.38146,,50.00000,20.00000,1.15405,1
105,2304,270.51501,23.04000,3.579492e-002,95.37986,,50.00000,20.00000,1.15399,1
105,2305,270.61700,23.05000,3.606539e-002,95.37829,,50.00000,20.00000,1.15393,1
105,2306,270.71899,23.06000,3.597790e-002,95.37675,,50.00000,20.00000,1.15386,1
105,2307,270.80899,23.07000,3.651668e-002,95.37523,,50.00000,20.00000,1.15380,1
105,2308,270.90601,23.08000,3.705566e-002,95.37373,,50.00000,20.00000,1.15374,1
105,2309,271.01001,23.09000,3.741581e-002,95.37221,,50.00000,20.00000,1.15368,1
105,2310,271.09799,23.10000,3.804423e-002,95.37204,,50.00000,20.00000,1.15362,1
105,2311,271.20401,23.11000,3.840452e-002,95.37186,,50.00000,20.00000,1.15355,1
105,2312,271.30499,23.12000,3.903333e-002,95.37034,,50.00000,20.00000,1.15349,1
105,2313,271.40799,23.13000,3.948319e-002,95.37018,,50.00000,20.00000,1.15343,1
105,2314,271.49799,23.14000,3.975375e-002,95.37001,,50.00000,20.00000,1.15337,1
105,2315,271.58499,23.15000,3.984519e-002,95.36848,,50.00000,20.00000,1.15331,1
105,2316,271.70001,23.16000,4.002681e-002,95.36828,,50.00000,20.00000,1.15324,1
105,2317,271.79401,23.17000,4.020798e-002,95.36672,,50.00000,20.00000,1.15318,1
105,2318,271.89700,23.18000,4.029982e-002,95.36649,,50.00000,20.00000,1.15312,1
105,2319,271.99301,23.19000,4.057063e-002,95.36491,,50.00000,20.00000,1.15305,1
105,2320,272.09900,23.20000,4.111040e-002,95.36334,,50.00000,20.00000,1.15299,1
105,2321,272.19400,23.21000,4.164997e-002,95.36178,,50.00000,20.00000,1.15293,1
105,2322,272.29099,23.22000,4.245837e-002,95.36024,,50.00000,20.00000,1.15286,1
105,2323,272.39801,23.23000,4.317752e-002,95.35736,,50.00000,20.00000,1.15280,1
105,2324,272.49399,23.24000,4.317982e-002,95.35584,,50.00000,20.00000,1.15274,1
105,2325,272.59000,23.25000,4.345088e-002,95.35296,,50.00000,20.00000,1.15267,1
105,2326,272.67999,23.26000,4.381142e-002,95.35142,,50.00000,20.00000,1.15262,1
105,2327,272.78500,23.27000,4.417237e-002,95.34988,,50.00000,20.00000,1.15255,1
105,2328,272.89499,23.28000,4.426467e-002,95.34833,,50.00000,20.00000,1.15248,1
105,2329,272.97601,23.29000,4.471471e-002,95.34541,,50.00000,20.00000,1.15243,1
105,2330,273.09000,23.30000,4.543445e-002,95.34387,,50.00000,20.00000,1.15235,1
105,2331,273.18701,23.31000,4.588499e-002,95.34232,,50.00000,20.00000,1.15229,1
105,2332,273.27899,23.32000,4.651471e-002,95.34077,,50.00000,20.00000,1.15223,1
105,2333,273.38199,23.33000,4.660701e-002,95.34057,,50.00000,20.00000,1.15217,1
105,2334,273.48001,23.34000,4.660955e-002,95.33902,,50.00000,20.00000,1.15210,1
105,2335,273.57999,23.35000,4.697070e-002,95.33748,,50.00000,20.00000,1.15204,1
105,2336,273.68600,23.36000,4.813885e-002,95.33596,,50.00000,20.00000,1.15197,1
105,2337,273.78000,23.37000,4.805173e-002,95.33443,,50.00000,20.00000,1.15191,1
105,2338,273.86801,23.38000,4.895062e-002,95.33291,,50.00000,20.00000,1.15185,1
105,2339,273.97800,23.39000,4.931227e-002,95.33138,,50.00000,20.00000,1.15178,1
105,2340,274.06699,23.40000,4.967338e-002,95.32983,,50.00000,20.00000,1.15173,1
105,2341,274.17801,23.41000,4.994547e-002,95.32827,,50.00000,20.00000,1.15166,1
105,2342,274.26999,23.42000,5.039641e-002,95.32670,,50.00000,20.00000,1.15160,1
105,2343,274.37000,23.43000,5.030956e-002,95.32515,,50.00000,20.00000,1.15153,1
105,2344,274.47699,23.44000,5.049194e-002,95.32362,,50.00000,20.00000,1.15146,1
105,2345,274.57300,23.45000,5.112248e-002,95.32209,,50.00000,20.00000,1.15140,1
105,2346,274.66501,23.46000,5.148390e-002,95.32056,,50.00000,20.00000,1.15134,1
105,2347,274.76401,23.47000,5.175586e-002,95.31902,,50.00000,20.00000,1.15128,1
105,2348,274.85999,23.48000,5.238658e-002,95.31749,,50.00000,20.00000,1.15121,1
105,2349,274.97101,23.49000,5.247956e-002,95.31596,,50.00000,20.00000,1.15114,1
105,2350,275.06699,23.50000,5.302068e-002,95.31443,,50.00000,20.00000,1.15108,1
105,2351,275.16400,23.51000,5.356189e-002,95.31291,,50.00000,20.00000,1.15102,1
105,2352,275.25400,23.52000,5.428239e-002,95.31139,,50.00000,20.00000,1.15096,1
105,2353,275.35901,23.53000,5.491370e-002,95.30985,,50.00000,20.00000,1.15089,1
105,2354,275.45001,23.54000,5.527546e-002,95.30964,,50.00000,20.00000,1.15083,1
105,2355,275.56201,23.55000,5.536869e-002,95.30807,,50.00000,20.00000,1.15076,1
105,2356,275.66000,23.56000,5.555125e-002,95.30784,,50.00000,20.00000,1.15069,1
105,2357,275.75101,23.57000,5.573361e-002,95.30626,,50.00000,20.00000,1.15064,1
105,2358,275.86401,23.58000,5.582692e-002,95.30471,,50.00000,20.00000,1.15056,1
105,2359,275.95700,23.59000,5.582987e-002,95.30452,,50.00000,20.00000,1.15050,1
105,2360,276.05801,23.60000,5.610236e-002,95.30300,,50.00000,20.00000,1.15044,1
105,2361,276.15399,23.61000,5.628495e-002,95.30148,,50.00000,20.00000,1.15037,1
105,2362,276.24899,23.62000,5.718572e-002,95.29996,,50.00000,20.00000,1.15031,1
105,2363,276.34698,23.63000,5.790714e-002,95.29977,,50.00000,20.00000,1.15025,1
105,2364,276.45001,23.64000,5.835945e-002,95.29686,,50.00000,20.00000,1.15018,1
105,2365,276.55099,23.65000,5.791386e-002,95.29529,,50.00000,20.00000,1.15011,1
105,2366,276.64600,23.66000,5.809658e-002,95.29372,,50.00000,20.00000,1.15005,1
105,2367,276.75400,23.67000,5.863894e-002,95.29215,,50.00000,20.00000,1.14998,1
105,2368,276.84900,23.68000,5.962997e-002,95.28925,,50.00000,20.00000,1.14992,1
105,2369,276.94699,23.69000,5.981292e-002,95.28771,,50.00000,20.00000,1.14985,1
105,2370,277.04901,23.70000,5.981641e-002,95.28618,,50.00000,20.00000,1.14979,1
105,2371,277.14899,23.71000,6.008928e-002,95.28465,,50.00000,20.00000,1.14972,1
105,2372,277.23700,23.72000,6.054143e-002,95.28041,,50.00000,20.00000,1.14966,1
105,2373,277.34000,23.73000,6.117380e-002,95.27753,,50.00000,20.00000,1.14960,1
105,2374,277.44901,23.74000,6.162679e-002,95.27329,,50.00000,20.00000,1.14952,1
105,2375,277.53799,23.75000,6.189945e-002,95.26905,,50.00000,20.00000,1.14946,1
105,2376,277.64499,23.76000,6.235247e-002,95.26479,,50.00000,20.00000,1.14939,1
105,2377,277.73001,23.77000,6.262506e-002,95.26185,,50.00000,20.00000,1.14934,1
105,2378,277.82901,23.78000,6.343731e-002,95.25755,,50.00000,20.00000,1.14927,1
105,2379,277.94699,23.79000,6.344161e-002,95.25460,,50.00000,20.00000,1.14920,1
105,2380,278.04599,23.80000,6.380468e-002,95.25032,,50.00000,20.00000,1.14913,1
105,2381,278.14700,23.81000,6.434762e-002,95.24742,,50.00000,20.00000,1.14906,1
105,2382,278.23901,23.82000,6.444091e-002,95.24590,,50.00000,20.00000,1.14900,1
105,2383,278.33401,23.83000,6.525335e-002,95.24438,,50.00000,20.00000,1.14894,1
105,2384,278.43201,23.84000,6.552669e-002,95.24286,,50.00000,20.00000,1.14887,1
105,2385,278.53299,23.85000,6.606986e-002,95.24269,,50.00000,20.00000,1.14881,1
105,2386,278.63501,23.86000,6.625354e-002,95.24117,,50.00000,20.00000,1.14874,1
105,2387,278.73801,23.87000,6.625748e-002,95.24101,,50.00000,20.00000,1.14867,1
105,2388,278.83401,23.88000,6.653088e-002,95.24085,,50.00000,20.00000,1.14861,1
105,2389,278.91800,23.89000,6.707358e-002,95.24069,,50.00000,20.00000,1.14855,1
105,2390,279.02499,23.90000,6.734748e-002,95.24051,,50.00000,20.00000,1.14848,1
105,2391,279.12399,23.91000,6.753118e-002,95.24031,,50.00000,20.00000,1.14842,1
105,2392,279.22400,23.92000,6.807465e-002,95.24011,,50.00000,20.00000,1.14835,1
105,2393,279.33401,23.93000,6.870853e-002,95.23991,,50.00000,20.00000,1.14828,1
105,2394,279.42099,23.94000,6.943149e-002,95.23972,,50.00000,20.00000,1.14822,1
105,2395,279.52301,23.95000,6.988531e-002,95.23955,,50.00000,20.00000,1.14815,1
105,2396,279.62000,23.96000,7.069878e-002,95.23937,,50.00000,20.00000,1.14808,1
105,2397,279.72400,23.97000,7.106286e-002,95.23919,,50.00000,20.00000,1.14802,1
105,2398,279.81400,23.98000,7.106658e-002,95.23901,,50.00000,20.00000,1.14796,1
105,2399,279.91800,23.99000,7.089096e-002,95.23883,,50.00000,20.00000,1.14789,1
105,2400,280.02200,24.00000,7.125513e-002,95.23865,,50.00000,20.00000,1.14782,1
105,2401,280.11499,24.01000,7.152892e-002,95.23848,,50.00000,20.00000,1.14775,1
105,2402,280.21701,24.02000,7.189308e-002,95.23832,,50.00000,20.00000,1.14769,1
105,2403,280.31201,24.03000,7.270692e-002,95.23679,,50.00000,20.00000,1.14762,1
105,2404,280.40799,24.04000,7.289098e-002,95.23660,,50.00000,20.00000,1.14756,1
105,2405,280.50500,24.05000,7.325509e-002,95.23504,,50.00000,20.00000,1.14749,1
105,2406,280.61301,24.06000,7.379971e-002,95.23484,,50.00000,20.00000,1.14742,1
105,2407,280.71899,24.07000,7.425431e-002,95.23329,,50.00000,20.00000,1.14735,1
105,2408,280.81201,24.08000,7.416835e-002,95.23309,,50.00000,20.00000,1.14729,1
105,2409,280.89899,24.09000,7.417213e-002,95.23156,,50.00000,20.00000,1.14723,1
105,2410,281.01401,24.10000,7.462724e-002,95.23004,,50.00000,20.00000,1.14715,1
105,2411,281.10901,24.11000,7.526157e-002,95.22986,,50.00000,20.00000,1.14709,1
105,2412,281.20001,24.12000,7.571575e-002,95.22831,,50.00000,20.00000,1.14703,1
105,2413,281.30399,24.13000,7.563034e-002,95.22676,,50.00000,20.00000,1.14696,1
105,2414,281.40100,24.14000,7.644502e-002,95.22657,,50.00000,20.00000,1.14689,1
105,2415,281.51001,24.15000,7.681012e-002,95.22504,,50.00000,20.00000,1.14682,1
105,2416,281.60501,24.16000,7.717462e-002,95.22352,,50.00000,20.00000,1.14675,1
105,2417,281.70300,24.17000,7.798959e-002,95.22335,,50.00000,20.00000,1.14669,1
105,2418,281.79501,24.18000,7.853419e-002,95.22182,,50.00000,20.00000,1.14662,1
105,2419,281.88901,24.19000,7.844848e-002,95.22028,,50.00000,20.00000,1.14656,1
105,2420,282.00101,24.20000,7.872388e-002,95.21873,,50.00000,20.00000,1.14648,1
105,2421,282.10199,24.21000,7.899881e-002,95.21853,,50.00000,20.00000,1.14642,1
105,2422,282.19699,24.22000,7.963383e-002,95.21697,,50.00000,20.00000,1.14635,1
105,2423,282.29401,24.23000,7.999875e-002,95.21542,,50.00000,20.00000,1.14629,1
105,2424,282.39700,24.24000,8.009372e-002,95.21522,,50.00000,20.00000,1.14622,1
105,2425,282.48700,24.25000,8.036829e-002,95.21366,,50.00000,20.00000,1.14616,1
105,2426,282.60101,24.26000,8.055392e-002,95.21213,,50.00000,20.00000,1.14608,1
105,2427,282.69901,24.27000,8.136961e-002,95.21196,,50.00000,20.00000,1.14601,1
105,2428,282.79401,24.28000,8.155442e-002,95.21045,,50.00000,20.00000,1.14595,1
105,2429,282.88901,24.29000,8.218987e-002,95.20894,,50.00000,20.00000,1.14588,1
105,2430,282.98199,24.30000,8.246478e-002,95.20743,,50.00000,20.00000,1.14582,1
105,2431,283.08899,24.31000,8.265029e-002,95.20590,,50.00000,20.00000,1.14575,1
105,2432,283.18399,24.32000,8.283523e-002,95.20571,,50.00000,20.00000,1.14568,1
105,2433,283.28699,24.33000,8.356144e-002,95.20416,,50.00000,20.00000,1.14561,1
105,2434,283.38800,24.34000,8.365661e-002,95.20261,,50.00000,20.00000,1.14554,1
105,2435,283.47900,24.35000,8.366115e-002,95.20106,,50.00000,20.00000,1.14548,1
105,2436,283.58801,24.36000,8.393706e-002,95.20086,,50.00000,20.00000,1.14541,1
105,2437,283.68301,24.37000,8.421232e-002,95.19930,,50.00000,20.00000,1.14534,1
105,2438,283.77802,24.38000,8.466793e-002,95.19776,,50.00000,20.00000,1.14528,1
105,2439,283.89301,24.39000,8.521479e-002,95.19624,,50.00000,20.00000,1.14520,1
105,2440,283.97900,24.40000,8.594061e-002,95.19609,,50.00000,20.00000,1.14514,1
105,2441,284.07999,24.41000,8.630654e-002,95.19458,,50.00000,20.00000,1.14507,1
105,2442,284.17401,24.42000,8.739368e-002,95.19307,,50.00000,20.00000,1.14500,1
105,2443,284.27701,24.43000,8.730887e-002,95.19155,,50.00000,20.00000,1.14493,1
105,2444,284.36499,24.44000,8.803507e-002,95.19135,,50.00000,20.00000,1.14487,1
105,2445,284.47800,24.45000,8.831166e-002,95.18845,,50.00000,20.00000,1.14480,1
105,2446,284.57800,24.46000,8.876801e-002,95.18554,,50.00000,20.00000,1.14473,1
105,2447,284.67200,24.47000,8.877302e-002,95.18129,,50.00000,20.00000,1.14466,1
105,2448,284.77399,24.48000,8.904913e-002,95.17841,,50.00000,20.00000,1.14459,1
105,2449,284.87399,24.49000,8.923494e-002,95.17554,,50.00000,20.00000,1.14452,1
105,2450,284.97101,24.50000,8.978154e-002,95.17267,,50.00000,20.00000,1.14446,1
105,2451,285.06201,24.51000,9.014742e-002,95.16844,,50.00000,20.00000,1.14439,1
105,2452,285.16699,24.52000,9.069458e-002,95.16421,,50.00000,20.00000,1.14432,1
105,2453,285.26801,24.53000,9.124159e-002,95.15999,,50.00000,20.00000,1.14425,1
105,2454,285.36899,24.54000,9.169843e-002,95.15577,,50.00000,20.00000,1.14418,1
105,2455,285.46100,24.55000,9.215482e-002,95.15291,,50.00000,20.00000,1.14412,1
105,2456,285.55899,24.56000,9.216027e-002,95.14870,,50.00000,20.00000,1.14405,1
105,2457,285.66101,24.57000,9.225623e-002,95.14585,,50.00000,20.00000,1.14398,1
105,2458,285.75500,24.58000,9.226147e-002,95.14434,,50.00000,20.00000,1.14392,1
105,2459,285.85599,24.59000,9.235739e-002,95.14282,,50.00000,20.00000,1.14385,1
105,2460,285.95200,24.60000,9.353647e-002,95.13993,,50.00000,20.00000,1.14378,1
105,2461,286.05200,24.61000,9.363244e-002,95.13837,,50.00000,20.00000,1.14371,1
105,2462,286.15399,24.62000,9.372852e-002,95.13680,,50.00000,20.00000,1.14364,1
105,2463,286.24799,24.63000,9.391447e-002,95.13387,,50.00000,20.00000,1.14357,1
105,2464,286.35901,24.64000,9.455297e-002,95.13230,,50.00000,20.00000,1.14350,1
105,2465,286.45999,24.65000,9.501033e-002,95.12940,,50.00000,20.00000,1.14343,1
105,2466,286.55499,24.66000,9.546742e-002,95.12785,,50.00000,20.00000,1.14336,1
105,2467,286.64801,24.67000,9.556315e-002,95.12768,,50.00000,20.00000,1.14330,1
105,2468,286.75500,24.68000,9.575002e-002,95.12617,,50.00000,20.00000,1.14322,1
105,2469,286.84698,24.69000,9.548438e-002,95.12601,,50.00000,20.00000,1.14316,1
105,2470,286.95200,24.70000,9.458708e-002,95.12450,,50.00000,20.00000,1.14308,1
105,2471,287.04800,24.71000,9.468297e-002,95.12433,,50.00000,20.00000,1.14302,1
105,2472,287.14200,24.72000,9.523051e-002,95.12415,,50.00000,20.00000,1.14295,1
105,2473,287.24200,24.73000,9.541703e-002,95.12395,,50.00000,20.00000,1.14288,1
105,2474,287.34100,24.74000,9.569389e-002,95.12375,,50.00000,20.00000,1.14281,1
105,2475,287.45200,24.75000,9.669445e-002,95.12355,,50.00000,20.00000,1.14274,1
105,2476,287.54700,24.76000,9.688081e-002,95.12335,,50.00000,20.00000,1.14267,1
105,2477,287.64001,24.77000,9.715746e-002,95.12315,,50.00000,20.00000,1.14260,1
105,2478,287.74500,24.78000,9.879064e-002,95.12296,,50.00000,20.00000,1.14253,1
105,2479,287.84000,24.79000,9.843483e-002,95.12141,,50.00000,20.00000,1.14246,1
105,2480,287.94601,24.80000,9.853162e-002,95.12122,,50.00000,20.00000,1.14239,1
105,2481,288.04401,24.81000,9.871835e-002,95.12103,,50.00000,20.00000,1.14232,1
105,2482,288.13800,24.82000,9.926649e-002,95.11951,,50.00000,20.00000,1.14225,1
105,2483,288.24701,24.83000,9.954438e-002,95.11937,,50.00000,20.00000,1.14218,1
105,2484,288.33701,24.84000,9.954988e-002,95.11788,,50.00000,20.00000,1.14212,1
105,2485,288.43701,24.85000,9.982727e-002,95.11774,,50.00000,20.00000,1.14204,1
105,2486,288.53299,24.86000,0.10019,95.11623,,50.00000,20.00000,1.14198,1
105,2487,288.62500,24.87000,0.10074,95.11471,,50.00000,20.00000,1.14191,1
105,2488,288.72699,24.88000,0.10084,95.11453,,50.00000,20.00000,1.14184,1
105,2489,288.84000,24.89000,0.10148,95.11300,,50.00000,20.00000,1.14176,1
105,2490,288.93201,24.90000,0.10203,95.11147,,50.00000,20.00000,1.14170,1
105,2491,289.02802,24.91000,0.10267,95.10995,,50.00000,20.00000,1.14163,1
105,2492,289.12201,24.92000,0.10331,95.10846,,50.00000,20.00000,1.14156,1
105,2493,289.23001,24.93000,0.10368,95.10698,,50.00000,20.00000,1.14149,1
105,2494,289.32901,24.94000,0.10386,95.10550,,50.00000,20.00000,1.14142,1
105,2495,289.41400,24.95000,0.10378,95.10400,,50.00000,20.00000,1.14136,1
105,2496,289.51401,24.96000,0.10442,95.10249,,50.00000,20.00000,1.14129,1
105,2497,289.61801,24.97000,0.10497,95.09962,,50.00000,20.00000,1.14121,1
105,2498,289.71100,24.98000,0.10543,95.09673,,50.00000,20.00000,1.14115,1
105,2499,289.82101,24.99000,0.10607,95.09384,,50.00000,20.00000,1.14107,1
105,2500,289.91901,25.00000,0.10625,95.09096,,50.00000,20.00000,1.14100,1
105,2501,290.00699,25.01000,0.10644,95.08943,,50.00000,20.00000,1.14094,1
105,2502,290.11899,25.02000,0.10672,95.08654,,50.00000,20.00000,1.14086,1
105,2503,290.20300,25.03000,0.10682,95.08364,,50.00000,20.00000,1.14080,1
105,2504,290.31400,25.04000,0.10728,95.08208,,50.00000,20.00000,1.14072,1
105,2505,290.40900,25.05000,0.10855,95.07915,,50.00000,20.00000,1.14065,1
105,2506,290.51401,25.06000,0.10838,95.07758,,50.00000,20.00000,1.14058,1
105,2507,290.61801,25.07000,0.10893,95.07465,,50.00000,20.00000,1.14050,1
105,2508,290.70801,25.08000,0.10830,95.07173,,50.00000,20.00000,1.14044,1
105,2509,290.81299,25.09000,0.10903,95.07019,,50.00000,20.00000,1.14036,1
105,2510,290.92401,25.10000,0.10931,95.06730,,50.00000,20.00000,1.14028,1
105,2511,291.00400,25.11000,0.10968,95.06577,,50.00000,20.00000,1.14023,1
105,2512,291.10699,25.12000,0.11005,95.06291,,50.00000,20.00000,1.14015,1
105,2513,291.21899,25.13000,0.11060,95.06141,,50.00000,20.00000,1.14007,1
105,2514,291.30600,25.14000,0.11097,95.05854,,50.00000,20.00000,1.14001,1
105,2515,291.39999,25.15000,0.11133,95.05702,,50.00000,20.00000,1.13995,1
105,2516,291.50400,25.16000,0.11134,95.05416,,50.00000,20.00000,1.13987,1
105,2517,291.60699,25.17000,0.11171,95.05265,,50.00000,20.00000,1.13980,1
105,2518,291.70499,25.18000,0.11235,95.04844,,50.00000,20.00000,1.13973,1
105,2519,291.79901,25.19000,0.11318,95.04559,,50.00000,20.00000,1.13966,1
105,2520,291.89999,25.20000,0.11282,95.04137,,50.00000,20.00000,1.13959,1
105,2521,291.99100,25.21000,0.11292,95.03714,,50.00000,20.00000,1.13952,1
105,2522,292.09500,25.22000,0.11401,95.03425,,50.00000,20.00000,1.13945,1
105,2523,292.19601,25.23000,0.11338,95.03001,,50.00000,20.00000,1.13937,1
105,2524,292.29700,25.24000,0.11421,95.02577,,50.00000,20.00000,1.13930,1
105,2525,292.39999,25.25000,0.11458,95.02289,,50.00000,20.00000,1.13923,1
105,2526,292.49100,25.26000,0.11486,95.02001,,50.00000,20.00000,1.13916,1
105,2527,292.59000,25.27000,0.11514,95.01714,,50.00000,20.00000,1.13909,1
105,2528,292.69101,25.28000,0.11569,95.01563,,50.00000,20.00000,1.13902,1
105,2529,292.79401,25.29000,0.11651,95.01412,,50.00000,20.00000,1.13894,1
105,2530,292.88400,25.30000,0.11652,95.01394,,50.00000,20.00000,1.13888,1
105,2531,292.98499,25.31000,0.11698,95.01241,,50.00000,20.00000,1.13881,1
105,2532,293.08801,25.32000,0.11780,95.01088,,50.00000,20.00000,1.13873,1
105,2533,293.19199,25.33000,0.11781,95.01069,,50.00000,20.00000,1.13866,1
105,2534,293.27899,25.34000,0.11772,95.00779,,50.00000,20.00000,1.13860,1
105,2535,293.38901,25.35000,0.11837,95.00626,,50.00000,20.00000,1.13852,1
105,2536,293.48300,25.36000,0.11856,95.00474,,50.00000,20.00000,1.13845,1
105,2537,293.58701,25.37000,0.11902,95.00187,,50.00000,20.00000,1.13837,1
105,2538,293.68500,25.38000,0.11966,95.00036,,50.00000,20.00000,1.13830,1
105,2539,293.78000,25.39000,0.12039,94.99750,,50.00000,20.00000,1.13823,1
105,2540,293.87799,25.40000,0.12085,94.99599,,50.00000,20.00000,1.13816,1
105,2541,293.96799,25.41000,0.12059,94.99313,,50.00000,20.00000,1.13810,1
105,2542,294.09000,25.42000,0.12069,94.99164,,50.00000,20.00000,1.13801,1
105,2543,294.17899,25.43000,0.12188,94.98879,,50.00000,20.00000,1.13794,1
105,2544,294.26199,25.44000,0.12161,94.98727,,50.00000,20.00000,1.13788,1
105,2545,294.37000,25.45000,0.12216,94.98576,,50.00000,20.00000,1.13781,1
105,2546,294.47400,25.46000,0.12208,94.98423,,50.00000,20.00000,1.13773,1
105,2547,294.56699,25.47000,0.12309,94.98269,,50.00000,20.00000,1.13766,1
105,2548,294.66901,25.48000,0.12319,94.98115,,50.00000,20.00000,1.13759,1
105,2549,294.77499,25.49000,0.12356,94.97962,,50.00000,20.00000,1.13751,1
105,2550,294.86801,25.50000,0.12356,94.97809,,50.00000,20.00000,1.13744,1
105,2551,294.96701,25.51000,0.12439,94.97522,,50.00000,20.00000,1.13737,1
105,2552,295.06500,25.52000,0.12485,94.97371,,50.00000,20.00000,1.13730,1
105,2553,295.16400,25.53000,0.12495,94.97220,,50.00000,20.00000,1.13723,1
105,2554,295.26599,25.54000,0.12496,94.96936,,50.00000,20.00000,1.13715,1
105,2555,295.36700,25.55000,0.12551,94.96789,,50.00000,20.00000,1.13708,1
105,2556,295.46100,25.56000,0.12588,94.96640,,50.00000,20.00000,1.13701,1
105,2557,295.54501,25.57000,0.12634,94.96354,,50.00000,20.00000,1.13695,1
105,2558,295.65302,25.58000,0.12653,94.96202,,50.00000,20.00000,1.13687,1
105,2559,295.75601,25.59000,0.12709,94.96051,,50.00000,20.00000,1.13679,1
105,2560,295.86301,25.60000,0.12710,94.95762,,50.00000,20.00000,1.13672,1
105,2561,295.95099,25.61000,0.12737,94.95609,,50.00000,20.00000,1.13665,1
105,2562,296.04501,25.62000,0.12775,94.95589,,50.00000,20.00000,1.13658,1
105,2563,296.15601,25.63000,0.12785,94.95434,,50.00000,20.00000,1.13650,1
105,2564,296.24500,25.64000,0.12804,94.95414,,50.00000,20.00000,1.13644,1
105,2565,296.35999,25.65000,0.12868,94.95259,,50.00000,20.00000,1.13635,1
105,2566,296.45401,25.66000,0.12951,94.95241,,50.00000,20.00000,1.13628,1
105,2567,296.55801,25.67000,0.12942,94.95225,,50.00000,20.00000,1.13621,1
105,2568,296.64200,25.68000,0.12952,94.95076,,50.00000,20.00000,1.13614,1
105,2569,296.75400,25.69000,0.12980,94.95064,,50.00000,20.00000,1.13606,1
105,2570,296.84799,25.70000,0.13027,94.94917,,50.00000,20.00000,1.13599,1
105,2571,296.93701,25.71000,0.13082,94.94770,,50.00000,20.00000,1.13593,1
105,2572,297.04501,25.72000,0.13137,94.94623,,50.00000,20.00000,1.13585,1
105,2573,297.13599,25.73000,0.13147,94.94473,,50.00000,20.00000,1.13578,1
105,2574,297.23300,25.74000,0.13175,94.94322,,50.00000,20.00000,1.13571,1
105,2575,297.33499,25.75000,0.13204,94.94168,,50.00000,20.00000,1.13563,1
105,2576,297.42999,25.76000,0.13241,94.93743,,50.00000,20.00000,1.13556,1
105,2577,297.54099,25.77000,0.13305,94.93454,,50.00000,20.00000,1.13548,1
105,2578,297.64401,25.78000,0.13343,94.93165,,50.00000,20.00000,1.13541,1
105,2579,297.72699,25.79000,0.13371,94.93010,,50.00000,20.00000,1.13534,1
105,2580,297.82999,25.80000,0.13435,94.92721,,50.00000,20.00000,1.13527,1
105,2581,297.93701,25.81000,0.13463,94.92569,,50.00000,20.00000,1.13519,1
105,2582,298.03900,25.82000,0.13473,94.92416,,50.00000,20.00000,1.13511,1
105,2583,298.12799,25.83000,0.13483,94.92129,,50.00000,20.00000,1.13505,1
105,2584,298.23199,25.84000,0.13566,94.91979,,50.00000,20.00000,1.13497,1
105,2585,298.33499,25.85000,0.13594,94.91830,,50.00000,20.00000,1.13489,1
105,2586,298.42300,25.86000,0.13641,94.91816,,50.00000,20.00000,1.13483,1
105,2587,298.52899,25.87000,0.13642,94.91668,,50.00000,20.00000,1.13475,1
105,2588,298.62299,25.88000,0.13688,94.91653,,50.00000,20.00000,1.13468,1
105,2589,298.71500,25.89000,0.13725,94.91502,,50.00000,20.00000,1.13461,1
105,2590,298.82300,25.90000,0.13717,94.91486,,50.00000,20.00000,1.13453,1
105,2591,298.92001,25.91000,0.13736,94.91471,,50.00000,20.00000,1.13446,1
105,2592,299.02399,25.92000,0.13819,94.91320,,50.00000,20.00000,1.13438,1
105,2593,299.11899,25.93000,0.13856,94.91305,,50.00000,20.00000,1.13431,1
105,2594,299.21201,25.94000,0.13875,94.91153,,50.00000,20.00000,1.13424,1
105,2595,299.30899,25.95000,0.13913,94.91136,,50.00000,20.00000,1.13417,1
105,2596,299.41599,25.96000,0.13932,94.90983,,50.00000,20.00000,1.13409,1
105,2597,299.51700,25.97000,0.13969,94.90830,,50.00000,20.00000,1.13401,1
105,2598,299.61499,25.98000,0.14052,94.90541,,50.00000,20.00000,1.13394,1
105,2599,299.71301,25.99000,0.14071,94.90388,,50.00000,20.00000,1.13387,1
105,2600,299.81100,26.00000,0.14063,94.90100,,50.00000,20.00000,1.13379,1
105,2601,299.90900,26.01000,0.14091,94.89812,,50.00000,20.00000,1.13372,1
105,2602,300.01599,26.02000,0.14165,94.89660,,50.00000,20.00000,1.13364,1
105,2603,300.11099,26.03000,0.14211,94.89373,,50.00000,20.00000,1.13357,1
105,2604,300.20700,26.04000,0.14258,94.89085,,50.00000,20.00000,1.13350,1
105,2605,300.30600,26.05000,0.14277,94.88935,,50.00000,20.00000,1.13342,1
105,2606,300.41400,26.06000,0.14260,94.88649,,50.00000,20.00000,1.13334,1
105,2607,300.50299,26.07000,0.14306,94.88362,,50.00000,20.00000,1.13328,1
105,2608,300.59799,26.08000,0.14325,94.88077,,50.00000,20.00000,1.13320,1
105,2609,300.70801,26.09000,0.14363,94.87928,,50.00000,20.00000,1.13312,1
105,2610,300.80899,26.10000,0.14382,94.87645,,50.00000,20.00000,1.13305,1
105,2611,300.89499,26.11000,0.14438,94.87496,,50.00000,20.00000,1.13298,1
105,2612,300.98999,26.12000,0.14475,94.87348,,50.00000,20.00000,1.13291,1
105,2613,301.09900,26.13000,0.14513,94.87200,,50.00000,20.00000,1.13283,1
105,2614,301.19601,26.14000,0.14541,94.87051,,50.00000,20.00000,1.13276,1
105,2615,301.29001,26.15000,0.14587,94.86901,,50.00000,20.00000,1.13268,1
105,2616,301.38501,26.16000,0.14625,94.86749,,50.00000,20.00000,1.13261,1
105,2617,301.48499,26.17000,0.14626,94.86596,,50.00000,20.00000,1.13254,1
105,2618,301.59500,26.18000,0.14645,94.86444,,50.00000,20.00000,1.13245,1
105,2619,301.68799,26.19000,0.14637,94.86290,,50.00000,20.00000,1.13238,1
105,2620,301.78900,26.20000,0.14674,94.86002,,50.00000,20.00000,1.13231,1
105,2621,301.88101,26.21000,0.14821,94.85850,,50.00000,20.00000,1.13224,1
105,2622,301.99600,26.22000,0.14822,94.85564,,50.00000,20.00000,1.13215,1
105,2623,302.08200,26.23000,0.14750,94.85413,,50.00000,20.00000,1.13209,1
105,2624,302.18100,26.24000,0.14861,94.85127,,50.00000,20.00000,1.13201,1
105,2625,302.28601,26.25000,0.14925,94.84978,,50.00000,20.00000,1.13193,1
105,2626,302.38101,26.26000,0.14926,94.84692,,50.00000,20.00000,1.13186,1
105,2627,302.47900,26.27000,0.15000,94.84542,,50.00000,20.00000,1.13179,1
105,2628,302.57401,26.28000,0.15056,94.84390,,50.00000,20.00000,1.13171,1
105,2629,302.67700,26.29000,0.15030,94.84238,,50.00000,20.00000,1.13164,1
105,2630,302.78000,26.30000,0.15076,94.84221,,50.00000,20.00000,1.13156,1
105,2631,302.87701,26.31000,0.15077,94.84068,,50.00000,20.00000,1.13148,1
105,2632,302.96701,26.32000,0.15142,94.84050,,50.00000,20.00000,1.13142,1
105,2633,303.08200,26.33000,0.15162,94.83898,,50.00000,20.00000,1.13133,1
105,2634,303.17700,26.34000,0.15208,94.83884,,50.00000,20.00000,1.13126,1
105,2635,303.27701,26.35000,0.15200,94.83736,,50.00000,20.00000,1.13118,1
105,2636,303.37000,26.36000,0.15274,94.83589,,50.00000,20.00000,1.13111,1
105,2637,303.46301,26.37000,0.15302,94.83441,,50.00000,20.00000,1.13104,1
105,2638,303.56400,26.38000,0.15276,94.83292,,50.00000,20.00000,1.13096,1
105,2639,303.66400,26.39000,0.15305,94.82869,,50.00000,20.00000,1.13088,1
105,2640,303.76401,26.40000,0.15306,94.82445,,50.00000,20.00000,1.13081,1
105,2641,303.85901,26.41000,0.15343,94.82020,,50.00000,20.00000,1.13074,1
105,2642,303.96899,26.42000,0.15436,94.81596,,50.00000,20.00000,1.13065,1
105,2643,304.06799,26.43000,0.15464,94.81173,,50.00000,20.00000,1.13058,1
105,2644,304.16299,26.44000,0.15474,94.80885,,50.00000,20.00000,1.13050,1
105,2645,304.25699,26.45000,0.15493,94.80463,,50.00000,20.00000,1.13043,1
105,2646,304.35999,26.46000,0.15613,94.80041,,50.00000,20.00000,1.13035,1
105,2647,304.46701,26.47000,0.15633,94.79755,,50.00000,20.00000,1.13027,1
105,2648,304.55600,26.48000,0.15615,94.79469,,50.00000,20.00000,1.13020,1
105,2649,304.65900,26.49000,0.15635,94.79319,,50.00000,20.00000,1.13012,1
105,2650,304.76001,26.50000,0.15672,94.79170,,50.00000,20.00000,1.13005,1
105,2651,304.85300,26.51000,0.15692,94.79153,,50.00000,20.00000,1.12997,1
105,2652,304.94299,26.52000,0.15692,94.79136,,50.00000,20.00000,1.12991,1
105,2653,305.06201,26.53000,0.15758,94.78983,,50.00000,20.00000,1.12981,1
105,2654,305.15302,26.54000,0.15768,94.78965,,50.00000,20.00000,1.12974,1
105,2655,305.25400,26.55000,0.15815,94.78811,,50.00000,20.00000,1.12967,1
105,2656,305.35400,26.56000,0.15834,94.78795,,50.00000,20.00000,1.12959,1
105,2657,305.45200,26.57000,0.15862,94.78645,,50.00000,20.00000,1.12951,1
105,2658,305.55701,26.58000,0.15882,94.78496,,50.00000,20.00000,1.12943,1
105,2659,305.64700,26.59000,0.15947,94.78346,,50.00000,20.00000,1.12936,1
105,2660,305.74301,26.60000,0.16012,94.78061,,50.00000,20.00000,1.12929,1
105,2661,305.84698,26.61000,0.16068,94.77910,,50.00000,20.00000,1.12921,1
105,2662,305.94400,26.62000,0.16069,94.77759,,50.00000,20.00000,1.12913,1
105,2663,306.04501,26.63000,0.16070,94.77607,,50.00000,20.00000,1.12906,1
105,2664,306.14899,26.64000,0.16117,94.77319,,50.00000,20.00000,1.12898,1
105,2665,306.24100,26.65000,0.16109,94.77032,,50.00000,20.00000,1.12891,1
105,2666,306.34299,26.66000,0.16101,94.76609,,50.00000,20.00000,1.12883,1
105,2667,306.44000,26.67000,0.16129,94.76322,,50.00000,20.00000,1.12875,1
105,2668,306.54401,26.68000,0.16176,94.76037,,50.00000,20.00000,1.12867,1
105,2669,306.64499,26.69000,0.16214,94.75752,,50.00000,20.00000,1.12859,1
105,2670,306.73499,26.70000,0.16233,94.75467,,50.00000,20.00000,1.12852,1
105,2671,306.84100,26.71000,0.16280,94.75183,,50.00000,20.00000,1.12844,1
105,2672,306.93201,26.72000,0.16318,94.74898,,50.00000,20.00000,1.12837,1
105,2673,307.03000,26.73000,0.16310,94.74612,,50.00000,20.00000,1.12829,1
105,2674,307.13901,26.74000,0.16311,94.74327,,50.00000,20.00000,1.12821,1
105,2675,307.23099,26.75000,0.16312,94.74041,,50.00000,20.00000,1.12814,1
105,2676,307.33600,26.76000,0.16377,94.73890,,50.00000,20.00000,1.12806,1
105,2677,307.41901,26.77000,0.16433,94.73601,,50.00000,20.00000,1.12799,1
105,2678,307.53000,26.78000,0.16453,94.73449,,50.00000,20.00000,1.12791,1
105,2679,307.63199,26.79000,0.16472,94.73297,,50.00000,20.00000,1.12783,1
105,2680,307.73700,26.80000,0.16528,94.73282,,50.00000,20.00000,1.12775,1
105,2681,307.83301,26.81000,0.16529,94.73266,,50.00000,20.00000,1.12767,1
105,2682,307.91400,26.82000,0.16540,94.73115,,50.00000,20.00000,1.12761,1
105,2683,308.02701,26.83000,0.16623,94.73100,,50.00000,20.00000,1.12752,1
105,2684,308.12500,26.84000,0.16679,94.73084,,50.00000,20.00000,1.12744,1
105,2685,308.22900,26.85000,0.16708,94.72934,,50.00000,20.00000,1.12736,1
105,2686,308.32700,26.86000,0.16718,94.72785,,50.00000,20.00000,1.12729,1
105,2687,308.42001,26.87000,0.16747,94.72636,,50.00000,20.00000,1.12721,1
105,2688,308.51599,26.88000,0.16775,94.72487,,50.00000,20.00000,1.12714,1
105,2689,308.61801,26.89000,0.16832,94.72337,,50.00000,20.00000,1.12706,1
105,2690,308.71799,26.90000,0.16860,94.72187,,50.00000,20.00000,1.12698,1
105,2691,308.81201,26.91000,0.16898,94.72037,,50.00000,20.00000,1.12691,1
105,2692,308.92801,26.92000,0.16927,94.71888,,50.00000,20.00000,1.12682,1
105,2693,309.00800,26.93000,0.16955,94.71737,,50.00000,20.00000,1.12675,1
105,2694,309.10699,26.94000,0.16975,94.71587,,50.00000,20.00000,1.12668,1
105,2695,309.21399,26.95000,0.17022,94.71301,,50.00000,20.00000,1.12659,1
105,2696,309.31100,26.96000,0.17051,94.71149,,50.00000,20.00000,1.12652,1
105,2697,309.41101,26.97000,0.17033,94.70996,,50.00000,20.00000,1.12644,1
105,2698,309.50500,26.98000,0.17035,94.70844,,50.00000,20.00000,1.12636,1
105,2699,309.61600,26.99000,0.17082,94.70694,,50.00000,20.00000,1.12628,1
105,2700,309.71600,27.00000,0.17110,94.70544,,50.00000,20.00000,1.12620,1
105,2701,309.80099,27.01000,0.17148,94.70395,,50.00000,20.00000,1.12613,1
105,2702,309.90399,27.02000,0.17159,94.70245,,50.00000,20.00000,1.12605,1
105,2703,310.00201,27.03000,0.17187,94.70095,,50.00000,20.00000,1.12597,1
105,2704,310.10699,27.04000,0.17234,94.69809,,50.00000,20.00000,1.12589,1
105,2705,310.19800,27.05000,0.17290,94.69523,,50.00000,20.00000,1.12582,1
105,2706,310.31000,27.06000,0.17329,94.69372,,50.00000,20.00000,1.12573,1
105,2707,310.39700,27.07000,0.17330,94.69085,,50.00000,20.00000,1.12566,1
105,2708,310.50000,27.08000,0.17322,94.68932,,50.00000,20.00000,1.12558,1
105,2709,310.59698,27.09000,0.17341,94.68643,,50.00000,20.00000,1.12550,1
105,2710,310.70001,27.10000,0.17379,94.68489,,50.00000,20.00000,1.12542,1
105,2711,310.80099,27.11000,0.17463,94.68337,,50.00000,20.00000,1.12534,1
105,2712,310.91101,27.12000,0.17473,94.68187,,50.00000,20.00000,1.12525,1
105,2713,310.99799,27.13000,0.17502,94.67902,,50.00000,20.00000,1.12519,1
105,2714,311.09698,27.14000,0.17512,94.67754,,50.00000,20.00000,1.12511,1
105,2715,311.19199,27.15000,0.17578,94.67606,,50.00000,20.00000,1.12503,1
105,2716,311.29001,27.16000,0.17616,94.67457,,50.00000,20.00000,1.12496,1
105,2717,311.39999,27.17000,0.17608,94.67309,,50.00000,20.00000,1.12487,1
105,2718,311.49301,27.18000,0.17609,94.67025,,50.00000,20.00000,1.12479,1
105,2719,311.58301,27.19000,0.17610,94.66876,,50.00000,20.00000,1.12472,1
105,2720,311.69199,27.20000,0.17658,94.66728,,50.00000,20.00000,1.12464,1
105,2721,311.78799,27.21000,0.17659,94.66578,,50.00000,20.00000,1.12456,1
105,2722,311.88199,27.22000,0.17788,94.66560,,50.00000,20.00000,1.12449,1
105,2723,311.98001,27.23000,0.17817,94.66404,,50.00000,20.00000,1.12441,1
105,2724,312.08600,27.24000,0.17828,94.66383,,50.00000,20.00000,1.12432,1
105,2725,312.19101,27.25000,0.17820,94.66227,,50.00000,20.00000,1.12424,1
105,2726,312.29300,27.26000,0.17794,94.66207,,50.00000,20.00000,1.12416,1
105,2727,312.39200,27.27000,0.17822,94.66055,,50.00000,20.00000,1.12408,1
105,2728,312.49600,27.28000,0.17861,94.65907,,50.00000,20.00000,1.12400,1
105,2729,312.58899,27.29000,0.17898,94.65761,,50.00000,20.00000,1.12392,1
105,2730,312.68201,27.30000,0.17909,94.65614,,50.00000,20.00000,1.12385,1
105,2731,312.77499,27.31000,0.17956,94.65465,,50.00000,20.00000,1.12377,1
105,2732,312.87900,27.32000,0.17976,94.65451,,50.00000,20.00000,1.12369,1
105,2733,312.98099,27.33000,0.18050,94.65300,,50.00000,20.00000,1.12361,1
105,2734,313.08899,27.34000,0.18098,94.65151,,50.00000,20.00000,1.12352,1
105,2735,313.17801,27.35000,0.18136,94.65003,,50.00000,20.00000,1.12345,1
105,2736,313.27899,27.36000,0.18137,94.64992,,50.00000,20.00000,1.12337,1
105,2737,313.37100,27.37000,0.18147,94.64846,,50.00000,20.00000,1.12330,1
105,2738,313.47501,27.38000,0.18149,94.64835,,50.00000,20.00000,1.12322,1
105,2739,313.56601,27.39000,0.18178,94.64685,,50.00000,20.00000,1.12314,1
105,2740,313.66501,27.40000,0.18243,94.64534,,50.00000,20.00000,1.12306,1
105,2741,313.76901,27.41000,0.18281,94.64515,,50.00000,20.00000,1.12298,1
105,2742,313.86801,27.42000,0.18264,94.64360,,50.00000,20.00000,1.12290,1
105,2743,313.97198,27.43000,0.18348,94.64205,,50.00000,20.00000,1.12282,1
105,2744,314.07700,27.44000,0.18405,94.64186,,50.00000,20.00000,1.12273,1
105,2745,314.17300,27.45000,0.18388,94.64033,,50.00000,20.00000,1.12266,1
105,2746,314.27200,27.46000,0.18398,94.63881,,50.00000,20.00000,1.12258,1
105,2747,314.36700,27.47000,0.18436,94.63729,,50.00000,20.00000,1.12250,1
105,2748,314.46899,27.48000,0.18419,94.63712,,50.00000,20.00000,1.12242,1
105,2749,314.57800,27.49000,0.18421,94.63561,,50.00000,20.00000,1.12233,1
105,2750,314.66599,27.50000,0.18440,94.63410,,50.00000,20.00000,1.12226,1
105,2751,314.76901,27.51000,0.18497,94.63397,,50.00000,20.00000,1.12218,1
105,2752,314.88400,27.52000,0.18563,94.63385,,50.00000,20.00000,1.12208,1
105,2753,314.95401,27.53000,0.18601,94.63236,,50.00000,20.00000,1.12203,1
105,2754,315.06400,27.54000,0.18630,94.63224,,50.00000,20.00000,1.12194,1
105,2755,315.16101,27.55000,0.18668,94.63213,,50.00000,20.00000,1.12186,1
105,2756,315.26801,27.56000,0.18697,94.63203,,50.00000,20.00000,1.12177,1
105,2757,315.35999,27.57000,0.18716,94.63192,,50.00000,20.00000,1.12170,1
105,2758,315.45700,27.58000,0.18801,94.63180,,50.00000,20.00000,1.12162,1
105,2759,315.54800,27.59000,0.18811,94.63031,,50.00000,20.00000,1.12155,1
105,2760,315.64999,27.60000,0.18766,94.63016,,50.00000,20.00000,1.12147,1
105,2761,315.75601,27.61000,0.18795,94.62863,,50.00000,20.00000,1.12138,1
105,2762,315.85001,27.62000,0.18852,94.62845,,50.00000,20.00000,1.12130,1
105,2763,315.95999,27.63000,0.18872,94.62692,,50.00000,20.00000,1.12121,1
105,2764,316.05600,27.64000,0.18864,94.62541,,50.00000,20.00000,1.12114,1
105,2765,316.15500,27.65000,0.18939,94.62391,,50.00000,20.00000,1.12106,1
105,2766,316.25400,27.66000,0.18959,94.62107,,50.00000,20.00000,1.12098,1
105,2767,316.34698,27.67000,0.18988,94.61822,,50.00000,20.00000,1.12090,1
105,2768,316.44601,27.68000,0.19017,94.61673,,50.00000,20.00000,1.12082,1
105,2769,316.55600,27.69000,0.19064,94.60984,,50.00000,20.00000,1.12073,1
105,2770,316.64801,27.70000,0.19056,94.60431,,50.00000,20.00000,1.12066,1
105,2771,316.75201,27.71000,0.19058,94.59743,,50.00000,20.00000,1.12057,1
105,2772,316.83600,27.72000,0.19059,94.59191,,50.00000,20.00000,1.12050,1
105,2773,316.94501,27.73000,0.19088,94.58502,,50.00000,20.00000,1.12041,1
105,2774,317.03000,27.74000,0.19099,94.57945,,50.00000,20.00000,1.12035,1
105,2775,317.13699,27.75000,0.19174,94.57522,,50.00000,20.00000,1.12026,1
105,2776,317.24600,27.76000,0.19203,94.57233,,50.00000,20.00000,1.12017,1
105,2777,317.33701,27.77000,0.19213,94.56942,,50.00000,20.00000,1.12010,1
105,2778,317.44199,27.78000,0.19279,94.56519,,50.00000,20.00000,1.12001,1
105,2779,317.54800,27.79000,0.19336,94.56098,,50.00000,20.00000,1.11992,1
105,2780,317.64401,27.80000,0.19393,94.55813,,50.00000,20.00000,1.11985,1
105,2781,317.73801,27.81000,0.19431,94.55393,,50.00000,20.00000,1.11977,1
105,2782,317.83301,27.82000,0.19433,94.54972,,50.00000,20.00000,1.11969,1
105,2783,317.93701,27.83000,0.19443,94.54685,,50.00000,20.00000,1.11961,1
105,2784,318.03500,27.84000,0.19454,94.54398,,50.00000,20.00000,1.11953,1
105,2785,318.14301,27.85000,0.19492,94.54246,,50.00000,20.00000,1.11944,1
105,2786,318.23599,27.86000,0.19558,94.54095,,50.00000,20.00000,1.11936,1
105,2787,318.34399,27.87000,0.19578,94.53811,,50.00000,20.00000,1.11927,1
105,2788,318.43399,27.88000,0.19607,94.53663,,50.00000,20.00000,1.11920,1
105,2789,318.53799,27.89000,0.19627,94.53380,,50.00000,20.00000,1.11911,1
105,2790,318.62500,27.90000,0.19619,94.53096,,50.00000,20.00000,1.11904,1
105,2791,318.73001,27.91000,0.19639,94.52811,,50.00000,20.00000,1.11896,1
105,2792,318.82999,27.92000,0.19696,94.52525,,50.00000,20.00000,1.11887,1
105,2793,318.93701,27.93000,0.19725,94.52239,,50.00000,20.00000,1.11879,1
105,2794,319.02701,27.94000,0.19763,94.51953,,50.00000,20.00000,1.11871,1
105,2795,319.13199,27.95000,0.19783,94.51670,,50.00000,20.00000,1.11863,1
105,2796,319.22900,27.96000,0.19840,94.51523,,50.00000,20.00000,1.11855,1
105,2797,319.32700,27.97000,0.19851,94.51377,,50.00000,20.00000,1.11847,1
105,2798,319.42499,27.98000,0.19852,94.51231,,50.00000,20.00000,1.11839,1
105,2799,319.52200,27.99000,0.19872,94.51084,,50.00000,20.00000,1.11831,1
105,2800,319.61499,28.00000,0.19901,94.50801,,50.00000,20.00000,1.11823,1
105,2801,319.72000,28.01000,0.19921,94.50651,,50.00000,20.00000,1.11814,1
105,2802,319.81400,28.02000,0.19923,94.50500,,50.00000,20.00000,1.11807,1
105,2803,319.91901,28.03000,0.19970,94.50079,,50.00000,20.00000,1.11798,1
105,2804,320.02499,28.04000,0.19990,94.49660,,50.00000,20.00000,1.11789,1
105,2805,320.12100,28.05000,0.20020,94.49377,,50.00000,20.00000,1.11781,1
105,2806,320.21100,28.06000,0.20067,94.48958,,50.00000,20.00000,1.11774,1
105,2807,320.30801,28.07000,0.20087,94.48673,,50.00000,20.00000,1.11766,1
105,2808,320.40900,28.08000,0.20116,94.48252,,50.00000,20.00000,1.11757,1
105,2809,320.51199,28.09000,0.20155,94.47966,,50.00000,20.00000,1.11749,1
105,2810,320.62201,28.10000,0.20156,94.47681,,50.00000,20.00000,1.11740,1
105,2811,320.71301,28.11000,0.20176,94.47261,,50.00000,20.00000,1.11732,1
105,2812,320.80899,28.12000,0.20215,94.46977,,50.00000,20.00000,1.11724,1
105,2813,320.91000,28.13000,0.20244,94.46693,,50.00000,20.00000,1.11716,1
105,2814,320.99899,28.14000,0.20245,94.46408,,50.00000,20.00000,1.11709,1
105,2815,321.10901,28.15000,0.20275,94.45986,,50.00000,20.00000,1.11699,1
105,2816,321.20999,28.16000,0.20304,94.45700,,50.00000,20.00000,1.11691,1
105,2817,321.31000,28.17000,0.20333,94.45413,,50.00000,20.00000,1.11683,1
105,2818,321.40500,28.18000,0.20399,94.45127,,50.00000,20.00000,1.11675,1
105,2819,321.50500,28.19000,0.20410,94.44978,,50.00000,20.00000,1.11667,1
105,2820,321.61499,28.20000,0.20421,94.44831,,50.00000,20.00000,1.11657,1
105,2821,321.69901,28.21000,0.20441,94.44683,,50.00000,20.00000,1.11651,1
105,2822,321.80399,28.22000,0.20442,94.44536,,50.00000,20.00000,1.11642,1
105,2823,321.89899,28.23000,0.20471,94.44388,,50.00000,20.00000,1.11634,1
105,2824,321.99500,28.24000,0.20510,94.44239,,50.00000,20.00000,1.11626,1
105,2825,322.10101,28.25000,0.20567,94.43954,,50.00000,20.00000,1.11617,1
105,2826,322.19901,28.26000,0.20606,94.43667,,50.00000,20.00000,1.11609,1
105,2827,322.29700,28.27000,0.20663,94.43516,,50.00000,20.00000,1.11601,1
105,2828,322.40201,28.28000,0.20636,94.43230,,50.00000,20.00000,1.11592,1
105,2829,322.49100,28.29000,0.20647,94.42944,,50.00000,20.00000,1.11585,1
105,2830,322.60800,28.30000,0.20686,94.42659,,50.00000,20.00000,1.11575,1
105,2831,322.69299,28.31000,0.20678,94.42238,,50.00000,20.00000,1.11568,1
105,2832,322.79401,28.32000,0.20698,94.41681,,50.00000,20.00000,1.11559,1
105,2833,322.89801,28.33000,0.20727,94.41259,,50.00000,20.00000,1.11551,1
105,2834,322.98999,28.34000,0.20775,94.40702,,50.00000,20.00000,1.11543,1
105,2835,323.10400,28.35000,0.20805,94.40145,,50.00000,20.00000,1.11533,1
105,2836,323.19501,28.36000,0.20778,94.39588,,50.00000,20.00000,1.11526,1
105,2837,323.29599,28.37000,0.20808,94.39168,,50.00000,20.00000,1.11517,1
105,2838,323.39801,28.38000,0.20819,94.38885,,50.00000,20.00000,1.11509,1
105,2839,323.49301,28.39000,0.20857,94.38738,,50.00000,20.00000,1.11501,1
105,2840,323.59201,28.40000,0.20905,94.38591,,50.00000,20.00000,1.11492,1
105,2841,323.68701,28.41000,0.20925,94.38442,,50.00000,20.00000,1.11485,1
105,2842,323.78699,28.42000,0.20954,94.38428,,50.00000,20.00000,1.11476,1
105,2843,323.89001,28.43000,0.20974,94.38279,,50.00000,20.00000,1.11467,1
105,2844,323.98801,28.44000,0.20985,94.38267,,50.00000,20.00000,1.11459,1
105,2845,324.09698,28.45000,0.21024,94.38256,,50.00000,20.00000,1.11450,1
105,2846,324.17899,28.46000,0.21053,94.38112,,50.00000,20.00000,1.11443,1
105,2847,324.28799,28.47000,0.21073,94.37969,,50.00000,20.00000,1.11434,1
105,2848,324.37601,28.48000,0.21084,94.37825,,50.00000,20.00000,1.11427,1
105,2849,324.47299,28.49000,0.21104,94.37681,,50.00000,20.00000,1.11418,1
105,2850,324.57501,28.50000,0.21134,94.37534,,50.00000,20.00000,1.11410,1
105,2851,324.67099,28.51000,0.21154,94.37385,,50.00000,20.00000,1.11402,1
105,2852,324.77200,28.52000,0.21202,94.37099,,50.00000,20.00000,1.11393,1
105,2853,324.86801,28.53000,0.21287,94.36946,,50.00000,20.00000,1.11385,1
105,2854,324.97400,28.54000,0.21288,94.36659,,50.00000,20.00000,1.11376,1
105,2855,325.08099,28.55000,0.21318,94.36508,,50.00000,20.00000,1.11367,1
105,2856,325.17401,28.56000,0.21338,94.36224,,50.00000,20.00000,1.11359,1
105,2857,325.27499,28.57000,0.21349,94.35806,,50.00000,20.00000,1.11351,1
105,2858,325.36899,28.58000,0.21369,94.35525,,50.00000,20.00000,1.11343,1
105,2859,325.47000,28.59000,0.21445,94.35243,,50.00000,20.00000,1.11334,1
105,2860,325.56100,28.60000,0.21409,94.34959,,50.00000,20.00000,1.11327,1
105,2861,325.66599,28.61000,0.21439,94.34674,,50.00000,20.00000,1.11318,1
105,2862,325.76700,28.62000,0.21477,94.34389,,50.00000,20.00000,1.11309,1
105,2863,325.86600,28.63000,0.21479,94.34238,,50.00000,20.00000,1.11301,1
105,2864,325.96500,28.64000,0.21499,94.33952,,50.00000,20.00000,1.11293,1
105,2865,326.07101,28.65000,0.21520,94.33667,,50.00000,20.00000,1.11284,1
105,2866,326.16101,28.66000,0.21558,94.33382,,50.00000,20.00000,1.11276,1
105,2867,326.26501,28.67000,0.21588,94.33099,,50.00000,20.00000,1.11267,1
105,2868,326.36600,28.68000,0.21599,94.32952,,50.00000,20.00000,1.11259,1
105,2869,326.46301,28.69000,0.21628,94.32805,,50.00000,20.00000,1.11250,1
105,2870,326.55701,28.70000,0.21657,94.32658,,50.00000,20.00000,1.11242,1
105,2871,326.65701,28.71000,0.21650,94.32646,,50.00000,20.00000,1.11234,1
105,2872,326.75699,28.72000,0.21661,94.32635,,50.00000,20.00000,1.11225,1
105,2873,326.85999,28.73000,0.21718,94.32489,,50.00000,20.00000,1.11217,1
105,2874,326.95401,28.74000,0.21748,94.32477,,50.00000,20.00000,1.11209,1
105,2875,327.05301,28.75000,0.21768,94.32466,,50.00000,20.00000,1.11200,1
105,2876,327.14899,28.76000,0.21816,94.32453,,50.00000,20.00000,1.11192,1
105,2877,327.24600,28.77000,0.21864,94.32303,,50.00000,20.00000,1.11184,1
105,2878,327.35101,28.78000,0.21847,94.32287,,50.00000,20.00000,1.11175,1
105,2879,327.45001,28.79000,0.21821,94.32136,,50.00000,20.00000,1.11166,1
105,2880,327.55200,28.80000,0.21869,94.31985,,50.00000,20.00000,1.11158,1
105,2881,327.65399,28.81000,0.21908,94.31836,,50.00000,20.00000,1.11149,1
105,2882,327.75299,28.82000,0.21947,94.31688,,50.00000,20.00000,1.11140,1
105,2883,327.85001,28.83000,0.21986,94.31540,,50.00000,20.00000,1.11132,1
105,2884,327.94501,28.84000,0.22015,94.31257,,50.00000,20.00000,1.11124,1
105,2885,328.04099,28.85000,0.22045,94.30972,,50.00000,20.00000,1.11116,1
105,2886,328.14499,28.86000,0.22074,94.30551,,50.00000,20.00000,1.11107,1
105,2887,328.24899,28.87000,0.22095,94.30401,,50.00000,20.00000,1.11098,1
105,2888,328.34698,28.88000,0.22087,94.30116,,50.00000,20.00000,1.11090,1
105,2889,328.45001,28.89000,0.22117,94.29834,,50.00000,20.00000,1.11081,1
105,2890,328.54700,28.90000,0.22146,94.29688,,50.00000,20.00000,1.11073,1
105,2891,328.64200,28.91000,0.22157,94.29408,,50.00000,20.00000,1.11064,1
105,2892,328.73499,28.92000,0.22233,94.29261,,50.00000,20.00000,1.11056,1
105,2893,328.83099,28.93000,0.22235,94.29112,,50.00000,20.00000,1.11048,1
105,2894,328.94101,28.94000,0.22237,94.28963,,50.00000,20.00000,1.11039,1
105,2895,329.03900,28.95000,0.22257,94.28678,,50.00000,20.00000,1.11030,1
105,2896,329.14099,28.96000,0.22305,94.28529,,50.00000,20.00000,1.11022,1
105,2897,329.23801,28.97000,0.22335,94.28382,,50.00000,20.00000,1.11013,1
105,2898,329.34201,28.98000,0.22318,94.28235,,50.00000,20.00000,1.11004,1
105,2899,329.42401,28.99000,0.22329,94.28087,,50.00000,20.00000,1.10997,1
105,2900,329.53201,29.00000,0.22358,94.27803,,50.00000,20.00000,1.10988,1
105,2901,329.63000,29.01000,0.22379,94.27654,,50.00000,20.00000,1.10980,1
105,2902,329.73599,29.02000,0.22408,94.27504,,50.00000,20.00000,1.10970,1
105,2903,329.83301,29.03000,0.22457,94.27355,,50.00000,20.00000,1.10962,1
105,2904,329.93500,29.04000,0.22440,94.27207,,50.00000,20.00000,1.10953,1
105,2905,330.02701,29.05000,0.22460,94.26925,,50.00000,20.00000,1.10945,1
105,2906,330.13000,29.06000,0.22480,94.26779,,50.00000,20.00000,1.10937,1
105,2907,330.22699,29.07000,0.22492,94.26633,,50.00000,20.00000,1.10928,1
105,2908,330.32501,29.08000,0.22493,94.26487,,50.00000,20.00000,1.10920,1
105,2909,330.42599,29.09000,0.22569,94.26341,,50.00000,20.00000,1.10911,1
105,2910,330.51801,29.10000,0.22608,94.26196,,50.00000,20.00000,1.10903,1
105,2911,330.62299,29.11000,0.22694,94.26050,,50.00000,20.00000,1.10894,1
105,2912,330.71899,29.12000,0.22705,94.26040,,50.00000,20.00000,1.10886,1
105,2913,330.81900,29.13000,0.22725,94.26029,,50.00000,20.00000,1.10877,1
105,2914,330.91400,29.14000,0.22727,94.25880,,50.00000,20.00000,1.10869,1
105,2915,331.00601,29.15000,0.22747,94.25865,,50.00000,20.00000,1.10861,1
105,2916,331.12201,29.16000,0.22768,94.25849,,50.00000,20.00000,1.10851,1
105,2917,331.20999,29.17000,0.22732,94.25695,,50.00000,20.00000,1.10843,1
105,2918,331.32001,29.18000,0.22734,94.25677,,50.00000,20.00000,1.10834,1
105,2919,331.41800,29.19000,0.22839,94.25524,,50.00000,20.00000,1.10825,1
105,2920,331.52600,29.20000,0.22868,94.25373,,50.00000,20.00000,1.10816,1
105,2921,331.61499,29.21000,0.22898,94.25359,,50.00000,20.00000,1.10808,1
105,2922,331.72800,29.22000,0.22919,94.25212,,50.00000,20.00000,1.10798,1
105,2923,331.81500,29.23000,0.22920,94.25066,,50.00000,20.00000,1.10791,1
105,2924,331.91199,29.24000,0.22922,94.25056,,50.00000,20.00000,1.10782,1
105,2925,332.01801,29.25000,0.22933,94.24777,,50.00000,20.00000,1.10773,1
105,2926,332.11200,29.26000,0.22954,94.24632,,50.00000,20.00000,1.10765,1
105,2927,332.20401,29.27000,0.22964,94.24486,,50.00000,20.00000,1.10757,1
105,2928,332.30701,29.28000,0.22985,94.24207,,50.00000,20.00000,1.10748,1
105,2929,332.41501,29.29000,0.22996,94.24062,,50.00000,20.00000,1.10739,1
105,2930,332.50201,29.30000,0.23082,94.23781,,50.00000,20.00000,1.10731,1
105,2931,332.59698,29.31000,0.23093,94.23499,,50.00000,20.00000,1.10723,1
105,2932,332.70001,29.32000,0.23132,94.23216,,50.00000,20.00000,1.10714,1
105,2933,332.79599,29.33000,0.23143,94.22931,,50.00000,20.00000,1.10705,1
105,2934,332.90500,29.34000,0.23117,94.22239,,50.00000,20.00000,1.10696,1
105,2935,333.00400,29.35000,0.23147,94.21682,,50.00000,20.00000,1.10687,1
105,2936,333.09601,29.36000,0.23195,94.20990,,50.00000,20.00000,1.10679,1
105,2937,333.20599,29.37000,0.23207,94.20300,,50.00000,20.00000,1.10670,1
105,2938,333.29999,29.38000,0.23274,94.19611,,50.00000,20.00000,1.10661,1
105,2939,333.39999,29.39000,0.23275,94.19193,,50.00000,20.00000,1.10653,1
105,2940,333.50000,29.40000,0.23268,94.18775,,50.00000,20.00000,1.10644,1
105,2941,333.59601,29.41000,0.23288,94.18493,,50.00000,20.00000,1.10635,1
105,2942,333.69299,29.42000,0.23328,94.18211,,50.00000,20.00000,1.10627,1
105,2943,333.79599,29.43000,0.23376,94.17929,,50.00000,20.00000,1.10618,1
105,2944,333.89700,29.44000,0.23415,94.17647,,50.00000,20.00000,1.10609,1
105,2945,333.99100,29.45000,0.23426,94.17364,,50.00000,20.00000,1.10601,1
105,2946,334.08701,29.46000,0.23409,94.16945,,50.00000,20.00000,1.10592,1
105,2947,334.19101,29.47000,0.23477,94.16660,,50.00000,20.00000,1.10583,1
105,2948,334.29199,29.48000,0.23488,94.16241,,50.00000,20.00000,1.10574,1
105,2949,334.39200,29.49000,0.23509,94.15956,,50.00000,20.00000,1.10566,1
105,2950,334.49399,29.50000,0.23538,94.15808,,50.00000,20.00000,1.10557,1
105,2951,334.58499,29.51000,0.23559,94.15524,,50.00000,20.00000,1.10549,1
105,2952,334.69101,29.52000,0.23626,94.15375,,50.00000,20.00000,1.10539,1
105,2953,334.78699,29.53000,0.23600,94.15227,,50.00000,20.00000,1.10531,1
105,2954,334.88599,29.54000,0.23621,94.15078,,50.00000,20.00000,1.10522,1
105,2955,334.99399,29.55000,0.23660,94.14930,,50.00000,20.00000,1.10513,1
105,2956,335.08200,29.56000,0.23690,94.14647,,50.00000,20.00000,1.10505,1
105,2957,335.19101,29.57000,0.23720,94.14500,,50.00000,20.00000,1.10495,1
105,2958,335.28699,29.58000,0.23722,94.14218,,50.00000,20.00000,1.10487,1
105,2959,335.37900,29.59000,0.23733,94.13935,,50.00000,20.00000,1.10479,1
105,2960,335.48199,29.60000,0.23716,94.13787,,50.00000,20.00000,1.10470,1
105,2961,335.57901,29.61000,0.23746,94.13503,,50.00000,20.00000,1.10461,1
105,2962,335.68399,29.62000,0.23785,94.13220,,50.00000,20.00000,1.10452,1
105,2963,335.78799,29.63000,0.23843,94.12939,,50.00000,20.00000,1.10443,1
105,2964,335.88101,29.64000,0.23882,94.12658,,50.00000,20.00000,1.10435,1
105,2965,335.97699,29.65000,0.23931,94.12378,,50.00000,20.00000,1.10426,1
105,2966,336.07401,29.66000,0.23942,94.12098,,50.00000,20.00000,1.10418,1
105,2967,336.17499,29.67000,0.23954,94.11818,,50.00000,20.00000,1.10409,1
105,2968,336.27200,29.68000,0.23955,94.11537,,50.00000,20.00000,1.10400,1
105,2969,336.36700,29.69000,0.23957,94.10984,,50.00000,20.00000,1.10392,1
105,2970,336.47198,29.70000,0.23969,94.10703,,50.00000,20.00000,1.10382,1
105,2971,336.57401,29.71000,0.23980,94.10420,,50.00000,20.00000,1.10373,1
105,2972,336.66299,29.72000,0.24000,94.10001,,50.00000,20.00000,1.10365,1
105,2973,336.76700,29.73000,0.24115,94.09718,,50.00000,20.00000,1.10356,1
105,2974,336.86899,29.74000,0.24145,94.09435,,50.00000,20.00000,1.10347,1
105,2975,336.96500,29.75000,0.24156,94.09151,,50.00000,20.00000,1.10339,1
105,2976,337.06601,29.76000,0.24167,94.08869,,50.00000,20.00000,1.10330,1
105,2977,337.17099,29.77000,0.24141,94.08588,,50.00000,20.00000,1.10320,1
105,2978,337.26401,29.78000,0.24152,94.08308,,50.00000,20.00000,1.10312,1
105,2979,337.35901,29.79000,0.24164,94.08026,,50.00000,20.00000,1.10304,1
105,2980,337.45599,29.80000,0.24165,94.07879,,50.00000,20.00000,1.10295,1
105,2981,337.55600,29.81000,0.24205,94.07596,,50.00000,20.00000,1.10286,1
105,2982,337.66000,29.82000,0.24244,94.07448,,50.00000,20.00000,1.10277,1
105,2983,337.76199,29.83000,0.24256,94.07164,,50.00000,20.00000,1.10268,1
105,2984,337.86401,29.84000,0.24267,94.07017,,50.00000,20.00000,1.10259,1
105,2985,337.95300,29.85000,0.24306,94.06734,,50.00000,20.00000,1.10251,1
105,2986,338.05301,29.86000,0.24299,94.06587,,50.00000,20.00000,1.10242,1
105,2987,338.15601,29.87000,0.24320,94.06305,,50.00000,20.00000,1.10233,1
105,2988,338.25601,29.88000,0.24359,94.06158,,50.00000,20.00000,1.10224,1
105,2989,338.35501,29.89000,0.24417,94.05873,,50.00000,20.00000,1.10215,1
105,2990,338.44699,29.90000,0.24419,94.05722,,50.00000,20.00000,1.10207,1
105,2991,338.55600,29.91000,0.24440,94.05436,,50.00000,20.00000,1.10197,1
105,2992,338.65100,29.92000,0.24432,94.05150,,50.00000,20.00000,1.10189,1
105,2993,338.76401,29.93000,0.24444,94.04867,,50.00000,20.00000,1.10179,1
105,2994,338.86200,29.94000,0.24540,94.04586,,50.00000,20.00000,1.10170,1
105,2995,338.94699,29.95000,0.24551,94.04305,,50.00000,20.00000,1.10162,1
105,2996,339.04901,29.96000,0.24487,94.04026,,50.00000,20.00000,1.10153,1
105,2997,339.15601,29.97000,0.24499,94.03746,,50.00000,20.00000,1.10143,1
105,2998,339.23801,29.98000,0.24500,94.03465,,50.00000,20.00000,1.10136,1
105,2999,339.34799,29.99000,0.24531,94.03184,,50.00000,20.00000,1.10126,1
105,3000,339.44699,30.00000,0.24542,94.02903,,50.00000,20.00000,1.10117,1
105,3001,339.54199,30.01000,0.24591,94.02621,,50.00000,20.00000,1.10109,1
105,3002,339.64401,30.02000,0.24621,94.02339,,50.00000,20.00000,1.10100,1
105,3003,339.74200,30.03000,0.24670,94.01922,,50.00000,20.00000,1.10091,1
105,3004,339.84000,30.04000,0.24700,94.01503,,50.00000,20.00000,1.10082,1
105,3005,339.93900,30.05000,0.24702,94.01084,,50.00000,20.00000,1.10073,1
105,3006,340.03900,30.06000,0.24723,94.00663,,50.00000,20.00000,1.10064,1
105,3007,340.14001,30.07000,0.24734,94.00106,,50.00000,20.00000,1.10055,1
105,3008,340.23999,30.08000,0.24783,93.99686,,50.00000,20.00000,1.10046,1
105,3009,340.34698,30.09000,0.24813,93.99267,,50.00000,20.00000,1.10037,1
105,3010,340.44501,30.10000,0.24844,93.98985,,50.00000,20.00000,1.10028,1
105,3011,340.53799,30.11000,0.24855,93.98705,,50.00000,20.00000,1.10019,1
105,3012,340.64001,30.12000,0.24857,93.98561,,50.00000,20.00000,1.10010,1
105,3013,340.73300,30.13000,0.24887,93.98416,,50.00000,20.00000,1.10002,1
105,3014,340.82999,30.14000,0.24917,93.98407,,50.00000,20.00000,1.09993,1
105,3015,340.94101,30.15000,0.24957,93.98397,,50.00000,20.00000,1.09983,1
105,3016,341.02399,30.16000,0.24977,93.98250,,50.00000,20.00000,1.09976,1
105,3017,341.12900,30.17000,0.24970,93.98239,,50.00000,20.00000,1.09966,1
105,3018,341.23901,30.18000,0.24982,93.98093,,50.00000,20.00000,1.09956,1
105,3019,341.32501,30.19000,0.25049,93.97945,,50.00000,20.00000,1.09949,1
105,3020,341.42099,30.20000,0.25061,93.97796,,50.00000,20.00000,1.09940,1
105,3021,341.53201,30.21000,0.25063,93.97648,,50.00000,20.00000,1.09930,1
105,3022,341.62799,30.22000,0.25074,93.97364,,50.00000,20.00000,1.09921,1
105,3023,341.73001,30.23000,0.25095,93.97215,,50.00000,20.00000,1.09912,1
105,3024,341.82901,30.24000,0.25079,93.96932,,50.00000,20.00000,1.09903,1
105,3025,341.92801,30.25000,0.25175,93.96784,,50.00000,20.00000,1.09894,1
105,3026,342.02600,30.26000,0.25158,93.96500,,50.00000,20.00000,1.09885,1
105,3027,342.12399,30.27000,0.25188,93.96352,,50.00000,20.00000,1.09876,1
105,3028,342.22800,30.28000,0.25181,93.96069,,50.00000,20.00000,1.09867,1
105,3029,342.32501,30.29000,0.25211,93.95923,,50.00000,20.00000,1.09858,1
105,3030,342.43201,30.30000,0.25232,93.95778,,50.00000,20.00000,1.09848,1
105,3031,342.52701,30.31000,0.25225,93.95634,,50.00000,20.00000,1.09840,1
105,3032,342.61499,30.32000,0.25255,93.95490,,50.00000,20.00000,1.09832,1
105,3033,342.71701,30.33000,0.25285,93.95209,,50.00000,20.00000,1.09823,1
105,3034,342.81400,30.34000,0.25296,93.95063,,50.00000,20.00000,1.09814,1
105,3035,342.92099,30.35000,0.25317,93.94916,,50.00000,20.00000,1.09804,1
105,3036,343.01901,30.36000,0.25319,93.94769,,50.00000,20.00000,1.09795,1
105,3037,343.11700,30.37000,0.25340,93.94488,,50.00000,20.00000,1.09786,1
105,3038,343.22101,30.38000,0.25408,93.94343,,50.00000,20.00000,1.09777,1
105,3039,343.30701,30.39000,0.25382,93.94199,,50.00000,20.00000,1.09769,1
105,3040,343.41400,30.40000,0.25384,93.93921,,50.00000,20.00000,1.09759,1
105,3041,343.50800,30.41000,0.25405,93.93778,,50.00000,20.00000,1.09751,1
105,3042,343.61301,30.42000,0.25426,93.93635,,50.00000,20.00000,1.09741,1
105,3043,343.70001,30.43000,0.25484,93.93355,,50.00000,20.00000,1.09733,1
105,3044,343.80099,30.44000,0.25515,93.93209,,50.00000,20.00000,1.09724,1
105,3045,343.89801,30.45000,0.25545,93.93062,,50.00000,20.00000,1.09715,1
105,3046,344.00601,30.46000,0.25576,93.92778,,50.00000,20.00000,1.09705,1
105,3047,344.10101,30.47000,0.25587,93.92763,,50.00000,20.00000,1.09697,1
105,3048,344.20099,30.48000,0.25608,93.92613,,50.00000,20.00000,1.09688,1
105,3049,344.30801,30.49000,0.25610,93.92601,,50.00000,20.00000,1.09678,1
105,3050,344.40399,30.50000,0.25641,93.92453,,50.00000,20.00000,1.09669,1
105,3051,344.50699,30.51000,0.25690,93.92442,,50.00000,20.00000,1.09660,1
105,3052,344.59799,30.52000,0.25711,93.92429,,50.00000,20.00000,1.09651,1
105,3053,344.69601,30.53000,0.25694,93.92282,,50.00000,20.00000,1.09642,1
105,3054,344.80200,30.54000,0.25687,93.92270,,50.00000,20.00000,1.09633,1
105,3055,344.90302,30.55000,0.25717,93.92124,,50.00000,20.00000,1.09623,1
105,3056,345.00500,30.56000,0.25757,93.91980,,50.00000,20.00000,1.09614,1
105,3057,345.09601,30.57000,0.25768,93.91836,,50.00000,20.00000,1.09606,1
105,3058,345.19800,30.58000,0.25789,93.91829,,50.00000,20.00000,1.09596,1
105,3059,345.29099,30.59000,0.25848,93.91685,,50.00000,20.00000,1.09588,1
105,3060,345.38599,30.60000,0.25850,93.91539,,50.00000,20.00000,1.09579,1
105,3061,345.48499,30.61000,0.25862,93.91393,,50.00000,20.00000,1.09570,1
105,3062,345.59601,30.62000,0.25864,93.91246,,50.00000,20.00000,1.09560,1
105,3063,345.69400,30.63000,0.25876,93.90964,,50.00000,20.00000,1.09551,1
105,3064,345.78799,30.64000,0.25878,93.90681,,50.00000,20.00000,1.09542,1
105,3065,345.88199,30.65000,0.25908,93.90534,,50.00000,20.00000,1.09534,1
105,3066,345.98999,30.66000,0.25929,93.90253,,50.00000,20.00000,1.09524,1
105,3067,346.09100,30.67000,0.25941,93.90108,,50.00000,20.00000,1.09514,1
105,3068,346.18701,30.68000,0.26009,93.89963,,50.00000,20.00000,1.09506,1
105,3069,346.28299,30.69000,0.26039,93.89818,,50.00000,20.00000,1.09497,1
105,3070,346.38300,30.70000,0.25994,93.89673,,50.00000,20.00000,1.09488,1
105,3071,346.47198,30.71000,0.25977,93.89528,,50.00000,20.00000,1.09479,1
105,3072,346.58801,30.72000,0.25999,93.89382,,50.00000,20.00000,1.09469,1
105,3073,346.67700,30.73000,0.26038,93.89236,,50.00000,20.00000,1.09461,1
105,3074,346.78101,30.74000,0.26116,93.89090,,50.00000,20.00000,1.09451,1
105,3075,346.87601,30.75000,0.26118,93.88945,,50.00000,20.00000,1.09442,1
105,3076,346.97501,30.76000,0.26102,93.88935,,50.00000,20.00000,1.09433,1
105,3077,347.07700,30.77000,0.26132,93.88791,,50.00000,20.00000,1.09424,1
105,3078,347.17300,30.78000,0.26153,93.88647,,50.00000,20.00000,1.09415,1
105,3079,347.27301,30.79000,0.26136,93.88638,,50.00000,20.00000,1.09406,1
105,3080,347.36899,30.80000,0.25997,93.88494,,50.00000,20.00000,1.09397,1
105,3081,347.46600,30.81000,0.25942,93.88213,,50.00000,20.00000,1.09388,1
105,3082,347.56601,30.82000,0.25954,93.87932,,50.00000,20.00000,1.09379,1
105,3083,347.66800,30.83000,0.25975,93.87651,,50.00000,20.00000,1.09369,1
105,3084,347.76801,30.84000,0.25949,93.87370,,50.00000,20.00000,1.09360,1
105,3085,347.86700,30.85000,0.25961,93.87088,,50.00000,20.00000,1.09351,1
105,3086,347.95700,30.86000,0.26000,93.86806,,50.00000,20.00000,1.09342,1
105,3087,348.06201,30.87000,0.26022,93.86524,,50.00000,20.00000,1.09333,1
105,3088,348.17001,30.88000,0.26043,93.86377,,50.00000,20.00000,1.09323,1
105,3089,348.25699,30.89000,0.26045,93.86231,,50.00000,20.00000,1.09315,1
105,3090,348.36700,30.90000,0.26085,93.86086,,50.00000,20.00000,1.09304,1
105,3091,348.46201,30.91000,0.26116,93.85806,,50.00000,20.00000,1.09296,1
105,3092,348.55701,30.92000,0.26127,93.85662,,50.00000,20.00000,1.09287,1
105,3093,348.65201,30.93000,0.26139,93.85517,,50.00000,20.00000,1.09278,1
105,3094,348.75699,30.94000,0.26169,93.85237,,50.00000,20.00000,1.09268,1
105,3095,348.85800,30.95000,0.26228,93.85092,,50.00000,20.00000,1.09259,1
105,3096,348.94800,30.96000,0.26249,93.84811,,50.00000,20.00000,1.09250,1
105,3097,349.06000,30.97000,0.26252,93.84668,,50.00000,20.00000,1.09240,1
105,3098,349.14999,30.98000,0.26292,93.84388,,50.00000,20.00000,1.09232,1
105,3099,349.24399,30.99000,0.26322,93.84109,,50.00000,20.00000,1.09223,1
105,3100,349.34900,31.00000,0.26324,93.83965,,50.00000,20.00000,1.09213,1
105,3101,349.44501,31.01000,0.26355,93.83413,,50.00000,20.00000,1.09204,1
105,3102,349.53900,31.02000,0.26357,93.82998,,50.00000,20.00000,1.09195,1
105,3103,349.65302,31.03000,0.26360,93.82583,,50.00000,20.00000,1.09185,1
105,3104,349.74200,31.04000,0.26371,93.82167,,50.00000,20.00000,1.09177,1
105,3105,349.83801,31.05000,0.26383,93.81616,,50.00000,20.00000,1.09168,1
105,3106,349.93799,31.06000,0.26413,93.81200,,50.00000,20.00000,1.09158,1
105,3107,350.03500,31.07000,0.26425,93.80782,,50.00000,20.00000,1.09149,1
105,3108,350.13800,31.08000,0.26446,93.80364,,50.00000,20.00000,1.09140,1
105,3109,350.24301,31.09000,0.26467,93.80081,,50.00000,20.00000,1.09130,1
105,3110,350.33899,31.10000,0.26507,93.79934,,50.00000,20.00000,1.09121,1
105,3111,350.43701,31.11000,0.26576,93.79788,,50.00000,20.00000,1.09112,1
105,3112,350.53601,31.12000,0.26588,93.79779,,50.00000,20.00000,1.09102,1
105,3113,350.64301,31.13000,0.26619,93.79634,,50.00000,20.00000,1.09092,1
105,3114,350.72400,31.14000,0.26639,93.79623,,50.00000,20.00000,1.09085,1
105,3115,350.83401,31.15000,0.26623,93.79476,,50.00000,20.00000,1.09075,1
105,3116,350.92999,31.16000,0.26644,93.79329,,50.00000,20.00000,1.09066,1
105,3117,351.03900,31.17000,0.26646,93.79046,,50.00000,20.00000,1.09055,1
105,3118,351.13199,31.18000,0.26668,93.78897,,50.00000,20.00000,1.09047,1
105,3119,351.22699,31.19000,0.26698,93.78748,,50.00000,20.00000,1.09038,1
105,3120,351.33701,31.20000,0.26710,93.78466,,50.00000,20.00000,1.09028,1
105,3121,351.43500,31.21000,0.26693,93.78183,,50.00000,20.00000,1.09018,1
105,3122,351.53799,31.22000,0.26715,93.78036,,50.00000,20.00000,1.09009,1
105,3123,351.62399,31.23000,0.26707,93.77753,,50.00000,20.00000,1.09001,1
105,3124,351.73401,31.24000,0.26748,93.77605,,50.00000,20.00000,1.08990,1
105,3125,351.83099,31.25000,0.26788,93.77322,,50.00000,20.00000,1.08981,1
105,3126,351.93399,31.26000,0.26828,93.77176,,50.00000,20.00000,1.08972,1
105,3127,352.03400,31.27000,0.26849,93.77031,,50.00000,20.00000,1.08962,1
105,3128,352.13699,31.28000,0.26918,93.76888,,50.00000,20.00000,1.08952,1
105,3129,352.22400,31.29000,0.26930,93.76879,,50.00000,20.00000,1.08944,1
105,3130,352.32401,31.30000,0.26932,93.76735,,50.00000,20.00000,1.08935,1
105,3131,352.42001,31.31000,0.26906,93.76591,,50.00000,20.00000,1.08926,1
105,3132,352.52600,31.32000,0.26937,93.76583,,50.00000,20.00000,1.08916,1
105,3133,352.63101,31.33000,0.26939,93.76439,,50.00000,20.00000,1.08906,1
105,3134,352.71899,31.34000,0.26932,93.76294,,50.00000,20.00000,1.08898,1
105,3135,352.81299,31.35000,0.26943,93.76148,,50.00000,20.00000,1.08889,1
105,3136,352.91599,31.36000,0.26965,93.75866,,50.00000,20.00000,1.08879,1
105,3137,353.02100,31.37000,0.26977,93.75718,,50.00000,20.00000,1.08869,1
105,3138,353.12000,31.38000,0.26979,93.75570,,50.00000,20.00000,1.08860,1
105,3139,353.22501,31.39000,0.26991,93.75422,,50.00000,20.00000,1.08850,1
105,3140,353.32001,31.40000,0.26993,93.75276,,50.00000,20.00000,1.08841,1
105,3141,353.41400,31.41000,0.26995,93.74996,,50.00000,20.00000,1.08832,1
105,3142,353.52399,31.42000,0.26998,93.74852,,50.00000,20.00000,1.08822,1
105,3143,353.61600,31.43000,0.27066,93.74709,,50.00000,20.00000,1.08813,1
105,3144,353.71301,31.44000,0.27126,93.74566,,50.00000,20.00000,1.08804,1
105,3145,353.81000,31.45000,0.27166,93.74424,,50.00000,20.00000,1.08795,1
105,3146,353.91400,31.46000,0.27178,93.74144,,50.00000,20.00000,1.08785,1
105,3147,354.00000,31.47000,0.27170,93.74000,,50.00000,20.00000,1.08777,1
105,3148,354.11301,31.48000,0.27183,93.73855,,50.00000,20.00000,1.08766,1
105,3149,354.20901,31.49000,0.27194,93.73709,,50.00000,20.00000,1.08757,1
105,3150,354.30200,31.50000,0.27225,93.73423,,50.00000,20.00000,1.08748,1
105,3151,354.40701,31.51000,0.27228,93.73273,,50.00000,20.00000,1.08738,1
105,3152,354.50601,31.52000,0.27220,93.72863,,50.00000,20.00000,1.08729,1
105,3153,354.60400,31.53000,0.27223,93.72453,,50.00000,20.00000,1.08719,1
105,3154,354.70599,31.54000,0.27235,93.72170,,50.00000,20.00000,1.08710,1
105,3155,354.79700,31.55000,0.27237,93.71751,,50.00000,20.00000,1.08701,1
105,3156,354.89899,31.56000,0.27258,93.71476,,50.00000,20.00000,1.08692,1
105,3157,354.99799,31.57000,0.27280,93.71196,,50.00000,20.00000,1.08682,1
105,3158,355.09500,31.58000,0.27320,93.70912,,50.00000,20.00000,1.08673,1
105,3159,355.19299,31.59000,0.27322,93.70636,,50.00000,20.00000,1.08664,1
105,3160,355.29901,31.60000,0.27334,93.70495,,50.00000,20.00000,1.08653,1
105,3161,355.39600,31.61000,0.27337,93.70209,,50.00000,20.00000,1.08644,1
105,3162,355.48801,31.62000,0.27329,93.69924,,50.00000,20.00000,1.08636,1
105,3163,355.59799,31.63000,0.27332,93.69783,,50.00000,20.00000,1.08625,1
105,3164,355.69101,31.64000,0.27372,93.69507,,50.00000,20.00000,1.08616,1
105,3165,355.79199,31.65000,0.27413,93.69226,,50.00000,20.00000,1.08607,1
105,3166,355.88800,31.66000,0.27415,93.69080,,50.00000,20.00000,1.08597,1
105,3167,355.98599,31.67000,0.27427,93.68798,,50.00000,20.00000,1.08588,1
105,3168,356.09201,31.68000,0.27486,93.68648,,50.00000,20.00000,1.08578,1
105,3169,356.19400,31.69000,0.27489,93.68362,,50.00000,20.00000,1.08568,1
105,3170,356.28400,31.70000,0.27491,93.68221,,50.00000,20.00000,1.08560,1
105,3171,356.39200,31.71000,0.27503,93.67945,,50.00000,20.00000,1.08549,1
105,3172,356.48099,31.72000,0.27496,93.67800,,50.00000,20.00000,1.08541,1
105,3173,356.58701,31.73000,0.27479,93.67656,,50.00000,20.00000,1.08531,1
105,3174,356.69101,31.74000,0.27530,93.67648,,50.00000,20.00000,1.08521,1
105,3175,356.78000,31.75000,0.27579,93.67499,,50.00000,20.00000,1.08512,1
105,3176,356.87701,31.76000,0.27591,93.67350,,50.00000,20.00000,1.08503,1
105,3177,356.98499,31.77000,0.27565,93.67210,,50.00000,20.00000,1.08493,1
105,3178,357.07401,31.78000,0.27577,93.67068,,50.00000,20.00000,1.08484,1
105,3179,357.18201,31.79000,0.27646,93.66918,,50.00000,20.00000,1.08474,1
105,3180,357.28299,31.80000,0.27649,93.66767,,50.00000,20.00000,1.08464,1
105,3181,357.37500,31.81000,0.27632,93.66490,,50.00000,20.00000,1.08455,1
105,3182,357.47900,31.82000,0.27644,93.66343,,50.00000,20.00000,1.08445,1
105,3183,357.57599,31.83000,0.27665,93.66192,,50.00000,20.00000,1.08436,1
105,3184,357.68100,31.84000,0.27668,93.65914,,50.00000,20.00000,1.08426,1
105,3185,357.77701,31.85000,0.27680,93.65771,,50.00000,20.00000,1.08417,1
105,3186,357.88400,31.86000,0.27682,93.65621,,50.00000,20.00000,1.08407,1
105,3187,357.97501,31.87000,0.27685,93.65336,,50.00000,20.00000,1.08398,1
105,3188,358.07800,31.88000,0.27744,93.65196,,50.00000,20.00000,1.08388,1
105,3189,358.17700,31.89000,0.27785,93.64920,,50.00000,20.00000,1.08378,1
105,3190,358.26999,31.90000,0.27787,93.64775,,50.00000,20.00000,1.08370,1
105,3191,358.37399,31.91000,0.27809,93.64494,,50.00000,20.00000,1.08360,1
105,3192,358.47400,31.92000,0.27792,93.64349,,50.00000,20.00000,1.08350,1
105,3193,358.57101,31.93000,0.27785,93.64063,,50.00000,20.00000,1.08341,1
105,3194,358.67999,31.94000,0.27788,93.63777,,50.00000,20.00000,1.08330,1
105,3195,358.76199,31.95000,0.27809,93.63230,,50.00000,20.00000,1.08322,1
105,3196,358.87500,31.96000,0.27850,93.62819,,50.00000,20.00000,1.08311,1
105,3197,358.97000,31.97000,0.27814,93.62267,,50.00000,20.00000,1.08302,1
105,3198,359.07001,31.98000,0.27807,93.61852,,50.00000,20.00000,1.08293,1
105,3199,359.17099,31.99000,0.27886,93.61303,,50.00000,20.00000,1.08283,1
105,3200,359.26999,32.00000,0.27955,93.60886,,50.00000,20.00000,1.08273,1
105,3201,359.36600,32.01000,0.27900,93.60605,,50.00000,20.00000,1.08264,1
105,3202,359.46399,32.02000,0.27883,93.60334,,50.00000,20.00000,1.08255,1
105,3203,359.55600,32.03000,0.27981,93.60062,,50.00000,20.00000,1.08246,1
105,3204,359.65302,32.04000,0.27945,93.60050,,50.00000,20.00000,1.08236,1
105,3205,359.75000,32.05000,0.27938,93.59902,,50.00000,20.00000,1.08227,1
105,3206,359.85501,32.06000,0.27960,93.59761,,50.00000,20.00000,1.08217,1
105,3207,359.96201,32.07000,0.27982,93.59616,,50.00000,20.00000,1.08206,1
105,3208,360.05600,32.08000,0.27975,93.59466,,50.00000,20.00000,1.08197,1
105,3209,360.16000,32.09000,0.28025,93.59192,,50.00000,20.00000,1.08187,1
105,3210,360.24899,32.10000,0.28037,93.59053,,50.00000,20.00000,1.08179,1
105,3211,360.34399,32.11000,0.28058,93.58769,,50.00000,20.00000,1.08170,1
105,3212,360.44400,32.12000,0.28070,93.58485,,50.00000,20.00000,1.08160,1
105,3213,360.54999,32.13000,0.28082,93.58344,,50.00000,20.00000,1.08150,1
105,3214,360.65302,32.14000,0.28075,93.58065,,50.00000,20.00000,1.08140,1
105,3215,360.75299,32.15000,0.28078,93.57782,,50.00000,20.00000,1.08130,1
105,3216,360.84399,32.16000,0.28071,93.57501,,50.00000,20.00000,1.08121,1
105,3217,360.95300,32.17000,0.28083,93.57221,,50.00000,20.00000,1.08111,1
105,3218,361.05099,32.18000,0.28114,93.57074,,50.00000,20.00000,1.08101,1
105,3219,361.14899,32.19000,0.28107,93.56792,,50.00000,20.00000,1.08092,1
105,3220,361.24899,32.20000,0.28138,93.56520,,50.00000,20.00000,1.08082,1
105,3221,361.33401,32.21000,0.28159,93.56247,,50.00000,20.00000,1.08074,1
105,3222,361.43301,32.22000,0.28172,93.56103,,50.00000,20.00000,1.08064,1
105,3223,361.53799,32.23000,0.28174,93.55824,,50.00000,20.00000,1.08054,1
105,3224,361.64301,32.24000,0.28177,93.55543,,50.00000,20.00000,1.08044,1
105,3225,361.73700,32.25000,0.28198,93.55257,,50.00000,20.00000,1.08034,1
105,3226,361.83801,32.26000,0.28191,93.54971,,50.00000,20.00000,1.08025,1
105,3227,361.93500,32.27000,0.28213,93.54830,,50.00000,20.00000,1.08015,1
105,3228,362.03601,32.28000,0.28244,93.54555,,50.00000,20.00000,1.08005,1
105,3229,362.14099,32.29000,0.28237,93.54407,,50.00000,20.00000,1.07995,1
105,3230,362.23099,32.30000,0.28240,93.54123,,50.00000,20.00000,1.07986,1
105,3231,362.33499,32.31000,0.28242,93.53982,,50.00000,20.00000,1.07976,1
105,3232,362.42801,32.32000,0.28283,93.53700,,50.00000,20.00000,1.07967,1
105,3233,362.52701,32.33000,0.28285,93.53414,,50.00000,20.00000,1.07957,1
105,3234,362.64099,32.34000,0.28269,93.53003,,50.00000,20.00000,1.07946,1
105,3235,362.73700,32.35000,0.28281,93.52592,,50.00000,20.00000,1.07937,1
105,3236,362.83301,32.36000,0.28245,93.52173,,50.00000,20.00000,1.07928,1
105,3237,362.92300,32.37000,0.28257,93.51888,,50.00000,20.00000,1.07919,1
105,3238,363.02499,32.38000,0.28289,93.51478,,50.00000,20.00000,1.07909,1
105,3239,363.13699,32.39000,0.28282,93.51202,,50.00000,20.00000,1.07898,1
105,3240,363.22900,32.40000,0.28303,93.50922,,50.00000,20.00000,1.07889,1
105,3241,363.32501,32.41000,0.28354,93.50777,,50.00000,20.00000,1.07880,1
105,3242,363.42599,32.42000,0.28347,93.50497,,50.00000,20.00000,1.07870,1
105,3243,363.52399,32.43000,0.28330,93.50213,,50.00000,20.00000,1.07860,1
105,3244,363.63199,32.44000,0.28342,93.49929,,50.00000,20.00000,1.07850,1
105,3245,363.72198,32.45000,0.28345,93.49655,,50.00000,20.00000,1.07841,1
105,3246,363.82199,32.46000,0.28376,93.49381,,50.00000,20.00000,1.07831,1
105,3247,363.92001,32.47000,0.28426,93.49103,,50.00000,20.00000,1.07821,1
105,3248,364.01901,32.48000,0.28429,93.48823,,50.00000,20.00000,1.07812,1
105,3249,364.11301,32.49000,0.28431,93.48544,,50.00000,20.00000,1.07802,1
105,3250,364.22800,32.50000,0.28482,93.48261,,50.00000,20.00000,1.07791,1
105,3251,364.31299,32.51000,0.28485,93.47977,,50.00000,20.00000,1.07783,1
105,3252,364.41901,32.52000,0.28459,93.47700,,50.00000,20.00000,1.07772,1
105,3253,364.51099,32.53000,0.28451,93.47423,,50.00000,20.00000,1.07763,1
105,3254,364.61499,32.54000,0.28444,93.47137,,50.00000,20.00000,1.07753,1
105,3255,364.71799,32.55000,0.28485,93.46852,,50.00000,20.00000,1.07743,1
105,3256,364.81799,32.56000,0.28526,93.46576,,50.00000,20.00000,1.07733,1
105,3257,364.91699,32.57000,0.28586,93.46297,,50.00000,20.00000,1.07724,1
105,3258,365.01300,32.58000,0.28608,93.46014,,50.00000,20.00000,1.07714,1
105,3259,365.11401,32.59000,0.28611,93.45739,,50.00000,20.00000,1.07704,1
105,3260,365.20200,32.60000,0.28642,93.45598,,50.00000,20.00000,1.07695,1
105,3261,365.31400,32.61000,0.28616,93.45449,,50.00000,20.00000,1.07684,1
105,3262,365.41101,32.62000,0.28628,93.45299,,50.00000,20.00000,1.07675,1
105,3263,365.51099,32.63000,0.28679,93.45022,,50.00000,20.00000,1.07665,1
105,3264,365.61200,32.64000,0.28672,93.44881,,50.00000,20.00000,1.07655,1
105,3265,365.71201,32.65000,0.28646,93.44737,,50.00000,20.00000,1.07645,1
105,3266,365.80899,32.66000,0.28610,93.44458,,50.00000,20.00000,1.07636,1
105,3267,365.90500,32.67000,0.28631,93.44314,,50.00000,20.00000,1.07626,1
105,3268,366.00800,32.68000,0.28653,93.44166,,50.00000,20.00000,1.07616,1
105,3269,366.10199,32.69000,0.28675,93.43882,,50.00000,20.00000,1.07607,1
105,3270,366.21201,32.70000,0.28668,93.43607,,50.00000,20.00000,1.07596,1
105,3271,366.30399,32.71000,0.28700,93.43468,,50.00000,20.00000,1.07587,1
105,3272,366.40201,32.72000,0.28721,93.43188,,50.00000,20.00000,1.07577,1
105,3273,366.50299,32.73000,0.28743,93.43044,,50.00000,20.00000,1.07567,1
105,3274,366.60101,32.74000,0.28746,93.42764,,50.00000,20.00000,1.07558,1
105,3275,366.70001,32.75000,0.28739,93.42344,,50.00000,20.00000,1.07548,1
105,3276,366.79901,32.76000,0.28761,93.41923,,50.00000,20.00000,1.07538,1
105,3277,366.90799,32.77000,0.28792,93.41512,,50.00000,20.00000,1.07527,1
105,3278,366.99701,32.78000,0.28843,93.41101,,50.00000,20.00000,1.07518,1
105,3279,367.10101,32.79000,0.28826,93.40683,,50.00000,20.00000,1.07508,1
105,3280,367.20099,32.80000,0.28839,93.40265,,50.00000,20.00000,1.07498,1
105,3281,367.29999,32.81000,0.28860,93.39856,,50.00000,20.00000,1.07488,1
105,3282,367.39200,32.82000,0.28863,93.39442,,50.00000,20.00000,1.07479,1
105,3283,367.48901,32.83000,0.28875,93.39295,,50.00000,20.00000,1.07470,1
105,3284,367.59900,32.84000,0.28878,93.39022,,50.00000,20.00000,1.07459,1
105,3285,367.69299,32.85000,0.28909,93.38884,,50.00000,20.00000,1.07449,1
105,3286,367.79099,32.86000,0.28931,93.38736,,50.00000,20.00000,1.07440,1
105,3287,367.88800,32.87000,0.28963,93.38589,,50.00000,20.00000,1.07430,1
105,3288,367.98801,32.88000,0.28965,93.38449,,50.00000,20.00000,1.07420,1
105,3289,368.08600,32.89000,0.28949,93.38173,,50.00000,20.00000,1.07410,1
105,3290,368.17899,32.90000,0.28961,93.38027,,50.00000,20.00000,1.07401,1
105,3291,368.29700,32.91000,0.28954,93.37749,,50.00000,20.00000,1.07389,1
105,3292,368.39401,32.92000,0.28976,93.37473,,50.00000,20.00000,1.07380,1
105,3293,368.48901,32.93000,0.29008,93.37194,,50.00000,20.00000,1.07370,1
105,3294,368.57800,32.94000,0.29020,93.37050,,50.00000,20.00000,1.07361,1
105,3295,368.67001,32.95000,0.29012,93.36779,,50.00000,20.00000,1.07352,1
105,3296,368.77399,32.96000,0.29044,93.36507,,50.00000,20.00000,1.07342,1
105,3297,368.87799,32.97000,0.29028,93.36365,,50.00000,20.00000,1.07332,1
105,3298,368.97299,32.98000,0.29030,93.36085,,50.00000,20.00000,1.07322,1
105,3299,369.06799,32.99000,0.29042,93.35941,,50.00000,20.00000,1.07313,1
105,3300,369.17499,33.00000,0.29045,93.35658,,50.00000,20.00000,1.07302,1
105,3301,369.27200,33.01000,0.29048,93.35511,,50.00000,20.00000,1.07292,1
105,3302,369.37000,33.02000,0.29089,93.35236,,50.00000,20.00000,1.07283,1
105,3303,369.46600,33.03000,0.29092,93.34960,,50.00000,20.00000,1.07273,1
105,3304,369.56601,33.04000,0.29094,93.34812,,50.00000,20.00000,1.07263,1
105,3305,369.66901,33.05000,0.29078,93.34529,,50.00000,20.00000,1.07253,1
105,3306,369.77301,33.06000,0.29110,93.34256,,50.00000,20.00000,1.07242,1
105,3307,369.86200,33.07000,0.29112,93.33978,,50.00000,20.00000,1.07233,1
105,3308,369.96600,33.08000,0.29134,93.33832,,50.00000,20.00000,1.07223,1
105,3309,370.05499,33.09000,0.29136,93.33559,,50.00000,20.00000,1.07214,1
105,3310,370.16101,33.10000,0.29149,93.33419,,50.00000,20.00000,1.07204,1
105,3311,370.25800,33.11000,0.29123,93.33405,,50.00000,20.00000,1.07194,1
105,3312,370.35400,33.12000,0.29154,93.33254,,50.00000,20.00000,1.07184,1
105,3313,370.46399,33.13000,0.29176,93.33111,,50.00000,20.00000,1.07173,1
105,3314,370.56299,33.14000,0.29179,93.32967,,50.00000,20.00000,1.07163,1
105,3315,370.66400,33.15000,0.29182,93.32685,,50.00000,20.00000,1.07153,1
105,3316,370.76599,33.16000,0.29223,93.32540,,50.00000,20.00000,1.07143,1
105,3317,370.86600,33.17000,0.29216,93.32397,,50.00000,20.00000,1.07133,1
105,3318,370.95999,33.18000,0.29238,93.31980,,50.00000,20.00000,1.07124,1
105,3319,371.06100,33.19000,0.29260,93.31699,,50.00000,20.00000,1.07113,1
105,3320,371.15399,33.20000,0.29292,93.31291,,50.00000,20.00000,1.07104,1
105,3321,371.25299,33.21000,0.29314,93.31017,,50.00000,20.00000,1.07094,1
105,3322,371.35599,33.22000,0.29355,93.30738,,50.00000,20.00000,1.07084,1
105,3323,371.45401,33.23000,0.29367,93.30459,,50.00000,20.00000,1.07074,1
105,3324,371.55499,33.24000,0.29361,93.30316,,50.00000,20.00000,1.07064,1
105,3325,371.65701,33.25000,0.29325,93.30033,,50.00000,20.00000,1.07054,1
105,3326,371.74899,33.26000,0.29347,93.29750,,50.00000,20.00000,1.07044,1
105,3327,371.84799,33.27000,0.29340,93.29472,,50.00000,20.00000,1.07034,1
105,3328,371.94400,33.28000,0.29342,93.29194,,50.00000,20.00000,1.07025,1
105,3329,372.05499,33.29000,0.29336,93.28906,,50.00000,20.00000,1.07014,1
105,3330,372.16101,33.30000,0.29368,93.28619,,50.00000,20.00000,1.07003,1
105,3331,372.25699,33.31000,0.29380,93.28341,,50.00000,20.00000,1.06993,1
105,3332,372.35101,33.32000,0.29412,93.27924,,50.00000,20.00000,1.06984,1
105,3333,372.45401,33.33000,0.29405,93.27638,,50.00000,20.00000,1.06973,1
105,3334,372.55399,33.34000,0.29436,93.27363,,50.00000,20.00000,1.06963,1
105,3335,372.65799,33.35000,0.29459,93.27088,,50.00000,20.00000,1.06953,1
105,3336,372.75601,33.36000,0.29461,93.26805,,50.00000,20.00000,1.06943,1
105,3337,372.85501,33.37000,0.29464,93.26523,,50.00000,20.00000,1.06933,1
105,3338,372.95200,33.38000,0.29467,93.26250,,50.00000,20.00000,1.06923,1
105,3339,373.04401,33.39000,0.29460,93.25977,,50.00000,20.00000,1.06914,1
105,3340,373.15100,33.40000,0.29501,93.25834,,50.00000,20.00000,1.06903,1
105,3341,373.24500,33.41000,0.29504,93.25555,,50.00000,20.00000,1.06894,1
105,3342,373.34299,33.42000,0.29507,93.25277,,50.00000,20.00000,1.06884,1
105,3343,373.45599,33.43000,0.29529,93.25130,,50.00000,20.00000,1.06872,1
105,3344,373.54199,33.44000,0.29512,93.24848,,50.00000,20.00000,1.06864,1
105,3345,373.64301,33.45000,0.29544,93.24573,,50.00000,20.00000,1.06853,1
105,3346,373.73999,33.46000,0.29556,93.24434,,50.00000,20.00000,1.06844,1
105,3347,373.84299,33.47000,0.29559,93.24021,,50.00000,20.00000,1.06833,1
105,3348,373.94299,33.48000,0.29552,93.23743,,50.00000,20.00000,1.06823,1
105,3349,374.04099,33.49000,0.29526,93.23330,,50.00000,20.00000,1.06813,1
105,3350,374.13901,33.50000,0.29500,93.23048,,50.00000,20.00000,1.06803,1
105,3351,374.23401,33.51000,0.29532,93.22629,,50.00000,20.00000,1.06794,1
105,3352,374.33499,33.52000,0.29563,93.22218,,50.00000,20.00000,1.06783,1
105,3353,374.43600,33.53000,0.29576,93.21807,,50.00000,20.00000,1.06773,1
105,3354,374.54199,33.54000,0.29569,93.21522,,50.00000,20.00000,1.06762,1
105,3355,374.63501,33.55000,0.29543,93.21239,,50.00000,20.00000,1.06753,1
105,3356,374.74701,33.56000,0.29536,93.20966,,50.00000,20.00000,1.06742,1
105,3357,374.83401,33.57000,0.29548,93.20825,,50.00000,20.00000,1.06733,1
105,3358,374.92401,33.58000,0.29570,93.20679,,50.00000,20.00000,1.06724,1
105,3359,375.02600,33.59000,0.29564,93.20542,,50.00000,20.00000,1.06713,1
105,3360,375.13699,33.60000,0.29654,93.20404,,50.00000,20.00000,1.06702,1
105,3361,375.22501,33.61000,0.29656,93.20121,,50.00000,20.00000,1.06693,1
105,3362,375.33401,33.62000,0.29659,93.19973,,50.00000,20.00000,1.06682,1
105,3363,375.42499,33.63000,0.29643,93.19700,,50.00000,20.00000,1.06673,1
105,3364,375.52301,33.64000,0.29665,93.19563,,50.00000,20.00000,1.06663,1
105,3365,375.62799,33.65000,0.29697,93.19286,,50.00000,20.00000,1.06652,1
105,3366,375.71899,33.66000,0.29680,93.19009,,50.00000,20.00000,1.06643,1
105,3367,375.82800,33.67000,0.29673,93.18732,,50.00000,20.00000,1.06632,1
105,3368,375.92001,33.68000,0.29695,93.18451,,50.00000,20.00000,1.06622,1
105,3369,376.01199,33.69000,0.29727,93.18304,,50.00000,20.00000,1.06613,1
105,3370,376.12000,33.70000,0.29740,93.18166,,50.00000,20.00000,1.06602,1
105,3371,376.21899,33.71000,0.29743,93.18027,,50.00000,20.00000,1.06592,1
105,3372,376.31699,33.72000,0.29765,93.17883,,50.00000,20.00000,1.06582,1
105,3373,376.41299,33.73000,0.29729,93.17739,,50.00000,20.00000,1.06572,1
105,3374,376.51599,33.74000,0.29761,93.17596,,50.00000,20.00000,1.06562,1
105,3375,376.62000,33.75000,0.29783,93.17449,,50.00000,20.00000,1.06551,1
105,3376,376.71899,33.76000,0.29796,93.17302,,50.00000,20.00000,1.06541,1
105,3377,376.80399,33.77000,0.29769,93.17028,,50.00000,20.00000,1.06532,1
105,3378,376.90900,33.78000,0.29772,93.16889,,50.00000,20.00000,1.06521,1
105,3379,377.01401,33.79000,0.29804,93.16744,,50.00000,20.00000,1.06511,1
105,3380,377.10699,33.80000,0.29836,93.16462,,50.00000,20.00000,1.06501,1
105,3381,377.21201,33.81000,0.29829,93.16317,,50.00000,20.00000,1.06491,1
105,3382,377.32001,33.82000,0.29842,93.16168,,50.00000,20.00000,1.06479,1
105,3383,377.41400,33.83000,0.29835,93.15749,,50.00000,20.00000,1.06470,1
105,3384,377.50800,33.84000,0.29837,93.15474,,50.00000,20.00000,1.06460,1
105,3385,377.61099,33.85000,0.29840,93.15066,,50.00000,20.00000,1.06450,1
105,3386,377.71201,33.86000,0.29824,93.14784,,50.00000,20.00000,1.06439,1
105,3387,377.80200,33.87000,0.29827,93.14502,,50.00000,20.00000,1.06430,1
105,3388,377.90799,33.88000,0.29868,93.14229,,50.00000,20.00000,1.06419,1
105,3389,378.01099,33.89000,0.29881,93.13822,,50.00000,20.00000,1.06409,1
105,3390,378.10901,33.90000,0.29913,93.13411,,50.00000,20.00000,1.06399,1
105,3391,378.20200,33.91000,0.29925,93.13136,,50.00000,20.00000,1.06389,1
105,3392,378.29999,33.92000,0.29957,93.12726,,50.00000,20.00000,1.06379,1
105,3393,378.38699,33.93000,0.29960,93.12445,,50.00000,20.00000,1.06370,1
105,3394,378.50000,33.94000,0.29953,93.12029,,50.00000,20.00000,1.06359,1
105,3395,378.59698,33.95000,0.29937,93.11757,,50.00000,20.00000,1.06349,1
105,3396,378.69601,33.96000,0.29940,93.11484,,50.00000,20.00000,1.06338,1
105,3397,378.79199,33.97000,0.29942,93.11206,,50.00000,20.00000,1.06329,1
105,3398,378.89200,33.98000,0.29936,93.10928,,50.00000,20.00000,1.06318,1
105,3399,378.98700,33.99000,0.29967,93.10651,,50.00000,20.00000,1.06309,1
105,3400,379.09299,34.00000,0.29961,93.10369,,50.00000,20.00000,1.06298,1
105,3401,379.19800,34.01000,0.29964,93.10086,,50.00000,20.00000,1.06287,1
105,3402,379.28101,34.02000,0.29995,93.09813,,50.00000,20.00000,1.06278,1
105,3403,379.38599,34.03000,0.30028,93.09539,,50.00000,20.00000,1.06267,1
105,3404,379.48499,34.04000,0.30060,93.09259,,50.00000,20.00000,1.06257,1
105,3405,379.58701,34.05000,0.30043,93.09114,,50.00000,20.00000,1.06247,1
105,3406,379.68701,34.06000,0.30056,93.08969,,50.00000,20.00000,1.06236,1
105,3407,379.79199,34.07000,0.30069,93.08820,,50.00000,20.00000,1.06226,1
105,3408,379.88699,34.08000,0.30033,93.08671,,50.00000,20.00000,1.06216,1
105,3409,379.98901,34.09000,0.29997,93.08398,,50.00000,20.00000,1.06205,1
105,3410,380.08499,34.10000,0.30019,93.08261,,50.00000,20.00000,1.06195,1
105,3411,380.18600,34.11000,0.30061,93.07980,,50.00000,20.00000,1.06185,1
105,3412,380.28299,34.12000,0.30122,93.07699,,50.00000,20.00000,1.06175,1
105,3413,380.37399,34.13000,0.30193,93.07427,,50.00000,20.00000,1.06166,1
105,3414,380.48499,34.14000,0.30176,93.07155,,50.00000,20.00000,1.06154,1
105,3415,380.57999,34.15000,0.30160,93.06878,,50.00000,20.00000,1.06144,1
105,3416,380.67300,34.16000,0.30124,93.06464,,50.00000,20.00000,1.06135,1
105,3417,380.77499,34.17000,0.30088,93.06186,,50.00000,20.00000,1.06124,1
105,3418,380.87900,34.18000,0.30110,93.05768,,50.00000,20.00000,1.06113,1
105,3419,380.97299,34.19000,0.30113,93.05349,,50.00000,20.00000,1.06104,1
105,3420,381.07700,34.20000,0.30155,93.04669,,50.00000,20.00000,1.06093,1
105,3421,381.17300,34.21000,0.30177,93.04124,,50.00000,20.00000,1.06083,1
105,3422,381.27899,34.22000,0.30190,93.03441,,50.00000,20.00000,1.06072,1
105,3423,381.37799,34.23000,0.30212,93.02758,,50.00000,20.00000,1.06062,1
105,3424,381.46301,34.24000,0.30195,93.02208,,50.00000,20.00000,1.06053,1
105,3425,381.57001,34.25000,0.30169,93.01926,,50.00000,20.00000,1.06042,1
105,3426,381.67200,34.26000,0.30192,93.01644,,50.00000,20.00000,1.06031,1
105,3427,381.77301,34.27000,0.30185,93.01371,,50.00000,20.00000,1.06021,1
105,3428,381.86700,34.28000,0.30227,93.01369,,50.00000,20.00000,1.06011,1
105,3429,381.97400,34.29000,0.30230,93.01230,,50.00000,20.00000,1.06000,1
105,3430,382.06799,34.30000,0.30233,93.01091,,50.00000,20.00000,1.05990,1
105,3431,382.15900,34.31000,0.30216,93.00951,,50.00000,20.00000,1.05981,1
105,3432,382.25900,34.32000,0.30219,93.00807,,50.00000,20.00000,1.05970,1
105,3433,382.35800,34.33000,0.30261,93.00662,,50.00000,20.00000,1.05960,1
105,3434,382.45401,34.34000,0.30244,93.00388,,50.00000,20.00000,1.05950,1
105,3435,382.56000,34.35000,0.30228,93.00113,,50.00000,20.00000,1.05939,1
105,3436,382.66000,34.36000,0.30221,92.99829,,50.00000,20.00000,1.05929,1
105,3437,382.76300,34.37000,0.30214,92.99682,,50.00000,20.00000,1.05918,1
105,3438,382.86401,34.38000,0.30247,92.99410,,50.00000,20.00000,1.05908,1
105,3439,382.95099,34.39000,0.30259,92.99138,,50.00000,20.00000,1.05899,1
105,3440,383.04700,34.40000,0.30252,92.98862,,50.00000,20.00000,1.05889,1
105,3441,383.15302,34.41000,0.30226,92.98586,,50.00000,20.00000,1.05878,1
105,3442,383.25101,34.42000,0.30219,92.98444,,50.00000,20.00000,1.05867,1
105,3443,383.35400,34.43000,0.30193,92.98162,,50.00000,20.00000,1.05857,1
105,3444,383.44601,34.44000,0.30245,92.97880,,50.00000,20.00000,1.05847,1
105,3445,383.54901,34.45000,0.30267,92.97608,,50.00000,20.00000,1.05836,1
105,3446,383.65100,34.46000,0.30280,92.97335,,50.00000,20.00000,1.05826,1
105,3447,383.74600,34.47000,0.30253,92.97192,,50.00000,20.00000,1.05816,1
105,3448,383.83801,34.48000,0.30266,92.96913,,50.00000,20.00000,1.05806,1
105,3449,383.94000,34.49000,0.30289,92.96633,,50.00000,20.00000,1.05796,1
105,3450,384.05399,34.50000,0.30321,92.96349,,50.00000,20.00000,1.05784,1
105,3451,384.14499,34.51000,0.30343,92.96065,,50.00000,20.00000,1.05774,1
105,3452,384.24899,34.52000,0.30327,92.95927,,50.00000,20.00000,1.05763,1
105,3453,384.34601,34.53000,0.30320,92.95789,,50.00000,20.00000,1.05753,1
105,3454,384.44000,34.54000,0.30303,92.95649,,50.00000,20.00000,1.05743,1
105,3455,384.54700,34.55000,0.30297,92.95644,,50.00000,20.00000,1.05732,1
105,3456,384.63400,34.56000,0.30319,92.95501,,50.00000,20.00000,1.05723,1
105,3457,384.73599,34.57000,0.30322,92.95354,,50.00000,20.00000,1.05712,1
105,3458,384.84100,34.58000,0.30325,92.95206,,50.00000,20.00000,1.05701,1
105,3459,384.93900,34.59000,0.30328,92.95066,,50.00000,20.00000,1.05691,1
105,3460,385.03799,34.60000,0.30312,92.94927,,50.00000,20.00000,1.05681,1
105,3461,385.14499,34.61000,0.30325,92.94778,,50.00000,20.00000,1.05670,1
105,3462,385.23801,34.62000,0.30318,92.94494,,50.00000,20.00000,1.05660,1
105,3463,385.33801,34.63000,0.30311,92.94083,,50.00000,20.00000,1.05649,1
105,3464,385.43900,34.64000,0.30324,92.93673,,50.00000,20.00000,1.05639,1
105,3465,385.54401,34.65000,0.30337,92.93397,,50.00000,20.00000,1.05628,1
105,3466,385.64499,34.66000,0.30340,92.93121,,50.00000,20.00000,1.05617,1
105,3467,385.73401,34.67000,0.30342,92.92844,,50.00000,20.00000,1.05608,1
105,3468,385.83099,34.68000,0.30414,92.92564,,50.00000,20.00000,1.05598,1
105,3469,385.93500,34.69000,0.30427,92.92149,,50.00000,20.00000,1.05587,1
105,3470,386.02899,34.70000,0.30429,92.91877,,50.00000,20.00000,1.05577,1
105,3471,386.13501,34.71000,0.30423,92.91605,,50.00000,20.00000,1.05566,1
105,3472,386.22800,34.72000,0.30406,92.91327,,50.00000,20.00000,1.05556,1
105,3473,386.33099,34.73000,0.30429,92.91051,,50.00000,20.00000,1.05545,1
105,3474,386.42999,34.74000,0.30451,92.90910,,50.00000,20.00000,1.05535,1
105,3475,386.52802,34.75000,0.30435,92.90766,,50.00000,20.00000,1.05524,1
105,3476,386.62701,34.76000,0.30418,92.90487,,50.00000,20.00000,1.05514,1
105,3477,386.72198,34.77000,0.30441,92.90352,,50.00000,20.00000,1.05504,1
105,3478,386.82101,34.78000,0.30424,92.90216,,50.00000,20.00000,1.05494,1
105,3479,386.91199,34.79000,0.30437,92.89939,,50.00000,20.00000,1.05484,1
105,3480,387.01901,34.80000,0.30440,92.89797,,50.00000,20.00000,1.05473,1
105,3481,387.12399,34.81000,0.30473,92.89519,,50.00000,20.00000,1.05462,1
105,3482,387.21600,34.82000,0.30466,92.89371,,50.00000,20.00000,1.05452,1
105,3483,387.31699,34.83000,0.30420,92.89089,,50.00000,20.00000,1.05441,1
105,3484,387.41699,34.84000,0.30423,92.88817,,50.00000,20.00000,1.05431,1
105,3485,387.51901,34.85000,0.30465,92.88679,,50.00000,20.00000,1.05420,1
105,3486,387.60999,34.86000,0.30478,92.88396,,50.00000,20.00000,1.05410,1
105,3487,387.71201,34.87000,0.30481,92.88113,,50.00000,20.00000,1.05400,1
105,3488,387.81601,34.88000,0.30454,92.87975,,50.00000,20.00000,1.05389,1
105,3489,387.91501,34.89000,0.30457,92.87701,,50.00000,20.00000,1.05378,1
105,3490,388.01501,34.90000,0.30480,92.87424,,50.00000,20.00000,1.05368,1
105,3491,388.11499,34.91000,0.30532,92.87283,,50.00000,20.00000,1.05357,1
105,3492,388.21600,34.92000,0.30545,92.87006,,50.00000,20.00000,1.05347,1
105,3493,388.30200,34.93000,0.30538,92.86860,,50.00000,20.00000,1.05337,1
105,3494,388.41101,34.94000,0.30551,92.86580,,50.00000,20.00000,1.05326,1
105,3495,388.51199,34.95000,0.30525,92.86310,,50.00000,20.00000,1.05315,1
105,3496,388.60199,34.96000,0.30537,92.85903,,50.00000,20.00000,1.05306,1
105,3497,388.70999,34.97000,0.30541,92.85627,,50.00000,20.00000,1.05294,1
105,3498,388.79700,34.98000,0.30514,92.85213,,50.00000,20.00000,1.05285,1
105,3499,388.89999,34.99000,0.30517,92.84934,,50.00000,20.00000,1.05274,1
105,3500,389.00601,35.00000,0.30559,92.84515,,50.00000,20.00000,1.05263,1
105,3501,389.10800,35.01000,0.30553,92.84231,,50.00000,20.00000,1.05252,1
105,3502,389.20801,35.02000,0.30526,92.83820,,50.00000,20.00000,1.05242,1
105,3503,389.29700,35.03000,0.30549,92.83546,,50.00000,20.00000,1.05232,1
105,3504,389.40799,35.04000,0.30562,92.83403,,50.00000,20.00000,1.05220,1
105,3505,389.50400,35.05000,0.30585,92.83260,,50.00000,20.00000,1.05210,1
105,3506,389.60699,35.06000,0.30558,92.83117,,50.00000,20.00000,1.05199,1
105,3507,389.70001,35.07000,0.30581,92.83106,,50.00000,20.00000,1.05189,1
105,3508,389.80399,35.08000,0.30643,92.82960,,50.00000,20.00000,1.05178,1
105,3509,389.90399,35.09000,0.30646,92.82960,,50.00000,20.00000,1.05168,1
105,3510,390.00400,35.10000,0.30610,92.82961,,50.00000,20.00000,1.05157,1
105,3511,390.08899,35.11000,0.30612,92.82951,,50.00000,20.00000,1.05148,1
105,3512,390.19699,35.12000,0.30606,92.82942,,50.00000,20.00000,1.05137,1
105,3513,390.29700,35.13000,0.30599,92.82942,,50.00000,20.00000,1.05126,1
105,3514,390.39099,35.14000,0.30583,92.82940,,50.00000,20.00000,1.05116,1
105,3515,390.48700,35.15000,0.30605,92.82796,,50.00000,20.00000,1.05106,1
105,3516,390.59900,35.16000,0.30599,92.82652,,50.00000,20.00000,1.05094,1
105,3517,390.69299,35.17000,0.30621,92.82508,,50.00000,20.00000,1.05084,1
105,3518,390.79501,35.18000,0.30625,92.82358,,50.00000,20.00000,1.05073,1
105,3519,390.89200,35.19000,0.30637,92.82210,,50.00000,20.00000,1.05063,1
105,3520,391.00101,35.20000,0.30621,92.82073,,50.00000,20.00000,1.05051,1
105,3521,391.09799,35.21000,0.30604,92.81937,,50.00000,20.00000,1.05041,1
105,3522,391.18900,35.22000,0.30647,92.81797,,50.00000,20.00000,1.05031,1
105,3523,391.29099,35.23000,0.30669,92.81658,,50.00000,20.00000,1.05020,1
105,3524,391.39001,35.24000,0.30643,92.81519,,50.00000,20.00000,1.05010,1
105,3525,391.48300,35.25000,0.30636,92.81374,,50.00000,20.00000,1.05000,1
105,3526,391.58701,35.26000,0.30777,92.80959,,50.00000,20.00000,1.04989,1
105,3527,391.68100,35.27000,0.30780,92.80688,,50.00000,20.00000,1.04979,1
105,3528,391.78601,35.28000,0.30734,92.80417,,50.00000,20.00000,1.04967,1
105,3529,391.88300,35.29000,0.30668,92.80142,,50.00000,20.00000,1.04957,1
105,3530,391.98300,35.30000,0.30681,92.79867,,50.00000,20.00000,1.04946,1
105,3531,392.07300,35.31000,0.30674,92.79593,,50.00000,20.00000,1.04937,1
105,3532,392.17999,35.32000,0.30687,92.79315,,50.00000,20.00000,1.04925,1
105,3533,392.27399,35.33000,0.30671,92.79036,,50.00000,20.00000,1.04915,1
105,3534,392.37500,35.34000,0.30664,92.78902,,50.00000,20.00000,1.04904,1
105,3535,392.46799,35.35000,0.30667,92.78630,,50.00000,20.00000,1.04895,1
105,3536,392.56500,35.36000,0.30709,92.78484,,50.00000,20.00000,1.04884,1
105,3537,392.66501,35.37000,0.30712,92.78203,,50.00000,20.00000,1.04873,1
105,3538,392.77399,35.38000,0.30726,92.78066,,50.00000,20.00000,1.04862,1
105,3539,392.87100,35.39000,0.30719,92.77794,,50.00000,20.00000,1.04851,1
105,3540,392.96701,35.40000,0.30712,92.77652,,50.00000,20.00000,1.04841,1
105,3541,393.06900,35.41000,0.30745,92.77510,,50.00000,20.00000,1.04830,1
105,3542,393.15799,35.42000,0.30748,92.77231,,50.00000,20.00000,1.04821,1
105,3543,393.26199,35.43000,0.30761,92.77082,,50.00000,20.00000,1.04810,1
105,3544,393.37000,35.44000,0.30764,92.76799,,50.00000,20.00000,1.04798,1
105,3545,393.47101,35.45000,0.30757,92.76660,,50.00000,20.00000,1.04787,1
105,3546,393.56799,35.46000,0.30741,92.76118,,50.00000,20.00000,1.04777,1
105,3547,393.67099,35.47000,0.30774,92.75842,,50.00000,20.00000,1.04766,1
105,3548,393.76501,35.48000,0.30767,92.75432,,50.00000,20.00000,1.04756,1
105,3549,393.85800,35.49000,0.30770,92.75157,,50.00000,20.00000,1.04746,1
105,3550,393.95999,35.50000,0.30802,92.74741,,50.00000,20.00000,1.04735,1
105,3551,394.05600,35.51000,0.30805,92.74326,,50.00000,20.00000,1.04724,1
105,3552,394.16699,35.52000,0.30799,92.73918,,50.00000,20.00000,1.04712,1
105,3553,394.25500,35.53000,0.30772,92.73645,,50.00000,20.00000,1.04703,1
105,3554,394.35999,35.54000,0.30766,92.73233,,50.00000,20.00000,1.04692,1
105,3555,394.45901,35.55000,0.30789,92.72956,,50.00000,20.00000,1.04681,1
105,3556,394.55801,35.56000,0.30792,92.72544,,50.00000,20.00000,1.04670,1
105,3557,394.65399,35.57000,0.30824,92.72263,,50.00000,20.00000,1.04660,1
105,3558,394.75699,35.58000,0.30798,92.71981,,50.00000,20.00000,1.04649,1
105,3559,394.85101,35.59000,0.30811,92.71707,,50.00000,20.00000,1.04639,1
105,3560,394.95499,35.60000,0.30814,92.71298,,50.00000,20.00000,1.04628,1
105,3561,395.05899,35.61000,0.30837,92.71016,,50.00000,20.00000,1.04616,1
105,3562,395.15900,35.62000,0.30821,92.70733,,50.00000,20.00000,1.04606,1
105,3563,395.25101,35.63000,0.30833,92.70460,,50.00000,20.00000,1.04596,1
105,3564,395.35800,35.64000,0.30857,92.70323,,50.00000,20.00000,1.04584,1
105,3565,395.45200,35.65000,0.30879,92.70045,,50.00000,20.00000,1.04574,1
105,3566,395.55200,35.66000,0.30902,92.69901,,50.00000,20.00000,1.04563,1
105,3567,395.65201,35.67000,0.30886,92.69757,,50.00000,20.00000,1.04553,1
105,3568,395.75201,35.68000,0.30889,92.69607,,50.00000,20.00000,1.04542,1
105,3569,395.85901,35.69000,0.30882,92.69322,,50.00000,20.00000,1.04530,1
105,3570,395.96301,35.70000,0.30876,92.69183,,50.00000,20.00000,1.04519,1
105,3571,396.05200,35.71000,0.30898,92.69046,,50.00000,20.00000,1.04509,1
105,3572,396.16501,35.72000,0.30902,92.68635,,50.00000,20.00000,1.04497,1
105,3573,396.25201,35.73000,0.30885,92.68226,,50.00000,20.00000,1.04488,1
105,3574,396.35699,35.74000,0.30878,92.67816,,50.00000,20.00000,1.04476,1
105,3575,396.44400,35.75000,0.30861,92.67401,,50.00000,20.00000,1.04467,1
105,3576,396.54999,35.76000,0.30875,92.66850,,50.00000,20.00000,1.04456,1
105,3577,396.64801,35.77000,0.30838,92.66443,,50.00000,20.00000,1.04445,1
105,3578,396.74600,35.78000,0.30871,92.66034,,50.00000,20.00000,1.04434,1
105,3579,396.85300,35.79000,0.30924,92.65757,,50.00000,20.00000,1.04423,1
105,3580,396.95401,35.80000,0.30927,92.65481,,50.00000,20.00000,1.04412,1
105,3581,397.04800,35.81000,0.30930,92.65340,,50.00000,20.00000,1.04402,1
105,3582,397.14700,35.82000,0.30943,92.65196,,50.00000,20.00000,1.04391,1
105,3583,397.24100,35.83000,0.30946,92.65052,,50.00000,20.00000,1.04381,1
105,3584,397.34201,35.84000,0.30910,92.65051,,50.00000,20.00000,1.04370,1
105,3585,397.44800,35.85000,0.30933,92.64914,,50.00000,20.00000,1.04358,1
105,3586,397.54199,35.86000,0.30936,92.64903,,50.00000,20.00000,1.04348,1
105,3587,397.64200,35.87000,0.30949,92.64891,,50.00000,20.00000,1.04337,1
105,3588,397.74200,35.88000,0.30982,92.64888,,50.00000,20.00000,1.04326,1
105,3589,397.84299,35.89000,0.31055,92.64886,,50.00000,20.00000,1.04316,1
105,3590,397.94601,35.90000,0.31009,92.64744,,50.00000,20.00000,1.04304,1
105,3591,398.04300,35.91000,0.30982,92.64603,,50.00000,20.00000,1.04294,1
105,3592,398.14301,35.92000,0.30985,92.64462,,50.00000,20.00000,1.04283,1
105,3593,398.24301,35.93000,0.30979,92.64318,,50.00000,20.00000,1.04272,1
105,3594,398.33701,35.94000,0.30972,92.64175,,50.00000,20.00000,1.04262,1
105,3595,398.44101,35.95000,0.30985,92.64040,,50.00000,20.00000,1.04251,1
105,3596,398.53299,35.96000,0.30988,92.63769,,50.00000,20.00000,1.04241,1
105,3597,398.63300,35.97000,0.30981,92.63629,,50.00000,20.00000,1.04230,1
105,3598,398.73599,35.98000,0.30975,92.63489,,50.00000,20.00000,1.04218,1
105,3599,398.83200,35.99000,0.30988,92.63349,,50.00000,20.00000,1.04208,1
105,3600,398.93100,36.00000,0.31011,92.62797,,50.00000,20.00000,1.04197,1
105,3601,399.03400,36.01000,0.31054,92.62517,,50.00000,20.00000,1.04186,1
105,3602,399.13000,36.02000,0.31047,92.62245,,50.00000,20.00000,1.04176,1
105,3603,399.22800,36.03000,0.31050,92.61973,,50.00000,20.00000,1.04165,1
105,3604,399.32700,36.04000,0.31043,92.61697,,50.00000,20.00000,1.04154,1
105,3605,399.42801,36.05000,0.31017,92.61421,,50.00000,20.00000,1.04143,1
105,3606,399.53699,36.06000,0.30991,92.61146,,50.00000,20.00000,1.04131,1
105,3607,399.62100,36.07000,0.31003,92.60865,,50.00000,20.00000,1.04122,1
105,3608,399.72299,36.08000,0.31036,92.60585,,50.00000,20.00000,1.04111,1
105,3609,399.82599,36.09000,0.31050,92.60315,,50.00000,20.00000,1.04100,1
105,3610,399.92499,36.10000,0.31073,92.60180,,50.00000,20.00000,1.04089,1
105,3611,400.02200,36.11000,0.31076,92.59900,,50.00000,20.00000,1.04078,1
105,3612,400.12000,36.12000,0.31099,92.59621,,50.00000,20.00000,1.04068,1
105,3613,400.21899,36.13000,0.31102,92.59350,,50.00000,20.00000,1.04057,1
105,3614,400.31500,36.14000,0.31086,92.59214,,50.00000,20.00000,1.04046,1
105,3615,400.42300,36.15000,0.31029,92.58937,,50.00000,20.00000,1.04035,1
105,3616,400.51199,36.16000,0.31052,92.58660,,50.00000,20.00000,1.04025,1
105,3617,400.62100,36.17000,0.31036,92.58113,,50.00000,20.00000,1.04013,1
105,3618,400.71799,36.18000,0.31029,92.57696,,50.00000,20.00000,1.04002,1
105,3619,400.81601,36.19000,0.31032,92.57416,,50.00000,20.00000,1.03992,1
105,3620,400.91400,36.20000,0.31046,92.57010,,50.00000,20.00000,1.03981,1
105,3621,401.01801,36.21000,0.31039,92.56468,,50.00000,20.00000,1.03969,1
105,3622,401.11099,36.22000,0.31002,92.56057,,50.00000,20.00000,1.03959,1
105,3623,401.20801,36.23000,0.30996,92.55644,,50.00000,20.00000,1.03949,1
105,3624,401.31000,36.24000,0.30979,92.55367,,50.00000,20.00000,1.03938,1
105,3625,401.41501,36.25000,0.30982,92.55085,,50.00000,20.00000,1.03926,1
105,3626,401.51099,36.26000,0.30995,92.54802,,50.00000,20.00000,1.03916,1
105,3627,401.61499,36.27000,0.31019,92.54528,,50.00000,20.00000,1.03904,1
105,3628,401.71201,36.28000,0.31012,92.54256,,50.00000,20.00000,1.03893,1
105,3629,401.81400,36.29000,0.31015,92.53979,,50.00000,20.00000,1.03882,1
105,3630,401.91501,36.30000,0.31078,92.53704,,50.00000,20.00000,1.03871,1
105,3631,402.00800,36.31000,0.31061,92.53429,,50.00000,20.00000,1.03861,1
105,3632,402.10901,36.32000,0.31045,92.53150,,50.00000,20.00000,1.03850,1
105,3633,402.21399,36.33000,0.31048,92.52872,,50.00000,20.00000,1.03838,1
105,3634,402.30600,36.34000,0.31071,92.52602,,50.00000,20.00000,1.03828,1
105,3635,402.39700,36.35000,0.31104,92.52332,,50.00000,20.00000,1.03818,1
105,3636,402.50101,36.36000,0.31078,92.52188,,50.00000,20.00000,1.03807,1
105,3637,402.60599,36.37000,0.31071,92.51907,,50.00000,20.00000,1.03795,1
105,3638,402.69699,36.38000,0.31054,92.51634,,50.00000,20.00000,1.03785,1
105,3639,402.80099,36.39000,0.31088,92.51496,,50.00000,20.00000,1.03774,1
105,3640,402.91000,36.40000,0.31131,92.51220,,50.00000,20.00000,1.03762,1
105,3641,403.00699,36.41000,0.31134,92.50809,,50.00000,20.00000,1.03751,1
105,3642,403.10101,36.42000,0.31127,92.50263,,50.00000,20.00000,1.03741,1
105,3643,403.19601,36.43000,0.31120,92.49848,,50.00000,20.00000,1.03730,1
105,3644,403.29599,36.44000,0.31084,92.49297,,50.00000,20.00000,1.03719,1
105,3645,403.39999,36.45000,0.31097,92.48755,,50.00000,20.00000,1.03708,1
105,3646,403.50000,36.46000,0.31111,92.48212,,50.00000,20.00000,1.03697,1
105,3647,403.59698,36.47000,0.31124,92.47800,,50.00000,20.00000,1.03686,1
105,3648,403.70599,36.48000,0.31127,92.47525,,50.00000,20.00000,1.03674,1
105,3649,403.79199,36.49000,0.31200,92.47384,,50.00000,20.00000,1.03665,1
105,3650,403.89401,36.50000,0.31183,92.47239,,50.00000,20.00000,1.03654,1
105,3651,403.99600,36.51000,0.31087,92.47096,,50.00000,20.00000,1.03642,1
105,3652,404.10300,36.52000,0.31061,92.46964,,50.00000,20.00000,1.03630,1
105,3653,404.18799,36.53000,0.31193,92.46830,,50.00000,20.00000,1.03621,1
105,3654,404.28500,36.54000,0.31216,92.46556,,50.00000,20.00000,1.03610,1
105,3655,404.38501,36.55000,0.31210,92.46281,,50.00000,20.00000,1.03599,1
105,3656,404.48499,36.56000,0.31193,92.46141,,50.00000,20.00000,1.03588,1
105,3657,404.59399,36.57000,0.31167,92.45861,,50.00000,20.00000,1.03576,1
105,3658,404.68399,36.58000,0.31150,92.45580,,50.00000,20.00000,1.03566,1
105,3659,404.78201,36.59000,0.31173,92.45307,,50.00000,20.00000,1.03555,1
105,3660,404.88400,36.60000,0.31246,92.45035,,50.00000,20.00000,1.03544,1
105,3661,404.99301,36.61000,0.31240,92.44755,,50.00000,20.00000,1.03532,1
105,3662,405.08401,36.62000,0.31223,92.44610,,50.00000,20.00000,1.03522,1
105,3663,405.18500,36.63000,0.31226,92.44339,,50.00000,20.00000,1.03511,1
105,3664,405.28299,36.64000,0.31240,92.44070,,50.00000,20.00000,1.03500,1
105,3665,405.37900,36.65000,0.31243,92.43930,,50.00000,20.00000,1.03489,1
105,3666,405.47299,36.66000,0.31226,92.43654,,50.00000,20.00000,1.03479,1
105,3667,405.58401,36.67000,0.31250,92.43378,,50.00000,20.00000,1.03467,1
105,3668,405.67899,36.68000,0.31253,92.43096,,50.00000,20.00000,1.03456,1
105,3669,405.77802,36.69000,0.31276,92.42815,,50.00000,20.00000,1.03445,1
105,3670,405.88000,36.70000,0.31300,92.42680,,50.00000,20.00000,1.03434,1
105,3671,405.98499,36.71000,0.31283,92.42411,,50.00000,20.00000,1.03422,1
105,3672,406.06900,36.72000,0.31256,92.42137,,50.00000,20.00000,1.03413,1
105,3673,406.17401,36.73000,0.31229,92.41863,,50.00000,20.00000,1.03401,1
105,3674,406.27301,36.74000,0.31243,92.41724,,50.00000,20.00000,1.03390,1
105,3675,406.37000,36.75000,0.31246,92.41578,,50.00000,20.00000,1.03380,1
105,3676,406.47000,36.76000,0.31259,92.41433,,50.00000,20.00000,1.03369,1
105,3677,406.56900,36.77000,0.31293,92.41297,,50.00000,20.00000,1.03358,1
105,3678,406.67599,36.78000,0.31266,92.41161,,50.00000,20.00000,1.03346,1
105,3679,406.77399,36.79000,0.31290,92.40885,,50.00000,20.00000,1.03335,1
105,3680,406.86700,36.80000,0.31313,92.40744,,50.00000,20.00000,1.03324,1
105,3681,406.96799,36.81000,0.31306,92.40467,,50.00000,20.00000,1.03313,1
105,3682,407.06299,36.82000,0.31329,92.40321,,50.00000,20.00000,1.03303,1
105,3683,407.17401,36.83000,0.31393,92.40040,,50.00000,20.00000,1.03290,1
105,3684,407.27499,36.84000,0.31376,92.39905,,50.00000,20.00000,1.03279,1
105,3685,407.36899,36.85000,0.31340,92.39636,,50.00000,20.00000,1.03269,1
105,3686,407.46301,36.86000,0.31333,92.39492,,50.00000,20.00000,1.03258,1
105,3687,407.56400,36.87000,0.31286,92.39349,,50.00000,20.00000,1.03247,1
105,3688,407.66400,36.88000,0.31300,92.39079,,50.00000,20.00000,1.03236,1
105,3689,407.76300,36.89000,0.31333,92.38943,,50.00000,20.00000,1.03225,1
105,3690,407.85699,36.90000,0.31356,92.38802,,50.00000,20.00000,1.03214,1
105,3691,407.96500,36.91000,0.31360,92.38661,,50.00000,20.00000,1.03202,1
105,3692,408.06699,36.92000,0.31373,92.38522,,50.00000,20.00000,1.03191,1
105,3693,408.16101,36.93000,0.31366,92.38378,,50.00000,20.00000,1.03180,1
105,3694,408.26501,36.94000,0.31360,92.38235,,50.00000,20.00000,1.03169,1
105,3695,408.35199,36.95000,0.31363,92.38102,,50.00000,20.00000,1.03159,1
105,3696,408.45801,36.96000,0.31387,92.37969,,50.00000,20.00000,1.03147,1
105,3697,408.54599,36.97000,0.31379,92.37830,,50.00000,20.00000,1.03138,1
105,3698,408.65201,36.98000,0.31423,92.37555,,50.00000,20.00000,1.03126,1
105,3699,408.75601,36.99000,0.31427,92.37416,,50.00000,20.00000,1.03114,1
105,3700,408.85300,37.00000,0.31420,92.37272,,50.00000,20.00000,1.03103,1
105,3701,408.95401,37.01000,0.31433,92.37127,,50.00000,20.00000,1.03092,1
105,3702,409.04300,37.02000,0.31466,92.36992,,50.00000,20.00000,1.03082,1
105,3703,409.14899,37.03000,0.31450,92.36857,,50.00000,20.00000,1.03070,1
105,3704,409.24301,37.04000,0.31473,92.36853,,50.00000,20.00000,1.03060,1
105,3705,409.35199,37.05000,0.31477,92.36714,,50.00000,20.00000,1.03047,1
105,3706,409.45300,37.06000,0.31470,92.36575,,50.00000,20.00000,1.03036,1
105,3707,409.53900,37.07000,0.31493,92.36430,,50.00000,20.00000,1.03027,1
105,3708,409.64099,37.08000,0.31487,92.36285,,50.00000,20.00000,1.03015,1
105,3709,409.74200,37.09000,0.31520,92.36151,,50.00000,20.00000,1.03004,1
105,3710,409.84399,37.10000,0.31534,92.36151,,50.00000,20.00000,1.02992,1
105,3711,409.94501,37.11000,0.31527,92.36007,,50.00000,20.00000,1.02981,1
105,3712,410.04599,37.12000,0.31451,92.35862,,50.00000,20.00000,1.02970,1
105,3713,410.13699,37.13000,0.31444,92.35727,,50.00000,20.00000,1.02960,1
105,3714,410.23401,37.14000,0.31427,92.35457,,50.00000,20.00000,1.02949,1
105,3715,410.33801,37.15000,0.31421,92.35317,,50.00000,20.00000,1.02937,1
105,3716,410.43900,37.16000,0.31424,92.35176,,50.00000,20.00000,1.02926,1
105,3717,410.53799,37.17000,0.31478,92.35036,,50.00000,20.00000,1.02915,1
105,3718,410.64099,37.18000,0.31501,92.34755,,50.00000,20.00000,1.02903,1
105,3719,410.73300,37.19000,0.31484,92.34339,,50.00000,20.00000,1.02893,1
105,3720,410.83600,37.20000,0.31518,92.34068,,50.00000,20.00000,1.02881,1
105,3721,410.94000,37.21000,0.31511,92.33660,,50.00000,20.00000,1.02870,1
105,3722,411.02899,37.22000,0.31514,92.33384,,50.00000,20.00000,1.02860,1
105,3723,411.14301,37.23000,0.31508,92.33108,,50.00000,20.00000,1.02847,1
105,3724,411.23700,37.24000,0.31532,92.32833,,50.00000,20.00000,1.02836,1
105,3725,411.33600,37.25000,0.31555,92.32554,,50.00000,20.00000,1.02825,1
105,3726,411.43100,37.26000,0.31558,92.32411,,50.00000,20.00000,1.02814,1
105,3727,411.53400,37.27000,0.31572,92.32142,,50.00000,20.00000,1.02803,1
105,3728,411.63101,37.28000,0.31626,92.31872,,50.00000,20.00000,1.02792,1
105,3729,411.72299,37.29000,0.31639,92.31732,,50.00000,20.00000,1.02782,1
105,3730,411.83301,37.30000,0.31643,92.31457,,50.00000,20.00000,1.02769,1
105,3731,411.92700,37.31000,0.31616,92.31317,,50.00000,20.00000,1.02759,1
105,3732,412.02899,37.32000,0.31599,92.31172,,50.00000,20.00000,1.02747,1
105,3733,412.13000,37.33000,0.31583,92.31162,,50.00000,20.00000,1.02736,1
105,3734,412.22900,37.34000,0.31576,92.31162,,50.00000,20.00000,1.02725,1
105,3735,412.32300,37.35000,0.31640,92.31027,,50.00000,20.00000,1.02714,1
105,3736,412.42700,37.36000,0.31673,92.31019,,50.00000,20.00000,1.02702,1
105,3737,412.52600,37.37000,0.31697,92.31010,,50.00000,20.00000,1.02691,1
105,3738,412.62299,37.38000,0.31690,92.30876,,50.00000,20.00000,1.02680,1
105,3739,412.72299,37.39000,0.31704,92.30609,,50.00000,20.00000,1.02669,1
105,3740,412.82999,37.40000,0.31697,92.30472,,50.00000,20.00000,1.02657,1
105,3741,412.91400,37.41000,0.31710,92.30199,,50.00000,20.00000,1.02647,1
105,3742,413.01401,37.42000,0.31714,92.30060,,50.00000,20.00000,1.02636,1
105,3743,413.11301,37.43000,0.31727,92.29780,,50.00000,20.00000,1.02625,1
105,3744,413.20901,37.44000,0.31761,92.29634,,50.00000,20.00000,1.02614,1
105,3745,413.32501,37.45000,0.31745,92.29364,,50.00000,20.00000,1.02601,1
105,3746,413.42300,37.46000,0.31748,92.29229,,50.00000,20.00000,1.02590,1
105,3747,413.51999,37.47000,0.31681,92.28955,,50.00000,20.00000,1.02579,1
105,3748,413.60699,37.48000,0.31724,92.28817,,50.00000,20.00000,1.02569,1
105,3749,413.71600,37.49000,0.31718,92.28544,,50.00000,20.00000,1.02557,1
105,3750,413.80701,37.50000,0.31731,92.28267,,50.00000,20.00000,1.02547,1
105,3751,413.91199,37.51000,0.31705,92.27990,,50.00000,20.00000,1.02535,1
105,3752,414.00699,37.52000,0.31708,92.27722,,50.00000,20.00000,1.02524,1
105,3753,414.10901,37.53000,0.31722,92.27455,,50.00000,20.00000,1.02512,1
105,3754,414.20099,37.54000,0.31725,92.27181,,50.00000,20.00000,1.02502,1
105,3755,414.29999,37.55000,0.31729,92.26907,,50.00000,20.00000,1.02491,1
105,3756,414.39899,37.56000,0.31712,92.26767,,50.00000,20.00000,1.02480,1
105,3757,414.50101,37.57000,0.31746,92.26487,,50.00000,20.00000,1.02468,1
105,3758,414.60400,37.58000,0.31769,92.26207,,50.00000,20.00000,1.02456,1
105,3759,414.70700,37.59000,0.31753,92.25666,,50.00000,20.00000,1.02445,1
105,3760,414.79199,37.60000,0.31746,92.25395,,50.00000,20.00000,1.02435,1
105,3761,414.89600,37.61000,0.31770,92.24979,,50.00000,20.00000,1.02423,1
105,3762,415.00500,37.62000,0.31784,92.24564,,50.00000,20.00000,1.02411,1
105,3763,415.09698,37.63000,0.31757,92.24159,,50.00000,20.00000,1.02401,1
105,3764,415.20200,37.64000,0.31780,92.23890,,50.00000,20.00000,1.02389,1
105,3765,415.29300,37.65000,0.31784,92.23482,,50.00000,20.00000,1.02378,1
105,3766,415.39999,37.66000,0.31787,92.23210,,50.00000,20.00000,1.02366,1
105,3767,415.49500,37.67000,0.31781,92.22937,,50.00000,20.00000,1.02355,1
105,3768,415.58499,37.68000,0.31754,92.22659,,50.00000,20.00000,1.02345,1
105,3769,415.68799,37.69000,0.31767,92.22515,,50.00000,20.00000,1.02334,1
105,3770,415.78601,37.70000,0.31791,92.22379,,50.00000,20.00000,1.02322,1
105,3771,415.89099,37.71000,0.31865,92.22243,,50.00000,20.00000,1.02310,1
105,3772,415.99701,37.72000,0.31879,92.21967,,50.00000,20.00000,1.02298,1
105,3773,416.09399,37.73000,0.31832,92.21827,,50.00000,20.00000,1.02287,1
105,3774,416.18701,37.74000,0.31815,92.21688,,50.00000,20.00000,1.02277,1
105,3775,416.29300,37.75000,0.31839,92.21411,,50.00000,20.00000,1.02265,1
105,3776,416.38300,37.76000,0.31863,92.21133,,50.00000,20.00000,1.02255,1
105,3777,416.48499,37.77000,0.31866,92.20864,,50.00000,20.00000,1.02243,1
105,3778,416.58801,37.78000,0.31850,92.20594,,50.00000,20.00000,1.02231,1
105,3779,416.68201,37.79000,0.31813,92.20320,,50.00000,20.00000,1.02221,1
105,3780,416.78101,37.80000,0.31816,92.20045,,50.00000,20.00000,1.02209,1
105,3781,416.88400,37.81000,0.31820,92.19770,,50.00000,20.00000,1.02198,1
105,3782,416.98199,37.82000,0.31864,92.19490,,50.00000,20.00000,1.02186,1
105,3783,417.08499,37.83000,0.31887,92.19075,,50.00000,20.00000,1.02175,1
105,3784,417.17700,37.84000,0.31830,92.18806,,50.00000,20.00000,1.02164,1
105,3785,417.28500,37.85000,0.31854,92.18538,,50.00000,20.00000,1.02152,1
105,3786,417.37601,37.86000,0.31857,92.18126,,50.00000,20.00000,1.02141,1
105,3787,417.48001,37.87000,0.31861,92.17849,,50.00000,20.00000,1.02130,1
105,3788,417.57101,37.88000,0.31874,92.17445,,50.00000,20.00000,1.02119,1
105,3789,417.66901,37.89000,0.31858,92.17176,,50.00000,20.00000,1.02108,1
105,3790,417.76999,37.90000,0.31881,92.16767,,50.00000,20.00000,1.02097,1
105,3791,417.87100,37.91000,0.31895,92.16492,,50.00000,20.00000,1.02085,1
105,3792,417.97501,37.92000,0.31919,92.16218,,50.00000,20.00000,1.02073,1
105,3793,418.07300,37.93000,0.31943,92.15940,,50.00000,20.00000,1.02062,1
105,3794,418.16599,37.94000,0.31946,92.15661,,50.00000,20.00000,1.02051,1
105,3795,418.26501,37.95000,0.31930,92.15393,,50.00000,20.00000,1.02040,1
105,3796,418.36899,37.96000,0.31974,92.14991,,50.00000,20.00000,1.02028,1
105,3797,418.46600,37.97000,0.32018,92.14718,,50.00000,20.00000,1.02017,1
105,3798,418.55499,37.98000,0.31991,92.14309,,50.00000,20.00000,1.02007,1
105,3799,418.65900,37.99000,0.31964,92.14035,,50.00000,20.00000,1.01995,1
105,3800,418.76599,38.00000,0.31958,92.13757,,50.00000,20.00000,1.01983,1
105,3801,418.85501,38.01000,0.31991,92.13613,,50.00000,20.00000,1.01973,1
105,3802,418.95801,38.02000,0.31995,92.13070,,50.00000,20.00000,1.01961,1
105,3803,419.05499,38.03000,0.31998,92.12798,,50.00000,20.00000,1.01950,1
105,3804,419.16501,38.04000,0.31992,92.12387,,50.00000,20.00000,1.01937,1
105,3805,419.26099,38.05000,0.31965,92.11841,,50.00000,20.00000,1.01926,1
105,3806,419.36700,38.06000,0.31939,92.11431,,50.00000,20.00000,1.01914,1
105,3807,419.45099,38.07000,0.31962,92.11016,,50.00000,20.00000,1.01904,1
105,3808,419.56000,38.08000,0.31986,92.10601,,50.00000,20.00000,1.01892,1
105,3809,419.65201,38.09000,0.31979,92.10332,,50.00000,20.00000,1.01881,1
105,3810,419.76001,38.10000,0.32024,92.10198,,50.00000,20.00000,1.01869,1
105,3811,419.85599,38.11000,0.32047,92.10054,,50.00000,20.00000,1.01858,1
105,3812,419.95700,38.12000,0.32041,92.09911,,50.00000,20.00000,1.01846,1
105,3813,420.05099,38.13000,0.32054,92.09913,,50.00000,20.00000,1.01836,1
105,3814,420.16000,38.14000,0.32089,92.09781,,50.00000,20.00000,1.01823,1
105,3815,420.24500,38.15000,0.32061,92.09642,,50.00000,20.00000,1.01813,1
105,3816,420.35001,38.16000,0.32075,92.09503,,50.00000,20.00000,1.01801,1
105,3817,420.44199,38.17000,0.32069,92.09364,,50.00000,20.00000,1.01791,1
105,3818,420.55399,38.18000,0.32113,92.09084,,50.00000,20.00000,1.01778,1
105,3819,420.65201,38.19000,0.32117,92.08940,,50.00000,20.00000,1.01767,1
105,3820,420.74799,38.20000,0.32120,92.08670,,50.00000,20.00000,1.01756,1
105,3821,420.84799,38.21000,0.32114,92.08536,,50.00000,20.00000,1.01744,1
105,3822,420.94299,38.22000,0.32148,92.08263,,50.00000,20.00000,1.01733,1
105,3823,421.04901,38.23000,0.32151,92.08127,,50.00000,20.00000,1.01721,1
105,3824,421.14700,38.24000,0.32165,92.07854,,50.00000,20.00000,1.01710,1
105,3825,421.23901,38.25000,0.32148,92.07575,,50.00000,20.00000,1.01699,1
105,3826,421.33401,38.26000,0.32182,92.07295,,50.00000,20.00000,1.01688,1
105,3827,421.43600,38.27000,0.32206,92.07025,,50.00000,20.00000,1.01676,1
105,3828,421.55099,38.28000,0.32180,92.06754,,50.00000,20.00000,1.01663,1
105,3829,421.64600,38.29000,0.32183,92.06480,,50.00000,20.00000,1.01652,1
105,3830,421.74701,38.30000,0.32146,92.06342,,50.00000,20.00000,1.01641,1
105,3831,421.83600,38.31000,0.32170,92.06069,,50.00000,20.00000,1.01630,1
105,3832,421.93500,38.32000,0.32204,92.05791,,50.00000,20.00000,1.01619,1
105,3833,422.03000,38.33000,0.32218,92.05513,,50.00000,20.00000,1.01608,1
105,3834,422.14001,38.34000,0.32242,92.05245,,50.00000,20.00000,1.01595,1
105,3835,422.24301,38.35000,0.32205,92.05111,,50.00000,20.00000,1.01583,1
105,3836,422.33301,38.36000,0.32208,92.04832,,50.00000,20.00000,1.01573,1
105,3837,422.43301,38.37000,0.32202,92.04690,,50.00000,20.00000,1.01561,1
105,3838,422.53400,38.38000,0.32206,92.04557,,50.00000,20.00000,1.01550,1
105,3839,422.62900,38.39000,0.32219,92.04423,,50.00000,20.00000,1.01539,1
105,3840,422.72601,38.40000,0.32233,92.04419,,50.00000,20.00000,1.01528,1
105,3841,422.82901,38.41000,0.32237,92.04280,,50.00000,20.00000,1.01516,1
105,3842,422.92999,38.42000,0.32271,92.04276,,50.00000,20.00000,1.01504,1
105,3843,423.03900,38.43000,0.32265,92.04267,,50.00000,20.00000,1.01492,1
105,3844,423.12500,38.44000,0.32278,92.04122,,50.00000,20.00000,1.01482,1
105,3845,423.22198,38.45000,0.32261,92.03986,,50.00000,20.00000,1.01470,1
105,3846,423.33401,38.46000,0.32276,92.03851,,50.00000,20.00000,1.01457,1
105,3847,423.43201,38.47000,0.32310,92.03712,,50.00000,20.00000,1.01446,1
105,3848,423.53000,38.48000,0.32293,92.03574,,50.00000,20.00000,1.01435,1
105,3849,423.62601,38.49000,0.32307,92.03029,,50.00000,20.00000,1.01424,1
105,3850,423.72501,38.50000,0.32300,92.02751,,50.00000,20.00000,1.01412,1
105,3851,423.82700,38.51000,0.32335,92.02338,,50.00000,20.00000,1.01400,1
105,3852,423.92300,38.52000,0.32358,92.02069,,50.00000,20.00000,1.01389,1
105,3853,424.02399,38.53000,0.32311,92.01800,,50.00000,20.00000,1.01378,1
105,3854,424.11899,38.54000,0.32305,92.01392,,50.00000,20.00000,1.01367,1
105,3855,424.22900,38.55000,0.32319,92.01120,,50.00000,20.00000,1.01354,1
105,3856,424.32001,38.56000,0.32343,92.00848,,50.00000,20.00000,1.01343,1
105,3857,424.42200,38.57000,0.32326,92.00436,,50.00000,20.00000,1.01332,1
105,3858,424.50800,38.58000,0.32299,92.00159,,50.00000,20.00000,1.01322,1
105,3859,424.61099,38.59000,0.32292,91.99890,,50.00000,20.00000,1.01310,1
105,3860,424.72198,38.60000,0.32337,91.99620,,50.00000,20.00000,1.01297,1
105,3861,424.81201,38.61000,0.32351,91.99204,,50.00000,20.00000,1.01286,1
105,3862,424.91501,38.62000,0.32405,91.98924,,50.00000,20.00000,1.01274,1
105,3863,425.01401,38.63000,0.32429,91.98655,,50.00000,20.00000,1.01263,1
105,3864,425.12000,38.64000,0.32495,91.98387,,50.00000,20.00000,1.01251,1
105,3865,425.21301,38.65000,0.32478,91.98114,,50.00000,20.00000,1.01240,1
105,3866,425.31299,38.66000,0.32471,91.97840,,50.00000,20.00000,1.01228,1
105,3867,425.40201,38.67000,0.32475,91.97431,,50.00000,20.00000,1.01218,1
105,3868,425.51099,38.68000,0.32479,91.97153,,50.00000,20.00000,1.01205,1
105,3869,425.61401,38.69000,0.32482,91.96874,,50.00000,20.00000,1.01193,1
105,3870,425.70901,38.70000,0.32455,91.96468,,50.00000,20.00000,1.01182,1
105,3871,425.80301,38.71000,0.32438,91.96198,,50.00000,20.00000,1.01171,1
105,3872,425.91299,38.72000,0.32463,91.95923,,50.00000,20.00000,1.01158,1
105,3873,426.00800,38.73000,0.32467,91.95783,,50.00000,20.00000,1.01147,1
105,3874,426.11099,38.74000,0.32460,91.95509,,50.00000,20.00000,1.01135,1
105,3875,426.21100,38.75000,0.32454,91.95230,,50.00000,20.00000,1.01124,1
105,3876,426.30399,38.76000,0.32478,91.95087,,50.00000,20.00000,1.01113,1
105,3877,426.41000,38.77000,0.32430,91.94819,,50.00000,20.00000,1.01101,1
105,3878,426.50601,38.78000,0.32444,91.94551,,50.00000,20.00000,1.01089,1
105,3879,426.60199,38.79000,0.32509,91.94006,,50.00000,20.00000,1.01078,1
105,3880,426.70200,38.80000,0.32544,91.93597,,50.00000,20.00000,1.01067,1
105,3881,426.80099,38.81000,0.32578,91.93053,,50.00000,20.00000,1.01055,1
105,3882,426.90601,38.82000,0.32531,91.92639,,50.00000,20.00000,1.01043,1
105,3883,427.00000,38.83000,0.32555,91.92090,,50.00000,20.00000,1.01032,1
105,3884,427.10501,38.84000,0.32528,91.91688,,50.00000,20.00000,1.01020,1
105,3885,427.20499,38.85000,0.32491,91.91286,,50.00000,20.00000,1.01008,1
105,3886,427.28699,38.86000,0.32463,91.91145,,50.00000,20.00000,1.00998,1
105,3887,427.39700,38.87000,0.32478,91.90869,,50.00000,20.00000,1.00986,1
105,3888,427.48801,38.88000,0.32481,91.90601,,50.00000,20.00000,1.00975,1
105,3889,427.58899,38.89000,0.32495,91.90332,,50.00000,20.00000,1.00963,1
105,3890,427.69400,38.90000,0.32489,91.90057,,50.00000,20.00000,1.00951,1
105,3891,427.79501,38.91000,0.32441,91.89783,,50.00000,20.00000,1.00939,1
105,3892,427.89499,38.92000,0.32445,91.89374,,50.00000,20.00000,1.00928,1
105,3893,427.99399,38.93000,0.32449,91.89096,,50.00000,20.00000,1.00916,1
105,3894,428.08099,38.94000,0.32473,91.88818,,50.00000,20.00000,1.00906,1
105,3895,428.19000,38.95000,0.32528,91.88414,,50.00000,20.00000,1.00893,1
105,3896,428.29300,38.96000,0.32522,91.88280,,50.00000,20.00000,1.00881,1
105,3897,428.38800,38.97000,0.32515,91.88141,,50.00000,20.00000,1.00870,1
105,3898,428.48499,38.98000,0.32508,91.88003,,50.00000,20.00000,1.00859,1
105,3899,428.58600,38.99000,0.32522,91.87865,,50.00000,20.00000,1.00847,1
105,3900,428.69000,39.00000,0.32526,91.87724,,50.00000,20.00000,1.00835,1
105,3901,428.79001,39.01000,0.32551,91.87582,,50.00000,20.00000,1.00823,1
105,3902,428.87500,39.02000,0.32564,91.87313,,50.00000,20.00000,1.00813,1
105,3903,428.98001,39.03000,0.32599,91.87181,,50.00000,20.00000,1.00801,1
105,3904,429.08200,39.04000,0.32603,91.86907,,50.00000,20.00000,1.00789,1
105,3905,429.17700,39.05000,0.32575,91.86634,,50.00000,20.00000,1.00778,1
105,3906,429.28699,39.06000,0.32610,91.86498,,50.00000,20.00000,1.00765,1
105,3907,429.38501,39.07000,0.32635,91.86222,,50.00000,20.00000,1.00753,1
105,3908,429.47000,39.08000,0.32617,91.85946,,50.00000,20.00000,1.00743,1
105,3909,429.57401,39.09000,0.32631,91.85814,,50.00000,20.00000,1.00731,1
105,3910,429.66800,39.10000,0.32594,91.85546,,50.00000,20.00000,1.00720,1
105,3911,429.77802,39.11000,0.32578,91.85404,,50.00000,20.00000,1.00707,1
105,3912,429.86099,39.12000,0.32581,91.85126,,50.00000,20.00000,1.00697,1
105,3913,429.97299,39.13000,0.32606,91.84855,,50.00000,20.00000,1.00684,1
105,3914,430.07401,39.14000,0.32609,91.84720,,50.00000,20.00000,1.00672,1
105,3915,430.17499,39.15000,0.32613,91.84446,,50.00000,20.00000,1.00661,1
105,3916,430.27100,39.16000,0.32648,91.84307,,50.00000,20.00000,1.00649,1
105,3917,430.36801,39.17000,0.32682,91.83763,,50.00000,20.00000,1.00638,1
105,3918,430.47101,39.18000,0.32696,91.83485,,50.00000,20.00000,1.00626,1
105,3919,430.57001,39.19000,0.32690,91.83207,,50.00000,20.00000,1.00614,1
105,3920,430.66501,39.20000,0.32673,91.82937,,50.00000,20.00000,1.00603,1
105,3921,430.76801,39.21000,0.32728,91.82668,,50.00000,20.00000,1.00591,1
105,3922,430.86899,39.22000,0.32742,91.82394,,50.00000,20.00000,1.00579,1
105,3923,430.96799,39.23000,0.32756,91.82120,,50.00000,20.00000,1.00567,1
105,3924,431.06900,39.24000,0.32740,91.81983,,50.00000,20.00000,1.00556,1
105,3925,431.16800,39.25000,0.32713,91.81841,,50.00000,20.00000,1.00544,1
105,3926,431.26001,39.26000,0.32727,91.81835,,50.00000,20.00000,1.00533,1
105,3927,431.36499,39.27000,0.32731,91.81838,,50.00000,20.00000,1.00521,1
105,3928,431.46201,39.28000,0.32734,91.81705,,50.00000,20.00000,1.00509,1
105,3929,431.55899,39.29000,0.32717,91.81566,,50.00000,20.00000,1.00498,1
105,3930,431.65701,39.30000,0.32711,91.81562,,50.00000,20.00000,1.00486,1
105,3931,431.76599,39.31000,0.32746,91.81424,,50.00000,20.00000,1.00474,1
105,3932,431.86301,39.32000,0.32760,91.81010,,50.00000,20.00000,1.00462,1
105,3933,431.96399,39.33000,0.32754,91.80732,,50.00000,20.00000,1.00450,1
105,3934,432.05200,39.34000,0.32716,91.80463,,50.00000,20.00000,1.00440,1
105,3935,432.15799,39.35000,0.32730,91.80061,,50.00000,20.00000,1.00427,1
105,3936,432.26300,39.36000,0.32755,91.79649,,50.00000,20.00000,1.00415,1
105,3937,432.35199,39.37000,0.32727,91.79236,,50.00000,20.00000,1.00405,1
105,3938,432.45200,39.38000,0.32711,91.78698,,50.00000,20.00000,1.00393,1
105,3939,432.55801,39.39000,0.32643,91.78431,,50.00000,20.00000,1.00380,1
105,3940,432.65500,39.40000,0.32615,91.78159,,50.00000,20.00000,1.00369,1
105,3941,432.74701,39.41000,0.32629,91.78021,,50.00000,20.00000,1.00358,1
105,3942,432.85101,39.42000,0.32633,91.77884,,50.00000,20.00000,1.00346,1
105,3943,432.94400,39.43000,0.32637,91.77606,,50.00000,20.00000,1.00335,1
105,3944,433.05200,39.44000,0.32651,91.77462,,50.00000,20.00000,1.00322,1
105,3945,433.14899,39.45000,0.32696,91.77329,,50.00000,20.00000,1.00310,1
105,3946,433.24799,39.46000,0.32721,91.77194,,50.00000,20.00000,1.00299,1
105,3947,433.34399,39.47000,0.32724,91.76919,,50.00000,20.00000,1.00287,1
105,3948,433.45200,39.48000,0.32728,91.76781,,50.00000,20.00000,1.00275,1
105,3949,433.54999,39.49000,0.32753,91.76643,,50.00000,20.00000,1.00263,1
105,3950,433.65500,39.50000,0.32788,91.76500,,50.00000,20.00000,1.00251,1
105,3951,433.73599,39.51000,0.32801,91.76358,,50.00000,20.00000,1.00241,1
105,3952,433.85101,39.52000,0.32816,91.76226,,50.00000,20.00000,1.00227,1
105,3953,433.94699,39.53000,0.32779,91.76094,,50.00000,20.00000,1.00216,1
105,3954,434.04800,39.54000,0.32803,91.75957,,50.00000,20.00000,1.00204,1
105,3955,434.13699,39.55000,0.32806,91.75685,,50.00000,20.00000,1.00194,1
105,3956,434.23700,39.56000,0.32810,91.75548,,50.00000,20.00000,1.00182,1
105,3957,434.34299,39.57000,0.32845,91.75406,,50.00000,20.00000,1.00169,1
105,3958,434.44000,39.58000,0.32849,91.75128,,50.00000,20.00000,1.00158,1
105,3959,434.53900,39.59000,0.32884,91.74994,,50.00000,20.00000,1.00146,1
105,3960,434.63800,39.60000,0.32836,91.74725,,50.00000,20.00000,1.00134,1
105,3961,434.73901,39.61000,0.32778,91.74582,,50.00000,20.00000,1.00122,1
105,3962,434.83899,39.62000,0.32782,91.74034,,50.00000,20.00000,1.00111,1
105,3963,434.94101,39.63000,0.32807,91.73630,,50.00000,20.00000,1.00098,1
105,3964,435.03201,39.64000,0.32821,91.73092,,50.00000,20.00000,1.00088,1
105,3965,435.13901,39.65000,0.32856,91.72550,,50.00000,20.00000,1.00075,1
105,3966,435.23300,39.66000,0.32890,91.71873,,50.00000,20.00000,1.00064,1
105,3967,435.32999,39.67000,0.32873,91.71331,,50.00000,20.00000,1.00052,1
105,3968,435.43201,39.68000,0.32857,91.71056,,50.00000,20.00000,1.00040,1
105,3969,435.53000,39.69000,0.32819,91.70646,,50.00000,20.00000,1.00029,1
105,3970,435.62500,39.70000,0.32802,91.70515,,50.00000,20.00000,1.00017,1
105,3971,435.72501,39.71000,0.32848,91.70383,,50.00000,20.00000,1.00005,1
105,3972,435.81799,39.72000,0.32882,91.70246,,50.00000,20.00000,0.99994,1
105,3973,435.92599,39.73000,0.32866,91.70244,,50.00000,20.00000,0.99982,1
105,3974,436.02100,39.74000,0.32849,91.70105,,50.00000,20.00000,0.99970,1
105,3975,436.12399,39.75000,0.32894,91.69961,,50.00000,20.00000,0.99958,1
105,3976,436.21899,39.76000,0.32908,91.69817,,50.00000,20.00000,0.99947,1
105,3977,436.32199,39.77000,0.32974,91.69682,,50.00000,20.00000,0.99934,1
105,3978,436.42899,39.78000,0.32968,91.69412,,50.00000,20.00000,0.99922,1
105,3979,436.52200,39.79000,0.32972,91.69274,,50.00000,20.00000,0.99911,1
105,3980,436.63101,39.80000,0.32976,91.69003,,50.00000,20.00000,0.99898,1
105,3981,436.71899,39.81000,0.32969,91.68733,,50.00000,20.00000,0.99887,1
105,3982,436.82199,39.82000,0.32984,91.68594,,50.00000,20.00000,0.99875,1
105,3983,436.91199,39.83000,0.32966,91.68320,,50.00000,20.00000,0.99864,1
105,3984,437.01401,39.84000,0.32960,91.68052,,50.00000,20.00000,0.99852,1
105,3985,437.11200,39.85000,0.32974,91.67783,,50.00000,20.00000,0.99840,1
105,3986,437.20801,39.86000,0.32947,91.67639,,50.00000,20.00000,0.99829,1
105,3987,437.31601,39.87000,0.32951,91.67630,,50.00000,20.00000,0.99816,1
105,3988,437.42001,39.88000,0.33028,91.67496,,50.00000,20.00000,0.99804,1
105,3989,437.51700,39.89000,0.33042,91.67363,,50.00000,20.00000,0.99792,1
105,3990,437.61700,39.90000,0.33067,91.67362,,50.00000,20.00000,0.99780,1
105,3991,437.70999,39.91000,0.33050,91.67225,,50.00000,20.00000,0.99769,1
105,3992,437.80899,39.92000,0.33095,91.66953,,50.00000,20.00000,0.99757,1
105,3993,437.91501,39.93000,0.33120,91.66813,,50.00000,20.00000,0.99745,1
105,3994,438.01001,39.94000,0.33103,91.66673,,50.00000,20.00000,0.99733,1
105,3995,438.10699,39.95000,0.33086,91.66541,,50.00000,20.00000,0.99722,1
105,3996,438.20499,39.96000,0.33069,91.66409,,50.00000,20.00000,0.99710,1
105,3997,438.30301,39.97000,0.33073,91.66136,,50.00000,20.00000,0.99698,1
105,3998,438.40302,39.98000,0.33098,91.65998,,50.00000,20.00000,0.99686,1
105,3999,438.50699,39.99000,0.33081,91.65859,,50.00000,20.00000,0.99674,1
105,4000,438.60501,40.00000,0.33147,91.65580,,50.00000,20.00000,0.99662,1
105,4001,438.70599,40.01000,0.33182,91.65436,,50.00000,20.00000,0.99650,1
105,4002,438.80499,40.02000,0.33207,91.65033,,50.00000,20.00000,0.99638,1
105,4003,438.90500,40.03000,0.33211,91.64902,,50.00000,20.00000,0.99627,1
105,4004,439.00699,40.04000,0.33194,91.64632,,50.00000,20.00000,0.99614,1
105,4005,439.10400,40.05000,0.33208,91.64362,,50.00000,20.00000,0.99603,1
105,4006,439.19299,40.06000,0.33222,91.63821,,50.00000,20.00000,0.99592,1
105,4007,439.29199,40.07000,0.33206,91.63409,,50.00000,20.00000,0.99580,1
105,4008,439.39200,40.08000,0.33199,91.62998,,50.00000,20.00000,0.99568,1
105,4009,439.49701,40.09000,0.33203,91.62597,,50.00000,20.00000,0.99556,1
105,4010,439.60300,40.10000,0.33187,91.62059,,50.00000,20.00000,0.99543,1
105,4011,439.68799,40.11000,0.33221,91.61645,,50.00000,20.00000,0.99533,1
105,4012,439.78601,40.12000,0.33246,91.61230,,50.00000,20.00000,0.99521,1
105,4013,439.88599,40.13000,0.33260,91.60824,,50.00000,20.00000,0.99509,1
105,4014,439.99500,40.14000,0.33286,91.60554,,50.00000,20.00000,0.99496,1
105,4015,440.10800,40.15000,0.33280,91.60280,,50.00000,20.00000,0.99483,1
105,4016,440.19800,40.16000,0.33294,91.60142,,50.00000,20.00000,0.99472,1
105,4017,440.29599,40.17000,0.33329,91.60005,,50.00000,20.00000,0.99460,1
105,4018,440.39099,40.18000,0.33333,91.59865,,50.00000,20.00000,0.99449,1
105,4019,440.48700,40.19000,0.33347,91.59726,,50.00000,20.00000,0.99437,1
105,4020,440.59299,40.20000,0.33424,91.59595,,50.00000,20.00000,0.99424,1
105,4021,440.68500,40.21000,0.33396,91.59463,,50.00000,20.00000,0.99413,1
105,4022,440.78601,40.22000,0.33317,91.59326,,50.00000,20.00000,0.99401,1
105,4023,440.89200,40.23000,0.33353,91.59054,,50.00000,20.00000,0.99389,1
105,4024,440.98599,40.24000,0.33357,91.58782,,50.00000,20.00000,0.99377,1
105,4025,441.08099,40.25000,0.33340,91.58504,,50.00000,20.00000,0.99366,1
105,4026,441.18701,40.26000,0.33323,91.58362,,50.00000,20.00000,0.99353,1
105,4027,441.28299,40.27000,0.33358,91.58097,,50.00000,20.00000,0.99342,1
105,4028,441.39001,40.28000,0.33383,91.57830,,50.00000,20.00000,0.99329,1
105,4029,441.47101,40.29000,0.33397,91.57288,,50.00000,20.00000,0.99319,1
105,4030,441.58301,40.30000,0.33401,91.56880,,50.00000,20.00000,0.99306,1
105,4031,441.67801,40.31000,0.33405,91.56337,,50.00000,20.00000,0.99294,1
105,4032,441.77701,40.32000,0.33420,91.55922,,50.00000,20.00000,0.99282,1
105,4033,441.87500,40.33000,0.33444,91.55372,,50.00000,20.00000,0.99270,1
105,4034,441.98199,40.34000,0.33459,91.54832,,50.00000,20.00000,0.99258,1
105,4035,442.08701,40.35000,0.33474,91.54565,,50.00000,20.00000,0.99245,1
105,4036,442.18301,40.36000,0.33509,91.54289,,50.00000,20.00000,0.99233,1
105,4037,442.28201,40.37000,0.33513,91.54013,,50.00000,20.00000,0.99221,1
105,4038,442.36600,40.38000,0.33537,91.53882,,50.00000,20.00000,0.99211,1
105,4039,442.47299,40.39000,0.33521,91.53614,,50.00000,20.00000,0.99198,1
105,4040,442.56601,40.40000,0.33514,91.53341,,50.00000,20.00000,0.99187,1
105,4041,442.67700,40.41000,0.33529,91.53067,,50.00000,20.00000,0.99174,1
105,4042,442.77802,40.42000,0.33544,91.52659,,50.00000,20.00000,0.99162,1
105,4043,442.88000,40.43000,0.33558,91.52382,,50.00000,20.00000,0.99149,1
105,4044,442.97198,40.44000,0.33562,91.52104,,50.00000,20.00000,0.99138,1
105,4045,443.06699,40.45000,0.33545,91.51701,,50.00000,20.00000,0.99127,1
105,4046,443.17001,40.46000,0.33528,91.51569,,50.00000,20.00000,0.99115,1
105,4047,443.26901,40.47000,0.33532,91.51431,,50.00000,20.00000,0.99103,1
105,4048,443.37100,40.48000,0.33526,91.51158,,50.00000,20.00000,0.99090,1
105,4049,443.47198,40.49000,0.33634,91.50885,,50.00000,20.00000,0.99078,1
105,4050,443.57501,40.50000,0.33639,91.50747,,50.00000,20.00000,0.99066,1
105,4051,443.66400,40.51000,0.33632,91.50475,,50.00000,20.00000,0.99055,1
105,4052,443.76901,40.52000,0.33626,91.50204,,50.00000,20.00000,0.99042,1
105,4053,443.87500,40.53000,0.33641,91.50069,,50.00000,20.00000,0.99029,1
105,4054,443.95999,40.54000,0.33613,91.49798,,50.00000,20.00000,0.99019,1
105,4055,444.06601,40.55000,0.33648,91.49529,,50.00000,20.00000,0.99006,1
105,4056,444.16501,40.56000,0.33673,91.48988,,50.00000,20.00000,0.98994,1
105,4057,444.25201,40.57000,0.33698,91.48581,,50.00000,20.00000,0.98984,1
105,4058,444.36301,40.58000,0.33671,91.48311,,50.00000,20.00000,0.98971,1
105,4059,444.45999,40.59000,0.33696,91.47905,,50.00000,20.00000,0.98959,1
105,4060,444.55600,40.60000,0.33689,91.47498,,50.00000,20.00000,0.98947,1
105,4061,444.65601,40.61000,0.33694,91.47226,,50.00000,20.00000,0.98935,1
105,4062,444.75299,40.62000,0.33739,91.46819,,50.00000,20.00000,0.98923,1
105,4063,444.85400,40.63000,0.33764,91.46545,,50.00000,20.00000,0.98911,1
105,4064,444.94901,40.64000,0.33747,91.46271,,50.00000,20.00000,0.98900,1
105,4065,445.05701,40.65000,0.33752,91.45998,,50.00000,20.00000,0.98887,1
105,4066,445.15900,40.66000,0.33777,91.45725,,50.00000,20.00000,0.98874,1
105,4067,445.25400,40.67000,0.33791,91.45452,,50.00000,20.00000,0.98863,1
105,4068,445.35599,40.68000,0.33837,91.45181,,50.00000,20.00000,0.98850,1
105,4069,445.45700,40.69000,0.33821,91.45047,,50.00000,20.00000,0.98838,1
105,4070,445.54501,40.70000,0.33814,91.44777,,50.00000,20.00000,0.98828,1
105,4071,445.64899,40.71000,0.33818,91.44643,,50.00000,20.00000,0.98815,1
105,4072,445.74701,40.72000,0.33822,91.44373,,50.00000,20.00000,0.98803,1
105,4073,445.84399,40.73000,0.33837,91.43967,,50.00000,20.00000,0.98791,1
105,4074,445.94199,40.74000,0.33851,91.43695,,50.00000,20.00000,0.98779,1
105,4075,446.04401,40.75000,0.33803,91.43423,,50.00000,20.00000,0.98767,1
105,4076,446.14001,40.76000,0.33828,91.43150,,50.00000,20.00000,0.98755,1
105,4077,446.23999,40.77000,0.33832,91.42742,,50.00000,20.00000,0.98743,1
105,4078,446.34500,40.78000,0.33721,91.42604,,50.00000,20.00000,0.98731,1
105,4079,446.44299,40.79000,0.33663,91.42331,,50.00000,20.00000,0.98719,1
105,4080,446.54099,40.80000,0.33646,91.42194,,50.00000,20.00000,0.98707,1
105,4081,446.64401,40.81000,0.33640,91.41923,,50.00000,20.00000,0.98694,1
105,4082,446.74100,40.82000,0.33696,91.41653,,50.00000,20.00000,0.98682,1
105,4083,446.84299,40.83000,0.33774,91.41519,,50.00000,20.00000,0.98670,1
105,4084,446.93399,40.84000,0.33788,91.41250,,50.00000,20.00000,0.98659,1
105,4085,447.03000,40.85000,0.33771,91.41114,,50.00000,20.00000,0.98647,1
105,4086,447.12799,40.86000,0.33785,91.40977,,50.00000,20.00000,0.98635,1
105,4087,447.23001,40.87000,0.33800,91.40839,,50.00000,20.00000,0.98623,1
105,4088,447.33401,40.88000,0.33836,91.40566,,50.00000,20.00000,0.98610,1
105,4089,447.43799,40.89000,0.33840,91.40428,,50.00000,20.00000,0.98598,1
105,4090,447.53201,40.90000,0.33834,91.40290,,50.00000,20.00000,0.98586,1
105,4091,447.63800,40.91000,0.33849,91.40019,,50.00000,20.00000,0.98573,1
105,4092,447.72699,40.92000,0.33852,91.39883,,50.00000,20.00000,0.98563,1
105,4093,447.83200,40.93000,0.33899,91.39612,,50.00000,20.00000,0.98550,1
105,4094,447.92899,40.94000,0.33882,91.39341,,50.00000,20.00000,0.98538,1
105,4095,448.02701,40.95000,0.33907,91.39205,,50.00000,20.00000,0.98526,1
105,4096,448.12601,40.96000,0.33890,91.38932,,50.00000,20.00000,0.98514,1
105,4097,448.22501,40.97000,0.33894,91.38660,,50.00000,20.00000,0.98502,1
105,4098,448.32999,40.98000,0.33940,91.38117,,50.00000,20.00000,0.98489,1
105,4099,448.42401,40.99000,0.33944,91.37710,,50.00000,20.00000,0.98478,1
105,4100,448.53101,41.00000,0.33991,91.37303,,50.00000,20.00000,0.98465,1
105,4101,448.62399,41.01000,0.34005,91.36760,,50.00000,20.00000,0.98453,1
105,4102,448.71301,41.02000,0.33998,91.36351,,50.00000,20.00000,0.98443,1
105,4103,448.83200,41.03000,0.34003,91.35809,,50.00000,20.00000,0.98428,1
105,4104,448.92200,41.04000,0.34028,91.35536,,50.00000,20.00000,0.98417,1
105,4105,449.02499,41.05000,0.34043,91.35263,,50.00000,20.00000,0.98405,1
105,4106,449.12299,41.06000,0.34100,91.35127,,50.00000,20.00000,0.98393,1
105,4107,449.22501,41.07000,0.34083,91.34992,,50.00000,20.00000,0.98380,1
105,4108,449.32599,41.08000,0.34119,91.34859,,50.00000,20.00000,0.98368,1
105,4109,449.41699,41.09000,0.34112,91.34860,,50.00000,20.00000,0.98357,1
105,4110,449.51300,41.10000,0.34127,91.34727,,50.00000,20.00000,0.98345,1
105,4111,449.61200,41.11000,0.34173,91.34729,,50.00000,20.00000,0.98333,1
105,4112,449.71399,41.12000,0.34167,91.34729,,50.00000,20.00000,0.98321,1
105,4113,449.80899,41.13000,0.34181,91.34593,,50.00000,20.00000,0.98309,1
105,4114,449.90601,41.14000,0.34196,91.34455,,50.00000,20.00000,0.98297,1
105,4115,450.01099,41.15000,0.34211,91.34317,,50.00000,20.00000,0.98284,1
105,4116,450.11099,41.16000,0.34236,91.34043,,50.00000,20.00000,0.98272,1
105,4117,450.20999,41.17000,0.34272,91.33903,,50.00000,20.00000,0.98260,1
105,4118,450.31699,41.18000,0.34287,91.33765,,50.00000,20.00000,0.98247,1
105,4119,450.41299,41.19000,0.34291,91.33490,,50.00000,20.00000,0.98235,1
105,4120,450.51099,41.20000,0.34327,91.33351,,50.00000,20.00000,0.98223,1
105,4121,450.61499,41.21000,0.34352,91.32808,,50.00000,20.00000,0.98210,1
105,4122,450.71600,41.22000,0.34357,91.32401,,50.00000,20.00000,0.98198,1
105,4123,450.81799,41.23000,0.34382,91.32131,,50.00000,20.00000,0.98186,1
105,4124,450.91400,41.24000,0.34407,91.31726,,50.00000,20.00000,0.98174,1
105,4125,451.00500,41.25000,0.34411,91.31456,,50.00000,20.00000,0.98163,1
105,4126,451.10501,41.26000,0.34384,91.31050,,50.00000,20.00000,0.98150,1
105,4127,451.20801,41.27000,0.34430,91.30780,,50.00000,20.00000,0.98138,1
105,4128,451.30301,41.28000,0.34466,91.30508,,50.00000,20.00000,0.98126,1
105,4129,451.40500,41.29000,0.34502,91.30236,,50.00000,20.00000,0.98114,1
105,4130,451.50800,41.30000,0.34506,91.29965,,50.00000,20.00000,0.98101,1
105,4131,451.60599,41.31000,0.34532,91.29693,,50.00000,20.00000,0.98089,1
105,4132,451.69800,41.32000,0.34514,91.29556,,50.00000,20.00000,0.98078,1
105,4133,451.80399,41.33000,0.34519,91.29286,,50.00000,20.00000,0.98065,1
105,4134,451.90701,41.34000,0.34513,91.29151,,50.00000,20.00000,0.98052,1
105,4135,451.99799,41.35000,0.34527,91.28880,,50.00000,20.00000,0.98041,1
105,4136,452.09799,41.36000,0.34584,91.28609,,50.00000,20.00000,0.98029,1
105,4137,452.20001,41.37000,0.34589,91.28475,,50.00000,20.00000,0.98016,1
105,4138,452.29700,41.38000,0.34625,91.28069,,50.00000,20.00000,0.98004,1
105,4139,452.39700,41.39000,0.34618,91.27798,,50.00000,20.00000,0.97992,1
105,4140,452.48999,41.40000,0.34644,91.27392,,50.00000,20.00000,0.97981,1
105,4141,452.59500,41.41000,0.34648,91.27121,,50.00000,20.00000,0.97968,1
105,4142,452.69501,41.42000,0.34695,91.26849,,50.00000,20.00000,0.97956,1
105,4143,452.78601,41.43000,0.34741,91.26577,,50.00000,20.00000,0.97944,1
105,4144,452.89700,41.44000,0.34703,91.26307,,50.00000,20.00000,0.97931,1
105,4145,452.99399,41.45000,0.34718,91.26036,,50.00000,20.00000,0.97919,1
105,4146,453.08899,41.46000,0.34733,91.25764,,50.00000,20.00000,0.97907,1
105,4147,453.18600,41.47000,0.34727,91.25493,,50.00000,20.00000,0.97895,1
105,4148,453.28699,41.48000,0.34741,91.25221,,50.00000,20.00000,0.97883,1
105,4149,453.38901,41.49000,0.34735,91.24948,,50.00000,20.00000,0.97870,1
105,4150,453.48499,41.50000,0.34729,91.24809,,50.00000,20.00000,0.97858,1
105,4151,453.58801,41.51000,0.34776,91.24536,,50.00000,20.00000,0.97846,1
105,4152,453.69501,41.52000,0.34812,91.24265,,50.00000,20.00000,0.97833,1
105,4153,453.79700,41.53000,0.34817,91.23995,,50.00000,20.00000,0.97820,1
105,4154,453.88599,41.54000,0.34831,91.23861,,50.00000,20.00000,0.97809,1
105,4155,453.98300,41.55000,0.34867,91.23591,,50.00000,20.00000,0.97797,1
105,4156,454.07800,41.56000,0.34850,91.23322,,50.00000,20.00000,0.97786,1
105,4157,454.17899,41.57000,0.34854,91.23051,,50.00000,20.00000,0.97773,1
105,4158,454.28400,41.58000,0.34880,91.22914,,50.00000,20.00000,0.97760,1
105,4159,454.37900,41.59000,0.34874,91.22641,,50.00000,20.00000,0.97748,1
105,4160,454.48401,41.60000,0.34921,91.22367,,50.00000,20.00000,0.97736,1
105,4161,454.57800,41.61000,0.34925,91.22228,,50.00000,20.00000,0.97724,1
105,4162,454.67899,41.62000,0.34940,91.22090,,50.00000,20.00000,0.97712,1
105,4163,454.79099,41.63000,0.34945,91.21954,,50.00000,20.00000,0.97698,1
105,4164,454.89001,41.64000,0.34960,91.21818,,50.00000,20.00000,0.97686,1
105,4165,454.97800,41.65000,0.34985,91.21682,,50.00000,20.00000,0.97675,1
105,4166,455.07999,41.66000,0.34979,91.21547,,50.00000,20.00000,0.97662,1
105,4167,455.17899,41.67000,0.35015,91.21412,,50.00000,20.00000,0.97650,1
105,4168,455.27701,41.68000,0.35040,91.21276,,50.00000,20.00000,0.97638,1
105,4169,455.37500,41.69000,0.35066,91.21005,,50.00000,20.00000,0.97626,1
105,4170,455.48599,41.70000,0.35102,91.20735,,50.00000,20.00000,0.97612,1
105,4171,455.57599,41.71000,0.35128,91.20464,,50.00000,20.00000,0.97601,1
105,4172,455.67499,41.72000,0.35143,91.20194,,50.00000,20.00000,0.97589,1
105,4173,455.77399,41.73000,0.35157,91.20060,,50.00000,20.00000,0.97576,1
105,4174,455.86899,41.74000,0.35215,91.19788,,50.00000,20.00000,0.97565,1
105,4175,455.97000,41.75000,0.35230,91.19246,,50.00000,20.00000,0.97552,1
105,4176,456.07001,41.76000,0.35245,91.18703,,50.00000,20.00000,0.97540,1
105,4177,456.17499,41.77000,0.35302,91.18296,,50.00000,20.00000,0.97527,1
105,4178,456.27701,41.78000,0.35296,91.17754,,50.00000,20.00000,0.97514,1
105,4179,456.37299,41.79000,0.35322,91.17213,,50.00000,20.00000,0.97502,1
105,4180,456.46799,41.80000,0.35326,91.16807,,50.00000,20.00000,0.97491,1
105,4181,456.56601,41.81000,0.35331,91.16400,,50.00000,20.00000,0.97479,1
105,4182,456.65900,41.82000,0.35366,91.16264,,50.00000,20.00000,0.97467,1
105,4183,456.77399,41.83000,0.35393,91.15994,,50.00000,20.00000,0.97453,1
105,4184,456.87299,41.84000,0.35408,91.15993,,50.00000,20.00000,0.97441,1
105,4185,456.96301,41.85000,0.35444,91.15857,,50.00000,20.00000,0.97430,1
105,4186,457.06500,41.86000,0.35469,91.15857,,50.00000,20.00000,0.97417,1
105,4187,457.16699,41.87000,0.35463,91.15722,,50.00000,20.00000,0.97404,1
105,4188,457.26199,41.88000,0.35447,91.15586,,50.00000,20.00000,0.97393,1
105,4189,457.36099,41.89000,0.35451,91.15450,,50.00000,20.00000,0.97380,1
105,4190,457.46600,41.90000,0.35488,91.15314,,50.00000,20.00000,0.97367,1
105,4191,457.56299,41.91000,0.35503,91.15042,,50.00000,20.00000,0.97355,1
105,4192,457.65799,41.92000,0.35549,91.14905,,50.00000,20.00000,0.97343,1
105,4193,457.76401,41.93000,0.35533,91.14632,,50.00000,20.00000,0.97330,1
105,4194,457.86200,41.94000,0.35516,91.14496,,50.00000,20.00000,0.97318,1
105,4195,457.96301,41.95000,0.35531,91.14224,,50.00000,20.00000,0.97306,1
105,4196,458.06500,41.96000,0.35536,91.13955,,50.00000,20.00000,0.97293,1
105,4197,458.16800,41.97000,0.35551,91.13821,,50.00000,20.00000,0.97280,1
105,4198,458.25201,41.98000,0.35555,91.13552,,50.00000,20.00000,0.97270,1
105,4199,458.35501,41.99000,0.35591,91.13418,,50.00000,20.00000,0.97257,1
105,4200,458.45599,42.00000,0.35649,91.13284,,50.00000,20.00000,0.97245,1
105,4201,458.55099,42.01000,0.35643,91.13149,,50.00000,20.00000,0.97233,1
105,4202,458.65601,42.02000,0.35637,91.13150,,50.00000,20.00000,0.97220,1
105,4203,458.75101,42.03000,0.35652,91.13014,,50.00000,20.00000,0.97208,1
105,4204,458.85101,42.04000,0.35688,91.13013,,50.00000,20.00000,0.97196,1
105,4205,458.94800,42.05000,0.35735,91.12877,,50.00000,20.00000,0.97183,1
105,4206,459.05499,42.06000,0.35761,91.12742,,50.00000,20.00000,0.97170,1
105,4207,459.14999,42.07000,0.35745,91.12606,,50.00000,20.00000,0.97158,1
105,4208,459.25101,42.08000,0.35749,91.12470,,50.00000,20.00000,0.97146,1
105,4209,459.34500,42.09000,0.35753,91.12334,,50.00000,20.00000,0.97134,1
105,4210,459.45001,42.10000,0.35780,91.12200,,50.00000,20.00000,0.97121,1
105,4211,459.55399,42.11000,0.35816,91.12066,,50.00000,20.00000,0.97108,1
105,4212,459.64099,42.12000,0.35831,91.11931,,50.00000,20.00000,0.97097,1
105,4213,459.74500,42.13000,0.35836,91.11795,,50.00000,20.00000,0.97084,1
105,4214,459.83801,42.14000,0.35904,91.11524,,50.00000,20.00000,0.97073,1
105,4215,459.94501,42.15000,0.35919,91.11387,,50.00000,20.00000,0.97060,1
105,4216,460.04599,42.16000,0.35924,91.11251,,50.00000,20.00000,0.97047,1
105,4217,460.15100,42.17000,0.35907,91.11115,,50.00000,20.00000,0.97034,1
105,4218,460.23700,42.18000,0.35922,91.10978,,50.00000,20.00000,0.97023,1
105,4219,460.34000,42.19000,0.35948,91.10708,,50.00000,20.00000,0.97010,1
105,4220,460.45499,42.20000,0.36028,91.10574,,50.00000,20.00000,0.96996,1
105,4221,460.53601,42.21000,0.36053,91.10302,,50.00000,20.00000,0.96986,1
105,4222,460.63400,42.22000,0.36026,91.10167,,50.00000,20.00000,0.96974,1
105,4223,460.74301,42.23000,0.36063,91.09897,,50.00000,20.00000,0.96960,1
105,4224,460.84100,42.24000,0.36163,91.09492,,50.00000,20.00000,0.96948,1
105,4225,460.94101,42.25000,0.36200,91.09086,,50.00000,20.00000,0.96936,1
105,4226,461.03500,42.26000,0.36183,91.08678,,50.00000,20.00000,0.96924,1
105,4227,461.13199,42.27000,0.36176,91.08270,,50.00000,20.00000,0.96912,1
105,4228,461.23499,42.28000,0.36213,91.07997,,50.00000,20.00000,0.96899,1
105,4229,461.33801,42.29000,0.36303,91.07589,,50.00000,20.00000,0.96886,1
105,4230,461.44400,42.30000,0.36287,91.07452,,50.00000,20.00000,0.96873,1
105,4231,461.54599,42.31000,0.36238,91.07180,,50.00000,20.00000,0.96860,1
105,4232,461.63501,42.32000,0.36243,91.07044,,50.00000,20.00000,0.96849,1
105,4233,461.73700,42.33000,0.36290,91.06774,,50.00000,20.00000,0.96836,1
105,4234,461.83600,42.34000,0.36348,91.06640,,50.00000,20.00000,0.96824,1
105,4235,461.94101,42.35000,0.36353,91.06371,,50.00000,20.00000,0.96811,1
105,4236,462.03699,42.36000,0.36347,91.06237,,50.00000,20.00000,0.96799,1
105,4237,462.12799,42.37000,0.36383,91.05968,,50.00000,20.00000,0.96788,1
105,4238,462.23499,42.38000,0.36431,91.05700,,50.00000,20.00000,0.96774,1
105,4239,462.33099,42.39000,0.36435,91.05430,,50.00000,20.00000,0.96762,1
105,4240,462.41901,42.40000,0.36429,91.05158,,50.00000,20.00000,0.96751,1
105,4241,462.52802,42.41000,0.36444,91.04887,,50.00000,20.00000,0.96738,1
105,4242,462.63300,42.42000,0.36460,91.04614,,50.00000,20.00000,0.96724,1
105,4243,462.72601,42.43000,0.36507,91.04475,,50.00000,20.00000,0.96713,1
105,4244,462.83200,42.44000,0.36534,91.04337,,50.00000,20.00000,0.96700,1
105,4245,462.93701,42.45000,0.36560,91.04064,,50.00000,20.00000,0.96686,1
105,4246,463.03000,42.46000,0.36596,91.03928,,50.00000,20.00000,0.96675,1
105,4247,463.13501,42.47000,0.36633,91.03657,,50.00000,20.00000,0.96662,1
105,4248,463.23099,42.48000,0.36617,91.03521,,50.00000,20.00000,0.96650,1
105,4249,463.33200,42.49000,0.36632,91.03385,,50.00000,20.00000,0.96637,1
105,4250,463.42300,42.50000,0.36636,91.03113,,50.00000,20.00000,0.96626,1
105,4251,463.53400,42.51000,0.36610,91.02978,,50.00000,20.00000,0.96612,1
105,4252,463.63800,42.52000,0.36679,91.02843,,50.00000,20.00000,0.96599,1
105,4253,463.72501,42.53000,0.36736,91.02572,,50.00000,20.00000,0.96588,1
105,4254,463.82800,42.54000,0.36773,91.02437,,50.00000,20.00000,0.96575,1
105,4255,463.92499,42.55000,0.36778,91.02167,,50.00000,20.00000,0.96563,1
105,4256,464.03799,42.56000,0.36762,91.02033,,50.00000,20.00000,0.96549,1
105,4257,464.12100,42.57000,0.36766,91.01898,,50.00000,20.00000,0.96538,1
105,4258,464.22198,42.58000,0.36803,91.01764,,50.00000,20.00000,0.96526,1
105,4259,464.33099,42.59000,0.36829,91.01629,,50.00000,20.00000,0.96512,1
105,4260,464.41400,42.60000,0.36855,91.01629,,50.00000,20.00000,0.96502,1
105,4261,464.52701,42.61000,0.36881,91.01630,,50.00000,20.00000,0.96487,1
105,4262,464.62701,42.62000,0.36897,91.01495,,50.00000,20.00000,0.96475,1
105,4263,464.71799,42.63000,0.36944,91.01496,,50.00000,20.00000,0.96463,1
105,4264,464.82101,42.64000,0.36949,91.01362,,50.00000,20.00000,0.96451,1
105,4265,464.92300,42.65000,0.36975,91.01364,,50.00000,20.00000,0.96438,1
105,4266,465.01801,42.66000,0.37012,91.01230,,50.00000,20.00000,0.96426,1
105,4267,465.11200,42.67000,0.37038,91.01096,,50.00000,20.00000,0.96414,1
105,4268,465.21301,42.68000,0.37086,91.00961,,50.00000,20.00000,0.96401,1
105,4269,465.31601,42.69000,0.37091,91.00962,,50.00000,20.00000,0.96388,1
105,4270,465.41800,42.70000,0.37117,91.00828,,50.00000,20.00000,0.96376,1
105,4271,465.51300,42.71000,0.37143,91.00559,,50.00000,20.00000,0.96364,1
105,4272,465.61301,42.72000,0.37180,91.00155,,50.00000,20.00000,0.96351,1
105,4273,465.71100,42.73000,0.37196,90.99886,,50.00000,20.00000,0.96339,1
105,4274,465.80600,42.74000,0.37222,90.99480,,50.00000,20.00000,0.96327,1
105,4275,465.90201,42.75000,0.37258,90.99210,,50.00000,20.00000,0.96315,1
105,4276,466.01001,42.76000,0.37264,90.98804,,50.00000,20.00000,0.96301,1
105,4277,466.11301,42.77000,0.37279,90.98533,,50.00000,20.00000,0.96288,1
105,4278,466.20200,42.78000,0.37316,90.98261,,50.00000,20.00000,0.96277,1
105,4279,466.30399,42.79000,0.37375,90.97989,,50.00000,20.00000,0.96264,1
105,4280,466.41000,42.80000,0.37455,90.97719,,50.00000,20.00000,0.96251,1
105,4281,466.51599,42.81000,0.37439,90.97448,,50.00000,20.00000,0.96238,1
105,4282,466.60101,42.82000,0.37432,90.97177,,50.00000,20.00000,0.96227,1
105,4283,466.70499,42.83000,0.37448,90.97041,,50.00000,20.00000,0.96214,1
105,4284,466.80301,42.84000,0.37496,90.96906,,50.00000,20.00000,0.96201,1
105,4285,466.90799,42.85000,0.37533,90.96905,,50.00000,20.00000,0.96188,1
105,4286,467.00500,42.86000,0.37548,90.96770,,50.00000,20.00000,0.96176,1
105,4287,467.10999,42.87000,0.37543,90.96637,,50.00000,20.00000,0.96163,1
105,4288,467.20801,42.88000,0.37591,90.96504,,50.00000,20.00000,0.96151,1
105,4289,467.29800,42.89000,0.37638,90.96371,,50.00000,20.00000,0.96139,1
105,4290,467.39899,42.90000,0.37643,90.96238,,50.00000,20.00000,0.96126,1
105,4291,467.49899,42.91000,0.37691,90.95970,,50.00000,20.00000,0.96114,1
105,4292,467.59201,42.92000,0.37685,90.95837,,50.00000,20.00000,0.96102,1
105,4293,467.69901,42.93000,0.37669,90.95704,,50.00000,20.00000,0.96089,1
105,4294,467.79401,42.94000,0.37684,90.95434,,50.00000,20.00000,0.96077,1
105,4295,467.88901,42.95000,0.37699,90.95300,,50.00000,20.00000,0.96065,1
105,4296,467.99100,42.96000,0.37758,90.95030,,50.00000,20.00000,0.96052,1
105,4297,468.09698,42.97000,0.37785,90.94897,,50.00000,20.00000,0.96038,1
105,4298,468.18900,42.98000,0.37822,90.94762,,50.00000,20.00000,0.96027,1
105,4299,468.28900,42.99000,0.37838,90.94493,,50.00000,20.00000,0.96014,1
105,4300,468.38599,43.00000,0.37864,90.94359,,50.00000,20.00000,0.96002,1
105,4301,468.48901,43.01000,0.37880,90.94225,,50.00000,20.00000,0.95989,1
105,4302,468.58801,43.02000,0.37917,90.94227,,50.00000,20.00000,0.95977,1
105,4303,468.68201,43.03000,0.37954,90.94092,,50.00000,20.00000,0.95965,1
105,4304,468.78201,43.04000,0.37970,90.93957,,50.00000,20.00000,0.95952,1
105,4305,468.88199,43.05000,0.38018,90.93822,,50.00000,20.00000,0.95939,1
105,4306,468.99399,43.06000,0.38034,90.93551,,50.00000,20.00000,0.95925,1
105,4307,469.07401,43.07000,0.38070,90.93414,,50.00000,20.00000,0.95915,1
105,4308,469.17999,43.08000,0.38119,90.93278,,50.00000,20.00000,0.95902,1
105,4309,469.28601,43.09000,0.38167,90.93144,,50.00000,20.00000,0.95888,1
105,4310,469.39401,43.10000,0.38151,90.93011,,50.00000,20.00000,0.95875,1
105,4311,469.48401,43.11000,0.38156,90.92743,,50.00000,20.00000,0.95863,1
105,4312,469.57800,43.12000,0.38193,90.92611,,50.00000,20.00000,0.95851,1
105,4313,469.67300,43.13000,0.38230,90.92209,,50.00000,20.00000,0.95839,1
105,4314,469.77200,43.14000,0.38267,90.91806,,50.00000,20.00000,0.95827,1
105,4315,469.87100,43.15000,0.38305,90.91537,,50.00000,20.00000,0.95814,1
105,4316,469.97501,43.16000,0.38331,90.91267,,50.00000,20.00000,0.95801,1
105,4317,470.07001,43.17000,0.38358,90.90996,,50.00000,20.00000,0.95789,1
105,4318,470.16901,43.18000,0.38395,90.90588,,50.00000,20.00000,0.95777,1
105,4319,470.27301,43.19000,0.38443,90.90181,,50.00000,20.00000,0.95764,1
105,4320,470.37399,43.20000,0.38438,90.89909,,50.00000,20.00000,0.95751,1
105,4321,470.47299,43.21000,0.38464,90.89501,,50.00000,20.00000,0.95738,1
105,4322,470.57501,43.22000,0.38480,90.89230,,50.00000,20.00000,0.95725,1
105,4323,470.67300,43.23000,0.38485,90.88959,,50.00000,20.00000,0.95713,1
105,4324,470.77701,43.24000,0.38545,90.88689,,50.00000,20.00000,0.95700,1
105,4325,470.87500,43.25000,0.38582,90.88420,,50.00000,20.00000,0.95687,1
105,4326,470.97400,43.26000,0.38630,90.88151,,50.00000,20.00000,0.95675,1
105,4327,471.06299,43.27000,0.38689,90.87881,,50.00000,20.00000,0.95664,1
105,4328,471.16901,43.28000,0.38683,90.87612,,50.00000,20.00000,0.95650,1
105,4329,471.26999,43.29000,0.38678,90.87344,,50.00000,20.00000,0.95637,1
105,4330,471.37399,43.30000,0.38694,90.87075,,50.00000,20.00000,0.95624,1
105,4331,471.46301,43.31000,0.38720,90.86805,,50.00000,20.00000,0.95613,1
105,4332,471.56500,43.32000,0.38715,90.86536,,50.00000,20.00000,0.95600,1
105,4333,471.66299,43.33000,0.38806,90.86267,,50.00000,20.00000,0.95587,1
105,4334,471.76199,43.34000,0.38833,90.85861,,50.00000,20.00000,0.95575,1
105,4335,471.86401,43.35000,0.38838,90.85590,,50.00000,20.00000,0.95562,1
105,4336,471.96399,43.36000,0.38876,90.85182,,50.00000,20.00000,0.95549,1
105,4337,472.05801,43.37000,0.38913,90.84773,,50.00000,20.00000,0.95537,1
105,4338,472.16699,43.38000,0.38929,90.84501,,50.00000,20.00000,0.95523,1
105,4339,472.26901,43.39000,0.38978,90.84230,,50.00000,20.00000,0.95511,1
105,4340,472.37500,43.40000,0.39005,90.83960,,50.00000,20.00000,0.95497,1
105,4341,472.47000,43.41000,0.39064,90.83826,,50.00000,20.00000,0.95485,1
105,4342,472.56000,43.42000,0.39090,90.83558,,50.00000,20.00000,0.95474,1
105,4343,472.65799,43.43000,0.39106,90.83154,,50.00000,20.00000,0.95461,1
105,4344,472.75800,43.44000,0.39111,90.82615,,50.00000,20.00000,0.95448,1
105,4345,472.87000,43.45000,0.39128,90.82075,,50.00000,20.00000,0.95434,1
105,4346,472.95300,43.46000,0.39262,90.81534,,50.00000,20.00000,0.95424,1
105,4347,473.05899,43.47000,0.39289,90.81129,,50.00000,20.00000,0.95410,1
105,4348,473.16199,43.48000,0.39295,90.80588,,50.00000,20.00000,0.95397,1
105,4349,473.25500,43.49000,0.39332,90.80182,,50.00000,20.00000,0.95385,1
105,4350,473.36200,43.50000,0.39327,90.79911,,50.00000,20.00000,0.95372,1
105,4351,473.45300,43.51000,0.39353,90.79640,,50.00000,20.00000,0.95360,1
105,4352,473.56201,43.52000,0.39370,90.79505,,50.00000,20.00000,0.95346,1
105,4353,473.66101,43.53000,0.39397,90.79370,,50.00000,20.00000,0.95334,1
105,4354,473.76001,43.54000,0.39489,90.79371,,50.00000,20.00000,0.95321,1
105,4355,473.85101,43.55000,0.39493,90.79237,,50.00000,20.00000,0.95309,1
105,4356,473.96100,43.56000,0.39521,90.79106,,50.00000,20.00000,0.95295,1
105,4357,474.05600,43.57000,0.39548,90.78974,,50.00000,20.00000,0.95283,1
105,4358,474.15799,43.58000,0.39564,90.78843,,50.00000,20.00000,0.95270,1
105,4359,474.24100,43.59000,0.39579,90.78574,,50.00000,20.00000,0.95260,1
105,4360,474.34500,43.60000,0.39585,90.78441,,50.00000,20.00000,0.95247,1
105,4361,474.44400,43.61000,0.39633,90.78171,,50.00000,20.00000,0.95234,1
105,4362,474.54999,43.62000,0.39704,90.77900,,50.00000,20.00000,0.95220,1
105,4363,474.65100,43.63000,0.39720,90.77764,,50.00000,20.00000,0.95208,1
105,4364,474.74399,43.64000,0.39747,90.77492,,50.00000,20.00000,0.95196,1
105,4365,474.85101,43.65000,0.39720,90.77221,,50.00000,20.00000,0.95182,1
105,4366,474.95001,43.66000,0.39812,90.77086,,50.00000,20.00000,0.95169,1
105,4367,475.04800,43.67000,0.39861,90.76815,,50.00000,20.00000,0.95157,1
105,4368,475.15100,43.68000,0.39888,90.76816,,50.00000,20.00000,0.95144,1
105,4369,475.24701,43.69000,0.39904,90.76682,,50.00000,20.00000,0.95132,1
105,4370,475.34900,43.70000,0.39909,90.76684,,50.00000,20.00000,0.95119,1
105,4371,475.44699,43.71000,0.39893,90.76549,,50.00000,20.00000,0.95106,1
105,4372,475.54199,43.72000,0.39909,90.76549,,50.00000,20.00000,0.95094,1
105,4373,475.63901,43.73000,0.39936,90.76550,,50.00000,20.00000,0.95081,1
105,4374,475.75299,43.74000,0.39942,90.76551,,50.00000,20.00000,0.95067,1
105,4375,475.85001,43.75000,0.39990,90.76552,,50.00000,20.00000,0.95055,1
105,4376,475.94101,43.76000,0.40050,90.76552,,50.00000,20.00000,0.95043,1
105,4377,476.04401,43.77000,0.40088,90.76554,,50.00000,20.00000,0.95030,1
105,4378,476.14200,43.78000,0.40137,90.76555,,50.00000,20.00000,0.95017,1
105,4379,476.24301,43.79000,0.40207,90.76556,,50.00000,20.00000,0.95004,1
105,4380,476.34201,43.80000,0.40202,90.76557,,50.00000,20.00000,0.94992,1
105,4381,476.44800,43.81000,0.40218,90.76559,,50.00000,20.00000,0.94978,1
105,4382,476.53601,43.82000,0.40223,90.76560,,50.00000,20.00000,0.94967,1
105,4383,476.64401,43.83000,0.40305,90.76562,,50.00000,20.00000,0.94953,1
105,4384,476.73801,43.84000,0.40321,90.76429,,50.00000,20.00000,0.94941,1
105,4385,476.83801,43.85000,0.40370,90.76432,,50.00000,20.00000,0.94928,1
105,4386,476.94000,43.86000,0.40376,90.76299,,50.00000,20.00000,0.94915,1
105,4387,477.03299,43.87000,0.40391,90.76165,,50.00000,20.00000,0.94903,1
105,4388,477.13300,43.88000,0.40451,90.76166,,50.00000,20.00000,0.94891,1
105,4389,477.23199,43.89000,0.40511,90.76032,,50.00000,20.00000,0.94878,1
105,4390,477.33600,43.90000,0.40560,90.75897,,50.00000,20.00000,0.94865,1
105,4391,477.43500,43.91000,0.40577,90.75898,,50.00000,20.00000,0.94852,1
105,4392,477.53500,43.92000,0.40560,90.75764,,50.00000,20.00000,0.94839,1
105,4393,477.63599,43.93000,0.40566,90.75359,,50.00000,20.00000,0.94826,1
105,4394,477.73199,43.94000,0.40593,90.74819,,50.00000,20.00000,0.94814,1
105,4395,477.82901,43.95000,0.40631,90.74413,,50.00000,20.00000,0.94801,1
105,4396,477.92700,43.96000,0.40636,90.74008,,50.00000,20.00000,0.94789,1
105,4397,478.03799,43.97000,0.40664,90.73739,,50.00000,20.00000,0.94775,1
105,4398,478.13000,43.98000,0.40680,90.73063,,50.00000,20.00000,0.94763,1
105,4399,478.23401,43.99000,0.40697,90.72657,,50.00000,20.00000,0.94750,1
105,4400,478.32501,44.00000,0.40778,90.72251,,50.00000,20.00000,0.94738,1
105,4401,478.42899,44.01000,0.40849,90.71845,,50.00000,20.00000,0.94725,1
105,4402,478.53500,44.02000,0.40877,90.71440,,50.00000,20.00000,0.94711,1
105,4403,478.63300,44.03000,0.40882,90.71169,,50.00000,20.00000,0.94698,1
105,4404,478.72699,44.04000,0.40877,90.70762,,50.00000,20.00000,0.94686,1
105,4405,478.82999,44.05000,0.40904,90.70492,,50.00000,20.00000,0.94673,1
105,4406,478.93799,44.06000,0.40954,90.70223,,50.00000,20.00000,0.94659,1
105,4407,479.03500,44.07000,0.40970,90.69954,,50.00000,20.00000,0.94647,1
105,4408,479.12701,44.08000,0.41041,90.69684,,50.00000,20.00000,0.94635,1
105,4409,479.22400,44.09000,0.41112,90.69416,,50.00000,20.00000,0.94623,1
105,4410,479.33401,44.10000,0.41150,90.69147,,50.00000,20.00000,0.94609,1
105,4411,479.42401,44.11000,0.41134,90.69014,,50.00000,20.00000,0.94597,1
105,4412,479.52899,44.12000,0.41150,90.68745,,50.00000,20.00000,0.94583,1
105,4413,479.62701,44.13000,0.41156,90.68341,,50.00000,20.00000,0.94571,1
105,4414,479.72400,44.14000,0.41161,90.68072,,50.00000,20.00000,0.94558,1
105,4415,479.82599,44.15000,0.41200,90.67668,,50.00000,20.00000,0.94545,1
105,4416,479.91901,44.16000,0.41205,90.67397,,50.00000,20.00000,0.94533,1
105,4417,480.01999,44.17000,0.41232,90.67127,,50.00000,20.00000,0.94520,1
105,4418,480.13000,44.18000,0.41271,90.66858,,50.00000,20.00000,0.94506,1
105,4419,480.22400,44.19000,0.41299,90.66724,,50.00000,20.00000,0.94494,1
105,4420,480.32800,44.20000,0.41326,90.66591,,50.00000,20.00000,0.94481,1
105,4421,480.41800,44.21000,0.41364,90.66593,,50.00000,20.00000,0.94469,1
105,4422,480.51901,44.22000,0.41403,90.66460,,50.00000,20.00000,0.94456,1
105,4423,480.61700,44.23000,0.41419,90.66327,,50.00000,20.00000,0.94444,1
105,4424,480.72400,44.24000,0.41436,90.66059,,50.00000,20.00000,0.94430,1
105,4425,480.82001,44.25000,0.41463,90.65925,,50.00000,20.00000,0.94418,1
105,4426,480.91400,44.26000,0.41458,90.65790,,50.00000,20.00000,0.94405,1
105,4427,481.01401,44.27000,0.41573,90.65657,,50.00000,20.00000,0.94393,1
105,4428,481.12000,44.28000,0.41568,90.65523,,50.00000,20.00000,0.94379,1
105,4429,481.21600,44.29000,0.41617,90.65254,,50.00000,20.00000,0.94367,1
105,4430,481.31799,44.30000,0.41645,90.65120,,50.00000,20.00000,0.94353,1
105,4431,481.41599,44.31000,0.41672,90.64987,,50.00000,20.00000,0.94341,1
105,4432,481.51199,44.32000,0.41689,90.64853,,50.00000,20.00000,0.94328,1
105,4433,481.61401,44.33000,0.41716,90.64719,,50.00000,20.00000,0.94315,1
105,4434,481.70999,44.34000,0.41722,90.64450,,50.00000,20.00000,0.94303,1
105,4435,481.81400,44.35000,0.41761,90.64316,,50.00000,20.00000,0.94290,1
105,4436,481.91599,44.36000,0.41777,90.63776,,50.00000,20.00000,0.94276,1
105,4437,482.01001,44.37000,0.41772,90.63508,,50.00000,20.00000,0.94264,1
105,4438,482.11301,44.38000,0.41821,90.63105,,50.00000,20.00000,0.94251,1
105,4439,482.21301,44.39000,0.41816,90.62702,,50.00000,20.00000,0.94238,1
105,4440,482.30701,44.40000,0.41822,90.62299,,50.00000,20.00000,0.94226,1
105,4441,482.40100,44.41000,0.41882,90.61894,,50.00000,20.00000,0.94214,1
105,4442,482.50299,44.42000,0.41888,90.61489,,50.00000,20.00000,0.94201,1
105,4443,482.60999,44.43000,0.41894,90.61219,,50.00000,20.00000,0.94187,1
105,4444,482.70700,44.44000,0.41954,90.60948,,50.00000,20.00000,0.94174,1
105,4445,482.81100,44.45000,0.41993,90.60812,,50.00000,20.00000,0.94161,1
105,4446,482.90601,44.46000,0.41977,90.60678,,50.00000,20.00000,0.94149,1
105,4447,483.01001,44.47000,0.42005,90.60544,,50.00000,20.00000,0.94135,1
105,4448,483.10999,44.48000,0.42032,90.60410,,50.00000,20.00000,0.94122,1
105,4449,483.20499,44.49000,0.42082,90.60412,,50.00000,20.00000,0.94110,1
105,4450,483.30600,44.50000,0.42076,90.60277,,50.00000,20.00000,0.94097,1
105,4451,483.40201,44.51000,0.42104,90.60008,,50.00000,20.00000,0.94085,1
105,4452,483.50800,44.52000,0.42165,90.59874,,50.00000,20.00000,0.94071,1
105,4453,483.60999,44.53000,0.42204,90.59741,,50.00000,20.00000,0.94058,1
105,4454,483.70700,44.54000,0.42187,90.59473,,50.00000,20.00000,0.94045,1
105,4455,483.80499,44.55000,0.42182,90.59206,,50.00000,20.00000,0.94033,1
105,4456,483.89600,44.56000,0.42209,90.59073,,50.00000,20.00000,0.94021,1
105,4457,484.00201,44.57000,0.42205,90.58805,,50.00000,20.00000,0.94007,1
105,4458,484.10001,44.58000,0.42188,90.58536,,50.00000,20.00000,0.93995,1
105,4459,484.19400,44.59000,0.42194,90.58266,,50.00000,20.00000,0.93982,1
105,4460,484.30600,44.60000,0.42233,90.57997,,50.00000,20.00000,0.93968,1
105,4461,484.40399,44.61000,0.42272,90.57592,,50.00000,20.00000,0.93955,1
105,4462,484.49600,44.62000,0.42277,90.57322,,50.00000,20.00000,0.93943,1
105,4463,484.59799,44.63000,0.42316,90.57052,,50.00000,20.00000,0.93930,1
105,4464,484.69501,44.64000,0.42322,90.56782,,50.00000,20.00000,0.93918,1
105,4465,484.80399,44.65000,0.42350,90.56511,,50.00000,20.00000,0.93903,1
105,4466,484.89999,44.66000,0.42389,90.56240,,50.00000,20.00000,0.93891,1
105,4467,485.00101,44.67000,0.42439,90.55970,,50.00000,20.00000,0.93878,1
105,4468,485.10400,44.68000,0.42412,90.55701,,50.00000,20.00000,0.93865,1
105,4469,485.20401,44.69000,0.42385,90.55568,,50.00000,20.00000,0.93852,1
105,4470,485.30399,44.70000,0.42423,90.55435,,50.00000,20.00000,0.93839,1
105,4471,485.39301,44.71000,0.42418,90.55301,,50.00000,20.00000,0.93827,1
105,4472,485.49399,44.72000,0.42457,90.55167,,50.00000,20.00000,0.93814,1
105,4473,485.59900,44.73000,0.42518,90.55168,,50.00000,20.00000,0.93801,1
105,4474,485.70499,44.74000,0.42557,90.55034,,50.00000,20.00000,0.93787,1
105,4475,485.79700,44.75000,0.42562,90.55035,,50.00000,20.00000,0.93775,1
105,4476,485.90100,44.76000,0.42602,90.55038,,50.00000,20.00000,0.93761,1
105,4477,485.99701,44.77000,0.42596,90.55042,,50.00000,20.00000,0.93749,1
105,4478,486.10001,44.78000,0.42602,90.55045,,50.00000,20.00000,0.93736,1
105,4479,486.19000,44.79000,0.42608,90.54914,,50.00000,20.00000,0.93724,1
105,4480,486.29300,44.80000,0.42625,90.54784,,50.00000,20.00000,0.93711,1
105,4481,486.39301,44.81000,0.42631,90.54654,,50.00000,20.00000,0.93698,1
105,4482,486.49100,44.82000,0.42647,90.54658,,50.00000,20.00000,0.93685,1
105,4483,486.57901,44.83000,0.42697,90.54390,,50.00000,20.00000,0.93673,1
105,4484,486.68399,44.84000,0.42725,90.53851,,50.00000,20.00000,0.93660,1
105,4485,486.78799,44.85000,0.42764,90.53583,,50.00000,20.00000,0.93646,1
105,4486,486.88400,44.86000,0.42737,90.53177,,50.00000,20.00000,0.93634,1
105,4487,486.98099,44.87000,0.42765,90.52907,,50.00000,20.00000,0.93621,1
105,4488,487.08899,44.88000,0.42793,90.52637,,50.00000,20.00000,0.93607,1
105,4489,487.18701,44.89000,0.42810,90.52368,,50.00000,20.00000,0.93595,1
105,4490,487.28900,44.90000,0.42882,90.52098,,50.00000,20.00000,0.93581,1
105,4491,487.38101,44.91000,0.42866,90.51964,,50.00000,20.00000,0.93569,1
105,4492,487.48499,44.92000,0.42916,90.51695,,50.00000,20.00000,0.93556,1
105,4493,487.58801,44.93000,0.42900,90.51563,,50.00000,20.00000,0.93543,1
105,4494,487.68701,44.94000,0.42895,90.51295,,50.00000,20.00000,0.93530,1
105,4495,487.78299,44.95000,0.42901,90.51163,,50.00000,20.00000,0.93517,1
105,4496,487.87900,44.96000,0.42906,90.50895,,50.00000,20.00000,0.93505,1
105,4497,487.97699,44.97000,0.42923,90.50762,,50.00000,20.00000,0.93492,1
105,4498,488.07901,44.98000,0.42940,90.50628,,50.00000,20.00000,0.93479,1
105,4499,488.18100,44.99000,0.42969,90.50494,,50.00000,20.00000,0.93465,1
105,4500,488.28201,45.00000,0.42986,90.50223,,50.00000,20.00000,0.93452,1
105,4501,488.37900,45.01000,0.43013,90.50088,,50.00000,20.00000,0.93440,1
105,4502,488.48300,45.02000,0.43020,90.49955,,50.00000,20.00000,0.93426,1
105,4503,488.58401,45.03000,0.43004,90.49822,,50.00000,20.00000,0.93413,1
105,4504,488.68201,45.04000,0.42965,90.49554,,50.00000,20.00000,0.93400,1
105,4505,488.78101,45.05000,0.43015,90.49422,,50.00000,20.00000,0.93387,1
105,4506,488.87701,45.06000,0.43054,90.49289,,50.00000,20.00000,0.93375,1
105,4507,488.96899,45.07000,0.43049,90.49156,,50.00000,20.00000,0.93363,1
105,4508,489.08099,45.08000,0.43078,90.49024,,50.00000,20.00000,0.93348,1
105,4509,489.17801,45.09000,0.43117,90.49028,,50.00000,20.00000,0.93336,1
105,4510,489.28000,45.10000,0.43123,90.48895,,50.00000,20.00000,0.93322,1
105,4511,489.36401,45.11000,0.43139,90.48762,,50.00000,20.00000,0.93311,1
105,4512,489.47800,45.12000,0.43168,90.48630,,50.00000,20.00000,0.93297,1
105,4513,489.57401,45.13000,0.43174,90.48497,,50.00000,20.00000,0.93284,1
105,4514,489.66699,45.14000,0.43190,90.48227,,50.00000,20.00000,0.93272,1
105,4515,489.76700,45.15000,0.43163,90.48093,,50.00000,20.00000,0.93259,1
105,4516,489.87601,45.16000,0.43148,90.47960,,50.00000,20.00000,0.93245,1
105,4517,489.97299,45.17000,0.43198,90.47962,,50.00000,20.00000,0.93232,1
105,4518,490.07800,45.18000,0.43226,90.47830,,50.00000,20.00000,0.93218,1
105,4519,490.17001,45.19000,0.43232,90.47697,,50.00000,20.00000,0.93206,1
105,4520,490.26300,45.20000,0.43260,90.47565,,50.00000,20.00000,0.93194,1
105,4521,490.36700,45.21000,0.43266,90.47570,,50.00000,20.00000,0.93181,1
105,4522,490.47198,45.22000,0.43261,90.47439,,50.00000,20.00000,0.93167,1
105,4523,490.56699,45.23000,0.43278,90.47307,,50.00000,20.00000,0.93155,1
105,4524,490.65701,45.24000,0.43261,90.47174,,50.00000,20.00000,0.93143,1
105,4525,490.76300,45.25000,0.43246,90.47042,,50.00000,20.00000,0.93129,1
105,4526,490.85999,45.26000,0.43274,90.46909,,50.00000,20.00000,0.93116,1
105,4527,490.96600,45.27000,0.43269,90.46776,,50.00000,20.00000,0.93103,1
105,4528,491.05801,45.28000,0.43308,90.46642,,50.00000,20.00000,0.93091,1
105,4529,491.16400,45.29000,0.43314,90.46644,,50.00000,20.00000,0.93077,1
105,4530,491.26300,45.30000,0.43298,90.46511,,50.00000,20.00000,0.93064,1
105,4531,491.35901,45.31000,0.43315,90.46513,,50.00000,20.00000,0.93051,1
105,4532,491.45999,45.32000,0.43321,90.46379,,50.00000,20.00000,0.93038,1
105,4533,491.56000,45.33000,0.43350,90.46245,,50.00000,20.00000,0.93025,1
105,4534,491.65601,45.34000,0.43333,90.46247,,50.00000,20.00000,0.93012,1
105,4535,491.76599,45.35000,0.43362,90.46113,,50.00000,20.00000,0.92998,1
105,4536,491.86200,45.36000,0.43312,90.45979,,50.00000,20.00000,0.92986,1
105,4537,491.95599,45.37000,0.43307,90.45981,,50.00000,20.00000,0.92973,1
105,4538,492.06201,45.38000,0.43347,90.45578,,50.00000,20.00000,0.92959,1
105,4539,492.16299,45.39000,0.43364,90.45175,,50.00000,20.00000,0.92946,1
105,4540,492.26099,45.40000,0.43381,90.44772,,50.00000,20.00000,0.92933,1
105,4541,492.35101,45.41000,0.43376,90.44368,,50.00000,20.00000,0.92922,1
105,4542,492.45700,45.42000,0.43360,90.43964,,50.00000,20.00000,0.92908,1
105,4543,492.55499,45.43000,0.43388,90.43560,,50.00000,20.00000,0.92895,1
105,4544,492.66000,45.44000,0.43350,90.43157,,50.00000,20.00000,0.92881,1
105,4545,492.75800,45.45000,0.43311,90.42753,,50.00000,20.00000,0.92868,1
105,4546,492.85501,45.46000,0.43328,90.42484,,50.00000,20.00000,0.92856,1
105,4547,492.95599,45.47000,0.43335,90.42216,,50.00000,20.00000,0.92842,1
105,4548,493.05399,45.48000,0.43374,90.42083,,50.00000,20.00000,0.92830,1
105,4549,493.15601,45.49000,0.43414,90.41951,,50.00000,20.00000,0.92816,1
105,4550,493.25299,45.50000,0.43397,90.41818,,50.00000,20.00000,0.92804,1
105,4551,493.35199,45.51000,0.43403,90.41821,,50.00000,20.00000,0.92791,1
105,4552,493.45499,45.52000,0.43387,90.41689,,50.00000,20.00000,0.92777,1
105,4553,493.55200,45.53000,0.43382,90.41692,,50.00000,20.00000,0.92764,1
105,4554,493.65100,45.54000,0.43411,90.41560,,50.00000,20.00000,0.92751,1
105,4555,493.74799,45.55000,0.43417,90.41428,,50.00000,20.00000,0.92739,1
105,4556,493.85101,45.56000,0.43401,90.41296,,50.00000,20.00000,0.92725,1
105,4557,493.94800,45.57000,0.43418,90.41164,,50.00000,20.00000,0.92713,1
105,4558,494.04401,45.58000,0.43412,90.41032,,50.00000,20.00000,0.92700,1
105,4559,494.14899,45.59000,0.43430,90.40765,,50.00000,20.00000,0.92686,1
105,4560,494.24799,45.60000,0.43436,90.40634,,50.00000,20.00000,0.92673,1
105,4561,494.34201,45.61000,0.43442,90.40501,,50.00000,20.00000,0.92661,1
105,4562,494.43799,45.62000,0.43470,90.40233,,50.00000,20.00000,0.92648,1
105,4563,494.54599,45.63000,0.43488,90.40101,,50.00000,20.00000,0.92634,1
105,4564,494.64001,45.64000,0.43460,90.39833,,50.00000,20.00000,0.92622,1
105,4565,494.74301,45.65000,0.43455,90.39700,,50.00000,20.00000,0.92608,1
105,4566,494.84399,45.66000,0.43439,90.39569,,50.00000,20.00000,0.92595,1
105,4567,494.94199,45.67000,0.43445,90.39301,,50.00000,20.00000,0.92582,1
105,4568,495.03400,45.68000,0.43418,90.39304,,50.00000,20.00000,0.92570,1
105,4569,495.14001,45.69000,0.43446,90.39172,,50.00000,20.00000,0.92556,1
105,4570,495.23700,45.70000,0.43430,90.39040,,50.00000,20.00000,0.92543,1
105,4571,495.34000,45.71000,0.43414,90.38908,,50.00000,20.00000,0.92530,1
105,4572,495.43301,45.72000,0.43442,90.38777,,50.00000,20.00000,0.92518,1
105,4573,495.53900,45.73000,0.43460,90.38511,,50.00000,20.00000,0.92504,1
105,4574,495.63501,45.74000,0.43432,90.38379,,50.00000,20.00000,0.92491,1
105,4575,495.72601,45.75000,0.43471,90.38246,,50.00000,20.00000,0.92479,1
105,4576,495.83099,45.76000,0.43456,90.38112,,50.00000,20.00000,0.92465,1
105,4577,495.92499,45.77000,0.43439,90.37841,,50.00000,20.00000,0.92453,1
105,4578,496.03799,45.78000,0.43424,90.37706,,50.00000,20.00000,0.92438,1
105,4579,496.13699,45.79000,0.43452,90.37571,,50.00000,20.00000,0.92425,1
105,4580,496.23599,45.80000,0.43447,90.37437,,50.00000,20.00000,0.92412,1
105,4581,496.34100,45.81000,0.43420,90.37169,,50.00000,20.00000,0.92398,1
105,4582,496.43500,45.82000,0.43392,90.37037,,50.00000,20.00000,0.92386,1
105,4583,496.53799,45.83000,0.43399,90.36907,,50.00000,20.00000,0.92373,1
105,4584,496.63101,45.84000,0.43393,90.36776,,50.00000,20.00000,0.92360,1
105,4585,496.72299,45.85000,0.43388,90.36644,,50.00000,20.00000,0.92348,1
105,4586,496.82700,45.86000,0.43349,90.36513,,50.00000,20.00000,0.92335,1
105,4587,496.93701,45.87000,0.43356,90.36517,,50.00000,20.00000,0.92320,1
105,4588,497.02301,45.88000,0.43373,90.36383,,50.00000,20.00000,0.92309,1
105,4589,497.12399,45.89000,0.43379,90.36386,,50.00000,20.00000,0.92295,1
105,4590,497.23199,45.90000,0.43397,90.36253,,50.00000,20.00000,0.92281,1
105,4591,497.32501,45.91000,0.43380,90.36121,,50.00000,20.00000,0.92269,1
105,4592,497.43201,45.92000,0.43409,90.35989,,50.00000,20.00000,0.92255,1
105,4593,497.52399,45.93000,0.43404,90.35856,,50.00000,20.00000,0.92243,1
105,4594,497.62500,45.94000,0.43399,90.35724,,50.00000,20.00000,0.92230,1
105,4595,497.72299,45.95000,0.43382,90.35591,,50.00000,20.00000,0.92217,1
105,4596,497.82199,45.96000,0.43355,90.35457,,50.00000,20.00000,0.92204,1
105,4597,497.92401,45.97000,0.43361,90.35324,,50.00000,20.00000,0.92190,1
105,4598,498.02802,45.98000,0.43379,90.35056,,50.00000,20.00000,0.92176,1
105,4599,498.12601,45.99000,0.43385,90.34789,,50.00000,20.00000,0.92164,1
105,4600,498.22699,46.00000,0.43369,90.34659,,50.00000,20.00000,0.92150,1
105,4601,498.32401,46.01000,0.43352,90.34394,,50.00000,20.00000,0.92137,1
105,4602,498.41699,46.02000,0.43347,90.34263,,50.00000,20.00000,0.92125,1
105,4603,498.51401,46.03000,0.43331,90.34133,,50.00000,20.00000,0.92112,1
105,4604,498.61700,46.04000,0.43337,90.33866,,50.00000,20.00000,0.92099,1
105,4605,498.70599,46.05000,0.43320,90.33732,,50.00000,20.00000,0.92087,1
105,4606,498.82101,46.06000,0.43338,90.33599,,50.00000,20.00000,0.92072,1
105,4607,498.91501,46.07000,0.43367,90.33465,,50.00000,20.00000,0.92059,1
105,4608,499.02399,46.08000,0.43351,90.33331,,50.00000,20.00000,0.92045,1
105,4609,499.10901,46.09000,0.43323,90.33332,,50.00000,20.00000,0.92034,1
105,4610,499.21701,46.10000,0.43296,90.33199,,50.00000,20.00000,0.92020,1
105,4611,499.32501,46.11000,0.43302,90.33067,,50.00000,20.00000,0.92005,1
105,4612,499.41901,46.12000,0.43286,90.32936,,50.00000,20.00000,0.91993,1
105,4613,499.51300,46.13000,0.43303,90.32804,,50.00000,20.00000,0.91981,1
105,4614,499.61401,46.14000,0.43287,90.32808,,50.00000,20.00000,0.91967,1
105,4615,499.71201,46.15000,0.43248,90.32676,,50.00000,20.00000,0.91954,1
105,4616,499.80701,46.16000,0.43198,90.32543,,50.00000,20.00000,0.91942,1
105,4617,499.91299,46.17000,0.43204,90.32273,,50.00000,20.00000,0.91928,1
105,4618,500.01300,46.18000,0.43210,90.32139,,50.00000,20.00000,0.91915,1
105,4619,500.11700,46.19000,0.43183,90.31870,,50.00000,20.00000,0.91901,1
105,4620,500.22101,46.20000,0.43145,90.31737,,50.00000,20.00000,0.91887,1
105,4621,500.31601,46.21000,0.43162,90.31470,,50.00000,20.00000,0.91875,1
105,4622,500.41199,46.22000,0.43190,90.31337,,50.00000,20.00000,0.91862,1
105,4623,500.51001,46.23000,0.43174,90.31070,,50.00000,20.00000,0.91849,1
105,4624,500.60800,46.24000,0.43169,90.30802,,50.00000,20.00000,0.91836,1
105,4625,500.71500,46.25000,0.43130,90.30534,,50.00000,20.00000,0.91822,1
105,4626,500.81601,46.26000,0.43137,90.30266,,50.00000,20.00000,0.91808,1
105,4627,500.91199,46.27000,0.43154,90.29997,,50.00000,20.00000,0.91796,1
105,4628,501.00900,46.28000,0.43149,90.29729,,50.00000,20.00000,0.91783,1
105,4629,501.11200,46.29000,0.43144,90.29597,,50.00000,20.00000,0.91769,1
105,4630,501.21701,46.30000,0.43173,90.29466,,50.00000,20.00000,0.91755,1
105,4631,501.31100,46.31000,0.43145,90.29334,,50.00000,20.00000,0.91743,1
105,4632,501.40500,46.32000,0.43151,90.29203,,50.00000,20.00000,0.91731,1
105,4633,501.50900,46.33000,0.43146,90.29072,,50.00000,20.00000,0.91717,1
105,4634,501.61099,46.34000,0.43119,90.28942,,50.00000,20.00000,0.91703,1
105,4635,501.70300,46.35000,0.43113,90.28675,,50.00000,20.00000,0.91691,1
105,4636,501.80399,46.36000,0.43063,90.28408,,50.00000,20.00000,0.91678,1
105,4637,501.90302,46.37000,0.43024,90.28142,,50.00000,20.00000,0.91665,1
105,4638,502.00299,46.38000,0.43008,90.27875,,50.00000,20.00000,0.91651,1
105,4639,502.10501,46.39000,0.43037,90.27608,,50.00000,20.00000,0.91638,1
105,4640,502.20001,46.40000,0.43043,90.27340,,50.00000,20.00000,0.91625,1
105,4641,502.29501,46.41000,0.43026,90.27072,,50.00000,20.00000,0.91613,1
105,4642,502.40500,46.42000,0.43021,90.26805,,50.00000,20.00000,0.91598,1
105,4643,502.50201,46.43000,0.43016,90.26538,,50.00000,20.00000,0.91585,1
105,4644,502.59900,46.44000,0.43022,90.26270,,50.00000,20.00000,0.91572,1
105,4645,502.70200,46.45000,0.43063,90.26002,,50.00000,20.00000,0.91559,1
105,4646,502.79501,46.46000,0.43034,90.25734,,50.00000,20.00000,0.91546,1
105,4647,502.89499,46.47000,0.43029,90.25602,,50.00000,20.00000,0.91533,1
105,4648,503.00601,46.48000,0.43014,90.25334,,50.00000,20.00000,0.91518,1
105,4649,503.10101,46.49000,0.42986,90.25066,,50.00000,20.00000,0.91506,1
105,4650,503.19501,46.50000,0.42992,90.24662,,50.00000,20.00000,0.91493,1
105,4651,503.29501,46.51000,0.42975,90.24259,,50.00000,20.00000,0.91480,1
105,4652,503.39899,46.52000,0.42914,90.23992,,50.00000,20.00000,0.91466,1
105,4653,503.50400,46.53000,0.42887,90.23589,,50.00000,20.00000,0.91452,1
105,4654,503.59799,46.54000,0.42926,90.23186,,50.00000,20.00000,0.91440,1
105,4655,503.68900,46.55000,0.42955,90.22783,,50.00000,20.00000,0.91428,1
105,4656,503.80701,46.56000,0.42917,90.22517,,50.00000,20.00000,0.91412,1
105,4657,503.89001,46.57000,0.42899,90.22250,,50.00000,20.00000,0.91401,1
105,4658,503.99600,46.58000,0.42895,90.22119,,50.00000,20.00000,0.91387,1
105,4659,504.09000,46.59000,0.42788,90.21987,,50.00000,20.00000,0.91375,1
105,4660,504.19501,46.60000,0.42805,90.21856,,50.00000,20.00000,0.91361,1
105,4661,504.29300,46.61000,0.42868,90.21861,,50.00000,20.00000,0.91348,1
105,4662,504.39401,46.62000,0.42863,90.21732,,50.00000,20.00000,0.91334,1
105,4663,504.49600,46.63000,0.42836,90.21739,,50.00000,20.00000,0.91321,1
105,4664,504.57901,46.64000,0.42795,90.21744,,50.00000,20.00000,0.91310,1
105,4665,504.68100,46.65000,0.42745,90.21750,,50.00000,20.00000,0.91296,1
105,4666,504.78400,46.66000,0.42718,90.21619,,50.00000,20.00000,0.91282,1
105,4667,504.87500,46.67000,0.42689,90.21486,,50.00000,20.00000,0.91270,1
105,4668,504.98300,46.68000,0.42707,90.21354,,50.00000,20.00000,0.91256,1
105,4669,505.09000,46.69000,0.42691,90.21221,,50.00000,20.00000,0.91242,1
105,4670,505.18100,46.70000,0.42731,90.21087,,50.00000,20.00000,0.91230,1
105,4671,505.27899,46.71000,0.42749,90.20955,,50.00000,20.00000,0.91217,1
105,4672,505.38699,46.72000,0.42755,90.20823,,50.00000,20.00000,0.91202,1
105,4673,505.48199,46.73000,0.42693,90.20556,,50.00000,20.00000,0.91190,1
105,4674,505.58099,46.74000,0.42654,90.20425,,50.00000,20.00000,0.91176,1
105,4675,505.68201,46.75000,0.42615,90.20294,,50.00000,20.00000,0.91163,1
105,4676,505.77899,46.76000,0.42644,90.20163,,50.00000,20.00000,0.91150,1
105,4677,505.87701,46.77000,0.42616,90.19898,,50.00000,20.00000,0.91137,1
105,4678,505.97900,46.78000,0.42611,90.19768,,50.00000,20.00000,0.91124,1
105,4679,506.07599,46.79000,0.42606,90.19639,,50.00000,20.00000,0.91111,1
105,4680,506.17099,46.80000,0.42600,90.19509,,50.00000,20.00000,0.91098,1
105,4681,506.27100,46.81000,0.42538,90.19379,,50.00000,20.00000,0.91085,1
105,4682,506.37201,46.82000,0.42499,90.19249,,50.00000,20.00000,0.91071,1
105,4683,506.46399,46.83000,0.42460,90.19253,,50.00000,20.00000,0.91059,1
105,4684,506.56699,46.84000,0.42489,90.19256,,50.00000,20.00000,0.91045,1
105,4685,506.66901,46.85000,0.42518,90.19124,,50.00000,20.00000,0.91032,1
105,4686,506.76801,46.86000,0.42558,90.19127,,50.00000,20.00000,0.91018,1
105,4687,506.86600,46.87000,0.42530,90.19130,,50.00000,20.00000,0.91005,1
105,4688,506.97299,46.88000,0.42491,90.19134,,50.00000,20.00000,0.90991,1
105,4689,507.06699,46.89000,0.42474,90.19137,,50.00000,20.00000,0.90979,1
105,4690,507.16599,46.90000,0.42435,90.19140,,50.00000,20.00000,0.90965,1
105,4691,507.26300,46.91000,0.42419,90.19142,,50.00000,20.00000,0.90953,1
105,4692,507.35800,46.92000,0.42402,90.19144,,50.00000,20.00000,0.90940,1
105,4693,507.47299,46.93000,0.42352,90.19146,,50.00000,20.00000,0.90925,1
105,4694,507.57501,46.94000,0.42358,90.19149,,50.00000,20.00000,0.90911,1
105,4695,507.66699,46.95000,0.42330,90.19152,,50.00000,20.00000,0.90899,1
105,4696,507.76700,46.96000,0.42336,90.19157,,50.00000,20.00000,0.90885,1
105,4697,507.86700,46.97000,0.42354,90.19163,,50.00000,20.00000,0.90872,1
105,4698,507.97000,46.98000,0.42360,90.19170,,50.00000,20.00000,0.90858,1
105,4699,508.05399,46.99000,0.42331,90.19175,,50.00000,20.00000,0.90847,1
105,4700,508.16000,47.00000,0.42304,90.19181,,50.00000,20.00000,0.90833,1
105,4701,508.26001,47.01000,0.42310,90.19186,,50.00000,20.00000,0.90820,1
105,4702,508.35400,47.02000,0.42282,90.19189,,50.00000,20.00000,0.90807,1
105,4703,508.45300,47.03000,0.42311,90.19193,,50.00000,20.00000,0.90794,1
105,4704,508.56299,47.04000,0.42295,90.19196,,50.00000,20.00000,0.90779,1
105,4705,508.65701,47.05000,0.42266,90.19199,,50.00000,20.00000,0.90767,1
105,4706,508.75400,47.06000,0.42273,90.19202,,50.00000,20.00000,0.90754,1
105,4707,508.85999,47.07000,0.42256,90.19206,,50.00000,20.00000,0.90740,1
105,4708,508.95901,47.08000,0.42240,90.19209,,50.00000,20.00000,0.90726,1
105,4709,509.04901,47.09000,0.42245,90.19211,,50.00000,20.00000,0.90714,1
105,4710,509.15601,47.10000,0.42206,90.19214,,50.00000,20.00000,0.90700,1
105,4711,509.26001,47.11000,0.42167,90.19216,,50.00000,20.00000,0.90686,1
105,4712,509.35800,47.12000,0.42117,90.19218,,50.00000,20.00000,0.90673,1
105,4713,509.45700,47.13000,0.42111,90.19084,,50.00000,20.00000,0.90660,1
105,4714,509.55701,47.14000,0.42129,90.19085,,50.00000,20.00000,0.90646,1
105,4715,509.65799,47.15000,0.42090,90.19086,,50.00000,20.00000,0.90633,1
105,4716,509.76700,47.16000,0.42051,90.18953,,50.00000,20.00000,0.90618,1
105,4717,509.86200,47.17000,0.42034,90.18955,,50.00000,20.00000,0.90606,1
105,4718,509.96201,47.18000,0.42017,90.18958,,50.00000,20.00000,0.90592,1
105,4719,510.05899,47.19000,0.42000,90.18826,,50.00000,20.00000,0.90579,1
105,4720,510.16800,47.20000,0.41939,90.18830,,50.00000,20.00000,0.90565,1
105,4721,510.25800,47.21000,0.41967,90.18698,,50.00000,20.00000,0.90553,1
105,4722,510.35999,47.22000,0.42031,90.18702,,50.00000,20.00000,0.90539,1
105,4723,510.45599,47.23000,0.42002,90.18706,,50.00000,20.00000,0.90526,1
105,4724,510.56400,47.24000,0.41998,90.18574,,50.00000,20.00000,0.90512,1
105,4725,510.65900,47.25000,0.41969,90.18578,,50.00000,20.00000,0.90499,1
105,4726,510.75900,47.26000,0.41941,90.18447,,50.00000,20.00000,0.90486,1
105,4727,510.86099,47.27000,0.41970,90.18452,,50.00000,20.00000,0.90472,1
105,4728,510.95901,47.28000,0.41954,90.18322,,50.00000,20.00000,0.90459,1
105,4729,511.05399,47.29000,0.41925,90.18327,,50.00000,20.00000,0.90446,1
105,4730,511.15201,47.30000,0.41897,90.18195,,50.00000,20.00000,0.90433,1
105,4731,511.25201,47.31000,0.41858,90.17927,,50.00000,20.00000,0.90420,1
105,4732,511.34900,47.32000,0.41818,90.17658,,50.00000,20.00000,0.90407,1
105,4733,511.45901,47.33000,0.41802,90.17254,,50.00000,20.00000,0.90392,1
105,4734,511.56000,47.34000,0.41820,90.16986,,50.00000,20.00000,0.90378,1
105,4735,511.65900,47.35000,0.41791,90.16719,,50.00000,20.00000,0.90365,1
105,4736,511.76599,47.36000,0.41775,90.16454,,50.00000,20.00000,0.90351,1
105,4737,511.85300,47.37000,0.41792,90.16323,,50.00000,20.00000,0.90339,1
105,4738,511.94400,47.38000,0.41809,90.16057,,50.00000,20.00000,0.90327,1
105,4739,512.05200,47.39000,0.41781,90.15927,,50.00000,20.00000,0.90313,1
105,4740,512.15503,47.40000,0.41754,90.15796,,50.00000,20.00000,0.90299,1
105,4741,512.25098,47.41000,0.41714,90.15664,,50.00000,20.00000,0.90286,1
105,4742,512.35400,47.42000,0.41652,90.15534,,50.00000,20.00000,0.90272,1
105,4743,512.45502,47.43000,0.41669,90.15405,,50.00000,20.00000,0.90258,1
105,4744,512.55103,47.44000,0.41675,90.15276,,50.00000,20.00000,0.90246,1
105,4745,512.63898,47.45000,0.41646,90.15146,,50.00000,20.00000,0.90234,1
105,4746,512.74597,47.46000,0.41619,90.15017,,50.00000,20.00000,0.90219,1
105,4747,512.84399,47.47000,0.41648,90.14886,,50.00000,20.00000,0.90206,1
105,4748,512.93500,47.48000,0.41596,90.14753,,50.00000,20.00000,0.90194,1
105,4749,513.04700,47.49000,0.41580,90.14621,,50.00000,20.00000,0.90179,1
105,4750,513.14301,47.50000,0.41574,90.14488,,50.00000,20.00000,0.90166,1
105,4751,513.24902,47.51000,0.41547,90.14356,,50.00000,20.00000,0.90152,1
105,4752,513.34497,47.52000,0.41541,90.14225,,50.00000,20.00000,0.90139,1
105,4753,513.44800,47.53000,0.41547,90.14230,,50.00000,20.00000,0.90125,1
105,4754,513.54199,47.54000,0.41496,90.14100,,50.00000,20.00000,0.90113,1
105,4755,513.63702,47.55000,0.41433,90.13970,,50.00000,20.00000,0.90100,1
105,4756,513.73901,47.56000,0.41439,90.13974,,50.00000,20.00000,0.90086,1
105,4757,513.83899,47.57000,0.41491,90.13842,,50.00000,20.00000,0.90073,1
105,4758,513.93597,47.58000,0.41440,90.13710,,50.00000,20.00000,0.90060,1
105,4759,514.04602,47.59000,0.41401,90.13578,,50.00000,20.00000,0.90045,1
105,4760,514.14301,47.60000,0.41418,90.13446,,50.00000,20.00000,0.90032,1
105,4761,514.23798,47.61000,0.41424,90.13314,,50.00000,20.00000,0.90019,1
105,4762,514.34003,47.62000,0.41396,90.13317,,50.00000,20.00000,0.90005,1
105,4763,514.44000,47.63000,0.41391,90.13185,,50.00000,20.00000,0.89992,1
105,4764,514.53699,47.64000,0.41408,90.13054,,50.00000,20.00000,0.89979,1
105,4765,514.64502,47.65000,0.41415,90.12788,,50.00000,20.00000,0.89965,1
105,4766,514.73901,47.66000,0.41398,90.12657,,50.00000,20.00000,0.89952,1
105,4767,514.84198,47.67000,0.41358,90.12391,,50.00000,20.00000,0.89938,1
105,4768,514.93597,47.68000,0.41330,90.12125,,50.00000,20.00000,0.89925,1
105,4769,515.03003,47.69000,0.41313,90.11994,,50.00000,20.00000,0.89913,1
105,4770,515.13702,47.70000,0.41262,90.11863,,50.00000,20.00000,0.89898,1
105,4771,515.23700,47.71000,0.41211,90.11733,,50.00000,20.00000,0.89885,1
105,4772,515.34003,47.72000,0.41217,90.11603,,50.00000,20.00000,0.89871,1
105,4773,515.43402,47.73000,0.41211,90.11472,,50.00000,20.00000,0.89858,1
105,4774,515.53302,47.74000,0.41229,90.11341,,50.00000,20.00000,0.89845,1
105,4775,515.62402,47.75000,0.41200,90.11209,,50.00000,20.00000,0.89833,1
105,4776,515.73401,47.76000,0.41218,90.11077,,50.00000,20.00000,0.89818,1
105,4777,515.83398,47.77000,0.41224,90.10944,,50.00000,20.00000,0.89805,1
105,4778,515.93500,47.78000,0.41242,90.10811,,50.00000,20.00000,0.89791,1
105,4779,516.03699,47.79000,0.41237,90.10815,,50.00000,20.00000,0.89777,1
105,4780,516.13898,47.80000,0.41128,90.10819,,50.00000,20.00000,0.89764,1
105,4781,516.23297,47.81000,0.41157,90.10689,,50.00000,20.00000,0.89751,1
105,4782,516.33197,47.82000,0.41152,90.10693,,50.00000,20.00000,0.89738,1
105,4783,516.42902,47.83000,0.41112,90.10697,,50.00000,20.00000,0.89724,1
105,4784,516.53003,47.84000,0.41129,90.10700,,50.00000,20.00000,0.89711,1
105,4785,516.62701,47.85000,0.41158,90.10704,,50.00000,20.00000,0.89698,1
105,4786,516.74200,47.86000,0.41165,90.10708,,50.00000,20.00000,0.89682,1
105,4787,516.83600,47.87000,0.41148,90.10711,,50.00000,20.00000,0.89670,1
105,4788,516.92999,47.88000,0.41142,90.10715,,50.00000,20.00000,0.89657,1
105,4789,517.03101,47.89000,0.41137,90.10721,,50.00000,20.00000,0.89643,1
105,4790,517.13000,47.90000,0.41132,90.10727,,50.00000,20.00000,0.89630,1
105,4791,517.23602,47.91000,0.41104,90.10733,,50.00000,20.00000,0.89616,1
105,4792,517.32800,47.92000,0.41098,90.10738,,50.00000,20.00000,0.89603,1
105,4793,517.41602,47.93000,0.41034,90.10742,,50.00000,20.00000,0.89591,1
105,4794,517.53198,47.94000,0.41041,90.10746,,50.00000,20.00000,0.89576,1
105,4795,517.62500,47.95000,0.41059,90.10749,,50.00000,20.00000,0.89563,1
105,4796,517.72699,47.96000,0.41065,90.10753,,50.00000,20.00000,0.89550,1
105,4797,517.83301,47.97000,0.41025,90.10757,,50.00000,20.00000,0.89535,1
105,4798,517.92798,47.98000,0.40939,90.10762,,50.00000,20.00000,0.89522,1
105,4799,518.02600,47.99000,0.40968,90.10768,,50.00000,20.00000,0.89509,1
105,4800,518.12799,48.00000,0.40963,90.10638,,50.00000,20.00000,0.89495,1
105,4801,518.21802,48.01000,0.40980,90.10643,,50.00000,20.00000,0.89483,1
105,4802,518.32300,48.02000,0.40986,90.10647,,50.00000,20.00000,0.89469,1
105,4803,518.41998,48.03000,0.40912,90.10515,,50.00000,20.00000,0.89456,1
105,4804,518.52802,48.04000,0.40930,90.10518,,50.00000,20.00000,0.89442,1
105,4805,518.62097,48.05000,0.40924,90.10521,,50.00000,20.00000,0.89429,1
105,4806,518.72699,48.06000,0.40965,90.10254,,50.00000,20.00000,0.89415,1
105,4807,518.82501,48.07000,0.40948,90.09988,,50.00000,20.00000,0.89401,1
105,4808,518.92499,48.08000,0.40954,90.09722,,50.00000,20.00000,0.89388,1
105,4809,519.02899,48.09000,0.40949,90.09592,,50.00000,20.00000,0.89374,1
105,4810,519.11499,48.10000,0.40908,90.09326,,50.00000,20.00000,0.89362,1
105,4811,519.22198,48.11000,0.40915,90.09196,,50.00000,20.00000,0.89348,1
105,4812,519.32001,48.12000,0.40910,90.09065,,50.00000,20.00000,0.89335,1
105,4813,519.42401,48.13000,0.40904,90.08799,,50.00000,20.00000,0.89320,1
105,4814,519.51703,48.14000,0.40910,90.08669,,50.00000,20.00000,0.89308,1
105,4815,519.62500,48.15000,0.40894,90.08539,,50.00000,20.00000,0.89293,1
105,4816,519.71698,48.16000,0.40761,90.08409,,50.00000,20.00000,0.89281,1
105,4817,519.81702,48.17000,0.40813,90.08414,,50.00000,20.00000,0.89267,1
105,4818,519.91302,48.18000,0.40807,90.08284,,50.00000,20.00000,0.89254,1
105,4819,520.01898,48.19000,0.40814,90.08289,,50.00000,20.00000,0.89240,1
105,4820,520.11200,48.20000,0.40797,90.08157,,50.00000,20.00000,0.89228,1
105,4821,520.21301,48.21000,0.40814,90.08159,,50.00000,20.00000,0.89214,1
105,4822,520.32001,48.22000,0.40809,90.08026,,50.00000,20.00000,0.89199,1
105,4823,520.41400,48.23000,0.40838,90.08028,,50.00000,20.00000,0.89187,1
105,4824,520.52197,48.24000,0.40857,90.07895,,50.00000,20.00000,0.89172,1
105,4825,520.62299,48.25000,0.40851,90.07764,,50.00000,20.00000,0.89158,1
105,4826,520.72400,48.26000,0.40858,90.07769,,50.00000,20.00000,0.89145,1
105,4827,520.82397,48.27000,0.40864,90.07640,,50.00000,20.00000,0.89131,1
105,4828,520.91101,48.28000,0.40846,90.07510,,50.00000,20.00000,0.89119,1
105,4829,521.01501,48.29000,0.40829,90.07381,,50.00000,20.00000,0.89105,1
105,4830,521.11603,48.30000,0.40859,90.07388,,50.00000,20.00000,0.89092,1
105,4831,521.21503,48.31000,0.40853,90.07259,,50.00000,20.00000,0.89078,1
105,4832,521.31000,48.32000,0.40836,90.06994,,50.00000,20.00000,0.89065,1
105,4833,521.41302,48.33000,0.40796,90.06865,,50.00000,20.00000,0.89052,1
105,4834,521.51099,48.34000,0.40779,90.06735,,50.00000,20.00000,0.89038,1
105,4835,521.60199,48.35000,0.40773,90.06605,,50.00000,20.00000,0.89026,1
105,4836,521.71100,48.36000,0.40687,90.06475,,50.00000,20.00000,0.89011,1
105,4837,521.80798,48.37000,0.40705,90.06345,,50.00000,20.00000,0.88998,1
105,4838,521.90802,48.38000,0.40699,90.06079,,50.00000,20.00000,0.88984,1
105,4839,522.01001,48.39000,0.40705,90.05949,,50.00000,20.00000,0.88971,1
105,4840,522.10303,48.40000,0.40700,90.05683,,50.00000,20.00000,0.88958,1
105,4841,522.19702,48.41000,0.40752,90.05417,,50.00000,20.00000,0.88945,1
105,4842,522.31299,48.42000,0.40759,90.05152,,50.00000,20.00000,0.88930,1
105,4843,522.40601,48.43000,0.40823,90.05021,,50.00000,20.00000,0.88917,1
105,4844,522.49597,48.44000,0.40817,90.04753,,50.00000,20.00000,0.88905,1
105,4845,522.60602,48.45000,0.40777,90.04622,,50.00000,20.00000,0.88890,1
105,4846,522.71002,48.46000,0.40749,90.04492,,50.00000,20.00000,0.88876,1
105,4847,522.80103,48.47000,0.40708,90.04360,,50.00000,20.00000,0.88863,1
105,4848,522.90503,48.48000,0.40703,90.04230,,50.00000,20.00000,0.88849,1
105,4849,523.00702,48.49000,0.40709,90.03964,,50.00000,20.00000,0.88836,1
105,4850,523.09698,48.50000,0.40726,90.03698,,50.00000,20.00000,0.88823,1
105,4851,523.20697,48.51000,0.40733,90.03431,,50.00000,20.00000,0.88808,1
105,4852,523.29797,48.52000,0.40762,90.03164,,50.00000,20.00000,0.88796,1
105,4853,523.40399,48.53000,0.40769,90.02897,,50.00000,20.00000,0.88782,1
105,4854,523.50598,48.54000,0.40810,90.02631,,50.00000,20.00000,0.88768,1
105,4855,523.60699,48.55000,0.40805,90.02365,,50.00000,20.00000,0.88754,1
105,4856,523.70502,48.56000,0.40729,90.02100,,50.00000,20.00000,0.88741,1
105,4857,523.79999,48.57000,0.40735,90.01834,,50.00000,20.00000,0.88728,1
105,4858,523.89899,48.58000,0.40683,90.01568,,50.00000,20.00000,0.88715,1
105,4859,524.00098,48.59000,0.40759,90.01437,,50.00000,20.00000,0.88701,1
105,4860,524.09601,48.60000,0.40777,90.01305,,50.00000,20.00000,0.88688,1
105,4861,524.20099,48.61000,0.40772,90.01174,,50.00000,20.00000,0.88674,1
105,4862,524.31299,48.62000,0.40756,90.01044,,50.00000,20.00000,0.88658,1
105,4863,524.40503,48.63000,0.40738,90.01050,,50.00000,20.00000,0.88646,1
105,4864,524.49701,48.64000,0.40779,90.00921,,50.00000,20.00000,0.88633,1
105,4865,524.59900,48.65000,0.40797,90.00928,,50.00000,20.00000,0.88619,1
105,4866,524.69202,48.66000,0.40791,90.00935,,50.00000,20.00000,0.88607,1
105,4867,524.79498,48.67000,0.40751,90.00942,,50.00000,20.00000,0.88593,1
105,4868,524.89502,48.68000,0.40745,90.00949,,50.00000,20.00000,0.88579,1
105,4869,525.00000,48.69000,0.40810,90.00955,,50.00000,20.00000,0.88565,1
105,4870,525.08197,48.70000,0.40815,90.00960,,50.00000,20.00000,0.88554,1
105,4871,525.19098,48.71000,0.40787,90.00965,,50.00000,20.00000,0.88539,1
105,4872,525.29303,48.72000,0.40864,90.00970,,50.00000,20.00000,0.88525,1
105,4873,525.38702,48.73000,0.40823,90.00973,,50.00000,20.00000,0.88512,1
105,4874,525.48700,48.74000,0.40701,90.00842,,50.00000,20.00000,0.88499,1
105,4875,525.59698,48.75000,0.40719,90.00846,,50.00000,20.00000,0.88484,1
105,4876,525.69397,48.76000,0.40737,90.00715,,50.00000,20.00000,0.88471,1
105,4877,525.79102,48.77000,0.40778,90.00584,,50.00000,20.00000,0.88457,1
105,4878,525.89001,48.78000,0.40808,90.00454,,50.00000,20.00000,0.88444,1
105,4879,525.99298,48.79000,0.40814,90.00460,,50.00000,20.00000,0.88430,1
105,4880,526.09198,48.80000,0.40844,90.00330,,50.00000,20.00000,0.88417,1
105,4881,526.18597,48.81000,0.40826,90.00199,,50.00000,20.00000,0.88404,1
105,4882,526.28198,48.82000,0.40797,90.00068,,50.00000,20.00000,0.88391,1
105,4883,526.39398,48.83000,0.40793,89.99938,,50.00000,20.00000,0.88375,1
105,4884,526.49298,48.84000,0.40811,89.99945,,50.00000,20.00000,0.88362,1
105,4885,526.59100,48.85000,0.40840,89.99816,,50.00000,20.00000,0.88349,1
105,4886,526.68500,48.86000,0.40811,89.99687,,50.00000,20.00000,0.88336,1
105,4887,526.78003,48.87000,0.40805,89.99559,,50.00000,20.00000,0.88323,1
105,4888,526.88300,48.88000,0.40835,89.99431,,50.00000,20.00000,0.88309,1
105,4889,526.97803,48.89000,0.40841,89.99303,,50.00000,20.00000,0.88296,1
105,4890,527.08197,48.90000,0.40824,89.99174,,50.00000,20.00000,0.88282,1
105,4891,527.17999,48.91000,0.40865,89.99180,,50.00000,20.00000,0.88268,1
105,4892,527.27197,48.92000,0.40906,89.99050,,50.00000,20.00000,0.88256,1
105,4893,527.37701,48.93000,0.40843,89.98921,,50.00000,20.00000,0.88242,1
105,4894,527.47803,48.94000,0.40861,89.98791,,50.00000,20.00000,0.88228,1
105,4895,527.57202,48.95000,0.40878,89.98661,,50.00000,20.00000,0.88215,1
105,4896,527.67999,48.96000,0.40862,89.98666,,50.00000,20.00000,0.88200,1
105,4897,527.77600,48.97000,0.40868,89.98537,,50.00000,20.00000,0.88187,1
105,4898,527.87097,48.98000,0.40874,89.98542,,50.00000,20.00000,0.88174,1
105,4899,527.97101,48.99000,0.40833,89.98411,,50.00000,20.00000,0.88161,1
105,4900,528.07098,49.00000,0.40793,89.98417,,50.00000,20.00000,0.88147,1
105,4901,528.17700,49.01000,0.40788,89.98422,,50.00000,20.00000,0.88133,1
105,4902,528.27399,49.02000,0.40841,89.98428,,50.00000,20.00000,0.88119,1
105,4903,528.37000,49.03000,0.40835,89.98433,,50.00000,20.00000,0.88106,1
105,4904,528.47101,49.04000,0.40877,89.98304,,50.00000,20.00000,0.88093,1
105,4905,528.56799,49.05000,0.40918,89.98310,,50.00000,20.00000,0.88079,1
105,4906,528.66803,49.06000,0.40889,89.98315,,50.00000,20.00000,0.88066,1
105,4907,528.76898,49.07000,0.40907,89.98187,,50.00000,20.00000,0.88052,1
105,4908,528.87402,49.08000,0.40937,89.98059,,50.00000,20.00000,0.88038,1
105,4909,528.96301,49.09000,0.40955,89.98065,,50.00000,20.00000,0.88025,1
105,4910,529.06403,49.10000,0.40903,89.97935,,50.00000,20.00000,0.88012,1
105,4911,529.15399,49.11000,0.40908,89.97805,,50.00000,20.00000,0.87999,1
105,4912,529.26398,49.12000,0.40892,89.97812,,50.00000,20.00000,0.87984,1
105,4913,529.36798,49.13000,0.40957,89.97684,,50.00000,20.00000,0.87970,1
105,4914,529.46698,49.14000,0.40963,89.97556,,50.00000,20.00000,0.87957,1
105,4915,529.56201,49.15000,0.40946,89.97563,,50.00000,20.00000,0.87944,1
105,4916,529.64801,49.16000,0.40940,89.97434,,50.00000,20.00000,0.87932,1
105,4917,529.75098,49.17000,0.40946,89.97305,,50.00000,20.00000,0.87918,1
105,4918,529.85602,49.18000,0.40929,89.97175,,50.00000,20.00000,0.87904,1
105,4919,529.95300,49.19000,0.40924,89.96773,,50.00000,20.00000,0.87890,1
105,4920,530.05402,49.20000,0.40942,89.96507,,50.00000,20.00000,0.87877,1
105,4921,530.16302,49.21000,0.40972,89.96241,,50.00000,20.00000,0.87862,1
105,4922,530.25702,49.22000,0.41014,89.95840,,50.00000,20.00000,0.87849,1
105,4923,530.35498,49.23000,0.40996,89.95709,,50.00000,20.00000,0.87835,1
105,4924,530.44897,49.24000,0.41002,89.95443,,50.00000,20.00000,0.87823,1
105,4925,530.55701,49.25000,0.40962,89.95178,,50.00000,20.00000,0.87808,1
105,4926,530.65601,49.26000,0.40992,89.95047,,50.00000,20.00000,0.87794,1
105,4927,530.75201,49.27000,0.40986,89.94915,,50.00000,20.00000,0.87781,1
105,4928,530.85303,49.28000,0.40993,89.94648,,50.00000,20.00000,0.87767,1
105,4929,530.95898,49.29000,0.41011,89.94518,,50.00000,20.00000,0.87753,1
105,4930,531.06097,49.30000,0.41030,89.94387,,50.00000,20.00000,0.87739,1
105,4931,531.15302,49.31000,0.41059,89.94256,,50.00000,20.00000,0.87726,1
105,4932,531.25299,49.32000,0.41089,89.94127,,50.00000,20.00000,0.87713,1
105,4933,531.36401,49.33000,0.41049,89.93864,,50.00000,20.00000,0.87698,1
105,4934,531.45001,49.34000,0.41043,89.93869,,50.00000,20.00000,0.87686,1
105,4935,531.54498,49.35000,0.41049,89.93875,,50.00000,20.00000,0.87673,1
105,4936,531.65399,49.36000,0.41079,89.93747,,50.00000,20.00000,0.87658,1
105,4937,531.75897,49.37000,0.41133,89.93754,,50.00000,20.00000,0.87644,1
105,4938,531.84900,49.38000,0.41104,89.93624,,50.00000,20.00000,0.87631,1
105,4939,531.94098,49.39000,0.41062,89.93630,,50.00000,20.00000,0.87619,1
105,4940,532.04797,49.40000,0.40999,89.93501,,50.00000,20.00000,0.87604,1
105,4941,532.15002,49.41000,0.40982,89.93507,,50.00000,20.00000,0.87590,1
105,4942,532.24500,49.42000,0.41035,89.93377,,50.00000,20.00000,0.87577,1
105,4943,532.34998,49.43000,0.41077,89.93247,,50.00000,20.00000,0.87563,1
105,4944,532.44397,49.44000,0.41083,89.93253,,50.00000,20.00000,0.87550,1
105,4945,532.54797,49.45000,0.41066,89.93123,,50.00000,20.00000,0.87536,1
105,4946,532.64502,49.46000,0.41108,89.92993,,50.00000,20.00000,0.87522,1
105,4947,532.73999,49.47000,0.41137,89.92861,,50.00000,20.00000,0.87509,1
105,4948,532.84003,49.48000,0.41156,89.92730,,50.00000,20.00000,0.87496,1
105,4949,532.94897,49.49000,0.41151,89.92598,,50.00000,20.00000,0.87481,1
105,4950,533.04999,49.50000,0.41122,89.92467,,50.00000,20.00000,0.87467,1
105,4951,533.15100,49.51000,0.41117,89.92338,,50.00000,20.00000,0.87453,1
105,4952,533.25201,49.52000,0.41135,89.92209,,50.00000,20.00000,0.87439,1
105,4953,533.34100,49.53000,0.41082,89.92080,,50.00000,20.00000,0.87427,1
105,4954,533.44397,49.54000,0.41088,89.92088,,50.00000,20.00000,0.87413,1
105,4955,533.53802,49.55000,0.41106,89.91959,,50.00000,20.00000,0.87400,1
105,4956,533.64099,49.56000,0.41101,89.91830,,50.00000,20.00000,0.87386,1
105,4957,533.73999,49.57000,0.41084,89.91701,,50.00000,20.00000,0.87372,1
105,4958,533.84497,49.58000,0.41055,89.91572,,50.00000,20.00000,0.87358,1
105,4959,533.93799,49.59000,0.41037,89.91577,,50.00000,20.00000,0.87345,1
105,4960,534.03400,49.60000,0.41055,89.91447,,50.00000,20.00000,0.87332,1
105,4961,534.14301,49.61000,0.41181,89.91454,,50.00000,20.00000,0.87317,1
105,4962,534.23798,49.62000,0.41210,89.91325,,50.00000,20.00000,0.87304,1
105,4963,534.33698,49.63000,0.41181,89.91331,,50.00000,20.00000,0.87291,1
105,4964,534.43298,49.64000,0.41140,89.91336,,50.00000,20.00000,0.87277,1
105,4965,534.53497,49.65000,0.41170,89.91341,,50.00000,20.00000,0.87263,1
105,4966,534.63300,49.66000,0.41153,89.91345,,50.00000,20.00000,0.87250,1
105,4967,534.73798,49.67000,0.41160,89.91349,,50.00000,20.00000,0.87236,1
105,4968,534.84003,49.68000,0.41202,89.91354,,50.00000,20.00000,0.87222,1
105,4969,534.93903,49.69000,0.41197,89.91360,,50.00000,20.00000,0.87208,1
105,4970,535.03998,49.70000,0.41191,89.91366,,50.00000,20.00000,0.87194,1
105,4971,535.13397,49.71000,0.41162,89.91373,,50.00000,20.00000,0.87181,1
105,4972,535.23499,49.72000,0.41180,89.91380,,50.00000,20.00000,0.87167,1
105,4973,535.33600,49.73000,0.41187,89.91387,,50.00000,20.00000,0.87154,1
105,4974,535.42798,49.74000,0.41181,89.91393,,50.00000,20.00000,0.87141,1
105,4975,535.52802,49.75000,0.41211,89.91399,,50.00000,20.00000,0.87127,1
105,4976,535.63397,49.76000,0.41230,89.91405,,50.00000,20.00000,0.87113,1
105,4977,535.72900,49.77000,0.41165,89.91410,,50.00000,20.00000,0.87100,1
105,4978,535.82800,49.78000,0.41242,89.91416,,50.00000,20.00000,0.87086,1
105,4979,535.93903,49.79000,0.41273,89.91421,,50.00000,20.00000,0.87071,1
105,4980,536.02399,49.80000,0.41314,89.91426,,50.00000,20.00000,0.87059,1
105,4981,536.13300,49.81000,0.41298,89.91431,,50.00000,20.00000,0.87044,1
105,4982,536.22498,49.82000,0.41292,89.91436,,50.00000,20.00000,0.87032,1
105,4983,536.33398,49.83000,0.41287,89.91442,,50.00000,20.00000,0.87017,1
105,4984,536.43298,49.84000,0.41246,89.91447,,50.00000,20.00000,0.87003,1
105,4985,536.52600,49.85000,0.41264,89.91453,,50.00000,20.00000,0.86990,1
105,4986,536.63397,49.86000,0.41307,89.91459,,50.00000,20.00000,0.86975,1
105,4987,536.72302,49.87000,0.41324,89.91465,,50.00000,20.00000,0.86963,1
105,4988,536.83600,49.88000,0.41344,89.91470,,50.00000,20.00000,0.86948,1
105,4989,536.92200,49.89000,0.41337,89.91476,,50.00000,20.00000,0.86936,1
105,4990,537.03003,49.90000,0.41345,89.91480,,50.00000,20.00000,0.86921,1
105,4991,537.12598,49.91000,0.41339,89.91350,,50.00000,20.00000,0.86908,1
105,4992,537.23102,49.92000,0.41322,89.91355,,50.00000,20.00000,0.86893,1
105,4993,537.32703,49.93000,0.41293,89.91360,,50.00000,20.00000,0.86880,1
105,4994,537.43402,49.94000,0.41359,89.91367,,50.00000,20.00000,0.86865,1
105,4995,537.52802,49.95000,0.41401,89.91237,,50.00000,20.00000,0.86853,1
105,4996,537.62799,49.96000,0.41431,89.91107,,50.00000,20.00000,0.86839,1
105,4997,537.72198,49.97000,0.41425,89.90841,,50.00000,20.00000,0.86826,1
105,4998,537.82397,49.98000,0.41420,89.90710,,50.00000,20.00000,0.86812,1
105,4999,537.93103,49.99000,0.41380,89.90444,,50.00000,20.00000,0.86797,1
105,5000,538.03400,50.00000,0.41375,89.90179,,50.00000,20.00000,0.86783,1
105,5001,538.13202,50.01000,0.41357,89.90049,,50.00000,20.00000,0.86769,1
105,5002,538.22400,50.02000,0.41339,89.89784,,50.00000,20.00000,0.86757,1
105,5003,538.33099,50.03000,0.41370,89.89655,,50.00000,20.00000,0.86742,1
105,5004,538.42603,50.04000,0.41365,89.89527,,50.00000,20.00000,0.86729,1
105,5005,538.52600,50.05000,0.41312,89.89398,,50.00000,20.00000,0.86715,1
105,5006,538.62701,50.06000,0.41330,89.89268,,50.00000,20.00000,0.86701,1
105,5007,538.72400,50.07000,0.41384,89.89139,,50.00000,20.00000,0.86688,1
105,5008,538.82098,50.08000,0.41462,89.89009,,50.00000,20.00000,0.86675,1
105,5009,538.92798,50.09000,0.41445,89.89016,,50.00000,20.00000,0.86660,1
105,5010,539.03101,50.10000,0.41464,89.89023,,50.00000,20.00000,0.86646,1
105,5011,539.11902,50.11000,0.41470,89.88894,,50.00000,20.00000,0.86634,1
105,5012,539.22400,50.12000,0.41477,89.88901,,50.00000,20.00000,0.86619,1
105,5013,539.31299,50.13000,0.41483,89.88907,,50.00000,20.00000,0.86607,1
105,5014,539.42603,50.14000,0.41490,89.88913,,50.00000,20.00000,0.86591,1
105,5015,539.51398,50.15000,0.41448,89.88782,,50.00000,20.00000,0.86579,1
105,5016,539.62701,50.16000,0.41444,89.88785,,50.00000,20.00000,0.86564,1
105,5017,539.71503,50.17000,0.41449,89.88652,,50.00000,20.00000,0.86552,1
105,5018,539.82599,50.18000,0.41457,89.88656,,50.00000,20.00000,0.86536,1
105,5019,539.93201,50.19000,0.41547,89.88526,,50.00000,20.00000,0.86522,1
105,5020,540.03003,50.20000,0.41554,89.88531,,50.00000,20.00000,0.86508,1
105,5021,540.13000,50.21000,0.41548,89.88402,,50.00000,20.00000,0.86494,1
105,5022,540.22101,50.22000,0.41554,89.88409,,50.00000,20.00000,0.86482,1
105,5023,540.32098,50.23000,0.41549,89.88281,,50.00000,20.00000,0.86468,1
105,5024,540.42603,50.24000,0.41592,89.88152,,50.00000,20.00000,0.86454,1
105,5025,540.52002,50.25000,0.41586,89.88158,,50.00000,20.00000,0.86441,1
105,5026,540.62201,50.26000,0.41545,89.88029,,50.00000,20.00000,0.86427,1
105,5027,540.72101,50.27000,0.41564,89.87899,,50.00000,20.00000,0.86413,1
105,5028,540.82300,50.28000,0.41570,89.87770,,50.00000,20.00000,0.86399,1
105,5029,540.92297,50.29000,0.41589,89.87777,,50.00000,20.00000,0.86385,1
105,5030,541.02197,50.30000,0.41584,89.87649,,50.00000,20.00000,0.86371,1
105,5031,541.12299,50.31000,0.41602,89.87520,,50.00000,20.00000,0.86358,1
105,5032,541.21002,50.32000,0.41608,89.87390,,50.00000,20.00000,0.86346,1
105,5033,541.31897,50.33000,0.41603,89.87261,,50.00000,20.00000,0.86331,1
105,5034,541.41901,50.34000,0.41634,89.87131,,50.00000,20.00000,0.86317,1
105,5035,541.52002,50.35000,0.41629,89.87001,,50.00000,20.00000,0.86303,1
105,5036,541.62000,50.36000,0.41647,89.86737,,50.00000,20.00000,0.86289,1
105,5037,541.72198,50.37000,0.41642,89.86472,,50.00000,20.00000,0.86275,1
105,5038,541.81500,50.38000,0.41672,89.86208,,50.00000,20.00000,0.86262,1
105,5039,541.91803,50.39000,0.41679,89.86080,,50.00000,20.00000,0.86248,1
105,5040,542.01898,50.40000,0.41662,89.85817,,50.00000,20.00000,0.86234,1
105,5041,542.11298,50.41000,0.41680,89.85689,,50.00000,20.00000,0.86221,1
105,5042,542.21198,50.42000,0.41687,89.85560,,50.00000,20.00000,0.86207,1
105,5043,542.31702,50.43000,0.41718,89.85296,,50.00000,20.00000,0.86193,1
105,5044,542.40198,50.44000,0.41711,89.85165,,50.00000,20.00000,0.86181,1
105,5045,542.51703,50.45000,0.41755,89.84765,,50.00000,20.00000,0.86165,1
105,5046,542.61700,50.46000,0.41750,89.84500,,50.00000,20.00000,0.86151,1
105,5047,542.71802,50.47000,0.41769,89.84235,,50.00000,20.00000,0.86137,1
105,5048,542.81299,50.48000,0.41775,89.83970,,50.00000,20.00000,0.86124,1
105,5049,542.90900,50.49000,0.41781,89.83570,,50.00000,20.00000,0.86111,1
105,5050,543.01300,50.50000,0.41776,89.83307,,50.00000,20.00000,0.86097,1
105,5051,543.11700,50.51000,0.41759,89.83044,,50.00000,20.00000,0.86082,1
105,5052,543.21198,50.52000,0.41802,89.82779,,50.00000,20.00000,0.86069,1
105,5053,543.30298,50.53000,0.41832,89.82514,,50.00000,20.00000,0.86057,1
105,5054,543.41302,50.54000,0.41851,89.82250,,50.00000,20.00000,0.86041,1
105,5055,543.50800,50.55000,0.41906,89.82120,,50.00000,20.00000,0.86028,1
105,5056,543.61200,50.56000,0.41901,89.81989,,50.00000,20.00000,0.86014,1
105,5057,543.71002,50.57000,0.41871,89.81859,,50.00000,20.00000,0.86000,1
105,5058,543.81201,50.58000,0.41866,89.81865,,50.00000,20.00000,0.85986,1
105,5059,543.91901,50.59000,0.41885,89.81737,,50.00000,20.00000,0.85972,1
105,5060,544.00897,50.60000,0.41903,89.81744,,50.00000,20.00000,0.85959,1
105,5061,544.10797,50.61000,0.41922,89.81616,,50.00000,20.00000,0.85945,1
105,5062,544.20398,50.62000,0.41904,89.81488,,50.00000,20.00000,0.85932,1
105,5063,544.31000,50.63000,0.41888,89.81496,,50.00000,20.00000,0.85917,1
105,5064,544.40503,50.64000,0.41918,89.81232,,50.00000,20.00000,0.85904,1
105,5065,544.50702,50.65000,0.41949,89.81105,,50.00000,20.00000,0.85890,1
105,5066,544.61298,50.66000,0.41980,89.80977,,50.00000,20.00000,0.85876,1
105,5067,544.69202,50.67000,0.42009,89.80847,,50.00000,20.00000,0.85865,1
105,5068,544.79901,50.68000,0.42005,89.80717,,50.00000,20.00000,0.85850,1
105,5069,544.90399,50.69000,0.42012,89.80453,,50.00000,20.00000,0.85835,1
105,5070,545.01202,50.70000,0.42019,89.80323,,50.00000,20.00000,0.85820,1
105,5071,545.10699,50.71000,0.42050,89.80193,,50.00000,20.00000,0.85807,1
105,5072,545.19501,50.72000,0.42068,89.79928,,50.00000,20.00000,0.85795,1
105,5073,545.30798,50.73000,0.42087,89.79800,,50.00000,20.00000,0.85779,1
105,5074,545.40601,50.74000,0.42106,89.79672,,50.00000,20.00000,0.85766,1
105,5075,545.50201,50.75000,0.42052,89.79543,,50.00000,20.00000,0.85753,1
105,5076,545.60101,50.76000,0.42083,89.79414,,50.00000,20.00000,0.85739,1
105,5077,545.70001,50.77000,0.42042,89.79285,,50.00000,20.00000,0.85725,1
105,5078,545.80200,50.78000,0.42049,89.79291,,50.00000,20.00000,0.85711,1
105,5079,545.89899,50.79000,0.42043,89.79161,,50.00000,20.00000,0.85698,1
105,5080,546.00201,50.80000,0.42038,89.79167,,50.00000,20.00000,0.85683,1
105,5081,546.10199,50.81000,0.42045,89.79173,,50.00000,20.00000,0.85670,1
105,5082,546.20203,50.82000,0.42100,89.79044,,50.00000,20.00000,0.85656,1
105,5083,546.30603,50.83000,0.42107,89.78916,,50.00000,20.00000,0.85641,1
105,5084,546.40399,50.84000,0.42150,89.78788,,50.00000,20.00000,0.85628,1
105,5085,546.49701,50.85000,0.42204,89.78796,,50.00000,20.00000,0.85615,1
105,5086,546.59497,50.86000,0.42175,89.78669,,50.00000,20.00000,0.85601,1
105,5087,546.69897,50.87000,0.42218,89.78542,,50.00000,20.00000,0.85587,1
105,5088,546.79303,50.88000,0.42213,89.78414,,50.00000,20.00000,0.85574,1
105,5089,546.89203,50.89000,0.42231,89.78286,,50.00000,20.00000,0.85560,1
105,5090,546.99799,50.90000,0.42215,89.78157,,50.00000,20.00000,0.85545,1
105,5091,547.08801,50.91000,0.42245,89.78026,,50.00000,20.00000,0.85533,1
105,5092,547.19202,50.92000,0.42216,89.77896,,50.00000,20.00000,0.85519,1
105,5093,547.29999,50.93000,0.42223,89.77767,,50.00000,20.00000,0.85504,1
105,5094,547.39801,50.94000,0.42254,89.77638,,50.00000,20.00000,0.85490,1
105,5095,547.49500,50.95000,0.42273,89.77509,,50.00000,20.00000,0.85477,1
105,5096,547.59399,50.96000,0.42267,89.77382,,50.00000,20.00000,0.85463,1
105,5097,547.69299,50.97000,0.42323,89.77259,,50.00000,20.00000,0.85449,1
105,5098,547.79498,50.98000,0.42330,89.77138,,50.00000,20.00000,0.85435,1
105,5099,547.89801,50.99000,0.42337,89.77020,,50.00000,20.00000,0.85421,1
105,5100,547.96802,50.99750,0.42378,89.77037,,50.00000,20.00000,0.85411,1
105,5101,548.46600,51.04750,0.42291,90.11499,,50.00000,20.00000,0.85342,2
105,5102,548.89001,51.09750,0.41630,90.11669,,50.00000,20.00000,0.85283,2
105,5103,549.24597,51.14750,0.41400,90.11762,,50.00000,20.00000,0.85234,2
105,5104,549.53699,51.19750,0.41419,90.11592,,50.00000,20.00000,0.85193,2
105,5105,549.76099,51.24750,0.41859,90.11387,,50.00000,20.00000,0.85162,2
105,5106,549.93500,51.29750,0.42332,90.11141,,50.00000,20.00000,0.85138,2
105,5107,550.07300,51.34750,0.42899,90.10861,,50.00000,20.00000,0.85119,2
105,5108,550.16998,51.39750,0.43331,90.10550,,50.00000,20.00000,0.85105,2
105,5109,550.24402,51.44750,0.43894,90.09945,,50.00000,20.00000,0.85095,2
105,5110,550.29401,51.49750,0.44238,90.09456,,50.00000,20.00000,0.85088,2
105,5111,550.33801,51.54750,0.44471,90.08548,,50.00000,20.00000,0.85082,2
105,5112,550.36298,51.59750,0.44704,90.07766,,50.00000,20.00000,0.85079,2
105,5113,550.38702,51.64750,0.44900,90.07248,,50.00000,20.00000,0.85075,2
105,5114,550.40302,51.69750,0.44998,90.06725,,50.00000,20.00000,0.85073,2
105,5115,550.41699,51.74750,0.45120,90.06201,,50.00000,20.00000,0.85071,2
105,5116,550.43799,51.79750,0.45158,90.05677,,50.00000,20.00000,0.85068,2
105,5117,550.45697,51.84750,0.45184,90.05559,,50.00000,20.00000,0.85066,2
105,5118,550.46600,51.89750,0.45173,90.05170,,50.00000,20.00000,0.85064,2
105,5119,550.48700,51.94750,0.45198,90.04784,,50.00000,20.00000,0.85061,2
105,5120,550.50598,51.99750,0.45346,90.03995,,50.00000,20.00000,0.85059,2
105,5121,550.53601,52.04750,0.45433,90.03346,,50.00000,20.00000,0.85055,2
105,5122,550.57098,52.09750,0.45520,90.02564,,50.00000,20.00000,0.85050,2
105,5123,550.59802,52.14750,0.45607,90.01921,,50.00000,20.00000,0.85046,2
105,5124,550.64301,52.19750,0.45732,90.01687,,50.00000,20.00000,0.85040,2
105,5125,550.68298,52.24750,0.45869,90.01727,,50.00000,20.00000,0.85034,2
105,5126,550.72900,52.29750,0.45945,90.01497,,50.00000,20.00000,0.85028,2
105,5127,550.76703,52.34750,0.46179,90.01269,,50.00000,20.00000,0.85022,2
105,5128,550.81500,52.39750,0.46316,90.00909,,50.00000,20.00000,0.85016,2
105,5129,550.86798,52.44750,0.46454,90.00686,,50.00000,20.00000,0.85008,2
105,5130,550.93103,52.49750,0.46616,90.00464,,50.00000,20.00000,0.85000,2
105,5131,550.96997,52.54750,0.46838,89.99428,,50.00000,20.00000,0.84994,2
105,5132,551.02100,52.59750,0.47048,89.97310,,50.00000,20.00000,0.84987,2
105,5133,551.07098,52.64750,0.47186,89.96137,,50.00000,20.00000,0.84980,2
105,5134,551.12598,52.69750,0.47409,89.96048,,50.00000,20.00000,0.84973,2
105,5135,551.18500,52.74750,0.47608,89.95964,,50.00000,20.00000,0.84964,2
105,5136,551.22900,52.79750,0.47782,89.95472,,50.00000,20.00000,0.84958,2
105,5137,551.28003,52.84750,0.47871,89.94704,,50.00000,20.00000,0.84951,2
105,5138,551.32202,52.89750,0.48008,89.94070,,50.00000,20.00000,0.84945,2
105,5139,551.36603,52.94750,0.48230,89.93706,,50.00000,20.00000,0.84939,2
105,5140,551.41199,52.99750,0.48343,89.93611,,50.00000,20.00000,0.84933,2
105,5141,551.45203,53.04750,0.48529,89.93650,,50.00000,20.00000,0.84927,2
105,5142,551.49500,53.09750,0.48617,89.93280,,50.00000,20.00000,0.84921,2
105,5143,551.52899,53.14750,0.48802,89.92909,,50.00000,20.00000,0.84917,2
105,5144,551.57501,53.19750,0.48940,89.92536,,50.00000,20.00000,0.84910,2
105,5145,551.59900,53.24750,0.49088,89.92159,,50.00000,20.00000,0.84907,2
105,5146,551.62701,53.29750,0.49211,89.91103,,50.00000,20.00000,0.84903,2
105,5147,551.65698,53.34750,0.49348,89.90316,,50.00000,20.00000,0.84899,2
105,5148,551.68201,53.39750,0.49374,89.89798,,50.00000,20.00000,0.84895,2
105,5149,551.70898,53.44750,0.49510,89.89142,,50.00000,20.00000,0.84892,2
105,5150,551.71698,53.49750,0.49632,89.88619,,50.00000,20.00000,0.84890,2
105,5151,551.74799,53.54750,0.49671,89.88502,,50.00000,20.00000,0.84886,2
105,5152,551.75598,53.59750,0.49806,89.88518,,50.00000,20.00000,0.84885,2
105,5153,551.77502,53.64750,0.49856,89.88533,,50.00000,20.00000,0.84882,2
105,5154,551.79199,53.69750,0.49930,89.88819,,50.00000,20.00000,0.84880,2
105,5155,551.80798,53.74750,0.50005,89.89103,,50.00000,20.00000,0.84878,2
105,5156,551.82300,53.79750,0.49982,89.88980,,50.00000,20.00000,0.84876,2
105,5157,551.83099,53.84750,0.50043,89.88855,,50.00000,20.00000,0.84875,2
105,5158,551.84802,53.89750,0.50142,89.88593,,50.00000,20.00000,0.84872,2
105,5159,551.84698,53.94750,0.50288,89.88464,,50.00000,20.00000,0.84872,2
105,5160,551.86298,53.99750,0.50362,89.88334,,50.00000,20.00000,0.84870,2
105,5161,551.86102,54.04750,0.50374,89.88202,,50.00000,20.00000,0.84870,2
105,5162,551.85901,54.09750,0.50459,89.88068,,50.00000,20.00000,0.84871,2
105,5163,551.85901,54.14750,0.50398,89.87935,,50.00000,20.00000,0.84871,2
105,5164,551.86700,54.19750,0.50521,89.87937,,50.00000,20.00000,0.84870,2
105,5165,551.87000,54.24750,0.50594,89.87939,,50.00000,20.00000,0.84869,2
105,5166,551.87201,54.29750,0.50716,89.87939,,50.00000,20.00000,0.84869,2
105,5167,551.86499,54.34750,0.50715,89.87939,,50.00000,20.00000,0.84870,2
105,5168,551.86700,54.39750,0.50861,89.87939,,50.00000,20.00000,0.84870,2
105,5169,551.86401,54.44750,0.50898,89.87940,,50.00000,20.00000,0.84870,2
105,5170,551.86102,54.49750,0.50958,89.87805,,50.00000,20.00000,0.84870,2
105,5171,551.86102,54.54750,0.50995,89.87536,,50.00000,20.00000,0.84870,2
105,5172,551.85901,54.59750,0.51019,89.86320,,50.00000,20.00000,0.84871,2
105,5173,551.86401,54.64750,0.51056,89.85104,,50.00000,20.00000,0.84870,2
105,5174,551.85101,54.69750,0.51115,89.84159,,50.00000,20.00000,0.84872,2
105,5175,551.84998,54.74750,0.51067,89.83620,,50.00000,20.00000,0.84872,2
105,5176,551.83301,54.79750,0.51223,89.82946,,50.00000,20.00000,0.84874,2
105,5177,551.83398,54.84750,0.51236,89.82408,,50.00000,20.00000,0.84874,2
105,5178,551.82300,54.89750,0.51259,89.81870,,50.00000,20.00000,0.84876,2
105,5179,551.81598,54.94750,0.51319,89.81331,,50.00000,20.00000,0.84877,2
105,5180,551.81598,54.99750,0.51356,89.81199,,50.00000,20.00000,0.84877,2
105,5181,551.80603,55.04750,0.51392,89.81202,,50.00000,20.00000,0.84878,2
105,5182,551.80499,55.07333,0.51440,89.81205,,50.00000,20.00000,0.84878,2
105,5183,551.79303,55.12333,0.51536,89.81072,,50.00000,20.00000,0.84880,2
105,5184,551.78900,55.17333,0.51658,89.80805,,50.00000,20.00000,0.84880,2
105,5185,551.78601,55.22333,0.51718,89.80539,,50.00000,20.00000,0.84881,2
105,5186,551.78198,55.27333,0.51706,89.79867,,50.00000,20.00000,0.84881,2
105,5187,551.77197,55.32333,0.51717,89.79466,,50.00000,20.00000,0.84883,2
105,5188,551.75598,55.37333,0.51752,89.79064,,50.00000,20.00000,0.84885,2
105,5189,551.74103,55.42333,0.51775,89.77580,,50.00000,20.00000,0.84887,2
105,5190,551.73798,55.47333,0.51909,89.76503,,50.00000,20.00000,0.84888,2
105,5191,551.71802,55.52333,0.51883,89.75560,,50.00000,20.00000,0.84890,2
105,5192,551.71198,55.57333,0.51992,89.75159,,50.00000,20.00000,0.84891,2
105,5193,551.71100,55.62333,0.51967,89.75165,,50.00000,20.00000,0.84891,2
105,5194,551.69897,55.67333,0.51979,89.75171,,50.00000,20.00000,0.84893,2
105,5195,551.68201,55.72333,0.52038,89.75176,,50.00000,20.00000,0.84895,2
105,5196,551.67297,55.77333,0.51940,89.75181,,50.00000,20.00000,0.84897,2
105,5197,551.65698,55.82333,0.52072,89.75187,,50.00000,20.00000,0.84899,2
105,5198,551.65302,55.87333,0.52157,89.75193,,50.00000,20.00000,0.84899,2
105,5199,551.63397,55.92333,0.52131,89.74928,,50.00000,20.00000,0.84902,2
105,5200,551.62500,55.97333,0.52264,89.74664,,50.00000,20.00000,0.84903,2
105,5201,551.61902,56.02333,0.52227,89.74400,,50.00000,20.00000,0.84904,2
105,5202,551.60199,56.07333,0.52360,89.74135,,50.00000,20.00000,0.84906,2
105,5203,551.58801,56.12333,0.52371,89.73870,,50.00000,20.00000,0.84908,2
105,5204,551.57501,56.17333,0.52382,89.73604,,50.00000,20.00000,0.84910,2
105,5205,551.56201,56.22333,0.52429,89.73339,,50.00000,20.00000,0.84912,2
105,5206,551.55298,56.27333,0.52477,89.73074,,50.00000,20.00000,0.84913,2
105,5207,551.54797,56.32333,0.52501,89.72674,,50.00000,20.00000,0.84914,2
105,5208,551.53998,56.37333,0.52488,89.72273,,50.00000,20.00000,0.84915,2
105,5209,551.52100,56.42333,0.52474,89.72008,,50.00000,20.00000,0.84918,2
105,5210,551.51898,56.47333,0.52571,89.71743,,50.00000,20.00000,0.84918,2
105,5211,551.50000,56.52333,0.52582,89.71479,,50.00000,20.00000,0.84921,2
105,5212,551.49298,56.57333,0.52606,89.71079,,50.00000,20.00000,0.84922,2
105,5213,551.46600,56.62333,0.52567,89.70813,,50.00000,20.00000,0.84925,2
105,5214,551.46198,56.67333,0.52639,89.70549,,50.00000,20.00000,0.84926,2
105,5215,551.45599,56.72333,0.52651,89.70285,,50.00000,20.00000,0.84927,2
105,5216,551.43799,56.77333,0.52747,89.70020,,50.00000,20.00000,0.84929,2
105,5217,551.43201,56.82333,0.52722,89.69891,,50.00000,20.00000,0.84930,2
105,5218,551.42297,56.87333,0.52794,89.69898,,50.00000,20.00000,0.84931,2
105,5219,551.39801,56.92333,0.52792,89.69903,,50.00000,20.00000,0.84935,2
105,5220,551.38898,56.97333,0.52828,89.69910,,50.00000,20.00000,0.84936,2
105,5221,551.37799,57.02333,0.52863,89.69916,,50.00000,20.00000,0.84938,2
105,5222,551.35797,57.07333,0.52934,89.69921,,50.00000,20.00000,0.84940,2
105,5223,551.35602,57.12333,0.52946,89.69927,,50.00000,20.00000,0.84941,2
105,5224,551.34497,57.17333,0.52945,89.69933,,50.00000,20.00000,0.84942,2
105,5225,551.33502,57.22333,0.52932,89.69803,,50.00000,20.00000,0.84944,2
105,5226,551.32001,57.27333,0.52992,89.69673,,50.00000,20.00000,0.84946,2
105,5227,551.31201,57.32333,0.53052,89.68461,,50.00000,20.00000,0.84947,2
105,5228,551.29700,57.37333,0.53075,89.67383,,50.00000,20.00000,0.84949,2
105,5229,551.28900,57.42333,0.53184,89.66713,,50.00000,20.00000,0.84950,2
105,5230,551.28101,57.47333,0.53110,89.66042,,50.00000,20.00000,0.84951,2
105,5231,551.26202,57.52333,0.53145,89.65099,,50.00000,20.00000,0.84954,2
105,5232,551.25403,57.57333,0.53193,89.64158,,50.00000,20.00000,0.84955,2
105,5233,551.24799,57.62333,0.53265,89.63893,,50.00000,20.00000,0.84956,2
105,5234,551.23499,57.67333,0.53264,89.63357,,50.00000,20.00000,0.84957,2
105,5235,551.21399,57.72333,0.53214,89.62821,,50.00000,20.00000,0.84960,2
105,5236,551.20697,57.77333,0.53225,89.62556,,50.00000,20.00000,0.84961,2
105,5237,551.20203,57.82333,0.53200,89.62562,,50.00000,20.00000,0.84962,2
105,5238,551.19098,57.87333,0.53297,89.62567,,50.00000,20.00000,0.84964,2
105,5239,551.17499,57.92333,0.53380,89.62571,,50.00000,20.00000,0.84966,2
105,5240,551.16302,57.97333,0.53404,89.62576,,50.00000,20.00000,0.84967,2
105,5241,551.15900,58.02333,0.53403,89.62311,,50.00000,20.00000,0.84968,2
105,5242,551.15302,58.07333,0.53439,89.62182,,50.00000,20.00000,0.84969,2
105,5243,551.14001,58.12333,0.53426,89.61917,,50.00000,20.00000,0.84971,2
105,5244,551.12903,58.17333,0.53461,89.61787,,50.00000,20.00000,0.84972,2
105,5245,551.11102,58.22333,0.53448,89.61522,,50.00000,20.00000,0.84975,2
105,5246,551.09900,58.27333,0.53459,89.61392,,50.00000,20.00000,0.84976,2
105,5247,551.08698,58.32333,0.53494,89.61262,,50.00000,20.00000,0.84978,2
105,5248,551.07800,58.37333,0.53396,89.61267,,50.00000,20.00000,0.84979,2
105,5249,551.06799,58.42333,0.53493,89.61271,,50.00000,20.00000,0.84981,2
105,5250,551.06201,58.47333,0.53528,89.61276,,50.00000,20.00000,0.84981,2
105,5251,551.05701,58.52333,0.53564,89.61282,,50.00000,20.00000,0.84982,2
105,5252,551.05499,58.57333,0.53589,89.61153,,50.00000,20.00000,0.84982,2
105,5253,551.02698,58.62333,0.53598,89.61023,,50.00000,20.00000,0.84986,2
105,5254,551.02301,58.67333,0.53610,89.61026,,50.00000,20.00000,0.84987,2
105,5255,551.01202,58.72333,0.53670,89.60894,,50.00000,20.00000,0.84988,2
105,5256,551.00702,58.77333,0.53657,89.60763,,50.00000,20.00000,0.84989,2
105,5257,550.99701,58.82333,0.53620,89.60362,,50.00000,20.00000,0.84991,2
105,5258,550.98901,58.87333,0.53595,89.59826,,50.00000,20.00000,0.84992,2
105,5259,550.97900,58.92333,0.53716,89.59560,,50.00000,20.00000,0.84993,2
105,5260,550.97302,58.97333,0.53739,89.59023,,50.00000,20.00000,0.84994,2
105,5261,550.95300,59.02333,0.53750,89.58215,,50.00000,20.00000,0.84997,2
105,5262,550.95001,59.07333,0.53725,89.57680,,50.00000,20.00000,0.84997,2
105,5263,550.93597,59.12333,0.53833,89.56333,,50.00000,20.00000,0.84999,2
105,5264,550.93402,59.17333,0.53870,89.55119,,50.00000,20.00000,0.84999,2
105,5265,550.91400,59.22333,0.53868,89.54175,,50.00000,20.00000,0.85002,2
105,5266,550.90698,59.27333,0.53843,89.53908,,50.00000,20.00000,0.85003,2
105,5267,550.89697,59.32333,0.53878,89.53913,,50.00000,20.00000,0.85004,2
105,5268,550.88501,59.37333,0.53890,89.53918,,50.00000,20.00000,0.85006,2
105,5269,550.88898,59.42333,0.53853,89.53922,,50.00000,20.00000,0.85006,2
105,5270,550.88000,59.47333,0.53938,89.53927,,50.00000,20.00000,0.85007,2
105,5271,550.87598,59.52333,0.53986,89.53931,,50.00000,20.00000,0.85007,2
105,5272,550.85400,59.57333,0.53960,89.53935,,50.00000,20.00000,0.85010,2
105,5273,550.84601,59.62333,0.53959,89.53940,,50.00000,20.00000,0.85012,2
105,5274,550.84302,59.67333,0.53947,89.53944,,50.00000,20.00000,0.85012,2
105,5275,550.82300,59.72333,0.53969,89.53947,,50.00000,20.00000,0.85015,2
105,5276,550.83002,59.77333,0.53970,89.53952,,50.00000,20.00000,0.85014,2
105,5277,550.81799,59.82333,0.54066,89.53958,,50.00000,20.00000,0.85015,2
105,5278,550.81299,59.87333,0.54065,89.53962,,50.00000,20.00000,0.85016,2
105,5279,550.79401,59.92333,0.54064,89.53966,,50.00000,20.00000,0.85019,2
105,5280,550.78601,59.97333,0.54087,89.53970,,50.00000,20.00000,0.85020,2
105,5281,550.77197,60.02333,0.54074,89.53974,,50.00000,20.00000,0.85022,2
105,5282,550.77197,60.07333,0.54147,89.53844,,50.00000,20.00000,0.85022,2
105,5283,550.76801,60.12333,0.54122,89.53578,,50.00000,20.00000,0.85022,2
105,5284,550.75098,60.17333,0.54109,89.53447,,50.00000,20.00000,0.85025,2
105,5285,550.74200,60.22333,0.54181,89.53315,,50.00000,20.00000,0.85026,2
105,5286,550.73297,60.27333,0.54204,89.53184,,50.00000,20.00000,0.85027,2
105,5287,550.72601,60.32333,0.54167,89.53053,,50.00000,20.00000,0.85028,2
105,5288,550.72302,60.37333,0.54191,89.52923,,50.00000,20.00000,0.85029,2
105,5289,550.71198,60.42333,0.54251,89.52791,,50.00000,20.00000,0.85030,2
105,5290,550.69299,60.47333,0.54261,89.52658,,50.00000,20.00000,0.85033,2
105,5291,550.69397,60.52333,0.54176,89.52528,,50.00000,20.00000,0.85033,2
105,5292,550.69202,60.57333,0.54285,89.51856,,50.00000,20.00000,0.85033,2
105,5293,550.68500,60.62333,0.54248,89.51183,,50.00000,20.00000,0.85034,2
105,5294,550.66803,60.67333,0.54223,89.50915,,50.00000,20.00000,0.85036,2
105,5295,550.66101,60.72333,0.54283,89.50647,,50.00000,20.00000,0.85037,2
105,5296,550.65302,60.77333,0.54197,89.50380,,50.00000,20.00000,0.85038,2
105,5297,550.65399,60.82333,0.54294,89.50249,,50.00000,20.00000,0.85038,2
105,5298,550.64502,60.87333,0.54293,89.49981,,50.00000,20.00000,0.85039,2
105,5299,550.63501,60.92333,0.54353,89.49714,,50.00000,20.00000,0.85041,2
105,5300,550.63397,60.97333,0.54353,89.49447,,50.00000,20.00000,0.85041,2
105,5301,550.62701,61.02333,0.54304,89.49316,,50.00000,20.00000,0.85042,2
105,5302,550.61603,61.07333,0.54388,89.48913,,50.00000,20.00000,0.85043,2
105,5303,550.60797,61.12333,0.54436,89.48511,,50.00000,20.00000,0.85045,2
105,5304,550.59900,61.17333,0.54399,89.48245,,50.00000,20.00000,0.85046,2
105,5305,550.59100,61.22333,0.54362,89.47977,,50.00000,20.00000,0.85047,2
105,5306,550.58099,61.27333,0.54385,89.47710,,50.00000,20.00000,0.85048,2
105,5307,550.58099,61.32333,0.54373,89.47443,,50.00000,20.00000,0.85048,2
105,5308,550.56500,61.37333,0.54493,89.47174,,50.00000,20.00000,0.85051,2
105,5309,550.56702,61.42333,0.54481,89.46907,,50.00000,20.00000,0.85050,2
105,5310,550.56403,61.47333,0.54505,89.46639,,50.00000,20.00000,0.85051,2
105,5311,550.55701,61.52333,0.54468,89.46370,,50.00000,20.00000,0.85052,2
105,5312,550.55103,61.57333,0.54492,89.46102,,50.00000,20.00000,0.85052,2
105,5313,550.54498,61.62333,0.54479,89.45969,,50.00000,20.00000,0.85053,2
105,5314,550.54498,61.67333,0.54394,89.45972,,50.00000,20.00000,0.85053,2
105,5315,550.53699,61.72333,0.54478,89.45974,,50.00000,20.00000,0.85054,2
105,5316,550.53400,61.77333,0.54478,89.45977,,50.00000,20.00000,0.85055,2
105,5317,550.52698,61.82333,0.54526,89.45979,,50.00000,20.00000,0.85056,2
105,5318,550.52100,61.87333,0.54513,89.45982,,50.00000,20.00000,0.85057,2
105,5319,550.51898,61.92333,0.54513,89.45985,,50.00000,20.00000,0.85057,2
105,5320,550.51398,61.97333,0.54500,89.45853,,50.00000,20.00000,0.85058,2
105,5321,550.50598,62.02333,0.54524,89.45720,,50.00000,20.00000,0.85059,2
105,5322,550.49402,62.07333,0.54571,89.45587,,50.00000,20.00000,0.85060,2
105,5323,550.49799,62.12333,0.54608,89.45454,,50.00000,20.00000,0.85060,2
105,5324,550.48499,62.17333,0.54607,89.45186,,50.00000,20.00000,0.85062,2
105,5325,550.48499,62.22333,0.54534,89.45053,,50.00000,20.00000,0.85062,2
105,5326,550.47699,62.27333,0.54606,89.44920,,50.00000,20.00000,0.85063,2
105,5327,550.48297,62.32333,0.54643,89.44788,,50.00000,20.00000,0.85062,2
105,5328,550.47302,62.37333,0.54679,89.44655,,50.00000,20.00000,0.85063,2
105,5329,550.46301,62.42333,0.54617,89.44116,,50.00000,20.00000,0.85065,2
105,5330,550.45398,62.47333,0.54653,89.43847,,50.00000,20.00000,0.85066,2
105,5331,550.45599,62.52333,0.54665,89.43715,,50.00000,20.00000,0.85066,2
105,5332,550.45099,62.57333,0.54677,89.43582,,50.00000,20.00000,0.85066,2
105,5333,550.44299,62.62333,0.54688,89.43313,,50.00000,20.00000,0.85068,2
105,5334,550.44000,62.67333,0.54712,89.43180,,50.00000,20.00000,0.85068,2
105,5335,550.43903,62.72333,0.54724,89.43047,,50.00000,20.00000,0.85068,2
105,5336,550.43103,62.77333,0.54699,89.42913,,50.00000,20.00000,0.85069,2
105,5337,550.42102,62.82333,0.54771,89.42643,,50.00000,20.00000,0.85071,2
105,5338,550.42700,62.87333,0.54784,89.42510,,50.00000,20.00000,0.85070,2
105,5339,550.43201,62.92333,0.54857,89.42242,,50.00000,20.00000,0.85069,2
105,5340,550.43103,62.97333,0.54845,89.42109,,50.00000,20.00000,0.85069,2
105,5341,550.40601,63.02333,0.54843,89.41974,,50.00000,20.00000,0.85073,2
105,5342,550.41199,63.07333,0.54783,89.41842,,50.00000,20.00000,0.85072,2
105,5343,550.40900,63.12333,0.54819,89.41574,,50.00000,20.00000,0.85072,2
105,5344,550.39600,63.17333,0.54769,89.41170,,50.00000,20.00000,0.85074,2
105,5345,550.40002,63.22333,0.54842,89.40902,,50.00000,20.00000,0.85073,2
105,5346,550.39099,63.27333,0.54817,89.40768,,50.00000,20.00000,0.85075,2
105,5347,550.38000,63.32333,0.54877,89.40499,,50.00000,20.00000,0.85076,2
105,5348,550.38300,63.37333,0.54914,89.40366,,50.00000,20.00000,0.85076,2
105,5349,550.38501,63.42333,0.54902,89.40098,,50.00000,20.00000,0.85076,2
105,5350,550.38501,63.47333,0.54914,89.39964,,50.00000,20.00000,0.85076,2
105,5351,550.36700,63.52333,0.54900,89.39965,,50.00000,20.00000,0.85078,2
105,5352,550.36401,63.57333,0.54803,89.39695,,50.00000,20.00000,0.85078,2
105,5353,550.36902,63.62333,0.54900,89.39562,,50.00000,20.00000,0.85078,2
105,5354,550.36603,63.67333,0.54912,89.39429,,50.00000,20.00000,0.85078,2
105,5355,550.37299,63.72333,0.54913,89.39296,,50.00000,20.00000,0.85077,2
105,5356,550.35699,63.77333,0.54887,89.39026,,50.00000,20.00000,0.85079,2
105,5357,550.34302,63.82333,0.54922,89.38620,,50.00000,20.00000,0.85081,2
105,5358,550.34802,63.87333,0.54959,89.38351,,50.00000,20.00000,0.85081,2
105,5359,550.34998,63.92333,0.54971,89.38083,,50.00000,20.00000,0.85080,2
105,5360,550.35699,63.97333,0.54996,89.37678,,50.00000,20.00000,0.85079,2
105,5361,550.34399,64.02333,0.55019,89.37002,,50.00000,20.00000,0.85081,2
105,5362,550.34198,64.07333,0.54983,89.36598,,50.00000,20.00000,0.85082,2
105,5363,550.33600,64.12333,0.55043,89.36193,,50.00000,20.00000,0.85082,2
105,5364,550.33698,64.17333,0.55007,89.35925,,50.00000,20.00000,0.85082,2
105,5365,550.33301,64.22333,0.55030,89.35927,,50.00000,20.00000,0.85083,2
105,5366,550.32001,64.27333,0.55005,89.35929,,50.00000,20.00000,0.85085,2
105,5367,550.32898,64.32333,0.54897,89.35931,,50.00000,20.00000,0.85083,2
105,5368,550.31000,64.37333,0.55065,89.35932,,50.00000,20.00000,0.85086,2
105,5369,550.32001,64.42333,0.54993,89.35799,,50.00000,20.00000,0.85085,2
105,5370,550.30701,64.47333,0.55040,89.35123,,50.00000,20.00000,0.85086,2
105,5371,550.30798,64.52333,0.55089,89.34719,,50.00000,20.00000,0.85086,2
105,5372,550.31000,64.57333,0.55053,89.34451,,50.00000,20.00000,0.85086,2
105,5373,550.30402,64.62333,0.55137,89.34182,,50.00000,20.00000,0.85087,2
105,5374,550.30200,64.67333,0.55149,89.33912,,50.00000,20.00000,0.85087,2
105,5375,550.28998,64.72333,0.55136,89.33642,,50.00000,20.00000,0.85089,2
105,5376,550.28601,64.77333,0.55087,89.33238,,50.00000,20.00000,0.85089,2
105,5377,550.29797,64.82333,0.55161,89.32970,,50.00000,20.00000,0.85088,2
105,5378,550.28601,64.87333,0.55123,89.32700,,50.00000,20.00000,0.85089,2
105,5379,550.28101,64.92333,0.55159,89.32565,,50.00000,20.00000,0.85090,2
105,5380,550.28101,64.97333,0.55123,89.32567,,50.00000,20.00000,0.85090,2
105,5381,550.28601,65.02333,0.55257,89.32569,,50.00000,20.00000,0.85089,2
105,5382,550.27399,65.07333,0.55159,89.32569,,50.00000,20.00000,0.85091,2
105,5383,550.27002,65.12333,0.55122,89.32570,,50.00000,20.00000,0.85092,2
105,5384,550.27100,65.17333,0.55183,89.32572,,50.00000,20.00000,0.85091,2
105,5385,550.27502,65.22333,0.55147,89.32573,,50.00000,20.00000,0.85091,2
105,5386,550.26801,65.27333,0.55146,89.32575,,50.00000,20.00000,0.85092,2
105,5387,550.26898,65.32333,0.55182,89.32577,,50.00000,20.00000,0.85092,2
105,5388,550.26001,65.37333,0.55157,89.32578,,50.00000,20.00000,0.85093,2
105,5389,550.25098,65.42333,0.55120,89.32580,,50.00000,20.00000,0.85094,2
105,5390,550.25500,65.47333,0.55169,89.32582,,50.00000,20.00000,0.85094,2
105,5391,550.25201,65.52333,0.55217,89.32584,,50.00000,20.00000,0.85094,2
105,5392,550.23901,65.57333,0.55240,89.32449,,50.00000,20.00000,0.85096,2
105,5393,550.24902,65.62333,0.55253,89.32315,,50.00000,20.00000,0.85094,2
105,5394,550.23602,65.67333,0.55228,89.32181,,50.00000,20.00000,0.85096,2
105,5395,550.24103,65.72333,0.55338,89.32182,,50.00000,20.00000,0.85096,2
105,5396,550.23700,65.77333,0.55265,89.32589,,50.00000,20.00000,0.85096,2
105,5397,550.23798,65.82333,0.55289,89.33944,,50.00000,20.00000,0.85096,2
105,5398,550.24103,65.87333,0.55326,89.35299,,50.00000,20.00000,0.85096,2
105,5399,550.22900,65.92333,0.55300,89.34622,,50.00000,20.00000,0.85097,2
105,5400,550.22198,65.97333,0.55312,89.32862,,50.00000,20.00000,0.85098,2
105,5401,550.22400,66.02333,0.55348,89.31646,,50.00000,20.00000,0.85098,2
105,5402,550.23401,66.07333,0.55386,89.31241,,50.00000,20.00000,0.85097,2
105,5403,550.22803,66.12333,0.55288,89.31241,,50.00000,20.00000,0.85097,2
105,5404,550.22302,66.17333,0.55324,89.30835,,50.00000,20.00000,0.85098,2
105,5405,550.22498,66.22333,0.55348,89.30159,,50.00000,20.00000,0.85098,2
105,5406,550.22302,66.27333,0.55360,89.29482,,50.00000,20.00000,0.85098,2
105,5407,550.21802,66.32333,0.55421,89.28942,,50.00000,20.00000,0.85099,2
105,5408,550.23297,66.37333,0.55410,89.28537,,50.00000,20.00000,0.85097,2
105,5409,550.22198,66.42333,0.55421,89.28538,,50.00000,20.00000,0.85098,2
105,5410,550.21503,66.47333,0.55299,89.28539,,50.00000,20.00000,0.85099,2
105,5411,550.21301,66.52333,0.55420,89.28541,,50.00000,20.00000,0.85099,2
105,5412,550.21698,66.57333,0.55396,89.28543,,50.00000,20.00000,0.85099,2
105,5413,550.20398,66.62333,0.55431,89.28544,,50.00000,20.00000,0.85101,2
105,5414,550.20801,66.67333,0.55420,89.28546,,50.00000,20.00000,0.85100,2
105,5415,550.19897,66.72333,0.55419,89.28547,,50.00000,20.00000,0.85101,2
105,5416,550.19299,66.77333,0.55443,89.28277,,50.00000,20.00000,0.85102,2
105,5417,550.19598,66.82333,0.55431,89.28007,,50.00000,20.00000,0.85102,2
105,5418,550.20300,66.87333,0.55395,89.27873,,50.00000,20.00000,0.85101,2
105,5419,550.20001,66.92333,0.55467,89.27603,,50.00000,20.00000,0.85101,2
105,5420,550.19299,66.97333,0.55479,89.27332,,50.00000,20.00000,0.85102,2
105,5421,550.19702,67.02333,0.55467,89.27062,,50.00000,20.00000,0.85102,2
105,5422,550.19098,67.07333,0.55467,89.26927,,50.00000,20.00000,0.85103,2
105,5423,550.19000,67.12333,0.55430,89.26657,,50.00000,20.00000,0.85103,2
105,5424,550.19098,67.17333,0.55467,89.26387,,50.00000,20.00000,0.85103,2
105,5425,550.18799,67.22333,0.55479,89.26117,,50.00000,20.00000,0.85103,2
105,5426,550.19098,67.27333,0.55515,89.25982,,50.00000,20.00000,0.85103,2
105,5427,550.18298,67.32333,0.55442,89.25848,,50.00000,20.00000,0.85104,2
105,5428,550.19098,67.37333,0.55442,89.25849,,50.00000,20.00000,0.85103,2
105,5429,550.17700,67.42333,0.55550,89.25850,,50.00000,20.00000,0.85104,2
105,5430,550.17902,67.47333,0.55563,89.25581,,50.00000,20.00000,0.85104,2
105,5431,550.17700,67.52333,0.55502,89.25447,,50.00000,20.00000,0.85104,2
105,5432,550.17603,67.57333,0.55575,89.25313,,50.00000,20.00000,0.85105,2
105,5433,550.15900,67.62333,0.55658,89.25042,,50.00000,20.00000,0.85107,2
105,5434,550.16901,67.67333,0.55525,89.24908,,50.00000,20.00000,0.85106,2
105,5435,550.16602,67.72333,0.55574,89.24639,,50.00000,20.00000,0.85106,2
105,5436,550.17200,67.77333,0.55513,89.24504,,50.00000,20.00000,0.85105,2
105,5437,550.16101,67.82333,0.55597,89.24097,,50.00000,20.00000,0.85107,2
105,5438,550.16602,67.87333,0.55586,89.23692,,50.00000,20.00000,0.85106,2
105,5439,550.16901,67.92333,0.55622,89.23558,,50.00000,20.00000,0.85106,2
105,5440,550.16803,67.97333,0.55610,89.23288,,50.00000,20.00000,0.85106,2
105,5441,550.15601,68.02333,0.55609,89.22476,,50.00000,20.00000,0.85107,2
105,5442,550.16101,68.07333,0.55610,89.21936,,50.00000,20.00000,0.85107,2
105,5443,550.15399,68.12333,0.55597,89.21532,,50.00000,20.00000,0.85108,2
105,5444,550.15997,68.17333,0.55658,89.21263,,50.00000,20.00000,0.85107,2
105,5445,550.14801,68.22333,0.55705,89.21129,,50.00000,20.00000,0.85108,2
105,5446,550.14600,68.27333,0.55632,89.21129,,50.00000,20.00000,0.85109,2
105,5447,550.14502,68.32333,0.55669,89.20994,,50.00000,20.00000,0.85109,2
105,5448,550.14801,68.37333,0.55645,89.20724,,50.00000,20.00000,0.85108,2
105,5449,550.14398,68.42333,0.55632,89.20453,,50.00000,20.00000,0.85109,2
105,5450,550.14301,68.47333,0.55693,89.20183,,50.00000,20.00000,0.85109,2
105,5451,550.15100,68.52333,0.55609,89.20048,,50.00000,20.00000,0.85108,2
105,5452,550.14398,68.57333,0.55547,89.19778,,50.00000,20.00000,0.85109,2
105,5453,550.14301,68.62333,0.55669,89.19778,,50.00000,20.00000,0.85109,2
105,5454,550.14099,68.67333,0.55681,89.19778,,50.00000,20.00000,0.85109,2
105,5455,550.14502,68.72333,0.55742,89.19643,,50.00000,20.00000,0.85109,2
105,5456,550.13397,68.77333,0.55753,89.19508,,50.00000,20.00000,0.85110,2
105,5457,550.13898,68.82333,0.55850,89.19374,,50.00000,20.00000,0.85110,2
105,5458,550.14398,68.87333,0.55766,89.19240,,50.00000,20.00000,0.85109,2
105,5459,550.13898,68.92333,0.55729,89.18834,,50.00000,20.00000,0.85110,2
105,5460,550.13501,68.97333,0.55826,89.18293,,50.00000,20.00000,0.85110,2
105,5461,550.13702,69.02333,0.55789,89.17617,,50.00000,20.00000,0.85110,2
105,5462,550.13202,69.07333,0.55825,89.16669,,50.00000,20.00000,0.85111,2
105,5463,550.12903,69.12333,0.55813,89.15993,,50.00000,20.00000,0.85111,2
105,5464,550.13000,69.17333,0.55777,89.15723,,50.00000,20.00000,0.85111,2
105,5465,550.13599,69.22333,0.55729,89.15724,,50.00000,20.00000,0.85110,2
105,5466,550.13397,69.27333,0.55728,89.15725,,50.00000,20.00000,0.85110,2
105,5467,550.12500,69.32333,0.55813,89.15725,,50.00000,20.00000,0.85112,2
105,5468,550.12701,69.37333,0.55776,89.15726,,50.00000,20.00000,0.85111,2
105,5469,550.12000,69.42333,0.55861,89.15727,,50.00000,20.00000,0.85112,2
105,5470,550.12097,69.47333,0.55776,89.15727,,50.00000,20.00000,0.85112,2
105,5471,550.11902,69.52333,0.55800,89.15728,,50.00000,20.00000,0.85113,2
105,5472,550.12402,69.57333,0.55764,89.15728,,50.00000,20.00000,0.85112,2
105,5473,550.12000,69.62333,0.55836,89.15729,,50.00000,20.00000,0.85112,2
105,5474,550.12799,69.67333,0.55874,89.15729,,50.00000,20.00000,0.85111,2
105,5475,550.12903,69.72333,0.55801,89.15594,,50.00000,20.00000,0.85111,2
105,5476,550.11499,69.77333,0.55824,89.15594,,50.00000,20.00000,0.85113,2
105,5477,550.12201,69.82333,0.55752,89.15459,,50.00000,20.00000,0.85112,2
105,5478,550.12402,69.87333,0.55897,89.15324,,50.00000,20.00000,0.85112,2
105,5479,550.11499,69.92333,0.55812,89.15188,,50.00000,20.00000,0.85113,2
105,5480,550.12201,69.97333,0.55861,89.15189,,50.00000,20.00000,0.85112,2
105,5481,550.12598,70.02333,0.55801,89.15055,,50.00000,20.00000,0.85112,2
105,5482,550.11798,70.07333,0.55836,89.14920,,50.00000,20.00000,0.85113,2
105,5483,550.11298,70.12333,0.55933,89.14784,,50.00000,20.00000,0.85113,2
105,5484,550.11700,70.17333,0.55897,89.14785,,50.00000,20.00000,0.85113,2
105,5485,550.11200,70.22333,0.55884,89.14650,,50.00000,20.00000,0.85113,2
105,5486,550.11499,70.27333,0.55909,89.14516,,50.00000,20.00000,0.85113,2
105,5487,550.10999,70.32333,0.55872,89.14381,,50.00000,20.00000,0.85114,2
105,5488,550.11603,70.37333,0.55909,89.14246,,50.00000,20.00000,0.85113,2
105,5489,550.10999,70.42333,0.55884,89.14112,,50.00000,20.00000,0.85114,2
105,5490,550.11102,70.47333,0.55920,89.14113,,50.00000,20.00000,0.85114,2
105,5491,550.10602,70.52333,0.55859,89.13978,,50.00000,20.00000,0.85114,2
105,5492,550.09900,70.57333,0.55907,89.13843,,50.00000,20.00000,0.85115,2
105,5493,550.10400,70.62333,0.55932,89.12762,,50.00000,20.00000,0.85115,2
105,5494,550.10797,70.67333,0.55884,89.11951,,50.00000,20.00000,0.85114,2
105,5495,550.09497,70.72333,0.55968,89.11410,,50.00000,20.00000,0.85116,2
105,5496,550.09198,70.77333,0.55943,89.11003,,50.00000,20.00000,0.85116,2
105,5497,550.09198,70.82333,0.55967,89.10463,,50.00000,20.00000,0.85116,2
105,5498,550.09998,70.87333,0.55980,89.10058,,50.00000,20.00000,0.85115,2
105,5499,550.09802,70.92333,0.55980,89.09652,,50.00000,20.00000,0.85115,2
105,5500,550.09802,70.97333,0.55992,89.09653,,50.00000,20.00000,0.85115,2
105,5501,550.09998,71.02333,0.56017,89.09518,,50.00000,20.00000,0.85115,2
105,5502,550.10400,71.07333,0.56005,89.09248,,50.00000,20.00000,0.85115,2
105,5503,550.09998,71.12333,0.55992,89.08842,,50.00000,20.00000,0.85115,2
105,5504,550.09698,71.17333,0.55980,89.08572,,50.00000,20.00000,0.85116,2
105,5505,550.09399,71.22333,0.56052,89.08166,,50.00000,20.00000,0.85116,2
105,5506,550.10101,71.27333,0.55956,89.07896,,50.00000,20.00000,0.85115,2
105,5507,550.09100,71.32333,0.55907,89.07490,,50.00000,20.00000,0.85116,2
105,5508,550.09698,71.37333,0.55992,89.07219,,50.00000,20.00000,0.85116,2
105,5509,550.09198,71.42333,0.56113,89.06949,,50.00000,20.00000,0.85116,2
105,5510,550.09100,71.47333,0.56113,89.06949,,50.00000,20.00000,0.85116,2
105,5511,550.09698,71.52333,0.56138,89.06951,,50.00000,20.00000,0.85116,2
105,5512,550.10400,71.57333,0.56065,89.06953,,50.00000,20.00000,0.85115,2
105,5513,550.10400,71.62333,0.56114,89.06953,,50.00000,20.00000,0.85115,2
105,5514,550.09698,71.67333,0.56101,89.06683,,50.00000,20.00000,0.85116,2
105,5515,550.09198,71.72333,0.56076,89.06548,,50.00000,20.00000,0.85116,2
105,5516,550.08899,71.77333,0.56064,89.06278,,50.00000,20.00000,0.85117,2
105,5517,550.08698,71.82333,0.56112,89.06144,,50.00000,20.00000,0.85117,2
105,5518,550.09100,71.87333,0.56113,89.05874,,50.00000,20.00000,0.85116,2
105,5519,550.08301,71.92333,0.56148,89.05603,,50.00000,20.00000,0.85118,2
105,5520,550.09100,71.97333,0.56089,89.05469,,50.00000,20.00000,0.85116,2
105,5521,550.08698,72.02333,0.56064,89.05198,,50.00000,20.00000,0.85117,2
105,5522,550.08002,72.07333,0.56027,89.05063,,50.00000,20.00000,0.85118,2
105,5523,550.08197,72.12333,0.56136,89.04793,,50.00000,20.00000,0.85118,2
105,5524,550.08801,72.17333,0.56076,89.04524,,50.00000,20.00000,0.85117,2
105,5525,550.08301,72.22333,0.56112,89.04388,,50.00000,20.00000,0.85118,2
105,5526,550.07703,72.27333,0.56099,89.04253,,50.00000,20.00000,0.85118,2
105,5527,550.08002,72.32333,0.56185,89.04253,,50.00000,20.00000,0.85118,2
105,5528,550.07703,72.37333,0.56099,89.04253,,50.00000,20.00000,0.85118,2
105,5529,550.08002,72.42333,0.56185,89.04254,,50.00000,20.00000,0.85118,2
105,5530,550.08002,72.47333,0.56124,89.04254,,50.00000,20.00000,0.85118,2
105,5531,550.07898,72.52333,0.56172,89.04254,,50.00000,20.00000,0.85118,2
105,5532,550.08197,72.57333,0.56185,89.04255,,50.00000,20.00000,0.85118,2
105,5533,550.08099,72.62333,0.56233,89.04255,,50.00000,20.00000,0.85118,2
105,5534,550.08099,72.67333,0.56185,89.04256,,50.00000,20.00000,0.85118,2
105,5535,550.08698,72.72333,0.56173,89.04256,,50.00000,20.00000,0.85117,2
105,5536,550.07300,72.77333,0.56123,89.04255,,50.00000,20.00000,0.85119,2
105,5537,550.07599,72.82333,0.56196,89.04255,,50.00000,20.00000,0.85118,2
105,5538,550.07599,72.87333,0.56160,89.04256,,50.00000,20.00000,0.85118,2
105,5539,550.08398,72.92333,0.56209,89.04257,,50.00000,20.00000,0.85117,2
105,5540,550.08398,72.97333,0.56221,89.04258,,50.00000,20.00000,0.85117,2
105,5541,550.08099,73.02333,0.56185,89.04259,,50.00000,20.00000,0.85118,2
105,5542,550.06897,73.07333,0.56208,89.04260,,50.00000,20.00000,0.85119,2
105,5543,550.06799,73.12333,0.56159,89.04260,,50.00000,20.00000,0.85120,2
105,5544,550.06299,73.17333,0.56207,89.04261,,50.00000,20.00000,0.85120,2
105,5545,550.06598,73.22333,0.56208,89.04262,,50.00000,20.00000,0.85120,2
105,5546,550.06403,73.27333,0.56244,89.04263,,50.00000,20.00000,0.85120,2
105,5547,550.06897,73.32333,0.56256,89.04263,,50.00000,20.00000,0.85119,2
105,5548,550.06201,73.37333,0.56304,89.04263,,50.00000,20.00000,0.85120,2
105,5549,550.06201,73.42333,0.56365,89.04127,,50.00000,20.00000,0.85120,2
105,5550,550.06598,73.47333,0.56268,89.03993,,50.00000,20.00000,0.85120,2
105,5551,550.07098,73.52333,0.56281,89.03994,,50.00000,20.00000,0.85119,2
105,5552,550.06598,73.57333,0.56280,89.03859,,50.00000,20.00000,0.85120,2
105,5553,550.06299,73.62333,0.56329,89.03859,,50.00000,20.00000,0.85120,2
105,5554,550.07397,73.67333,0.56317,89.03724,,50.00000,20.00000,0.85119,2
105,5555,550.06702,73.72333,0.56293,89.03724,,50.00000,20.00000,0.85120,2
105,5556,550.06403,73.77333,0.56256,89.03589,,50.00000,20.00000,0.85120,2
105,5557,550.06598,73.82333,0.56256,89.03184,,50.00000,20.00000,0.85120,2
105,5558,550.06299,73.87333,0.56304,89.01695,,50.00000,20.00000,0.85120,2
105,5559,550.06097,73.92333,0.56328,89.01154,,50.00000,20.00000,0.85121,2
105,5560,550.06299,73.97333,0.56292,89.00884,,50.00000,20.00000,0.85120,2
105,5561,550.06000,74.02333,0.56292,89.00342,,50.00000,20.00000,0.85121,2
105,5562,550.06097,74.07333,0.56328,88.99395,,50.00000,20.00000,0.85121,2
105,5563,550.05798,74.12333,0.56401,88.98989,,50.00000,20.00000,0.85121,2
105,5564,550.06702,74.17333,0.56353,88.98584,,50.00000,20.00000,0.85120,2
105,5565,550.06403,74.22333,0.56341,88.98313,,50.00000,20.00000,0.85120,2
105,5566,550.05798,74.27333,0.56340,88.98178,,50.00000,20.00000,0.85121,2
105,5567,550.06799,74.32333,0.56281,88.98179,,50.00000,20.00000,0.85120,2
105,5568,550.06403,74.37333,0.56389,88.98179,,50.00000,20.00000,0.85120,2
105,5569,550.05798,74.42333,0.56377,88.98044,,50.00000,20.00000,0.85121,2
105,5570,550.06201,74.47333,0.56329,88.97910,,50.00000,20.00000,0.85120,2
105,5571,550.06000,74.52333,0.56425,88.96828,,50.00000,20.00000,0.85121,2
105,5572,550.05798,74.57333,0.56352,88.96016,,50.00000,20.00000,0.85121,2
105,5573,550.04401,74.62333,0.56472,88.95609,,50.00000,20.00000,0.85123,2
105,5574,550.05200,74.67333,0.56400,88.95475,,50.00000,20.00000,0.85122,2
105,5575,550.05701,74.72333,0.56364,88.95476,,50.00000,20.00000,0.85121,2
105,5576,550.05603,74.77333,0.56352,88.95476,,50.00000,20.00000,0.85121,2
105,5577,550.06201,74.82333,0.56413,88.95476,,50.00000,20.00000,0.85120,2
105,5578,550.04797,74.87333,0.56412,88.95476,,50.00000,20.00000,0.85122,2
105,5579,550.05402,74.92333,0.56437,88.95476,,50.00000,20.00000,0.85122,2
105,5580,550.05200,74.97333,0.56449,88.95477,,50.00000,20.00000,0.85122,2
105,5581,550.05902,75.02333,0.56510,88.95478,,50.00000,20.00000,0.85121,2
105,5582,550.06201,75.07333,0.56438,88.95344,,50.00000,20.00000,0.85120,2
105,5583,550.05798,75.12333,0.56449,88.95073,,50.00000,20.00000,0.85121,2
105,5584,550.05499,75.17333,0.56437,88.93991,,50.00000,20.00000,0.85121,2
105,5585,550.06299,75.22333,0.56426,88.93315,,50.00000,20.00000,0.85120,2
105,5586,550.06097,75.27333,0.56425,88.92909,,50.00000,20.00000,0.85121,2
105,5587,550.06097,75.32333,0.56425,88.92775,,50.00000,20.00000,0.85121,2
105,5588,550.05701,75.37333,0.56425,88.92775,,50.00000,20.00000,0.85121,2
105,5589,550.05298,75.42333,0.56437,88.92776,,50.00000,20.00000,0.85122,2
105,5590,550.04901,75.47333,0.56558,88.92776,,50.00000,20.00000,0.85122,2
105,5591,550.05103,75.52333,0.56522,88.92776,,50.00000,20.00000,0.85122,2
105,5592,550.04797,75.57333,0.56400,88.92777,,50.00000,20.00000,0.85122,2
105,5593,550.05402,75.62333,0.56510,88.92777,,50.00000,20.00000,0.85122,2
105,5594,550.05103,75.67333,0.56449,88.92777,,50.00000,20.00000,0.85122,2
105,5595,550.05499,75.72333,0.56461,88.92777,,50.00000,20.00000,0.85121,2
105,5596,550.04999,75.77333,0.56485,88.92777,,50.00000,20.00000,0.85122,2
105,5597,550.05298,75.82333,0.56473,88.92777,,50.00000,20.00000,0.85122,2
105,5598,550.04901,75.87333,0.56473,88.92778,,50.00000,20.00000,0.85122,2
105,5599,550.05499,75.92333,0.56546,88.92778,,50.00000,20.00000,0.85121,2
105,5600,550.04498,75.97333,0.56509,88.92778,,50.00000,20.00000,0.85123,2
105,5601,550.05298,76.02333,0.56534,88.92778,,50.00000,20.00000,0.85122,2
105,5602,550.05402,76.07333,0.56485,88.92779,,50.00000,20.00000,0.85122,2
105,5603,550.04999,76.12333,0.56485,88.92780,,50.00000,20.00000,0.85122,2
105,5604,550.04401,76.17333,0.56460,88.92780,,50.00000,20.00000,0.85123,2
105,5605,550.04602,76.22333,0.56509,88.92780,,50.00000,20.00000,0.85123,2
105,5606,550.04498,76.27333,0.56509,88.92645,,50.00000,20.00000,0.85123,2
105,5607,550.04102,76.32333,0.56472,88.92645,,50.00000,20.00000,0.85123,2
105,5608,550.04901,76.37333,0.56521,88.92646,,50.00000,20.00000,0.85122,2
105,5609,550.04498,76.42333,0.56545,88.92510,,50.00000,20.00000,0.85123,2
105,5610,550.04303,76.47333,0.56484,88.92510,,50.00000,20.00000,0.85123,2
105,5611,550.04401,76.52333,0.56545,88.92375,,50.00000,20.00000,0.85123,2
105,5612,550.04199,76.57333,0.56472,88.92375,,50.00000,20.00000,0.85123,2
105,5613,550.04602,76.62333,0.56436,88.92241,,50.00000,20.00000,0.85123,2
105,5614,550.04999,76.67333,0.56558,88.92242,,50.00000,20.00000,0.85122,2
105,5615,550.05103,76.72333,0.56594,88.92106,,50.00000,20.00000,0.85122,2
105,5616,550.03998,76.77333,0.56521,88.92105,,50.00000,20.00000,0.85123,2
105,5617,550.04102,76.82333,0.56557,88.91970,,50.00000,20.00000,0.85123,2
105,5618,550.04498,76.87333,0.56473,88.91970,,50.00000,20.00000,0.85123,2
105,5619,550.05103,76.92333,0.56522,88.91836,,50.00000,20.00000,0.85122,2
105,5620,550.04401,76.97333,0.56472,88.91565,,50.00000,20.00000,0.85123,2
105,5621,550.04797,77.02333,0.56533,88.90754,,50.00000,20.00000,0.85122,2
105,5622,550.04498,77.07333,0.56533,88.90484,,50.00000,20.00000,0.85123,2
105,5623,550.03998,77.12333,0.56557,88.90348,,50.00000,20.00000,0.85123,2
105,5624,550.03400,77.17333,0.56544,88.90077,,50.00000,20.00000,0.85124,2
105,5625,550.03601,77.22333,0.56581,88.89943,,50.00000,20.00000,0.85124,2
105,5626,550.03900,77.27333,0.56593,88.89809,,50.00000,20.00000,0.85124,2
105,5627,550.04797,77.32333,0.56606,88.89675,,50.00000,20.00000,0.85122,2
105,5628,550.04401,77.37333,0.56594,88.89405,,50.00000,20.00000,0.85123,2
105,5629,550.03998,77.42333,0.56569,88.89269,,50.00000,20.00000,0.85123,2
105,5630,550.04401,77.47333,0.56569,88.89134,,50.00000,20.00000,0.85123,2
105,5631,550.04102,77.52333,0.56606,88.88864,,50.00000,20.00000,0.85123,2
105,5632,550.05200,77.57333,0.56522,88.88730,,50.00000,20.00000,0.85122,2
105,5633,550.04303,77.62333,0.56606,88.88594,,50.00000,20.00000,0.85123,2
105,5634,550.03998,77.67333,0.56581,88.88459,,50.00000,20.00000,0.85123,2
105,5635,550.04498,77.72333,0.56606,88.88188,,50.00000,20.00000,0.85123,2
105,5636,550.03601,77.77333,0.56642,88.88052,,50.00000,20.00000,0.85124,2
105,5637,550.04401,77.82333,0.56691,88.88053,,50.00000,20.00000,0.85123,2
105,5638,550.04401,77.87333,0.56642,88.88054,,50.00000,20.00000,0.85123,2
105,5639,550.04401,77.92333,0.56679,88.88054,,50.00000,20.00000,0.85123,2
105,5640,550.04102,77.97333,0.56691,88.88054,,50.00000,20.00000,0.85123,2
105,5641,550.04303,78.02333,0.56654,88.88055,,50.00000,20.00000,0.85123,2
105,5642,550.04700,78.07333,0.56655,88.88056,,50.00000,20.00000,0.85123,2
105,5643,550.02802,78.12333,0.56714,88.88056,,50.00000,20.00000,0.85125,2
105,5644,550.03699,78.17333,0.56642,88.88056,,50.00000,20.00000,0.85124,2
105,5645,550.03400,78.22333,0.56653,88.87921,,50.00000,20.00000,0.85124,2
105,5646,550.03400,78.27333,0.56714,88.87786,,50.00000,20.00000,0.85124,2
105,5647,550.03497,78.32333,0.56666,88.87651,,50.00000,20.00000,0.85124,2
105,5648,550.03699,78.37333,0.56739,88.87516,,50.00000,20.00000,0.85124,2
105,5649,550.03003,78.42333,0.56738,88.87382,,50.00000,20.00000,0.85125,2
105,5650,550.04199,78.47333,0.56739,88.87248,,50.00000,20.00000,0.85123,2
105,5651,550.03900,78.52333,0.56678,88.87248,,50.00000,20.00000,0.85124,2
105,5652,550.03802,78.57333,0.56690,88.87113,,50.00000,20.00000,0.85124,2
105,5653,550.04401,78.62333,0.56812,88.86979,,50.00000,20.00000,0.85123,2
105,5654,550.03802,78.67333,0.56702,88.86844,,50.00000,20.00000,0.85124,2
105,5655,550.03302,78.72333,0.56738,88.86710,,50.00000,20.00000,0.85124,2
105,5656,550.03101,78.77333,0.56775,88.86576,,50.00000,20.00000,0.85125,2
105,5657,550.03101,78.82333,0.56750,88.86441,,50.00000,20.00000,0.85125,2
105,5658,550.01898,78.87333,0.56749,88.86306,,50.00000,20.00000,0.85126,2
105,5659,550.02802,78.92333,0.56738,88.86307,,50.00000,20.00000,0.85125,2
105,5660,550.02600,78.97333,0.56774,88.86172,,50.00000,20.00000,0.85125,2
105,5661,550.01898,79.02333,0.56713,88.86036,,50.00000,20.00000,0.85126,2
105,5662,550.03003,79.07333,0.56702,88.85902,,50.00000,20.00000,0.85125,2
105,5663,550.02802,79.12333,0.56641,88.85767,,50.00000,20.00000,0.85125,2
105,5664,550.02802,79.17333,0.56677,88.85631,,50.00000,20.00000,0.85125,2
105,5665,550.01501,79.22333,0.56785,88.85495,,50.00000,20.00000,0.85127,2
105,5666,550.02502,79.27333,0.56750,88.85496,,50.00000,20.00000,0.85126,2
105,5667,550.02502,79.32333,0.56774,88.85361,,50.00000,20.00000,0.85126,2
105,5668,550.02100,79.37333,0.56737,88.85361,,50.00000,20.00000,0.85126,2
105,5669,550.02802,79.42333,0.56799,88.85226,,50.00000,20.00000,0.85125,2
105,5670,550.02399,79.47333,0.56750,88.85227,,50.00000,20.00000,0.85126,2
105,5671,550.02698,79.52333,0.56811,88.85091,,50.00000,20.00000,0.85125,2
105,5672,550.02197,79.57333,0.56919,88.84956,,50.00000,20.00000,0.85126,2
105,5673,550.02502,79.62333,0.56920,88.83602,,50.00000,20.00000,0.85126,2
105,5674,550.02197,79.67333,0.56846,88.82249,,50.00000,20.00000,0.85126,2
105,5675,550.03198,79.72333,0.56835,88.81573,,50.00000,20.00000,0.85125,2
105,5676,550.02802,79.77333,0.56896,88.81032,,50.00000,20.00000,0.85125,2
105,5677,550.02698,79.82333,0.56895,88.80490,,50.00000,20.00000,0.85125,2
105,5678,550.01703,79.87333,0.56822,88.80084,,50.00000,20.00000,0.85127,2
105,5679,550.02100,79.92333,0.56846,88.79949,,50.00000,20.00000,0.85126,2
105,5680,550.02899,79.97333,0.56835,88.79951,,50.00000,20.00000,0.85125,2
105,5681,550.02399,80.02333,0.56835,88.79952,,50.00000,20.00000,0.85126,2
105,5682,550.02698,80.07333,0.56920,88.79953,,50.00000,20.00000,0.85125,2
105,5683,550.03101,80.12333,0.56908,88.79954,,50.00000,20.00000,0.85125,2
105,5684,550.02899,80.17333,0.56871,88.79955,,50.00000,20.00000,0.85125,2
105,5685,550.03601,80.22333,0.56933,88.79956,,50.00000,20.00000,0.85124,2
105,5686,550.03101,80.27333,0.56944,88.79956,,50.00000,20.00000,0.85125,2
105,5687,550.03003,80.32333,0.56932,88.79955,,50.00000,20.00000,0.85125,2
105,5688,550.02100,80.37333,0.56931,88.79955,,50.00000,20.00000,0.85126,2
105,5689,550.03802,80.42333,0.56969,88.80092,,50.00000,20.00000,0.85124,2
105,5690,550.03302,80.47333,0.56847,88.80500,,50.00000,20.00000,0.85124,2
105,5691,550.04199,80.52333,0.56848,88.80500,,50.00000,20.00000,0.85123,2
105,5692,550.02802,80.57333,0.56835,88.80364,,50.00000,20.00000,0.85125,2
105,5693,550.03101,80.62333,0.56872,88.80364,,50.00000,20.00000,0.85125,2
105,5694,550.02899,80.67333,0.56908,88.80229,,50.00000,20.00000,0.85125,2
105,5695,550.03302,80.72333,0.56811,88.80229,,50.00000,20.00000,0.85124,2
105,5696,550.02698,80.77333,0.56871,88.80096,,50.00000,20.00000,0.85125,2
105,5697,550.04102,80.82333,0.56921,88.79962,,50.00000,20.00000,0.85123,2
105,5698,550.04401,80.87333,0.56909,88.79964,,50.00000,20.00000,0.85123,2
105,5699,550.03699,80.92333,0.56909,88.79829,,50.00000,20.00000,0.85124,2
105,5700,550.03601,80.97333,0.56884,88.79830,,50.00000,20.00000,0.85124,2
105,5701,550.03198,81.02333,0.56969,88.79696,,50.00000,20.00000,0.85125,2
