run_id,point_index,temperature_C,time_min,dsc_mW_mg,mass_pct,purge1_ml_min,purge2_ml_min,protective_ml_min,sensitivity_uV_mW,segment
106,0,47.50600,0.00000,-0.10568,99.99881,,50.00000,20.00000,1.18335,1
106,1,47.48700,0.01000,-0.10545,99.99158,,50.00000,20.00000,1.18334,1
106,2,47.48200,0.02000,-0.10537,99.98557,,50.00000,20.00000,1.18334,1
106,3,47.47600,0.03000,-0.10545,99.98198,,50.00000,20.00000,1.18334,1
106,4,47.46300,0.04000,-0.10545,99.97717,,50.00000,20.00000,1.18334,1
106,5,47.45600,0.05000,-0.10498,99.96873,,50.00000,20.00000,1.18333,1
106,6,47.45200,0.06000,-0.10381,99.96393,,50.00000,20.00000,1.18333,1
106,7,47.44200,0.07000,-0.10373,99.95914,,50.00000,20.00000,1.18333,1
106,8,47.43300,0.08000,-0.10349,99.95435,,50.00000,20.00000,1.18332,1
106,9,47.41800,0.09000,-0.10302,99.94955,,50.00000,20.00000,1.18332,1
106,10,47.39200,0.10000,-0.10248,99.94596,,50.00000,20.00000,1.18331,1
106,11,47.39400,0.11000,-0.10217,99.94238,,50.00000,20.00000,1.18331,1
106,12,47.38500,0.12000,-0.10177,99.93758,,50.00000,20.00000,1.18331,1
106,13,47.36800,0.13000,-0.10138,99.93399,,50.00000,20.00000,1.18330,1
106,14,47.37500,0.14000,-0.10107,99.93040,,50.00000,20.00000,1.18330,1
106,15,47.35200,0.15000,-0.10045,99.92681,,50.00000,20.00000,1.18329,1
106,16,47.35300,0.16000,-9.989780e-002,99.92323,,50.00000,20.00000,1.18329,1
106,17,47.34200,0.17000,-9.966347e-002,99.92571,,50.00000,20.00000,1.18329,1
106,18,47.32200,0.18000,-9.935119e-002,99.92333,,50.00000,20.00000,1.18328,1
106,19,47.30900,0.19000,-9.888223e-002,99.91975,,50.00000,20.00000,1.18328,1
106,20,47.31500,0.20000,-9.841266e-002,99.91738,,50.00000,20.00000,1.18328,1
106,21,47.29700,0.21000,-9.786562e-002,99.90894,,50.00000,20.00000,1.18327,1
106,22,47.28200,0.22000,-9.778786e-002,99.90292,,50.00000,20.00000,1.18327,1
106,23,47.28200,0.23000,-9.724025e-002,99.89570,,50.00000,20.00000,1.18327,1
106,24,47.27200,0.24000,-9.692764e-002,99.88969,,50.00000,20.00000,1.18326,1
106,25,47.25900,0.25000,-9.638043e-002,99.88732,,50.00000,20.00000,1.18326,1
106,26,47.23900,0.26000,-9.606812e-002,99.88495,,50.00000,20.00000,1.18325,1
106,27,47.23900,0.27000,-9.575519e-002,99.88257,,50.00000,20.00000,1.18325,1
106,28,47.23000,0.28000,-9.591194e-002,99.87898,,50.00000,20.00000,1.18325,1
106,29,47.21900,0.29000,-9.520819e-002,99.87538,,50.00000,20.00000,1.18324,1
106,30,47.20500,0.30000,-9.489569e-002,99.87057,,50.00000,20.00000,1.18324,1
106,31,47.21200,0.31000,-9.442608e-002,99.86576,,50.00000,20.00000,1.18324,1
106,32,47.19900,0.32000,-9.403532e-002,99.86216,,50.00000,20.00000,1.18324,1
106,33,47.18800,0.33000,-9.458328e-002,99.85856,,50.00000,20.00000,1.18323,1
106,34,47.19200,0.34000,-9.387906e-002,99.85619,,50.00000,20.00000,1.18323,1
106,35,47.17900,0.35000,-9.309713e-002,99.85260,,50.00000,20.00000,1.18323,1
106,36,47.16600,0.36000,-9.325398e-002,99.84901,,50.00000,20.00000,1.18322,1
106,37,47.14000,0.37000,-9.333300e-002,99.84542,,50.00000,20.00000,1.18321,1
106,38,47.14500,0.38000,-9.317638e-002,99.84183,,50.00000,20.00000,1.18321,1
106,39,47.13600,0.39000,-9.215961e-002,99.83824,,50.00000,20.00000,1.18321,1
106,40,47.12600,0.40000,-9.215991e-002,99.83465,,50.00000,20.00000,1.18321,1
106,41,47.12600,0.41000,-9.239461e-002,99.83106,,50.00000,20.00000,1.18321,1
106,42,47.11100,0.42000,-9.200388e-002,99.82867,,50.00000,20.00000,1.18320,1
106,43,47.09700,0.43000,-9.161313e-002,99.82507,,50.00000,20.00000,1.18320,1
106,44,47.09300,0.44000,-9.114384e-002,99.82148,,50.00000,20.00000,1.18319,1
106,45,47.08800,0.45000,-9.137868e-002,99.81910,,50.00000,20.00000,1.18319,1
106,46,47.08800,0.46000,-9.137868e-002,99.81672,,50.00000,20.00000,1.18319,1
106,47,47.07300,0.47000,-9.122265e-002,99.81314,,50.00000,20.00000,1.18319,1
106,48,47.06300,0.48000,-9.091000e-002,99.81077,,50.00000,20.00000,1.18318,1
106,49,47.04800,0.49000,-9.051926e-002,99.80597,,50.00000,20.00000,1.18318,1
106,50,47.03500,0.50000,-9.059788e-002,99.79995,,50.00000,20.00000,1.18317,1
106,51,47.01300,0.51000,-9.075499e-002,99.79515,,50.00000,20.00000,1.18316,1
106,52,47.02900,0.52000,-9.083276e-002,99.78913,,50.00000,20.00000,1.18317,1
106,53,47.01400,0.53000,-9.059849e-002,99.78433,,50.00000,20.00000,1.18316,1
106,54,47.01600,0.54000,-9.020725e-002,99.78073,,50.00000,20.00000,1.18317,1
106,55,46.98800,0.55000,-9.020806e-002,99.77835,,50.00000,20.00000,1.18315,1
106,56,46.98800,0.56000,-8.989510e-002,99.77719,,50.00000,20.00000,1.18315,1
106,57,46.97300,0.57000,-8.997378e-002,99.77481,,50.00000,20.00000,1.18315,1
106,58,46.97700,0.58000,-9.013015e-002,99.77244,,50.00000,20.00000,1.18315,1
106,59,46.95600,0.59000,-9.013076e-002,99.77006,,50.00000,20.00000,1.18314,1
106,60,46.94500,0.60000,-9.020931e-002,99.76767,,50.00000,20.00000,1.18314,1
106,61,46.94600,0.61000,-9.013105e-002,99.76529,,50.00000,20.00000,1.18314,1
106,62,46.93700,0.62000,-9.013131e-002,99.76169,,50.00000,20.00000,1.18314,1
106,63,46.92300,0.63000,-9.067938e-002,99.75929,,50.00000,20.00000,1.18313,1
106,64,46.92500,0.64000,-9.052285e-002,99.75568,,50.00000,20.00000,1.18313,1
106,65,46.92300,0.65000,-9.044467e-002,99.75329,,50.00000,20.00000,1.18313,1
106,66,46.91000,0.66000,-9.036681e-002,99.75211,,50.00000,20.00000,1.18313,1
106,67,46.91000,0.67000,-9.021033e-002,99.75092,,50.00000,20.00000,1.18313,1
106,68,46.90000,0.68000,-9.052358e-002,99.75095,,50.00000,20.00000,1.18312,1
106,69,46.90300,0.69000,-9.067998e-002,99.74977,,50.00000,20.00000,1.18312,1
106,70,46.89200,0.70000,-9.068030e-002,99.74860,,50.00000,20.00000,1.18312,1
106,71,46.89000,0.71000,-9.075860e-002,99.74621,,50.00000,20.00000,1.18312,1
106,72,46.87100,0.72000,-9.107212e-002,99.74503,,50.00000,20.00000,1.18311,1
106,73,46.85900,0.73000,-9.091598e-002,99.74263,,50.00000,20.00000,1.18311,1
106,74,46.85200,0.74000,-9.122916e-002,99.74024,,50.00000,20.00000,1.18310,1
106,75,46.87000,0.75000,-9.138510e-002,99.73906,,50.00000,20.00000,1.18311,1
106,76,46.85300,0.76000,-9.130737e-002,99.73667,,50.00000,20.00000,1.18310,1
106,77,46.85300,0.77000,-9.154209e-002,99.73427,,50.00000,20.00000,1.18310,1
106,78,46.83900,0.78000,-9.185547e-002,99.73430,,50.00000,20.00000,1.18310,1
106,79,46.82600,0.79000,-9.209058e-002,99.73312,,50.00000,20.00000,1.18309,1
106,80,46.83200,0.80000,-9.224689e-002,99.73073,,50.00000,20.00000,1.18310,1
106,81,46.82500,0.81000,-9.240357e-002,99.72954,,50.00000,20.00000,1.18309,1
106,82,46.81500,0.82000,-9.263861e-002,99.72836,,50.00000,20.00000,1.18309,1
106,83,46.81200,0.83000,-9.279518e-002,99.72718,,50.00000,20.00000,1.18309,1
106,84,46.81300,0.84000,-9.279515e-002,99.72478,,50.00000,20.00000,1.18309,1
106,85,46.79900,0.85000,-9.310854e-002,99.72238,,50.00000,20.00000,1.18308,1
106,86,46.79200,0.86000,-9.404765e-002,99.71997,,50.00000,20.00000,1.18308,1
106,87,46.78600,0.87000,-9.404785e-002,99.71756,,50.00000,20.00000,1.18308,1
106,88,46.79700,0.88000,-9.443872e-002,99.71516,,50.00000,20.00000,1.18308,1
106,89,46.79000,0.89000,-9.483015e-002,99.71396,,50.00000,20.00000,1.18308,1
106,90,46.78300,0.90000,-9.514333e-002,99.71155,,50.00000,20.00000,1.18308,1
106,91,46.78200,0.91000,-9.529984e-002,99.71036,,50.00000,20.00000,1.18308,1
106,92,46.78300,0.92000,-9.561279e-002,99.70916,,50.00000,20.00000,1.18308,1
106,93,46.76600,0.93000,-9.592629e-002,99.70918,,50.00000,20.00000,1.18307,1
106,94,46.76900,0.94000,-9.639565e-002,99.70797,,50.00000,20.00000,1.18307,1
106,95,46.76900,0.95000,-9.655214e-002,99.70677,,50.00000,20.00000,1.18307,1
106,96,46.76900,0.96000,-9.670862e-002,99.70557,,50.00000,20.00000,1.18307,1
106,97,46.77000,0.97000,-9.725630e-002,99.70437,,50.00000,20.00000,1.18307,1
106,98,46.76400,0.98000,-9.788243e-002,99.70074,,50.00000,20.00000,1.18307,1
106,99,46.76800,0.99000,-9.843000e-002,99.69833,,50.00000,20.00000,1.18307,1
106,100,46.75700,1.00000,-9.882158e-002,99.69592,,50.00000,20.00000,1.18307,1
106,101,46.74300,1.01000,-9.905676e-002,99.69349,,50.00000,20.00000,1.18306,1
106,102,46.75100,1.02000,-9.960421e-002,99.69108,,50.00000,20.00000,1.18306,1
106,103,46.76800,1.03000,-0.10070,99.68867,,50.00000,20.00000,1.18307,1
106,104,46.75400,1.04000,-0.10086,99.68747,,50.00000,20.00000,1.18307,1
106,105,46.74400,1.05000,-0.10140,99.68627,,50.00000,20.00000,1.18306,1
106,106,46.75000,1.06000,-0.10203,99.68507,,50.00000,20.00000,1.18306,1
106,107,46.74000,1.07000,-0.10258,99.68507,,50.00000,20.00000,1.18306,1
106,108,46.73400,1.08000,-0.10258,99.68296,,50.00000,20.00000,1.18306,1
106,109,46.73800,1.09000,-0.10297,99.67893,,50.00000,20.00000,1.18306,1
106,110,46.74600,1.10000,-0.10391,99.67387,,50.00000,20.00000,1.18306,1
106,111,46.75400,1.11000,-0.10438,99.66930,,50.00000,20.00000,1.18307,1
106,112,46.75400,1.12000,-0.10492,99.66567,,50.00000,20.00000,1.18307,1
106,113,46.75300,1.13000,-0.10516,99.66254,,50.00000,20.00000,1.18307,1
106,114,46.74300,1.14000,-0.10586,99.65889,,50.00000,20.00000,1.18306,1
106,115,46.73500,1.15000,-0.10649,99.65270,,50.00000,20.00000,1.18306,1
106,116,46.75800,1.16000,-0.10712,99.64750,,50.00000,20.00000,1.18307,1
106,117,46.75100,1.17000,-0.10790,99.64020,,50.00000,20.00000,1.18306,1
106,118,46.77000,1.18000,-0.10837,99.63392,,50.00000,20.00000,1.18307,1
106,119,46.76700,1.19000,-0.10845,99.62663,,50.00000,20.00000,1.18307,1
106,120,46.76400,1.20000,-0.10891,99.62083,,50.00000,20.00000,1.18307,1
106,121,46.77800,1.21000,-0.11017,99.61530,,50.00000,20.00000,1.18307,1
106,122,46.78200,1.22000,-0.11071,99.61011,,50.00000,20.00000,1.18308,1
106,123,46.78200,1.23000,-0.11118,99.60553,,50.00000,20.00000,1.18308,1
106,124,46.79100,1.24000,-0.11189,99.60188,,50.00000,20.00000,1.18308,1
106,125,46.78800,1.25000,-0.11283,99.59936,,50.00000,20.00000,1.18308,1
106,126,46.80100,1.26000,-0.11361,99.59779,,50.00000,20.00000,1.18308,1
106,127,46.79700,1.27000,-0.11431,99.59646,,50.00000,20.00000,1.18308,1
106,128,46.78100,1.28000,-0.11502,99.59437,,50.00000,20.00000,1.18308,1
106,129,46.79800,1.29000,-0.11572,99.59072,,50.00000,20.00000,1.18308,1
106,130,46.78100,1.30000,-0.11658,99.58537,,50.00000,20.00000,1.18308,1
106,131,46.82100,1.31000,-0.11736,99.57879,,50.00000,20.00000,1.18309,1
106,132,46.81200,1.32000,-0.11807,99.57161,,50.00000,20.00000,1.18309,1
106,133,46.81500,1.33000,-0.11893,99.56435,,50.00000,20.00000,1.18309,1
106,134,46.82600,1.34000,-0.11901,99.55737,,50.00000,20.00000,1.18309,1
106,135,46.83800,1.35000,-0.12002,99.55081,,50.00000,20.00000,1.18310,1
106,136,46.84800,1.36000,-0.12010,99.54469,,50.00000,20.00000,1.18310,1
106,137,46.84100,1.37000,-0.12096,99.53888,,50.00000,20.00000,1.18310,1
106,138,46.84900,1.38000,-0.12213,99.53318,,50.00000,20.00000,1.18310,1
106,139,46.86900,1.39000,-0.12292,99.52739,,50.00000,20.00000,1.18311,1
106,140,46.86200,1.40000,-0.12417,99.52139,,50.00000,20.00000,1.18311,1
106,141,46.87200,1.41000,-0.12472,99.51511,,50.00000,20.00000,1.18311,1
106,142,46.88700,1.42000,-0.12511,99.50731,,50.00000,20.00000,1.18312,1
106,143,46.88000,1.43000,-0.12612,99.50053,,50.00000,20.00000,1.18311,1
106,144,46.90300,1.44000,-0.12683,99.49389,,50.00000,20.00000,1.18312,1
106,145,46.90900,1.45000,-0.12722,99.48763,,50.00000,20.00000,1.18312,1
106,146,46.91900,1.46000,-0.12792,99.48053,,50.00000,20.00000,1.18313,1
106,147,46.91900,1.47000,-0.12878,99.47473,,50.00000,20.00000,1.18313,1
106,148,46.92400,1.48000,-0.12996,99.46867,,50.00000,20.00000,1.18313,1
106,149,46.94000,1.49000,-0.13128,99.46090,,50.00000,20.00000,1.18314,1
106,150,46.95300,1.50000,-0.13214,99.45557,,50.00000,20.00000,1.18314,1
106,151,46.94700,1.51000,-0.13293,99.45336,,50.00000,20.00000,1.18314,1
106,152,46.97300,1.52000,-0.13387,99.45144,,50.00000,20.00000,1.18315,1
106,153,46.97700,1.53000,-0.13465,99.45051,,50.00000,20.00000,1.18315,1
106,154,46.99100,1.54000,-0.13559,99.44944,,50.00000,20.00000,1.18316,1
106,155,47.00100,1.55000,-0.13645,99.44705,,50.00000,20.00000,1.18316,1
106,156,47.01700,1.56000,-0.13738,99.44574,,50.00000,20.00000,1.18317,1
106,157,47.02300,1.57000,-0.13848,99.44435,,50.00000,20.00000,1.18317,1
106,158,47.04700,1.58000,-0.13973,99.44295,,50.00000,20.00000,1.18318,1
106,159,47.05100,1.59000,-0.14020,99.44031,,50.00000,20.00000,1.18318,1
106,160,47.07000,1.60000,-0.14106,99.43885,,50.00000,20.00000,1.18319,1
106,161,47.07400,1.61000,-0.14161,99.43725,,50.00000,20.00000,1.18319,1
106,162,47.09400,1.62000,-0.14294,99.43420,,50.00000,20.00000,1.18320,1
106,163,47.10400,1.63000,-0.14403,99.43217,,50.00000,20.00000,1.18320,1
106,164,47.12800,1.64000,-0.14481,99.43002,,50.00000,20.00000,1.18321,1
106,165,47.14200,1.65000,-0.14583,99.42664,,50.00000,20.00000,1.18321,1
106,166,47.15100,1.66000,-0.14708,99.42458,,50.00000,20.00000,1.18322,1
106,167,47.17500,1.67000,-0.14802,99.42257,,50.00000,20.00000,1.18323,1
106,168,47.18200,1.68000,-0.14919,99.41935,,50.00000,20.00000,1.18323,1
106,169,47.19400,1.69000,-0.15013,99.41735,,50.00000,20.00000,1.18323,1
106,170,47.22100,1.70000,-0.15122,99.41543,,50.00000,20.00000,1.18324,1
106,171,47.23400,1.71000,-0.15232,99.41363,,50.00000,20.00000,1.18325,1
106,172,47.24600,1.72000,-0.15341,99.41070,,50.00000,20.00000,1.18325,1
106,173,47.25900,1.73000,-0.15458,99.40895,,50.00000,20.00000,1.18326,1
106,174,47.27100,1.74000,-0.15591,99.40706,,50.00000,20.00000,1.18326,1
106,175,47.29200,1.75000,-0.15685,99.40503,,50.00000,20.00000,1.18327,1
106,176,47.31000,1.76000,-0.15755,99.40289,,50.00000,20.00000,1.18328,1
106,177,47.32500,1.77000,-0.15841,99.40062,,50.00000,20.00000,1.18328,1
106,178,47.34300,1.78000,-0.15959,99.39812,,50.00000,20.00000,1.18329,1
106,179,47.35200,1.79000,-0.16068,99.39518,,50.00000,20.00000,1.18329,1
106,180,47.37600,1.80000,-0.16170,99.39162,,50.00000,20.00000,1.18330,1
106,181,47.40000,1.81000,-0.16279,99.39122,,50.00000,20.00000,1.18331,1
106,182,47.40700,1.82000,-0.16404,99.39057,,50.00000,20.00000,1.18331,1
106,183,47.46000,1.83000,-0.16459,99.38971,,50.00000,20.00000,1.18333,1
106,184,47.48000,1.84000,-0.16552,99.38892,,50.00000,20.00000,1.18334,1
106,185,47.48500,1.85000,-0.16717,99.38608,,50.00000,20.00000,1.18334,1
106,186,47.52500,1.86000,-0.16826,99.38483,,50.00000,20.00000,1.18336,1
106,187,47.53200,1.87000,-0.16951,99.38271,,50.00000,20.00000,1.18336,1
106,188,47.56500,1.88000,-0.17084,99.38081,,50.00000,20.00000,1.18337,1
106,189,47.57900,1.89000,-0.17201,99.37774,,50.00000,20.00000,1.18338,1
106,190,47.59900,1.90000,-0.17311,99.37574,,50.00000,20.00000,1.18339,1
106,191,47.62200,1.91000,-0.17428,99.37346,,50.00000,20.00000,1.18340,1
106,192,47.64400,1.92000,-0.17537,99.36967,,50.00000,20.00000,1.18340,1
106,193,47.66900,1.93000,-0.17654,99.36700,,50.00000,20.00000,1.18341,1
106,194,47.69300,1.94000,-0.17670,99.36330,,50.00000,20.00000,1.18342,1
106,195,47.73900,1.95000,-0.17787,99.36237,,50.00000,20.00000,1.18344,1
106,196,47.74000,1.96000,-0.18006,99.36293,,50.00000,20.00000,1.18344,1
106,197,47.76100,1.97000,-0.18170,99.36471,,50.00000,20.00000,1.18345,1
106,198,47.78300,1.98000,-0.18279,99.36497,,50.00000,20.00000,1.18346,1
106,199,47.81300,1.99000,-0.18334,99.36353,,50.00000,20.00000,1.18347,1
106,200,47.83500,2.00000,-0.18436,99.36295,,50.00000,20.00000,1.18348,1
106,201,47.86600,2.01000,-0.18568,99.36107,,50.00000,20.00000,1.18349,1
106,202,47.90100,2.02000,-0.18725,99.35813,,50.00000,20.00000,1.18350,1
106,203,47.92500,2.03000,-0.18842,99.35663,,50.00000,20.00000,1.18351,1
106,204,47.95000,2.04000,-0.18951,99.35520,,50.00000,20.00000,1.18352,1
106,205,47.96400,2.05000,-0.19084,99.35365,,50.00000,20.00000,1.18352,1
106,206,47.99800,2.06000,-0.19146,99.35071,,50.00000,20.00000,1.18354,1
106,207,48.03200,2.07000,-0.19318,99.34894,,50.00000,20.00000,1.18355,1
106,208,48.06800,2.08000,-0.19467,99.34728,,50.00000,20.00000,1.18356,1
106,209,48.08900,2.09000,-0.19615,99.34457,,50.00000,20.00000,1.18357,1
106,210,48.11100,2.10000,-0.19764,99.34194,,50.00000,20.00000,1.18358,1
106,211,48.13700,2.11000,-0.19873,99.34047,,50.00000,20.00000,1.18359,1
106,212,48.17900,2.12000,-0.19990,99.33762,,50.00000,20.00000,1.18361,1
106,213,48.20000,2.13000,-0.20099,99.33456,,50.00000,20.00000,1.18361,1
106,214,48.23300,2.14000,-0.20216,99.33125,,50.00000,20.00000,1.18363,1
106,215,48.25800,2.15000,-0.20294,99.32766,,50.00000,20.00000,1.18364,1
106,216,48.29100,2.16000,-0.20396,99.32383,,50.00000,20.00000,1.18365,1
106,217,48.33800,2.17000,-0.20544,99.31985,,50.00000,20.00000,1.18367,1
106,218,48.36500,2.18000,-0.20724,99.31700,,50.00000,20.00000,1.18368,1
106,219,48.39200,2.19000,-0.20864,99.31297,,50.00000,20.00000,1.18369,1
106,220,48.42900,2.20000,-0.21005,99.30914,,50.00000,20.00000,1.18370,1
106,221,48.47800,2.21000,-0.21153,99.30570,,50.00000,20.00000,1.18372,1
106,222,48.50400,2.22000,-0.21294,99.30272,,50.00000,20.00000,1.18373,1
106,223,48.53900,2.23000,-0.21466,99.30011,,50.00000,20.00000,1.18374,1
106,224,48.55600,2.24000,-0.21622,99.29758,,50.00000,20.00000,1.18375,1
106,225,48.59500,2.25000,-0.21708,99.29360,,50.00000,20.00000,1.18376,1
106,226,48.62700,2.26000,-0.21770,99.29039,,50.00000,20.00000,1.18377,1
106,227,48.66300,2.27000,-0.21989,99.28553,,50.00000,20.00000,1.18379,1
106,228,48.69500,2.28000,-0.22106,99.28163,,50.00000,20.00000,1.18380,1
106,229,48.74400,2.29000,-0.22254,99.27650,,50.00000,20.00000,1.18382,1
106,230,48.78200,2.30000,-0.22410,99.27270,,50.00000,20.00000,1.18383,1
106,231,48.81300,2.31000,-0.22543,99.26903,,50.00000,20.00000,1.18384,1
106,232,48.84700,2.32000,-0.22668,99.26536,,50.00000,20.00000,1.18386,1
106,233,48.88400,2.33000,-0.22738,99.26276,,50.00000,20.00000,1.18387,1
106,234,48.92900,2.34000,-0.22902,99.26001,,50.00000,20.00000,1.18389,1
106,235,48.95700,2.35000,-0.23058,99.25723,,50.00000,20.00000,1.18390,1
106,236,49.02000,2.36000,-0.23206,99.25575,,50.00000,20.00000,1.18392,1
106,237,49.04100,2.37000,-0.23386,99.25319,,50.00000,20.00000,1.18393,1
106,238,49.08100,2.38000,-0.23518,99.25197,,50.00000,20.00000,1.18394,1
106,239,49.12500,2.39000,-0.23643,99.24960,,50.00000,20.00000,1.18396,1
106,240,49.16700,2.40000,-0.23791,99.24846,,50.00000,20.00000,1.18398,1
106,241,49.19700,2.41000,-0.23924,99.24612,,50.00000,20.00000,1.18399,1
106,242,49.24800,2.42000,-0.24033,99.24256,,50.00000,20.00000,1.18401,1
106,243,49.28900,2.43000,-0.24197,99.24017,,50.00000,20.00000,1.18402,1
106,244,49.31300,2.44000,-0.24369,99.23652,,50.00000,20.00000,1.18403,1
106,245,49.37200,2.45000,-0.24501,99.23287,,50.00000,20.00000,1.18405,1
106,246,49.41500,2.46000,-0.24587,99.23047,,50.00000,20.00000,1.18407,1
106,247,49.44900,2.47000,-0.24712,99.22687,,50.00000,20.00000,1.18408,1
106,248,49.49000,2.48000,-0.24891,99.22441,,50.00000,20.00000,1.18410,1
106,249,49.54100,2.49000,-0.25063,99.22170,,50.00000,20.00000,1.18411,1
106,250,49.57400,2.50000,-0.25250,99.21739,,50.00000,20.00000,1.18413,1
106,251,49.62000,2.51000,-0.25406,99.21394,,50.00000,20.00000,1.18414,1
106,252,49.67100,2.52000,-0.25554,99.21035,,50.00000,20.00000,1.18416,1
106,253,49.73400,2.53000,-0.25741,99.20683,,50.00000,20.00000,1.18419,1
106,254,49.77100,2.54000,-0.25913,99.20351,,50.00000,20.00000,1.18420,1
106,255,49.81100,2.55000,-0.26092,99.19917,,50.00000,20.00000,1.18421,1
106,256,49.86400,2.56000,-0.26131,99.19615,,50.00000,20.00000,1.18423,1
106,257,49.91100,2.57000,-0.26271,99.19315,,50.00000,20.00000,1.18425,1
106,258,49.96300,2.58000,-0.26419,99.19017,,50.00000,20.00000,1.18427,1
106,259,49.99700,2.59000,-0.26583,99.18848,,50.00000,20.00000,1.18428,1
106,260,50.06600,2.60000,-0.26731,99.18572,,50.00000,20.00000,1.18431,1
106,261,50.10300,2.61000,-0.26926,99.18426,,50.00000,20.00000,1.18432,1
106,262,50.15300,2.62000,-0.27067,99.18280,,50.00000,20.00000,1.18434,1
106,263,50.19100,2.63000,-0.27199,99.18002,,50.00000,20.00000,1.18435,1
106,264,50.25500,2.64000,-0.27410,99.17835,,50.00000,20.00000,1.18438,1
106,265,50.29600,2.65000,-0.27542,99.17543,,50.00000,20.00000,1.18439,1
106,266,50.35600,2.66000,-0.27667,99.17141,,50.00000,20.00000,1.18441,1
106,267,50.40300,2.67000,-0.27830,99.16756,,50.00000,20.00000,1.18443,1
106,268,50.45700,2.68000,-0.28002,99.16380,,50.00000,20.00000,1.18445,1
106,269,50.49600,2.69000,-0.28173,99.15873,,50.00000,20.00000,1.18447,1
106,270,50.55200,2.70000,-0.28329,99.15460,,50.00000,20.00000,1.18449,1
106,271,50.60000,2.71000,-0.28501,99.14895,,50.00000,20.00000,1.18450,1
106,272,50.66200,2.72000,-0.28688,99.14432,,50.00000,20.00000,1.18453,1
106,273,50.71900,2.73000,-0.28844,99.14089,,50.00000,20.00000,1.18455,1
106,274,50.77300,2.74000,-0.28976,99.13632,,50.00000,20.00000,1.18457,1
106,275,50.82700,2.75000,-0.29132,99.13182,,50.00000,20.00000,1.18459,1
106,276,50.87500,2.76000,-0.29280,99.12733,,50.00000,20.00000,1.18460,1
106,277,50.93500,2.77000,-0.29451,99.12405,,50.00000,20.00000,1.18463,1
106,278,51.00300,2.78000,-0.29599,99.11961,,50.00000,20.00000,1.18465,1
106,279,51.04400,2.79000,-0.29771,99.11655,,50.00000,20.00000,1.18467,1
106,280,51.10600,2.80000,-0.29934,99.11259,,50.00000,20.00000,1.18469,1
106,281,51.16900,2.81000,-0.30113,99.11021,,50.00000,20.00000,1.18471,1
106,282,51.22700,2.82000,-0.30206,99.10809,,50.00000,20.00000,1.18473,1
106,283,51.25900,2.83000,-0.30456,99.10604,,50.00000,20.00000,1.18474,1
106,284,51.32900,2.84000,-0.30612,99.10384,,50.00000,20.00000,1.18477,1
106,285,51.37200,2.85000,-0.30768,99.10016,,50.00000,20.00000,1.18478,1
106,286,51.44600,2.86000,-0.30923,99.09742,,50.00000,20.00000,1.18481,1
106,287,51.49600,2.87000,-0.31095,99.09449,,50.00000,20.00000,1.18483,1
106,288,51.55700,2.88000,-0.31266,99.09141,,50.00000,20.00000,1.18485,1
106,289,51.61600,2.89000,-0.31414,99.08696,,50.00000,20.00000,1.18487,1
106,290,51.67600,2.90000,-0.31577,99.08358,,50.00000,20.00000,1.18489,1
106,291,51.73700,2.91000,-0.31772,99.08015,,50.00000,20.00000,1.18492,1
106,292,51.80400,2.92000,-0.31951,99.07558,,50.00000,20.00000,1.18494,1
106,293,51.87300,2.93000,-0.32146,99.07240,,50.00000,20.00000,1.18496,1
106,294,51.92100,2.94000,-0.32333,99.06943,,50.00000,20.00000,1.18498,1
106,295,51.99100,2.95000,-0.32480,99.06666,,50.00000,20.00000,1.18501,1
106,296,52.04900,2.96000,-0.32628,99.06398,,50.00000,20.00000,1.18503,1
106,297,52.11500,2.97000,-0.32776,99.06009,,50.00000,20.00000,1.18505,1
106,298,52.16800,2.98000,-0.32979,99.05739,,50.00000,20.00000,1.18507,1
106,299,52.23400,2.99000,-0.33056,99.05470,,50.00000,20.00000,1.18509,1
106,300,52.30900,3.00000,-0.33251,99.05205,,50.00000,20.00000,1.18512,1
106,301,52.36200,3.01000,-0.33476,99.04951,,50.00000,20.00000,1.18514,1
106,302,52.42000,3.02000,-0.33640,99.04833,,50.00000,20.00000,1.18516,1
106,303,52.50100,3.03000,-0.33764,99.04480,,50.00000,20.00000,1.18519,1
106,304,52.55100,3.04000,-0.34006,99.04244,,50.00000,20.00000,1.18521,1
106,305,52.60900,3.05000,-0.34271,99.03992,,50.00000,20.00000,1.18523,1
106,306,52.68800,3.06000,-0.34426,99.03832,,50.00000,20.00000,1.18526,1
106,307,52.73900,3.07000,-0.34590,99.03516,,50.00000,20.00000,1.18527,1
106,308,52.81800,3.08000,-0.34753,99.03169,,50.00000,20.00000,1.18530,1
106,309,52.88900,3.09000,-0.34885,99.03044,,50.00000,20.00000,1.18533,1
106,310,52.95000,3.10000,-0.35032,99.02793,,50.00000,20.00000,1.18535,1
106,311,53.02900,3.11000,-0.35196,99.02560,,50.00000,20.00000,1.18538,1
106,312,53.10800,3.12000,-0.35382,99.02360,,50.00000,20.00000,1.18541,1
106,313,53.17300,3.13000,-0.35545,99.02075,,50.00000,20.00000,1.18543,1
106,314,53.22700,3.14000,-0.35771,99.01820,,50.00000,20.00000,1.18545,1
106,315,53.31000,3.15000,-0.35966,99.01584,,50.00000,20.00000,1.18548,1
106,316,53.37400,3.16000,-0.36145,99.01231,,50.00000,20.00000,1.18550,1
106,317,53.44200,3.17000,-0.36323,99.00993,,50.00000,20.00000,1.18552,1
106,318,53.50600,3.18000,-0.36487,99.00742,,50.00000,20.00000,1.18555,1
106,319,53.58400,3.19000,-0.36673,99.00356,,50.00000,20.00000,1.18557,1
106,320,53.64500,3.20000,-0.36844,99.00087,,50.00000,20.00000,1.18560,1
106,321,53.73100,3.21000,-0.37031,98.99707,,50.00000,20.00000,1.18563,1
106,322,53.80700,3.22000,-0.37225,98.99345,,50.00000,20.00000,1.18565,1
106,323,53.86000,3.23000,-0.37404,98.98875,,50.00000,20.00000,1.18567,1
106,324,53.93700,3.24000,-0.37575,98.98407,,50.00000,20.00000,1.18570,1
106,325,54.01300,3.25000,-0.37676,98.98048,,50.00000,20.00000,1.18572,1
106,326,54.07700,3.26000,-0.37940,98.97549,,50.00000,20.00000,1.18575,1
106,327,54.15500,3.27000,-0.38135,98.97036,,50.00000,20.00000,1.18577,1
106,328,54.23300,3.28000,-0.38329,98.96638,,50.00000,20.00000,1.18580,1
106,329,54.31000,3.29000,-0.38500,98.96120,,50.00000,20.00000,1.18583,1
106,330,54.37800,3.30000,-0.38671,98.95726,,50.00000,20.00000,1.18585,1
106,331,54.45700,3.31000,-0.38865,98.95335,,50.00000,20.00000,1.18588,1
106,332,54.53500,3.32000,-0.39036,98.94946,,50.00000,20.00000,1.18591,1
106,333,54.60300,3.33000,-0.39238,98.94435,,50.00000,20.00000,1.18593,1
106,334,54.69400,3.34000,-0.39432,98.94044,,50.00000,20.00000,1.18596,1
106,335,54.75800,3.35000,-0.39627,98.93648,,50.00000,20.00000,1.18598,1
106,336,54.83700,3.36000,-0.39836,98.93490,,50.00000,20.00000,1.18601,1
106,337,54.92300,3.37000,-0.40046,98.93205,,50.00000,20.00000,1.18604,1
106,338,54.99500,3.38000,-0.40209,98.93040,,50.00000,20.00000,1.18607,1
106,339,55.07600,3.39000,-0.40388,98.92758,,50.00000,20.00000,1.18609,1
106,340,55.16200,3.40000,-0.40512,98.92609,,50.00000,20.00000,1.18612,1
106,341,55.23500,3.41000,-0.40698,98.92353,,50.00000,20.00000,1.18615,1
106,342,55.31700,3.42000,-0.40986,98.92112,,50.00000,20.00000,1.18618,1
106,343,55.39600,3.43000,-0.41188,98.91879,,50.00000,20.00000,1.18620,1
106,344,55.47300,3.44000,-0.41358,98.91641,,50.00000,20.00000,1.18623,1
106,345,55.55700,3.45000,-0.41514,98.91388,,50.00000,20.00000,1.18626,1
106,346,55.62600,3.46000,-0.41700,98.91117,,50.00000,20.00000,1.18628,1
106,347,55.71400,3.47000,-0.41871,98.90717,,50.00000,20.00000,1.18631,1
106,348,55.81300,3.48000,-0.42049,98.90325,,50.00000,20.00000,1.18635,1
106,349,55.88700,3.49000,-0.42251,98.89951,,50.00000,20.00000,1.18637,1
106,350,55.96200,3.50000,-0.42476,98.89474,,50.00000,20.00000,1.18640,1
106,351,56.05300,3.51000,-0.42678,98.89126,,50.00000,20.00000,1.18643,1
106,352,56.13100,3.52000,-0.42856,98.88651,,50.00000,20.00000,1.18646,1
106,353,56.20100,3.53000,-0.43027,98.88162,,50.00000,20.00000,1.18648,1
106,354,56.30200,3.54000,-0.43268,98.87669,,50.00000,20.00000,1.18651,1
106,355,56.39900,3.55000,-0.43469,98.87307,,50.00000,20.00000,1.18655,1
106,356,56.46100,3.56000,-0.43687,98.86841,,50.00000,20.00000,1.18657,1
106,357,56.55100,3.57000,-0.43780,98.86521,,50.00000,20.00000,1.18660,1
106,358,56.63900,3.58000,-0.44028,98.86225,,50.00000,20.00000,1.18663,1
106,359,56.72800,3.59000,-0.44230,98.85943,,50.00000,20.00000,1.18666,1
106,360,56.79800,3.60000,-0.44408,98.85666,,50.00000,20.00000,1.18668,1
106,361,56.88800,3.61000,-0.44618,98.85374,,50.00000,20.00000,1.18671,1
106,362,56.96100,3.62000,-0.44804,98.85169,,50.00000,20.00000,1.18674,1
106,363,57.05100,3.63000,-0.44998,98.84812,,50.00000,20.00000,1.18677,1
106,364,57.15000,3.64000,-0.45199,98.84444,,50.00000,20.00000,1.18680,1
106,365,57.23600,3.65000,-0.45386,98.84074,,50.00000,20.00000,1.18683,1
106,366,57.32600,3.66000,-0.45548,98.83717,,50.00000,20.00000,1.18686,1
106,367,57.42100,3.67000,-0.45765,98.83380,,50.00000,20.00000,1.18689,1
106,368,57.49800,3.68000,-0.45991,98.83056,,50.00000,20.00000,1.18692,1
106,369,57.58300,3.69000,-0.46231,98.82859,,50.00000,20.00000,1.18694,1
106,370,57.67300,3.70000,-0.46425,98.82532,,50.00000,20.00000,1.18697,1
106,371,57.77100,3.71000,-0.46595,98.82194,,50.00000,20.00000,1.18701,1
106,372,57.85000,3.72000,-0.46805,98.81733,,50.00000,20.00000,1.18703,1
106,373,57.95200,3.73000,-0.47006,98.81394,,50.00000,20.00000,1.18707,1
106,374,58.03900,3.74000,-0.47216,98.80932,,50.00000,20.00000,1.18710,1
106,375,58.12200,3.75000,-0.47386,98.80593,,50.00000,20.00000,1.18712,1
106,376,58.22100,3.76000,-0.47564,98.80146,,50.00000,20.00000,1.18716,1
106,377,58.32000,3.77000,-0.47734,98.79727,,50.00000,20.00000,1.18719,1
106,378,58.40300,3.78000,-0.47920,98.79327,,50.00000,20.00000,1.18722,1
106,379,58.49000,3.79000,-0.48106,98.78938,,50.00000,20.00000,1.18725,1
106,380,58.57500,3.80000,-0.48331,98.78548,,50.00000,20.00000,1.18727,1
106,381,58.68300,3.81000,-0.48556,98.78143,,50.00000,20.00000,1.18731,1
106,382,58.75300,3.82000,-0.48765,98.77715,,50.00000,20.00000,1.18733,1
106,383,58.85200,3.83000,-0.48982,98.77266,,50.00000,20.00000,1.18736,1
106,384,58.95600,3.84000,-0.49192,98.76810,,50.00000,20.00000,1.18740,1
106,385,59.04900,3.85000,-0.49401,98.76358,,50.00000,20.00000,1.18743,1
106,386,59.14300,3.86000,-0.49594,98.75921,,50.00000,20.00000,1.18746,1
106,387,59.23700,3.87000,-0.49765,98.75499,,50.00000,20.00000,1.18749,1
106,388,59.33100,3.88000,-0.50044,98.75086,,50.00000,20.00000,1.18752,1
106,389,59.41800,3.89000,-0.50214,98.74677,,50.00000,20.00000,1.18755,1
106,390,59.52000,3.90000,-0.50384,98.74268,,50.00000,20.00000,1.18758,1
106,391,59.61700,3.91000,-0.50578,98.73853,,50.00000,20.00000,1.18761,1
106,392,59.70900,3.92000,-0.50803,98.73433,,50.00000,20.00000,1.18764,1
106,393,59.80100,3.93000,-0.50988,98.73010,,50.00000,20.00000,1.18767,1
106,394,59.90500,3.94000,-0.51205,98.72581,,50.00000,20.00000,1.18771,1
106,395,59.99900,3.95000,-0.51399,98.72146,,50.00000,20.00000,1.18774,1
106,396,60.09800,3.96000,-0.51600,98.71713,,50.00000,20.00000,1.18777,1
106,397,60.19800,3.97000,-0.51786,98.71302,,50.00000,20.00000,1.18780,1
106,398,60.30000,3.98000,-0.52002,98.70938,,50.00000,20.00000,1.18784,1
106,399,60.39400,3.99000,-0.52118,98.70616,,50.00000,20.00000,1.18787,1
106,400,60.48100,4.00000,-0.52343,98.70314,,50.00000,20.00000,1.18789,1
106,401,60.58100,4.01000,-0.52622,98.70012,,50.00000,20.00000,1.18793,1
106,402,60.65800,4.02000,-0.52815,98.69687,,50.00000,20.00000,1.18795,1
106,403,60.76300,4.03000,-0.53001,98.69328,,50.00000,20.00000,1.18798,1
106,404,60.86600,4.04000,-0.53202,98.68942,,50.00000,20.00000,1.18802,1
106,405,60.96900,4.05000,-0.53419,98.68550,,50.00000,20.00000,1.18805,1
106,406,61.06600,4.06000,-0.53628,98.68164,,50.00000,20.00000,1.18808,1
106,407,61.16600,4.07000,-0.53837,98.67786,,50.00000,20.00000,1.18811,1
106,408,61.26300,4.08000,-0.54038,98.67407,,50.00000,20.00000,1.18814,1
106,409,61.35300,4.09000,-0.54270,98.67015,,50.00000,20.00000,1.18817,1
106,410,61.46500,4.10000,-0.54495,98.66611,,50.00000,20.00000,1.18821,1
106,411,61.56600,4.11000,-0.54618,98.66195,,50.00000,20.00000,1.18824,1
106,412,61.66700,4.12000,-0.54842,98.65777,,50.00000,20.00000,1.18827,1
106,413,61.77300,4.13000,-0.55067,98.65361,,50.00000,20.00000,1.18830,1
106,414,61.86900,4.14000,-0.55252,98.64955,,50.00000,20.00000,1.18833,1
106,415,61.97800,4.15000,-0.55469,98.64564,,50.00000,20.00000,1.18837,1
106,416,62.08500,4.16000,-0.55654,98.64181,,50.00000,20.00000,1.18840,1
106,417,62.17900,4.17000,-0.55886,98.63797,,50.00000,20.00000,1.18843,1
106,418,62.27500,4.18000,-0.56103,98.63411,,50.00000,20.00000,1.18846,1
106,419,62.38800,4.19000,-0.56312,98.63025,,50.00000,20.00000,1.18850,1
106,420,62.49600,4.20000,-0.56536,98.62645,,50.00000,20.00000,1.18853,1
106,421,62.60000,4.21000,-0.56760,98.62275,,50.00000,20.00000,1.18856,1
106,422,62.70600,4.22000,-0.56969,98.61922,,50.00000,20.00000,1.18860,1
106,423,62.79600,4.23000,-0.57170,98.61586,,50.00000,20.00000,1.18862,1
106,424,62.90300,4.24000,-0.57363,98.61248,,50.00000,20.00000,1.18866,1
106,425,63.00100,4.25000,-0.57541,98.60898,,50.00000,20.00000,1.18869,1
106,426,63.11700,4.26000,-0.57788,98.60543,,50.00000,20.00000,1.18872,1
106,427,63.22000,4.27000,-0.57989,98.60185,,50.00000,20.00000,1.18876,1
106,428,63.32400,4.28000,-0.58167,98.59824,,50.00000,20.00000,1.18879,1
106,429,63.42200,4.29000,-0.58352,98.59464,,50.00000,20.00000,1.18882,1
106,430,63.54300,4.30000,-0.58576,98.59110,,50.00000,20.00000,1.18885,1
106,431,63.64200,4.31000,-0.58777,98.58760,,50.00000,20.00000,1.18888,1
106,432,63.73800,4.32000,-0.58986,98.58413,,50.00000,20.00000,1.18891,1
106,433,63.86100,4.33000,-0.59210,98.58069,,50.00000,20.00000,1.18895,1
106,434,63.95800,4.34000,-0.59403,98.57724,,50.00000,20.00000,1.18898,1
106,435,64.06400,4.35000,-0.59604,98.57376,,50.00000,20.00000,1.18901,1
106,436,64.16900,4.36000,-0.59789,98.57031,,50.00000,20.00000,1.18905,1
106,437,64.28500,4.37000,-0.60028,98.56690,,50.00000,20.00000,1.18908,1
106,438,64.39300,4.38000,-0.60260,98.56232,,50.00000,20.00000,1.18911,1
106,439,64.49500,4.39000,-0.60414,98.55535,,50.00000,20.00000,1.18914,1
106,440,64.59600,4.40000,-0.60545,98.54839,,50.00000,20.00000,1.18917,1
106,441,64.71200,4.41000,-0.60816,98.54138,,50.00000,20.00000,1.18921,1
106,442,64.82300,4.42000,-0.61079,98.53551,,50.00000,20.00000,1.18924,1
106,443,64.92400,4.43000,-0.61280,98.53091,,50.00000,20.00000,1.18927,1
106,444,65.04600,4.44000,-0.61472,98.52646,,50.00000,20.00000,1.18931,1
106,445,65.14600,4.45000,-0.61650,98.52209,,50.00000,20.00000,1.18934,1
106,446,65.25700,4.46000,-0.61866,98.51894,,50.00000,20.00000,1.18937,1
106,447,65.35700,4.47000,-0.62098,98.51340,,50.00000,20.00000,1.18940,1
106,448,65.47600,4.48000,-0.62298,98.50792,,50.00000,20.00000,1.18944,1
106,449,65.58300,4.49000,-0.62515,98.50246,,50.00000,20.00000,1.18947,1
106,450,65.69900,4.50000,-0.62762,98.49700,,50.00000,20.00000,1.18951,1
106,451,65.79900,4.51000,-0.62970,98.49154,,50.00000,20.00000,1.18954,1
106,452,65.90100,4.52000,-0.63194,98.48604,,50.00000,20.00000,1.18957,1
106,453,66.02200,4.53000,-0.63333,98.48167,,50.00000,20.00000,1.18960,1
106,454,66.13800,4.54000,-0.63525,98.47607,,50.00000,20.00000,1.18964,1
106,455,66.24800,4.55000,-0.63773,98.47177,,50.00000,20.00000,1.18967,1
106,456,66.35300,4.56000,-0.64028,98.46756,,50.00000,20.00000,1.18970,1
106,457,66.46500,4.57000,-0.64252,98.46339,,50.00000,20.00000,1.18973,1
106,458,66.57400,4.58000,-0.64460,98.45920,,50.00000,20.00000,1.18976,1
106,459,66.68900,4.59000,-0.64684,98.45621,,50.00000,20.00000,1.18980,1
106,460,66.79800,4.60000,-0.64876,98.45199,,50.00000,20.00000,1.18983,1
106,461,66.91800,4.61000,-0.65085,98.44902,,50.00000,20.00000,1.18986,1
106,462,67.01400,4.62000,-0.65301,98.44492,,50.00000,20.00000,1.18989,1
106,463,67.14200,4.63000,-0.65517,98.44215,,50.00000,20.00000,1.18993,1
106,464,67.25300,4.64000,-0.65733,98.43826,,50.00000,20.00000,1.18996,1
106,465,67.35700,4.65000,-0.65964,98.43435,,50.00000,20.00000,1.18999,1
106,466,67.46300,4.66000,-0.66173,98.43030,,50.00000,20.00000,1.19002,1
106,467,67.57800,4.67000,-0.66342,98.42728,,50.00000,20.00000,1.19006,1
106,468,67.69400,4.68000,-0.66558,98.42169,,50.00000,20.00000,1.19009,1
106,469,67.81400,4.69000,-0.66774,98.41615,,50.00000,20.00000,1.19012,1
106,470,67.93800,4.70000,-0.66982,98.40958,,50.00000,20.00000,1.19016,1
106,471,68.03900,4.71000,-0.67167,98.40325,,50.00000,20.00000,1.19019,1
106,472,68.15800,4.72000,-0.67398,98.39825,,50.00000,20.00000,1.19022,1
106,473,68.25800,4.73000,-0.67653,98.39200,,50.00000,20.00000,1.19025,1
106,474,68.37500,4.74000,-0.67924,98.38561,,50.00000,20.00000,1.19028,1
106,475,68.49000,4.75000,-0.68038,98.38029,,50.00000,20.00000,1.19032,1
106,476,68.61700,4.76000,-0.68254,98.37367,,50.00000,20.00000,1.19035,1
106,477,68.71800,4.77000,-0.68501,98.36708,,50.00000,20.00000,1.19038,1
106,478,68.84600,4.78000,-0.68725,98.36064,,50.00000,20.00000,1.19042,1
106,479,68.95700,4.79000,-0.68972,98.35438,,50.00000,20.00000,1.19045,1
106,480,69.07700,4.80000,-0.69211,98.34829,,50.00000,20.00000,1.19048,1
106,481,69.18000,4.81000,-0.69419,98.34232,,50.00000,20.00000,1.19051,1
106,482,69.29700,4.82000,-0.69635,98.33638,,50.00000,20.00000,1.19054,1
106,483,69.41100,4.83000,-0.69851,98.32920,,50.00000,20.00000,1.19058,1
106,484,69.52200,4.84000,-0.70082,98.32317,,50.00000,20.00000,1.19061,1
106,485,69.64300,4.85000,-0.70298,98.31586,,50.00000,20.00000,1.19064,1
106,486,69.76000,4.86000,-0.70529,98.30725,,50.00000,20.00000,1.19067,1
106,487,69.85900,4.87000,-0.70683,98.29858,,50.00000,20.00000,1.19070,1
106,488,69.98900,4.88000,-0.70906,98.29113,,50.00000,20.00000,1.19074,1
106,489,70.11400,4.89000,-0.71168,98.28376,,50.00000,20.00000,1.19077,1
106,490,70.22400,4.90000,-0.71400,98.27647,,50.00000,20.00000,1.19080,1
106,491,70.33200,4.91000,-0.71585,98.27045,,50.00000,20.00000,1.19083,1
106,492,70.44700,4.92000,-0.71839,98.26443,,50.00000,20.00000,1.19086,1
106,493,70.57600,4.93000,-0.72078,98.25836,,50.00000,20.00000,1.19090,1
106,494,70.67800,4.94000,-0.72271,98.25224,,50.00000,20.00000,1.19093,1
106,495,70.80800,4.95000,-0.72502,98.24368,,50.00000,20.00000,1.19096,1
106,496,70.91900,4.96000,-0.72748,98.23757,,50.00000,20.00000,1.19099,1
106,497,71.03500,4.97000,-0.72956,98.23152,,50.00000,20.00000,1.19103,1
106,498,71.16000,4.98000,-0.73180,98.21946,,50.00000,20.00000,1.19106,1
106,499,71.27100,4.99000,-0.73426,98.20989,,50.00000,20.00000,1.19109,1
106,500,71.39000,5.00000,-0.73665,98.19912,,50.00000,20.00000,1.19112,1
106,501,71.50700,5.01000,-0.73920,98.19198,,50.00000,20.00000,1.19115,1
106,502,71.61400,5.02000,-0.74159,98.18603,,50.00000,20.00000,1.19118,1
106,503,71.74600,5.03000,-0.74382,98.18134,,50.00000,20.00000,1.19122,1
106,504,71.86600,5.04000,-0.74574,98.17550,,50.00000,20.00000,1.19125,1
106,505,71.97900,5.05000,-0.74782,98.16971,,50.00000,20.00000,1.19128,1
106,506,72.09000,5.06000,-0.74990,98.16507,,50.00000,20.00000,1.19131,1
106,507,72.20400,5.07000,-0.75229,98.15909,,50.00000,20.00000,1.19134,1
106,508,72.32800,5.08000,-0.75483,98.15176,,50.00000,20.00000,1.19137,1
106,509,72.45800,5.09000,-0.75714,98.14437,,50.00000,20.00000,1.19141,1
106,510,72.57100,5.10000,-0.75953,98.13701,,50.00000,20.00000,1.19144,1
106,511,72.69600,5.11000,-0.76122,98.12852,,50.00000,20.00000,1.19147,1
106,512,72.80900,5.12000,-0.76384,98.11768,,50.00000,20.00000,1.19150,1
106,513,72.92700,5.13000,-0.76670,98.10932,,50.00000,20.00000,1.19153,1
106,514,73.06400,5.14000,-0.76932,98.10341,,50.00000,20.00000,1.19157,1
106,515,73.15800,5.15000,-0.77062,98.09751,,50.00000,20.00000,1.19159,1
106,516,73.29300,5.16000,-0.77394,98.09046,,50.00000,20.00000,1.19163,1
106,517,73.41400,5.17000,-0.77695,98.08473,,50.00000,20.00000,1.19166,1
106,518,73.53200,5.18000,-0.77910,98.07790,,50.00000,20.00000,1.19169,1
106,519,73.65300,5.19000,-0.78126,98.07118,,50.00000,20.00000,1.19172,1
106,520,73.76300,5.20000,-0.78357,98.05841,,50.00000,20.00000,1.19175,1
106,521,73.87600,5.21000,-0.78588,98.04682,,50.00000,20.00000,1.19178,1
106,522,74.01100,5.22000,-0.78834,98.03511,,50.00000,20.00000,1.19182,1
106,523,74.12500,5.23000,-0.79065,98.03054,,50.00000,20.00000,1.19185,1
106,524,74.23800,5.24000,-0.79296,98.02582,,50.00000,20.00000,1.19188,1
106,525,74.35700,5.25000,-0.79519,98.01983,,50.00000,20.00000,1.19191,1
106,526,74.50100,5.26000,-0.79750,98.01391,,50.00000,20.00000,1.19194,1
106,527,74.60900,5.27000,-0.80090,98.00699,,50.00000,20.00000,1.19197,1
106,528,74.74600,5.28000,-0.80297,98.00035,,50.00000,20.00000,1.19201,1
106,529,74.84700,5.29000,-0.80575,97.99272,,50.00000,20.00000,1.19203,1
106,530,74.96400,5.30000,-0.80790,97.98520,,50.00000,20.00000,1.19206,1
106,531,75.08300,5.31000,-0.81021,97.97405,,50.00000,20.00000,1.19209,1
106,532,75.20400,5.32000,-0.81268,97.96528,,50.00000,20.00000,1.19212,1
106,533,75.32400,5.33000,-0.81529,97.95642,,50.00000,20.00000,1.19215,1
106,534,75.44300,5.34000,-0.81760,97.94745,,50.00000,20.00000,1.19218,1
106,535,75.54800,5.35000,-0.81991,97.93956,,50.00000,20.00000,1.19221,1
106,536,75.68900,5.36000,-0.82230,97.93155,,50.00000,20.00000,1.19225,1
106,537,75.79500,5.37000,-0.82437,97.92104,,50.00000,20.00000,1.19227,1
106,538,75.93400,5.38000,-0.82769,97.91175,,50.00000,20.00000,1.19231,1
106,539,76.04600,5.39000,-0.83000,97.89645,,50.00000,20.00000,1.19234,1
106,540,76.17100,5.40000,-0.83176,97.88240,,50.00000,20.00000,1.19237,1
106,541,76.28800,5.41000,-0.83415,97.87319,,50.00000,20.00000,1.19240,1
106,542,76.41200,5.42000,-0.83669,97.86998,,50.00000,20.00000,1.19243,1
106,543,76.52700,5.43000,-0.83923,97.86549,,50.00000,20.00000,1.19246,1
106,544,76.66200,5.44000,-0.84169,97.85981,,50.00000,20.00000,1.19249,1
106,545,76.78300,5.45000,-0.84423,97.84697,,50.00000,20.00000,1.19252,1
106,546,76.91100,5.46000,-0.84677,97.83552,,50.00000,20.00000,1.19255,1
106,547,77.02300,5.47000,-0.84885,97.82788,,50.00000,20.00000,1.19258,1
106,548,77.14700,5.48000,-0.85084,97.82031,,50.00000,20.00000,1.19261,1
106,549,77.25700,5.49000,-0.85385,97.81267,,50.00000,20.00000,1.19263,1
106,550,77.38600,5.50000,-0.85647,97.80491,,50.00000,20.00000,1.19267,1
106,551,77.50400,5.51000,-0.85862,97.79217,,50.00000,20.00000,1.19270,1
106,552,77.63000,5.52000,-0.86108,97.77691,,50.00000,20.00000,1.19273,1
106,553,77.75800,5.53000,-0.86331,97.76405,,50.00000,20.00000,1.19276,1
106,554,77.88100,5.54000,-0.86569,97.75968,,50.00000,20.00000,1.19279,1
106,555,77.99200,5.55000,-0.86831,97.75294,,50.00000,20.00000,1.19281,1
106,556,78.12600,5.56000,-0.87101,97.74388,,50.00000,20.00000,1.19285,1
106,557,78.26100,5.57000,-0.87339,97.73497,,50.00000,20.00000,1.19288,1
106,558,78.36900,5.58000,-0.87577,97.72616,,50.00000,20.00000,1.19290,1
106,559,78.48300,5.59000,-0.87847,97.71134,,50.00000,20.00000,1.19293,1
106,560,78.61600,5.60000,-0.88101,97.69769,,50.00000,20.00000,1.19296,1
106,561,78.73200,5.61000,-0.88401,97.69123,,50.00000,20.00000,1.19299,1
106,562,78.85100,5.62000,-0.88570,97.68225,,50.00000,20.00000,1.19302,1
106,563,78.98400,5.63000,-0.88847,97.67326,,50.00000,20.00000,1.19305,1
106,564,79.10500,5.64000,-0.89147,97.66430,,50.00000,20.00000,1.19308,1
106,565,79.23300,5.65000,-0.89409,97.64813,,50.00000,20.00000,1.19311,1
106,566,79.34600,5.66000,-0.89663,97.63441,,50.00000,20.00000,1.19314,1
106,567,79.47600,5.67000,-0.89917,97.62914,,50.00000,20.00000,1.19317,1
106,568,79.58400,5.68000,-0.90179,97.62502,,50.00000,20.00000,1.19319,1
106,569,79.72400,5.69000,-0.90440,97.61240,,50.00000,20.00000,1.19322,1
106,570,79.84900,5.70000,-0.90686,97.59862,,50.00000,20.00000,1.19325,1
106,571,79.97300,5.71000,-0.90916,97.59221,,50.00000,20.00000,1.19328,1
106,572,80.08900,5.72000,-0.91201,97.58589,,50.00000,20.00000,1.19331,1
106,573,80.20900,5.73000,-0.91455,97.56990,,50.00000,20.00000,1.19334,1
106,574,80.33800,5.74000,-0.91709,97.55270,,50.00000,20.00000,1.19337,1
106,575,80.46300,5.75000,-0.91986,97.54395,,50.00000,20.00000,1.19339,1
106,576,80.57700,5.76000,-0.92240,97.54242,,50.00000,20.00000,1.19342,1
106,577,80.70000,5.77000,-0.92509,97.53479,,50.00000,20.00000,1.19345,1
106,578,80.84100,5.78000,-0.92763,97.52107,,50.00000,20.00000,1.19348,1
106,579,80.95000,5.79000,-0.92993,97.50976,,50.00000,20.00000,1.19351,1
106,580,81.07600,5.80000,-0.93247,97.49848,,50.00000,20.00000,1.19353,1
106,581,81.20300,5.81000,-0.93485,97.48723,,50.00000,20.00000,1.19356,1
106,582,81.33500,5.82000,-0.93739,97.47602,,50.00000,20.00000,1.19359,1
106,583,81.45000,5.83000,-0.93993,97.45875,,50.00000,20.00000,1.19362,1
106,584,81.56500,5.84000,-0.94247,97.44510,,50.00000,20.00000,1.19364,1
106,585,81.70300,5.85000,-0.94539,97.44357,,50.00000,20.00000,1.19368,1
106,586,81.82700,5.86000,-0.94762,97.43477,,50.00000,20.00000,1.19370,1
106,587,81.94900,5.87000,-0.95039,97.41749,,50.00000,20.00000,1.19373,1
106,588,82.07200,5.88000,-0.95316,97.40747,,50.00000,20.00000,1.19376,1
106,589,82.19800,5.89000,-0.95569,97.39619,,50.00000,20.00000,1.19379,1
106,590,82.31500,5.90000,-0.95846,97.37998,,50.00000,20.00000,1.19381,1
106,591,82.44900,5.91000,-0.96069,97.36377,,50.00000,20.00000,1.19384,1
106,592,82.58000,5.92000,-0.96291,97.35977,,50.00000,20.00000,1.19387,1
106,593,82.70400,5.93000,-0.96584,97.35106,,50.00000,20.00000,1.19390,1
106,594,82.83000,5.94000,-0.96876,97.33398,,50.00000,20.00000,1.19393,1
106,595,82.94000,5.95000,-0.97138,97.32548,,50.00000,20.00000,1.19395,1
106,596,83.07000,5.96000,-0.97415,97.31822,,50.00000,20.00000,1.19398,1
106,597,83.19700,5.97000,-0.97660,97.29639,,50.00000,20.00000,1.19401,1
106,598,83.31800,5.98000,-0.97930,97.28064,,50.00000,20.00000,1.19403,1
106,599,83.44300,5.99000,-0.98214,97.27827,,50.00000,20.00000,1.19406,1
106,600,83.55900,6.00000,-0.98383,97.26987,,50.00000,20.00000,1.19408,1
106,601,83.69900,6.01000,-0.98652,97.25665,,50.00000,20.00000,1.19411,1
106,602,83.80400,6.02000,-0.98975,97.24462,,50.00000,20.00000,1.19414,1
106,603,83.93200,6.03000,-0.99268,97.22164,,50.00000,20.00000,1.19416,1
106,604,84.05500,6.04000,-0.99544,97.21197,,50.00000,20.00000,1.19419,1
106,605,84.18700,6.05000,-0.99798,97.20833,,50.00000,20.00000,1.19422,1
106,606,84.30400,6.06000,-1.00052,97.19616,,50.00000,20.00000,1.19424,1
106,607,84.42800,6.07000,-1.00305,97.18271,,50.00000,20.00000,1.19427,1
106,608,84.55000,6.08000,-1.00551,97.16191,,50.00000,20.00000,1.19429,1
106,609,84.68500,6.09000,-1.00804,97.14590,,50.00000,20.00000,1.19432,1
106,610,84.80100,6.10000,-1.01105,97.14320,,50.00000,20.00000,1.19435,1
106,611,84.93200,6.11000,-1.01374,97.13445,,50.00000,20.00000,1.19437,1
106,612,85.06800,6.12000,-1.01658,97.12330,,50.00000,20.00000,1.19440,1
106,613,85.18300,6.13000,-1.01943,97.11333,,50.00000,20.00000,1.19443,1
106,614,85.30200,6.14000,-1.02204,97.09724,,50.00000,20.00000,1.19445,1
106,615,85.43300,6.15000,-1.02419,97.07142,,50.00000,20.00000,1.19448,1
106,616,85.57400,6.16000,-1.02618,97.06137,,50.00000,20.00000,1.19451,1
106,617,85.68900,6.17000,-1.02918,97.05748,,50.00000,20.00000,1.19453,1
106,618,85.82700,6.18000,-1.03187,97.03914,,50.00000,20.00000,1.19456,1
106,619,85.94300,6.19000,-1.03433,97.02692,,50.00000,20.00000,1.19458,1
106,620,86.06200,6.20000,-1.03702,97.01837,,50.00000,20.00000,1.19461,1
106,621,86.18900,6.21000,-1.03947,96.99771,,50.00000,20.00000,1.19463,1
106,622,86.33200,6.22000,-1.04224,96.98197,,50.00000,20.00000,1.19466,1
106,623,86.44800,6.23000,-1.04485,96.97721,,50.00000,20.00000,1.19469,1
106,624,86.56900,6.24000,-1.04739,96.95915,,50.00000,20.00000,1.19471,1
106,625,86.68800,6.25000,-1.05000,96.94469,,50.00000,20.00000,1.19473,1
106,626,86.81300,6.26000,-1.05277,96.92409,,50.00000,20.00000,1.19476,1
106,627,86.95000,6.27000,-1.05561,96.91433,,50.00000,20.00000,1.19479,1
106,628,87.06800,6.28000,-1.05830,96.90452,,50.00000,20.00000,1.19481,1
106,629,87.20100,6.29000,-1.06076,96.88499,,50.00000,20.00000,1.19484,1
106,630,87.31900,6.30000,-1.06352,96.87154,,50.00000,20.00000,1.19486,1
106,631,87.44800,6.31000,-1.06614,96.85448,,50.00000,20.00000,1.19489,1
106,632,87.58400,6.32000,-1.06867,96.83626,,50.00000,20.00000,1.19491,1
106,633,87.69900,6.33000,-1.07144,96.82901,,50.00000,20.00000,1.19494,1
106,634,87.83000,6.34000,-1.07389,96.81089,,50.00000,20.00000,1.19496,1
106,635,87.94900,6.35000,-1.07651,96.79767,,50.00000,20.00000,1.19498,1
106,636,88.08500,6.36000,-1.07904,96.77354,,50.00000,20.00000,1.19501,1
106,637,88.19700,6.37000,-1.08157,96.75669,,50.00000,20.00000,1.19503,1
106,638,88.32900,6.38000,-1.08411,96.75073,,50.00000,20.00000,1.19506,1
106,639,88.45700,6.39000,-1.08664,96.73258,,50.00000,20.00000,1.19508,1
106,640,88.57800,6.40000,-1.08964,96.70823,,50.00000,20.00000,1.19511,1
106,641,88.69900,6.41000,-1.09148,96.69347,,50.00000,20.00000,1.19513,1
106,642,88.83100,6.42000,-1.09417,96.67986,,50.00000,20.00000,1.19516,1
106,643,88.97400,6.43000,-1.09693,96.65534,,50.00000,20.00000,1.19518,1
106,644,89.09300,6.44000,-1.09939,96.64066,,50.00000,20.00000,1.19520,1
106,645,89.22100,6.45000,-1.10177,96.61645,,50.00000,20.00000,1.19523,1
106,646,89.35000,6.46000,-1.10430,96.59971,,50.00000,20.00000,1.19525,1
106,647,89.47200,6.47000,-1.10722,96.59398,,50.00000,20.00000,1.19528,1
106,648,89.58700,6.48000,-1.10937,96.56887,,50.00000,20.00000,1.19530,1
106,649,89.71900,6.49000,-1.11198,96.54493,,50.00000,20.00000,1.19532,1
106,650,89.83900,6.50000,-1.11482,96.53305,,50.00000,20.00000,1.19535,1
106,651,89.97000,6.51000,-1.11767,96.50651,,50.00000,20.00000,1.19537,1
106,652,90.09300,6.52000,-1.12028,96.49566,,50.00000,20.00000,1.19539,1
106,653,90.21600,6.53000,-1.12289,96.47866,,50.00000,20.00000,1.19542,1
106,654,90.34400,6.54000,-1.12565,96.45920,,50.00000,20.00000,1.19544,1
106,655,90.48200,6.55000,-1.12811,96.43491,,50.00000,20.00000,1.19546,1
106,656,90.61100,6.56000,-1.13041,96.42641,,50.00000,20.00000,1.19549,1
106,657,90.72300,6.57000,-1.13271,96.39849,,50.00000,20.00000,1.19551,1
106,658,90.84500,6.58000,-1.13501,96.38152,,50.00000,20.00000,1.19553,1
106,659,90.99600,6.59000,-1.13762,96.36217,,50.00000,20.00000,1.19556,1
106,660,91.11500,6.60000,-1.13985,96.33804,,50.00000,20.00000,1.19558,1
106,661,91.23900,6.61000,-1.14222,96.32611,,50.00000,20.00000,1.19560,1
106,662,91.35900,6.62000,-1.14460,96.29966,,50.00000,20.00000,1.19562,1
106,663,91.48600,6.63000,-1.14721,96.28893,,50.00000,20.00000,1.19565,1
106,664,91.61500,6.64000,-1.14990,96.27205,,50.00000,20.00000,1.19567,1
106,665,91.73900,6.65000,-1.15236,96.25268,,50.00000,20.00000,1.19569,1
106,666,91.86700,6.66000,-1.15489,96.22845,,50.00000,20.00000,1.19571,1
106,667,92.00400,6.67000,-1.15750,96.22007,,50.00000,20.00000,1.19574,1
106,668,92.12600,6.68000,-1.16003,96.19239,,50.00000,20.00000,1.19576,1
106,669,92.25200,6.69000,-1.16249,96.17452,,50.00000,20.00000,1.19578,1
106,670,92.37200,6.70000,-1.16471,96.16398,,50.00000,20.00000,1.19580,1
106,671,92.50200,6.71000,-1.16732,96.14610,,50.00000,20.00000,1.19583,1
106,672,92.61700,6.72000,-1.16932,96.11960,,50.00000,20.00000,1.19585,1
106,673,92.74500,6.73000,-1.17146,96.11000,,50.00000,20.00000,1.19587,1
106,674,92.88500,6.74000,-1.17415,96.09917,,50.00000,20.00000,1.19589,1
106,675,93.01100,6.75000,-1.17668,96.06776,,50.00000,20.00000,1.19591,1
106,676,93.14000,6.76000,-1.17875,96.05827,,50.00000,20.00000,1.19594,1
106,677,93.25500,6.77000,-1.18159,96.04156,,50.00000,20.00000,1.19596,1
106,678,93.38700,6.78000,-1.18428,96.01998,,50.00000,20.00000,1.19598,1
106,679,93.50000,6.79000,-1.18635,95.99961,,50.00000,20.00000,1.19600,1
106,680,93.64700,6.80000,-1.18818,95.98775,,50.00000,20.00000,1.19602,1
106,681,93.77300,6.81000,-1.19048,95.96864,,50.00000,20.00000,1.19604,1
106,682,93.88800,6.82000,-1.19333,95.94104,,50.00000,20.00000,1.19606,1
106,683,94.01000,6.83000,-1.19571,95.93036,,50.00000,20.00000,1.19608,1
106,684,94.13500,6.84000,-1.19778,95.90504,,50.00000,20.00000,1.19610,1
106,685,94.27800,6.85000,-1.19992,95.89177,,50.00000,20.00000,1.19613,1
106,686,94.39700,6.86000,-1.20230,95.87480,,50.00000,20.00000,1.19615,1
106,687,94.52800,6.87000,-1.20437,95.84569,,50.00000,20.00000,1.19617,1
106,688,94.65200,6.88000,-1.20651,95.83724,,50.00000,20.00000,1.19619,1
106,689,94.78900,6.89000,-1.20866,95.81185,,50.00000,20.00000,1.19621,1
106,690,94.90800,6.90000,-1.21065,95.78894,,50.00000,20.00000,1.19623,1
106,691,95.04500,6.91000,-1.21279,95.77340,,50.00000,20.00000,1.19625,1
106,692,95.16000,6.92000,-1.21517,95.75309,,50.00000,20.00000,1.19627,1
106,693,95.30100,6.93000,-1.21739,95.71951,,50.00000,20.00000,1.19630,1
106,694,95.41100,6.94000,-1.21993,95.70901,,50.00000,20.00000,1.19631,1
106,695,95.54400,6.95000,-1.22153,95.68517,,50.00000,20.00000,1.19633,1
106,696,95.66800,6.96000,-1.22391,95.65641,,50.00000,20.00000,1.19635,1
106,697,95.78900,6.97000,-1.22629,95.63729,,50.00000,20.00000,1.19637,1
106,698,95.91800,6.98000,-1.22851,95.60718,,50.00000,20.00000,1.19639,1
106,699,96.05400,6.99000,-1.22957,95.58677,,50.00000,20.00000,1.19642,1
106,700,96.17500,7.00000,-1.23211,95.56518,,50.00000,20.00000,1.19643,1
106,701,96.30600,7.01000,-1.23425,95.53029,,50.00000,20.00000,1.19645,1
106,702,96.42700,7.02000,-1.23624,95.51973,,50.00000,20.00000,1.19647,1
106,703,96.56200,7.03000,-1.23823,95.48125,,50.00000,20.00000,1.19649,1
106,704,96.67200,7.04000,-1.24030,95.46943,,50.00000,20.00000,1.19651,1
106,705,96.81100,7.05000,-1.24253,95.43086,,50.00000,20.00000,1.19653,1
106,706,96.93000,7.06000,-1.24436,95.41896,,50.00000,20.00000,1.19655,1
106,707,97.06700,7.07000,-1.24658,95.40102,,50.00000,20.00000,1.19657,1
106,708,97.20000,7.08000,-1.24873,95.36737,,50.00000,20.00000,1.19659,1
106,709,97.31300,7.09000,-1.25072,95.35924,,50.00000,20.00000,1.19661,1
106,710,97.43800,7.10000,-1.25256,95.34263,,50.00000,20.00000,1.19663,1
106,711,97.57400,7.11000,-1.25409,95.31384,,50.00000,20.00000,1.19665,1
106,712,97.68900,7.12000,-1.25631,95.29833,,50.00000,20.00000,1.19667,1
106,713,97.82300,7.13000,-1.25846,95.28279,,50.00000,20.00000,1.19669,1
106,714,97.95600,7.14000,-1.25959,95.25635,,50.00000,20.00000,1.19671,1
106,715,98.07900,7.15000,-1.26135,95.23483,,50.00000,20.00000,1.19673,1
106,716,98.20600,7.16000,-1.26342,95.21582,,50.00000,20.00000,1.19674,1
106,717,98.33500,7.17000,-1.26503,95.19811,,50.00000,20.00000,1.19676,1
106,718,98.45700,7.18000,-1.26694,95.17799,,50.00000,20.00000,1.19678,1
106,719,98.57900,7.19000,-1.26901,95.16025,,50.00000,20.00000,1.19680,1
106,720,98.70100,7.20000,-1.27077,95.13881,,50.00000,20.00000,1.19682,1
106,721,98.83500,7.21000,-1.27268,95.11246,,50.00000,20.00000,1.19684,1
106,722,98.96400,7.22000,-1.27468,95.09340,,50.00000,20.00000,1.19685,1
106,723,99.09100,7.23000,-1.27628,95.07803,,50.00000,20.00000,1.19687,1
106,724,99.21900,7.24000,-1.27781,95.04935,,50.00000,20.00000,1.19689,1
106,725,99.33700,7.25000,-1.27957,95.03034,,50.00000,20.00000,1.19691,1
106,726,99.46000,7.26000,-1.28148,95.01490,,50.00000,20.00000,1.19693,1
106,727,99.58900,7.27000,-1.28340,94.98603,,50.00000,20.00000,1.19694,1
106,728,99.72700,7.28000,-1.28430,94.96682,,50.00000,20.00000,1.19696,1
106,729,99.85000,7.29000,-1.28653,94.95126,,50.00000,20.00000,1.19698,1
106,730,99.98200,7.30000,-1.28720,94.92239,,50.00000,20.00000,1.19700,1
106,731,100.10600,7.31000,-1.28966,94.90326,,50.00000,20.00000,1.19702,1
106,732,100.23000,7.32000,-1.29111,94.88777,,50.00000,20.00000,1.19703,1
106,733,100.35700,7.33000,-1.29241,94.85891,,50.00000,20.00000,1.19705,1
106,734,100.48700,7.34000,-1.29370,94.83975,,50.00000,20.00000,1.19707,1
106,735,100.62200,7.35000,-1.29585,94.82427,,50.00000,20.00000,1.19709,1
106,736,100.74500,7.36000,-1.29714,94.79551,,50.00000,20.00000,1.19710,1
106,737,100.86900,7.37000,-1.29859,94.77533,,50.00000,20.00000,1.19712,1
106,738,101.00000,7.38000,-1.30012,94.75763,,50.00000,20.00000,1.19714,1
106,739,101.12100,7.39000,-1.30157,94.73753,,50.00000,20.00000,1.19716,1
106,740,101.24400,7.40000,-1.30279,94.71135,,50.00000,20.00000,1.19717,1
106,741,101.37600,7.41000,-1.30417,94.69605,,50.00000,20.00000,1.19719,1
106,742,101.49900,7.42000,-1.30538,94.66854,,50.00000,20.00000,1.19721,1
106,743,101.61900,7.43000,-1.30676,94.63857,,50.00000,20.00000,1.19722,1
106,744,101.76000,7.44000,-1.30844,94.62437,,50.00000,20.00000,1.19724,1
106,745,101.88000,7.45000,-1.30865,94.58960,,50.00000,20.00000,1.19726,1
106,746,102.01400,7.46000,-1.31057,94.56341,,50.00000,20.00000,1.19727,1
106,747,102.13500,7.47000,-1.31140,94.53730,,50.00000,20.00000,1.19729,1
106,748,102.25900,7.48000,-1.31278,94.50513,,50.00000,20.00000,1.19731,1
106,749,102.37800,7.49000,-1.31423,94.49355,,50.00000,20.00000,1.19732,1
106,750,102.50400,7.50000,-1.31537,94.45519,,50.00000,20.00000,1.19734,1
106,751,102.64000,7.51000,-1.31620,94.44344,,50.00000,20.00000,1.19735,1
106,752,102.76300,7.52000,-1.31711,94.41343,,50.00000,20.00000,1.19737,1
106,753,102.89000,7.53000,-1.31841,94.38832,,50.00000,20.00000,1.19739,1
106,754,103.01800,7.54000,-1.31978,94.37055,,50.00000,20.00000,1.19740,1
106,755,103.14600,7.55000,-1.32069,94.33818,,50.00000,20.00000,1.19742,1
106,756,103.27000,7.56000,-1.32106,94.32398,,50.00000,20.00000,1.19743,1
106,757,103.40100,7.57000,-1.32213,94.30008,,50.00000,20.00000,1.19745,1
106,758,103.52000,7.58000,-1.32304,94.27503,,50.00000,20.00000,1.19746,1
106,759,103.66600,7.59000,-1.32418,94.25006,,50.00000,20.00000,1.19748,1
106,760,103.77700,7.60000,-1.32509,94.24213,,50.00000,20.00000,1.19750,1
106,761,103.90900,7.61000,-1.32584,94.20391,,50.00000,20.00000,1.19751,1
106,762,104.02300,7.62000,-1.32660,94.19366,,50.00000,20.00000,1.19753,1
106,763,104.14600,7.63000,-1.32767,94.17609,,50.00000,20.00000,1.19754,1
106,764,104.28200,7.64000,-1.32819,94.14142,,50.00000,20.00000,1.19756,1
106,765,104.40100,7.65000,-1.32895,94.13098,,50.00000,20.00000,1.19757,1
106,766,104.54000,7.66000,-1.32993,94.10352,,50.00000,20.00000,1.19759,1
106,767,104.65300,7.67000,-1.33069,94.08577,,50.00000,20.00000,1.19760,1
106,768,104.78300,7.68000,-1.33122,94.06192,,50.00000,20.00000,1.19762,1
106,769,104.91300,7.69000,-1.33182,94.03683,,50.00000,20.00000,1.19763,1
106,770,105.03600,7.70000,-1.33188,94.01185,,50.00000,20.00000,1.19765,1
106,771,105.17100,7.71000,-1.33225,93.98701,,50.00000,20.00000,1.19766,1
106,772,105.28800,7.72000,-1.33301,93.96219,,50.00000,20.00000,1.19767,1
106,773,105.41500,7.73000,-1.33322,93.93736,,50.00000,20.00000,1.19769,1
106,774,105.53300,7.74000,-1.33344,93.91249,,50.00000,20.00000,1.19770,1
106,775,105.66400,7.75000,-1.33412,93.88998,,50.00000,20.00000,1.19772,1
106,776,105.78900,7.76000,-1.33441,93.86253,,50.00000,20.00000,1.19773,1
106,777,105.91300,7.77000,-1.33440,93.83986,,50.00000,20.00000,1.19775,1
106,778,106.04500,7.78000,-1.33446,93.81239,,50.00000,20.00000,1.19776,1
106,779,106.17600,7.79000,-1.33483,93.79348,,50.00000,20.00000,1.19777,1
106,780,106.29600,7.80000,-1.33497,93.76364,,50.00000,20.00000,1.19779,1
106,781,106.42300,7.81000,-1.33534,93.73744,,50.00000,20.00000,1.19780,1
106,782,106.54500,7.82000,-1.33525,93.71250,,50.00000,20.00000,1.19782,1
106,783,106.68900,7.83000,-1.33531,93.69001,,50.00000,20.00000,1.19783,1
106,784,106.79600,7.84000,-1.33560,93.66269,,50.00000,20.00000,1.19784,1
106,785,106.92100,7.85000,-1.33566,93.64019,,50.00000,20.00000,1.19786,1
106,786,107.05600,7.86000,-1.33573,93.61286,,50.00000,20.00000,1.19787,1
106,787,107.17600,7.87000,-1.33540,93.59412,,50.00000,20.00000,1.19788,1
106,788,107.30500,7.88000,-1.33523,93.56450,,50.00000,20.00000,1.19790,1
106,789,107.43100,7.89000,-1.33514,93.54459,,50.00000,20.00000,1.19791,1
106,790,107.54800,7.90000,-1.33505,93.52464,,50.00000,20.00000,1.19792,1
106,791,107.67100,7.91000,-1.33488,93.49492,,50.00000,20.00000,1.19794,1
106,792,107.79800,7.92000,-1.33440,93.47601,,50.00000,20.00000,1.19795,1
106,793,107.92100,7.93000,-1.33385,93.45093,,50.00000,20.00000,1.19796,1
106,794,108.06500,7.94000,-1.33321,93.42458,,50.00000,20.00000,1.19798,1
106,795,108.17500,7.95000,-1.33266,93.40561,,50.00000,20.00000,1.19799,1
106,796,108.31600,7.96000,-1.33226,93.37586,,50.00000,20.00000,1.19800,1
106,797,108.43800,7.97000,-1.33139,93.35341,,50.00000,20.00000,1.19801,1
106,798,108.55100,7.98000,-1.33061,93.33214,,50.00000,20.00000,1.19802,1
106,799,108.68400,7.99000,-1.32998,93.30357,,50.00000,20.00000,1.19804,1
106,800,108.80900,8.00000,-1.32911,93.28467,,50.00000,20.00000,1.19805,1
106,801,108.93400,8.01000,-1.32817,93.25724,,50.00000,20.00000,1.19806,1
106,802,109.07400,8.02000,-1.32738,93.23467,,50.00000,20.00000,1.19808,1
106,803,109.18700,8.03000,-1.32644,93.20737,,50.00000,20.00000,1.19809,1
106,804,109.31100,8.04000,-1.32543,93.18506,,50.00000,20.00000,1.19810,1
106,805,109.43200,8.05000,-1.32379,93.15785,,50.00000,20.00000,1.19811,1
106,806,109.56400,8.06000,-1.32254,93.13902,,50.00000,20.00000,1.19812,1
106,807,109.68400,8.07000,-1.32222,93.10919,,50.00000,20.00000,1.19813,1
106,808,109.80500,8.08000,-1.32105,93.08902,,50.00000,20.00000,1.19815,1
106,809,109.94600,8.09000,-1.31980,93.06765,,50.00000,20.00000,1.19816,1
106,810,110.07400,8.10000,-1.31777,93.03295,,50.00000,20.00000,1.19817,1
106,811,110.19400,8.11000,-1.31653,93.02622,,50.00000,20.00000,1.19818,1
106,812,110.31600,8.12000,-1.31505,92.99658,,50.00000,20.00000,1.19819,1
106,813,110.44000,8.13000,-1.31449,92.97667,,50.00000,20.00000,1.19821,1
106,814,110.56200,8.14000,-1.31301,92.96883,,50.00000,20.00000,1.19822,1
106,815,110.69100,8.15000,-1.31146,92.93910,,50.00000,20.00000,1.19823,1
106,816,110.81500,8.16000,-1.31005,92.92268,,50.00000,20.00000,1.19824,1
106,817,110.94500,8.17000,-1.30842,92.90502,,50.00000,20.00000,1.19825,1
106,818,111.06600,8.18000,-1.30640,92.88489,,50.00000,20.00000,1.19826,1
106,819,111.19000,8.19000,-1.30469,92.86477,,50.00000,20.00000,1.19827,1
106,820,111.32500,8.20000,-1.30336,92.85568,,50.00000,20.00000,1.19828,1
106,821,111.44700,8.21000,-1.30173,92.82598,,50.00000,20.00000,1.19829,1
106,822,111.56800,8.22000,-1.29924,92.81324,,50.00000,20.00000,1.19830,1
106,823,111.69700,8.23000,-1.29769,92.79197,,50.00000,20.00000,1.19832,1
106,824,111.81000,8.24000,-1.29629,92.77187,,50.00000,20.00000,1.19833,1
106,825,111.95400,8.25000,-1.29426,92.75414,,50.00000,20.00000,1.19834,1
106,826,112.06900,8.26000,-1.29225,92.73514,,50.00000,20.00000,1.19835,1
106,827,112.20400,8.27000,-1.29022,92.71247,,50.00000,20.00000,1.19836,1
106,828,112.32800,8.28000,-1.28844,92.69958,,50.00000,20.00000,1.19837,1
106,829,112.45300,8.29000,-1.28649,92.68554,,50.00000,20.00000,1.19838,1
106,830,112.57900,8.30000,-1.28471,92.66539,,50.00000,20.00000,1.19839,1
106,831,112.70400,8.31000,-1.28277,92.64397,,50.00000,20.00000,1.19840,1
106,832,112.83500,8.32000,-1.28105,92.62866,,50.00000,20.00000,1.19841,1
106,833,112.96100,8.33000,-1.27919,92.60373,,50.00000,20.00000,1.19842,1
106,834,113.10000,8.34000,-1.27640,92.59592,,50.00000,20.00000,1.19843,1
106,835,113.21000,8.35000,-1.27430,92.56998,,50.00000,20.00000,1.19844,1
106,836,113.32900,8.36000,-1.27236,92.55014,,50.00000,20.00000,1.19845,1
106,837,113.45400,8.37000,-1.27034,92.54129,,50.00000,20.00000,1.19846,1
106,838,113.58100,8.38000,-1.26840,92.52389,,50.00000,20.00000,1.19847,1
106,839,113.69700,8.39000,-1.26631,92.49907,,50.00000,20.00000,1.19848,1
106,840,113.82700,8.40000,-1.26413,92.48386,,50.00000,20.00000,1.19849,1
106,841,113.95500,8.41000,-1.26196,92.46494,,50.00000,20.00000,1.19850,1
106,842,114.08000,8.42000,-1.25925,92.44353,,50.00000,20.00000,1.19851,1
106,843,114.20400,8.43000,-1.25731,92.43179,,50.00000,20.00000,1.19851,1
106,844,114.34100,8.44000,-1.25514,92.40433,,50.00000,20.00000,1.19852,1
106,845,114.46500,8.45000,-1.25320,92.38553,,50.00000,20.00000,1.19853,1
106,846,114.58600,8.46000,-1.25110,92.37046,,50.00000,20.00000,1.19854,1
106,847,114.71400,8.47000,-1.24877,92.33235,,50.00000,20.00000,1.19855,1
106,848,114.82900,8.48000,-1.24637,92.32336,,50.00000,20.00000,1.19856,1
106,849,114.95100,8.49000,-1.24428,92.31436,,50.00000,20.00000,1.19857,1
106,850,115.09400,8.50000,-1.24195,92.27867,,50.00000,20.00000,1.19858,1
106,851,115.20400,8.51000,-1.23947,92.26963,,50.00000,20.00000,1.19859,1
106,852,115.33300,8.52000,-1.23722,92.23873,,50.00000,20.00000,1.19860,1
106,853,115.45100,8.53000,-1.23613,92.22364,,50.00000,20.00000,1.19860,1
106,854,115.57700,8.54000,-1.23319,92.21221,,50.00000,20.00000,1.19861,1
106,855,115.70800,8.55000,-1.23055,92.18249,,50.00000,20.00000,1.19862,1
106,856,115.83100,8.56000,-1.22838,92.17336,,50.00000,20.00000,1.19863,1
106,857,115.96000,8.57000,-1.22629,92.15697,,50.00000,20.00000,1.19864,1
106,858,116.08000,8.58000,-1.22396,92.13576,,50.00000,20.00000,1.19864,1
106,859,116.20500,8.59000,-1.22156,92.11579,,50.00000,20.00000,1.19865,1
106,860,116.33500,8.60000,-1.21931,92.10431,,50.00000,20.00000,1.19866,1
106,861,116.45500,8.61000,-1.21714,92.07343,,50.00000,20.00000,1.19867,1
106,862,116.58200,8.62000,-1.21490,92.06082,,50.00000,20.00000,1.19868,1
106,863,116.69200,8.63000,-1.21250,92.04943,,50.00000,20.00000,1.19868,1
106,864,116.83800,8.64000,-1.21002,92.01984,,50.00000,20.00000,1.19869,1
106,865,116.95000,8.65000,-1.20777,92.00483,,50.00000,20.00000,1.19870,1
106,866,117.07700,8.66000,-1.20560,91.98862,,50.00000,20.00000,1.19871,1
106,867,117.19900,8.67000,-1.20312,91.96511,,50.00000,20.00000,1.19871,1
106,868,117.31400,8.68000,-1.20080,91.94759,,50.00000,20.00000,1.19872,1
106,869,117.44200,8.69000,-1.19871,91.92516,,50.00000,20.00000,1.19873,1
106,870,117.57200,8.70000,-1.19638,91.90151,,50.00000,20.00000,1.19874,1
106,871,117.70100,8.71000,-1.19383,91.89238,,50.00000,20.00000,1.19874,1
106,872,117.82400,8.72000,-1.19166,91.86867,,50.00000,20.00000,1.19875,1
106,873,117.94700,8.73000,-1.18933,91.84500,,50.00000,20.00000,1.19876,1
106,874,118.07900,8.74000,-1.18763,91.82984,,50.00000,20.00000,1.19877,1
106,875,118.18900,8.75000,-1.18507,91.81103,,50.00000,20.00000,1.19877,1
106,876,118.32100,8.76000,-1.18275,91.78977,,50.00000,20.00000,1.19878,1
106,877,118.45900,8.77000,-1.18027,91.77456,,50.00000,20.00000,1.19879,1
106,878,118.57000,8.78000,-1.17772,91.74002,,50.00000,20.00000,1.19879,1
106,879,118.69400,8.79000,-1.17617,91.73465,,50.00000,20.00000,1.19880,1
106,880,118.81900,8.80000,-1.17407,91.71829,,50.00000,20.00000,1.19880,1
106,881,118.95100,8.81000,-1.17175,91.69818,,50.00000,20.00000,1.19881,1
106,882,119.06300,8.82000,-1.16873,91.67679,,50.00000,20.00000,1.19882,1
106,883,119.20200,8.83000,-1.16618,91.66268,,50.00000,20.00000,1.19882,1
106,884,119.32900,8.84000,-1.16432,91.64861,,50.00000,20.00000,1.19883,1
106,885,119.46000,8.85000,-1.16231,91.61396,,50.00000,20.00000,1.19884,1
106,886,119.58100,8.86000,-1.15991,91.60849,,50.00000,20.00000,1.19884,1
106,887,119.70000,8.87000,-1.15758,91.59225,,50.00000,20.00000,1.19885,1
106,888,119.82200,8.88000,-1.15611,91.56025,,50.00000,20.00000,1.19885,1
106,889,119.94100,8.89000,-1.15371,91.54756,,50.00000,20.00000,1.19886,1
106,890,120.07500,8.90000,-1.15170,91.53724,,50.00000,20.00000,1.19887,1
106,891,120.20000,8.91000,-1.14884,91.51719,,50.00000,20.00000,1.19887,1
106,892,120.32200,8.92000,-1.14636,91.49716,,50.00000,20.00000,1.19888,1
106,893,120.45300,8.93000,-1.14442,91.47716,,50.00000,20.00000,1.19888,1
106,894,120.58100,8.94000,-1.14241,91.46568,,50.00000,20.00000,1.19889,1
106,895,120.69500,8.95000,-1.14001,91.44823,,50.00000,20.00000,1.19889,1
106,896,120.81000,8.96000,-1.13785,91.42713,,50.00000,20.00000,1.19890,1
106,897,120.94600,8.97000,-1.13576,91.41564,,50.00000,20.00000,1.19891,1
106,898,121.06600,8.98000,-1.13374,91.40292,,50.00000,20.00000,1.19891,1
106,899,121.20100,8.99000,-1.13150,91.38415,,50.00000,20.00000,1.19892,1
106,900,121.32600,9.00000,-1.12926,91.37146,,50.00000,20.00000,1.19892,1
106,901,121.43700,9.01000,-1.12701,91.36239,,50.00000,20.00000,1.19893,1
106,902,121.55800,9.02000,-1.12446,91.34359,,50.00000,20.00000,1.19893,1
106,903,121.70100,9.03000,-1.12245,91.32241,,50.00000,20.00000,1.19894,1
106,904,121.81700,9.04000,-1.12136,91.30856,,50.00000,20.00000,1.19894,1
106,905,121.93700,9.05000,-1.11889,91.30438,,50.00000,20.00000,1.19894,1
106,906,122.07200,9.06000,-1.11657,91.29047,,50.00000,20.00000,1.19895,1
106,907,122.18800,9.07000,-1.11425,91.27658,,50.00000,20.00000,1.19895,1
106,908,122.31300,9.08000,-1.11278,91.25299,,50.00000,20.00000,1.19896,1
106,909,122.44100,9.09000,-1.11046,91.24521,,50.00000,20.00000,1.19896,1
106,910,122.56900,9.10000,-1.10806,91.23254,,50.00000,20.00000,1.19897,1
106,911,122.68000,9.11000,-1.10551,91.21622,,50.00000,20.00000,1.19897,1
106,912,122.80800,9.12000,-1.10365,91.19750,,50.00000,20.00000,1.19898,1
106,913,122.93700,9.13000,-1.10179,91.18359,,50.00000,20.00000,1.19898,1
106,914,123.05700,9.14000,-1.09963,91.17568,,50.00000,20.00000,1.19898,1
106,915,123.18900,9.15000,-1.09808,91.15684,,50.00000,20.00000,1.19899,1
106,916,123.31000,9.16000,-1.09591,91.14896,,50.00000,20.00000,1.19899,1
106,917,123.43600,9.17000,-1.09383,91.12781,,50.00000,20.00000,1.19900,1
106,918,123.56400,9.18000,-1.09189,91.10790,,50.00000,20.00000,1.19900,1
106,919,123.68700,9.19000,-1.08973,91.10382,,50.00000,20.00000,1.19900,1
106,920,123.80300,9.20000,-1.08756,91.08653,,50.00000,20.00000,1.19901,1
106,921,123.92400,9.21000,-1.08524,91.06558,,50.00000,20.00000,1.19901,1
106,922,124.04000,9.22000,-1.08470,91.04574,,50.00000,20.00000,1.19901,1
106,923,124.17100,9.23000,-1.08246,91.04159,,50.00000,20.00000,1.19902,1
106,924,124.29600,9.24000,-1.07991,91.02403,,50.00000,20.00000,1.19902,1
106,925,124.41900,9.25000,-1.07782,91.01007,,50.00000,20.00000,1.19902,1
106,926,124.54800,9.26000,-1.07542,90.99001,,50.00000,20.00000,1.19903,1
106,927,124.66900,9.27000,-1.07349,90.96992,,50.00000,20.00000,1.19903,1
106,928,124.79500,9.28000,-1.07171,90.96570,,50.00000,20.00000,1.19903,1
106,929,124.92100,9.29000,-1.06993,90.94824,,50.00000,20.00000,1.19904,1
106,930,125.04500,9.30000,-1.06839,90.92714,,50.00000,20.00000,1.19904,1
106,931,125.16400,9.31000,-1.06661,90.90721,,50.00000,20.00000,1.19904,1
106,932,125.29000,9.32000,-1.06483,90.90305,,50.00000,20.00000,1.19904,1
106,933,125.40700,9.33000,-1.06290,90.87828,,50.00000,20.00000,1.19905,1
106,934,125.55000,9.34000,-1.06089,90.85716,,50.00000,20.00000,1.19905,1
106,935,125.66400,9.35000,-1.05888,90.85301,,50.00000,20.00000,1.19905,1
106,936,125.77400,9.36000,-1.05718,90.83550,,50.00000,20.00000,1.19905,1
106,937,125.90900,9.37000,-1.05533,90.81438,,50.00000,20.00000,1.19906,1
106,938,126.03200,9.38000,-1.05347,90.79446,,50.00000,20.00000,1.19906,1
106,939,126.16100,9.39000,-1.05154,90.79029,,50.00000,20.00000,1.19906,1
106,940,126.27900,9.40000,-1.04953,90.77280,,50.00000,20.00000,1.19906,1
106,941,126.40600,9.41000,-1.04791,90.75171,,50.00000,20.00000,1.19907,1
106,942,126.53200,9.42000,-1.04628,90.73183,,50.00000,20.00000,1.19907,1
106,943,126.64100,9.43000,-1.04389,90.72767,,50.00000,20.00000,1.19907,1
106,944,126.77100,9.44000,-1.04180,90.71500,,50.00000,20.00000,1.19907,1
106,945,126.90000,9.45000,-1.04072,90.69873,,50.00000,20.00000,1.19907,1
106,946,127.02300,9.46000,-1.03833,90.67274,,50.00000,20.00000,1.19908,1
106,947,127.15500,9.47000,-1.03755,90.66737,,50.00000,20.00000,1.19908,1
106,948,127.26100,9.48000,-1.03539,90.66200,,50.00000,20.00000,1.19908,1
106,949,127.38700,9.49000,-1.03346,90.64693,,50.00000,20.00000,1.19908,1
106,950,127.52900,9.50000,-1.03168,90.63430,,50.00000,20.00000,1.19908,1
106,951,127.63500,9.51000,-1.02944,90.62041,,50.00000,20.00000,1.19908,1
106,952,127.76500,9.52000,-1.02720,90.60042,,50.00000,20.00000,1.19908,1
106,953,127.88300,9.53000,-1.02542,90.59144,,50.00000,20.00000,1.19909,1
106,954,128.01500,9.54000,-1.02473,90.58861,,50.00000,20.00000,1.19909,1
106,955,128.13499,9.55000,-1.02295,90.57119,,50.00000,20.00000,1.19909,1
106,956,128.25700,9.56000,-1.02033,90.55010,,50.00000,20.00000,1.19909,1
106,957,128.37300,9.57000,-1.01940,90.53023,,50.00000,20.00000,1.19909,1
106,958,128.50700,9.58000,-1.01793,90.52615,,50.00000,20.00000,1.19909,1
106,959,128.62801,9.59000,-1.01585,90.50874,,50.00000,20.00000,1.19909,1
106,960,128.74800,9.60000,-1.01330,90.48768,,50.00000,20.00000,1.19909,1
106,961,128.86600,9.61000,-1.01144,90.46786,,50.00000,20.00000,1.19909,1
106,962,128.99800,9.62000,-1.00982,90.46633,,50.00000,20.00000,1.19909,1
106,963,129.10899,9.63000,-1.00851,90.46116,,50.00000,20.00000,1.19909,1
106,964,129.23700,9.64000,-1.00689,90.44380,,50.00000,20.00000,1.19909,1
106,965,129.35201,9.65000,-1.00550,90.42882,,50.00000,20.00000,1.19910,1
106,966,129.47501,9.66000,-1.00388,90.41014,,50.00000,20.00000,1.19910,1
106,967,129.60699,9.67000,-1.00218,90.40356,,50.00000,20.00000,1.19910,1
106,968,129.72000,9.68000,-1.00017,90.39935,,50.00000,20.00000,1.19910,1
106,969,129.85600,9.69000,-0.99824,90.39032,,50.00000,20.00000,1.19910,1
106,970,129.97501,9.70000,-0.99647,90.37898,,50.00000,20.00000,1.19910,1
106,971,130.09500,9.71000,-0.99492,90.36646,,50.00000,20.00000,1.19910,1
106,972,130.21700,9.72000,-0.99353,90.35269,,50.00000,20.00000,1.19910,1
106,973,130.33299,9.73000,-0.99222,90.33404,,50.00000,20.00000,1.19910,1
106,974,130.46600,9.74000,-0.99068,90.31658,,50.00000,20.00000,1.19910,1
106,975,130.58000,9.75000,-0.98906,90.31368,,50.00000,20.00000,1.19910,1
106,976,130.71600,9.76000,-0.98736,90.30230,,50.00000,20.00000,1.19909,1
106,977,130.83000,9.77000,-0.98597,90.27761,,50.00000,20.00000,1.19909,1
106,978,130.95300,9.78000,-0.98458,90.26507,,50.00000,20.00000,1.19909,1
106,979,131.07300,9.79000,-0.98250,90.26102,,50.00000,20.00000,1.19909,1
106,980,131.19501,9.80000,-0.98134,90.24240,,50.00000,20.00000,1.19909,1
106,981,131.32300,9.81000,-0.97972,90.21889,,50.00000,20.00000,1.19909,1
106,982,131.43700,9.82000,-0.97825,90.20264,,50.00000,20.00000,1.19909,1
106,983,131.56000,9.83000,-0.97655,90.20094,,50.00000,20.00000,1.19909,1
106,984,131.69501,9.84000,-0.97462,90.19077,,50.00000,20.00000,1.19909,1
106,985,131.81200,9.85000,-0.97293,90.17698,,50.00000,20.00000,1.19909,1
106,986,131.93100,9.86000,-0.97200,90.15836,,50.00000,20.00000,1.19909,1
106,987,132.05701,9.87000,-0.97077,90.14094,,50.00000,20.00000,1.19909,1
106,988,132.16901,9.88000,-0.96922,90.13806,,50.00000,20.00000,1.19909,1
106,989,132.29700,9.89000,-0.96776,90.12302,,50.00000,20.00000,1.19908,1
106,990,132.42599,9.90000,-0.96622,90.10797,,50.00000,20.00000,1.19908,1
106,991,132.54800,9.91000,-0.96429,90.08930,,50.00000,20.00000,1.19908,1
106,992,132.66800,9.92000,-0.96159,90.07671,,50.00000,20.00000,1.19908,1
106,993,132.78500,9.93000,-0.96035,90.07264,,50.00000,20.00000,1.19908,1
106,994,132.91600,9.94000,-0.95981,90.05884,,50.00000,20.00000,1.19908,1
106,995,133.03101,9.95000,-0.95850,90.04743,,50.00000,20.00000,1.19907,1
106,996,133.15500,9.96000,-0.95634,90.03840,,50.00000,20.00000,1.19907,1
106,997,133.27499,9.97000,-0.95488,90.02814,,50.00000,20.00000,1.19907,1
106,998,133.41299,9.98000,-0.95349,90.00454,,50.00000,20.00000,1.19907,1
106,999,133.52400,9.99000,-0.95094,89.98825,,50.00000,20.00000,1.19907,1
106,1000,133.65700,10.00000,-0.94971,89.98658,,50.00000,20.00000,1.19906,1
106,1001,133.77400,10.01000,-0.94894,89.97526,,50.00000,20.00000,1.19906,1
106,1002,133.88800,10.02000,-0.94724,89.95064,,50.00000,20.00000,1.19906,1
106,1003,134.02200,10.03000,-0.94531,89.93819,,50.00000,20.00000,1.19906,1
106,1004,134.13499,10.04000,-0.94470,89.92937,,50.00000,20.00000,1.19906,1
106,1005,134.24899,10.05000,-0.94215,89.91084,,50.00000,20.00000,1.19905,1
106,1006,134.38600,10.06000,-0.94046,89.89836,,50.00000,20.00000,1.19905,1
106,1007,134.49200,10.07000,-0.93969,89.87246,,50.00000,20.00000,1.19905,1
106,1008,134.61600,10.08000,-0.93807,89.86105,,50.00000,20.00000,1.19905,1
106,1009,134.73900,10.09000,-0.93714,89.84840,,50.00000,20.00000,1.19904,1
106,1010,134.87199,10.10000,-0.93614,89.83209,,50.00000,20.00000,1.19904,1
106,1011,134.99100,10.11000,-0.93375,89.81461,,50.00000,20.00000,1.19904,1
106,1012,135.11600,10.12000,-0.93174,89.80810,,50.00000,20.00000,1.19904,1
106,1013,135.23199,10.13000,-0.93028,89.79072,,50.00000,20.00000,1.19903,1
106,1014,135.35699,10.14000,-0.92997,89.77458,,50.00000,20.00000,1.19903,1
106,1015,135.47701,10.15000,-0.92851,89.75600,,50.00000,20.00000,1.19903,1
106,1016,135.58800,10.16000,-0.92704,89.73979,,50.00000,20.00000,1.19902,1
106,1017,135.71899,10.17000,-0.92589,89.73083,,50.00000,20.00000,1.19902,1
106,1018,135.84801,10.18000,-0.92412,89.71336,,50.00000,20.00000,1.19902,1
106,1019,135.96001,10.19000,-0.92242,89.70074,,50.00000,20.00000,1.19901,1
106,1020,136.08701,10.20000,-0.92111,89.67602,,50.00000,20.00000,1.19901,1
106,1021,136.21500,10.21000,-0.91996,89.66348,,50.00000,20.00000,1.19901,1
106,1022,136.32800,10.22000,-0.91834,89.65705,,50.00000,20.00000,1.19900,1
106,1023,136.45200,10.23000,-0.91687,89.63852,,50.00000,20.00000,1.19900,1
106,1024,136.56900,10.24000,-0.91587,89.61396,,50.00000,20.00000,1.19900,1
106,1025,136.69299,10.25000,-0.91510,89.60157,,50.00000,20.00000,1.19899,1
106,1026,136.81100,10.26000,-0.91348,89.59528,,50.00000,20.00000,1.19899,1
106,1027,136.93600,10.27000,-0.91187,89.57685,,50.00000,20.00000,1.19898,1
106,1028,137.03999,10.28000,-0.90994,89.55230,,50.00000,20.00000,1.19898,1
106,1029,137.16299,10.29000,-0.90855,89.53982,,50.00000,20.00000,1.19898,1
106,1030,137.28700,10.30000,-0.90771,89.53697,,50.00000,20.00000,1.19897,1
106,1031,137.41100,10.31000,-0.90686,89.51954,,50.00000,20.00000,1.19897,1
106,1032,137.54100,10.32000,-0.90493,89.50576,,50.00000,20.00000,1.19896,1
106,1033,137.65199,10.33000,-0.90339,89.49321,,50.00000,20.00000,1.19896,1
106,1034,137.78000,10.34000,-0.90185,89.47339,,50.00000,20.00000,1.19896,1
106,1035,137.89000,10.35000,-0.90031,89.46570,,50.00000,20.00000,1.19895,1
106,1036,138.01300,10.36000,-0.89900,89.45192,,50.00000,20.00000,1.19895,1
106,1037,138.14700,10.37000,-0.89877,89.43937,,50.00000,20.00000,1.19894,1
106,1038,138.25900,10.38000,-0.89669,89.42442,,50.00000,20.00000,1.19894,1
106,1039,138.38699,10.39000,-0.89554,89.40587,,50.00000,20.00000,1.19893,1
106,1040,138.50101,10.40000,-0.89384,89.40192,,50.00000,20.00000,1.19893,1
106,1041,138.62100,10.41000,-0.89191,89.38947,,50.00000,20.00000,1.19892,1
106,1042,138.73900,10.42000,-0.89053,89.37334,,50.00000,20.00000,1.19892,1
106,1043,138.85600,10.43000,-0.89022,89.36079,,50.00000,20.00000,1.19891,1
106,1044,138.98199,10.44000,-0.88861,89.34215,,50.00000,20.00000,1.19891,1
106,1045,139.10899,10.45000,-0.88683,89.32837,,50.00000,20.00000,1.19890,1
106,1046,139.23100,10.46000,-0.88514,89.32434,,50.00000,20.00000,1.19890,1
106,1047,139.34399,10.47000,-0.88383,89.31308,,50.00000,20.00000,1.19889,1
106,1048,139.47000,10.48000,-0.88237,89.30066,,50.00000,20.00000,1.19889,1
106,1049,139.58800,10.49000,-0.88114,89.29066,,50.00000,20.00000,1.19888,1
106,1050,139.70000,10.50000,-0.87967,89.27699,,50.00000,20.00000,1.19888,1
106,1051,139.82001,10.51000,-0.87813,89.26206,,50.00000,20.00000,1.19887,1
106,1052,139.94299,10.52000,-0.87744,89.24348,,50.00000,20.00000,1.19887,1
106,1053,140.07201,10.53000,-0.87636,89.23946,,50.00000,20.00000,1.19886,1
106,1054,140.19800,10.54000,-0.87490,89.23788,,50.00000,20.00000,1.19885,1
106,1055,140.29401,10.55000,-0.87321,89.22660,,50.00000,20.00000,1.19885,1
106,1056,140.42999,10.56000,-0.87167,89.21290,,50.00000,20.00000,1.19884,1
106,1057,140.54601,10.57000,-0.87020,89.19311,,50.00000,20.00000,1.19884,1
106,1058,140.66499,10.58000,-0.86905,89.17815,,50.00000,20.00000,1.19883,1
106,1059,140.79100,10.59000,-0.86844,89.17655,,50.00000,20.00000,1.19883,1
106,1060,140.91200,10.60000,-0.86682,89.16892,,50.00000,20.00000,1.19882,1
106,1061,141.02901,10.61000,-0.86513,89.15889,,50.00000,20.00000,1.19881,1
106,1062,141.14999,10.62000,-0.86382,89.14643,,50.00000,20.00000,1.19881,1
106,1063,141.25999,10.63000,-0.86235,89.13155,,50.00000,20.00000,1.19880,1
106,1064,141.38901,10.64000,-0.86120,89.12151,,50.00000,20.00000,1.19879,1
106,1065,141.50800,10.65000,-0.86005,89.10660,,50.00000,20.00000,1.19879,1
106,1066,141.63100,10.66000,-0.85889,89.09170,,50.00000,20.00000,1.19878,1
106,1067,141.74001,10.67000,-0.85751,89.08893,,50.00000,20.00000,1.19878,1
106,1068,141.86600,10.68000,-0.85651,89.08134,,50.00000,20.00000,1.19877,1
106,1069,141.99100,10.69000,-0.85520,89.06531,,50.00000,20.00000,1.19876,1
106,1070,142.10500,10.70000,-0.85343,89.05660,,50.00000,20.00000,1.19876,1
106,1071,142.22501,10.71000,-0.85189,89.04428,,50.00000,20.00000,1.19875,1
106,1072,142.33701,10.72000,-0.85128,89.02346,,50.00000,20.00000,1.19874,1
106,1073,142.44701,10.73000,-0.84935,89.01472,,50.00000,20.00000,1.19874,1
106,1074,142.57600,10.74000,-0.84820,89.01198,,50.00000,20.00000,1.19873,1
106,1075,142.69600,10.75000,-0.84728,89.00312,,50.00000,20.00000,1.19872,1
106,1076,142.81000,10.76000,-0.84574,88.99180,,50.00000,20.00000,1.19871,1
106,1077,142.93700,10.77000,-0.84428,88.96955,,50.00000,20.00000,1.19871,1
106,1078,143.05800,10.78000,-0.84297,88.95337,,50.00000,20.00000,1.19870,1
106,1079,143.17500,10.79000,-0.84158,88.95176,,50.00000,20.00000,1.19869,1
106,1080,143.29100,10.80000,-0.84012,88.94531,,50.00000,20.00000,1.19869,1
106,1081,143.42000,10.81000,-0.83866,88.93402,,50.00000,20.00000,1.19868,1
106,1082,143.53500,10.82000,-0.83696,88.92518,,50.00000,20.00000,1.19867,1
106,1083,143.65500,10.83000,-0.83519,88.91395,,50.00000,20.00000,1.19866,1
106,1084,143.77100,10.84000,-0.83489,88.89546,,50.00000,20.00000,1.19865,1
106,1085,143.89799,10.85000,-0.83358,88.87821,,50.00000,20.00000,1.19865,1
106,1086,144.00600,10.86000,-0.83212,88.87672,,50.00000,20.00000,1.19864,1
106,1087,144.12000,10.87000,-0.83035,88.87037,,50.00000,20.00000,1.19863,1
106,1088,144.25301,10.88000,-0.82920,88.85552,,50.00000,20.00000,1.19862,1
106,1089,144.36501,10.89000,-0.82766,88.84551,,50.00000,20.00000,1.19862,1
106,1090,144.48199,10.90000,-0.82650,88.83549,,50.00000,20.00000,1.19861,1
106,1091,144.59801,10.91000,-0.82535,88.81457,,50.00000,20.00000,1.19860,1
106,1092,144.72701,10.92000,-0.82389,88.80214,,50.00000,20.00000,1.19859,1
106,1093,144.83600,10.93000,-0.82243,88.79823,,50.00000,20.00000,1.19858,1
106,1094,144.96201,10.94000,-0.82112,88.78463,,50.00000,20.00000,1.19858,1
106,1095,145.07201,10.95000,-0.82012,88.77346,,50.00000,20.00000,1.19857,1
106,1096,145.19200,10.96000,-0.81897,88.75258,,50.00000,20.00000,1.19856,1
106,1097,145.31000,10.97000,-0.81766,88.74017,,50.00000,20.00000,1.19855,1
106,1098,145.42000,10.98000,-0.81666,88.73625,,50.00000,20.00000,1.19854,1
106,1099,145.56100,10.99000,-0.81520,88.72262,,50.00000,20.00000,1.19853,1
106,1100,145.66100,11.00000,-0.81390,88.71141,,50.00000,20.00000,1.19853,1
106,1101,145.77600,11.01000,-0.81251,88.70262,,50.00000,20.00000,1.19852,1
106,1102,145.90199,11.02000,-0.81113,88.68412,,50.00000,20.00000,1.19851,1
106,1103,146.02100,11.03000,-0.80990,88.66684,,50.00000,20.00000,1.19850,1
106,1104,146.14000,11.04000,-0.80859,88.66050,,50.00000,20.00000,1.19849,1
106,1105,146.26199,11.05000,-0.80721,88.64811,,50.00000,20.00000,1.19848,1
106,1106,146.36000,11.06000,-0.80590,88.63693,,50.00000,20.00000,1.19847,1
106,1107,146.49200,11.07000,-0.80544,88.62697,,50.00000,20.00000,1.19846,1
106,1108,146.61200,11.08000,-0.80390,88.60000,,50.00000,20.00000,1.19845,1
106,1109,146.72501,11.09000,-0.80236,88.59122,,50.00000,20.00000,1.19845,1
106,1110,146.83600,11.10000,-0.80090,88.58973,,50.00000,20.00000,1.19844,1
106,1111,146.96600,11.11000,-0.79929,88.58098,,50.00000,20.00000,1.19843,1
106,1112,147.08099,11.12000,-0.79821,88.56621,,50.00000,20.00000,1.19842,1
106,1113,147.19901,11.13000,-0.79675,88.54782,,50.00000,20.00000,1.19841,1
106,1114,147.30701,11.14000,-0.79552,88.53066,,50.00000,20.00000,1.19840,1
106,1115,147.42500,11.15000,-0.79437,88.52925,,50.00000,20.00000,1.19839,1
106,1116,147.54201,11.16000,-0.79314,88.52657,,50.00000,20.00000,1.19838,1
106,1117,147.65601,11.17000,-0.79206,88.51777,,50.00000,20.00000,1.19837,1
106,1118,147.78200,11.18000,-0.79076,88.50528,,50.00000,20.00000,1.19836,1
106,1119,147.89700,11.19000,-0.78953,88.49519,,50.00000,20.00000,1.19835,1
106,1120,148.01401,11.20000,-0.78853,88.48510,,50.00000,20.00000,1.19834,1
106,1121,148.13800,11.21000,-0.78722,88.47506,,50.00000,20.00000,1.19833,1
106,1122,148.25800,11.22000,-0.78561,88.46143,,50.00000,20.00000,1.19832,1
106,1123,148.37399,11.23000,-0.78407,88.44665,,50.00000,20.00000,1.19831,1
106,1124,148.48599,11.24000,-0.78284,88.44162,,50.00000,20.00000,1.19830,1
106,1125,148.60201,11.25000,-0.78169,88.43658,,50.00000,20.00000,1.19829,1
106,1126,148.71300,11.26000,-0.78046,88.42786,,50.00000,20.00000,1.19828,1
106,1127,148.83299,11.27000,-0.77931,88.41788,,50.00000,20.00000,1.19827,1
106,1128,148.95200,11.28000,-0.77792,88.41029,,50.00000,20.00000,1.19826,1
106,1129,149.07201,11.29000,-0.77669,88.40270,,50.00000,20.00000,1.19825,1
106,1130,149.19000,11.30000,-0.77570,88.38662,,50.00000,20.00000,1.19824,1
106,1131,149.30600,11.31000,-0.77493,88.37178,,50.00000,20.00000,1.19823,1
106,1132,149.42000,11.32000,-0.77331,88.36666,,50.00000,20.00000,1.19822,1
106,1133,149.54100,11.33000,-0.77162,88.35793,,50.00000,20.00000,1.19821,1
106,1134,149.65100,11.34000,-0.77055,88.34314,,50.00000,20.00000,1.19820,1
106,1135,149.78101,11.35000,-0.77009,88.33566,,50.00000,20.00000,1.19819,1
106,1136,149.88000,11.36000,-0.76878,88.32941,,50.00000,20.00000,1.19818,1
106,1137,150.00800,11.37000,-0.76694,88.30862,,50.00000,20.00000,1.19816,1
106,1138,150.11501,11.38000,-0.76532,88.29390,,50.00000,20.00000,1.19815,1
106,1139,150.23000,11.39000,-0.76401,88.29251,,50.00000,20.00000,1.19814,1
106,1140,150.35600,11.40000,-0.76309,88.28868,,50.00000,20.00000,1.19813,1
106,1141,150.45799,11.41000,-0.76171,88.27993,,50.00000,20.00000,1.19812,1
106,1142,150.57401,11.42000,-0.76048,88.27112,,50.00000,20.00000,1.19811,1
106,1143,150.69800,11.43000,-0.75925,88.26349,,50.00000,20.00000,1.19810,1
106,1144,150.81700,11.44000,-0.75849,88.24736,,50.00000,20.00000,1.19809,1
106,1145,150.94200,11.45000,-0.75718,88.23733,,50.00000,20.00000,1.19808,1
106,1146,151.05299,11.46000,-0.75564,88.22249,,50.00000,20.00000,1.19806,1
106,1147,151.16200,11.47000,-0.75403,88.20768,,50.00000,20.00000,1.19805,1
106,1148,151.28700,11.48000,-0.75195,88.20501,,50.00000,20.00000,1.19804,1
106,1149,151.39500,11.49000,-0.75134,88.20113,,50.00000,20.00000,1.19803,1
106,1150,151.51700,11.50000,-0.75026,88.18511,,50.00000,20.00000,1.19802,1
106,1151,151.63400,11.51000,-0.74911,88.17514,,50.00000,20.00000,1.19801,1
106,1152,151.74500,11.52000,-0.74765,88.16638,,50.00000,20.00000,1.19800,1
106,1153,151.86200,11.53000,-0.74650,88.16005,,50.00000,20.00000,1.19798,1
106,1154,151.98199,11.54000,-0.74519,88.14889,,50.00000,20.00000,1.19797,1
106,1155,152.09599,11.55000,-0.74404,88.12683,,50.00000,20.00000,1.19796,1
106,1156,152.21700,11.56000,-0.74273,88.11816,,50.00000,20.00000,1.19795,1
106,1157,152.32700,11.57000,-0.74127,88.11800,,50.00000,20.00000,1.19794,1
106,1158,152.43500,11.58000,-0.74020,88.11417,,50.00000,20.00000,1.19792,1
106,1159,152.55400,11.59000,-0.73874,88.10422,,50.00000,20.00000,1.19791,1
106,1160,152.66400,11.60000,-0.73743,88.09301,,50.00000,20.00000,1.19790,1
106,1161,152.79201,11.61000,-0.73636,88.08177,,50.00000,20.00000,1.19789,1
106,1162,152.90700,11.62000,-0.73513,88.07295,,50.00000,20.00000,1.19788,1
106,1163,153.02600,11.63000,-0.73398,88.06293,,50.00000,20.00000,1.19786,1
106,1164,153.13000,11.64000,-0.73244,88.04810,,50.00000,20.00000,1.19785,1
106,1165,153.26199,11.65000,-0.73098,88.03334,,50.00000,20.00000,1.19784,1
106,1166,153.37000,11.66000,-0.73029,88.03076,,50.00000,20.00000,1.19783,1
106,1167,153.48599,11.67000,-0.72868,88.02702,,50.00000,20.00000,1.19781,1
106,1168,153.59200,11.68000,-0.72721,88.01119,,50.00000,20.00000,1.19780,1
106,1169,153.71201,11.69000,-0.72606,88.00143,,50.00000,20.00000,1.19779,1
106,1170,153.81700,11.70000,-0.72522,87.99648,,50.00000,20.00000,1.19778,1
106,1171,153.92999,11.71000,-0.72438,87.98660,,50.00000,20.00000,1.19776,1
106,1172,154.04300,11.72000,-0.72338,87.96938,,50.00000,20.00000,1.19775,1
106,1173,154.16299,11.73000,-0.72215,87.95698,,50.00000,20.00000,1.19774,1
106,1174,154.28799,11.74000,-0.72085,87.95430,,50.00000,20.00000,1.19772,1
106,1175,154.39400,11.75000,-0.71954,87.94318,,50.00000,20.00000,1.19771,1
106,1176,154.52400,11.76000,-0.71816,87.93087,,50.00000,20.00000,1.19770,1
106,1177,154.60600,11.77000,-0.71662,87.92463,,50.00000,20.00000,1.19769,1
106,1178,154.73801,11.78000,-0.71508,87.91351,,50.00000,20.00000,1.19767,1
106,1179,154.85100,11.79000,-0.71393,87.89146,,50.00000,20.00000,1.19766,1
106,1180,154.97301,11.80000,-0.71309,87.88274,,50.00000,20.00000,1.19765,1
106,1181,155.07899,11.81000,-0.71186,87.88009,,50.00000,20.00000,1.19763,1
106,1182,155.19701,11.82000,-0.71071,87.87139,,50.00000,20.00000,1.19762,1
106,1183,155.30901,11.83000,-0.70925,87.86026,,50.00000,20.00000,1.19761,1
106,1184,155.42400,11.84000,-0.70802,87.84302,,50.00000,20.00000,1.19759,1
106,1185,155.53999,11.85000,-0.70679,87.82452,,50.00000,20.00000,1.19758,1
106,1186,155.64700,11.86000,-0.70541,87.82054,,50.00000,20.00000,1.19757,1
106,1187,155.76900,11.87000,-0.70395,87.81415,,50.00000,20.00000,1.19755,1
106,1188,155.90300,11.88000,-0.70264,87.80418,,50.00000,20.00000,1.19754,1
106,1189,156.00600,11.89000,-0.70149,87.79551,,50.00000,20.00000,1.19752,1
106,1190,156.11600,11.90000,-0.70003,87.78568,,50.00000,20.00000,1.19751,1
106,1191,156.23000,11.91000,-0.69895,87.77101,,50.00000,20.00000,1.19750,1
106,1192,156.32600,11.92000,-0.69788,87.75996,,50.00000,20.00000,1.19748,1
106,1193,156.45700,11.93000,-0.69665,87.74403,,50.00000,20.00000,1.19747,1
106,1194,156.57201,11.94000,-0.69534,87.73415,,50.00000,20.00000,1.19745,1
106,1195,156.68500,11.95000,-0.69404,87.73277,,50.00000,20.00000,1.19744,1
106,1196,156.78600,11.96000,-0.69281,87.72534,,50.00000,20.00000,1.19743,1
106,1197,156.91200,11.97000,-0.69166,87.70944,,50.00000,20.00000,1.19741,1
106,1198,157.02600,11.98000,-0.69020,87.69835,,50.00000,20.00000,1.19740,1
106,1199,157.12000,11.99000,-0.68881,87.68235,,50.00000,20.00000,1.19738,1
106,1200,157.24500,12.00000,-0.68774,87.67238,,50.00000,20.00000,1.19737,1
106,1201,157.36301,12.01000,-0.68636,87.67087,,50.00000,20.00000,1.19735,1
106,1202,157.47900,12.02000,-0.68505,87.66332,,50.00000,20.00000,1.19734,1
106,1203,157.60201,12.03000,-0.68406,87.64731,,50.00000,20.00000,1.19732,1
106,1204,157.70399,12.04000,-0.68298,87.64106,,50.00000,20.00000,1.19731,1
106,1205,157.81700,12.05000,-0.68167,87.63363,,50.00000,20.00000,1.19730,1
106,1206,157.93100,12.06000,-0.68045,87.61771,,50.00000,20.00000,1.19728,1
106,1207,158.03999,12.07000,-0.67960,87.60299,,50.00000,20.00000,1.19727,1
106,1208,158.16000,12.08000,-0.67861,87.59797,,50.00000,20.00000,1.19725,1
106,1209,158.27100,12.09000,-0.67738,87.59538,,50.00000,20.00000,1.19724,1
106,1210,158.38000,12.10000,-0.67584,87.58673,,50.00000,20.00000,1.19722,1
106,1211,158.49500,12.11000,-0.67453,87.57446,,50.00000,20.00000,1.19721,1
106,1212,158.61200,12.12000,-0.67315,87.56706,,50.00000,20.00000,1.19719,1
106,1213,158.71800,12.13000,-0.67177,87.55966,,50.00000,20.00000,1.19718,1
106,1214,158.82899,12.14000,-0.67062,87.54860,,50.00000,20.00000,1.19716,1
106,1215,158.94200,12.15000,-0.66946,87.53751,,50.00000,20.00000,1.19715,1
106,1216,159.05299,12.16000,-0.66831,87.52152,,50.00000,20.00000,1.19713,1
106,1217,159.16800,12.17000,-0.66716,87.51158,,50.00000,20.00000,1.19712,1
106,1218,159.28700,12.18000,-0.66601,87.51133,,50.00000,20.00000,1.19710,1
106,1219,159.39799,12.19000,-0.66478,87.50865,,50.00000,20.00000,1.19709,1
106,1220,159.50999,12.20000,-0.66355,87.50233,,50.00000,20.00000,1.19707,1
106,1221,159.62100,12.21000,-0.66202,87.49481,,50.00000,20.00000,1.19706,1
106,1222,159.74200,12.22000,-0.66102,87.48367,,50.00000,20.00000,1.19704,1
106,1223,159.85001,12.23000,-0.66002,87.47499,,50.00000,20.00000,1.19702,1
106,1224,159.96700,12.24000,-0.65872,87.46269,,50.00000,20.00000,1.19701,1
106,1225,160.07700,12.25000,-0.65710,87.45650,,50.00000,20.00000,1.19699,1
106,1226,160.18700,12.26000,-0.65572,87.45151,,50.00000,20.00000,1.19698,1
106,1227,160.29500,12.27000,-0.65480,87.43801,,50.00000,20.00000,1.19696,1
106,1228,160.40500,12.28000,-0.65349,87.42206,,50.00000,20.00000,1.19695,1
106,1229,160.52699,12.29000,-0.65342,87.41217,,50.00000,20.00000,1.19693,1
106,1230,160.63400,12.30000,-0.65196,87.41199,,50.00000,20.00000,1.19691,1
106,1231,160.75400,12.31000,-0.65042,87.40943,,50.00000,20.00000,1.19690,1
106,1232,160.86301,12.32000,-0.64935,87.40326,,50.00000,20.00000,1.19688,1
106,1233,160.96400,12.33000,-0.64797,87.39223,,50.00000,20.00000,1.19687,1
106,1234,161.07500,12.34000,-0.64666,87.38483,,50.00000,20.00000,1.19685,1
106,1235,161.20000,12.35000,-0.64551,87.37618,,50.00000,20.00000,1.19683,1
106,1236,161.29500,12.36000,-0.64420,87.36383,,50.00000,20.00000,1.19682,1
106,1237,161.41800,12.37000,-0.64305,87.34780,,50.00000,20.00000,1.19680,1
106,1238,161.53000,12.38000,-0.64175,87.33778,,50.00000,20.00000,1.19678,1
106,1239,161.63800,12.39000,-0.64052,87.33745,,50.00000,20.00000,1.19677,1
106,1240,161.76500,12.40000,-0.63906,87.33469,,50.00000,20.00000,1.19675,1
106,1241,161.87199,12.41000,-0.63860,87.32831,,50.00000,20.00000,1.19673,1
106,1242,161.99300,12.42000,-0.63784,87.32077,,50.00000,20.00000,1.19672,1
106,1243,162.09700,12.43000,-0.63568,87.31085,,50.00000,20.00000,1.19670,1
106,1244,162.20900,12.44000,-0.63468,87.30342,,50.00000,20.00000,1.19668,1
106,1245,162.33600,12.45000,-0.63361,87.28997,,50.00000,20.00000,1.19666,1
106,1246,162.42999,12.46000,-0.63261,87.28260,,50.00000,20.00000,1.19665,1
106,1247,162.53500,12.47000,-0.63154,87.27522,,50.00000,20.00000,1.19663,1
106,1248,162.65300,12.48000,-0.63031,87.26420,,50.00000,20.00000,1.19662,1
106,1249,162.76700,12.49000,-0.62893,87.25435,,50.00000,20.00000,1.19660,1
106,1250,162.87399,12.50000,-0.62770,87.23842,,50.00000,20.00000,1.19658,1
106,1251,162.98900,12.51000,-0.62639,87.22609,,50.00000,20.00000,1.19657,1
106,1252,163.08900,12.52000,-0.62508,87.22588,,50.00000,20.00000,1.19655,1
106,1253,163.21400,12.53000,-0.62401,87.22203,,50.00000,20.00000,1.19653,1
106,1254,163.32800,12.54000,-0.62286,87.20726,,50.00000,20.00000,1.19651,1
106,1255,163.42900,12.55000,-0.62163,87.19614,,50.00000,20.00000,1.19650,1
106,1256,163.54800,12.56000,-0.62040,87.18750,,50.00000,20.00000,1.19648,1
106,1257,163.66400,12.57000,-0.61902,87.18130,,50.00000,20.00000,1.19646,1
106,1258,163.76300,12.58000,-0.61825,87.17391,,50.00000,20.00000,1.19645,1
106,1259,163.87300,12.59000,-0.61710,87.15681,,50.00000,20.00000,1.19643,1
106,1260,163.99100,12.60000,-0.61564,87.14214,,50.00000,20.00000,1.19641,1
106,1261,164.09500,12.61000,-0.61441,87.13957,,50.00000,20.00000,1.19639,1
106,1262,164.21001,12.62000,-0.61326,87.13578,,50.00000,20.00000,1.19637,1
106,1263,164.31500,12.63000,-0.61211,87.12470,,50.00000,20.00000,1.19636,1
106,1264,164.42400,12.64000,-0.61127,87.11484,,50.00000,20.00000,1.19634,1
106,1265,164.55099,12.65000,-0.61012,87.10745,,50.00000,20.00000,1.19632,1
106,1266,164.65500,12.66000,-0.60873,87.09887,,50.00000,20.00000,1.19630,1
106,1267,164.75700,12.67000,-0.60742,87.08907,,50.00000,20.00000,1.19629,1
106,1268,164.85400,12.68000,-0.60643,87.07563,,50.00000,20.00000,1.19627,1
106,1269,164.98700,12.69000,-0.60497,87.06097,,50.00000,20.00000,1.19625,1
106,1270,165.08800,12.70000,-0.60397,87.05357,,50.00000,20.00000,1.19623,1
106,1271,165.19901,12.71000,-0.60289,87.05343,,50.00000,20.00000,1.19621,1
106,1272,165.30701,12.72000,-0.60174,87.04963,,50.00000,20.00000,1.19620,1
106,1273,165.41600,12.73000,-0.60005,87.03487,,50.00000,20.00000,1.19618,1
106,1274,165.52000,12.74000,-0.59874,87.02369,,50.00000,20.00000,1.19616,1
106,1275,165.64500,12.75000,-0.59759,87.01855,,50.00000,20.00000,1.19614,1
106,1276,165.75700,12.76000,-0.59644,87.00855,,50.00000,20.00000,1.19612,1
106,1277,165.87100,12.77000,-0.59506,86.99130,,50.00000,20.00000,1.19610,1
106,1278,165.97501,12.78000,-0.59383,86.97895,,50.00000,20.00000,1.19609,1
106,1279,166.09200,12.79000,-0.59260,86.97879,,50.00000,20.00000,1.19607,1
106,1280,166.20500,12.80000,-0.59145,86.97139,,50.00000,20.00000,1.19605,1
106,1281,166.30600,12.81000,-0.59037,86.96038,,50.00000,20.00000,1.19603,1
106,1282,166.41400,12.82000,-0.58922,86.95179,,50.00000,20.00000,1.19601,1
106,1283,166.52400,12.83000,-0.58807,86.94442,,50.00000,20.00000,1.19599,1
106,1284,166.63800,12.84000,-0.58707,86.93702,,50.00000,20.00000,1.19597,1
106,1285,166.74400,12.85000,-0.58615,86.93202,,50.00000,20.00000,1.19596,1
106,1286,166.84801,12.86000,-0.58539,86.92334,,50.00000,20.00000,1.19594,1
106,1287,166.96500,12.87000,-0.58400,86.90493,,50.00000,20.00000,1.19592,1
106,1288,167.07300,12.88000,-0.58231,86.89258,,50.00000,20.00000,1.19590,1
106,1289,167.19200,12.89000,-0.58193,86.89238,,50.00000,20.00000,1.19588,1
106,1290,167.30299,12.90000,-0.58086,86.89098,,50.00000,20.00000,1.19586,1
106,1291,167.40100,12.91000,-0.57940,86.88471,,50.00000,20.00000,1.19584,1
106,1292,167.51199,12.92000,-0.57809,86.87721,,50.00000,20.00000,1.19582,1
106,1293,167.62601,12.93000,-0.57655,86.87089,,50.00000,20.00000,1.19580,1
106,1294,167.73900,12.94000,-0.57509,86.86335,,50.00000,20.00000,1.19578,1
106,1295,167.85400,12.95000,-0.57363,86.85343,,50.00000,20.00000,1.19576,1
106,1296,167.97200,12.96000,-0.57263,86.84234,,50.00000,20.00000,1.19574,1
106,1297,168.06599,12.97000,-0.57187,86.83371,,50.00000,20.00000,1.19573,1
106,1298,168.17599,12.98000,-0.57133,86.82510,,50.00000,20.00000,1.19571,1
106,1299,168.28300,12.99000,-0.57003,86.82013,,50.00000,20.00000,1.19569,1
106,1300,168.40199,13.00000,-0.56841,86.80302,,50.00000,20.00000,1.19567,1
106,1301,168.50500,13.01000,-0.56733,86.78469,,50.00000,20.00000,1.19565,1
106,1302,168.61600,13.02000,-0.56626,86.78092,,50.00000,20.00000,1.19563,1
106,1303,168.71899,13.03000,-0.56549,86.77838,,50.00000,20.00000,1.19561,1
106,1304,168.83501,13.04000,-0.56419,86.76976,,50.00000,20.00000,1.19559,1
106,1305,168.94000,13.05000,-0.56226,86.76113,,50.00000,20.00000,1.19557,1
106,1306,169.04800,13.06000,-0.56165,86.75368,,50.00000,20.00000,1.19555,1
106,1307,169.15401,13.07000,-0.56081,86.74501,,50.00000,20.00000,1.19553,1
106,1308,169.27100,13.08000,-0.55950,86.73268,,50.00000,20.00000,1.19551,1
106,1309,169.38000,13.09000,-0.55812,86.72520,,50.00000,20.00000,1.19549,1
106,1310,169.48599,13.10000,-0.55728,86.71776,,50.00000,20.00000,1.19547,1
106,1311,169.60400,13.11000,-0.55574,86.71033,,50.00000,20.00000,1.19545,1
106,1312,169.70700,13.12000,-0.55474,86.70047,,50.00000,20.00000,1.19543,1
106,1313,169.80600,13.13000,-0.55351,86.69058,,50.00000,20.00000,1.19541,1
106,1314,169.91800,13.14000,-0.55220,86.67704,,50.00000,20.00000,1.19539,1
106,1315,170.03999,13.15000,-0.55097,86.66229,,50.00000,20.00000,1.19537,1
106,1316,170.14799,13.16000,-0.54967,86.65726,,50.00000,20.00000,1.19535,1
106,1317,170.25400,13.17000,-0.54828,86.65710,,50.00000,20.00000,1.19533,1
106,1318,170.35800,13.18000,-0.54767,86.65452,,50.00000,20.00000,1.19531,1
106,1319,170.46100,13.19000,-0.54667,86.64827,,50.00000,20.00000,1.19529,1
106,1320,170.58701,13.20000,-0.54552,86.63350,,50.00000,20.00000,1.19527,1
106,1321,170.68300,13.21000,-0.54437,86.62111,,50.00000,20.00000,1.19525,1
106,1322,170.79201,13.22000,-0.54291,86.60506,,50.00000,20.00000,1.19523,1
106,1323,170.91600,13.23000,-0.54145,86.59511,,50.00000,20.00000,1.19520,1
106,1324,171.02400,13.24000,-0.54053,86.59491,,50.00000,20.00000,1.19518,1
106,1325,171.13499,13.25000,-0.53937,86.59234,,50.00000,20.00000,1.19516,1
106,1326,171.23599,13.26000,-0.53830,86.58497,,50.00000,20.00000,1.19514,1
106,1327,171.33600,13.27000,-0.53707,86.57154,,50.00000,20.00000,1.19512,1
106,1328,171.45799,13.28000,-0.53599,86.56418,,50.00000,20.00000,1.19510,1
106,1329,171.54800,13.29000,-0.53476,86.55678,,50.00000,20.00000,1.19508,1
106,1330,171.67101,13.30000,-0.53346,86.55178,,50.00000,20.00000,1.19506,1
106,1331,171.77200,13.31000,-0.53246,86.54555,,50.00000,20.00000,1.19504,1
106,1332,171.88000,13.32000,-0.53200,86.53446,,50.00000,20.00000,1.19502,1
106,1333,171.99800,13.33000,-0.53100,86.52093,,50.00000,20.00000,1.19500,1
106,1334,172.09399,13.34000,-0.52970,86.50983,,50.00000,20.00000,1.19498,1
106,1335,172.21400,13.35000,-0.52847,86.50843,,50.00000,20.00000,1.19495,1
106,1336,172.31100,13.36000,-0.52724,86.50339,,50.00000,20.00000,1.19494,1
106,1337,172.42799,13.37000,-0.52570,86.49592,,50.00000,20.00000,1.19491,1
106,1338,172.53799,13.38000,-0.52423,86.48604,,50.00000,20.00000,1.19489,1
106,1339,172.64301,13.39000,-0.52293,86.47981,,50.00000,20.00000,1.19487,1
106,1340,172.75000,13.40000,-0.52239,86.47358,,50.00000,20.00000,1.19485,1
106,1341,172.86099,13.41000,-0.52140,86.46491,,50.00000,20.00000,1.19483,1
106,1342,172.96100,13.42000,-0.51955,86.45743,,50.00000,20.00000,1.19481,1
106,1343,173.07700,13.43000,-0.51963,86.44144,,50.00000,20.00000,1.19478,1
106,1344,173.18900,13.44000,-0.51771,86.42666,,50.00000,20.00000,1.19476,1
106,1345,173.29201,13.45000,-0.51562,86.42158,,50.00000,20.00000,1.19474,1
106,1346,173.40500,13.46000,-0.51556,86.42139,,50.00000,20.00000,1.19472,1
106,1347,173.51100,13.47000,-0.51463,86.41880,,50.00000,20.00000,1.19470,1
106,1348,173.63100,13.48000,-0.51333,86.41261,,50.00000,20.00000,1.19467,1
106,1349,173.71800,13.49000,-0.51225,86.39793,,50.00000,20.00000,1.19465,1
106,1350,173.83099,13.50000,-0.51071,86.39054,,50.00000,20.00000,1.19463,1
106,1351,173.94600,13.51000,-0.50971,86.38312,,50.00000,20.00000,1.19461,1
106,1352,174.04300,13.52000,-0.50817,86.37808,,50.00000,20.00000,1.19459,1
106,1353,174.14900,13.53000,-0.50655,86.37178,,50.00000,20.00000,1.19457,1
106,1354,174.27100,13.54000,-0.50540,86.36062,,50.00000,20.00000,1.19454,1
106,1355,174.37300,13.55000,-0.50433,86.34702,,50.00000,20.00000,1.19452,1
106,1356,174.48500,13.56000,-0.50418,86.33589,,50.00000,20.00000,1.19450,1
106,1357,174.59801,13.57000,-0.50287,86.33453,,50.00000,20.00000,1.19447,1
106,1358,174.70500,13.58000,-0.50195,86.32835,,50.00000,20.00000,1.19445,1
106,1359,174.80200,13.59000,-0.50064,86.31975,,50.00000,20.00000,1.19443,1
106,1360,174.90601,13.60000,-0.49934,86.31236,,50.00000,20.00000,1.19441,1
106,1361,175.01700,13.61000,-0.49810,86.30858,,50.00000,20.00000,1.19439,1
106,1362,175.12801,13.62000,-0.49695,86.30235,,50.00000,20.00000,1.19436,1
106,1363,175.23300,13.63000,-0.49626,86.28762,,50.00000,20.00000,1.19434,1
106,1364,175.34399,13.64000,-0.49519,86.28019,,50.00000,20.00000,1.19432,1
106,1365,175.45000,13.65000,-0.49403,86.26671,,50.00000,20.00000,1.19430,1
106,1366,175.55499,13.66000,-0.49288,86.25445,,50.00000,20.00000,1.19427,1
106,1367,175.65900,13.67000,-0.49188,86.24825,,50.00000,20.00000,1.19425,1
106,1368,175.76801,13.68000,-0.49158,86.24809,,50.00000,20.00000,1.19423,1
106,1369,175.87300,13.69000,-0.48996,86.24670,,50.00000,20.00000,1.19421,1
106,1370,175.98199,13.70000,-0.48897,86.24167,,50.00000,20.00000,1.19418,1
106,1371,176.09300,13.71000,-0.48781,86.23546,,50.00000,20.00000,1.19416,1
106,1372,176.20700,13.72000,-0.48612,86.22929,,50.00000,20.00000,1.19414,1
106,1373,176.30499,13.73000,-0.48473,86.21950,,50.00000,20.00000,1.19411,1
106,1374,176.39799,13.74000,-0.48373,86.21334,,50.00000,20.00000,1.19409,1
106,1375,176.51500,13.75000,-0.48281,86.20233,,50.00000,20.00000,1.19407,1
106,1376,176.62199,13.76000,-0.48158,86.19492,,50.00000,20.00000,1.19405,1
106,1377,176.72600,13.77000,-0.48043,86.18020,,50.00000,20.00000,1.19402,1
106,1378,176.83299,13.78000,-0.47958,86.16789,,50.00000,20.00000,1.19400,1
106,1379,176.94200,13.79000,-0.47882,86.16164,,50.00000,20.00000,1.19398,1
106,1380,177.04601,13.80000,-0.47751,86.15780,,50.00000,20.00000,1.19395,1
106,1381,177.15700,13.81000,-0.47643,86.14912,,50.00000,20.00000,1.19393,1
106,1382,177.26601,13.82000,-0.47512,86.14043,,50.00000,20.00000,1.19391,1
106,1383,177.37199,13.83000,-0.47405,86.13658,,50.00000,20.00000,1.19388,1
106,1384,177.47301,13.84000,-0.47297,86.13030,,50.00000,20.00000,1.19386,1
106,1385,177.58000,13.85000,-0.47197,86.11796,,50.00000,20.00000,1.19384,1
106,1386,177.70399,13.86000,-0.47066,86.10929,,50.00000,20.00000,1.19381,1
106,1387,177.80400,13.87000,-0.46935,86.10185,,50.00000,20.00000,1.19379,1
106,1388,177.90100,13.88000,-0.46812,86.09443,,50.00000,20.00000,1.19377,1
106,1389,178.01199,13.89000,-0.46697,86.08096,,50.00000,20.00000,1.19374,1
106,1390,178.12000,13.90000,-0.46597,86.06867,,50.00000,20.00000,1.19372,1
106,1391,178.22099,13.91000,-0.46536,86.06240,,50.00000,20.00000,1.19369,1
106,1392,178.32899,13.92000,-0.46382,86.06216,,50.00000,20.00000,1.19367,1
106,1393,178.43800,13.93000,-0.46297,86.05583,,50.00000,20.00000,1.19365,1
106,1394,178.55000,13.94000,-0.46112,86.04345,,50.00000,20.00000,1.19362,1
106,1395,178.66499,13.95000,-0.46005,86.03474,,50.00000,20.00000,1.19359,1
106,1396,178.76500,13.96000,-0.45936,86.02727,,50.00000,20.00000,1.19357,1
106,1397,178.86600,13.97000,-0.45851,86.01984,,50.00000,20.00000,1.19355,1
106,1398,178.97900,13.98000,-0.45806,86.01483,,50.00000,20.00000,1.19352,1
106,1399,179.07899,13.99000,-0.45628,86.00617,,50.00000,20.00000,1.19350,1
106,1400,179.18600,14.00000,-0.45528,85.98779,,50.00000,20.00000,1.19348,1
106,1401,179.30099,14.01000,-0.45382,85.97546,,50.00000,20.00000,1.19345,1
106,1402,179.39900,14.02000,-0.45259,85.97526,,50.00000,20.00000,1.19343,1
106,1403,179.50700,14.03000,-0.45112,85.97506,,50.00000,20.00000,1.19340,1
106,1404,179.61900,14.04000,-0.45012,85.97004,,50.00000,20.00000,1.19338,1
106,1405,179.72900,14.05000,-0.44913,85.96138,,50.00000,20.00000,1.19335,1
106,1406,179.82300,14.06000,-0.44805,85.95150,,50.00000,20.00000,1.19333,1
106,1407,179.93401,14.07000,-0.44705,85.94283,,50.00000,20.00000,1.19330,1
106,1408,180.03999,14.08000,-0.44620,85.93535,,50.00000,20.00000,1.19328,1
106,1409,180.14200,14.09000,-0.44497,85.92784,,50.00000,20.00000,1.19326,1
106,1410,180.26199,14.10000,-0.44405,85.92034,,50.00000,20.00000,1.19323,1
106,1411,180.36099,14.11000,-0.44282,85.90679,,50.00000,20.00000,1.19321,1
106,1412,180.47200,14.12000,-0.44151,85.89449,,50.00000,20.00000,1.19318,1
106,1413,180.57600,14.13000,-0.44059,85.88830,,50.00000,20.00000,1.19315,1
106,1414,180.68100,14.14000,-0.43974,85.88820,,50.00000,20.00000,1.19313,1
106,1415,180.78700,14.15000,-0.43882,85.88081,,50.00000,20.00000,1.19311,1
106,1416,180.88000,14.16000,-0.43759,85.87461,,50.00000,20.00000,1.19308,1
106,1417,180.99100,14.17000,-0.43636,85.86717,,50.00000,20.00000,1.19306,1
106,1418,181.10400,14.18000,-0.43512,85.86338,,50.00000,20.00000,1.19303,1
106,1419,181.21300,14.19000,-0.43405,85.85716,,50.00000,20.00000,1.19300,1
106,1420,181.31300,14.20000,-0.43274,85.84607,,50.00000,20.00000,1.19298,1
106,1421,181.41100,14.21000,-0.43143,85.83860,,50.00000,20.00000,1.19296,1
106,1422,181.51700,14.22000,-0.43051,85.82988,,50.00000,20.00000,1.19293,1
106,1423,181.62900,14.23000,-0.42927,85.82234,,50.00000,20.00000,1.19291,1
106,1424,181.74699,14.24000,-0.42812,85.81721,,50.00000,20.00000,1.19288,1
106,1425,181.84500,14.25000,-0.42758,85.81088,,50.00000,20.00000,1.19285,1
106,1426,181.95300,14.26000,-0.42666,85.80699,,50.00000,20.00000,1.19283,1
106,1427,182.06300,14.27000,-0.42520,85.80191,,50.00000,20.00000,1.19280,1
106,1428,182.16499,14.28000,-0.42435,85.79563,,50.00000,20.00000,1.19278,1
106,1429,182.27499,14.29000,-0.42281,85.78209,,50.00000,20.00000,1.19275,1
106,1430,182.38200,14.30000,-0.42150,85.77220,,50.00000,20.00000,1.19272,1
106,1431,182.48199,14.31000,-0.42058,85.76474,,50.00000,20.00000,1.19270,1
106,1432,182.59300,14.32000,-0.41989,85.76336,,50.00000,20.00000,1.19267,1
106,1433,182.69600,14.33000,-0.41904,85.75712,,50.00000,20.00000,1.19265,1
106,1434,182.79700,14.34000,-0.41797,85.75087,,50.00000,20.00000,1.19262,1
106,1435,182.91400,14.35000,-0.41681,85.74341,,50.00000,20.00000,1.19259,1
106,1436,183.00800,14.36000,-0.41589,85.73959,,50.00000,20.00000,1.19257,1
106,1437,183.12199,14.37000,-0.41473,85.73820,,50.00000,20.00000,1.19254,1
106,1438,183.22900,14.38000,-0.41327,85.73195,,50.00000,20.00000,1.19252,1
106,1439,183.32401,14.39000,-0.41312,85.71960,,50.00000,20.00000,1.19249,1
106,1440,183.43201,14.40000,-0.41173,85.71330,,50.00000,20.00000,1.19247,1
106,1441,183.54401,14.41000,-0.40980,85.70335,,50.00000,20.00000,1.19244,1
106,1442,183.65199,14.42000,-0.40872,85.69219,,50.00000,20.00000,1.19241,1
106,1443,183.76300,14.43000,-0.40796,85.68225,,50.00000,20.00000,1.19238,1
106,1444,183.86000,14.44000,-0.40680,85.67838,,50.00000,20.00000,1.19236,1
106,1445,183.96700,14.45000,-0.40596,85.67693,,50.00000,20.00000,1.19233,1
106,1446,184.07201,14.46000,-0.40480,85.67426,,50.00000,20.00000,1.19231,1
106,1447,184.18600,14.47000,-0.40388,85.66917,,50.00000,20.00000,1.19228,1
106,1448,184.28999,14.48000,-0.40272,85.66411,,50.00000,20.00000,1.19225,1
106,1449,184.39999,14.49000,-0.40164,85.65908,,50.00000,20.00000,1.19223,1
106,1450,184.50101,14.50000,-0.40095,85.65044,,50.00000,20.00000,1.19220,1
106,1451,184.59700,14.51000,-0.39995,85.64423,,50.00000,20.00000,1.19218,1
106,1452,184.71001,14.52000,-0.39888,85.63318,,50.00000,20.00000,1.19215,1
106,1453,184.81799,14.53000,-0.39795,85.62576,,50.00000,20.00000,1.19212,1
106,1454,184.91400,14.54000,-0.39672,85.62195,,50.00000,20.00000,1.19210,1
106,1455,185.02000,14.55000,-0.39541,85.61690,,50.00000,20.00000,1.19207,1
106,1456,185.12500,14.56000,-0.39441,85.59970,,50.00000,20.00000,1.19204,1
106,1457,185.23801,14.57000,-0.39348,85.58491,,50.00000,20.00000,1.19201,1
106,1458,185.34100,14.58000,-0.39241,85.57983,,50.00000,20.00000,1.19199,1
106,1459,185.45100,14.59000,-0.39203,85.57840,,50.00000,20.00000,1.19196,1
106,1460,185.54800,14.60000,-0.39110,85.57575,,50.00000,20.00000,1.19193,1
106,1461,185.65800,14.61000,-0.38987,85.56946,,50.00000,20.00000,1.19190,1
106,1462,185.76500,14.62000,-0.38840,85.56317,,50.00000,20.00000,1.19188,1
106,1463,185.87300,14.63000,-0.38663,85.55567,,50.00000,20.00000,1.19185,1
106,1464,185.97000,14.64000,-0.38617,85.54817,,50.00000,20.00000,1.19182,1
106,1465,186.08701,14.65000,-0.38556,85.53825,,50.00000,20.00000,1.19179,1
106,1466,186.18900,14.66000,-0.38417,85.52833,,50.00000,20.00000,1.19177,1
106,1467,186.28799,14.67000,-0.38324,85.52206,,50.00000,20.00000,1.19174,1
106,1468,186.39900,14.68000,-0.38209,85.51821,,50.00000,20.00000,1.19171,1
106,1469,186.50500,14.69000,-0.38140,85.51316,,50.00000,20.00000,1.19168,1
106,1470,186.61099,14.70000,-0.37985,85.50690,,50.00000,20.00000,1.19166,1
106,1471,186.71201,14.71000,-0.37862,85.50186,,50.00000,20.00000,1.19163,1
106,1472,186.82100,14.72000,-0.37707,85.48834,,50.00000,20.00000,1.19160,1
106,1473,186.92200,14.73000,-0.37654,85.47482,,50.00000,20.00000,1.19158,1
106,1474,187.03101,14.74000,-0.37569,85.46614,,50.00000,20.00000,1.19155,1
106,1475,187.13000,14.75000,-0.37477,85.46472,,50.00000,20.00000,1.19152,1
106,1476,187.23500,14.76000,-0.37392,85.46450,,50.00000,20.00000,1.19149,1
106,1477,187.34500,14.77000,-0.37300,85.46304,,50.00000,20.00000,1.19146,1
106,1478,187.45200,14.78000,-0.37246,85.45795,,50.00000,20.00000,1.19144,1
106,1479,187.56000,14.79000,-0.37123,85.45285,,50.00000,20.00000,1.19141,1
106,1480,187.66200,14.80000,-0.36976,85.44411,,50.00000,20.00000,1.19138,1
106,1481,187.75999,14.81000,-0.36923,85.43900,,50.00000,20.00000,1.19135,1
106,1482,187.87900,14.82000,-0.36823,85.43149,,50.00000,20.00000,1.19132,1
106,1483,187.98199,14.83000,-0.36707,85.42522,,50.00000,20.00000,1.19129,1
106,1484,188.09000,14.84000,-0.36560,85.42142,,50.00000,20.00000,1.19126,1
106,1485,188.19099,14.85000,-0.36514,85.41522,,50.00000,20.00000,1.19124,1
106,1486,188.28700,14.86000,-0.36368,85.41026,,50.00000,20.00000,1.19121,1
106,1487,188.39999,14.87000,-0.36244,85.40528,,50.00000,20.00000,1.19118,1
106,1488,188.49200,14.88000,-0.36183,85.40027,,50.00000,20.00000,1.19116,1
106,1489,188.60001,14.89000,-0.36137,85.39038,,50.00000,20.00000,1.19113,1
106,1490,188.71100,14.90000,-0.36021,85.38168,,50.00000,20.00000,1.19110,1
106,1491,188.81700,14.91000,-0.35906,85.37176,,50.00000,20.00000,1.19107,1
106,1492,188.91299,14.92000,-0.35805,85.36669,,50.00000,20.00000,1.19104,1
106,1493,189.02901,14.93000,-0.35690,85.36527,,50.00000,20.00000,1.19101,1
106,1494,189.12601,14.94000,-0.35590,85.36021,,50.00000,20.00000,1.19098,1
106,1495,189.23000,14.95000,-0.35505,85.35514,,50.00000,20.00000,1.19096,1
106,1496,189.34100,14.96000,-0.35413,85.34763,,50.00000,20.00000,1.19092,1
106,1497,189.44600,14.97000,-0.35320,85.34134,,50.00000,20.00000,1.19090,1
106,1498,189.54601,14.98000,-0.35228,85.33624,,50.00000,20.00000,1.19087,1
106,1499,189.65100,14.99000,-0.35127,85.33236,,50.00000,20.00000,1.19084,1
106,1500,189.76500,15.00000,-0.35004,85.32729,,50.00000,20.00000,1.19081,1
106,1501,189.86700,15.01000,-0.34880,85.32100,,50.00000,20.00000,1.19078,1
106,1502,189.97099,15.02000,-0.34850,85.31594,,50.00000,20.00000,1.19075,1
106,1503,190.06900,15.03000,-0.34773,85.31089,,50.00000,20.00000,1.19072,1
106,1504,190.18401,15.04000,-0.34642,85.30463,,50.00000,20.00000,1.19069,1
106,1505,190.28101,15.05000,-0.34534,85.29958,,50.00000,20.00000,1.19066,1
106,1506,190.38901,15.06000,-0.34465,85.29453,,50.00000,20.00000,1.19063,1
106,1507,190.49400,15.07000,-0.34396,85.28949,,50.00000,20.00000,1.19061,1
106,1508,190.60001,15.08000,-0.34303,85.27838,,50.00000,20.00000,1.19058,1
106,1509,190.69400,15.09000,-0.34187,85.26846,,50.00000,20.00000,1.19055,1
106,1510,190.80099,15.10000,-0.34079,85.25856,,50.00000,20.00000,1.19052,1
106,1511,190.92300,15.11000,-0.33972,85.25474,,50.00000,20.00000,1.19048,1
106,1512,191.01700,15.12000,-0.33848,85.25213,,50.00000,20.00000,1.19046,1
106,1513,191.11000,15.13000,-0.33755,85.24833,,50.00000,20.00000,1.19043,1
106,1514,191.22301,15.14000,-0.33663,85.24212,,50.00000,20.00000,1.19040,1
106,1515,191.33000,15.15000,-0.33586,85.23712,,50.00000,20.00000,1.19037,1
106,1516,191.42300,15.16000,-0.33509,85.23090,,50.00000,20.00000,1.19034,1
106,1517,191.53799,15.17000,-0.33424,85.22712,,50.00000,20.00000,1.19031,1
106,1518,191.63300,15.18000,-0.33324,85.22696,,50.00000,20.00000,1.19028,1
106,1519,191.73599,15.19000,-0.33193,85.22557,,50.00000,20.00000,1.19025,1
106,1520,191.84399,15.20000,-0.33124,85.22536,,50.00000,20.00000,1.19022,1
106,1521,191.94000,15.21000,-0.33054,85.22269,,50.00000,20.00000,1.19020,1
106,1522,192.05499,15.22000,-0.32900,85.22002,,50.00000,20.00000,1.19016,1
106,1523,192.16100,15.23000,-0.32823,85.20886,,50.00000,20.00000,1.19013,1
106,1524,192.26801,15.24000,-0.32730,85.20378,,50.00000,20.00000,1.19010,1
106,1525,192.36301,15.25000,-0.32614,85.19872,,50.00000,20.00000,1.19007,1
106,1526,192.47200,15.26000,-0.32506,85.19488,,50.00000,20.00000,1.19004,1
106,1527,192.57700,15.27000,-0.32429,85.18983,,50.00000,20.00000,1.19001,1
106,1528,192.67700,15.28000,-0.32337,85.18478,,50.00000,20.00000,1.18998,1
106,1529,192.78400,15.29000,-0.32213,85.18093,,50.00000,20.00000,1.18995,1
106,1530,192.89301,15.30000,-0.32198,85.17707,,50.00000,20.00000,1.18992,1
106,1531,192.98399,15.31000,-0.32082,85.17320,,50.00000,20.00000,1.18989,1
106,1532,193.09900,15.32000,-0.32006,85.16814,,50.00000,20.00000,1.18986,1
106,1533,193.20700,15.33000,-0.31905,85.16430,,50.00000,20.00000,1.18983,1
106,1534,193.30600,15.34000,-0.31813,85.15683,,50.00000,20.00000,1.18980,1
106,1535,193.41200,15.35000,-0.31689,85.14692,,50.00000,20.00000,1.18977,1
106,1536,193.50301,15.36000,-0.31581,85.13821,,50.00000,20.00000,1.18974,1
106,1537,193.61400,15.37000,-0.31481,85.13191,,50.00000,20.00000,1.18971,1
106,1538,193.72600,15.38000,-0.31388,85.12926,,50.00000,20.00000,1.18968,1
106,1539,193.83501,15.39000,-0.31373,85.12666,,50.00000,20.00000,1.18965,1
106,1540,193.93700,15.40000,-0.31265,85.12408,,50.00000,20.00000,1.18962,1
106,1541,194.03000,15.41000,-0.31134,85.12029,,50.00000,20.00000,1.18959,1
106,1542,194.12199,15.42000,-0.31018,85.11647,,50.00000,20.00000,1.18956,1
106,1543,194.23399,15.43000,-0.30933,85.11263,,50.00000,20.00000,1.18953,1
106,1544,194.34900,15.44000,-0.30918,85.10514,,50.00000,20.00000,1.18949,1
106,1545,194.46300,15.45000,-0.30865,85.09886,,50.00000,20.00000,1.18946,1
106,1546,194.54300,15.46000,-0.30741,85.09259,,50.00000,20.00000,1.18944,1
106,1547,194.64600,15.47000,-0.30664,85.08511,,50.00000,20.00000,1.18940,1
106,1548,194.76500,15.48000,-0.30571,85.07884,,50.00000,20.00000,1.18937,1
106,1549,194.86301,15.49000,-0.30463,85.07377,,50.00000,20.00000,1.18934,1
106,1550,194.96500,15.50000,-0.30363,85.06990,,50.00000,20.00000,1.18931,1
106,1551,195.07100,15.51000,-0.30278,85.06482,,50.00000,20.00000,1.18928,1
106,1552,195.17999,15.52000,-0.30216,85.06096,,50.00000,20.00000,1.18924,1
106,1553,195.27499,15.53000,-0.30147,85.05584,,50.00000,20.00000,1.18922,1
106,1554,195.38400,15.54000,-0.30054,85.05195,,50.00000,20.00000,1.18918,1
106,1555,195.49300,15.55000,-0.29946,85.04687,,50.00000,20.00000,1.18915,1
106,1556,195.58800,15.56000,-0.29807,85.03449,,50.00000,20.00000,1.18912,1
106,1557,195.69099,15.57000,-0.29722,85.02577,,50.00000,20.00000,1.18909,1
106,1558,195.80499,15.58000,-0.29645,85.01828,,50.00000,20.00000,1.18906,1
106,1559,195.91901,15.59000,-0.29568,85.01442,,50.00000,20.00000,1.18902,1
106,1560,196.00600,15.60000,-0.29468,85.01299,,50.00000,20.00000,1.18899,1
106,1561,196.11099,15.61000,-0.29390,85.01036,,50.00000,20.00000,1.18896,1
106,1562,196.22000,15.62000,-0.29337,85.00528,,50.00000,20.00000,1.18893,1
106,1563,196.31300,15.63000,-0.29205,85.00141,,50.00000,20.00000,1.18890,1
106,1564,196.43401,15.64000,-0.29136,84.99635,,50.00000,20.00000,1.18886,1
106,1565,196.52901,15.65000,-0.29043,84.99253,,50.00000,20.00000,1.18883,1
106,1566,196.63200,15.66000,-0.28951,84.98634,,50.00000,20.00000,1.18880,1
106,1567,196.73500,15.67000,-0.28803,84.98138,,50.00000,20.00000,1.18877,1
106,1568,196.83701,15.68000,-0.28695,84.97639,,50.00000,20.00000,1.18874,1
106,1569,196.92900,15.69000,-0.28610,84.96774,,50.00000,20.00000,1.18871,1
106,1570,197.04201,15.70000,-0.28541,84.96271,,50.00000,20.00000,1.18868,1
106,1571,197.14301,15.71000,-0.28479,84.95763,,50.00000,20.00000,1.18864,1
106,1572,197.25200,15.72000,-0.28410,84.95254,,50.00000,20.00000,1.18861,1
106,1573,197.34599,15.73000,-0.28317,84.94750,,50.00000,20.00000,1.18858,1
106,1574,197.45300,15.74000,-0.28271,84.94366,,50.00000,20.00000,1.18855,1
106,1575,197.55800,15.75000,-0.28202,84.93857,,50.00000,20.00000,1.18852,1
106,1576,197.66499,15.76000,-0.28117,84.92865,,50.00000,20.00000,1.18848,1
106,1577,197.77200,15.77000,-0.28040,84.91753,,50.00000,20.00000,1.18845,1
106,1578,197.86800,15.78000,-0.27947,84.90761,,50.00000,20.00000,1.18842,1
106,1579,197.97301,15.79000,-0.27878,84.90254,,50.00000,20.00000,1.18839,1
106,1580,198.07100,15.80000,-0.27785,84.90115,,50.00000,20.00000,1.18836,1
106,1581,198.17400,15.81000,-0.27716,84.89853,,50.00000,20.00000,1.18832,1
106,1582,198.28600,15.82000,-0.27600,84.89836,,50.00000,20.00000,1.18829,1
106,1583,198.38499,15.83000,-0.27515,84.89454,,50.00000,20.00000,1.18826,1
106,1584,198.49001,15.84000,-0.27422,84.89071,,50.00000,20.00000,1.18822,1
106,1585,198.59599,15.85000,-0.27361,84.88688,,50.00000,20.00000,1.18819,1
106,1586,198.68201,15.86000,-0.27315,84.88306,,50.00000,20.00000,1.18816,1
106,1587,198.80701,15.87000,-0.27284,84.87922,,50.00000,20.00000,1.18812,1
106,1588,198.89400,15.88000,-0.27137,84.87538,,50.00000,20.00000,1.18810,1
106,1589,199.00600,15.89000,-0.27068,84.87035,,50.00000,20.00000,1.18806,1
106,1590,199.10300,15.90000,-0.26975,84.86655,,50.00000,20.00000,1.18803,1
106,1591,199.20799,15.91000,-0.26866,84.86157,,50.00000,20.00000,1.18799,1
106,1592,199.30701,15.92000,-0.26758,84.85415,,50.00000,20.00000,1.18796,1
106,1593,199.40500,15.93000,-0.26665,84.84910,,50.00000,20.00000,1.18793,1
106,1594,199.51401,15.94000,-0.26635,84.84523,,50.00000,20.00000,1.18790,1
106,1595,199.62100,15.95000,-0.26589,84.84135,,50.00000,20.00000,1.18786,1
106,1596,199.71800,15.96000,-0.26465,84.83741,,50.00000,20.00000,1.18783,1
106,1597,199.82700,15.97000,-0.26357,84.83348,,50.00000,20.00000,1.18780,1
106,1598,199.93100,15.98000,-0.26287,84.82962,,50.00000,20.00000,1.18776,1
106,1599,200.03600,15.99000,-0.26257,84.82700,,50.00000,20.00000,1.18773,1
106,1600,200.13800,16.00000,-0.26187,84.82317,,50.00000,20.00000,1.18770,1
106,1601,200.24400,16.01000,-0.26102,84.81331,,50.00000,20.00000,1.18766,1
106,1602,200.34599,16.02000,-0.26041,84.80469,,50.00000,20.00000,1.18763,1
106,1603,200.44099,16.03000,-0.25932,84.79605,,50.00000,20.00000,1.18760,1
106,1604,200.53600,16.04000,-0.25800,84.79104,,50.00000,20.00000,1.18757,1
106,1605,200.64700,16.05000,-0.25754,84.78846,,50.00000,20.00000,1.18753,1
106,1606,200.74800,16.06000,-0.25685,84.78585,,50.00000,20.00000,1.18750,1
106,1607,200.85201,16.07000,-0.25608,84.78324,,50.00000,20.00000,1.18746,1
106,1608,200.95100,16.08000,-0.25507,84.77939,,50.00000,20.00000,1.18743,1
106,1609,201.05901,16.09000,-0.25414,84.77431,,50.00000,20.00000,1.18740,1
106,1610,201.16400,16.10000,-0.25345,84.77044,,50.00000,20.00000,1.18736,1
106,1611,201.26500,16.11000,-0.25275,84.76659,,50.00000,20.00000,1.18733,1
106,1612,201.37100,16.12000,-0.25222,84.76151,,50.00000,20.00000,1.18729,1
106,1613,201.46800,16.13000,-0.25129,84.76007,,50.00000,20.00000,1.18726,1
106,1614,201.57100,16.14000,-0.25005,84.75625,,50.00000,20.00000,1.18723,1
106,1615,201.67799,16.15000,-0.24920,84.75365,,50.00000,20.00000,1.18719,1
106,1616,201.77499,16.16000,-0.24858,84.74744,,50.00000,20.00000,1.18716,1
106,1617,201.87500,16.17000,-0.24812,84.74122,,50.00000,20.00000,1.18713,1
106,1618,201.98500,16.18000,-0.24727,84.73620,,50.00000,20.00000,1.18709,1
106,1619,202.08099,16.19000,-0.24665,84.73118,,50.00000,20.00000,1.18706,1
106,1620,202.19400,16.20000,-0.24580,84.72738,,50.00000,20.00000,1.18702,1
106,1621,202.28101,16.21000,-0.24487,84.72232,,50.00000,20.00000,1.18699,1
106,1622,202.37900,16.22000,-0.24402,84.71846,,50.00000,20.00000,1.18696,1
106,1623,202.49500,16.23000,-0.24317,84.71463,,50.00000,20.00000,1.18692,1
106,1624,202.59801,16.24000,-0.24287,84.71080,,50.00000,20.00000,1.18689,1
106,1625,202.70000,16.25000,-0.24209,84.70693,,50.00000,20.00000,1.18685,1
106,1626,202.80299,16.26000,-0.24116,84.69702,,50.00000,20.00000,1.18682,1
106,1627,202.89900,16.27000,-0.23992,84.68954,,50.00000,20.00000,1.18679,1
106,1628,203.00700,16.28000,-0.23899,84.68204,,50.00000,20.00000,1.18675,1
106,1629,203.11000,16.29000,-0.23783,84.67575,,50.00000,20.00000,1.18671,1
106,1630,203.21001,16.30000,-0.23698,84.67314,,50.00000,20.00000,1.18668,1
106,1631,203.31300,16.31000,-0.23652,84.67173,,50.00000,20.00000,1.18665,1
106,1632,203.41000,16.32000,-0.23575,84.67034,,50.00000,20.00000,1.18661,1
106,1633,203.51700,16.33000,-0.23528,84.66893,,50.00000,20.00000,1.18658,1
106,1634,203.62100,16.34000,-0.23451,84.66628,,50.00000,20.00000,1.18654,1
106,1635,203.72600,16.35000,-0.23358,84.66364,,50.00000,20.00000,1.18651,1
106,1636,203.82800,16.36000,-0.23281,84.66102,,50.00000,20.00000,1.18647,1
106,1637,203.93100,16.37000,-0.23219,84.65838,,50.00000,20.00000,1.18644,1
106,1638,204.02499,16.38000,-0.23142,84.65453,,50.00000,20.00000,1.18640,1
106,1639,204.13200,16.39000,-0.23041,84.64949,,50.00000,20.00000,1.18637,1
106,1640,204.22900,16.40000,-0.22964,84.64444,,50.00000,20.00000,1.18633,1
106,1641,204.34100,16.41000,-0.22894,84.63942,,50.00000,20.00000,1.18630,1
106,1642,204.43800,16.42000,-0.22848,84.63318,,50.00000,20.00000,1.18626,1
106,1643,204.54500,16.43000,-0.22778,84.62691,,50.00000,20.00000,1.18623,1
106,1644,204.64101,16.44000,-0.22693,84.62185,,50.00000,20.00000,1.18619,1
106,1645,204.74001,16.45000,-0.22600,84.61800,,50.00000,20.00000,1.18616,1
106,1646,204.84900,16.46000,-0.22515,84.61412,,50.00000,20.00000,1.18612,1
106,1647,204.95599,16.47000,-0.22414,84.60905,,50.00000,20.00000,1.18608,1
106,1648,205.05600,16.48000,-0.22345,84.60528,,50.00000,20.00000,1.18605,1
106,1649,205.14799,16.49000,-0.22322,84.60154,,50.00000,20.00000,1.18602,1
106,1650,205.25700,16.50000,-0.22221,84.59778,,50.00000,20.00000,1.18598,1
106,1651,205.35400,16.51000,-0.22159,84.59399,,50.00000,20.00000,1.18595,1
106,1652,205.44701,16.52000,-0.22074,84.58895,,50.00000,20.00000,1.18591,1
106,1653,205.55099,16.53000,-0.21997,84.58386,,50.00000,20.00000,1.18588,1
106,1654,205.66901,16.54000,-0.21880,84.57877,,50.00000,20.00000,1.18584,1
106,1655,205.76300,16.55000,-0.21803,84.57129,,50.00000,20.00000,1.18580,1
106,1656,205.86099,16.56000,-0.21741,84.56502,,50.00000,20.00000,1.18577,1
106,1657,205.96899,16.57000,-0.21664,84.55758,,50.00000,20.00000,1.18573,1
106,1658,206.06300,16.58000,-0.21633,84.55135,,50.00000,20.00000,1.18570,1
106,1659,206.16701,16.59000,-0.21493,84.54750,,50.00000,20.00000,1.18566,1
106,1660,206.27600,16.60000,-0.21392,84.54607,,50.00000,20.00000,1.18563,1
106,1661,206.37199,16.61000,-0.21292,84.54341,,50.00000,20.00000,1.18559,1
106,1662,206.47400,16.62000,-0.21253,84.54314,,50.00000,20.00000,1.18556,1
106,1663,206.58400,16.63000,-0.21145,84.54044,,50.00000,20.00000,1.18552,1
106,1664,206.67700,16.64000,-0.21044,84.53778,,50.00000,20.00000,1.18548,1
106,1665,206.78300,16.65000,-0.21013,84.53512,,50.00000,20.00000,1.18545,1
106,1666,206.89400,16.66000,-0.20928,84.53124,,50.00000,20.00000,1.18541,1
106,1667,207.00400,16.67000,-0.20890,84.52860,,50.00000,20.00000,1.18537,1
106,1668,207.08400,16.68000,-0.20828,84.52477,,50.00000,20.00000,1.18534,1
106,1669,207.19901,16.69000,-0.20727,84.52097,,50.00000,20.00000,1.18530,1
106,1670,207.29800,16.70000,-0.20610,84.51719,,50.00000,20.00000,1.18526,1
106,1671,207.39101,16.71000,-0.20517,84.51216,,50.00000,20.00000,1.18523,1
106,1672,207.50700,16.72000,-0.20424,84.50835,,50.00000,20.00000,1.18519,1
106,1673,207.59399,16.73000,-0.20339,84.50461,,50.00000,20.00000,1.18516,1
106,1674,207.69299,16.74000,-0.20261,84.50085,,50.00000,20.00000,1.18512,1
106,1675,207.79700,16.75000,-0.20137,84.49705,,50.00000,20.00000,1.18509,1
106,1676,207.90300,16.76000,-0.20067,84.49322,,50.00000,20.00000,1.18505,1
106,1677,208.00101,16.77000,-0.19997,84.48938,,50.00000,20.00000,1.18501,1
106,1678,208.10300,16.78000,-0.19912,84.48550,,50.00000,20.00000,1.18498,1
106,1679,208.20599,16.79000,-0.19858,84.47798,,50.00000,20.00000,1.18494,1
106,1680,208.30299,16.80000,-0.19796,84.47290,,50.00000,20.00000,1.18490,1
106,1681,208.41400,16.81000,-0.19687,84.46782,,50.00000,20.00000,1.18486,1
106,1682,208.51100,16.82000,-0.19586,84.46400,,50.00000,20.00000,1.18483,1
106,1683,208.61900,16.83000,-0.19525,84.46018,,50.00000,20.00000,1.18479,1
106,1684,208.71001,16.84000,-0.19494,84.45634,,50.00000,20.00000,1.18476,1
106,1685,208.82600,16.85000,-0.19331,84.45129,,50.00000,20.00000,1.18471,1
106,1686,208.91100,16.86000,-0.19229,84.44744,,50.00000,20.00000,1.18468,1
106,1687,209.02299,16.87000,-0.19113,84.44354,,50.00000,20.00000,1.18464,1
106,1688,209.12300,16.88000,-0.19043,84.43965,,50.00000,20.00000,1.18461,1
106,1689,209.22501,16.89000,-0.18981,84.43583,,50.00000,20.00000,1.18457,1
106,1690,209.33000,16.90000,-0.18888,84.42839,,50.00000,20.00000,1.18453,1
106,1691,209.43500,16.91000,-0.18787,84.42216,,50.00000,20.00000,1.18449,1
106,1692,209.52600,16.92000,-0.18702,84.41594,,50.00000,20.00000,1.18446,1
106,1693,209.62900,16.93000,-0.18640,84.40975,,50.00000,20.00000,1.18442,1
106,1694,209.73300,16.94000,-0.18562,84.40719,,50.00000,20.00000,1.18438,1
106,1695,209.82700,16.95000,-0.18461,84.40459,,50.00000,20.00000,1.18435,1
106,1696,209.92500,16.96000,-0.18360,84.40315,,50.00000,20.00000,1.18431,1
106,1697,210.03101,16.97000,-0.18220,84.40169,,50.00000,20.00000,1.18427,1
106,1698,210.13499,16.98000,-0.18111,84.40148,,50.00000,20.00000,1.18424,1
106,1699,210.23700,16.99000,-0.18002,84.40125,,50.00000,20.00000,1.18420,1
106,1700,210.34700,17.00000,-0.17956,84.39979,,50.00000,20.00000,1.18416,1
106,1701,210.44600,17.01000,-0.17902,84.39955,,50.00000,20.00000,1.18412,1
106,1702,210.54500,17.02000,-0.17769,84.39810,,50.00000,20.00000,1.18408,1
106,1703,210.64200,17.03000,-0.17661,84.39661,,50.00000,20.00000,1.18405,1
106,1704,210.74600,17.04000,-0.17528,84.39512,,50.00000,20.00000,1.18401,1
106,1705,210.85600,17.05000,-0.17396,84.39365,,50.00000,20.00000,1.18397,1
106,1706,210.96100,17.06000,-0.17279,84.39099,,50.00000,20.00000,1.18393,1
106,1707,211.06300,17.07000,-0.17186,84.38962,,50.00000,20.00000,1.18389,1
106,1708,211.15500,17.08000,-0.17085,84.38707,,50.00000,20.00000,1.18386,1
106,1709,211.25800,17.09000,-0.16984,84.38086,,50.00000,20.00000,1.18382,1
106,1710,211.35201,17.10000,-0.16843,84.37705,,50.00000,20.00000,1.18378,1
106,1711,211.46001,17.11000,-0.16758,84.37321,,50.00000,20.00000,1.18374,1
106,1712,211.55800,17.12000,-0.16633,84.36931,,50.00000,20.00000,1.18371,1
106,1713,211.66000,17.13000,-0.16509,84.36542,,50.00000,20.00000,1.18367,1
106,1714,211.77299,17.14000,-0.16353,84.36162,,50.00000,20.00000,1.18363,1
106,1715,211.86800,17.15000,-0.16228,84.35540,,50.00000,20.00000,1.18359,1
106,1716,211.96201,17.16000,-0.16080,84.35037,,50.00000,20.00000,1.18356,1
106,1717,212.06400,17.17000,-0.15971,84.34534,,50.00000,20.00000,1.18352,1
106,1718,212.16800,17.18000,-0.15839,84.33908,,50.00000,20.00000,1.18348,1
106,1719,212.27100,17.19000,-0.15691,84.33401,,50.00000,20.00000,1.18344,1
106,1720,212.36600,17.20000,-0.15543,84.32893,,50.00000,20.00000,1.18340,1
106,1721,212.47301,17.21000,-0.15371,84.32502,,50.00000,20.00000,1.18336,1
106,1722,212.57700,17.22000,-0.15199,84.32112,,50.00000,20.00000,1.18332,1
106,1723,212.67700,17.23000,-0.15020,84.31851,,50.00000,20.00000,1.18328,1
106,1724,212.78000,17.24000,-0.14809,84.31593,,50.00000,20.00000,1.18325,1
106,1725,212.87700,17.25000,-0.14598,84.31212,,50.00000,20.00000,1.18321,1
106,1726,212.98399,17.26000,-0.14427,84.30710,,50.00000,20.00000,1.18317,1
106,1727,213.07700,17.27000,-0.14224,84.30329,,50.00000,20.00000,1.18313,1
106,1728,213.17700,17.28000,-0.13997,84.29459,,50.00000,20.00000,1.18309,1
106,1729,213.27699,17.29000,-0.13779,84.28708,,50.00000,20.00000,1.18306,1
106,1730,213.38200,17.30000,-0.13513,84.27837,,50.00000,20.00000,1.18302,1
106,1731,213.49200,17.31000,-0.13232,84.27209,,50.00000,20.00000,1.18297,1
106,1732,213.58099,17.32000,-0.12951,84.26826,,50.00000,20.00000,1.18294,1
106,1733,213.68900,17.33000,-0.12638,84.26565,,50.00000,20.00000,1.18290,1
106,1734,213.78500,17.34000,-0.12224,84.26179,,50.00000,20.00000,1.18286,1
106,1735,213.89000,17.35000,-0.11888,84.25914,,50.00000,20.00000,1.18282,1
106,1736,213.99800,17.36000,-0.11512,84.25530,,50.00000,20.00000,1.18278,1
106,1737,214.08900,17.37000,-0.11098,84.25143,,50.00000,20.00000,1.18274,1
106,1738,214.20000,17.38000,-0.10597,84.24758,,50.00000,20.00000,1.18270,1
106,1739,214.28999,17.39000,-9.979428e-002,84.24259,,50.00000,20.00000,1.18267,1
106,1740,214.39200,17.40000,-9.337926e-002,84.23762,,50.00000,20.00000,1.18263,1
106,1741,214.49500,17.41000,-8.586799e-002,84.23261,,50.00000,20.00000,1.18259,1
106,1742,214.59700,17.42000,-7.812135e-002,84.22516,,50.00000,20.00000,1.18255,1
106,1743,214.69200,17.43000,-6.912155e-002,84.21890,,50.00000,20.00000,1.18251,1
106,1744,214.78799,17.44000,-5.949494e-002,84.21382,,50.00000,20.00000,1.18247,1
106,1745,214.89900,17.45000,-4.955484e-002,84.20873,,50.00000,20.00000,1.18243,1
106,1746,215.00200,17.46000,-3.859615e-002,84.20359,,50.00000,20.00000,1.18239,1
106,1747,215.10001,17.47000,-2.513137e-002,84.19602,,50.00000,20.00000,1.18235,1
106,1748,215.20399,17.48000,-1.205721e-002,84.18974,,50.00000,20.00000,1.18231,1
106,1749,215.30600,17.49000,1.331036e-003,84.17981,,50.00000,20.00000,1.18227,1
106,1750,215.41000,17.50000,1.589468e-002,84.16865,,50.00000,20.00000,1.18223,1
106,1751,215.50700,17.51000,3.061586e-002,84.15871,,50.00000,20.00000,1.18219,1
106,1752,215.61501,17.52000,4.541646e-002,84.15364,,50.00000,20.00000,1.18215,1
106,1753,215.71500,17.53000,6.076612e-002,84.15095,,50.00000,20.00000,1.18211,1
106,1754,215.81000,17.54000,7.588174e-002,84.14583,,50.00000,20.00000,1.18207,1
106,1755,215.91400,17.55000,9.084198e-002,84.13464,,50.00000,20.00000,1.18203,1
106,1756,216.01300,17.56000,0.10518,84.12585,,50.00000,20.00000,1.18199,1
106,1757,216.12801,17.57000,0.11849,84.11829,,50.00000,20.00000,1.18195,1
106,1758,216.22900,17.58000,0.13087,84.10830,,50.00000,20.00000,1.18191,1
106,1759,216.33400,17.59000,0.14208,84.10072,,50.00000,20.00000,1.18187,1
106,1760,216.43500,17.60000,0.15266,84.09196,,50.00000,20.00000,1.18183,1
106,1761,216.53799,17.61000,0.16292,84.08080,,50.00000,20.00000,1.18178,1
106,1762,216.63200,17.62000,0.17076,84.05869,,50.00000,20.00000,1.18175,1
106,1763,216.74500,17.63000,0.17938,84.04630,,50.00000,20.00000,1.18170,1
106,1764,216.83701,17.64000,0.18699,84.04488,,50.00000,20.00000,1.18167,1
106,1765,216.94099,17.65000,0.19311,84.03616,,50.00000,20.00000,1.18162,1
106,1766,217.04700,17.66000,0.19899,84.02496,,50.00000,20.00000,1.18158,1
106,1767,217.13901,17.67000,0.20291,84.01012,,50.00000,20.00000,1.18154,1
106,1768,217.25800,17.68000,0.20739,83.99043,,50.00000,20.00000,1.18150,1
106,1769,217.35699,17.69000,0.20998,83.98411,,50.00000,20.00000,1.18146,1
106,1770,217.46001,17.70000,0.21147,83.98023,,50.00000,20.00000,1.18142,1
106,1771,217.54800,17.71000,0.21297,83.97147,,50.00000,20.00000,1.18138,1
106,1772,217.65900,17.72000,0.21345,83.96150,,50.00000,20.00000,1.18134,1
106,1773,217.76801,17.73000,0.21377,83.95279,,50.00000,20.00000,1.18129,1
106,1774,217.85001,17.74000,0.21330,83.93798,,50.00000,20.00000,1.18126,1
106,1775,217.96899,17.75000,0.21222,83.92314,,50.00000,20.00000,1.18121,1
106,1776,218.07001,17.76000,0.21058,83.90345,,50.00000,20.00000,1.18117,1
106,1777,218.17599,17.77000,0.20839,83.89712,,50.00000,20.00000,1.18113,1
106,1778,218.27600,17.78000,0.20276,83.89562,,50.00000,20.00000,1.18109,1
106,1779,218.37000,17.79000,0.19853,83.88806,,50.00000,20.00000,1.18105,1
106,1780,218.47701,17.80000,0.19344,83.87204,,50.00000,20.00000,1.18101,1
106,1781,218.58200,17.81000,0.18851,83.86574,,50.00000,20.00000,1.18096,1
106,1782,218.68201,17.82000,0.18264,83.85828,,50.00000,20.00000,1.18092,1
106,1783,218.78500,17.83000,0.17630,83.85085,,50.00000,20.00000,1.18088,1
106,1784,218.88300,17.84000,0.16987,83.84097,,50.00000,20.00000,1.18084,1
106,1785,218.98199,17.85000,0.16196,83.83110,,50.00000,20.00000,1.18080,1
106,1786,219.08099,17.86000,0.15428,83.82607,,50.00000,20.00000,1.18076,1
106,1787,219.18100,17.87000,0.14629,83.81856,,50.00000,20.00000,1.18072,1
106,1788,219.28101,17.88000,0.13814,83.80620,,50.00000,20.00000,1.18068,1
106,1789,219.38800,17.89000,0.12929,83.79390,,50.00000,20.00000,1.18063,1
106,1790,219.49200,17.90000,0.12122,83.78524,,50.00000,20.00000,1.18059,1
106,1791,219.58200,17.91000,0.11291,83.78503,,50.00000,20.00000,1.18055,1
106,1792,219.68300,17.92000,0.10382,83.78482,,50.00000,20.00000,1.18051,1
106,1793,219.79601,17.93000,9.535368e-002,83.77855,,50.00000,20.00000,1.18047,1
106,1794,219.88600,17.94000,8.775010e-002,83.77229,,50.00000,20.00000,1.18043,1
106,1795,219.99600,17.95000,7.998975e-002,83.76238,,50.00000,20.00000,1.18038,1
106,1796,220.09100,17.96000,7.183632e-002,83.75730,,50.00000,20.00000,1.18035,1
106,1797,220.18600,17.97000,6.548616e-002,83.75342,,50.00000,20.00000,1.18031,1
106,1798,220.29401,17.98000,5.819470e-002,83.74838,,50.00000,20.00000,1.18026,1
106,1799,220.39700,17.99000,5.121632e-002,83.74456,,50.00000,20.00000,1.18022,1
106,1800,220.49600,18.00000,4.447268e-002,83.74071,,50.00000,20.00000,1.18018,1
106,1801,220.60500,18.01000,3.796403e-002,83.73688,,50.00000,20.00000,1.18013,1
106,1802,220.69099,18.02000,3.216059e-002,83.73186,,50.00000,20.00000,1.18010,1
106,1803,220.79700,18.03000,2.667075e-002,83.72924,,50.00000,20.00000,1.18005,1
106,1804,220.89999,18.04000,2.165116e-002,83.72541,,50.00000,20.00000,1.18001,1
106,1805,220.99899,18.05000,1.639584e-002,83.72039,,50.00000,20.00000,1.17997,1
106,1806,221.08800,18.06000,1.121856e-002,83.71779,,50.00000,20.00000,1.17993,1
106,1807,221.20000,18.07000,7.139365e-003,83.71643,,50.00000,20.00000,1.17988,1
106,1808,221.30000,18.08000,2.746007e-003,83.71629,,50.00000,20.00000,1.17984,1
106,1809,221.40100,18.09000,-1.333823e-003,83.70884,,50.00000,20.00000,1.17980,1
106,1810,221.49400,18.10000,-5.100078e-003,83.70504,,50.00000,20.00000,1.17976,1
106,1811,221.59700,18.11000,-8.866615e-003,83.70125,,50.00000,20.00000,1.17972,1
106,1812,221.70000,18.12000,-1.200568e-002,83.69623,,50.00000,20.00000,1.17967,1
106,1813,221.79601,18.13000,-1.538035e-002,83.69243,,50.00000,20.00000,1.17963,1
106,1814,221.89600,18.14000,-1.875528e-002,83.68746,,50.00000,20.00000,1.17959,1
106,1815,221.98500,18.15000,-2.220884e-002,83.68611,,50.00000,20.00000,1.17955,1
106,1816,222.09500,18.16000,-2.472106e-002,83.68473,,50.00000,20.00000,1.17951,1
106,1817,222.19800,18.17000,-2.739038e-002,83.68457,,50.00000,20.00000,1.17946,1
106,1818,222.29601,18.18000,-2.998135e-002,83.68197,,50.00000,20.00000,1.17942,1
106,1819,222.39301,18.19000,-3.218005e-002,83.67937,,50.00000,20.00000,1.17938,1
106,1820,222.48900,18.20000,-3.445739e-002,83.67676,,50.00000,20.00000,1.17934,1
106,1821,222.59300,18.21000,-3.681349e-002,83.67290,,50.00000,20.00000,1.17930,1
106,1822,222.69600,18.22000,-3.854177e-002,83.67024,,50.00000,20.00000,1.17925,1
106,1823,222.79401,18.23000,-4.011312e-002,83.66762,,50.00000,20.00000,1.17921,1
106,1824,222.89400,18.24000,-4.199862e-002,83.66379,,50.00000,20.00000,1.17917,1
106,1825,223.00101,18.25000,-4.419838e-002,83.65993,,50.00000,20.00000,1.17912,1
106,1826,223.09801,18.26000,-4.584860e-002,83.65609,,50.00000,20.00000,1.17908,1
106,1827,223.20300,18.27000,-4.639991e-002,83.65225,,50.00000,20.00000,1.17904,1
106,1828,223.29700,18.28000,-4.726514e-002,83.64839,,50.00000,20.00000,1.17900,1
106,1829,223.39799,18.29000,-4.820907e-002,83.64333,,50.00000,20.00000,1.17895,1
106,1830,223.49899,18.30000,-4.938863e-002,83.63951,,50.00000,20.00000,1.17891,1
106,1831,223.60300,18.31000,-5.096094e-002,83.63690,,50.00000,20.00000,1.17887,1
106,1832,223.69200,18.32000,-5.198341e-002,83.63313,,50.00000,20.00000,1.17883,1
106,1833,223.80499,18.33000,-5.300641e-002,83.63060,,50.00000,20.00000,1.17878,1
106,1834,223.89999,18.34000,-5.292972e-002,83.62806,,50.00000,20.00000,1.17874,1
106,1835,223.99600,18.35000,-5.363838e-002,83.62553,,50.00000,20.00000,1.17870,1
106,1836,224.09200,18.36000,-5.473976e-002,83.62301,,50.00000,20.00000,1.17866,1
106,1837,224.19099,18.37000,-5.568422e-002,83.62045,,50.00000,20.00000,1.17861,1
106,1838,224.28600,18.38000,-5.600032e-002,83.61788,,50.00000,20.00000,1.17857,1
106,1839,224.38800,18.39000,-5.655222e-002,83.61655,,50.00000,20.00000,1.17853,1
106,1840,224.48300,18.40000,-5.678983e-002,83.61519,,50.00000,20.00000,1.17849,1
106,1841,224.59399,18.41000,-5.710635e-002,83.61257,,50.00000,20.00000,1.17844,1
106,1842,224.68500,18.42000,-5.750103e-002,83.60994,,50.00000,20.00000,1.17840,1
106,1843,224.78600,18.43000,-5.821017e-002,83.60851,,50.00000,20.00000,1.17836,1
106,1844,224.89101,18.44000,-5.860522e-002,83.60587,,50.00000,20.00000,1.17831,1
106,1845,224.99300,18.45000,-5.860742e-002,83.60323,,50.00000,20.00000,1.17827,1
106,1846,225.09000,18.46000,-5.860952e-002,83.60057,,50.00000,20.00000,1.17823,1
106,1847,225.19000,18.47000,-5.853312e-002,83.59790,,50.00000,20.00000,1.17818,1
106,1848,225.28700,18.48000,-5.837808e-002,83.59532,,50.00000,20.00000,1.17814,1
106,1849,225.39600,18.49000,-5.861616e-002,83.59276,,50.00000,20.00000,1.17809,1
106,1850,225.49400,18.50000,-5.869686e-002,83.59018,,50.00000,20.00000,1.17805,1
106,1851,225.59000,18.51000,-5.869896e-002,83.58882,,50.00000,20.00000,1.17801,1
106,1852,225.68201,18.52000,-5.885813e-002,83.58626,,50.00000,20.00000,1.17797,1
106,1853,225.78900,18.53000,-5.893905e-002,83.58489,,50.00000,20.00000,1.17792,1
106,1854,225.88699,18.54000,-5.901979e-002,83.58231,,50.00000,20.00000,1.17788,1
106,1855,225.97701,18.55000,-5.894318e-002,83.57974,,50.00000,20.00000,1.17784,1
106,1856,226.08701,18.56000,-5.878841e-002,83.57597,,50.00000,20.00000,1.17779,1
106,1857,226.18300,18.57000,-5.902631e-002,83.57099,,50.00000,20.00000,1.17775,1
106,1858,226.26500,18.58000,-5.871372e-002,83.56598,,50.00000,20.00000,1.17771,1
106,1859,226.38800,18.59000,-5.855921e-002,83.56214,,50.00000,20.00000,1.17766,1
106,1860,226.48100,18.60000,-5.824683e-002,83.55708,,50.00000,20.00000,1.17762,1
106,1861,226.58200,18.61000,-5.793461e-002,83.55201,,50.00000,20.00000,1.17757,1
106,1862,226.67599,18.62000,-5.762220e-002,83.54813,,50.00000,20.00000,1.17753,1
106,1863,226.78500,18.63000,-5.715288e-002,83.54670,,50.00000,20.00000,1.17748,1
106,1864,226.88300,18.64000,-5.707637e-002,83.54416,,50.00000,20.00000,1.17744,1
106,1865,226.98900,18.65000,-5.652830e-002,83.54408,,50.00000,20.00000,1.17739,1
106,1866,227.06700,18.66000,-5.629409e-002,83.54276,,50.00000,20.00000,1.17736,1
106,1867,227.17200,18.67000,-5.598181e-002,83.54143,,50.00000,20.00000,1.17731,1
106,1868,227.27200,18.68000,-5.590530e-002,83.53886,,50.00000,20.00000,1.17727,1
106,1869,227.36800,18.69000,-5.567143e-002,83.53747,,50.00000,20.00000,1.17722,1
106,1870,227.47099,18.70000,-5.520179e-002,83.53485,,50.00000,20.00000,1.17718,1
106,1871,227.57001,18.71000,-5.481067e-002,83.53340,,50.00000,20.00000,1.17713,1
106,1872,227.67300,18.72000,-5.441960e-002,83.53073,,50.00000,20.00000,1.17709,1
106,1873,227.77000,18.73000,-5.426432e-002,83.52813,,50.00000,20.00000,1.17704,1
106,1874,227.87300,18.74000,-5.395186e-002,83.52553,,50.00000,20.00000,1.17700,1
106,1875,227.96800,18.75000,-5.316731e-002,83.52291,,50.00000,20.00000,1.17695,1
106,1876,228.07500,18.76000,-5.269756e-002,83.52032,,50.00000,20.00000,1.17691,1
106,1877,228.17700,18.77000,-5.238498e-002,83.51897,,50.00000,20.00000,1.17686,1
106,1878,228.26601,18.78000,-5.222944e-002,83.51758,,50.00000,20.00000,1.17682,1
106,1879,228.36099,18.79000,-5.183803e-002,83.51620,,50.00000,20.00000,1.17678,1
106,1880,228.46100,18.80000,-5.128936e-002,83.51606,,50.00000,20.00000,1.17673,1
106,1881,228.57001,18.81000,-5.074082e-002,83.51471,,50.00000,20.00000,1.17668,1
106,1882,228.66400,18.82000,-5.058530e-002,83.51339,,50.00000,20.00000,1.17664,1
106,1883,228.75600,18.83000,-5.019372e-002,83.51207,,50.00000,20.00000,1.17660,1
106,1884,228.85699,18.84000,-4.988096e-002,83.51072,,50.00000,20.00000,1.17655,1
106,1885,228.96001,18.85000,-4.956822e-002,83.50936,,50.00000,20.00000,1.17651,1
106,1886,229.05400,18.86000,-4.933396e-002,83.50799,,50.00000,20.00000,1.17647,1
106,1887,229.15199,18.87000,-4.902108e-002,83.50536,,50.00000,20.00000,1.17642,1
106,1888,229.25400,18.88000,-4.800005e-002,83.50393,,50.00000,20.00000,1.17637,1
106,1889,229.35201,18.89000,-4.768710e-002,83.50256,,50.00000,20.00000,1.17633,1
106,1890,229.45300,18.90000,-4.729548e-002,83.49997,,50.00000,20.00000,1.17628,1
106,1891,229.55499,18.91000,-4.753344e-002,83.49855,,50.00000,20.00000,1.17624,1
106,1892,229.64700,18.92000,-4.769254e-002,83.49713,,50.00000,20.00000,1.17620,1
106,1893,229.75800,18.93000,-4.643533e-002,83.49450,,50.00000,20.00000,1.17615,1
106,1894,229.85100,18.94000,-4.635829e-002,83.49307,,50.00000,20.00000,1.17610,1
106,1895,229.95300,18.95000,-4.580916e-002,83.49164,,50.00000,20.00000,1.17606,1
106,1896,230.04401,18.96000,-4.549592e-002,83.48895,,50.00000,20.00000,1.17602,1
106,1897,230.16000,18.97000,-4.502568e-002,83.48750,,50.00000,20.00000,1.17596,1
106,1898,230.25900,18.98000,-4.463381e-002,83.48615,,50.00000,20.00000,1.17592,1
106,1899,230.35100,18.99000,-4.471414e-002,83.48361,,50.00000,20.00000,1.17587,1
106,1900,230.44600,19.00000,-4.479452e-002,83.48224,,50.00000,20.00000,1.17583,1
106,1901,230.54401,19.01000,-4.456005e-002,83.48087,,50.00000,20.00000,1.17579,1
106,1902,230.64600,19.02000,-4.401071e-002,83.47827,,50.00000,20.00000,1.17574,1
106,1903,230.74500,19.03000,-4.354001e-002,83.47683,,50.00000,20.00000,1.17569,1
106,1904,230.84700,19.04000,-4.306932e-002,83.47540,,50.00000,20.00000,1.17565,1
106,1905,230.95000,19.05000,-4.220491e-002,83.47280,,50.00000,20.00000,1.17560,1
106,1906,231.03999,19.06000,-4.220641e-002,83.47140,,50.00000,20.00000,1.17556,1
106,1907,231.13800,19.07000,-4.181430e-002,83.47003,,50.00000,20.00000,1.17551,1
106,1908,231.24400,19.08000,-4.181604e-002,83.46743,,50.00000,20.00000,1.17546,1
106,1909,231.34100,19.09000,-4.166013e-002,83.46479,,50.00000,20.00000,1.17542,1
106,1910,231.44400,19.10000,-4.063799e-002,83.46215,,50.00000,20.00000,1.17537,1
106,1911,231.53900,19.11000,-4.032448e-002,83.45952,,50.00000,20.00000,1.17533,1
106,1912,231.64700,19.12000,-4.048372e-002,83.45809,,50.00000,20.00000,1.17528,1
106,1913,231.74400,19.13000,-4.040651e-002,83.45545,,50.00000,20.00000,1.17523,1
106,1914,231.83900,19.14000,-4.025049e-002,83.45288,,50.00000,20.00000,1.17519,1
106,1915,231.93100,19.15000,-3.977933e-002,83.45153,,50.00000,20.00000,1.17515,1
106,1916,232.03600,19.16000,-3.922957e-002,83.44893,,50.00000,20.00000,1.17510,1
106,1917,232.14000,19.17000,-3.852219e-002,83.44755,,50.00000,20.00000,1.17505,1
106,1918,232.23900,19.18000,-3.820858e-002,83.44496,,50.00000,20.00000,1.17500,1
106,1919,232.33299,19.19000,-3.781609e-002,83.44236,,50.00000,20.00000,1.17496,1
106,1920,232.42599,19.20000,-3.726598e-002,83.44097,,50.00000,20.00000,1.17491,1
106,1921,232.53000,19.21000,-3.695237e-002,83.43832,,50.00000,20.00000,1.17487,1
106,1922,232.63400,19.22000,-3.671752e-002,83.43931,,50.00000,20.00000,1.17482,1
106,1923,232.72800,19.23000,-3.656130e-002,83.43913,,50.00000,20.00000,1.17477,1
106,1924,232.83000,19.24000,-3.569600e-002,83.43775,,50.00000,20.00000,1.17473,1
106,1925,232.93500,19.25000,-3.538229e-002,83.43754,,50.00000,20.00000,1.17468,1
106,1926,233.03000,19.26000,-3.491080e-002,83.43731,,50.00000,20.00000,1.17463,1
106,1927,233.12100,19.27000,-3.459684e-002,83.43585,,50.00000,20.00000,1.17459,1
106,1928,233.23199,19.28000,-3.404669e-002,83.43437,,50.00000,20.00000,1.17454,1
106,1929,233.33400,19.29000,-3.318112e-002,83.43167,,50.00000,20.00000,1.17449,1
106,1930,233.43500,19.30000,-3.270956e-002,83.42901,,50.00000,20.00000,1.17444,1
106,1931,233.53700,19.31000,-3.184386e-002,83.42637,,50.00000,20.00000,1.17439,1
106,1932,233.62500,19.32000,-3.145087e-002,83.42378,,50.00000,20.00000,1.17435,1
106,1933,233.72800,19.33000,-3.129452e-002,83.42120,,50.00000,20.00000,1.17430,1
106,1934,233.83600,19.34000,-3.034991e-002,83.41980,,50.00000,20.00000,1.17425,1
106,1935,233.92599,19.35000,-2.964151e-002,83.41715,,50.00000,20.00000,1.17421,1
106,1936,234.02400,19.36000,-2.885431e-002,83.41570,,50.00000,20.00000,1.17416,1
106,1937,234.12601,19.37000,-2.806710e-002,83.41419,,50.00000,20.00000,1.17411,1
106,1938,234.23300,19.38000,-2.735872e-002,83.41391,,50.00000,20.00000,1.17406,1
106,1939,234.33501,19.39000,-2.712331e-002,83.41373,,50.00000,20.00000,1.17401,1
106,1940,234.44000,19.40000,-2.578402e-002,83.41237,,50.00000,20.00000,1.17396,1
106,1941,234.52699,19.41000,-2.539066e-002,83.41221,,50.00000,20.00000,1.17392,1
106,1942,234.62801,19.42000,-2.397229e-002,83.41084,,50.00000,20.00000,1.17387,1
106,1943,234.72000,19.43000,-2.350003e-002,83.41067,,50.00000,20.00000,1.17383,1
106,1944,234.82201,19.44000,-2.294897e-002,83.40926,,50.00000,20.00000,1.17378,1
106,1945,234.92700,19.45000,-2.216129e-002,83.40785,,50.00000,20.00000,1.17373,1
106,1946,235.02800,19.46000,-2.145238e-002,83.40761,,50.00000,20.00000,1.17368,1
106,1947,235.12700,19.47000,-2.050678e-002,83.40615,,50.00000,20.00000,1.17364,1
106,1948,235.21700,19.48000,-2.027091e-002,83.40474,,50.00000,20.00000,1.17359,1
106,1949,235.32100,19.49000,-1.924635e-002,83.40332,,50.00000,20.00000,1.17354,1
106,1950,235.42500,19.50000,-1.853724e-002,83.40187,,50.00000,20.00000,1.17349,1
106,1951,235.52901,19.51000,-1.782806e-002,83.40044,,50.00000,20.00000,1.17344,1
106,1952,235.63400,19.52000,-1.711883e-002,83.40025,,50.00000,20.00000,1.17339,1
106,1953,235.71899,19.53000,-1.625162e-002,83.39882,,50.00000,20.00000,1.17335,1
106,1954,235.82100,19.54000,-1.522667e-002,83.39861,,50.00000,20.00000,1.17330,1
106,1955,235.92101,19.55000,-1.459611e-002,83.39723,,50.00000,20.00000,1.17325,1
106,1956,236.01700,19.56000,-1.404439e-002,83.39705,,50.00000,20.00000,1.17321,1
106,1957,236.12300,19.57000,-1.333486e-002,83.39570,,50.00000,20.00000,1.17316,1
106,1958,236.22000,19.58000,-1.238850e-002,83.39555,,50.00000,20.00000,1.17311,1
106,1959,236.31900,19.59000,-1.215227e-002,83.39416,,50.00000,20.00000,1.17306,1
106,1960,236.41000,19.60000,-1.183707e-002,83.39275,,50.00000,20.00000,1.17302,1
106,1961,236.51300,19.61000,-1.120624e-002,83.39253,,50.00000,20.00000,1.17297,1
106,1962,236.61600,19.62000,-1.049643e-002,83.39106,,50.00000,20.00000,1.17292,1
106,1963,236.71201,19.63000,-9.707615e-003,83.38958,,50.00000,20.00000,1.17287,1
106,1964,236.82201,19.64000,-8.918784e-003,83.38818,,50.00000,20.00000,1.17282,1
106,1965,236.92000,19.65000,-7.814120e-003,83.38802,,50.00000,20.00000,1.17277,1
106,1966,237.02000,19.66000,-7.261908e-003,83.38664,,50.00000,20.00000,1.17272,1
106,1967,237.10600,19.67000,-7.183232e-003,83.38526,,50.00000,20.00000,1.17268,1
106,1968,237.21100,19.68000,-6.788845e-003,83.38508,,50.00000,20.00000,1.17263,1
106,1969,237.30901,19.69000,-6.315462e-003,83.38367,,50.00000,20.00000,1.17258,1
106,1970,237.40800,19.70000,-5.447311e-003,83.38344,,50.00000,20.00000,1.17253,1
106,1971,237.50900,19.71000,-4.421193e-003,83.38197,,50.00000,20.00000,1.17248,1
106,1972,237.62000,19.72000,-3.631862e-003,83.38171,,50.00000,20.00000,1.17243,1
106,1973,237.70799,19.73000,-2.921388e-003,83.38029,,50.00000,20.00000,1.17238,1
106,1974,237.80600,19.74000,-2.210871e-003,83.37887,,50.00000,20.00000,1.17234,1
106,1975,237.90700,19.75000,-1.421334e-003,83.37862,,50.00000,20.00000,1.17229,1
106,1976,238.02200,19.76000,-6.317346e-004,83.37716,,50.00000,20.00000,1.17223,1
106,1977,238.10899,19.77000,-0.000000e+000,83.37691,,50.00000,20.00000,1.17219,1
106,1978,238.21600,19.78000,1.579465e-004,83.37543,,50.00000,20.00000,1.17213,1
106,1979,238.31599,19.79000,3.948829e-004,83.37397,,50.00000,20.00000,1.17209,1
106,1980,238.41499,19.80000,1.026738e-003,83.37379,,50.00000,20.00000,1.17204,1
106,1981,238.51199,19.81000,1.658645e-003,83.36999,,50.00000,20.00000,1.17199,1
106,1982,238.60699,19.82000,2.290602e-003,83.36623,,50.00000,20.00000,1.17194,1
106,1983,238.70599,19.83000,2.922614e-003,83.36370,,50.00000,20.00000,1.17189,1
106,1984,238.80600,19.84000,3.080723e-003,83.35994,,50.00000,20.00000,1.17184,1
106,1985,238.90601,19.85000,3.475835e-003,83.35739,,50.00000,20.00000,1.17179,1
106,1986,238.99600,19.86000,4.107960e-003,83.35484,,50.00000,20.00000,1.17175,1
106,1987,239.09801,19.87000,4.898165e-003,83.35225,,50.00000,20.00000,1.17170,1
106,1988,239.19299,19.88000,5.451402e-003,83.34964,,50.00000,20.00000,1.17165,1
106,1989,239.28600,19.89000,6.241707e-003,83.34706,,50.00000,20.00000,1.17161,1
106,1990,239.39400,19.90000,6.716069e-003,83.34447,,50.00000,20.00000,1.17155,1
106,1991,239.50000,19.91000,7.348501e-003,83.34183,,50.00000,20.00000,1.17150,1
106,1992,239.58900,19.92000,8.217989e-003,83.34039,,50.00000,20.00000,1.17145,1
106,1993,239.68500,19.93000,8.850505e-003,83.33897,,50.00000,20.00000,1.17141,1
106,1994,239.80099,19.94000,9.641204e-003,83.33756,,50.00000,20.00000,1.17135,1
106,1995,239.89200,19.95000,1.035284e-002,83.33616,,50.00000,20.00000,1.17130,1
106,1996,239.98399,19.96000,1.114357e-002,83.33595,,50.00000,20.00000,1.17126,1
106,1997,240.09500,19.97000,1.177639e-002,83.33452,,50.00000,20.00000,1.17120,1
106,1998,240.17900,19.98000,1.217201e-002,83.33437,,50.00000,20.00000,1.17116,1
106,1999,240.28700,19.99000,1.201449e-002,83.33421,,50.00000,20.00000,1.17111,1
106,2000,240.38499,20.00000,1.288450e-002,83.33399,,50.00000,20.00000,1.17106,1
106,2001,240.48399,20.01000,1.328029e-002,83.33376,,50.00000,20.00000,1.17101,1
106,2002,240.58600,20.02000,1.407140e-002,83.33230,,50.00000,20.00000,1.17096,1
106,2003,240.68500,20.03000,1.415106e-002,83.33204,,50.00000,20.00000,1.17091,1
106,2004,240.78500,20.04000,1.494226e-002,83.33056,,50.00000,20.00000,1.17085,1
106,2005,240.89000,20.05000,1.541731e-002,83.32908,,50.00000,20.00000,1.17080,1
106,2006,240.98801,20.06000,1.565517e-002,83.32760,,50.00000,20.00000,1.17075,1
106,2007,241.09500,20.07000,1.636752e-002,83.32614,,50.00000,20.00000,1.17070,1
106,2008,241.19099,20.08000,1.731708e-002,83.32469,,50.00000,20.00000,1.17065,1
106,2009,241.28700,20.09000,1.795041e-002,83.32326,,50.00000,20.00000,1.17060,1
106,2010,241.39700,20.10000,1.874207e-002,83.32183,,50.00000,20.00000,1.17055,1
106,2011,241.48700,20.11000,1.977089e-002,83.32041,,50.00000,20.00000,1.17050,1
106,2012,241.58501,20.12000,1.945538e-002,83.31899,,50.00000,20.00000,1.17045,1
106,2013,241.69600,20.13000,1.985177e-002,83.31759,,50.00000,20.00000,1.17039,1
106,2014,241.78799,20.14000,2.032712e-002,83.31618,,50.00000,20.00000,1.17035,1
106,2015,241.88100,20.15000,2.096072e-002,83.31479,,50.00000,20.00000,1.17030,1
106,2016,241.99200,20.16000,2.175274e-002,83.31343,,50.00000,20.00000,1.17024,1
106,2017,242.08400,20.17000,2.238645e-002,83.31208,,50.00000,20.00000,1.17020,1
106,2018,242.18401,20.18000,2.309939e-002,83.31073,,50.00000,20.00000,1.17015,1
106,2019,242.27800,20.19000,2.397055e-002,83.30936,,50.00000,20.00000,1.17010,1
106,2020,242.36700,20.20000,2.468351e-002,83.30795,,50.00000,20.00000,1.17005,1
106,2021,242.47400,20.21000,2.547583e-002,83.30773,,50.00000,20.00000,1.17000,1
106,2022,242.57899,20.22000,2.579349e-002,83.30627,,50.00000,20.00000,1.16994,1
106,2023,242.67599,20.23000,2.611108e-002,83.30602,,50.00000,20.00000,1.16989,1
106,2024,242.78500,20.24000,2.674535e-002,83.30456,,50.00000,20.00000,1.16984,1
106,2025,242.87900,20.25000,2.737951e-002,83.30433,,50.00000,20.00000,1.16979,1
106,2026,242.96899,20.26000,2.801367e-002,83.30410,,50.00000,20.00000,1.16974,1
106,2027,243.08900,20.27000,2.872739e-002,83.30390,,50.00000,20.00000,1.16968,1
106,2028,243.17599,20.28000,2.920334e-002,83.30372,,50.00000,20.00000,1.16964,1
106,2029,243.27901,20.29000,2.975868e-002,83.30354,,50.00000,20.00000,1.16958,1
106,2030,243.37199,20.30000,2.991820e-002,83.30337,,50.00000,20.00000,1.16954,1
106,2031,243.47600,20.31000,3.007787e-002,83.30319,,50.00000,20.00000,1.16948,1
106,2032,243.57100,20.32000,3.031660e-002,83.30300,,50.00000,20.00000,1.16943,1
106,2033,243.66600,20.33000,3.071366e-002,83.30277,,50.00000,20.00000,1.16939,1
106,2034,243.76601,20.34000,3.182329e-002,83.30255,,50.00000,20.00000,1.16933,1
106,2035,243.88000,20.35000,3.214156e-002,83.30234,,50.00000,20.00000,1.16927,1
106,2036,243.97900,20.36000,3.269716e-002,83.30216,,50.00000,20.00000,1.16922,1
106,2037,244.07100,20.37000,3.341105e-002,83.30200,,50.00000,20.00000,1.16918,1
106,2038,244.16299,20.38000,3.428335e-002,83.30184,,50.00000,20.00000,1.16913,1
106,2039,244.26300,20.39000,3.483913e-002,83.30168,,50.00000,20.00000,1.16908,1
106,2040,244.36400,20.40000,3.507824e-002,83.30150,,50.00000,20.00000,1.16902,1
106,2041,244.46201,20.41000,3.579245e-002,83.30129,,50.00000,20.00000,1.16897,1
106,2042,244.56300,20.42000,3.650678e-002,83.30108,,50.00000,20.00000,1.16892,1
106,2043,244.66299,20.43000,3.722115e-002,83.30086,,50.00000,20.00000,1.16887,1
106,2044,244.76300,20.44000,3.785639e-002,83.30064,,50.00000,20.00000,1.16882,1
106,2045,244.86501,20.45000,3.857092e-002,83.30042,,50.00000,20.00000,1.16876,1
106,2046,244.96001,20.46000,3.865176e-002,83.30020,,50.00000,20.00000,1.16871,1
106,2047,245.05800,20.47000,3.920790e-002,83.29999,,50.00000,20.00000,1.16866,1
106,2048,245.16600,20.48000,3.976428e-002,83.29978,,50.00000,20.00000,1.16861,1
106,2049,245.26500,20.49000,4.016212e-002,83.29958,,50.00000,20.00000,1.16855,1
106,2050,245.35500,20.50000,4.079748e-002,83.29938,,50.00000,20.00000,1.16851,1
106,2051,245.46300,20.51000,4.095790e-002,83.29920,,50.00000,20.00000,1.16845,1
106,2052,245.55901,20.52000,4.167270e-002,83.29903,,50.00000,20.00000,1.16840,1
106,2053,245.65401,20.53000,4.222908e-002,83.29887,,50.00000,20.00000,1.16835,1
106,2054,245.76100,20.54000,4.278574e-002,83.29870,,50.00000,20.00000,1.16829,1
106,2055,245.84900,20.55000,4.326285e-002,83.29850,,50.00000,20.00000,1.16825,1
106,2056,245.94200,20.56000,4.334390e-002,83.29830,,50.00000,20.00000,1.16820,1
106,2057,246.06100,20.57000,4.390093e-002,83.29808,,50.00000,20.00000,1.16814,1
106,2058,246.15199,20.58000,4.517068e-002,83.29786,,50.00000,20.00000,1.16809,1
106,2059,246.25301,20.59000,4.620299e-002,83.29763,,50.00000,20.00000,1.16804,1
106,2060,246.34801,20.60000,4.691826e-002,83.29742,,50.00000,20.00000,1.16799,1
106,2061,246.45399,20.61000,4.779234e-002,83.29721,,50.00000,20.00000,1.16793,1
106,2062,246.55400,20.62000,4.795303e-002,83.29701,,50.00000,20.00000,1.16788,1
106,2063,246.65100,20.63000,4.803440e-002,83.29682,,50.00000,20.00000,1.16783,1
106,2064,246.74800,20.64000,4.914626e-002,83.29662,,50.00000,20.00000,1.16777,1
106,2065,246.84500,20.65000,4.994114e-002,83.29641,,50.00000,20.00000,1.16772,1
106,2066,246.94701,20.66000,5.041911e-002,83.29620,,50.00000,20.00000,1.16767,1
106,2067,247.05099,20.67000,5.113500e-002,83.29601,,50.00000,20.00000,1.16761,1
106,2068,247.15100,20.68000,5.137517e-002,83.29583,,50.00000,20.00000,1.16756,1
106,2069,247.24500,20.69000,5.153594e-002,83.29568,,50.00000,20.00000,1.16751,1
106,2070,247.34300,20.70000,5.225186e-002,83.29554,,50.00000,20.00000,1.16746,1
106,2071,247.44800,20.71000,5.257154e-002,83.29540,,50.00000,20.00000,1.16740,1
106,2072,247.52299,20.72000,5.320770e-002,83.29522,,50.00000,20.00000,1.16736,1
106,2073,247.64000,20.73000,5.384495e-002,83.29502,,50.00000,20.00000,1.16730,1
106,2074,247.73500,20.74000,5.456102e-002,83.29479,,50.00000,20.00000,1.16725,1
106,2075,247.83200,20.75000,5.543582e-002,83.29454,,50.00000,20.00000,1.16720,1
106,2076,247.94600,20.76000,5.591458e-002,83.29431,,50.00000,20.00000,1.16714,1
106,2077,248.04500,20.77000,5.599644e-002,83.29409,,50.00000,20.00000,1.16708,1
106,2078,248.13400,20.78000,5.679191e-002,83.29387,,50.00000,20.00000,1.16704,1
106,2079,248.23100,20.79000,5.750833e-002,83.29366,,50.00000,20.00000,1.16698,1
106,2080,248.34000,20.80000,5.806649e-002,83.29346,,50.00000,20.00000,1.16693,1
106,2081,248.43700,20.81000,5.870371e-002,83.29326,,50.00000,20.00000,1.16687,1
106,2082,248.53600,20.82000,5.886505e-002,83.29186,,50.00000,20.00000,1.16682,1
106,2083,248.64101,20.83000,5.926459e-002,83.29171,,50.00000,20.00000,1.16676,1
106,2084,248.73500,20.84000,5.990188e-002,83.29157,,50.00000,20.00000,1.16671,1
106,2085,248.82201,20.85000,6.069771e-002,83.29142,,50.00000,20.00000,1.16667,1
106,2086,248.92200,20.86000,6.125594e-002,83.29125,,50.00000,20.00000,1.16661,1
106,2087,249.03000,20.87000,6.197316e-002,83.28985,,50.00000,20.00000,1.16655,1
106,2088,249.12500,20.88000,6.261072e-002,83.28961,,50.00000,20.00000,1.16650,1
106,2089,249.21600,20.89000,6.308950e-002,83.28935,,50.00000,20.00000,1.16645,1
106,2090,249.33099,20.90000,6.380712e-002,83.28910,,50.00000,20.00000,1.16639,1
106,2091,249.43401,20.91000,6.396890e-002,83.28766,,50.00000,20.00000,1.16634,1
106,2092,249.53101,20.92000,6.436863e-002,83.28744,,50.00000,20.00000,1.16628,1
106,2093,249.62801,20.93000,6.540338e-002,83.28724,,50.00000,20.00000,1.16623,1
106,2094,249.72099,20.94000,6.588246e-002,83.28706,,50.00000,20.00000,1.16618,1
106,2095,249.83000,20.95000,6.628271e-002,83.28566,,50.00000,20.00000,1.16612,1
106,2096,249.91701,20.96000,6.715861e-002,83.28547,,50.00000,20.00000,1.16607,1
106,2097,250.02800,20.97000,6.755903e-002,83.28528,,50.00000,20.00000,1.16601,1
106,2098,250.12399,20.98000,6.772083e-002,83.28508,,50.00000,20.00000,1.16596,1
106,2099,250.21400,20.99000,6.812065e-002,83.28368,,50.00000,20.00000,1.16591,1
106,2100,250.32600,21.00000,6.899760e-002,83.28350,,50.00000,20.00000,1.16585,1
106,2101,250.42300,21.01000,6.939775e-002,83.28331,,50.00000,20.00000,1.16580,1
106,2102,250.51199,21.02000,7.027410e-002,83.28191,,50.00000,20.00000,1.16575,1
106,2103,250.61700,21.03000,7.059519e-002,83.28170,,50.00000,20.00000,1.16569,1
106,2104,250.71400,21.04000,7.083664e-002,83.28149,,50.00000,20.00000,1.16564,1
106,2105,250.81700,21.05000,7.163423e-002,83.28128,,50.00000,20.00000,1.16558,1
106,2106,250.91901,21.06000,7.219362e-002,83.27986,,50.00000,20.00000,1.16553,1
106,2107,251.02100,21.07000,7.259420e-002,83.27967,,50.00000,20.00000,1.16547,1
106,2108,251.11099,21.08000,7.267670e-002,83.27706,,50.00000,20.00000,1.16542,1
106,2109,251.21500,21.09000,7.331571e-002,83.27323,,50.00000,20.00000,1.16537,1
106,2110,251.30099,21.10000,7.419246e-002,83.27060,,50.00000,20.00000,1.16532,1
106,2111,251.41800,21.11000,7.514983e-002,83.26675,,50.00000,20.00000,1.16525,1
106,2112,251.51401,21.12000,7.586823e-002,83.26411,,50.00000,20.00000,1.16520,1
106,2113,251.61200,21.13000,7.682510e-002,83.26269,,50.00000,20.00000,1.16515,1
106,2114,251.70599,21.14000,7.722576e-002,83.26128,,50.00000,20.00000,1.16510,1
106,2115,251.81700,21.15000,7.754764e-002,83.25989,,50.00000,20.00000,1.16503,1
106,2116,251.90401,21.16000,7.810703e-002,83.25850,,50.00000,20.00000,1.16499,1
106,2117,252.00999,21.17000,7.834934e-002,83.25711,,50.00000,20.00000,1.16493,1
106,2118,252.10500,21.18000,7.875020e-002,83.25571,,50.00000,20.00000,1.16488,1
106,2119,252.20200,21.19000,8.002532e-002,83.25430,,50.00000,20.00000,1.16482,1
106,2120,252.30000,21.20000,8.026746e-002,83.25410,,50.00000,20.00000,1.16477,1
106,2121,252.40700,21.21000,8.058945e-002,83.25267,,50.00000,20.00000,1.16471,1
106,2122,252.50301,21.22000,8.075210e-002,83.25124,,50.00000,20.00000,1.16466,1
106,2123,252.59900,21.23000,8.131217e-002,83.25104,,50.00000,20.00000,1.16460,1
106,2124,252.71201,21.24000,8.266785e-002,83.24966,,50.00000,20.00000,1.16454,1
106,2125,252.80600,21.25000,8.346647e-002,83.24830,,50.00000,20.00000,1.16449,1
106,2126,252.89301,21.26000,8.410591e-002,83.24815,,50.00000,20.00000,1.16444,1
106,2127,252.99100,21.27000,8.466633e-002,83.24677,,50.00000,20.00000,1.16438,1
106,2128,253.08800,21.28000,8.482926e-002,83.24537,,50.00000,20.00000,1.16433,1
106,2129,253.19701,21.29000,8.546974e-002,83.24514,,50.00000,20.00000,1.16427,1
106,2130,253.29300,21.30000,8.587121e-002,83.24368,,50.00000,20.00000,1.16422,1
106,2131,253.39500,21.31000,8.643202e-002,83.24101,,50.00000,20.00000,1.16416,1
106,2132,253.49899,21.32000,8.675440e-002,83.23836,,50.00000,20.00000,1.16410,1
106,2133,253.59599,21.33000,8.795126e-002,83.23693,,50.00000,20.00000,1.16405,1
106,2134,253.69600,21.34000,8.803501e-002,83.23431,,50.00000,20.00000,1.16399,1
106,2135,253.79700,21.35000,8.875505e-002,83.23290,,50.00000,20.00000,1.16393,1
106,2136,253.88901,21.36000,8.923617e-002,83.23149,,50.00000,20.00000,1.16388,1
106,2137,253.98900,21.37000,8.963816e-002,83.23009,,50.00000,20.00000,1.16383,1
106,2138,254.10001,21.38000,9.043836e-002,83.22868,,50.00000,20.00000,1.16377,1
106,2139,254.18300,21.39000,9.107834e-002,83.22727,,50.00000,20.00000,1.16372,1
106,2140,254.29401,21.40000,9.179916e-002,83.22343,,50.00000,20.00000,1.16366,1
106,2141,254.38901,21.41000,9.236024e-002,83.22080,,50.00000,20.00000,1.16360,1
106,2142,254.48700,21.42000,9.292151e-002,83.21817,,50.00000,20.00000,1.16355,1
106,2143,254.58800,21.43000,9.364209e-002,83.21555,,50.00000,20.00000,1.16349,1
106,2144,254.69400,21.44000,9.412427e-002,83.21294,,50.00000,20.00000,1.16343,1
106,2145,254.78300,21.45000,9.444660e-002,83.21032,,50.00000,20.00000,1.16338,1
106,2146,254.88300,21.46000,9.468989e-002,83.20891,,50.00000,20.00000,1.16332,1
106,2147,254.98599,21.47000,9.461505e-002,83.20627,,50.00000,20.00000,1.16327,1
106,2148,255.08000,21.48000,9.517643e-002,83.20483,,50.00000,20.00000,1.16321,1
106,2149,255.18600,21.49000,9.653424e-002,83.20339,,50.00000,20.00000,1.16315,1
106,2150,255.29201,21.50000,9.677798e-002,83.20073,,50.00000,20.00000,1.16309,1
106,2151,255.37700,21.51000,9.757789e-002,83.19927,,50.00000,20.00000,1.16305,1
106,2152,255.48801,21.52000,9.814033e-002,83.19784,,50.00000,20.00000,1.16298,1
106,2153,255.59100,21.53000,9.862285e-002,83.19520,,50.00000,20.00000,1.16292,1
106,2154,255.68700,21.54000,9.910509e-002,83.19378,,50.00000,20.00000,1.16287,1
106,2155,255.78600,21.55000,9.990594e-002,83.19237,,50.00000,20.00000,1.16281,1
106,2156,255.88100,21.56000,0.10047,83.19095,,50.00000,20.00000,1.16276,1
106,2157,255.98000,21.57000,0.10087,83.18953,,50.00000,20.00000,1.16270,1
106,2158,256.08301,21.58000,0.10135,83.18811,,50.00000,20.00000,1.16264,1
106,2159,256.19000,21.59000,0.10208,83.18669,,50.00000,20.00000,1.16258,1
106,2160,256.28799,21.60000,0.10232,83.18529,,50.00000,20.00000,1.16253,1
106,2161,256.37601,21.61000,0.10304,83.18389,,50.00000,20.00000,1.16248,1
106,2162,256.48001,21.62000,0.10344,83.18250,,50.00000,20.00000,1.16242,1
106,2163,256.57901,21.63000,0.10425,83.18112,,50.00000,20.00000,1.16236,1
106,2164,256.68399,21.64000,0.10465,83.17974,,50.00000,20.00000,1.16230,1
106,2165,256.77499,21.65000,0.10521,83.17835,,50.00000,20.00000,1.16225,1
106,2166,256.86899,21.66000,0.10585,83.17696,,50.00000,20.00000,1.16220,1
106,2167,256.97900,21.67000,0.10658,83.17558,,50.00000,20.00000,1.16213,1
106,2168,257.07700,21.68000,0.10722,83.17417,,50.00000,20.00000,1.16208,1
106,2169,257.16400,21.69000,0.10770,83.17396,,50.00000,20.00000,1.16203,1
106,2170,257.26599,21.70000,0.10755,83.17375,,50.00000,20.00000,1.16197,1
106,2171,257.38000,21.71000,0.10787,83.17232,,50.00000,20.00000,1.16190,1
106,2172,257.47501,21.72000,0.10851,83.17210,,50.00000,20.00000,1.16185,1
106,2173,257.57101,21.73000,0.10884,83.17186,,50.00000,20.00000,1.16179,1
106,2174,257.66199,21.74000,0.10956,83.17163,,50.00000,20.00000,1.16174,1
106,2175,257.78000,21.75000,0.11036,83.17140,,50.00000,20.00000,1.16167,1
106,2176,257.87299,21.76000,0.11085,83.17117,,50.00000,20.00000,1.16162,1
106,2177,257.97699,21.77000,0.11141,83.17096,,50.00000,20.00000,1.16156,1
106,2178,258.07199,21.78000,0.11197,83.17077,,50.00000,20.00000,1.16150,1
106,2179,258.17401,21.79000,0.11270,83.17059,,50.00000,20.00000,1.16144,1
106,2180,258.27499,21.80000,0.11278,83.17043,,50.00000,20.00000,1.16139,1
106,2181,258.36700,21.81000,0.11374,83.17025,,50.00000,20.00000,1.16133,1
106,2182,258.45901,21.82000,0.11399,83.17005,,50.00000,20.00000,1.16128,1
106,2183,258.57001,21.83000,0.11447,83.16986,,50.00000,20.00000,1.16122,1
106,2184,258.67300,21.84000,0.11480,83.16967,,50.00000,20.00000,1.16116,1
106,2185,258.76199,21.85000,0.11552,83.16948,,50.00000,20.00000,1.16110,1
106,2186,258.87299,21.86000,0.11688,83.16931,,50.00000,20.00000,1.16104,1
106,2187,258.96201,21.87000,0.11713,83.16914,,50.00000,20.00000,1.16099,1
106,2188,259.05701,21.88000,0.11745,83.16896,,50.00000,20.00000,1.16093,1
106,2189,259.16199,21.89000,0.11801,83.16878,,50.00000,20.00000,1.16087,1
106,2190,259.26199,21.90000,0.11890,83.16738,,50.00000,20.00000,1.16081,1
106,2191,259.35999,21.91000,0.11938,83.16720,,50.00000,20.00000,1.16076,1
106,2192,259.45901,21.92000,0.11979,83.16703,,50.00000,20.00000,1.16070,1
106,2193,259.56000,21.93000,0.12035,83.16565,,50.00000,20.00000,1.16064,1
106,2194,259.65701,21.94000,0.12076,83.16550,,50.00000,20.00000,1.16058,1
106,2195,259.75201,21.95000,0.12140,83.16533,,50.00000,20.00000,1.16053,1
106,2196,259.84900,21.96000,0.12172,83.16394,,50.00000,20.00000,1.16047,1
106,2197,259.95001,21.97000,0.12221,83.16376,,50.00000,20.00000,1.16041,1
106,2198,260.05099,21.98000,0.12277,83.16355,,50.00000,20.00000,1.16035,1
106,2199,260.15302,21.99000,0.12342,83.16212,,50.00000,20.00000,1.16029,1
106,2200,260.24500,22.00000,0.12446,83.16190,,50.00000,20.00000,1.16024,1
106,2201,260.35699,22.01000,0.12503,83.16167,,50.00000,20.00000,1.16017,1
106,2202,260.44199,22.02000,0.12495,83.16022,,50.00000,20.00000,1.16012,1
106,2203,260.55801,22.03000,0.12504,83.15999,,50.00000,20.00000,1.16005,1
106,2204,260.65500,22.04000,0.12544,83.15976,,50.00000,20.00000,1.16000,1
106,2205,260.75101,22.05000,0.12625,83.15832,,50.00000,20.00000,1.15994,1
106,2206,260.84900,22.06000,0.12777,83.15810,,50.00000,20.00000,1.15988,1
106,2207,260.95499,22.07000,0.12874,83.15789,,50.00000,20.00000,1.15982,1
106,2208,261.05499,22.08000,0.12826,83.15649,,50.00000,20.00000,1.15976,1
106,2209,261.15701,22.09000,0.12851,83.15631,,50.00000,20.00000,1.15970,1
106,2210,261.25000,22.10000,0.12907,83.15494,,50.00000,20.00000,1.15965,1
106,2211,261.34500,22.11000,0.12988,83.15357,,50.00000,20.00000,1.15959,1
106,2212,261.44699,22.12000,0.13021,83.15342,,50.00000,20.00000,1.15953,1
106,2213,261.54700,22.13000,0.13053,83.15207,,50.00000,20.00000,1.15947,1
106,2214,261.64401,22.14000,0.13102,83.15071,,50.00000,20.00000,1.15941,1
106,2215,261.74100,22.15000,0.13166,83.15055,,50.00000,20.00000,1.15936,1
106,2216,261.83401,22.16000,0.13239,83.14917,,50.00000,20.00000,1.15930,1
106,2217,261.93900,22.17000,0.13311,83.14777,,50.00000,20.00000,1.15924,1
106,2218,262.03699,22.18000,0.13376,83.14512,,50.00000,20.00000,1.15918,1
106,2219,262.13300,22.19000,0.13385,83.14245,,50.00000,20.00000,1.15912,1
106,2220,262.23801,22.20000,0.13441,83.13978,,50.00000,20.00000,1.15906,1
106,2221,262.34500,22.21000,0.13522,83.13832,,50.00000,20.00000,1.15900,1
106,2222,262.43900,22.22000,0.13578,83.13567,,50.00000,20.00000,1.15894,1
106,2223,262.54800,22.23000,0.13643,83.13306,,50.00000,20.00000,1.15888,1
106,2224,262.64700,22.24000,0.13692,83.13169,,50.00000,20.00000,1.15882,1
106,2225,262.73199,22.25000,0.13740,83.13033,,50.00000,20.00000,1.15877,1
106,2226,262.83099,22.26000,0.13789,83.12896,,50.00000,20.00000,1.15871,1
106,2227,262.93301,22.27000,0.13813,83.12757,,50.00000,20.00000,1.15865,1
106,2228,263.03400,22.28000,0.13854,83.12618,,50.00000,20.00000,1.15858,1
106,2229,263.13199,22.29000,0.13935,83.12479,,50.00000,20.00000,1.15853,1
106,2230,263.23599,22.30000,0.14023,83.12341,,50.00000,20.00000,1.15846,1
106,2231,263.33401,22.31000,0.14096,83.12083,,50.00000,20.00000,1.15841,1
106,2232,263.42300,22.32000,0.14129,83.11822,,50.00000,20.00000,1.15835,1
106,2233,263.52200,22.33000,0.14145,83.11560,,50.00000,20.00000,1.15829,1
106,2234,263.62399,22.34000,0.14194,83.11296,,50.00000,20.00000,1.15823,1
106,2235,263.72601,22.35000,0.14259,83.11151,,50.00000,20.00000,1.15817,1
106,2236,263.83499,22.36000,0.14291,83.10886,,50.00000,20.00000,1.15810,1
106,2237,263.92999,22.37000,0.14340,83.10623,,50.00000,20.00000,1.15805,1
106,2238,264.02802,22.38000,0.14453,83.10483,,50.00000,20.00000,1.15799,1
106,2239,264.12701,22.39000,0.14502,83.10224,,50.00000,20.00000,1.15793,1
106,2240,264.22699,22.40000,0.14558,83.09966,,50.00000,20.00000,1.15787,1
106,2241,264.32300,22.41000,0.14583,83.09830,,50.00000,20.00000,1.15781,1
106,2242,264.42300,22.42000,0.14656,83.09572,,50.00000,20.00000,1.15775,1
106,2243,264.51801,22.43000,0.14696,83.09432,,50.00000,20.00000,1.15769,1
106,2244,264.61200,22.44000,0.14713,83.09291,,50.00000,20.00000,1.15764,1
106,2245,264.71701,22.45000,0.14794,83.09269,,50.00000,20.00000,1.15757,1
106,2246,264.82199,22.46000,0.14827,83.09250,,50.00000,20.00000,1.15751,1
106,2247,264.92899,22.47000,0.14923,83.09111,,50.00000,20.00000,1.15744,1
106,2248,265.01901,22.48000,0.14972,83.09095,,50.00000,20.00000,1.15739,1
106,2249,265.11401,22.49000,0.15021,83.09080,,50.00000,20.00000,1.15733,1
106,2250,265.20901,22.50000,0.15102,83.09065,,50.00000,20.00000,1.15727,1
106,2251,265.31100,22.51000,0.15150,83.09048,,50.00000,20.00000,1.15721,1
106,2252,265.40500,22.52000,0.15191,83.09030,,50.00000,20.00000,1.15715,1
106,2253,265.52100,22.53000,0.15248,83.09011,,50.00000,20.00000,1.15708,1
106,2254,265.60300,22.54000,0.15305,83.08990,,50.00000,20.00000,1.15703,1
106,2255,265.71399,22.55000,0.15354,83.08969,,50.00000,20.00000,1.15697,1
106,2256,265.80099,22.56000,0.15442,83.08949,,50.00000,20.00000,1.15691,1
106,2257,265.91800,22.57000,0.15483,83.08931,,50.00000,20.00000,1.15684,1
106,2258,266.01001,22.58000,0.15540,83.08912,,50.00000,20.00000,1.15678,1
106,2259,266.10901,22.59000,0.15581,83.08893,,50.00000,20.00000,1.15672,1
106,2260,266.19901,22.60000,0.15622,83.08874,,50.00000,20.00000,1.15667,1
106,2261,266.30701,22.61000,0.15695,83.08856,,50.00000,20.00000,1.15660,1
106,2262,266.41199,22.62000,0.15712,83.08837,,50.00000,20.00000,1.15654,1
106,2263,266.50299,22.63000,0.15768,83.08818,,50.00000,20.00000,1.15648,1
106,2264,266.60300,22.64000,0.15833,83.08798,,50.00000,20.00000,1.15642,1
106,2265,266.70499,22.65000,0.15882,83.08779,,50.00000,20.00000,1.15636,1
106,2266,266.80301,22.66000,0.15939,83.08759,,50.00000,20.00000,1.15630,1
106,2267,266.89999,22.67000,0.15996,83.08740,,50.00000,20.00000,1.15624,1
106,2268,267.00800,22.68000,0.16077,83.08722,,50.00000,20.00000,1.15617,1
106,2269,267.10699,22.69000,0.16118,83.08705,,50.00000,20.00000,1.15611,1
106,2270,267.19601,22.70000,0.16198,83.08688,,50.00000,20.00000,1.15606,1
106,2271,267.29800,22.71000,0.16263,83.08672,,50.00000,20.00000,1.15599,1
106,2272,267.40201,22.72000,0.16296,83.08657,,50.00000,20.00000,1.15593,1
106,2273,267.49200,22.73000,0.16337,83.08641,,50.00000,20.00000,1.15587,1
106,2274,267.59399,22.74000,0.16330,83.08627,,50.00000,20.00000,1.15581,1
106,2275,267.69901,22.75000,0.16451,83.08615,,50.00000,20.00000,1.15575,1
106,2276,267.79199,22.76000,0.16500,83.08603,,50.00000,20.00000,1.15569,1
106,2277,267.88300,22.77000,0.16533,83.08589,,50.00000,20.00000,1.15563,1
106,2278,267.97900,22.78000,0.16550,83.08573,,50.00000,20.00000,1.15557,1
106,2279,268.07999,22.79000,0.16575,83.08554,,50.00000,20.00000,1.15551,1
106,2280,268.18301,22.80000,0.16624,83.08411,,50.00000,20.00000,1.15545,1
106,2281,268.28799,22.81000,0.16689,83.08389,,50.00000,20.00000,1.15538,1
106,2282,268.38199,22.82000,0.16746,83.08367,,50.00000,20.00000,1.15532,1
106,2283,268.48801,22.83000,0.16859,83.08226,,50.00000,20.00000,1.15526,1
106,2284,268.58899,22.84000,0.16884,83.08209,,50.00000,20.00000,1.15520,1
106,2285,268.68100,22.85000,0.16917,83.08192,,50.00000,20.00000,1.15514,1
106,2286,268.78101,22.86000,0.16974,83.08053,,50.00000,20.00000,1.15508,1
106,2287,268.87500,22.87000,0.17047,83.08036,,50.00000,20.00000,1.15502,1
106,2288,268.98499,22.88000,0.17096,83.07897,,50.00000,20.00000,1.15495,1
106,2289,269.07401,22.89000,0.17145,83.07878,,50.00000,20.00000,1.15489,1
106,2290,269.18301,22.90000,0.17186,83.07860,,50.00000,20.00000,1.15482,1
106,2291,269.27499,22.91000,0.17187,83.07721,,50.00000,20.00000,1.15477,1
106,2292,269.37500,22.92000,0.17211,83.07704,,50.00000,20.00000,1.15471,1
106,2293,269.48001,22.93000,0.17301,83.07567,,50.00000,20.00000,1.15464,1
106,2294,269.57101,22.94000,0.17358,83.07550,,50.00000,20.00000,1.15458,1
106,2295,269.67300,22.95000,0.17455,83.07533,,50.00000,20.00000,1.15452,1
106,2296,269.76700,22.96000,0.17528,83.07394,,50.00000,20.00000,1.15446,1
106,2297,269.87000,22.97000,0.17537,83.07376,,50.00000,20.00000,1.15440,1
106,2298,269.97400,22.98000,0.17594,83.07236,,50.00000,20.00000,1.15433,1
106,2299,270.06400,22.99000,0.17675,83.07217,,50.00000,20.00000,1.15427,1
106,2300,270.17099,23.00000,0.17716,83.07078,,50.00000,20.00000,1.15421,1
106,2301,270.26901,23.01000,0.17789,83.07059,,50.00000,20.00000,1.15414,1
106,2302,270.36801,23.02000,0.17862,83.07040,,50.00000,20.00000,1.15408,1
106,2303,270.46100,23.03000,0.17928,83.06899,,50.00000,20.00000,1.15402,1
106,2304,270.56699,23.04000,0.17904,83.06881,,50.00000,20.00000,1.15396,1
106,2305,270.67001,23.05000,0.17946,83.06742,,50.00000,20.00000,1.15389,1
106,2306,270.76700,23.06000,0.18059,83.06726,,50.00000,20.00000,1.15383,1
106,2307,270.85999,23.07000,0.18092,83.06710,,50.00000,20.00000,1.15377,1
106,2308,270.96399,23.08000,0.18117,83.06573,,50.00000,20.00000,1.15371,1
106,2309,271.05801,23.09000,0.18166,83.06556,,50.00000,20.00000,1.15365,1
106,2310,271.15302,23.10000,0.18191,83.06418,,50.00000,20.00000,1.15359,1
106,2311,271.26300,23.11000,0.18216,83.06402,,50.00000,20.00000,1.15352,1
106,2312,271.35901,23.12000,0.18265,83.06265,,50.00000,20.00000,1.15346,1
106,2313,271.45700,23.13000,0.18306,83.06249,,50.00000,20.00000,1.15339,1
106,2314,271.54501,23.14000,0.18396,83.06231,,50.00000,20.00000,1.15334,1
106,2315,271.65399,23.15000,0.18469,83.06092,,50.00000,20.00000,1.15327,1
106,2316,271.75101,23.16000,0.18510,83.06073,,50.00000,20.00000,1.15321,1
106,2317,271.85400,23.17000,0.18519,83.05933,,50.00000,20.00000,1.15314,1
106,2318,271.95200,23.18000,0.18544,83.05914,,50.00000,20.00000,1.15308,1
106,2319,272.04800,23.19000,0.18658,83.05896,,50.00000,20.00000,1.15302,1
106,2320,272.15500,23.20000,0.18715,83.05758,,50.00000,20.00000,1.15295,1
106,2321,272.24701,23.21000,0.18724,83.05621,,50.00000,20.00000,1.15289,1
106,2322,272.35001,23.22000,0.18765,83.05606,,50.00000,20.00000,1.15283,1
106,2323,272.43900,23.23000,0.18798,83.05470,,50.00000,20.00000,1.15277,1
106,2324,272.54700,23.24000,0.18823,83.05334,,50.00000,20.00000,1.15270,1
106,2325,272.64001,23.25000,0.18881,83.05318,,50.00000,20.00000,1.15264,1
106,2326,272.73901,23.26000,0.18922,83.05180,,50.00000,20.00000,1.15258,1
106,2327,272.83801,23.27000,0.18995,83.05162,,50.00000,20.00000,1.15252,1
106,2328,272.94101,23.28000,0.19060,83.05023,,50.00000,20.00000,1.15245,1
106,2329,273.03500,23.29000,0.19102,83.05004,,50.00000,20.00000,1.15239,1
106,2330,273.13800,23.30000,0.19159,83.04865,,50.00000,20.00000,1.15232,1
106,2331,273.23801,23.31000,0.19232,83.04846,,50.00000,20.00000,1.15226,1
106,2332,273.33301,23.32000,0.19273,83.04707,,50.00000,20.00000,1.15220,1
106,2333,273.44101,23.33000,0.19283,83.04690,,50.00000,20.00000,1.15213,1
106,2334,273.53000,23.34000,0.19364,83.04552,,50.00000,20.00000,1.15207,1
106,2335,273.63300,23.35000,0.19373,83.04537,,50.00000,20.00000,1.15201,1
106,2336,273.73401,23.36000,0.19398,83.04402,,50.00000,20.00000,1.15194,1
106,2337,273.83301,23.37000,0.19456,83.04388,,50.00000,20.00000,1.15188,1
106,2338,273.91901,23.38000,0.19553,83.04252,,50.00000,20.00000,1.15182,1
106,2339,274.02499,23.39000,0.19594,83.04237,,50.00000,20.00000,1.15175,1
106,2340,274.12201,23.40000,0.19652,83.03857,,50.00000,20.00000,1.15169,1
106,2341,274.22900,23.41000,0.19725,83.03475,,50.00000,20.00000,1.15162,1
106,2342,274.31500,23.42000,0.19766,83.03092,,50.00000,20.00000,1.15157,1
106,2343,274.41800,23.43000,0.19808,83.02830,,50.00000,20.00000,1.15150,1
106,2344,274.52499,23.44000,0.19809,83.02567,,50.00000,20.00000,1.15143,1
106,2345,274.62201,23.45000,0.19818,83.02305,,50.00000,20.00000,1.15137,1
106,2346,274.72101,23.46000,0.19835,83.02164,,50.00000,20.00000,1.15130,1
106,2347,274.82101,23.47000,0.19893,83.01902,,50.00000,20.00000,1.15124,1
106,2348,274.92001,23.48000,0.19966,83.01762,,50.00000,20.00000,1.15118,1
106,2349,275.02100,23.49000,0.20080,83.01501,,50.00000,20.00000,1.15111,1
106,2350,275.11499,23.50000,0.20073,83.01241,,50.00000,20.00000,1.15105,1
106,2351,275.22101,23.51000,0.20090,83.00982,,50.00000,20.00000,1.15098,1
106,2352,275.32101,23.52000,0.20115,83.00846,,50.00000,20.00000,1.15092,1
106,2353,275.41699,23.53000,0.20205,83.00589,,50.00000,20.00000,1.15085,1
106,2354,275.50699,23.54000,0.20278,83.00331,,50.00000,20.00000,1.15079,1
106,2355,275.60901,23.55000,0.20328,83.00194,,50.00000,20.00000,1.15073,1
106,2356,275.71399,23.56000,0.20345,83.00055,,50.00000,20.00000,1.15066,1
106,2357,275.80099,23.57000,0.20354,82.99794,,50.00000,20.00000,1.15060,1
106,2358,275.91699,23.58000,0.20380,82.99655,,50.00000,20.00000,1.15053,1
106,2359,276.01199,23.59000,0.20413,82.99397,,50.00000,20.00000,1.15047,1
106,2360,276.10699,23.60000,0.20478,82.99138,,50.00000,20.00000,1.15040,1
106,2361,276.20001,23.61000,0.20512,82.99000,,50.00000,20.00000,1.15034,1
106,2362,276.30399,23.62000,0.20561,82.98740,,50.00000,20.00000,1.15027,1
106,2363,276.40100,23.63000,0.20643,82.98601,,50.00000,20.00000,1.15021,1
106,2364,276.50601,23.64000,0.20692,82.98340,,50.00000,20.00000,1.15014,1
106,2365,276.60599,23.65000,0.20734,82.98200,,50.00000,20.00000,1.15008,1
106,2366,276.69699,23.66000,0.20775,82.98060,,50.00000,20.00000,1.15002,1
106,2367,276.80099,23.67000,0.20841,82.97921,,50.00000,20.00000,1.14995,1
106,2368,276.90500,23.68000,0.20906,82.97783,,50.00000,20.00000,1.14988,1
106,2369,276.99799,23.69000,0.20907,82.97643,,50.00000,20.00000,1.14982,1
106,2370,277.09799,23.70000,0.20925,82.97504,,50.00000,20.00000,1.14975,1
106,2371,277.19699,23.71000,0.20958,82.97366,,50.00000,20.00000,1.14969,1
106,2372,277.29999,23.72000,0.21080,82.97228,,50.00000,20.00000,1.14962,1
106,2373,277.39899,23.73000,0.21130,82.97089,,50.00000,20.00000,1.14956,1
106,2374,277.49200,23.74000,0.21163,82.96951,,50.00000,20.00000,1.14950,1
106,2375,277.59299,23.75000,0.21204,82.96813,,50.00000,20.00000,1.14943,1
106,2376,277.69501,23.76000,0.21238,82.96676,,50.00000,20.00000,1.14936,1
106,2377,277.79501,23.77000,0.21312,82.96661,,50.00000,20.00000,1.14930,1
106,2378,277.89001,23.78000,0.21321,82.96648,,50.00000,20.00000,1.14923,1
106,2379,277.99200,23.79000,0.21322,82.96514,,50.00000,20.00000,1.14917,1
106,2380,278.08401,23.80000,0.21347,82.96500,,50.00000,20.00000,1.14910,1
106,2381,278.17801,23.81000,0.21389,82.96363,,50.00000,20.00000,1.14904,1
106,2382,278.28000,23.82000,0.21454,82.96224,,50.00000,20.00000,1.14898,1
106,2383,278.38199,23.83000,0.21512,82.96205,,50.00000,20.00000,1.14891,1
106,2384,278.48700,23.84000,0.21562,82.96063,,50.00000,20.00000,1.14884,1
106,2385,278.57800,23.85000,0.21603,82.95921,,50.00000,20.00000,1.14878,1
106,2386,278.68301,23.86000,0.21669,82.95780,,50.00000,20.00000,1.14871,1
106,2387,278.78601,23.87000,0.21743,82.95640,,50.00000,20.00000,1.14864,1
106,2388,278.88400,23.88000,0.21720,82.95624,,50.00000,20.00000,1.14857,1
106,2389,278.98401,23.89000,0.21721,82.95489,,50.00000,20.00000,1.14851,1
106,2390,279.07599,23.90000,0.21819,82.95354,,50.00000,20.00000,1.14845,1
106,2391,279.17899,23.91000,0.21885,82.95221,,50.00000,20.00000,1.14838,1
106,2392,279.26901,23.92000,0.21926,82.95086,,50.00000,20.00000,1.14832,1
106,2393,279.37100,23.93000,0.21919,82.94951,,50.00000,20.00000,1.14825,1
106,2394,279.47299,23.94000,0.21945,82.94936,,50.00000,20.00000,1.14818,1
106,2395,279.56601,23.95000,0.21978,82.94797,,50.00000,20.00000,1.14812,1
106,2396,279.66299,23.96000,0.22044,82.94657,,50.00000,20.00000,1.14806,1
106,2397,279.77200,23.97000,0.22062,82.94518,,50.00000,20.00000,1.14798,1
106,2398,279.86700,23.98000,0.22119,82.94379,,50.00000,20.00000,1.14792,1
106,2399,279.97198,23.99000,0.22145,82.94241,,50.00000,20.00000,1.14785,1
106,2400,280.06299,24.00000,0.22170,82.94224,,50.00000,20.00000,1.14779,1
106,2401,280.16400,24.01000,0.22228,82.94087,,50.00000,20.00000,1.14772,1
106,2402,280.26099,24.02000,0.22318,82.93949,,50.00000,20.00000,1.14766,1
106,2403,280.36401,24.03000,0.22368,82.93812,,50.00000,20.00000,1.14759,1
106,2404,280.45999,24.04000,0.22361,82.93796,,50.00000,20.00000,1.14752,1
106,2405,280.56500,24.05000,0.22370,82.93780,,50.00000,20.00000,1.14745,1
106,2406,280.65500,24.06000,0.22460,82.93642,,50.00000,20.00000,1.14739,1
106,2407,280.75601,24.07000,0.22486,82.93624,,50.00000,20.00000,1.14732,1
106,2408,280.85599,24.08000,0.22503,82.93605,,50.00000,20.00000,1.14726,1
106,2409,280.95200,24.09000,0.22529,82.93585,,50.00000,20.00000,1.14719,1
106,2410,281.06299,24.10000,0.22579,82.93565,,50.00000,20.00000,1.14712,1
106,2411,281.15900,24.11000,0.22620,82.93545,,50.00000,20.00000,1.14705,1
106,2412,281.25500,24.12000,0.22662,82.93526,,50.00000,20.00000,1.14699,1
106,2413,281.36099,24.13000,0.22736,82.93511,,50.00000,20.00000,1.14692,1
106,2414,281.45801,24.14000,0.22786,82.93377,,50.00000,20.00000,1.14685,1
106,2415,281.55899,24.15000,0.22795,82.93366,,50.00000,20.00000,1.14678,1
106,2416,281.64499,24.16000,0.22796,82.93354,,50.00000,20.00000,1.14673,1
106,2417,281.74799,24.17000,0.22798,82.93221,,50.00000,20.00000,1.14666,1
106,2418,281.84100,24.18000,0.22863,82.93204,,50.00000,20.00000,1.14659,1
106,2419,281.93301,24.19000,0.22913,82.93063,,50.00000,20.00000,1.14653,1
106,2420,282.05200,24.20000,0.22955,82.93043,,50.00000,20.00000,1.14645,1
106,2421,282.14801,24.21000,0.22956,82.92900,,50.00000,20.00000,1.14639,1
106,2422,282.24899,24.22000,0.22982,82.92879,,50.00000,20.00000,1.14632,1
106,2423,282.34399,24.23000,0.23048,82.92859,,50.00000,20.00000,1.14625,1
106,2424,282.44800,24.24000,0.23130,82.92721,,50.00000,20.00000,1.14618,1
106,2425,282.55099,24.25000,0.23148,82.92704,,50.00000,20.00000,1.14611,1
106,2426,282.64001,24.26000,0.23165,82.92567,,50.00000,20.00000,1.14605,1
106,2427,282.74600,24.27000,0.23207,82.92553,,50.00000,20.00000,1.14598,1
106,2428,282.84299,24.28000,0.23241,82.92419,,50.00000,20.00000,1.14591,1
106,2429,282.93900,24.29000,0.23298,82.92406,,50.00000,20.00000,1.14585,1
106,2430,283.03799,24.30000,0.23348,82.92272,,50.00000,20.00000,1.14578,1
106,2431,283.13199,24.31000,0.23374,82.92258,,50.00000,20.00000,1.14572,1
106,2432,283.23001,24.32000,0.23383,82.92120,,50.00000,20.00000,1.14565,1
106,2433,283.33600,24.33000,0.23425,82.92101,,50.00000,20.00000,1.14558,1
106,2434,283.42700,24.34000,0.23459,82.92079,,50.00000,20.00000,1.14552,1
106,2435,283.53000,24.35000,0.23533,82.91936,,50.00000,20.00000,1.14544,1
106,2436,283.64001,24.36000,0.23623,82.91914,,50.00000,20.00000,1.14537,1
106,2437,283.73901,24.37000,0.23560,82.91894,,50.00000,20.00000,1.14530,1
106,2438,283.84201,24.38000,0.23642,82.91877,,50.00000,20.00000,1.14523,1
106,2439,283.93399,24.39000,0.23660,82.91863,,50.00000,20.00000,1.14517,1
106,2440,284.03201,24.40000,0.23702,82.91728,,50.00000,20.00000,1.14510,1
106,2441,284.13000,24.41000,0.23743,82.91715,,50.00000,20.00000,1.14503,1
106,2442,284.22800,24.42000,0.23761,82.91702,,50.00000,20.00000,1.14497,1
106,2443,284.32599,24.43000,0.23746,82.91566,,50.00000,20.00000,1.14490,1
106,2444,284.42499,24.44000,0.23780,82.91551,,50.00000,20.00000,1.14483,1
106,2445,284.52399,24.45000,0.23878,82.91536,,50.00000,20.00000,1.14476,1
106,2446,284.62299,24.46000,0.23953,82.91399,,50.00000,20.00000,1.14470,1
106,2447,284.72299,24.47000,0.23970,82.91383,,50.00000,20.00000,1.14463,1
106,2448,284.81799,24.48000,0.23988,82.91124,,50.00000,20.00000,1.14456,1
106,2449,284.92300,24.49000,0.24022,82.90865,,50.00000,20.00000,1.14449,1
106,2450,285.01700,24.50000,0.24047,82.90727,,50.00000,20.00000,1.14442,1
106,2451,285.11899,24.51000,0.24049,82.90469,,50.00000,20.00000,1.14435,1
106,2452,285.22299,24.52000,0.24123,82.90331,,50.00000,20.00000,1.14428,1
106,2453,285.30801,24.53000,0.24181,82.90193,,50.00000,20.00000,1.14422,1
106,2454,285.41400,24.54000,0.24199,82.90055,,50.00000,20.00000,1.14415,1
106,2455,285.51599,24.55000,0.24200,82.89919,,50.00000,20.00000,1.14408,1
106,2456,285.62299,24.56000,0.24283,82.89662,,50.00000,20.00000,1.14401,1
106,2457,285.70700,24.57000,0.24332,82.89285,,50.00000,20.00000,1.14395,1
106,2458,285.81299,24.58000,0.24342,82.89029,,50.00000,20.00000,1.14388,1
106,2459,285.89999,24.59000,0.24368,82.88652,,50.00000,20.00000,1.14381,1
106,2460,286.00500,24.60000,0.24410,82.88274,,50.00000,20.00000,1.14374,1
106,2461,286.10800,24.61000,0.24444,82.87896,,50.00000,20.00000,1.14367,1
106,2462,286.20300,24.62000,0.24485,82.87637,,50.00000,20.00000,1.14360,1
106,2463,286.29700,24.63000,0.24511,82.87256,,50.00000,20.00000,1.14354,1
106,2464,286.40100,24.64000,0.24537,82.86996,,50.00000,20.00000,1.14347,1
106,2465,286.50000,24.65000,0.24546,82.86734,,50.00000,20.00000,1.14340,1
106,2466,286.60101,24.66000,0.24564,82.86472,,50.00000,20.00000,1.14333,1
106,2467,286.70200,24.67000,0.24606,82.86331,,50.00000,20.00000,1.14326,1
106,2468,286.80200,24.68000,0.24648,82.86191,,50.00000,20.00000,1.14319,1
106,2469,286.90201,24.69000,0.24682,82.86051,,50.00000,20.00000,1.14312,1
106,2470,287.00400,24.70000,0.24748,82.86034,,50.00000,20.00000,1.14305,1
106,2471,287.09799,24.71000,0.24815,82.85895,,50.00000,20.00000,1.14298,1
106,2472,287.19901,24.72000,0.24824,82.85878,,50.00000,20.00000,1.14291,1
106,2473,287.29901,24.73000,0.24858,82.85861,,50.00000,20.00000,1.14284,1
106,2474,287.39801,24.74000,0.24908,82.85844,,50.00000,20.00000,1.14277,1
106,2475,287.49799,24.75000,0.24983,82.85828,,50.00000,20.00000,1.14270,1
106,2476,287.60400,24.76000,0.24984,82.85813,,50.00000,20.00000,1.14263,1
106,2477,287.69299,24.77000,0.25018,82.85799,,50.00000,20.00000,1.14257,1
106,2478,287.79300,24.78000,0.25036,82.85784,,50.00000,20.00000,1.14250,1
106,2479,287.89200,24.79000,0.25037,82.85768,,50.00000,20.00000,1.14243,1
106,2480,287.98499,24.80000,0.25160,82.85750,,50.00000,20.00000,1.14236,1
106,2481,288.09299,24.81000,0.25211,82.85732,,50.00000,20.00000,1.14229,1
106,2482,288.19501,24.82000,0.25245,82.85715,,50.00000,20.00000,1.14221,1
106,2483,288.30200,24.83000,0.25246,82.85699,,50.00000,20.00000,1.14214,1
106,2484,288.38000,24.84000,0.25247,82.85682,,50.00000,20.00000,1.14208,1
106,2485,288.48599,24.85000,0.25290,82.85667,,50.00000,20.00000,1.14201,1
106,2486,288.59201,24.86000,0.25340,82.85652,,50.00000,20.00000,1.14194,1
106,2487,288.69101,24.87000,0.25390,82.85637,,50.00000,20.00000,1.14187,1
106,2488,288.78299,24.88000,0.25448,82.85622,,50.00000,20.00000,1.14180,1
106,2489,288.88599,24.89000,0.25482,82.85606,,50.00000,20.00000,1.14173,1
106,2490,288.97800,24.90000,0.25516,82.85590,,50.00000,20.00000,1.14166,1
106,2491,289.08600,24.91000,0.25550,82.85573,,50.00000,20.00000,1.14159,1
106,2492,289.17999,24.92000,0.25560,82.85436,,50.00000,20.00000,1.14152,1
106,2493,289.28799,24.93000,0.25610,82.85420,,50.00000,20.00000,1.14145,1
106,2494,289.37900,24.94000,0.25669,82.85406,,50.00000,20.00000,1.14138,1
106,2495,289.48300,24.95000,0.25678,82.85270,,50.00000,20.00000,1.14131,1
106,2496,289.56900,24.96000,0.25688,82.85256,,50.00000,20.00000,1.14125,1
106,2497,289.67801,24.97000,0.25722,82.85120,,50.00000,20.00000,1.14117,1
106,2498,289.78201,24.98000,0.25764,82.85104,,50.00000,20.00000,1.14110,1
106,2499,289.86401,24.99000,0.25790,82.84965,,50.00000,20.00000,1.14104,1
106,2500,289.97601,25.00000,0.25865,82.84827,,50.00000,20.00000,1.14096,1
106,2501,290.07300,25.01000,0.25899,82.84810,,50.00000,20.00000,1.14089,1
106,2502,290.17899,25.02000,0.25917,82.84672,,50.00000,20.00000,1.14081,1
106,2503,290.26999,25.03000,0.25926,82.84655,,50.00000,20.00000,1.14075,1
106,2504,290.37000,25.04000,0.25936,82.84518,,50.00000,20.00000,1.14068,1
106,2505,290.47501,25.05000,0.25994,82.84381,,50.00000,20.00000,1.14060,1
106,2506,290.56699,25.06000,0.26045,82.84366,,50.00000,20.00000,1.14054,1
106,2507,290.66901,25.07000,0.26054,82.84229,,50.00000,20.00000,1.14047,1
106,2508,290.76901,25.08000,0.26080,82.84214,,50.00000,20.00000,1.14040,1
106,2509,290.86700,25.09000,0.26114,82.84078,,50.00000,20.00000,1.14033,1
106,2510,290.96399,25.10000,0.26140,82.83942,,50.00000,20.00000,1.14026,1
106,2511,291.06299,25.11000,0.26207,82.83929,,50.00000,20.00000,1.14019,1
106,2512,291.17001,25.12000,0.26257,82.83795,,50.00000,20.00000,1.14011,1
106,2513,291.25699,25.13000,0.26291,82.83783,,50.00000,20.00000,1.14005,1
106,2514,291.35599,25.14000,0.26293,82.83648,,50.00000,20.00000,1.13998,1
106,2515,291.45200,25.15000,0.26286,82.83514,,50.00000,20.00000,1.13991,1
106,2516,291.56500,25.16000,0.26321,82.83501,,50.00000,20.00000,1.13983,1
106,2517,291.64301,25.17000,0.26387,82.83367,,50.00000,20.00000,1.13977,1
106,2518,291.75800,25.18000,0.26446,82.83233,,50.00000,20.00000,1.13969,1
106,2519,291.84799,25.19000,0.26472,82.83099,,50.00000,20.00000,1.13962,1
106,2520,291.94901,25.20000,0.26530,82.82965,,50.00000,20.00000,1.13955,1
106,2521,292.04099,25.21000,0.26507,82.82829,,50.00000,20.00000,1.13949,1
106,2522,292.14200,25.22000,0.26533,82.82692,,50.00000,20.00000,1.13941,1
106,2523,292.24399,25.23000,0.26551,82.82554,,50.00000,20.00000,1.13934,1
106,2524,292.34299,25.24000,0.26610,82.82416,,50.00000,20.00000,1.13927,1
106,2525,292.44800,25.25000,0.26644,82.82279,,50.00000,20.00000,1.13919,1
106,2526,292.54300,25.26000,0.26654,82.82265,,50.00000,20.00000,1.13913,1
106,2527,292.64001,25.27000,0.26696,82.82129,,50.00000,20.00000,1.13906,1
106,2528,292.73401,25.28000,0.26738,82.81994,,50.00000,20.00000,1.13899,1
106,2529,292.84100,25.29000,0.26830,82.81858,,50.00000,20.00000,1.13891,1
106,2530,292.93201,25.30000,0.26912,82.81843,,50.00000,20.00000,1.13885,1
106,2531,293.03601,25.31000,0.26898,82.81707,,50.00000,20.00000,1.13877,1
106,2532,293.14099,25.32000,0.26900,82.81573,,50.00000,20.00000,1.13869,1
106,2533,293.23099,25.33000,0.26893,82.81559,,50.00000,20.00000,1.13863,1
106,2534,293.32800,25.34000,0.26944,82.81425,,50.00000,20.00000,1.13856,1
106,2535,293.42599,25.35000,0.26945,82.81169,,50.00000,20.00000,1.13849,1
106,2536,293.52802,25.36000,0.26996,82.80791,,50.00000,20.00000,1.13842,1
106,2537,293.62500,25.37000,0.27022,82.80533,,50.00000,20.00000,1.13835,1
106,2538,293.72601,25.38000,0.27040,82.80276,,50.00000,20.00000,1.13827,1
106,2539,293.82401,25.39000,0.27098,82.80019,,50.00000,20.00000,1.13820,1
106,2540,293.92401,25.40000,0.27149,82.79761,,50.00000,20.00000,1.13813,1
106,2541,294.01700,25.41000,0.27191,82.79503,,50.00000,20.00000,1.13806,1
106,2542,294.12299,25.42000,0.27226,82.79367,,50.00000,20.00000,1.13798,1
106,2543,294.21399,25.43000,0.27284,82.79109,,50.00000,20.00000,1.13792,1
106,2544,294.32501,25.44000,0.27327,82.78974,,50.00000,20.00000,1.13784,1
106,2545,294.41699,25.45000,0.27312,82.78840,,50.00000,20.00000,1.13777,1
106,2546,294.51401,25.46000,0.27338,82.78706,,50.00000,20.00000,1.13770,1
106,2547,294.61600,25.47000,0.27356,82.78450,,50.00000,20.00000,1.13763,1
106,2548,294.70099,25.48000,0.27390,82.78313,,50.00000,20.00000,1.13756,1
106,2549,294.80899,25.49000,0.27417,82.78176,,50.00000,20.00000,1.13749,1
106,2550,294.91501,25.50000,0.27451,82.78038,,50.00000,20.00000,1.13741,1
106,2551,295.00900,25.51000,0.27469,82.77899,,50.00000,20.00000,1.13734,1
106,2552,295.11301,25.52000,0.27552,82.77881,,50.00000,20.00000,1.13726,1
106,2553,295.20401,25.53000,0.27627,82.77864,,50.00000,20.00000,1.13720,1
106,2554,295.31100,25.54000,0.27629,82.77847,,50.00000,20.00000,1.13712,1
106,2555,295.40900,25.55000,0.27614,82.77708,,50.00000,20.00000,1.13705,1
106,2556,295.50800,25.56000,0.27657,82.77690,,50.00000,20.00000,1.13698,1
106,2557,295.60501,25.57000,0.27691,82.77674,,50.00000,20.00000,1.13690,1
106,2558,295.71701,25.58000,0.27726,82.77539,,50.00000,20.00000,1.13682,1
106,2559,295.80600,25.59000,0.27752,82.77526,,50.00000,20.00000,1.13676,1
106,2560,295.90601,25.60000,0.27802,82.77393,,50.00000,20.00000,1.13668,1
106,2561,295.99799,25.61000,0.27853,82.77259,,50.00000,20.00000,1.13662,1
106,2562,296.09698,25.62000,0.27887,82.77125,,50.00000,20.00000,1.13654,1
106,2563,296.19901,25.63000,0.27897,82.76869,,50.00000,20.00000,1.13647,1
106,2564,296.29901,25.64000,0.27907,82.76732,,50.00000,20.00000,1.13640,1
106,2565,296.39200,25.65000,0.28015,82.76473,,50.00000,20.00000,1.13633,1
106,2566,296.49600,25.66000,0.28057,82.76335,,50.00000,20.00000,1.13625,1
106,2567,296.60199,25.67000,0.28076,82.76197,,50.00000,20.00000,1.13617,1
106,2568,296.69101,25.68000,0.28175,82.76057,,50.00000,20.00000,1.13611,1
106,2569,296.79300,25.69000,0.28201,82.75917,,50.00000,20.00000,1.13603,1
106,2570,296.89401,25.70000,0.28211,82.75778,,50.00000,20.00000,1.13596,1
106,2571,297.00400,25.71000,0.28221,82.75639,,50.00000,20.00000,1.13588,1
106,2572,297.09399,25.72000,0.28247,82.75502,,50.00000,20.00000,1.13581,1
106,2573,297.19800,25.73000,0.28258,82.75366,,50.00000,20.00000,1.13574,1
106,2574,297.29401,25.74000,0.28292,82.75230,,50.00000,20.00000,1.13566,1
106,2575,297.39200,25.75000,0.28318,82.75094,,50.00000,20.00000,1.13559,1
106,2576,297.48199,25.76000,0.28352,82.74959,,50.00000,20.00000,1.13553,1
106,2577,297.60101,25.77000,0.28346,82.74824,,50.00000,20.00000,1.13544,1
106,2578,297.69000,25.78000,0.28373,82.74567,,50.00000,20.00000,1.13537,1
106,2579,297.78000,25.79000,0.28399,82.74310,,50.00000,20.00000,1.13531,1
106,2580,297.89499,25.80000,0.28442,82.74054,,50.00000,20.00000,1.13522,1
106,2581,297.97800,25.81000,0.28476,82.73797,,50.00000,20.00000,1.13516,1
106,2582,298.08600,25.82000,0.28470,82.73538,,50.00000,20.00000,1.13508,1
106,2583,298.18201,25.83000,0.28488,82.73279,,50.00000,20.00000,1.13501,1
106,2584,298.27899,25.84000,0.28538,82.73140,,50.00000,20.00000,1.13494,1
106,2585,298.38699,25.85000,0.28614,82.73003,,50.00000,20.00000,1.13486,1
106,2586,298.48901,25.86000,0.28632,82.72867,,50.00000,20.00000,1.13478,1
106,2587,298.58301,25.87000,0.28650,82.72732,,50.00000,20.00000,1.13471,1
106,2588,298.67999,25.88000,0.28652,82.72719,,50.00000,20.00000,1.13464,1
106,2589,298.77600,25.89000,0.28801,82.72584,,50.00000,20.00000,1.13457,1
106,2590,298.87201,25.90000,0.28705,82.72570,,50.00000,20.00000,1.13449,1
106,2591,298.97800,25.91000,0.28731,82.72554,,50.00000,20.00000,1.13442,1
106,2592,299.07700,25.92000,0.28855,82.72538,,50.00000,20.00000,1.13434,1
106,2593,299.17599,25.93000,0.28857,82.72521,,50.00000,20.00000,1.13427,1
106,2594,299.27200,25.94000,0.28867,82.72505,,50.00000,20.00000,1.13420,1
106,2595,299.38199,25.95000,0.28886,82.72491,,50.00000,20.00000,1.13411,1
106,2596,299.46899,25.96000,0.28912,82.72477,,50.00000,20.00000,1.13405,1
106,2597,299.57700,25.97000,0.28955,82.72462,,50.00000,20.00000,1.13397,1
106,2598,299.66800,25.98000,0.28981,82.72326,,50.00000,20.00000,1.13390,1
106,2599,299.76300,25.99000,0.29032,82.72309,,50.00000,20.00000,1.13383,1
106,2600,299.87399,26.00000,0.29156,82.72294,,50.00000,20.00000,1.13375,1
106,2601,299.97501,26.01000,0.29117,82.72157,,50.00000,20.00000,1.13367,1
106,2602,300.06699,26.02000,0.29095,82.72143,,50.00000,20.00000,1.13360,1
106,2603,300.17200,26.03000,0.29113,82.72009,,50.00000,20.00000,1.13352,1
106,2604,300.26199,26.04000,0.29131,82.71997,,50.00000,20.00000,1.13346,1
106,2605,300.36801,26.05000,0.29174,82.71864,,50.00000,20.00000,1.13338,1
106,2606,300.45700,26.06000,0.29233,82.71733,,50.00000,20.00000,1.13331,1
106,2607,300.56500,26.07000,0.29341,82.71723,,50.00000,20.00000,1.13323,1
106,2608,300.65701,26.08000,0.29335,82.71592,,50.00000,20.00000,1.13316,1
106,2609,300.75601,26.09000,0.29328,82.71581,,50.00000,20.00000,1.13309,1
106,2610,300.83899,26.10000,0.29387,82.71448,,50.00000,20.00000,1.13302,1
106,2611,300.95300,26.11000,0.29389,82.71314,,50.00000,20.00000,1.13294,1
106,2612,301.05399,26.12000,0.29408,82.71178,,50.00000,20.00000,1.13286,1
106,2613,301.14401,26.13000,0.29442,82.71041,,50.00000,20.00000,1.13279,1
106,2614,301.24500,26.14000,0.29510,82.70906,,50.00000,20.00000,1.13272,1
106,2615,301.35501,26.15000,0.29512,82.70770,,50.00000,20.00000,1.13264,1
106,2616,301.44000,26.16000,0.29513,82.70634,,50.00000,20.00000,1.13257,1
106,2617,301.54300,26.17000,0.29556,82.70619,,50.00000,20.00000,1.13249,1
106,2618,301.64499,26.18000,0.29648,82.70482,,50.00000,20.00000,1.13242,1
106,2619,301.73999,26.19000,0.29683,82.70345,,50.00000,20.00000,1.13234,1
106,2620,301.84900,26.20000,0.29701,82.70086,,50.00000,20.00000,1.13226,1
106,2621,301.94000,26.21000,0.29695,82.69948,,50.00000,20.00000,1.13219,1
106,2622,302.03799,26.22000,0.29721,82.69689,,50.00000,20.00000,1.13212,1
106,2623,302.14401,26.23000,0.29764,82.69551,,50.00000,20.00000,1.13204,1
106,2624,302.24399,26.24000,0.29807,82.69413,,50.00000,20.00000,1.13196,1
106,2625,302.34000,26.25000,0.29842,82.69153,,50.00000,20.00000,1.13189,1
106,2626,302.44199,26.26000,0.29811,82.69015,,50.00000,20.00000,1.13181,1
106,2627,302.54099,26.27000,0.29838,82.68878,,50.00000,20.00000,1.13174,1
106,2628,302.64499,26.28000,0.29913,82.68744,,50.00000,20.00000,1.13166,1
106,2629,302.74301,26.29000,0.29932,82.68610,,50.00000,20.00000,1.13159,1
106,2630,302.83600,26.30000,0.29958,82.68356,,50.00000,20.00000,1.13151,1
106,2631,302.93500,26.31000,0.30001,82.68100,,50.00000,20.00000,1.13144,1
106,2632,303.02600,26.32000,0.30044,82.67723,,50.00000,20.00000,1.13137,1
106,2633,303.13199,26.33000,0.30087,82.67467,,50.00000,20.00000,1.13129,1
106,2634,303.23901,26.34000,0.30105,82.67213,,50.00000,20.00000,1.13121,1
106,2635,303.34000,26.35000,0.30091,82.66959,,50.00000,20.00000,1.13113,1
106,2636,303.41699,26.36000,0.30125,82.66704,,50.00000,20.00000,1.13107,1
106,2637,303.52100,26.37000,0.30168,82.66450,,50.00000,20.00000,1.13099,1
106,2638,303.62299,26.38000,0.30203,82.66195,,50.00000,20.00000,1.13092,1
106,2639,303.72900,26.39000,0.30205,82.65939,,50.00000,20.00000,1.13083,1
106,2640,303.82199,26.40000,0.30281,82.65681,,50.00000,20.00000,1.13076,1
106,2641,303.91299,26.41000,0.30299,82.65543,,50.00000,20.00000,1.13069,1
106,2642,304.02100,26.42000,0.30342,82.65405,,50.00000,20.00000,1.13061,1
106,2643,304.12299,26.43000,0.30361,82.65267,,50.00000,20.00000,1.13053,1
106,2644,304.22299,26.44000,0.30355,82.65252,,50.00000,20.00000,1.13046,1
106,2645,304.32199,26.45000,0.30373,82.65116,,50.00000,20.00000,1.13038,1
106,2646,304.42099,26.46000,0.30416,82.65104,,50.00000,20.00000,1.13031,1
106,2647,304.51901,26.47000,0.30467,82.64970,,50.00000,20.00000,1.13023,1
106,2648,304.61301,26.48000,0.30543,82.64836,,50.00000,20.00000,1.13016,1
106,2649,304.70801,26.49000,0.30561,82.64701,,50.00000,20.00000,1.13009,1
106,2650,304.81400,26.50000,0.30563,82.64565,,50.00000,20.00000,1.13000,1
106,2651,304.91699,26.51000,0.30574,82.64308,,50.00000,20.00000,1.12993,1
106,2652,305.01199,26.52000,0.30592,82.64171,,50.00000,20.00000,1.12985,1
106,2653,305.10599,26.53000,0.30651,82.64035,,50.00000,20.00000,1.12978,1
106,2654,305.21799,26.54000,0.30670,82.63900,,50.00000,20.00000,1.12969,1
106,2655,305.30701,26.55000,0.30664,82.63643,,50.00000,20.00000,1.12963,1
106,2656,305.40701,26.56000,0.30691,82.63507,,50.00000,20.00000,1.12955,1
106,2657,305.50699,26.57000,0.30758,82.63371,,50.00000,20.00000,1.12947,1
106,2658,305.60800,26.58000,0.30703,82.63112,,50.00000,20.00000,1.12939,1
106,2659,305.70499,26.59000,0.30812,82.62974,,50.00000,20.00000,1.12932,1
106,2660,305.80801,26.60000,0.30855,82.62837,,50.00000,20.00000,1.12924,1
106,2661,305.91000,26.61000,0.30849,82.62702,,50.00000,20.00000,1.12916,1
106,2662,306.00900,26.62000,0.30916,82.62568,,50.00000,20.00000,1.12908,1
106,2663,306.10501,26.63000,0.30902,82.62556,,50.00000,20.00000,1.12901,1
106,2664,306.20099,26.64000,0.30961,82.62544,,50.00000,20.00000,1.12894,1
106,2665,306.29700,26.65000,0.30996,82.62409,,50.00000,20.00000,1.12886,1
106,2666,306.39700,26.66000,0.31023,82.62395,,50.00000,20.00000,1.12879,1
106,2667,306.49899,26.67000,0.31033,82.62382,,50.00000,20.00000,1.12871,1
106,2668,306.60300,26.68000,0.31052,82.62247,,50.00000,20.00000,1.12863,1
106,2669,306.69901,26.69000,0.31070,82.62235,,50.00000,20.00000,1.12855,1
106,2670,306.79300,26.70000,0.31113,82.62103,,50.00000,20.00000,1.12848,1
106,2671,306.89200,26.71000,0.31132,82.61971,,50.00000,20.00000,1.12840,1
106,2672,306.99100,26.72000,0.31142,82.61960,,50.00000,20.00000,1.12833,1
106,2673,307.08600,26.73000,0.31169,82.61826,,50.00000,20.00000,1.12825,1
106,2674,307.19000,26.74000,0.31196,82.61692,,50.00000,20.00000,1.12817,1
106,2675,307.28201,26.75000,0.31247,82.61556,,50.00000,20.00000,1.12810,1
106,2676,307.38300,26.76000,0.31282,82.61420,,50.00000,20.00000,1.12802,1
106,2677,307.48599,26.77000,0.31317,82.61284,,50.00000,20.00000,1.12794,1
106,2678,307.58899,26.78000,0.31352,82.61148,,50.00000,20.00000,1.12786,1
106,2679,307.68399,26.79000,0.31362,82.61012,,50.00000,20.00000,1.12779,1
106,2680,307.78101,26.80000,0.31438,82.60875,,50.00000,20.00000,1.12771,1
106,2681,307.87900,26.81000,0.31481,82.60860,,50.00000,20.00000,1.12763,1
106,2682,307.98199,26.82000,0.31492,82.60723,,50.00000,20.00000,1.12755,1
106,2683,308.08801,26.83000,0.31494,82.60587,,50.00000,20.00000,1.12747,1
106,2684,308.18100,26.84000,0.31504,82.60450,,50.00000,20.00000,1.12740,1
106,2685,308.27802,26.85000,0.31539,82.60314,,50.00000,20.00000,1.12732,1
106,2686,308.38000,26.86000,0.31558,82.60179,,50.00000,20.00000,1.12724,1
106,2687,308.48199,26.87000,0.31601,82.60045,,50.00000,20.00000,1.12716,1
106,2688,308.58200,26.88000,0.31612,82.59911,,50.00000,20.00000,1.12709,1
106,2689,308.67499,26.89000,0.31647,82.59779,,50.00000,20.00000,1.12701,1
106,2690,308.77399,26.90000,0.31665,82.59646,,50.00000,20.00000,1.12694,1
106,2691,308.87000,26.91000,0.31692,82.59514,,50.00000,20.00000,1.12686,1
106,2692,308.97299,26.92000,0.31727,82.59381,,50.00000,20.00000,1.12678,1
106,2693,309.06699,26.93000,0.31737,82.59247,,50.00000,20.00000,1.12671,1
106,2694,309.16901,26.94000,0.31740,82.59112,,50.00000,20.00000,1.12663,1
106,2695,309.26099,26.95000,0.31783,82.58976,,50.00000,20.00000,1.12655,1
106,2696,309.37100,26.96000,0.31802,82.58840,,50.00000,20.00000,1.12647,1
106,2697,309.46799,26.97000,0.31837,82.58703,,50.00000,20.00000,1.12639,1
106,2698,309.56100,26.98000,0.31913,82.58203,,50.00000,20.00000,1.12632,1
106,2699,309.67001,26.99000,0.31907,82.57826,,50.00000,20.00000,1.12623,1
106,2700,309.76700,27.00000,0.31909,82.57448,,50.00000,20.00000,1.12616,1
106,2701,309.86099,27.01000,0.31936,82.57069,,50.00000,20.00000,1.12608,1
106,2702,309.95401,27.02000,0.31946,82.56690,,50.00000,20.00000,1.12601,1
106,2703,310.07101,27.03000,0.31990,82.56433,,50.00000,20.00000,1.12592,1
106,2704,310.16299,27.04000,0.32033,82.56054,,50.00000,20.00000,1.12585,1
106,2705,310.25900,27.05000,0.32052,82.55798,,50.00000,20.00000,1.12577,1
106,2706,310.36600,27.06000,0.32153,82.55422,,50.00000,20.00000,1.12569,1
106,2707,310.45401,27.07000,0.32163,82.55167,,50.00000,20.00000,1.12562,1
106,2708,310.55899,27.08000,0.32182,82.54912,,50.00000,20.00000,1.12553,1
106,2709,310.65701,27.09000,0.32184,82.54657,,50.00000,20.00000,1.12546,1
106,2710,310.75299,27.10000,0.32211,82.54523,,50.00000,20.00000,1.12538,1
106,2711,310.85101,27.11000,0.32229,82.54266,,50.00000,20.00000,1.12530,1
106,2712,310.95401,27.12000,0.32232,82.54129,,50.00000,20.00000,1.12522,1
106,2713,311.04999,27.13000,0.32250,82.53992,,50.00000,20.00000,1.12515,1
106,2714,311.15399,27.14000,0.32277,82.53978,,50.00000,20.00000,1.12506,1
106,2715,311.25900,27.15000,0.32296,82.53843,,50.00000,20.00000,1.12498,1
106,2716,311.35101,27.16000,0.32348,82.53708,,50.00000,20.00000,1.12491,1
106,2717,311.44699,27.17000,0.32350,82.53573,,50.00000,20.00000,1.12483,1
106,2718,311.54700,27.18000,0.32402,82.53438,,50.00000,20.00000,1.12475,1
106,2719,311.65201,27.19000,0.32437,82.53303,,50.00000,20.00000,1.12467,1
106,2720,311.74500,27.20000,0.32439,82.53167,,50.00000,20.00000,1.12459,1
106,2721,311.84900,27.21000,0.32491,82.53031,,50.00000,20.00000,1.12451,1
106,2722,311.95001,27.22000,0.32534,82.52896,,50.00000,20.00000,1.12443,1
106,2723,312.04300,27.23000,0.32553,82.52762,,50.00000,20.00000,1.12436,1
106,2724,312.14801,27.24000,0.32605,82.52629,,50.00000,20.00000,1.12427,1
106,2725,312.25000,27.25000,0.32607,82.52617,,50.00000,20.00000,1.12419,1
106,2726,312.33099,27.26000,0.32634,82.52484,,50.00000,20.00000,1.12413,1
106,2727,312.44199,27.27000,0.32644,82.52350,,50.00000,20.00000,1.12404,1
106,2728,312.54099,27.28000,0.32688,82.52336,,50.00000,20.00000,1.12396,1
106,2729,312.63501,27.29000,0.32740,82.52199,,50.00000,20.00000,1.12389,1
106,2730,312.73700,27.30000,0.32725,82.52062,,50.00000,20.00000,1.12380,1
106,2731,312.84500,27.31000,0.32744,82.51926,,50.00000,20.00000,1.12372,1
106,2732,312.93701,27.32000,0.32779,82.51792,,50.00000,20.00000,1.12365,1
106,2733,313.04199,27.33000,0.32815,82.51659,,50.00000,20.00000,1.12356,1
106,2734,313.13699,27.34000,0.32834,82.51527,,50.00000,20.00000,1.12349,1
106,2735,313.23001,27.35000,0.32877,82.51516,,50.00000,20.00000,1.12341,1
106,2736,313.32501,27.36000,0.32912,82.51382,,50.00000,20.00000,1.12334,1
106,2737,313.43500,27.37000,0.32931,82.51248,,50.00000,20.00000,1.12325,1
106,2738,313.52802,27.38000,0.32933,82.51112,,50.00000,20.00000,1.12317,1
106,2739,313.63300,27.39000,0.32977,82.50975,,50.00000,20.00000,1.12309,1
106,2740,313.72400,27.40000,0.32954,82.50838,,50.00000,20.00000,1.12302,1
106,2741,313.83099,27.41000,0.32941,82.50700,,50.00000,20.00000,1.12293,1
106,2742,313.92899,27.42000,0.32959,82.50562,,50.00000,20.00000,1.12285,1
106,2743,314.03299,27.43000,0.32995,82.50426,,50.00000,20.00000,1.12277,1
106,2744,314.13699,27.44000,0.33014,82.50291,,50.00000,20.00000,1.12268,1
106,2745,314.22601,27.45000,0.33016,82.50156,,50.00000,20.00000,1.12261,1
106,2746,314.32700,27.46000,0.33035,82.50023,,50.00000,20.00000,1.12253,1
106,2747,314.42899,27.47000,0.33070,82.50011,,50.00000,20.00000,1.12245,1
106,2748,314.52399,27.48000,0.33097,82.49877,,50.00000,20.00000,1.12237,1
106,2749,314.62201,27.49000,0.33141,82.49864,,50.00000,20.00000,1.12229,1
106,2750,314.72699,27.50000,0.33160,82.49730,,50.00000,20.00000,1.12221,1
106,2751,314.82501,27.51000,0.33211,82.49717,,50.00000,20.00000,1.12213,1
106,2752,314.92001,27.52000,0.33230,82.49704,,50.00000,20.00000,1.12205,1
106,2753,315.02100,27.53000,0.33224,82.49691,,50.00000,20.00000,1.12197,1
106,2754,315.11499,27.54000,0.33268,82.49678,,50.00000,20.00000,1.12190,1
106,2755,315.22299,27.55000,0.33246,82.49666,,50.00000,20.00000,1.12181,1
106,2756,315.32401,27.56000,0.33322,82.49656,,50.00000,20.00000,1.12173,1
106,2757,315.41599,27.57000,0.33366,82.49647,,50.00000,20.00000,1.12165,1
106,2758,315.51001,27.58000,0.33401,82.49516,,50.00000,20.00000,1.12158,1
106,2759,315.61401,27.59000,0.33404,82.49507,,50.00000,20.00000,1.12149,1
106,2760,315.70099,27.60000,0.33414,82.49375,,50.00000,20.00000,1.12142,1
106,2761,315.80801,27.61000,0.33425,82.49362,,50.00000,20.00000,1.12134,1
106,2762,315.90399,27.62000,0.33411,82.49228,,50.00000,20.00000,1.12126,1
106,2763,316.00699,27.63000,0.33430,82.49215,,50.00000,20.00000,1.12118,1
106,2764,316.11200,27.64000,0.33457,82.49080,,50.00000,20.00000,1.12109,1
106,2765,316.20200,27.65000,0.33484,82.49066,,50.00000,20.00000,1.12102,1
106,2766,316.29401,27.66000,0.33478,82.48930,,50.00000,20.00000,1.12094,1
106,2767,316.40799,27.67000,0.33538,82.48793,,50.00000,20.00000,1.12085,1
106,2768,316.50201,27.68000,0.33582,82.48657,,50.00000,20.00000,1.12077,1
106,2769,316.60699,27.69000,0.33618,82.48400,,50.00000,20.00000,1.12069,1
106,2770,316.70499,27.70000,0.33620,82.48266,,50.00000,20.00000,1.12061,1
106,2771,316.80701,27.71000,0.33631,82.48133,,50.00000,20.00000,1.12053,1
106,2772,316.89499,27.72000,0.33666,82.48001,,50.00000,20.00000,1.12046,1
106,2773,317.00400,27.73000,0.33685,82.47868,,50.00000,20.00000,1.12037,1
106,2774,317.08801,27.74000,0.33712,82.47734,,50.00000,20.00000,1.12030,1
106,2775,317.19501,27.75000,0.33731,82.47599,,50.00000,20.00000,1.12021,1
106,2776,317.29999,27.76000,0.33758,82.47465,,50.00000,20.00000,1.12013,1
106,2777,317.39899,27.77000,0.33786,82.47453,,50.00000,20.00000,1.12005,1
106,2778,317.49301,27.78000,0.33813,82.47322,,50.00000,20.00000,1.11997,1
106,2779,317.59900,27.79000,0.33848,82.47190,,50.00000,20.00000,1.11988,1
106,2780,317.68100,27.80000,0.33867,82.47057,,50.00000,20.00000,1.11982,1
106,2781,317.78400,27.81000,0.33861,82.47044,,50.00000,20.00000,1.11973,1
106,2782,317.88501,27.82000,0.33880,82.47031,,50.00000,20.00000,1.11965,1
106,2783,317.99500,27.83000,0.33908,82.46896,,50.00000,20.00000,1.11956,1
106,2784,318.09100,27.84000,0.33952,82.46882,,50.00000,20.00000,1.11948,1
106,2785,318.17999,27.85000,0.33979,82.46868,,50.00000,20.00000,1.11941,1
106,2786,318.29001,27.86000,0.34006,82.46854,,50.00000,20.00000,1.11932,1
106,2787,318.37799,27.87000,0.34017,82.46839,,50.00000,20.00000,1.11925,1
106,2788,318.48801,27.88000,0.34011,82.46823,,50.00000,20.00000,1.11916,1
106,2789,318.58200,27.89000,0.34005,82.46807,,50.00000,20.00000,1.11908,1
106,2790,318.69501,27.90000,0.34033,82.46792,,50.00000,20.00000,1.11899,1
106,2791,318.78699,27.91000,0.34019,82.46779,,50.00000,20.00000,1.11891,1
106,2792,318.88800,27.92000,0.34071,82.46767,,50.00000,20.00000,1.11883,1
106,2793,318.98001,27.93000,0.34106,82.46757,,50.00000,20.00000,1.11875,1
106,2794,319.08701,27.94000,0.34134,82.46747,,50.00000,20.00000,1.11866,1
106,2795,319.17801,27.95000,0.34144,82.46735,,50.00000,20.00000,1.11859,1
106,2796,319.27600,27.96000,0.34163,82.46724,,50.00000,20.00000,1.11851,1
106,2797,319.37601,27.97000,0.34182,82.46590,,50.00000,20.00000,1.11843,1
106,2798,319.48300,27.98000,0.34226,82.46334,,50.00000,20.00000,1.11834,1
106,2799,319.57001,27.99000,0.34278,82.46199,,50.00000,20.00000,1.11827,1
106,2800,319.68100,28.00000,0.34298,82.46065,,50.00000,20.00000,1.11818,1
106,2801,319.77399,28.01000,0.34300,82.45933,,50.00000,20.00000,1.11810,1
106,2802,319.88199,28.02000,0.34311,82.45802,,50.00000,20.00000,1.11801,1
106,2803,319.96600,28.03000,0.34346,82.45792,,50.00000,20.00000,1.11794,1
106,2804,320.07101,28.04000,0.34365,82.45660,,50.00000,20.00000,1.11785,1
106,2805,320.16400,28.05000,0.34384,82.45528,,50.00000,20.00000,1.11778,1
106,2806,320.26501,28.06000,0.34387,82.45396,,50.00000,20.00000,1.11769,1
106,2807,320.36899,28.07000,0.34398,82.45384,,50.00000,20.00000,1.11761,1
106,2808,320.46399,28.08000,0.34450,82.45251,,50.00000,20.00000,1.11753,1
106,2809,320.56500,28.09000,0.34486,82.45118,,50.00000,20.00000,1.11745,1
106,2810,320.65601,28.10000,0.34455,82.45107,,50.00000,20.00000,1.11737,1
106,2811,320.76300,28.11000,0.34474,82.44975,,50.00000,20.00000,1.11728,1
106,2812,320.86099,28.12000,0.34493,82.44601,,50.00000,20.00000,1.11720,1
106,2813,320.95801,28.13000,0.34512,82.44225,,50.00000,20.00000,1.11712,1
106,2814,321.05301,28.14000,0.34540,82.43970,,50.00000,20.00000,1.11704,1
106,2815,321.15201,28.15000,0.34608,82.43593,,50.00000,20.00000,1.11696,1
106,2816,321.25299,28.16000,0.34611,82.43336,,50.00000,20.00000,1.11688,1
106,2817,321.35501,28.17000,0.34622,82.43078,,50.00000,20.00000,1.11679,1
106,2818,321.45599,28.18000,0.34624,82.42943,,50.00000,20.00000,1.11671,1
106,2819,321.56100,28.19000,0.34635,82.42687,,50.00000,20.00000,1.11662,1
106,2820,321.65601,28.20000,0.34621,82.42553,,50.00000,20.00000,1.11654,1
106,2821,321.74701,28.21000,0.34649,82.42297,,50.00000,20.00000,1.11647,1
106,2822,321.84799,28.22000,0.34717,82.42162,,50.00000,20.00000,1.11638,1
106,2823,321.95700,28.23000,0.34720,82.41906,,50.00000,20.00000,1.11629,1
106,2824,322.04700,28.24000,0.34739,82.41770,,50.00000,20.00000,1.11622,1
106,2825,322.16101,28.25000,0.34750,82.41636,,50.00000,20.00000,1.11612,1
106,2826,322.24600,28.26000,0.34761,82.41381,,50.00000,20.00000,1.11605,1
106,2827,322.35300,28.27000,0.34805,82.41248,,50.00000,20.00000,1.11596,1
106,2828,322.45099,28.28000,0.34775,82.41116,,50.00000,20.00000,1.11588,1
106,2829,322.54599,28.29000,0.34802,82.40982,,50.00000,20.00000,1.11580,1
106,2830,322.64099,28.30000,0.34804,82.40969,,50.00000,20.00000,1.11572,1
106,2831,322.74399,28.31000,0.34865,82.40834,,50.00000,20.00000,1.11563,1
106,2832,322.85300,28.32000,0.34843,82.40819,,50.00000,20.00000,1.11554,1
106,2833,322.94299,28.33000,0.34870,82.40683,,50.00000,20.00000,1.11547,1
106,2834,323.04901,28.34000,0.34906,82.40669,,50.00000,20.00000,1.11538,1
106,2835,323.14099,28.35000,0.34983,82.40535,,50.00000,20.00000,1.11530,1
106,2836,323.25299,28.36000,0.34995,82.40402,,50.00000,20.00000,1.11521,1
106,2837,323.34698,28.37000,0.34997,82.40269,,50.00000,20.00000,1.11513,1
106,2838,323.43500,28.38000,0.35008,82.40135,,50.00000,20.00000,1.11506,1
106,2839,323.54401,28.39000,0.34977,82.40001,,50.00000,20.00000,1.11497,1
106,2840,323.63699,28.40000,0.34996,82.39867,,50.00000,20.00000,1.11489,1
106,2841,323.74799,28.41000,0.35049,82.39733,,50.00000,20.00000,1.11479,1
106,2842,323.84299,28.42000,0.35068,82.39599,,50.00000,20.00000,1.11471,1
106,2843,323.93701,28.43000,0.35071,82.39466,,50.00000,20.00000,1.11464,1
106,2844,324.04001,28.44000,0.35123,82.39333,,50.00000,20.00000,1.11455,1
106,2845,324.13501,28.45000,0.35142,82.39199,,50.00000,20.00000,1.11447,1
106,2846,324.23300,28.46000,0.35145,82.38944,,50.00000,20.00000,1.11439,1
106,2847,324.34500,28.47000,0.35181,82.38811,,50.00000,20.00000,1.11429,1
106,2848,324.43900,28.48000,0.35217,82.38679,,50.00000,20.00000,1.11421,1
106,2849,324.52899,28.49000,0.35228,82.38546,,50.00000,20.00000,1.11414,1
106,2850,324.63199,28.50000,0.35230,82.38415,,50.00000,20.00000,1.11405,1
106,2851,324.73199,28.51000,0.35233,82.38404,,50.00000,20.00000,1.11397,1
106,2852,324.83099,28.52000,0.35252,82.38271,,50.00000,20.00000,1.11388,1
106,2853,324.92700,28.53000,0.35255,82.38260,,50.00000,20.00000,1.11380,1
106,2854,325.03000,28.54000,0.35266,82.38126,,50.00000,20.00000,1.11372,1
106,2855,325.12500,28.55000,0.35285,82.38115,,50.00000,20.00000,1.11364,1
106,2856,325.22501,28.56000,0.35313,82.38104,,50.00000,20.00000,1.11355,1
106,2857,325.33200,28.57000,0.35357,82.38093,,50.00000,20.00000,1.11346,1
106,2858,325.42300,28.58000,0.35368,82.38083,,50.00000,20.00000,1.11338,1
106,2859,325.52100,28.59000,0.35396,82.38071,,50.00000,20.00000,1.11330,1
106,2860,325.61499,28.60000,0.35423,82.38060,,50.00000,20.00000,1.11322,1
106,2861,325.72101,28.61000,0.35426,82.38048,,50.00000,20.00000,1.11313,1
106,2862,325.82300,28.62000,0.35429,82.38035,,50.00000,20.00000,1.11305,1
106,2863,325.91800,28.63000,0.35415,82.38022,,50.00000,20.00000,1.11296,1
106,2864,326.01901,28.64000,0.35392,82.38010,,50.00000,20.00000,1.11288,1
106,2865,326.11801,28.65000,0.35437,82.37999,,50.00000,20.00000,1.11280,1
106,2866,326.21799,28.66000,0.35464,82.37988,,50.00000,20.00000,1.11271,1
106,2867,326.31500,28.67000,0.35508,82.37977,,50.00000,20.00000,1.11263,1
106,2868,326.41299,28.68000,0.35528,82.37965,,50.00000,20.00000,1.11255,1
106,2869,326.50800,28.69000,0.35564,82.37953,,50.00000,20.00000,1.11246,1
106,2870,326.61801,28.70000,0.35608,82.37942,,50.00000,20.00000,1.11237,1
106,2871,326.71301,28.71000,0.35611,82.37930,,50.00000,20.00000,1.11229,1
106,2872,326.80899,28.72000,0.35605,82.37918,,50.00000,20.00000,1.11221,1
106,2873,326.91101,28.73000,0.35625,82.37907,,50.00000,20.00000,1.11212,1
106,2874,327.00601,28.74000,0.35652,82.37895,,50.00000,20.00000,1.11204,1
106,2875,327.10901,28.75000,0.35672,82.37884,,50.00000,20.00000,1.11195,1
106,2876,327.20901,28.76000,0.35699,82.37872,,50.00000,20.00000,1.11187,1
106,2877,327.30499,28.77000,0.35694,82.37861,,50.00000,20.00000,1.11179,1
106,2878,327.40201,28.78000,0.35696,82.37850,,50.00000,20.00000,1.11170,1
106,2879,327.51001,28.79000,0.35691,82.37839,,50.00000,20.00000,1.11161,1
106,2880,327.59799,28.80000,0.35693,82.37827,,50.00000,20.00000,1.11154,1
106,2881,327.70599,28.81000,0.35713,82.37815,,50.00000,20.00000,1.11144,1
106,2882,327.79700,28.82000,0.35724,82.37802,,50.00000,20.00000,1.11137,1
106,2883,327.89801,28.83000,0.35710,82.37789,,50.00000,20.00000,1.11128,1
106,2884,328.00299,28.84000,0.35704,82.37776,,50.00000,20.00000,1.11119,1
106,2885,328.10501,28.85000,0.35732,82.37764,,50.00000,20.00000,1.11110,1
106,2886,328.20300,28.86000,0.35760,82.37752,,50.00000,20.00000,1.11102,1
106,2887,328.29199,28.87000,0.35812,82.37742,,50.00000,20.00000,1.11094,1
106,2888,328.40399,28.88000,0.35815,82.37732,,50.00000,20.00000,1.11085,1
106,2889,328.49301,28.89000,0.35843,82.37721,,50.00000,20.00000,1.11077,1
106,2890,328.58899,28.90000,0.35837,82.37710,,50.00000,20.00000,1.11069,1
106,2891,328.69699,28.91000,0.35882,82.37699,,50.00000,20.00000,1.11060,1
106,2892,328.79099,28.92000,0.35893,82.37688,,50.00000,20.00000,1.11052,1
106,2893,328.89999,28.93000,0.35912,82.37678,,50.00000,20.00000,1.11042,1
106,2894,328.98700,28.94000,0.35932,82.37667,,50.00000,20.00000,1.11035,1
106,2895,329.08701,28.95000,0.35951,82.37655,,50.00000,20.00000,1.11026,1
106,2896,329.18201,28.96000,0.35962,82.37642,,50.00000,20.00000,1.11018,1
106,2897,329.29001,28.97000,0.35965,82.37630,,50.00000,20.00000,1.11009,1
106,2898,329.39200,28.98000,0.36009,82.37617,,50.00000,20.00000,1.11000,1
106,2899,329.49200,28.99000,0.36012,82.37606,,50.00000,20.00000,1.10991,1
106,2900,329.58200,29.00000,0.36015,82.37595,,50.00000,20.00000,1.10984,1
106,2901,329.68600,29.01000,0.36043,82.37464,,50.00000,20.00000,1.10975,1
106,2902,329.78400,29.02000,0.36037,82.37456,,50.00000,20.00000,1.10966,1
106,2903,329.88400,29.03000,0.36065,82.37447,,50.00000,20.00000,1.10958,1
106,2904,329.97501,29.04000,0.36059,82.37436,,50.00000,20.00000,1.10950,1
106,2905,330.07700,29.05000,0.36062,82.37304,,50.00000,20.00000,1.10941,1
106,2906,330.17599,29.06000,0.36073,82.37291,,50.00000,20.00000,1.10933,1
106,2907,330.27499,29.07000,0.36101,82.37278,,50.00000,20.00000,1.10924,1
106,2908,330.38101,29.08000,0.36104,82.37264,,50.00000,20.00000,1.10915,1
106,2909,330.47501,29.09000,0.36090,82.37129,,50.00000,20.00000,1.10907,1
106,2910,330.58401,29.10000,0.36085,82.37117,,50.00000,20.00000,1.10897,1
106,2911,330.67599,29.11000,0.36087,82.37106,,50.00000,20.00000,1.10889,1
106,2912,330.77399,29.12000,0.36123,82.36974,,50.00000,20.00000,1.10881,1
106,2913,330.87399,29.13000,0.36118,82.36964,,50.00000,20.00000,1.10872,1
106,2914,330.97501,29.14000,0.36137,82.36953,,50.00000,20.00000,1.10864,1
106,2915,331.06900,29.15000,0.36165,82.36820,,50.00000,20.00000,1.10855,1
106,2916,331.16901,29.16000,0.36143,82.36808,,50.00000,20.00000,1.10847,1
106,2917,331.27701,29.17000,0.36146,82.36796,,50.00000,20.00000,1.10837,1
106,2918,331.36499,29.18000,0.36198,82.36297,,50.00000,20.00000,1.10830,1
106,2919,331.47198,29.19000,0.36227,82.35920,,50.00000,20.00000,1.10820,1
106,2920,331.57001,29.20000,0.36238,82.35543,,50.00000,20.00000,1.10812,1
106,2921,331.66901,29.21000,0.36232,82.35166,,50.00000,20.00000,1.10803,1
106,2922,331.77301,29.22000,0.36260,82.34911,,50.00000,20.00000,1.10794,1
106,2923,331.86899,29.23000,0.36313,82.34778,,50.00000,20.00000,1.10786,1
106,2924,331.97000,29.24000,0.36324,82.34525,,50.00000,20.00000,1.10777,1
106,2925,332.06799,29.25000,0.36327,82.34393,,50.00000,20.00000,1.10769,1
106,2926,332.16800,29.26000,0.36347,82.34140,,50.00000,20.00000,1.10760,1
106,2927,332.26001,29.27000,0.36349,82.33887,,50.00000,20.00000,1.10752,1
106,2928,332.36700,29.28000,0.36352,82.33513,,50.00000,20.00000,1.10743,1
106,2929,332.46399,29.29000,0.36347,82.33260,,50.00000,20.00000,1.10734,1
106,2930,332.56400,29.30000,0.36350,82.33006,,50.00000,20.00000,1.10726,1
106,2931,332.65500,29.31000,0.36361,82.32752,,50.00000,20.00000,1.10718,1
106,2932,332.76099,29.32000,0.36380,82.32497,,50.00000,20.00000,1.10708,1
106,2933,332.85901,29.33000,0.36375,82.32120,,50.00000,20.00000,1.10700,1
106,2934,332.95901,29.34000,0.36369,82.31864,,50.00000,20.00000,1.10691,1
106,2935,333.06100,29.35000,0.36389,82.31607,,50.00000,20.00000,1.10682,1
106,2936,333.16000,29.36000,0.36375,82.31230,,50.00000,20.00000,1.10674,1
106,2937,333.26599,29.37000,0.36437,82.30975,,50.00000,20.00000,1.10664,1
106,2938,333.35901,29.38000,0.36456,82.30722,,50.00000,20.00000,1.10656,1
106,2939,333.46100,29.39000,0.36476,82.30470,,50.00000,20.00000,1.10647,1
106,2940,333.55701,29.40000,0.36470,82.30218,,50.00000,20.00000,1.10639,1
106,2941,333.65100,29.41000,0.36473,82.29967,,50.00000,20.00000,1.10631,1
106,2942,333.75900,29.42000,0.36493,82.29715,,50.00000,20.00000,1.10621,1
106,2943,333.84698,29.43000,0.36504,82.29583,,50.00000,20.00000,1.10613,1
106,2944,333.95200,29.44000,0.36507,82.29451,,50.00000,20.00000,1.10604,1
106,2945,334.04501,29.45000,0.36526,82.29318,,50.00000,20.00000,1.10596,1
106,2946,334.15799,29.46000,0.36521,82.29185,,50.00000,20.00000,1.10586,1
106,2947,334.24600,29.47000,0.36523,82.29051,,50.00000,20.00000,1.10579,1
106,2948,334.34900,29.48000,0.36535,82.28918,,50.00000,20.00000,1.10569,1
106,2949,334.45200,29.49000,0.36513,82.28785,,50.00000,20.00000,1.10560,1
106,2950,334.54800,29.50000,0.36541,82.28652,,50.00000,20.00000,1.10552,1
106,2951,334.64499,29.51000,0.36535,82.28521,,50.00000,20.00000,1.10543,1
106,2952,334.75000,29.52000,0.36580,82.28268,,50.00000,20.00000,1.10534,1
106,2953,334.84799,29.53000,0.36600,82.28136,,50.00000,20.00000,1.10526,1
106,2954,334.93900,29.54000,0.36619,82.28003,,50.00000,20.00000,1.10518,1
106,2955,335.04001,29.55000,0.36597,82.27748,,50.00000,20.00000,1.10509,1
106,2956,335.14401,29.56000,0.36633,82.27614,,50.00000,20.00000,1.10500,1
106,2957,335.24399,29.57000,0.36670,82.27479,,50.00000,20.00000,1.10491,1
106,2958,335.34698,29.58000,0.36681,82.27346,,50.00000,20.00000,1.10482,1
106,2959,335.45001,29.59000,0.36693,82.27093,,50.00000,20.00000,1.10473,1
106,2960,335.54099,29.60000,0.36704,82.26961,,50.00000,20.00000,1.10465,1
106,2961,335.63699,29.61000,0.36732,82.26830,,50.00000,20.00000,1.10456,1
106,2962,335.73801,29.62000,0.36726,82.26698,,50.00000,20.00000,1.10447,1
106,2963,335.84000,29.63000,0.36721,82.26688,,50.00000,20.00000,1.10438,1
106,2964,335.94299,29.64000,0.36699,82.26678,,50.00000,20.00000,1.10429,1
106,2965,336.03201,29.65000,0.36718,82.26547,,50.00000,20.00000,1.10421,1
106,2966,336.13699,29.66000,0.36738,82.26539,,50.00000,20.00000,1.10412,1
106,2967,336.23999,29.67000,0.36732,82.26533,,50.00000,20.00000,1.10403,1
106,2968,336.33301,29.68000,0.36718,82.26404,,50.00000,20.00000,1.10395,1
106,2969,336.41599,29.69000,0.36729,82.26275,,50.00000,20.00000,1.10387,1
106,2970,336.52899,29.70000,0.36775,82.26147,,50.00000,20.00000,1.10377,1
106,2971,336.63599,29.71000,0.36803,82.25898,,50.00000,20.00000,1.10368,1
106,2972,336.71100,29.72000,0.36822,82.25767,,50.00000,20.00000,1.10361,1
106,2973,336.82001,29.73000,0.36825,82.25515,,50.00000,20.00000,1.10352,1
106,2974,336.92001,29.74000,0.36803,82.25384,,50.00000,20.00000,1.10343,1
106,2975,337.01599,29.75000,0.36806,82.25252,,50.00000,20.00000,1.10334,1
106,2976,337.11700,29.76000,0.36809,82.24997,,50.00000,20.00000,1.10325,1
106,2977,337.22000,29.77000,0.36803,82.24864,,50.00000,20.00000,1.10316,1
106,2978,337.31799,29.78000,0.36831,82.24731,,50.00000,20.00000,1.10307,1
106,2979,337.41299,29.79000,0.36817,82.24477,,50.00000,20.00000,1.10299,1
106,2980,337.51700,29.80000,0.36846,82.24344,,50.00000,20.00000,1.10290,1
106,2981,337.61801,29.81000,0.36807,82.24210,,50.00000,20.00000,1.10281,1
106,2982,337.71399,29.82000,0.36776,82.24076,,50.00000,20.00000,1.10272,1
106,2983,337.81100,29.83000,0.36779,82.23821,,50.00000,20.00000,1.10264,1
106,2984,337.91800,29.84000,0.36799,82.23688,,50.00000,20.00000,1.10254,1
106,2985,338.02200,29.85000,0.36794,82.23556,,50.00000,20.00000,1.10245,1
106,2986,338.11401,29.86000,0.36813,82.23424,,50.00000,20.00000,1.10237,1
106,2987,338.20901,29.87000,0.36799,82.23414,,50.00000,20.00000,1.10228,1
106,2988,338.31299,29.88000,0.36802,82.23406,,50.00000,20.00000,1.10219,1
106,2989,338.41199,29.89000,0.36830,82.23275,,50.00000,20.00000,1.10210,1
106,2990,338.50800,29.90000,0.36842,82.23266,,50.00000,20.00000,1.10201,1
106,2991,338.60800,29.91000,0.36836,82.23256,,50.00000,20.00000,1.10192,1
106,2992,338.70300,29.92000,0.36847,82.23244,,50.00000,20.00000,1.10184,1
106,2993,338.80399,29.93000,0.36842,82.23232,,50.00000,20.00000,1.10175,1
106,2994,338.90900,29.94000,0.36786,82.23219,,50.00000,20.00000,1.10166,1
106,2995,339.00601,29.95000,0.36773,82.23205,,50.00000,20.00000,1.10157,1
106,2996,339.10901,29.96000,0.36776,82.23192,,50.00000,20.00000,1.10148,1
106,2997,339.20499,29.97000,0.36829,82.23180,,50.00000,20.00000,1.10139,1
106,2998,339.31400,29.98000,0.36849,82.23169,,50.00000,20.00000,1.10129,1
106,2999,339.40701,29.99000,0.36835,82.23160,,50.00000,20.00000,1.10121,1
106,3000,339.50299,30.00000,0.36846,82.23152,,50.00000,20.00000,1.10112,1
106,3001,339.60400,30.01000,0.36866,82.23145,,50.00000,20.00000,1.10103,1
106,3002,339.70001,30.02000,0.36852,82.23139,,50.00000,20.00000,1.10095,1
106,3003,339.80499,30.03000,0.36805,82.23132,,50.00000,20.00000,1.10085,1
106,3004,339.88800,30.04000,0.36782,82.23124,,50.00000,20.00000,1.10078,1
106,3005,339.98901,30.05000,0.36785,82.23115,,50.00000,20.00000,1.10069,1
106,3006,340.09500,30.06000,0.36763,82.23105,,50.00000,20.00000,1.10059,1
106,3007,340.19101,30.07000,0.36732,82.23095,,50.00000,20.00000,1.10051,1
106,3008,340.29300,30.08000,0.36744,82.23086,,50.00000,20.00000,1.10042,1
106,3009,340.39600,30.09000,0.36755,82.23078,,50.00000,20.00000,1.10032,1
106,3010,340.48700,30.10000,0.36724,82.23068,,50.00000,20.00000,1.10024,1
106,3011,340.57700,30.11000,0.36685,82.23058,,50.00000,20.00000,1.10016,1
106,3012,340.68701,30.12000,0.36671,82.23048,,50.00000,20.00000,1.10006,1
106,3013,340.78601,30.13000,0.36649,82.23036,,50.00000,20.00000,1.09997,1
106,3014,340.88599,30.14000,0.36619,82.22902,,50.00000,20.00000,1.09988,1
106,3015,340.98300,30.15000,0.36554,82.22890,,50.00000,20.00000,1.09979,1
106,3016,341.09201,30.16000,0.36498,82.22879,,50.00000,20.00000,1.09970,1
106,3017,341.18500,30.17000,0.36459,82.22747,,50.00000,20.00000,1.09961,1
106,3018,341.28101,30.18000,0.36420,82.22738,,50.00000,20.00000,1.09953,1
106,3019,341.38400,30.19000,0.36372,82.22607,,50.00000,20.00000,1.09943,1
106,3020,341.47800,30.20000,0.36257,82.22597,,50.00000,20.00000,1.09935,1
106,3021,341.58200,30.21000,0.36176,82.22588,,50.00000,20.00000,1.09925,1
106,3022,341.67999,30.22000,0.36120,82.22457,,50.00000,20.00000,1.09917,1
106,3023,341.77701,30.23000,0.36115,82.22448,,50.00000,20.00000,1.09908,1
106,3024,341.88101,30.24000,0.36067,82.22317,,50.00000,20.00000,1.09898,1
106,3025,341.97198,30.25000,0.35952,82.22307,,50.00000,20.00000,1.09890,1
106,3026,342.06900,30.26000,0.35820,82.22174,,50.00000,20.00000,1.09881,1
106,3027,342.17700,30.27000,0.35773,82.21678,,50.00000,20.00000,1.09872,1
106,3028,342.27499,30.28000,0.35784,82.21303,,50.00000,20.00000,1.09863,1
106,3029,342.37799,30.29000,0.35644,82.20928,,50.00000,20.00000,1.09853,1
106,3030,342.47299,30.30000,0.35571,82.20554,,50.00000,20.00000,1.09845,1
106,3031,342.56699,30.31000,0.35472,82.20301,,50.00000,20.00000,1.09836,1
106,3032,342.67401,30.32000,0.35400,82.20048,,50.00000,20.00000,1.09827,1
106,3033,342.76901,30.33000,0.35284,82.19794,,50.00000,20.00000,1.09818,1
106,3034,342.87399,30.34000,0.35170,82.19662,,50.00000,20.00000,1.09808,1
106,3035,342.96399,30.35000,0.35079,82.19409,,50.00000,20.00000,1.09800,1
106,3036,343.07300,30.36000,0.35066,82.19279,,50.00000,20.00000,1.09790,1
106,3037,343.17200,30.37000,0.34984,82.19150,,50.00000,20.00000,1.09781,1
106,3038,343.26599,30.38000,0.34928,82.18901,,50.00000,20.00000,1.09773,1
106,3039,343.36301,30.39000,0.34821,82.18773,,50.00000,20.00000,1.09764,1
106,3040,343.45499,30.40000,0.34714,82.18645,,50.00000,20.00000,1.09756,1
106,3041,343.55801,30.41000,0.34624,82.18394,,50.00000,20.00000,1.09746,1
106,3042,343.65900,30.42000,0.34509,82.18262,,50.00000,20.00000,1.09737,1
106,3043,343.75000,30.43000,0.34444,82.18129,,50.00000,20.00000,1.09729,1
106,3044,343.86200,30.44000,0.34380,82.17995,,50.00000,20.00000,1.09718,1
106,3045,343.95499,30.45000,0.34315,82.17982,,50.00000,20.00000,1.09710,1
106,3046,344.06100,30.46000,0.34242,82.17970,,50.00000,20.00000,1.09700,1
106,3047,344.15701,30.47000,0.34152,82.17837,,50.00000,20.00000,1.09692,1
106,3048,344.26001,30.48000,0.34045,82.17827,,50.00000,20.00000,1.09682,1
106,3049,344.35699,30.49000,0.33972,82.17818,,50.00000,20.00000,1.09673,1
106,3050,344.45499,30.50000,0.33950,82.17810,,50.00000,20.00000,1.09664,1
106,3051,344.55600,30.51000,0.33910,82.17803,,50.00000,20.00000,1.09655,1
106,3052,344.65201,30.52000,0.33820,82.17795,,50.00000,20.00000,1.09646,1
106,3053,344.74100,30.53000,0.33713,82.17787,,50.00000,20.00000,1.09638,1
106,3054,344.85199,30.54000,0.33648,82.17778,,50.00000,20.00000,1.09628,1
106,3055,344.94400,30.55000,0.33634,82.17769,,50.00000,20.00000,1.09620,1
106,3056,345.04999,30.56000,0.33510,82.17759,,50.00000,20.00000,1.09610,1
106,3057,345.14401,30.57000,0.33530,82.17749,,50.00000,20.00000,1.09601,1
106,3058,345.24200,30.58000,0.33702,82.17739,,50.00000,20.00000,1.09592,1
106,3059,345.34100,30.59000,0.33823,82.17729,,50.00000,20.00000,1.09583,1
106,3060,345.45200,30.60000,0.33792,82.17718,,50.00000,20.00000,1.09573,1
106,3061,345.53601,30.61000,0.33718,82.17586,,50.00000,20.00000,1.09565,1
106,3062,345.64401,30.62000,0.33645,82.17576,,50.00000,20.00000,1.09556,1
106,3063,345.73901,30.63000,0.33538,82.17445,,50.00000,20.00000,1.09547,1
106,3064,345.84500,30.64000,0.33533,82.17436,,50.00000,20.00000,1.09537,1
106,3065,345.94000,30.65000,0.33417,82.17307,,50.00000,20.00000,1.09528,1
106,3066,346.04099,30.66000,0.33403,82.17177,,50.00000,20.00000,1.09519,1
106,3067,346.13101,30.67000,0.33338,82.17169,,50.00000,20.00000,1.09511,1
106,3068,346.22900,30.68000,0.33290,82.17039,,50.00000,20.00000,1.09502,1
106,3069,346.34000,30.69000,0.33251,82.17031,,50.00000,20.00000,1.09492,1
106,3070,346.42999,30.70000,0.33177,82.16901,,50.00000,20.00000,1.09483,1
106,3071,346.53101,30.71000,0.33104,82.16769,,50.00000,20.00000,1.09474,1
106,3072,346.62701,30.72000,0.33039,82.16758,,50.00000,20.00000,1.09465,1
106,3073,346.72800,30.73000,0.33050,82.16625,,50.00000,20.00000,1.09456,1
106,3074,346.82999,30.74000,0.33053,82.16492,,50.00000,20.00000,1.09446,1
106,3075,346.92801,30.75000,0.33005,82.16480,,50.00000,20.00000,1.09437,1
106,3076,347.03699,30.76000,0.32974,82.16349,,50.00000,20.00000,1.09427,1
106,3077,347.13300,30.77000,0.32985,82.16219,,50.00000,20.00000,1.09419,1
106,3078,347.22601,30.78000,0.32962,82.16212,,50.00000,20.00000,1.09410,1
106,3079,347.32901,30.79000,0.32813,82.16086,,50.00000,20.00000,1.09400,1
106,3080,347.42200,30.80000,0.32799,82.16081,,50.00000,20.00000,1.09392,1
106,3081,347.51401,30.81000,0.32827,82.15954,,50.00000,20.00000,1.09383,1
106,3082,347.62000,30.82000,0.32830,82.15707,,50.00000,20.00000,1.09374,1
106,3083,347.71500,30.83000,0.32832,82.15459,,50.00000,20.00000,1.09365,1
106,3084,347.80899,30.84000,0.32801,82.15330,,50.00000,20.00000,1.09356,1
106,3085,347.91199,30.85000,0.32736,82.15079,,50.00000,20.00000,1.09347,1
106,3086,348.00101,30.86000,0.32662,82.14946,,50.00000,20.00000,1.09338,1
106,3087,348.10400,30.87000,0.32657,82.14812,,50.00000,20.00000,1.09329,1
106,3088,348.21799,30.88000,0.32618,82.14678,,50.00000,20.00000,1.09318,1
106,3089,348.31000,30.89000,0.32595,82.14545,,50.00000,20.00000,1.09310,1
106,3090,348.41400,30.90000,0.32564,82.14171,,50.00000,20.00000,1.09300,1
106,3091,348.51300,30.91000,0.32533,82.13920,,50.00000,20.00000,1.09291,1
106,3092,348.60699,30.92000,0.32544,82.13549,,50.00000,20.00000,1.09282,1
106,3093,348.70499,30.93000,0.32538,82.13301,,50.00000,20.00000,1.09273,1
106,3094,348.80301,30.94000,0.32532,82.13052,,50.00000,20.00000,1.09264,1
106,3095,348.89999,30.95000,0.32526,82.12802,,50.00000,20.00000,1.09255,1
106,3096,348.99799,30.96000,0.32470,82.12672,,50.00000,20.00000,1.09246,1
106,3097,349.09299,30.97000,0.32430,82.12540,,50.00000,20.00000,1.09237,1
106,3098,349.19699,30.98000,0.32441,82.12285,,50.00000,20.00000,1.09227,1
106,3099,349.29501,30.99000,0.32452,82.12151,,50.00000,20.00000,1.09218,1
106,3100,349.40900,31.00000,0.32464,82.12018,,50.00000,20.00000,1.09208,1
106,3101,349.50000,31.01000,0.32484,82.12007,,50.00000,20.00000,1.09199,1
106,3102,349.59900,31.02000,0.32486,82.11996,,50.00000,20.00000,1.09190,1
106,3103,349.69901,31.03000,0.32481,82.11864,,50.00000,20.00000,1.09181,1
106,3104,349.79099,31.04000,0.32466,82.11854,,50.00000,20.00000,1.09172,1
106,3105,349.89999,31.05000,0.32427,82.11844,,50.00000,20.00000,1.09162,1
106,3106,349.99899,31.06000,0.32404,82.11836,,50.00000,20.00000,1.09153,1
106,3107,350.10400,31.07000,0.32390,82.11706,,50.00000,20.00000,1.09143,1
106,3108,350.18399,31.08000,0.32392,82.11698,,50.00000,20.00000,1.09135,1
106,3109,350.29901,31.09000,0.32395,82.11569,,50.00000,20.00000,1.09125,1
106,3110,350.38400,31.10000,0.32389,82.11439,,50.00000,20.00000,1.09117,1
106,3111,350.49301,31.11000,0.32367,82.11430,,50.00000,20.00000,1.09107,1
106,3112,350.58600,31.12000,0.32361,82.11300,,50.00000,20.00000,1.09098,1
106,3113,350.69299,31.13000,0.32372,82.11171,,50.00000,20.00000,1.09088,1
106,3114,350.78500,31.14000,0.32358,82.10919,,50.00000,20.00000,1.09079,1
106,3115,350.88699,31.15000,0.32369,82.10789,,50.00000,20.00000,1.09070,1
106,3116,350.97800,31.16000,0.32346,82.10658,,50.00000,20.00000,1.09061,1
106,3117,351.08401,31.17000,0.32383,82.10405,,50.00000,20.00000,1.09051,1
106,3118,351.18399,31.18000,0.32386,82.10273,,50.00000,20.00000,1.09042,1
106,3119,351.28699,31.19000,0.32372,82.10142,,50.00000,20.00000,1.09032,1
106,3120,351.38199,31.20000,0.32349,82.10010,,50.00000,20.00000,1.09023,1
106,3121,351.47900,31.21000,0.32377,82.09758,,50.00000,20.00000,1.09014,1
106,3122,351.58401,31.22000,0.32389,82.09629,,50.00000,20.00000,1.09004,1
106,3123,351.68600,31.23000,0.32375,82.09499,,50.00000,20.00000,1.08995,1
106,3124,351.77200,31.24000,0.32377,82.09370,,50.00000,20.00000,1.08987,1
106,3125,351.87500,31.25000,0.32397,82.09241,,50.00000,20.00000,1.08977,1
106,3126,351.98099,31.26000,0.32400,82.09112,,50.00000,20.00000,1.08967,1
106,3127,352.07199,31.27000,0.32385,82.08860,,50.00000,20.00000,1.08959,1
106,3128,352.17099,31.28000,0.32405,82.08730,,50.00000,20.00000,1.08949,1
106,3129,352.27399,31.29000,0.32408,82.08601,,50.00000,20.00000,1.08940,1
106,3130,352.37100,31.30000,0.32428,82.08470,,50.00000,20.00000,1.08930,1
106,3131,352.46701,31.31000,0.32422,82.08339,,50.00000,20.00000,1.08921,1
106,3132,352.57101,31.32000,0.32442,82.08208,,50.00000,20.00000,1.08912,1
106,3133,352.67200,31.33000,0.32436,82.08077,,50.00000,20.00000,1.08902,1
106,3134,352.76501,31.34000,0.32405,82.08067,,50.00000,20.00000,1.08893,1
106,3135,352.87000,31.35000,0.32399,82.07936,,50.00000,20.00000,1.08883,1
106,3136,352.96399,31.36000,0.32385,82.07926,,50.00000,20.00000,1.08875,1
106,3137,353.07199,31.37000,0.32354,82.07796,,50.00000,20.00000,1.08864,1
106,3138,353.16400,31.38000,0.32382,82.07785,,50.00000,20.00000,1.08856,1
106,3139,353.26401,31.39000,0.32410,82.07653,,50.00000,20.00000,1.08846,1
106,3140,353.36301,31.40000,0.32422,82.07521,,50.00000,20.00000,1.08837,1
106,3141,353.46799,31.41000,0.32416,82.07388,,50.00000,20.00000,1.08827,1
106,3142,353.56400,31.42000,0.32436,82.07377,,50.00000,20.00000,1.08818,1
106,3143,353.67001,31.43000,0.32439,82.07244,,50.00000,20.00000,1.08808,1
106,3144,353.76401,31.44000,0.32407,82.07112,,50.00000,20.00000,1.08799,1
106,3145,353.86700,31.45000,0.32393,82.06981,,50.00000,20.00000,1.08789,1
106,3146,353.96399,31.46000,0.32396,82.06851,,50.00000,20.00000,1.08780,1
106,3147,354.07001,31.47000,0.32373,82.06721,,50.00000,20.00000,1.08770,1
106,3148,354.15799,31.48000,0.32384,82.06592,,50.00000,20.00000,1.08762,1
106,3149,354.26401,31.49000,0.32464,82.06464,,50.00000,20.00000,1.08752,1
106,3150,354.36200,31.50000,0.32467,82.06334,,50.00000,20.00000,1.08742,1
106,3151,354.45901,31.51000,0.32470,82.06202,,50.00000,20.00000,1.08733,1
106,3152,354.54901,31.52000,0.32464,82.06077,,50.00000,20.00000,1.08725,1
106,3153,354.65100,31.53000,0.32466,82.05951,,50.00000,20.00000,1.08715,1
106,3154,354.75400,31.54000,0.32478,82.05817,,50.00000,20.00000,1.08705,1
106,3155,354.85800,31.55000,0.32438,82.05682,,50.00000,20.00000,1.08695,1
106,3156,354.94699,31.56000,0.32458,82.05555,,50.00000,20.00000,1.08687,1
106,3157,355.05600,31.57000,0.32478,82.05426,,50.00000,20.00000,1.08677,1
106,3158,355.14999,31.58000,0.32464,82.05416,,50.00000,20.00000,1.08668,1
106,3159,355.25101,31.59000,0.32449,82.05413,,50.00000,20.00000,1.08658,1
106,3160,355.34500,31.60000,0.32452,82.05289,,50.00000,20.00000,1.08649,1
106,3161,355.44199,31.61000,0.32446,82.05278,,50.00000,20.00000,1.08640,1
106,3162,355.53699,31.62000,0.32440,82.05266,,50.00000,20.00000,1.08631,1
106,3163,355.63901,31.63000,0.32460,82.05260,,50.00000,20.00000,1.08621,1
106,3164,355.74100,31.64000,0.32480,82.05253,,50.00000,20.00000,1.08611,1
106,3165,355.85101,31.65000,0.32518,82.05244,,50.00000,20.00000,1.08601,1
106,3166,355.94901,31.66000,0.32512,82.05235,,50.00000,20.00000,1.08592,1
106,3167,356.03799,31.67000,0.32506,82.05106,,50.00000,20.00000,1.08583,1
106,3168,356.13400,31.68000,0.32526,82.04973,,50.00000,20.00000,1.08574,1
106,3169,356.23599,31.69000,0.32520,82.04841,,50.00000,20.00000,1.08564,1
106,3170,356.33701,31.70000,0.32531,82.04593,,50.00000,20.00000,1.08555,1
106,3171,356.43701,31.71000,0.32517,82.04464,,50.00000,20.00000,1.08545,1
106,3172,356.53299,31.72000,0.32529,82.04332,,50.00000,20.00000,1.08536,1
106,3173,356.63901,31.73000,0.32540,82.04200,,50.00000,20.00000,1.08526,1
106,3174,356.74200,31.74000,0.32560,82.04070,,50.00000,20.00000,1.08516,1
106,3175,356.84000,31.75000,0.32546,82.03936,,50.00000,20.00000,1.08507,1
106,3176,356.92999,31.76000,0.32548,82.03801,,50.00000,20.00000,1.08498,1
106,3177,357.03299,31.77000,0.32551,82.03674,,50.00000,20.00000,1.08488,1
106,3178,357.12701,31.78000,0.32571,82.03548,,50.00000,20.00000,1.08479,1
106,3179,357.24600,31.79000,0.32600,82.03415,,50.00000,20.00000,1.08468,1
106,3180,357.33401,31.80000,0.32586,82.03403,,50.00000,20.00000,1.08459,1
106,3181,357.42899,31.81000,0.32588,82.03279,,50.00000,20.00000,1.08450,1
106,3182,357.52899,31.82000,0.32600,82.03152,,50.00000,20.00000,1.08441,1
106,3183,357.62299,31.83000,0.32603,82.03021,,50.00000,20.00000,1.08432,1
106,3184,357.72198,31.84000,0.32605,82.02896,,50.00000,20.00000,1.08422,1
106,3185,357.82401,31.85000,0.32600,82.02769,,50.00000,20.00000,1.08412,1
106,3186,357.92200,31.86000,0.32594,82.02513,,50.00000,20.00000,1.08403,1
106,3187,358.02100,31.87000,0.32640,82.02378,,50.00000,20.00000,1.08393,1
106,3188,358.12601,31.88000,0.32677,82.02131,,50.00000,20.00000,1.08383,1
106,3189,358.22900,31.89000,0.32646,82.02006,,50.00000,20.00000,1.08373,1
106,3190,358.31601,31.90000,0.32631,82.01757,,50.00000,20.00000,1.08365,1
106,3191,358.41199,31.91000,0.32651,82.01629,,50.00000,20.00000,1.08356,1
106,3192,358.52200,31.92000,0.32637,82.01503,,50.00000,20.00000,1.08345,1
106,3193,358.61301,31.93000,0.32648,82.01372,,50.00000,20.00000,1.08337,1
106,3194,358.71100,31.94000,0.32660,82.01240,,50.00000,20.00000,1.08327,1
106,3195,358.80899,31.95000,0.32671,82.01115,,50.00000,20.00000,1.08318,1
106,3196,358.90500,31.96000,0.32657,82.00989,,50.00000,20.00000,1.08308,1
106,3197,359.01099,31.97000,0.32685,82.00736,,50.00000,20.00000,1.08298,1
106,3198,359.10599,31.98000,0.32722,82.00603,,50.00000,20.00000,1.08289,1
106,3199,359.20300,31.99000,0.32768,82.00468,,50.00000,20.00000,1.08280,1
106,3200,359.31400,32.00000,0.32780,82.00330,,50.00000,20.00000,1.08269,1
106,3201,359.41299,32.01000,0.32757,82.00193,,50.00000,20.00000,1.08259,1
106,3202,359.52200,32.02000,0.32752,82.00067,,50.00000,20.00000,1.08249,1
106,3203,359.61200,32.03000,0.32746,81.99941,,50.00000,20.00000,1.08240,1
106,3204,359.70401,32.04000,0.32731,81.99808,,50.00000,20.00000,1.08231,1
106,3205,359.80399,32.05000,0.32734,81.99676,,50.00000,20.00000,1.08222,1
106,3206,359.90500,32.06000,0.32763,81.99552,,50.00000,20.00000,1.08212,1
106,3207,360.01099,32.07000,0.32766,81.99546,,50.00000,20.00000,1.08202,1
106,3208,360.10800,32.08000,0.32760,81.99535,,50.00000,20.00000,1.08192,1
106,3209,360.19901,32.09000,0.32771,81.99409,,50.00000,20.00000,1.08184,1
106,3210,360.29199,32.10000,0.32800,81.99404,,50.00000,20.00000,1.08175,1
106,3211,360.40100,32.11000,0.32777,81.99391,,50.00000,20.00000,1.08164,1
106,3212,360.50601,32.12000,0.32746,81.99377,,50.00000,20.00000,1.08154,1
106,3213,360.59799,32.13000,0.32740,81.99370,,50.00000,20.00000,1.08145,1
106,3214,360.70099,32.14000,0.32760,81.99364,,50.00000,20.00000,1.08135,1
106,3215,360.79901,32.15000,0.32780,81.99355,,50.00000,20.00000,1.08125,1
106,3216,360.90399,32.16000,0.32801,81.99346,,50.00000,20.00000,1.08115,1
106,3217,361.00400,32.17000,0.32821,81.99339,,50.00000,20.00000,1.08106,1
106,3218,361.09698,32.18000,0.32823,81.99207,,50.00000,20.00000,1.08097,1
106,3219,361.19501,32.19000,0.32835,81.99197,,50.00000,20.00000,1.08087,1
106,3220,361.29099,32.20000,0.32863,81.99194,,50.00000,20.00000,1.08078,1
106,3221,361.39200,32.21000,0.32849,81.99070,,50.00000,20.00000,1.08068,1
106,3222,361.49600,32.22000,0.32844,81.98943,,50.00000,20.00000,1.08058,1
106,3223,361.58600,32.23000,0.32864,81.98936,,50.00000,20.00000,1.08049,1
106,3224,361.69501,32.24000,0.32884,81.98808,,50.00000,20.00000,1.08038,1
106,3225,361.78201,32.25000,0.32878,81.98796,,50.00000,20.00000,1.08030,1
106,3226,361.87799,32.26000,0.32881,81.98662,,50.00000,20.00000,1.08021,1
106,3227,361.99200,32.27000,0.32876,81.98535,,50.00000,20.00000,1.08010,1
106,3228,362.08301,32.28000,0.32895,81.98528,,50.00000,20.00000,1.08001,1
106,3229,362.18701,32.29000,0.32907,81.98391,,50.00000,20.00000,1.07991,1
106,3230,362.29099,32.30000,0.32910,81.98255,,50.00000,20.00000,1.07980,1
106,3231,362.38800,32.31000,0.32913,81.98249,,50.00000,20.00000,1.07971,1
106,3232,362.48499,32.32000,0.32916,81.98118,,50.00000,20.00000,1.07962,1
106,3233,362.58200,32.33000,0.32970,81.97740,,50.00000,20.00000,1.07952,1
106,3234,362.69199,32.34000,0.32965,81.97371,,50.00000,20.00000,1.07941,1
106,3235,362.78799,32.35000,0.32942,81.97124,,50.00000,20.00000,1.07932,1
106,3236,362.88400,32.36000,0.32954,81.96871,,50.00000,20.00000,1.07923,1
106,3237,362.99100,32.37000,0.32940,81.96618,,50.00000,20.00000,1.07912,1
106,3238,363.08301,32.38000,0.32951,81.96374,,50.00000,20.00000,1.07903,1
106,3239,363.16800,32.39000,0.32971,81.96250,,50.00000,20.00000,1.07895,1
106,3240,363.27600,32.40000,0.33000,81.95999,,50.00000,20.00000,1.07884,1
106,3241,363.37299,32.41000,0.32985,81.95867,,50.00000,20.00000,1.07875,1
106,3242,363.48300,32.42000,0.32971,81.95735,,50.00000,20.00000,1.07864,1
106,3243,363.57800,32.43000,0.32949,81.95477,,50.00000,20.00000,1.07855,1
106,3244,363.68301,32.44000,0.32943,81.95342,,50.00000,20.00000,1.07845,1
106,3245,363.77802,32.45000,0.32963,81.95217,,50.00000,20.00000,1.07835,1
106,3246,363.88101,32.46000,0.33001,81.95094,,50.00000,20.00000,1.07825,1
106,3247,363.97000,32.47000,0.33020,81.94968,,50.00000,20.00000,1.07816,1
106,3248,364.07300,32.48000,0.33023,81.94842,,50.00000,20.00000,1.07806,1
106,3249,364.17001,32.49000,0.33052,81.94717,,50.00000,20.00000,1.07797,1
106,3250,364.26901,32.50000,0.33047,81.94588,,50.00000,20.00000,1.07787,1
106,3251,364.36499,32.51000,0.33041,81.94459,,50.00000,20.00000,1.07778,1
106,3252,364.45801,32.52000,0.33052,81.94336,,50.00000,20.00000,1.07769,1
106,3253,364.55899,32.53000,0.33064,81.94213,,50.00000,20.00000,1.07759,1
106,3254,364.65399,32.54000,0.33075,81.93959,,50.00000,20.00000,1.07749,1
106,3255,364.75900,32.55000,0.33087,81.93825,,50.00000,20.00000,1.07739,1
106,3256,364.85901,32.56000,0.33090,81.93699,,50.00000,20.00000,1.07729,1
106,3257,364.95300,32.57000,0.33084,81.93445,,50.00000,20.00000,1.07720,1
106,3258,365.06100,32.58000,0.33096,81.93310,,50.00000,20.00000,1.07709,1
106,3259,365.15701,32.59000,0.33090,81.93183,,50.00000,20.00000,1.07700,1
106,3260,365.26401,32.60000,0.33034,81.93058,,50.00000,20.00000,1.07689,1
106,3261,365.35300,32.61000,0.33028,81.92802,,50.00000,20.00000,1.07681,1
106,3262,365.45599,32.62000,0.33065,81.92668,,50.00000,20.00000,1.07670,1
106,3263,365.55600,32.63000,0.33111,81.92422,,50.00000,20.00000,1.07661,1
106,3264,365.65500,32.64000,0.33123,81.92298,,50.00000,20.00000,1.07651,1
106,3265,365.75500,32.65000,0.33126,81.92049,,50.00000,20.00000,1.07641,1
106,3266,365.85501,32.66000,0.33146,81.91921,,50.00000,20.00000,1.07631,1
106,3267,365.95001,32.67000,0.33149,81.91671,,50.00000,20.00000,1.07622,1
106,3268,366.04001,32.68000,0.33160,81.91538,,50.00000,20.00000,1.07613,1
106,3269,366.14801,32.69000,0.33181,81.91405,,50.00000,20.00000,1.07602,1
106,3270,366.25800,32.70000,0.33167,81.91280,,50.00000,20.00000,1.07591,1
106,3271,366.34299,32.71000,0.33144,81.91154,,50.00000,20.00000,1.07583,1
106,3272,366.44199,32.72000,0.33164,81.91146,,50.00000,20.00000,1.07573,1
106,3273,366.55200,32.73000,0.33184,81.91019,,50.00000,20.00000,1.07562,1
106,3274,366.64999,32.74000,0.33205,81.90891,,50.00000,20.00000,1.07553,1
106,3275,366.73599,32.75000,0.33199,81.90759,,50.00000,20.00000,1.07544,1
106,3276,366.84201,32.76000,0.33210,81.90627,,50.00000,20.00000,1.07534,1
106,3277,366.93500,32.77000,0.33188,81.90503,,50.00000,20.00000,1.07524,1
106,3278,367.04501,32.78000,0.33191,81.90379,,50.00000,20.00000,1.07514,1
106,3279,367.13599,32.79000,0.33168,81.90246,,50.00000,20.00000,1.07505,1
106,3280,367.23999,32.80000,0.33197,81.90113,,50.00000,20.00000,1.07494,1
106,3281,367.33099,32.81000,0.33243,81.89988,,50.00000,20.00000,1.07485,1
106,3282,367.43301,32.82000,0.33263,81.89981,,50.00000,20.00000,1.07475,1
106,3283,367.54099,32.83000,0.33249,81.89848,,50.00000,20.00000,1.07464,1
106,3284,367.63000,32.84000,0.33252,81.89843,,50.00000,20.00000,1.07456,1
106,3285,367.73001,32.85000,0.33238,81.89717,,50.00000,20.00000,1.07446,1
106,3286,367.83099,32.86000,0.33232,81.89705,,50.00000,20.00000,1.07436,1
106,3287,367.94101,32.87000,0.33218,81.89693,,50.00000,20.00000,1.07425,1
106,3288,368.03299,32.88000,0.33230,81.89568,,50.00000,20.00000,1.07416,1
106,3289,368.12500,32.89000,0.33258,81.89445,,50.00000,20.00000,1.07407,1
106,3290,368.22900,32.90000,0.33279,81.89438,,50.00000,20.00000,1.07396,1
106,3291,368.32700,32.91000,0.33282,81.89310,,50.00000,20.00000,1.07386,1
106,3292,368.42099,32.92000,0.33311,81.89181,,50.00000,20.00000,1.07377,1
106,3293,368.53201,32.93000,0.33331,81.89169,,50.00000,20.00000,1.07366,1
106,3294,368.62500,32.94000,0.33343,81.89036,,50.00000,20.00000,1.07357,1
106,3295,368.72101,32.95000,0.33354,81.88909,,50.00000,20.00000,1.07347,1
106,3296,368.81799,32.96000,0.33306,81.88782,,50.00000,20.00000,1.07338,1
106,3297,368.93301,32.97000,0.33266,81.88774,,50.00000,20.00000,1.07326,1
106,3298,369.02600,32.98000,0.33295,81.88645,,50.00000,20.00000,1.07317,1
106,3299,369.12601,32.99000,0.33332,81.88517,,50.00000,20.00000,1.07307,1
106,3300,369.21899,33.00000,0.33335,81.88386,,50.00000,20.00000,1.07298,1
106,3301,369.32101,33.01000,0.33338,81.88256,,50.00000,20.00000,1.07287,1
106,3302,369.41199,33.02000,0.33341,81.88254,,50.00000,20.00000,1.07278,1
106,3303,369.51901,33.03000,0.33353,81.88131,,50.00000,20.00000,1.07268,1
106,3304,369.61499,33.04000,0.33373,81.88000,,50.00000,20.00000,1.07258,1
106,3305,369.70999,33.05000,0.33359,81.87867,,50.00000,20.00000,1.07249,1
106,3306,369.81400,33.06000,0.33362,81.87742,,50.00000,20.00000,1.07238,1
106,3307,369.90799,33.07000,0.33417,81.87733,,50.00000,20.00000,1.07229,1
106,3308,370.01501,33.08000,0.33395,81.87600,,50.00000,20.00000,1.07218,1
106,3309,370.11600,33.09000,0.33380,81.87475,,50.00000,20.00000,1.07208,1
106,3310,370.20801,33.10000,0.33401,81.87351,,50.00000,20.00000,1.07199,1
106,3311,370.30701,33.11000,0.33404,81.87340,,50.00000,20.00000,1.07189,1
106,3312,370.41000,33.12000,0.33398,81.87208,,50.00000,20.00000,1.07179,1
106,3313,370.50601,33.13000,0.33393,81.87205,,50.00000,20.00000,1.07169,1
106,3314,370.60101,33.14000,0.33413,81.87079,,50.00000,20.00000,1.07160,1
106,3315,370.70599,33.15000,0.33468,81.87071,,50.00000,20.00000,1.07149,1
106,3316,370.80899,33.16000,0.33463,81.87062,,50.00000,20.00000,1.07139,1
106,3317,370.90399,33.17000,0.33465,81.87053,,50.00000,20.00000,1.07129,1
106,3318,371.00601,33.18000,0.33451,81.87042,,50.00000,20.00000,1.07119,1
106,3319,371.10599,33.19000,0.33463,81.87031,,50.00000,20.00000,1.07109,1
106,3320,371.20599,33.20000,0.33475,81.87029,,50.00000,20.00000,1.07099,1
106,3321,371.29700,33.21000,0.33486,81.87028,,50.00000,20.00000,1.07090,1
106,3322,371.39700,33.22000,0.33472,81.86901,,50.00000,20.00000,1.07080,1
106,3323,371.49500,33.23000,0.33475,81.86773,,50.00000,20.00000,1.07070,1
106,3324,371.59900,33.24000,0.33505,81.86645,,50.00000,20.00000,1.07059,1
106,3325,371.69400,33.25000,0.33508,81.86512,,50.00000,20.00000,1.07050,1
106,3326,371.79300,33.26000,0.33537,81.86379,,50.00000,20.00000,1.07040,1
106,3327,371.89301,33.27000,0.33531,81.86254,,50.00000,20.00000,1.07030,1
106,3328,371.99200,33.28000,0.33569,81.86129,,50.00000,20.00000,1.07020,1
106,3329,372.09900,33.29000,0.33590,81.85997,,50.00000,20.00000,1.07009,1
106,3330,372.19601,33.30000,0.33601,81.85866,,50.00000,20.00000,1.06999,1
106,3331,372.28699,33.31000,0.33630,81.85742,,50.00000,20.00000,1.06990,1
106,3332,372.38101,33.32000,0.33598,81.85614,,50.00000,20.00000,1.06981,1
106,3333,372.48901,33.33000,0.33576,81.85482,,50.00000,20.00000,1.06970,1
106,3334,372.58801,33.34000,0.33614,81.85358,,50.00000,20.00000,1.06960,1
106,3335,372.68600,33.35000,0.33634,81.85355,,50.00000,20.00000,1.06950,1
106,3336,372.78400,33.36000,0.33620,81.85222,,50.00000,20.00000,1.06940,1
106,3337,372.88501,33.37000,0.33597,81.85090,,50.00000,20.00000,1.06930,1
106,3338,372.98801,33.38000,0.33557,81.84966,,50.00000,20.00000,1.06920,1
106,3339,373.07300,33.39000,0.33586,81.84842,,50.00000,20.00000,1.06911,1
106,3340,373.18399,33.40000,0.33624,81.84713,,50.00000,20.00000,1.06900,1
106,3341,373.27802,33.41000,0.33653,81.84705,,50.00000,20.00000,1.06890,1
106,3342,373.37500,33.42000,0.33656,81.84575,,50.00000,20.00000,1.06881,1
106,3343,373.48700,33.43000,0.33660,81.84443,,50.00000,20.00000,1.06869,1
106,3344,373.57999,33.44000,0.33636,81.84310,,50.00000,20.00000,1.06860,1
106,3345,373.67499,33.45000,0.33657,81.84186,,50.00000,20.00000,1.06850,1
106,3346,373.78101,33.46000,0.33678,81.84183,,50.00000,20.00000,1.06839,1
106,3347,373.86801,33.47000,0.33680,81.84053,,50.00000,20.00000,1.06831,1
106,3348,373.97101,33.48000,0.33666,81.83923,,50.00000,20.00000,1.06820,1
106,3349,374.07999,33.49000,0.33670,81.83915,,50.00000,20.00000,1.06809,1
106,3350,374.17999,33.50000,0.33656,81.83903,,50.00000,20.00000,1.06799,1
106,3351,374.27100,33.51000,0.33659,81.83770,,50.00000,20.00000,1.06790,1
106,3352,374.37799,33.52000,0.33697,81.83767,,50.00000,20.00000,1.06779,1
106,3353,374.46899,33.53000,0.33717,81.83763,,50.00000,20.00000,1.06770,1
106,3354,374.57001,33.54000,0.33703,81.83752,,50.00000,20.00000,1.06760,1
106,3355,374.67099,33.55000,0.33689,81.83742,,50.00000,20.00000,1.06749,1
106,3356,374.77301,33.56000,0.33701,81.83740,,50.00000,20.00000,1.06739,1
106,3357,374.87299,33.57000,0.33712,81.83734,,50.00000,20.00000,1.06729,1
106,3358,374.96100,33.58000,0.33733,81.83723,,50.00000,20.00000,1.06720,1
106,3359,375.06799,33.59000,0.33745,81.83720,,50.00000,20.00000,1.06709,1
106,3360,375.16000,33.60000,0.33765,81.83716,,50.00000,20.00000,1.06700,1
106,3361,375.27200,33.61000,0.33751,81.83704,,50.00000,20.00000,1.06688,1
106,3362,375.36301,33.62000,0.33737,81.83572,,50.00000,20.00000,1.06679,1
106,3363,375.47101,33.63000,0.33775,81.83568,,50.00000,20.00000,1.06668,1
106,3364,375.55701,33.64000,0.33778,81.83565,,50.00000,20.00000,1.06659,1
106,3365,375.66501,33.65000,0.33790,81.83438,,50.00000,20.00000,1.06648,1
106,3366,375.75900,33.66000,0.33819,81.83432,,50.00000,20.00000,1.06639,1
106,3367,375.85999,33.67000,0.33840,81.83305,,50.00000,20.00000,1.06628,1
106,3368,375.96399,33.68000,0.33834,81.83296,,50.00000,20.00000,1.06618,1
106,3369,376.05399,33.69000,0.33846,81.83165,,50.00000,20.00000,1.06609,1
106,3370,376.15201,33.70000,0.33806,81.83040,,50.00000,20.00000,1.06599,1
106,3371,376.25201,33.71000,0.33800,81.83036,,50.00000,20.00000,1.06589,1
106,3372,376.35901,33.72000,0.33856,81.82907,,50.00000,20.00000,1.06578,1
106,3373,376.45499,33.73000,0.33842,81.82899,,50.00000,20.00000,1.06568,1
106,3374,376.55499,33.74000,0.33862,81.82770,,50.00000,20.00000,1.06558,1
106,3375,376.65500,33.75000,0.33874,81.82760,,50.00000,20.00000,1.06547,1
106,3376,376.75201,33.76000,0.33869,81.82629,,50.00000,20.00000,1.06538,1
106,3377,376.85699,33.77000,0.33855,81.82507,,50.00000,20.00000,1.06527,1
106,3378,376.93900,33.78000,0.33892,81.82140,,50.00000,20.00000,1.06518,1
106,3379,377.04599,33.79000,0.33904,81.81770,,50.00000,20.00000,1.06507,1
106,3380,377.15100,33.80000,0.33899,81.81520,,50.00000,20.00000,1.06497,1
106,3381,377.24500,33.81000,0.33902,81.81270,,50.00000,20.00000,1.06487,1
106,3382,377.34799,33.82000,0.33897,81.81016,,50.00000,20.00000,1.06477,1
106,3383,377.44601,33.83000,0.33917,81.80761,,50.00000,20.00000,1.06467,1
106,3384,377.54099,33.84000,0.33929,81.80636,,50.00000,20.00000,1.06457,1
106,3385,377.64099,33.85000,0.33897,81.80391,,50.00000,20.00000,1.06447,1
106,3386,377.75400,33.86000,0.33927,81.80260,,50.00000,20.00000,1.06435,1
106,3387,377.84799,33.87000,0.33965,81.80129,,50.00000,20.00000,1.06425,1
106,3388,377.93500,33.88000,0.34011,81.80004,,50.00000,20.00000,1.06417,1
106,3389,378.03101,33.89000,0.34006,81.79879,,50.00000,20.00000,1.06407,1
106,3390,378.13901,33.90000,0.33983,81.79750,,50.00000,20.00000,1.06396,1
106,3391,378.24399,33.91000,0.33995,81.79497,,50.00000,20.00000,1.06385,1
106,3392,378.33701,33.92000,0.33972,81.79366,,50.00000,20.00000,1.06375,1
106,3393,378.44699,33.93000,0.33976,81.79232,,50.00000,20.00000,1.06364,1
106,3394,378.54501,33.94000,0.34005,81.79098,,50.00000,20.00000,1.06354,1
106,3395,378.63800,33.95000,0.33991,81.78972,,50.00000,20.00000,1.06344,1
106,3396,378.73999,33.96000,0.33968,81.78847,,50.00000,20.00000,1.06334,1
106,3397,378.84100,33.97000,0.33972,81.78718,,50.00000,20.00000,1.06324,1
106,3398,378.93399,33.98000,0.34018,81.78710,,50.00000,20.00000,1.06314,1
106,3399,379.04599,33.99000,0.33996,81.78702,,50.00000,20.00000,1.06302,1
106,3400,379.14401,34.00000,0.34016,81.78570,,50.00000,20.00000,1.06292,1
106,3401,379.23401,34.01000,0.34011,81.78558,,50.00000,20.00000,1.06283,1
106,3402,379.33899,34.02000,0.34005,81.78556,,50.00000,20.00000,1.06272,1
106,3403,379.44101,34.03000,0.34035,81.78555,,50.00000,20.00000,1.06262,1
106,3404,379.53699,34.04000,0.34038,81.78550,,50.00000,20.00000,1.06252,1
106,3405,379.63101,34.05000,0.34050,81.78544,,50.00000,20.00000,1.06242,1
106,3406,379.73300,34.06000,0.34044,81.78538,,50.00000,20.00000,1.06232,1
106,3407,379.82700,34.07000,0.34048,81.78528,,50.00000,20.00000,1.06222,1
106,3408,379.93500,34.08000,0.34051,81.78518,,50.00000,20.00000,1.06211,1
106,3409,380.03299,34.09000,0.34072,81.78516,,50.00000,20.00000,1.06201,1
106,3410,380.12399,34.10000,0.34084,81.78514,,50.00000,20.00000,1.06191,1
106,3411,380.22699,34.11000,0.34087,81.78504,,50.00000,20.00000,1.06181,1
106,3412,380.33099,34.12000,0.34117,81.78494,,50.00000,20.00000,1.06170,1
106,3413,380.42801,34.13000,0.34137,81.78494,,50.00000,20.00000,1.06160,1
106,3414,380.52499,34.14000,0.34088,81.78495,,50.00000,20.00000,1.06150,1
106,3415,380.62000,34.15000,0.34083,81.78490,,50.00000,20.00000,1.06140,1
106,3416,380.70999,34.16000,0.34094,81.78485,,50.00000,20.00000,1.06131,1
106,3417,380.82001,34.17000,0.34124,81.78481,,50.00000,20.00000,1.06120,1
106,3418,380.92099,34.18000,0.34127,81.78472,,50.00000,20.00000,1.06109,1
106,3419,381.01501,34.19000,0.34122,81.78462,,50.00000,20.00000,1.06099,1
106,3420,381.11200,34.20000,0.34143,81.78460,,50.00000,20.00000,1.06089,1
106,3421,381.21301,34.21000,0.34146,81.78338,,50.00000,20.00000,1.06079,1
106,3422,381.31601,34.22000,0.34141,81.78333,,50.00000,20.00000,1.06068,1
106,3423,381.40399,34.23000,0.34152,81.78327,,50.00000,20.00000,1.06059,1
106,3424,381.50699,34.24000,0.34173,81.78199,,50.00000,20.00000,1.06048,1
106,3425,381.60999,34.25000,0.34168,81.78188,,50.00000,20.00000,1.06038,1
106,3426,381.70599,34.26000,0.34197,81.78056,,50.00000,20.00000,1.06028,1
106,3427,381.80801,34.27000,0.34183,81.78052,,50.00000,20.00000,1.06017,1
106,3428,381.90900,34.28000,0.34178,81.78049,,50.00000,20.00000,1.06007,1
106,3429,382.00800,34.29000,0.34225,81.77921,,50.00000,20.00000,1.05997,1
106,3430,382.10800,34.30000,0.34246,81.77549,,50.00000,20.00000,1.05986,1
106,3431,382.19901,34.31000,0.34231,81.77177,,50.00000,20.00000,1.05977,1
106,3432,382.30399,34.32000,0.34226,81.76679,,50.00000,20.00000,1.05966,1
106,3433,382.40900,34.33000,0.34221,81.76303,,50.00000,20.00000,1.05955,1
106,3434,382.51300,34.34000,0.34233,81.75936,,50.00000,20.00000,1.05944,1
106,3435,382.60400,34.35000,0.34262,81.75569,,50.00000,20.00000,1.05935,1
106,3436,382.70700,34.36000,0.34248,81.75315,,50.00000,20.00000,1.05924,1
106,3437,382.79700,34.37000,0.34243,81.75061,,50.00000,20.00000,1.05915,1
106,3438,382.90500,34.38000,0.34255,81.74816,,50.00000,20.00000,1.05903,1
106,3439,383.01199,34.39000,0.34232,81.74571,,50.00000,20.00000,1.05892,1
106,3440,383.10501,34.40000,0.34235,81.74323,,50.00000,20.00000,1.05883,1
106,3441,383.20099,34.41000,0.34265,81.74077,,50.00000,20.00000,1.05873,1
106,3442,383.30099,34.42000,0.34242,81.73832,,50.00000,20.00000,1.05862,1
106,3443,383.39700,34.43000,0.34254,81.73704,,50.00000,20.00000,1.05852,1
106,3444,383.48901,34.44000,0.34266,81.73575,,50.00000,20.00000,1.05843,1
106,3445,383.59000,34.45000,0.34261,81.73331,,50.00000,20.00000,1.05832,1
106,3446,383.69299,34.46000,0.34264,81.73207,,50.00000,20.00000,1.05821,1
106,3447,383.79001,34.47000,0.34259,81.73078,,50.00000,20.00000,1.05811,1
106,3448,383.89401,34.48000,0.34245,81.72948,,50.00000,20.00000,1.05800,1
106,3449,383.99399,34.49000,0.34239,81.72818,,50.00000,20.00000,1.05790,1
106,3450,384.08499,34.50000,0.34242,81.72682,,50.00000,20.00000,1.05780,1
106,3451,384.19901,34.51000,0.34334,81.72548,,50.00000,20.00000,1.05768,1
106,3452,384.29599,34.52000,0.34319,81.72302,,50.00000,20.00000,1.05758,1
106,3453,384.39001,34.53000,0.34305,81.72177,,50.00000,20.00000,1.05749,1
106,3454,384.49899,34.54000,0.34274,81.72049,,50.00000,20.00000,1.05737,1
106,3455,384.59299,34.55000,0.34259,81.71923,,50.00000,20.00000,1.05727,1
106,3456,384.69400,34.56000,0.34263,81.71797,,50.00000,20.00000,1.05717,1
106,3457,384.79199,34.57000,0.34284,81.71668,,50.00000,20.00000,1.05706,1
106,3458,384.88199,34.58000,0.34287,81.71660,,50.00000,20.00000,1.05697,1
106,3459,384.98401,34.59000,0.34264,81.71536,,50.00000,20.00000,1.05686,1
106,3460,385.08401,34.60000,0.34267,81.71534,,50.00000,20.00000,1.05676,1
106,3461,385.18900,34.61000,0.34306,81.71402,,50.00000,20.00000,1.05665,1
106,3462,385.29199,34.62000,0.34318,81.71269,,50.00000,20.00000,1.05654,1
106,3463,385.38101,34.63000,0.34348,81.71145,,50.00000,20.00000,1.05645,1
106,3464,385.47800,34.64000,0.34368,81.71022,,50.00000,20.00000,1.05635,1
106,3465,385.58899,34.65000,0.34372,81.70895,,50.00000,20.00000,1.05623,1
106,3466,385.68100,34.66000,0.34349,81.70889,,50.00000,20.00000,1.05613,1
106,3467,385.78000,34.67000,0.34370,81.70761,,50.00000,20.00000,1.05603,1
106,3468,385.88101,34.68000,0.34373,81.70629,,50.00000,20.00000,1.05592,1
106,3469,385.98199,34.69000,0.34394,81.70498,,50.00000,20.00000,1.05582,1
106,3470,386.07999,34.70000,0.34415,81.70375,,50.00000,20.00000,1.05571,1
106,3471,386.18100,34.71000,0.34392,81.70374,,50.00000,20.00000,1.05561,1
106,3472,386.27600,34.72000,0.34369,81.70370,,50.00000,20.00000,1.05551,1
106,3473,386.37201,34.73000,0.34381,81.70244,,50.00000,20.00000,1.05541,1
106,3474,386.47900,34.74000,0.34403,81.70240,,50.00000,20.00000,1.05530,1
106,3475,386.56900,34.75000,0.34432,81.70232,,50.00000,20.00000,1.05520,1
106,3476,386.67300,34.76000,0.34418,81.70224,,50.00000,20.00000,1.05509,1
106,3477,386.76700,34.77000,0.34421,81.70225,,50.00000,20.00000,1.05499,1
106,3478,386.86700,34.78000,0.34433,81.70224,,50.00000,20.00000,1.05489,1
106,3479,386.96201,34.79000,0.34428,81.70217,,50.00000,20.00000,1.05479,1
106,3480,387.06100,34.80000,0.34466,81.70209,,50.00000,20.00000,1.05468,1
106,3481,387.16199,34.81000,0.34452,81.70199,,50.00000,20.00000,1.05458,1
106,3482,387.27200,34.82000,0.34439,81.70186,,50.00000,20.00000,1.05446,1
106,3483,387.37299,34.83000,0.34451,81.70172,,50.00000,20.00000,1.05435,1
106,3484,387.46399,34.84000,0.34480,81.70167,,50.00000,20.00000,1.05426,1
106,3485,387.57401,34.85000,0.34493,81.70165,,50.00000,20.00000,1.05414,1
106,3486,387.67001,34.86000,0.34444,81.70155,,50.00000,20.00000,1.05404,1
106,3487,387.76501,34.87000,0.34447,81.70146,,50.00000,20.00000,1.05394,1
106,3488,387.87000,34.88000,0.34468,81.70145,,50.00000,20.00000,1.05383,1
106,3489,387.95999,34.89000,0.34454,81.70144,,50.00000,20.00000,1.05374,1
106,3490,388.06299,34.90000,0.34440,81.70139,,50.00000,20.00000,1.05363,1
106,3491,388.16400,34.91000,0.34452,81.70134,,50.00000,20.00000,1.05352,1
106,3492,388.25800,34.92000,0.34437,81.70129,,50.00000,20.00000,1.05342,1
106,3493,388.36200,34.93000,0.34459,81.70119,,50.00000,20.00000,1.05331,1
106,3494,388.45700,34.94000,0.34471,81.70109,,50.00000,20.00000,1.05321,1
106,3495,388.56201,34.95000,0.34483,81.70108,,50.00000,20.00000,1.05310,1
106,3496,388.65601,34.96000,0.34504,81.70108,,50.00000,20.00000,1.05300,1
106,3497,388.76099,34.97000,0.34525,81.69982,,50.00000,20.00000,1.05289,1
106,3498,388.84799,34.98000,0.34511,81.69977,,50.00000,20.00000,1.05280,1
106,3499,388.95401,34.99000,0.34532,81.69972,,50.00000,20.00000,1.05268,1
106,3500,389.05399,35.00000,0.34544,81.69843,,50.00000,20.00000,1.05258,1
106,3501,389.15302,35.01000,0.34530,81.69834,,50.00000,20.00000,1.05247,1
106,3502,389.24600,35.02000,0.34551,81.69833,,50.00000,20.00000,1.05238,1
106,3503,389.34399,35.03000,0.34563,81.69710,,50.00000,20.00000,1.05227,1
106,3504,389.45001,35.04000,0.34593,81.69461,,50.00000,20.00000,1.05216,1
106,3505,389.54901,35.05000,0.34597,81.69334,,50.00000,20.00000,1.05205,1
106,3506,389.64700,35.06000,0.34609,81.69084,,50.00000,20.00000,1.05195,1
106,3507,389.73999,35.07000,0.34638,81.68831,,50.00000,20.00000,1.05185,1
106,3508,389.85599,35.08000,0.34651,81.68699,,50.00000,20.00000,1.05173,1
106,3509,389.93900,35.09000,0.34645,81.68577,,50.00000,20.00000,1.05164,1
106,3510,390.04700,35.10000,0.34667,81.68455,,50.00000,20.00000,1.05153,1
106,3511,390.14001,35.11000,0.34652,81.68324,,50.00000,20.00000,1.05143,1
106,3512,390.23999,35.12000,0.34638,81.68193,,50.00000,20.00000,1.05132,1
106,3513,390.34201,35.13000,0.34624,81.68069,,50.00000,20.00000,1.05121,1
106,3514,390.44400,35.14000,0.34610,81.67946,,50.00000,20.00000,1.05110,1
106,3515,390.54099,35.15000,0.34614,81.67818,,50.00000,20.00000,1.05100,1
106,3516,390.64001,35.16000,0.34617,81.67692,,50.00000,20.00000,1.05090,1
106,3517,390.74600,35.17000,0.34647,81.67566,,50.00000,20.00000,1.05078,1
106,3518,390.83301,35.18000,0.34641,81.67436,,50.00000,20.00000,1.05069,1
106,3519,390.93600,35.19000,0.34645,81.67426,,50.00000,20.00000,1.05058,1
106,3520,391.03101,35.20000,0.34657,81.67304,,50.00000,20.00000,1.05048,1
106,3521,391.14099,35.21000,0.34688,81.67181,,50.00000,20.00000,1.05036,1
106,3522,391.23300,35.22000,0.34656,81.67054,,50.00000,20.00000,1.05026,1
106,3523,391.33600,35.23000,0.34668,81.66927,,50.00000,20.00000,1.05015,1
106,3524,391.43201,35.24000,0.34654,81.66800,,50.00000,20.00000,1.05005,1
106,3525,391.53299,35.25000,0.34648,81.66790,,50.00000,20.00000,1.04994,1
106,3526,391.63000,35.26000,0.34661,81.66658,,50.00000,20.00000,1.04984,1
106,3527,391.73300,35.27000,0.34647,81.66533,,50.00000,20.00000,1.04973,1
106,3528,391.82999,35.28000,0.34641,81.66409,,50.00000,20.00000,1.04963,1
106,3529,391.93500,35.29000,0.34645,81.66402,,50.00000,20.00000,1.04951,1
106,3530,392.03400,35.30000,0.34648,81.66395,,50.00000,20.00000,1.04941,1
106,3531,392.13501,35.31000,0.34687,81.66267,,50.00000,20.00000,1.04930,1
106,3532,392.22800,35.32000,0.34691,81.66257,,50.00000,20.00000,1.04920,1
106,3533,392.33301,35.33000,0.34668,81.66248,,50.00000,20.00000,1.04909,1
106,3534,392.43301,35.34000,0.34654,81.66248,,50.00000,20.00000,1.04898,1
106,3535,392.52499,35.35000,0.34648,81.66248,,50.00000,20.00000,1.04888,1
106,3536,392.63101,35.36000,0.34661,81.66240,,50.00000,20.00000,1.04877,1
106,3537,392.72000,35.37000,0.34637,81.66231,,50.00000,20.00000,1.04868,1
106,3538,392.82300,35.38000,0.34632,81.66229,,50.00000,20.00000,1.04857,1
106,3539,392.92700,35.39000,0.34654,81.66106,,50.00000,20.00000,1.04845,1
106,3540,393.02802,35.40000,0.34675,81.65979,,50.00000,20.00000,1.04835,1
106,3541,393.12201,35.41000,0.34722,81.65731,,50.00000,20.00000,1.04825,1
106,3542,393.22400,35.42000,0.34717,81.65605,,50.00000,20.00000,1.04814,1
106,3543,393.32199,35.43000,0.34676,81.65475,,50.00000,20.00000,1.04803,1
106,3544,393.41299,35.44000,0.34688,81.65344,,50.00000,20.00000,1.04793,1
106,3545,393.52499,35.45000,0.34710,81.65221,,50.00000,20.00000,1.04781,1
106,3546,393.61801,35.46000,0.34713,81.65098,,50.00000,20.00000,1.04771,1
106,3547,393.72900,35.47000,0.34708,81.64973,,50.00000,20.00000,1.04759,1
106,3548,393.81601,35.48000,0.34703,81.64849,,50.00000,20.00000,1.04750,1
106,3549,393.91400,35.49000,0.34715,81.64724,,50.00000,20.00000,1.04740,1
106,3550,394.01199,35.50000,0.34710,81.64717,,50.00000,20.00000,1.04729,1
106,3551,394.10501,35.51000,0.34687,81.64588,,50.00000,20.00000,1.04719,1
106,3552,394.21701,35.52000,0.34717,81.64467,,50.00000,20.00000,1.04707,1
106,3553,394.30899,35.53000,0.34747,81.64344,,50.00000,20.00000,1.04697,1
106,3554,394.41101,35.54000,0.34750,81.64219,,50.00000,20.00000,1.04686,1
106,3555,394.50900,35.55000,0.34719,81.64094,,50.00000,20.00000,1.04676,1
106,3556,394.60699,35.56000,0.34713,81.63848,,50.00000,20.00000,1.04665,1
106,3557,394.69901,35.57000,0.34708,81.63719,,50.00000,20.00000,1.04655,1
106,3558,394.80399,35.58000,0.34711,81.63468,,50.00000,20.00000,1.04644,1
106,3559,394.89801,35.59000,0.34741,81.63223,,50.00000,20.00000,1.04634,1
106,3560,394.99899,35.60000,0.34736,81.62978,,50.00000,20.00000,1.04623,1
106,3561,395.10699,35.61000,0.34713,81.62845,,50.00000,20.00000,1.04611,1
106,3562,395.20200,35.62000,0.34717,81.62592,,50.00000,20.00000,1.04601,1
106,3563,395.30399,35.63000,0.34712,81.62469,,50.00000,20.00000,1.04590,1
106,3564,395.40701,35.64000,0.34698,81.62347,,50.00000,20.00000,1.04579,1
106,3565,395.49600,35.65000,0.34692,81.62100,,50.00000,20.00000,1.04569,1
106,3566,395.59900,35.66000,0.34722,81.61975,,50.00000,20.00000,1.04558,1
106,3567,395.70001,35.67000,0.34735,81.61850,,50.00000,20.00000,1.04547,1
106,3568,395.79401,35.68000,0.34756,81.61719,,50.00000,20.00000,1.04537,1
106,3569,395.88599,35.69000,0.34768,81.61588,,50.00000,20.00000,1.04527,1
106,3570,395.99500,35.70000,0.34789,81.61342,,50.00000,20.00000,1.04516,1
106,3571,396.10400,35.71000,0.34776,81.61216,,50.00000,20.00000,1.04504,1
106,3572,396.19601,35.72000,0.34770,81.61087,,50.00000,20.00000,1.04494,1
106,3573,396.30600,35.73000,0.34748,81.60960,,50.00000,20.00000,1.04482,1
106,3574,396.39401,35.74000,0.34742,81.60713,,50.00000,20.00000,1.04472,1
106,3575,396.50101,35.75000,0.34755,81.60585,,50.00000,20.00000,1.04461,1
106,3576,396.59299,35.76000,0.34767,81.60457,,50.00000,20.00000,1.04451,1
106,3577,396.68900,35.77000,0.34788,81.60215,,50.00000,20.00000,1.04441,1
106,3578,396.78900,35.78000,0.34809,81.60095,,50.00000,20.00000,1.04430,1
106,3579,396.88901,35.79000,0.34698,81.59971,,50.00000,20.00000,1.04419,1
106,3580,396.98499,35.80000,0.34719,81.59845,,50.00000,20.00000,1.04408,1
106,3581,397.08401,35.81000,0.34722,81.59598,,50.00000,20.00000,1.04398,1
106,3582,397.18399,35.82000,0.34735,81.59468,,50.00000,20.00000,1.04387,1
106,3583,397.28601,35.83000,0.34703,81.59337,,50.00000,20.00000,1.04376,1
106,3584,397.38000,35.84000,0.34715,81.59215,,50.00000,20.00000,1.04366,1
106,3585,397.48300,35.85000,0.34710,81.58971,,50.00000,20.00000,1.04355,1
106,3586,397.58099,35.86000,0.34705,81.58840,,50.00000,20.00000,1.04344,1
106,3587,397.68201,35.87000,0.34708,81.58708,,50.00000,20.00000,1.04333,1
106,3588,397.78000,35.88000,0.34721,81.58585,,50.00000,20.00000,1.04322,1
106,3589,397.88000,35.89000,0.34733,81.58461,,50.00000,20.00000,1.04311,1
106,3590,397.98099,35.90000,0.34755,81.58333,,50.00000,20.00000,1.04301,1
106,3591,398.08401,35.91000,0.34794,81.58204,,50.00000,20.00000,1.04289,1
106,3592,398.18100,35.92000,0.34806,81.58197,,50.00000,20.00000,1.04279,1
106,3593,398.27899,35.93000,0.34783,81.58065,,50.00000,20.00000,1.04268,1
106,3594,398.39001,35.94000,0.34770,81.58056,,50.00000,20.00000,1.04256,1
106,3595,398.48001,35.95000,0.34808,81.58056,,50.00000,20.00000,1.04246,1
106,3596,398.57901,35.96000,0.34794,81.58056,,50.00000,20.00000,1.04236,1
106,3597,398.67200,35.97000,0.34780,81.58052,,50.00000,20.00000,1.04225,1
106,3598,398.77600,35.98000,0.34801,81.58048,,50.00000,20.00000,1.04214,1
106,3599,398.87799,35.99000,0.34796,81.58044,,50.00000,20.00000,1.04203,1
106,3600,398.97601,36.00000,0.34782,81.58037,,50.00000,20.00000,1.04192,1
106,3601,399.07901,36.01000,0.34795,81.58029,,50.00000,20.00000,1.04181,1
106,3602,399.16299,36.02000,0.34771,81.58031,,50.00000,20.00000,1.04172,1
106,3603,399.27200,36.03000,0.34757,81.57912,,50.00000,20.00000,1.04160,1
106,3604,399.36401,36.04000,0.34760,81.57911,,50.00000,20.00000,1.04150,1
106,3605,399.46899,36.05000,0.34764,81.57787,,50.00000,20.00000,1.04139,1
106,3606,399.55701,36.06000,0.34767,81.57783,,50.00000,20.00000,1.04129,1
106,3607,399.65500,36.07000,0.34771,81.57652,,50.00000,20.00000,1.04118,1
106,3608,399.76001,36.08000,0.34748,81.57520,,50.00000,20.00000,1.04107,1
106,3609,399.86200,36.09000,0.34770,81.57518,,50.00000,20.00000,1.04096,1
106,3610,399.96600,36.10000,0.34782,81.57393,,50.00000,20.00000,1.04084,1
106,3611,400.06500,36.11000,0.34777,81.57260,,50.00000,20.00000,1.04074,1
106,3612,400.15601,36.12000,0.34772,81.57127,,50.00000,20.00000,1.04064,1
106,3613,400.27100,36.13000,0.34776,81.57126,,50.00000,20.00000,1.04051,1
106,3614,400.36499,36.14000,0.34797,81.57003,,50.00000,20.00000,1.04041,1
106,3615,400.46201,36.15000,0.34818,81.56877,,50.00000,20.00000,1.04030,1
106,3616,400.56100,36.16000,0.34804,81.56874,,50.00000,20.00000,1.04019,1
106,3617,400.66101,36.17000,0.34817,81.56749,,50.00000,20.00000,1.04009,1
106,3618,400.75299,36.18000,0.34802,81.56619,,50.00000,20.00000,1.03998,1
106,3619,400.85999,36.19000,0.34797,81.56612,,50.00000,20.00000,1.03987,1
106,3620,400.95801,36.20000,0.34810,81.56491,,50.00000,20.00000,1.03976,1
106,3621,401.05200,36.21000,0.34795,81.56369,,50.00000,20.00000,1.03966,1
106,3622,401.15302,36.22000,0.34763,81.56244,,50.00000,20.00000,1.03955,1
106,3623,401.25500,36.23000,0.34776,81.56239,,50.00000,20.00000,1.03944,1
106,3624,401.35101,36.24000,0.34753,81.56113,,50.00000,20.00000,1.03933,1
106,3625,401.45499,36.25000,0.34730,81.55983,,50.00000,20.00000,1.03922,1
106,3626,401.54700,36.26000,0.34716,81.55975,,50.00000,20.00000,1.03912,1
106,3627,401.64700,36.27000,0.34719,81.55853,,50.00000,20.00000,1.03901,1
106,3628,401.76001,36.28000,0.34741,81.55733,,50.00000,20.00000,1.03888,1
106,3629,401.84500,36.29000,0.34726,81.55729,,50.00000,20.00000,1.03879,1
106,3630,401.93799,36.30000,0.34748,81.55604,,50.00000,20.00000,1.03869,1
106,3631,402.05200,36.31000,0.34761,81.55602,,50.00000,20.00000,1.03856,1
106,3632,402.14001,36.32000,0.34755,81.55473,,50.00000,20.00000,1.03847,1
106,3633,402.23999,36.33000,0.34732,81.55466,,50.00000,20.00000,1.03836,1
106,3634,402.34000,36.34000,0.34718,81.55467,,50.00000,20.00000,1.03825,1
106,3635,402.43900,36.35000,0.34713,81.55470,,50.00000,20.00000,1.03814,1
106,3636,402.54001,36.36000,0.34716,81.55465,,50.00000,20.00000,1.03803,1
106,3637,402.63699,36.37000,0.34738,81.55459,,50.00000,20.00000,1.03792,1
106,3638,402.72299,36.38000,0.34741,81.55460,,50.00000,20.00000,1.03782,1
106,3639,402.82901,36.39000,0.34709,81.55461,,50.00000,20.00000,1.03771,1
106,3640,402.92200,36.40000,0.34766,81.55455,,50.00000,20.00000,1.03761,1
106,3641,403.02802,36.41000,0.34743,81.55449,,50.00000,20.00000,1.03749,1
106,3642,403.13300,36.42000,0.34729,81.55442,,50.00000,20.00000,1.03737,1
106,3643,403.22501,36.43000,0.34742,81.55429,,50.00000,20.00000,1.03727,1
106,3644,403.33701,36.44000,0.34790,81.55418,,50.00000,20.00000,1.03715,1
106,3645,403.42899,36.45000,0.34758,81.55416,,50.00000,20.00000,1.03705,1
106,3646,403.52701,36.46000,0.34708,81.55295,,50.00000,20.00000,1.03694,1
106,3647,403.63199,36.47000,0.34721,81.55292,,50.00000,20.00000,1.03682,1
106,3648,403.73300,36.48000,0.34680,81.55168,,50.00000,20.00000,1.03671,1
106,3649,403.82501,36.49000,0.34683,81.55164,,50.00000,20.00000,1.03661,1
106,3650,403.91800,36.50000,0.34660,81.55155,,50.00000,20.00000,1.03651,1
106,3651,404.01801,36.51000,0.34646,81.55024,,50.00000,20.00000,1.03640,1
106,3652,404.12601,36.52000,0.34650,81.55022,,50.00000,20.00000,1.03628,1
106,3653,404.22800,36.53000,0.34645,81.54777,,50.00000,20.00000,1.03617,1
106,3654,404.32999,36.54000,0.34639,81.54406,,50.00000,20.00000,1.03605,1
106,3655,404.42499,36.55000,0.34643,81.54158,,50.00000,20.00000,1.03595,1
106,3656,404.52701,36.56000,0.34665,81.53790,,50.00000,20.00000,1.03584,1
106,3657,404.62701,36.57000,0.34668,81.53662,,50.00000,20.00000,1.03573,1
106,3658,404.71799,36.58000,0.34681,81.53412,,50.00000,20.00000,1.03563,1
106,3659,404.82401,36.59000,0.34667,81.53291,,50.00000,20.00000,1.03551,1
106,3660,404.91800,36.60000,0.34625,81.53049,,50.00000,20.00000,1.03540,1
106,3661,405.01700,36.61000,0.34611,81.52919,,50.00000,20.00000,1.03530,1
106,3662,405.11899,36.62000,0.34651,81.52669,,50.00000,20.00000,1.03518,1
106,3663,405.21799,36.63000,0.34654,81.52548,,50.00000,20.00000,1.03507,1
106,3664,405.31601,36.64000,0.34631,81.52306,,50.00000,20.00000,1.03496,1
106,3665,405.41501,36.65000,0.34644,81.52182,,50.00000,20.00000,1.03485,1
106,3666,405.51700,36.66000,0.34674,81.51936,,50.00000,20.00000,1.03474,1
106,3667,405.60599,36.67000,0.34651,81.51810,,50.00000,20.00000,1.03464,1
106,3668,405.71201,36.68000,0.34628,81.51681,,50.00000,20.00000,1.03453,1
106,3669,405.80899,36.69000,0.34623,81.51552,,50.00000,20.00000,1.03442,1
106,3670,405.90900,36.70000,0.34608,81.51309,,50.00000,20.00000,1.03431,1
106,3671,406.01300,36.71000,0.34612,81.51187,,50.00000,20.00000,1.03419,1
106,3672,406.10699,36.72000,0.34580,81.51061,,50.00000,20.00000,1.03409,1
106,3673,406.20801,36.73000,0.34566,81.50935,,50.00000,20.00000,1.03398,1
106,3674,406.30499,36.74000,0.34552,81.50809,,50.00000,20.00000,1.03387,1
106,3675,406.40701,36.75000,0.34537,81.50679,,50.00000,20.00000,1.03376,1
106,3676,406.50699,36.76000,0.34541,81.50548,,50.00000,20.00000,1.03364,1
106,3677,406.60101,36.77000,0.34536,81.50425,,50.00000,20.00000,1.03354,1
106,3678,406.70901,36.78000,0.34558,81.50182,,50.00000,20.00000,1.03342,1
106,3679,406.80600,36.79000,0.34561,81.50056,,50.00000,20.00000,1.03331,1
106,3680,406.90799,36.80000,0.34565,81.50053,,50.00000,20.00000,1.03320,1
106,3681,407.00699,36.81000,0.34542,81.49928,,50.00000,20.00000,1.03309,1
106,3682,407.09799,36.82000,0.34491,81.49922,,50.00000,20.00000,1.03299,1
106,3683,407.20200,36.83000,0.34495,81.49794,,50.00000,20.00000,1.03287,1
106,3684,407.29700,36.84000,0.34472,81.49795,,50.00000,20.00000,1.03277,1
106,3685,407.39401,36.85000,0.34493,81.49794,,50.00000,20.00000,1.03266,1
106,3686,407.49399,36.86000,0.34506,81.49663,,50.00000,20.00000,1.03255,1
106,3687,407.59799,36.87000,0.34528,81.49533,,50.00000,20.00000,1.03243,1
106,3688,407.70300,36.88000,0.34523,81.49532,,50.00000,20.00000,1.03231,1
106,3689,407.79800,36.89000,0.34508,81.49411,,50.00000,20.00000,1.03221,1
106,3690,407.89200,36.90000,0.34512,81.49285,,50.00000,20.00000,1.03210,1
106,3691,407.99799,36.91000,0.34525,81.49282,,50.00000,20.00000,1.03199,1
106,3692,408.09299,36.92000,0.34501,81.49156,,50.00000,20.00000,1.03188,1
106,3693,408.19000,36.93000,0.34487,81.48905,,50.00000,20.00000,1.03177,1
106,3694,408.29599,36.94000,0.34473,81.48775,,50.00000,20.00000,1.03165,1
106,3695,408.38901,36.95000,0.34468,81.48533,,50.00000,20.00000,1.03155,1
106,3696,408.49701,36.96000,0.34472,81.48413,,50.00000,20.00000,1.03143,1
106,3697,408.58701,36.97000,0.34493,81.48290,,50.00000,20.00000,1.03133,1
106,3698,408.69199,36.98000,0.34479,81.48167,,50.00000,20.00000,1.03121,1
106,3699,408.78601,36.99000,0.34447,81.47922,,50.00000,20.00000,1.03111,1
106,3700,408.87399,37.00000,0.34414,81.47673,,50.00000,20.00000,1.03101,1
106,3701,408.98999,37.01000,0.34445,81.47423,,50.00000,20.00000,1.03088,1
106,3702,409.07401,37.02000,0.34466,81.47182,,50.00000,20.00000,1.03079,1
106,3703,409.17899,37.03000,0.34470,81.46940,,50.00000,20.00000,1.03067,1
106,3704,409.28400,37.04000,0.34465,81.46816,,50.00000,20.00000,1.03055,1
106,3705,409.38000,37.05000,0.34451,81.46572,,50.00000,20.00000,1.03044,1
106,3706,409.48300,37.06000,0.34464,81.46449,,50.00000,20.00000,1.03033,1
106,3707,409.56500,37.07000,0.34431,81.46321,,50.00000,20.00000,1.03024,1
106,3708,409.67099,37.08000,0.34435,81.46194,,50.00000,20.00000,1.03012,1
106,3709,409.76599,37.09000,0.34393,81.45953,,50.00000,20.00000,1.03001,1
106,3710,409.87201,37.10000,0.34415,81.45712,,50.00000,20.00000,1.02989,1
106,3711,409.97101,37.11000,0.34392,81.45460,,50.00000,20.00000,1.02978,1
106,3712,410.06000,37.12000,0.34386,81.45087,,50.00000,20.00000,1.02968,1
106,3713,410.17200,37.13000,0.34400,81.44843,,50.00000,20.00000,1.02956,1
106,3714,410.26901,37.14000,0.34421,81.44598,,50.00000,20.00000,1.02945,1
106,3715,410.36499,37.15000,0.34407,81.44349,,50.00000,20.00000,1.02934,1
106,3716,410.47000,37.16000,0.34375,81.44099,,50.00000,20.00000,1.02922,1
106,3717,410.56500,37.17000,0.34360,81.43850,,50.00000,20.00000,1.02912,1
106,3718,410.67899,37.18000,0.34338,81.43598,,50.00000,20.00000,1.02899,1
106,3719,410.77100,37.19000,0.34341,81.43346,,50.00000,20.00000,1.02889,1
106,3720,410.86700,37.20000,0.34354,81.43224,,50.00000,20.00000,1.02878,1
106,3721,410.96701,37.21000,0.34348,81.43104,,50.00000,20.00000,1.02867,1
106,3722,411.07001,37.22000,0.34325,81.43103,,50.00000,20.00000,1.02855,1
106,3723,411.17099,37.23000,0.34302,81.43101,,50.00000,20.00000,1.02844,1
106,3724,411.25601,37.24000,0.34305,81.42978,,50.00000,20.00000,1.02834,1
106,3725,411.36200,37.25000,0.34318,81.42972,,50.00000,20.00000,1.02822,1
106,3726,411.45499,37.26000,0.34313,81.42966,,50.00000,20.00000,1.02812,1
106,3727,411.56100,37.27000,0.34317,81.42968,,50.00000,20.00000,1.02800,1
106,3728,411.65900,37.28000,0.34275,81.42969,,50.00000,20.00000,1.02789,1
106,3729,411.75400,37.29000,0.34279,81.42965,,50.00000,20.00000,1.02778,1
106,3730,411.85300,37.30000,0.34265,81.42961,,50.00000,20.00000,1.02767,1
106,3731,411.95099,37.31000,0.34259,81.42957,,50.00000,20.00000,1.02756,1
106,3732,412.05801,37.32000,0.34245,81.42949,,50.00000,20.00000,1.02744,1
106,3733,412.15399,37.33000,0.34222,81.42942,,50.00000,20.00000,1.02733,1
106,3734,412.25601,37.34000,0.34244,81.42943,,50.00000,20.00000,1.02722,1
106,3735,412.34500,37.35000,0.34238,81.42944,,50.00000,20.00000,1.02712,1
106,3736,412.44699,37.36000,0.34233,81.42937,,50.00000,20.00000,1.02700,1
106,3737,412.54700,37.37000,0.34218,81.42931,,50.00000,20.00000,1.02689,1
106,3738,412.65201,37.38000,0.34213,81.42933,,50.00000,20.00000,1.02677,1
106,3739,412.74500,37.39000,0.34208,81.42813,,50.00000,20.00000,1.02667,1
106,3740,412.83600,37.40000,0.34166,81.42808,,50.00000,20.00000,1.02656,1
106,3741,412.94101,37.41000,0.34152,81.42803,,50.00000,20.00000,1.02644,1
106,3742,413.04199,37.42000,0.34174,81.42677,,50.00000,20.00000,1.02633,1
106,3743,413.14301,37.43000,0.34151,81.42546,,50.00000,20.00000,1.02622,1
106,3744,413.25101,37.44000,0.34155,81.42536,,50.00000,20.00000,1.02609,1
106,3745,413.34299,37.45000,0.34149,81.42416,,50.00000,20.00000,1.02599,1
106,3746,413.44000,37.46000,0.34117,81.42295,,50.00000,20.00000,1.02588,1
106,3747,413.53699,37.47000,0.34102,81.42292,,50.00000,20.00000,1.02577,1
106,3748,413.63699,37.48000,0.34106,81.42166,,50.00000,20.00000,1.02566,1
106,3749,413.73901,37.49000,0.34092,81.42041,,50.00000,20.00000,1.02554,1
106,3750,413.84299,37.50000,0.34060,81.42033,,50.00000,20.00000,1.02543,1
106,3751,413.93701,37.51000,0.34063,81.41904,,50.00000,20.00000,1.02532,1
106,3752,414.03900,37.52000,0.34031,81.41784,,50.00000,20.00000,1.02520,1
106,3753,414.13400,37.53000,0.34053,81.41421,,50.00000,20.00000,1.02510,1
106,3754,414.23599,37.54000,0.34083,81.41176,,50.00000,20.00000,1.02498,1
106,3755,414.32700,37.55000,0.34096,81.40810,,50.00000,20.00000,1.02488,1
106,3756,414.42999,37.56000,0.34064,81.40565,,50.00000,20.00000,1.02476,1
106,3757,414.53500,37.57000,0.34050,81.40316,,50.00000,20.00000,1.02464,1
106,3758,414.62799,37.58000,0.34035,81.40066,,50.00000,20.00000,1.02454,1
106,3759,414.72601,37.59000,0.34021,81.39824,,50.00000,20.00000,1.02443,1
106,3760,414.82199,37.60000,0.34015,81.39703,,50.00000,20.00000,1.02432,1
106,3761,414.92700,37.61000,0.33992,81.39574,,50.00000,20.00000,1.02420,1
106,3762,415.02600,37.62000,0.33960,81.39323,,50.00000,20.00000,1.02409,1
106,3763,415.12701,37.63000,0.33963,81.39201,,50.00000,20.00000,1.02397,1
106,3764,415.22198,37.64000,0.33976,81.39080,,50.00000,20.00000,1.02386,1
106,3765,415.32300,37.65000,0.33998,81.38833,,50.00000,20.00000,1.02375,1
106,3766,415.42599,37.66000,0.34011,81.38466,,50.00000,20.00000,1.02363,1
106,3767,415.52899,37.67000,0.34015,81.38221,,50.00000,20.00000,1.02352,1
106,3768,415.61301,37.68000,0.33982,81.37971,,50.00000,20.00000,1.02342,1
106,3769,415.72699,37.69000,0.33959,81.37723,,50.00000,20.00000,1.02329,1
106,3770,415.81699,37.70000,0.33854,81.37484,,50.00000,20.00000,1.02319,1
106,3771,415.91501,37.71000,0.33875,81.37365,,50.00000,20.00000,1.02308,1
106,3772,416.00601,37.72000,0.33924,81.37119,,50.00000,20.00000,1.02297,1
106,3773,416.10599,37.73000,0.33919,81.36872,,50.00000,20.00000,1.02286,1
106,3774,416.21899,37.74000,0.33896,81.36746,,50.00000,20.00000,1.02273,1
106,3775,416.31100,37.75000,0.33899,81.36493,,50.00000,20.00000,1.02263,1
106,3776,416.41800,37.76000,0.33912,81.36240,,50.00000,20.00000,1.02251,1
106,3777,416.51401,37.77000,0.33880,81.36120,,50.00000,20.00000,1.02240,1
106,3778,416.61600,37.78000,0.33866,81.35879,,50.00000,20.00000,1.02228,1
106,3779,416.70599,37.79000,0.33869,81.35756,,50.00000,20.00000,1.02218,1
106,3780,416.80899,37.80000,0.33864,81.35754,,50.00000,20.00000,1.02206,1
106,3781,416.90701,37.81000,0.33840,81.35630,,50.00000,20.00000,1.02195,1
106,3782,417.00699,37.82000,0.33826,81.35623,,50.00000,20.00000,1.02184,1
106,3783,417.10400,37.83000,0.33812,81.35494,,50.00000,20.00000,1.02172,1
106,3784,417.20499,37.84000,0.33824,81.35495,,50.00000,20.00000,1.02161,1
106,3785,417.29999,37.85000,0.33846,81.35496,,50.00000,20.00000,1.02150,1
106,3786,417.41199,37.86000,0.33832,81.35368,,50.00000,20.00000,1.02137,1
106,3787,417.49899,37.87000,0.33799,81.35239,,50.00000,20.00000,1.02127,1
106,3788,417.59799,37.88000,0.33776,81.35239,,50.00000,20.00000,1.02116,1
106,3789,417.70300,37.89000,0.33753,81.35118,,50.00000,20.00000,1.02104,1
106,3790,417.79800,37.90000,0.33774,81.34992,,50.00000,20.00000,1.02093,1
106,3791,417.90302,37.91000,0.33787,81.34868,,50.00000,20.00000,1.02081,1
106,3792,418.00101,37.92000,0.33791,81.34744,,50.00000,20.00000,1.02070,1
106,3793,418.10001,37.93000,0.33768,81.34617,,50.00000,20.00000,1.02059,1
106,3794,418.19699,37.94000,0.33762,81.34490,,50.00000,20.00000,1.02048,1
106,3795,418.29199,37.95000,0.33757,81.34370,,50.00000,20.00000,1.02037,1
106,3796,418.38901,37.96000,0.33769,81.34129,,50.00000,20.00000,1.02026,1
106,3797,418.49100,37.97000,0.33801,81.34003,,50.00000,20.00000,1.02014,1
106,3798,418.58701,37.98000,0.33822,81.33877,,50.00000,20.00000,1.02003,1
106,3799,418.69901,37.99000,0.33827,81.33751,,50.00000,20.00000,1.01990,1
106,3800,418.79099,38.00000,0.33803,81.33622,,50.00000,20.00000,1.01980,1
106,3801,418.89899,38.01000,0.33725,81.33492,,50.00000,20.00000,1.01968,1
106,3802,418.98999,38.02000,0.33674,81.33373,,50.00000,20.00000,1.01957,1
106,3803,419.08099,38.03000,0.33687,81.33253,,50.00000,20.00000,1.01947,1
106,3804,419.18500,38.04000,0.33718,81.33372,,50.00000,20.00000,1.01935,1
106,3805,419.29099,38.05000,0.33731,81.33370,,50.00000,20.00000,1.01923,1
106,3806,419.39099,38.06000,0.33708,81.33368,,50.00000,20.00000,1.01911,1
106,3807,419.47699,38.07000,0.33693,81.33360,,50.00000,20.00000,1.01901,1
106,3808,419.58600,38.08000,0.33651,81.33352,,50.00000,20.00000,1.01889,1
106,3809,419.67700,38.09000,0.33646,81.33353,,50.00000,20.00000,1.01878,1
106,3810,419.78201,38.10000,0.33631,81.33353,,50.00000,20.00000,1.01866,1
106,3811,419.88599,38.11000,0.33644,81.33223,,50.00000,20.00000,1.01854,1
106,3812,419.98300,38.12000,0.33666,81.33214,,50.00000,20.00000,1.01843,1
106,3813,420.08301,38.13000,0.33661,81.33214,,50.00000,20.00000,1.01832,1
106,3814,420.18500,38.14000,0.33683,81.32973,,50.00000,20.00000,1.01820,1
106,3815,420.28101,38.15000,0.33714,81.32849,,50.00000,20.00000,1.01809,1
106,3816,420.37799,38.16000,0.33700,81.32603,,50.00000,20.00000,1.01798,1
106,3817,420.47699,38.17000,0.33685,81.32478,,50.00000,20.00000,1.01787,1
106,3818,420.57501,38.18000,0.33689,81.32227,,50.00000,20.00000,1.01775,1
106,3819,420.68201,38.19000,0.33684,81.32098,,50.00000,20.00000,1.01763,1
106,3820,420.78201,38.20000,0.33688,81.31977,,50.00000,20.00000,1.01752,1
106,3821,420.87299,38.21000,0.33691,81.31855,,50.00000,20.00000,1.01741,1
106,3822,420.97400,38.22000,0.33695,81.31609,,50.00000,20.00000,1.01730,1
106,3823,421.08701,38.23000,0.33699,81.31364,,50.00000,20.00000,1.01717,1
106,3824,421.17599,38.24000,0.33703,81.31240,,50.00000,20.00000,1.01706,1
106,3825,421.27301,38.25000,0.33688,81.30990,,50.00000,20.00000,1.01695,1
106,3826,421.36899,38.26000,0.33683,81.30861,,50.00000,20.00000,1.01684,1
106,3827,421.47400,38.27000,0.33668,81.30619,,50.00000,20.00000,1.01672,1
106,3828,421.57700,38.28000,0.33663,81.30497,,50.00000,20.00000,1.01660,1
106,3829,421.67099,38.29000,0.33676,81.30371,,50.00000,20.00000,1.01649,1
106,3830,421.77499,38.30000,0.33680,81.30124,,50.00000,20.00000,1.01637,1
106,3831,421.87701,38.31000,0.33666,81.30120,,50.00000,20.00000,1.01626,1
106,3832,421.97601,38.32000,0.33651,81.29990,,50.00000,20.00000,1.01614,1
106,3833,422.07300,38.33000,0.33637,81.29982,,50.00000,20.00000,1.01603,1
106,3834,422.17099,38.34000,0.33640,81.29860,,50.00000,20.00000,1.01592,1
106,3835,422.27100,38.35000,0.33626,81.29860,,50.00000,20.00000,1.01580,1
106,3836,422.37701,38.36000,0.33612,81.29852,,50.00000,20.00000,1.01568,1
106,3837,422.48001,38.37000,0.33625,81.29845,,50.00000,20.00000,1.01556,1
106,3838,422.57001,38.38000,0.33665,81.29848,,50.00000,20.00000,1.01546,1
106,3839,422.67200,38.39000,0.33623,81.29852,,50.00000,20.00000,1.01534,1
106,3840,422.76599,38.40000,0.33608,81.29852,,50.00000,20.00000,1.01523,1
106,3841,422.85901,38.41000,0.33621,81.29851,,50.00000,20.00000,1.01512,1
106,3842,422.96701,38.42000,0.33616,81.29729,,50.00000,20.00000,1.01500,1
106,3843,423.06000,38.43000,0.33638,81.29723,,50.00000,20.00000,1.01489,1
106,3844,423.15900,38.44000,0.33660,81.29595,,50.00000,20.00000,1.01478,1
106,3845,423.26099,38.45000,0.33673,81.29598,,50.00000,20.00000,1.01466,1
106,3846,423.35999,38.46000,0.33668,81.29480,,50.00000,20.00000,1.01454,1
106,3847,423.46100,38.47000,0.33626,81.29479,,50.00000,20.00000,1.01443,1
106,3848,423.54800,38.48000,0.33638,81.29355,,50.00000,20.00000,1.01433,1
106,3849,423.64700,38.49000,0.33624,81.29232,,50.00000,20.00000,1.01421,1
106,3850,423.75900,38.50000,0.33619,81.28982,,50.00000,20.00000,1.01408,1
106,3851,423.85101,38.51000,0.33595,81.28732,,50.00000,20.00000,1.01398,1
106,3852,423.94901,38.52000,0.33572,81.28609,,50.00000,20.00000,1.01386,1
106,3853,424.05301,38.53000,0.33594,81.28487,,50.00000,20.00000,1.01374,1
106,3854,424.15500,38.54000,0.33598,81.28241,,50.00000,20.00000,1.01362,1
106,3855,424.26199,38.55000,0.33602,81.28115,,50.00000,20.00000,1.01350,1
106,3856,424.34399,38.56000,0.33596,81.27990,,50.00000,20.00000,1.01341,1
106,3857,424.45499,38.57000,0.33591,81.27861,,50.00000,20.00000,1.01328,1
106,3858,424.55200,38.58000,0.33613,81.27733,,50.00000,20.00000,1.01316,1
106,3859,424.65399,38.59000,0.33626,81.27612,,50.00000,20.00000,1.01305,1
106,3860,424.74399,38.60000,0.33630,81.27369,,50.00000,20.00000,1.01294,1
106,3861,424.85699,38.61000,0.33616,81.27240,,50.00000,20.00000,1.01281,1
106,3862,424.94901,38.62000,0.33610,81.27110,,50.00000,20.00000,1.01270,1
106,3863,425.05600,38.63000,0.33614,81.26990,,50.00000,20.00000,1.01258,1
106,3864,425.15399,38.64000,0.33590,81.26870,,50.00000,20.00000,1.01247,1
106,3865,425.24100,38.65000,0.33585,81.26746,,50.00000,20.00000,1.01237,1
106,3866,425.35199,38.66000,0.33598,81.26503,,50.00000,20.00000,1.01224,1
106,3867,425.45499,38.67000,0.33593,81.26381,,50.00000,20.00000,1.01212,1
106,3868,425.53900,38.68000,0.33605,81.26252,,50.00000,20.00000,1.01202,1
106,3869,425.63699,38.69000,0.33627,81.26124,,50.00000,20.00000,1.01191,1
106,3870,425.74500,38.70000,0.33641,81.26006,,50.00000,20.00000,1.01178,1
106,3871,425.84900,38.71000,0.33590,81.25765,,50.00000,20.00000,1.01166,1
106,3872,425.94501,38.72000,0.33575,81.25642,,50.00000,20.00000,1.01155,1
106,3873,426.03601,38.73000,0.33579,81.25519,,50.00000,20.00000,1.01144,1
106,3874,426.14200,38.74000,0.33574,81.25397,,50.00000,20.00000,1.01132,1
106,3875,426.23599,38.75000,0.33605,81.25149,,50.00000,20.00000,1.01121,1
106,3876,426.33301,38.76000,0.33609,81.24900,,50.00000,20.00000,1.01110,1
106,3877,426.43301,38.77000,0.33585,81.24660,,50.00000,20.00000,1.01098,1
106,3878,426.54001,38.78000,0.33589,81.24298,,50.00000,20.00000,1.01086,1
106,3879,426.63199,38.79000,0.33565,81.24054,,50.00000,20.00000,1.01075,1
106,3880,426.73499,38.80000,0.33569,81.23688,,50.00000,20.00000,1.01063,1
106,3881,426.82599,38.81000,0.33564,81.23443,,50.00000,20.00000,1.01052,1
106,3882,426.92999,38.82000,0.33531,81.23193,,50.00000,20.00000,1.01040,1
106,3883,427.02701,38.83000,0.33507,81.22822,,50.00000,20.00000,1.01029,1
106,3884,427.13501,38.84000,0.33493,81.22580,,50.00000,20.00000,1.01016,1
106,3885,427.22400,38.85000,0.33542,81.22337,,50.00000,20.00000,1.01006,1
106,3886,427.32700,38.86000,0.33546,81.22207,,50.00000,20.00000,1.00994,1
106,3887,427.43301,38.87000,0.33541,81.22078,,50.00000,20.00000,1.00981,1
106,3888,427.53699,38.88000,0.33499,81.21959,,50.00000,20.00000,1.00969,1
106,3889,427.62000,38.89000,0.33530,81.21960,,50.00000,20.00000,1.00960,1
106,3890,427.72900,38.90000,0.33562,81.21837,,50.00000,20.00000,1.00947,1
106,3891,427.82800,38.91000,0.33575,81.21835,,50.00000,20.00000,1.00935,1
106,3892,427.92499,38.92000,0.33597,81.21833,,50.00000,20.00000,1.00924,1
106,3893,428.02301,38.93000,0.33573,81.21827,,50.00000,20.00000,1.00913,1
106,3894,428.12900,38.94000,0.33559,81.21822,,50.00000,20.00000,1.00900,1
106,3895,428.21799,38.95000,0.33562,81.21827,,50.00000,20.00000,1.00890,1
106,3896,428.32001,38.96000,0.33475,81.21831,,50.00000,20.00000,1.00878,1
106,3897,428.41501,38.97000,0.33423,81.21830,,50.00000,20.00000,1.00867,1
106,3898,428.50601,38.98000,0.33555,81.21826,,50.00000,20.00000,1.00856,1
106,3899,428.61401,38.99000,0.33504,81.21823,,50.00000,20.00000,1.00843,1
106,3900,428.71799,39.00000,0.33490,81.21815,,50.00000,20.00000,1.00831,1
106,3901,428.82101,39.01000,0.33494,81.21806,,50.00000,20.00000,1.00819,1
106,3902,428.91299,39.02000,0.33479,81.21807,,50.00000,20.00000,1.00809,1
106,3903,429.01199,39.03000,0.33492,81.21809,,50.00000,20.00000,1.00797,1
106,3904,429.12201,39.04000,0.33506,81.21807,,50.00000,20.00000,1.00784,1
106,3905,429.20700,39.05000,0.33500,81.21684,,50.00000,20.00000,1.00774,1
106,3906,429.31500,39.06000,0.33504,81.21683,,50.00000,20.00000,1.00761,1
106,3907,429.41000,39.07000,0.33545,81.21556,,50.00000,20.00000,1.00750,1
106,3908,429.51099,39.08000,0.33530,81.21550,,50.00000,20.00000,1.00738,1
106,3909,429.60199,39.09000,0.33525,81.21432,,50.00000,20.00000,1.00728,1
106,3910,429.70801,39.10000,0.33464,81.21315,,50.00000,20.00000,1.00715,1
106,3911,429.81100,39.11000,0.33459,81.21190,,50.00000,20.00000,1.00703,1
106,3912,429.89899,39.12000,0.33481,81.21184,,50.00000,20.00000,1.00693,1
106,3913,429.99301,39.13000,0.33475,81.21063,,50.00000,20.00000,1.00682,1
106,3914,430.09799,39.14000,0.33470,81.20943,,50.00000,20.00000,1.00670,1
106,3915,430.21301,39.15000,0.33502,81.20940,,50.00000,20.00000,1.00656,1
106,3916,430.29800,39.16000,0.33506,81.20816,,50.00000,20.00000,1.00646,1
106,3917,430.40900,39.17000,0.33519,81.20693,,50.00000,20.00000,1.00633,1
106,3918,430.49500,39.18000,0.33532,81.20566,,50.00000,20.00000,1.00623,1
106,3919,430.59799,39.19000,0.33563,81.20560,,50.00000,20.00000,1.00611,1
106,3920,430.69299,39.20000,0.33558,81.20442,,50.00000,20.00000,1.00600,1
106,3921,430.79700,39.21000,0.33544,81.20323,,50.00000,20.00000,1.00588,1
106,3922,430.89401,39.22000,0.33501,81.20198,,50.00000,20.00000,1.00576,1
106,3923,430.99399,39.23000,0.33496,81.20194,,50.00000,20.00000,1.00564,1
106,3924,431.09500,39.24000,0.33500,81.20069,,50.00000,20.00000,1.00553,1
106,3925,431.19400,39.25000,0.33467,81.19939,,50.00000,20.00000,1.00541,1
106,3926,431.29700,39.26000,0.33444,81.19809,,50.00000,20.00000,1.00529,1
106,3927,431.39801,39.27000,0.33457,81.19810,,50.00000,20.00000,1.00517,1
106,3928,431.49600,39.28000,0.33461,81.19690,,50.00000,20.00000,1.00505,1
106,3929,431.59201,39.29000,0.33464,81.19565,,50.00000,20.00000,1.00494,1
106,3930,431.69199,39.30000,0.33468,81.19561,,50.00000,20.00000,1.00482,1
106,3931,431.80099,39.31000,0.33454,81.19436,,50.00000,20.00000,1.00469,1
106,3932,431.89301,39.32000,0.33467,81.19426,,50.00000,20.00000,1.00459,1
106,3933,431.99600,39.33000,0.33489,81.19297,,50.00000,20.00000,1.00446,1
106,3934,432.10101,39.34000,0.33466,81.19298,,50.00000,20.00000,1.00434,1
106,3935,432.19501,39.35000,0.33488,81.19300,,50.00000,20.00000,1.00423,1
106,3936,432.29501,39.36000,0.33547,81.19293,,50.00000,20.00000,1.00411,1
106,3937,432.39499,39.37000,0.33524,81.19287,,50.00000,20.00000,1.00399,1
106,3938,432.49701,39.38000,0.33500,81.19291,,50.00000,20.00000,1.00387,1
106,3939,432.59299,39.39000,0.33522,81.19295,,50.00000,20.00000,1.00376,1
106,3940,432.68799,39.40000,0.33498,81.19295,,50.00000,20.00000,1.00365,1
106,3941,432.78201,39.41000,0.33520,81.19294,,50.00000,20.00000,1.00354,1
106,3942,432.89001,39.42000,0.33515,81.19294,,50.00000,20.00000,1.00341,1
106,3943,432.98499,39.43000,0.33473,81.19289,,50.00000,20.00000,1.00330,1
106,3944,433.08200,39.44000,0.33449,81.19162,,50.00000,20.00000,1.00318,1
106,3945,433.18201,39.45000,0.33453,81.19164,,50.00000,20.00000,1.00307,1
106,3946,433.28299,39.46000,0.33411,81.19165,,50.00000,20.00000,1.00295,1
106,3947,433.37799,39.47000,0.33405,81.19041,,50.00000,20.00000,1.00283,1
106,3948,433.48401,39.48000,0.33419,81.19039,,50.00000,20.00000,1.00271,1
106,3949,433.58801,39.49000,0.33432,81.18918,,50.00000,20.00000,1.00259,1
106,3950,433.68100,39.50000,0.33436,81.18914,,50.00000,20.00000,1.00248,1
106,3951,433.77600,39.51000,0.33449,81.18789,,50.00000,20.00000,1.00236,1
106,3952,433.86899,39.52000,0.33471,81.18794,,50.00000,20.00000,1.00225,1
106,3953,433.97101,39.53000,0.33447,81.18676,,50.00000,20.00000,1.00213,1
106,3954,434.06900,39.54000,0.33442,81.18675,,50.00000,20.00000,1.00202,1
106,3955,434.17200,39.55000,0.33455,81.18550,,50.00000,20.00000,1.00190,1
106,3956,434.26099,39.56000,0.33459,81.18546,,50.00000,20.00000,1.00179,1
106,3957,434.37399,39.57000,0.33435,81.18418,,50.00000,20.00000,1.00166,1
106,3958,434.47699,39.58000,0.33449,81.18410,,50.00000,20.00000,1.00153,1
106,3959,434.56900,39.59000,0.33452,81.18291,,50.00000,20.00000,1.00143,1
106,3960,434.66699,39.60000,0.33447,81.18294,,50.00000,20.00000,1.00131,1
106,3961,434.77301,39.61000,0.33414,81.18168,,50.00000,20.00000,1.00118,1
106,3962,434.85501,39.62000,0.33427,81.18162,,50.00000,20.00000,1.00109,1
106,3963,434.96799,39.63000,0.33450,81.18043,,50.00000,20.00000,1.00095,1
106,3964,435.07101,39.64000,0.33463,81.18046,,50.00000,20.00000,1.00083,1
106,3965,435.16299,39.65000,0.33430,81.17922,,50.00000,20.00000,1.00072,1
106,3966,435.26099,39.66000,0.33397,81.17919,,50.00000,20.00000,1.00060,1
106,3967,435.36301,39.67000,0.33401,81.17796,,50.00000,20.00000,1.00048,1
106,3968,435.45801,39.68000,0.33404,81.17789,,50.00000,20.00000,1.00037,1
106,3969,435.57101,39.69000,0.33381,81.17660,,50.00000,20.00000,1.00024,1
106,3970,435.65601,39.70000,0.33375,81.17540,,50.00000,20.00000,1.00014,1
106,3971,435.76001,39.71000,0.33379,81.17420,,50.00000,20.00000,1.00001,1
106,3972,435.86301,39.72000,0.33374,81.17174,,50.00000,20.00000,0.99989,1
106,3973,435.96701,39.73000,0.33369,81.17051,,50.00000,20.00000,0.99977,1
106,3974,436.06201,39.74000,0.33364,81.16807,,50.00000,20.00000,0.99965,1
106,3975,436.16299,39.75000,0.33349,81.16681,,50.00000,20.00000,0.99953,1
106,3976,436.26001,39.76000,0.33334,81.16555,,50.00000,20.00000,0.99942,1
106,3977,436.35300,39.77000,0.33347,81.16438,,50.00000,20.00000,0.99931,1
106,3978,436.45099,39.78000,0.33342,81.16441,,50.00000,20.00000,0.99919,1
106,3979,436.55200,39.79000,0.33374,81.16318,,50.00000,20.00000,0.99907,1
106,3980,436.65601,39.80000,0.33350,81.16194,,50.00000,20.00000,0.99895,1
106,3981,436.75201,39.81000,0.33326,81.15948,,50.00000,20.00000,0.99883,1
106,3982,436.85501,39.82000,0.33339,81.15698,,50.00000,20.00000,0.99871,1
106,3983,436.95401,39.83000,0.33334,81.15448,,50.00000,20.00000,0.99859,1
106,3984,437.05301,39.84000,0.33366,81.15209,,50.00000,20.00000,0.99847,1
106,3985,437.15302,39.85000,0.33342,81.14970,,50.00000,20.00000,0.99836,1
106,3986,437.25201,39.86000,0.33318,81.14844,,50.00000,20.00000,0.99824,1
106,3987,437.34900,39.87000,0.33331,81.14598,,50.00000,20.00000,0.99812,1
106,3988,437.44901,39.88000,0.33345,81.14481,,50.00000,20.00000,0.99800,1
106,3989,437.53299,39.89000,0.33348,81.14364,,50.00000,20.00000,0.99790,1
106,3990,437.64499,39.90000,0.33325,81.14243,,50.00000,20.00000,0.99777,1
106,3991,437.74399,39.91000,0.33347,81.14121,,50.00000,20.00000,0.99765,1
106,3992,437.83600,39.92000,0.33351,81.13997,,50.00000,20.00000,0.99754,1
106,3993,437.93900,39.93000,0.33355,81.13870,,50.00000,20.00000,0.99742,1
106,3994,438.03699,39.94000,0.33359,81.13863,,50.00000,20.00000,0.99730,1
106,3995,438.13800,39.95000,0.33326,81.13865,,50.00000,20.00000,0.99718,1
106,3996,438.24500,39.96000,0.33321,81.13746,,50.00000,20.00000,0.99705,1
106,3997,438.33401,39.97000,0.33324,81.13744,,50.00000,20.00000,0.99695,1
106,3998,438.44400,39.98000,0.33319,81.13744,,50.00000,20.00000,0.99682,1
106,3999,438.53000,39.99000,0.33304,81.13622,,50.00000,20.00000,0.99671,1
106,4000,438.63699,40.00000,0.33308,81.13618,,50.00000,20.00000,0.99659,1
106,4001,438.73099,40.01000,0.33321,81.13492,,50.00000,20.00000,0.99647,1
106,4002,438.83099,40.02000,0.33298,81.13495,,50.00000,20.00000,0.99635,1
106,4003,438.92801,40.03000,0.33320,81.13377,,50.00000,20.00000,0.99624,1
106,4004,439.03000,40.04000,0.33305,81.13376,,50.00000,20.00000,0.99612,1
106,4005,439.12799,40.05000,0.33291,81.13253,,50.00000,20.00000,0.99600,1
106,4006,439.22900,40.06000,0.33267,81.13130,,50.00000,20.00000,0.99588,1
106,4007,439.32700,40.07000,0.33224,81.13125,,50.00000,20.00000,0.99576,1
106,4008,439.42401,40.08000,0.33210,81.12877,,50.00000,20.00000,0.99564,1
106,4009,439.52701,40.09000,0.33251,81.12759,,50.00000,20.00000,0.99552,1
106,4010,439.61801,40.10000,0.33255,81.12641,,50.00000,20.00000,0.99541,1
106,4011,439.72299,40.11000,0.33240,81.12513,,50.00000,20.00000,0.99529,1
106,4012,439.82101,40.12000,0.33235,81.12386,,50.00000,20.00000,0.99517,1
106,4013,439.92200,40.13000,0.33276,81.12266,,50.00000,20.00000,0.99505,1
106,4014,440.01999,40.14000,0.33280,81.12025,,50.00000,20.00000,0.99493,1
106,4015,440.12399,40.15000,0.33284,81.11900,,50.00000,20.00000,0.99481,1
106,4016,440.21899,40.16000,0.33288,81.11655,,50.00000,20.00000,0.99469,1
106,4017,440.32700,40.17000,0.33274,81.11410,,50.00000,20.00000,0.99456,1
106,4018,440.42001,40.18000,0.33305,81.11162,,50.00000,20.00000,0.99445,1
106,4019,440.52399,40.19000,0.33300,81.11035,,50.00000,20.00000,0.99433,1
106,4020,440.61700,40.20000,0.33285,81.10795,,50.00000,20.00000,0.99422,1
106,4021,440.71201,40.21000,0.33280,81.10676,,50.00000,20.00000,0.99410,1
106,4022,440.82001,40.22000,0.33284,81.10431,,50.00000,20.00000,0.99397,1
106,4023,440.91599,40.23000,0.33279,81.10308,,50.00000,20.00000,0.99386,1
106,4024,441.02301,40.24000,0.33255,81.10186,,50.00000,20.00000,0.99373,1
106,4025,441.11700,40.25000,0.33268,81.10180,,50.00000,20.00000,0.99362,1
106,4026,441.21500,40.26000,0.33263,81.10054,,50.00000,20.00000,0.99350,1
106,4027,441.31400,40.27000,0.33257,81.09937,,50.00000,20.00000,0.99338,1
106,4028,441.40701,40.28000,0.33233,81.09819,,50.00000,20.00000,0.99327,1
106,4029,441.50800,40.29000,0.33237,81.09695,,50.00000,20.00000,0.99315,1
106,4030,441.60999,40.30000,0.33251,81.09572,,50.00000,20.00000,0.99302,1
106,4031,441.71500,40.31000,0.33264,81.09449,,50.00000,20.00000,0.99290,1
106,4032,441.81100,40.32000,0.33277,81.09321,,50.00000,20.00000,0.99278,1
106,4033,441.90799,40.33000,0.33272,81.09193,,50.00000,20.00000,0.99266,1
106,4034,442.01199,40.34000,0.33295,81.09075,,50.00000,20.00000,0.99254,1
106,4035,442.10599,40.35000,0.33289,81.08956,,50.00000,20.00000,0.99243,1
106,4036,442.20801,40.36000,0.33303,81.08829,,50.00000,20.00000,0.99230,1
106,4037,442.30600,40.37000,0.33260,81.08702,,50.00000,20.00000,0.99219,1
106,4038,442.40701,40.38000,0.33255,81.08583,,50.00000,20.00000,0.99206,1
106,4039,442.50500,40.39000,0.33250,81.08464,,50.00000,20.00000,0.99195,1
106,4040,442.60901,40.40000,0.33263,81.08341,,50.00000,20.00000,0.99182,1
106,4041,442.70499,40.41000,0.33276,81.08218,,50.00000,20.00000,0.99171,1
106,4042,442.80301,40.42000,0.33290,81.08096,,50.00000,20.00000,0.99159,1
106,4043,442.90302,40.43000,0.33256,81.07969,,50.00000,20.00000,0.99147,1
106,4044,443.00500,40.44000,0.33260,81.07843,,50.00000,20.00000,0.99134,1
106,4045,443.10199,40.45000,0.33274,81.07847,,50.00000,20.00000,0.99123,1
106,4046,443.19699,40.46000,0.33277,81.07730,,50.00000,20.00000,0.99111,1
106,4047,443.29999,40.47000,0.33254,81.07608,,50.00000,20.00000,0.99099,1
106,4048,443.39600,40.48000,0.33248,81.07608,,50.00000,20.00000,0.99087,1
106,4049,443.50000,40.49000,0.33243,81.07486,,50.00000,20.00000,0.99075,1
106,4050,443.59100,40.50000,0.33219,81.07485,,50.00000,20.00000,0.99064,1
106,4051,443.69199,40.51000,0.33176,81.07362,,50.00000,20.00000,0.99052,1
106,4052,443.79300,40.52000,0.33180,81.07239,,50.00000,20.00000,0.99039,1
106,4053,443.89499,40.53000,0.33231,81.07116,,50.00000,20.00000,0.99027,1
106,4054,443.98999,40.54000,0.33254,81.06992,,50.00000,20.00000,0.99016,1
106,4055,444.10199,40.55000,0.33277,81.06869,,50.00000,20.00000,0.99002,1
106,4056,444.18600,40.56000,0.33280,81.06745,,50.00000,20.00000,0.98992,1
106,4057,444.29099,40.57000,0.33284,81.06622,,50.00000,20.00000,0.98979,1
106,4058,444.39899,40.58000,0.33279,81.06378,,50.00000,20.00000,0.98966,1
106,4059,444.48199,40.59000,0.33245,81.06254,,50.00000,20.00000,0.98956,1
106,4060,444.59201,40.60000,0.33231,81.06132,,50.00000,20.00000,0.98943,1
106,4061,444.70001,40.61000,0.33226,81.06011,,50.00000,20.00000,0.98930,1
106,4062,444.79199,40.62000,0.33230,81.05890,,50.00000,20.00000,0.98919,1
106,4063,444.88199,40.63000,0.33224,81.05648,,50.00000,20.00000,0.98908,1
106,4064,444.98599,40.64000,0.33219,81.05527,,50.00000,20.00000,0.98895,1
106,4065,445.07800,40.65000,0.33242,81.05405,,50.00000,20.00000,0.98884,1
106,4066,445.18100,40.66000,0.33255,81.05403,,50.00000,20.00000,0.98872,1
106,4067,445.28299,40.67000,0.33231,81.05279,,50.00000,20.00000,0.98859,1
106,4068,445.38501,40.68000,0.33226,81.05277,,50.00000,20.00000,0.98847,1
106,4069,445.48700,40.69000,0.33230,81.05155,,50.00000,20.00000,0.98835,1
106,4070,445.58600,40.70000,0.33234,81.05154,,50.00000,20.00000,0.98823,1
106,4071,445.67599,40.71000,0.33219,81.05154,,50.00000,20.00000,0.98812,1
106,4072,445.78000,40.72000,0.33242,81.05155,,50.00000,20.00000,0.98799,1
106,4073,445.87601,40.73000,0.33274,81.05035,,50.00000,20.00000,0.98787,1
106,4074,445.97800,40.74000,0.33306,81.04914,,50.00000,20.00000,0.98775,1
106,4075,446.07501,40.75000,0.33282,81.04793,,50.00000,20.00000,0.98763,1
106,4076,446.16599,40.76000,0.33258,81.04550,,50.00000,20.00000,0.98752,1
106,4077,446.27399,40.77000,0.33225,81.04428,,50.00000,20.00000,0.98739,1
106,4078,446.37100,40.78000,0.33229,81.04184,,50.00000,20.00000,0.98727,1
106,4079,446.46701,40.79000,0.33242,81.04059,,50.00000,20.00000,0.98716,1
106,4080,446.56799,40.80000,0.33246,81.03936,,50.00000,20.00000,0.98703,1
106,4081,446.67599,40.81000,0.33232,81.03813,,50.00000,20.00000,0.98690,1
106,4082,446.77100,40.82000,0.33226,81.03691,,50.00000,20.00000,0.98679,1
106,4083,446.87601,40.83000,0.33240,81.03448,,50.00000,20.00000,0.98666,1
106,4084,446.96301,40.84000,0.33244,81.03327,,50.00000,20.00000,0.98656,1
106,4085,447.06500,40.85000,0.33238,81.03205,,50.00000,20.00000,0.98643,1
106,4086,447.15701,40.86000,0.33233,81.03083,,50.00000,20.00000,0.98632,1
106,4087,447.27399,40.87000,0.33209,81.02962,,50.00000,20.00000,0.98618,1
106,4088,447.36200,40.88000,0.33204,81.02840,,50.00000,20.00000,0.98607,1
106,4089,447.46201,40.89000,0.33170,81.02718,,50.00000,20.00000,0.98595,1
106,4090,447.56201,40.90000,0.33165,81.02475,,50.00000,20.00000,0.98583,1
106,4091,447.66101,40.91000,0.33188,81.02354,,50.00000,20.00000,0.98571,1
106,4092,447.75201,40.92000,0.33210,81.02353,,50.00000,20.00000,0.98560,1
106,4093,447.86499,40.93000,0.33234,81.02231,,50.00000,20.00000,0.98546,1
106,4094,447.95499,40.94000,0.33247,81.02230,,50.00000,20.00000,0.98535,1
106,4095,448.05499,40.95000,0.33260,81.02108,,50.00000,20.00000,0.98523,1
106,4096,448.15900,40.96000,0.33246,81.02107,,50.00000,20.00000,0.98510,1
106,4097,448.25299,40.97000,0.33343,81.02106,,50.00000,20.00000,0.98499,1
106,4098,448.35699,40.98000,0.33320,81.02105,,50.00000,20.00000,0.98486,1
106,4099,448.44699,40.99000,0.33286,81.01982,,50.00000,20.00000,0.98475,1
106,4100,448.55801,41.00000,0.33281,81.01981,,50.00000,20.00000,0.98462,1
106,4101,448.65601,41.01000,0.33257,81.01859,,50.00000,20.00000,0.98450,1
106,4102,448.75400,41.02000,0.33232,81.01736,,50.00000,20.00000,0.98438,1
106,4103,448.84500,41.03000,0.33246,81.01733,,50.00000,20.00000,0.98427,1
106,4104,448.94601,41.04000,0.33259,81.01609,,50.00000,20.00000,0.98414,1
106,4105,449.05499,41.05000,0.33273,81.01486,,50.00000,20.00000,0.98401,1
106,4106,449.16000,41.06000,0.33277,81.01364,,50.00000,20.00000,0.98388,1
106,4107,449.25900,41.07000,0.33263,81.01241,,50.00000,20.00000,0.98376,1
106,4108,449.34500,41.08000,0.33247,81.01120,,50.00000,20.00000,0.98366,1
106,4109,449.44901,41.09000,0.33271,81.01120,,50.00000,20.00000,0.98353,1
106,4110,449.54300,41.10000,0.33256,81.01000,,50.00000,20.00000,0.98341,1
106,4111,449.64999,41.11000,0.33260,81.00879,,50.00000,20.00000,0.98328,1
106,4112,449.74899,41.12000,0.33283,81.00758,,50.00000,20.00000,0.98316,1
106,4113,449.83899,41.13000,0.33277,81.00637,,50.00000,20.00000,0.98305,1
106,4114,449.94299,41.14000,0.33272,81.00516,,50.00000,20.00000,0.98293,1
106,4115,450.04300,41.15000,0.33286,81.00516,,50.00000,20.00000,0.98280,1
106,4116,450.13199,41.16000,0.33261,81.00393,,50.00000,20.00000,0.98269,1
106,4117,450.24500,41.17000,0.33200,81.00271,,50.00000,20.00000,0.98256,1
106,4118,450.34100,41.18000,0.33204,81.00148,,50.00000,20.00000,0.98244,1
106,4119,450.43201,41.19000,0.33208,81.00025,,50.00000,20.00000,0.98233,1
106,4120,450.54199,41.20000,0.33231,80.99902,,50.00000,20.00000,0.98219,1
106,4121,450.64099,41.21000,0.33216,80.99901,,50.00000,20.00000,0.98207,1
106,4122,450.73700,41.22000,0.33239,80.99777,,50.00000,20.00000,0.98196,1
106,4123,450.83499,41.23000,0.33243,80.99776,,50.00000,20.00000,0.98184,1
106,4124,450.93799,41.24000,0.33238,80.99654,,50.00000,20.00000,0.98171,1
106,4125,451.04401,41.25000,0.33252,80.99654,,50.00000,20.00000,0.98158,1
106,4126,451.13800,41.26000,0.33265,80.99653,,50.00000,20.00000,0.98146,1
106,4127,451.23001,41.27000,0.33269,80.99530,,50.00000,20.00000,0.98135,1
106,4128,451.32999,41.28000,0.33264,80.99408,,50.00000,20.00000,0.98123,1
106,4129,451.43701,41.29000,0.33277,80.99407,,50.00000,20.00000,0.98110,1
106,4130,451.53299,41.30000,0.33310,80.99285,,50.00000,20.00000,0.98098,1
106,4131,451.63800,41.31000,0.33333,80.99164,,50.00000,20.00000,0.98085,1
106,4132,451.73700,41.32000,0.33290,80.99165,,50.00000,20.00000,0.98073,1
106,4133,451.82700,41.33000,0.33294,80.99044,,50.00000,20.00000,0.98062,1
106,4134,451.92401,41.34000,0.33288,80.98924,,50.00000,20.00000,0.98050,1
106,4135,452.03201,41.35000,0.33264,80.98925,,50.00000,20.00000,0.98037,1
106,4136,452.11801,41.36000,0.33249,80.98802,,50.00000,20.00000,0.98026,1
106,4137,452.22299,41.37000,0.33216,80.98679,,50.00000,20.00000,0.98013,1
106,4138,452.32700,41.38000,0.33211,80.98555,,50.00000,20.00000,0.98001,1
106,4139,452.42999,41.39000,0.33224,80.98553,,50.00000,20.00000,0.97988,1
106,4140,452.52399,41.40000,0.33209,80.98429,,50.00000,20.00000,0.97977,1
106,4141,452.62799,41.41000,0.33233,80.98306,,50.00000,20.00000,0.97964,1
106,4142,452.72699,41.42000,0.33208,80.98184,,50.00000,20.00000,0.97952,1
106,4143,452.82501,41.43000,0.33165,80.98182,,50.00000,20.00000,0.97940,1
106,4144,452.92200,41.44000,0.33141,80.98059,,50.00000,20.00000,0.97928,1
106,4145,453.03201,41.45000,0.33164,80.97937,,50.00000,20.00000,0.97914,1
106,4146,453.12100,41.46000,0.33178,80.97814,,50.00000,20.00000,0.97903,1
106,4147,453.22101,41.47000,0.33191,80.97814,,50.00000,20.00000,0.97891,1
106,4148,453.33301,41.48000,0.33243,80.97694,,50.00000,20.00000,0.97877,1
106,4149,453.42200,41.49000,0.33285,80.97574,,50.00000,20.00000,0.97866,1
106,4150,453.52200,41.50000,0.33289,80.97576,,50.00000,20.00000,0.97854,1
106,4151,453.61401,41.51000,0.33283,80.97456,,50.00000,20.00000,0.97843,1
106,4152,453.71100,41.52000,0.33259,80.97336,,50.00000,20.00000,0.97831,1
106,4153,453.81299,41.53000,0.33244,80.97215,,50.00000,20.00000,0.97818,1
106,4154,453.91299,41.54000,0.33229,80.97215,,50.00000,20.00000,0.97806,1
106,4155,454.01700,41.55000,0.33243,80.97093,,50.00000,20.00000,0.97793,1
106,4156,454.11401,41.56000,0.33238,80.96970,,50.00000,20.00000,0.97781,1
106,4157,454.20700,41.57000,0.33242,80.96848,,50.00000,20.00000,0.97770,1
106,4158,454.31201,41.58000,0.33208,80.96482,,50.00000,20.00000,0.97757,1
106,4159,454.40799,41.59000,0.33212,80.96238,,50.00000,20.00000,0.97745,1
106,4160,454.51700,41.60000,0.33226,80.95873,,50.00000,20.00000,0.97731,1
106,4161,454.60901,41.61000,0.33240,80.95508,,50.00000,20.00000,0.97720,1
106,4162,454.71301,41.62000,0.33254,80.95264,,50.00000,20.00000,0.97707,1
106,4163,454.80801,41.63000,0.33248,80.95021,,50.00000,20.00000,0.97696,1
106,4164,454.91299,41.64000,0.33319,80.94779,,50.00000,20.00000,0.97683,1
106,4165,455.01001,41.65000,0.33228,80.94658,,50.00000,20.00000,0.97671,1
106,4166,455.10199,41.66000,0.33260,80.94536,,50.00000,20.00000,0.97659,1
106,4167,455.20499,41.67000,0.33265,80.94415,,50.00000,20.00000,0.97647,1
106,4168,455.31000,41.68000,0.33326,80.94293,,50.00000,20.00000,0.97634,1
106,4169,455.40201,41.69000,0.33301,80.94293,,50.00000,20.00000,0.97622,1
106,4170,455.50500,41.70000,0.33296,80.94171,,50.00000,20.00000,0.97610,1
106,4171,455.60400,41.71000,0.33291,80.94171,,50.00000,20.00000,0.97597,1
106,4172,455.70300,41.72000,0.33305,80.94050,,50.00000,20.00000,0.97585,1
106,4173,455.79999,41.73000,0.33309,80.93929,,50.00000,20.00000,0.97573,1
106,4174,455.90500,41.74000,0.33294,80.93929,,50.00000,20.00000,0.97560,1
106,4175,455.99301,41.75000,0.33326,80.93807,,50.00000,20.00000,0.97549,1
106,4176,456.10001,41.76000,0.33331,80.93685,,50.00000,20.00000,0.97536,1
106,4177,456.20001,41.77000,0.33316,80.93563,,50.00000,20.00000,0.97524,1
106,4178,456.29599,41.78000,0.33301,80.93318,,50.00000,20.00000,0.97512,1
106,4179,456.39899,41.79000,0.33296,80.93075,,50.00000,20.00000,0.97499,1
106,4180,456.49899,41.80000,0.33291,80.92953,,50.00000,20.00000,0.97487,1
106,4181,456.60001,41.81000,0.33314,80.92831,,50.00000,20.00000,0.97474,1
106,4182,456.69901,41.82000,0.33318,80.92588,,50.00000,20.00000,0.97462,1
106,4183,456.79300,41.83000,0.33322,80.92467,,50.00000,20.00000,0.97451,1
106,4184,456.89301,41.84000,0.33298,80.92224,,50.00000,20.00000,0.97438,1
106,4185,456.99399,41.85000,0.33312,80.92102,,50.00000,20.00000,0.97426,1
106,4186,457.09698,41.86000,0.33316,80.91980,,50.00000,20.00000,0.97413,1
106,4187,457.18900,41.87000,0.33320,80.91857,,50.00000,20.00000,0.97402,1
106,4188,457.29800,41.88000,0.33306,80.91735,,50.00000,20.00000,0.97388,1
106,4189,457.39600,41.89000,0.33300,80.91491,,50.00000,20.00000,0.97376,1
106,4190,457.48599,41.90000,0.33294,80.91368,,50.00000,20.00000,0.97365,1
106,4191,457.59698,41.91000,0.33309,80.91245,,50.00000,20.00000,0.97351,1
106,4192,457.69400,41.92000,0.33341,80.91123,,50.00000,20.00000,0.97339,1
106,4193,457.79001,41.93000,0.33326,80.91001,,50.00000,20.00000,0.97327,1
106,4194,457.89999,41.94000,0.33322,80.90881,,50.00000,20.00000,0.97313,1
106,4195,457.99500,41.95000,0.33383,80.90762,,50.00000,20.00000,0.97302,1
106,4196,458.08600,41.96000,0.33367,80.90644,,50.00000,20.00000,0.97290,1
106,4197,458.18600,41.97000,0.33324,80.90647,,50.00000,20.00000,0.97278,1
106,4198,458.28101,41.98000,0.33338,80.90527,,50.00000,20.00000,0.97266,1
106,4199,458.37601,41.99000,0.33351,80.90407,,50.00000,20.00000,0.97254,1
106,4200,458.48099,42.00000,0.33337,80.90407,,50.00000,20.00000,0.97241,1
106,4201,458.58200,42.01000,0.33360,80.90285,,50.00000,20.00000,0.97229,1
106,4202,458.67801,42.02000,0.33345,80.90163,,50.00000,20.00000,0.97217,1
106,4203,458.78000,42.03000,0.33292,80.90042,,50.00000,20.00000,0.97204,1
106,4204,458.88101,42.04000,0.33297,80.89921,,50.00000,20.00000,0.97192,1
106,4205,458.98099,42.05000,0.33291,80.89800,,50.00000,20.00000,0.97179,1
106,4206,459.07300,42.06000,0.33276,80.89680,,50.00000,20.00000,0.97168,1
106,4207,459.17200,42.07000,0.33318,80.89681,,50.00000,20.00000,0.97156,1
106,4208,459.27499,42.08000,0.33304,80.89561,,50.00000,20.00000,0.97143,1
106,4209,459.37701,42.09000,0.33318,80.89440,,50.00000,20.00000,0.97130,1
106,4210,459.46600,42.10000,0.33293,80.89440,,50.00000,20.00000,0.97119,1
106,4211,459.56900,42.11000,0.33307,80.89438,,50.00000,20.00000,0.97106,1
106,4212,459.66599,42.12000,0.33292,80.89316,,50.00000,20.00000,0.97094,1
106,4213,459.77499,42.13000,0.33316,80.89316,,50.00000,20.00000,0.97081,1
106,4214,459.87799,42.14000,0.33301,80.89315,,50.00000,20.00000,0.97068,1
106,4215,459.96301,42.15000,0.33295,80.89314,,50.00000,20.00000,0.97057,1
106,4216,460.07001,42.16000,0.33290,80.89314,,50.00000,20.00000,0.97044,1
106,4217,460.17001,42.17000,0.33294,80.89315,,50.00000,20.00000,0.97032,1
106,4218,460.27100,42.18000,0.33308,80.89316,,50.00000,20.00000,0.97019,1
106,4219,460.36600,42.19000,0.33284,80.89317,,50.00000,20.00000,0.97007,1
106,4220,460.46201,42.20000,0.33278,80.89317,,50.00000,20.00000,0.96995,1
106,4221,460.56299,42.21000,0.33311,80.89317,,50.00000,20.00000,0.96983,1
106,4222,460.66199,42.22000,0.33344,80.89317,,50.00000,20.00000,0.96970,1
106,4223,460.76199,42.23000,0.33339,80.89316,,50.00000,20.00000,0.96958,1
106,4224,460.86801,42.24000,0.33315,80.89316,,50.00000,20.00000,0.96945,1
106,4225,460.96100,42.25000,0.33299,80.89315,,50.00000,20.00000,0.96933,1
106,4226,461.06299,42.26000,0.33294,80.89315,,50.00000,20.00000,0.96920,1
106,4227,461.16101,42.27000,0.33298,80.89316,,50.00000,20.00000,0.96908,1
106,4228,461.26300,42.28000,0.33312,80.89316,,50.00000,20.00000,0.96895,1
106,4229,461.35199,42.29000,0.33326,80.89195,,50.00000,20.00000,0.96884,1
106,4230,461.46899,42.30000,0.33359,80.89196,,50.00000,20.00000,0.96870,1
106,4231,461.54901,42.31000,0.33363,80.89195,,50.00000,20.00000,0.96860,1
106,4232,461.65900,42.32000,0.33377,80.89194,,50.00000,20.00000,0.96846,1
106,4233,461.75299,42.33000,0.33391,80.89071,,50.00000,20.00000,0.96834,1
106,4234,461.85999,42.34000,0.33376,80.89070,,50.00000,20.00000,0.96821,1
106,4235,461.96201,42.35000,0.33390,80.89069,,50.00000,20.00000,0.96808,1
106,4236,462.05701,42.36000,0.33366,80.88947,,50.00000,20.00000,0.96796,1
106,4237,462.15500,42.37000,0.33332,80.88947,,50.00000,20.00000,0.96784,1
106,4238,462.25800,42.38000,0.33346,80.88948,,50.00000,20.00000,0.96771,1
106,4239,462.35800,42.39000,0.33340,80.88828,,50.00000,20.00000,0.96759,1
106,4240,462.45801,42.40000,0.33325,80.88831,,50.00000,20.00000,0.96746,1
106,4241,462.54999,42.41000,0.33329,80.88832,,50.00000,20.00000,0.96735,1
106,4242,462.64200,42.42000,0.33343,80.88713,,50.00000,20.00000,0.96723,1
106,4243,462.75400,42.43000,0.33319,80.88474,,50.00000,20.00000,0.96709,1
106,4244,462.84799,42.44000,0.33333,80.88355,,50.00000,20.00000,0.96698,1
106,4245,462.94199,42.45000,0.33346,80.88235,,50.00000,20.00000,0.96686,1
106,4246,463.03900,42.46000,0.33331,80.88115,,50.00000,20.00000,0.96674,1
106,4247,463.13800,42.47000,0.33336,80.87994,,50.00000,20.00000,0.96661,1
106,4248,463.24500,42.48000,0.33340,80.87873,,50.00000,20.00000,0.96648,1
106,4249,463.34000,42.49000,0.33325,80.87872,,50.00000,20.00000,0.96636,1
106,4250,463.43500,42.50000,0.33301,80.87750,,50.00000,20.00000,0.96624,1
106,4251,463.54300,42.51000,0.33305,80.87630,,50.00000,20.00000,0.96611,1
106,4252,463.64499,42.52000,0.33319,80.87631,,50.00000,20.00000,0.96598,1
106,4253,463.73700,42.53000,0.33323,80.87511,,50.00000,20.00000,0.96586,1
106,4254,463.83200,42.54000,0.33356,80.87392,,50.00000,20.00000,0.96574,1
106,4255,463.93701,42.55000,0.33370,80.87273,,50.00000,20.00000,0.96561,1
106,4256,464.03299,42.56000,0.33355,80.87033,,50.00000,20.00000,0.96549,1
106,4257,464.12399,42.57000,0.33350,80.86913,,50.00000,20.00000,0.96538,1
106,4258,464.23199,42.58000,0.33316,80.86793,,50.00000,20.00000,0.96524,1
106,4259,464.32599,42.59000,0.33301,80.86671,,50.00000,20.00000,0.96513,1
106,4260,464.42001,42.60000,0.33286,80.86548,,50.00000,20.00000,0.96501,1
106,4261,464.53101,42.61000,0.33290,80.86426,,50.00000,20.00000,0.96487,1
106,4262,464.63101,42.62000,0.33285,80.86183,,50.00000,20.00000,0.96474,1
106,4263,464.73499,42.63000,0.33290,80.85818,,50.00000,20.00000,0.96461,1
106,4264,464.82199,42.64000,0.33303,80.85454,,50.00000,20.00000,0.96450,1
106,4265,464.92401,42.65000,0.33298,80.85090,,50.00000,20.00000,0.96438,1
106,4266,465.03101,42.66000,0.33312,80.84726,,50.00000,20.00000,0.96424,1
106,4267,465.12299,42.67000,0.33316,80.84360,,50.00000,20.00000,0.96413,1
106,4268,465.22400,42.68000,0.33340,80.83994,,50.00000,20.00000,0.96400,1
106,4269,465.32800,42.69000,0.33354,80.83751,,50.00000,20.00000,0.96387,1
106,4270,465.43201,42.70000,0.33329,80.83386,,50.00000,20.00000,0.96374,1
106,4271,465.52802,42.71000,0.33334,80.83144,,50.00000,20.00000,0.96362,1
106,4272,465.62799,42.72000,0.33319,80.83024,,50.00000,20.00000,0.96349,1
106,4273,465.72699,42.73000,0.33333,80.82902,,50.00000,20.00000,0.96337,1
106,4274,465.81500,42.74000,0.33308,80.82780,,50.00000,20.00000,0.96326,1
106,4275,465.92200,42.75000,0.33332,80.82780,,50.00000,20.00000,0.96312,1
106,4276,466.02701,42.76000,0.33317,80.82660,,50.00000,20.00000,0.96299,1
106,4277,466.13300,42.77000,0.33350,80.82661,,50.00000,20.00000,0.96286,1
106,4278,466.22198,42.78000,0.33354,80.82662,,50.00000,20.00000,0.96275,1
106,4279,466.31799,42.79000,0.33358,80.82663,,50.00000,20.00000,0.96263,1
106,4280,466.41699,42.80000,0.33363,80.82543,,50.00000,20.00000,0.96250,1
106,4281,466.51401,42.81000,0.33415,80.82423,,50.00000,20.00000,0.96238,1
106,4282,466.62000,42.82000,0.33410,80.82302,,50.00000,20.00000,0.96225,1
106,4283,466.72000,42.83000,0.33414,80.82181,,50.00000,20.00000,0.96212,1
106,4284,466.81601,42.84000,0.33399,80.82060,,50.00000,20.00000,0.96200,1
106,4285,466.91400,42.85000,0.33365,80.81937,,50.00000,20.00000,0.96188,1
106,4286,467.01300,42.86000,0.33379,80.81814,,50.00000,20.00000,0.96175,1
106,4287,467.11499,42.87000,0.33355,80.81570,,50.00000,20.00000,0.96162,1
106,4288,467.22000,42.88000,0.33350,80.81448,,50.00000,20.00000,0.96149,1
106,4289,467.32101,42.89000,0.33335,80.81325,,50.00000,20.00000,0.96136,1
106,4290,467.42099,42.90000,0.33329,80.81203,,50.00000,20.00000,0.96124,1
106,4291,467.51501,42.91000,0.33334,80.80960,,50.00000,20.00000,0.96112,1
106,4292,467.61600,42.92000,0.33348,80.80839,,50.00000,20.00000,0.96099,1
106,4293,467.71701,42.93000,0.33352,80.80719,,50.00000,20.00000,0.96086,1
106,4294,467.82501,42.94000,0.33424,80.80478,,50.00000,20.00000,0.96073,1
106,4295,467.91501,42.95000,0.33438,80.80358,,50.00000,20.00000,0.96061,1
106,4296,468.00400,42.96000,0.33451,80.80238,,50.00000,20.00000,0.96050,1
106,4297,468.11600,42.97000,0.33466,80.80119,,50.00000,20.00000,0.96036,1
106,4298,468.20901,42.98000,0.33470,80.79877,,50.00000,20.00000,0.96024,1
106,4299,468.31100,42.99000,0.33426,80.79757,,50.00000,20.00000,0.96011,1
106,4300,468.41101,43.00000,0.33411,80.79637,,50.00000,20.00000,0.95999,1
106,4301,468.50299,43.01000,0.33425,80.79395,,50.00000,20.00000,0.95987,1
106,4302,468.60699,43.02000,0.33420,80.79275,,50.00000,20.00000,0.95974,1
106,4303,468.70801,43.03000,0.33415,80.79155,,50.00000,20.00000,0.95961,1
106,4304,468.80600,43.04000,0.33438,80.79035,,50.00000,20.00000,0.95949,1
106,4305,468.90399,43.05000,0.33491,80.78792,,50.00000,20.00000,0.95937,1
106,4306,468.99701,43.06000,0.33495,80.78670,,50.00000,20.00000,0.95925,1
106,4307,469.10501,43.07000,0.33490,80.78549,,50.00000,20.00000,0.95911,1
106,4308,469.20499,43.08000,0.33475,80.78305,,50.00000,20.00000,0.95899,1
106,4309,469.30200,43.09000,0.33451,80.78183,,50.00000,20.00000,0.95886,1
106,4310,469.40799,43.10000,0.33455,80.78061,,50.00000,20.00000,0.95873,1
106,4311,469.50400,43.11000,0.33450,80.77940,,50.00000,20.00000,0.95861,1
106,4312,469.60699,43.12000,0.33435,80.77941,,50.00000,20.00000,0.95848,1
106,4313,469.70001,43.13000,0.33430,80.77821,,50.00000,20.00000,0.95836,1
106,4314,469.80600,43.14000,0.33473,80.77701,,50.00000,20.00000,0.95823,1
106,4315,469.89700,43.15000,0.33477,80.77702,,50.00000,20.00000,0.95811,1
106,4316,469.99500,43.16000,0.33462,80.77581,,50.00000,20.00000,0.95799,1
106,4317,470.10300,43.17000,0.33447,80.77460,,50.00000,20.00000,0.95785,1
106,4318,470.19601,43.18000,0.33451,80.77338,,50.00000,20.00000,0.95773,1
106,4319,470.29901,43.19000,0.33475,80.77217,,50.00000,20.00000,0.95760,1
106,4320,470.40701,43.20000,0.33461,80.77097,,50.00000,20.00000,0.95747,1
106,4321,470.49399,43.21000,0.33455,80.76854,,50.00000,20.00000,0.95736,1
106,4322,470.59500,43.22000,0.33488,80.76733,,50.00000,20.00000,0.95723,1
106,4323,470.69601,43.23000,0.33493,80.76612,,50.00000,20.00000,0.95710,1
106,4324,470.79599,43.24000,0.33468,80.76490,,50.00000,20.00000,0.95697,1
106,4325,470.89899,43.25000,0.33473,80.76368,,50.00000,20.00000,0.95684,1
106,4326,470.99701,43.26000,0.33497,80.76247,,50.00000,20.00000,0.95672,1
106,4327,471.09799,43.27000,0.33520,80.76126,,50.00000,20.00000,0.95659,1
106,4328,471.19901,43.28000,0.33496,80.76005,,50.00000,20.00000,0.95646,1
106,4329,471.29300,43.29000,0.33519,80.75885,,50.00000,20.00000,0.95634,1
106,4330,471.39801,43.30000,0.33563,80.75765,,50.00000,20.00000,0.95621,1
106,4331,471.49301,43.31000,0.33577,80.75645,,50.00000,20.00000,0.95609,1
106,4332,471.59000,43.32000,0.33562,80.75525,,50.00000,20.00000,0.95597,1
106,4333,471.69800,43.33000,0.33557,80.75528,,50.00000,20.00000,0.95583,1
106,4334,471.78900,43.34000,0.33561,80.75530,,50.00000,20.00000,0.95571,1
106,4335,471.88599,43.35000,0.33565,80.75410,,50.00000,20.00000,0.95559,1
106,4336,471.98801,43.36000,0.33560,80.75412,,50.00000,20.00000,0.95546,1
106,4337,472.08301,43.37000,0.33545,80.75413,,50.00000,20.00000,0.95534,1
106,4338,472.18900,43.38000,0.33530,80.75414,,50.00000,20.00000,0.95521,1
106,4339,472.28201,43.39000,0.33525,80.75413,,50.00000,20.00000,0.95509,1
106,4340,472.38300,43.40000,0.33529,80.75413,,50.00000,20.00000,0.95496,1
106,4341,472.49200,43.41000,0.33534,80.75412,,50.00000,20.00000,0.95482,1
106,4342,472.58301,43.42000,0.33519,80.75412,,50.00000,20.00000,0.95471,1
106,4343,472.68799,43.43000,0.33504,80.75411,,50.00000,20.00000,0.95457,1
106,4344,472.78500,43.44000,0.33537,80.75411,,50.00000,20.00000,0.95445,1
106,4345,472.89001,43.45000,0.33581,80.75412,,50.00000,20.00000,0.95432,1
106,4346,472.98499,43.46000,0.33614,80.75412,,50.00000,20.00000,0.95420,1
106,4347,473.08499,43.47000,0.33609,80.75413,,50.00000,20.00000,0.95407,1
106,4348,473.18399,43.48000,0.33565,80.75414,,50.00000,20.00000,0.95394,1
106,4349,473.28900,43.49000,0.33570,80.75415,,50.00000,20.00000,0.95381,1
106,4350,473.37500,43.50000,0.33573,80.75416,,50.00000,20.00000,0.95370,1
106,4351,473.48801,43.51000,0.33569,80.75418,,50.00000,20.00000,0.95356,1
106,4352,473.58301,43.52000,0.33563,80.75420,,50.00000,20.00000,0.95344,1
106,4353,473.67899,43.53000,0.33558,80.75421,,50.00000,20.00000,0.95331,1
106,4354,473.78101,43.54000,0.33572,80.75422,,50.00000,20.00000,0.95318,1
106,4355,473.87100,43.55000,0.33567,80.75422,,50.00000,20.00000,0.95307,1
106,4356,473.98300,43.56000,0.33581,80.75422,,50.00000,20.00000,0.95293,1
106,4357,474.07501,43.57000,0.33615,80.75422,,50.00000,20.00000,0.95281,1
106,4358,474.18301,43.58000,0.33619,80.75423,,50.00000,20.00000,0.95267,1
106,4359,474.28101,43.59000,0.33614,80.75424,,50.00000,20.00000,0.95255,1
106,4360,474.38199,43.60000,0.33677,80.75425,,50.00000,20.00000,0.95242,1
106,4361,474.47299,43.61000,0.33701,80.75547,,50.00000,20.00000,0.95230,1
106,4362,474.57001,43.62000,0.33637,80.75669,,50.00000,20.00000,0.95218,1
106,4363,474.67801,43.63000,0.33632,80.75792,,50.00000,20.00000,0.95204,1
106,4364,474.77802,43.64000,0.33646,80.75793,,50.00000,20.00000,0.95191,1
106,4365,474.87701,43.65000,0.33660,80.75915,,50.00000,20.00000,0.95179,1
106,4366,474.97198,43.66000,0.33665,80.75915,,50.00000,20.00000,0.95167,1
106,4367,475.07401,43.67000,0.33660,80.75917,,50.00000,20.00000,0.95154,1
106,4368,475.17700,43.68000,0.33654,80.75919,,50.00000,20.00000,0.95140,1
106,4369,475.27100,43.69000,0.33659,80.75920,,50.00000,20.00000,0.95128,1
106,4370,475.36301,43.70000,0.33653,80.75800,,50.00000,20.00000,0.95117,1
106,4371,475.47601,43.71000,0.33668,80.75681,,50.00000,20.00000,0.95102,1
106,4372,475.56900,43.72000,0.33662,80.75562,,50.00000,20.00000,0.95090,1
106,4373,475.67300,43.73000,0.33667,80.75320,,50.00000,20.00000,0.95077,1
106,4374,475.76199,43.74000,0.33681,80.75078,,50.00000,20.00000,0.95066,1
106,4375,475.86301,43.75000,0.33676,80.74837,,50.00000,20.00000,0.95053,1
106,4376,475.96600,43.76000,0.33690,80.74717,,50.00000,20.00000,0.95040,1
106,4377,476.07401,43.77000,0.33676,80.74475,,50.00000,20.00000,0.95026,1
106,4378,476.16299,43.78000,0.33689,80.74234,,50.00000,20.00000,0.95015,1
106,4379,476.26300,43.79000,0.33684,80.73992,,50.00000,20.00000,0.95002,1
106,4380,476.36401,43.80000,0.33669,80.73630,,50.00000,20.00000,0.94989,1
106,4381,476.46201,43.81000,0.33683,80.73389,,50.00000,20.00000,0.94976,1
106,4382,476.56400,43.82000,0.33708,80.73270,,50.00000,20.00000,0.94963,1
106,4383,476.66000,43.83000,0.33702,80.73029,,50.00000,20.00000,0.94951,1
106,4384,476.76099,43.84000,0.33707,80.72787,,50.00000,20.00000,0.94938,1
106,4385,476.85400,43.85000,0.33711,80.72666,,50.00000,20.00000,0.94926,1
106,4386,476.95901,43.86000,0.33716,80.72545,,50.00000,20.00000,0.94913,1
106,4387,477.06000,43.87000,0.33730,80.72544,,50.00000,20.00000,0.94900,1
106,4388,477.16101,43.88000,0.33735,80.72423,,50.00000,20.00000,0.94887,1
106,4389,477.25900,43.89000,0.33720,80.72302,,50.00000,20.00000,0.94874,1
106,4390,477.36899,43.90000,0.33715,80.72303,,50.00000,20.00000,0.94860,1
106,4391,477.45401,43.91000,0.33719,80.72183,,50.00000,20.00000,0.94850,1
106,4392,477.56299,43.92000,0.33704,80.72063,,50.00000,20.00000,0.94836,1
106,4393,477.65500,43.93000,0.33699,80.71944,,50.00000,20.00000,0.94824,1
106,4394,477.75299,43.94000,0.33742,80.71825,,50.00000,20.00000,0.94811,1
106,4395,477.86200,43.95000,0.33757,80.71705,,50.00000,20.00000,0.94797,1
106,4396,477.95001,43.96000,0.33741,80.71584,,50.00000,20.00000,0.94786,1
106,4397,478.05301,43.97000,0.33746,80.71463,,50.00000,20.00000,0.94773,1
106,4398,478.15399,43.98000,0.33760,80.71342,,50.00000,20.00000,0.94760,1
106,4399,478.25900,43.99000,0.33765,80.71342,,50.00000,20.00000,0.94746,1
106,4400,478.35001,44.00000,0.33769,80.71341,,50.00000,20.00000,0.94735,1
106,4401,478.45901,44.01000,0.33755,80.71220,,50.00000,20.00000,0.94721,1
106,4402,478.55701,44.02000,0.33759,80.71221,,50.00000,20.00000,0.94708,1
106,4403,478.66199,44.03000,0.33764,80.71223,,50.00000,20.00000,0.94695,1
106,4404,478.75000,44.04000,0.33788,80.71224,,50.00000,20.00000,0.94683,1
106,4405,478.85300,44.05000,0.33802,80.71226,,50.00000,20.00000,0.94670,1
106,4406,478.95099,44.06000,0.33797,80.71227,,50.00000,20.00000,0.94658,1
106,4407,479.05099,44.07000,0.33811,80.71229,,50.00000,20.00000,0.94645,1
106,4408,479.15201,44.08000,0.33786,80.71231,,50.00000,20.00000,0.94632,1
106,4409,479.25601,44.09000,0.33811,80.71234,,50.00000,20.00000,0.94619,1
106,4410,479.35101,44.10000,0.33796,80.71115,,50.00000,20.00000,0.94606,1
106,4411,479.44601,44.11000,0.33771,80.71118,,50.00000,20.00000,0.94594,1
106,4412,479.54099,44.12000,0.33785,80.71121,,50.00000,20.00000,0.94582,1
106,4413,479.64301,44.13000,0.33809,80.71001,,50.00000,20.00000,0.94569,1
106,4414,479.74500,44.14000,0.33823,80.71003,,50.00000,20.00000,0.94556,1
106,4415,479.84201,44.15000,0.33818,80.70882,,50.00000,20.00000,0.94543,1
106,4416,479.94501,44.16000,0.33842,80.70882,,50.00000,20.00000,0.94530,1
106,4417,480.04199,44.17000,0.33837,80.70760,,50.00000,20.00000,0.94518,1
106,4418,480.14600,44.18000,0.33852,80.70759,,50.00000,20.00000,0.94504,1
106,4419,480.23801,44.19000,0.33856,80.70637,,50.00000,20.00000,0.94492,1
106,4420,480.35400,44.20000,0.33861,80.70639,,50.00000,20.00000,0.94477,1
106,4421,480.44901,44.21000,0.33885,80.70520,,50.00000,20.00000,0.94465,1
106,4422,480.54999,44.22000,0.33870,80.70524,,50.00000,20.00000,0.94452,1
106,4423,480.63599,44.23000,0.33845,80.70406,,50.00000,20.00000,0.94441,1
106,4424,480.73700,44.24000,0.33820,80.70410,,50.00000,20.00000,0.94428,1
106,4425,480.83499,44.25000,0.33874,80.70292,,50.00000,20.00000,0.94416,1
106,4426,480.93799,44.26000,0.33839,80.70173,,50.00000,20.00000,0.94402,1
106,4427,481.03201,44.27000,0.33804,80.70174,,50.00000,20.00000,0.94390,1
106,4428,481.13199,44.28000,0.33838,80.70054,,50.00000,20.00000,0.94377,1
106,4429,481.23901,44.29000,0.33853,80.69935,,50.00000,20.00000,0.94364,1
106,4430,481.33499,44.30000,0.33857,80.69937,,50.00000,20.00000,0.94351,1
106,4431,481.43100,44.31000,0.33852,80.69816,,50.00000,20.00000,0.94339,1
106,4432,481.52802,44.32000,0.33827,80.69696,,50.00000,20.00000,0.94326,1
106,4433,481.63101,44.33000,0.33832,80.69698,,50.00000,20.00000,0.94313,1
106,4434,481.73599,44.34000,0.33876,80.69578,,50.00000,20.00000,0.94300,1
106,4435,481.83200,44.35000,0.33871,80.69579,,50.00000,20.00000,0.94287,1
106,4436,481.92700,44.36000,0.33855,80.69459,,50.00000,20.00000,0.94275,1
106,4437,482.03101,44.37000,0.33890,80.69340,,50.00000,20.00000,0.94262,1
106,4438,482.13101,44.38000,0.33865,80.69220,,50.00000,20.00000,0.94249,1
106,4439,482.22900,44.39000,0.33889,80.69101,,50.00000,20.00000,0.94236,1
106,4440,482.32401,44.40000,0.33864,80.68860,,50.00000,20.00000,0.94224,1
106,4441,482.42899,44.41000,0.33849,80.68739,,50.00000,20.00000,0.94210,1
106,4442,482.52200,44.42000,0.33834,80.68618,,50.00000,20.00000,0.94198,1
106,4443,482.62601,44.43000,0.33868,80.68498,,50.00000,20.00000,0.94185,1
106,4444,482.73001,44.44000,0.33883,80.68499,,50.00000,20.00000,0.94171,1
106,4445,482.83401,44.45000,0.33868,80.68380,,50.00000,20.00000,0.94158,1
106,4446,482.92599,44.46000,0.33872,80.68018,,50.00000,20.00000,0.94146,1
106,4447,483.01401,44.47000,0.33896,80.67656,,50.00000,20.00000,0.94135,1
106,4448,483.12799,44.48000,0.33921,80.67296,,50.00000,20.00000,0.94120,1
106,4449,483.22800,44.49000,0.33886,80.66935,,50.00000,20.00000,0.94107,1
106,4450,483.31201,44.50000,0.33871,80.66572,,50.00000,20.00000,0.94096,1
106,4451,483.42001,44.51000,0.33885,80.66331,,50.00000,20.00000,0.94082,1
106,4452,483.52200,44.52000,0.33880,80.65968,,50.00000,20.00000,0.94069,1
106,4453,483.61600,44.53000,0.33885,80.65725,,50.00000,20.00000,0.94057,1
106,4454,483.72198,44.54000,0.33909,80.65362,,50.00000,20.00000,0.94043,1
106,4455,483.81900,44.55000,0.33943,80.65120,,50.00000,20.00000,0.94031,1
106,4456,483.92300,44.56000,0.33948,80.65000,,50.00000,20.00000,0.94017,1
106,4457,484.02399,44.57000,0.33933,80.64880,,50.00000,20.00000,0.94004,1
106,4458,484.11700,44.58000,0.33928,80.64760,,50.00000,20.00000,0.93992,1
106,4459,484.21201,44.59000,0.33932,80.64760,,50.00000,20.00000,0.93980,1
106,4460,484.32101,44.60000,0.33937,80.64640,,50.00000,20.00000,0.93966,1
106,4461,484.42099,44.61000,0.33962,80.64641,,50.00000,20.00000,0.93953,1
106,4462,484.52200,44.62000,0.33966,80.64520,,50.00000,20.00000,0.93940,1
106,4463,484.61899,44.63000,0.33991,80.64522,,50.00000,20.00000,0.93927,1
106,4464,484.72101,44.64000,0.33976,80.64403,,50.00000,20.00000,0.93914,1
106,4465,484.81500,44.65000,0.33990,80.64162,,50.00000,20.00000,0.93902,1
106,4466,484.91501,44.66000,0.34014,80.64041,,50.00000,20.00000,0.93889,1
106,4467,485.01300,44.67000,0.33999,80.63921,,50.00000,20.00000,0.93876,1
106,4468,485.12000,44.68000,0.34044,80.63801,,50.00000,20.00000,0.93863,1
106,4469,485.22101,44.69000,0.34009,80.63560,,50.00000,20.00000,0.93850,1
106,4470,485.31799,44.70000,0.33974,80.63440,,50.00000,20.00000,0.93837,1
106,4471,485.41101,44.71000,0.33949,80.63322,,50.00000,20.00000,0.93825,1
106,4472,485.52100,44.72000,0.33934,80.63083,,50.00000,20.00000,0.93811,1
106,4473,485.61099,44.73000,0.33909,80.62965,,50.00000,20.00000,0.93799,1
106,4474,485.71201,44.74000,0.33933,80.62846,,50.00000,20.00000,0.93786,1
106,4475,485.80301,44.75000,0.33947,80.62603,,50.00000,20.00000,0.93774,1
106,4476,485.89899,44.76000,0.33972,80.62482,,50.00000,20.00000,0.93762,1
106,4477,486.02100,44.77000,0.33977,80.62482,,50.00000,20.00000,0.93746,1
106,4478,486.11700,44.78000,0.34002,80.62362,,50.00000,20.00000,0.93733,1
106,4479,486.22000,44.79000,0.34036,80.62364,,50.00000,20.00000,0.93720,1
106,4480,486.31000,44.80000,0.34040,80.62244,,50.00000,20.00000,0.93708,1
106,4481,486.40399,44.81000,0.34005,80.62247,,50.00000,20.00000,0.93696,1
106,4482,486.50800,44.82000,0.34020,80.62250,,50.00000,20.00000,0.93683,1
106,4483,486.61099,44.83000,0.34025,80.62252,,50.00000,20.00000,0.93669,1
106,4484,486.70300,44.84000,0.34019,80.62253,,50.00000,20.00000,0.93657,1
106,4485,486.81400,44.85000,0.34015,80.62255,,50.00000,20.00000,0.93643,1
106,4486,486.90302,44.86000,0.34009,80.62257,,50.00000,20.00000,0.93631,1
106,4487,487.01300,44.87000,0.33994,80.62260,,50.00000,20.00000,0.93617,1
106,4488,487.10101,44.88000,0.33989,80.62141,,50.00000,20.00000,0.93606,1
106,4489,487.20401,44.89000,0.33994,80.62023,,50.00000,20.00000,0.93592,1
106,4490,487.30399,44.90000,0.34018,80.62027,,50.00000,20.00000,0.93579,1
106,4491,487.40399,44.91000,0.34052,80.61908,,50.00000,20.00000,0.93566,1
106,4492,487.49399,44.92000,0.34086,80.61788,,50.00000,20.00000,0.93555,1
106,4493,487.59601,44.93000,0.34081,80.61789,,50.00000,20.00000,0.93541,1
106,4494,487.70499,44.94000,0.34057,80.61669,,50.00000,20.00000,0.93527,1
106,4495,487.80499,44.95000,0.34052,80.61549,,50.00000,20.00000,0.93514,1
106,4496,487.89600,44.96000,0.34036,80.61429,,50.00000,20.00000,0.93502,1
106,4497,488.00400,44.97000,0.34071,80.61311,,50.00000,20.00000,0.93488,1
106,4498,488.09698,44.98000,0.34095,80.61314,,50.00000,20.00000,0.93476,1
106,4499,488.20001,44.99000,0.34110,80.61197,,50.00000,20.00000,0.93463,1
106,4500,488.29401,45.00000,0.34134,80.61079,,50.00000,20.00000,0.93451,1
106,4501,488.39499,45.01000,0.34119,80.60961,,50.00000,20.00000,0.93438,1
106,4502,488.48599,45.02000,0.34124,80.60843,,50.00000,20.00000,0.93426,1
106,4503,488.59299,45.03000,0.34109,80.60846,,50.00000,20.00000,0.93412,1
106,4504,488.68900,45.04000,0.34133,80.60727,,50.00000,20.00000,0.93399,1
106,4505,488.79401,45.05000,0.34138,80.60608,,50.00000,20.00000,0.93386,1
106,4506,488.88599,45.06000,0.34143,80.60488,,50.00000,20.00000,0.93374,1
106,4507,488.98300,45.07000,0.34127,80.60367,,50.00000,20.00000,0.93361,1
106,4508,489.08899,45.08000,0.34113,80.60247,,50.00000,20.00000,0.93347,1
106,4509,489.19199,45.09000,0.34108,80.60128,,50.00000,20.00000,0.93334,1
106,4510,489.29300,45.10000,0.34122,80.60008,,50.00000,20.00000,0.93321,1
106,4511,489.39001,45.11000,0.34117,80.59889,,50.00000,20.00000,0.93308,1
106,4512,489.48499,45.12000,0.34102,80.59770,,50.00000,20.00000,0.93296,1
106,4513,489.58301,45.13000,0.34136,80.59650,,50.00000,20.00000,0.93283,1
106,4514,489.68600,45.14000,0.34161,80.59531,,50.00000,20.00000,0.93270,1
106,4515,489.78500,45.15000,0.34195,80.59411,,50.00000,20.00000,0.93257,1
106,4516,489.89099,45.16000,0.34210,80.59291,,50.00000,20.00000,0.93243,1
106,4517,489.98499,45.17000,0.34205,80.59172,,50.00000,20.00000,0.93231,1
106,4518,490.08701,45.18000,0.34210,80.59054,,50.00000,20.00000,0.93217,1
106,4519,490.18600,45.19000,0.34195,80.58935,,50.00000,20.00000,0.93204,1
106,4520,490.27802,45.20000,0.34219,80.58816,,50.00000,20.00000,0.93192,1
106,4521,490.38199,45.21000,0.34204,80.58696,,50.00000,20.00000,0.93179,1
106,4522,490.47400,45.22000,0.34208,80.58576,,50.00000,20.00000,0.93167,1
106,4523,490.59000,45.23000,0.34194,80.58576,,50.00000,20.00000,0.93152,1
106,4524,490.68399,45.24000,0.34209,80.58455,,50.00000,20.00000,0.93139,1
106,4525,490.78101,45.25000,0.34203,80.58334,,50.00000,20.00000,0.93127,1
106,4526,490.88699,45.26000,0.34208,80.58214,,50.00000,20.00000,0.93113,1
106,4527,490.98599,45.27000,0.34213,80.58095,,50.00000,20.00000,0.93100,1
106,4528,491.09000,45.28000,0.34228,80.57976,,50.00000,20.00000,0.93086,1
106,4529,491.17801,45.29000,0.34222,80.57978,,50.00000,20.00000,0.93075,1
106,4530,491.28299,45.30000,0.34227,80.57859,,50.00000,20.00000,0.93061,1
106,4531,491.38000,45.31000,0.34262,80.57740,,50.00000,20.00000,0.93049,1
106,4532,491.48199,45.32000,0.34267,80.57742,,50.00000,20.00000,0.93035,1
106,4533,491.57901,45.33000,0.34271,80.57501,,50.00000,20.00000,0.93023,1
106,4534,491.68500,45.34000,0.34267,80.57382,,50.00000,20.00000,0.93009,1
106,4535,491.78000,45.35000,0.34251,80.57142,,50.00000,20.00000,0.92996,1
106,4536,491.87900,45.36000,0.34246,80.56903,,50.00000,20.00000,0.92983,1
106,4537,491.98199,45.37000,0.34221,80.56785,,50.00000,20.00000,0.92970,1
106,4538,492.07501,45.38000,0.34226,80.56667,,50.00000,20.00000,0.92958,1
106,4539,492.17401,45.39000,0.34260,80.56427,,50.00000,20.00000,0.92945,1
106,4540,492.26901,45.40000,0.34255,80.56308,,50.00000,20.00000,0.92932,1
106,4541,492.37299,45.41000,0.34280,80.56189,,50.00000,20.00000,0.92919,1
106,4542,492.47900,45.42000,0.34315,80.56070,,50.00000,20.00000,0.92905,1
106,4543,492.57901,45.43000,0.34340,80.55951,,50.00000,20.00000,0.92892,1
106,4544,492.66599,45.44000,0.34304,80.55832,,50.00000,20.00000,0.92880,1
106,4545,492.77100,45.45000,0.34329,80.55712,,50.00000,20.00000,0.92867,1
106,4546,492.87100,45.46000,0.34354,80.55593,,50.00000,20.00000,0.92854,1
106,4547,492.97198,45.47000,0.34339,80.55474,,50.00000,20.00000,0.92840,1
106,4548,493.07501,45.48000,0.34334,80.55354,,50.00000,20.00000,0.92827,1
106,4549,493.17099,45.49000,0.34318,80.55233,,50.00000,20.00000,0.92814,1
106,4550,493.26599,45.50000,0.34343,80.55113,,50.00000,20.00000,0.92802,1
106,4551,493.37601,45.51000,0.34368,80.54994,,50.00000,20.00000,0.92788,1
106,4552,493.47198,45.52000,0.34403,80.54876,,50.00000,20.00000,0.92775,1
106,4553,493.57700,45.53000,0.34388,80.54758,,50.00000,20.00000,0.92761,1
106,4554,493.66699,45.54000,0.34402,80.54640,,50.00000,20.00000,0.92749,1
106,4555,493.76501,45.55000,0.34417,80.54643,,50.00000,20.00000,0.92737,1
106,4556,493.86899,45.56000,0.34432,80.54646,,50.00000,20.00000,0.92723,1
106,4557,493.96100,45.57000,0.34457,80.54526,,50.00000,20.00000,0.92711,1
106,4558,494.06201,45.58000,0.34461,80.54528,,50.00000,20.00000,0.92698,1
106,4559,494.17300,45.59000,0.34477,80.54531,,50.00000,20.00000,0.92683,1
106,4560,494.26801,45.60000,0.34482,80.54534,,50.00000,20.00000,0.92671,1
106,4561,494.36401,45.61000,0.34476,80.54538,,50.00000,20.00000,0.92658,1
106,4562,494.46500,45.62000,0.34441,80.54543,,50.00000,20.00000,0.92645,1
106,4563,494.56100,45.63000,0.34436,80.54548,,50.00000,20.00000,0.92632,1
106,4564,494.65601,45.64000,0.34440,80.54551,,50.00000,20.00000,0.92620,1
106,4565,494.74701,45.65000,0.34445,80.54552,,50.00000,20.00000,0.92608,1
106,4566,494.85300,45.66000,0.34440,80.54432,,50.00000,20.00000,0.92594,1
106,4567,494.97299,45.67000,0.34476,80.54432,,50.00000,20.00000,0.92578,1
106,4568,495.05399,45.68000,0.34510,80.54432,,50.00000,20.00000,0.92568,1
106,4569,495.16501,45.69000,0.34515,80.54312,,50.00000,20.00000,0.92553,1
106,4570,495.26199,45.70000,0.34530,80.54313,,50.00000,20.00000,0.92540,1
106,4571,495.35800,45.71000,0.34505,80.54194,,50.00000,20.00000,0.92528,1
106,4572,495.46399,45.72000,0.34500,80.54197,,50.00000,20.00000,0.92514,1
106,4573,495.55801,45.73000,0.34485,80.54079,,50.00000,20.00000,0.92501,1
106,4574,495.66299,45.74000,0.34490,80.54082,,50.00000,20.00000,0.92488,1
106,4575,495.75500,45.75000,0.34494,80.53964,,50.00000,20.00000,0.92475,1
106,4576,495.85800,45.76000,0.34519,80.53967,,50.00000,20.00000,0.92462,1
106,4577,495.94901,45.77000,0.34524,80.53727,,50.00000,20.00000,0.92450,1
106,4578,496.06000,45.78000,0.34539,80.53608,,50.00000,20.00000,0.92435,1
106,4579,496.15500,45.79000,0.34524,80.53489,,50.00000,20.00000,0.92423,1
106,4580,496.25400,45.80000,0.34569,80.53369,,50.00000,20.00000,0.92410,1
106,4581,496.35400,45.81000,0.34574,80.53251,,50.00000,20.00000,0.92397,1
106,4582,496.45801,45.82000,0.34589,80.53133,,50.00000,20.00000,0.92383,1
106,4583,496.55399,45.83000,0.34604,80.53015,,50.00000,20.00000,0.92370,1
106,4584,496.64700,45.84000,0.34598,80.52897,,50.00000,20.00000,0.92358,1
106,4585,496.75400,45.85000,0.34583,80.52901,,50.00000,20.00000,0.92344,1
106,4586,496.84399,45.86000,0.34568,80.52782,,50.00000,20.00000,0.92332,1
106,4587,496.95001,45.87000,0.34573,80.52664,,50.00000,20.00000,0.92318,1
106,4588,497.04700,45.88000,0.34598,80.52545,,50.00000,20.00000,0.92306,1
106,4589,497.15100,45.89000,0.34593,80.52549,,50.00000,20.00000,0.92292,1
106,4590,497.25201,45.90000,0.34598,80.52431,,50.00000,20.00000,0.92279,1
106,4591,497.34201,45.91000,0.34592,80.52313,,50.00000,20.00000,0.92267,1
106,4592,497.44199,45.92000,0.34617,80.52316,,50.00000,20.00000,0.92254,1
106,4593,497.54199,45.93000,0.34622,80.52319,,50.00000,20.00000,0.92240,1
106,4594,497.64499,45.94000,0.34627,80.52200,,50.00000,20.00000,0.92227,1
106,4595,497.74100,45.95000,0.34652,80.52202,,50.00000,20.00000,0.92214,1
106,4596,497.84399,45.96000,0.34647,80.52204,,50.00000,20.00000,0.92201,1
106,4597,497.94000,45.97000,0.34682,80.52207,,50.00000,20.00000,0.92188,1
106,4598,498.04800,45.98000,0.34698,80.52210,,50.00000,20.00000,0.92174,1
106,4599,498.14200,45.99000,0.34712,80.52215,,50.00000,20.00000,0.92161,1
106,4600,498.24399,46.00000,0.34727,80.52098,,50.00000,20.00000,0.92148,1
106,4601,498.33301,46.01000,0.34692,80.52101,,50.00000,20.00000,0.92136,1
106,4602,498.42999,46.02000,0.34737,80.51982,,50.00000,20.00000,0.92123,1
106,4603,498.53000,46.03000,0.34752,80.51983,,50.00000,20.00000,0.92110,1
106,4604,498.64200,46.04000,0.34737,80.51864,,50.00000,20.00000,0.92095,1
106,4605,498.74399,46.05000,0.34742,80.51623,,50.00000,20.00000,0.92082,1
106,4606,498.83899,46.06000,0.34777,80.51503,,50.00000,20.00000,0.92070,1
106,4607,498.93701,46.07000,0.34812,80.51263,,50.00000,20.00000,0.92057,1
106,4608,499.03400,46.08000,0.34807,80.51023,,50.00000,20.00000,0.92044,1
106,4609,499.13599,46.09000,0.34822,80.50784,,50.00000,20.00000,0.92030,1
106,4610,499.24200,46.10000,0.34807,80.50667,,50.00000,20.00000,0.92016,1
106,4611,499.32901,46.11000,0.34751,80.50427,,50.00000,20.00000,0.92005,1
106,4612,499.43600,46.12000,0.34746,80.50310,,50.00000,20.00000,0.91991,1
106,4613,499.52701,46.13000,0.34771,80.50192,,50.00000,20.00000,0.91979,1
106,4614,499.63300,46.14000,0.34786,80.50074,,50.00000,20.00000,0.91965,1
106,4615,499.73199,46.15000,0.34771,80.49955,,50.00000,20.00000,0.91952,1
106,4616,499.82800,46.16000,0.34766,80.49958,,50.00000,20.00000,0.91939,1
106,4617,499.92899,46.17000,0.34791,80.49838,,50.00000,20.00000,0.91926,1
106,4618,500.02899,46.18000,0.34836,80.49840,,50.00000,20.00000,0.91912,1
106,4619,500.12399,46.19000,0.34831,80.49842,,50.00000,20.00000,0.91900,1
106,4620,500.23999,46.20000,0.34817,80.49724,,50.00000,20.00000,0.91885,1
106,4621,500.33200,46.21000,0.34831,80.49605,,50.00000,20.00000,0.91872,1
106,4622,500.42300,46.22000,0.34836,80.49607,,50.00000,20.00000,0.91860,1
106,4623,500.52899,46.23000,0.34882,80.49367,,50.00000,20.00000,0.91846,1
106,4624,500.62601,46.24000,0.34897,80.49006,,50.00000,20.00000,0.91834,1
106,4625,500.73001,46.25000,0.34872,80.48645,,50.00000,20.00000,0.91820,1
106,4626,500.82800,46.26000,0.34866,80.48163,,50.00000,20.00000,0.91807,1
106,4627,500.92899,46.27000,0.34821,80.47803,,50.00000,20.00000,0.91793,1
106,4628,501.02600,46.28000,0.34836,80.47321,,50.00000,20.00000,0.91781,1
106,4629,501.12100,46.29000,0.34911,80.46959,,50.00000,20.00000,0.91768,1
106,4630,501.21799,46.30000,0.34876,80.46597,,50.00000,20.00000,0.91755,1
106,4631,501.32300,46.31000,0.34871,80.46356,,50.00000,20.00000,0.91741,1
106,4632,501.43201,46.32000,0.34877,80.46116,,50.00000,20.00000,0.91727,1
106,4633,501.52802,46.33000,0.34892,80.45877,,50.00000,20.00000,0.91714,1
106,4634,501.62701,46.34000,0.34917,80.45880,,50.00000,20.00000,0.91701,1
106,4635,501.71899,46.35000,0.34931,80.45763,,50.00000,20.00000,0.91689,1
106,4636,501.81799,46.36000,0.34967,80.45767,,50.00000,20.00000,0.91676,1
106,4637,501.92099,46.37000,0.34982,80.45650,,50.00000,20.00000,0.91662,1
106,4638,502.01999,46.38000,0.34997,80.45654,,50.00000,20.00000,0.91649,1
106,4639,502.11700,46.39000,0.35002,80.45658,,50.00000,20.00000,0.91636,1
106,4640,502.21600,46.40000,0.34987,80.45661,,50.00000,20.00000,0.91623,1
106,4641,502.31900,46.41000,0.34992,80.45665,,50.00000,20.00000,0.91609,1
106,4642,502.40900,46.42000,0.34997,80.45667,,50.00000,20.00000,0.91598,1
106,4643,502.51901,46.43000,0.35022,80.45670,,50.00000,20.00000,0.91583,1
106,4644,502.61200,46.44000,0.35007,80.45671,,50.00000,20.00000,0.91571,1
106,4645,502.71100,46.45000,0.35042,80.45671,,50.00000,20.00000,0.91558,1
106,4646,502.81699,46.46000,0.35027,80.45672,,50.00000,20.00000,0.91544,1
106,4647,502.92401,46.47000,0.35033,80.45672,,50.00000,20.00000,0.91529,1
106,4648,503.01700,46.48000,0.35048,80.45673,,50.00000,20.00000,0.91517,1
106,4649,503.12500,46.49000,0.35023,80.45674,,50.00000,20.00000,0.91503,1
106,4650,503.21600,46.50000,0.35038,80.45677,,50.00000,20.00000,0.91491,1
106,4651,503.32599,46.51000,0.35013,80.45680,,50.00000,20.00000,0.91476,1
106,4652,503.42200,46.52000,0.35008,80.45684,,50.00000,20.00000,0.91463,1
106,4653,503.51599,46.53000,0.35012,80.45686,,50.00000,20.00000,0.91451,1
106,4654,503.60999,46.54000,0.35068,80.45689,,50.00000,20.00000,0.91438,1
106,4655,503.72101,46.55000,0.35053,80.45693,,50.00000,20.00000,0.91424,1
106,4656,503.82300,46.56000,0.35058,80.45696,,50.00000,20.00000,0.91410,1
106,4657,503.91599,46.57000,0.35093,80.45699,,50.00000,20.00000,0.91398,1
106,4658,504.01300,46.58000,0.35119,80.45703,,50.00000,20.00000,0.91385,1
106,4659,504.11899,46.59000,0.35124,80.45708,,50.00000,20.00000,0.91371,1
106,4660,504.20901,46.60000,0.35108,80.45711,,50.00000,20.00000,0.91359,1
106,4661,504.31000,46.61000,0.35113,80.45714,,50.00000,20.00000,0.91345,1
106,4662,504.41501,46.62000,0.35119,80.45718,,50.00000,20.00000,0.91331,1
106,4663,504.51199,46.63000,0.35134,80.45722,,50.00000,20.00000,0.91319,1
106,4664,504.61200,46.64000,0.35149,80.45725,,50.00000,20.00000,0.91305,1
106,4665,504.70801,46.65000,0.35195,80.45728,,50.00000,20.00000,0.91293,1
106,4666,504.81000,46.66000,0.35251,80.45732,,50.00000,20.00000,0.91279,1
106,4667,504.90201,46.67000,0.35225,80.45736,,50.00000,20.00000,0.91267,1
106,4668,505.01801,46.68000,0.35180,80.45741,,50.00000,20.00000,0.91251,1
106,4669,505.10800,46.69000,0.35235,80.45745,,50.00000,20.00000,0.91239,1
106,4670,505.20001,46.70000,0.35230,80.45749,,50.00000,20.00000,0.91227,1
106,4671,505.30099,46.71000,0.35205,80.45632,,50.00000,20.00000,0.91214,1
106,4672,505.40100,46.72000,0.35179,80.45635,,50.00000,20.00000,0.91200,1
106,4673,505.50400,46.73000,0.35185,80.45638,,50.00000,20.00000,0.91187,1
106,4674,505.59698,46.74000,0.35179,80.45519,,50.00000,20.00000,0.91174,1
106,4675,505.70999,46.75000,0.35205,80.45522,,50.00000,20.00000,0.91159,1
106,4676,505.79999,46.76000,0.35251,80.45405,,50.00000,20.00000,0.91147,1
106,4677,505.90399,46.77000,0.35246,80.45409,,50.00000,20.00000,0.91134,1
106,4678,506.00000,46.78000,0.35251,80.45412,,50.00000,20.00000,0.91121,1
106,4679,506.09100,46.79000,0.35286,80.45294,,50.00000,20.00000,0.91109,1
106,4680,506.20401,46.80000,0.35292,80.45297,,50.00000,20.00000,0.91094,1
106,4681,506.28900,46.81000,0.35286,80.45176,,50.00000,20.00000,0.91082,1
106,4682,506.39899,46.82000,0.35251,80.45177,,50.00000,20.00000,0.91068,1
106,4683,506.50900,46.83000,0.35247,80.45058,,50.00000,20.00000,0.91053,1
106,4684,506.60400,46.84000,0.35282,80.45060,,50.00000,20.00000,0.91040,1
106,4685,506.69800,46.85000,0.35267,80.44941,,50.00000,20.00000,0.91028,1
106,4686,506.80600,46.86000,0.35313,80.44946,,50.00000,20.00000,0.91013,1
106,4687,506.89801,46.87000,0.35379,80.44950,,50.00000,20.00000,0.91001,1
106,4688,506.99899,46.88000,0.35384,80.44834,,50.00000,20.00000,0.90988,1
106,4689,507.09500,46.89000,0.35379,80.44838,,50.00000,20.00000,0.90975,1
106,4690,507.19501,46.90000,0.35374,80.44721,,50.00000,20.00000,0.90962,1
106,4691,507.29099,46.91000,0.35389,80.44724,,50.00000,20.00000,0.90949,1
106,4692,507.39801,46.92000,0.35394,80.44607,,50.00000,20.00000,0.90935,1
106,4693,507.49200,46.93000,0.35399,80.44610,,50.00000,20.00000,0.90922,1
106,4694,507.59399,46.94000,0.35425,80.44249,,50.00000,20.00000,0.90908,1
106,4695,507.69400,46.95000,0.35420,80.44010,,50.00000,20.00000,0.90895,1
106,4696,507.78799,46.96000,0.35455,80.43770,,50.00000,20.00000,0.90883,1
106,4697,507.89200,46.97000,0.35461,80.43532,,50.00000,20.00000,0.90869,1
106,4698,507.99600,46.98000,0.35466,80.43414,,50.00000,20.00000,0.90855,1
106,4699,508.09000,46.99000,0.35502,80.43296,,50.00000,20.00000,0.90842,1
106,4700,508.18900,47.00000,0.35527,80.43057,,50.00000,20.00000,0.90829,1
106,4701,508.28500,47.01000,0.35532,80.42938,,50.00000,20.00000,0.90816,1
106,4702,508.38599,47.02000,0.35558,80.42940,,50.00000,20.00000,0.90803,1
106,4703,508.49100,47.03000,0.35523,80.42821,,50.00000,20.00000,0.90789,1
106,4704,508.59500,47.04000,0.35487,80.42702,,50.00000,20.00000,0.90775,1
106,4705,508.69101,47.05000,0.35492,80.42584,,50.00000,20.00000,0.90762,1
106,4706,508.79099,47.06000,0.35508,80.42467,,50.00000,20.00000,0.90749,1
106,4707,508.88901,47.07000,0.35533,80.42351,,50.00000,20.00000,0.90736,1
106,4708,508.99100,47.08000,0.35538,80.42356,,50.00000,20.00000,0.90722,1
106,4709,509.07999,47.09000,0.35533,80.42239,,50.00000,20.00000,0.90710,1
106,4710,509.17899,47.10000,0.35507,80.42121,,50.00000,20.00000,0.90697,1
106,4711,509.28201,47.11000,0.35543,80.42004,,50.00000,20.00000,0.90683,1
106,4712,509.39301,47.12000,0.35600,80.42008,,50.00000,20.00000,0.90668,1
106,4713,509.47800,47.13000,0.35625,80.41890,,50.00000,20.00000,0.90657,1
106,4714,509.58099,47.14000,0.35651,80.41771,,50.00000,20.00000,0.90643,1
106,4715,509.67801,47.15000,0.35646,80.41653,,50.00000,20.00000,0.90630,1
106,4716,509.78299,47.16000,0.35662,80.41535,,50.00000,20.00000,0.90616,1
106,4717,509.88300,47.17000,0.35698,80.41539,,50.00000,20.00000,0.90603,1
106,4718,509.98801,47.18000,0.35693,80.41422,,50.00000,20.00000,0.90589,1
106,4719,510.07599,47.19000,0.35667,80.41305,,50.00000,20.00000,0.90577,1
106,4720,510.18100,47.20000,0.35703,80.41188,,50.00000,20.00000,0.90563,1
106,4721,510.26901,47.21000,0.35677,80.41192,,50.00000,20.00000,0.90551,1
106,4722,510.37900,47.22000,0.35683,80.41196,,50.00000,20.00000,0.90537,1
106,4723,510.47501,47.23000,0.35708,80.41077,,50.00000,20.00000,0.90524,1
106,4724,510.57300,47.24000,0.35724,80.41079,,50.00000,20.00000,0.90511,1
106,4725,510.67700,47.25000,0.35729,80.41081,,50.00000,20.00000,0.90497,1
106,4726,510.77899,47.26000,0.35765,80.41083,,50.00000,20.00000,0.90483,1
106,4727,510.88101,47.27000,0.35750,80.40965,,50.00000,20.00000,0.90469,1
106,4728,510.97900,47.28000,0.35755,80.40967,,50.00000,20.00000,0.90456,1
106,4729,511.07300,47.29000,0.35781,80.40850,,50.00000,20.00000,0.90444,1
106,4730,511.18201,47.30000,0.35776,80.40855,,50.00000,20.00000,0.90429,1
106,4731,511.28000,47.31000,0.35741,80.40739,,50.00000,20.00000,0.90416,1
106,4732,511.37000,47.32000,0.35786,80.40621,,50.00000,20.00000,0.90404,1
106,4733,511.47101,47.33000,0.35812,80.40625,,50.00000,20.00000,0.90390,1
106,4734,511.56799,47.34000,0.35776,80.40506,,50.00000,20.00000,0.90377,1
106,4735,511.67099,47.35000,0.35761,80.40144,,50.00000,20.00000,0.90364,1
106,4736,511.78000,47.36000,0.35726,80.39904,,50.00000,20.00000,0.90349,1
106,4737,511.87201,47.37000,0.35752,80.39664,,50.00000,20.00000,0.90337,1
106,4738,511.98300,47.38000,0.35809,80.39425,,50.00000,20.00000,0.90322,1
106,4739,512.07300,47.39000,0.35793,80.39185,,50.00000,20.00000,0.90310,1
106,4740,512.16602,47.40000,0.35798,80.39067,,50.00000,20.00000,0.90297,1
106,4741,512.27600,47.41000,0.35804,80.38829,,50.00000,20.00000,0.90282,1
106,4742,512.37299,47.42000,0.35809,80.38712,,50.00000,20.00000,0.90269,1
106,4743,512.47998,47.43000,0.35835,80.38595,,50.00000,20.00000,0.90255,1
106,4744,512.56299,47.44000,0.35860,80.38476,,50.00000,20.00000,0.90244,1
106,4745,512.66699,47.45000,0.35866,80.38359,,50.00000,20.00000,0.90230,1
106,4746,512.77100,47.46000,0.35871,80.38363,,50.00000,20.00000,0.90216,1
106,4747,512.87598,47.47000,0.35887,80.38247,,50.00000,20.00000,0.90202,1
106,4748,512.96899,47.48000,0.35871,80.38129,,50.00000,20.00000,0.90190,1
106,4749,513.06201,47.49000,0.35897,80.38012,,50.00000,20.00000,0.90177,1
106,4750,513.16998,47.50000,0.35913,80.38016,,50.00000,20.00000,0.90163,1
106,4751,513.26703,47.51000,0.35887,80.37899,,50.00000,20.00000,0.90150,1
106,4752,513.35699,47.52000,0.35902,80.37781,,50.00000,20.00000,0.90137,1
106,4753,513.47302,47.53000,0.35909,80.37664,,50.00000,20.00000,0.90122,1
106,4754,513.56500,47.54000,0.35944,80.37546,,50.00000,20.00000,0.90110,1
106,4755,513.66199,47.55000,0.35991,80.37429,,50.00000,20.00000,0.90097,1
106,4756,513.76703,47.56000,0.36037,80.37435,,50.00000,20.00000,0.90082,1
106,4757,513.86200,47.57000,0.36032,80.37319,,50.00000,20.00000,0.90070,1
106,4758,513.95801,47.58000,0.36037,80.37202,,50.00000,20.00000,0.90057,1
106,4759,514.05701,47.59000,0.36022,80.37086,,50.00000,20.00000,0.90044,1
106,4760,514.15802,47.60000,0.36058,80.37091,,50.00000,20.00000,0.90030,1
106,4761,514.25702,47.61000,0.36064,80.37095,,50.00000,20.00000,0.90017,1
106,4762,514.35400,47.62000,0.36079,80.36977,,50.00000,20.00000,0.90004,1
106,4763,514.45398,47.63000,0.36095,80.36979,,50.00000,20.00000,0.89990,1
106,4764,514.55298,47.64000,0.36121,80.36860,,50.00000,20.00000,0.89977,1
106,4765,514.65802,47.65000,0.36106,80.36863,,50.00000,20.00000,0.89963,1
106,4766,514.76202,47.66000,0.36081,80.36744,,50.00000,20.00000,0.89949,1
106,4767,514.86298,47.67000,0.36086,80.36626,,50.00000,20.00000,0.89935,1
106,4768,514.95300,47.68000,0.36112,80.36629,,50.00000,20.00000,0.89923,1
106,4769,515.05499,47.69000,0.36096,80.36512,,50.00000,20.00000,0.89909,1
106,4770,515.15698,47.70000,0.36123,80.36397,,50.00000,20.00000,0.89896,1
106,4771,515.26202,47.71000,0.36159,80.36404,,50.00000,20.00000,0.89882,1
106,4772,515.35400,47.72000,0.36174,80.36288,,50.00000,20.00000,0.89869,1
106,4773,515.44299,47.73000,0.36169,80.36173,,50.00000,20.00000,0.89857,1
106,4774,515.54999,47.74000,0.36154,80.36058,,50.00000,20.00000,0.89843,1
106,4775,515.63898,47.75000,0.36169,80.36063,,50.00000,20.00000,0.89831,1
106,4776,515.74902,47.76000,0.36165,80.35947,,50.00000,20.00000,0.89816,1
106,4777,515.84399,47.77000,0.36211,80.35831,,50.00000,20.00000,0.89803,1
106,4778,515.94501,47.78000,0.36227,80.35715,,50.00000,20.00000,0.89790,1
106,4779,516.04102,47.79000,0.36201,80.35597,,50.00000,20.00000,0.89777,1
106,4780,516.13202,47.80000,0.36227,80.35479,,50.00000,20.00000,0.89764,1
106,4781,516.24298,47.81000,0.36223,80.35362,,50.00000,20.00000,0.89750,1
106,4782,516.34198,47.82000,0.36269,80.35123,,50.00000,20.00000,0.89736,1
106,4783,516.44299,47.83000,0.36295,80.35004,,50.00000,20.00000,0.89723,1
106,4784,516.53998,47.84000,0.36280,80.34763,,50.00000,20.00000,0.89710,1
106,4785,516.63397,47.85000,0.36275,80.34522,,50.00000,20.00000,0.89697,1
106,4786,516.74500,47.86000,0.36281,80.34282,,50.00000,20.00000,0.89682,1
106,4787,516.84998,47.87000,0.36307,80.34164,,50.00000,20.00000,0.89668,1
106,4788,516.94501,47.88000,0.36343,80.33924,,50.00000,20.00000,0.89655,1
106,4789,517.03998,47.89000,0.36369,80.33805,,50.00000,20.00000,0.89642,1
106,4790,517.14301,47.90000,0.36365,80.33688,,50.00000,20.00000,0.89628,1
106,4791,517.24799,47.91000,0.36381,80.33570,,50.00000,20.00000,0.89614,1
106,4792,517.33698,47.92000,0.36406,80.33574,,50.00000,20.00000,0.89602,1
106,4793,517.44800,47.93000,0.36412,80.33579,,50.00000,20.00000,0.89587,1
106,4794,517.54102,47.94000,0.36397,80.33462,,50.00000,20.00000,0.89575,1
106,4795,517.63800,47.95000,0.36412,80.33466,,50.00000,20.00000,0.89562,1
106,4796,517.74200,47.96000,0.36439,80.33470,,50.00000,20.00000,0.89548,1
106,4797,517.83197,47.97000,0.36454,80.33474,,50.00000,20.00000,0.89535,1
106,4798,517.94598,47.98000,0.36450,80.33478,,50.00000,20.00000,0.89520,1
106,4799,518.03699,47.99000,0.36424,80.33482,,50.00000,20.00000,0.89508,1
106,4800,518.14203,48.00000,0.36430,80.33485,,50.00000,20.00000,0.89494,1
106,4801,518.23499,48.01000,0.36435,80.33488,,50.00000,20.00000,0.89481,1
106,4802,518.33899,48.02000,0.36440,80.33492,,50.00000,20.00000,0.89467,1
106,4803,518.44202,48.03000,0.36436,80.33374,,50.00000,20.00000,0.89453,1
106,4804,518.53699,48.04000,0.36462,80.33377,,50.00000,20.00000,0.89440,1
106,4805,518.63300,48.05000,0.36508,80.33380,,50.00000,20.00000,0.89427,1
106,4806,518.74597,48.06000,0.36515,80.33262,,50.00000,20.00000,0.89412,1
106,4807,518.83600,48.07000,0.36551,80.33265,,50.00000,20.00000,0.89400,1
106,4808,518.94098,48.08000,0.36536,80.33025,,50.00000,20.00000,0.89386,1
106,4809,519.03802,48.09000,0.36500,80.32787,,50.00000,20.00000,0.89373,1
106,4810,519.14600,48.10000,0.36485,80.32548,,50.00000,20.00000,0.89358,1
106,4811,519.23199,48.11000,0.36510,80.32309,,50.00000,20.00000,0.89346,1
106,4812,519.34198,48.12000,0.36548,80.32071,,50.00000,20.00000,0.89332,1
106,4813,519.43701,48.13000,0.36574,80.31833,,50.00000,20.00000,0.89319,1
106,4814,519.53699,48.14000,0.36589,80.31715,,50.00000,20.00000,0.89305,1
106,4815,519.63501,48.15000,0.36605,80.31477,,50.00000,20.00000,0.89292,1
106,4816,519.73999,48.16000,0.36611,80.31361,,50.00000,20.00000,0.89278,1
106,4817,519.83398,48.17000,0.36606,80.31124,,50.00000,20.00000,0.89265,1
106,4818,519.93500,48.18000,0.36580,80.31008,,50.00000,20.00000,0.89251,1
106,4819,520.03400,48.19000,0.36565,80.30771,,50.00000,20.00000,0.89238,1
106,4820,520.12701,48.20000,0.36560,80.30655,,50.00000,20.00000,0.89225,1
106,4821,520.22699,48.21000,0.36576,80.30417,,50.00000,20.00000,0.89212,1
106,4822,520.32800,48.22000,0.36623,80.30178,,50.00000,20.00000,0.89198,1
106,4823,520.43201,48.23000,0.36639,80.29819,,50.00000,20.00000,0.89184,1
106,4824,520.53003,48.24000,0.36634,80.29459,,50.00000,20.00000,0.89171,1
106,4825,520.62903,48.25000,0.36650,80.29099,,50.00000,20.00000,0.89158,1
106,4826,520.72302,48.26000,0.36655,80.28862,,50.00000,20.00000,0.89145,1
106,4827,520.83301,48.27000,0.36630,80.28503,,50.00000,20.00000,0.89130,1
106,4828,520.91602,48.28000,0.36635,80.28143,,50.00000,20.00000,0.89119,1
106,4829,521.03198,48.29000,0.36704,80.27785,,50.00000,20.00000,0.89103,1
106,4830,521.12402,48.30000,0.36719,80.27549,,50.00000,20.00000,0.89091,1
106,4831,521.22302,48.31000,0.36756,80.27312,,50.00000,20.00000,0.89077,1
106,4832,521.31598,48.32000,0.36761,80.27196,,50.00000,20.00000,0.89065,1
106,4833,521.41400,48.33000,0.36766,80.27080,,50.00000,20.00000,0.89051,1
106,4834,521.52399,48.34000,0.36773,80.27085,,50.00000,20.00000,0.89036,1
106,4835,521.60999,48.35000,0.36767,80.27089,,50.00000,20.00000,0.89025,1
106,4836,521.71600,48.36000,0.36690,80.26972,,50.00000,20.00000,0.89010,1
106,4837,521.82098,48.37000,0.36654,80.26976,,50.00000,20.00000,0.88996,1
106,4838,521.91400,48.38000,0.36836,80.26979,,50.00000,20.00000,0.88984,1
106,4839,522.01599,48.39000,0.36873,80.26981,,50.00000,20.00000,0.88970,1
106,4840,522.11700,48.40000,0.36847,80.26984,,50.00000,20.00000,0.88956,1
106,4841,522.21600,48.41000,0.36780,80.26988,,50.00000,20.00000,0.88943,1
106,4842,522.32202,48.42000,0.36817,80.26991,,50.00000,20.00000,0.88928,1
106,4843,522.41602,48.43000,0.36843,80.26995,,50.00000,20.00000,0.88916,1
106,4844,522.52502,48.44000,0.36839,80.26877,,50.00000,20.00000,0.88901,1
106,4845,522.61298,48.45000,0.36834,80.26881,,50.00000,20.00000,0.88889,1
106,4846,522.71301,48.46000,0.36839,80.26763,,50.00000,20.00000,0.88875,1
106,4847,522.82001,48.47000,0.36856,80.26647,,50.00000,20.00000,0.88861,1
106,4848,522.92297,48.48000,0.36872,80.26530,,50.00000,20.00000,0.88847,1
106,4849,523.01703,48.49000,0.36877,80.26413,,50.00000,20.00000,0.88834,1
106,4850,523.10999,48.50000,0.36903,80.26297,,50.00000,20.00000,0.88822,1
106,4851,523.21698,48.51000,0.36899,80.26182,,50.00000,20.00000,0.88807,1
106,4852,523.31403,48.52000,0.36894,80.26067,,50.00000,20.00000,0.88794,1
106,4853,523.41101,48.53000,0.36931,80.25951,,50.00000,20.00000,0.88781,1
106,4854,523.50897,48.54000,0.36957,80.25834,,50.00000,20.00000,0.88767,1
106,4855,523.60797,48.55000,0.36952,80.25718,,50.00000,20.00000,0.88754,1
106,4856,523.70599,48.56000,0.36937,80.25602,,50.00000,20.00000,0.88741,1
106,4857,523.81403,48.57000,0.36943,80.25607,,50.00000,20.00000,0.88726,1
106,4858,523.90399,48.58000,0.36959,80.25490,,50.00000,20.00000,0.88714,1
106,4859,524.00897,48.59000,0.36985,80.25374,,50.00000,20.00000,0.88700,1
106,4860,524.10498,48.60000,0.36980,80.25259,,50.00000,20.00000,0.88687,1
106,4861,524.20801,48.61000,0.36934,80.25144,,50.00000,20.00000,0.88673,1
106,4862,524.29901,48.62000,0.36960,80.25028,,50.00000,20.00000,0.88660,1
106,4863,524.40002,48.63000,0.36997,80.24911,,50.00000,20.00000,0.88647,1
106,4864,524.49500,48.64000,0.37034,80.24794,,50.00000,20.00000,0.88634,1
106,4865,524.60199,48.65000,0.37040,80.24798,,50.00000,20.00000,0.88619,1
106,4866,524.70203,48.66000,0.37046,80.24801,,50.00000,20.00000,0.88605,1
106,4867,524.79999,48.67000,0.37051,80.24683,,50.00000,20.00000,0.88592,1
106,4868,524.90399,48.68000,0.37078,80.24686,,50.00000,20.00000,0.88578,1
106,4869,525.00098,48.69000,0.37083,80.24688,,50.00000,20.00000,0.88565,1
106,4870,525.09802,48.70000,0.37099,80.24691,,50.00000,20.00000,0.88552,1
106,4871,525.21198,48.71000,0.37116,80.24696,,50.00000,20.00000,0.88536,1
106,4872,525.30298,48.72000,0.37174,80.24699,,50.00000,20.00000,0.88524,1
106,4873,525.40503,48.73000,0.37180,80.24703,,50.00000,20.00000,0.88510,1
106,4874,525.49701,48.74000,0.37164,80.24707,,50.00000,20.00000,0.88497,1
106,4875,525.60498,48.75000,0.37170,80.24710,,50.00000,20.00000,0.88483,1
106,4876,525.69897,48.76000,0.37165,80.24592,,50.00000,20.00000,0.88470,1
106,4877,525.81000,48.77000,0.37171,80.24596,,50.00000,20.00000,0.88455,1
106,4878,525.90302,48.78000,0.37177,80.24479,,50.00000,20.00000,0.88442,1
106,4879,526.00800,48.79000,0.37183,80.24484,,50.00000,20.00000,0.88428,1
106,4880,526.10498,48.80000,0.37199,80.24368,,50.00000,20.00000,0.88415,1
106,4881,526.20001,48.81000,0.37194,80.24373,,50.00000,20.00000,0.88402,1
106,4882,526.29498,48.82000,0.37199,80.24258,,50.00000,20.00000,0.88389,1
106,4883,526.40601,48.83000,0.37226,80.24143,,50.00000,20.00000,0.88374,1
106,4884,526.49701,48.84000,0.37232,80.24149,,50.00000,20.00000,0.88361,1
106,4885,526.59601,48.85000,0.37258,80.24034,,50.00000,20.00000,0.88348,1
106,4886,526.69299,48.86000,0.37274,80.23918,,50.00000,20.00000,0.88335,1
106,4887,526.79401,48.87000,0.37312,80.23923,,50.00000,20.00000,0.88321,1
106,4888,526.89203,48.88000,0.37317,80.23806,,50.00000,20.00000,0.88308,1
106,4889,526.98999,48.89000,0.37386,80.23810,,50.00000,20.00000,0.88294,1
106,4890,527.09601,48.90000,0.37350,80.23693,,50.00000,20.00000,0.88280,1
106,4891,527.19501,48.91000,0.37324,80.23575,,50.00000,20.00000,0.88266,1
106,4892,527.29199,48.92000,0.37330,80.23578,,50.00000,20.00000,0.88253,1
106,4893,527.39001,48.93000,0.37346,80.23460,,50.00000,20.00000,0.88240,1
106,4894,527.50098,48.94000,0.37363,80.23343,,50.00000,20.00000,0.88225,1
106,4895,527.59302,48.95000,0.37400,80.23346,,50.00000,20.00000,0.88212,1
106,4896,527.69299,48.96000,0.37405,80.23228,,50.00000,20.00000,0.88199,1
106,4897,527.79797,48.97000,0.37390,80.23112,,50.00000,20.00000,0.88184,1
106,4898,527.90002,48.98000,0.37417,80.23118,,50.00000,20.00000,0.88170,1
106,4899,527.98901,48.99000,0.37433,80.23002,,50.00000,20.00000,0.88158,1
106,4900,528.09698,49.00000,0.37481,80.23009,,50.00000,20.00000,0.88144,1
106,4901,528.18903,49.01000,0.37508,80.22894,,50.00000,20.00000,0.88131,1
106,4902,528.28699,49.02000,0.37534,80.22778,,50.00000,20.00000,0.88118,1
106,4903,528.38501,49.03000,0.37540,80.22782,,50.00000,20.00000,0.88104,1
106,4904,528.48602,49.04000,0.37546,80.22665,,50.00000,20.00000,0.88091,1
106,4905,528.58600,49.05000,0.37583,80.22548,,50.00000,20.00000,0.88077,1
106,4906,528.69299,49.06000,0.37579,80.22552,,50.00000,20.00000,0.88062,1
106,4907,528.79102,49.07000,0.37595,80.22557,,50.00000,20.00000,0.88049,1
106,4908,528.89203,49.08000,0.37622,80.22440,,50.00000,20.00000,0.88035,1
106,4909,528.98199,49.09000,0.37606,80.22445,,50.00000,20.00000,0.88023,1
106,4910,529.08398,49.10000,0.37591,80.22450,,50.00000,20.00000,0.88009,1
106,4911,529.18597,49.11000,0.37587,80.22455,,50.00000,20.00000,0.87995,1
106,4912,529.28802,49.12000,0.37592,80.22459,,50.00000,20.00000,0.87981,1
106,4913,529.38599,49.13000,0.37588,80.22462,,50.00000,20.00000,0.87968,1
106,4914,529.47900,49.14000,0.37604,80.22465,,50.00000,20.00000,0.87955,1
106,4915,529.58600,49.15000,0.37652,80.22469,,50.00000,20.00000,0.87940,1
106,4916,529.69800,49.16000,0.37659,80.22474,,50.00000,20.00000,0.87925,1
106,4917,529.79102,49.17000,0.37674,80.22478,,50.00000,20.00000,0.87912,1
106,4918,529.88397,49.18000,0.37701,80.22483,,50.00000,20.00000,0.87900,1
106,4919,529.98199,49.19000,0.37696,80.22489,,50.00000,20.00000,0.87886,1
106,4920,530.08801,49.20000,0.37713,80.22494,,50.00000,20.00000,0.87872,1
106,4921,530.17902,49.21000,0.37718,80.22498,,50.00000,20.00000,0.87860,1
106,4922,530.28497,49.22000,0.37756,80.22503,,50.00000,20.00000,0.87845,1
106,4923,530.38800,49.23000,0.37773,80.22508,,50.00000,20.00000,0.87831,1
106,4924,530.48401,49.24000,0.37757,80.22512,,50.00000,20.00000,0.87818,1
106,4925,530.58398,49.25000,0.37774,80.22516,,50.00000,20.00000,0.87804,1
106,4926,530.68103,49.26000,0.37800,80.22521,,50.00000,20.00000,0.87791,1
106,4927,530.78699,49.27000,0.37754,80.22527,,50.00000,20.00000,0.87776,1
106,4928,530.88501,49.28000,0.37781,80.22533,,50.00000,20.00000,0.87763,1
106,4929,530.97803,49.29000,0.37776,80.22417,,50.00000,20.00000,0.87750,1
106,4930,531.08002,49.30000,0.37740,80.22422,,50.00000,20.00000,0.87736,1
106,4931,531.17999,49.31000,0.37767,80.22427,,50.00000,20.00000,0.87723,1
106,4932,531.27600,49.32000,0.37814,80.22432,,50.00000,20.00000,0.87710,1
106,4933,531.38397,49.33000,0.37842,80.22317,,50.00000,20.00000,0.87695,1
106,4934,531.47900,49.34000,0.37826,80.22323,,50.00000,20.00000,0.87682,1
106,4935,531.58197,49.35000,0.37875,80.22207,,50.00000,20.00000,0.87668,1
106,4936,531.66400,49.36000,0.37911,80.22212,,50.00000,20.00000,0.87657,1
106,4937,531.77802,49.37000,0.37918,80.22218,,50.00000,20.00000,0.87641,1
106,4938,531.87402,49.38000,0.37924,80.22102,,50.00000,20.00000,0.87628,1
106,4939,531.97498,49.39000,0.37930,80.22108,,50.00000,20.00000,0.87614,1
106,4940,532.07599,49.40000,0.37946,80.22113,,50.00000,20.00000,0.87600,1
106,4941,532.17297,49.41000,0.37899,80.21997,,50.00000,20.00000,0.87587,1
106,4942,532.26501,49.42000,0.37905,80.21758,,50.00000,20.00000,0.87574,1
106,4943,532.36798,49.43000,0.37932,80.21398,,50.00000,20.00000,0.87560,1
106,4944,532.47601,49.44000,0.37928,80.21037,,50.00000,20.00000,0.87545,1
106,4945,532.57202,49.45000,0.37965,80.20676,,50.00000,20.00000,0.87532,1
106,4946,532.67700,49.46000,0.38035,80.20315,,50.00000,20.00000,0.87518,1
106,4947,532.77399,49.47000,0.38040,80.20077,,50.00000,20.00000,0.87505,1
106,4948,532.88501,49.48000,0.38068,80.19840,,50.00000,20.00000,0.87490,1
106,4949,532.97101,49.49000,0.38063,80.19603,,50.00000,20.00000,0.87478,1
106,4950,533.07300,49.50000,0.38027,80.19488,,50.00000,20.00000,0.87464,1
106,4951,533.17200,49.51000,0.38032,80.19374,,50.00000,20.00000,0.87450,1
106,4952,533.27100,49.52000,0.38070,80.19139,,50.00000,20.00000,0.87437,1
106,4953,533.36798,49.53000,0.38118,80.19025,,50.00000,20.00000,0.87423,1
106,4954,533.46198,49.54000,0.38092,80.18910,,50.00000,20.00000,0.87411,1
106,4955,533.56201,49.55000,0.38087,80.18673,,50.00000,20.00000,0.87397,1
106,4956,533.66400,49.56000,0.38115,80.18556,,50.00000,20.00000,0.87383,1
106,4957,533.75897,49.57000,0.38184,80.18439,,50.00000,20.00000,0.87370,1
106,4958,533.86700,49.58000,0.38212,80.18322,,50.00000,20.00000,0.87355,1
106,4959,533.96899,49.59000,0.38165,80.18206,,50.00000,20.00000,0.87341,1
106,4960,534.07001,49.60000,0.38139,80.18089,,50.00000,20.00000,0.87327,1
106,4961,534.15601,49.61000,0.38144,80.17973,,50.00000,20.00000,0.87315,1
106,4962,534.26501,49.62000,0.38161,80.17979,,50.00000,20.00000,0.87300,1
106,4963,534.36102,49.63000,0.38178,80.17863,,50.00000,20.00000,0.87287,1
106,4964,534.46002,49.64000,0.38184,80.17867,,50.00000,20.00000,0.87274,1
106,4965,534.56403,49.65000,0.38211,80.17994,,50.00000,20.00000,0.87259,1
106,4966,534.66400,49.66000,0.38259,80.18121,,50.00000,20.00000,0.87246,1
106,4967,534.75897,49.67000,0.38276,80.18247,,50.00000,20.00000,0.87233,1
106,4968,534.85602,49.68000,0.38292,80.18253,,50.00000,20.00000,0.87219,1
106,4969,534.96698,49.69000,0.38310,80.18260,,50.00000,20.00000,0.87204,1
106,4970,535.05603,49.70000,0.38294,80.18265,,50.00000,20.00000,0.87192,1
106,4971,535.15698,49.71000,0.38300,80.18270,,50.00000,20.00000,0.87178,1
106,4972,535.25299,49.72000,0.38306,80.18275,,50.00000,20.00000,0.87165,1
106,4973,535.35303,49.73000,0.38333,80.18157,,50.00000,20.00000,0.87151,1
106,4974,535.45801,49.74000,0.38350,80.17918,,50.00000,20.00000,0.87137,1
106,4975,535.56000,49.75000,0.38345,80.17679,,50.00000,20.00000,0.87123,1
106,4976,535.66498,49.76000,0.38384,80.17562,,50.00000,20.00000,0.87108,1
106,4977,535.75702,49.77000,0.38378,80.17324,,50.00000,20.00000,0.87096,1
106,4978,535.86200,49.78000,0.38374,80.17087,,50.00000,20.00000,0.87081,1
106,4979,535.96100,49.79000,0.38380,80.16972,,50.00000,20.00000,0.87068,1
106,4980,536.05200,49.80000,0.38386,80.16856,,50.00000,20.00000,0.87055,1
106,4981,536.15503,49.81000,0.38413,80.16619,,50.00000,20.00000,0.87041,1
106,4982,536.26001,49.82000,0.38409,80.16503,,50.00000,20.00000,0.87027,1
106,4983,536.34998,49.83000,0.38414,80.16387,,50.00000,20.00000,0.87014,1
106,4984,536.46100,49.84000,0.38421,80.16272,,50.00000,20.00000,0.86999,1
106,4985,536.55798,49.85000,0.38406,80.16278,,50.00000,20.00000,0.86986,1
106,4986,536.64600,49.86000,0.38422,80.16162,,50.00000,20.00000,0.86974,1
106,4987,536.75098,49.87000,0.38460,80.16046,,50.00000,20.00000,0.86959,1
106,4988,536.85498,49.88000,0.38466,80.15930,,50.00000,20.00000,0.86945,1
106,4989,536.94800,49.89000,0.38451,80.15813,,50.00000,20.00000,0.86932,1
106,4990,537.05103,49.90000,0.38425,80.15696,,50.00000,20.00000,0.86918,1
106,4991,537.15100,49.91000,0.38452,80.15579,,50.00000,20.00000,0.86904,1
106,4992,537.26099,49.92000,0.38480,80.15463,,50.00000,20.00000,0.86889,1
106,4993,537.34900,49.93000,0.38518,80.15346,,50.00000,20.00000,0.86877,1
106,4994,537.45099,49.94000,0.38599,80.15230,,50.00000,20.00000,0.86863,1
106,4995,537.55200,49.95000,0.38605,80.15236,,50.00000,20.00000,0.86849,1
106,4996,537.65302,49.96000,0.38611,80.15120,,50.00000,20.00000,0.86835,1
106,4997,537.75000,49.97000,0.38617,80.15003,,50.00000,20.00000,0.86822,1
106,4998,537.84900,49.98000,0.38634,80.14887,,50.00000,20.00000,0.86808,1
106,4999,537.95099,49.99000,0.38640,80.14771,,50.00000,20.00000,0.86794,1
106,5000,538.05200,50.00000,0.38614,80.14655,,50.00000,20.00000,0.86780,1
106,5001,538.15002,50.01000,0.38609,80.14538,,50.00000,20.00000,0.86767,1
106,5002,538.24500,50.02000,0.38626,80.14422,,50.00000,20.00000,0.86754,1
106,5003,538.35303,50.03000,0.38632,80.14306,,50.00000,20.00000,0.86739,1
106,5004,538.45099,50.04000,0.38649,80.14191,,50.00000,20.00000,0.86726,1
106,5005,538.54901,50.05000,0.38644,80.14075,,50.00000,20.00000,0.86712,1
106,5006,538.64899,50.06000,0.38672,80.14081,,50.00000,20.00000,0.86698,1
106,5007,538.74402,50.07000,0.38699,80.13965,,50.00000,20.00000,0.86685,1
106,5008,538.84399,50.08000,0.38705,80.13970,,50.00000,20.00000,0.86672,1
106,5009,538.94897,50.09000,0.38690,80.13855,,50.00000,20.00000,0.86657,1
106,5010,539.04498,50.10000,0.38696,80.13739,,50.00000,20.00000,0.86644,1
106,5011,539.15002,50.11000,0.38713,80.13744,,50.00000,20.00000,0.86629,1
106,5012,539.24200,50.12000,0.38730,80.13628,,50.00000,20.00000,0.86617,1
106,5013,539.34497,50.13000,0.38768,80.13513,,50.00000,20.00000,0.86603,1
106,5014,539.44598,50.14000,0.38774,80.13518,,50.00000,20.00000,0.86589,1
106,5015,539.53802,50.15000,0.38791,80.13402,,50.00000,20.00000,0.86576,1
106,5016,539.64600,50.16000,0.38808,80.13286,,50.00000,20.00000,0.86561,1
106,5017,539.74402,50.17000,0.38803,80.13171,,50.00000,20.00000,0.86548,1
106,5018,539.84601,50.18000,0.38810,80.13177,,50.00000,20.00000,0.86534,1
106,5019,539.94098,50.19000,0.38826,80.13061,,50.00000,20.00000,0.86520,1
106,5020,540.03998,50.20000,0.38832,80.12944,,50.00000,20.00000,0.86507,1
106,5021,540.13300,50.21000,0.38849,80.12827,,50.00000,20.00000,0.86494,1
106,5022,540.24597,50.22000,0.38802,80.12832,,50.00000,20.00000,0.86478,1
106,5023,540.34802,50.23000,0.38809,80.12838,,50.00000,20.00000,0.86464,1
106,5024,540.44397,50.24000,0.38825,80.12721,,50.00000,20.00000,0.86451,1
106,5025,540.53802,50.25000,0.38853,80.12726,,50.00000,20.00000,0.86438,1
106,5026,540.64001,50.26000,0.38902,80.12732,,50.00000,20.00000,0.86424,1
106,5027,540.74298,50.27000,0.38929,80.12739,,50.00000,20.00000,0.86410,1
106,5028,540.84302,50.28000,0.38946,80.12745,,50.00000,20.00000,0.86396,1
106,5029,540.93597,50.29000,0.38920,80.12750,,50.00000,20.00000,0.86383,1
106,5030,541.03400,50.30000,0.38926,80.12754,,50.00000,20.00000,0.86370,1
106,5031,541.13397,50.31000,0.38911,80.12758,,50.00000,20.00000,0.86356,1
106,5032,541.24298,50.32000,0.38907,80.12641,,50.00000,20.00000,0.86341,1
106,5033,541.34497,50.33000,0.38924,80.12646,,50.00000,20.00000,0.86327,1
106,5034,541.44299,50.34000,0.38952,80.12652,,50.00000,20.00000,0.86313,1
106,5035,541.55298,50.35000,0.38958,80.12538,,50.00000,20.00000,0.86298,1
106,5036,541.63300,50.36000,0.38963,80.12546,,50.00000,20.00000,0.86287,1
106,5037,541.72900,50.37000,0.38980,80.12432,,50.00000,20.00000,0.86274,1
106,5038,541.83301,50.38000,0.38976,80.12440,,50.00000,20.00000,0.86260,1
106,5039,541.93500,50.39000,0.38982,80.12327,,50.00000,20.00000,0.86246,1
106,5040,542.03101,50.40000,0.39042,80.12333,,50.00000,20.00000,0.86232,1
106,5041,542.12799,50.41000,0.39069,80.12337,,50.00000,20.00000,0.86219,1
106,5042,542.22498,50.42000,0.39065,80.12099,,50.00000,20.00000,0.86206,1
106,5043,542.33002,50.43000,0.39125,80.11862,,50.00000,20.00000,0.86191,1
106,5044,542.44000,50.44000,0.39110,80.11503,,50.00000,20.00000,0.86176,1
106,5045,542.52802,50.45000,0.39148,80.11265,,50.00000,20.00000,0.86164,1
106,5046,542.63397,50.46000,0.39123,80.11028,,50.00000,20.00000,0.86149,1
106,5047,542.72803,50.47000,0.39129,80.10791,,50.00000,20.00000,0.86136,1
106,5048,542.83099,50.48000,0.39178,80.10554,,50.00000,20.00000,0.86122,1
106,5049,542.92499,50.49000,0.39173,80.10316,,50.00000,20.00000,0.86109,1
106,5050,543.03101,50.50000,0.39212,80.10078,,50.00000,20.00000,0.86094,1
106,5051,543.13098,50.51000,0.39261,80.09961,,50.00000,20.00000,0.86080,1
106,5052,543.23700,50.52000,0.39268,80.09724,,50.00000,20.00000,0.86066,1
106,5053,543.33002,50.53000,0.39242,80.09607,,50.00000,20.00000,0.86053,1
106,5054,543.42798,50.54000,0.39205,80.09370,,50.00000,20.00000,0.86039,1
106,5055,543.53601,50.55000,0.39222,80.09255,,50.00000,20.00000,0.86024,1
106,5056,543.62500,50.56000,0.39271,80.09018,,50.00000,20.00000,0.86012,1
106,5057,543.73199,50.57000,0.39288,80.08902,,50.00000,20.00000,0.85997,1
106,5058,543.82599,50.58000,0.39294,80.08786,,50.00000,20.00000,0.85984,1
106,5059,543.93201,50.59000,0.39301,80.08791,,50.00000,20.00000,0.85970,1
106,5060,544.02899,50.60000,0.39329,80.08675,,50.00000,20.00000,0.85956,1
106,5061,544.13098,50.61000,0.39378,80.08559,,50.00000,20.00000,0.85942,1
106,5062,544.22900,50.62000,0.39363,80.08444,,50.00000,20.00000,0.85929,1
106,5063,544.33099,50.63000,0.39294,80.08328,,50.00000,20.00000,0.85915,1
106,5064,544.42798,50.64000,0.39322,80.08213,,50.00000,20.00000,0.85901,1
106,5065,544.52600,50.65000,0.39339,80.08097,,50.00000,20.00000,0.85888,1
106,5066,544.63098,50.66000,0.39367,80.07982,,50.00000,20.00000,0.85873,1
106,5067,544.72400,50.67000,0.39384,80.07746,,50.00000,20.00000,0.85860,1
106,5068,544.83099,50.68000,0.39412,80.07630,,50.00000,20.00000,0.85845,1
106,5069,544.91998,50.69000,0.39428,80.07515,,50.00000,20.00000,0.85833,1
106,5070,545.02698,50.70000,0.39424,80.07399,,50.00000,20.00000,0.85818,1
106,5071,545.12299,50.71000,0.39420,80.07161,,50.00000,20.00000,0.85805,1
106,5072,545.22803,50.72000,0.39480,80.07046,,50.00000,20.00000,0.85791,1
106,5073,545.33099,50.73000,0.39487,80.06930,,50.00000,20.00000,0.85776,1
106,5074,545.41901,50.74000,0.39492,80.06814,,50.00000,20.00000,0.85764,1
106,5075,545.52698,50.75000,0.39543,80.06699,,50.00000,20.00000,0.85749,1
106,5076,545.62000,50.76000,0.39548,80.06584,,50.00000,20.00000,0.85736,1
106,5077,545.73297,50.77000,0.39523,80.06470,,50.00000,20.00000,0.85721,1
106,5078,545.81897,50.78000,0.39550,80.06476,,50.00000,20.00000,0.85709,1
106,5079,545.91901,50.79000,0.39535,80.06361,,50.00000,20.00000,0.85695,1
106,5080,546.02399,50.80000,0.39499,80.06367,,50.00000,20.00000,0.85680,1
106,5081,546.11298,50.81000,0.39504,80.06371,,50.00000,20.00000,0.85668,1
106,5082,546.22400,50.82000,0.39533,80.06376,,50.00000,20.00000,0.85653,1
106,5083,546.32202,50.83000,0.39561,80.06380,,50.00000,20.00000,0.85639,1
106,5084,546.42297,50.84000,0.39557,80.06385,,50.00000,20.00000,0.85625,1
106,5085,546.53101,50.85000,0.39553,80.06390,,50.00000,20.00000,0.85610,1
106,5086,546.61700,50.86000,0.39569,80.06394,,50.00000,20.00000,0.85598,1
106,5087,546.72601,50.87000,0.39587,80.06279,,50.00000,20.00000,0.85583,1
106,5088,546.82703,50.88000,0.39626,80.06284,,50.00000,20.00000,0.85569,1
106,5089,546.91803,50.89000,0.39664,80.06167,,50.00000,20.00000,0.85557,1
106,5090,547.02698,50.90000,0.39693,80.06051,,50.00000,20.00000,0.85541,1
106,5091,547.12701,50.91000,0.39677,80.06057,,50.00000,20.00000,0.85528,1
106,5092,547.22498,50.92000,0.39684,80.05941,,50.00000,20.00000,0.85514,1
106,5093,547.32501,50.93000,0.39690,80.05826,,50.00000,20.00000,0.85500,1
106,5094,547.42603,50.94000,0.39686,80.05713,,50.00000,20.00000,0.85486,1
106,5095,547.52600,50.95000,0.39681,80.05722,,50.00000,20.00000,0.85472,1
106,5096,547.61798,50.96000,0.39612,80.05611,,50.00000,20.00000,0.85460,1
106,5097,547.71503,50.97000,0.39704,80.05506,,50.00000,20.00000,0.85446,1
106,5098,547.81897,50.98000,0.39722,80.05407,,50.00000,20.00000,0.85432,1
106,5099,547.91998,50.99000,0.39761,80.05432,,50.00000,20.00000,0.85418,1
106,5100,547.96899,50.99583,0.39753,80.05457,,50.00000,20.00000,0.85411,1
106,5101,548.36200,51.03583,0.39800,80.32718,,50.00000,20.00000,0.85356,2
106,5102,548.72803,51.07583,0.39455,80.32475,,50.00000,20.00000,0.85306,2
106,5103,549.04700,51.11583,0.39226,80.32280,,50.00000,20.00000,0.85261,2
106,5104,549.31299,51.15583,0.39156,80.32352,,50.00000,20.00000,0.85224,2
106,5105,549.54303,51.19583,0.39421,80.32534,,50.00000,20.00000,0.85192,2
106,5106,549.73499,51.23583,0.39803,80.32687,,50.00000,20.00000,0.85166,2
106,5107,549.88599,51.27583,0.40302,80.32693,,50.00000,20.00000,0.85145,2
106,5108,550.01703,51.31583,0.40886,80.32189,,50.00000,20.00000,0.85127,2
106,5109,550.10999,51.35583,0.41447,80.31058,,50.00000,20.00000,0.85114,2
106,5110,550.18597,51.39583,0.42051,80.30274,,50.00000,20.00000,0.85103,2
106,5111,550.24103,51.43583,0.42403,80.29598,,50.00000,20.00000,0.85096,2
106,5112,550.30402,51.47583,0.42940,80.29154,,50.00000,20.00000,0.85087,2
106,5113,550.33197,51.51583,0.43345,80.28701,,50.00000,20.00000,0.85083,2
106,5114,550.36499,51.55583,0.43608,80.28119,,50.00000,20.00000,0.85078,2
106,5115,550.37598,51.59583,0.43881,80.27533,,50.00000,20.00000,0.85077,2
106,5116,550.40698,51.63583,0.44112,80.26944,,50.00000,20.00000,0.85073,2
106,5117,550.42603,51.67583,0.44222,80.26716,,50.00000,20.00000,0.85070,2
106,5118,550.43701,51.71583,0.44353,80.26486,,50.00000,20.00000,0.85068,2
106,5119,550.44598,51.75583,0.44495,80.26133,,50.00000,20.00000,0.85067,2
106,5120,550.46100,51.79583,0.44627,80.25780,,50.00000,20.00000,0.85065,2
106,5121,550.46503,51.83583,0.44692,80.25547,,50.00000,20.00000,0.85064,2
106,5122,550.47803,51.87583,0.44737,80.25437,,50.00000,20.00000,0.85063,2
106,5123,550.49103,51.91583,0.44814,80.25450,,50.00000,20.00000,0.85061,2
106,5124,550.50897,51.95583,0.44935,80.25344,,50.00000,20.00000,0.85058,2
106,5125,550.53400,51.99583,0.45024,80.25239,,50.00000,20.00000,0.85055,2
106,5126,550.54602,52.03583,0.45090,80.24529,,50.00000,20.00000,0.85053,2
106,5127,550.57202,52.07583,0.45190,80.23820,,50.00000,20.00000,0.85050,2
106,5128,550.60199,52.11583,0.45312,80.23356,,50.00000,20.00000,0.85045,2
106,5129,550.61798,52.15583,0.45378,80.22407,,50.00000,20.00000,0.85043,2
106,5130,550.64203,52.19583,0.45500,80.21461,,50.00000,20.00000,0.85040,2
106,5131,550.67902,52.23583,0.45633,80.20639,,50.00000,20.00000,0.85035,2
106,5132,550.71301,52.27583,0.45723,80.20305,,50.00000,20.00000,0.85030,2
106,5133,550.75201,52.31583,0.45813,80.20093,,50.00000,20.00000,0.85025,2
106,5134,550.78601,52.35583,0.45946,80.19761,,50.00000,20.00000,0.85020,2
106,5135,550.82800,52.39583,0.46134,80.19309,,50.00000,20.00000,0.85014,2
106,5136,550.87000,52.43583,0.46257,80.18736,,50.00000,20.00000,0.85008,2
106,5137,550.90601,52.47583,0.46413,80.18285,,50.00000,20.00000,0.85003,2
106,5138,550.94598,52.51583,0.46492,80.18076,,50.00000,20.00000,0.84998,2
106,5139,550.98901,52.55583,0.46648,80.17990,,50.00000,20.00000,0.84992,2
106,5140,551.03400,52.59583,0.46738,80.18026,,50.00000,20.00000,0.84985,2
106,5141,551.07703,52.63583,0.47003,80.18061,,50.00000,20.00000,0.84979,2
106,5142,551.11200,52.67583,0.47093,80.18096,,50.00000,20.00000,0.84975,2
106,5143,551.15698,52.71583,0.47162,80.18131,,50.00000,20.00000,0.84968,2
106,5144,551.19897,52.75583,0.47448,80.18044,,50.00000,20.00000,0.84962,2
106,5145,551.24298,52.79583,0.47484,80.17834,,50.00000,20.00000,0.84956,2
106,5146,551.27399,52.83583,0.47628,80.17743,,50.00000,20.00000,0.84952,2
106,5147,551.31097,52.87583,0.47697,80.17528,,50.00000,20.00000,0.84947,2
106,5148,551.35303,52.91583,0.47831,80.17316,,50.00000,20.00000,0.84941,2
106,5149,551.38300,52.95583,0.47975,80.17108,,50.00000,20.00000,0.84937,2
106,5150,551.41998,52.99583,0.48119,80.16896,,50.00000,20.00000,0.84932,2
106,5151,551.45099,53.03583,0.48231,80.16682,,50.00000,20.00000,0.84927,2
106,5152,551.49103,53.07583,0.48256,80.16467,,50.00000,20.00000,0.84922,2
106,5153,551.52301,53.11583,0.48367,80.16249,,50.00000,20.00000,0.84917,2
106,5154,551.54498,53.15583,0.48402,80.16151,,50.00000,20.00000,0.84914,2
106,5155,551.58099,53.19583,0.48601,80.16052,,50.00000,20.00000,0.84909,2
106,5156,551.58899,53.23583,0.48765,80.16072,,50.00000,20.00000,0.84908,2
106,5157,551.62402,53.27583,0.48844,80.16091,,50.00000,20.00000,0.84903,2
106,5158,551.64203,53.31583,0.48954,80.16110,,50.00000,20.00000,0.84901,2
106,5159,551.66101,53.35583,0.48945,80.16127,,50.00000,20.00000,0.84898,2
106,5160,551.68402,53.39583,0.49089,80.16144,,50.00000,20.00000,0.84895,2
106,5161,551.70599,53.43583,0.49199,80.16039,,50.00000,20.00000,0.84892,2
106,5162,551.71899,53.47583,0.49255,80.15568,,50.00000,20.00000,0.84890,2
106,5163,551.73499,53.51583,0.49365,80.14368,,50.00000,20.00000,0.84888,2
106,5164,551.75800,53.55583,0.49411,80.13653,,50.00000,20.00000,0.84885,2
106,5165,551.77002,53.59583,0.49554,80.13300,,50.00000,20.00000,0.84883,2
106,5166,551.77600,53.63583,0.49543,80.13067,,50.00000,20.00000,0.84882,2
106,5167,551.78601,53.67583,0.49609,80.12712,,50.00000,20.00000,0.84881,2
106,5168,551.79602,53.71583,0.49665,80.12357,,50.00000,20.00000,0.84879,2
106,5169,551.81201,53.75583,0.49775,80.12123,,50.00000,20.00000,0.84877,2
106,5170,551.82397,53.79583,0.49831,80.12009,,50.00000,20.00000,0.84876,2
106,5171,551.82599,53.83583,0.49874,80.12015,,50.00000,20.00000,0.84875,2
106,5172,551.83301,53.87583,0.49940,80.12020,,50.00000,20.00000,0.84874,2
106,5173,551.84100,53.91583,0.50105,80.11904,,50.00000,20.00000,0.84873,2
106,5174,551.84302,53.95583,0.50127,80.11544,,50.00000,20.00000,0.84873,2
106,5175,551.84399,53.99583,0.50127,80.10698,,50.00000,20.00000,0.84873,2
106,5176,551.85303,54.03583,0.50182,80.10217,,50.00000,20.00000,0.84872,2
106,5177,551.85797,54.07583,0.50346,80.09492,,50.00000,20.00000,0.84871,2
106,5178,551.86200,54.11583,0.50346,80.08888,,50.00000,20.00000,0.84870,2
106,5179,551.86499,54.15583,0.50401,80.08525,,50.00000,20.00000,0.84870,2
106,5180,551.86200,54.19583,0.50434,80.08404,,50.00000,20.00000,0.84870,2
106,5181,551.85999,54.23583,0.50477,80.08404,,50.00000,20.00000,0.84871,2
106,5182,551.86102,54.27583,0.50532,80.08162,,50.00000,20.00000,0.84870,2
106,5183,551.87000,54.31583,0.50620,80.07920,,50.00000,20.00000,0.84869,2
106,5184,551.85602,54.35583,0.50651,80.07678,,50.00000,20.00000,0.84871,2
106,5185,551.87299,54.39583,0.50707,80.07436,,50.00000,20.00000,0.84869,2
106,5186,551.86200,54.43583,0.50717,80.07194,,50.00000,20.00000,0.84870,2
106,5187,551.86401,54.47583,0.50772,80.06709,,50.00000,20.00000,0.84870,2
106,5188,551.85797,54.51583,0.50826,80.06225,,50.00000,20.00000,0.84871,2
106,5189,551.85699,54.55583,0.50837,80.05742,,50.00000,20.00000,0.84871,2
106,5190,551.85602,54.59583,0.50869,80.05258,,50.00000,20.00000,0.84871,2
106,5191,551.84302,54.63583,0.50977,80.04895,,50.00000,20.00000,0.84873,2
106,5192,551.84399,54.67583,0.51032,80.04412,,50.00000,20.00000,0.84873,2
106,5193,551.84802,54.71583,0.51032,80.04172,,50.00000,20.00000,0.84872,2
106,5194,551.83301,54.75583,0.51107,80.04174,,50.00000,20.00000,0.84874,2
106,5195,551.82898,54.79583,0.51162,80.04176,,50.00000,20.00000,0.84875,2
106,5196,551.82397,54.83583,0.51183,80.04178,,50.00000,20.00000,0.84876,2
106,5197,551.81598,54.87583,0.51182,80.04181,,50.00000,20.00000,0.84877,2
106,5198,551.81702,54.91583,0.51248,80.04184,,50.00000,20.00000,0.84877,2
106,5199,551.81201,54.95583,0.51280,80.04186,,50.00000,20.00000,0.84877,2
106,5200,551.80103,54.99583,0.51366,80.04189,,50.00000,20.00000,0.84879,2
106,5201,551.79999,55.03583,0.51410,80.04070,,50.00000,20.00000,0.84879,2
106,5202,551.78601,55.07583,0.51474,80.03830,,50.00000,20.00000,0.84881,2
106,5203,551.78802,55.11583,0.51474,80.03712,,50.00000,20.00000,0.84881,2
106,5204,551.78198,55.15583,0.51463,80.03474,,50.00000,20.00000,0.84881,2
106,5205,551.77301,55.19583,0.51582,80.03356,,50.00000,20.00000,0.84883,2
106,5206,551.76202,55.23583,0.51647,80.03117,,50.00000,20.00000,0.84884,2
106,5207,551.74799,55.27583,0.51624,80.02999,,50.00000,20.00000,0.84886,2
106,5208,551.74799,55.31583,0.51602,80.02759,,50.00000,20.00000,0.84886,2
106,5209,551.74103,55.35583,0.51721,80.02641,,50.00000,20.00000,0.84887,2
106,5210,551.73102,55.39583,0.51764,80.02402,,50.00000,20.00000,0.84888,2
106,5211,551.72101,55.43583,0.51763,80.02285,,50.00000,20.00000,0.84890,2
106,5212,551.71503,55.47583,0.51861,80.02047,,50.00000,20.00000,0.84891,2
106,5213,551.69897,55.51583,0.51827,80.01929,,50.00000,20.00000,0.84893,2
106,5214,551.69501,55.55583,0.51837,80.01812,,50.00000,20.00000,0.84894,2
106,5215,551.68402,55.59583,0.51913,80.01815,,50.00000,20.00000,0.84895,2
106,5216,551.67200,55.63583,0.51966,80.01818,,50.00000,20.00000,0.84897,2
106,5217,551.66803,55.67583,0.51999,80.01821,,50.00000,20.00000,0.84897,2
106,5218,551.66498,55.71583,0.51976,80.01824,,50.00000,20.00000,0.84898,2
106,5219,551.66400,55.75583,0.52053,80.01706,,50.00000,20.00000,0.84898,2
106,5220,551.65302,55.79583,0.52117,80.01588,,50.00000,20.00000,0.84899,2
106,5221,551.65002,55.83583,0.52106,80.01470,,50.00000,20.00000,0.84900,2
106,5222,551.63599,55.87583,0.52148,80.01352,,50.00000,20.00000,0.84902,2
106,5223,551.63300,55.91583,0.52214,80.01235,,50.00000,20.00000,0.84902,2
106,5224,551.61798,55.95583,0.52223,80.01117,,50.00000,20.00000,0.84904,2
106,5225,551.60699,55.99583,0.52299,80.01000,,50.00000,20.00000,0.84906,2
106,5226,551.60999,56.03583,0.52266,80.00884,,50.00000,20.00000,0.84905,2
106,5227,551.59100,56.07583,0.52265,80.00767,,50.00000,20.00000,0.84908,2
106,5228,551.58002,56.11583,0.52275,80.00528,,50.00000,20.00000,0.84909,2
106,5229,551.57098,56.15583,0.52296,80.00411,,50.00000,20.00000,0.84911,2
106,5230,551.55902,56.19583,0.52273,80.00173,,50.00000,20.00000,0.84912,2
106,5231,551.55603,56.23583,0.52392,79.99450,,50.00000,20.00000,0.84913,2
106,5232,551.54498,56.27583,0.52457,79.99211,,50.00000,20.00000,0.84914,2
106,5233,551.53198,56.31583,0.52434,79.98972,,50.00000,20.00000,0.84916,2
106,5234,551.51898,56.35583,0.52433,79.98733,,50.00000,20.00000,0.84918,2
106,5235,551.52399,56.39583,0.52553,79.98616,,50.00000,20.00000,0.84917,2
106,5236,551.49799,56.43583,0.52507,79.98377,,50.00000,20.00000,0.84921,2
106,5237,551.50702,56.47583,0.52508,79.98139,,50.00000,20.00000,0.84920,2
106,5238,551.49298,56.51583,0.52529,79.97901,,50.00000,20.00000,0.84922,2
106,5239,551.47400,56.55583,0.52527,79.97054,,50.00000,20.00000,0.84924,2
106,5240,551.47198,56.59583,0.52549,79.96695,,50.00000,20.00000,0.84925,2
106,5241,551.46802,56.63583,0.52592,79.96335,,50.00000,20.00000,0.84925,2
106,5242,551.45300,56.67583,0.52634,79.96096,,50.00000,20.00000,0.84927,2
106,5243,551.44397,56.71583,0.52623,79.95736,,50.00000,20.00000,0.84928,2
106,5244,551.43903,56.75583,0.52666,79.95497,,50.00000,20.00000,0.84929,2
106,5245,551.43201,56.79583,0.52720,79.95259,,50.00000,20.00000,0.84930,2
106,5246,551.41901,56.83583,0.52664,79.95020,,50.00000,20.00000,0.84932,2
106,5247,551.41302,56.87583,0.52772,79.94781,,50.00000,20.00000,0.84933,2
106,5248,551.40100,56.91583,0.52782,79.94664,,50.00000,20.00000,0.84934,2
106,5249,551.39600,56.95583,0.52760,79.94305,,50.00000,20.00000,0.84935,2
106,5250,551.38501,56.99583,0.52868,79.93945,,50.00000,20.00000,0.84937,2
106,5251,551.37799,57.03583,0.52878,79.93584,,50.00000,20.00000,0.84938,2
106,5252,551.35199,57.07583,0.52887,79.93343,,50.00000,20.00000,0.84941,2
106,5253,551.35901,57.07917,0.52888,79.93348,,50.00000,20.00000,0.84940,2
106,5254,551.36102,57.11917,0.52899,79.93109,,50.00000,20.00000,0.84940,2
106,5255,551.34998,57.15917,0.52909,79.92870,,50.00000,20.00000,0.84941,2
106,5256,551.33801,57.19917,0.52951,79.92873,,50.00000,20.00000,0.84943,2
106,5257,551.32898,57.23917,0.52950,79.92878,,50.00000,20.00000,0.84944,2
106,5258,551.32397,57.27917,0.52961,79.92882,,50.00000,20.00000,0.84945,2
106,5259,551.30402,57.31917,0.52981,79.92886,,50.00000,20.00000,0.84948,2
106,5260,551.30499,57.35917,0.52992,79.92891,,50.00000,20.00000,0.84948,2
106,5261,551.29401,57.39917,0.52937,79.92896,,50.00000,20.00000,0.84949,2
106,5262,551.27600,57.43917,0.52935,79.92900,,50.00000,20.00000,0.84952,2
106,5263,551.26300,57.47917,0.52945,79.92904,,50.00000,20.00000,0.84954,2
106,5264,551.25897,57.51917,0.52999,79.92909,,50.00000,20.00000,0.84954,2
106,5265,551.25299,57.55917,0.53053,79.92913,,50.00000,20.00000,0.84955,2
106,5266,551.24200,57.59917,0.52976,79.92796,,50.00000,20.00000,0.84956,2
106,5267,551.23199,57.63917,0.53138,79.92800,,50.00000,20.00000,0.84958,2
106,5268,551.21997,57.67917,0.53115,79.92681,,50.00000,20.00000,0.84960,2
106,5269,551.21100,57.71917,0.53125,79.92564,,50.00000,20.00000,0.84961,2
106,5270,551.21100,57.75917,0.53104,79.92204,,50.00000,20.00000,0.84961,2
106,5271,551.20599,57.79917,0.53169,79.91722,,50.00000,20.00000,0.84961,2
106,5272,551.19299,57.83917,0.53113,79.91362,,50.00000,20.00000,0.84963,2
106,5273,551.18903,57.87917,0.53178,79.91123,,50.00000,20.00000,0.84964,2
106,5274,551.17200,57.91917,0.53220,79.90884,,50.00000,20.00000,0.84966,2
106,5275,551.16803,57.95917,0.53274,79.90646,,50.00000,20.00000,0.84967,2
106,5276,551.15302,57.99917,0.53284,79.90529,,50.00000,20.00000,0.84969,2
106,5277,551.15002,58.03917,0.53294,79.90533,,50.00000,20.00000,0.84969,2
106,5278,551.13800,58.07917,0.53304,79.90537,,50.00000,20.00000,0.84971,2
106,5279,551.12903,58.11917,0.53271,79.90419,,50.00000,20.00000,0.84972,2
106,5280,551.12701,58.15917,0.53314,79.90302,,50.00000,20.00000,0.84972,2
106,5281,551.10797,58.19917,0.53334,79.90184,,50.00000,20.00000,0.84975,2
106,5282,551.10303,58.23917,0.53367,79.89945,,50.00000,20.00000,0.84976,2
106,5283,551.09802,58.27917,0.53334,79.89828,,50.00000,20.00000,0.84976,2
106,5284,551.09100,58.31917,0.53398,79.89710,,50.00000,20.00000,0.84977,2
106,5285,551.08398,58.35917,0.53387,79.89593,,50.00000,20.00000,0.84978,2
106,5286,551.06799,58.39917,0.53473,79.89354,,50.00000,20.00000,0.84981,2
106,5287,551.06500,58.43917,0.53418,79.89358,,50.00000,20.00000,0.84981,2
106,5288,551.06097,58.47917,0.53407,79.89362,,50.00000,20.00000,0.84982,2
106,5289,551.03998,58.51917,0.53470,79.89365,,50.00000,20.00000,0.84985,2
106,5290,551.03101,58.55917,0.53502,79.89369,,50.00000,20.00000,0.84986,2
106,5291,551.03101,58.59917,0.53524,79.89373,,50.00000,20.00000,0.84986,2
106,5292,551.02802,58.63917,0.53480,79.89377,,50.00000,20.00000,0.84986,2
106,5293,551.01099,58.67917,0.53478,79.89381,,50.00000,20.00000,0.84989,2
106,5294,550.99902,58.71917,0.53477,79.89263,,50.00000,20.00000,0.84990,2
106,5295,550.99902,58.75917,0.53488,79.88781,,50.00000,20.00000,0.84990,2
106,5296,550.99597,58.79917,0.53521,79.87329,,50.00000,20.00000,0.84991,2
106,5297,550.97699,58.83917,0.53530,79.86360,,50.00000,20.00000,0.84993,2
106,5298,550.97302,58.87917,0.53508,79.85636,,50.00000,20.00000,0.84994,2
106,5299,550.97699,58.91917,0.53584,79.85276,,50.00000,20.00000,0.84993,2
106,5300,550.96301,58.95917,0.53594,79.85158,,50.00000,20.00000,0.84995,2
106,5301,550.95697,58.99917,0.53615,79.85161,,50.00000,20.00000,0.84996,2
106,5302,550.94397,59.03917,0.53669,79.85042,,50.00000,20.00000,0.84998,2
106,5303,550.94897,59.07917,0.53680,79.84802,,50.00000,20.00000,0.84997,2
106,5304,550.92902,59.11917,0.53656,79.84440,,50.00000,20.00000,0.85000,2
106,5305,550.93298,59.15917,0.53657,79.84080,,50.00000,20.00000,0.84999,2
106,5306,550.92200,59.19917,0.53688,79.83719,,50.00000,20.00000,0.85001,2
106,5307,550.91901,59.23917,0.53699,79.83359,,50.00000,20.00000,0.85001,2
106,5308,550.91400,59.27917,0.53753,79.82999,,50.00000,20.00000,0.85002,2
106,5309,550.89502,59.31917,0.53806,79.82759,,50.00000,20.00000,0.85005,2
106,5310,550.88702,59.35917,0.53794,79.82762,,50.00000,20.00000,0.85006,2
106,5311,550.87701,59.39917,0.53750,79.82766,,50.00000,20.00000,0.85007,2
106,5312,550.87299,59.43917,0.53760,79.82648,,50.00000,20.00000,0.85008,2
106,5313,550.87299,59.47917,0.53826,79.82408,,50.00000,20.00000,0.85008,2
106,5314,550.86401,59.51917,0.53814,79.82168,,50.00000,20.00000,0.85009,2
106,5315,550.85797,59.55917,0.53770,79.81928,,50.00000,20.00000,0.85010,2
106,5316,550.85101,59.59917,0.53802,79.81689,,50.00000,20.00000,0.85011,2
106,5317,550.84302,59.63917,0.53790,79.81449,,50.00000,20.00000,0.85012,2
106,5318,550.84198,59.67917,0.53790,79.81210,,50.00000,20.00000,0.85012,2
106,5319,550.83002,59.71917,0.53800,79.80970,,50.00000,20.00000,0.85014,2
106,5320,550.81897,59.75917,0.53810,79.80730,,50.00000,20.00000,0.85015,2
106,5321,550.82001,59.79917,0.53767,79.80490,,50.00000,20.00000,0.85015,2
106,5322,550.80701,59.83917,0.53874,79.80372,,50.00000,20.00000,0.85017,2
106,5323,550.81097,59.87917,0.53896,79.80376,,50.00000,20.00000,0.85016,2
106,5324,550.79700,59.91917,0.53863,79.80380,,50.00000,20.00000,0.85018,2
106,5325,550.78699,59.95917,0.53916,79.80383,,50.00000,20.00000,0.85020,2
106,5326,550.77197,59.99917,0.53926,79.80385,,50.00000,20.00000,0.85022,2
106,5327,550.77802,60.03917,0.53948,79.80388,,50.00000,20.00000,0.85021,2
106,5328,550.77100,60.07917,0.54002,79.80391,,50.00000,20.00000,0.85022,2
106,5329,550.75702,60.11917,0.54001,79.80394,,50.00000,20.00000,0.85024,2
106,5330,550.75897,60.15917,0.53968,79.80397,,50.00000,20.00000,0.85024,2
106,5331,550.75000,60.19917,0.53967,79.80279,,50.00000,20.00000,0.85025,2
106,5332,550.74402,60.23917,0.53989,79.80161,,50.00000,20.00000,0.85026,2
106,5333,550.73798,60.27917,0.54021,79.80043,,50.00000,20.00000,0.85027,2
106,5334,550.72198,60.31917,0.53954,79.79924,,50.00000,20.00000,0.85029,2
106,5335,550.72400,60.35917,0.53976,79.79804,,50.00000,20.00000,0.85028,2
106,5336,550.70801,60.39917,0.54018,79.79685,,50.00000,20.00000,0.85031,2
106,5337,550.71399,60.43917,0.54051,79.79566,,50.00000,20.00000,0.85030,2
106,5338,550.71503,60.47917,0.54062,79.79448,,50.00000,20.00000,0.85030,2
106,5339,550.70801,60.51917,0.54083,79.79329,,50.00000,20.00000,0.85031,2
106,5340,550.70203,60.55917,0.54105,79.78724,,50.00000,20.00000,0.85032,2
106,5341,550.68903,60.59917,0.54038,79.78483,,50.00000,20.00000,0.85033,2
106,5342,550.68500,60.63917,0.54070,79.78364,,50.00000,20.00000,0.85034,2
106,5343,550.69098,60.67917,0.54060,79.78246,,50.00000,20.00000,0.85033,2
106,5344,550.67798,60.71917,0.54135,79.78127,,50.00000,20.00000,0.85035,2
106,5345,550.66803,60.75917,0.54112,79.77886,,50.00000,20.00000,0.85036,2
106,5346,550.66602,60.79917,0.54178,79.77768,,50.00000,20.00000,0.85037,2
106,5347,550.66498,60.83917,0.54210,79.77649,,50.00000,20.00000,0.85037,2
106,5348,550.65100,60.87917,0.54209,79.77530,,50.00000,20.00000,0.85039,2
106,5349,550.65399,60.91917,0.54209,79.77412,,50.00000,20.00000,0.85038,2
106,5350,550.65002,60.95917,0.54209,79.77415,,50.00000,20.00000,0.85039,2
106,5351,550.63000,60.99917,0.54218,79.77416,,50.00000,20.00000,0.85042,2
106,5352,550.63098,61.03917,0.54218,79.77419,,50.00000,20.00000,0.85041,2
106,5353,550.62799,61.07917,0.54142,79.77422,,50.00000,20.00000,0.85042,2
106,5354,550.62799,61.11917,0.54185,79.77424,,50.00000,20.00000,0.85042,2
106,5355,550.61298,61.15917,0.54206,79.77305,,50.00000,20.00000,0.85044,2
106,5356,550.61902,61.19917,0.54261,79.77185,,50.00000,20.00000,0.85043,2
106,5357,550.60199,61.23917,0.54194,79.77188,,50.00000,20.00000,0.85045,2
106,5358,550.60901,61.27917,0.54249,79.77069,,50.00000,20.00000,0.85044,2
106,5359,550.59399,61.31917,0.54160,79.76464,,50.00000,20.00000,0.85047,2
106,5360,550.59302,61.35917,0.54236,79.75981,,50.00000,20.00000,0.85047,2
106,5361,550.59497,61.39917,0.54280,79.75742,,50.00000,20.00000,0.85046,2
106,5362,550.58099,61.43917,0.54290,79.75502,,50.00000,20.00000,0.85048,2
106,5363,550.57800,61.47917,0.54344,79.75141,,50.00000,20.00000,0.85049,2
106,5364,550.56500,61.51917,0.54343,79.74780,,50.00000,20.00000,0.85051,2
106,5365,550.56201,61.55917,0.54343,79.74418,,50.00000,20.00000,0.85051,2
106,5366,550.54797,61.59917,0.54287,79.74056,,50.00000,20.00000,0.85053,2
106,5367,550.55103,61.63917,0.54396,79.73573,,50.00000,20.00000,0.85052,2
106,5368,550.54602,61.67917,0.54341,79.73212,,50.00000,20.00000,0.85053,2
106,5369,550.54401,61.71917,0.54319,79.72850,,50.00000,20.00000,0.85053,2
106,5370,550.53900,61.75917,0.54351,79.72609,,50.00000,20.00000,0.85054,2
106,5371,550.53497,61.79917,0.54395,79.72612,,50.00000,20.00000,0.85055,2
106,5372,550.52899,61.83917,0.54350,79.72613,,50.00000,20.00000,0.85056,2
106,5373,550.51703,61.87917,0.54404,79.72615,,50.00000,20.00000,0.85057,2
106,5374,550.52197,61.91917,0.54459,79.72617,,50.00000,20.00000,0.85057,2
106,5375,550.51099,61.95917,0.54447,79.72619,,50.00000,20.00000,0.85058,2
106,5376,550.51001,61.99917,0.54381,79.72620,,50.00000,20.00000,0.85058,2
106,5377,550.51001,62.03917,0.54447,79.72622,,50.00000,20.00000,0.85058,2
106,5378,550.50598,62.07917,0.54512,79.72623,,50.00000,20.00000,0.85059,2
106,5379,550.49902,62.11917,0.54511,79.72625,,50.00000,20.00000,0.85060,2
106,5380,550.50702,62.15917,0.54534,79.72627,,50.00000,20.00000,0.85059,2
106,5381,550.49902,62.19917,0.54500,79.72629,,50.00000,20.00000,0.85060,2
106,5382,550.48199,62.23917,0.54455,79.72508,,50.00000,20.00000,0.85062,2
106,5383,550.48102,62.27917,0.54444,79.72389,,50.00000,20.00000,0.85062,2
106,5384,550.48700,62.31917,0.54456,79.72393,,50.00000,20.00000,0.85061,2
106,5385,550.48401,62.35917,0.54477,79.72274,,50.00000,20.00000,0.85062,2
106,5386,550.46600,62.39917,0.54465,79.72154,,50.00000,20.00000,0.85064,2
106,5387,550.46802,62.43917,0.54508,79.71671,,50.00000,20.00000,0.85064,2
106,5388,550.45801,62.47917,0.54497,79.71309,,50.00000,20.00000,0.85065,2
106,5389,550.45801,62.51917,0.54551,79.71068,,50.00000,20.00000,0.85065,2
106,5390,550.44598,62.55917,0.54528,79.70827,,50.00000,20.00000,0.85067,2
106,5391,550.45099,62.59917,0.54583,79.70587,,50.00000,20.00000,0.85066,2
106,5392,550.45001,62.63917,0.54648,79.70467,,50.00000,20.00000,0.85067,2
106,5393,550.43402,62.67917,0.54636,79.70225,,50.00000,20.00000,0.85069,2
106,5394,550.44098,62.71917,0.54582,79.70227,,50.00000,20.00000,0.85068,2
106,5395,550.43298,62.75917,0.54658,79.70228,,50.00000,20.00000,0.85069,2
106,5396,550.43103,62.79917,0.54636,79.70230,,50.00000,20.00000,0.85069,2
106,5397,550.42902,62.83917,0.54668,79.70232,,50.00000,20.00000,0.85069,2
106,5398,550.43103,62.87917,0.54690,79.70234,,50.00000,20.00000,0.85069,2
106,5399,550.42401,62.91917,0.54678,79.70236,,50.00000,20.00000,0.85070,2
106,5400,550.41400,62.95917,0.54721,79.70237,,50.00000,20.00000,0.85072,2
106,5401,550.40900,62.99917,0.54688,79.70117,,50.00000,20.00000,0.85072,2
106,5402,550.40399,63.03917,0.54698,79.69997,,50.00000,20.00000,0.85073,2
106,5403,550.40302,63.07917,0.54731,79.69999,,50.00000,20.00000,0.85073,2
106,5404,550.40601,63.11917,0.54710,79.69880,,50.00000,20.00000,0.85073,2
106,5405,550.40399,63.15917,0.54611,79.69760,,50.00000,20.00000,0.85073,2
106,5406,550.39600,63.19917,0.54698,79.69640,,50.00000,20.00000,0.85074,2
106,5407,550.39203,63.23917,0.54654,79.69641,,50.00000,20.00000,0.85075,2
106,5408,550.38599,63.27917,0.54632,79.69521,,50.00000,20.00000,0.85075,2
106,5409,550.38300,63.31917,0.54653,79.69401,,50.00000,20.00000,0.85076,2
106,5410,550.38397,63.35917,0.54708,79.69281,,50.00000,20.00000,0.85076,2
106,5411,550.38202,63.39917,0.54642,79.69283,,50.00000,20.00000,0.85076,2
106,5412,550.38000,63.43917,0.54707,79.69163,,50.00000,20.00000,0.85076,2
106,5413,550.37097,63.47917,0.54804,79.69042,,50.00000,20.00000,0.85078,2
106,5414,550.36798,63.51917,0.54739,79.69042,,50.00000,20.00000,0.85078,2
106,5415,550.37201,63.55917,0.54750,79.69043,,50.00000,20.00000,0.85077,2
106,5416,550.37097,63.59917,0.54674,79.69044,,50.00000,20.00000,0.85078,2
106,5417,550.37097,63.63917,0.54685,79.69045,,50.00000,20.00000,0.85078,2
106,5418,550.36603,63.67917,0.54771,79.69046,,50.00000,20.00000,0.85078,2
106,5419,550.36700,63.71917,0.54739,79.69047,,50.00000,20.00000,0.85078,2
106,5420,550.36700,63.75917,0.54804,79.69049,,50.00000,20.00000,0.85078,2
106,5421,550.35901,63.79917,0.54760,79.68564,,50.00000,20.00000,0.85079,2
106,5422,550.34802,63.83917,0.54770,79.68322,,50.00000,20.00000,0.85081,2
106,5423,550.35303,63.87917,0.54814,79.68203,,50.00000,20.00000,0.85080,2
106,5424,550.35602,63.91917,0.54792,79.68084,,50.00000,20.00000,0.85080,2
106,5425,550.34802,63.95917,0.54791,79.67963,,50.00000,20.00000,0.85081,2
106,5426,550.34399,63.99917,0.54813,79.66993,,50.00000,20.00000,0.85081,2
106,5427,550.33002,64.03917,0.54801,79.65780,,50.00000,20.00000,0.85083,2
106,5428,550.34302,64.07917,0.54834,79.65174,,50.00000,20.00000,0.85081,2
106,5429,550.33899,64.11917,0.54834,79.64690,,50.00000,20.00000,0.85082,2
106,5430,550.34497,64.15917,0.54878,79.64327,,50.00000,20.00000,0.85081,2
106,5431,550.34601,64.19917,0.54856,79.63843,,50.00000,20.00000,0.85081,2
106,5432,550.33197,64.23917,0.54910,79.63237,,50.00000,20.00000,0.85083,2
106,5433,550.33600,64.27917,0.54943,79.62753,,50.00000,20.00000,0.85082,2
106,5434,550.32599,64.31917,0.54909,79.62391,,50.00000,20.00000,0.85084,2
106,5435,550.31897,64.35917,0.54832,79.61907,,50.00000,20.00000,0.85085,2
106,5436,550.31799,64.39917,0.54854,79.61424,,50.00000,20.00000,0.85085,2
106,5437,550.32202,64.43917,0.54865,79.61184,,50.00000,20.00000,0.85084,2
106,5438,550.31201,64.47917,0.54897,79.61186,,50.00000,20.00000,0.85086,2
106,5439,550.30798,64.51917,0.54886,79.61187,,50.00000,20.00000,0.85086,2
106,5440,550.29498,64.55917,0.54906,79.61189,,50.00000,20.00000,0.85088,2
106,5441,550.29901,64.59917,0.54863,79.61191,,50.00000,20.00000,0.85088,2
106,5442,550.29797,64.63917,0.54972,79.61193,,50.00000,20.00000,0.85088,2
106,5443,550.28699,64.67917,0.54982,79.61194,,50.00000,20.00000,0.85089,2
106,5444,550.28400,64.71917,0.54992,79.61195,,50.00000,20.00000,0.85090,2
106,5445,550.29102,64.75917,0.54960,79.61197,,50.00000,20.00000,0.85089,2
106,5446,550.27899,64.79917,0.55014,79.61197,,50.00000,20.00000,0.85090,2
106,5447,550.28003,64.83917,0.54948,79.61198,,50.00000,20.00000,0.85090,2
106,5448,550.27698,64.87917,0.55003,79.61199,,50.00000,20.00000,0.85091,2
106,5449,550.28101,64.91917,0.55025,79.61200,,50.00000,20.00000,0.85090,2
106,5450,550.26801,64.95917,0.55056,79.61079,,50.00000,20.00000,0.85092,2
106,5451,550.27502,64.99917,0.55024,79.60836,,50.00000,20.00000,0.85091,2
106,5452,550.27002,65.03917,0.55024,79.60716,,50.00000,20.00000,0.85092,2
106,5453,550.27600,65.07917,0.55024,79.60595,,50.00000,20.00000,0.85091,2
106,5454,550.27698,65.11917,0.55046,79.60110,,50.00000,20.00000,0.85091,2
106,5455,550.26898,65.15917,0.55045,79.59383,,50.00000,20.00000,0.85092,2
106,5456,550.26801,65.19917,0.55078,79.59019,,50.00000,20.00000,0.85092,2
106,5457,550.26801,65.23917,0.55121,79.58535,,50.00000,20.00000,0.85092,2
106,5458,550.27002,65.27917,0.55024,79.57929,,50.00000,20.00000,0.85092,2
106,5459,550.25897,65.31917,0.55023,79.57444,,50.00000,20.00000,0.85093,2
106,5460,550.26501,65.35917,0.55002,79.57081,,50.00000,20.00000,0.85092,2
106,5461,550.26703,65.39917,0.55045,79.56718,,50.00000,20.00000,0.85092,2
106,5462,550.25800,65.43917,0.55034,79.56233,,50.00000,20.00000,0.85093,2
106,5463,550.25403,65.47917,0.55033,79.55869,,50.00000,20.00000,0.85094,2
106,5464,550.25897,65.51917,0.55066,79.55749,,50.00000,20.00000,0.85093,2
106,5465,550.25897,65.55917,0.55055,79.55750,,50.00000,20.00000,0.85093,2
106,5466,550.25598,65.59917,0.55077,79.55750,,50.00000,20.00000,0.85093,2
106,5467,550.24402,65.63917,0.55098,79.55751,,50.00000,20.00000,0.85095,2
106,5468,550.25702,65.67917,0.55099,79.55752,,50.00000,20.00000,0.85093,2
106,5469,550.24902,65.71917,0.55120,79.55753,,50.00000,20.00000,0.85094,2
106,5470,550.24799,65.75917,0.55120,79.55754,,50.00000,20.00000,0.85095,2
106,5471,550.24103,65.79917,0.55108,79.55755,,50.00000,20.00000,0.85096,2
106,5472,550.24597,65.83917,0.55141,79.55756,,50.00000,20.00000,0.85095,2
106,5473,550.24103,65.87917,0.55163,79.55756,,50.00000,20.00000,0.85096,2
106,5474,550.23297,65.91917,0.55162,79.55757,,50.00000,20.00000,0.85097,2
106,5475,550.23901,65.95917,0.55173,79.55757,,50.00000,20.00000,0.85096,2
106,5476,550.23901,65.99917,0.55130,79.55758,,50.00000,20.00000,0.85096,2
106,5477,550.23499,66.03917,0.55151,79.55759,,50.00000,20.00000,0.85096,2
