run_id,point_index,temperature_C,time_min,dsc_mW_mg,mass_pct,purge1_ml_min,purge2_ml_min,protective_ml_min,sensitivity_uV_mW,segment
198,0,19.52700,0.00000,-8.077705e-003,100.00070,49.00000,,20.00000,0.83530,1
198,1,19.52000,0.00667,-7.933476e-003,100.02703,50.00000,,20.00000,0.83530,1
198,2,19.52600,0.01333,-7.981544e-003,100.03756,50.00000,,20.00000,0.83530,1
198,3,19.51600,0.02000,-7.981565e-003,100.04547,50.00000,,20.00000,0.83530,1
198,4,19.51600,0.02667,-7.933483e-003,100.05337,50.00000,,20.00000,0.83530,1
198,5,19.51200,0.03333,-7.981574e-003,100.06388,50.00000,,20.00000,0.83530,1
198,6,19.50600,0.04000,-7.933505e-003,100.07173,49.00000,,20.00000,0.83530,1
198,7,19.53300,0.04667,-7.933449e-003,100.07961,49.00000,,20.00000,0.83531,1
198,8,19.51900,0.05333,-7.981560e-003,100.09011,49.00000,,20.00000,0.83530,1
198,9,19.50800,0.06000,-8.221992e-003,100.09895,50.00000,,20.00000,0.83530,1
198,10,19.51300,0.06667,-8.318144e-003,100.10040,50.00000,,20.00000,0.83530,1
198,11,19.51000,0.07333,-8.270069e-003,100.10549,50.00000,,20.00000,0.83530,1
198,12,19.52500,0.08000,-8.221955e-003,100.11173,49.00000,,20.00000,0.83530,1
198,13,19.53000,0.08667,-8.221943e-003,100.11917,49.00000,,20.00000,0.83531,1
198,14,19.52700,0.09333,-8.125787e-003,100.12070,50.00000,,20.00000,0.83530,1
198,15,19.52300,0.10000,-8.077714e-003,100.12536,50.00000,,20.00000,0.83530,1
198,16,19.52000,0.10667,-8.029639e-003,100.13010,51.00000,,20.00000,0.83530,1
198,17,19.53100,0.11333,-8.077697e-003,100.14116,52.00000,,20.00000,0.83531,1
198,18,19.51100,0.12000,-8.077740e-003,100.14643,49.00000,,20.00000,0.83530,1
198,19,19.51400,0.12667,-7.885406e-003,100.14696,49.00000,,20.00000,0.83530,1
198,20,19.51200,0.13333,-7.837328e-003,100.15091,50.00000,,20.00000,0.83530,1
198,21,19.52100,0.14000,-7.981555e-003,100.15898,50.00000,,20.00000,0.83530,1
198,22,19.51400,0.14667,-8.029652e-003,100.16394,50.00000,,20.00000,0.83530,1
198,23,19.52400,0.15333,-7.981548e-003,100.16411,50.00000,,20.00000,0.83530,1
198,24,19.52600,0.16000,-8.029626e-003,100.16665,49.00000,,20.00000,0.83530,1
198,25,19.51800,0.16667,-7.981561e-003,100.17127,49.00000,,20.00000,0.83530,1
198,26,19.52700,0.17333,-8.029624e-003,100.17479,50.00000,,20.00000,0.83530,1
198,27,19.53100,0.18000,-8.029616e-003,100.17848,50.00000,,20.00000,0.83531,1
198,28,19.52900,0.18667,-8.029620e-003,100.18638,50.00000,,20.00000,0.83530,1
198,29,19.51000,0.19333,-7.981578e-003,100.19217,50.00000,,20.00000,0.83530,1
198,30,19.51600,0.20000,-7.981565e-003,100.19318,49.00000,,20.00000,0.83530,1
198,31,19.52400,0.20667,-8.077712e-003,100.19362,49.00000,,20.00000,0.83530,1
198,32,19.52300,0.21333,-8.077714e-003,100.19621,51.00000,,20.00000,0.83530,1
198,33,19.53400,0.22000,-8.077691e-003,100.20043,51.00000,,20.00000,0.83531,1
198,34,19.51500,0.22667,-7.933486e-003,100.20411,51.00000,,20.00000,0.83530,1
198,35,19.51800,0.23333,-7.693071e-003,100.21254,51.00000,,20.00000,0.83530,1
198,36,19.52600,0.24000,-7.789218e-003,100.21833,50.00000,,20.00000,0.83530,1
198,37,19.51500,0.24667,-7.837322e-003,100.21923,50.00000,,20.00000,0.83530,1
198,38,19.51000,0.25333,-7.885414e-003,100.21866,50.00000,,20.00000,0.83530,1
198,39,19.52700,0.26000,-8.029624e-003,100.21823,50.00000,,20.00000,0.83530,1
198,40,19.53000,0.26667,-8.077699e-003,100.21878,50.00000,,20.00000,0.83531,1
198,41,19.51600,0.27333,-8.029647e-003,100.22051,49.00000,,20.00000,0.83530,1
198,42,19.53300,0.28000,-7.885367e-003,100.22338,49.00000,,20.00000,0.83531,1
198,43,19.51800,0.28667,-7.933479e-003,100.22465,51.00000,,20.00000,0.83530,1
198,44,19.53300,0.29333,-7.933449e-003,100.22546,50.00000,,20.00000,0.83531,1
198,45,19.52700,0.30000,-7.885379e-003,100.22654,50.00000,,20.00000,0.83530,1
198,46,19.53500,0.30667,-7.885363e-003,100.22798,49.00000,,20.00000,0.83531,1
198,47,19.52800,0.31333,-7.981541e-003,100.23009,49.00000,,20.00000,0.83530,1
198,48,19.53800,0.32000,-8.077683e-003,100.23219,51.00000,,20.00000,0.83531,1
198,49,19.52400,0.32667,-8.173875e-003,100.23588,51.00000,,20.00000,0.83530,1
198,50,19.52700,0.33333,-8.270031e-003,100.23904,51.00000,,20.00000,0.83530,1
198,51,19.52500,0.34000,-8.270036e-003,100.24197,52.00000,,20.00000,0.83530,1
198,52,19.52800,0.34667,-8.270030e-003,100.24320,52.00000,,20.00000,0.83530,1
198,53,19.53000,0.35333,-8.366188e-003,100.24163,49.00000,,20.00000,0.83531,1
198,54,19.53500,0.36000,-8.221934e-003,100.23977,49.00000,,20.00000,0.83531,1
198,55,19.53100,0.36667,-8.125779e-003,100.23808,50.00000,,20.00000,0.83531,1
198,56,19.54400,0.37333,-8.077670e-003,100.23686,50.00000,,20.00000,0.83531,1
198,57,19.54700,0.38000,-7.981501e-003,100.23711,49.00000,,20.00000,0.83531,1
198,58,19.53800,0.38667,-8.077683e-003,100.23743,49.00000,,20.00000,0.83531,1
198,59,19.53300,0.39333,-7.933449e-003,100.23809,50.00000,,20.00000,0.83531,1
198,60,19.54500,0.40000,-7.981505e-003,100.24136,50.00000,,20.00000,0.83531,1
198,61,19.54800,0.40667,-8.077661e-003,100.24291,50.00000,,20.00000,0.83531,1
198,62,19.56400,0.41333,-7.933385e-003,100.24383,50.00000,,20.00000,0.83531,1
198,63,19.53900,0.42000,-8.077680e-003,100.24541,49.00000,,20.00000,0.83531,1
198,64,19.54500,0.42667,-8.173830e-003,100.24593,49.00000,,20.00000,0.83531,1
198,65,19.54400,0.43333,-8.221914e-003,100.24734,49.00000,,20.00000,0.83531,1
198,66,19.54500,0.44000,-8.414237e-003,100.24774,49.00000,,20.00000,0.83531,1
198,67,19.55100,0.44667,-8.558467e-003,100.24816,50.00000,,20.00000,0.83531,1
198,68,19.55800,0.45333,-8.750777e-003,100.24672,51.00000,,20.00000,0.83531,1
198,69,19.55100,0.46000,-8.846955e-003,100.24622,49.00000,,20.00000,0.83531,1
198,70,19.55400,0.46667,-8.846948e-003,100.24630,49.00000,,20.00000,0.83531,1
198,71,19.56000,0.47333,-8.895016e-003,100.24609,50.00000,,20.00000,0.83531,1
198,72,19.56800,0.48000,-8.943078e-003,100.24625,50.00000,,20.00000,0.83531,1
198,73,19.56800,0.48667,-9.039240e-003,100.24617,50.00000,,20.00000,0.83531,1
198,74,19.55900,0.49333,-9.231586e-003,100.24608,50.00000,,20.00000,0.83531,1
198,75,19.56400,0.50000,-9.231574e-003,100.24628,50.00000,,20.00000,0.83531,1
198,76,19.56500,0.50667,-9.279653e-003,100.24636,49.00000,,20.00000,0.83531,1
198,77,19.58200,0.51333,-9.375773e-003,100.24715,49.00000,,20.00000,0.83532,1
198,78,19.57300,0.52000,-9.279633e-003,100.24823,50.00000,,20.00000,0.83531,1
198,79,19.57600,0.52667,-9.375788e-003,100.24885,50.00000,,20.00000,0.83532,1
198,80,19.56800,0.53333,-9.520051e-003,100.24972,50.00000,,20.00000,0.83531,1
198,81,19.57900,0.54000,-9.568104e-003,100.24974,50.00000,,20.00000,0.83532,1
198,82,19.57900,0.54667,-9.712347e-003,100.25109,49.00000,,20.00000,0.83532,1
198,83,19.59600,0.55333,-9.760385e-003,100.25157,49.00000,,20.00000,0.83532,1
198,84,19.57900,0.56000,-9.760428e-003,100.25216,51.00000,,20.00000,0.83532,1
198,85,19.57900,0.56667,-9.856590e-003,100.25188,51.00000,,20.00000,0.83532,1
198,86,19.60600,0.57333,-9.904600e-003,100.25146,51.00000,,20.00000,0.83532,1
198,87,19.59300,0.58000,-1.004888e-002,100.25027,51.00000,,20.00000,0.83532,1
198,88,19.61200,0.58667,-1.009691e-002,100.24920,49.00000,,20.00000,0.83532,1
198,89,19.59900,0.59333,-1.019310e-002,100.24878,49.00000,,20.00000,0.83532,1
198,90,19.61200,0.60000,-1.024115e-002,100.24861,50.00000,,20.00000,0.83532,1
198,91,19.61000,0.60667,-1.028923e-002,100.24773,50.00000,,20.00000,0.83532,1
198,92,19.60100,0.61333,-1.033734e-002,100.24756,50.00000,,20.00000,0.83532,1
198,93,19.61800,0.62000,-1.043345e-002,100.24737,50.00000,,20.00000,0.83532,1
198,94,19.62100,0.62667,-1.052961e-002,100.24694,49.00000,,20.00000,0.83532,1
198,95,19.63200,0.63333,-1.076998e-002,100.24740,49.00000,,20.00000,0.83533,1
198,96,19.62100,0.64000,-1.125081e-002,100.24826,50.00000,,20.00000,0.83532,1
198,97,19.61300,0.64667,-1.115468e-002,100.24929,50.00000,,20.00000,0.83532,1
198,98,19.62900,0.65333,-1.115463e-002,100.24989,50.00000,,20.00000,0.83533,1
198,99,19.62400,0.66000,-1.115464e-002,100.24996,50.00000,,20.00000,0.83533,1
198,100,19.62100,0.66667,-1.125081e-002,100.24883,49.00000,,20.00000,0.83532,1
198,101,19.64100,0.67333,-1.120268e-002,100.24698,49.00000,,20.00000,0.83533,1
198,102,19.64100,0.68000,-1.153924e-002,100.24457,50.00000,,20.00000,0.83533,1
198,103,19.65000,0.68667,-1.192385e-002,100.24324,50.00000,,20.00000,0.83533,1
198,104,19.65600,0.69333,-1.201999e-002,100.24271,50.00000,,20.00000,0.83533,1
198,105,19.65600,0.70000,-1.206807e-002,100.24272,51.00000,,20.00000,0.83533,1
198,106,19.66400,0.70667,-1.230844e-002,100.24223,51.00000,,20.00000,0.83533,1
198,107,19.64900,0.71333,-1.240465e-002,100.24150,49.00000,,20.00000,0.83533,1
198,108,19.67300,0.72000,-1.254881e-002,100.24052,49.00000,,20.00000,0.83534,1
198,109,19.67200,0.72667,-1.278922e-002,100.23934,50.00000,,20.00000,0.83534,1
198,110,19.68400,0.73333,-1.293341e-002,100.23837,50.00000,,20.00000,0.83534,1
198,111,19.68100,0.74000,-1.307766e-002,100.23840,50.00000,,20.00000,0.83534,1
198,112,19.68900,0.74667,-1.317380e-002,100.23819,49.00000,,20.00000,0.83534,1
198,113,19.68300,0.75333,-1.331805e-002,100.23799,49.00000,,20.00000,0.83534,1
198,114,19.69800,0.76000,-1.341416e-002,100.23807,50.00000,,20.00000,0.83534,1
198,115,19.69800,0.76667,-1.355840e-002,100.23775,50.00000,,20.00000,0.83534,1
198,116,19.70100,0.77333,-1.370263e-002,100.23632,50.00000,,20.00000,0.83534,1
198,117,19.71000,0.78000,-1.379875e-002,100.23571,50.00000,,20.00000,0.83534,1
198,118,19.70700,0.78667,-1.394300e-002,100.23598,49.00000,,20.00000,0.83534,1
198,119,19.72300,0.79333,-1.413526e-002,100.23561,49.00000,,20.00000,0.83535,1
198,120,19.73400,0.80000,-1.437562e-002,100.23394,49.00000,,20.00000,0.83535,1
198,121,19.74300,0.80667,-1.461598e-002,100.23171,51.00000,,20.00000,0.83535,1
198,122,19.73700,0.81333,-1.485639e-002,100.23011,51.00000,,20.00000,0.83535,1
198,123,19.74100,0.82000,-1.490446e-002,100.22879,51.00000,,20.00000,0.83535,1
198,124,19.75400,0.82667,-1.524096e-002,100.22734,52.00000,,20.00000,0.83535,1
198,125,19.75800,0.83333,-1.557749e-002,100.22578,49.00000,,20.00000,0.83535,1
198,126,19.76800,0.84000,-1.576977e-002,100.22427,49.00000,,20.00000,0.83536,1
198,127,19.76300,0.84667,-1.596210e-002,100.22295,50.00000,,20.00000,0.83536,1
198,128,19.78300,0.85333,-1.605818e-002,100.22182,50.00000,,20.00000,0.83536,1
198,129,19.78000,0.86000,-1.605819e-002,100.22080,50.00000,,20.00000,0.83536,1
198,130,19.78600,0.86667,-1.620240e-002,100.21978,52.00000,,20.00000,0.83536,1
198,131,19.79300,0.87333,-1.658699e-002,100.21866,49.00000,,20.00000,0.83536,1
198,132,19.79900,0.88000,-1.711583e-002,100.21733,49.00000,,20.00000,0.83536,1
198,133,19.80700,0.88667,-1.730810e-002,100.21583,50.00000,,20.00000,0.83537,1
198,134,19.80800,0.89333,-1.759657e-002,100.21549,50.00000,,20.00000,0.83537,1
198,135,19.82100,0.90000,-1.802921e-002,100.21592,50.00000,,20.00000,0.83537,1
198,136,19.82800,0.90667,-1.836572e-002,100.21752,50.00000,,20.00000,0.83537,1
198,137,19.83000,0.91333,-1.860610e-002,100.21965,49.00000,,20.00000,0.83537,1
198,138,19.84400,0.92000,-1.865411e-002,100.22230,49.00000,,20.00000,0.83537,1
198,139,19.85000,0.92667,-1.879831e-002,100.22443,50.00000,,20.00000,0.83537,1
198,140,19.85500,0.93333,-1.889444e-002,100.22708,50.00000,,20.00000,0.83538,1
198,141,19.86800,0.94000,-1.908669e-002,100.22921,51.00000,,20.00000,0.83538,1
198,142,19.87500,0.94667,-1.923089e-002,100.23028,51.00000,,20.00000,0.83538,1
198,143,19.87600,0.95333,-1.947127e-002,100.23136,51.00000,,20.00000,0.83538,1
198,144,19.88200,0.96000,-1.971162e-002,100.23191,49.00000,,20.00000,0.83538,1
198,145,19.89800,0.96667,-1.995192e-002,100.23299,49.00000,,20.00000,0.83539,1
198,146,19.90000,0.97333,-2.048076e-002,100.23354,50.00000,,20.00000,0.83539,1
198,147,19.91800,0.98000,-2.086528e-002,100.23409,50.00000,,20.00000,0.83539,1
198,148,19.92600,0.98667,-2.100946e-002,100.23517,50.00000,,20.00000,0.83539,1
198,149,19.94100,0.99333,-2.100938e-002,100.23572,51.00000,,20.00000,0.83539,1
198,150,19.93800,1.00000,-2.134593e-002,100.23679,51.00000,,20.00000,0.83539,1
198,151,19.94800,1.00667,-2.168241e-002,100.23787,51.00000,,20.00000,0.83540,1
198,152,19.95100,1.01333,-2.201893e-002,100.23894,49.00000,,20.00000,0.83540,1
198,153,19.96600,1.02000,-2.225922e-002,100.24001,49.00000,,20.00000,0.83540,1
198,154,19.96000,1.02667,-2.259579e-002,100.24109,50.00000,,20.00000,0.83540,1
198,155,19.98600,1.03333,-2.293217e-002,100.24269,50.00000,,20.00000,0.83540,1
198,156,19.98400,1.04000,-2.312448e-002,100.24430,49.00000,,20.00000,0.83540,1
198,157,19.98900,1.04667,-2.346098e-002,100.24538,49.00000,,20.00000,0.83540,1
198,158,20.00600,1.05333,-2.398971e-002,100.24699,49.00000,,20.00000,0.83541,1
198,159,20.01900,1.06000,-2.423001e-002,100.24807,49.00000,,20.00000,0.83541,1
198,160,20.03000,1.06667,-2.447031e-002,100.24969,51.00000,,20.00000,0.83541,1
198,161,20.03100,1.07333,-2.466261e-002,100.25130,51.00000,,20.00000,0.83541,1
198,162,20.04400,1.08000,-2.490290e-002,100.25238,51.00000,,20.00000,0.83542,1
198,163,20.06500,1.08667,-2.523929e-002,100.25347,52.00000,,20.00000,0.83542,1
198,164,20.05600,1.09333,-2.557587e-002,100.25455,49.00000,,20.00000,0.83542,1
198,165,20.08200,1.10000,-2.596030e-002,100.25564,49.00000,,20.00000,0.83543,1
198,166,20.09800,1.10667,-2.644093e-002,100.25726,51.00000,,20.00000,0.83543,1
198,167,20.10100,1.11333,-2.682551e-002,100.25834,51.00000,,20.00000,0.83543,1
198,168,20.10100,1.12000,-2.716203e-002,100.25942,52.00000,,20.00000,0.83543,1
198,169,20.11600,1.12667,-2.749844e-002,100.26209,52.00000,,20.00000,0.83543,1
198,170,20.12900,1.13333,-2.778679e-002,100.26370,49.00000,,20.00000,0.83544,1
198,171,20.13500,1.14000,-2.807519e-002,100.26584,49.00000,,20.00000,0.83544,1
198,172,20.15200,1.14667,-2.831544e-002,100.26956,50.00000,,20.00000,0.83544,1
198,173,20.15500,1.15333,-2.841156e-002,100.27276,50.00000,,20.00000,0.83544,1
198,174,20.17800,1.16000,-2.894020e-002,100.27595,50.00000,,20.00000,0.83545,1
198,175,20.18400,1.16667,-2.922860e-002,100.27809,50.00000,,20.00000,0.83545,1
198,176,20.18700,1.17333,-2.951701e-002,100.27918,50.00000,,20.00000,0.83545,1
198,177,20.21400,1.18000,-3.023790e-002,100.28027,49.00000,,20.00000,0.83545,1
198,178,20.21400,1.18667,-3.071863e-002,100.28083,49.00000,,20.00000,0.83545,1
198,179,20.22900,1.19333,-3.091080e-002,100.28139,51.00000,,20.00000,0.83546,1
198,180,20.24000,1.20000,-3.110300e-002,100.28195,51.00000,,20.00000,0.83546,1
198,181,20.25200,1.20667,-3.153556e-002,100.28199,52.00000,,20.00000,0.83546,1
198,182,20.25200,1.21333,-3.187207e-002,100.28255,51.00000,,20.00000,0.83546,1
198,183,20.27400,1.22000,-3.220839e-002,100.28362,49.00000,,20.00000,0.83547,1
198,184,20.27100,1.22667,-3.259299e-002,100.28457,49.00000,,20.00000,0.83547,1
198,185,20.30300,1.23333,-3.307344e-002,100.28520,49.00000,,20.00000,0.83547,1
198,186,20.30000,1.24000,-3.340997e-002,100.28496,50.00000,,20.00000,0.83547,1
198,187,20.31100,1.24667,-3.369831e-002,100.28499,50.00000,,20.00000,0.83547,1
198,188,20.35300,1.25333,-3.413058e-002,100.28493,50.00000,,20.00000,0.83548,1
198,189,20.34700,1.26000,-3.451520e-002,100.28491,50.00000,,20.00000,0.83548,1
198,190,20.37200,1.26667,-3.499569e-002,100.28504,50.00000,,20.00000,0.83549,1
198,191,20.37800,1.27333,-3.557249e-002,100.28535,50.00000,,20.00000,0.83549,1
198,192,20.39900,1.28000,-3.586072e-002,100.28584,50.00000,,20.00000,0.83549,1
198,193,20.42100,1.28667,-3.586051e-002,100.28645,50.00000,,20.00000,0.83550,1
198,194,20.41800,1.29333,-3.619703e-002,100.28702,50.00000,,20.00000,0.83550,1
198,195,20.42900,1.30000,-3.686991e-002,100.28744,49.00000,,20.00000,0.83550,1
198,196,20.46000,1.30667,-3.715804e-002,100.28764,49.00000,,20.00000,0.83551,1
198,197,20.46100,1.31333,-3.773486e-002,100.28821,49.00000,,20.00000,0.83551,1
198,198,20.48800,1.32000,-3.859985e-002,100.28876,49.00000,,20.00000,0.83551,1
198,199,20.49800,1.32667,-3.893624e-002,100.28889,49.00000,,20.00000,0.83552,1
198,200,20.52000,1.33333,-3.922443e-002,100.28914,50.00000,,20.00000,0.83552,1
198,201,20.52900,1.34000,-3.980117e-002,100.28941,50.00000,,20.00000,0.83552,1
198,202,20.54400,1.34667,-4.013749e-002,100.29008,50.00000,,20.00000,0.83553,1
198,203,20.55400,1.35333,-4.061808e-002,100.29052,49.00000,,20.00000,0.83553,1
198,204,20.57300,1.36000,-4.095436e-002,100.29022,49.00000,,20.00000,0.83553,1
198,205,20.59900,1.36667,-4.124249e-002,100.29145,51.00000,,20.00000,0.83554,1
198,206,20.61600,1.37333,-4.177106e-002,100.29169,51.00000,,20.00000,0.83554,1
198,207,20.63100,1.38000,-4.225157e-002,100.29200,52.00000,,20.00000,0.83554,1
198,208,20.64100,1.38667,-4.278021e-002,100.29228,52.00000,,20.00000,0.83555,1
198,209,20.66100,1.39333,-4.335680e-002,100.29244,49.00000,,20.00000,0.83555,1
198,210,20.67800,1.40000,-4.383727e-002,100.29204,49.00000,,20.00000,0.83555,1
198,211,20.70100,1.40667,-4.431769e-002,100.29232,50.00000,,20.00000,0.83556,1
198,212,20.72400,1.41333,-4.475002e-002,100.29239,50.00000,,20.00000,0.83556,1
198,213,20.74300,1.42000,-4.508626e-002,100.29327,50.00000,,20.00000,0.83557,1
198,214,20.74000,1.42667,-4.547083e-002,100.29364,50.00000,,20.00000,0.83557,1
198,215,20.76000,1.43333,-4.599933e-002,100.29532,50.00000,,20.00000,0.83557,1
198,216,20.77800,1.44000,-4.652784e-002,100.29762,50.00000,,20.00000,0.83558,1
198,217,20.79700,1.44667,-4.705633e-002,100.29858,50.00000,,20.00000,0.83558,1
198,218,20.82500,1.45333,-4.734438e-002,100.30008,50.00000,,20.00000,0.83559,1
198,219,20.84400,1.46000,-4.734414e-002,100.30026,49.00000,,20.00000,0.83559,1
198,220,20.87100,1.46667,-4.763220e-002,100.30069,50.00000,,20.00000,0.83560,1
198,221,20.86900,1.47333,-4.806481e-002,100.30115,50.00000,,20.00000,0.83560,1
198,222,20.88300,1.48000,-4.883367e-002,100.30193,49.00000,,20.00000,0.83560,1
198,223,20.91100,1.48667,-4.926590e-002,100.30244,49.00000,,20.00000,0.83560,1
198,224,20.93900,1.49333,-4.989037e-002,100.30281,49.00000,,20.00000,0.83561,1
198,225,20.96000,1.50000,-5.056299e-002,100.30324,50.00000,,20.00000,0.83562,1
198,226,20.97000,1.50667,-5.133188e-002,100.30330,50.00000,,20.00000,0.83562,1
198,227,20.99300,1.51333,-5.176414e-002,100.30354,50.00000,,20.00000,0.83562,1
198,228,21.01700,1.52000,-5.219639e-002,100.30386,51.00000,,20.00000,0.83563,1
198,229,21.03400,1.52667,-5.272485e-002,100.30783,51.00000,,20.00000,0.83563,1
198,230,21.04800,1.53333,-5.315722e-002,100.30904,49.00000,,20.00000,0.83563,1
198,231,21.06800,1.54000,-5.358951e-002,100.30956,49.00000,,20.00000,0.83564,1
198,232,21.09000,1.54667,-5.397370e-002,100.30944,50.00000,,20.00000,0.83564,1
198,233,21.12500,1.55333,-5.440576e-002,100.30928,50.00000,,20.00000,0.83565,1
198,234,21.13200,1.56000,-5.493434e-002,100.30966,49.00000,,20.00000,0.83565,1
198,235,21.15900,1.56667,-5.551070e-002,100.31270,52.00000,,20.00000,0.83566,1
198,236,21.17300,1.57333,-5.618335e-002,100.31465,49.00000,,20.00000,0.83566,1
198,237,21.20400,1.58000,-5.685576e-002,100.31650,49.00000,,20.00000,0.83567,1
198,238,21.22300,1.58667,-5.714384e-002,100.31725,50.00000,,20.00000,0.83567,1
198,239,21.25200,1.59333,-5.747983e-002,100.31535,50.00000,,20.00000,0.83568,1
198,240,21.26500,1.60000,-5.796024e-002,100.31391,50.00000,,20.00000,0.83568,1
198,241,21.28900,1.60667,-5.887301e-002,100.31346,50.00000,,20.00000,0.83569,1
198,242,21.31800,1.61333,-5.935316e-002,100.31307,49.00000,,20.00000,0.83569,1
198,243,21.34000,1.62000,-5.944894e-002,100.31446,49.00000,,20.00000,0.83570,1
198,244,21.37300,1.62667,-6.055379e-002,100.31562,49.00000,,20.00000,0.83570,1
198,245,21.38500,1.63333,-6.093807e-002,100.31641,50.00000,,20.00000,0.83571,1
198,246,21.40500,1.64000,-6.146639e-002,100.31656,50.00000,,20.00000,0.83571,1
198,247,21.42300,1.64667,-6.180251e-002,100.31678,50.00000,,20.00000,0.83572,1
198,248,21.44000,1.65333,-6.247505e-002,100.31593,50.00000,,20.00000,0.83572,1
198,249,21.48300,1.66000,-6.305105e-002,100.31469,49.00000,,20.00000,0.83573,1
198,250,21.51300,1.66667,-6.353113e-002,100.31341,49.00000,,20.00000,0.83573,1
198,251,21.53900,1.67333,-6.410738e-002,100.31242,50.00000,,20.00000,0.83574,1
198,252,21.56500,1.68000,-6.473169e-002,100.31614,52.00000,,20.00000,0.83575,1
198,253,21.59100,1.68667,-6.521181e-002,100.31931,52.00000,,20.00000,0.83575,1
198,254,21.61400,1.69333,-6.578809e-002,100.32231,49.00000,,20.00000,0.83576,1
198,255,21.63000,1.70000,-6.593199e-002,100.32229,49.00000,,20.00000,0.83576,1
198,256,21.65800,1.70667,-6.646012e-002,100.32111,50.00000,,20.00000,0.83577,1
198,257,21.68000,1.71333,-6.718056e-002,100.31956,50.00000,,20.00000,0.83577,1
198,258,21.69400,1.72000,-6.804531e-002,100.31906,50.00000,,20.00000,0.83577,1
198,259,21.73000,1.72667,-6.866938e-002,100.31807,50.00000,,20.00000,0.83578,1
198,260,21.76000,1.73333,-6.934160e-002,100.31834,50.00000,,20.00000,0.83579,1
198,261,21.79400,1.74000,-6.958126e-002,100.31802,49.00000,,20.00000,0.83579,1
198,262,21.82400,1.74667,-7.010931e-002,100.31745,49.00000,,20.00000,0.83580,1
198,263,21.85300,1.75333,-7.044516e-002,100.31801,50.00000,,20.00000,0.83581,1
198,264,21.88700,1.76000,-7.111727e-002,100.31853,50.00000,,20.00000,0.83581,1
198,265,21.89800,1.76667,-7.212616e-002,100.31927,50.00000,,20.00000,0.83582,1
198,266,21.91300,1.77333,-7.279862e-002,100.31907,50.00000,,20.00000,0.83582,1
198,267,21.96600,1.78000,-7.327814e-002,100.31931,50.00000,,20.00000,0.83583,1
198,268,21.97000,1.78667,-7.395078e-002,100.31979,50.00000,,20.00000,0.83583,1
198,269,21.99600,1.79333,-7.452690e-002,100.32210,51.00000,,20.00000,0.83584,1
198,270,22.04100,1.80000,-7.467019e-002,100.32368,51.00000,,20.00000,0.83585,1
198,271,22.05600,1.80667,-7.515040e-002,100.32516,51.00000,,20.00000,0.83585,1
198,272,22.10100,1.81333,-7.591833e-002,100.32562,51.00000,,20.00000,0.83586,1
198,273,22.11300,1.82000,-7.668688e-002,100.32353,49.00000,,20.00000,0.83586,1
198,274,22.16100,1.82667,-7.726253e-002,100.32302,49.00000,,20.00000,0.83587,1
198,275,22.17200,1.83333,-7.779085e-002,100.32343,50.00000,,20.00000,0.83588,1
198,276,22.21000,1.84000,-7.798228e-002,100.32461,50.00000,,20.00000,0.83588,1
198,277,22.23000,1.84667,-7.865456e-002,100.32444,50.00000,,20.00000,0.83589,1
198,278,22.28000,1.85333,-7.913402e-002,100.32358,50.00000,,20.00000,0.83590,1
198,279,22.30900,1.86000,-7.999828e-002,100.32273,49.00000,,20.00000,0.83591,1
198,280,22.34400,1.86667,-8.062217e-002,100.32204,49.00000,,20.00000,0.83591,1
198,281,22.37300,1.87333,-8.129422e-002,100.32159,49.00000,,20.00000,0.83592,1
198,282,22.40700,1.88000,-8.201420e-002,100.32137,50.00000,,20.00000,0.83593,1
198,283,22.43900,1.88667,-8.263812e-002,100.32561,51.00000,,20.00000,0.83593,1
198,284,22.46900,1.89333,-8.321402e-002,100.32959,51.00000,,20.00000,0.83594,1
198,285,22.50500,1.90000,-8.383784e-002,100.33120,51.00000,,20.00000,0.83595,1
198,286,22.53100,1.90667,-8.441382e-002,100.33030,49.00000,,20.00000,0.83595,1
198,287,22.55800,1.91333,-8.494172e-002,100.32881,51.00000,,20.00000,0.83596,1
198,288,22.58400,1.92000,-8.556572e-002,100.32858,51.00000,,20.00000,0.83596,1
198,289,22.61700,1.92667,-8.618957e-002,100.32895,51.00000,,20.00000,0.83597,1
198,290,22.65400,1.93333,-8.681332e-002,100.33002,52.00000,,20.00000,0.83598,1
198,291,22.68200,1.94000,-8.753333e-002,100.32990,52.00000,,20.00000,0.83598,1
198,292,22.73500,1.94667,-8.786844e-002,100.33030,49.00000,,20.00000,0.83600,1
198,293,22.77200,1.95333,-8.839607e-002,100.33029,49.00000,,20.00000,0.83600,1
198,294,22.79700,1.96000,-8.906808e-002,100.33046,50.00000,,20.00000,0.83601,1
198,295,22.82400,1.96667,-8.954787e-002,100.33082,50.00000,,20.00000,0.83602,1
198,296,22.86300,1.97333,-9.021954e-002,100.33176,50.00000,,20.00000,0.83602,1
198,297,22.90600,1.98000,-9.093915e-002,100.33423,50.00000,,20.00000,0.83603,1
198,298,22.93600,1.98667,-9.156297e-002,100.33615,49.00000,,20.00000,0.83604,1
198,299,22.96400,1.99333,-9.223486e-002,100.33701,49.00000,,20.00000,0.83604,1
198,300,23.01000,2.00000,-9.285829e-002,100.33472,51.00000,,20.00000,0.83605,1
198,301,23.04300,2.00667,-9.348199e-002,100.33296,51.00000,,20.00000,0.83606,1
198,302,23.07500,2.01333,-9.372143e-002,100.33332,51.00000,,20.00000,0.83607,1
198,303,23.11300,2.02000,-9.424893e-002,100.33735,51.00000,,20.00000,0.83608,1
198,304,23.15800,2.02667,-9.482429e-002,100.33765,49.00000,,20.00000,0.83609,1
198,305,23.17600,2.03333,-9.549636e-002,100.33629,49.00000,,20.00000,0.83609,1
198,306,23.22300,2.04000,-9.635987e-002,100.33594,51.00000,,20.00000,0.83610,1
198,307,23.27200,2.04667,-9.712724e-002,100.33560,51.00000,,20.00000,0.83611,1
198,308,23.29200,2.05333,-9.770316e-002,100.33534,52.00000,,20.00000,0.83611,1
198,309,23.34600,2.06000,-9.823021e-002,100.33572,52.00000,,20.00000,0.83613,1
198,310,23.36900,2.06667,-9.842177e-002,100.34038,49.00000,,20.00000,0.83613,1
198,311,23.41600,2.07333,-9.914110e-002,100.34344,49.00000,,20.00000,0.83614,1
198,312,23.45000,2.08000,-0.10020,100.34378,50.00000,,20.00000,0.83615,1
198,313,23.48300,2.08667,-0.10101,100.34139,50.00000,,20.00000,0.83616,1
198,314,23.52500,2.09333,-0.10202,100.34053,50.00000,,20.00000,0.83616,1
198,315,23.57700,2.10000,-0.10274,100.34072,50.00000,,20.00000,0.83618,1
198,316,23.61200,2.10667,-0.10303,100.34144,50.00000,,20.00000,0.83618,1
198,317,23.63400,2.11333,-0.10375,100.34154,49.00000,,20.00000,0.83619,1
198,318,23.68400,2.12000,-0.10437,100.34193,49.00000,,20.00000,0.83620,1
198,319,23.73600,2.12667,-0.10470,100.34161,51.00000,,20.00000,0.83621,1
198,320,23.76800,2.13333,-0.10562,100.34133,52.00000,,20.00000,0.83622,1
198,321,23.82500,2.14000,-0.10653,100.34118,50.00000,,20.00000,0.83623,1
198,322,23.85800,2.14667,-0.10715,100.34115,49.00000,,20.00000,0.83623,1
198,323,23.89100,2.15333,-0.10797,100.34332,49.00000,,20.00000,0.83624,1
198,324,23.94400,2.16000,-0.10859,100.34500,51.00000,,20.00000,0.83625,1
198,325,23.98500,2.16667,-0.10921,100.34617,51.00000,,20.00000,0.83626,1
198,326,24.02900,2.17333,-0.10993,100.34420,52.00000,,20.00000,0.83627,1
198,327,24.06500,2.18000,-0.11055,100.34226,52.00000,,20.00000,0.83628,1
198,328,24.10600,2.18667,-0.11113,100.34144,52.00000,,20.00000,0.83629,1
198,329,24.16400,2.19333,-0.11170,100.34387,49.00000,,20.00000,0.83630,1
198,330,24.19600,2.20000,-0.11233,100.34534,49.00000,,20.00000,0.83631,1
198,331,24.23900,2.20667,-0.11295,100.34582,50.00000,,20.00000,0.83631,1
198,332,24.28000,2.21333,-0.11357,100.34629,50.00000,,20.00000,0.83632,1
198,333,24.32300,2.22000,-0.11415,100.34884,50.00000,,20.00000,0.83633,1
198,334,24.36700,2.22667,-0.11477,100.35242,50.00000,,20.00000,0.83634,1
198,335,24.41800,2.23333,-0.11544,100.35495,49.00000,,20.00000,0.83635,1
198,336,24.45700,2.24000,-0.11621,100.35324,49.00000,,20.00000,0.83636,1
198,337,24.48900,2.24667,-0.11688,100.35250,50.00000,,20.00000,0.83637,1
198,338,24.54600,2.25333,-0.11750,100.35326,50.00000,,20.00000,0.83638,1
198,339,24.59400,2.26000,-0.11822,100.35395,50.00000,,20.00000,0.83639,1
198,340,24.63600,2.26667,-0.11909,100.35353,50.00000,,20.00000,0.83640,1
198,341,24.67500,2.27333,-0.11981,100.35307,49.00000,,20.00000,0.83641,1
198,342,24.73300,2.28000,-0.12024,100.35152,49.00000,,20.00000,0.83642,1
198,343,24.77000,2.28667,-0.12076,100.35040,51.00000,,20.00000,0.83643,1
198,344,24.82800,2.29333,-0.12148,100.35067,51.00000,,20.00000,0.83644,1
198,345,24.86000,2.30000,-0.12206,100.35080,52.00000,,20.00000,0.83645,1
198,346,24.92700,2.30667,-0.12277,100.35045,52.00000,,20.00000,0.83646,1
198,347,24.97900,2.31333,-0.12349,100.35234,49.00000,,20.00000,0.83647,1
198,348,25.01700,2.32000,-0.12421,100.35387,49.00000,,20.00000,0.83648,1
198,349,25.07000,2.32667,-0.12498,100.35501,49.00000,,20.00000,0.83649,1
198,350,25.11700,2.33333,-0.12565,100.35305,50.00000,,20.00000,0.83650,1
198,351,25.16100,2.34000,-0.12632,100.35057,50.00000,,20.00000,0.83651,1
198,352,25.22000,2.34667,-0.12699,100.34911,49.00000,,20.00000,0.83652,1
198,353,25.26000,2.35333,-0.12781,100.34868,49.00000,,20.00000,0.83653,1
198,354,25.31500,2.36000,-0.12857,100.34822,49.00000,,20.00000,0.83654,1
198,355,25.36500,2.36667,-0.12924,100.34772,49.00000,,20.00000,0.83655,1
198,356,25.41200,2.37333,-0.12991,100.34927,50.00000,,20.00000,0.83656,1
198,357,25.46100,2.38000,-0.13063,100.34976,50.00000,,20.00000,0.83657,1
198,358,25.52600,2.38667,-0.13130,100.35034,50.00000,,20.00000,0.83658,1
198,359,25.56000,2.39333,-0.13192,100.35056,49.00000,,20.00000,0.83659,1
198,360,25.63100,2.40000,-0.13264,100.35096,49.00000,,20.00000,0.83661,1
198,361,25.66800,2.40667,-0.13336,100.35408,49.00000,,20.00000,0.83661,1
198,362,25.71500,2.41333,-0.13403,100.35606,50.00000,,20.00000,0.83662,1
198,363,25.76400,2.42000,-0.13475,100.35725,50.00000,,20.00000,0.83663,1
198,364,25.82400,2.42667,-0.13547,100.35495,51.00000,,20.00000,0.83665,1
198,365,25.86600,2.43333,-0.13614,100.35347,49.00000,,20.00000,0.83666,1
198,366,25.94100,2.44000,-0.13681,100.35302,50.00000,,20.00000,0.83667,1
198,367,25.99100,2.44667,-0.13767,100.35320,50.00000,,20.00000,0.83668,1
198,368,26.04600,2.45333,-0.13853,100.35301,50.00000,,20.00000,0.83669,1
198,369,26.09100,2.46000,-0.13920,100.35239,50.00000,,20.00000,0.83670,1
198,370,26.15700,2.46667,-0.13987,100.35178,49.00000,,20.00000,0.83672,1
198,371,26.20300,2.47333,-0.14059,100.35167,49.00000,,20.00000,0.83673,1
198,372,26.25500,2.48000,-0.14126,100.35579,51.00000,,20.00000,0.83674,1
198,373,26.33500,2.48667,-0.14184,100.35841,51.00000,,20.00000,0.83675,1
198,374,26.36600,2.49333,-0.14255,100.35850,50.00000,,20.00000,0.83676,1
198,375,26.43700,2.50000,-0.14318,100.35608,50.00000,,20.00000,0.83677,1
198,376,26.48200,2.50667,-0.14385,100.35537,49.00000,,20.00000,0.83678,1
198,377,26.54300,2.51333,-0.14456,100.35676,49.00000,,20.00000,0.83680,1
198,378,26.58800,2.52000,-0.14523,100.35908,49.00000,,20.00000,0.83681,1
198,379,26.65000,2.52667,-0.14595,100.35968,51.00000,,20.00000,0.83682,1
198,380,26.71100,2.53333,-0.14681,100.36177,52.00000,,20.00000,0.83683,1
198,381,26.77100,2.54000,-0.14744,100.36383,52.00000,,20.00000,0.83684,1
198,382,26.82000,2.54667,-0.14835,100.36485,52.00000,,20.00000,0.83685,1
198,383,26.89100,2.55333,-0.14882,100.36218,49.00000,,20.00000,0.83687,1
198,384,26.93500,2.56000,-0.14959,100.36000,49.00000,,20.00000,0.83688,1
198,385,26.99700,2.56667,-0.15026,100.35990,50.00000,,20.00000,0.83689,1
198,386,27.07400,2.57333,-0.15083,100.35978,50.00000,,20.00000,0.83691,1
198,387,27.11300,2.58000,-0.15165,100.35913,50.00000,,20.00000,0.83691,1
198,388,27.18200,2.58667,-0.15265,100.35904,49.00000,,20.00000,0.83693,1
198,389,27.24000,2.59333,-0.15346,100.35796,49.00000,,20.00000,0.83694,1
198,390,27.30500,2.60000,-0.15394,100.35913,49.00000,,20.00000,0.83695,1
198,391,27.36500,2.60667,-0.15432,100.36153,50.00000,,20.00000,0.83697,1
198,392,27.42900,2.61333,-0.15509,100.36195,50.00000,,20.00000,0.83698,1
198,393,27.47300,2.62000,-0.15638,100.36391,50.00000,,20.00000,0.83699,1
198,394,27.54000,2.62667,-0.15739,100.36567,49.00000,,20.00000,0.83700,1
198,395,27.59300,2.63333,-0.15796,100.36717,49.00000,,20.00000,0.83701,1
198,396,27.66400,2.64000,-0.15825,100.36530,51.00000,,20.00000,0.83703,1
198,397,27.73700,2.64667,-0.15877,100.36229,51.00000,,20.00000,0.83704,1
198,398,27.79200,2.65333,-0.15963,100.35980,51.00000,,20.00000,0.83705,1
198,399,27.85700,2.66000,-0.16049,100.35887,51.00000,,20.00000,0.83707,1
198,400,27.91900,2.66667,-0.16116,100.35899,50.00000,,20.00000,0.83708,1
198,401,27.98700,2.67333,-0.16193,100.35974,49.00000,,20.00000,0.83709,1
198,402,28.06300,2.68000,-0.16265,100.35921,50.00000,,20.00000,0.83711,1
198,403,28.12100,2.68667,-0.16331,100.35904,50.00000,,20.00000,0.83712,1
198,404,28.18800,2.69333,-0.16427,100.35915,50.00000,,20.00000,0.83713,1
198,405,28.23600,2.70000,-0.16499,100.35939,49.00000,,20.00000,0.83714,1
198,406,28.29800,2.70667,-0.16547,100.35854,49.00000,,20.00000,0.83716,1
198,407,28.36700,2.71333,-0.16609,100.35814,49.00000,,20.00000,0.83717,1
198,408,28.42900,2.72000,-0.16680,100.35928,51.00000,,20.00000,0.83718,1
198,409,28.49700,2.72667,-0.16762,100.36309,50.00000,,20.00000,0.83720,1
198,410,28.56000,2.73333,-0.16838,100.36532,50.00000,,20.00000,0.83721,1
198,411,28.61400,2.74000,-0.16910,100.36641,50.00000,,20.00000,0.83722,1
198,412,28.68800,2.74667,-0.16948,100.36408,50.00000,,20.00000,0.83724,1
198,413,28.73300,2.75333,-0.17010,100.36143,49.00000,,20.00000,0.83725,1
198,414,28.82100,2.76000,-0.17106,100.35905,49.00000,,20.00000,0.83726,1
198,415,28.89200,2.76667,-0.17197,100.35812,50.00000,,20.00000,0.83728,1
198,416,28.96200,2.77333,-0.17254,100.35821,50.00000,,20.00000,0.83729,1
198,417,29.02100,2.78000,-0.17297,100.35885,50.00000,,20.00000,0.83730,1
198,418,29.09600,2.78667,-0.17388,100.35847,49.00000,,20.00000,0.83732,1
198,419,29.17200,2.79333,-0.17474,100.35863,49.00000,,20.00000,0.83733,1
198,420,29.24000,2.80000,-0.17545,100.35830,50.00000,,20.00000,0.83735,1
198,421,29.30800,2.80667,-0.17612,100.35644,50.00000,,20.00000,0.83736,1
198,422,29.38100,2.81333,-0.17669,100.35569,50.00000,,20.00000,0.83738,1
198,423,29.45100,2.82000,-0.17741,100.35605,50.00000,,20.00000,0.83739,1
198,424,29.52600,2.82667,-0.17837,100.35863,49.00000,,20.00000,0.83741,1
198,425,29.60000,2.83333,-0.17918,100.36030,49.00000,,20.00000,0.83742,1
198,426,29.66000,2.84000,-0.17990,100.36103,50.00000,,20.00000,0.83743,1
198,427,29.73200,2.84667,-0.18052,100.35866,50.00000,,20.00000,0.83745,1
198,428,29.81400,2.85333,-0.18109,100.35633,50.00000,,20.00000,0.83746,1
198,429,29.87300,2.86000,-0.18171,100.35556,50.00000,,20.00000,0.83748,1
198,430,29.94600,2.86667,-0.18238,100.35530,49.00000,,20.00000,0.83749,1
198,431,30.01600,2.87333,-0.18324,100.35715,49.00000,,20.00000,0.83751,1
198,432,30.09800,2.88000,-0.18410,100.35753,51.00000,,20.00000,0.83752,1
198,433,30.16300,2.88667,-0.18476,100.35753,51.00000,,20.00000,0.83753,1
198,434,30.24000,2.89333,-0.18553,100.35767,51.00000,,20.00000,0.83755,1
198,435,30.30600,2.90000,-0.18658,100.35780,51.00000,,20.00000,0.83756,1
198,436,30.36900,2.90667,-0.18706,100.35774,49.00000,,20.00000,0.83758,1
198,437,30.44200,2.91333,-0.18773,100.35739,49.00000,,20.00000,0.83759,1
198,438,30.51700,2.92000,-0.18854,100.35782,50.00000,,20.00000,0.83761,1
198,439,30.60300,2.92667,-0.18935,100.35761,50.00000,,20.00000,0.83762,1
198,440,30.68400,2.93333,-0.19016,100.36063,50.00000,,20.00000,0.83764,1
198,441,30.75300,2.94000,-0.19088,100.36381,50.00000,,20.00000,0.83765,1
198,442,30.82700,2.94667,-0.19135,100.36451,49.00000,,20.00000,0.83767,1
198,443,30.89700,2.95333,-0.19216,100.36269,49.00000,,20.00000,0.83768,1
198,444,30.99300,2.96000,-0.19297,100.36034,50.00000,,20.00000,0.83770,1
198,445,31.04500,2.96667,-0.19369,100.35949,50.00000,,20.00000,0.83771,1
198,446,31.11900,2.97333,-0.19446,100.36065,50.00000,,20.00000,0.83773,1
198,447,31.21900,2.98000,-0.19512,100.36279,50.00000,,20.00000,0.83775,1
198,448,31.28000,2.98667,-0.19574,100.36282,49.00000,,20.00000,0.83776,1
198,449,31.37100,2.99333,-0.19641,100.36291,49.00000,,20.00000,0.83778,1
198,450,31.44100,3.00000,-0.19703,100.36412,51.00000,,20.00000,0.83779,1
198,451,31.51800,3.00667,-0.19779,100.36748,51.00000,,20.00000,0.83781,1
198,452,31.59300,3.01333,-0.19851,100.37036,51.00000,,20.00000,0.83782,1
198,453,31.68900,3.02000,-0.19922,100.36958,52.00000,,20.00000,0.83784,1
198,454,31.74900,3.02667,-0.19994,100.36722,52.00000,,20.00000,0.83785,1
198,455,31.83000,3.03333,-0.20085,100.36538,49.00000,,20.00000,0.83787,1
198,456,31.91100,3.04000,-0.20151,100.36565,50.00000,,20.00000,0.83788,1
198,457,32.00500,3.04667,-0.20175,100.36858,50.00000,,20.00000,0.83790,1
198,458,32.06400,3.05333,-0.20251,100.36890,50.00000,,20.00000,0.83791,1
198,459,32.15000,3.06000,-0.20337,100.36873,50.00000,,20.00000,0.83793,1
198,460,32.23800,3.06667,-0.20423,100.36805,50.00000,,20.00000,0.83795,1
198,461,32.30700,3.07333,-0.20504,100.36794,49.00000,,20.00000,0.83796,1
198,462,32.39700,3.08000,-0.20585,100.37099,50.00000,,20.00000,0.83798,1
198,463,32.47500,3.08667,-0.20652,100.37297,50.00000,,20.00000,0.83800,1
198,464,32.54200,3.09333,-0.20728,100.37487,50.00000,,20.00000,0.83801,1
198,465,32.64500,3.10000,-0.20809,100.37350,50.00000,,20.00000,0.83803,1
198,466,32.70800,3.10667,-0.20886,100.37200,50.00000,,20.00000,0.83804,1
198,467,32.80700,3.11333,-0.20952,100.37147,49.00000,,20.00000,0.83806,1
198,468,32.88400,3.12000,-0.21019,100.37195,49.00000,,20.00000,0.83808,1
198,469,32.96900,3.12667,-0.21076,100.37244,51.00000,,20.00000,0.83809,1
198,470,33.06200,3.13333,-0.21138,100.37195,51.00000,,20.00000,0.83811,1
198,471,33.14200,3.14000,-0.21204,100.37154,52.00000,,20.00000,0.83813,1
198,472,33.22200,3.14667,-0.21262,100.37126,52.00000,,20.00000,0.83814,1
198,473,33.30900,3.15333,-0.21338,100.37325,49.00000,,20.00000,0.83816,1
198,474,33.40500,3.16000,-0.21414,100.37437,49.00000,,20.00000,0.83818,1
198,475,33.48100,3.16667,-0.21495,100.37826,50.00000,,20.00000,0.83819,1
198,476,33.55200,3.17333,-0.21581,100.38162,50.00000,,20.00000,0.83821,1
198,477,33.63900,3.18000,-0.21652,100.38224,50.00000,,20.00000,0.83822,1
198,478,33.72600,3.18667,-0.21662,100.37999,49.00000,,20.00000,0.83824,1
198,479,33.81600,3.19333,-0.21728,100.37751,49.00000,,20.00000,0.83826,1
198,480,33.88900,3.20000,-0.21828,100.37593,49.00000,,20.00000,0.83827,1
198,481,33.99400,3.20667,-0.21900,100.37588,50.00000,,20.00000,0.83829,1
198,482,34.08500,3.21333,-0.21990,100.37854,50.00000,,20.00000,0.83831,1
198,483,34.16900,3.22000,-0.22081,100.37924,50.00000,,20.00000,0.83833,1
198,484,34.25600,3.22667,-0.22124,100.37799,50.00000,,20.00000,0.83834,1
198,485,34.34600,3.23333,-0.22176,100.37786,49.00000,,20.00000,0.83836,1
198,486,34.42100,3.24000,-0.22276,100.37828,49.00000,,20.00000,0.83838,1
198,487,34.52600,3.24667,-0.22381,100.38130,51.00000,,20.00000,0.83840,1
198,488,34.60500,3.25333,-0.22467,100.38324,51.00000,,20.00000,0.83841,1
198,489,34.69200,3.26000,-0.22528,100.38464,52.00000,,20.00000,0.83843,1
198,490,34.79200,3.26667,-0.22585,100.38285,51.00000,,20.00000,0.83845,1
198,491,34.87500,3.27333,-0.22657,100.38051,52.00000,,20.00000,0.83846,1
198,492,34.95500,3.28000,-0.22714,100.37818,49.00000,,20.00000,0.83848,1
198,493,35.06100,3.28667,-0.22785,100.37805,49.00000,,20.00000,0.83850,1
198,494,35.15900,3.29333,-0.22847,100.37805,50.00000,,20.00000,0.83852,1
198,495,35.23300,3.30000,-0.22904,100.38077,50.00000,,20.00000,0.83853,1
198,496,35.32700,3.30667,-0.22985,100.38084,52.00000,,20.00000,0.83855,1
198,497,35.40400,3.31333,-0.23052,100.38079,52.00000,,20.00000,0.83857,1
198,498,35.50500,3.32000,-0.23123,100.38064,49.00000,,20.00000,0.83859,1
198,499,35.59800,3.32667,-0.23194,100.38053,49.00000,,20.00000,0.83860,1
198,500,35.71000,3.33333,-0.23261,100.38062,50.00000,,20.00000,0.83863,1
198,501,35.78000,3.34000,-0.23347,100.38094,50.00000,,20.00000,0.83864,1
198,502,35.87400,3.34667,-0.23432,100.38246,50.00000,,20.00000,0.83866,1
198,503,35.95300,3.35333,-0.23513,100.38396,49.00000,,20.00000,0.83867,1
198,504,36.05400,3.36000,-0.23551,100.38528,49.00000,,20.00000,0.83869,1
198,505,36.13600,3.36667,-0.23642,100.38793,49.00000,,20.00000,0.83871,1
198,506,36.22700,3.37333,-0.23708,100.38983,51.00000,,20.00000,0.83873,1
198,507,36.33700,3.38000,-0.23784,100.38955,51.00000,,20.00000,0.83875,1
198,508,36.42900,3.38667,-0.23846,100.38719,52.00000,,20.00000,0.83876,1
198,509,36.52800,3.39333,-0.23917,100.38548,52.00000,,20.00000,0.83878,1
198,510,36.61100,3.40000,-0.23989,100.38494,49.00000,,20.00000,0.83880,1
198,511,36.71800,3.40667,-0.24065,100.38761,49.00000,,20.00000,0.83882,1
198,512,36.80100,3.41333,-0.24126,100.38919,50.00000,,20.00000,0.83883,1
198,513,36.89300,3.42000,-0.24198,100.38912,49.00000,,20.00000,0.83885,1
198,514,36.99800,3.42667,-0.24269,100.38846,50.00000,,20.00000,0.83887,1
198,515,37.10100,3.43333,-0.24350,100.38828,51.00000,,20.00000,0.83889,1
198,516,37.18400,3.44000,-0.24440,100.39022,49.00000,,20.00000,0.83891,1
198,517,37.28400,3.44667,-0.24483,100.39277,49.00000,,20.00000,0.83893,1
198,518,37.39000,3.45333,-0.24540,100.39494,49.00000,,20.00000,0.83895,1
198,519,37.49700,3.46000,-0.24644,100.39511,50.00000,,20.00000,0.83897,1
198,520,37.56400,3.46667,-0.24716,100.39322,50.00000,,20.00000,0.83898,1
198,521,37.66900,3.47333,-0.24787,100.39182,50.00000,,20.00000,0.83900,1
198,522,37.76900,3.48000,-0.24868,100.39137,50.00000,,20.00000,0.83902,1
198,523,37.87100,3.48667,-0.24929,100.39188,49.00000,,20.00000,0.83904,1
198,524,37.96600,3.49333,-0.25015,100.39390,49.00000,,20.00000,0.83906,1
198,525,38.05900,3.50000,-0.25072,100.39380,49.00000,,20.00000,0.83907,1
198,526,38.17600,3.50667,-0.25129,100.39371,50.00000,,20.00000,0.83910,1
198,527,38.25900,3.51333,-0.25219,100.39367,50.00000,,20.00000,0.83911,1
198,528,38.36800,3.52000,-0.25295,100.39372,50.00000,,20.00000,0.83913,1
198,529,38.46500,3.52667,-0.25376,100.39385,50.00000,,20.00000,0.83915,1
198,530,38.57200,3.53333,-0.25452,100.39403,49.00000,,20.00000,0.83917,1
198,531,38.65600,3.54000,-0.25523,100.39629,49.00000,,20.00000,0.83919,1
198,532,38.76100,3.54667,-0.25585,100.39898,51.00000,,20.00000,0.83921,1
198,533,38.86300,3.55333,-0.25661,100.40102,51.00000,,20.00000,0.83922,1
198,534,38.95900,3.56000,-0.25732,100.40086,51.00000,,20.00000,0.83924,1
198,535,39.07400,3.56667,-0.25803,100.39864,51.00000,,20.00000,0.83926,1
198,536,39.17600,3.57333,-0.25874,100.39657,51.00000,,20.00000,0.83928,1
198,537,39.28500,3.58000,-0.25922,100.39469,49.00000,,20.00000,0.83930,1
198,538,39.36500,3.58667,-0.26003,100.39456,49.00000,,20.00000,0.83932,1
198,539,39.47700,3.59333,-0.26088,100.39506,50.00000,,20.00000,0.83934,1
198,540,39.57800,3.60000,-0.26183,100.39505,50.00000,,20.00000,0.83936,1
198,541,39.67100,3.60667,-0.26250,100.39502,49.00000,,20.00000,0.83938,1
198,542,39.76800,3.61333,-0.26321,100.39547,49.00000,,20.00000,0.83939,1
198,543,39.88200,3.62000,-0.26397,100.39642,49.00000,,20.00000,0.83941,1
198,544,39.98000,3.62667,-0.26458,100.39629,49.00000,,20.00000,0.83943,1
198,545,40.08000,3.63333,-0.26549,100.39715,49.00000,,20.00000,0.83945,1
198,546,40.17200,3.64000,-0.26634,100.39850,50.00000,,20.00000,0.83947,1
198,547,40.29200,3.64667,-0.26720,100.39875,51.00000,,20.00000,0.83949,1
198,548,40.38600,3.65333,-0.26815,100.39844,50.00000,,20.00000,0.83951,1
198,549,40.49900,3.66000,-0.26900,100.39758,49.00000,,20.00000,0.83953,1
198,550,40.60300,3.66667,-0.26971,100.39725,49.00000,,20.00000,0.83955,1
198,551,40.69700,3.67333,-0.27043,100.39692,51.00000,,20.00000,0.83956,1
198,552,40.80800,3.68000,-0.27118,100.39658,51.00000,,20.00000,0.83959,1
198,553,40.91800,3.68667,-0.27199,100.39942,52.00000,,20.00000,0.83961,1
198,554,41.02200,3.69333,-0.27275,100.40070,52.00000,,20.00000,0.83962,1
198,555,41.12400,3.70000,-0.27346,100.40147,49.00000,,20.00000,0.83964,1
198,556,41.23000,3.70667,-0.27422,100.40225,49.00000,,20.00000,0.83966,1
198,557,41.33900,3.71333,-0.27503,100.40095,50.00000,,20.00000,0.83968,1
198,558,41.44700,3.72000,-0.27559,100.39916,50.00000,,20.00000,0.83970,1
198,559,41.55100,3.72667,-0.27640,100.39896,50.00000,,20.00000,0.83972,1
198,560,41.65600,3.73333,-0.27726,100.39876,50.00000,,20.00000,0.83974,1
198,561,41.75300,3.74000,-0.27845,100.39908,49.00000,,20.00000,0.83976,1
198,562,41.88200,3.74667,-0.27959,100.39996,49.00000,,20.00000,0.83978,1
198,563,41.97600,3.75333,-0.28044,100.39983,49.00000,,20.00000,0.83980,1
198,564,42.08500,3.76000,-0.28120,100.39974,50.00000,,20.00000,0.83982,1
198,565,42.19100,3.76667,-0.28205,100.39915,50.00000,,20.00000,0.83984,1
198,566,42.29500,3.77333,-0.28286,100.39907,50.00000,,20.00000,0.83986,1
198,567,42.40700,3.78000,-0.28371,100.39896,50.00000,,20.00000,0.83988,1
198,568,42.51000,3.78667,-0.28452,100.39884,49.00000,,20.00000,0.83990,1
198,569,42.62500,3.79333,-0.28528,100.39927,51.00000,,20.00000,0.83992,1
198,570,42.73500,3.80000,-0.28609,100.39920,51.00000,,20.00000,0.83994,1
198,571,42.83500,3.80667,-0.28704,100.40073,52.00000,,20.00000,0.83995,1
198,572,42.94300,3.81333,-0.28794,100.40331,51.00000,,20.00000,0.83997,1
198,573,43.05900,3.82000,-0.28898,100.40537,49.00000,,20.00000,0.84000,1
198,574,43.16400,3.82667,-0.28998,100.40692,49.00000,,20.00000,0.84001,1
198,575,43.27600,3.83333,-0.29098,100.40637,49.00000,,20.00000,0.84003,1
198,576,43.38300,3.84000,-0.29193,100.40531,50.00000,,20.00000,0.84005,1
198,577,43.49000,3.84667,-0.29259,100.40370,50.00000,,20.00000,0.84007,1
198,578,43.60200,3.85333,-0.29330,100.40205,49.00000,,20.00000,0.84009,1
198,579,43.70600,3.86000,-0.29406,100.40140,49.00000,,20.00000,0.84011,1
198,580,43.83100,3.86667,-0.29477,100.40128,50.00000,,20.00000,0.84013,1
198,581,43.93800,3.87333,-0.29591,100.40224,50.00000,,20.00000,0.84015,1
198,582,44.04100,3.88000,-0.29729,100.40432,51.00000,,20.00000,0.84017,1
198,583,44.16400,3.88667,-0.29843,100.40437,50.00000,,20.00000,0.84019,1
198,584,44.26400,3.89333,-0.29942,100.40493,49.00000,,20.00000,0.84021,1
198,585,44.37900,3.90000,-0.30037,100.40487,49.00000,,20.00000,0.84023,1
198,586,44.48000,3.90667,-0.30094,100.40470,49.00000,,20.00000,0.84025,1
198,587,44.60300,3.91333,-0.30208,100.40497,49.00000,,20.00000,0.84027,1
198,588,44.72400,3.92000,-0.30327,100.40365,50.00000,,20.00000,0.84029,1
198,589,44.83900,3.92667,-0.30431,100.40345,50.00000,,20.00000,0.84031,1
198,590,44.93900,3.93333,-0.30550,100.40337,50.00000,,20.00000,0.84033,1
198,591,45.06500,3.94000,-0.30669,100.40291,51.00000,,20.00000,0.84035,1
198,592,45.17500,3.94667,-0.30773,100.40313,49.00000,,20.00000,0.84037,1
198,593,45.28900,3.95333,-0.30873,100.40346,49.00000,,20.00000,0.84039,1
198,594,45.39000,3.96000,-0.30982,100.40385,50.00000,,20.00000,0.84041,1
198,595,45.49900,3.96667,-0.31105,100.40476,50.00000,,20.00000,0.84043,1
198,596,45.62200,3.97333,-0.31229,100.40560,50.00000,,20.00000,0.84045,1
198,597,45.72300,3.98000,-0.31295,100.40581,49.00000,,20.00000,0.84047,1
198,598,45.83500,3.98667,-0.31376,100.40803,49.00000,,20.00000,0.84049,1
198,599,45.95700,3.99333,-0.31532,100.40915,50.00000,,20.00000,0.84051,1
198,600,46.07100,4.00000,-0.31685,100.41076,50.00000,,20.00000,0.84053,1
198,601,46.18900,4.00667,-0.31813,100.41185,50.00000,,20.00000,0.84055,1
198,602,46.29400,4.01333,-0.31936,100.41143,50.00000,,20.00000,0.84057,1
198,603,46.42300,4.02000,-0.32065,100.41058,50.00000,,20.00000,0.84059,1
198,604,46.53400,4.02667,-0.32202,100.40927,49.00000,,20.00000,0.84061,1
198,605,46.63600,4.03333,-0.32335,100.40850,49.00000,,20.00000,0.84063,1
198,606,46.75900,4.04000,-0.32464,100.40875,49.00000,,20.00000,0.84065,1
198,607,46.86200,4.04667,-0.32611,100.40888,50.00000,,20.00000,0.84067,1
198,608,46.98100,4.05333,-0.32763,100.40892,50.00000,,20.00000,0.84069,1
198,609,47.11100,4.06000,-0.32910,100.40843,50.00000,,20.00000,0.84071,1
198,610,47.22700,4.06667,-0.33067,100.40849,50.00000,,20.00000,0.84073,1
198,611,47.34000,4.07333,-0.33229,100.40856,49.00000,,20.00000,0.84075,1
198,612,47.44200,4.08000,-0.33414,100.40859,49.00000,,20.00000,0.84077,1
198,613,47.57100,4.08667,-0.33576,100.40805,50.00000,,20.00000,0.84079,1
198,614,47.68700,4.09333,-0.33699,100.40804,50.00000,,20.00000,0.84081,1
198,615,47.81900,4.10000,-0.33904,100.40813,50.00000,,20.00000,0.84084,1
198,616,47.93200,4.10667,-0.34075,100.40837,50.00000,,20.00000,0.84086,1
198,617,48.04400,4.11333,-0.34227,100.40926,49.00000,,20.00000,0.84087,1
198,618,48.15400,4.12000,-0.34422,100.40914,49.00000,,20.00000,0.84089,1
198,619,48.26700,4.12667,-0.34631,100.40952,50.00000,,20.00000,0.84091,1
198,620,48.38800,4.13333,-0.34826,100.40935,50.00000,,20.00000,0.84093,1
198,621,48.51400,4.14000,-0.35026,100.40973,50.00000,,20.00000,0.84096,1
198,622,48.62900,4.14667,-0.35259,100.41014,50.00000,,20.00000,0.84098,1
198,623,48.73800,4.15333,-0.35521,100.41161,49.00000,,20.00000,0.84099,1
198,624,48.84700,4.16000,-0.35754,100.41250,49.00000,,20.00000,0.84101,1
198,625,48.97400,4.16667,-0.36011,100.41330,51.00000,,20.00000,0.84103,1
198,626,49.09800,4.17333,-0.36278,100.41297,51.00000,,20.00000,0.84106,1
198,627,49.20700,4.18000,-0.36544,100.41363,51.00000,,20.00000,0.84107,1
198,628,49.33000,4.18667,-0.36840,100.41377,51.00000,,20.00000,0.84109,1
198,629,49.45800,4.19333,-0.37159,100.41393,51.00000,,20.00000,0.84112,1
198,630,49.57300,4.20000,-0.37497,100.41358,49.00000,,20.00000,0.84114,1
198,631,49.69100,4.20667,-0.37892,100.41532,49.00000,,20.00000,0.84116,1
198,632,49.81100,4.21333,-0.38292,100.41602,50.00000,,20.00000,0.84118,1
198,633,49.93300,4.22000,-0.38688,100.41672,50.00000,,20.00000,0.84120,1
198,634,50.06000,4.22667,-0.39135,100.41798,49.00000,,20.00000,0.84122,1
198,635,50.17200,4.23333,-0.39593,100.41830,52.00000,,20.00000,0.84124,1
198,636,50.29400,4.24000,-0.40131,100.41766,49.00000,,20.00000,0.84126,1
198,637,50.42600,4.24667,-0.40679,100.41710,49.00000,,20.00000,0.84128,1
198,638,50.53100,4.25333,-0.41266,100.41605,50.00000,,20.00000,0.84130,1
198,639,50.64100,4.26000,-0.41947,100.41548,50.00000,,20.00000,0.84132,1
198,640,50.77000,4.26667,-0.42629,100.41432,50.00000,,20.00000,0.84134,1
198,641,50.89200,4.27333,-0.43392,100.41308,49.00000,,20.00000,0.84136,1
198,642,51.01700,4.28000,-0.44216,100.41174,49.00000,,20.00000,0.84138,1
198,643,51.12800,4.28667,-0.45151,100.41086,49.00000,,20.00000,0.84140,1
198,644,51.25200,4.29333,-0.46138,100.40938,50.00000,,20.00000,0.84142,1
198,645,51.38800,4.30000,-0.47239,100.40788,50.00000,,20.00000,0.84144,1
198,646,51.50100,4.30667,-0.48474,100.40697,50.00000,,20.00000,0.84146,1
198,647,51.63700,4.31333,-0.49800,100.40618,50.00000,,20.00000,0.84148,1
198,648,51.76300,4.32000,-0.51273,100.40553,50.00000,,20.00000,0.84150,1
198,649,51.86600,4.32667,-0.52843,100.40498,50.00000,,20.00000,0.84152,1
198,650,51.98800,4.33333,-0.54588,100.40448,50.00000,,20.00000,0.84154,1
198,651,52.12400,4.34000,-0.56462,100.40448,50.00000,,20.00000,0.84156,1
198,652,52.23700,4.34667,-0.58465,100.40387,49.00000,,20.00000,0.84158,1
198,653,52.34000,4.35333,-0.60659,100.40320,51.00000,,20.00000,0.84160,1
198,654,52.48600,4.36000,-0.63053,100.40254,49.00000,,20.00000,0.84162,1
198,655,52.61900,4.36667,-0.65557,100.40247,49.00000,,20.00000,0.84165,1
198,656,52.72800,4.37333,-0.68280,100.40195,50.00000,,20.00000,0.84166,1
198,657,52.84900,4.38000,-0.71189,100.40152,50.00000,,20.00000,0.84168,1
198,658,52.97300,4.38667,-0.74251,100.40169,49.00000,,20.00000,0.84170,1
198,659,53.08100,4.39333,-0.77518,100.40130,49.00000,,20.00000,0.84172,1
198,660,53.21000,4.40000,-0.80904,100.40081,49.00000,,20.00000,0.84174,1
198,661,53.33400,4.40667,-0.84523,100.40026,51.00000,,20.00000,0.84176,1
198,662,53.45900,4.41333,-0.88324,100.39917,51.00000,,20.00000,0.84178,1
198,663,53.58600,4.42000,-0.92267,100.39813,51.00000,,20.00000,0.84180,1
198,664,53.71500,4.42667,-0.96301,100.39725,49.00000,,20.00000,0.84183,1
198,665,53.81900,4.43333,-1.00469,100.39699,49.00000,,20.00000,0.84184,1
198,666,53.94300,4.44000,-1.04645,100.39622,50.00000,,20.00000,0.84186,1
198,667,54.07300,4.44667,-1.08936,100.39546,50.00000,,20.00000,0.84188,1
198,668,54.18200,4.45333,-1.13347,100.39474,50.00000,,20.00000,0.84190,1
198,669,54.31700,4.46000,-1.17833,100.39459,50.00000,,20.00000,0.84192,1
198,670,54.44100,4.46667,-1.22366,100.39449,50.00000,,20.00000,0.84194,1
198,671,54.53900,4.47333,-1.26991,100.39383,50.00000,,20.00000,0.84196,1
198,672,54.66900,4.48000,-1.31672,100.39363,50.00000,,20.00000,0.84198,1
198,673,54.79100,4.48667,-1.36339,100.39334,50.00000,,20.00000,0.84200,1
198,674,54.91300,4.49333,-1.40972,100.39300,50.00000,,20.00000,0.84202,1
198,675,55.04600,4.50000,-1.45652,100.39217,50.00000,,20.00000,0.84204,1
198,676,55.16200,4.50667,-1.50266,100.39198,50.00000,,20.00000,0.84206,1
198,677,55.29300,4.51333,-1.54898,100.39192,49.00000,,20.00000,0.84208,1
198,678,55.40600,4.52000,-1.59597,100.39197,49.00000,,20.00000,0.84210,1
198,679,55.51400,4.52667,-1.64196,100.39206,51.00000,,20.00000,0.84212,1
198,680,55.64800,4.53333,-1.68747,100.39216,51.00000,,20.00000,0.84214,1
198,681,55.75900,4.54000,-1.73321,100.39225,52.00000,,20.00000,0.84216,1
198,682,55.88000,4.54667,-1.77791,100.39228,52.00000,,20.00000,0.84217,1
198,683,56.00000,4.55333,-1.82260,100.39225,49.00000,,20.00000,0.84219,1
198,684,56.12600,4.56000,-1.86686,100.39165,49.00000,,20.00000,0.84221,1
198,685,56.24500,4.56667,-1.91192,100.39155,50.00000,,20.00000,0.84223,1
198,686,56.36500,4.57333,-1.95685,100.39145,50.00000,,20.00000,0.84225,1
198,687,56.48500,4.58000,-2.00172,100.39139,50.00000,,20.00000,0.84227,1
198,688,56.62000,4.58667,-2.04616,100.39137,50.00000,,20.00000,0.84229,1
198,689,56.73000,4.59333,-2.09070,100.39141,50.00000,,20.00000,0.84231,1
198,690,56.84900,4.60000,-2.13538,100.39100,50.00000,,20.00000,0.84233,1
198,691,56.98100,4.60667,-2.17990,100.39118,50.00000,,20.00000,0.84235,1
198,692,57.08700,4.61333,-2.22387,100.39086,50.00000,,20.00000,0.84237,1
198,693,57.20900,4.62000,-2.26768,100.39055,50.00000,,20.00000,0.84239,1
198,694,57.32900,4.62667,-2.31173,100.39025,50.00000,,20.00000,0.84240,1
198,695,57.44700,4.63333,-2.35530,100.39048,49.00000,,20.00000,0.84242,1
198,696,57.57300,4.64000,-2.39801,100.39021,49.00000,,20.00000,0.84244,1
198,697,57.68600,4.64667,-2.44058,100.38996,50.00000,,20.00000,0.84246,1
198,698,57.80700,4.65333,-2.48276,100.38970,50.00000,,20.00000,0.84248,1
198,699,57.92000,4.66000,-2.52404,100.38941,50.00000,,20.00000,0.84250,1
198,700,58.04100,4.66667,-2.56493,100.38905,51.00000,,20.00000,0.84252,1
198,701,58.16400,4.67333,-2.60492,100.38863,51.00000,,20.00000,0.84253,1
198,702,58.28400,4.68000,-2.64414,100.38870,49.00000,,20.00000,0.84255,1
198,703,58.40700,4.68667,-2.68364,100.38824,49.00000,,20.00000,0.84257,1
198,704,58.52900,4.69333,-2.72248,100.38833,50.00000,,20.00000,0.84259,1
198,705,58.65000,4.70000,-2.76074,100.38792,49.00000,,20.00000,0.84261,1
198,706,58.76500,4.70667,-2.79900,100.38807,51.00000,,20.00000,0.84263,1
198,707,58.89600,4.71333,-2.83673,100.38772,52.00000,,20.00000,0.84265,1
198,708,59.00200,4.72000,-2.87428,100.38790,52.00000,,20.00000,0.84266,1
198,709,59.13200,4.72667,-2.91167,100.38811,49.00000,,20.00000,0.84268,1
198,710,59.25400,4.73333,-2.94878,100.38783,49.00000,,20.00000,0.84270,1
198,711,59.36400,4.74000,-2.98604,100.38810,50.00000,,20.00000,0.84272,1
198,712,59.48600,4.74667,-3.02272,100.38784,50.00000,,20.00000,0.84274,1
198,713,59.60800,4.75333,-3.05954,100.38814,50.00000,,20.00000,0.84276,1
198,714,59.73000,4.76000,-3.09564,100.38847,50.00000,,20.00000,0.84278,1
198,715,59.85000,4.76667,-3.13179,100.38831,50.00000,,20.00000,0.84280,1
198,716,59.96300,4.77333,-3.16704,100.38873,49.00000,,20.00000,0.84281,1
198,717,60.07300,4.78000,-3.20081,100.38860,49.00000,,20.00000,0.84283,1
198,718,60.19800,4.78667,-3.23457,100.38891,51.00000,,20.00000,0.84285,1
198,719,60.31400,4.79333,-3.26785,100.38917,51.00000,,20.00000,0.84287,1
198,720,60.44200,4.80000,-3.30113,100.38889,52.00000,,20.00000,0.84289,1
198,721,60.56100,4.80667,-3.33389,100.38919,52.00000,,20.00000,0.84290,1
198,722,60.68500,4.81333,-3.36650,100.38956,49.00000,,20.00000,0.84292,1
198,723,60.79500,4.82000,-3.39879,100.38945,49.00000,,20.00000,0.84294,1
198,724,60.90300,4.82667,-3.43074,100.38991,49.00000,,20.00000,0.84296,1
198,725,61.04000,4.83333,-3.46186,100.38987,49.00000,,20.00000,0.84298,1
198,726,61.14800,4.84000,-3.49248,100.38985,49.00000,,20.00000,0.84299,1
198,727,61.27100,4.84667,-3.52279,100.39035,50.00000,,20.00000,0.84301,1
198,728,61.37600,4.85333,-3.55265,100.39028,51.00000,,20.00000,0.84303,1
198,729,61.49900,4.86000,-3.58173,100.39012,51.00000,,20.00000,0.84305,1
198,730,61.61200,4.86667,-3.61052,100.39039,49.00000,,20.00000,0.84306,1
198,731,61.73900,4.87333,-3.63883,100.39009,49.00000,,20.00000,0.84308,1
198,732,61.86800,4.88000,-3.66647,100.39034,50.00000,,20.00000,0.84310,1
198,733,61.98500,4.88667,-3.69346,100.39012,50.00000,,20.00000,0.84312,1
198,734,62.09300,4.89333,-3.71968,100.38997,50.00000,,20.00000,0.84313,1
198,735,62.22100,4.90000,-3.74556,100.39038,50.00000,,20.00000,0.84315,1
198,736,62.33900,4.90667,-3.77082,100.39025,50.00000,,20.00000,0.84317,1
198,737,62.44700,4.91333,-3.79547,100.39007,49.00000,,20.00000,0.84319,1
198,738,62.56000,4.92000,-3.81945,100.39039,49.00000,,20.00000,0.84320,1
198,739,62.70200,4.92667,-3.84259,100.39021,49.00000,,20.00000,0.84322,1
198,740,62.82100,4.93333,-3.86566,100.39060,50.00000,,20.00000,0.84324,1
198,741,62.93000,4.94000,-3.88764,100.39053,50.00000,,20.00000,0.84326,1
198,742,63.04400,4.94667,-3.90852,100.39051,50.00000,,20.00000,0.84328,1
198,743,63.16000,4.95333,-3.92844,100.39103,50.00000,,20.00000,0.84329,1
198,744,63.28500,4.96000,-3.94764,100.39103,50.00000,,20.00000,0.84331,1
198,745,63.39900,4.96667,-3.96514,100.39155,49.00000,,20.00000,0.84333,1
198,746,63.51100,4.97333,-3.98135,100.39152,49.00000,,20.00000,0.84334,1
198,747,63.63400,4.98000,-3.99569,100.39197,51.00000,,20.00000,0.84336,1
198,748,63.74500,4.98667,-4.00833,100.39238,51.00000,,20.00000,0.84338,1
198,749,63.86900,4.99333,-4.01858,100.39223,52.00000,,20.00000,0.84340,1
198,750,63.99200,5.00000,-4.02606,100.39260,52.00000,,20.00000,0.84341,1
198,751,64.10400,5.00667,-4.03151,100.39243,49.00000,,20.00000,0.84343,1
198,752,64.22000,5.01333,-4.03524,100.39280,49.00000,,20.00000,0.84345,1
198,753,64.34900,5.02000,-4.03719,100.39318,50.00000,,20.00000,0.84347,1
198,754,64.46400,5.02667,-4.03759,100.39301,50.00000,,20.00000,0.84348,1
198,755,64.57500,5.03333,-4.03656,100.39332,50.00000,,20.00000,0.84350,1
198,756,64.69200,5.04000,-4.03400,100.39305,50.00000,,20.00000,0.84352,1
198,757,64.82600,5.04667,-4.02939,100.39326,52.00000,,20.00000,0.84354,1
198,758,64.93800,5.05333,-4.02279,100.39293,52.00000,,20.00000,0.84355,1
198,759,65.06300,5.06000,-4.01446,100.39315,49.00000,,20.00000,0.84357,1
198,760,65.18600,5.06667,-4.00424,100.39284,49.00000,,20.00000,0.84359,1
198,761,65.30000,5.07333,-3.99273,100.39306,50.00000,,20.00000,0.84360,1
198,762,65.41600,5.08000,-3.97847,100.39271,50.00000,,20.00000,0.84362,1
198,763,65.54200,5.08667,-3.96220,100.39283,50.00000,,20.00000,0.84364,1
198,764,65.66500,5.09333,-3.94336,100.39235,50.00000,,20.00000,0.84366,1
198,765,65.78400,5.10000,-3.92162,100.39185,49.00000,,20.00000,0.84367,1
198,766,65.91700,5.10667,-3.89654,100.39189,49.00000,,20.00000,0.84369,1
198,767,66.03800,5.11333,-3.86799,100.39144,49.00000,,20.00000,0.84371,1
198,768,66.15600,5.12000,-3.83592,100.39161,49.00000,,20.00000,0.84373,1
198,769,66.26900,5.12667,-3.80129,100.39129,49.00000,,20.00000,0.84374,1
198,770,66.39700,5.13333,-3.76542,100.39096,50.00000,,20.00000,0.84376,1
198,771,66.52400,5.14000,-3.72935,100.39063,50.00000,,20.00000,0.84378,1
198,772,66.62800,5.14667,-3.69321,100.39082,51.00000,,20.00000,0.84379,1
198,773,66.76600,5.15333,-3.65828,100.39048,51.00000,,20.00000,0.84381,1
198,774,66.88700,5.16000,-3.62375,100.39011,49.00000,,20.00000,0.84383,1
198,775,66.99600,5.16667,-3.58951,100.38968,50.00000,,20.00000,0.84385,1
198,776,67.11000,5.17333,-3.55589,100.38918,49.00000,,20.00000,0.84386,1
198,777,67.26200,5.18000,-3.52315,100.38864,50.00000,,20.00000,0.84388,1
198,778,67.37000,5.18667,-3.49091,100.38808,50.00000,,20.00000,0.84390,1
198,779,67.49800,5.19333,-3.45981,100.38650,51.00000,,20.00000,0.84392,1
198,780,67.62900,5.20000,-3.42918,100.38549,51.00000,,20.00000,0.84394,1
198,781,67.73900,5.20667,-3.39937,100.38397,52.00000,,20.00000,0.84395,1
198,782,67.86400,5.21333,-3.36999,100.38294,49.00000,,20.00000,0.84397,1
198,783,67.99300,5.22000,-3.34089,100.38187,49.00000,,20.00000,0.84399,1
198,784,68.10900,5.22667,-3.31223,100.38074,50.00000,,20.00000,0.84400,1
198,785,68.23800,5.23333,-3.28432,100.37906,50.00000,,20.00000,0.84402,1
198,786,68.37400,5.24000,-3.25688,100.37738,50.00000,,20.00000,0.84404,1
198,787,68.49200,5.24667,-3.23036,100.37571,50.00000,,20.00000,0.84406,1
198,788,68.61500,5.25333,-3.20365,100.37404,49.00000,,20.00000,0.84407,1
198,789,68.74100,5.26000,-3.17765,100.37236,49.00000,,20.00000,0.84409,1
198,790,68.86500,5.26667,-3.15213,100.37013,50.00000,,20.00000,0.84411,1
198,791,68.99800,5.27333,-3.12704,100.36840,49.00000,,20.00000,0.84413,1
198,792,69.11600,5.28000,-3.10205,100.36612,50.00000,,20.00000,0.84414,1
198,793,69.25200,5.28667,-3.07752,100.36434,50.00000,,20.00000,0.84416,1
198,794,69.37500,5.29333,-3.05382,100.36207,50.00000,,20.00000,0.84418,1
198,795,69.50900,5.30000,-3.03020,100.35980,50.00000,,20.00000,0.84420,1
198,796,69.62800,5.30667,-3.00712,100.35807,50.00000,,20.00000,0.84421,1
198,797,69.75200,5.31333,-2.98384,100.35479,49.00000,,20.00000,0.84423,1
198,798,69.88600,5.32000,-2.96132,100.35201,49.00000,,20.00000,0.84425,1
198,799,70.00700,5.32667,-2.93914,100.34866,49.00000,,20.00000,0.84426,1
198,800,70.13700,5.33333,-2.91706,100.34529,50.00000,,20.00000,0.84428,1
198,801,70.27000,5.34000,-2.89549,100.34244,50.00000,,20.00000,0.84430,1
198,802,70.39700,5.34667,-2.87422,100.33961,50.00000,,20.00000,0.84432,1
198,803,70.52200,5.35333,-2.85304,100.33679,51.00000,,20.00000,0.84433,1
198,804,70.65100,5.36000,-2.83234,100.33452,51.00000,,20.00000,0.84435,1
198,805,70.77900,5.36667,-2.81187,100.33279,49.00000,,20.00000,0.84437,1
198,806,70.91400,5.37333,-2.79179,100.33053,49.00000,,20.00000,0.84439,1
198,807,71.02800,5.38000,-2.77167,100.32721,50.00000,,20.00000,0.84440,1
198,808,71.16400,5.38667,-2.75215,100.32440,50.00000,,20.00000,0.84442,1
198,809,71.29100,5.39333,-2.73274,100.32051,52.00000,,20.00000,0.84444,1
198,810,71.41800,5.40000,-2.71342,100.31715,49.00000,,20.00000,0.84446,1
198,811,71.55900,5.40667,-2.69434,100.31381,49.00000,,20.00000,0.84447,1
198,812,71.68500,5.41333,-2.67574,100.30732,49.00000,,20.00000,0.84449,1
198,813,71.79500,5.42000,-2.65762,100.30294,50.00000,,20.00000,0.84451,1
198,814,71.93600,5.42667,-2.63944,100.29854,50.00000,,20.00000,0.84452,1
198,815,72.07800,5.43333,-2.62126,100.29465,50.00000,,20.00000,0.84454,1
198,816,72.19100,5.44000,-2.60324,100.28705,50.00000,,20.00000,0.84456,1
198,817,72.32100,5.44667,-2.58645,100.28522,49.00000,,20.00000,0.84458,1
198,818,72.46100,5.45333,-2.56913,100.28126,49.00000,,20.00000,0.84459,1
198,819,72.58700,5.46000,-2.55182,100.27519,49.00000,,20.00000,0.84461,1
198,820,72.72300,5.46667,-2.53479,100.27124,49.00000,,20.00000,0.84463,1
198,821,72.85200,5.47333,-2.51828,100.26780,50.00000,,20.00000,0.84465,1
198,822,72.97300,5.48000,-2.50193,100.26433,51.00000,,20.00000,0.84466,1
198,823,73.11900,5.48667,-2.48547,100.26031,52.00000,,20.00000,0.84468,1
198,824,73.24300,5.49333,-2.46940,100.25469,52.00000,,20.00000,0.84470,1
198,825,73.38500,5.50000,-2.45351,100.24963,49.00000,,20.00000,0.84472,1
198,826,73.51800,5.50667,-2.43815,100.24676,49.00000,,20.00000,0.84473,1
198,827,73.63700,5.51333,-2.42289,100.24552,50.00000,,20.00000,0.84475,1
198,828,73.77500,5.52000,-2.40762,100.24272,50.00000,,20.00000,0.84477,1
198,829,73.90300,5.52667,-2.39270,100.23729,51.00000,,20.00000,0.84478,1
198,830,74.03700,5.53333,-2.37777,100.23345,51.00000,,20.00000,0.84480,1
198,831,74.16400,5.54000,-2.36346,100.22802,49.00000,,20.00000,0.84482,1
198,832,74.29900,5.54667,-2.34924,100.22151,49.00000,,20.00000,0.84484,1
198,833,74.42400,5.55333,-2.33489,100.21605,50.00000,,20.00000,0.84485,1
198,834,74.55800,5.56000,-2.32077,100.21478,50.00000,,20.00000,0.84487,1
198,835,74.70000,5.56667,-2.30679,100.21245,50.00000,,20.00000,0.84489,1
198,836,74.82400,5.57333,-2.29325,100.20854,50.00000,,20.00000,0.84490,1
198,837,74.95200,5.58000,-2.28027,100.20358,50.00000,,20.00000,0.84492,1
198,838,75.09000,5.58667,-2.26701,100.19971,49.00000,,20.00000,0.84494,1
198,839,75.23000,5.59333,-2.25361,100.19271,49.00000,,20.00000,0.84495,1
198,840,75.35600,5.60000,-2.24049,100.18680,49.00000,,20.00000,0.84497,1
198,841,75.48400,5.60667,-2.22733,100.18354,49.00000,,20.00000,0.84499,1
198,842,75.61000,5.61333,-2.21469,100.18079,50.00000,,20.00000,0.84500,1
198,843,75.74900,5.62000,-2.20243,100.17487,50.00000,,20.00000,0.84502,1
198,844,75.87900,5.62667,-2.19003,100.16993,50.00000,,20.00000,0.84504,1
198,845,76.01100,5.63333,-2.17787,100.16596,49.00000,,20.00000,0.84505,1
198,846,76.15000,5.64000,-2.16585,100.16140,49.00000,,20.00000,0.84507,1
198,847,76.27300,5.64667,-2.15417,100.15679,51.00000,,20.00000,0.84509,1
198,848,76.42400,5.65333,-2.14262,100.14801,51.00000,,20.00000,0.84511,1
198,849,76.57300,5.66000,-2.13102,100.14250,52.00000,,20.00000,0.84512,1
198,850,76.68800,5.66667,-2.11967,100.13866,52.00000,,20.00000,0.84514,1
198,851,76.81900,5.67333,-2.10851,100.13433,51.00000,,20.00000,0.84516,1
198,852,76.95100,5.68000,-2.09749,100.12789,49.00000,,20.00000,0.84517,1
198,853,77.08600,5.68667,-2.08638,100.12196,49.00000,,20.00000,0.84519,1
198,854,77.22700,5.69333,-2.07598,100.11440,50.00000,,20.00000,0.84521,1
198,855,77.34600,5.70000,-2.06544,100.11103,50.00000,,20.00000,0.84522,1
198,856,77.49300,5.70667,-2.05518,100.10658,50.00000,,20.00000,0.84524,1
198,857,77.62700,5.71333,-2.04483,100.09844,50.00000,,20.00000,0.84526,1
198,858,77.75800,5.72000,-2.03486,100.08819,49.00000,,20.00000,0.84527,1
198,859,77.89800,5.72667,-2.02470,100.08585,49.00000,,20.00000,0.84529,1
198,860,78.03000,5.73333,-2.01487,100.08302,49.00000,,20.00000,0.84531,1
198,861,78.16900,5.74000,-2.00528,100.07497,49.00000,,20.00000,0.84532,1
198,862,78.30600,5.74667,-1.99574,100.06643,50.00000,,20.00000,0.84534,1
198,863,78.42500,5.75333,-1.98639,100.06163,50.00000,,20.00000,0.84535,1
198,864,78.57500,5.76000,-1.97713,100.05422,50.00000,,20.00000,0.84537,1
198,865,78.70100,5.76667,-1.96807,100.04787,50.00000,,20.00000,0.84539,1
198,866,78.82700,5.77333,-1.95901,100.03939,50.00000,,20.00000,0.84540,1
198,867,78.96500,5.78000,-1.94999,100.03087,49.00000,,20.00000,0.84542,1
198,868,79.09800,5.78667,-1.94121,100.02229,51.00000,,20.00000,0.84544,1
198,869,79.23400,5.79333,-1.93248,100.01262,51.00000,,20.00000,0.84545,1
198,870,79.37800,5.80000,-1.92375,100.00976,52.00000,,20.00000,0.84547,1
198,871,79.50600,5.80667,-1.91559,100.00005,52.00000,,20.00000,0.84549,1
198,872,79.64500,5.81333,-1.90743,99.99036,49.00000,,20.00000,0.84550,1
198,873,79.78400,5.82000,-1.89912,99.98435,49.00000,,20.00000,0.84552,1
198,874,79.91500,5.82667,-1.89154,99.97567,49.00000,,20.00000,0.84554,1
198,875,80.05700,5.83333,-1.88357,99.96702,50.00000,,20.00000,0.84555,1
198,876,80.19500,5.84000,-1.87565,99.95838,50.00000,,20.00000,0.84557,1
198,877,80.33700,5.84667,-1.86801,99.94980,50.00000,,20.00000,0.84559,1
198,878,80.46800,5.85333,-1.86085,99.94135,50.00000,,20.00000,0.84560,1
198,879,80.60200,5.86000,-1.85355,99.93298,50.00000,,20.00000,0.84562,1
198,880,80.72500,5.86667,-1.84606,99.92723,49.00000,,20.00000,0.84563,1
198,881,80.86100,5.87333,-1.83876,99.91882,49.00000,,20.00000,0.84565,1
198,882,81.00700,5.88000,-1.83131,99.91035,49.00000,,20.00000,0.84567,1
198,883,81.12400,5.88667,-1.82430,99.89812,50.00000,,20.00000,0.84568,1
198,884,81.26900,5.89333,-1.81747,99.89109,50.00000,,20.00000,0.84570,1
198,885,81.41500,5.90000,-1.81069,99.88824,49.00000,,20.00000,0.84571,1
198,886,81.53600,5.90667,-1.80382,99.87907,49.00000,,20.00000,0.84573,1
198,887,81.70200,5.91333,-1.79756,99.86784,49.00000,,20.00000,0.84575,1
198,888,81.82300,5.92000,-1.79136,99.85720,49.00000,,20.00000,0.84576,1
198,889,81.95900,5.92667,-1.78520,99.85135,51.00000,,20.00000,0.84578,1
198,890,82.09700,5.93333,-1.77889,99.84186,51.00000,,20.00000,0.84579,1
198,891,82.22200,5.94000,-1.77269,99.83081,52.00000,,20.00000,0.84581,1
198,892,82.37400,5.94667,-1.76648,99.82345,52.00000,,20.00000,0.84583,1
198,893,82.50300,5.95333,-1.76037,99.81397,49.00000,,20.00000,0.84584,1
198,894,82.62700,5.96000,-1.75469,99.80288,49.00000,,20.00000,0.84585,1
198,895,82.76800,5.96667,-1.74939,99.79543,50.00000,,20.00000,0.84587,1
198,896,82.91100,5.97333,-1.74413,99.78584,50.00000,,20.00000,0.84589,1
198,897,83.04800,5.98000,-1.73821,99.77834,51.00000,,20.00000,0.84590,1
198,898,83.18400,5.98667,-1.73267,99.76875,51.00000,,20.00000,0.84592,1
198,899,83.32800,5.99333,-1.72732,99.75760,49.00000,,20.00000,0.84594,1
198,900,83.46500,6.00000,-1.72230,99.74647,49.00000,,20.00000,0.84595,1
198,901,83.58700,6.00667,-1.71734,99.73907,49.00000,,20.00000,0.84596,1
198,902,83.73300,6.01333,-1.71251,99.72956,50.00000,,20.00000,0.84598,1
198,903,83.86800,6.02000,-1.70759,99.71847,50.00000,,20.00000,0.84600,1
198,904,84.01100,6.02667,-1.70276,99.71109,50.00000,,20.00000,0.84601,1
198,905,84.15100,6.03333,-1.69789,99.70162,50.00000,,20.00000,0.84603,1
198,906,84.28000,6.04000,-1.69325,99.69059,49.00000,,20.00000,0.84604,1
198,907,84.40700,6.04667,-1.68867,99.68325,49.00000,,20.00000,0.84606,1
198,908,84.55200,6.05333,-1.68465,99.67376,50.00000,,20.00000,0.84607,1
198,909,84.67800,6.06000,-1.68044,99.66261,50.00000,,20.00000,0.84609,1
198,910,84.83500,6.06667,-1.67599,99.65513,51.00000,,20.00000,0.84611,1
198,911,84.96800,6.07333,-1.67164,99.64557,51.00000,,20.00000,0.84612,1
198,912,85.11500,6.08000,-1.66739,99.63445,50.00000,,20.00000,0.84614,1
198,913,85.23600,6.08667,-1.66333,99.62338,49.00000,,20.00000,0.84615,1
198,914,85.38100,6.09333,-1.65945,99.61232,49.00000,,20.00000,0.84617,1
198,915,85.51700,6.10000,-1.65605,99.60496,51.00000,,20.00000,0.84618,1
198,916,85.66100,6.10667,-1.65274,99.59551,51.00000,,20.00000,0.84620,1
198,917,85.78800,6.11333,-1.64925,99.58449,52.00000,,20.00000,0.84621,1
198,918,85.93100,6.12000,-1.64557,99.57505,52.00000,,20.00000,0.84623,1
198,919,86.06400,6.12667,-1.64193,99.56404,52.00000,,20.00000,0.84624,1
198,920,86.20900,6.13333,-1.63839,99.55251,49.00000,,20.00000,0.84626,1
198,921,86.33100,6.14000,-1.63537,99.54307,49.00000,,20.00000,0.84627,1
198,922,86.48500,6.14667,-1.63216,99.53361,50.00000,,20.00000,0.84629,1
198,923,86.61300,6.15333,-1.62895,99.52362,50.00000,,20.00000,0.84630,1
198,924,86.75000,6.16000,-1.62579,99.50893,50.00000,,20.00000,0.84632,1
198,925,86.89100,6.16667,-1.62282,99.49477,50.00000,,20.00000,0.84633,1
198,926,87.03500,6.17333,-1.61975,99.48538,49.00000,,20.00000,0.84635,1
198,927,87.16800,6.18000,-1.61674,99.47181,49.00000,,20.00000,0.84636,1
198,928,87.30100,6.18667,-1.61415,99.45929,50.00000,,20.00000,0.84638,1
198,929,87.43400,6.19333,-1.61151,99.44465,50.00000,,20.00000,0.84639,1
198,930,87.56700,6.20000,-1.60897,99.43208,50.00000,,20.00000,0.84641,1
198,931,87.71000,6.20667,-1.60633,99.41262,50.00000,,20.00000,0.84642,1
198,932,87.86300,6.21333,-1.60383,99.40051,49.00000,,20.00000,0.84644,1
198,933,87.98500,6.22000,-1.60134,99.38473,49.00000,,20.00000,0.84645,1
198,934,88.13600,6.22667,-1.59903,99.36952,51.00000,,20.00000,0.84647,1
198,935,88.26700,6.23333,-1.59696,99.35329,51.00000,,20.00000,0.84648,1
198,936,88.40800,6.24000,-1.59466,99.33707,52.00000,,20.00000,0.84649,1
198,937,88.53900,6.24667,-1.59264,99.32084,52.00000,,20.00000,0.84651,1
198,938,88.67200,6.25333,-1.59076,99.30721,49.00000,,20.00000,0.84652,1
198,939,88.81800,6.26000,-1.58903,99.29145,49.00000,,20.00000,0.84654,1
198,940,88.96100,6.26667,-1.58719,99.27726,50.00000,,20.00000,0.84655,1
198,941,89.09400,6.27333,-1.58522,99.26152,50.00000,,20.00000,0.84657,1
198,942,89.24100,6.28000,-1.58349,99.24739,50.00000,,20.00000,0.84658,1
198,943,89.37300,6.28667,-1.58161,99.23277,50.00000,,20.00000,0.84660,1
198,944,89.50900,6.29333,-1.57983,99.21764,50.00000,,20.00000,0.84661,1
198,945,89.64400,6.30000,-1.57828,99.20408,49.00000,,20.00000,0.84662,1
198,946,89.78400,6.30667,-1.57702,99.19050,49.00000,,20.00000,0.84664,1
198,947,89.92200,6.31333,-1.57543,99.17742,51.00000,,20.00000,0.84665,1
198,948,90.05600,6.32000,-1.57389,99.16326,50.00000,,20.00000,0.84667,1
198,949,90.20400,6.32667,-1.57248,99.15017,50.00000,,20.00000,0.84668,1
198,950,90.34400,6.33333,-1.57118,99.13605,50.00000,,20.00000,0.84670,1
198,951,90.48200,6.34000,-1.57030,99.11931,49.00000,,20.00000,0.84671,1
198,952,90.60600,6.34667,-1.56937,99.10889,49.00000,,20.00000,0.84672,1
198,953,90.75300,6.35333,-1.56835,99.09268,51.00000,,20.00000,0.84674,1
198,954,90.89900,6.36000,-1.56732,99.07909,51.00000,,20.00000,0.84675,1
198,955,91.02900,6.36667,-1.56630,99.06443,52.00000,,20.00000,0.84677,1
198,956,91.16600,6.37333,-1.56542,99.04924,49.00000,,20.00000,0.84678,1
198,957,91.31500,6.38000,-1.56464,99.03300,49.00000,,20.00000,0.84680,1
198,958,91.44300,6.38667,-1.56414,99.01942,49.00000,,20.00000,0.84681,1
198,959,91.59700,6.39333,-1.56349,99.00483,50.00000,,20.00000,0.84682,1
198,960,91.72600,6.40000,-1.56328,98.98975,50.00000,,20.00000,0.84684,1
198,961,91.86300,6.40667,-1.56288,98.97366,50.00000,,20.00000,0.84685,1
198,962,91.99600,6.41333,-1.56242,98.96022,50.00000,,20.00000,0.84686,1
198,963,92.14000,6.42000,-1.56211,98.94466,49.00000,,20.00000,0.84688,1
198,964,92.26800,6.42667,-1.56185,98.93067,49.00000,,20.00000,0.84689,1
198,965,92.40400,6.43333,-1.56154,98.91508,50.00000,,20.00000,0.84691,1
198,966,92.54900,6.44000,-1.56118,98.90107,50.00000,,20.00000,0.84692,1
198,967,92.69100,6.44667,-1.56083,98.88547,50.00000,,20.00000,0.84693,1
198,968,92.82200,6.45333,-1.56057,98.87144,50.00000,,20.00000,0.84695,1
198,969,92.95200,6.46000,-1.56059,98.85265,49.00000,,20.00000,0.84696,1
198,970,93.09800,6.46667,-1.56066,98.83646,49.00000,,20.00000,0.84697,1
198,971,93.24000,6.47333,-1.56068,98.82290,51.00000,,20.00000,0.84699,1
198,972,93.37400,6.48000,-1.56075,98.80460,51.00000,,20.00000,0.84700,1
198,973,93.52500,6.48667,-1.56082,98.78741,51.00000,,20.00000,0.84702,1
198,974,93.65600,6.49333,-1.56122,98.77448,52.00000,,20.00000,0.84703,1
198,975,93.79200,6.50000,-1.56162,98.75687,52.00000,,20.00000,0.84704,1
198,976,93.92600,6.50667,-1.56222,98.74298,49.00000,,20.00000,0.84705,1
198,977,94.06900,6.51333,-1.56262,98.72489,49.00000,,20.00000,0.84707,1
198,978,94.19000,6.52000,-1.56326,98.70731,50.00000,,20.00000,0.84708,1
198,979,94.33200,6.52667,-1.56361,98.69127,50.00000,,20.00000,0.84709,1
198,980,94.47100,6.53333,-1.56397,98.67677,49.00000,,20.00000,0.84711,1
198,981,94.60800,6.54000,-1.56442,98.65593,49.00000,,20.00000,0.84712,1
198,982,94.74400,6.54667,-1.56496,98.64349,49.00000,,20.00000,0.84713,1
198,983,94.88800,6.55333,-1.56598,98.62632,50.00000,,20.00000,0.84715,1
198,984,95.02400,6.56000,-1.56672,98.61021,50.00000,,20.00000,0.84716,1
198,985,95.16600,6.56667,-1.56754,98.59411,50.00000,,20.00000,0.84717,1
198,986,95.29700,6.57333,-1.56842,98.57801,50.00000,,20.00000,0.84719,1
198,987,95.43200,6.58000,-1.56935,98.55926,49.00000,,20.00000,0.84720,1
198,988,95.57500,6.58667,-1.57041,98.54417,49.00000,,20.00000,0.84721,1
198,989,95.71900,6.59333,-1.57152,98.52485,49.00000,,20.00000,0.84723,1
198,990,95.85200,6.60000,-1.57292,98.50552,51.00000,,20.00000,0.84724,1
198,991,95.99300,6.60667,-1.57408,98.48881,51.00000,,20.00000,0.84725,1
198,992,96.13300,6.61333,-1.57534,98.47263,52.00000,,20.00000,0.84726,1
198,993,96.27900,6.62000,-1.57645,98.45173,52.00000,,20.00000,0.84728,1
198,994,96.41300,6.62667,-1.57766,98.43508,49.00000,,20.00000,0.84729,1
198,995,96.55600,6.63333,-1.57915,98.41426,49.00000,,20.00000,0.84730,1
198,996,96.68700,6.64000,-1.58070,98.39769,50.00000,,20.00000,0.84732,1
198,997,96.83400,6.64667,-1.58223,98.37694,50.00000,,20.00000,0.84733,1
198,998,96.95900,6.65333,-1.58378,98.36041,50.00000,,20.00000,0.84734,1
198,999,97.10200,6.66000,-1.58551,98.33968,49.00000,,20.00000,0.84735,1
198,1000,97.23600,6.66667,-1.58724,98.32315,49.00000,,20.00000,0.84737,1
198,1001,97.37000,6.67333,-1.58930,98.30241,49.00000,,20.00000,0.84738,1
198,1002,97.51000,6.68000,-1.59084,98.28589,50.00000,,20.00000,0.84739,1
198,1003,97.65200,6.68667,-1.59233,98.26518,50.00000,,20.00000,0.84740,1
198,1004,97.79200,6.69333,-1.59406,98.24605,50.00000,,20.00000,0.84742,1
198,1005,97.90800,6.70000,-1.59651,98.22743,50.00000,,20.00000,0.84743,1
198,1006,98.05200,6.70667,-1.59857,98.20667,49.00000,,20.00000,0.84744,1
198,1007,98.19200,6.71333,-1.60049,98.18536,49.00000,,20.00000,0.84745,1
198,1008,98.33400,6.72000,-1.60236,98.16403,51.00000,,20.00000,0.84746,1
198,1009,98.47400,6.72667,-1.60418,98.14271,51.00000,,20.00000,0.84748,1
198,1010,98.60700,6.73333,-1.60648,98.12301,51.00000,,20.00000,0.84749,1
198,1011,98.74800,6.74000,-1.60873,98.10019,51.00000,,20.00000,0.84750,1
198,1012,98.88500,6.74667,-1.61094,98.08317,50.00000,,20.00000,0.84751,1
198,1013,99.01000,6.75333,-1.61310,98.06088,50.00000,,20.00000,0.84753,1
198,1014,99.15300,6.76000,-1.61544,98.04172,50.00000,,20.00000,0.84754,1
198,1015,99.29300,6.76667,-1.61807,98.02042,50.00000,,20.00000,0.84755,1
198,1016,99.42200,6.77333,-1.62075,97.99909,50.00000,,20.00000,0.84756,1
198,1017,99.57000,6.78000,-1.62319,97.97775,49.00000,,20.00000,0.84757,1
198,1018,99.70900,6.78667,-1.62568,97.95642,49.00000,,20.00000,0.84759,1
198,1019,99.84800,6.79333,-1.62821,97.93511,49.00000,,20.00000,0.84760,1
198,1020,99.97700,6.80000,-1.63080,97.91383,49.00000,,20.00000,0.84761,1
198,1021,100.12900,6.80667,-1.63343,97.89259,50.00000,,20.00000,0.84762,1
198,1022,100.26200,6.81333,-1.63615,97.86823,50.00000,,20.00000,0.84763,1
198,1023,100.38300,6.82000,-1.63888,97.84545,49.00000,,20.00000,0.84764,1
198,1024,100.52800,6.82667,-1.64161,97.82529,49.00000,,20.00000,0.84766,1
198,1025,100.66900,6.83333,-1.64428,97.80247,50.00000,,20.00000,0.84767,1
198,1026,100.79400,6.84000,-1.64744,97.78277,50.00000,,20.00000,0.84768,1
198,1027,100.93800,6.84667,-1.65059,97.75989,50.00000,,20.00000,0.84769,1
198,1028,101.07900,6.85333,-1.65360,97.73858,50.00000,,20.00000,0.84770,1
198,1029,101.21600,6.86000,-1.65656,97.71729,49.00000,,20.00000,0.84772,1
198,1030,101.35900,6.86667,-1.65952,97.69289,49.00000,,20.00000,0.84773,1
198,1031,101.49700,6.87333,-1.66267,97.66960,50.00000,,20.00000,0.84774,1
198,1032,101.62300,6.88000,-1.66601,97.64532,50.00000,,20.00000,0.84775,1
198,1033,101.76200,6.88667,-1.66912,97.62216,50.00000,,20.00000,0.84776,1
198,1034,101.89900,6.89333,-1.67241,97.59799,50.00000,,20.00000,0.84777,1
198,1035,102.02300,6.90000,-1.67571,97.57172,50.00000,,20.00000,0.84778,1
198,1036,102.15500,6.90667,-1.67891,97.54805,50.00000,,20.00000,0.84779,1
198,1037,102.28000,6.91333,-1.68230,97.52273,49.00000,,20.00000,0.84781,1
198,1038,102.41900,6.92000,-1.68611,97.50049,50.00000,,20.00000,0.84782,1
198,1039,102.56200,6.92667,-1.68969,97.47501,50.00000,,20.00000,0.84783,1
198,1040,102.69300,6.93333,-1.69317,97.45000,50.00000,,20.00000,0.84784,1
198,1041,102.83800,6.94000,-1.69670,97.42657,49.00000,,20.00000,0.84785,1
198,1042,102.98300,6.94667,-1.70023,97.40212,49.00000,,20.00000,0.84786,1
198,1043,103.12000,6.95333,-1.70371,97.37562,49.00000,,20.00000,0.84787,1
198,1044,103.25300,6.96000,-1.70762,97.35181,50.00000,,20.00000,0.84789,1
198,1045,103.38500,6.96667,-1.71139,97.32647,51.00000,,20.00000,0.84790,1
198,1046,103.52100,6.97333,-1.71502,97.30165,52.00000,,20.00000,0.84791,1
198,1047,103.65300,6.98000,-1.71888,97.27524,52.00000,,20.00000,0.84792,1
198,1048,103.78500,6.98667,-1.72283,97.24880,49.00000,,20.00000,0.84793,1
198,1049,103.92300,6.99333,-1.72717,97.21443,49.00000,,20.00000,0.84794,1
198,1050,104.06200,7.00000,-1.73136,97.19531,50.00000,,20.00000,0.84795,1
198,1051,104.20900,7.00667,-1.73536,97.16146,50.00000,,20.00000,0.84796,1
198,1052,104.33100,7.01333,-1.73932,97.13393,50.00000,,20.00000,0.84797,1
198,1053,104.47400,7.02000,-1.74342,97.10799,50.00000,,20.00000,0.84798,1
198,1054,104.60600,7.02667,-1.74752,97.08891,50.00000,,20.00000,0.84799,1
198,1055,104.74200,7.03333,-1.75171,97.05089,50.00000,,20.00000,0.84800,1
198,1056,104.88800,7.04000,-1.75619,97.03079,50.00000,,20.00000,0.84802,1
198,1057,105.01300,7.04667,-1.76000,96.99807,50.00000,,20.00000,0.84803,1
198,1058,105.14900,7.05333,-1.76458,96.96958,50.00000,,20.00000,0.84804,1
198,1059,105.28300,7.06000,-1.76901,96.94372,50.00000,,20.00000,0.84805,1
198,1060,105.42000,7.06667,-1.77348,96.91471,49.00000,,20.00000,0.84806,1
198,1061,105.54700,7.07333,-1.77796,96.88833,49.00000,,20.00000,0.84807,1
198,1062,105.69300,7.08000,-1.78248,96.86037,51.00000,,20.00000,0.84808,1
198,1063,105.82000,7.08667,-1.78687,96.83345,51.00000,,20.00000,0.84809,1
198,1064,105.95200,7.09333,-1.79139,96.80282,52.00000,,20.00000,0.84810,1
198,1065,106.08900,7.10000,-1.79606,96.77533,52.00000,,20.00000,0.84811,1
198,1066,106.22200,7.10667,-1.80096,96.74469,49.00000,,20.00000,0.84812,1
198,1067,106.37300,7.11333,-1.80572,96.71722,49.00000,,20.00000,0.84813,1
198,1068,106.50000,7.12000,-1.81058,96.68663,49.00000,,20.00000,0.84814,1
198,1069,106.63600,7.12667,-1.81548,96.65606,51.00000,,20.00000,0.84815,1
198,1070,106.75100,7.13333,-1.82043,96.62390,52.00000,,20.00000,0.84816,1
198,1071,106.90200,7.14000,-1.82533,96.59278,52.00000,,20.00000,0.84817,1
198,1072,107.03600,7.14667,-1.83024,96.56058,49.00000,,20.00000,0.84818,1
198,1073,107.16400,7.15333,-1.83514,96.52941,49.00000,,20.00000,0.84819,1
198,1074,107.30600,7.16000,-1.84023,96.49721,50.00000,,20.00000,0.84820,1
198,1075,107.43800,7.16667,-1.84528,96.46608,50.00000,,20.00000,0.84821,1
198,1076,107.58500,7.17333,-1.85074,96.43393,50.00000,,20.00000,0.84822,1
198,1077,107.70000,7.18000,-1.85617,96.40180,50.00000,,20.00000,0.84823,1
198,1078,107.84100,7.18667,-1.86140,96.37020,49.00000,,20.00000,0.84824,1
198,1079,107.97400,7.19333,-1.86654,96.33859,49.00000,,20.00000,0.84825,1
198,1080,108.10100,7.20000,-1.87173,96.30539,50.00000,,20.00000,0.84826,1
198,1081,108.23700,7.20667,-1.87701,96.27165,50.00000,,20.00000,0.84827,1
198,1082,108.38200,7.21333,-1.88224,96.23897,50.00000,,20.00000,0.84828,1
198,1083,108.51000,7.22000,-1.88757,96.20684,50.00000,,20.00000,0.84829,1
198,1084,108.64200,7.22667,-1.89319,96.17102,49.00000,,20.00000,0.84830,1
198,1085,108.77100,7.23333,-1.89875,96.13836,50.00000,,20.00000,0.84831,1
198,1086,108.90200,7.24000,-1.90451,96.10252,50.00000,,20.00000,0.84832,1
198,1087,109.04500,7.24667,-1.91026,96.06981,50.00000,,20.00000,0.84833,1
198,1088,109.17200,7.25333,-1.91597,96.03394,50.00000,,20.00000,0.84834,1
198,1089,109.31400,7.26000,-1.92163,95.99809,50.00000,,20.00000,0.84835,1
198,1090,109.44600,7.26667,-1.92743,95.96384,49.00000,,20.00000,0.84836,1
198,1091,109.58400,7.27333,-1.93323,95.92752,50.00000,,20.00000,0.84837,1
198,1092,109.70700,7.28000,-1.93922,95.89174,50.00000,,20.00000,0.84837,1
198,1093,109.84200,7.28667,-1.94498,95.85912,50.00000,,20.00000,0.84838,1
198,1094,109.96600,7.29333,-1.95078,95.82332,50.00000,,20.00000,0.84839,1
198,1095,110.11000,7.30000,-1.95663,95.78643,49.00000,,20.00000,0.84840,1
198,1096,110.23800,7.30667,-1.96252,95.75216,49.00000,,20.00000,0.84841,1
198,1097,110.37000,7.31333,-1.96856,95.71685,51.00000,,20.00000,0.84842,1
198,1098,110.52000,7.32000,-1.97474,95.67946,51.00000,,20.00000,0.84843,1
198,1099,110.64500,7.32667,-1.98097,95.64315,52.00000,,20.00000,0.84844,1
198,1100,110.76500,7.33333,-1.98724,95.60580,52.00000,,20.00000,0.84845,1
198,1101,110.90600,7.34000,-1.99356,95.56948,49.00000,,20.00000,0.84846,1
198,1102,111.02400,7.34667,-1.99979,95.53207,49.00000,,20.00000,0.84847,1
198,1103,111.17400,7.35333,-2.00602,95.49570,50.00000,,20.00000,0.84848,1
198,1104,111.30900,7.36000,-2.01257,95.45827,50.00000,,20.00000,0.84849,1
198,1105,111.43700,7.36667,-2.01899,95.42190,52.00000,,20.00000,0.84849,1
198,1106,111.56900,7.37333,-2.02541,95.38450,52.00000,,20.00000,0.84850,1
198,1107,111.70700,7.38000,-2.03192,95.34817,49.00000,,20.00000,0.84851,1
198,1108,111.83800,7.38667,-2.03852,95.30815,49.00000,,20.00000,0.84852,1
198,1109,111.96000,7.39333,-2.04522,95.27023,50.00000,,20.00000,0.84853,1
198,1110,112.09800,7.40000,-2.05173,95.23178,50.00000,,20.00000,0.84854,1
198,1111,112.24100,7.40667,-2.05824,95.19124,50.00000,,20.00000,0.84855,1
198,1112,112.36700,7.41333,-2.06485,95.15281,50.00000,,20.00000,0.84856,1
198,1113,112.49800,7.42000,-2.07226,95.11544,49.00000,,20.00000,0.84857,1
198,1114,112.63200,7.42667,-2.07882,95.07440,49.00000,,20.00000,0.84857,1
198,1115,112.75600,7.43333,-2.08485,95.03649,49.00000,,20.00000,0.84858,1
198,1116,112.88800,7.44000,-2.09080,94.99541,50.00000,,20.00000,0.84859,1
198,1117,113.03300,7.44667,-2.09645,94.95748,51.00000,,20.00000,0.84860,1
198,1118,113.15800,7.45333,-2.10202,94.91637,51.00000,,20.00000,0.84861,1
198,1119,113.29500,7.46000,-2.10772,94.87528,51.00000,,20.00000,0.84862,1
198,1120,113.41900,7.46667,-2.11376,94.83261,49.00000,,20.00000,0.84863,1
198,1121,113.56400,7.47333,-2.12017,94.79419,49.00000,,20.00000,0.84863,1
198,1122,113.69200,7.48000,-2.12645,94.75316,51.00000,,20.00000,0.84864,1
198,1123,113.82400,7.48667,-2.13324,94.71110,52.00000,,20.00000,0.84865,1
198,1124,113.94900,7.49333,-2.14003,94.66905,52.00000,,20.00000,0.84866,1
198,1125,114.07400,7.50000,-2.14673,94.62805,49.00000,,20.00000,0.84867,1
198,1126,114.21300,7.50667,-2.15372,94.58545,49.00000,,20.00000,0.84868,1
198,1127,114.34000,7.51333,-2.16061,94.54282,49.00000,,20.00000,0.84868,1
198,1128,114.48000,7.52000,-2.16740,94.50071,50.00000,,20.00000,0.84869,1
198,1129,114.59800,7.52667,-2.17476,94.45858,50.00000,,20.00000,0.84870,1
198,1130,114.74300,7.53333,-2.18203,94.41485,50.00000,,20.00000,0.84871,1
198,1131,114.86600,7.54000,-2.18920,94.37058,50.00000,,20.00000,0.84872,1
198,1132,114.99600,7.54667,-2.19637,94.32738,49.00000,,20.00000,0.84872,1
198,1133,115.15000,7.55333,-2.20382,94.28579,49.00000,,20.00000,0.84873,1
198,1134,115.27800,7.56000,-2.21118,94.24212,50.00000,,20.00000,0.84874,1
198,1135,115.39300,7.56667,-2.21855,94.19690,50.00000,,20.00000,0.84875,1
198,1136,115.51800,7.57333,-2.22596,94.13957,50.00000,,20.00000,0.84876,1
198,1137,115.66300,7.58000,-2.23360,94.09485,50.00000,,20.00000,0.84877,1
198,1138,115.78600,7.58667,-2.24125,94.04748,50.00000,,20.00000,0.84877,1
198,1139,115.92400,7.59333,-2.24894,94.01428,49.00000,,20.00000,0.84878,1
198,1140,116.05300,7.60000,-2.25649,93.96004,51.00000,,20.00000,0.84879,1
198,1141,116.18200,7.60667,-2.26432,93.92163,51.00000,,20.00000,0.84880,1
198,1142,116.32300,7.61333,-2.27182,93.86063,52.00000,,20.00000,0.84880,1
198,1143,116.44900,7.62000,-2.27952,93.81597,52.00000,,20.00000,0.84881,1
198,1144,116.57400,7.62667,-2.28759,93.76660,49.00000,,20.00000,0.84882,1
198,1145,116.70400,7.63333,-2.29551,93.72199,49.00000,,20.00000,0.84883,1
198,1146,116.83000,7.64000,-2.30316,93.67000,50.00000,,20.00000,0.84883,1
198,1147,116.95800,7.64667,-2.31109,93.62641,50.00000,,20.00000,0.84884,1
198,1148,117.07700,7.65333,-2.31944,93.57539,50.00000,,20.00000,0.84885,1
198,1149,117.21900,7.66000,-2.32732,93.52747,50.00000,,20.00000,0.84886,1
198,1150,117.34400,7.66667,-2.33572,93.47741,50.00000,,20.00000,0.84886,1
198,1151,117.48900,7.67333,-2.34365,93.43205,49.00000,,20.00000,0.84887,1
198,1152,117.61200,7.68000,-2.35158,93.38195,49.00000,,20.00000,0.84888,1
198,1153,117.75300,7.68667,-2.35965,93.33244,51.00000,,20.00000,0.84889,1
198,1154,117.88100,7.69333,-2.36800,93.28242,51.00000,,20.00000,0.84890,1
198,1155,118.01700,7.70000,-2.37616,93.23716,52.00000,,20.00000,0.84890,1
198,1156,118.14000,7.70667,-2.38461,93.18244,52.00000,,20.00000,0.84891,1
198,1157,118.26800,7.71333,-2.39306,93.13246,49.00000,,20.00000,0.84892,1
198,1158,118.40400,7.72000,-2.40160,93.08196,49.00000,,20.00000,0.84892,1
198,1159,118.53100,7.72667,-2.40991,93.03250,49.00000,,20.00000,0.84893,1
198,1160,118.66000,7.73333,-2.41822,92.97726,49.00000,,20.00000,0.84894,1
198,1161,118.79500,7.74000,-2.42662,92.92728,50.00000,,20.00000,0.84895,1
198,1162,118.92400,7.74667,-2.43506,92.87257,50.00000,,20.00000,0.84895,1
198,1163,119.04800,7.75333,-2.44356,92.82418,50.00000,,20.00000,0.84896,1
198,1164,119.18200,7.76000,-2.45210,92.76895,50.00000,,20.00000,0.84897,1
198,1165,119.31100,7.76667,-2.46069,92.72161,49.00000,,20.00000,0.84898,1
198,1166,119.44200,7.77333,-2.46947,92.66690,49.00000,,20.00000,0.84898,1
198,1167,119.56600,7.78000,-2.47815,92.61429,50.00000,,20.00000,0.84899,1
198,1168,119.69800,7.78667,-2.48689,92.55851,50.00000,,20.00000,0.84900,1
198,1169,119.83200,7.79333,-2.49557,92.50641,49.00000,,20.00000,0.84900,1
198,1170,119.96300,7.80000,-2.50458,92.45118,49.00000,,20.00000,0.84901,1
198,1171,120.08400,7.80667,-2.51350,92.39804,49.00000,,20.00000,0.84902,1
198,1172,120.21700,7.81333,-2.52224,92.34067,49.00000,,20.00000,0.84902,1
198,1173,120.34600,7.82000,-2.53116,92.28750,50.00000,,20.00000,0.84903,1
198,1174,120.48500,7.82667,-2.54003,92.23011,50.00000,,20.00000,0.84904,1
198,1175,120.61000,7.83333,-2.54885,92.17693,50.00000,,20.00000,0.84904,1
198,1176,120.73700,7.84000,-2.55777,92.11956,50.00000,,20.00000,0.84905,1
198,1177,120.87300,7.84667,-2.56669,92.06644,49.00000,,20.00000,0.84906,1
198,1178,121.00800,7.85333,-2.57594,92.00914,49.00000,,20.00000,0.84907,1
198,1179,121.12900,7.86000,-2.58496,91.95606,49.00000,,20.00000,0.84907,1
198,1180,121.24700,7.86667,-2.59397,91.89613,51.00000,,20.00000,0.84908,1
198,1181,121.37800,7.87333,-2.60308,91.84355,51.00000,,20.00000,0.84908,1
198,1182,121.50900,7.88000,-2.61219,91.78572,52.00000,,20.00000,0.84909,1
198,1183,121.64600,7.88667,-2.62135,91.72998,52.00000,,20.00000,0.84910,1
198,1184,121.76600,7.89333,-2.63060,91.67003,49.00000,,20.00000,0.84910,1
198,1185,121.90200,7.90000,-2.63994,91.61693,49.00000,,20.00000,0.84911,1
198,1186,122.02700,7.90667,-2.64924,91.55751,50.00000,,20.00000,0.84912,1
198,1187,122.14000,7.91333,-2.65864,91.50177,50.00000,,20.00000,0.84912,1
198,1188,122.28600,7.92000,-2.66788,91.43917,50.00000,,20.00000,0.84913,1
198,1189,122.41200,7.92667,-2.67723,91.38289,50.00000,,20.00000,0.84914,1
198,1190,122.54200,7.93333,-2.68672,91.32290,49.00000,,20.00000,0.84914,1
198,1191,122.66000,7.94000,-2.69616,91.26711,49.00000,,20.00000,0.84915,1
198,1192,122.79500,7.94667,-2.70555,91.20237,49.00000,,20.00000,0.84915,1
198,1193,122.92800,7.95333,-2.71499,91.14606,50.00000,,20.00000,0.84916,1
198,1194,123.06400,7.96000,-2.72466,91.08134,50.00000,,20.00000,0.84917,1
198,1195,123.18600,7.96667,-2.73429,91.02507,50.00000,,20.00000,0.84917,1
198,1196,123.31000,7.97333,-2.74350,90.96039,49.00000,,20.00000,0.84918,1
198,1197,123.43900,7.98000,-2.75289,90.90149,49.00000,,20.00000,0.84919,1
198,1198,123.56600,7.98667,-2.76261,90.83837,49.00000,,20.00000,0.84919,1
198,1199,123.69500,7.99333,-2.77205,90.77790,49.00000,,20.00000,0.84920,1
198,1200,123.82100,8.00000,-2.78159,90.71322,50.00000,,20.00000,0.84920,1
198,1201,123.95600,8.00667,-2.79126,90.65695,50.00000,,20.00000,0.84921,1
198,1202,124.08300,8.01333,-2.80084,90.59174,50.00000,,20.00000,0.84922,1
198,1203,124.20200,8.02000,-2.81075,90.53073,50.00000,,20.00000,0.84922,1
198,1204,124.33300,8.02667,-2.82057,90.46549,49.00000,,20.00000,0.84923,1
198,1205,124.45700,8.03333,-2.83020,90.40443,49.00000,,20.00000,0.84923,1
198,1206,124.59100,8.04000,-2.83978,90.33914,49.00000,,20.00000,0.84924,1
198,1207,124.72500,8.04667,-2.84950,90.27803,50.00000,,20.00000,0.84925,1
198,1208,124.85300,8.05333,-2.85937,90.21009,50.00000,,20.00000,0.84925,1
198,1209,124.98100,8.06000,-2.86923,90.14844,52.00000,,20.00000,0.84926,1
198,1210,125.11200,8.06667,-2.87909,90.08103,52.00000,,20.00000,0.84926,1
198,1211,125.24800,8.07333,-2.88891,90.02001,49.00000,,20.00000,0.84927,1
198,1212,125.37000,8.08000,-2.89863,89.95218,50.00000,,20.00000,0.84927,1
198,1213,125.49800,8.08667,-2.90831,89.88910,50.00000,,20.00000,0.84928,1
198,1214,125.62100,8.09333,-2.91813,89.82076,50.00000,,20.00000,0.84929,1
198,1215,125.74500,8.10000,-2.92785,89.75926,50.00000,,20.00000,0.84929,1
198,1216,125.86900,8.10667,-2.93762,89.69194,49.00000,,20.00000,0.84930,1
198,1217,126.00300,8.11333,-2.94758,89.62829,49.00000,,20.00000,0.84930,1
198,1218,126.13200,8.12000,-2.95758,89.55779,49.00000,,20.00000,0.84931,1
198,1219,126.25600,8.12667,-2.96759,89.49413,51.00000,,20.00000,0.84931,1
198,1220,126.39200,8.13333,-2.97755,89.42415,51.00000,,20.00000,0.84932,1
198,1221,126.50300,8.14000,-2.98732,89.34312,52.00000,,20.00000,0.84932,1
198,1222,126.63700,8.14667,-2.99714,89.28789,52.00000,,20.00000,0.84933,1
198,1223,126.77800,8.15333,-3.00705,89.22266,49.00000,,20.00000,0.84934,1
198,1224,126.89800,8.16000,-3.01724,89.12744,49.00000,,20.00000,0.84934,1
198,1225,127.01800,8.16667,-3.02763,89.08012,50.00000,,20.00000,0.84935,1
198,1226,127.14000,8.17333,-3.03782,88.99171,51.00000,,20.00000,0.84935,1
198,1227,127.28000,8.18000,-3.04745,88.92382,52.00000,,20.00000,0.84936,1
198,1228,127.39900,8.18667,-3.05812,88.85646,52.00000,,20.00000,0.84936,1
198,1229,127.53300,8.19333,-3.06836,88.78908,49.00000,,20.00000,0.84937,1
198,1230,127.66600,8.20000,-3.07865,88.71432,49.00000,,20.00000,0.84937,1
198,1231,127.79200,8.20667,-3.08899,88.64694,50.00000,,20.00000,0.84938,1
198,1232,127.91400,8.21333,-3.09937,88.57219,50.00000,,20.00000,0.84938,1
198,1233,128.04601,8.22000,-3.10989,88.50482,50.00000,,20.00000,0.84939,1
198,1234,128.17799,8.22667,-3.12070,88.42903,50.00000,,20.00000,0.84939,1
198,1235,128.29900,8.23333,-3.13151,88.35799,49.00000,,20.00000,0.84940,1
198,1236,128.43600,8.24000,-3.14246,88.28169,49.00000,,20.00000,0.84940,1
198,1237,128.55099,8.24667,-3.15389,88.21066,51.00000,,20.00000,0.84941,1
198,1238,128.68100,8.25333,-3.16512,88.13435,51.00000,,20.00000,0.84941,1
198,1239,128.81300,8.26000,-3.17631,88.06330,52.00000,,20.00000,0.84942,1
198,1240,128.93600,8.26667,-3.18745,87.98702,52.00000,,20.00000,0.84942,1
198,1241,129.06900,8.27333,-3.19869,87.91601,49.00000,,20.00000,0.84943,1
198,1242,129.18800,8.28000,-3.21035,87.83973,49.00000,,20.00000,0.84943,1
198,1243,129.32300,8.28667,-3.22191,87.76872,50.00000,,20.00000,0.84944,1
198,1244,129.43500,8.29333,-3.23391,87.69245,49.00000,,20.00000,0.84944,1
198,1245,129.57100,8.30000,-3.24575,87.62146,51.00000,,20.00000,0.84945,1
198,1246,129.70000,8.30667,-3.25756,87.54207,51.00000,,20.00000,0.84945,1
198,1247,129.83000,8.31333,-3.26907,87.47269,49.00000,,20.00000,0.84946,1
198,1248,129.93800,8.32000,-3.28064,87.39277,49.00000,,20.00000,0.84946,1
198,1249,130.05600,8.32667,-3.29235,87.32020,49.00000,,20.00000,0.84946,1
198,1250,130.19901,8.33333,-3.30406,87.24023,50.00000,,20.00000,0.84947,1
198,1251,130.32300,8.34000,-3.31676,87.16763,50.00000,,20.00000,0.84947,1
198,1252,130.45000,8.34667,-3.32880,87.08344,50.00000,,20.00000,0.84948,1
198,1253,130.58200,8.35333,-3.34041,87.00980,50.00000,,20.00000,0.84948,1
198,1254,130.69200,8.36000,-3.35235,86.92563,49.00000,,20.00000,0.84949,1
198,1255,130.83000,8.36667,-3.36444,86.84776,49.00000,,20.00000,0.84949,1
198,1256,130.94099,8.37333,-3.37676,86.76252,49.00000,,20.00000,0.84950,1
198,1257,131.08800,8.38000,-3.38927,86.68466,49.00000,,20.00000,0.84950,1
198,1258,131.20200,8.38667,-3.40155,86.59942,50.00000,,20.00000,0.84950,1
198,1259,131.33299,8.39333,-3.41368,86.52154,50.00000,,20.00000,0.84951,1
198,1260,131.45100,8.40000,-3.42586,86.43629,49.00000,,20.00000,0.84951,1
198,1261,131.58800,8.40667,-3.43804,86.35736,49.00000,,20.00000,0.84952,1
198,1262,131.71201,8.41333,-3.45032,86.26843,49.00000,,20.00000,0.84952,1
198,1263,131.83299,8.42000,-3.46287,86.19002,51.00000,,20.00000,0.84953,1
198,1264,131.96201,8.42667,-3.47515,86.10056,51.00000,,20.00000,0.84953,1
198,1265,132.08701,8.43333,-3.48761,86.02056,51.00000,,20.00000,0.84953,1
198,1266,132.21600,8.44000,-3.49993,85.93002,51.00000,,20.00000,0.84954,1
198,1267,132.34000,8.44667,-3.51230,85.84842,51.00000,,20.00000,0.84954,1
198,1268,132.47301,8.45333,-3.52467,85.75734,49.00000,,20.00000,0.84955,1
198,1269,132.59200,8.46000,-3.53699,85.67472,49.00000,,20.00000,0.84955,1
198,1270,132.72200,8.46667,-3.54936,85.58368,50.00000,,20.00000,0.84955,1
198,1271,132.85201,8.47333,-3.56159,85.49948,50.00000,,20.00000,0.84956,1
198,1272,132.97301,8.48000,-3.57368,85.40895,49.00000,,20.00000,0.84956,1
198,1273,133.09700,8.48667,-3.58581,85.32316,49.00000,,20.00000,0.84957,1
198,1274,133.23199,8.49333,-3.59794,85.23111,49.00000,,20.00000,0.84957,1
198,1275,133.35001,8.50000,-3.60993,85.14696,49.00000,,20.00000,0.84957,1
198,1276,133.47400,8.50667,-3.62188,85.05648,49.00000,,20.00000,0.84958,1
198,1277,133.60001,8.51333,-3.63396,84.76489,50.00000,,20.00000,0.84958,1
198,1278,133.72000,8.52000,-3.64581,84.10901,51.00000,,20.00000,0.84959,1
198,1279,133.85201,8.52667,-3.65747,83.99007,50.00000,,20.00000,0.84959,1
198,1280,133.97501,8.53333,-3.66927,83.88849,49.00000,,20.00000,0.84959,1
198,1281,134.10500,8.54000,-3.68079,83.80006,49.00000,,20.00000,0.84960,1
198,1282,134.22800,8.54667,-3.69250,83.69584,51.00000,,20.00000,0.84960,1
198,1283,134.35600,8.55333,-3.70421,83.59952,51.00000,,20.00000,0.84960,1
198,1284,134.47900,8.56000,-3.71577,83.50686,52.00000,,20.00000,0.84961,1
198,1285,134.60400,8.56667,-3.72729,83.40843,52.00000,,20.00000,0.84961,1
198,1286,134.74400,8.57333,-3.73876,83.31953,52.00000,,20.00000,0.84962,1
198,1287,134.85001,8.58000,-3.75005,83.22801,52.00000,,20.00000,0.84962,1
198,1288,134.98801,8.58667,-3.76118,83.14070,50.00000,,20.00000,0.84962,1
198,1289,135.10201,8.59333,-3.77223,83.03812,50.00000,,20.00000,0.84963,1
198,1290,135.22099,8.60000,-3.78323,82.94237,50.00000,,20.00000,0.84963,1
198,1291,135.35600,8.60667,-3.79385,82.85451,50.00000,,20.00000,0.84963,1
198,1292,135.48199,8.61333,-3.80433,82.75823,50.00000,,20.00000,0.84964,1
198,1293,135.60400,8.62000,-3.81481,82.65299,49.00000,,20.00000,0.84964,1
198,1294,135.72301,8.62667,-3.82552,82.54880,49.00000,,20.00000,0.84964,1
198,1295,135.85001,8.63333,-3.83614,82.44670,51.00000,,20.00000,0.84965,1
198,1296,135.97600,8.64000,-3.84643,82.35880,50.00000,,20.00000,0.84965,1
198,1297,136.10600,8.64667,-3.85663,82.26457,50.00000,,20.00000,0.84965,1
198,1298,136.23000,8.65333,-3.86682,82.16559,50.00000,,20.00000,0.84966,1
198,1299,136.34900,8.66000,-3.87669,82.06294,49.00000,,20.00000,0.84966,1
198,1300,136.48801,8.66667,-3.88608,81.95820,49.00000,,20.00000,0.84966,1
198,1301,136.61400,8.67333,-3.89528,81.88135,50.00000,,20.00000,0.84967,1
198,1302,136.72200,8.68000,-3.90430,81.77502,50.00000,,20.00000,0.84967,1
198,1303,136.85600,8.68667,-3.91274,81.67925,51.00000,,20.00000,0.84967,1
198,1304,136.98599,8.69333,-3.92062,81.59349,51.00000,,20.00000,0.84968,1
198,1305,137.10699,8.70000,-3.92808,81.46454,49.00000,,20.00000,0.84968,1
198,1306,137.22400,8.70667,-3.93501,81.37245,49.00000,,20.00000,0.84968,1
198,1307,137.36000,8.71333,-3.94204,81.28563,50.00000,,20.00000,0.84969,1
198,1308,137.48199,8.72000,-3.94827,81.18513,50.00000,,20.00000,0.84969,1
198,1309,137.60899,8.72667,-3.95421,81.09306,50.00000,,20.00000,0.84969,1
198,1310,137.71700,8.73333,-3.95968,80.96677,50.00000,,20.00000,0.84969,1
198,1311,137.85300,8.74000,-3.96496,80.88153,49.00000,,20.00000,0.84970,1
198,1312,137.97900,8.74667,-3.97028,80.77890,49.00000,,20.00000,0.84970,1
198,1313,138.09599,8.75333,-3.97505,80.69047,49.00000,,20.00000,0.84970,1
198,1314,138.22600,8.76000,-3.97924,80.58519,49.00000,,20.00000,0.84971,1
198,1315,138.35699,8.76667,-3.98305,80.50575,50.00000,,20.00000,0.84971,1
198,1316,138.47099,8.77333,-3.98668,80.41104,50.00000,,20.00000,0.84971,1
198,1317,138.59300,8.78000,-3.98941,80.30842,49.00000,,20.00000,0.84971,1
198,1318,138.72600,8.78667,-3.99403,80.20159,49.00000,,20.00000,0.84972,1
198,1319,138.84700,8.79333,-4.00328,80.08424,49.00000,,20.00000,0.84972,1
198,1320,138.97501,8.80000,-4.01456,79.96794,49.00000,,20.00000,0.84972,1
198,1321,139.09399,8.80667,-4.02731,79.86375,49.00000,,20.00000,0.84972,1
198,1322,139.20799,8.81333,-4.04120,79.75745,50.00000,,20.00000,0.84973,1
198,1323,139.35300,8.82000,-4.05621,79.65274,50.00000,,20.00000,0.84973,1
198,1324,139.46400,8.82667,-4.07265,79.52117,50.00000,,20.00000,0.84973,1
198,1325,139.58701,8.83333,-4.08928,79.41382,51.00000,,20.00000,0.84974,1
198,1326,139.71500,8.84000,-4.10448,79.30911,49.00000,,20.00000,0.84974,1
198,1327,139.83600,8.84667,-4.11832,79.19544,49.00000,,20.00000,0.84974,1
198,1328,139.96001,8.85333,-4.13192,79.08704,50.00000,,20.00000,0.84974,1
198,1329,140.08299,8.86000,-4.14566,78.96812,50.00000,,20.00000,0.84975,1
198,1330,140.20900,8.86667,-4.15893,78.87182,49.00000,,20.00000,0.84975,1
198,1331,140.33600,8.87333,-4.17173,78.76131,49.00000,,20.00000,0.84975,1
198,1332,140.44400,8.88000,-4.18391,78.64872,49.00000,,20.00000,0.84975,1
198,1333,140.57899,8.88667,-4.19609,78.54246,49.00000,,20.00000,0.84975,1
198,1334,140.69901,8.89333,-4.20828,78.43459,50.00000,,20.00000,0.84976,1
198,1335,140.82201,8.90000,-4.22055,78.32777,50.00000,,20.00000,0.84976,1
198,1336,140.94701,8.90667,-4.23297,78.21569,50.00000,,20.00000,0.84976,1
198,1337,141.06400,8.91333,-4.24534,78.11517,50.00000,,20.00000,0.84976,1
198,1338,141.19600,8.92000,-4.25635,78.00937,49.00000,,20.00000,0.84977,1
198,1339,141.30499,8.92667,-4.26654,77.88829,49.00000,,20.00000,0.84977,1
198,1340,141.44701,8.93333,-4.27627,77.77615,51.00000,,20.00000,0.84977,1
198,1341,141.57201,8.94000,-4.28566,77.67350,51.00000,,20.00000,0.84977,1
198,1342,141.69299,8.94667,-4.29567,77.57558,51.00000,,20.00000,0.84977,1
198,1343,141.80600,8.95333,-4.30526,77.45976,51.00000,,20.00000,0.84978,1
198,1344,141.93700,8.96000,-4.31408,77.34817,51.00000,,20.00000,0.84978,1
198,1345,142.06400,8.96667,-4.32348,77.23659,49.00000,,20.00000,0.84978,1
198,1346,142.19400,8.97333,-4.33273,77.13763,49.00000,,20.00000,0.84978,1
198,1347,142.30701,8.98000,-4.34071,77.02551,50.00000,,20.00000,0.84978,1
198,1348,142.43600,8.98667,-4.34878,76.90707,50.00000,,20.00000,0.84979,1
198,1349,142.55400,8.99333,-4.35671,76.80707,51.00000,,20.00000,0.84979,1
198,1350,142.68300,9.00000,-4.36455,76.70128,49.00000,,20.00000,0.84979,1
198,1351,142.81400,9.00667,-4.37181,76.59812,49.00000,,20.00000,0.84979,1
198,1352,142.92700,9.01333,-4.37894,76.49023,50.00000,,20.00000,0.84979,1
198,1353,143.04401,9.02000,-4.38616,76.38708,50.00000,,20.00000,0.84980,1
198,1354,143.18100,9.02667,-4.39305,76.28183,50.00000,,20.00000,0.84980,1
198,1355,143.29700,9.03333,-4.40009,76.17026,50.00000,,20.00000,0.84980,1
198,1356,143.42101,9.04000,-4.40755,76.06080,49.00000,,20.00000,0.84980,1
198,1357,143.54601,9.04667,-4.41477,75.96451,49.00000,,20.00000,0.84980,1
198,1358,143.66701,9.05333,-4.42147,75.86611,49.00000,,20.00000,0.84980,1
198,1359,143.78400,9.06000,-4.42486,75.75137,51.00000,,20.00000,0.84981,1
198,1360,143.91100,9.06667,-4.42812,75.64610,51.00000,,20.00000,0.84981,1
198,1361,144.03200,9.07333,-4.43203,75.54873,52.00000,,20.00000,0.84981,1
198,1362,144.15700,9.08000,-4.43732,75.44819,52.00000,,20.00000,0.84981,1
198,1363,144.28600,9.08667,-4.44430,75.33659,49.00000,,20.00000,0.84981,1
198,1364,144.41000,9.09333,-4.44973,75.22711,49.00000,,20.00000,0.84981,1
198,1365,144.53101,9.10000,-4.45298,75.13449,50.00000,,20.00000,0.84982,1
198,1366,144.65401,9.10667,-4.45378,75.03662,50.00000,,20.00000,0.84982,1
198,1367,144.77000,9.11333,-4.45618,74.93979,51.00000,,20.00000,0.84982,1
198,1368,144.89101,9.12000,-4.45958,74.83138,51.00000,,20.00000,0.84982,1
198,1369,145.02100,9.12667,-4.46453,74.74401,49.00000,,20.00000,0.84982,1
198,1370,145.14500,9.13333,-4.47034,74.64873,49.00000,,20.00000,0.84982,1
198,1371,145.26401,9.14000,-4.47113,74.52396,49.00000,,20.00000,0.84982,1
198,1372,145.38400,9.14667,-4.46971,74.41918,49.00000,,20.00000,0.84983,1
198,1373,145.51801,9.15333,-4.46961,74.31496,50.00000,,20.00000,0.84983,1
198,1374,145.63000,9.16000,-4.47664,74.21653,50.00000,,20.00000,0.84983,1
198,1375,145.76601,9.16667,-4.48377,74.10966,49.00000,,20.00000,0.84983,1
198,1376,145.87801,9.17333,-4.48674,74.00860,49.00000,,20.00000,0.84983,1
198,1377,146.01401,9.18000,-4.48711,73.90440,49.00000,,20.00000,0.84983,1
198,1378,146.12700,9.18667,-4.48607,73.81547,49.00000,,20.00000,0.84983,1
198,1379,146.24800,9.19333,-4.48460,73.71814,50.00000,,20.00000,0.84983,1
198,1380,146.36700,9.20000,-4.48261,73.60712,50.00000,,20.00000,0.84984,1
198,1381,146.49800,9.20667,-4.48265,73.50610,50.00000,,20.00000,0.84984,1
198,1382,146.61501,9.21333,-4.48425,73.42560,50.00000,,20.00000,0.84984,1
198,1383,146.72800,9.22000,-4.49601,73.31980,49.00000,,20.00000,0.84984,1
198,1384,146.85100,9.22667,-4.51448,73.20346,49.00000,,20.00000,0.84984,1
198,1385,146.98300,9.23333,-4.53088,73.09238,51.00000,,20.00000,0.84984,1
198,1386,147.11099,9.24000,-4.53928,73.00026,51.00000,,20.00000,0.84984,1
198,1387,147.23000,9.24667,-4.54509,72.89078,51.00000,,20.00000,0.84984,1
198,1388,147.35300,9.25333,-4.55879,72.74446,52.00000,,20.00000,0.84984,1
198,1389,147.46700,9.26000,-4.57887,72.65868,52.00000,,20.00000,0.84984,1
198,1390,147.59300,9.26667,-4.60339,72.50397,49.00000,,20.00000,0.84985,1
198,1391,147.70799,9.27333,-4.62518,72.33924,49.00000,,20.00000,0.84985,1
198,1392,147.83200,9.28000,-4.64096,72.20343,50.00000,,20.00000,0.84985,1
198,1393,147.96001,9.28667,-4.65329,72.06338,50.00000,,20.00000,0.84985,1
198,1394,148.08200,9.29333,-4.67781,71.94228,50.00000,,20.00000,0.84985,1
198,1395,148.20100,9.30000,-4.70796,71.78221,49.00000,,20.00000,0.84985,1
198,1396,148.33299,9.30667,-4.73073,71.63164,49.00000,,20.00000,0.84985,1
198,1397,148.45799,9.31333,-4.74665,71.50004,49.00000,,20.00000,0.84985,1
198,1398,148.57600,9.32000,-4.75884,71.37423,51.00000,,20.00000,0.84985,1
198,1399,148.69701,9.32667,-4.76701,71.24107,50.00000,,20.00000,0.84985,1
198,1400,148.81100,9.33333,-4.77538,71.12683,52.00000,,20.00000,0.84985,1
198,1401,148.94400,9.34000,-4.78652,70.99522,49.00000,,20.00000,0.84985,1
198,1402,149.06000,9.34667,-4.79512,70.86100,49.00000,,20.00000,0.84985,1
198,1403,149.18900,9.35333,-4.80159,70.73520,49.00000,,20.00000,0.84985,1
198,1404,149.31300,9.36000,-4.80617,70.62728,50.00000,,20.00000,0.84986,1
198,1405,149.42999,9.36667,-4.80905,70.49357,50.00000,,20.00000,0.84986,1
198,1406,149.54800,9.37333,-4.81146,70.37249,51.00000,,20.00000,0.84986,1
198,1407,149.67700,9.38000,-4.81368,70.26825,51.00000,,20.00000,0.84986,1
198,1408,149.79800,9.38667,-4.81557,70.15346,49.00000,,20.00000,0.84986,1
198,1409,149.91901,9.39333,-4.81845,70.02550,49.00000,,20.00000,0.84986,1
198,1410,150.05000,9.40000,-4.82038,69.91756,50.00000,,20.00000,0.84986,1
198,1411,150.17000,9.40667,-4.82223,69.80120,50.00000,,20.00000,0.84986,1
198,1412,150.29500,9.41333,-4.82492,69.68328,50.00000,,20.00000,0.84986,1
198,1413,150.41200,9.42000,-4.82785,69.57063,50.00000,,20.00000,0.84986,1
198,1414,150.53600,9.42667,-4.83021,69.43904,49.00000,,20.00000,0.84986,1
198,1415,150.65800,9.43333,-4.83153,69.32903,49.00000,,20.00000,0.84986,1
198,1416,150.77800,9.44000,-4.83195,69.22165,50.00000,,20.00000,0.84986,1
198,1417,150.89799,9.44667,-4.83323,69.10741,50.00000,,20.00000,0.84986,1
198,1418,151.03101,9.45333,-4.83767,68.97476,50.00000,,20.00000,0.84986,1
198,1419,151.14200,9.46000,-4.84372,68.85373,50.00000,,20.00000,0.84986,1
198,1420,151.25900,9.46667,-4.84726,68.72955,49.00000,,20.00000,0.84986,1
198,1421,151.39301,9.47333,-4.84977,68.59640,49.00000,,20.00000,0.84986,1
198,1422,151.50101,9.48000,-4.85255,68.48377,49.00000,,20.00000,0.84986,1
198,1423,151.62100,9.48667,-4.85477,68.36639,49.00000,,20.00000,0.84986,1
198,1424,151.75101,9.49333,-4.85822,68.23530,49.00000,,20.00000,0.84986,1
198,1425,151.86700,9.50000,-4.86290,68.10630,50.00000,,20.00000,0.84986,1
198,1426,151.99400,9.50667,-4.86668,67.97571,50.00000,,20.00000,0.84986,1
198,1427,152.12100,9.51333,-4.86692,67.83670,50.00000,,20.00000,0.84986,1
198,1428,152.24200,9.52000,-4.86309,67.71928,50.00000,,20.00000,0.84986,1
198,1429,152.36099,9.52667,-4.85487,67.62185,50.00000,,20.00000,0.84986,1
198,1430,152.48500,9.53333,-4.84882,67.51707,50.00000,,20.00000,0.84986,1
198,1431,152.61301,9.54000,-4.84485,67.38495,50.00000,,20.00000,0.84986,1
198,1432,152.72701,9.54667,-4.83701,67.26495,50.00000,,20.00000,0.84986,1
198,1433,152.84700,9.55333,-4.83252,67.18178,49.00000,,20.00000,0.84986,1
198,1434,152.97400,9.56000,-4.85275,67.05860,49.00000,,20.00000,0.84986,1
198,1435,153.09200,9.56667,-4.89292,66.88382,49.00000,,20.00000,0.84986,1
198,1436,153.21400,9.57333,-4.93777,66.69750,49.00000,,20.00000,0.84986,1
198,1437,153.33299,9.58000,-4.97709,66.52696,50.00000,,20.00000,0.84986,1
198,1438,153.45900,9.58667,-5.01523,66.33482,50.00000,,20.00000,0.84986,1
198,1439,153.57001,9.59333,-5.06594,66.16898,50.00000,,20.00000,0.84986,1
198,1440,153.70000,9.60000,-5.10928,65.93417,50.00000,,20.00000,0.84986,1
198,1441,153.82600,9.60667,-5.14241,65.73200,49.00000,,20.00000,0.84986,1
198,1442,153.94600,9.61333,-5.16514,65.55879,49.00000,,20.00000,0.84986,1
198,1443,154.06500,9.62000,-5.17823,65.38241,51.00000,,20.00000,0.84986,1
198,1444,154.18600,9.62667,-5.19076,65.21658,51.00000,,20.00000,0.84986,1
198,1445,154.31400,9.63333,-5.20097,65.05075,52.00000,,20.00000,0.84985,1
198,1446,154.43500,9.64000,-5.20830,64.89018,52.00000,,20.00000,0.84985,1
198,1447,154.55299,9.64667,-5.21416,64.73278,49.00000,,20.00000,0.84985,1
198,1448,154.67599,9.65333,-5.21856,64.57175,49.00000,,20.00000,0.84985,1
198,1449,154.79500,9.66000,-5.22050,64.42231,50.00000,,20.00000,0.84985,1
198,1450,154.90199,9.66667,-5.21909,64.28389,50.00000,,20.00000,0.84985,1
198,1451,155.02901,9.67333,-5.21470,64.13914,50.00000,,20.00000,0.84985,1
198,1452,155.15601,9.68000,-5.20983,64.00332,52.00000,,20.00000,0.84985,1
198,1453,155.27200,9.68667,-5.20521,63.86695,49.00000,,20.00000,0.84985,1
198,1454,155.39900,9.69333,-5.19666,63.73794,49.00000,,20.00000,0.84985,1
198,1455,155.51500,9.70000,-5.18475,63.59313,49.00000,,20.00000,0.84985,1
198,1456,155.64301,9.70667,-5.17167,63.46358,50.00000,,20.00000,0.84985,1
198,1457,155.76700,9.71333,-5.16090,63.34982,50.00000,,20.00000,0.84985,1
198,1458,155.88100,9.72000,-5.14994,63.22607,50.00000,,20.00000,0.84985,1
198,1459,156.02100,9.72667,-5.14035,63.11603,49.00000,,20.00000,0.84985,1
198,1460,156.13400,9.73333,-5.12778,62.98969,49.00000,,20.00000,0.84984,1
198,1461,156.25200,9.74000,-5.11120,62.86810,50.00000,,20.00000,0.84984,1
198,1462,156.37300,9.74667,-5.09126,62.74969,50.00000,,20.00000,0.84984,1
198,1463,156.49100,9.75333,-5.06882,62.65916,51.00000,,20.00000,0.84984,1
198,1464,156.60600,9.76000,-5.04420,62.56177,51.00000,,20.00000,0.84984,1
198,1465,156.73500,9.76667,-5.01666,62.45492,51.00000,,20.00000,0.84984,1
198,1466,156.85400,9.77333,-4.99086,62.36437,49.00000,,20.00000,0.84984,1
198,1467,156.97301,9.78000,-4.97177,62.27748,49.00000,,20.00000,0.84984,1
198,1468,157.09900,9.78667,-4.95056,62.18163,50.00000,,20.00000,0.84984,1
198,1469,157.22099,9.79333,-4.92566,62.07315,50.00000,,20.00000,0.84984,1
198,1470,157.34200,9.80000,-4.90284,61.98783,51.00000,,20.00000,0.84983,1
198,1471,157.46700,9.80667,-4.87931,61.89039,51.00000,,20.00000,0.84983,1
198,1472,157.58200,9.81333,-4.85479,61.77611,51.00000,,20.00000,0.84983,1
198,1473,157.70900,9.82000,-4.82994,61.72184,51.00000,,20.00000,0.84983,1
198,1474,157.84000,9.82667,-4.81119,61.62757,49.00000,,20.00000,0.84983,1
198,1475,157.94901,9.83333,-4.79744,61.53592,49.00000,,20.00000,0.84983,1
198,1476,158.08099,9.84000,-4.77850,61.41323,50.00000,,20.00000,0.84983,1
198,1477,158.19501,9.84667,-4.75535,61.34006,50.00000,,20.00000,0.84983,1
198,1478,158.31900,9.85333,-4.73371,61.24059,49.00000,,20.00000,0.84982,1
198,1479,158.43500,9.86000,-4.72611,61.17322,49.00000,,20.00000,0.84982,1
198,1480,158.56400,9.86667,-4.78623,61.14323,49.00000,,20.00000,0.84982,1
198,1481,158.67200,9.87333,-4.85604,60.91373,49.00000,,20.00000,0.84982,1
198,1482,158.79700,9.88000,-4.90024,60.60948,49.00000,,20.00000,0.84982,1
198,1483,158.91600,9.88667,-4.92161,60.36840,50.00000,,20.00000,0.84982,1
198,1484,159.03999,9.89333,-4.92847,60.19102,50.00000,,20.00000,0.84982,1
198,1485,159.15601,9.90000,-4.92834,60.04574,52.00000,,20.00000,0.84981,1
198,1486,159.27499,9.90667,-4.92702,59.97152,49.00000,,20.00000,0.84981,1
198,1487,159.38499,9.91333,-4.92381,59.90413,49.00000,,20.00000,0.84981,1
198,1488,159.52299,9.92000,-4.91957,59.82041,51.00000,,20.00000,0.84981,1
198,1489,159.63600,9.92667,-4.91580,59.73458,51.00000,,20.00000,0.84981,1
198,1490,159.76700,9.93333,-4.91052,59.57558,52.00000,,20.00000,0.84981,1
198,1491,159.87399,9.94000,-4.90353,59.36656,52.00000,,20.00000,0.84981,1
198,1492,159.99600,9.94667,-4.89697,59.29966,49.00000,,20.00000,0.84980,1
198,1493,160.12601,9.95333,-4.88994,59.25066,49.00000,,20.00000,0.84980,1
198,1494,160.25200,9.96000,-4.88267,59.19959,50.00000,,20.00000,0.84980,1
198,1495,160.36099,9.96667,-4.90697,59.14115,50.00000,,20.00000,0.84980,1
198,1496,160.48199,9.97333,-4.91842,59.06636,50.00000,,20.00000,0.84980,1
198,1497,160.60699,9.98000,-4.91838,58.98051,50.00000,,20.00000,0.84980,1
198,1498,160.72400,9.98667,-4.90511,58.79567,50.00000,,20.00000,0.84979,1
198,1499,160.85800,9.99333,-4.88319,58.54661,49.00000,,20.00000,0.84979,1
198,1500,160.97900,10.00000,-4.85934,58.41863,49.00000,,20.00000,0.84979,1
198,1501,161.08701,10.00667,-4.84073,58.30331,51.00000,,20.00000,0.84979,1
198,1502,161.23599,10.01333,-4.81659,58.19220,51.00000,,20.00000,0.84979,1
198,1503,161.33099,10.02000,-4.78692,58.08162,51.00000,,20.00000,0.84978,1
198,1504,161.45300,10.02667,-4.75517,57.97524,51.00000,,20.00000,0.84978,1
198,1505,161.58701,10.03333,-4.72309,57.91149,49.00000,,20.00000,0.84978,1
198,1506,161.70100,10.04000,-4.69115,57.85146,49.00000,,20.00000,0.84978,1
198,1507,161.82401,10.04667,-4.66034,57.78774,51.00000,,20.00000,0.84978,1
198,1508,161.94901,10.05333,-4.63134,57.72505,52.00000,,20.00000,0.84977,1
198,1509,162.06900,10.06000,-4.61273,57.65606,52.00000,,20.00000,0.84977,1
198,1510,162.18700,10.06667,-4.59544,57.58864,52.00000,,20.00000,0.84977,1
198,1511,162.30400,10.07333,-4.57361,57.52121,49.00000,,20.00000,0.84977,1
198,1512,162.43800,10.08000,-4.54740,57.45904,49.00000,,20.00000,0.84977,1
198,1513,162.55099,10.08667,-4.51820,57.39264,50.00000,,20.00000,0.84976,1
198,1514,162.66701,10.09333,-4.48834,57.32518,50.00000,,20.00000,0.84976,1
198,1515,162.80600,10.10000,-4.45929,57.25772,50.00000,,20.00000,0.84976,1
198,1516,162.92500,10.10667,-4.43259,57.18764,50.00000,,20.00000,0.84976,1
198,1517,163.04500,10.11333,-4.40595,57.11124,49.00000,,20.00000,0.84975,1
198,1518,163.16499,10.12000,-4.38143,57.04221,49.00000,,20.00000,0.84975,1
198,1519,163.28799,10.12667,-4.35800,56.96846,51.00000,,20.00000,0.84975,1
198,1520,163.41600,10.13333,-4.33594,56.89522,50.00000,,20.00000,0.84975,1
198,1521,163.52699,10.14000,-4.32461,56.81829,50.00000,,20.00000,0.84974,1
198,1522,163.65601,10.14667,-4.32467,56.74714,50.00000,,20.00000,0.84974,1
198,1523,163.77699,10.15333,-4.32165,56.66864,49.00000,,20.00000,0.84974,1
198,1524,163.90199,10.16000,-4.31075,56.59487,49.00000,,20.00000,0.84974,1
198,1525,164.02400,10.16667,-4.29630,56.51266,49.00000,,20.00000,0.84973,1
198,1526,164.14200,10.17333,-4.28227,56.43360,51.00000,,20.00000,0.84973,1
198,1527,164.27600,10.18000,-4.26409,56.34665,51.00000,,20.00000,0.84973,1
198,1528,164.39200,10.18667,-4.24307,56.26287,51.00000,,20.00000,0.84973,1
198,1529,164.51900,10.19333,-4.22021,56.10539,50.00000,,20.00000,0.84972,1
198,1530,164.64400,10.20000,-4.19555,55.86107,50.00000,,20.00000,0.84972,1
198,1531,164.75800,10.20667,-4.17245,55.72887,49.00000,,20.00000,0.84972,1
198,1532,164.87801,10.21333,-4.15284,55.68142,50.00000,,20.00000,0.84972,1
198,1533,165.00900,10.22000,-4.13797,55.62236,49.00000,,20.00000,0.84971,1
198,1534,165.12700,10.22667,-4.12092,55.56804,49.00000,,20.00000,0.84971,1
198,1535,165.25400,10.23333,-4.10155,55.50320,49.00000,,20.00000,0.84971,1
198,1536,165.37300,10.24000,-4.08252,55.44205,49.00000,,20.00000,0.84971,1
198,1537,165.50400,10.24667,-4.06778,55.37667,49.00000,,20.00000,0.84970,1
198,1538,165.62300,10.25333,-4.05092,55.31552,51.00000,,20.00000,0.84970,1
198,1539,165.75301,10.26000,-4.03194,55.24542,51.00000,,20.00000,0.84970,1
198,1540,165.86700,10.26667,-4.01238,55.18324,49.00000,,20.00000,0.84969,1
198,1541,165.99400,10.27333,-3.99457,55.10579,49.00000,,20.00000,0.84969,1
198,1542,166.10800,10.28000,-3.98060,55.03835,49.00000,,20.00000,0.84969,1
198,1543,166.24100,10.28667,-3.97896,54.95511,49.00000,,20.00000,0.84969,1
198,1544,166.35899,10.29333,-3.97940,54.88082,50.00000,,20.00000,0.84968,1
198,1545,166.47501,10.30000,-3.97846,54.79703,50.00000,,20.00000,0.84968,1
198,1546,166.59700,10.30667,-3.99483,54.71955,49.00000,,20.00000,0.84968,1
198,1547,166.72800,10.31333,-4.01163,54.60468,49.00000,,20.00000,0.84967,1
198,1548,166.85500,10.32000,-4.02124,54.39926,50.00000,,20.00000,0.84967,1
198,1549,166.97301,10.32667,-4.02953,54.13909,50.00000,,20.00000,0.84967,1
198,1550,167.10400,10.33333,-4.05228,54.00104,50.00000,,20.00000,0.84966,1
198,1551,167.22301,10.34000,-4.07697,53.86825,50.00000,,20.00000,0.84966,1
198,1552,167.34100,10.34667,-4.09192,53.72602,50.00000,,20.00000,0.84966,1
198,1553,167.47099,10.35333,-4.10314,53.57115,49.00000,,20.00000,0.84965,1
198,1554,167.60699,10.36000,-4.12447,53.40523,50.00000,,20.00000,0.84965,1
198,1555,167.72400,10.36667,-4.16854,53.23669,50.00000,,20.00000,0.84965,1
198,1556,167.83800,10.37333,-4.21205,53.06814,52.00000,,20.00000,0.84964,1
198,1557,167.95599,10.38000,-4.25064,52.89170,50.00000,,20.00000,0.84964,1
198,1558,168.09399,10.38667,-4.30090,52.70947,49.00000,,20.00000,0.84964,1
198,1559,168.21500,10.39333,-4.36180,52.51724,49.00000,,20.00000,0.84963,1
198,1560,168.34000,10.40000,-4.42639,52.31764,49.00000,,20.00000,0.84963,1
198,1561,168.45100,10.40667,-4.50838,52.10962,49.00000,,20.00000,0.84963,1
198,1562,168.58299,10.41333,-4.59850,51.53520,50.00000,,20.00000,0.84962,1
198,1563,168.70100,10.42000,-4.67888,50.48858,51.00000,,20.00000,0.84962,1
198,1564,168.82800,10.42667,-4.75217,50.12213,51.00000,,20.00000,0.84962,1
198,1565,168.95100,10.43333,-4.82309,49.81305,49.00000,,20.00000,0.84961,1
198,1566,169.07100,10.44000,-4.89473,49.48762,49.00000,,20.00000,0.84961,1
198,1567,169.19200,10.44667,-4.98400,49.12114,50.00000,,20.00000,0.84961,1
198,1568,169.32201,10.45333,-5.09649,48.69411,50.00000,,20.00000,0.84960,1
198,1569,169.44099,10.46000,-5.22391,48.24023,50.00000,,20.00000,0.84960,1
198,1570,169.56900,10.46667,-5.36466,47.74634,50.00000,,20.00000,0.84960,1
198,1571,169.69000,10.47333,-5.49364,47.20561,49.00000,,20.00000,0.84959,1
198,1572,169.81799,10.48000,-5.59313,46.68964,49.00000,,20.00000,0.84959,1
198,1573,169.93800,10.48667,-5.68335,46.19686,51.00000,,20.00000,0.84958,1
198,1574,170.06000,10.49333,-5.77093,45.69303,51.00000,,20.00000,0.84958,1
198,1575,170.17799,10.50000,-5.84688,45.19449,50.00000,,20.00000,0.84958,1
198,1576,170.29800,10.50667,-5.92122,44.75491,49.00000,,20.00000,0.84957,1
198,1577,170.41901,10.51333,-5.98119,44.34273,49.00000,,20.00000,0.84957,1
198,1578,170.54100,10.52000,-6.02541,43.93898,50.00000,,20.00000,0.84957,1
198,1579,170.65700,10.52667,-6.06250,43.56312,50.00000,,20.00000,0.84956,1
198,1580,170.77299,10.53333,-6.09657,43.20570,50.00000,,20.00000,0.84956,1
198,1581,170.89600,10.54000,-6.13635,42.83043,52.00000,,20.00000,0.84955,1
198,1582,170.99899,10.54667,-6.19197,42.44410,52.00000,,20.00000,0.84955,1
198,1583,171.13400,10.55333,-6.25852,42.05144,49.00000,,20.00000,0.84955,1
198,1584,171.23599,10.56000,-6.32261,41.64931,49.00000,,20.00000,0.84954,1
198,1585,171.36400,10.56667,-6.37478,41.25560,50.00000,,20.00000,0.84954,1
198,1586,171.47501,10.57333,-6.42147,40.88137,50.00000,,20.00000,0.84954,1
198,1587,171.59300,10.58000,-6.47346,40.51925,50.00000,,20.00000,0.84953,1
198,1588,171.70500,10.58667,-6.52870,40.15660,50.00000,,20.00000,0.84953,1
198,1589,171.83099,10.59333,-6.60447,39.78764,50.00000,,20.00000,0.84952,1
198,1590,171.94800,10.60000,-6.69641,39.39868,49.00000,,20.00000,0.84952,1
198,1591,172.05800,10.60667,-6.79903,38.95391,49.00000,,20.00000,0.84952,1
198,1592,172.17000,10.61333,-6.90496,38.47545,50.00000,,20.00000,0.84951,1
198,1593,172.28799,10.62000,-7.01099,37.99228,50.00000,,20.00000,0.84951,1
198,1594,172.40900,10.62667,-7.11178,37.49015,50.00000,,20.00000,0.84950,1
198,1595,172.52600,10.63333,-7.19663,36.97696,50.00000,,20.00000,0.84950,1
198,1596,172.64200,10.64000,-7.25983,36.47008,49.00000,,20.00000,0.84950,1
198,1597,172.75600,10.64667,-7.30591,35.99375,51.00000,,20.00000,0.84949,1
198,1598,172.87000,10.65333,-7.33677,35.52905,51.00000,,20.00000,0.84949,1
198,1599,172.97800,10.66000,-7.35283,35.10385,52.00000,,20.00000,0.84948,1
198,1600,173.09599,10.66667,-7.35646,34.69129,52.00000,,20.00000,0.84948,1
198,1601,173.20799,10.67333,-7.34926,34.32506,49.00000,,20.00000,0.84948,1
198,1602,173.31799,10.68000,-7.33228,33.99515,49.00000,,20.00000,0.84947,1
198,1603,173.42500,10.68667,-7.30536,33.68734,49.00000,,20.00000,0.84947,1
198,1604,173.53500,10.69333,-7.26743,33.37742,50.00000,,20.00000,0.84946,1
198,1605,173.65700,10.70000,-7.22113,33.10805,50.00000,,20.00000,0.84946,1
198,1606,173.77499,10.70667,-7.16788,32.88132,50.00000,,20.00000,0.84945,1
198,1607,173.87700,10.71333,-7.11189,32.64513,50.00000,,20.00000,0.84945,1
198,1608,173.97900,10.72000,-7.05428,32.43366,49.00000,,20.00000,0.84945,1
198,1609,174.09900,10.72667,-6.99626,32.25431,49.00000,,20.00000,0.84944,1
198,1610,174.21201,10.73333,-6.93733,32.06393,50.00000,,20.00000,0.84944,1
198,1611,174.31400,10.74000,-6.87760,31.87460,50.00000,,20.00000,0.84943,1
198,1612,174.43401,10.74667,-6.81707,31.70998,50.00000,,20.00000,0.84943,1
198,1613,174.54201,10.75333,-6.75606,31.54274,50.00000,,20.00000,0.84943,1
198,1614,174.65700,10.76000,-6.69472,31.38707,49.00000,,20.00000,0.84942,1
198,1615,174.75400,10.76667,-6.63362,31.24298,49.00000,,20.00000,0.84942,1
198,1616,174.88300,10.77333,-6.57271,31.10677,51.00000,,20.00000,0.84941,1
198,1617,174.97800,10.78000,-6.51160,30.96897,51.00000,,20.00000,0.84941,1
198,1618,175.10500,10.78667,-6.45040,30.83748,51.00000,,20.00000,0.84940,1
198,1619,175.21800,10.79333,-6.38892,30.71229,51.00000,,20.00000,0.84940,1
198,1620,175.31700,10.80000,-6.32758,30.58603,51.00000,,20.00000,0.84940,1
198,1621,175.43201,10.80667,-6.26643,30.46869,49.00000,,20.00000,0.84939,1
198,1622,175.55701,10.81333,-6.20466,30.35872,50.00000,,20.00000,0.84939,1
198,1623,175.67999,10.82000,-6.14257,30.24980,50.00000,,20.00000,0.84938,1
198,1624,175.78300,10.82667,-6.08018,30.14562,50.00000,,20.00000,0.84938,1
198,1625,175.90300,10.83333,-6.01784,30.04303,50.00000,,20.00000,0.84937,1
198,1626,176.01801,10.84000,-5.95546,29.95097,49.00000,,20.00000,0.84937,1
198,1627,176.12500,10.84667,-5.89279,29.84895,49.00000,,20.00000,0.84936,1
198,1628,176.23399,10.85333,-5.83012,29.75272,50.00000,,20.00000,0.84936,1
198,1629,176.35699,10.86000,-5.76760,29.67542,50.00000,,20.00000,0.84935,1
198,1630,176.46100,10.86667,-5.70577,29.57759,50.00000,,20.00000,0.84935,1
198,1631,176.58501,10.87333,-5.64415,29.50238,50.00000,,20.00000,0.84934,1
198,1632,176.68800,10.88000,-5.58322,29.42454,49.00000,,20.00000,0.84934,1
198,1633,176.81300,10.88667,-5.52249,29.35668,49.00000,,20.00000,0.84934,1
198,1634,176.91400,10.89333,-5.46161,29.28617,49.00000,,20.00000,0.84933,1
198,1635,177.03400,10.90000,-5.40107,29.21196,51.00000,,20.00000,0.84933,1
198,1636,177.15100,10.90667,-5.34062,29.14932,51.00000,,20.00000,0.84932,1
198,1637,177.27699,10.91333,-5.28017,29.09402,51.00000,,20.00000,0.84932,1
198,1638,177.38699,10.92000,-5.22024,29.02400,51.00000,,20.00000,0.84931,1
198,1639,177.50999,10.92667,-5.16055,28.98138,49.00000,,20.00000,0.84931,1
198,1640,177.61700,10.93333,-5.10085,28.93718,49.00000,,20.00000,0.84930,1
198,1641,177.72200,10.94000,-5.04105,28.89822,50.00000,,20.00000,0.84930,1
198,1642,177.85699,10.94667,-4.98198,28.84452,50.00000,,20.00000,0.84929,1
198,1643,177.97800,10.95333,-4.92323,28.81240,50.00000,,20.00000,0.84929,1
198,1644,178.08000,10.96000,-4.86452,28.78816,49.00000,,20.00000,0.84928,1
198,1645,178.20100,10.96667,-4.80591,28.75181,49.00000,,20.00000,0.84928,1
198,1646,178.32201,10.97333,-4.74839,28.72967,50.00000,,20.00000,0.84927,1
198,1647,178.43500,10.98000,-4.69105,28.69698,50.00000,,20.00000,0.84926,1
198,1648,178.55901,10.98667,-4.63395,28.66743,50.00000,,20.00000,0.84926,1
198,1649,178.67300,10.99333,-4.57747,28.63471,50.00000,,20.00000,0.84925,1
198,1650,178.80000,11.00000,-4.52165,28.60357,50.00000,,20.00000,0.84925,1
198,1651,178.91800,11.00667,-4.46639,28.57086,49.00000,,20.00000,0.84924,1
198,1652,179.03999,11.01333,-4.41170,28.54604,49.00000,,20.00000,0.84924,1
198,1653,179.15199,11.02000,-4.35734,28.51754,51.00000,,20.00000,0.84923,1
198,1654,179.27901,11.02667,-4.30313,28.49324,51.00000,,20.00000,0.84923,1
198,1655,179.39200,11.03333,-4.25004,28.46474,51.00000,,20.00000,0.84922,1
198,1656,179.52100,11.04000,-4.19720,28.43258,51.00000,,20.00000,0.84922,1
198,1657,179.62700,11.04667,-4.14529,28.39672,49.00000,,20.00000,0.84921,1
198,1658,179.74800,11.05333,-4.09386,28.36399,49.00000,,20.00000,0.84920,1
198,1659,179.86900,11.06000,-4.04258,28.32493,49.00000,,20.00000,0.84920,1
198,1660,179.99600,11.06667,-3.99148,28.29008,50.00000,,20.00000,0.84919,1
198,1661,180.12399,11.07333,-3.94118,28.24943,50.00000,,20.00000,0.84919,1
198,1662,180.23000,11.08000,-3.89136,28.21615,51.00000,,20.00000,0.84918,1
198,1663,180.35400,11.08667,-3.84210,28.17551,51.00000,,20.00000,0.84918,1
198,1664,180.48399,11.09333,-3.79332,28.14223,49.00000,,20.00000,0.84917,1
198,1665,180.60001,11.10000,-3.74487,28.10315,49.00000,,20.00000,0.84916,1
198,1666,180.71300,11.10667,-3.69707,28.06826,50.00000,,20.00000,0.84916,1
198,1667,180.85300,11.11333,-3.64966,28.03232,50.00000,,20.00000,0.84915,1
198,1668,180.96300,11.12000,-3.60305,27.99956,50.00000,,20.00000,0.84915,1
198,1669,181.08000,11.12667,-3.55663,27.96363,50.00000,,20.00000,0.84914,1
198,1670,181.21800,11.13333,-3.51049,27.93400,49.00000,,20.00000,0.84913,1
198,1671,181.34000,11.14000,-3.46540,27.89965,50.00000,,20.00000,0.84913,1
198,1672,181.46100,11.14667,-3.42049,27.86794,50.00000,,20.00000,0.84912,1
198,1673,181.57700,11.15333,-3.37581,27.83623,50.00000,,20.00000,0.84912,1
198,1674,181.69299,11.16000,-3.33147,27.80716,50.00000,,20.00000,0.84911,1
198,1675,181.83000,11.16667,-3.28784,27.77335,49.00000,,20.00000,0.84910,1
198,1676,181.93600,11.17333,-3.24481,27.74847,50.00000,,20.00000,0.84910,1
198,1677,182.06799,11.18000,-3.20255,27.71516,50.00000,,20.00000,0.84909,1
198,1678,182.18700,11.18667,-3.16052,27.69027,50.00000,,20.00000,0.84909,1
198,1679,182.31799,11.19333,-3.11859,27.65958,50.00000,,20.00000,0.84908,1
198,1680,182.42999,11.20000,-3.07699,27.63257,50.00000,,20.00000,0.84907,1
198,1681,182.56300,11.20667,-3.03567,27.60345,50.00000,,20.00000,0.84907,1
198,1682,182.67799,11.21333,-2.99548,27.57905,50.00000,,20.00000,0.84906,1
198,1683,182.81000,11.22000,-2.95563,27.55043,50.00000,,20.00000,0.84905,1
198,1684,182.93800,11.22667,-2.91568,27.52601,50.00000,,20.00000,0.84905,1
198,1685,183.05499,11.23333,-2.87654,27.49742,50.00000,,20.00000,0.84904,1
198,1686,183.18800,11.24000,-2.83768,27.47305,49.00000,,20.00000,0.84903,1
198,1687,183.30600,11.24667,-2.79985,27.44761,49.00000,,20.00000,0.84903,1
198,1688,183.43401,11.25333,-2.76170,27.42532,49.00000,,20.00000,0.84902,1
198,1689,183.55200,11.26000,-2.72374,27.39672,51.00000,,20.00000,0.84901,1
198,1690,183.68100,11.26667,-2.68643,27.37232,51.00000,,20.00000,0.84901,1
198,1691,183.80499,11.27333,-2.65012,27.34686,51.00000,,20.00000,0.84900,1
198,1692,183.93201,11.28000,-2.61391,27.32456,49.00000,,20.00000,0.84899,1
198,1693,184.06000,11.28667,-2.57765,27.29911,49.00000,,20.00000,0.84899,1
198,1694,184.17799,11.29333,-2.54181,27.27681,50.00000,,20.00000,0.84898,1
198,1695,184.31100,11.30000,-2.50701,27.25134,49.00000,,20.00000,0.84897,1
198,1696,184.43201,11.30667,-2.47235,27.22956,50.00000,,20.00000,0.84897,1
198,1697,184.55600,11.31333,-2.43793,27.20833,50.00000,,20.00000,0.84896,1
198,1698,184.68401,11.32000,-2.40389,27.18711,50.00000,,20.00000,0.84895,1
198,1699,184.80701,11.32667,-2.37018,27.16587,49.00000,,20.00000,0.84895,1
198,1700,184.93100,11.33333,-2.33670,27.14726,50.00000,,20.00000,0.84894,1
198,1701,185.06200,11.34000,-2.30346,27.12391,50.00000,,20.00000,0.84893,1
198,1702,185.17900,11.34667,-2.27070,27.10476,50.00000,,20.00000,0.84893,1
198,1703,185.31200,11.35333,-2.23892,27.08142,50.00000,,20.00000,0.84892,1
198,1704,185.44000,11.36000,-2.20781,27.06228,50.00000,,20.00000,0.84891,1
198,1705,185.55901,11.36667,-2.17745,27.03893,49.00000,,20.00000,0.84890,1
198,1706,185.68300,11.37333,-2.14639,27.02190,49.00000,,20.00000,0.84890,1
198,1707,185.81000,11.38000,-2.11537,27.00117,51.00000,,20.00000,0.84889,1
198,1708,185.93800,11.38667,-2.08468,26.97991,51.00000,,20.00000,0.84888,1
198,1709,186.06599,11.39333,-2.05428,26.95863,52.00000,,20.00000,0.84888,1
198,1710,186.19200,11.40000,-2.02425,26.94209,52.00000,,20.00000,0.84887,1
198,1711,186.31599,11.40667,-1.99470,26.92132,49.00000,,20.00000,0.84886,1
198,1712,186.44901,11.41333,-1.96543,26.90791,49.00000,,20.00000,0.84885,1
198,1713,186.57600,11.42000,-1.93701,26.88924,49.00000,,20.00000,0.84885,1
198,1714,186.71400,11.42667,-1.90959,26.87009,51.00000,,20.00000,0.84884,1
198,1715,186.83099,11.43333,-1.88339,26.85569,52.00000,,20.00000,0.84883,1
198,1716,186.95200,11.44000,-1.85544,26.83813,52.00000,,20.00000,0.84882,1
198,1717,187.08900,11.44667,-1.82749,26.82373,49.00000,,20.00000,0.84882,1
198,1718,187.20900,11.45333,-1.79992,26.80880,49.00000,,20.00000,0.84881,1
198,1719,187.32899,11.46000,-1.77339,26.78755,50.00000,,20.00000,0.84880,1
198,1720,187.46100,11.46667,-1.74691,26.77681,50.00000,,20.00000,0.84879,1
198,1721,187.59000,11.47333,-1.72095,26.75555,50.00000,,20.00000,0.84879,1
198,1722,187.72200,11.48000,-1.69485,26.73902,50.00000,,20.00000,0.84878,1
198,1723,187.84500,11.48667,-1.66903,26.72302,49.00000,,20.00000,0.84877,1
198,1724,187.96600,11.49333,-1.64344,26.70700,49.00000,,20.00000,0.84876,1
198,1725,188.09599,11.50000,-1.61814,26.69150,51.00000,,20.00000,0.84876,1
198,1726,188.23000,11.50667,-1.59388,26.67606,51.00000,,20.00000,0.84875,1
198,1727,188.36301,11.51333,-1.56986,26.65430,51.00000,,20.00000,0.84874,1
198,1728,188.47400,11.52000,-1.54659,26.63726,51.00000,,20.00000,0.84873,1
198,1729,188.60500,11.52667,-1.52256,26.62128,51.00000,,20.00000,0.84872,1
198,1730,188.73300,11.53333,-1.49863,26.60477,49.00000,,20.00000,0.84872,1
198,1731,188.85300,11.54000,-1.47560,26.58615,51.00000,,20.00000,0.84871,1
198,1732,188.99600,11.54667,-1.45252,26.57437,51.00000,,20.00000,0.84870,1
198,1733,189.10800,11.55333,-1.42968,26.55363,51.00000,,20.00000,0.84869,1
198,1734,189.24100,11.56000,-1.40740,26.53709,52.00000,,20.00000,0.84868,1
198,1735,189.37100,11.56667,-1.38503,26.52057,49.00000,,20.00000,0.84868,1
198,1736,189.49899,11.57333,-1.36328,26.50509,49.00000,,20.00000,0.84867,1
198,1737,189.62601,11.58000,-1.34161,26.48857,50.00000,,20.00000,0.84866,1
198,1738,189.75700,11.58667,-1.32005,26.47311,50.00000,,20.00000,0.84865,1
198,1739,189.87700,11.59333,-1.29876,26.45817,50.00000,,20.00000,0.84864,1
198,1740,190.00200,11.60000,-1.27790,26.44271,50.00000,,20.00000,0.84864,1
198,1741,190.13901,11.60667,-1.25738,26.42670,50.00000,,20.00000,0.84863,1
198,1742,190.26199,11.61333,-1.23685,26.41333,49.00000,,20.00000,0.84862,1
198,1743,190.39000,11.62000,-1.21651,26.39893,49.00000,,20.00000,0.84861,1
198,1744,190.51801,11.62667,-1.19641,26.38401,51.00000,,20.00000,0.84860,1
198,1745,190.64000,11.63333,-1.17659,26.36751,51.00000,,20.00000,0.84859,1
198,1746,190.78000,11.64000,-1.15696,26.35575,51.00000,,20.00000,0.84859,1
198,1747,190.89999,11.64667,-1.13737,26.34136,51.00000,,20.00000,0.84858,1
198,1748,191.01801,11.65333,-1.11831,26.32855,49.00000,,20.00000,0.84857,1
198,1749,191.15199,11.66000,-1.09996,26.31363,49.00000,,20.00000,0.84856,1
198,1750,191.27800,11.66667,-1.08156,26.29871,51.00000,,20.00000,0.84855,1
198,1751,191.40500,11.67333,-1.06344,26.28221,51.00000,,20.00000,0.84854,1
198,1752,191.53300,11.68000,-1.04556,26.27044,52.00000,,20.00000,0.84854,1
198,1753,191.65601,11.68667,-1.02773,26.25602,52.00000,,20.00000,0.84853,1
198,1754,191.78999,11.69333,-1.00999,26.24318,49.00000,,20.00000,0.84852,1
198,1755,191.91200,11.70000,-0.99239,26.22826,49.00000,,20.00000,0.84851,1
198,1756,192.04300,11.70667,-0.97470,26.21598,50.00000,,20.00000,0.84850,1
198,1757,192.17200,11.71333,-0.95771,26.20157,50.00000,,20.00000,0.84849,1
198,1758,192.30000,11.72000,-0.94087,26.19241,50.00000,,20.00000,0.84848,1
198,1759,192.42500,11.72667,-0.92408,26.17536,50.00000,,20.00000,0.84848,1
198,1760,192.55600,11.73333,-0.90742,26.16836,49.00000,,20.00000,0.84847,1
198,1761,192.67599,11.74000,-0.89177,26.15873,49.00000,,20.00000,0.84846,1
198,1762,192.81400,11.74667,-0.87592,26.14330,51.00000,,20.00000,0.84845,1
198,1763,192.92599,11.75333,-0.85988,26.13420,51.00000,,20.00000,0.84844,1
198,1764,193.06700,11.76000,-0.84446,26.12774,52.00000,,20.00000,0.84843,1
198,1765,193.18600,11.76667,-0.82898,26.11865,50.00000,,20.00000,0.84842,1
198,1766,193.30499,11.77333,-0.81361,26.10798,49.00000,,20.00000,0.84842,1
198,1767,193.42900,11.78000,-0.79833,26.10099,49.00000,,20.00000,0.84841,1
198,1768,193.56000,11.78667,-0.78328,26.09190,50.00000,,20.00000,0.84840,1
198,1769,193.69099,11.79333,-0.76852,26.08491,50.00000,,20.00000,0.84839,1
198,1770,193.81799,11.80000,-0.75380,26.07580,51.00000,,20.00000,0.84838,1
198,1771,193.93100,11.80667,-0.73928,26.06511,51.00000,,20.00000,0.84837,1
198,1772,194.05901,11.81333,-0.72489,26.05814,50.00000,,20.00000,0.84836,1
198,1773,194.19600,11.82000,-0.71108,26.04907,49.00000,,20.00000,0.84835,1
198,1774,194.31700,11.82667,-0.69750,26.03841,50.00000,,20.00000,0.84834,1
198,1775,194.43500,11.83333,-0.68439,26.03145,50.00000,,20.00000,0.84834,1
198,1776,194.56799,11.84000,-0.67072,26.02239,50.00000,,20.00000,0.84833,1
198,1777,194.68401,11.84667,-0.65713,26.01544,50.00000,,20.00000,0.84832,1
198,1778,194.80901,11.85333,-0.64384,26.00638,50.00000,,20.00000,0.84831,1
198,1779,194.93900,11.86000,-0.63106,25.99575,50.00000,,20.00000,0.84830,1
198,1780,195.06400,11.86667,-0.61824,25.98512,50.00000,,20.00000,0.84829,1
198,1781,195.17200,11.87333,-0.60537,25.97447,49.00000,,20.00000,0.84828,1
198,1782,195.30200,11.88000,-0.59259,25.96383,49.00000,,20.00000,0.84827,1
198,1783,195.43900,11.88667,-0.57991,25.95687,50.00000,,20.00000,0.84826,1
198,1784,195.55800,11.89333,-0.56737,25.94780,50.00000,,20.00000,0.84825,1
198,1785,195.68201,11.90000,-0.55487,25.94085,50.00000,,20.00000,0.84825,1
198,1786,195.80099,11.90667,-0.54285,25.93179,50.00000,,20.00000,0.84824,1
198,1787,195.92700,11.91333,-0.53097,25.92114,49.00000,,20.00000,0.84823,1
198,1788,196.05701,11.92000,-0.51933,25.91417,49.00000,,20.00000,0.84822,1
198,1789,196.17599,11.92667,-0.50750,25.90514,49.00000,,20.00000,0.84821,1
198,1790,196.30099,11.93333,-0.49576,25.89453,49.00000,,20.00000,0.84820,1
198,1791,196.42400,11.94000,-0.48407,25.88759,50.00000,,20.00000,0.84819,1
198,1792,196.54201,11.94667,-0.47252,25.87855,51.00000,,20.00000,0.84818,1
198,1793,196.67101,11.95333,-0.46112,25.86792,51.00000,,20.00000,0.84817,1
198,1794,196.79300,11.96000,-0.45013,25.85730,51.00000,,20.00000,0.84816,1
198,1795,196.92999,11.96667,-0.43934,25.84669,49.00000,,20.00000,0.84815,1
198,1796,197.03500,11.97333,-0.42841,25.83503,49.00000,,20.00000,0.84814,1
198,1797,197.15700,11.98000,-0.41762,25.82286,49.00000,,20.00000,0.84814,1
198,1798,197.29100,11.98667,-0.40682,25.81386,50.00000,,20.00000,0.84813,1
198,1799,197.40601,11.99333,-0.39617,25.79694,50.00000,,20.00000,0.84812,1
198,1800,197.52000,12.00000,-0.38600,25.78687,51.00000,,20.00000,0.84811,1
198,1801,197.65500,12.00667,-0.37577,25.77103,49.00000,,20.00000,0.84810,1
198,1802,197.76199,12.01333,-0.36559,25.75781,49.00000,,20.00000,0.84809,1
198,1803,197.89500,12.02000,-0.35551,25.74352,49.00000,,20.00000,0.84808,1
198,1804,198.00900,12.02667,-0.34571,25.72817,49.00000,,20.00000,0.84807,1
198,1805,198.14301,12.03333,-0.33601,25.71650,50.00000,,20.00000,0.84806,1
198,1806,198.26401,12.04000,-0.32616,25.70222,50.00000,,20.00000,0.84805,1
198,1807,198.38800,12.04667,-0.31627,25.68585,50.00000,,20.00000,0.84804,1
198,1808,198.50101,12.05333,-0.30632,25.67212,50.00000,,20.00000,0.84803,1
198,1809,198.62601,12.06000,-0.29709,25.65630,49.00000,,20.00000,0.84802,1
198,1810,198.74699,12.06667,-0.28781,25.65100,50.00000,,20.00000,0.84801,1
198,1811,198.86000,12.07333,-0.27853,25.63569,49.00000,,20.00000,0.84800,1
198,1812,198.97900,12.08000,-0.26949,25.61932,51.00000,,20.00000,0.84799,1
198,1813,199.11000,12.08667,-0.26059,25.61399,51.00000,,20.00000,0.84798,1
198,1814,199.22600,12.09333,-0.25150,25.60339,52.00000,,20.00000,0.84797,1
198,1815,199.35400,12.10000,-0.24236,25.59490,52.00000,,20.00000,0.84796,1
198,1816,199.48000,12.10667,-0.23370,25.58588,49.00000,,20.00000,0.84795,1
198,1817,199.59399,12.11333,-0.22512,25.57739,49.00000,,20.00000,0.84795,1
198,1818,199.71201,12.12000,-0.21622,25.56893,49.00000,,20.00000,0.84794,1
198,1819,199.82700,12.12667,-0.20746,25.55837,49.00000,,20.00000,0.84793,1
198,1820,199.96400,12.13333,-0.19870,25.55042,50.00000,,20.00000,0.84792,1
198,1821,200.08299,12.14000,-0.19023,25.54509,50.00000,,20.00000,0.84791,1
198,1822,200.19501,12.14667,-0.18213,25.53713,51.00000,,20.00000,0.84790,1
198,1823,200.31799,12.15333,-0.17427,25.52917,51.00000,,20.00000,0.84789,1
198,1824,200.45100,12.16000,-0.16617,25.52121,49.00000,,20.00000,0.84788,1
198,1825,200.56400,12.16667,-0.15817,25.51220,49.00000,,20.00000,0.84787,1
198,1826,200.68300,12.17333,-0.15021,25.51109,50.00000,,20.00000,0.84786,1
198,1827,200.81599,12.18000,-0.14235,25.50472,50.00000,,20.00000,0.84785,1
198,1828,200.92599,12.18667,-0.13449,25.49465,50.00000,,20.00000,0.84784,1
198,1829,201.05701,12.19333,-0.12672,25.48933,50.00000,,20.00000,0.84783,1
198,1830,201.16400,12.20000,-0.11914,25.48879,49.00000,,20.00000,0.84782,1
198,1831,201.29401,12.20667,-0.11180,25.48246,49.00000,,20.00000,0.84781,1
198,1832,201.41200,12.21333,-0.10460,25.47612,50.00000,,20.00000,0.84780,1
198,1833,201.52400,12.22000,-9.716326e-002,25.46819,49.00000,,20.00000,0.84779,1
198,1834,201.64900,12.22667,-8.963197e-002,25.45921,50.00000,,20.00000,0.84778,1
198,1835,201.77100,12.23333,-8.224258e-002,25.45707,50.00000,,20.00000,0.84777,1
198,1836,201.88699,12.24000,-7.513722e-002,25.45018,50.00000,,20.00000,0.84776,1
198,1837,202.00999,12.24667,-6.812651e-002,25.44171,50.00000,,20.00000,0.84775,1
198,1838,202.13499,12.25333,-6.102088e-002,25.43271,49.00000,,20.00000,0.84774,1
198,1839,202.25101,12.26000,-5.405717e-002,25.43056,49.00000,,20.00000,0.84773,1
198,1840,202.37399,12.26667,-4.733021e-002,25.42157,49.00000,,20.00000,0.84772,1
198,1841,202.48900,12.27333,-4.055568e-002,25.41259,50.00000,,20.00000,0.84771,1
198,1842,202.61900,12.28000,-3.382843e-002,25.40729,50.00000,,20.00000,0.84770,1
198,1843,202.73199,12.28667,-2.719572e-002,25.39937,51.00000,,20.00000,0.84769,1
198,1844,202.85001,12.29333,-2.046810e-002,25.39146,50.00000,,20.00000,0.84768,1
198,1845,202.97301,12.30000,-1.421413e-002,25.38353,50.00000,,20.00000,0.84767,1
198,1846,203.09100,12.30667,-7.770486e-003,25.37455,50.00000,,20.00000,0.84766,1
198,1847,203.20900,12.31333,-1.184539e-003,25.37245,49.00000,,20.00000,0.84764,1
198,1848,203.32600,12.32000,4.975125e-003,25.36351,49.00000,,20.00000,0.84763,1
198,1849,203.44400,12.32667,1.132447e-002,25.35456,50.00000,,20.00000,0.84762,1
198,1850,203.56300,12.33333,1.748443e-002,25.34929,50.00000,,20.00000,0.84761,1
198,1851,203.68300,12.34000,2.359717e-002,25.34138,50.00000,,20.00000,0.84760,1
198,1852,203.80099,12.34667,2.975743e-002,25.33348,49.00000,,20.00000,0.84759,1
198,1853,203.91800,12.35333,3.577569e-002,25.32821,49.00000,,20.00000,0.84758,1
198,1854,204.03900,12.36000,4.179410e-002,25.32294,50.00000,,20.00000,0.84757,1
198,1855,204.15500,12.36667,4.781265e-002,25.31505,50.00000,,20.00000,0.84756,1
198,1856,204.27499,12.37333,5.378397e-002,25.30716,50.00000,,20.00000,0.84755,1
198,1857,204.39000,12.38000,5.956587e-002,25.30190,50.00000,,20.00000,0.84754,1
198,1858,204.50800,12.38667,6.525315e-002,25.29399,50.00000,,20.00000,0.84753,1
198,1859,204.61800,12.39333,7.089312e-002,25.28611,49.00000,,20.00000,0.84752,1
198,1860,204.74400,12.40000,7.639118e-002,25.28086,49.00000,,20.00000,0.84751,1
198,1861,204.86000,12.40667,8.146280e-002,25.27294,49.00000,,20.00000,0.84750,1
198,1862,204.98000,12.41333,8.686632e-002,25.26398,49.00000,,20.00000,0.84749,1
198,1863,205.10300,12.42000,9.245957e-002,25.26188,50.00000,,20.00000,0.84748,1
198,1864,205.22099,12.42667,9.795812e-002,25.25294,50.00000,,20.00000,0.84747,1
198,1865,205.32899,12.43333,0.10312,25.24295,51.00000,,20.00000,0.84746,1
198,1866,205.45200,12.44000,0.10848,25.24086,51.00000,,20.00000,0.84745,1
198,1867,205.55901,12.44667,0.11389,25.23192,51.00000,,20.00000,0.84744,1
198,1868,205.68800,12.45333,0.11915,25.22298,49.00000,,20.00000,0.84743,1
198,1869,205.80499,12.46000,0.12436,25.21773,49.00000,,20.00000,0.84742,1
198,1870,205.91499,12.46667,0.12934,25.20984,51.00000,,20.00000,0.84741,1
198,1871,206.03400,12.47333,0.13437,25.20195,51.00000,,20.00000,0.84740,1
198,1872,206.15100,12.48000,0.13920,25.19670,52.00000,,20.00000,0.84738,1
198,1873,206.27200,12.48667,0.14413,25.18881,49.00000,,20.00000,0.84737,1
198,1874,206.38499,12.49333,0.14902,25.17986,50.00000,,20.00000,0.84736,1
198,1875,206.50999,12.50000,0.15395,25.17775,50.00000,,20.00000,0.84735,1
198,1876,206.61200,12.50667,0.15864,25.17095,50.00000,,20.00000,0.84734,1
198,1877,206.73300,12.51333,0.16343,25.16257,50.00000,,20.00000,0.84733,1
198,1878,206.85400,12.52000,0.16813,25.15364,50.00000,,20.00000,0.84732,1
198,1879,206.97099,12.52667,0.17273,25.15157,50.00000,,20.00000,0.84731,1
198,1880,207.07800,12.53333,0.17742,25.14266,49.00000,,20.00000,0.84730,1
198,1881,207.20399,12.54000,0.18212,25.13270,49.00000,,20.00000,0.84729,1
198,1882,207.31100,12.54667,0.18662,25.13063,49.00000,,20.00000,0.84728,1
198,1883,207.42400,12.55333,0.19108,25.12381,49.00000,,20.00000,0.84727,1
198,1884,207.53999,12.56000,0.19521,25.11541,50.00000,,20.00000,0.84726,1
198,1885,207.66000,12.56667,0.19952,25.10648,50.00000,,20.00000,0.84725,1
198,1886,207.77699,12.57333,0.20398,25.10489,50.00000,,20.00000,0.84723,1
198,1887,207.89600,12.58000,0.20844,25.10225,50.00000,,20.00000,0.84722,1
198,1888,208.01300,12.58667,0.21271,25.09438,49.00000,,20.00000,0.84721,1
198,1889,208.11800,12.59333,0.21707,25.08916,49.00000,,20.00000,0.84720,1
198,1890,208.24699,12.60000,0.22134,25.08235,51.00000,,20.00000,0.84719,1
198,1891,208.36000,12.60667,0.22557,25.07976,51.00000,,20.00000,0.84718,1
198,1892,208.47000,12.61333,0.22979,25.07611,52.00000,,20.00000,0.84717,1
198,1893,208.58400,12.62000,0.23396,25.06879,52.00000,,20.00000,0.84716,1
198,1894,208.69901,12.62667,0.23814,25.05937,49.00000,,20.00000,0.84715,1
198,1895,208.81700,12.63333,0.24212,25.05784,49.00000,,20.00000,0.84714,1
198,1896,208.92500,12.64000,0.24597,25.05578,49.00000,,20.00000,0.84713,1
198,1897,209.03700,12.64667,0.24967,25.04845,50.00000,,20.00000,0.84712,1
198,1898,209.15900,12.65333,0.25351,25.04060,50.00000,,20.00000,0.84710,1
198,1899,209.27901,12.66000,0.25731,25.03539,50.00000,,20.00000,0.84709,1
198,1900,209.38200,12.66667,0.26110,25.02438,49.00000,,20.00000,0.84708,1
198,1901,209.49300,12.67333,0.26490,25.01653,49.00000,,20.00000,0.84707,1
198,1902,209.61099,12.68000,0.26860,25.01447,51.00000,,20.00000,0.84706,1
198,1903,209.73199,12.68667,0.27230,25.00344,51.00000,,20.00000,0.84705,1
198,1904,209.84300,12.69333,0.27601,24.99556,50.00000,,20.00000,0.84704,1
198,1905,209.95200,12.70000,0.27976,24.99351,50.00000,,20.00000,0.84703,1
198,1906,210.07201,12.70667,0.28346,24.98619,49.00000,,20.00000,0.84702,1
198,1907,210.18300,12.71333,0.28702,24.97675,49.00000,,20.00000,0.84700,1
198,1908,210.30000,12.72000,0.29058,24.96942,49.00000,,20.00000,0.84699,1
198,1909,210.41701,12.72667,0.29419,24.96736,49.00000,,20.00000,0.84698,1
198,1910,210.52499,12.73333,0.29737,24.96004,49.00000,,20.00000,0.84697,1
198,1911,210.64400,12.74000,0.30069,24.95430,50.00000,,20.00000,0.84696,1
198,1912,210.75700,12.74667,0.30425,24.94910,50.00000,,20.00000,0.84695,1
198,1913,210.85899,12.75333,0.30767,24.94443,50.00000,,20.00000,0.84694,1
198,1914,210.98700,12.76000,0.31104,24.93711,50.00000,,20.00000,0.84693,1
198,1915,211.08400,12.76667,0.31436,24.93137,50.00000,,20.00000,0.84692,1
198,1916,211.20200,12.77333,0.31773,24.92563,49.00000,,20.00000,0.84690,1
198,1917,211.32600,12.78000,0.32101,24.92093,50.00000,,20.00000,0.84689,1
198,1918,211.43401,12.78667,0.32438,24.91519,50.00000,,20.00000,0.84688,1
198,1919,211.54700,12.79333,0.32775,24.90788,50.00000,,20.00000,0.84687,1
198,1920,211.66200,12.80000,0.33113,24.89845,50.00000,,20.00000,0.84686,1
198,1921,211.76601,12.80667,0.33431,24.89113,49.00000,,20.00000,0.84685,1
198,1922,211.88600,12.81333,0.33749,24.88910,50.00000,,20.00000,0.84684,1
198,1923,211.99699,12.82000,0.34053,24.88181,50.00000,,20.00000,0.84682,1
198,1924,212.10400,12.82667,0.34371,24.87608,50.00000,,20.00000,0.84681,1
198,1925,212.22600,12.83333,0.34680,24.86720,50.00000,,20.00000,0.84680,1
198,1926,212.33299,12.84000,0.34993,24.85990,50.00000,,20.00000,0.84679,1
198,1927,212.43900,12.84667,0.35297,24.85787,49.00000,,20.00000,0.84678,1
198,1928,212.56200,12.85333,0.35583,24.85058,49.00000,,20.00000,0.84677,1
198,1929,212.66299,12.86000,0.35872,24.84119,51.00000,,20.00000,0.84676,1
198,1930,212.78101,12.86667,0.36162,24.83496,51.00000,,20.00000,0.84674,1
198,1931,212.88499,12.87333,0.36452,24.83241,52.00000,,20.00000,0.84673,1
198,1932,213.00000,12.88000,0.36751,24.82669,52.00000,,20.00000,0.84672,1
198,1933,213.10600,12.88667,0.37046,24.82201,49.00000,,20.00000,0.84671,1
198,1934,213.21600,12.89333,0.37321,24.81630,49.00000,,20.00000,0.84670,1
198,1935,213.33400,12.90000,0.37611,24.81057,49.00000,,20.00000,0.84669,1
198,1936,213.45000,12.90667,0.37892,24.80641,50.00000,,20.00000,0.84668,1
198,1937,213.56300,12.91333,0.38177,24.79962,50.00000,,20.00000,0.84666,1
198,1938,213.66901,12.92000,0.38467,24.78915,50.00000,,20.00000,0.84665,1
198,1939,213.78101,12.92667,0.38747,24.78657,51.00000,,20.00000,0.84664,1
198,1940,213.89200,12.93333,0.38990,24.78663,49.00000,,20.00000,0.84663,1
198,1941,214.00800,12.94000,0.39270,24.78089,49.00000,,20.00000,0.84662,1
198,1942,214.12300,12.94667,0.39541,24.76884,49.00000,,20.00000,0.84661,1
198,1943,214.23199,12.95333,0.39817,24.76575,50.00000,,20.00000,0.84660,1
198,1944,214.33800,12.96000,0.40078,24.76477,50.00000,,20.00000,0.84658,1
198,1945,214.45900,12.96667,0.40344,24.76011,50.00000,,20.00000,0.84657,1
198,1946,214.56400,12.97333,0.40606,24.75494,49.00000,,20.00000,0.84656,1
198,1947,214.66701,12.98000,0.40867,24.74923,49.00000,,20.00000,0.84655,1
198,1948,214.78500,12.98667,0.41110,24.74353,49.00000,,20.00000,0.84654,1
198,1949,214.89101,12.99333,0.41352,24.73781,49.00000,,20.00000,0.84653,1
198,1950,214.99899,13.00000,0.41600,24.73472,50.00000,,20.00000,0.84651,1
198,1951,215.11200,13.00667,0.41852,24.73112,50.00000,,20.00000,0.84650,1
198,1952,215.22400,13.01333,0.42104,24.72646,50.00000,,20.00000,0.84649,1
198,1953,215.33299,13.02000,0.42356,24.71916,50.00000,,20.00000,0.84648,1
198,1954,215.44901,13.02667,0.42598,24.71555,50.00000,,20.00000,0.84647,1
198,1955,215.55499,13.03333,0.42822,24.71246,50.00000,,20.00000,0.84646,1
198,1956,215.66499,13.04000,0.43065,24.70886,50.00000,,20.00000,0.84644,1
198,1957,215.78000,13.04667,0.43302,24.70526,51.00000,,20.00000,0.84643,1
198,1958,215.88000,13.05333,0.43554,24.70060,52.00000,,20.00000,0.84642,1
198,1959,215.99400,13.06000,0.43788,24.69331,52.00000,,20.00000,0.84641,1
198,1960,216.10800,13.06667,0.44035,24.68971,49.00000,,20.00000,0.84640,1
198,1961,216.21001,13.07333,0.44287,24.68661,49.00000,,20.00000,0.84639,1
198,1962,216.32700,13.08000,0.44525,24.68299,50.00000,,20.00000,0.84637,1
198,1963,216.42799,13.08667,0.44725,24.67624,50.00000,,20.00000,0.84636,1
198,1964,216.54700,13.09333,0.44949,24.66950,50.00000,,20.00000,0.84635,1
198,1965,216.65500,13.10000,0.45177,24.66747,50.00000,,20.00000,0.84634,1
198,1966,216.75900,13.10667,0.45396,24.66650,49.00000,,20.00000,0.84633,1
198,1967,216.87000,13.11333,0.45605,24.66078,49.00000,,20.00000,0.84631,1
198,1968,216.97800,13.12000,0.45829,24.65191,51.00000,,20.00000,0.84630,1
198,1969,217.09300,13.12667,0.46057,24.64724,51.00000,,20.00000,0.84629,1
198,1970,217.20500,13.13333,0.46281,24.64678,52.00000,,20.00000,0.84628,1
198,1971,217.30600,13.14000,0.46500,24.64422,52.00000,,20.00000,0.84627,1
198,1972,217.41901,13.14667,0.46719,24.63535,52.00000,,20.00000,0.84625,1
198,1973,217.53500,13.15333,0.46948,24.62806,49.00000,,20.00000,0.84624,1
198,1974,217.63901,13.16000,0.47171,24.62605,51.00000,,20.00000,0.84623,1
198,1975,217.74899,13.16667,0.47390,24.62509,51.00000,,20.00000,0.84622,1
198,1976,217.84700,13.17333,0.47585,24.61939,52.00000,,20.00000,0.84621,1
198,1977,217.96500,13.18000,0.47786,24.61054,52.00000,,20.00000,0.84619,1
198,1978,218.07401,13.18667,0.47990,24.60695,49.00000,,20.00000,0.84618,1
198,1979,218.17599,13.19333,0.48181,24.60389,49.00000,,20.00000,0.84617,1
198,1980,218.28700,13.20000,0.48386,24.60030,49.00000,,20.00000,0.84616,1
198,1981,218.39700,13.20667,0.48595,24.59355,50.00000,,20.00000,0.84615,1
198,1982,218.49800,13.21333,0.48776,24.58681,50.00000,,20.00000,0.84613,1
198,1983,218.61200,13.22000,0.48976,24.58427,50.00000,,20.00000,0.84612,1
198,1984,218.71400,13.22667,0.49224,24.58015,50.00000,,20.00000,0.84611,1
198,1985,218.82600,13.23333,0.49424,24.57656,49.00000,,20.00000,0.84610,1
198,1986,218.93401,13.24000,0.49610,24.56980,49.00000,,20.00000,0.84609,1
198,1987,219.03400,13.24667,0.49810,24.56146,51.00000,,20.00000,0.84607,1
198,1988,219.16000,13.25333,0.50005,24.55944,51.00000,,20.00000,0.84606,1
198,1989,219.25600,13.26000,0.50200,24.55638,52.00000,,20.00000,0.84605,1
198,1990,219.36501,13.26667,0.50386,24.55279,52.00000,,20.00000,0.84604,1
198,1991,219.47301,13.27333,0.50577,24.54499,49.00000,,20.00000,0.84603,1
198,1992,219.57600,13.28000,0.50758,24.53928,49.00000,,20.00000,0.84601,1
198,1993,219.67900,13.28667,0.50939,24.53829,50.00000,,20.00000,0.84600,1
198,1994,219.80099,13.29333,0.51106,24.53624,50.00000,,20.00000,0.84599,1
198,1995,219.90601,13.30000,0.51287,24.52893,51.00000,,20.00000,0.84598,1
198,1996,220.01700,13.30667,0.51473,24.52111,51.00000,,20.00000,0.84596,1
198,1997,220.13400,13.31333,0.51669,24.51751,49.00000,,20.00000,0.84595,1
198,1998,220.23199,13.32000,0.51859,24.51761,49.00000,,20.00000,0.84594,1
198,1999,220.33099,13.32667,0.52045,24.51614,50.00000,,20.00000,0.84593,1
198,2000,220.44299,13.33333,0.52231,24.51097,50.00000,,20.00000,0.84591,1
198,2001,220.54800,13.34000,0.52412,24.50632,50.00000,,20.00000,0.84590,1
198,2002,220.65700,13.34667,0.52584,24.50324,50.00000,,20.00000,0.84589,1
198,2003,220.76601,13.35333,0.52746,24.49752,50.00000,,20.00000,0.84588,1
198,2004,220.87199,13.36000,0.52923,24.49023,49.00000,,20.00000,0.84587,1
198,2005,220.98900,13.36667,0.53109,24.48662,49.00000,,20.00000,0.84585,1
198,2006,221.08600,13.37333,0.53285,24.48617,51.00000,,20.00000,0.84584,1
198,2007,221.20000,13.38000,0.53466,24.48258,51.00000,,20.00000,0.84583,1
198,2008,221.30400,13.38667,0.53643,24.47320,52.00000,,20.00000,0.84582,1
198,2009,221.41100,13.39333,0.53810,24.46698,52.00000,,20.00000,0.84580,1
198,2010,221.51401,13.40000,0.53981,24.46603,49.00000,,20.00000,0.84579,1
198,2011,221.62801,13.40667,0.54158,24.46402,49.00000,,20.00000,0.84578,1
198,2012,221.72000,13.41333,0.54320,24.45673,49.00000,,20.00000,0.84577,1
198,2013,221.83099,13.42000,0.54482,24.44891,50.00000,,20.00000,0.84575,1
198,2014,221.94800,13.42667,0.54650,24.44635,50.00000,,20.00000,0.84574,1
198,2015,222.05099,13.43333,0.54821,24.44274,50.00000,,20.00000,0.84573,1
198,2016,222.15900,13.44000,0.54984,24.43913,50.00000,,20.00000,0.84572,1
198,2017,222.27100,13.44667,0.55127,24.43607,50.00000,,20.00000,0.84570,1
198,2018,222.37601,13.45333,0.55284,24.43039,50.00000,,20.00000,0.84569,1
198,2019,222.47301,13.46000,0.55451,24.42312,50.00000,,20.00000,0.84568,1
198,2020,222.57401,13.46667,0.55623,24.42059,50.00000,,20.00000,0.84567,1
198,2021,222.68500,13.47333,0.55800,24.41699,50.00000,,20.00000,0.84565,1
198,2022,222.80200,13.48000,0.55957,24.41339,49.00000,,20.00000,0.84564,1
198,2023,222.89400,13.48667,0.56105,24.40556,49.00000,,20.00000,0.84563,1
198,2024,223.00800,13.49333,0.56263,24.39984,50.00000,,20.00000,0.84562,1
198,2025,223.11400,13.50000,0.56411,24.39833,50.00000,,20.00000,0.84560,1
198,2026,223.22600,13.50667,0.56578,24.39419,50.00000,,20.00000,0.84559,1
198,2027,223.33299,13.51333,0.56740,24.38532,50.00000,,20.00000,0.84558,1
198,2028,223.43800,13.52000,0.56889,24.37910,49.00000,,20.00000,0.84556,1
198,2029,223.54100,13.52667,0.56956,24.37813,49.00000,,20.00000,0.84555,1
198,2030,223.63901,13.53333,0.57147,24.37612,49.00000,,20.00000,0.84554,1
198,2031,223.75800,13.54000,0.57304,24.36885,49.00000,,20.00000,0.84553,1
198,2032,223.86099,13.54667,0.57457,24.36105,50.00000,,20.00000,0.84551,1
198,2033,223.96201,13.55333,0.57605,24.35746,51.00000,,20.00000,0.84550,1
198,2034,224.06700,13.56000,0.57772,24.35703,51.00000,,20.00000,0.84549,1
198,2035,224.16901,13.56667,0.57959,24.35396,51.00000,,20.00000,0.84548,1
198,2036,224.28200,13.57333,0.58112,24.34826,49.00000,,20.00000,0.84546,1
198,2037,224.38100,13.58000,0.58274,24.34256,49.00000,,20.00000,0.84545,1
198,2038,224.49400,13.58667,0.58432,24.33528,50.00000,,20.00000,0.84544,1
198,2039,224.60201,13.59333,0.58580,24.33169,50.00000,,20.00000,0.84542,1
198,2040,224.69400,13.60000,0.58733,24.33125,49.00000,,20.00000,0.84541,1
198,2041,224.80299,13.60667,0.58885,24.32818,49.00000,,20.00000,0.84540,1
198,2042,224.90800,13.61333,0.59034,24.32246,49.00000,,20.00000,0.84539,1
198,2043,225.01700,13.62000,0.59172,24.31674,49.00000,,20.00000,0.84537,1
198,2044,225.12700,13.62667,0.59306,24.30945,49.00000,,20.00000,0.84536,1
198,2045,225.23399,13.63333,0.59440,24.30585,50.00000,,20.00000,0.84535,1
198,2046,225.33800,13.64000,0.59550,24.30541,50.00000,,20.00000,0.84533,1
198,2047,225.43401,13.64667,0.59680,24.30181,50.00000,,20.00000,0.84532,1
198,2048,225.54300,13.65333,0.59809,24.29242,50.00000,,20.00000,0.84531,1
198,2049,225.64600,13.66000,0.59933,24.28617,49.00000,,20.00000,0.84530,1
198,2050,225.75500,13.66667,0.60067,24.28519,49.00000,,20.00000,0.84528,1
198,2051,225.86900,13.67333,0.60254,24.28316,51.00000,,20.00000,0.84527,1
198,2052,225.97200,13.68000,0.60411,24.27798,51.00000,,20.00000,0.84526,1
198,2053,226.07300,13.68667,0.60512,24.27387,51.00000,,20.00000,0.84524,1
198,2054,226.17400,13.69333,0.60636,24.26608,51.00000,,20.00000,0.84523,1
198,2055,226.28300,13.70000,0.60761,24.26146,49.00000,,20.00000,0.84522,1
198,2056,226.37900,13.70667,0.60947,24.25841,49.00000,,20.00000,0.84520,1
198,2057,226.49001,13.71333,0.61072,24.25538,50.00000,,20.00000,0.84519,1
198,2058,226.58299,13.72000,0.61186,24.25181,50.00000,,20.00000,0.84518,1
198,2059,226.69400,13.72667,0.61316,24.24823,50.00000,,20.00000,0.84517,1
198,2060,226.79100,13.73333,0.61469,24.24044,50.00000,,20.00000,0.84515,1
198,2061,226.89000,13.74000,0.61603,24.23578,49.00000,,20.00000,0.84514,1
198,2062,227.00400,13.74667,0.61713,24.23270,49.00000,,20.00000,0.84513,1
198,2063,227.10800,13.75333,0.61823,24.22961,50.00000,,20.00000,0.84511,1
198,2064,227.21700,13.76000,0.61981,24.22599,50.00000,,20.00000,0.84510,1
198,2065,227.31700,13.76667,0.62120,24.22237,50.00000,,20.00000,0.84509,1
198,2066,227.42300,13.77333,0.62259,24.21455,50.00000,,20.00000,0.84507,1
198,2067,227.53200,13.78000,0.62398,24.20988,49.00000,,20.00000,0.84506,1
198,2068,227.63699,13.78667,0.62522,24.20681,49.00000,,20.00000,0.84505,1
198,2069,227.73700,13.79333,0.62628,24.20217,51.00000,,20.00000,0.84503,1
198,2070,227.84500,13.80000,0.62747,24.19965,50.00000,,20.00000,0.84502,1
198,2071,227.94600,13.80667,0.62881,24.19555,52.00000,,20.00000,0.84501,1
198,2072,228.04401,13.81333,0.63025,24.18618,51.00000,,20.00000,0.84500,1
198,2073,228.14400,13.82000,0.63159,24.18207,51.00000,,20.00000,0.84498,1
198,2074,228.24800,13.82667,0.63293,24.18216,49.00000,,20.00000,0.84497,1
198,2075,228.35699,13.83333,0.63427,24.18118,49.00000,,20.00000,0.84496,1
198,2076,228.45900,13.84000,0.63533,24.17862,50.00000,,20.00000,0.84494,1
198,2077,228.56000,13.84667,0.63624,24.17394,50.00000,,20.00000,0.84493,1
198,2078,228.67599,13.85333,0.63744,24.17085,50.00000,,20.00000,0.84491,1
198,2079,228.78101,13.86000,0.63835,24.16671,52.00000,,20.00000,0.84490,1
198,2080,228.87700,13.86667,0.63984,24.16311,52.00000,,20.00000,0.84489,1
198,2081,228.98000,13.87333,0.64132,24.16004,49.00000,,20.00000,0.84488,1
198,2082,229.09100,13.88000,0.64247,24.15644,49.00000,,20.00000,0.84486,1
198,2083,229.18401,13.88667,0.64376,24.15283,50.00000,,20.00000,0.84485,1
198,2084,229.29700,13.89333,0.64477,24.14712,50.00000,,20.00000,0.84483,1
198,2085,229.39500,13.90000,0.64626,24.14246,50.00000,,20.00000,0.84482,1
198,2086,229.49699,13.90667,0.64731,24.13937,50.00000,,20.00000,0.84481,1
198,2087,229.61501,13.91333,0.64823,24.13577,50.00000,,20.00000,0.84479,1
198,2088,229.70900,13.92000,0.64933,24.13216,49.00000,,20.00000,0.84478,1
198,2089,229.81100,13.92667,0.65063,24.12750,49.00000,,20.00000,0.84477,1
198,2090,229.91100,13.93333,0.65159,24.12021,51.00000,,20.00000,0.84475,1
198,2091,230.02000,13.94000,0.65269,24.11556,51.00000,,20.00000,0.84474,1
198,2092,230.13100,13.94667,0.65399,24.11512,51.00000,,20.00000,0.84473,1
198,2093,230.22501,13.95333,0.65514,24.11258,51.00000,,20.00000,0.84471,1
198,2094,230.32600,13.96000,0.65638,24.10687,49.00000,,20.00000,0.84470,1
198,2095,230.42999,13.96667,0.65768,24.10327,49.00000,,20.00000,0.84469,1
198,2096,230.52901,13.97333,0.65888,24.09860,51.00000,,20.00000,0.84467,1
198,2097,230.63499,13.98000,0.66008,24.09287,51.00000,,20.00000,0.84466,1
198,2098,230.74899,13.98667,0.66137,24.08978,52.00000,,20.00000,0.84465,1
198,2099,230.85001,13.99333,0.66252,24.08826,52.00000,,20.00000,0.84463,1
198,2100,230.94600,14.00000,0.66363,24.08517,49.00000,,20.00000,0.84462,1
198,2101,231.05600,14.00667,0.66440,24.08103,49.00000,,20.00000,0.84460,1
198,2102,231.16299,14.01333,0.66588,24.07847,50.00000,,20.00000,0.84459,1
198,2103,231.25500,14.02000,0.66713,24.07591,50.00000,,20.00000,0.84458,1
198,2104,231.36400,14.02667,0.66795,24.07124,50.00000,,20.00000,0.84456,1
198,2105,231.47099,14.03333,0.66901,24.06340,50.00000,,20.00000,0.84455,1
198,2106,231.56700,14.04000,0.67021,24.05872,49.00000,,20.00000,0.84454,1
198,2107,231.67700,14.04667,0.67141,24.05824,49.00000,,20.00000,0.84452,1
198,2108,231.78500,14.05333,0.67256,24.05725,51.00000,,20.00000,0.84451,1
198,2109,231.88600,14.06000,0.67366,24.05468,51.00000,,20.00000,0.84449,1
198,2110,231.99400,14.06667,0.67482,24.05003,51.00000,,20.00000,0.84448,1
198,2111,232.09200,14.07333,0.67597,24.04695,52.00000,,20.00000,0.84447,1
198,2112,232.19000,14.08000,0.67707,24.04283,52.00000,,20.00000,0.84445,1
198,2113,232.29201,14.08667,0.67813,24.03923,49.00000,,20.00000,0.84444,1
198,2114,232.39600,14.09333,0.67914,24.03353,50.00000,,20.00000,0.84443,1
198,2115,232.49899,14.10000,0.68006,24.02887,50.00000,,20.00000,0.84441,1
198,2116,232.60400,14.10667,0.68097,24.02737,50.00000,,20.00000,0.84440,1
198,2117,232.70300,14.11333,0.68208,24.02744,51.00000,,20.00000,0.84438,1
198,2118,232.80600,14.12000,0.68332,24.02540,51.00000,,20.00000,0.84437,1
198,2119,232.90401,14.12667,0.68443,24.01915,49.00000,,20.00000,0.84436,1
198,2120,233.01801,14.13333,0.68530,24.01554,49.00000,,20.00000,0.84434,1
198,2121,233.11301,14.14000,0.68631,24.01191,50.00000,,20.00000,0.84433,1
198,2122,233.22099,14.14667,0.68732,24.00830,50.00000,,20.00000,0.84431,1
198,2123,233.32201,14.15333,0.68837,24.00257,50.00000,,20.00000,0.84430,1
198,2124,233.42300,14.16000,0.68953,23.99895,50.00000,,20.00000,0.84429,1
198,2125,233.52299,14.16667,0.69054,23.99691,49.00000,,20.00000,0.84427,1
198,2126,233.63901,14.17333,0.69155,23.99330,49.00000,,20.00000,0.84426,1
198,2127,233.72600,14.18000,0.69242,23.98969,50.00000,,20.00000,0.84425,1
198,2128,233.83900,14.18667,0.69319,23.98608,51.00000,,20.00000,0.84423,1
198,2129,233.93900,14.19333,0.69415,23.97931,52.00000,,20.00000,0.84422,1
198,2130,234.03300,14.20000,0.69511,23.97254,52.00000,,20.00000,0.84420,1
198,2131,234.13499,14.20667,0.69622,23.97050,49.00000,,20.00000,0.84419,1
198,2132,234.24899,14.21333,0.69747,23.96951,49.00000,,20.00000,0.84417,1
198,2133,234.34801,14.22000,0.69862,23.96535,49.00000,,20.00000,0.84416,1
198,2134,234.44600,14.22667,0.69963,23.96015,50.00000,,20.00000,0.84415,1
198,2135,234.55499,14.23333,0.70069,23.95653,51.00000,,20.00000,0.84413,1
198,2136,234.65500,14.24000,0.70170,23.95187,51.00000,,20.00000,0.84412,1
198,2137,234.75400,14.24667,0.70271,23.94458,49.00000,,20.00000,0.84410,1
198,2138,234.86400,14.25333,0.70368,23.94098,49.00000,,20.00000,0.84409,1
198,2139,234.95300,14.26000,0.70450,23.93790,50.00000,,20.00000,0.84408,1
198,2140,235.05600,14.26667,0.70537,23.93430,50.00000,,20.00000,0.84406,1
198,2141,235.16100,14.27333,0.70647,23.92752,50.00000,,20.00000,0.84405,1
198,2142,235.25800,14.28000,0.70753,23.92074,50.00000,,20.00000,0.84403,1
198,2143,235.37000,14.28667,0.70830,23.91870,50.00000,,20.00000,0.84402,1
198,2144,235.46899,14.29333,0.70922,23.91770,49.00000,,20.00000,0.84401,1
198,2145,235.56599,14.30000,0.71018,23.91355,49.00000,,20.00000,0.84399,1
198,2146,235.67400,14.30667,0.71115,23.90835,51.00000,,20.00000,0.84398,1
198,2147,235.77299,14.31333,0.71202,23.90473,52.00000,,20.00000,0.84396,1
198,2148,235.88100,14.32000,0.71293,23.90163,50.00000,,20.00000,0.84395,1
198,2149,235.97600,14.32667,0.71409,23.89696,49.00000,,20.00000,0.84393,1
198,2150,236.07899,14.33333,0.71481,23.89124,49.00000,,20.00000,0.84392,1
198,2151,236.18500,14.34000,0.71544,23.88815,49.00000,,20.00000,0.84390,1
198,2152,236.28101,14.34667,0.71693,23.88663,49.00000,,20.00000,0.84389,1
198,2153,236.38300,14.35333,0.71794,23.88090,50.00000,,20.00000,0.84388,1
198,2154,236.48801,14.36000,0.71891,23.87569,51.00000,,20.00000,0.84386,1
198,2155,236.58299,14.36667,0.71992,23.87206,51.00000,,20.00000,0.84385,1
198,2156,236.69501,14.37333,0.72074,23.86685,49.00000,,20.00000,0.84383,1
198,2157,236.80499,14.38000,0.72132,23.86270,49.00000,,20.00000,0.84382,1
198,2158,236.89000,14.38667,0.72219,23.85908,50.00000,,20.00000,0.84381,1
198,2159,236.99200,14.39333,0.72316,23.85545,50.00000,,20.00000,0.84379,1
198,2160,237.10201,14.40000,0.72445,23.85130,50.00000,,20.00000,0.84378,1
198,2161,237.19901,14.40667,0.72513,23.84608,50.00000,,20.00000,0.84376,1
198,2162,237.30000,14.41333,0.72557,23.84139,50.00000,,20.00000,0.84375,1
198,2163,237.41299,14.42000,0.72664,23.84091,49.00000,,20.00000,0.84373,1
198,2164,237.50700,14.42667,0.72750,23.83938,49.00000,,20.00000,0.84372,1
198,2165,237.60899,14.43333,0.72837,23.83416,49.00000,,20.00000,0.84370,1
198,2166,237.71500,14.44000,0.72943,23.82948,50.00000,,20.00000,0.84369,1
198,2167,237.81300,14.44667,0.73040,23.82637,50.00000,,20.00000,0.84367,1
198,2168,237.92400,14.45333,0.73122,23.82275,49.00000,,20.00000,0.84366,1
198,2169,238.01601,14.46000,0.73218,23.81756,49.00000,,20.00000,0.84364,1
198,2170,238.12199,14.46667,0.73324,23.81237,49.00000,,20.00000,0.84363,1
198,2171,238.21600,14.47333,0.73426,23.80980,49.00000,,20.00000,0.84362,1
198,2172,238.31300,14.48000,0.73513,23.80776,51.00000,,20.00000,0.84360,1
198,2173,238.42500,14.48667,0.73600,23.80257,51.00000,,20.00000,0.84359,1
198,2174,238.52100,14.49333,0.73672,23.79842,51.00000,,20.00000,0.84357,1
198,2175,238.62801,14.50000,0.73745,23.79427,51.00000,,20.00000,0.84356,1
198,2176,238.72000,14.50667,0.73832,23.78907,49.00000,,20.00000,0.84354,1
198,2177,238.81700,14.51333,0.73919,23.78439,49.00000,,20.00000,0.84353,1
198,2178,238.92799,14.52000,0.74001,23.78339,50.00000,,20.00000,0.84351,1
198,2179,239.03101,14.52667,0.74093,23.78028,50.00000,,20.00000,0.84350,1
198,2180,239.13100,14.53333,0.74175,23.77452,50.00000,,20.00000,0.84348,1
198,2181,239.22099,14.54000,0.74243,23.77086,50.00000,,20.00000,0.84347,1
198,2182,239.33099,14.54667,0.74321,23.76721,50.00000,,20.00000,0.84345,1
198,2183,239.44901,14.55333,0.74417,23.75935,49.00000,,20.00000,0.84344,1
198,2184,239.54601,14.56000,0.74509,23.75360,49.00000,,20.00000,0.84342,1
198,2185,239.64301,14.56667,0.74596,23.75260,50.00000,,20.00000,0.84341,1
198,2186,239.74200,14.57333,0.74669,23.75056,50.00000,,20.00000,0.84339,1
198,2187,239.83900,14.58000,0.74741,23.74536,50.00000,,20.00000,0.84338,1
198,2188,239.94600,14.58667,0.74829,23.74121,50.00000,,20.00000,0.84336,1
198,2189,240.04500,14.59333,0.74911,23.73811,49.00000,,20.00000,0.84335,1
198,2190,240.14200,14.60000,0.75007,23.73448,49.00000,,20.00000,0.84334,1
198,2191,240.24400,14.60667,0.75090,23.73084,51.00000,,20.00000,0.84332,1
198,2192,240.34700,14.61333,0.75177,23.72667,51.00000,,20.00000,0.84331,1
198,2193,240.44800,14.62000,0.75269,23.72144,51.00000,,20.00000,0.84329,1
198,2194,240.55701,14.62667,0.75365,23.71673,50.00000,,20.00000,0.84327,1
198,2195,240.65700,14.63333,0.75443,23.71624,50.00000,,20.00000,0.84326,1
198,2196,240.75101,14.64000,0.75520,23.71468,50.00000,,20.00000,0.84325,1
198,2197,240.85800,14.64667,0.75607,23.71156,49.00000,,20.00000,0.84323,1
198,2198,240.96700,14.65333,0.75695,23.70738,49.00000,,20.00000,0.84321,1
198,2199,241.06100,14.66000,0.75777,23.70426,50.00000,,20.00000,0.84320,1
198,2200,241.17101,14.66667,0.75769,23.70167,51.00000,,20.00000,0.84318,1
198,2201,241.26500,14.67333,0.75841,23.69908,52.00000,,20.00000,0.84317,1
198,2202,241.36400,14.68000,0.75952,23.69597,52.00000,,20.00000,0.84315,1
198,2203,241.46800,14.68667,0.76073,23.69128,49.00000,,20.00000,0.84314,1
198,2204,241.57800,14.69333,0.76150,23.68713,49.00000,,20.00000,0.84312,1
198,2205,241.67000,14.70000,0.76218,23.68508,50.00000,,20.00000,0.84311,1
198,2206,241.76500,14.70667,0.76291,23.68462,50.00000,,20.00000,0.84309,1
198,2207,241.86700,14.71333,0.76350,23.68257,50.00000,,20.00000,0.84308,1
198,2208,241.97200,14.72000,0.76413,23.67788,50.00000,,20.00000,0.84306,1
198,2209,242.06599,14.72667,0.76491,23.67476,49.00000,,20.00000,0.84305,1
198,2210,242.17101,14.73333,0.76573,23.67216,49.00000,,20.00000,0.84303,1
198,2211,242.27000,14.74000,0.76655,23.66956,49.00000,,20.00000,0.84302,1
198,2212,242.38699,14.74667,0.76733,23.66486,50.00000,,20.00000,0.84300,1
198,2213,242.47900,14.75333,0.76820,23.65912,50.00000,,20.00000,0.84299,1
198,2214,242.57201,14.76000,0.76907,23.65444,51.00000,,20.00000,0.84297,1
198,2215,242.67900,14.76667,0.76999,23.65397,51.00000,,20.00000,0.84296,1
198,2216,242.77600,14.77333,0.77086,23.65350,50.00000,,20.00000,0.84294,1
198,2217,242.87700,14.78000,0.77169,23.65144,49.00000,,20.00000,0.84293,1
198,2218,242.97600,14.78667,0.77246,23.64675,49.00000,,20.00000,0.84291,1
198,2219,243.07700,14.79333,0.77276,23.64363,51.00000,,20.00000,0.84290,1
198,2220,243.17400,14.80000,0.77349,23.63946,50.00000,,20.00000,0.84288,1
198,2221,243.28400,14.80667,0.77441,23.63581,50.00000,,20.00000,0.84287,1
198,2222,243.38699,14.81333,0.77533,23.63058,51.00000,,20.00000,0.84285,1
198,2223,243.47800,14.82000,0.77615,23.62534,51.00000,,20.00000,0.84284,1
198,2224,243.58000,14.82667,0.77684,23.62274,50.00000,,20.00000,0.84282,1
198,2225,243.69000,14.83333,0.77780,23.62277,50.00000,,20.00000,0.84280,1
198,2226,243.78600,14.84000,0.77863,23.62226,49.00000,,20.00000,0.84279,1
198,2227,243.88901,14.84667,0.77931,23.62070,49.00000,,20.00000,0.84277,1
198,2228,243.99100,14.85333,0.78004,23.61599,50.00000,,20.00000,0.84276,1
198,2229,244.09500,14.86000,0.78048,23.61235,50.00000,,20.00000,0.84274,1
198,2230,244.20300,14.86667,0.78093,23.60924,50.00000,,20.00000,0.84272,1
198,2231,244.28500,14.87333,0.78156,23.60613,50.00000,,20.00000,0.84271,1
198,2232,244.39400,14.88000,0.78229,23.60198,49.00000,,20.00000,0.84270,1
198,2233,244.49001,14.88667,0.78302,23.59728,49.00000,,20.00000,0.84268,1
198,2234,244.58701,14.89333,0.78384,23.59258,49.00000,,20.00000,0.84267,1
198,2235,244.69000,14.90000,0.78476,23.59155,50.00000,,20.00000,0.84265,1
198,2236,244.79900,14.90667,0.78540,23.58999,50.00000,,20.00000,0.84263,1
198,2237,244.89900,14.91333,0.78598,23.58475,50.00000,,20.00000,0.84262,1
198,2238,245.00000,14.92000,0.78667,23.58004,49.00000,,20.00000,0.84260,1
198,2239,245.09900,14.92667,0.78740,23.57744,50.00000,,20.00000,0.84259,1
198,2240,245.20300,14.93333,0.78803,23.57485,49.00000,,20.00000,0.84257,1
198,2241,245.29500,14.94000,0.78866,23.56962,49.00000,,20.00000,0.84256,1
198,2242,245.40100,14.94667,0.78944,23.56387,51.00000,,20.00000,0.84254,1
198,2243,245.50301,14.95333,0.79017,23.56075,51.00000,,20.00000,0.84252,1
198,2244,245.60001,14.96000,0.79085,23.55921,52.00000,,20.00000,0.84251,1
198,2245,245.70000,14.96667,0.79158,23.55608,52.00000,,20.00000,0.84249,1
198,2246,245.80200,14.97333,0.79236,23.55190,49.00000,,20.00000,0.84248,1
198,2247,245.89900,14.98000,0.79304,23.54929,49.00000,,20.00000,0.84246,1
198,2248,246.00600,14.98667,0.79387,23.54353,49.00000,,20.00000,0.84244,1
198,2249,246.11099,14.99333,0.79455,23.53777,50.00000,,20.00000,0.84243,1
198,2250,246.20399,15.00000,0.79523,23.53465,50.00000,,20.00000,0.84241,1
198,2251,246.30901,15.00667,0.79601,23.53311,50.00000,,20.00000,0.84240,1
198,2252,246.40100,15.01333,0.79664,23.52999,50.00000,,20.00000,0.84238,1
198,2253,246.50200,15.02000,0.79718,23.52582,51.00000,,20.00000,0.84237,1
198,2254,246.60400,15.02667,0.79777,23.52322,52.00000,,20.00000,0.84235,1
198,2255,246.71100,15.03333,0.79826,23.52063,49.00000,,20.00000,0.84233,1
198,2256,246.80499,15.04000,0.79876,23.51592,49.00000,,20.00000,0.84232,1
198,2257,246.90300,15.04667,0.79944,23.50806,50.00000,,20.00000,0.84230,1
198,2258,247.00500,15.05333,0.80017,23.50335,50.00000,,20.00000,0.84229,1
198,2259,247.10600,15.06000,0.80114,23.50285,50.00000,,20.00000,0.84227,1
198,2260,247.20700,15.06667,0.80201,23.50182,50.00000,,20.00000,0.84226,1
198,2261,247.30800,15.07333,0.80284,23.49922,49.00000,,20.00000,0.84224,1
198,2262,247.41100,15.08000,0.80304,23.49451,49.00000,,20.00000,0.84222,1
198,2263,247.50999,15.08667,0.80349,23.49139,49.00000,,20.00000,0.84221,1
198,2264,247.60899,15.09333,0.80422,23.48722,49.00000,,20.00000,0.84219,1
198,2265,247.70300,15.10000,0.80495,23.48462,50.00000,,20.00000,0.84218,1
198,2266,247.81000,15.10667,0.80568,23.48256,50.00000,,20.00000,0.84216,1
198,2267,247.90601,15.11333,0.80646,23.47891,50.00000,,20.00000,0.84214,1
198,2268,248.00600,15.12000,0.80723,23.47314,51.00000,,20.00000,0.84213,1
198,2269,248.10201,15.12667,0.80825,23.46790,49.00000,,20.00000,0.84211,1
198,2270,248.20900,15.13333,0.80884,23.46634,49.00000,,20.00000,0.84210,1
198,2271,248.31100,15.14000,0.80952,23.46530,51.00000,,20.00000,0.84208,1
198,2272,248.40700,15.14667,0.80978,23.46267,51.00000,,20.00000,0.84206,1
198,2273,248.51500,15.15333,0.81022,23.45795,52.00000,,20.00000,0.84205,1
198,2274,248.61301,15.16000,0.81091,23.45533,52.00000,,20.00000,0.84203,1
198,2275,248.71400,15.16667,0.81168,23.45272,49.00000,,20.00000,0.84201,1
198,2276,248.81500,15.17333,0.81232,23.45013,49.00000,,20.00000,0.84200,1
198,2277,248.91800,15.18000,0.81291,23.44438,50.00000,,20.00000,0.84198,1
198,2278,249.01500,15.18667,0.81354,23.43864,50.00000,,20.00000,0.84197,1
198,2279,249.10400,15.19333,0.81418,23.43552,50.00000,,20.00000,0.84195,1
198,2280,249.20500,15.20000,0.81486,23.43397,50.00000,,20.00000,0.84193,1
198,2281,249.30400,15.20667,0.81550,23.43084,50.00000,,20.00000,0.84192,1
198,2282,249.41499,15.21333,0.81633,23.42664,49.00000,,20.00000,0.84190,1
198,2283,249.51100,15.22000,0.81677,23.42402,49.00000,,20.00000,0.84189,1
198,2284,249.61501,15.22667,0.81717,23.42139,49.00000,,20.00000,0.84187,1
198,2285,249.70599,15.23333,0.81804,23.41666,51.00000,,20.00000,0.84185,1
198,2286,249.81799,15.24000,0.81873,23.40878,51.00000,,20.00000,0.84184,1
198,2287,249.91499,15.24667,0.81889,23.40405,50.00000,,20.00000,0.84182,1
198,2288,250.01601,15.25333,0.81919,23.40354,50.00000,,20.00000,0.84180,1
198,2289,250.11800,15.26000,0.81992,23.40093,49.00000,,20.00000,0.84179,1
198,2290,250.22000,15.26667,0.82084,23.39727,49.00000,,20.00000,0.84177,1
198,2291,250.31700,15.27333,0.82143,23.39363,50.00000,,20.00000,0.84175,1
198,2292,250.41600,15.28000,0.82192,23.38999,50.00000,,20.00000,0.84174,1
198,2293,250.51100,15.28667,0.82294,23.38476,50.00000,,20.00000,0.84172,1
198,2294,250.60300,15.29333,0.82329,23.37743,51.00000,,20.00000,0.84171,1
198,2295,250.71700,15.30000,0.82393,23.37272,51.00000,,20.00000,0.84169,1
198,2296,250.80701,15.30667,0.82475,23.37221,49.00000,,20.00000,0.84167,1
198,2297,250.91000,15.31333,0.82544,23.37116,50.00000,,20.00000,0.84166,1
198,2298,251.01199,15.32000,0.82603,23.36696,50.00000,,20.00000,0.84164,1
198,2299,251.11301,15.32667,0.82652,23.36170,50.00000,,20.00000,0.84162,1
198,2300,251.21899,15.33333,0.82702,23.35803,50.00000,,20.00000,0.84161,1
198,2301,251.31000,15.34000,0.82756,23.35329,50.00000,,20.00000,0.84159,1
198,2302,251.41299,15.34667,0.82800,23.34593,50.00000,,20.00000,0.84157,1
198,2303,251.51900,15.35333,0.82864,23.34120,49.00000,,20.00000,0.84156,1
198,2304,251.62000,15.36000,0.82932,23.34067,49.00000,,20.00000,0.84154,1
198,2305,251.71600,15.36667,0.82991,23.33962,50.00000,,20.00000,0.84152,1
198,2306,251.81400,15.37333,0.83041,23.33541,50.00000,,20.00000,0.84151,1
198,2307,251.92799,15.38000,0.83090,23.33015,50.00000,,20.00000,0.84149,1
198,2308,252.02299,15.38667,0.83144,23.32648,50.00000,,20.00000,0.84147,1
198,2309,252.12300,15.39333,0.83194,23.32335,50.00000,,20.00000,0.84146,1
198,2310,252.22400,15.40000,0.83248,23.31864,49.00000,,20.00000,0.84144,1
198,2311,252.31500,15.40667,0.83311,23.31288,49.00000,,20.00000,0.84142,1
198,2312,252.41701,15.41333,0.83375,23.30975,50.00000,,20.00000,0.84141,1
198,2313,252.51900,15.42000,0.83444,23.30820,50.00000,,20.00000,0.84139,1
198,2314,252.61099,15.42667,0.83512,23.30505,51.00000,,20.00000,0.84137,1
198,2315,252.71700,15.43333,0.83576,23.30085,51.00000,,20.00000,0.84136,1
198,2316,252.81799,15.44000,0.83630,23.29822,49.00000,,20.00000,0.84134,1
198,2317,252.92300,15.44667,0.83679,23.29560,50.00000,,20.00000,0.84132,1
198,2318,253.01601,15.45333,0.83705,23.29245,50.00000,,20.00000,0.84131,1
198,2319,253.12000,15.46000,0.83750,23.28825,50.00000,,20.00000,0.84129,1
198,2320,253.22200,15.46667,0.83785,23.28301,50.00000,,20.00000,0.84127,1
198,2321,253.31200,15.47333,0.83858,23.27724,50.00000,,20.00000,0.84126,1
198,2322,253.42200,15.48000,0.83927,23.27305,50.00000,,20.00000,0.84124,1
198,2323,253.51700,15.48667,0.84000,23.27255,52.00000,,20.00000,0.84122,1
198,2324,253.61400,15.49333,0.84068,23.27205,52.00000,,20.00000,0.84120,1
198,2325,253.71100,15.50000,0.84122,23.26944,49.00000,,20.00000,0.84119,1
198,2326,253.81200,15.50667,0.84172,23.26314,49.00000,,20.00000,0.84117,1
198,2327,253.91299,15.51333,0.84197,23.25948,49.00000,,20.00000,0.84115,1
198,2328,254.01801,15.52000,0.84242,23.25424,50.00000,,20.00000,0.84114,1
198,2329,254.10800,15.52667,0.84301,23.24900,50.00000,,20.00000,0.84112,1
198,2330,254.21500,15.53333,0.84365,23.24640,50.00000,,20.00000,0.84110,1
198,2331,254.30299,15.54000,0.84385,23.24642,49.00000,,20.00000,0.84109,1
198,2332,254.40199,15.54667,0.84483,23.24485,49.00000,,20.00000,0.84107,1
198,2333,254.50900,15.55333,0.84537,23.24224,49.00000,,20.00000,0.84105,1
198,2334,254.61000,15.56000,0.84596,23.23963,50.00000,,20.00000,0.84104,1
198,2335,254.71100,15.56667,0.84665,23.23649,51.00000,,20.00000,0.84102,1
198,2336,254.80000,15.57333,0.84738,23.23282,51.00000,,20.00000,0.84100,1
198,2337,254.90401,15.58000,0.84764,23.22861,49.00000,,20.00000,0.84099,1
198,2338,255.00200,15.58667,0.84794,23.22545,49.00000,,20.00000,0.84097,1
198,2339,255.10100,15.59333,0.84853,23.22072,49.00000,,20.00000,0.84095,1
198,2340,255.19901,15.60000,0.84902,23.21493,49.00000,,20.00000,0.84093,1
198,2341,255.31100,15.60667,0.84976,23.21018,51.00000,,20.00000,0.84092,1
198,2342,255.41100,15.61333,0.85040,23.20964,51.00000,,20.00000,0.84090,1
198,2343,255.50999,15.62000,0.85099,23.20807,51.00000,,20.00000,0.84088,1
198,2344,255.61800,15.62667,0.85110,23.20492,51.00000,,20.00000,0.84086,1
198,2345,255.70599,15.63333,0.85145,23.20073,49.00000,,20.00000,0.84085,1
198,2346,255.80299,15.64000,0.85223,23.19759,49.00000,,20.00000,0.84083,1
198,2347,255.90100,15.64667,0.85273,23.19497,50.00000,,20.00000,0.84081,1
198,2348,256.00101,15.65333,0.85327,23.18918,50.00000,,20.00000,0.84080,1
198,2349,256.11301,15.66000,0.85382,23.18180,50.00000,,20.00000,0.84078,1
198,2350,256.20499,15.66667,0.85436,23.17811,49.00000,,20.00000,0.84076,1
198,2351,256.30801,15.67333,0.85485,23.17811,49.00000,,20.00000,0.84074,1
198,2352,256.40601,15.68000,0.85544,23.17758,49.00000,,20.00000,0.84073,1
198,2353,256.51099,15.68667,0.85623,23.17548,51.00000,,20.00000,0.84071,1
198,2354,256.61099,15.69333,0.85677,23.17073,51.00000,,20.00000,0.84069,1
198,2355,256.70300,15.70000,0.85726,23.16756,51.00000,,20.00000,0.84067,1
198,2356,256.80600,15.70667,0.85733,23.16337,52.00000,,20.00000,0.84066,1
198,2357,256.91000,15.71333,0.85797,23.15971,49.00000,,20.00000,0.84064,1
198,2358,257.00800,15.72000,0.85851,23.15447,49.00000,,20.00000,0.84062,1
198,2359,257.10901,15.72667,0.85896,23.14923,49.00000,,20.00000,0.84060,1
198,2360,257.19800,15.73333,0.85945,23.14661,51.00000,,20.00000,0.84059,1
198,2361,257.29401,15.74000,0.85995,23.14662,51.00000,,20.00000,0.84057,1
198,2362,257.40799,15.74667,0.86059,23.14504,52.00000,,20.00000,0.84055,1
198,2363,257.49399,15.75333,0.86108,23.14244,52.00000,,20.00000,0.84054,1
198,2364,257.59799,15.76000,0.86139,23.13773,49.00000,,20.00000,0.84052,1
198,2365,257.70099,15.76667,0.86184,23.13459,49.00000,,20.00000,0.84050,1
198,2366,257.79300,15.77333,0.86257,23.12829,50.00000,,20.00000,0.84048,1
198,2367,257.89200,15.78000,0.86292,23.12304,50.00000,,20.00000,0.84047,1
198,2368,257.99799,15.78667,0.86333,23.12043,50.00000,,20.00000,0.84045,1
198,2369,258.08801,15.79333,0.86382,23.12045,50.00000,,20.00000,0.84043,1
198,2370,258.19299,15.80000,0.86460,23.11889,50.00000,,20.00000,0.84041,1
198,2371,258.28500,15.80667,0.86505,23.11626,49.00000,,20.00000,0.84040,1
198,2372,258.38599,15.81333,0.86559,23.11363,49.00000,,20.00000,0.84038,1
198,2373,258.48300,15.82000,0.86614,23.11047,51.00000,,20.00000,0.84036,1
198,2374,258.58801,15.82667,0.86664,23.10677,50.00000,,20.00000,0.84034,1
198,2375,258.69400,15.83333,0.86718,23.10257,50.00000,,20.00000,0.84032,1
198,2376,258.79401,15.84000,0.86734,23.09942,49.00000,,20.00000,0.84031,1
198,2377,258.88599,15.84667,0.86779,23.09680,50.00000,,20.00000,0.84029,1
198,2378,258.97800,15.85333,0.86828,23.09418,49.00000,,20.00000,0.84027,1
198,2379,259.08701,15.86000,0.86869,23.08944,49.00000,,20.00000,0.84025,1
198,2380,259.17599,15.86667,0.86928,23.08368,51.00000,,20.00000,0.84024,1
198,2381,259.27600,15.87333,0.86996,23.07897,50.00000,,20.00000,0.84022,1
198,2382,259.38300,15.88000,0.87075,23.07845,51.00000,,20.00000,0.84020,1
198,2383,259.48401,15.88667,0.87139,23.07793,51.00000,,20.00000,0.84018,1
198,2384,259.57199,15.89333,0.87188,23.07583,49.00000,,20.00000,0.84017,1
198,2385,259.67401,15.90000,0.87185,23.07110,49.00000,,20.00000,0.84015,1
198,2386,259.77301,15.90667,0.87235,23.06794,49.00000,,20.00000,0.84013,1
198,2387,259.87701,15.91333,0.87270,23.06374,50.00000,,20.00000,0.84011,1
198,2388,259.97601,15.92000,0.87344,23.06058,50.00000,,20.00000,0.84010,1
198,2389,260.07101,15.92667,0.87437,23.05849,50.00000,,20.00000,0.84008,1
198,2390,260.17200,15.93333,0.87486,23.05587,50.00000,,20.00000,0.84006,1
198,2391,260.26999,15.94000,0.87546,23.04956,49.00000,,20.00000,0.84004,1
198,2392,260.36600,15.94667,0.87557,23.04430,49.00000,,20.00000,0.84003,1
198,2393,260.46100,15.95333,0.87592,23.04166,50.00000,,20.00000,0.84001,1
198,2394,260.57001,15.96000,0.87628,23.04112,50.00000,,20.00000,0.83999,1
198,2395,260.67001,15.96667,0.87692,23.03847,50.00000,,20.00000,0.83997,1
198,2396,260.76801,15.97333,0.87761,23.03212,50.00000,,20.00000,0.83995,1
198,2397,260.86700,15.98000,0.87805,23.02897,49.00000,,20.00000,0.83994,1
198,2398,260.96701,15.98667,0.87846,23.02688,49.00000,,20.00000,0.83992,1
198,2399,261.06699,15.99333,0.87900,23.02425,50.00000,,20.00000,0.83990,1
198,2400,261.16501,16.00000,0.87935,23.02162,49.00000,,20.00000,0.83988,1
198,2401,261.26999,16.00667,0.87980,23.01900,50.00000,,20.00000,0.83986,1
198,2402,261.35400,16.01333,0.88020,23.01268,50.00000,,20.00000,0.83985,1
198,2403,261.46399,16.02000,0.88070,23.00794,49.00000,,20.00000,0.83983,1
198,2404,261.55899,16.02667,0.88129,23.00583,50.00000,,20.00000,0.83981,1
198,2405,261.66800,16.03333,0.88189,23.00320,50.00000,,20.00000,0.83979,1
198,2406,261.75601,16.04000,0.88243,23.00003,50.00000,,20.00000,0.83977,1
198,2407,261.86200,16.04667,0.88255,22.99740,50.00000,,20.00000,0.83975,1
198,2408,261.95401,16.05333,0.88295,22.99581,50.00000,,20.00000,0.83974,1
198,2409,262.05801,16.06000,0.88354,22.99159,52.00000,,20.00000,0.83972,1
198,2410,262.16199,16.06667,0.88438,22.98421,52.00000,,20.00000,0.83970,1
198,2411,262.25800,16.07333,0.88478,22.97894,49.00000,,20.00000,0.83968,1
198,2412,262.35999,16.08000,0.88556,22.97839,49.00000,,20.00000,0.83966,1
198,2413,262.45901,16.08667,0.88592,22.97838,50.00000,,20.00000,0.83965,1
198,2414,262.55099,16.09333,0.88612,22.97629,50.00000,,20.00000,0.83963,1
198,2415,262.65302,16.10000,0.88662,22.97369,50.00000,,20.00000,0.83961,1
198,2416,262.76001,16.10667,0.88707,22.97003,50.00000,,20.00000,0.83959,1
198,2417,262.84601,16.11333,0.88743,22.96794,50.00000,,20.00000,0.83957,1
198,2418,262.94199,16.12000,0.88792,22.96481,49.00000,,20.00000,0.83956,1
198,2419,263.04901,16.12667,0.88837,22.96219,49.00000,,20.00000,0.83954,1
198,2420,263.13400,16.13333,0.88896,22.95640,51.00000,,20.00000,0.83952,1
198,2421,263.23499,16.14000,0.88961,22.95063,52.00000,,20.00000,0.83950,1
198,2422,263.33801,16.14667,0.89010,22.94748,52.00000,,20.00000,0.83948,1
198,2423,263.44101,16.15333,0.89070,22.94694,49.00000,,20.00000,0.83946,1
198,2424,263.52899,16.16000,0.89124,22.94692,49.00000,,20.00000,0.83945,1
198,2425,263.63699,16.16667,0.89126,22.94532,49.00000,,20.00000,0.83943,1
198,2426,263.74200,16.17333,0.89181,22.94162,49.00000,,20.00000,0.83941,1
198,2427,263.84100,16.18000,0.89250,22.93686,50.00000,,20.00000,0.83939,1
198,2428,263.93301,16.18667,0.89300,22.93317,50.00000,,20.00000,0.83937,1
198,2429,264.04099,16.19333,0.89340,22.92737,50.00000,,20.00000,0.83935,1
198,2430,264.13501,16.20000,0.89390,22.92211,51.00000,,20.00000,0.83934,1
198,2431,264.23199,16.20667,0.89425,22.92053,51.00000,,20.00000,0.83932,1
198,2432,264.33499,16.21333,0.89466,22.92053,49.00000,,20.00000,0.83930,1
198,2433,264.42801,16.22000,0.89482,22.91842,49.00000,,20.00000,0.83928,1
198,2434,264.53101,16.22667,0.89527,22.91210,50.00000,,20.00000,0.83926,1
198,2435,264.63101,16.23333,0.89582,22.90841,50.00000,,20.00000,0.83924,1
198,2436,264.73199,16.24000,0.89622,22.90682,50.00000,,20.00000,0.83922,1
198,2437,264.82199,16.24667,0.89700,22.90418,50.00000,,20.00000,0.83921,1
198,2438,264.92499,16.25333,0.89774,22.89840,49.00000,,20.00000,0.83919,1
198,2439,265.01999,16.26000,0.89819,22.89263,50.00000,,20.00000,0.83917,1
198,2440,265.12799,16.26667,0.89850,22.88948,49.00000,,20.00000,0.83915,1
198,2441,265.21201,16.27333,0.89890,22.88895,51.00000,,20.00000,0.83913,1
198,2442,265.32401,16.28000,0.89930,22.88791,51.00000,,20.00000,0.83911,1
198,2443,265.41501,16.28667,0.89975,22.88581,52.00000,,20.00000,0.83910,1
198,2444,265.51001,16.29333,0.90025,22.88055,49.00000,,20.00000,0.83908,1
198,2445,265.60699,16.30000,0.90070,22.87791,49.00000,,20.00000,0.83906,1
198,2446,265.71100,16.30667,0.90115,22.87528,49.00000,,20.00000,0.83904,1
198,2447,265.81400,16.31333,0.90161,22.87264,49.00000,,20.00000,0.83902,1
198,2448,265.90601,16.32000,0.90220,22.86684,50.00000,,20.00000,0.83900,1
198,2449,266.01099,16.32667,0.90241,22.86105,50.00000,,20.00000,0.83898,1
198,2450,266.10199,16.33333,0.90267,22.85789,50.00000,,20.00000,0.83897,1
198,2451,266.20801,16.34000,0.90293,22.85630,51.00000,,20.00000,0.83895,1
198,2452,266.28900,16.34667,0.90386,22.85313,49.00000,,20.00000,0.83893,1
198,2453,266.40399,16.35333,0.90445,22.84888,49.00000,,20.00000,0.83891,1
198,2454,266.51401,16.36000,0.90505,22.84623,50.00000,,20.00000,0.83889,1
198,2455,266.60199,16.36667,0.90569,22.84360,50.00000,,20.00000,0.83887,1
198,2456,266.69699,16.37333,0.90590,22.83888,50.00000,,20.00000,0.83885,1
198,2457,266.79401,16.38000,0.90631,22.83099,50.00000,,20.00000,0.83883,1
198,2458,266.89099,16.38667,0.90671,22.82626,50.00000,,20.00000,0.83882,1
198,2459,266.99799,16.39333,0.90716,22.82573,49.00000,,20.00000,0.83880,1
198,2460,267.08701,16.40000,0.90761,22.82467,49.00000,,20.00000,0.83878,1
198,2461,267.19699,16.40667,0.90821,22.82203,51.00000,,20.00000,0.83876,1
198,2462,267.28299,16.41333,0.90890,22.81729,50.00000,,20.00000,0.83874,1
198,2463,267.38901,16.42000,0.90901,22.81413,50.00000,,20.00000,0.83872,1
198,2464,267.48499,16.42667,0.90961,22.80992,50.00000,,20.00000,0.83870,1
198,2465,267.59201,16.43333,0.91011,22.80625,49.00000,,20.00000,0.83868,1
198,2466,267.67899,16.44000,0.91042,22.80311,49.00000,,20.00000,0.83867,1
198,2467,267.77200,16.44667,0.91106,22.79839,49.00000,,20.00000,0.83865,1
198,2468,267.86899,16.45333,0.91156,22.79261,49.00000,,20.00000,0.83863,1
198,2469,267.97299,16.46000,0.91215,22.78945,50.00000,,20.00000,0.83861,1
198,2470,268.06299,16.46667,0.91260,22.78890,50.00000,,20.00000,0.83859,1
198,2471,268.17001,16.47333,0.91315,22.78677,50.00000,,20.00000,0.83857,1
198,2472,268.27200,16.48000,0.91356,22.78309,51.00000,,20.00000,0.83855,1
198,2473,268.36099,16.48667,0.91396,22.77888,49.00000,,20.00000,0.83853,1
198,2474,268.46500,16.49333,0.91427,22.77624,49.00000,,20.00000,0.83851,1
198,2475,268.56900,16.50000,0.91477,22.77361,50.00000,,20.00000,0.83849,1
198,2476,268.66101,16.50667,0.91503,22.77097,50.00000,,20.00000,0.83848,1
198,2477,268.75601,16.51333,0.91538,22.76675,50.00000,,20.00000,0.83846,1
198,2478,268.85800,16.52000,0.91584,22.76252,50.00000,,20.00000,0.83844,1
198,2479,268.95499,16.52667,0.91638,22.75832,49.00000,,20.00000,0.83842,1
198,2480,269.05099,16.53333,0.91688,22.75728,49.00000,,20.00000,0.83840,1
198,2481,269.15302,16.54000,0.91738,22.75623,50.00000,,20.00000,0.83838,1
198,2482,269.25400,16.54667,0.91774,22.75413,50.00000,,20.00000,0.83836,1
198,2483,269.34201,16.55333,0.91843,22.74887,50.00000,,20.00000,0.83834,1
198,2484,269.44199,16.56000,0.91883,22.74624,50.00000,,20.00000,0.83832,1
198,2485,269.54901,16.56667,0.91919,22.74360,50.00000,,20.00000,0.83830,1
198,2486,269.62900,16.57333,0.91964,22.74094,49.00000,,20.00000,0.83829,1
198,2487,269.73499,16.58000,0.92010,22.73511,49.00000,,20.00000,0.83827,1
198,2488,269.84698,16.58667,0.92069,22.72928,50.00000,,20.00000,0.83825,1
198,2489,269.94199,16.59333,0.92124,22.72612,50.00000,,20.00000,0.83823,1
198,2490,270.04401,16.60000,0.92169,22.72560,50.00000,,20.00000,0.83821,1
198,2491,270.13699,16.60667,0.92210,22.72403,50.00000,,20.00000,0.83819,1
198,2492,270.23499,16.61333,0.92260,22.72140,51.00000,,20.00000,0.83817,1
198,2493,270.32901,16.62000,0.92315,22.71825,51.00000,,20.00000,0.83815,1
198,2494,270.42001,16.62667,0.92355,22.71561,49.00000,,20.00000,0.83813,1
198,2495,270.53400,16.63333,0.92400,22.71244,49.00000,,20.00000,0.83811,1
198,2496,270.61499,16.64000,0.92455,22.70983,51.00000,,20.00000,0.83809,1
198,2497,270.72299,16.64667,0.92505,22.70510,51.00000,,20.00000,0.83807,1
198,2498,270.81500,16.65333,0.92555,22.69930,52.00000,,20.00000,0.83806,1
198,2499,270.91501,16.66000,0.92610,22.69455,52.00000,,20.00000,0.83804,1
198,2500,271.01999,16.66667,0.92651,22.69400,49.00000,,20.00000,0.83801,1
198,2501,271.10800,16.67333,0.92691,22.69398,49.00000,,20.00000,0.83800,1
198,2502,271.21899,16.68000,0.92732,22.69344,50.00000,,20.00000,0.83798,1
198,2503,271.31400,16.68667,0.92777,22.69185,50.00000,,20.00000,0.83796,1
198,2504,271.41199,16.69333,0.92822,22.68711,50.00000,,20.00000,0.83794,1
198,2505,271.50601,16.70000,0.92867,22.68342,50.00000,,20.00000,0.83792,1
198,2506,271.60400,16.70667,0.92870,22.68131,49.00000,,20.00000,0.83790,1
198,2507,271.70901,16.71333,0.92881,22.67973,49.00000,,20.00000,0.83788,1
198,2508,271.79800,16.72000,0.92960,22.67762,49.00000,,20.00000,0.83786,1
198,2509,271.90100,16.72667,0.93025,22.67551,51.00000,,20.00000,0.83784,1
198,2510,271.99799,16.73333,0.93099,22.67339,51.00000,,20.00000,0.83782,1
198,2511,272.09100,16.74000,0.93173,22.67074,52.00000,,20.00000,0.83780,1
198,2512,272.19199,16.74667,0.93204,22.66544,52.00000,,20.00000,0.83778,1
198,2513,272.29199,16.75333,0.93215,22.66124,49.00000,,20.00000,0.83776,1
198,2514,272.39600,16.76000,0.93266,22.65756,49.00000,,20.00000,0.83774,1
198,2515,272.49301,16.76667,0.93316,22.65702,49.00000,,20.00000,0.83772,1
198,2516,272.57800,16.77333,0.93366,22.65542,51.00000,,20.00000,0.83771,1
198,2517,272.68399,16.78000,0.93421,22.65277,51.00000,,20.00000,0.83768,1
198,2518,272.78500,16.78667,0.93476,22.64959,51.00000,,20.00000,0.83766,1
198,2519,272.88901,16.79333,0.93526,22.64695,52.00000,,20.00000,0.83764,1
198,2520,272.98599,16.80000,0.93576,22.64484,49.00000,,20.00000,0.83762,1
198,2521,273.07800,16.80667,0.93626,22.64275,49.00000,,20.00000,0.83761,1
198,2522,273.18301,16.81333,0.93676,22.64013,50.00000,,20.00000,0.83758,1
198,2523,273.25800,16.82000,0.93726,22.63330,50.00000,,20.00000,0.83757,1
198,2524,273.36700,16.82667,0.93777,22.62804,50.00000,,20.00000,0.83755,1
198,2525,273.46600,16.83333,0.93827,22.62541,50.00000,,20.00000,0.83753,1
198,2526,273.55801,16.84000,0.93862,22.62540,50.00000,,20.00000,0.83751,1
198,2527,273.65900,16.84667,0.93874,22.62380,49.00000,,20.00000,0.83749,1
198,2528,273.75601,16.85333,0.93934,22.62113,49.00000,,20.00000,0.83747,1
198,2529,273.85400,16.86000,0.93999,22.61793,51.00000,,20.00000,0.83745,1
198,2530,273.96301,16.86667,0.94044,22.61529,51.00000,,20.00000,0.83743,1
198,2531,274.06000,16.87333,0.94094,22.61214,52.00000,,20.00000,0.83741,1
198,2532,274.15900,16.88000,0.94140,22.60951,50.00000,,20.00000,0.83739,1
198,2533,274.24500,16.88667,0.94175,22.60478,49.00000,,20.00000,0.83737,1
198,2534,274.34601,16.89333,0.94226,22.59900,49.00000,,20.00000,0.83735,1
198,2535,274.44101,16.90000,0.94285,22.59427,51.00000,,20.00000,0.83733,1
198,2536,274.53299,16.90667,0.94340,22.59375,50.00000,,20.00000,0.83731,1
198,2537,274.64200,16.91333,0.94391,22.59323,50.00000,,20.00000,0.83729,1
198,2538,274.73401,16.92000,0.94441,22.59060,50.00000,,20.00000,0.83727,1
198,2539,274.82501,16.92667,0.94481,22.58428,50.00000,,20.00000,0.83725,1
198,2540,274.92200,16.93333,0.94488,22.58111,50.00000,,20.00000,0.83723,1
198,2541,275.02200,16.94000,0.94519,22.57898,49.00000,,20.00000,0.83721,1
198,2542,275.12399,16.94667,0.94565,22.57633,49.00000,,20.00000,0.83719,1
198,2543,275.22699,16.95333,0.94625,22.57000,50.00000,,20.00000,0.83717,1
198,2544,275.32300,16.96000,0.94684,22.56472,50.00000,,20.00000,0.83715,1
198,2545,275.41599,16.96667,0.94754,22.56206,50.00000,,20.00000,0.83713,1
198,2546,275.51599,16.97333,0.94833,22.56204,49.00000,,20.00000,0.83711,1
198,2547,275.61301,16.98000,0.94874,22.56046,49.00000,,20.00000,0.83709,1
198,2548,275.70999,16.98667,0.94909,22.55783,49.00000,,20.00000,0.83707,1
198,2549,275.80701,16.99333,0.94955,22.55308,50.00000,,20.00000,0.83705,1
198,2550,275.90500,17.00000,0.94995,22.54989,50.00000,,20.00000,0.83703,1
198,2551,276.00101,17.00667,0.95055,22.54355,50.00000,,20.00000,0.83701,1
198,2552,276.11700,17.01333,0.95111,22.53825,50.00000,,20.00000,0.83699,1
198,2553,276.20200,17.02000,0.95166,22.53558,49.00000,,20.00000,0.83697,1
198,2554,276.30200,17.02667,0.95158,22.53557,49.00000,,20.00000,0.83695,1
198,2555,276.39999,17.03333,0.95213,22.53399,49.00000,,20.00000,0.83693,1
198,2556,276.50000,17.04000,0.95259,22.53135,51.00000,,20.00000,0.83691,1
198,2557,276.59500,17.04667,0.95304,22.52662,51.00000,,20.00000,0.83689,1
198,2558,276.69501,17.05333,0.95359,22.52346,52.00000,,20.00000,0.83687,1
198,2559,276.79099,17.06000,0.95405,22.52083,49.00000,,20.00000,0.83685,1
198,2560,276.87900,17.06667,0.95460,22.51819,49.00000,,20.00000,0.83683,1
198,2561,276.97699,17.07333,0.95529,22.51713,50.00000,,20.00000,0.83681,1
198,2562,277.08301,17.08000,0.95575,22.51501,50.00000,,20.00000,0.83679,1
198,2563,277.18500,17.08667,0.95573,22.50974,50.00000,,20.00000,0.83677,1
198,2564,277.27301,17.09333,0.95589,22.50393,50.00000,,20.00000,0.83675,1
198,2565,277.37201,17.10000,0.95707,22.49917,50.00000,,20.00000,0.83673,1
198,2566,277.46799,17.10667,0.95752,22.49862,51.00000,,20.00000,0.83671,1
198,2567,277.56299,17.11333,0.95788,22.49860,49.00000,,20.00000,0.83669,1
198,2568,277.67801,17.12000,0.95829,22.49752,49.00000,,20.00000,0.83667,1
198,2569,277.77600,17.12667,0.95875,22.49486,49.00000,,20.00000,0.83665,1
198,2570,277.85800,17.13333,0.95920,22.49114,50.00000,,20.00000,0.83663,1
198,2571,277.96201,17.14000,0.95970,22.48852,50.00000,,20.00000,0.83661,1
198,2572,278.06601,17.14667,0.96045,22.48484,49.00000,,20.00000,0.83658,1
198,2573,278.15201,17.15333,0.96085,22.48167,49.00000,,20.00000,0.83657,1
198,2574,278.25201,17.16000,0.96131,22.47956,49.00000,,20.00000,0.83655,1
198,2575,278.35001,17.16667,0.96181,22.47691,49.00000,,20.00000,0.83653,1
198,2576,278.45300,17.17333,0.96227,22.47374,49.00000,,20.00000,0.83650,1
198,2577,278.54599,17.18000,0.96253,22.46899,50.00000,,20.00000,0.83648,1
198,2578,278.64401,17.18667,0.96294,22.46476,50.00000,,20.00000,0.83646,1
198,2579,278.74399,17.19333,0.96344,22.46158,52.00000,,20.00000,0.83644,1
198,2580,278.83600,17.20000,0.96399,22.46156,50.00000,,20.00000,0.83642,1
198,2581,278.94299,17.20667,0.96450,22.46102,49.00000,,20.00000,0.83640,1
198,2582,279.03299,17.21333,0.96491,22.45837,49.00000,,20.00000,0.83638,1
198,2583,279.13699,17.22000,0.96522,22.45309,50.00000,,20.00000,0.83636,1
198,2584,279.23199,17.22667,0.96572,22.45044,52.00000,,20.00000,0.83634,1
198,2585,279.33200,17.23333,0.96628,22.44832,52.00000,,20.00000,0.83632,1
198,2586,279.42700,17.24000,0.96678,22.44672,49.00000,,20.00000,0.83630,1
198,2587,279.51901,17.24667,0.96714,22.44458,49.00000,,20.00000,0.83628,1
198,2588,279.62799,17.25333,0.96755,22.44247,50.00000,,20.00000,0.83626,1
198,2589,279.71600,17.26000,0.96810,22.44035,50.00000,,20.00000,0.83624,1
198,2590,279.81799,17.26667,0.96860,22.43401,50.00000,,20.00000,0.83622,1
198,2591,279.92001,17.27333,0.96911,22.42820,50.00000,,20.00000,0.83620,1
198,2592,280.01801,17.28000,0.96980,22.42502,49.00000,,20.00000,0.83617,1
198,2593,280.11401,17.28667,0.97045,22.42448,49.00000,,20.00000,0.83615,1
198,2594,280.21600,17.29333,0.97101,22.42447,49.00000,,20.00000,0.83613,1
198,2595,280.29999,17.30000,0.97112,22.42393,50.00000,,20.00000,0.83611,1
198,2596,280.41199,17.30667,0.97149,22.42183,50.00000,,20.00000,0.83609,1
198,2597,280.50400,17.31333,0.97194,22.41866,51.00000,,20.00000,0.83607,1
198,2598,280.59100,17.32000,0.97283,22.41497,51.00000,,20.00000,0.83605,1
198,2599,280.69901,17.32667,0.97338,22.41234,49.00000,,20.00000,0.83603,1
198,2600,280.78601,17.33333,0.97389,22.40917,50.00000,,20.00000,0.83601,1
198,2601,280.89301,17.34000,0.97410,22.40548,50.00000,,20.00000,0.83599,1
198,2602,280.98499,17.34667,0.97427,22.39967,49.00000,,20.00000,0.83597,1
198,2603,281.08401,17.35333,0.97502,22.39439,51.00000,,20.00000,0.83595,1
198,2604,281.17999,17.36000,0.97576,22.39278,51.00000,,20.00000,0.83593,1
198,2605,281.27600,17.36667,0.97622,22.39278,52.00000,,20.00000,0.83591,1
198,2606,281.37399,17.37333,0.97667,22.39278,52.00000,,20.00000,0.83589,1
198,2607,281.46701,17.38000,0.97708,22.39118,52.00000,,20.00000,0.83587,1
198,2608,281.57700,17.38667,0.97754,22.38748,49.00000,,20.00000,0.83584,1
198,2609,281.66800,17.39333,0.97800,22.38273,50.00000,,20.00000,0.83582,1
198,2610,281.76099,17.40000,0.97845,22.38007,50.00000,,20.00000,0.83580,1
198,2611,281.86499,17.40667,0.97896,22.37899,50.00000,,20.00000,0.83578,1
198,2612,281.95801,17.41333,0.97956,22.37689,50.00000,,20.00000,0.83576,1
198,2613,282.06201,17.42000,0.98021,22.37374,49.00000,,20.00000,0.83574,1
198,2614,282.14600,17.42667,0.98081,22.36846,49.00000,,20.00000,0.83572,1
198,2615,282.24600,17.43333,0.98088,22.36423,50.00000,,20.00000,0.83570,1
198,2616,282.34698,17.44000,0.98100,22.36105,50.00000,,20.00000,0.83568,1
198,2617,282.45300,17.44667,0.98146,22.36103,49.00000,,20.00000,0.83565,1
198,2618,282.54199,17.45333,0.98201,22.36047,50.00000,,20.00000,0.83563,1
198,2619,282.63699,17.46000,0.98286,22.35781,50.00000,,20.00000,0.83561,1
198,2620,282.74399,17.46667,0.98341,22.35566,50.00000,,20.00000,0.83559,1
198,2621,282.83899,17.47333,0.98401,22.35350,49.00000,,20.00000,0.83557,1
198,2622,282.93399,17.48000,0.98461,22.35085,49.00000,,20.00000,0.83555,1
198,2623,283.04199,17.48667,0.98512,22.34872,51.00000,,20.00000,0.83553,1
198,2624,283.13901,17.49333,0.98558,22.34607,51.00000,,20.00000,0.83551,1
198,2625,283.23901,17.50000,0.98604,22.34237,52.00000,,20.00000,0.83548,1
198,2626,283.33499,17.50667,0.98630,22.33973,51.00000,,20.00000,0.83546,1
198,2627,283.42001,17.51333,0.98647,22.33340,49.00000,,20.00000,0.83544,1
198,2628,283.52802,17.52000,0.98712,22.32759,49.00000,,20.00000,0.83542,1
198,2629,283.61700,17.52667,0.98758,22.32444,50.00000,,20.00000,0.83540,1
198,2630,283.70599,17.53333,0.98798,22.32392,50.00000,,20.00000,0.83538,1
198,2631,283.82001,17.54000,0.98854,22.32390,50.00000,,20.00000,0.83536,1
198,2632,283.91000,17.54667,0.98905,22.32229,50.00000,,20.00000,0.83534,1
198,2633,284.00699,17.55333,0.98950,22.31964,50.00000,,20.00000,0.83532,1
198,2634,284.11200,17.56000,0.98992,22.31593,49.00000,,20.00000,0.83529,1
198,2635,284.20700,17.56667,0.99037,22.31327,52.00000,,20.00000,0.83527,1
198,2636,284.29901,17.57333,0.99078,22.31009,49.00000,,20.00000,0.83525,1
198,2637,284.40302,17.58000,0.99119,22.30744,49.00000,,20.00000,0.83523,1
198,2638,284.49799,17.58667,0.99170,22.30426,50.00000,,20.00000,0.83521,1
198,2639,284.59900,17.59333,0.99240,22.29950,50.00000,,20.00000,0.83519,1
198,2640,284.68900,17.60000,0.99281,22.29526,50.00000,,20.00000,0.83517,1
198,2641,284.79501,17.60667,0.99298,22.29208,50.00000,,20.00000,0.83514,1
198,2642,284.89200,17.61333,0.99368,22.29205,49.00000,,20.00000,0.83512,1
198,2643,284.98300,17.62000,0.99428,22.29202,49.00000,,20.00000,0.83510,1
198,2644,285.08801,17.62667,0.99483,22.29145,51.00000,,20.00000,0.83508,1
198,2645,285.18600,17.63333,0.99558,22.28931,51.00000,,20.00000,0.83506,1
198,2646,285.28799,17.64000,0.99566,22.28616,52.00000,,20.00000,0.83504,1
198,2647,285.37601,17.64667,0.99587,22.28249,51.00000,,20.00000,0.83502,1
198,2648,285.47400,17.65333,0.99633,22.28038,52.00000,,20.00000,0.83500,1
198,2649,285.56100,17.66000,0.99679,22.27826,49.00000,,20.00000,0.83498,1
198,2650,285.66599,17.66667,0.99744,22.27615,50.00000,,20.00000,0.83495,1
198,2651,285.76599,17.67333,0.99795,22.27402,50.00000,,20.00000,0.83493,1
198,2652,285.85901,17.68000,0.99850,22.27295,51.00000,,20.00000,0.83491,1
198,2653,285.95801,17.68667,0.99906,22.27134,51.00000,,20.00000,0.83489,1
198,2654,286.05801,17.69333,0.99947,22.26921,51.00000,,20.00000,0.83487,1
198,2655,286.15100,17.70000,0.99983,22.26496,51.00000,,20.00000,0.83485,1
198,2656,286.25101,17.70667,1.00058,22.26124,49.00000,,20.00000,0.83482,1
198,2657,286.34900,17.71333,1.00099,22.25752,49.00000,,20.00000,0.83480,1
198,2658,286.45999,17.72000,1.00116,22.25486,50.00000,,20.00000,0.83478,1
198,2659,286.55399,17.72667,1.00172,22.25485,50.00000,,20.00000,0.83476,1
198,2660,286.64099,17.73333,1.00217,22.25325,50.00000,,20.00000,0.83474,1
198,2661,286.73901,17.74000,1.00282,22.25060,50.00000,,20.00000,0.83472,1
198,2662,286.84201,17.74667,1.00319,22.24742,50.00000,,20.00000,0.83469,1
198,2663,286.92999,17.75333,1.00379,22.24480,49.00000,,20.00000,0.83467,1
198,2664,287.03201,17.76000,1.00430,22.24324,49.00000,,20.00000,0.83465,1
198,2665,287.12201,17.76667,1.00466,22.24165,51.00000,,20.00000,0.83463,1
198,2666,287.22299,17.77333,1.00459,22.24006,51.00000,,20.00000,0.83461,1
198,2667,287.31799,17.78000,1.00495,22.23793,51.00000,,20.00000,0.83459,1
198,2668,287.41800,17.78667,1.00560,22.23527,51.00000,,20.00000,0.83456,1
198,2669,287.50400,17.79333,1.00616,22.23313,49.00000,,20.00000,0.83454,1
198,2670,287.61899,17.80000,1.00667,22.23099,49.00000,,20.00000,0.83452,1
198,2671,287.71201,17.80667,1.00718,22.22674,51.00000,,20.00000,0.83450,1
198,2672,287.80899,17.81333,1.00768,22.22301,51.00000,,20.00000,0.83448,1
198,2673,287.91400,17.82000,1.00829,22.21929,51.00000,,20.00000,0.83445,1
198,2674,288.01001,17.82667,1.00884,22.21767,51.00000,,20.00000,0.83443,1
198,2675,288.10501,17.83333,1.00935,22.21764,49.00000,,20.00000,0.83441,1
198,2676,288.20599,17.84000,1.00981,22.21762,49.00000,,20.00000,0.83439,1
198,2677,288.30701,17.84667,1.01003,22.21655,50.00000,,20.00000,0.83436,1
198,2678,288.39999,17.85333,1.01015,22.21493,50.00000,,20.00000,0.83434,1
198,2679,288.49701,17.86000,1.01028,22.21069,50.00000,,20.00000,0.83432,1
198,2680,288.59100,17.86667,1.01069,22.20753,50.00000,,20.00000,0.83430,1
198,2681,288.69101,17.87333,1.01148,22.20543,49.00000,,20.00000,0.83428,1
198,2682,288.78400,17.88000,1.01214,22.20330,49.00000,,20.00000,0.83426,1
198,2683,288.88501,17.88667,1.01289,22.20118,51.00000,,20.00000,0.83423,1
198,2684,288.98499,17.89333,1.01330,22.19905,51.00000,,20.00000,0.83421,1
198,2685,289.07700,17.90000,1.01342,22.19480,51.00000,,20.00000,0.83419,1
198,2686,289.17499,17.90667,1.01374,22.19108,52.00000,,20.00000,0.83417,1
198,2687,289.26999,17.91333,1.01429,22.18738,49.00000,,20.00000,0.83415,1
198,2688,289.37399,17.92000,1.01480,22.18580,49.00000,,20.00000,0.83412,1
198,2689,289.47501,17.92667,1.01517,22.18578,50.00000,,20.00000,0.83410,1
198,2690,289.56400,17.93333,1.01567,22.18576,50.00000,,20.00000,0.83408,1
198,2691,289.66501,17.94000,1.01633,22.18363,51.00000,,20.00000,0.83406,1
198,2692,289.75699,17.94667,1.01688,22.18151,51.00000,,20.00000,0.83404,1
198,2693,289.85300,17.95333,1.01705,22.17674,51.00000,,20.00000,0.83402,1
198,2694,289.95999,17.96000,1.01771,22.17461,49.00000,,20.00000,0.83399,1
198,2695,290.05099,17.96667,1.01841,22.17299,49.00000,,20.00000,0.83397,1
198,2696,290.15302,17.97333,1.01897,22.17138,50.00000,,20.00000,0.83395,1
198,2697,290.25101,17.98000,1.01923,22.16976,50.00000,,20.00000,0.83392,1
198,2698,290.34601,17.98667,1.01965,22.16815,50.00000,,20.00000,0.83390,1
198,2699,290.44800,17.99333,1.02025,22.16706,49.00000,,20.00000,0.83388,1
198,2700,290.54700,18.00000,1.02071,22.16545,49.00000,,20.00000,0.83386,1
198,2701,290.64401,18.00667,1.02113,22.16331,49.00000,,20.00000,0.83383,1
198,2702,290.74600,18.01333,1.02111,22.15696,51.00000,,20.00000,0.83381,1
198,2703,290.84000,18.02000,1.02133,22.15271,51.00000,,20.00000,0.83379,1
198,2704,290.92899,18.02667,1.02188,22.14901,50.00000,,20.00000,0.83377,1
198,2705,291.03900,18.03333,1.02230,22.14848,50.00000,,20.00000,0.83374,1
198,2706,291.12601,18.04000,1.02275,22.14846,49.00000,,20.00000,0.83372,1
198,2707,291.22800,18.04667,1.02331,22.14843,49.00000,,20.00000,0.83370,1
198,2708,291.32401,18.05333,1.02387,22.14630,50.00000,,20.00000,0.83368,1
198,2709,291.42801,18.06000,1.02443,22.14470,50.00000,,20.00000,0.83365,1
198,2710,291.51700,18.06667,1.02489,22.14258,51.00000,,20.00000,0.83363,1
198,2711,291.62000,18.07333,1.02497,22.14045,51.00000,,20.00000,0.83361,1
198,2712,291.70901,18.08000,1.02528,22.13885,49.00000,,20.00000,0.83359,1
198,2713,291.81299,18.08667,1.02589,22.13673,51.00000,,20.00000,0.83357,1
198,2714,291.90799,18.09333,1.02649,22.13513,50.00000,,20.00000,0.83354,1
198,2715,292.00601,18.10000,1.02695,22.13248,50.00000,,20.00000,0.83352,1
198,2716,292.09900,18.10667,1.02746,22.12930,50.00000,,20.00000,0.83350,1
198,2717,292.19800,18.11333,1.02797,22.12717,50.00000,,20.00000,0.83348,1
198,2718,292.29800,18.12000,1.02843,22.12557,49.00000,,20.00000,0.83345,1
198,2719,292.39600,18.12667,1.02899,22.12448,49.00000,,20.00000,0.83343,1
198,2720,292.48700,18.13333,1.02945,22.12339,50.00000,,20.00000,0.83341,1
198,2721,292.58701,18.14000,1.02967,22.12180,49.00000,,20.00000,0.83339,1
198,2722,292.68600,18.14667,1.02990,22.12021,50.00000,,20.00000,0.83336,1
198,2723,292.78201,18.15333,1.03021,22.11860,50.00000,,20.00000,0.83334,1
198,2724,292.87900,18.16000,1.03048,22.11700,49.00000,,20.00000,0.83332,1
198,2725,292.98099,18.16667,1.03080,22.11223,49.00000,,20.00000,0.83330,1
198,2726,293.07199,18.17333,1.03121,22.10747,49.00000,,20.00000,0.83327,1
198,2727,293.17599,18.18000,1.03163,22.10324,49.00000,,20.00000,0.83325,1
198,2728,293.26901,18.18667,1.03209,22.10111,50.00000,,20.00000,0.83323,1
198,2729,293.36899,18.19333,1.03255,22.10108,50.00000,,20.00000,0.83321,1
198,2730,293.45401,18.20000,1.03286,22.10105,50.00000,,20.00000,0.83319,1
198,2731,293.56400,18.20667,1.03323,22.10049,50.00000,,20.00000,0.83316,1
198,2732,293.66400,18.21333,1.03370,22.09889,50.00000,,20.00000,0.83314,1
198,2733,293.76099,18.22000,1.03421,22.09728,50.00000,,20.00000,0.83311,1
198,2734,293.85699,18.22667,1.03467,22.09515,50.00000,,20.00000,0.83309,1
198,2735,293.94800,18.23333,1.03503,22.09355,50.00000,,20.00000,0.83307,1
198,2736,294.04901,18.24000,1.03549,22.09194,50.00000,,20.00000,0.83305,1
198,2737,294.14899,18.24667,1.03601,22.08927,49.00000,,20.00000,0.83302,1
198,2738,294.24399,18.25333,1.03642,22.08716,49.00000,,20.00000,0.83300,1
198,2739,294.33600,18.26000,1.03674,22.08240,50.00000,,20.00000,0.83298,1
198,2740,294.43399,18.26667,1.03710,22.07974,49.00000,,20.00000,0.83296,1
198,2741,294.53799,18.27333,1.03732,22.07759,50.00000,,20.00000,0.83293,1
198,2742,294.63599,18.28000,1.03755,22.07649,50.00000,,20.00000,0.83291,1
198,2743,294.73300,18.28667,1.03830,22.07485,50.00000,,20.00000,0.83289,1
198,2744,294.83401,18.29333,1.03867,22.07269,50.00000,,20.00000,0.83286,1
198,2745,294.93701,18.30000,1.03898,22.07109,49.00000,,20.00000,0.83284,1
198,2746,295.02802,18.30667,1.03940,22.06950,49.00000,,20.00000,0.83282,1
198,2747,295.12701,18.31333,1.03986,22.06579,51.00000,,20.00000,0.83279,1
198,2748,295.22198,18.32000,1.04032,22.05997,51.00000,,20.00000,0.83277,1
198,2749,295.32001,18.32667,1.04079,22.05574,51.00000,,20.00000,0.83275,1
198,2750,295.41901,18.33333,1.04120,22.05256,51.00000,,20.00000,0.83272,1
198,2751,295.52100,18.34000,1.04166,22.05255,49.00000,,20.00000,0.83270,1
198,2752,295.61301,18.34667,1.04203,22.05253,49.00000,,20.00000,0.83268,1
198,2753,295.70001,18.35333,1.04230,22.05199,50.00000,,20.00000,0.83266,1
198,2754,295.80099,18.36000,1.04266,22.04986,50.00000,,20.00000,0.83263,1
198,2755,295.90799,18.36667,1.04308,22.04827,50.00000,,20.00000,0.83261,1
198,2756,295.99701,18.37333,1.04345,22.04613,52.00000,,20.00000,0.83259,1
198,2757,296.09299,18.38000,1.04381,22.04453,49.00000,,20.00000,0.83257,1
198,2758,296.19199,18.38667,1.04408,22.04239,49.00000,,20.00000,0.83254,1
198,2759,296.28699,18.39333,1.04455,22.04130,50.00000,,20.00000,0.83252,1
198,2760,296.39200,18.40000,1.04491,22.03967,50.00000,,20.00000,0.83249,1
198,2761,296.49200,18.40667,1.04533,22.03752,49.00000,,20.00000,0.83247,1
198,2762,296.58099,18.41333,1.04565,22.03382,49.00000,,20.00000,0.83245,1
198,2763,296.68500,18.42000,1.04611,22.03171,49.00000,,20.00000,0.83242,1
198,2764,296.77802,18.42667,1.04657,22.03010,49.00000,,20.00000,0.83240,1
198,2765,296.87000,18.43333,1.04689,22.02797,50.00000,,20.00000,0.83238,1
198,2766,296.97699,18.44000,1.04731,22.02636,50.00000,,20.00000,0.83235,1
198,2767,297.07001,18.44667,1.04763,22.02474,50.00000,,20.00000,0.83233,1
198,2768,297.16800,18.45333,1.04795,22.01996,50.00000,,20.00000,0.83231,1
198,2769,297.26999,18.46000,1.04836,22.01624,50.00000,,20.00000,0.83228,1
198,2770,297.37000,18.46667,1.04878,22.01252,50.00000,,20.00000,0.83226,1
198,2771,297.46201,18.47333,1.04910,22.00985,50.00000,,20.00000,0.83224,1
198,2772,297.56799,18.48000,1.04922,22.00983,50.00000,,20.00000,0.83221,1
198,2773,297.66299,18.48667,1.04954,22.00981,51.00000,,20.00000,0.83219,1
198,2774,297.75101,18.49333,1.05005,22.00821,51.00000,,20.00000,0.83217,1
198,2775,297.85300,18.50000,1.05047,22.00662,50.00000,,20.00000,0.83215,1
198,2776,297.95001,18.50667,1.05093,22.00449,49.00000,,20.00000,0.83212,1
198,2777,298.04300,18.51333,1.05130,22.00182,49.00000,,20.00000,0.83210,1
198,2778,298.14401,18.52000,1.05172,21.99968,50.00000,,20.00000,0.83208,1
198,2779,298.23801,18.52667,1.05223,21.99862,50.00000,,20.00000,0.83205,1
198,2780,298.33600,18.53333,1.05259,21.99703,49.00000,,20.00000,0.83203,1
198,2781,298.43399,18.54000,1.05258,21.99542,49.00000,,20.00000,0.83201,1
198,2782,298.53699,18.54667,1.05328,21.99382,50.00000,,20.00000,0.83198,1
198,2783,298.62399,18.55333,1.05374,21.99115,51.00000,,20.00000,0.83196,1
198,2784,298.72400,18.56000,1.05426,21.98902,51.00000,,20.00000,0.83194,1
198,2785,298.82800,18.56667,1.05477,21.98688,52.00000,,20.00000,0.83191,1
198,2786,298.91901,18.57333,1.05528,21.98579,49.00000,,20.00000,0.83189,1
198,2787,299.02301,18.58000,1.05541,21.98418,49.00000,,20.00000,0.83186,1
198,2788,299.11899,18.58667,1.05563,21.98258,50.00000,,20.00000,0.83184,1
198,2789,299.21600,18.59333,1.05595,21.97992,50.00000,,20.00000,0.83182,1
198,2790,299.30801,18.60000,1.05622,21.97621,50.00000,,20.00000,0.83179,1
198,2791,299.40302,18.60667,1.05654,21.97303,50.00000,,20.00000,0.83177,1
198,2792,299.51199,18.61333,1.05691,21.96985,51.00000,,20.00000,0.83174,1
198,2793,299.60101,18.62000,1.05718,21.96772,51.00000,,20.00000,0.83172,1
198,2794,299.69400,18.62667,1.05755,21.96768,49.00000,,20.00000,0.83170,1
198,2795,299.80600,18.63333,1.05787,21.96764,49.00000,,20.00000,0.83167,1
198,2796,299.89401,18.64000,1.05819,21.96712,50.00000,,20.00000,0.83165,1
198,2797,299.98599,18.64667,1.05851,21.96554,50.00000,,20.00000,0.83163,1
198,2798,300.07001,18.65333,1.05882,21.96393,49.00000,,20.00000,0.83161,1
198,2799,300.18600,18.66000,1.05934,21.96231,49.00000,,20.00000,0.83158,1
198,2800,300.28000,18.66667,1.05971,21.96069,49.00000,,20.00000,0.83156,1
198,2801,300.38800,18.67333,1.05994,21.95908,49.00000,,20.00000,0.83153,1
198,2802,300.47900,18.68000,1.06016,21.95746,49.00000,,20.00000,0.83151,1
198,2803,300.56601,18.68667,1.06062,21.95584,51.00000,,20.00000,0.83149,1
198,2804,300.67899,18.69333,1.06075,21.95422,51.00000,,20.00000,0.83146,1
198,2805,300.76999,18.70000,1.06126,21.95261,49.00000,,20.00000,0.83144,1
198,2806,300.87201,18.70667,1.06159,21.94941,49.00000,,20.00000,0.83141,1
198,2807,300.96899,18.71333,1.06195,21.94780,50.00000,,20.00000,0.83139,1
198,2808,301.06601,18.72000,1.06223,21.94566,49.00000,,20.00000,0.83137,1
198,2809,301.16199,18.72667,1.06255,21.94247,51.00000,,20.00000,0.83134,1
198,2810,301.26099,18.73333,1.06301,21.94033,52.00000,,20.00000,0.83132,1
198,2811,301.35901,18.74000,1.06348,21.93871,52.00000,,20.00000,0.83129,1
198,2812,301.45999,18.74667,1.06390,21.93761,49.00000,,20.00000,0.83127,1
198,2813,301.54700,18.75333,1.06421,21.93549,49.00000,,20.00000,0.83125,1
198,2814,301.65500,18.76000,1.06459,21.93390,49.00000,,20.00000,0.83122,1
198,2815,301.74600,18.76667,1.06486,21.93019,50.00000,,20.00000,0.83120,1
198,2816,301.85101,18.77333,1.06503,21.92702,50.00000,,20.00000,0.83117,1
198,2817,301.93701,18.78000,1.06525,21.92384,50.00000,,20.00000,0.83115,1
198,2818,302.04199,18.78667,1.06567,21.92118,50.00000,,20.00000,0.83113,1
198,2819,302.12701,18.79333,1.06599,21.92008,49.00000,,20.00000,0.83111,1
198,2820,302.22800,18.80000,1.06631,21.92007,49.00000,,20.00000,0.83108,1
198,2821,302.33200,18.80667,1.06659,21.91898,51.00000,,20.00000,0.83105,1
198,2822,302.42401,18.81333,1.06691,21.91736,51.00000,,20.00000,0.83103,1
198,2823,302.53000,18.82000,1.06718,21.91520,51.00000,,20.00000,0.83101,1
198,2824,302.62799,18.82667,1.06760,21.91095,51.00000,,20.00000,0.83098,1
198,2825,302.72800,18.83333,1.06787,21.90881,49.00000,,20.00000,0.83096,1
198,2826,302.82599,18.84000,1.06824,21.90720,49.00000,,20.00000,0.83093,1
198,2827,302.92099,18.84667,1.06851,21.90560,51.00000,,20.00000,0.83091,1
198,2828,303.01300,18.85333,1.06869,21.90399,51.00000,,20.00000,0.83089,1
198,2829,303.10800,18.86000,1.06901,21.90186,52.00000,,20.00000,0.83086,1
198,2830,303.21399,18.86667,1.06943,21.90078,52.00000,,20.00000,0.83084,1
198,2831,303.31100,18.87333,1.06975,21.89918,51.00000,,20.00000,0.83081,1
198,2832,303.40601,18.88000,1.07007,21.89757,49.00000,,20.00000,0.83079,1
198,2833,303.49899,18.88667,1.07039,21.89333,50.00000,,20.00000,0.83076,1
198,2834,303.59698,18.89333,1.07071,21.88909,50.00000,,20.00000,0.83074,1
198,2835,303.69299,18.90000,1.07108,21.88588,50.00000,,20.00000,0.83072,1
198,2836,303.79999,18.90667,1.07121,21.88266,50.00000,,20.00000,0.83069,1
198,2837,303.89099,18.91333,1.07115,21.88212,49.00000,,20.00000,0.83067,1
198,2838,303.99301,18.92000,1.07128,21.88210,49.00000,,20.00000,0.83064,1
198,2839,304.09299,18.92667,1.07160,21.88208,49.00000,,20.00000,0.83062,1
198,2840,304.18799,18.93333,1.07235,21.88206,50.00000,,20.00000,0.83059,1
198,2841,304.28000,18.94000,1.07287,21.88098,50.00000,,20.00000,0.83057,1
198,2842,304.37701,18.94667,1.07319,21.87938,50.00000,,20.00000,0.83055,1
198,2843,304.47101,18.95333,1.07336,21.87829,50.00000,,20.00000,0.83052,1
198,2844,304.56900,18.96000,1.07344,21.87668,49.00000,,20.00000,0.83050,1
198,2845,304.67599,18.96667,1.07377,21.87559,49.00000,,20.00000,0.83047,1
198,2846,304.77802,18.97333,1.07404,21.87397,50.00000,,20.00000,0.83045,1
198,2847,304.86200,18.98000,1.07441,21.87288,51.00000,,20.00000,0.83042,1
198,2848,304.96399,18.98667,1.07468,21.87075,50.00000,,20.00000,0.83040,1
198,2849,305.06400,18.99333,1.07506,21.86914,50.00000,,20.00000,0.83037,1
198,2850,305.15900,19.00000,1.07552,21.86753,50.00000,,20.00000,0.83035,1
198,2851,305.25900,19.00667,1.07575,21.86592,50.00000,,20.00000,0.83032,1
198,2852,305.35599,19.01333,1.07592,21.86324,50.00000,,20.00000,0.83030,1
198,2853,305.45099,19.02000,1.07610,21.86162,50.00000,,20.00000,0.83028,1
198,2854,305.55200,19.02667,1.07638,21.86057,50.00000,,20.00000,0.83025,1
198,2855,305.64600,19.03333,1.07694,21.85899,49.00000,,20.00000,0.83023,1
198,2856,305.73999,19.04000,1.07716,21.85844,49.00000,,20.00000,0.83020,1
198,2857,305.82999,19.04667,1.07743,21.85735,51.00000,,20.00000,0.83018,1
198,2858,305.93201,19.05333,1.07752,21.85626,52.00000,,20.00000,0.83015,1
198,2859,306.03500,19.06000,1.07774,21.85465,52.00000,,20.00000,0.83013,1
198,2860,306.13901,19.06667,1.07836,21.85408,49.00000,,20.00000,0.83010,1
198,2861,306.22800,19.07333,1.07863,21.85247,49.00000,,20.00000,0.83008,1
198,2862,306.32800,19.08000,1.07881,21.85138,51.00000,,20.00000,0.83005,1
198,2863,306.42300,19.08667,1.07908,21.85030,51.00000,,20.00000,0.83003,1
198,2864,306.52499,19.09333,1.07931,21.84870,52.00000,,20.00000,0.83000,1
198,2865,306.62100,19.10000,1.07982,21.84710,52.00000,,20.00000,0.82998,1
198,2866,306.70999,19.10667,1.08019,21.84550,49.00000,,20.00000,0.82996,1
198,2867,306.81201,19.11333,1.08008,21.84389,49.00000,,20.00000,0.82993,1
198,2868,306.90701,19.12000,1.08021,21.84123,50.00000,,20.00000,0.82991,1
198,2869,307.00800,19.12667,1.08048,21.83855,50.00000,,20.00000,0.82988,1
198,2870,307.10300,19.13333,1.08076,21.83587,50.00000,,20.00000,0.82986,1
198,2871,307.19699,19.14000,1.08098,21.83321,50.00000,,20.00000,0.82983,1
198,2872,307.30701,19.14667,1.08131,21.83109,49.00000,,20.00000,0.82981,1
198,2873,307.39999,19.15333,1.08153,21.83053,49.00000,,20.00000,0.82978,1
198,2874,307.49200,19.16000,1.08171,21.82997,49.00000,,20.00000,0.82976,1
198,2875,307.59201,19.16667,1.08203,21.82941,50.00000,,20.00000,0.82973,1
198,2876,307.69299,19.17333,1.08241,21.82884,50.00000,,20.00000,0.82971,1
198,2877,307.78799,19.18000,1.08273,21.82827,49.00000,,20.00000,0.82968,1
198,2878,307.88501,19.18667,1.08300,21.82720,49.00000,,20.00000,0.82966,1
198,2879,307.98401,19.19333,1.08337,21.82561,49.00000,,20.00000,0.82963,1
198,2880,308.07599,19.20000,1.08365,21.82453,49.00000,,20.00000,0.82961,1
198,2881,308.17999,19.20667,1.08402,21.82344,51.00000,,20.00000,0.82958,1
198,2882,308.26901,19.21333,1.08429,21.82235,50.00000,,20.00000,0.82956,1
198,2883,308.37000,19.22000,1.08462,21.82126,51.00000,,20.00000,0.82953,1
198,2884,308.47299,19.22667,1.08475,21.81964,50.00000,,20.00000,0.82951,1
198,2885,308.56900,19.23333,1.08483,21.81908,49.00000,,20.00000,0.82948,1
198,2886,308.66599,19.24000,1.08510,21.81798,50.00000,,20.00000,0.82946,1
198,2887,308.76801,19.24667,1.08548,21.81689,50.00000,,20.00000,0.82943,1
198,2888,308.85901,19.25333,1.08594,21.81581,50.00000,,20.00000,0.82941,1
198,2889,308.96201,19.26000,1.08612,21.81420,49.00000,,20.00000,0.82938,1
198,2890,309.06400,19.26667,1.08640,21.81313,49.00000,,20.00000,0.82936,1
198,2891,309.14899,19.27333,1.08667,21.81205,49.00000,,20.00000,0.82933,1
198,2892,309.24600,19.28000,1.08685,21.81045,51.00000,,20.00000,0.82931,1
198,2893,309.35101,19.28667,1.08713,21.80935,51.00000,,20.00000,0.82928,1
198,2894,309.44199,19.29333,1.08730,21.80825,52.00000,,20.00000,0.82926,1
198,2895,309.53900,19.30000,1.08763,21.80717,52.00000,,20.00000,0.82923,1
198,2896,309.63901,19.30667,1.08785,21.80662,49.00000,,20.00000,0.82921,1
198,2897,309.74500,19.31333,1.08789,21.80552,51.00000,,20.00000,0.82918,1
198,2898,309.84299,19.32000,1.08816,21.80443,51.00000,,20.00000,0.82915,1
198,2899,309.92499,19.32667,1.08839,21.80333,51.00000,,20.00000,0.82913,1
198,2900,310.04401,19.33333,1.08862,21.80224,52.00000,,20.00000,0.82910,1
198,2901,310.13101,19.34000,1.08899,21.80063,52.00000,,20.00000,0.82908,1
198,2902,310.23499,19.34667,1.08931,21.79901,49.00000,,20.00000,0.82905,1
198,2903,310.32199,19.35333,1.08959,21.79792,50.00000,,20.00000,0.82903,1
198,2904,310.42300,19.36000,1.08991,21.79631,50.00000,,20.00000,0.82900,1
198,2905,310.53201,19.36667,1.09014,21.79523,50.00000,,20.00000,0.82898,1
198,2906,310.62399,19.37333,1.09037,21.79257,50.00000,,20.00000,0.82895,1
198,2907,310.71600,19.38000,1.09059,21.79043,50.00000,,20.00000,0.82893,1
198,2908,310.81100,19.38667,1.09077,21.78830,49.00000,,20.00000,0.82890,1
198,2909,310.91501,19.39333,1.09076,21.78616,49.00000,,20.00000,0.82888,1
198,2910,311.00500,19.40000,1.09118,21.78400,51.00000,,20.00000,0.82885,1
198,2911,311.11301,19.40667,1.09146,21.78237,51.00000,,20.00000,0.82882,1
198,2912,311.20499,19.41333,1.09149,21.78183,52.00000,,20.00000,0.82880,1
198,2913,311.30701,19.42000,1.09157,21.78130,50.00000,,20.00000,0.82877,1
198,2914,311.39700,19.42667,1.09175,21.78075,49.00000,,20.00000,0.82875,1
198,2915,311.49701,19.43333,1.09193,21.78021,49.00000,,20.00000,0.82872,1
198,2916,311.59601,19.44000,1.09225,21.77966,51.00000,,20.00000,0.82870,1
198,2917,311.67700,19.44667,1.09291,21.77858,51.00000,,20.00000,0.82868,1
198,2918,311.79099,19.45333,1.09334,21.77750,52.00000,,20.00000,0.82865,1
198,2919,311.88101,19.46000,1.09351,21.77641,52.00000,,20.00000,0.82862,1
198,2920,311.97900,19.46667,1.09369,21.77532,49.00000,,20.00000,0.82860,1
198,2921,312.08301,19.47333,1.09383,21.77424,49.00000,,20.00000,0.82857,1
198,2922,312.17700,19.48000,1.09400,21.77315,49.00000,,20.00000,0.82855,1
198,2923,312.26801,19.48667,1.09433,21.77207,50.00000,,20.00000,0.82852,1
198,2924,312.37299,19.49333,1.09470,21.77046,50.00000,,20.00000,0.82849,1
198,2925,312.47000,19.50000,1.09493,21.76936,50.00000,,20.00000,0.82847,1
198,2926,312.55899,19.50667,1.09516,21.76774,49.00000,,20.00000,0.82845,1
198,2927,312.66599,19.51333,1.09539,21.76663,49.00000,,20.00000,0.82842,1
198,2928,312.76700,19.52000,1.09566,21.76499,51.00000,,20.00000,0.82839,1
198,2929,312.86700,19.52667,1.09604,21.76392,51.00000,,20.00000,0.82836,1
198,2930,312.96500,19.53333,1.09631,21.76286,50.00000,,20.00000,0.82834,1
198,2931,313.05200,19.54000,1.09634,21.76126,50.00000,,20.00000,0.82832,1
198,2932,313.14401,19.54667,1.09657,21.76019,49.00000,,20.00000,0.82829,1
198,2933,313.25101,19.55333,1.09675,21.75912,49.00000,,20.00000,0.82826,1
198,2934,313.34100,19.56000,1.09688,21.75750,51.00000,,20.00000,0.82824,1
198,2935,313.44901,19.56667,1.09707,21.75640,51.00000,,20.00000,0.82821,1
198,2936,313.53400,19.57333,1.09739,21.75322,52.00000,,20.00000,0.82819,1
198,2937,313.62799,19.58000,1.09766,21.75109,52.00000,,20.00000,0.82816,1
198,2938,313.73700,19.58667,1.09785,21.74947,52.00000,,20.00000,0.82813,1
198,2939,313.83801,19.59333,1.09812,21.74785,49.00000,,20.00000,0.82811,1
198,2940,313.92999,19.60000,1.09840,21.74676,49.00000,,20.00000,0.82808,1
198,2941,314.03601,19.60667,1.09892,21.74567,50.00000,,20.00000,0.82806,1
198,2942,314.12900,19.61333,1.09915,21.74459,50.00000,,20.00000,0.82803,1
198,2943,314.21799,19.62000,1.09947,21.74297,49.00000,,20.00000,0.82801,1
198,2944,314.32401,19.62667,1.09980,21.74186,49.00000,,20.00000,0.82798,1
198,2945,314.41299,19.63333,1.10022,21.74022,49.00000,,20.00000,0.82796,1
198,2946,314.52701,19.64000,1.10050,21.73914,49.00000,,20.00000,0.82793,1
198,2947,314.62500,19.64667,1.10068,21.73807,51.00000,,20.00000,0.82790,1
198,2948,314.72101,19.65333,1.10067,21.73699,50.00000,,20.00000,0.82787,1
198,2949,314.81601,19.66000,1.10060,21.73486,50.00000,,20.00000,0.82785,1
198,2950,314.90100,19.66667,1.10088,21.73220,50.00000,,20.00000,0.82783,1
198,2951,315.00299,19.67333,1.10135,21.73005,49.00000,,20.00000,0.82780,1
198,2952,315.10901,19.68000,1.10177,21.72737,49.00000,,20.00000,0.82777,1
198,2953,315.20300,19.68667,1.10200,21.72525,51.00000,,20.00000,0.82775,1
198,2954,315.30200,19.69333,1.10209,21.72366,51.00000,,20.00000,0.82772,1
198,2955,315.39401,19.70000,1.10231,21.72258,52.00000,,20.00000,0.82769,1
198,2956,315.49100,19.70667,1.10259,21.72202,52.00000,,20.00000,0.82767,1
198,2957,315.58801,19.71333,1.10296,21.72145,49.00000,,20.00000,0.82764,1
198,2958,315.68900,19.72000,1.10319,21.72088,49.00000,,20.00000,0.82762,1
198,2959,315.79401,19.72667,1.10352,21.71979,50.00000,,20.00000,0.82759,1
198,2960,315.89001,19.73333,1.10370,21.71869,50.00000,,20.00000,0.82756,1
198,2961,315.97501,19.74000,1.10383,21.71760,50.00000,,20.00000,0.82754,1
198,2962,316.08899,19.74667,1.10411,21.71598,50.00000,,20.00000,0.82751,1
198,2963,316.18301,19.75333,1.10444,21.71489,49.00000,,20.00000,0.82748,1
198,2964,316.27301,19.76000,1.10476,21.71379,49.00000,,20.00000,0.82746,1
198,2965,316.38300,19.76667,1.10519,21.71270,50.00000,,20.00000,0.82743,1
198,2966,316.47699,19.77333,1.10551,21.71109,50.00000,,20.00000,0.82740,1
198,2967,316.57599,19.78000,1.10555,21.71054,50.00000,,20.00000,0.82738,1
198,2968,316.67599,19.78667,1.10568,21.70946,50.00000,,20.00000,0.82735,1
198,2969,316.76599,19.79333,1.10586,21.70838,49.00000,,20.00000,0.82733,1
198,2970,316.85199,19.80000,1.10614,21.70679,49.00000,,20.00000,0.82730,1
198,2971,316.95099,19.80667,1.10651,21.70362,51.00000,,20.00000,0.82728,1
198,2972,317.05801,19.81333,1.10684,21.70201,51.00000,,20.00000,0.82725,1
198,2973,317.15201,19.82000,1.10712,21.70091,51.00000,,20.00000,0.82722,1
198,2974,317.25101,19.82667,1.10744,21.69929,51.00000,,20.00000,0.82719,1
198,2975,317.35300,19.83333,1.10772,21.69820,49.00000,,20.00000,0.82717,1
198,2976,317.45001,19.84000,1.10791,21.69711,49.00000,,20.00000,0.82714,1
198,2977,317.54199,19.84667,1.10813,21.69549,49.00000,,20.00000,0.82712,1
198,2978,317.64401,19.85333,1.10798,21.69440,50.00000,,20.00000,0.82709,1
198,2979,317.73700,19.86000,1.10801,21.69331,50.00000,,20.00000,0.82706,1
198,2980,317.84601,19.86667,1.10839,21.69169,49.00000,,20.00000,0.82703,1
198,2981,317.94000,19.87333,1.10867,21.69060,49.00000,,20.00000,0.82701,1
198,2982,318.03400,19.88000,1.10894,21.68951,50.00000,,20.00000,0.82698,1
198,2983,318.13400,19.88667,1.10922,21.68842,49.00000,,20.00000,0.82696,1
198,2984,318.23001,19.89333,1.10965,21.68628,50.00000,,20.00000,0.82693,1
198,2985,318.33099,19.90000,1.10983,21.68307,50.00000,,20.00000,0.82690,1
198,2986,318.42801,19.90667,1.11001,21.68092,49.00000,,20.00000,0.82688,1
198,2987,318.53000,19.91333,1.11034,21.67880,49.00000,,20.00000,0.82685,1
198,2988,318.61600,19.92000,1.11052,21.67668,49.00000,,20.00000,0.82682,1
198,2989,318.71701,19.92667,1.11065,21.67506,49.00000,,20.00000,0.82680,1
198,2990,318.81500,19.93333,1.11088,21.67396,50.00000,,20.00000,0.82677,1
198,2991,318.91199,19.94000,1.11121,21.67339,51.00000,,20.00000,0.82674,1
198,2992,319.02100,19.94667,1.11144,21.67177,50.00000,,20.00000,0.82671,1
198,2993,319.11600,19.95333,1.11167,21.67068,50.00000,,20.00000,0.82669,1
198,2994,319.20999,19.96000,1.11195,21.66906,50.00000,,20.00000,0.82666,1
198,2995,319.30899,19.96667,1.11223,21.66744,50.00000,,20.00000,0.82664,1
198,2996,319.40302,19.97333,1.11241,21.66582,50.00000,,20.00000,0.82661,1
198,2997,319.51199,19.98000,1.11264,21.66474,50.00000,,20.00000,0.82658,1
198,2998,319.60400,19.98667,1.11297,21.66312,49.00000,,20.00000,0.82655,1
198,2999,319.69901,19.99333,1.11329,21.66257,49.00000,,20.00000,0.82653,1
198,3000,319.79999,20.00000,1.11362,21.66201,49.00000,,20.00000,0.82650,1
198,3001,319.89600,20.00667,1.11376,21.66094,49.00000,,20.00000,0.82647,1
198,3002,319.98801,20.01333,1.11394,21.65932,50.00000,,20.00000,0.82645,1
198,3003,320.08899,20.02000,1.11407,21.65822,50.00000,,20.00000,0.82642,1
198,3004,320.19199,20.02667,1.11411,21.65716,49.00000,,20.00000,0.82639,1
198,3005,320.27600,20.03333,1.11428,21.65451,49.00000,,20.00000,0.82637,1
198,3006,320.37201,20.04000,1.11495,21.65289,50.00000,,20.00000,0.82634,1
198,3007,320.48001,20.04667,1.11499,21.65180,51.00000,,20.00000,0.82631,1
198,3008,320.58600,20.05333,1.11518,21.65070,51.00000,,20.00000,0.82628,1
198,3009,320.67599,20.06000,1.11550,21.64907,52.00000,,20.00000,0.82626,1
198,3010,320.77200,20.06667,1.11559,21.64849,52.00000,,20.00000,0.82623,1
198,3011,320.86899,20.07333,1.11577,21.64690,49.00000,,20.00000,0.82621,1
198,3012,320.96799,20.08000,1.11605,21.64584,49.00000,,20.00000,0.82618,1
198,3013,321.07001,20.08667,1.11648,21.64476,50.00000,,20.00000,0.82615,1
198,3014,321.15601,20.09333,1.11670,21.64369,50.00000,,20.00000,0.82613,1
198,3015,321.26801,20.10000,1.11689,21.64314,50.00000,,20.00000,0.82610,1
198,3016,321.34399,20.10667,1.11711,21.64206,50.00000,,20.00000,0.82608,1
198,3017,321.44800,20.11333,1.11744,21.64098,49.00000,,20.00000,0.82605,1
198,3018,321.55099,20.12000,1.11787,21.63990,49.00000,,20.00000,0.82602,1
198,3019,321.64499,20.12667,1.11825,21.63934,50.00000,,20.00000,0.82599,1
198,3020,321.74301,20.13333,1.11819,21.63825,50.00000,,20.00000,0.82597,1
198,3021,321.84299,20.14000,1.11832,21.63716,50.00000,,20.00000,0.82594,1
198,3022,321.93900,20.14667,1.11841,21.63607,50.00000,,20.00000,0.82591,1
198,3023,322.04001,20.15333,1.11869,21.63551,49.00000,,20.00000,0.82588,1
198,3024,322.13501,20.16000,1.11887,21.63390,49.00000,,20.00000,0.82586,1
198,3025,322.22900,20.16667,1.11915,21.63018,51.00000,,20.00000,0.82583,1
198,3026,322.33600,20.17333,1.11943,21.62803,51.00000,,20.00000,0.82580,1
198,3027,322.42700,20.18000,1.11961,21.62535,52.00000,,20.00000,0.82577,1
198,3028,322.51300,20.18667,1.11984,21.62270,52.00000,,20.00000,0.82575,1
198,3029,322.63000,20.19333,1.12017,21.62110,49.00000,,20.00000,0.82572,1
198,3030,322.72900,20.20000,1.12084,21.62054,49.00000,,20.00000,0.82569,1
198,3031,322.81400,20.20667,1.12112,21.61944,49.00000,,20.00000,0.82567,1
198,3032,322.90900,20.21333,1.12120,21.61887,50.00000,,20.00000,0.82564,1
198,3033,323.01999,20.22000,1.12134,21.61883,50.00000,,20.00000,0.82561,1
198,3034,323.11899,20.22667,1.12158,21.61826,50.00000,,20.00000,0.82558,1
198,3035,323.21399,20.23333,1.12181,21.61769,50.00000,,20.00000,0.82556,1
198,3036,323.31000,20.24000,1.12199,21.61712,49.00000,,20.00000,0.82553,1
198,3037,323.41199,20.24667,1.12212,21.61603,49.00000,,20.00000,0.82550,1
198,3038,323.50900,20.25333,1.12265,21.61547,50.00000,,20.00000,0.82547,1
198,3039,323.60999,20.26000,1.12283,21.61439,50.00000,,20.00000,0.82544,1
198,3040,323.70200,20.26667,1.12287,21.61331,50.00000,,20.00000,0.82542,1
198,3041,323.79800,20.27333,1.12295,21.61275,49.00000,,20.00000,0.82539,1
198,3042,323.89600,20.28000,1.12304,21.61167,49.00000,,20.00000,0.82536,1
198,3043,323.99701,20.28667,1.12347,21.61056,51.00000,,20.00000,0.82534,1
198,3044,324.09100,20.29333,1.12379,21.60947,51.00000,,20.00000,0.82531,1
198,3045,324.19299,20.30000,1.12403,21.60840,51.00000,,20.00000,0.82528,1
198,3046,324.29199,20.30667,1.12455,21.60787,52.00000,,20.00000,0.82525,1
198,3047,324.38199,20.31333,1.12493,21.60732,52.00000,,20.00000,0.82523,1
198,3048,324.47601,20.32000,1.12492,21.60624,49.00000,,20.00000,0.82520,1
198,3049,324.57001,20.32667,1.12505,21.60515,49.00000,,20.00000,0.82518,1
198,3050,324.67700,20.33333,1.12528,21.60406,50.00000,,20.00000,0.82514,1
198,3051,324.77499,20.34000,1.12576,21.60296,50.00000,,20.00000,0.82512,1
198,3052,324.87799,20.34667,1.12604,21.60134,50.00000,,20.00000,0.82509,1
198,3053,324.96899,20.35333,1.12588,21.60025,52.00000,,20.00000,0.82506,1
198,3054,325.07199,20.36000,1.12612,21.59916,49.00000,,20.00000,0.82503,1
198,3055,325.16699,20.36667,1.12635,21.59808,49.00000,,20.00000,0.82501,1
198,3056,325.26599,20.37333,1.12683,21.59700,50.00000,,20.00000,0.82498,1
198,3057,325.36200,20.38000,1.12715,21.59592,50.00000,,20.00000,0.82495,1
198,3058,325.45401,20.38667,1.12738,21.59483,50.00000,,20.00000,0.82493,1
198,3059,325.56201,20.39333,1.12762,21.59428,50.00000,,20.00000,0.82490,1
198,3060,325.64700,20.40000,1.12780,21.59317,50.00000,,20.00000,0.82487,1
198,3061,325.74799,20.40667,1.12784,21.59259,49.00000,,20.00000,0.82484,1
198,3062,325.85501,20.41333,1.12812,21.59152,49.00000,,20.00000,0.82481,1
198,3063,325.95001,20.42000,1.12850,21.59045,51.00000,,20.00000,0.82479,1
198,3064,326.04199,20.42667,1.12878,21.58989,52.00000,,20.00000,0.82476,1
198,3065,326.14600,20.43333,1.12902,21.58933,52.00000,,20.00000,0.82473,1
198,3066,326.24100,20.44000,1.12925,21.58824,49.00000,,20.00000,0.82470,1
198,3067,326.34100,20.44667,1.12938,21.58766,49.00000,,20.00000,0.82467,1
198,3068,326.43201,20.45333,1.12966,21.58709,50.00000,,20.00000,0.82465,1
198,3069,326.53799,20.46000,1.12990,21.58602,50.00000,,20.00000,0.82462,1
198,3070,326.62900,20.46667,1.13013,21.58547,52.00000,,20.00000,0.82459,1
198,3071,326.73300,20.47333,1.13027,21.58439,52.00000,,20.00000,0.82456,1
198,3072,326.83499,20.48000,1.13036,21.58383,49.00000,,20.00000,0.82453,1
198,3073,326.91901,20.48667,1.13054,21.58327,49.00000,,20.00000,0.82451,1
198,3074,327.02200,20.49333,1.13101,21.58218,50.00000,,20.00000,0.82448,1
198,3075,327.12100,20.50000,1.13125,21.58162,50.00000,,20.00000,0.82445,1
198,3076,327.21500,20.50667,1.13143,21.58106,50.00000,,20.00000,0.82443,1
198,3077,327.32101,20.51333,1.13142,21.57995,50.00000,,20.00000,0.82439,1
198,3078,327.41501,20.52000,1.13175,21.57937,50.00000,,20.00000,0.82437,1
198,3079,327.51700,20.52667,1.13209,21.57883,49.00000,,20.00000,0.82434,1
198,3080,327.60999,20.53333,1.13241,21.57776,49.00000,,20.00000,0.82431,1
198,3081,327.70801,20.54000,1.13260,21.57721,51.00000,,20.00000,0.82428,1
198,3082,327.80099,20.54667,1.13288,21.57612,51.00000,,20.00000,0.82426,1
198,3083,327.89999,20.55333,1.13321,21.57555,52.00000,,20.00000,0.82423,1
198,3084,328.00000,20.56000,1.13340,21.57496,52.00000,,20.00000,0.82420,1
198,3085,328.10101,20.56667,1.13363,21.57384,49.00000,,20.00000,0.82417,1
198,3086,328.20700,20.57333,1.13387,21.57171,49.00000,,20.00000,0.82414,1
198,3087,328.30099,20.58000,1.13381,21.57011,50.00000,,20.00000,0.82411,1
198,3088,328.39301,20.58667,1.13379,21.56849,50.00000,,20.00000,0.82409,1
198,3089,328.49399,20.59333,1.13422,21.56635,52.00000,,20.00000,0.82406,1
198,3090,328.59601,20.60000,1.13485,21.56474,52.00000,,20.00000,0.82403,1
198,3091,328.69000,20.60667,1.13484,21.56313,49.00000,,20.00000,0.82400,1
198,3092,328.79099,20.61333,1.13483,21.56152,49.00000,,20.00000,0.82397,1
198,3093,328.88599,20.62000,1.13516,21.56044,50.00000,,20.00000,0.82395,1
198,3094,328.98300,20.62667,1.13569,21.55990,50.00000,,20.00000,0.82392,1
198,3095,329.07800,20.63333,1.13592,21.55935,50.00000,,20.00000,0.82389,1
198,3096,329.17200,20.64000,1.13615,21.55880,50.00000,,20.00000,0.82386,1
198,3097,329.27301,20.64667,1.13629,21.55826,50.00000,,20.00000,0.82383,1
198,3098,329.36700,20.65333,1.13642,21.55770,49.00000,,20.00000,0.82381,1
198,3099,329.46399,20.66000,1.13675,21.55715,49.00000,,20.00000,0.82378,1
198,3100,329.56299,20.66667,1.13699,21.55606,51.00000,,20.00000,0.82375,1
198,3101,329.65799,20.67333,1.13713,21.55547,51.00000,,20.00000,0.82372,1
198,3102,329.75699,20.68000,1.13726,21.55436,52.00000,,20.00000,0.82369,1
198,3103,329.86099,20.68667,1.13745,21.55381,52.00000,,20.00000,0.82366,1
198,3104,329.96201,20.69333,1.13764,21.55273,49.00000,,20.00000,0.82363,1
198,3105,330.06299,20.70000,1.13763,21.55217,51.00000,,20.00000,0.82361,1
198,3106,330.15201,20.70667,1.13766,21.55108,49.00000,,20.00000,0.82358,1
198,3107,330.24899,20.71333,1.13780,21.55000,50.00000,,20.00000,0.82355,1
198,3108,330.34601,20.72000,1.13808,21.54944,50.00000,,20.00000,0.82352,1
198,3109,330.44800,20.72667,1.13856,21.54834,50.00000,,20.00000,0.82349,1
198,3110,330.54800,20.73333,1.13890,21.54777,50.00000,,20.00000,0.82346,1
198,3111,330.64200,20.74000,1.13908,21.54720,50.00000,,20.00000,0.82344,1
198,3112,330.74301,20.74667,1.13936,21.54663,50.00000,,20.00000,0.82341,1
198,3113,330.85199,20.75333,1.13980,21.54606,50.00000,,20.00000,0.82338,1
198,3114,330.94101,20.76000,1.14013,21.54497,50.00000,,20.00000,0.82335,1
198,3115,331.03699,20.76667,1.14036,21.54441,50.00000,,20.00000,0.82332,1
198,3116,331.13800,20.77333,1.14030,21.54386,49.00000,,20.00000,0.82329,1
198,3117,331.23700,20.78000,1.14039,21.54279,49.00000,,20.00000,0.82326,1
198,3118,331.33899,20.78667,1.14073,21.54223,50.00000,,20.00000,0.82323,1
198,3119,331.42099,20.79333,1.14100,21.54167,50.00000,,20.00000,0.82321,1
198,3120,331.51300,20.80000,1.14124,21.54061,51.00000,,20.00000,0.82318,1
198,3121,331.62000,20.80667,1.14148,21.54006,51.00000,,20.00000,0.82315,1
198,3122,331.72101,20.81333,1.14152,21.53845,49.00000,,20.00000,0.82312,1
198,3123,331.82199,20.82000,1.14190,21.53737,49.00000,,20.00000,0.82309,1
198,3124,331.91199,20.82667,1.14218,21.53628,49.00000,,20.00000,0.82307,1
198,3125,332.01599,20.83333,1.14242,21.53520,49.00000,,20.00000,0.82304,1
198,3126,332.10001,20.84000,1.14269,21.53412,50.00000,,20.00000,0.82301,1
198,3127,332.20801,20.84667,1.14298,21.53145,50.00000,,20.00000,0.82298,1
198,3128,332.29999,20.85333,1.14331,21.52984,50.00000,,20.00000,0.82295,1
198,3129,332.40900,20.86000,1.14346,21.52875,52.00000,,20.00000,0.82292,1
198,3130,332.49600,20.86667,1.14344,21.52713,52.00000,,20.00000,0.82290,1
198,3131,332.60199,20.87333,1.14368,21.52605,49.00000,,20.00000,0.82286,1
198,3132,332.69901,20.88000,1.14372,21.52497,50.00000,,20.00000,0.82284,1
198,3133,332.79401,20.88667,1.14400,21.52388,50.00000,,20.00000,0.82281,1
198,3134,332.88800,20.89333,1.14429,21.52280,50.00000,,20.00000,0.82278,1
198,3135,332.98999,20.90000,1.14438,21.52170,50.00000,,20.00000,0.82275,1
198,3136,333.07999,20.90667,1.14446,21.52061,49.00000,,20.00000,0.82272,1
198,3137,333.18701,20.91333,1.14465,21.51954,49.00000,,20.00000,0.82269,1
198,3138,333.28400,20.92000,1.14479,21.51848,49.00000,,20.00000,0.82266,1
198,3139,333.38400,20.92667,1.14517,21.51740,50.00000,,20.00000,0.82263,1
198,3140,333.47000,20.93333,1.14545,21.51685,50.00000,,20.00000,0.82261,1
198,3141,333.57101,20.94000,1.14564,21.51577,50.00000,,20.00000,0.82258,1
198,3142,333.66699,20.94667,1.14573,21.51415,49.00000,,20.00000,0.82255,1
198,3143,333.76401,20.95333,1.14582,21.51306,49.00000,,20.00000,0.82252,1
198,3144,333.86801,20.96000,1.14610,21.51199,49.00000,,20.00000,0.82249,1
198,3145,333.95901,20.96667,1.14648,21.51092,51.00000,,20.00000,0.82246,1
198,3146,334.05701,20.97333,1.14677,21.50931,51.00000,,20.00000,0.82244,1
198,3147,334.16000,20.98000,1.14705,21.50822,52.00000,,20.00000,0.82240,1
198,3148,334.25299,20.98667,1.14719,21.50766,52.00000,,20.00000,0.82238,1
198,3149,334.34698,20.99333,1.14738,21.50657,49.00000,,20.00000,0.82235,1
198,3150,334.45801,21.00000,1.14742,21.50548,49.00000,,20.00000,0.82232,1
198,3151,334.55200,21.00667,1.14741,21.50492,50.00000,,20.00000,0.82229,1
198,3152,334.64301,21.01333,1.14764,21.50382,50.00000,,20.00000,0.82226,1
198,3153,334.74399,21.02000,1.14788,21.50273,50.00000,,20.00000,0.82223,1
198,3154,334.84500,21.02667,1.14817,21.50217,50.00000,,20.00000,0.82220,1
198,3155,334.94501,21.03333,1.14836,21.50002,49.00000,,20.00000,0.82217,1
198,3156,335.04401,21.04000,1.14854,21.49893,49.00000,,20.00000,0.82214,1
198,3157,335.13901,21.04667,1.14883,21.49732,50.00000,,20.00000,0.82211,1
198,3158,335.23599,21.05333,1.14931,21.49570,50.00000,,20.00000,0.82209,1
198,3159,335.33801,21.06000,1.14945,21.49459,50.00000,,20.00000,0.82205,1
198,3160,335.42599,21.06667,1.14968,21.49296,50.00000,,20.00000,0.82203,1
198,3161,335.53799,21.07333,1.14992,21.49135,49.00000,,20.00000,0.82200,1
198,3162,335.64301,21.08000,1.14987,21.49028,49.00000,,20.00000,0.82196,1
198,3163,335.72400,21.08667,1.14995,21.48919,51.00000,,20.00000,0.82194,1
198,3164,335.82800,21.09333,1.15068,21.48864,51.00000,,20.00000,0.82191,1
198,3165,335.92999,21.10000,1.15097,21.48809,52.00000,,20.00000,0.82188,1
198,3166,336.02100,21.10667,1.15095,21.48754,52.00000,,20.00000,0.82185,1
198,3167,336.11200,21.11333,1.15094,21.48698,52.00000,,20.00000,0.82182,1
198,3168,336.21701,21.12000,1.15104,21.48643,49.00000,,20.00000,0.82179,1
198,3169,336.32101,21.12667,1.15118,21.48588,49.00000,,20.00000,0.82176,1
198,3170,336.41199,21.13333,1.15122,21.48479,50.00000,,20.00000,0.82173,1
198,3171,336.50400,21.14000,1.15140,21.48424,50.00000,,20.00000,0.82171,1
198,3172,336.60800,21.14667,1.15164,21.48315,50.00000,,20.00000,0.82168,1
198,3173,336.70300,21.15333,1.15197,21.48258,50.00000,,20.00000,0.82165,1
198,3174,336.79700,21.16000,1.15226,21.48149,49.00000,,20.00000,0.82162,1
198,3175,336.90701,21.16667,1.15240,21.48040,50.00000,,20.00000,0.82159,1
198,3176,337.00400,21.17333,1.15259,21.47981,50.00000,,20.00000,0.82156,1
198,3177,337.10400,21.18000,1.15278,21.47871,50.00000,,20.00000,0.82153,1
198,3178,337.19101,21.18667,1.15306,21.47764,50.00000,,20.00000,0.82150,1
198,3179,337.29901,21.19333,1.15330,21.47710,49.00000,,20.00000,0.82147,1
198,3180,337.38901,21.20000,1.15349,21.47708,49.00000,,20.00000,0.82144,1
198,3181,337.49100,21.20667,1.15358,21.47652,51.00000,,20.00000,0.82141,1
198,3182,337.58301,21.21333,1.15367,21.47597,51.00000,,20.00000,0.82138,1
198,3183,337.68600,21.22000,1.15405,21.47542,51.00000,,20.00000,0.82135,1
198,3184,337.78201,21.22667,1.15439,21.47487,52.00000,,20.00000,0.82132,1
198,3185,337.87601,21.23333,1.15462,21.47432,52.00000,,20.00000,0.82129,1
198,3186,337.98099,21.24000,1.15452,21.47377,49.00000,,20.00000,0.82126,1
198,3187,338.07101,21.24667,1.15451,21.47268,49.00000,,20.00000,0.82123,1
198,3188,338.15500,21.25333,1.15474,21.47211,50.00000,,20.00000,0.82121,1
198,3189,338.26801,21.26000,1.15493,21.46996,50.00000,,20.00000,0.82118,1
198,3190,338.37399,21.26667,1.15503,21.46939,50.00000,,20.00000,0.82114,1
198,3191,338.47699,21.27333,1.15537,21.46829,50.00000,,20.00000,0.82111,1
198,3192,338.56900,21.28000,1.15565,21.46720,49.00000,,20.00000,0.82108,1
198,3193,338.66101,21.28667,1.15579,21.46610,49.00000,,20.00000,0.82106,1
198,3194,338.76599,21.29333,1.15603,21.46448,50.00000,,20.00000,0.82102,1
198,3195,338.85501,21.30000,1.15621,21.46342,50.00000,,20.00000,0.82100,1
198,3196,338.95200,21.30667,1.15640,21.46236,50.00000,,20.00000,0.82097,1
198,3197,339.05600,21.31333,1.15654,21.46128,50.00000,,20.00000,0.82094,1
198,3198,339.15201,21.32000,1.15678,21.46020,50.00000,,20.00000,0.82091,1
198,3199,339.24899,21.32667,1.15692,21.45912,49.00000,,20.00000,0.82088,1
198,3200,339.34900,21.33333,1.15696,21.45855,51.00000,,20.00000,0.82085,1
198,3201,339.44101,21.34000,1.15710,21.45798,51.00000,,20.00000,0.82082,1
198,3202,339.53900,21.34667,1.15724,21.45743,52.00000,,20.00000,0.82079,1
198,3203,339.63400,21.35333,1.15743,21.45636,52.00000,,20.00000,0.82076,1
198,3204,339.74100,21.36000,1.15767,21.45579,49.00000,,20.00000,0.82073,1
198,3205,339.83701,21.36667,1.15781,21.45523,49.00000,,20.00000,0.82070,1
198,3206,339.93399,21.37333,1.15795,21.45467,49.00000,,20.00000,0.82067,1
198,3207,340.04001,21.38000,1.15809,21.45358,50.00000,,20.00000,0.82064,1
198,3208,340.12799,21.38667,1.15793,21.45303,50.00000,,20.00000,0.82061,1
198,3209,340.23099,21.39333,1.15832,21.45247,50.00000,,20.00000,0.82058,1
198,3210,340.31900,21.40000,1.15860,21.45139,49.00000,,20.00000,0.82055,1
198,3211,340.42700,21.40667,1.15889,21.45083,49.00000,,20.00000,0.82052,1
198,3212,340.51801,21.41333,1.15918,21.45027,50.00000,,20.00000,0.82049,1
198,3213,340.62201,21.42000,1.15922,21.44971,50.00000,,20.00000,0.82046,1
198,3214,340.71799,21.42667,1.15931,21.44863,50.00000,,20.00000,0.82043,1
198,3215,340.81400,21.43333,1.15930,21.44806,50.00000,,20.00000,0.82040,1
198,3216,340.91501,21.44000,1.15930,21.44645,50.00000,,20.00000,0.82037,1
198,3217,341.01001,21.44667,1.15949,21.44482,49.00000,,20.00000,0.82034,1
198,3218,341.10999,21.45333,1.15978,21.44372,49.00000,,20.00000,0.82031,1
198,3219,341.21600,21.46000,1.16002,21.44213,51.00000,,20.00000,0.82028,1
198,3220,341.30399,21.46667,1.16030,21.44106,51.00000,,20.00000,0.82025,1
198,3221,341.39801,21.47333,1.16049,21.43945,52.00000,,20.00000,0.82022,1
198,3222,341.49799,21.48000,1.16073,21.43784,51.00000,,20.00000,0.82019,1
198,3223,341.60199,21.48667,1.16092,21.43676,49.00000,,20.00000,0.82016,1
198,3224,341.70099,21.49333,1.16101,21.43567,49.00000,,20.00000,0.82013,1
198,3225,341.78900,21.50000,1.16105,21.43458,50.00000,,20.00000,0.82010,1
198,3226,341.89301,21.50667,1.16129,21.43402,50.00000,,20.00000,0.82007,1
198,3227,342.00101,21.51333,1.16163,21.43346,52.00000,,20.00000,0.82004,1
198,3228,342.07901,21.52000,1.16176,21.43290,52.00000,,20.00000,0.82001,1
198,3229,342.19000,21.52667,1.16201,21.43234,49.00000,,20.00000,0.81998,1
198,3230,342.28799,21.53333,1.16220,21.43179,49.00000,,20.00000,0.81995,1
198,3231,342.38300,21.54000,1.16224,21.43123,50.00000,,20.00000,0.81992,1
198,3232,342.48001,21.54667,1.16228,21.43068,50.00000,,20.00000,0.81989,1
198,3233,342.57599,21.55333,1.16237,21.42959,50.00000,,20.00000,0.81986,1
198,3234,342.67599,21.56000,1.16276,21.42901,50.00000,,20.00000,0.81983,1
198,3235,342.76999,21.56667,1.16305,21.42791,49.00000,,20.00000,0.81980,1
198,3236,342.87601,21.57333,1.16304,21.42736,50.00000,,20.00000,0.81977,1
198,3237,342.97699,21.58000,1.16309,21.42629,50.00000,,20.00000,0.81973,1
198,3238,343.06900,21.58667,1.16308,21.42573,50.00000,,20.00000,0.81971,1
198,3239,343.17099,21.59333,1.16327,21.42465,50.00000,,20.00000,0.81967,1
198,3240,343.26001,21.60000,1.16336,21.42409,50.00000,,20.00000,0.81965,1
198,3241,343.36301,21.60667,1.16345,21.42301,50.00000,,20.00000,0.81961,1
198,3242,343.46301,21.61333,1.16360,21.42245,50.00000,,20.00000,0.81958,1
198,3243,343.56400,21.62000,1.16398,21.42190,50.00000,,20.00000,0.81955,1
198,3244,343.65799,21.62667,1.16403,21.42134,51.00000,,20.00000,0.81952,1
198,3245,343.74899,21.63333,1.16416,21.42027,52.00000,,20.00000,0.81949,1
198,3246,343.85400,21.64000,1.16436,21.41972,52.00000,,20.00000,0.81946,1
198,3247,343.95200,21.64667,1.16474,21.41864,49.00000,,20.00000,0.81943,1
198,3248,344.04001,21.65333,1.16473,21.41809,49.00000,,20.00000,0.81940,1
198,3249,344.14099,21.66000,1.16473,21.41754,50.00000,,20.00000,0.81937,1
198,3250,344.24500,21.66667,1.16492,21.41646,50.00000,,20.00000,0.81934,1
198,3251,344.33301,21.67333,1.16501,21.41589,49.00000,,20.00000,0.81931,1
198,3252,344.43600,21.68000,1.16510,21.41479,49.00000,,20.00000,0.81928,1
198,3253,344.53400,21.68667,1.16520,21.41321,49.00000,,20.00000,0.81925,1
198,3254,344.63199,21.69333,1.16534,21.41214,49.00000,,20.00000,0.81922,1
198,3255,344.71899,21.70000,1.16552,21.41053,49.00000,,20.00000,0.81919,1
198,3256,344.83099,21.70667,1.16562,21.40945,51.00000,,20.00000,0.81916,1
198,3257,344.91901,21.71333,1.16571,21.40784,51.00000,,20.00000,0.81913,1
198,3258,345.02399,21.72000,1.16590,21.40568,49.00000,,20.00000,0.81910,1
198,3259,345.12000,21.72667,1.16634,21.40457,49.00000,,20.00000,0.81907,1
198,3260,345.22000,21.73333,1.16643,21.40298,50.00000,,20.00000,0.81904,1
198,3261,345.31699,21.74000,1.16653,21.40138,49.00000,,20.00000,0.81901,1
198,3262,345.41199,21.74667,1.16672,21.40030,50.00000,,20.00000,0.81898,1
198,3263,345.51300,21.75333,1.16696,21.39922,50.00000,,20.00000,0.81894,1
198,3264,345.61499,21.76000,1.16700,21.39867,50.00000,,20.00000,0.81891,1
198,3265,345.70200,21.76667,1.16709,21.39760,51.00000,,20.00000,0.81889,1
198,3266,345.80701,21.77333,1.16723,21.39652,49.00000,,20.00000,0.81885,1
198,3267,345.89899,21.78000,1.16762,21.39545,49.00000,,20.00000,0.81882,1
198,3268,345.99799,21.78667,1.16766,21.39383,50.00000,,20.00000,0.81879,1
198,3269,346.09100,21.79333,1.16780,21.39274,50.00000,,20.00000,0.81876,1
198,3270,346.19299,21.80000,1.16790,21.39167,49.00000,,20.00000,0.81873,1
198,3271,346.28699,21.80667,1.16784,21.39059,49.00000,,20.00000,0.81870,1
198,3272,346.39200,21.81333,1.16799,21.38897,49.00000,,20.00000,0.81867,1
198,3273,346.48801,21.82000,1.16808,21.38840,49.00000,,20.00000,0.81864,1
198,3274,346.59000,21.82667,1.16813,21.38731,49.00000,,20.00000,0.81861,1
198,3275,346.69199,21.83333,1.16827,21.38621,51.00000,,20.00000,0.81857,1
198,3276,346.78900,21.84000,1.16836,21.38565,51.00000,,20.00000,0.81854,1
198,3277,346.88000,21.84667,1.16860,21.38459,49.00000,,20.00000,0.81851,1
198,3278,346.96899,21.85333,1.16893,21.38352,49.00000,,20.00000,0.81849,1
198,3279,347.07401,21.86000,1.16903,21.38244,49.00000,,20.00000,0.81845,1
198,3280,347.17001,21.86667,1.16917,21.38189,50.00000,,20.00000,0.81842,1
198,3281,347.27701,21.87333,1.16942,21.38081,50.00000,,20.00000,0.81839,1
198,3282,347.37299,21.88000,1.16956,21.38026,51.00000,,20.00000,0.81836,1
198,3283,347.46201,21.88667,1.16975,21.37918,51.00000,,20.00000,0.81833,1
198,3284,347.56000,21.89333,1.16999,21.37810,51.00000,,20.00000,0.81830,1
198,3285,347.66299,21.90000,1.17023,21.37703,49.00000,,20.00000,0.81827,1
198,3286,347.75800,21.90667,1.17027,21.37489,49.00000,,20.00000,0.81824,1
198,3287,347.85501,21.91333,1.17032,21.37328,50.00000,,20.00000,0.81821,1
198,3288,347.94501,21.92000,1.17031,21.37166,50.00000,,20.00000,0.81818,1
198,3289,348.05200,21.92667,1.17041,21.37003,50.00000,,20.00000,0.81814,1
198,3290,348.15399,21.93333,1.17060,21.36788,50.00000,,20.00000,0.81811,1
198,3291,348.25699,21.94000,1.17065,21.36626,49.00000,,20.00000,0.81808,1
198,3292,348.35400,21.94667,1.17069,21.36514,49.00000,,20.00000,0.81805,1
198,3293,348.44901,21.95333,1.17083,21.36404,51.00000,,20.00000,0.81802,1
198,3294,348.55200,21.96000,1.17142,21.36349,51.00000,,20.00000,0.81799,1
198,3295,348.64999,21.96667,1.17190,21.36295,51.00000,,20.00000,0.81795,1
198,3296,348.73999,21.97333,1.17195,21.36239,50.00000,,20.00000,0.81793,1
198,3297,348.84399,21.98000,1.17180,21.36130,49.00000,,20.00000,0.81789,1
198,3298,348.93399,21.98667,1.17169,21.36074,49.00000,,20.00000,0.81786,1
198,3299,349.04700,21.99333,1.17174,21.35964,51.00000,,20.00000,0.81783,1
198,3300,349.14200,22.00000,1.17183,21.35907,51.00000,,20.00000,0.81780,1
198,3301,349.23999,22.00667,1.17188,21.35798,52.00000,,20.00000,0.81777,1
198,3302,349.33899,22.01333,1.17207,21.35689,52.00000,,20.00000,0.81774,1
198,3303,349.43799,22.02000,1.17236,21.35581,49.00000,,20.00000,0.81770,1
198,3304,349.53699,22.02667,1.17265,21.35526,49.00000,,20.00000,0.81767,1
198,3305,349.63000,22.03333,1.17289,21.35418,49.00000,,20.00000,0.81764,1
198,3306,349.73099,22.04000,1.17299,21.35310,50.00000,,20.00000,0.81761,1
198,3307,349.82401,22.04667,1.17303,21.35255,50.00000,,20.00000,0.81758,1
198,3308,349.92599,22.05333,1.17313,21.35200,49.00000,,20.00000,0.81755,1
198,3309,350.01999,22.06000,1.17317,21.35090,49.00000,,20.00000,0.81752,1
198,3310,350.12299,22.06667,1.17332,21.34980,49.00000,,20.00000,0.81748,1
198,3311,350.21701,22.07333,1.17341,21.34927,49.00000,,20.00000,0.81745,1
198,3312,350.31699,22.08000,1.17355,21.34821,51.00000,,20.00000,0.81742,1
198,3313,350.41501,22.08667,1.17365,21.34714,50.00000,,20.00000,0.81739,1
198,3314,350.50800,22.09333,1.17384,21.34501,50.00000,,20.00000,0.81736,1
198,3315,350.60001,22.10000,1.17388,21.34393,49.00000,,20.00000,0.81733,1
198,3316,350.70300,22.10667,1.17398,21.34284,49.00000,,20.00000,0.81730,1
198,3317,350.80499,22.11333,1.17417,21.34176,51.00000,,20.00000,0.81727,1
198,3318,350.89899,22.12000,1.17470,21.34014,51.00000,,20.00000,0.81724,1
198,3319,351.00299,22.12667,1.17485,21.33958,52.00000,,20.00000,0.81720,1
198,3320,351.10300,22.13333,1.17485,21.33903,52.00000,,20.00000,0.81717,1
198,3321,351.19901,22.14000,1.17494,21.33796,52.00000,,20.00000,0.81714,1
198,3322,351.28900,22.14667,1.17508,21.33689,49.00000,,20.00000,0.81711,1
198,3323,351.38501,22.15333,1.17518,21.33634,49.00000,,20.00000,0.81708,1
198,3324,351.48801,22.16000,1.17527,21.33527,50.00000,,20.00000,0.81705,1
198,3325,351.58499,22.16667,1.17532,21.33473,50.00000,,20.00000,0.81701,1
198,3326,351.67401,22.17333,1.17551,21.33363,50.00000,,20.00000,0.81699,1
198,3327,351.77399,22.18000,1.17604,21.33306,50.00000,,20.00000,0.81695,1
198,3328,351.88000,22.18667,1.17634,21.33199,49.00000,,20.00000,0.81692,1
198,3329,351.97400,22.19333,1.17638,21.33093,49.00000,,20.00000,0.81689,1
198,3330,352.07199,22.20000,1.17633,21.33037,51.00000,,20.00000,0.81686,1
198,3331,352.17599,22.20667,1.17633,21.32930,50.00000,,20.00000,0.81682,1
198,3332,352.26099,22.21333,1.17642,21.32874,50.00000,,20.00000,0.81680,1
198,3333,352.36499,22.22000,1.17652,21.32764,50.00000,,20.00000,0.81676,1
198,3334,352.45901,22.22667,1.17656,21.32707,49.00000,,20.00000,0.81673,1
198,3335,352.56100,22.23333,1.17666,21.32600,49.00000,,20.00000,0.81670,1
198,3336,352.66599,22.24000,1.17675,21.32493,51.00000,,20.00000,0.81667,1
198,3337,352.75601,22.24667,1.17685,21.32436,51.00000,,20.00000,0.81664,1
198,3338,352.85800,22.25333,1.17694,21.32327,52.00000,,20.00000,0.81660,1
198,3339,352.96399,22.26000,1.17724,21.32219,52.00000,,20.00000,0.81657,1
198,3340,353.05099,22.26667,1.17748,21.32110,49.00000,,20.00000,0.81654,1
198,3341,353.15100,22.27333,1.17757,21.32001,49.00000,,20.00000,0.81651,1
198,3342,353.25000,22.28000,1.17777,21.31893,50.00000,,20.00000,0.81648,1
198,3343,353.35300,22.28667,1.17796,21.31837,50.00000,,20.00000,0.81644,1
198,3344,353.45401,22.29333,1.17801,21.31729,50.00000,,20.00000,0.81641,1
198,3345,353.54700,22.30000,1.17830,21.31673,50.00000,,20.00000,0.81638,1
198,3346,353.64801,22.30667,1.17854,21.31565,50.00000,,20.00000,0.81635,1
198,3347,353.73001,22.31333,1.17858,21.31510,49.00000,,20.00000,0.81632,1
198,3348,353.84100,22.32000,1.17868,21.31402,50.00000,,20.00000,0.81628,1
198,3349,353.94901,22.32667,1.17883,21.31347,49.00000,,20.00000,0.81625,1
198,3350,354.03101,22.33333,1.17882,21.31237,50.00000,,20.00000,0.81622,1
198,3351,354.13300,22.34000,1.17902,21.31180,50.00000,,20.00000,0.81619,1
198,3352,354.23300,22.34667,1.17916,21.31022,50.00000,,20.00000,0.81616,1
198,3353,354.32700,22.35333,1.17935,21.30916,49.00000,,20.00000,0.81613,1
198,3354,354.42599,22.36000,1.17955,21.30756,49.00000,,20.00000,0.81609,1
198,3355,354.51700,22.36667,1.17974,21.30648,49.00000,,20.00000,0.81606,1
198,3356,354.61499,22.37333,1.17983,21.30487,49.00000,,20.00000,0.81603,1
198,3357,354.72198,22.38000,1.18003,21.30378,51.00000,,20.00000,0.81600,1
198,3358,354.82001,22.38667,1.18023,21.30217,50.00000,,20.00000,0.81596,1
198,3359,354.91400,22.39333,1.18042,21.30055,51.00000,,20.00000,0.81593,1
198,3360,355.01801,22.40000,1.18037,21.29947,51.00000,,20.00000,0.81590,1
198,3361,355.11301,22.40667,1.18032,21.29891,49.00000,,20.00000,0.81587,1
198,3362,355.21100,22.41333,1.18021,21.29835,49.00000,,20.00000,0.81584,1
198,3363,355.31299,22.42000,1.18061,21.29780,50.00000,,20.00000,0.81580,1
198,3364,355.39999,22.42667,1.18080,21.29725,50.00000,,20.00000,0.81577,1
198,3365,355.51300,22.43333,1.18075,21.29724,49.00000,,20.00000,0.81574,1
198,3366,355.60800,22.44000,1.18080,21.29670,52.00000,,20.00000,0.81571,1
198,3367,355.69299,22.44667,1.18099,21.29614,49.00000,,20.00000,0.81568,1
198,3368,355.78699,22.45333,1.18103,21.29558,49.00000,,20.00000,0.81565,1
198,3369,355.88800,22.46000,1.18118,21.29505,50.00000,,20.00000,0.81561,1
198,3370,355.98901,22.46667,1.18127,21.29398,50.00000,,20.00000,0.81558,1
198,3371,356.08701,22.47333,1.18142,21.29342,50.00000,,20.00000,0.81555,1
198,3372,356.18500,22.48000,1.18152,21.29285,50.00000,,20.00000,0.81552,1
198,3373,356.29099,22.48667,1.18171,21.29177,50.00000,,20.00000,0.81548,1
198,3374,356.38699,22.49333,1.18210,21.29121,49.00000,,20.00000,0.81545,1
198,3375,356.47699,22.50000,1.18229,21.29065,49.00000,,20.00000,0.81542,1
198,3376,356.58301,22.50667,1.18230,21.28958,51.00000,,20.00000,0.81539,1
198,3377,356.67899,22.51333,1.18229,21.28903,51.00000,,20.00000,0.81535,1
198,3378,356.77499,22.52000,1.18244,21.28796,52.00000,,20.00000,0.81532,1
198,3379,356.87000,22.52667,1.18248,21.28741,52.00000,,20.00000,0.81529,1
198,3380,356.96701,22.53333,1.18253,21.28685,49.00000,,20.00000,0.81526,1
198,3381,357.06900,22.54000,1.18268,21.28577,49.00000,,20.00000,0.81522,1
198,3382,357.15900,22.54667,1.18282,21.28521,50.00000,,20.00000,0.81519,1
198,3383,357.26901,22.55333,1.18292,21.28465,50.00000,,20.00000,0.81516,1
198,3384,357.36301,22.56000,1.18306,21.28355,50.00000,,20.00000,0.81513,1
198,3385,357.46399,22.56667,1.18365,21.28298,50.00000,,20.00000,0.81509,1
198,3386,357.55899,22.57333,1.18370,21.28191,50.00000,,20.00000,0.81506,1
198,3387,357.65799,22.58000,1.18365,21.28137,50.00000,,20.00000,0.81503,1
198,3388,357.74799,22.58667,1.18359,21.28082,50.00000,,20.00000,0.81500,1
198,3389,357.85699,22.59333,1.18379,21.27974,50.00000,,20.00000,0.81496,1
198,3390,357.95200,22.60000,1.18409,21.27918,50.00000,,20.00000,0.81493,1
198,3391,358.04800,22.60667,1.18423,21.27808,50.00000,,20.00000,0.81490,1
198,3392,358.15302,22.61333,1.18433,21.27751,49.00000,,20.00000,0.81487,1
198,3393,358.24399,22.62000,1.18452,21.27644,49.00000,,20.00000,0.81484,1
198,3394,358.34299,22.62667,1.18477,21.27538,50.00000,,20.00000,0.81480,1
198,3395,358.43600,22.63333,1.18491,21.27482,50.00000,,20.00000,0.81477,1
198,3396,358.54300,22.64000,1.18501,21.27373,51.00000,,20.00000,0.81474,1
198,3397,358.64499,22.64667,1.18496,21.27265,51.00000,,20.00000,0.81470,1
198,3398,358.73901,22.65333,1.18501,21.27210,49.00000,,20.00000,0.81467,1
198,3399,358.83401,22.66000,1.18515,21.26997,49.00000,,20.00000,0.81464,1
198,3400,358.93399,22.66667,1.18525,21.26890,49.00000,,20.00000,0.81461,1
198,3401,359.03000,22.67333,1.18545,21.26729,49.00000,,20.00000,0.81457,1
198,3402,359.12100,22.68000,1.18559,21.26620,50.00000,,20.00000,0.81454,1
198,3403,359.22601,22.68667,1.18574,21.26514,51.00000,,20.00000,0.81451,1
198,3404,359.32001,22.69333,1.18588,21.26407,50.00000,,20.00000,0.81448,1
198,3405,359.41400,22.70000,1.18608,21.26351,52.00000,,20.00000,0.81445,1
198,3406,359.52100,22.70667,1.18613,21.26242,49.00000,,20.00000,0.81441,1
198,3407,359.62100,22.71333,1.18623,21.26186,49.00000,,20.00000,0.81438,1
198,3408,359.72400,22.72000,1.18638,21.26076,50.00000,,20.00000,0.81434,1
198,3409,359.81900,22.72667,1.18652,21.26019,50.00000,,20.00000,0.81431,1
198,3410,359.90900,22.73333,1.18671,21.25912,50.00000,,20.00000,0.81428,1
198,3411,360.00601,22.74000,1.18686,21.25859,50.00000,,20.00000,0.81425,1
198,3412,360.11099,22.74667,1.18701,21.25804,49.00000,,20.00000,0.81421,1
198,3413,360.20700,22.75333,1.18710,21.25748,49.00000,,20.00000,0.81418,1
198,3414,360.29999,22.76000,1.18715,21.25639,49.00000,,20.00000,0.81415,1
198,3415,360.40900,22.76667,1.18720,21.25583,50.00000,,20.00000,0.81411,1
198,3416,360.50299,22.77333,1.18735,21.25527,50.00000,,20.00000,0.81408,1
198,3417,360.59900,22.78000,1.18749,21.25471,50.00000,,20.00000,0.81405,1
198,3418,360.70300,22.78667,1.18769,21.25416,49.00000,,20.00000,0.81401,1
198,3419,360.80099,22.79333,1.18784,21.25308,49.00000,,20.00000,0.81398,1
198,3420,360.89600,22.80000,1.18803,21.25199,49.00000,,20.00000,0.81395,1
198,3421,360.98999,22.80667,1.18823,21.25143,51.00000,,20.00000,0.81392,1
198,3422,361.09201,22.81333,1.18838,21.25035,51.00000,,20.00000,0.81388,1
198,3423,361.19800,22.82000,1.18843,21.24980,51.00000,,20.00000,0.81385,1
198,3424,361.29001,22.82667,1.18847,21.24872,51.00000,,20.00000,0.81382,1
198,3425,361.38800,22.83333,1.18867,21.24763,49.00000,,20.00000,0.81378,1
198,3426,361.48401,22.84000,1.18877,21.24707,50.00000,,20.00000,0.81375,1
198,3427,361.57700,22.84667,1.18886,21.24653,50.00000,,20.00000,0.81372,1
198,3428,361.67899,22.85333,1.18911,21.24546,50.00000,,20.00000,0.81369,1
198,3429,361.78201,22.86000,1.18931,21.24491,49.00000,,20.00000,0.81365,1
198,3430,361.87900,22.86667,1.18980,21.24383,49.00000,,20.00000,0.81362,1
198,3431,361.98499,22.87333,1.18985,21.24329,49.00000,,20.00000,0.81358,1
198,3432,362.07001,22.88000,1.18999,21.24222,49.00000,,20.00000,0.81355,1
198,3433,362.15701,22.88667,1.19009,21.24167,50.00000,,20.00000,0.81352,1
198,3434,362.26700,22.89333,1.19019,21.24113,50.00000,,20.00000,0.81349,1
198,3435,362.36401,22.90000,1.19014,21.24059,49.00000,,20.00000,0.81345,1
198,3436,362.46799,22.90667,1.19019,21.23951,50.00000,,20.00000,0.81342,1
198,3437,362.55499,22.91333,1.19028,21.23897,49.00000,,20.00000,0.81339,1
198,3438,362.65100,22.92000,1.19028,21.23842,49.00000,,20.00000,0.81336,1
198,3439,362.75101,22.92667,1.19068,21.23734,50.00000,,20.00000,0.81332,1
198,3440,362.84799,22.93333,1.19097,21.23679,50.00000,,20.00000,0.81329,1
198,3441,362.94800,22.94000,1.19097,21.23624,50.00000,,20.00000,0.81326,1
198,3442,363.05600,22.94667,1.19098,21.23567,50.00000,,20.00000,0.81322,1
198,3443,363.13901,22.95333,1.19112,21.23404,50.00000,,20.00000,0.81319,1
198,3444,363.23999,22.96000,1.19126,21.23297,50.00000,,20.00000,0.81316,1
198,3445,363.34100,22.96667,1.19141,21.23137,50.00000,,20.00000,0.81312,1
198,3446,363.44501,22.97333,1.19147,21.23028,50.00000,,20.00000,0.81309,1
198,3447,363.54501,22.98000,1.19161,21.22919,49.00000,,20.00000,0.81305,1
198,3448,363.63501,22.98667,1.19166,21.22758,49.00000,,20.00000,0.81302,1
198,3449,363.73901,22.99333,1.19176,21.22649,49.00000,,20.00000,0.81299,1
198,3450,363.84201,23.00000,1.19191,21.22541,49.00000,,20.00000,0.81295,1
198,3451,363.93500,23.00667,1.19206,21.22381,51.00000,,20.00000,0.81292,1
198,3452,364.03400,23.01333,1.19225,21.22326,50.00000,,20.00000,0.81289,1
198,3453,364.13300,23.02000,1.19245,21.22271,50.00000,,20.00000,0.81285,1
198,3454,364.22501,23.02667,1.19284,21.22163,50.00000,,20.00000,0.81282,1
198,3455,364.32800,23.03333,1.19299,21.22161,49.00000,,20.00000,0.81279,1
198,3456,364.42899,23.04000,1.19314,21.22107,49.00000,,20.00000,0.81275,1
198,3457,364.52100,23.04667,1.19319,21.22053,50.00000,,20.00000,0.81272,1
198,3458,364.61200,23.05333,1.19319,21.22051,50.00000,,20.00000,0.81269,1
198,3459,364.71201,23.06000,1.19328,21.21994,50.00000,,20.00000,0.81266,1
198,3460,364.81201,23.06667,1.19338,21.21989,50.00000,,20.00000,0.81262,1
198,3461,364.91199,23.07333,1.19348,21.21935,50.00000,,20.00000,0.81259,1
198,3462,365.01700,23.08000,1.19354,21.21881,50.00000,,20.00000,0.81255,1
198,3463,365.11401,23.08667,1.19373,21.21825,50.00000,,20.00000,0.81252,1
198,3464,365.21100,23.09333,1.19383,21.21770,50.00000,,20.00000,0.81249,1
198,3465,365.30301,23.10000,1.19398,21.21715,50.00000,,20.00000,0.81245,1
198,3466,365.39999,23.10667,1.19398,21.21606,49.00000,,20.00000,0.81242,1
198,3467,365.50699,23.11333,1.19413,21.21549,49.00000,,20.00000,0.81238,1
198,3468,365.60501,23.12000,1.19443,21.21496,49.00000,,20.00000,0.81235,1
198,3469,365.69000,23.12667,1.19447,21.21443,51.00000,,20.00000,0.81232,1
198,3470,365.79599,23.13333,1.19467,21.21335,50.00000,,20.00000,0.81228,1
198,3471,365.88901,23.14000,1.19482,21.21279,50.00000,,20.00000,0.81225,1
198,3472,365.99301,23.14667,1.19507,21.21222,50.00000,,20.00000,0.81222,1
198,3473,366.09799,23.15333,1.19527,21.21166,50.00000,,20.00000,0.81218,1
198,3474,366.19101,23.16000,1.19546,21.21111,49.00000,,20.00000,0.81215,1
198,3475,366.29300,23.16667,1.19547,21.21003,49.00000,,20.00000,0.81211,1
198,3476,366.38901,23.17333,1.19547,21.20947,50.00000,,20.00000,0.81208,1
198,3477,366.48300,23.18000,1.19566,21.20892,50.00000,,20.00000,0.81205,1
198,3478,366.58301,23.18667,1.19571,21.20836,50.00000,,20.00000,0.81201,1
198,3479,366.68201,23.19333,1.19581,21.20781,50.00000,,20.00000,0.81198,1
198,3480,366.78601,23.20000,1.19581,21.20673,49.00000,,20.00000,0.81194,1
198,3481,366.88000,23.20667,1.19601,21.20618,49.00000,,20.00000,0.81191,1
198,3482,366.98099,23.21333,1.19621,21.20563,49.00000,,20.00000,0.81188,1
198,3483,367.07001,23.22000,1.19640,21.20507,50.00000,,20.00000,0.81185,1
198,3484,367.17599,23.22667,1.19646,21.20398,50.00000,,20.00000,0.81181,1
198,3485,367.26801,23.23333,1.19651,21.20346,50.00000,,20.00000,0.81178,1
198,3486,367.37399,23.24000,1.19661,21.20294,49.00000,,20.00000,0.81174,1
198,3487,367.45401,23.24667,1.19660,21.20240,49.00000,,20.00000,0.81171,1
198,3488,367.56000,23.25333,1.19660,21.20134,50.00000,,20.00000,0.81168,1
198,3489,367.65601,23.26000,1.19680,21.20079,50.00000,,20.00000,0.81164,1
198,3490,367.75400,23.26667,1.19705,21.20024,50.00000,,20.00000,0.81161,1
198,3491,367.84201,23.27333,1.19724,21.19968,49.00000,,20.00000,0.81158,1
198,3492,367.94800,23.28000,1.19730,21.19912,49.00000,,20.00000,0.81154,1
198,3493,368.05399,23.28667,1.19735,21.19855,49.00000,,20.00000,0.81151,1
198,3494,368.15302,23.29333,1.19750,21.19798,51.00000,,20.00000,0.81147,1
198,3495,368.25101,23.30000,1.19755,21.19742,51.00000,,20.00000,0.81144,1
198,3496,368.35199,23.30667,1.19770,21.19686,51.00000,,20.00000,0.81140,1
198,3497,368.45300,23.31333,1.19790,21.19631,51.00000,,20.00000,0.81137,1
198,3498,368.54300,23.32000,1.19805,21.19524,51.00000,,20.00000,0.81134,1
198,3499,368.64099,23.32667,1.19815,21.19470,49.00000,,20.00000,0.81130,1
198,3500,368.74701,23.33333,1.19830,21.19414,49.00000,,20.00000,0.81126,1
198,3501,368.83200,23.34000,1.19844,21.19359,50.00000,,20.00000,0.81124,1
198,3502,368.93100,23.34667,1.19854,21.19253,50.00000,,20.00000,0.81120,1
198,3503,369.03000,23.35333,1.19864,21.19147,49.00000,,20.00000,0.81117,1
198,3504,369.12900,23.36000,1.19870,21.19092,49.00000,,20.00000,0.81113,1
198,3505,369.23599,23.36667,1.19870,21.19037,49.00000,,20.00000,0.81109,1
198,3506,369.32001,23.37333,1.19884,21.18982,49.00000,,20.00000,0.81107,1
198,3507,369.42801,23.38000,1.19895,21.18874,50.00000,,20.00000,0.81103,1
198,3508,369.51700,23.38667,1.19904,21.18820,50.00000,,20.00000,0.81100,1
198,3509,369.62100,23.39333,1.19915,21.18765,50.00000,,20.00000,0.81096,1
198,3510,369.71799,23.40000,1.19939,21.18710,50.00000,,20.00000,0.81093,1
198,3511,369.81100,23.40667,1.19959,21.18603,49.00000,,20.00000,0.81089,1
198,3512,369.91101,23.41333,1.19989,21.18547,49.00000,,20.00000,0.81086,1
198,3513,370.00800,23.42000,1.19994,21.18492,49.00000,,20.00000,0.81083,1
198,3514,370.11401,23.42667,1.20005,21.18384,51.00000,,20.00000,0.81079,1
198,3515,370.20700,23.43333,1.20014,21.18328,51.00000,,20.00000,0.81076,1
198,3516,370.30600,23.44000,1.20024,21.18273,52.00000,,20.00000,0.81072,1
198,3517,370.40701,23.44667,1.20049,21.18216,52.00000,,20.00000,0.81069,1
198,3518,370.49899,23.45333,1.20069,21.18107,49.00000,,20.00000,0.81065,1
198,3519,370.59799,23.46000,1.20084,21.18053,49.00000,,20.00000,0.81062,1
198,3520,370.70801,23.46667,1.20100,21.18053,50.00000,,20.00000,0.81058,1
198,3521,370.79599,23.47333,1.20104,21.17998,50.00000,,20.00000,0.81055,1
198,3522,370.89301,23.48000,1.20099,21.17995,50.00000,,20.00000,0.81052,1
198,3523,370.99301,23.48667,1.20105,21.17940,50.00000,,20.00000,0.81048,1
198,3524,371.08899,23.49333,1.20115,21.17937,50.00000,,20.00000,0.81045,1
198,3525,371.19199,23.50000,1.20125,21.17933,50.00000,,20.00000,0.81041,1
198,3526,371.28900,23.50667,1.20130,21.17879,50.00000,,20.00000,0.81038,1
198,3527,371.37701,23.51333,1.20135,21.17879,50.00000,,20.00000,0.81035,1
198,3528,371.48700,23.52000,1.20160,21.17876,50.00000,,20.00000,0.81031,1
198,3529,371.57700,23.52667,1.20175,21.17873,50.00000,,20.00000,0.81028,1
198,3530,371.67899,23.53333,1.20190,21.17870,49.00000,,20.00000,0.81024,1
198,3531,371.78101,23.54000,1.20200,21.17867,49.00000,,20.00000,0.81020,1
198,3532,371.88199,23.54667,1.20225,21.17864,49.00000,,20.00000,0.81017,1
198,3533,371.97501,23.55333,1.20230,21.17861,49.00000,,20.00000,0.81014,1
198,3534,372.07700,23.56000,1.20245,21.17807,51.00000,,20.00000,0.81010,1
198,3535,372.17801,23.56667,1.20251,21.17806,50.00000,,20.00000,0.81006,1
198,3536,372.26599,23.57333,1.20245,21.17805,49.00000,,20.00000,0.81003,1
198,3537,372.36499,23.58000,1.20256,21.17698,49.00000,,20.00000,0.81000,1
198,3538,372.45599,23.58667,1.20260,21.17591,49.00000,,20.00000,0.80997,1
198,3539,372.55701,23.59333,1.20280,21.17483,49.00000,,20.00000,0.80993,1
198,3540,372.65201,23.60000,1.20305,21.17427,51.00000,,20.00000,0.80990,1
198,3541,372.76700,23.60667,1.20326,21.17316,51.00000,,20.00000,0.80986,1
198,3542,372.85999,23.61333,1.20336,21.17206,52.00000,,20.00000,0.80982,1
198,3543,372.95599,23.62000,1.20341,21.17099,52.00000,,20.00000,0.80979,1
198,3544,373.05200,23.62667,1.20366,21.17045,49.00000,,20.00000,0.80976,1
198,3545,373.16400,23.63333,1.20402,21.16990,49.00000,,20.00000,0.80972,1
198,3546,373.24600,23.64000,1.20411,21.16934,50.00000,,20.00000,0.80969,1
198,3547,373.35300,23.64667,1.20402,21.16879,50.00000,,20.00000,0.80965,1
198,3548,373.44800,23.65333,1.20407,21.16825,50.00000,,20.00000,0.80961,1
198,3549,373.55600,23.66000,1.20422,21.16770,50.00000,,20.00000,0.80958,1
198,3550,373.64001,23.66667,1.20437,21.16715,50.00000,,20.00000,0.80955,1
198,3551,373.74100,23.67333,1.20437,21.16660,49.00000,,20.00000,0.80951,1
198,3552,373.84000,23.68000,1.20452,21.16606,49.00000,,20.00000,0.80948,1
198,3553,373.93900,23.68667,1.20467,21.16498,51.00000,,20.00000,0.80944,1
198,3554,374.03699,23.69333,1.20463,21.16390,51.00000,,20.00000,0.80941,1
198,3555,374.13599,23.70000,1.20478,21.16334,52.00000,,20.00000,0.80937,1
198,3556,374.23499,23.70667,1.20493,21.16226,49.00000,,20.00000,0.80934,1
198,3557,374.33499,23.71333,1.20513,21.16171,49.00000,,20.00000,0.80930,1
198,3558,374.43100,23.72000,1.20528,21.16061,49.00000,,20.00000,0.80927,1
198,3559,374.52499,23.72667,1.20533,21.15846,50.00000,,20.00000,0.80923,1
198,3560,374.62900,23.73333,1.20568,21.15739,50.00000,,20.00000,0.80920,1
198,3561,374.73300,23.74000,1.20633,21.15580,51.00000,,20.00000,0.80916,1
198,3562,374.82800,23.74667,1.20643,21.15367,51.00000,,20.00000,0.80912,1
198,3563,374.93301,23.75333,1.20629,21.15207,49.00000,,20.00000,0.80909,1
198,3564,375.01501,23.76000,1.20629,21.15047,49.00000,,20.00000,0.80906,1
198,3565,375.12201,23.76667,1.20644,21.14887,49.00000,,20.00000,0.80902,1
198,3566,375.21899,23.77333,1.20669,21.14780,49.00000,,20.00000,0.80899,1
198,3567,375.31900,23.78000,1.20660,21.14672,50.00000,,20.00000,0.80895,1
198,3568,375.41000,23.78667,1.20645,21.14617,50.00000,,20.00000,0.80892,1
198,3569,375.52100,23.79333,1.20656,21.14562,49.00000,,20.00000,0.80888,1
198,3570,375.60699,23.80000,1.20660,21.14507,49.00000,,20.00000,0.80885,1
198,3571,375.71399,23.80667,1.20681,21.14453,49.00000,,20.00000,0.80881,1
198,3572,375.80301,23.81333,1.20695,21.14397,49.00000,,20.00000,0.80878,1
198,3573,375.90399,23.82000,1.20726,21.14395,51.00000,,20.00000,0.80874,1
198,3574,376.00900,23.82667,1.20736,21.14393,50.00000,,20.00000,0.80870,1
198,3575,376.10199,23.83333,1.20746,21.14389,50.00000,,20.00000,0.80867,1
198,3576,376.20001,23.84000,1.20776,21.14332,50.00000,,20.00000,0.80863,1
198,3577,376.29999,23.84667,1.20806,21.14333,49.00000,,20.00000,0.80860,1
198,3578,376.40100,23.85333,1.20837,21.14333,49.00000,,20.00000,0.80856,1
198,3579,376.48700,23.86000,1.20856,21.14332,51.00000,,20.00000,0.80853,1
198,3580,376.58499,23.86667,1.20866,21.14330,51.00000,,20.00000,0.80850,1
198,3581,376.68500,23.87333,1.20862,21.14275,51.00000,,20.00000,0.80846,1
198,3582,376.78400,23.88000,1.20862,21.14270,51.00000,,20.00000,0.80842,1
198,3583,376.89001,23.88667,1.20868,21.14213,51.00000,,20.00000,0.80839,1
198,3584,376.97699,23.89333,1.20882,21.14159,49.00000,,20.00000,0.80836,1
198,3585,377.08499,23.90000,1.20908,21.14106,49.00000,,20.00000,0.80832,1
198,3586,377.18399,23.90667,1.20913,21.14051,50.00000,,20.00000,0.80828,1
198,3587,377.27899,23.91333,1.20929,21.14049,50.00000,,20.00000,0.80825,1
198,3588,377.37900,23.92000,1.20954,21.13994,50.00000,,20.00000,0.80821,1
198,3589,377.46600,23.92667,1.20954,21.13939,49.00000,,20.00000,0.80818,1
198,3590,377.57300,23.93333,1.20959,21.13727,49.00000,,20.00000,0.80814,1
198,3591,377.67599,23.94000,1.20960,21.13620,50.00000,,20.00000,0.80810,1
198,3592,377.76999,23.94667,1.20970,21.13458,50.00000,,20.00000,0.80807,1
198,3593,377.86099,23.95333,1.20980,21.13348,50.00000,,20.00000,0.80804,1
198,3594,377.96701,23.96000,1.20990,21.13243,50.00000,,20.00000,0.80800,1
198,3595,378.06601,23.96667,1.20991,21.13137,49.00000,,20.00000,0.80796,1
198,3596,378.15799,23.97333,1.21001,21.13029,49.00000,,20.00000,0.80793,1
198,3597,378.26401,23.98000,1.21016,21.12869,49.00000,,20.00000,0.80789,1
198,3598,378.35400,23.98667,1.21041,21.12761,51.00000,,20.00000,0.80786,1
198,3599,378.45801,23.99333,1.21072,21.12652,51.00000,,20.00000,0.80782,1
198,3600,378.55301,24.00000,1.21077,21.12543,52.00000,,20.00000,0.80779,1
198,3601,378.65500,24.00667,1.21068,21.12436,52.00000,,20.00000,0.80775,1
198,3602,378.74600,24.01333,1.21067,21.12382,49.00000,,20.00000,0.80772,1
198,3603,378.85501,24.02000,1.21088,21.12274,49.00000,,20.00000,0.80768,1
198,3604,378.95099,24.02667,1.21123,21.12166,50.00000,,20.00000,0.80764,1
198,3605,379.05099,24.03333,1.21139,21.12111,50.00000,,20.00000,0.80761,1
198,3606,379.14801,24.04000,1.21144,21.12003,50.00000,,20.00000,0.80757,1
198,3607,379.24301,24.04667,1.21144,21.11948,50.00000,,20.00000,0.80754,1
198,3608,379.34601,24.05333,1.21155,21.11840,52.00000,,20.00000,0.80750,1
198,3609,379.44299,24.06000,1.21180,21.11785,49.00000,,20.00000,0.80746,1
198,3610,379.54501,24.06667,1.21195,21.11677,49.00000,,20.00000,0.80743,1
198,3611,379.64001,24.07333,1.21211,21.11622,49.00000,,20.00000,0.80739,1
198,3612,379.74100,24.08000,1.21226,21.11515,50.00000,,20.00000,0.80736,1
198,3613,379.83701,24.08667,1.21251,21.11460,50.00000,,20.00000,0.80732,1
198,3614,379.92999,24.09333,1.21276,21.11405,50.00000,,20.00000,0.80729,1
198,3615,380.03201,24.10000,1.21297,21.11297,50.00000,,20.00000,0.80725,1
198,3616,380.13599,24.10667,1.21307,21.11240,49.00000,,20.00000,0.80721,1
198,3617,380.23001,24.11333,1.21303,21.11131,49.00000,,20.00000,0.80718,1
198,3618,380.32700,24.12000,1.21308,21.11024,49.00000,,20.00000,0.80714,1
198,3619,380.42700,24.12667,1.21328,21.10918,51.00000,,20.00000,0.80711,1
198,3620,380.53400,24.13333,1.21339,21.10810,51.00000,,20.00000,0.80707,1
198,3621,380.62900,24.14000,1.21339,21.10703,52.00000,,20.00000,0.80703,1
198,3622,380.72501,24.14667,1.21345,21.10596,52.00000,,20.00000,0.80700,1
198,3623,380.81799,24.15333,1.21365,21.10489,49.00000,,20.00000,0.80696,1
198,3624,380.91400,24.16000,1.21390,21.10382,49.00000,,20.00000,0.80693,1
198,3625,381.01599,24.16667,1.21410,21.10275,50.00000,,20.00000,0.80689,1
198,3626,381.11801,24.17333,1.21416,21.10168,52.00000,,20.00000,0.80685,1
198,3627,381.21201,24.18000,1.21421,21.10113,52.00000,,20.00000,0.80682,1
198,3628,381.30600,24.18667,1.21426,21.10005,52.00000,,20.00000,0.80679,1
198,3629,381.41599,24.19333,1.21442,21.09951,49.00000,,20.00000,0.80675,1
198,3630,381.50800,24.20000,1.21457,21.09791,49.00000,,20.00000,0.80671,1
198,3631,381.60800,24.20667,1.21473,21.09631,50.00000,,20.00000,0.80668,1
198,3632,381.70099,24.21333,1.21473,21.09524,50.00000,,20.00000,0.80664,1
198,3633,381.79599,24.22000,1.21473,21.09415,50.00000,,20.00000,0.80661,1
198,3634,381.90302,24.22667,1.21494,21.09253,50.00000,,20.00000,0.80657,1
198,3635,382.00000,24.23333,1.21519,21.09096,49.00000,,20.00000,0.80653,1
198,3636,382.09698,24.24000,1.21550,21.08991,49.00000,,20.00000,0.80650,1
198,3637,382.18600,24.24667,1.21559,21.08831,50.00000,,20.00000,0.80646,1
198,3638,382.28500,24.25333,1.21555,21.08722,50.00000,,20.00000,0.80643,1
198,3639,382.38501,24.26000,1.21551,21.08666,52.00000,,20.00000,0.80639,1
198,3640,382.49399,24.26667,1.21567,21.08610,52.00000,,20.00000,0.80635,1
198,3641,382.59500,24.27333,1.21582,21.08554,49.00000,,20.00000,0.80631,1
198,3642,382.69000,24.28000,1.21592,21.08498,49.00000,,20.00000,0.80628,1
198,3643,382.78900,24.28667,1.21608,21.08496,50.00000,,20.00000,0.80624,1
198,3644,382.89001,24.29333,1.21603,21.08441,49.00000,,20.00000,0.80620,1
198,3645,382.98700,24.30000,1.21619,21.08386,50.00000,,20.00000,0.80617,1
198,3646,383.08401,24.30667,1.21639,21.08384,50.00000,,20.00000,0.80613,1
198,3647,383.17300,24.31333,1.21659,21.08330,50.00000,,20.00000,0.80610,1
198,3648,383.28601,24.32000,1.21690,21.08276,50.00000,,20.00000,0.80606,1
198,3649,383.37799,24.32667,1.21705,21.08169,50.00000,,20.00000,0.80602,1
198,3650,383.47501,24.33333,1.21711,21.08114,50.00000,,20.00000,0.80599,1
198,3651,383.57401,24.34000,1.21716,21.08058,49.00000,,20.00000,0.80595,1
198,3652,383.66299,24.34667,1.21726,21.08006,50.00000,,20.00000,0.80592,1
198,3653,383.76099,24.35333,1.21737,21.07954,50.00000,,20.00000,0.80588,1
198,3654,383.86700,24.36000,1.21762,21.07847,50.00000,,20.00000,0.80584,1
198,3655,383.95599,24.36667,1.21767,21.07793,49.00000,,20.00000,0.80581,1
198,3656,384.06400,24.37333,1.21773,21.07738,49.00000,,20.00000,0.80577,1
198,3657,384.15500,24.38000,1.21794,21.07628,51.00000,,20.00000,0.80574,1
198,3658,384.25201,24.38667,1.21799,21.07572,51.00000,,20.00000,0.80570,1
198,3659,384.35501,24.39333,1.21815,21.07518,50.00000,,20.00000,0.80566,1
198,3660,384.45700,24.40000,1.21840,21.07465,51.00000,,20.00000,0.80563,1
198,3661,384.55099,24.40667,1.21856,21.07410,49.00000,,20.00000,0.80559,1
198,3662,384.65399,24.41333,1.21881,21.07408,49.00000,,20.00000,0.80555,1
198,3663,384.74899,24.42000,1.21902,21.07354,51.00000,,20.00000,0.80552,1
198,3664,384.84399,24.42667,1.21912,21.07299,51.00000,,20.00000,0.80548,1
198,3665,384.93799,24.43333,1.21932,21.07245,51.00000,,20.00000,0.80545,1
198,3666,385.04999,24.44000,1.21953,21.07190,52.00000,,20.00000,0.80541,1
198,3667,385.14401,24.44667,1.21949,21.07135,52.00000,,20.00000,0.80537,1
198,3668,385.23199,24.45333,1.21939,21.07080,49.00000,,20.00000,0.80534,1
198,3669,385.33801,24.46000,1.21950,21.07026,49.00000,,20.00000,0.80530,1
198,3670,385.44101,24.46667,1.21965,21.06971,50.00000,,20.00000,0.80526,1
198,3671,385.53601,24.47333,1.21971,21.06917,50.00000,,20.00000,0.80523,1
198,3672,385.63101,24.48000,1.21986,21.06862,50.00000,,20.00000,0.80519,1
198,3673,385.72299,24.48667,1.22001,21.06807,50.00000,,20.00000,0.80516,1
198,3674,385.83301,24.49333,1.21997,21.06751,49.00000,,20.00000,0.80512,1
198,3675,385.92801,24.50000,1.22013,21.06642,49.00000,,20.00000,0.80508,1
198,3676,386.02600,24.50667,1.22028,21.06483,49.00000,,20.00000,0.80504,1
198,3677,386.12601,24.51333,1.22049,21.06378,51.00000,,20.00000,0.80501,1
198,3678,386.22400,24.52000,1.22064,21.06324,51.00000,,20.00000,0.80497,1
198,3679,386.31601,24.52667,1.22095,21.06217,50.00000,,20.00000,0.80494,1
198,3680,386.41299,24.53333,1.22115,21.06109,49.00000,,20.00000,0.80490,1
198,3681,386.51401,24.54000,1.22136,21.06002,49.00000,,20.00000,0.80486,1
198,3682,386.62000,24.54667,1.22152,21.05842,50.00000,,20.00000,0.80482,1
198,3683,386.71701,24.55333,1.22162,21.05735,50.00000,,20.00000,0.80479,1
198,3684,386.81000,24.56000,1.22157,21.05628,51.00000,,20.00000,0.80475,1
198,3685,386.89801,24.56667,1.22167,21.05520,51.00000,,20.00000,0.80472,1
198,3686,387.01099,24.57333,1.22179,21.05413,49.00000,,20.00000,0.80468,1
198,3687,387.11301,24.58000,1.22195,21.05305,49.00000,,20.00000,0.80464,1
198,3688,387.19800,24.58667,1.22199,21.05197,49.00000,,20.00000,0.80461,1
198,3689,387.30600,24.59333,1.22216,21.05142,50.00000,,20.00000,0.80457,1
198,3690,387.39899,24.60000,1.22221,21.05086,50.00000,,20.00000,0.80453,1
198,3691,387.50299,24.60667,1.22227,21.05029,50.00000,,20.00000,0.80449,1
198,3692,387.60599,24.61333,1.22233,21.04973,50.00000,,20.00000,0.80445,1
198,3693,387.70401,24.62000,1.22253,21.04920,49.00000,,20.00000,0.80442,1
198,3694,387.79599,24.62667,1.22253,21.04920,49.00000,,20.00000,0.80438,1
198,3695,387.89301,24.63333,1.22274,21.04866,51.00000,,20.00000,0.80435,1
198,3696,387.99200,24.64000,1.22295,21.04812,49.00000,,20.00000,0.80431,1
198,3697,388.08600,24.64667,1.22305,21.04758,50.00000,,20.00000,0.80427,1
198,3698,388.19000,24.65333,1.22321,21.04703,50.00000,,20.00000,0.80423,1
198,3699,388.28500,24.66000,1.22341,21.04648,50.00000,,20.00000,0.80420,1
198,3700,388.39401,24.66667,1.22367,21.04594,49.00000,,20.00000,0.80416,1
198,3701,388.48001,24.67333,1.22387,21.04591,49.00000,,20.00000,0.80413,1
198,3702,388.57599,24.68000,1.22403,21.04537,51.00000,,20.00000,0.80409,1
198,3703,388.68399,24.68667,1.22414,21.04483,51.00000,,20.00000,0.80405,1
198,3704,388.78400,24.69333,1.22415,21.04428,51.00000,,20.00000,0.80401,1
198,3705,388.87500,24.70000,1.22425,21.04427,51.00000,,20.00000,0.80398,1
198,3706,388.97000,24.70667,1.22430,21.04372,51.00000,,20.00000,0.80394,1
198,3707,389.07401,24.71333,1.22451,21.04317,49.00000,,20.00000,0.80390,1
198,3708,389.16400,24.72000,1.22462,21.04260,49.00000,,20.00000,0.80387,1
198,3709,389.27701,24.72667,1.22488,21.04256,50.00000,,20.00000,0.80383,1
198,3710,389.36899,24.73333,1.22508,21.04202,50.00000,,20.00000,0.80379,1
198,3711,389.46600,24.74000,1.22539,21.04149,49.00000,,20.00000,0.80375,1
198,3712,389.57401,24.74667,1.22565,21.04094,49.00000,,20.00000,0.80371,1
198,3713,389.66501,24.75333,1.22585,21.04039,49.00000,,20.00000,0.80368,1
198,3714,389.76401,24.76000,1.22596,21.04037,49.00000,,20.00000,0.80364,1
198,3715,389.86801,24.76667,1.22602,21.03982,50.00000,,20.00000,0.80360,1
198,3716,389.96201,24.77333,1.22617,21.03926,50.00000,,20.00000,0.80357,1
198,3717,390.05499,24.78000,1.22623,21.03873,50.00000,,20.00000,0.80353,1
198,3718,390.15799,24.78667,1.22619,21.03874,50.00000,,20.00000,0.80349,1
198,3719,390.25900,24.79333,1.22625,21.03820,49.00000,,20.00000,0.80345,1
198,3720,390.34201,24.80000,1.22689,21.03818,49.00000,,20.00000,0.80342,1
198,3721,390.44601,24.80667,1.22720,21.03816,49.00000,,20.00000,0.80338,1
198,3722,390.55200,24.81333,1.22726,21.03761,51.00000,,20.00000,0.80334,1
198,3723,390.64801,24.82000,1.22722,21.03758,51.00000,,20.00000,0.80331,1
198,3724,390.74899,24.82667,1.22718,21.03755,51.00000,,20.00000,0.80327,1
198,3725,390.84799,24.83333,1.22724,21.03698,49.00000,,20.00000,0.80323,1
198,3726,390.94601,24.84000,1.22739,21.03694,49.00000,,20.00000,0.80319,1
198,3727,391.04599,24.84667,1.22760,21.03641,49.00000,,20.00000,0.80316,1
198,3728,391.14600,24.85333,1.22771,21.03641,50.00000,,20.00000,0.80312,1
198,3729,391.23499,24.86000,1.22771,21.03587,50.00000,,20.00000,0.80308,1
198,3730,391.34601,24.86667,1.22782,21.03585,52.00000,,20.00000,0.80304,1
198,3731,391.43100,24.87333,1.22792,21.03531,49.00000,,20.00000,0.80301,1
198,3732,391.52802,24.88000,1.22813,21.03526,49.00000,,20.00000,0.80297,1
198,3733,391.63800,24.88667,1.22824,21.03417,50.00000,,20.00000,0.80293,1
198,3734,391.73801,24.89333,1.22835,21.03365,50.00000,,20.00000,0.80289,1
198,3735,391.83200,24.90000,1.22891,21.03312,50.00000,,20.00000,0.80286,1
198,3736,391.93301,24.90667,1.22907,21.03258,50.00000,,20.00000,0.80282,1
198,3737,392.02301,24.91333,1.22927,21.03203,50.00000,,20.00000,0.80279,1
198,3738,392.12100,24.92000,1.22948,21.03149,49.00000,,20.00000,0.80275,1
198,3739,392.22699,24.92667,1.22969,21.03041,49.00000,,20.00000,0.80271,1
198,3740,392.32001,24.93333,1.23004,21.02987,51.00000,,20.00000,0.80267,1
198,3741,392.42899,24.94000,1.23011,21.02932,51.00000,,20.00000,0.80263,1
198,3742,392.51901,24.94667,1.23016,21.02929,52.00000,,20.00000,0.80260,1
198,3743,392.61499,24.95333,1.23032,21.02874,52.00000,,20.00000,0.80256,1
198,3744,392.71500,24.96000,1.23052,21.02819,52.00000,,20.00000,0.80252,1
198,3745,392.82401,24.96667,1.23054,21.02764,49.00000,,20.00000,0.80248,1
198,3746,392.92001,24.97333,1.23054,21.02710,49.00000,,20.00000,0.80244,1
198,3747,393.01999,24.98000,1.23075,21.02656,50.00000,,20.00000,0.80240,1
198,3748,393.11200,24.98667,1.23126,21.02602,51.00000,,20.00000,0.80237,1
198,3749,393.20599,24.99333,1.23126,21.02599,51.00000,,20.00000,0.80233,1
198,3750,393.30899,25.00000,1.23132,21.02544,49.00000,,20.00000,0.80229,1
198,3751,393.39801,25.00667,1.23138,21.02491,49.00000,,20.00000,0.80226,1
198,3752,393.50299,25.01333,1.23154,21.02439,50.00000,,20.00000,0.80222,1
198,3753,393.60599,25.02000,1.23170,21.02383,50.00000,,20.00000,0.80218,1
198,3754,393.69699,25.02667,1.23205,21.02328,50.00000,,20.00000,0.80215,1
198,3755,393.80301,25.03333,1.23216,21.02273,50.00000,,20.00000,0.80210,1
198,3756,393.90302,25.04000,1.23232,21.02271,49.00000,,20.00000,0.80207,1
198,3757,394.00299,25.04667,1.23238,21.02112,49.00000,,20.00000,0.80203,1
198,3758,394.09698,25.05333,1.23264,21.02058,49.00000,,20.00000,0.80199,1
198,3759,394.19299,25.06000,1.23284,21.01951,49.00000,,20.00000,0.80196,1
198,3760,394.28799,25.06667,1.23310,21.01898,51.00000,,20.00000,0.80192,1
198,3761,394.39200,25.07333,1.23336,21.01791,52.00000,,20.00000,0.80188,1
198,3762,394.48099,25.08000,1.23357,21.01684,52.00000,,20.00000,0.80184,1
198,3763,394.58499,25.08667,1.23378,21.01577,49.00000,,20.00000,0.80180,1
198,3764,394.67899,25.09333,1.23393,21.01522,49.00000,,20.00000,0.80177,1
198,3765,394.78699,25.10000,1.23410,21.01415,49.00000,,20.00000,0.80173,1
198,3766,394.88800,25.10667,1.23436,21.01307,49.00000,,20.00000,0.80169,1
198,3767,394.97699,25.11333,1.23456,21.01251,51.00000,,20.00000,0.80165,1
198,3768,395.07001,25.12000,1.23492,21.01145,51.00000,,20.00000,0.80162,1
198,3769,395.17499,25.12667,1.23508,21.01093,50.00000,,20.00000,0.80158,1
198,3770,395.28000,25.13333,1.23504,21.00986,49.00000,,20.00000,0.80154,1
198,3771,395.37100,25.14000,1.23505,21.00931,50.00000,,20.00000,0.80150,1
198,3772,395.46201,25.14667,1.23510,21.00929,50.00000,,20.00000,0.80147,1
198,3773,395.57501,25.15333,1.23522,21.00875,50.00000,,20.00000,0.80142,1
198,3774,395.66800,25.16000,1.23557,21.00820,50.00000,,20.00000,0.80139,1
198,3775,395.76099,25.16667,1.23593,21.00819,49.00000,,20.00000,0.80135,1
198,3776,395.86600,25.17333,1.23604,21.00817,49.00000,,20.00000,0.80131,1
198,3777,395.97101,25.18000,1.23625,21.00816,51.00000,,20.00000,0.80127,1
198,3778,396.05399,25.18667,1.23650,21.00762,51.00000,,20.00000,0.80124,1
198,3779,396.15201,25.19333,1.23651,21.00761,52.00000,,20.00000,0.80120,1
198,3780,396.25900,25.20000,1.23663,21.00759,52.00000,,20.00000,0.80116,1
198,3781,396.34799,25.20667,1.23673,21.00757,49.00000,,20.00000,0.80112,1
198,3782,396.45300,25.21333,1.23689,21.00755,49.00000,,20.00000,0.80108,1
198,3783,396.55399,25.22000,1.23705,21.00751,50.00000,,20.00000,0.80104,1
198,3784,396.64899,25.22667,1.23726,21.00747,50.00000,,20.00000,0.80101,1
198,3785,396.75299,25.23333,1.23752,21.00747,51.00000,,20.00000,0.80097,1
198,3786,396.85300,25.24000,1.23758,21.00747,51.00000,,20.00000,0.80093,1
198,3787,396.94000,25.24667,1.23779,21.00746,51.00000,,20.00000,0.80090,1
198,3788,397.04599,25.25333,1.23805,21.00744,49.00000,,20.00000,0.80085,1
198,3789,397.13800,25.26000,1.23846,21.00743,49.00000,,20.00000,0.80082,1
198,3790,397.23700,25.26667,1.23862,21.00739,50.00000,,20.00000,0.80078,1
198,3791,397.34299,25.27333,1.23883,21.00683,50.00000,,20.00000,0.80074,1
198,3792,397.43799,25.28000,1.23904,21.00684,50.00000,,20.00000,0.80070,1
198,3793,397.53400,25.28667,1.23915,21.00684,49.00000,,20.00000,0.80066,1
198,3794,397.63699,25.29333,1.23936,21.00630,49.00000,,20.00000,0.80062,1
198,3795,397.71701,25.30000,1.23951,21.00629,49.00000,,20.00000,0.80059,1
198,3796,397.83301,25.30667,1.23978,21.00575,50.00000,,20.00000,0.80055,1
198,3797,397.92899,25.31333,1.23994,21.00573,50.00000,,20.00000,0.80051,1
198,3798,398.02499,25.32000,1.24019,21.00519,52.00000,,20.00000,0.80047,1
198,3799,398.12201,25.32667,1.24050,21.00465,52.00000,,20.00000,0.80044,1
198,3800,398.21701,25.33333,1.24066,21.00463,49.00000,,20.00000,0.80040,1
198,3801,398.32700,25.34000,1.24088,21.00409,49.00000,,20.00000,0.80036,1
198,3802,398.41299,25.34667,1.24113,21.00408,49.00000,,20.00000,0.80032,1
198,3803,398.51599,25.35333,1.24139,21.00353,49.00000,,20.00000,0.80028,1
198,3804,398.61700,25.36000,1.24140,21.00299,50.00000,,20.00000,0.80024,1
198,3805,398.70599,25.36667,1.24146,21.00297,51.00000,,20.00000,0.80021,1
198,3806,398.81500,25.37333,1.24157,21.00243,49.00000,,20.00000,0.80017,1
198,3807,398.91199,25.38000,1.24178,21.00188,49.00000,,20.00000,0.80013,1
198,3808,399.00500,25.38667,1.24199,21.00184,50.00000,,20.00000,0.80009,1
198,3809,399.10199,25.39333,1.24225,21.00132,50.00000,,20.00000,0.80005,1
198,3810,399.20700,25.40000,1.24252,21.00131,50.00000,,20.00000,0.80001,1
198,3811,399.29901,25.40667,1.24297,21.00076,50.00000,,20.00000,0.79998,1
198,3812,399.39899,25.41333,1.24298,21.00020,49.00000,,20.00000,0.79994,1
198,3813,399.50299,25.42000,1.24300,21.00018,49.00000,,20.00000,0.79990,1
198,3814,399.61401,25.42667,1.24306,20.99963,50.00000,,20.00000,0.79985,1
198,3815,399.69901,25.43333,1.24312,20.99908,50.00000,,20.00000,0.79982,1
198,3816,399.80301,25.44000,1.24333,20.99906,51.00000,,20.00000,0.79978,1
198,3817,399.89600,25.44667,1.24374,20.99852,51.00000,,20.00000,0.79974,1
198,3818,399.98999,25.45333,1.24405,20.99849,49.00000,,20.00000,0.79971,1
198,3819,400.09500,25.46000,1.24436,20.99794,49.00000,,20.00000,0.79967,1
198,3820,400.20700,25.46667,1.24448,20.99738,49.00000,,20.00000,0.79962,1
198,3821,400.29300,25.47333,1.24468,20.99735,49.00000,,20.00000,0.79959,1
198,3822,400.40100,25.48000,1.24475,20.99681,50.00000,,20.00000,0.79955,1
198,3823,400.50000,25.48667,1.24491,20.99680,50.00000,,20.00000,0.79951,1
198,3824,400.59500,25.49333,1.24512,20.99677,50.00000,,20.00000,0.79947,1
198,3825,400.68900,25.50000,1.24533,20.99622,50.00000,,20.00000,0.79943,1
198,3826,400.78601,25.50667,1.24564,20.99624,50.00000,,20.00000,0.79939,1
198,3827,400.88199,25.51333,1.24620,20.99572,49.00000,,20.00000,0.79936,1
198,3828,400.97900,25.52000,1.24661,20.99571,49.00000,,20.00000,0.79932,1
198,3829,401.08200,25.52667,1.24667,20.99517,50.00000,,20.00000,0.79928,1
198,3830,401.17099,25.53333,1.24668,20.99515,50.00000,,20.00000,0.79924,1
198,3831,401.27701,25.54000,1.24694,20.99460,49.00000,,20.00000,0.79920,1
198,3832,401.37601,25.54667,1.24741,20.99458,49.00000,,20.00000,0.79916,1
198,3833,401.47699,25.55333,1.24737,20.99403,50.00000,,20.00000,0.79912,1
198,3834,401.57599,25.56000,1.24793,20.99401,49.00000,,20.00000,0.79908,1
198,3835,401.67599,25.56667,1.24829,20.99347,51.00000,,20.00000,0.79904,1
198,3836,401.76901,25.57333,1.24835,20.99293,50.00000,,20.00000,0.79901,1
198,3837,401.87201,25.58000,1.24837,20.99292,50.00000,,20.00000,0.79897,1
198,3838,401.96899,25.58667,1.24863,20.99238,50.00000,,20.00000,0.79893,1
198,3839,402.06201,25.59333,1.24894,20.99236,49.00000,,20.00000,0.79889,1
198,3840,402.16199,25.60000,1.24915,20.99182,51.00000,,20.00000,0.79885,1
198,3841,402.26401,25.60667,1.24946,20.99179,51.00000,,20.00000,0.79881,1
198,3842,402.36200,25.61333,1.24967,20.99070,51.00000,,20.00000,0.79877,1
198,3843,402.46399,25.62000,1.24994,20.98965,52.00000,,20.00000,0.79873,1
198,3844,402.55200,25.62667,1.24999,20.98860,52.00000,,20.00000,0.79870,1
198,3845,402.65701,25.63333,1.25001,20.98753,49.00000,,20.00000,0.79866,1
198,3846,402.75699,25.64000,1.25012,20.98646,49.00000,,20.00000,0.79862,1
198,3847,402.85300,25.64667,1.25063,20.98593,50.00000,,20.00000,0.79858,1
198,3848,402.96100,25.65333,1.25095,20.98486,50.00000,,20.00000,0.79854,1
198,3849,403.03900,25.66000,1.25155,20.98431,50.00000,,20.00000,0.79850,1
198,3850,403.14401,25.66667,1.25187,20.98327,50.00000,,20.00000,0.79846,1
198,3851,403.23801,25.67333,1.25198,20.98275,50.00000,,20.00000,0.79843,1
198,3852,403.34601,25.68000,1.25220,20.98222,49.00000,,20.00000,0.79838,1
198,3853,403.43201,25.68667,1.25225,20.98167,50.00000,,20.00000,0.79835,1
198,3854,403.53101,25.69333,1.25241,20.98060,50.00000,,20.00000,0.79831,1
198,3855,403.63199,25.70000,1.25257,20.97952,50.00000,,20.00000,0.79827,1
198,3856,403.73801,25.70667,1.25274,20.97897,50.00000,,20.00000,0.79823,1
198,3857,403.83099,25.71333,1.25305,20.97842,50.00000,,20.00000,0.79819,1
198,3858,403.93900,25.72000,1.25352,20.97787,49.00000,,20.00000,0.79815,1
198,3859,404.03400,25.72667,1.25388,20.97680,49.00000,,20.00000,0.79811,1
198,3860,404.13400,25.73333,1.25394,20.97625,50.00000,,20.00000,0.79807,1
198,3861,404.23199,25.74000,1.25421,20.97571,50.00000,,20.00000,0.79803,1
198,3862,404.32501,25.74667,1.25477,20.97517,50.00000,,20.00000,0.79799,1
198,3863,404.42899,25.75333,1.25514,20.97463,50.00000,,20.00000,0.79795,1
198,3864,404.52499,25.76000,1.25520,20.97409,50.00000,,20.00000,0.79791,1
198,3865,404.62399,25.76667,1.25551,20.97354,50.00000,,20.00000,0.79787,1
198,3866,404.72000,25.77333,1.25562,20.97298,49.00000,,20.00000,0.79784,1
198,3867,404.81799,25.78000,1.25654,20.97298,49.00000,,20.00000,0.79780,1
198,3868,404.92700,25.78667,1.25671,20.97246,50.00000,,20.00000,0.79775,1
198,3869,405.00800,25.79333,1.25681,20.97192,50.00000,,20.00000,0.79772,1
198,3870,405.11801,25.80000,1.25693,20.97138,52.00000,,20.00000,0.79768,1
198,3871,405.21500,25.80667,1.25714,20.97085,49.00000,,20.00000,0.79764,1
198,3872,405.30701,25.81333,1.25735,20.97031,49.00000,,20.00000,0.79760,1
198,3873,405.41199,25.82000,1.25757,20.96977,49.00000,,20.00000,0.79756,1
198,3874,405.50601,25.82667,1.25808,20.96922,50.00000,,20.00000,0.79752,1
198,3875,405.60199,25.83333,1.25834,20.96868,50.00000,,20.00000,0.79748,1
198,3876,405.70999,25.84000,1.25866,20.96813,50.00000,,20.00000,0.79744,1
198,3877,405.80099,25.84667,1.25897,20.96759,50.00000,,20.00000,0.79741,1
198,3878,405.90701,25.85333,1.25919,20.96704,49.00000,,20.00000,0.79736,1
198,3879,405.99899,25.86000,1.25940,20.96648,49.00000,,20.00000,0.79733,1
198,3880,406.10101,25.86667,1.25981,20.96593,51.00000,,20.00000,0.79729,1
198,3881,406.20700,25.87333,1.26003,20.96539,51.00000,,20.00000,0.79724,1
198,3882,406.30899,25.88000,1.26025,20.96483,51.00000,,20.00000,0.79720,1
198,3883,406.40100,25.88667,1.26051,20.96427,52.00000,,20.00000,0.79716,1
198,3884,406.48999,25.89333,1.26071,20.96375,52.00000,,20.00000,0.79713,1
198,3885,406.59900,25.90000,1.26109,20.96376,49.00000,,20.00000,0.79709,1
198,3886,406.69501,25.90667,1.26190,20.96323,50.00000,,20.00000,0.79705,1
198,3887,406.79099,25.91333,1.26211,20.96269,50.00000,,20.00000,0.79701,1
198,3888,406.88501,25.92000,1.26223,20.96215,50.00000,,20.00000,0.79697,1
198,3889,406.98199,25.92667,1.26244,20.96214,50.00000,,20.00000,0.79693,1
198,3890,407.09201,25.93333,1.26266,20.96160,50.00000,,20.00000,0.79689,1
198,3891,407.18600,25.94000,1.26297,20.96159,50.00000,,20.00000,0.79685,1
198,3892,407.28000,25.94667,1.26343,20.96158,50.00000,,20.00000,0.79681,1
198,3893,407.37900,25.95333,1.26385,20.96157,50.00000,,20.00000,0.79677,1
198,3894,407.47601,25.96000,1.26416,20.96103,50.00000,,20.00000,0.79673,1
198,3895,407.57800,25.96667,1.26403,20.96102,50.00000,,20.00000,0.79669,1
198,3896,407.67801,25.97333,1.26419,20.96101,50.00000,,20.00000,0.79665,1
198,3897,407.76901,25.98000,1.26450,20.96099,49.00000,,20.00000,0.79662,1
198,3898,407.86801,25.98667,1.26472,20.96098,49.00000,,20.00000,0.79658,1
198,3899,407.97198,25.99333,1.26519,20.96094,50.00000,,20.00000,0.79653,1
198,3900,408.06201,26.00000,1.26580,20.96038,50.00000,,20.00000,0.79650,1
198,3901,408.17499,26.00667,1.26592,20.96038,51.00000,,20.00000,0.79645,1
198,3902,408.26801,26.01333,1.26598,20.96038,51.00000,,20.00000,0.79641,1
198,3903,408.37000,26.02000,1.26675,20.95985,49.00000,,20.00000,0.79637,1
198,3904,408.46500,26.02667,1.26681,20.95983,49.00000,,20.00000,0.79633,1
198,3905,408.55200,26.03333,1.26697,20.95928,50.00000,,20.00000,0.79630,1
198,3906,408.65601,26.04000,1.26704,20.95926,49.00000,,20.00000,0.79626,1
198,3907,408.76901,26.04667,1.26761,20.95872,51.00000,,20.00000,0.79621,1
198,3908,408.86301,26.05333,1.26808,20.95870,52.00000,,20.00000,0.79617,1
198,3909,408.96201,26.06000,1.26850,20.95816,52.00000,,20.00000,0.79613,1
198,3910,409.05600,26.06667,1.26871,20.95815,52.00000,,20.00000,0.79610,1
198,3911,409.15601,26.07333,1.26882,20.95762,49.00000,,20.00000,0.79606,1
198,3912,409.24899,26.08000,1.26944,20.95708,49.00000,,20.00000,0.79602,1
198,3913,409.35199,26.08667,1.26976,20.95707,50.00000,,20.00000,0.79598,1
198,3914,409.44699,26.09333,1.27007,20.95653,50.00000,,20.00000,0.79594,1
198,3915,409.54700,26.10000,1.27024,20.95599,50.00000,,20.00000,0.79590,1
198,3916,409.64801,26.10667,1.27055,20.95542,50.00000,,20.00000,0.79586,1
198,3917,409.74399,26.11333,1.27102,20.95486,49.00000,,20.00000,0.79582,1
198,3918,409.84900,26.12000,1.27154,20.95486,49.00000,,20.00000,0.79577,1
198,3919,409.94601,26.12667,1.27211,20.95434,51.00000,,20.00000,0.79574,1
198,3920,410.04401,26.13333,1.27222,20.95380,51.00000,,20.00000,0.79570,1
198,3921,410.13901,26.14000,1.27239,20.95327,51.00000,,20.00000,0.79566,1
198,3922,410.24100,26.14667,1.27275,20.95273,50.00000,,20.00000,0.79562,1
198,3923,410.33099,26.15333,1.27342,20.95218,49.00000,,20.00000,0.79558,1
198,3924,410.44000,26.16000,1.27364,20.95162,49.00000,,20.00000,0.79553,1
198,3925,410.53000,26.16667,1.27395,20.95111,49.00000,,20.00000,0.79550,1
198,3926,410.63000,26.17333,1.27432,20.95059,51.00000,,20.00000,0.79546,1
198,3927,410.72699,26.18000,1.27454,20.94952,50.00000,,20.00000,0.79542,1
198,3928,410.82700,26.18667,1.27490,20.94897,52.00000,,20.00000,0.79538,1
198,3929,410.92899,26.19333,1.27527,20.94843,49.00000,,20.00000,0.79534,1
198,3930,411.02600,26.20000,1.27589,20.94789,49.00000,,20.00000,0.79530,1
198,3931,411.13000,26.20667,1.27611,20.94734,50.00000,,20.00000,0.79525,1
198,3932,411.22198,26.21333,1.27642,20.94628,50.00000,,20.00000,0.79522,1
198,3933,411.32101,26.22000,1.27674,20.94574,50.00000,,20.00000,0.79518,1
198,3934,411.42401,26.22667,1.27711,20.94520,50.00000,,20.00000,0.79513,1
198,3935,411.52301,26.23333,1.27768,20.94414,50.00000,,20.00000,0.79509,1
198,3936,411.61301,26.24000,1.27819,20.94360,49.00000,,20.00000,0.79506,1
198,3937,411.71500,26.24667,1.27872,20.94307,49.00000,,20.00000,0.79502,1
198,3938,411.81201,26.25333,1.27898,20.94200,51.00000,,20.00000,0.79498,1
198,3939,411.91400,26.26000,1.27905,20.94146,51.00000,,20.00000,0.79493,1
198,3940,412.00601,26.26667,1.27926,20.94090,50.00000,,20.00000,0.79490,1
198,3941,412.11301,26.27333,1.27958,20.94087,50.00000,,20.00000,0.79485,1
198,3942,412.21201,26.28000,1.27985,20.93982,49.00000,,20.00000,0.79481,1
198,3943,412.30701,26.28667,1.28052,20.93878,49.00000,,20.00000,0.79477,1
198,3944,412.40500,26.29333,1.28109,20.93824,49.00000,,20.00000,0.79473,1
198,3945,412.49701,26.30000,1.28156,20.93718,49.00000,,20.00000,0.79470,1
198,3946,412.60400,26.30667,1.28198,20.93611,51.00000,,20.00000,0.79465,1
198,3947,412.69400,26.31333,1.28229,20.93504,50.00000,,20.00000,0.79462,1
198,3948,412.79901,26.32000,1.28282,20.93449,49.00000,,20.00000,0.79457,1
198,3949,412.90399,26.32667,1.28314,20.93342,50.00000,,20.00000,0.79453,1
198,3950,413.00299,26.33333,1.28351,20.93235,49.00000,,20.00000,0.79449,1
198,3951,413.09601,26.34000,1.28387,20.93129,50.00000,,20.00000,0.79445,1
198,3952,413.19000,26.34667,1.28424,20.93075,50.00000,,20.00000,0.79441,1
198,3953,413.29999,26.35333,1.28461,20.92969,50.00000,,20.00000,0.79437,1
198,3954,413.39099,26.36000,1.28483,20.92862,50.00000,,20.00000,0.79433,1
198,3955,413.48300,26.36667,1.28524,20.92808,50.00000,,20.00000,0.79429,1
198,3956,413.59698,26.37333,1.28557,20.92755,49.00000,,20.00000,0.79425,1
198,3957,413.69101,26.38000,1.28583,20.92699,49.00000,,20.00000,0.79421,1
198,3958,413.78799,26.38667,1.28620,20.92697,50.00000,,20.00000,0.79417,1
198,3959,413.87500,26.39333,1.28682,20.92644,50.00000,,20.00000,0.79413,1
198,3960,413.97900,26.40000,1.28739,20.92645,50.00000,,20.00000,0.79409,1
198,3961,414.08301,26.40667,1.28797,20.92643,50.00000,,20.00000,0.79405,1
198,3962,414.18100,26.41333,1.28839,20.92642,49.00000,,20.00000,0.79401,1
198,3963,414.27899,26.42000,1.28870,20.92587,49.00000,,20.00000,0.79396,1
198,3964,414.38300,26.42667,1.28918,20.92586,49.00000,,20.00000,0.79392,1
198,3965,414.47400,26.43333,1.28949,20.92585,51.00000,,20.00000,0.79388,1
198,3966,414.57599,26.44000,1.28966,20.92531,51.00000,,20.00000,0.79384,1
198,3967,414.67200,26.44667,1.28998,20.92530,52.00000,,20.00000,0.79380,1
198,3968,414.77100,26.45333,1.29015,20.92476,52.00000,,20.00000,0.79376,1
198,3969,414.87601,26.46000,1.29047,20.92475,49.00000,,20.00000,0.79372,1
198,3970,414.96301,26.46667,1.29109,20.92421,49.00000,,20.00000,0.79368,1
198,3971,415.06799,26.47333,1.29156,20.92368,50.00000,,20.00000,0.79364,1
198,3972,415.17001,26.48000,1.29188,20.92314,50.00000,,20.00000,0.79360,1
198,3973,415.25601,26.48667,1.29224,20.92312,50.00000,,20.00000,0.79356,1
198,3974,415.37100,26.49333,1.29283,20.92257,50.00000,,20.00000,0.79351,1
198,3975,415.46100,26.50000,1.29314,20.92201,51.00000,,20.00000,0.79348,1
198,3976,415.55899,26.50667,1.29366,20.92148,49.00000,,20.00000,0.79344,1
198,3977,415.65799,26.51333,1.29429,20.92096,49.00000,,20.00000,0.79340,1
198,3978,415.76300,26.52000,1.29491,20.92043,50.00000,,20.00000,0.79335,1
198,3979,415.85999,26.52667,1.29549,20.91989,50.00000,,20.00000,0.79331,1
198,3980,415.95599,26.53333,1.29590,20.91935,50.00000,,20.00000,0.79327,1
198,3981,416.04700,26.54000,1.29632,20.91932,49.00000,,20.00000,0.79323,1
198,3982,416.15701,26.54667,1.29660,20.91876,49.00000,,20.00000,0.79319,1
198,3983,416.24899,26.55333,1.29707,20.91824,49.00000,,20.00000,0.79315,1
198,3984,416.35199,26.56000,1.29749,20.91773,49.00000,,20.00000,0.79311,1
198,3985,416.45099,26.56667,1.29796,20.91719,50.00000,,20.00000,0.79307,1
198,3986,416.53900,26.57333,1.29843,20.91664,50.00000,,20.00000,0.79303,1
198,3987,416.65302,26.58000,1.29886,20.91610,50.00000,,20.00000,0.79298,1
198,3988,416.73700,26.58667,1.29917,20.91607,50.00000,,20.00000,0.79295,1
198,3989,416.85001,26.59333,1.29925,20.91553,50.00000,,20.00000,0.79290,1
198,3990,416.95700,26.60000,1.29967,20.91500,50.00000,,20.00000,0.79286,1
198,3991,417.04300,26.60667,1.30029,20.91446,50.00000,,20.00000,0.79282,1
198,3992,417.13699,26.61333,1.30096,20.91445,51.00000,,20.00000,0.79278,1
198,3993,417.23901,26.62000,1.30164,20.91392,51.00000,,20.00000,0.79274,1
198,3994,417.34000,26.62667,1.30221,20.91339,52.00000,,20.00000,0.79270,1
198,3995,417.44000,26.63333,1.30259,20.91286,49.00000,,20.00000,0.79266,1
198,3996,417.53500,26.64000,1.30260,20.91285,49.00000,,20.00000,0.79262,1
198,3997,417.62399,26.64667,1.30307,20.91232,50.00000,,20.00000,0.79258,1
198,3998,417.72501,26.65333,1.30369,20.91176,50.00000,,20.00000,0.79254,1
198,3999,417.82800,26.66000,1.30427,20.91120,50.00000,,20.00000,0.79250,1
198,4000,417.92899,26.66667,1.30464,20.91068,50.00000,,20.00000,0.79245,1
198,4001,418.03101,26.67333,1.30507,20.91015,50.00000,,20.00000,0.79241,1
198,4002,418.12701,26.68000,1.30569,20.90962,49.00000,,20.00000,0.79237,1
198,4003,418.23099,26.68667,1.30622,20.90961,49.00000,,20.00000,0.79233,1
198,4004,418.31900,26.69333,1.30658,20.90907,51.00000,,20.00000,0.79229,1
198,4005,418.41901,26.70000,1.30696,20.90854,51.00000,,20.00000,0.79225,1
198,4006,418.52100,26.70667,1.30713,20.90801,52.00000,,20.00000,0.79221,1
198,4007,418.62000,26.71333,1.30775,20.90748,52.00000,,20.00000,0.79217,1
198,4008,418.71301,26.72000,1.30828,20.90694,52.00000,,20.00000,0.79213,1
198,4009,418.80899,26.72667,1.30839,20.90692,49.00000,,20.00000,0.79209,1
198,4010,418.91000,26.73333,1.30877,20.90638,50.00000,,20.00000,0.79204,1
198,4011,419.01599,26.74000,1.30919,20.90583,50.00000,,20.00000,0.79200,1
198,4012,419.11499,26.74667,1.30957,20.90529,51.00000,,20.00000,0.79196,1
198,4013,419.21399,26.75333,1.31024,20.90527,51.00000,,20.00000,0.79192,1
198,4014,419.31500,26.76000,1.31082,20.90474,49.00000,,20.00000,0.79187,1
198,4015,419.41101,26.76667,1.31145,20.90472,49.00000,,20.00000,0.79183,1
198,4016,419.50400,26.77333,1.31202,20.90470,50.00000,,20.00000,0.79180,1
198,4017,419.60101,26.78000,1.31264,20.90471,50.00000,,20.00000,0.79176,1
198,4018,419.69699,26.78667,1.31317,20.90419,50.00000,,20.00000,0.79171,1
198,4019,419.80301,26.79333,1.31365,20.90418,50.00000,,20.00000,0.79167,1
198,4020,419.89899,26.80000,1.31412,20.90417,50.00000,,20.00000,0.79163,1
198,4021,419.99899,26.80667,1.31480,20.90415,49.00000,,20.00000,0.79159,1
198,4022,420.10001,26.81333,1.31502,20.90414,49.00000,,20.00000,0.79155,1
198,4023,420.19800,26.82000,1.31509,20.90413,49.00000,,20.00000,0.79150,1
198,4024,420.29300,26.82667,1.31546,20.90412,50.00000,,20.00000,0.79147,1
198,4025,420.39700,26.83333,1.31629,20.90411,50.00000,,20.00000,0.79142,1
198,4026,420.48700,26.84000,1.31686,20.90357,50.00000,,20.00000,0.79138,1
198,4027,420.58301,26.84667,1.31744,20.90356,50.00000,,20.00000,0.79134,1
198,4028,420.69800,26.85333,1.31802,20.90302,49.00000,,20.00000,0.79130,1
198,4029,420.78900,26.86000,1.31809,20.90301,49.00000,,20.00000,0.79126,1
198,4030,420.88400,26.86667,1.31866,20.90299,51.00000,,20.00000,0.79122,1
198,4031,420.98801,26.87333,1.31914,20.90244,51.00000,,20.00000,0.79117,1
198,4032,421.08401,26.88000,1.31946,20.90242,52.00000,,20.00000,0.79113,1
198,4033,421.18799,26.88667,1.31979,20.90188,51.00000,,20.00000,0.79109,1
198,4034,421.29099,26.89333,1.32022,20.90081,52.00000,,20.00000,0.79105,1
198,4035,421.38699,26.90000,1.32105,20.89974,49.00000,,20.00000,0.79101,1
198,4036,421.49200,26.90667,1.32148,20.89868,49.00000,,20.00000,0.79096,1
198,4037,421.58099,26.91333,1.32189,20.89815,50.00000,,20.00000,0.79092,1
198,4038,421.67999,26.92000,1.32262,20.89709,50.00000,,20.00000,0.79088,1
198,4039,421.77499,26.92667,1.32315,20.89656,50.00000,,20.00000,0.79084,1
198,4040,421.87799,26.93333,1.32358,20.89550,50.00000,,20.00000,0.79080,1
198,4041,421.98099,26.94000,1.32375,20.89496,49.00000,,20.00000,0.79075,1
198,4042,422.06500,26.94667,1.32386,20.89442,49.00000,,20.00000,0.79072,1
198,4043,422.17999,26.95333,1.32414,20.89389,51.00000,,20.00000,0.79067,1
198,4044,422.27100,26.96000,1.32472,20.89335,51.00000,,20.00000,0.79063,1
198,4045,422.37601,26.96667,1.32540,20.89282,50.00000,,20.00000,0.79059,1
198,4046,422.47000,26.97333,1.32603,20.89230,49.00000,,20.00000,0.79055,1
198,4047,422.56201,26.98000,1.32665,20.89177,49.00000,,20.00000,0.79051,1
198,4048,422.65799,26.98667,1.32718,20.89071,49.00000,,20.00000,0.79047,1
198,4049,422.75900,26.99333,1.32740,20.89017,49.00000,,20.00000,0.79043,1
198,4050,422.86499,27.00000,1.32814,20.88964,49.00000,,20.00000,0.79038,1
198,4051,422.95801,27.00667,1.32876,20.88911,51.00000,,20.00000,0.79034,1
198,4052,423.05801,27.01333,1.32944,20.88857,50.00000,,20.00000,0.79030,1
198,4053,423.15201,27.02000,1.32992,20.88803,49.00000,,20.00000,0.79026,1
198,4054,423.25400,27.02667,1.33034,20.88750,49.00000,,20.00000,0.79022,1
198,4055,423.35199,27.03333,1.33082,20.88749,50.00000,,20.00000,0.79018,1
198,4056,423.44800,27.04000,1.33114,20.88695,50.00000,,20.00000,0.79013,1
198,4057,423.55600,27.04667,1.33142,20.88641,50.00000,,20.00000,0.79009,1
198,4058,423.65100,27.05333,1.33210,20.88641,50.00000,,20.00000,0.79005,1
198,4059,423.74799,27.06000,1.33258,20.88588,50.00000,,20.00000,0.79001,1
198,4060,423.84399,27.06667,1.33305,20.88587,49.00000,,20.00000,0.78997,1
198,4061,423.93701,27.07333,1.33343,20.88586,49.00000,,20.00000,0.78993,1
198,4062,424.04700,27.08000,1.33361,20.88586,49.00000,,20.00000,0.78988,1
198,4063,424.13199,27.08667,1.33407,20.88532,49.00000,,20.00000,0.78984,1
198,4064,424.24200,27.09333,1.33456,20.88531,50.00000,,20.00000,0.78980,1
198,4065,424.34100,27.10000,1.33534,20.88530,50.00000,,20.00000,0.78976,1
198,4066,424.43399,27.10667,1.33592,20.88529,49.00000,,20.00000,0.78972,1
198,4067,424.53799,27.11333,1.33650,20.88529,49.00000,,20.00000,0.78967,1
198,4068,424.63199,27.12000,1.33703,20.88529,49.00000,,20.00000,0.78963,1
198,4069,424.72601,27.12667,1.33760,20.88529,51.00000,,20.00000,0.78959,1
198,4070,424.82501,27.13333,1.33818,20.88528,51.00000,,20.00000,0.78955,1
198,4071,424.92801,27.14000,1.33877,20.88527,51.00000,,20.00000,0.78951,1
198,4072,425.02100,27.14667,1.33883,20.88526,51.00000,,20.00000,0.78947,1
198,4073,425.12399,27.15333,1.33952,20.88525,51.00000,,20.00000,0.78942,1
198,4074,425.22101,27.16000,1.34000,20.88524,49.00000,,20.00000,0.78938,1
198,4075,425.32199,27.16667,1.34058,20.88523,49.00000,,20.00000,0.78934,1
198,4076,425.41800,27.17333,1.34116,20.88469,50.00000,,20.00000,0.78930,1
198,4077,425.52301,27.18000,1.34169,20.88468,50.00000,,20.00000,0.78925,1
198,4078,425.61401,27.18667,1.34232,20.88467,49.00000,,20.00000,0.78921,1
198,4079,425.71899,27.19333,1.34275,20.88466,52.00000,,20.00000,0.78917,1
198,4080,425.81500,27.20000,1.34317,20.88412,49.00000,,20.00000,0.78913,1
198,4081,425.91299,27.20667,1.34370,20.88411,49.00000,,20.00000,0.78909,1
198,4082,426.01300,27.21333,1.34413,20.88409,50.00000,,20.00000,0.78904,1
198,4083,426.11401,27.22000,1.34436,20.88355,50.00000,,20.00000,0.78900,1
198,4084,426.20999,27.22667,1.34499,20.88353,50.00000,,20.00000,0.78896,1
198,4085,426.31500,27.23333,1.34552,20.88351,50.00000,,20.00000,0.78891,1
198,4086,426.41299,27.24000,1.34615,20.88296,49.00000,,20.00000,0.78887,1
198,4087,426.51901,27.24667,1.34684,20.88295,49.00000,,20.00000,0.78883,1
198,4088,426.61401,27.25333,1.34747,20.88241,51.00000,,20.00000,0.78879,1
198,4089,426.70999,27.26000,1.34780,20.88188,51.00000,,20.00000,0.78874,1
198,4090,426.81500,27.26667,1.34828,20.88135,52.00000,,20.00000,0.78870,1
198,4091,426.90601,27.27333,1.34891,20.88083,52.00000,,20.00000,0.78866,1
198,4092,427.00201,27.28000,1.34954,20.88030,49.00000,,20.00000,0.78862,1
198,4093,427.10101,27.28667,1.34961,20.87977,49.00000,,20.00000,0.78858,1
198,4094,427.19400,27.29333,1.34993,20.87976,50.00000,,20.00000,0.78854,1
198,4095,427.30399,27.30000,1.35042,20.87923,50.00000,,20.00000,0.78849,1
198,4096,427.39600,27.30667,1.35095,20.87869,52.00000,,20.00000,0.78845,1
198,4097,427.50000,27.31333,1.35210,20.87814,52.00000,,20.00000,0.78841,1
198,4098,427.59201,27.32000,1.35262,20.87812,49.00000,,20.00000,0.78837,1
198,4099,427.69800,27.32667,1.35316,20.87758,49.00000,,20.00000,0.78832,1
198,4100,427.79800,27.33333,1.35374,20.87704,49.00000,,20.00000,0.78828,1
198,4101,427.90302,27.34000,1.35433,20.87650,50.00000,,20.00000,0.78823,1
198,4102,427.99701,27.34667,1.35486,20.87596,50.00000,,20.00000,0.78819,1
198,4103,428.09698,27.35333,1.35529,20.87543,50.00000,,20.00000,0.78815,1
198,4104,428.19101,27.36000,1.35576,20.87490,50.00000,,20.00000,0.78811,1
198,4105,428.29001,27.36667,1.35635,20.87437,49.00000,,20.00000,0.78807,1
198,4106,428.38199,27.37333,1.35682,20.87383,49.00000,,20.00000,0.78803,1
198,4107,428.49301,27.38000,1.35726,20.87330,51.00000,,20.00000,0.78798,1
198,4108,428.59000,27.38667,1.35774,20.87329,51.00000,,20.00000,0.78794,1
198,4109,428.69101,27.39333,1.35822,20.87276,51.00000,,20.00000,0.78789,1
198,4110,428.78201,27.40000,1.35875,20.87223,51.00000,,20.00000,0.78785,1
198,4111,428.87601,27.40667,1.35923,20.87170,49.00000,,20.00000,0.78781,1
198,4112,428.97900,27.41333,1.35966,20.87117,49.00000,,20.00000,0.78777,1
198,4113,429.07599,27.42000,1.35984,20.87064,50.00000,,20.00000,0.78773,1
198,4114,429.17801,27.42667,1.36058,20.87063,52.00000,,20.00000,0.78768,1
198,4115,429.27399,27.43333,1.36156,20.87009,52.00000,,20.00000,0.78764,1
198,4116,429.37701,27.44000,1.36205,20.87008,49.00000,,20.00000,0.78760,1
198,4117,429.47299,27.44667,1.36284,20.86954,49.00000,,20.00000,0.78756,1
198,4118,429.57501,27.45333,1.36357,20.86953,49.00000,,20.00000,0.78751,1
198,4119,429.66901,27.46000,1.36431,20.86952,50.00000,,20.00000,0.78747,1
198,4120,429.76999,27.46667,1.36433,20.86898,50.00000,,20.00000,0.78743,1
198,4121,429.87201,27.47333,1.36441,20.86897,49.00000,,20.00000,0.78738,1
198,4122,429.97198,27.48000,1.36520,20.86896,49.00000,,20.00000,0.78734,1
198,4123,430.06699,27.48667,1.36578,20.86895,49.00000,,20.00000,0.78730,1
198,4124,430.17099,27.49333,1.36642,20.86894,49.00000,,20.00000,0.78725,1
198,4125,430.26599,27.50000,1.36700,20.86841,51.00000,,20.00000,0.78721,1
198,4126,430.37100,27.50667,1.36764,20.86841,51.00000,,20.00000,0.78717,1
198,4127,430.45700,27.51333,1.36811,20.86840,51.00000,,20.00000,0.78713,1
198,4128,430.56000,27.52000,1.36865,20.86787,49.00000,,20.00000,0.78709,1
198,4129,430.65799,27.52667,1.36918,20.86786,49.00000,,20.00000,0.78704,1
198,4130,430.75900,27.53333,1.36982,20.86733,50.00000,,20.00000,0.78700,1
198,4131,430.86600,27.54000,1.37056,20.86732,50.00000,,20.00000,0.78695,1
198,4132,430.94901,27.54667,1.37124,20.86732,51.00000,,20.00000,0.78692,1
198,4133,431.05801,27.55333,1.37188,20.86678,51.00000,,20.00000,0.78687,1
198,4134,431.14899,27.56000,1.37241,20.86677,50.00000,,20.00000,0.78683,1
198,4135,431.24500,27.56667,1.37300,20.86623,49.00000,,20.00000,0.78679,1
198,4136,431.35400,27.57333,1.37359,20.86570,50.00000,,20.00000,0.78674,1
198,4137,431.45801,27.58000,1.37423,20.86516,50.00000,,20.00000,0.78670,1
198,4138,431.55200,27.58667,1.37476,20.86462,50.00000,,20.00000,0.78666,1
198,4139,431.64700,27.59333,1.37534,20.86408,49.00000,,20.00000,0.78661,1
198,4140,431.74301,27.60000,1.37593,20.86354,49.00000,,20.00000,0.78657,1
198,4141,431.84601,27.60667,1.37652,20.86300,49.00000,,20.00000,0.78653,1
198,4142,431.95099,27.61333,1.37721,20.86246,51.00000,,20.00000,0.78648,1
198,4143,432.04700,27.62000,1.37800,20.86192,51.00000,,20.00000,0.78644,1
198,4144,432.15100,27.62667,1.37833,20.86138,52.00000,,20.00000,0.78639,1
198,4145,432.24799,27.63333,1.37907,20.86084,52.00000,,20.00000,0.78635,1
198,4146,432.34201,27.64000,1.37960,20.86084,49.00000,,20.00000,0.78631,1
198,4147,432.44901,27.64667,1.38040,20.86030,49.00000,,20.00000,0.78627,1
198,4148,432.54001,27.65333,1.38088,20.85977,50.00000,,20.00000,0.78623,1
198,4149,432.64499,27.66000,1.38126,20.85924,50.00000,,20.00000,0.78618,1
198,4150,432.73999,27.66667,1.38174,20.85871,52.00000,,20.00000,0.78614,1
198,4151,432.83701,27.67333,1.38238,20.85766,52.00000,,20.00000,0.78610,1
198,4152,432.93500,27.68000,1.38353,20.85713,49.00000,,20.00000,0.78605,1
198,4153,433.03400,27.68667,1.38412,20.85607,49.00000,,20.00000,0.78601,1
198,4154,433.13000,27.69333,1.38480,20.85501,50.00000,,20.00000,0.78597,1
198,4155,433.23901,27.70000,1.38504,20.85448,50.00000,,20.00000,0.78592,1
198,4156,433.32599,27.70667,1.38541,20.85342,50.00000,,20.00000,0.78588,1
198,4157,433.42801,27.71333,1.38595,20.85289,50.00000,,20.00000,0.78584,1
198,4158,433.52701,27.72000,1.38685,20.85235,50.00000,,20.00000,0.78579,1
198,4159,433.62799,27.72667,1.38769,20.85129,49.00000,,20.00000,0.78575,1
198,4160,433.72198,27.73333,1.38843,20.85075,51.00000,,20.00000,0.78571,1
198,4161,433.82901,27.74000,1.38897,20.84969,51.00000,,20.00000,0.78566,1
198,4162,433.92300,27.74667,1.38961,20.84915,52.00000,,20.00000,0.78562,1
198,4163,434.02301,27.75333,1.39035,20.84808,52.00000,,20.00000,0.78558,1
198,4164,434.12399,27.76000,1.39099,20.84754,49.00000,,20.00000,0.78553,1
198,4165,434.22400,27.76667,1.39168,20.84700,49.00000,,20.00000,0.78549,1
198,4166,434.32599,27.77333,1.39237,20.84647,51.00000,,20.00000,0.78544,1
198,4167,434.42999,27.78000,1.39296,20.84594,51.00000,,20.00000,0.78540,1
198,4168,434.51801,27.78667,1.39349,20.84594,52.00000,,20.00000,0.78536,1
198,4169,434.61301,27.79333,1.39393,20.84542,52.00000,,20.00000,0.78532,1
198,4170,434.71301,27.80000,1.39457,20.84542,52.00000,,20.00000,0.78528,1
198,4171,434.81799,27.80667,1.39516,20.84541,49.00000,,20.00000,0.78523,1
198,4172,434.90701,27.81333,1.39594,20.84540,49.00000,,20.00000,0.78519,1
198,4173,435.01001,27.82000,1.39674,20.84487,50.00000,,20.00000,0.78514,1
198,4174,435.10999,27.82667,1.39697,20.84486,50.00000,,20.00000,0.78510,1
198,4175,435.21399,27.83333,1.39762,20.84485,50.00000,,20.00000,0.78506,1
198,4176,435.30701,27.84000,1.39825,20.84484,49.00000,,20.00000,0.78501,1
198,4177,435.41501,27.84667,1.39875,20.84483,49.00000,,20.00000,0.78497,1
198,4178,435.50699,27.85333,1.39923,20.84482,49.00000,,20.00000,0.78493,1
198,4179,435.60001,27.86000,1.39981,20.84481,50.00000,,20.00000,0.78489,1
198,4180,435.70300,27.86667,1.40066,20.84480,50.00000,,20.00000,0.78484,1
198,4181,435.81000,27.87333,1.40167,20.84479,49.00000,,20.00000,0.78479,1
198,4182,435.90201,27.88000,1.40245,20.84478,51.00000,,20.00000,0.78475,1
198,4183,436.00299,27.88667,1.40325,20.84477,49.00000,,20.00000,0.78471,1
198,4184,436.10901,27.89333,1.40395,20.84476,51.00000,,20.00000,0.78466,1
198,4185,436.20300,27.90000,1.40433,20.84475,51.00000,,20.00000,0.78462,1
198,4186,436.30200,27.90667,1.40471,20.84475,51.00000,,20.00000,0.78458,1
198,4187,436.40302,27.91333,1.40546,20.84475,51.00000,,20.00000,0.78453,1
198,4188,436.49100,27.92000,1.40614,20.84475,51.00000,,20.00000,0.78449,1
198,4189,436.59601,27.92667,1.40700,20.84475,49.00000,,20.00000,0.78445,1
198,4190,436.69199,27.93333,1.40769,20.84475,49.00000,,20.00000,0.78440,1
198,4191,436.79199,27.94000,1.40792,20.84475,50.00000,,20.00000,0.78436,1
198,4192,436.89200,27.94667,1.40887,20.84474,50.00000,,20.00000,0.78432,1
198,4193,436.98300,27.95333,1.40971,20.84473,49.00000,,20.00000,0.78428,1
198,4194,437.09000,27.96000,1.41041,20.84472,49.00000,,20.00000,0.78423,1
198,4195,437.18600,27.96667,1.41125,20.84471,50.00000,,20.00000,0.78419,1
198,4196,437.29700,27.97333,1.41201,20.84470,50.00000,,20.00000,0.78414,1
198,4197,437.38501,27.98000,1.41269,20.84469,50.00000,,20.00000,0.78410,1
198,4198,437.49100,27.98667,1.41324,20.84468,52.00000,,20.00000,0.78405,1
198,4199,437.57700,27.99333,1.41392,20.84467,52.00000,,20.00000,0.78401,1
198,4200,437.68900,28.00000,1.41468,20.84466,49.00000,,20.00000,0.78396,1
198,4201,437.78601,28.00667,1.41527,20.84465,49.00000,,20.00000,0.78392,1
198,4202,437.88300,28.01333,1.41586,20.84464,50.00000,,20.00000,0.78388,1
198,4203,437.98499,28.02000,1.41650,20.84464,50.00000,,20.00000,0.78383,1
198,4204,438.08200,28.02667,1.41714,20.84464,50.00000,,20.00000,0.78379,1
198,4205,438.17899,28.03333,1.41783,20.84463,50.00000,,20.00000,0.78375,1
198,4206,438.27802,28.04000,1.41848,20.84464,49.00000,,20.00000,0.78370,1
198,4207,438.37799,28.04667,1.41922,20.84464,50.00000,,20.00000,0.78366,1
198,4208,438.47501,28.05333,1.42012,20.84464,50.00000,,20.00000,0.78362,1
198,4209,438.56799,28.06000,1.42040,20.84464,50.00000,,20.00000,0.78357,1
198,4210,438.67001,28.06667,1.42151,20.84464,50.00000,,20.00000,0.78353,1
198,4211,438.76199,28.07333,1.42225,20.84463,50.00000,,20.00000,0.78349,1
198,4212,438.87000,28.08000,1.42290,20.84462,49.00000,,20.00000,0.78344,1
198,4213,438.96399,28.08667,1.42354,20.84460,49.00000,,20.00000,0.78340,1
198,4214,439.06900,28.09333,1.42424,20.84459,51.00000,,20.00000,0.78335,1
198,4215,439.16901,28.10000,1.42499,20.84458,51.00000,,20.00000,0.78331,1
198,4216,439.26999,28.10667,1.42558,20.84457,52.00000,,20.00000,0.78326,1
198,4217,439.36700,28.11333,1.42623,20.84457,50.00000,,20.00000,0.78322,1
198,4218,439.46799,28.12000,1.42687,20.84456,49.00000,,20.00000,0.78317,1
198,4219,439.55701,28.12667,1.42766,20.84456,49.00000,,20.00000,0.78313,1
198,4220,439.66199,28.13333,1.42846,20.84456,51.00000,,20.00000,0.78309,1
198,4221,439.76599,28.14000,1.42922,20.84456,51.00000,,20.00000,0.78304,1
198,4222,439.85599,28.14667,1.42985,20.84456,52.00000,,20.00000,0.78300,1
198,4223,439.95200,28.15333,1.43060,20.84455,52.00000,,20.00000,0.78296,1
198,4224,440.05600,28.16000,1.43130,20.84455,49.00000,,20.00000,0.78291,1
198,4225,440.15701,28.16667,1.43194,20.84455,49.00000,,20.00000,0.78287,1
198,4226,440.25101,28.17333,1.43264,20.84455,50.00000,,20.00000,0.78283,1
198,4227,440.35501,28.18000,1.43339,20.84455,50.00000,,20.00000,0.78278,1
198,4228,440.44400,28.18667,1.43397,20.84455,50.00000,,20.00000,0.78274,1
198,4229,440.54700,28.19333,1.43473,20.84455,50.00000,,20.00000,0.78269,1
198,4230,440.64301,28.20000,1.43547,20.84456,49.00000,,20.00000,0.78265,1
198,4231,440.74200,28.20667,1.43627,20.84455,49.00000,,20.00000,0.78261,1
198,4232,440.83899,28.21333,1.43733,20.84402,51.00000,,20.00000,0.78256,1
198,4233,440.93600,28.22000,1.43797,20.84401,51.00000,,20.00000,0.78252,1
198,4234,441.04099,28.22667,1.43816,20.84400,51.00000,,20.00000,0.78247,1
198,4235,441.14099,28.23333,1.43881,20.84399,50.00000,,20.00000,0.78243,1
198,4236,441.23599,28.24000,1.43976,20.84397,49.00000,,20.00000,0.78239,1
198,4237,441.33899,28.24667,1.44056,20.84342,49.00000,,20.00000,0.78234,1
198,4238,441.44501,28.25333,1.44137,20.84341,51.00000,,20.00000,0.78229,1
198,4239,441.54599,28.26000,1.44227,20.84340,51.00000,,20.00000,0.78225,1
198,4240,441.63501,28.26667,1.44301,20.84339,51.00000,,20.00000,0.78221,1
198,4241,441.74301,28.27333,1.44372,20.84286,52.00000,,20.00000,0.78216,1
198,4242,441.84201,28.28000,1.44452,20.84286,52.00000,,20.00000,0.78211,1
198,4243,441.93600,28.28667,1.44526,20.84287,49.00000,,20.00000,0.78207,1
198,4244,442.03900,28.29333,1.44607,20.84287,49.00000,,20.00000,0.78203,1
198,4245,442.12399,28.30000,1.44675,20.84235,50.00000,,20.00000,0.78199,1
198,4246,442.23001,28.30667,1.44746,20.84235,50.00000,,20.00000,0.78194,1
198,4247,442.32501,28.31333,1.44831,20.84234,50.00000,,20.00000,0.78190,1
198,4248,442.42599,28.32000,1.44911,20.84234,50.00000,,20.00000,0.78185,1
198,4249,442.52600,28.32667,1.45002,20.84181,50.00000,,20.00000,0.78181,1
198,4250,442.63101,28.33333,1.45046,20.84180,49.00000,,20.00000,0.78176,1
198,4251,442.71899,28.34000,1.45110,20.84179,51.00000,,20.00000,0.78172,1
198,4252,442.82401,28.34667,1.45170,20.84179,51.00000,,20.00000,0.78167,1
198,4253,442.92700,28.35333,1.45230,20.84127,50.00000,,20.00000,0.78163,1
198,4254,443.01999,28.36000,1.45336,20.84127,50.00000,,20.00000,0.78159,1
198,4255,443.11301,28.36667,1.45431,20.84127,49.00000,,20.00000,0.78154,1
198,4256,443.21899,28.37333,1.45532,20.84127,49.00000,,20.00000,0.78150,1
198,4257,443.31100,28.38000,1.45591,20.84074,51.00000,,20.00000,0.78145,1
198,4258,443.41501,28.38667,1.45605,20.84073,51.00000,,20.00000,0.78141,1
198,4259,443.51099,28.39333,1.45649,20.84073,52.00000,,20.00000,0.78136,1
198,4260,443.61200,28.40000,1.45781,20.84073,52.00000,,20.00000,0.78132,1
198,4261,443.70801,28.40667,1.45856,20.84019,49.00000,,20.00000,0.78128,1
198,4262,443.81201,28.41333,1.45932,20.84019,49.00000,,20.00000,0.78123,1
198,4263,443.90601,28.42000,1.45981,20.84019,50.00000,,20.00000,0.78119,1
198,4264,444.00900,28.42667,1.46072,20.84019,50.00000,,20.00000,0.78114,1
198,4265,444.10300,28.43333,1.46131,20.83965,50.00000,,20.00000,0.78110,1
198,4266,444.20200,28.44000,1.46180,20.83965,50.00000,,20.00000,0.78105,1
198,4267,444.30301,28.44667,1.46266,20.83965,50.00000,,20.00000,0.78101,1
198,4268,444.40399,28.45333,1.46341,20.83912,49.00000,,20.00000,0.78096,1
198,4269,444.50699,28.46000,1.46417,20.83912,49.00000,,20.00000,0.78092,1
198,4270,444.59299,28.46667,1.46491,20.83912,50.00000,,20.00000,0.78088,1
198,4271,444.69601,28.47333,1.46572,20.83912,50.00000,,20.00000,0.78083,1
198,4272,444.79599,28.48000,1.46658,20.83859,50.00000,,20.00000,0.78079,1
198,4273,444.89099,28.48667,1.46707,20.83858,49.00000,,20.00000,0.78074,1
198,4274,444.99399,28.49333,1.46757,20.83805,49.00000,,20.00000,0.78070,1
198,4275,445.09201,28.50000,1.46868,20.83699,49.00000,,20.00000,0.78065,1
198,4276,445.20001,28.50667,1.46954,20.83646,49.00000,,20.00000,0.78060,1
198,4277,445.28699,28.51333,1.47034,20.83593,49.00000,,20.00000,0.78056,1
198,4278,445.38901,28.52000,1.47099,20.83539,50.00000,,20.00000,0.78052,1
198,4279,445.48901,28.52667,1.47169,20.83486,50.00000,,20.00000,0.78047,1
198,4280,445.59100,28.53333,1.47240,20.83432,50.00000,,20.00000,0.78043,1
198,4281,445.69000,28.54000,1.47320,20.83378,50.00000,,20.00000,0.78038,1
198,4282,445.79001,28.54667,1.47385,20.83323,50.00000,,20.00000,0.78034,1
198,4283,445.88599,28.55333,1.47435,20.83269,50.00000,,20.00000,0.78029,1
198,4284,445.99899,28.56000,1.47511,20.83269,50.00000,,20.00000,0.78024,1
198,4285,446.10101,28.56667,1.47597,20.83216,50.00000,,20.00000,0.78019,1
198,4286,446.18399,28.57333,1.47656,20.83216,49.00000,,20.00000,0.78016,1
198,4287,446.28500,28.58000,1.47737,20.83163,51.00000,,20.00000,0.78011,1
198,4288,446.38199,28.58667,1.47812,20.83163,49.00000,,20.00000,0.78007,1
198,4289,446.48099,28.59333,1.47882,20.83109,49.00000,,20.00000,0.78002,1
198,4290,446.58600,28.60000,1.47948,20.83109,50.00000,,20.00000,0.77997,1
198,4291,446.69299,28.60667,1.48014,20.83056,50.00000,,20.00000,0.77993,1
198,4292,446.78299,28.61333,1.48083,20.83056,49.00000,,20.00000,0.77988,1
198,4293,446.88101,28.62000,1.48159,20.83057,49.00000,,20.00000,0.77984,1
198,4294,446.97699,28.62667,1.48239,20.83005,49.00000,,20.00000,0.77980,1
198,4295,447.07501,28.63333,1.48309,20.83005,49.00000,,20.00000,0.77975,1
198,4296,447.17099,28.64000,1.48369,20.82952,51.00000,,20.00000,0.77971,1
198,4297,447.26999,28.64667,1.48419,20.82951,51.00000,,20.00000,0.77966,1
198,4298,447.37000,28.65333,1.48469,20.82898,51.00000,,20.00000,0.77962,1
198,4299,447.47699,28.66000,1.48535,20.82896,51.00000,,20.00000,0.77957,1
198,4300,447.57401,28.66667,1.48636,20.82895,49.00000,,20.00000,0.77953,1
198,4301,447.67599,28.67333,1.48733,20.82842,49.00000,,20.00000,0.77948,1
198,4302,447.77701,28.68000,1.48777,20.82842,50.00000,,20.00000,0.77943,1
198,4303,447.87201,28.68667,1.48842,20.82789,50.00000,,20.00000,0.77939,1
198,4304,447.96600,28.69333,1.48907,20.82789,52.00000,,20.00000,0.77935,1
198,4305,448.06799,28.70000,1.48988,20.82737,52.00000,,20.00000,0.77930,1
198,4306,448.16400,28.70667,1.49048,20.82736,49.00000,,20.00000,0.77926,1
198,4307,448.26700,28.71333,1.49109,20.82736,52.00000,,20.00000,0.77921,1
198,4308,448.36899,28.72000,1.49169,20.82684,50.00000,,20.00000,0.77916,1
198,4309,448.45901,28.72667,1.49218,20.82684,50.00000,,20.00000,0.77912,1
198,4310,448.56400,28.73333,1.49269,20.82631,50.00000,,20.00000,0.77907,1
198,4311,448.66101,28.74000,1.49334,20.82632,50.00000,,20.00000,0.77903,1
198,4312,448.75601,28.74667,1.49399,20.82579,50.00000,,20.00000,0.77899,1
198,4313,448.85300,28.75333,1.49474,20.82579,49.00000,,20.00000,0.77894,1
198,4314,448.95499,28.76000,1.49545,20.82579,49.00000,,20.00000,0.77890,1
198,4315,449.05600,28.76667,1.49606,20.82526,51.00000,,20.00000,0.77885,1
198,4316,449.15500,28.77333,1.49666,20.82525,51.00000,,20.00000,0.77880,1
198,4317,449.24200,28.78000,1.49735,20.82472,52.00000,,20.00000,0.77876,1
198,4318,449.36099,28.78667,1.49792,20.82472,52.00000,,20.00000,0.77871,1
198,4319,449.45001,28.79333,1.49862,20.82419,49.00000,,20.00000,0.77867,1
198,4320,449.55301,28.80000,1.49923,20.82419,49.00000,,20.00000,0.77862,1
198,4321,449.63901,28.80667,1.49956,20.82418,50.00000,,20.00000,0.77858,1
198,4322,449.74500,28.81333,1.50022,20.82365,51.00000,,20.00000,0.77853,1
198,4323,449.85400,28.82000,1.50073,20.82365,51.00000,,20.00000,0.77848,1
198,4324,449.94699,28.82667,1.50143,20.82364,50.00000,,20.00000,0.77844,1
198,4325,450.05099,28.83333,1.50214,20.82364,49.00000,,20.00000,0.77839,1
198,4326,450.13901,28.84000,1.50269,20.82310,50.00000,,20.00000,0.77835,1
198,4327,450.24600,28.84667,1.50324,20.82310,50.00000,,20.00000,0.77830,1
198,4328,450.34201,28.85333,1.50343,20.82310,50.00000,,20.00000,0.77826,1
198,4329,450.44199,28.86000,1.50383,20.82309,50.00000,,20.00000,0.77821,1
198,4330,450.54099,28.86667,1.50433,20.82257,50.00000,,20.00000,0.77817,1
198,4331,450.64801,28.87333,1.50484,20.82257,49.00000,,20.00000,0.77812,1
198,4332,450.73999,28.88000,1.50539,20.82257,49.00000,,20.00000,0.77808,1
198,4333,450.82999,28.88667,1.50593,20.82204,49.00000,,20.00000,0.77804,1
198,4334,450.93600,28.89333,1.50659,20.82205,49.00000,,20.00000,0.77799,1
198,4335,451.03400,28.90000,1.50684,20.82204,49.00000,,20.00000,0.77794,1
198,4336,451.13400,28.90667,1.50723,20.82151,50.00000,,20.00000,0.77790,1
198,4337,451.22900,28.91333,1.50783,20.82151,50.00000,,20.00000,0.77785,1
198,4338,451.33600,28.92000,1.50834,20.82098,50.00000,,20.00000,0.77780,1
198,4339,451.43399,28.92667,1.50890,20.82097,51.00000,,20.00000,0.77776,1
198,4340,451.53000,28.93333,1.50934,20.82096,49.00000,,20.00000,0.77771,1
198,4341,451.62799,28.94000,1.50974,20.82043,51.00000,,20.00000,0.77767,1
198,4342,451.73099,28.94667,1.51025,20.82042,50.00000,,20.00000,0.77762,1
198,4343,451.83301,28.95333,1.51049,20.81989,51.00000,,20.00000,0.77757,1
198,4344,451.93201,28.96000,1.51063,20.81988,51.00000,,20.00000,0.77753,1
198,4345,452.03299,28.96667,1.51098,20.81988,49.00000,,20.00000,0.77748,1
198,4346,452.12701,28.97333,1.51153,20.81936,49.00000,,20.00000,0.77744,1
198,4347,452.22900,28.98000,1.51172,20.81936,49.00000,,20.00000,0.77739,1
198,4348,452.32599,28.98667,1.51197,20.81884,50.00000,,20.00000,0.77735,1
198,4349,452.42001,28.99333,1.51215,20.81885,50.00000,,20.00000,0.77730,1
198,4350,452.51801,29.00000,1.51235,20.81885,50.00000,,20.00000,0.77726,1
198,4351,452.61801,29.00667,1.51280,20.81833,50.00000,,20.00000,0.77721,1
198,4352,452.71399,29.01333,1.51350,20.81832,49.00000,,20.00000,0.77717,1
198,4353,452.81500,29.02000,1.51390,20.81832,49.00000,,20.00000,0.77712,1
198,4354,452.92099,29.02667,1.51410,20.81779,50.00000,,20.00000,0.77707,1
198,4355,453.01599,29.03333,1.51414,20.81778,49.00000,,20.00000,0.77703,1
198,4356,453.11600,29.04000,1.51433,20.81725,50.00000,,20.00000,0.77698,1
198,4357,453.21301,29.04667,1.51437,20.81725,50.00000,,20.00000,0.77694,1
198,4358,453.31201,29.05333,1.51456,20.81724,50.00000,,20.00000,0.77689,1
198,4359,453.41400,29.06000,1.51501,20.81671,50.00000,,20.00000,0.77684,1
198,4360,453.51099,29.06667,1.51515,20.81670,49.00000,,20.00000,0.77680,1
198,4361,453.62399,29.07333,1.51536,20.81617,49.00000,,20.00000,0.77675,1
198,4362,453.71301,29.08000,1.51549,20.81617,51.00000,,20.00000,0.77671,1
198,4363,453.80701,29.08667,1.51558,20.81617,51.00000,,20.00000,0.77666,1
198,4364,453.90701,29.09333,1.51572,20.81564,52.00000,,20.00000,0.77662,1
198,4365,454.01099,29.10000,1.51576,20.81564,52.00000,,20.00000,0.77657,1
198,4366,454.10999,29.10667,1.51569,20.81511,49.00000,,20.00000,0.77652,1
198,4367,454.20700,29.11333,1.51589,20.81511,49.00000,,20.00000,0.77648,1
198,4368,454.30499,29.12000,1.51608,20.81510,50.00000,,20.00000,0.77643,1
198,4369,454.40900,29.12667,1.51633,20.81457,50.00000,,20.00000,0.77638,1
198,4370,454.50601,29.13333,1.51636,20.81457,50.00000,,20.00000,0.77634,1
198,4371,454.60599,29.14000,1.51645,20.81405,50.00000,,20.00000,0.77629,1
198,4372,454.70599,29.14667,1.51649,20.81405,50.00000,,20.00000,0.77625,1
198,4373,454.79901,29.15333,1.51642,20.81405,49.00000,,20.00000,0.77620,1
198,4374,454.89801,29.16000,1.51636,20.81352,49.00000,,20.00000,0.77616,1
198,4375,455.00201,29.16667,1.51635,20.81352,50.00000,,20.00000,0.77611,1
198,4376,455.09399,29.17333,1.51643,20.81352,50.00000,,20.00000,0.77607,1
198,4377,455.20300,29.18000,1.51643,20.81299,50.00000,,20.00000,0.77601,1
198,4378,455.29700,29.18667,1.51625,20.81299,50.00000,,20.00000,0.77597,1
198,4379,455.39700,29.19333,1.51619,20.81299,49.00000,,20.00000,0.77592,1
198,4380,455.50000,29.20000,1.51618,20.81299,49.00000,,20.00000,0.77588,1
198,4381,455.59201,29.20667,1.51606,20.81247,50.00000,,20.00000,0.77583,1
198,4382,455.69299,29.21333,1.51589,20.81248,49.00000,,20.00000,0.77579,1
198,4383,455.78900,29.22000,1.51582,20.81249,51.00000,,20.00000,0.77574,1
198,4384,455.88300,29.22667,1.51560,20.81249,51.00000,,20.00000,0.77570,1
198,4385,455.98901,29.23333,1.51512,20.81250,49.00000,,20.00000,0.77565,1
198,4386,456.07901,29.24000,1.51484,20.81250,49.00000,,20.00000,0.77561,1
198,4387,456.18500,29.24667,1.51463,20.81249,49.00000,,20.00000,0.77556,1
198,4388,456.28601,29.25333,1.51431,20.81249,49.00000,,20.00000,0.77551,1
198,4389,456.37201,29.26000,1.51418,20.81248,50.00000,,20.00000,0.77547,1
198,4390,456.48700,29.26667,1.51418,20.81248,50.00000,,20.00000,0.77542,1
198,4391,456.58200,29.27333,1.51401,20.81248,52.00000,,20.00000,0.77537,1
198,4392,456.68399,29.28000,1.51368,20.81247,52.00000,,20.00000,0.77532,1
198,4393,456.78000,29.28667,1.51336,20.81247,49.00000,,20.00000,0.77528,1
198,4394,456.87799,29.29333,1.51267,20.81247,49.00000,,20.00000,0.77523,1
198,4395,456.98199,29.30000,1.51193,20.81247,50.00000,,20.00000,0.77519,1
198,4396,457.07700,29.30667,1.51150,20.81247,50.00000,,20.00000,0.77514,1
198,4397,457.17300,29.31333,1.51107,20.81248,50.00000,,20.00000,0.77510,1
198,4398,457.28000,29.32000,1.51060,20.81249,50.00000,,20.00000,0.77505,1
198,4399,457.37100,29.32667,1.51011,20.81250,49.00000,,20.00000,0.77500,1
198,4400,457.46201,29.33333,1.50968,20.81250,49.00000,,20.00000,0.77496,1
198,4401,457.56900,29.34000,1.50931,20.81250,51.00000,,20.00000,0.77491,1
198,4402,457.66599,29.34667,1.50878,20.81251,51.00000,,20.00000,0.77487,1
198,4403,457.76501,29.35333,1.50830,20.81251,51.00000,,20.00000,0.77482,1
198,4404,457.86899,29.36000,1.50766,20.81251,52.00000,,20.00000,0.77477,1
198,4405,457.95999,29.36667,1.50702,20.81252,52.00000,,20.00000,0.77473,1
198,4406,458.06299,29.37333,1.50691,20.81252,49.00000,,20.00000,0.77468,1
198,4407,458.15701,29.38000,1.50632,20.81253,49.00000,,20.00000,0.77464,1
198,4408,458.25601,29.38667,1.50542,20.81253,50.00000,,20.00000,0.77459,1
198,4409,458.35300,29.39333,1.50479,20.81254,50.00000,,20.00000,0.77454,1
198,4410,458.45700,29.40000,1.50426,20.81255,51.00000,,20.00000,0.77449,1
198,4411,458.55399,29.40667,1.50378,20.81255,52.00000,,20.00000,0.77445,1
198,4412,458.64499,29.41333,1.50324,20.81255,52.00000,,20.00000,0.77441,1
198,4413,458.74600,29.42000,1.50224,20.81255,49.00000,,20.00000,0.77436,1
198,4414,458.84399,29.42667,1.50145,20.81255,49.00000,,20.00000,0.77431,1
198,4415,458.95200,29.43333,1.50056,20.81255,50.00000,,20.00000,0.77426,1
198,4416,459.05200,29.44000,1.49967,20.81255,50.00000,,20.00000,0.77422,1
198,4417,459.13901,29.44667,1.49892,20.81254,50.00000,,20.00000,0.77417,1
198,4418,459.24600,29.45333,1.49824,20.81253,50.00000,,20.00000,0.77412,1
198,4419,459.34799,29.46000,1.49734,20.81253,50.00000,,20.00000,0.77408,1
198,4420,459.44501,29.46667,1.49634,20.81252,49.00000,,20.00000,0.77403,1
198,4421,459.54700,29.47333,1.49519,20.81252,49.00000,,20.00000,0.77398,1
198,4422,459.64499,29.48000,1.49439,20.81252,51.00000,,20.00000,0.77394,1
198,4423,459.74799,29.48667,1.49361,20.81251,51.00000,,20.00000,0.77389,1
198,4424,459.84399,29.49333,1.49271,20.81251,52.00000,,20.00000,0.77384,1
198,4425,459.94299,29.50000,1.49186,20.81251,51.00000,,20.00000,0.77380,1
198,4426,460.04099,29.50667,1.49102,20.81250,49.00000,,20.00000,0.77375,1
198,4427,460.14001,29.51333,1.49017,20.81249,49.00000,,20.00000,0.77370,1
198,4428,460.24799,29.52000,1.48913,20.81249,49.00000,,20.00000,0.77365,1
198,4429,460.34201,29.52667,1.48792,20.81248,49.00000,,20.00000,0.77361,1
198,4430,460.44601,29.53333,1.48682,20.81248,51.00000,,20.00000,0.77356,1
198,4431,460.54999,29.54000,1.48577,20.81249,51.00000,,20.00000,0.77351,1
198,4432,460.63901,29.54667,1.48512,20.81250,52.00000,,20.00000,0.77347,1
198,4433,460.73999,29.55333,1.48423,20.81251,52.00000,,20.00000,0.77342,1
198,4434,460.83301,29.56000,1.48306,20.81200,49.00000,,20.00000,0.77338,1
198,4435,460.93301,29.56667,1.48170,20.81202,49.00000,,20.00000,0.77333,1
198,4436,461.02899,29.57333,1.48039,20.81202,50.00000,,20.00000,0.77328,1
198,4437,461.11899,29.58000,1.47917,20.81203,50.00000,,20.00000,0.77324,1
198,4438,461.22699,29.58667,1.47797,20.81203,50.00000,,20.00000,0.77319,1
198,4439,461.32700,29.59333,1.47692,20.81203,50.00000,,20.00000,0.77314,1
198,4440,461.42499,29.60000,1.47576,20.81150,49.00000,,20.00000,0.77310,1
198,4441,461.52701,29.60667,1.47439,20.81150,49.00000,,20.00000,0.77305,1
198,4442,461.61600,29.61333,1.47338,20.81150,49.00000,,20.00000,0.77301,1
198,4443,461.72299,29.62000,1.47239,20.81149,50.00000,,20.00000,0.77296,1
198,4444,461.82401,29.62667,1.47144,20.81150,49.00000,,20.00000,0.77291,1
198,4445,461.92999,29.63333,1.47013,20.81097,50.00000,,20.00000,0.77286,1
198,4446,462.01801,29.64000,1.46881,20.81097,50.00000,,20.00000,0.77282,1
198,4447,462.11499,29.64667,1.46760,20.81097,49.00000,,20.00000,0.77277,1
198,4448,462.21701,29.65333,1.46639,20.81097,49.00000,,20.00000,0.77272,1
198,4449,462.31900,29.66000,1.46513,20.81097,49.00000,,20.00000,0.77267,1
198,4450,462.41901,29.66667,1.46371,20.81044,49.00000,,20.00000,0.77263,1
198,4451,462.51501,29.67333,1.46224,20.81044,50.00000,,20.00000,0.77258,1
198,4452,462.61899,29.68000,1.46088,20.81044,50.00000,,20.00000,0.77253,1
198,4453,462.72101,29.68667,1.45977,20.81044,50.00000,,20.00000,0.77248,1
198,4454,462.81400,29.69333,1.45830,20.81045,50.00000,,20.00000,0.77244,1
198,4455,462.91400,29.70000,1.45683,20.81045,49.00000,,20.00000,0.77239,1
198,4456,463.00699,29.70667,1.45545,20.80993,49.00000,,20.00000,0.77235,1
198,4457,463.11099,29.71333,1.45419,20.80994,50.00000,,20.00000,0.77230,1
198,4458,463.21100,29.72000,1.45319,20.80994,50.00000,,20.00000,0.77225,1
198,4459,463.30399,29.72667,1.45151,20.80994,50.00000,,20.00000,0.77221,1
198,4460,463.40302,29.73333,1.44962,20.80995,50.00000,,20.00000,0.77216,1
198,4461,463.50699,29.74000,1.44810,20.80943,49.00000,,20.00000,0.77211,1
198,4462,463.60501,29.74667,1.44673,20.80943,49.00000,,20.00000,0.77206,1
198,4463,463.70401,29.75333,1.44536,20.80944,50.00000,,20.00000,0.77202,1
198,4464,463.80301,29.76000,1.44399,20.80944,50.00000,,20.00000,0.77197,1
198,4465,463.89001,29.76667,1.44261,20.80945,50.00000,,20.00000,0.77193,1
198,4466,463.99799,29.77333,1.44120,20.80893,50.00000,,20.00000,0.77188,1
198,4467,464.09900,29.78000,1.43994,20.80893,49.00000,,20.00000,0.77183,1
198,4468,464.19299,29.78667,1.43861,20.80840,49.00000,,20.00000,0.77178,1
198,4469,464.29401,29.79333,1.43714,20.80788,51.00000,,20.00000,0.77174,1
198,4470,464.39401,29.80000,1.43557,20.80736,51.00000,,20.00000,0.77169,1
198,4471,464.49100,29.80667,1.43393,20.80683,52.00000,,20.00000,0.77164,1
198,4472,464.59201,29.81333,1.43241,20.80631,52.00000,,20.00000,0.77159,1
198,4473,464.69101,29.82000,1.43099,20.80580,52.00000,,20.00000,0.77155,1
198,4474,464.79099,29.82667,1.42962,20.80529,49.00000,,20.00000,0.77150,1
198,4475,464.88400,29.83333,1.42809,20.80477,49.00000,,20.00000,0.77145,1
198,4476,464.97900,29.84000,1.42661,20.80479,50.00000,,20.00000,0.77141,1
198,4477,465.07300,29.84667,1.42513,20.80427,50.00000,,20.00000,0.77136,1
198,4478,465.17401,29.85333,1.42355,20.80428,50.00000,,20.00000,0.77132,1
198,4479,465.27301,29.86000,1.42208,20.80428,51.00000,,20.00000,0.77127,1
198,4480,465.37500,29.86667,1.42071,20.80375,51.00000,,20.00000,0.77122,1
198,4481,465.47800,29.87333,1.41934,20.80375,49.00000,,20.00000,0.77117,1
198,4482,465.57300,29.88000,1.41786,20.80375,49.00000,,20.00000,0.77113,1
198,4483,465.67599,29.88667,1.41639,20.80322,50.00000,,20.00000,0.77108,1
198,4484,465.77301,29.89333,1.41486,20.80323,50.00000,,20.00000,0.77103,1
198,4485,465.86801,29.90000,1.41338,20.80323,50.00000,,20.00000,0.77098,1
198,4486,465.96899,29.90667,1.41191,20.80324,49.00000,,20.00000,0.77094,1
198,4487,466.07501,29.91333,1.41049,20.80273,49.00000,,20.00000,0.77089,1
198,4488,466.16101,29.92000,1.40895,20.80274,49.00000,,20.00000,0.77084,1
198,4489,466.26099,29.92667,1.40737,20.80274,49.00000,,20.00000,0.77080,1
198,4490,466.36099,29.93333,1.40600,20.80223,50.00000,,20.00000,0.77075,1
198,4491,466.45700,29.94000,1.40436,20.80223,50.00000,,20.00000,0.77070,1
198,4492,466.56000,29.94667,1.40289,20.80223,50.00000,,20.00000,0.77065,1
198,4493,466.65701,29.95333,1.40177,20.80224,50.00000,,20.00000,0.77061,1
198,4494,466.75400,29.96000,1.40024,20.80171,51.00000,,20.00000,0.77056,1
198,4495,466.85400,29.96667,1.39840,20.80171,49.00000,,20.00000,0.77051,1
198,4496,466.96100,29.97333,1.39704,20.80171,51.00000,,20.00000,0.77046,1
198,4497,467.05801,29.98000,1.39576,20.80172,51.00000,,20.00000,0.77041,1
198,4498,467.14801,29.98667,1.39433,20.80120,52.00000,,20.00000,0.77037,1
198,4499,467.25500,29.99333,1.39255,20.80122,52.00000,,20.00000,0.77032,1
198,4500,467.34698,30.00000,1.39106,20.80123,49.00000,,20.00000,0.77028,1
198,4501,467.44101,30.00667,1.38968,20.80124,49.00000,,20.00000,0.77023,1
198,4502,467.54199,30.01333,1.38831,20.80072,50.00000,,20.00000,0.77018,1
198,4503,467.63800,30.02000,1.38704,20.80072,50.00000,,20.00000,0.77014,1
198,4504,467.73999,30.02667,1.38577,20.80072,50.00000,,20.00000,0.77009,1
198,4505,467.84299,30.03333,1.38430,20.80071,50.00000,,20.00000,0.77004,1
198,4506,467.94199,30.04000,1.38256,20.80019,49.00000,,20.00000,0.76999,1
198,4507,468.04401,30.04667,1.38103,20.80019,49.00000,,20.00000,0.76994,1
198,4508,468.14401,30.05333,1.37970,20.80019,51.00000,,20.00000,0.76989,1
198,4509,468.23999,30.06000,1.37833,20.80020,51.00000,,20.00000,0.76985,1
198,4510,468.33301,30.06667,1.37679,20.80020,51.00000,,20.00000,0.76980,1
198,4511,468.43900,30.07333,1.37526,20.79968,52.00000,,20.00000,0.76975,1
198,4512,468.52701,30.08000,1.37388,20.79968,52.00000,,20.00000,0.76971,1
198,4513,468.63599,30.08667,1.37256,20.79969,49.00000,,20.00000,0.76966,1
198,4514,468.73499,30.09333,1.37139,20.79969,49.00000,,20.00000,0.76961,1
198,4515,468.83499,30.10000,1.37018,20.79970,49.00000,,20.00000,0.76956,1
198,4516,468.93399,30.10667,1.36843,20.79970,49.00000,,20.00000,0.76951,1
198,4517,469.02600,30.11333,1.36726,20.79971,50.00000,,20.00000,0.76947,1
198,4518,469.12701,30.12000,1.36589,20.79972,50.00000,,20.00000,0.76942,1
198,4519,469.22198,30.12667,1.36461,20.79973,50.00000,,20.00000,0.76937,1
198,4520,469.32599,30.13333,1.36334,20.79974,50.00000,,20.00000,0.76932,1
198,4521,469.42599,30.14000,1.36207,20.79974,50.00000,,20.00000,0.76928,1
198,4522,469.51901,30.14667,1.36074,20.79975,50.00000,,20.00000,0.76923,1
198,4523,469.61801,30.15333,1.35941,20.79975,50.00000,,20.00000,0.76918,1
198,4524,469.71701,30.16000,1.35804,20.79976,50.00000,,20.00000,0.76913,1
198,4525,469.82101,30.16667,1.35671,20.79976,49.00000,,20.00000,0.76908,1
198,4526,469.91299,30.17333,1.35544,20.79976,50.00000,,20.00000,0.76904,1
198,4527,470.01999,30.18000,1.35427,20.79976,49.00000,,20.00000,0.76899,1
198,4528,470.11099,30.18667,1.35299,20.79977,49.00000,,20.00000,0.76894,1
198,4529,470.21500,30.19333,1.35172,20.79977,51.00000,,20.00000,0.76889,1
198,4530,470.31601,30.20000,1.35035,20.79977,50.00000,,20.00000,0.76885,1
198,4531,470.41299,30.20667,1.34902,20.79978,50.00000,,20.00000,0.76880,1
198,4532,470.51501,30.21333,1.34780,20.79979,50.00000,,20.00000,0.76875,1
198,4533,470.60699,30.22000,1.34678,20.79981,49.00000,,20.00000,0.76870,1
198,4534,470.70599,30.22667,1.34571,20.79983,49.00000,,20.00000,0.76866,1
198,4535,470.80200,30.23333,1.34454,20.79984,51.00000,,20.00000,0.76861,1
198,4536,470.89700,30.24000,1.34321,20.79985,51.00000,,20.00000,0.76856,1
198,4537,470.99600,30.24667,1.34173,20.79986,52.00000,,20.00000,0.76852,1
198,4538,471.09201,30.25333,1.34045,20.79986,52.00000,,20.00000,0.76847,1
198,4539,471.20001,30.26000,1.33944,20.79987,49.00000,,20.00000,0.76842,1
198,4540,471.29501,30.26667,1.33837,20.79987,49.00000,,20.00000,0.76837,1
198,4541,471.39999,30.27333,1.33726,20.79987,49.00000,,20.00000,0.76832,1
198,4542,471.48499,30.28000,1.33608,20.79988,50.00000,,20.00000,0.76828,1
198,4543,471.59601,30.28667,1.33518,20.79989,50.00000,,20.00000,0.76823,1
198,4544,471.69400,30.29333,1.33427,20.79990,50.00000,,20.00000,0.76818,1
198,4545,471.78201,30.30000,1.33293,20.79990,50.00000,,20.00000,0.76814,1
198,4546,471.88599,30.30667,1.33166,20.79991,49.00000,,20.00000,0.76808,1
198,4547,471.98499,30.31333,1.33049,20.79992,51.00000,,20.00000,0.76804,1
198,4548,472.08701,30.32000,1.32942,20.79992,49.00000,,20.00000,0.76799,1
198,4549,472.18100,30.32667,1.32856,20.79993,50.00000,,20.00000,0.76794,1
198,4550,472.28299,30.33333,1.32796,20.79994,50.00000,,20.00000,0.76789,1
198,4551,472.38000,30.34000,1.32669,20.79995,49.00000,,20.00000,0.76784,1
198,4552,472.48001,30.34667,1.32541,20.79995,49.00000,,20.00000,0.76780,1
198,4553,472.57501,30.35333,1.32444,20.79996,49.00000,,20.00000,0.76775,1
198,4554,472.67401,30.36000,1.32343,20.79996,49.00000,,20.00000,0.76770,1
198,4555,472.77399,30.36667,1.32241,20.79997,49.00000,,20.00000,0.76765,1
198,4556,472.88101,30.37333,1.32151,20.79998,49.00000,,20.00000,0.76760,1
198,4557,472.97299,30.38000,1.32059,20.79999,51.00000,,20.00000,0.76756,1
198,4558,473.06400,30.38667,1.31952,20.79999,51.00000,,20.00000,0.76751,1
198,4559,473.16800,30.39333,1.31850,20.80000,51.00000,,20.00000,0.76746,1
198,4560,473.26501,30.40000,1.31749,20.80000,49.00000,,20.00000,0.76741,1
198,4561,473.36499,30.40667,1.31642,20.79948,49.00000,,20.00000,0.76737,1
198,4562,473.47400,30.41333,1.31552,20.79948,50.00000,,20.00000,0.76731,1
198,4563,473.57001,30.42000,1.31471,20.79948,50.00000,,20.00000,0.76727,1
198,4564,473.66000,30.42667,1.31394,20.79948,49.00000,,20.00000,0.76722,1
198,4565,473.76901,30.43333,1.31283,20.79949,52.00000,,20.00000,0.76717,1
198,4566,473.85999,30.44000,1.31196,20.79950,49.00000,,20.00000,0.76712,1
198,4567,473.96500,30.44667,1.31116,20.79951,49.00000,,20.00000,0.76707,1
198,4568,474.06000,30.45333,1.31035,20.79951,50.00000,,20.00000,0.76703,1
198,4569,474.15900,30.46000,1.30944,20.79899,50.00000,,20.00000,0.76698,1
198,4570,474.25400,30.46667,1.30852,20.79900,50.00000,,20.00000,0.76693,1
198,4571,474.35699,30.47333,1.30761,20.79901,50.00000,,20.00000,0.76688,1
198,4572,474.46201,30.48000,1.30665,20.79902,49.00000,,20.00000,0.76683,1
198,4573,474.54901,30.48667,1.30568,20.79902,49.00000,,20.00000,0.76679,1
198,4574,474.65399,30.49333,1.30498,20.79903,49.00000,,20.00000,0.76674,1
198,4575,474.75101,30.50000,1.30475,20.79904,49.00000,,20.00000,0.76669,1
198,4576,474.84601,30.50667,1.30388,20.79904,50.00000,,20.00000,0.76664,1
198,4577,474.94901,30.51333,1.30292,20.79905,50.00000,,20.00000,0.76659,1
198,4578,475.04501,30.52000,1.30206,20.79852,50.00000,,20.00000,0.76654,1
198,4579,475.14999,30.52667,1.30131,20.79852,50.00000,,20.00000,0.76649,1
198,4580,475.25000,30.53333,1.30071,20.79852,50.00000,,20.00000,0.76644,1
198,4581,475.34698,30.54000,1.29984,20.79853,49.00000,,20.00000,0.76640,1
198,4582,475.44800,30.54667,1.29914,20.79854,49.00000,,20.00000,0.76635,1
198,4583,475.54599,30.55333,1.29839,20.79855,51.00000,,20.00000,0.76630,1
198,4584,475.63800,30.56000,1.29736,20.79855,51.00000,,20.00000,0.76625,1
198,4585,475.74200,30.56667,1.29698,20.79857,52.00000,,20.00000,0.76620,1
198,4586,475.84299,30.57333,1.29654,20.79805,52.00000,,20.00000,0.76615,1
198,4587,475.93301,30.58000,1.29609,20.79806,49.00000,,20.00000,0.76611,1
198,4588,476.03500,30.58667,1.29549,20.79806,49.00000,,20.00000,0.76606,1
198,4589,476.13501,30.59333,1.29473,20.79807,50.00000,,20.00000,0.76601,1
198,4590,476.23499,30.60000,1.29387,20.79807,50.00000,,20.00000,0.76596,1
198,4591,476.33600,30.60667,1.29322,20.79808,50.00000,,20.00000,0.76591,1
198,4592,476.43500,30.61333,1.29273,20.79809,50.00000,,20.00000,0.76586,1
198,4593,476.52701,30.62000,1.29202,20.79810,49.00000,,20.00000,0.76582,1
198,4594,476.63000,30.62667,1.29137,20.79812,49.00000,,20.00000,0.76577,1
198,4595,476.72501,30.63333,1.29076,20.79760,51.00000,,20.00000,0.76572,1
198,4596,476.82101,30.64000,1.29006,20.79761,51.00000,,20.00000,0.76567,1
198,4597,476.91800,30.64667,1.28951,20.79762,52.00000,,20.00000,0.76563,1
198,4598,477.02499,30.65333,1.28902,20.79762,52.00000,,20.00000,0.76557,1
198,4599,477.11899,30.66000,1.28847,20.79762,49.00000,,20.00000,0.76553,1
198,4600,477.22198,30.66667,1.28782,20.79763,49.00000,,20.00000,0.76548,1
198,4601,477.31799,30.67333,1.28732,20.79763,50.00000,,20.00000,0.76543,1
198,4602,477.42599,30.68000,1.28678,20.79764,50.00000,,20.00000,0.76538,1
198,4603,477.51999,30.68667,1.28618,20.79713,51.00000,,20.00000,0.76533,1
198,4604,477.61099,30.69333,1.28557,20.79715,51.00000,,20.00000,0.76528,1
198,4605,477.71100,30.70000,1.28497,20.79716,49.00000,,20.00000,0.76524,1
198,4606,477.81000,30.70667,1.28447,20.79717,49.00000,,20.00000,0.76519,1
198,4607,477.89999,30.71333,1.28444,20.79718,50.00000,,20.00000,0.76514,1
198,4608,478.00500,30.72000,1.28437,20.79718,50.00000,,20.00000,0.76509,1
198,4609,478.11401,30.72667,1.28389,20.79718,50.00000,,20.00000,0.76504,1
198,4610,478.20599,30.73333,1.28312,20.79718,50.00000,,20.00000,0.76499,1
198,4611,478.30899,30.74000,1.28258,20.79718,50.00000,,20.00000,0.76494,1
198,4612,478.40201,30.74667,1.28187,20.79666,49.00000,,20.00000,0.76490,1
198,4613,478.50601,30.75333,1.28185,20.79666,49.00000,,20.00000,0.76484,1
198,4614,478.61301,30.76000,1.28152,20.79667,51.00000,,20.00000,0.76479,1
198,4615,478.70499,30.76667,1.28086,20.79668,51.00000,,20.00000,0.76475,1
198,4616,478.79700,30.77333,1.28051,20.79669,51.00000,,20.00000,0.76470,1
198,4617,478.89801,30.78000,1.27991,20.79670,49.00000,,20.00000,0.76465,1
198,4618,479.00000,30.78667,1.27968,20.79619,49.00000,,20.00000,0.76460,1
198,4619,479.09500,30.79333,1.27939,20.79619,49.00000,,20.00000,0.76455,1
198,4620,479.19299,30.80000,1.27879,20.79567,49.00000,,20.00000,0.76450,1
198,4621,479.30200,30.80667,1.27825,20.79568,50.00000,,20.00000,0.76445,1
198,4622,479.39499,30.81333,1.27796,20.79568,51.00000,,20.00000,0.76440,1
198,4623,479.49100,30.82000,1.27767,20.79517,51.00000,,20.00000,0.76436,1
198,4624,479.59500,30.82667,1.27739,20.79518,49.00000,,20.00000,0.76431,1
198,4625,479.68900,30.83333,1.27705,20.79520,49.00000,,20.00000,0.76426,1
198,4626,479.78601,30.84000,1.27671,20.79468,50.00000,,20.00000,0.76421,1
198,4627,479.88101,30.84667,1.27642,20.79469,50.00000,,20.00000,0.76416,1
198,4628,479.98099,30.85333,1.27608,20.79470,50.00000,,20.00000,0.76411,1
198,4629,480.08200,30.86000,1.27559,20.79471,50.00000,,20.00000,0.76406,1
198,4630,480.18399,30.86667,1.27520,20.79471,49.00000,,20.00000,0.76401,1
198,4631,480.28000,30.87333,1.27486,20.79472,49.00000,,20.00000,0.76397,1
198,4632,480.38199,30.88000,1.27452,20.79419,51.00000,,20.00000,0.76392,1
198,4633,480.47601,30.88667,1.27418,20.79420,51.00000,,20.00000,0.76387,1
198,4634,480.57999,30.89333,1.27410,20.79367,51.00000,,20.00000,0.76382,1
198,4635,480.68301,30.90000,1.27414,20.79315,50.00000,,20.00000,0.76377,1
198,4636,480.77499,30.90667,1.27406,20.79262,49.00000,,20.00000,0.76372,1
198,4637,480.87799,30.91333,1.27393,20.79210,49.00000,,20.00000,0.76367,1
198,4638,480.98099,30.92000,1.27365,20.79106,51.00000,,20.00000,0.76362,1
198,4639,481.08301,30.92667,1.27347,20.79055,51.00000,,20.00000,0.76357,1
198,4640,481.16800,30.93333,1.27307,20.79003,52.00000,,20.00000,0.76353,1
198,4641,481.27399,30.94000,1.27279,20.78951,52.00000,,20.00000,0.76347,1
198,4642,481.35999,30.94667,1.27254,20.78899,49.00000,,20.00000,0.76343,1
198,4643,481.47198,30.95333,1.27232,20.78900,49.00000,,20.00000,0.76337,1
198,4644,481.57101,30.96000,1.27214,20.78848,50.00000,,20.00000,0.76333,1
198,4645,481.67200,30.96667,1.27196,20.78795,50.00000,,20.00000,0.76328,1
198,4646,481.76999,30.97333,1.27204,20.78796,49.00000,,20.00000,0.76323,1
198,4647,481.86600,30.98000,1.27170,20.78743,49.00000,,20.00000,0.76318,1
198,4648,481.96799,30.98667,1.27147,20.78691,49.00000,,20.00000,0.76313,1
198,4649,482.06500,30.99333,1.27113,20.78692,50.00000,,20.00000,0.76308,1
198,4650,482.16699,31.00000,1.27105,20.78640,50.00000,,20.00000,0.76303,1
198,4651,482.26801,31.00667,1.27098,20.78589,51.00000,,20.00000,0.76298,1
198,4652,482.35999,31.01333,1.27048,20.78589,52.00000,,20.00000,0.76293,1
198,4653,482.46301,31.02000,1.27040,20.78590,49.00000,,20.00000,0.76288,1
198,4654,482.56000,31.02667,1.27006,20.78539,49.00000,,20.00000,0.76283,1
198,4655,482.65601,31.03333,1.26977,20.78539,50.00000,,20.00000,0.76279,1
198,4656,482.75900,31.04000,1.26960,20.78541,50.00000,,20.00000,0.76273,1
198,4657,482.86200,31.04667,1.26952,20.78489,51.00000,,20.00000,0.76268,1
198,4658,482.95401,31.05333,1.26923,20.78491,52.00000,,20.00000,0.76264,1
198,4659,483.05499,31.06000,1.26905,20.78492,50.00000,,20.00000,0.76259,1
198,4660,483.14600,31.06667,1.26923,20.78493,50.00000,,20.00000,0.76254,1
198,4661,483.24399,31.07333,1.26926,20.78494,50.00000,,20.00000,0.76249,1
198,4662,483.34900,31.08000,1.26919,20.78495,50.00000,,20.00000,0.76244,1
198,4663,483.45099,31.08667,1.26885,20.78496,50.00000,,20.00000,0.76239,1
198,4664,483.54700,31.09333,1.26872,20.78497,50.00000,,20.00000,0.76234,1
198,4665,483.63901,31.10000,1.26854,20.78497,49.00000,,20.00000,0.76230,1
198,4666,483.73700,31.10667,1.26814,20.78497,49.00000,,20.00000,0.76225,1
198,4667,483.84601,31.11333,1.26808,20.78497,51.00000,,20.00000,0.76219,1
198,4668,483.94400,31.12000,1.26795,20.78497,49.00000,,20.00000,0.76214,1
198,4669,484.05099,31.12667,1.26782,20.78497,52.00000,,20.00000,0.76209,1
198,4670,484.14600,31.13333,1.26759,20.78497,50.00000,,20.00000,0.76204,1
198,4671,484.24301,31.14000,1.26756,20.78498,49.00000,,20.00000,0.76199,1
198,4672,484.34299,31.14667,1.26749,20.78498,49.00000,,20.00000,0.76194,1
198,4673,484.44199,31.15333,1.26736,20.78499,51.00000,,20.00000,0.76189,1
198,4674,484.54599,31.16000,1.26729,20.78501,51.00000,,20.00000,0.76184,1
198,4675,484.64600,31.16667,1.26737,20.78502,52.00000,,20.00000,0.76179,1
198,4676,484.73099,31.17333,1.26749,20.78502,52.00000,,20.00000,0.76175,1
198,4677,484.83899,31.18000,1.26743,20.78503,49.00000,,20.00000,0.76169,1
198,4678,484.93500,31.18667,1.26730,20.78504,49.00000,,20.00000,0.76165,1
198,4679,485.03400,31.19333,1.26727,20.78505,49.00000,,20.00000,0.76160,1
198,4680,485.13699,31.20000,1.26720,20.78453,50.00000,,20.00000,0.76155,1
198,4681,485.23700,31.20667,1.26718,20.78454,50.00000,,20.00000,0.76150,1
198,4682,485.32800,31.21333,1.26699,20.78454,49.00000,,20.00000,0.76145,1
198,4683,485.43201,31.22000,1.26676,20.78455,49.00000,,20.00000,0.76140,1
198,4684,485.53400,31.22667,1.26669,20.78403,49.00000,,20.00000,0.76135,1
198,4685,485.63101,31.23333,1.26672,20.78404,51.00000,,20.00000,0.76130,1
198,4686,485.72501,31.24000,1.26669,20.78405,51.00000,,20.00000,0.76125,1
198,4687,485.83301,31.24667,1.26657,20.78406,50.00000,,20.00000,0.76120,1
198,4688,485.92899,31.25333,1.26638,20.78406,50.00000,,20.00000,0.76115,1
198,4689,486.02499,31.26000,1.26636,20.78354,49.00000,,20.00000,0.76110,1
198,4690,486.12701,31.26667,1.26650,20.78355,49.00000,,20.00000,0.76105,1
198,4691,486.22000,31.27333,1.26658,20.78356,51.00000,,20.00000,0.76100,1
198,4692,486.32901,31.28000,1.26656,20.78357,51.00000,,20.00000,0.76095,1
198,4693,486.42700,31.28667,1.26648,20.78305,51.00000,,20.00000,0.76090,1
198,4694,486.51801,31.29333,1.26646,20.78306,51.00000,,20.00000,0.76085,1
198,4695,486.62500,31.30000,1.26649,20.78307,51.00000,,20.00000,0.76080,1
198,4696,486.71799,31.30667,1.26631,20.78308,49.00000,,20.00000,0.76075,1
198,4697,486.81500,31.31333,1.26618,20.78256,49.00000,,20.00000,0.76070,1
198,4698,486.91501,31.32000,1.26600,20.78257,50.00000,,20.00000,0.76065,1
198,4699,487.01801,31.32667,1.26587,20.78258,50.00000,,20.00000,0.76060,1
198,4700,487.12299,31.33333,1.26601,20.78258,49.00000,,20.00000,0.76055,1
198,4701,487.21600,31.34000,1.26598,20.78206,49.00000,,20.00000,0.76050,1
198,4702,487.31000,31.34667,1.26585,20.78207,49.00000,,20.00000,0.76045,1
198,4703,487.41400,31.35333,1.26599,20.78208,49.00000,,20.00000,0.76040,1
198,4704,487.51300,31.36000,1.26607,20.78209,49.00000,,20.00000,0.76035,1
198,4705,487.61099,31.36667,1.26610,20.78156,50.00000,,20.00000,0.76030,1
198,4706,487.71301,31.37333,1.26619,20.78157,50.00000,,20.00000,0.76025,1
198,4707,487.81601,31.38000,1.26622,20.78157,50.00000,,20.00000,0.76020,1
198,4708,487.91000,31.38667,1.26625,20.78158,49.00000,,20.00000,0.76015,1
198,4709,488.00800,31.39333,1.26623,20.78106,49.00000,,20.00000,0.76010,1
198,4710,488.11401,31.40000,1.26626,20.78107,51.00000,,20.00000,0.76005,1
198,4711,488.21100,31.40667,1.26640,20.78107,51.00000,,20.00000,0.76000,1
198,4712,488.30801,31.41333,1.26643,20.78108,51.00000,,20.00000,0.75995,1
198,4713,488.40701,31.42000,1.26651,20.78056,51.00000,,20.00000,0.75990,1
198,4714,488.50500,31.42667,1.26649,20.78057,49.00000,,20.00000,0.75985,1
198,4715,488.61499,31.43333,1.26642,20.78058,49.00000,,20.00000,0.75979,1
198,4716,488.70801,31.44000,1.26634,20.78059,50.00000,,20.00000,0.75975,1
198,4717,488.79599,31.44667,1.26641,20.78006,50.00000,,20.00000,0.75970,1
198,4718,488.90302,31.45333,1.26645,20.78007,50.00000,,20.00000,0.75965,1
198,4719,489.00900,31.46000,1.26654,20.78008,49.00000,,20.00000,0.75960,1
198,4720,489.10501,31.46667,1.26662,20.78009,49.00000,,20.00000,0.75955,1
198,4721,489.20499,31.47333,1.26681,20.78010,49.00000,,20.00000,0.75950,1
198,4722,489.30301,31.48000,1.26679,20.78011,50.00000,,20.00000,0.75945,1
198,4723,489.39600,31.48667,1.26676,20.78012,50.00000,,20.00000,0.75940,1
198,4724,489.49701,31.49333,1.26674,20.78013,50.00000,,20.00000,0.75935,1
198,4725,489.60400,31.50000,1.26683,20.78015,50.00000,,20.00000,0.75929,1
198,4726,489.69501,31.50667,1.26691,20.78016,50.00000,,20.00000,0.75925,1
198,4727,489.79800,31.51333,1.26700,20.78017,49.00000,,20.00000,0.75920,1
198,4728,489.88400,31.52000,1.26696,20.78018,49.00000,,20.00000,0.75915,1
198,4729,489.99100,31.52667,1.26700,20.78019,51.00000,,20.00000,0.75910,1
198,4730,490.09201,31.53333,1.26698,20.78019,51.00000,,20.00000,0.75905,1
198,4731,490.19199,31.54000,1.26685,20.78019,52.00000,,20.00000,0.75900,1
198,4732,490.29300,31.54667,1.26683,20.78020,52.00000,,20.00000,0.75894,1
198,4733,490.39301,31.55333,1.26676,20.78020,49.00000,,20.00000,0.75889,1
198,4734,490.49301,31.56000,1.26700,20.78021,49.00000,,20.00000,0.75884,1
198,4735,490.59100,31.56667,1.26719,20.78022,50.00000,,20.00000,0.75879,1
198,4736,490.69000,31.57333,1.26743,20.78023,50.00000,,20.00000,0.75874,1
198,4737,490.78500,31.58000,1.26757,20.78023,50.00000,,20.00000,0.75870,1
198,4738,490.88901,31.58667,1.26766,20.78024,50.00000,,20.00000,0.75864,1
198,4739,490.99100,31.59333,1.26790,20.78025,49.00000,,20.00000,0.75859,1
198,4740,491.08701,31.60000,1.26804,20.78026,49.00000,,20.00000,0.75854,1
198,4741,491.18301,31.60667,1.26812,20.78027,50.00000,,20.00000,0.75849,1
198,4742,491.28799,31.61333,1.26815,20.78028,50.00000,,20.00000,0.75844,1
198,4743,491.38501,31.62000,1.26808,20.78028,50.00000,,20.00000,0.75839,1
198,4744,491.48099,31.62667,1.26811,20.78029,50.00000,,20.00000,0.75834,1
198,4745,491.58401,31.63333,1.26825,20.78029,49.00000,,20.00000,0.75829,1
198,4746,491.68799,31.64000,1.26839,20.78030,49.00000,,20.00000,0.75824,1
198,4747,491.78601,31.64667,1.26852,20.78030,49.00000,,20.00000,0.75819,1
198,4748,491.87799,31.65333,1.26866,20.78031,50.00000,,20.00000,0.75814,1
198,4749,491.98801,31.66000,1.26864,20.78032,50.00000,,20.00000,0.75808,1
198,4750,492.08401,31.66667,1.26878,20.78032,52.00000,,20.00000,0.75803,1
198,4751,492.17599,31.67333,1.26886,20.78030,51.00000,,20.00000,0.75799,1
198,4752,492.27701,31.68000,1.26915,20.78033,49.00000,,20.00000,0.75794,1
198,4753,492.38199,31.68667,1.26930,20.78037,49.00000,,20.00000,0.75788,1
198,4754,492.48099,31.69333,1.26938,20.78038,49.00000,,20.00000,0.75783,1
198,4755,492.57800,31.70000,1.26952,20.78039,49.00000,,20.00000,0.75778,1
198,4756,492.67200,31.70667,1.26960,20.78041,50.00000,,20.00000,0.75773,1
198,4757,492.77301,31.71333,1.26968,20.78040,52.00000,,20.00000,0.75768,1
198,4758,492.87100,31.72000,1.26966,20.78040,52.00000,,20.00000,0.75763,1
198,4759,492.96100,31.72667,1.26969,20.78042,52.00000,,20.00000,0.75759,1
198,4760,493.07599,31.73333,1.26978,20.78045,49.00000,,20.00000,0.75753,1
198,4761,493.17099,31.74000,1.26987,20.78046,49.00000,,20.00000,0.75748,1
198,4762,493.26999,31.74667,1.27000,20.78046,50.00000,,20.00000,0.75743,1
198,4763,493.36899,31.75333,1.27014,20.78047,50.00000,,20.00000,0.75738,1
198,4764,493.46799,31.76000,1.27007,20.78048,50.00000,,20.00000,0.75733,1
198,4765,493.57599,31.76667,1.26995,20.78049,50.00000,,20.00000,0.75727,1
198,4766,493.66501,31.77333,1.26997,20.78050,49.00000,,20.00000,0.75723,1
198,4767,493.76099,31.78000,1.27005,20.78051,49.00000,,20.00000,0.75718,1
198,4768,493.86700,31.78667,1.27004,20.78052,51.00000,,20.00000,0.75712,1
198,4769,493.95999,31.79333,1.27012,20.78053,51.00000,,20.00000,0.75708,1
198,4770,494.07001,31.80000,1.27032,20.78054,51.00000,,20.00000,0.75702,1
198,4771,494.15900,31.80667,1.27050,20.78054,52.00000,,20.00000,0.75697,1
198,4772,494.26401,31.81333,1.27059,20.78055,52.00000,,20.00000,0.75692,1
198,4773,494.37000,31.82000,1.27068,20.78056,49.00000,,20.00000,0.75687,1
198,4774,494.45901,31.82667,1.27055,20.78057,49.00000,,20.00000,0.75682,1
198,4775,494.56100,31.83333,1.27058,20.78058,49.00000,,20.00000,0.75677,1
198,4776,494.66599,31.84000,1.27072,20.78060,51.00000,,20.00000,0.75672,1
198,4777,494.75299,31.84667,1.27091,20.78061,51.00000,,20.00000,0.75667,1
198,4778,494.85599,31.85333,1.27105,20.78062,52.00000,,20.00000,0.75662,1
198,4779,494.95999,31.86000,1.27135,20.78011,52.00000,,20.00000,0.75656,1
198,4780,495.05701,31.86667,1.27149,20.78012,49.00000,,20.00000,0.75651,1
198,4781,495.15399,31.87333,1.27157,20.78013,49.00000,,20.00000,0.75647,1
198,4782,495.24600,31.88000,1.27165,20.78013,50.00000,,20.00000,0.75642,1
198,4783,495.35599,31.88667,1.27180,20.78014,50.00000,,20.00000,0.75636,1
198,4784,495.45599,31.89333,1.27183,20.78013,50.00000,,20.00000,0.75631,1
198,4785,495.54999,31.90000,1.27202,20.78011,50.00000,,20.00000,0.75626,1
198,4786,495.65900,31.90667,1.27222,20.78014,50.00000,,20.00000,0.75621,1
198,4787,495.75101,31.91333,1.27235,20.78016,49.00000,,20.00000,0.75616,1
198,4788,495.86099,31.92000,1.27250,20.78017,49.00000,,20.00000,0.75610,1
198,4789,495.94501,31.92667,1.27257,20.77965,51.00000,,20.00000,0.75606,1
198,4790,496.05200,31.93333,1.27288,20.77966,51.00000,,20.00000,0.75600,1
198,4791,496.14801,31.94000,1.27307,20.77965,52.00000,,20.00000,0.75595,1
198,4792,496.25500,31.94667,1.27321,20.77964,50.00000,,20.00000,0.75590,1
198,4793,496.35199,31.95333,1.27335,20.77967,49.00000,,20.00000,0.75585,1
198,4794,496.45001,31.96000,1.27349,20.77970,49.00000,,20.00000,0.75580,1
198,4795,496.54700,31.96667,1.27362,20.77970,49.00000,,20.00000,0.75575,1
198,4796,496.65100,31.97333,1.27371,20.77971,49.00000,,20.00000,0.75570,1
198,4797,496.74500,31.98000,1.27374,20.77972,50.00000,,20.00000,0.75565,1
198,4798,496.85199,31.98667,1.27368,20.77918,51.00000,,20.00000,0.75559,1
198,4799,496.95001,31.99333,1.27381,20.77917,52.00000,,20.00000,0.75554,1
198,4800,497.04099,32.00000,1.27400,20.77919,52.00000,,20.00000,0.75550,1
198,4801,497.15399,32.00667,1.27420,20.77923,49.00000,,20.00000,0.75544,1
198,4802,497.25000,32.01333,1.27434,20.77924,49.00000,,20.00000,0.75539,1
198,4803,497.34500,32.02000,1.27442,20.77924,50.00000,,20.00000,0.75534,1
198,4804,497.44299,32.02667,1.27440,20.77925,50.00000,,20.00000,0.75529,1
198,4805,497.54401,32.03333,1.27454,20.77926,50.00000,,20.00000,0.75524,1
198,4806,497.64700,32.04000,1.27479,20.77927,50.00000,,20.00000,0.75518,1
198,4807,497.74799,32.04667,1.27509,20.77928,49.00000,,20.00000,0.75513,1
198,4808,497.84000,32.05333,1.27523,20.77877,49.00000,,20.00000,0.75508,1
198,4809,497.94601,32.06000,1.27532,20.77879,50.00000,,20.00000,0.75503,1
198,4810,498.04700,32.06667,1.27541,20.77881,50.00000,,20.00000,0.75498,1
198,4811,498.13699,32.07333,1.27549,20.77882,50.00000,,20.00000,0.75493,1
198,4812,498.23001,32.08000,1.27578,20.77884,50.00000,,20.00000,0.75488,1
198,4813,498.33499,32.08667,1.27598,20.77886,49.00000,,20.00000,0.75483,1
198,4814,498.43301,32.09333,1.27596,20.77887,49.00000,,20.00000,0.75478,1
198,4815,498.52701,32.10000,1.27599,20.77888,49.00000,,20.00000,0.75473,1
198,4816,498.63199,32.10667,1.27618,20.77889,49.00000,,20.00000,0.75467,1
198,4817,498.73499,32.11333,1.27633,20.77837,49.00000,,20.00000,0.75462,1
198,4818,498.83301,32.12000,1.27652,20.77838,50.00000,,20.00000,0.75457,1
198,4819,498.92999,32.12667,1.27666,20.77839,52.00000,,20.00000,0.75452,1
198,4820,499.03299,32.13333,1.27685,20.77840,52.00000,,20.00000,0.75447,1
198,4821,499.12799,32.14000,1.27704,20.77842,49.00000,,20.00000,0.75442,1
198,4822,499.22900,32.14667,1.27729,20.77843,49.00000,,20.00000,0.75437,1
198,4823,499.32599,32.15333,1.27738,20.77844,50.00000,,20.00000,0.75431,1
198,4824,499.42401,32.16000,1.27746,20.77844,50.00000,,20.00000,0.75426,1
198,4825,499.52600,32.16667,1.27750,20.77843,50.00000,,20.00000,0.75421,1
198,4826,499.62799,32.17333,1.27748,20.77842,51.00000,,20.00000,0.75416,1
198,4827,499.73199,32.18000,1.27779,20.77792,49.00000,,20.00000,0.75410,1
198,4828,499.82599,32.18667,1.27808,20.77795,49.00000,,20.00000,0.75406,1
198,4829,499.92099,32.19333,1.27817,20.77795,50.00000,,20.00000,0.75401,1
198,4830,500.02802,32.20000,1.27842,20.77796,49.00000,,20.00000,0.75395,1
198,4831,500.12701,32.20667,1.27851,20.77797,50.00000,,20.00000,0.75390,1
198,4832,500.23401,32.21333,1.27855,20.77796,50.00000,,20.00000,0.75384,1
198,4833,500.32300,32.22000,1.27857,20.77795,50.00000,,20.00000,0.75380,1
198,4834,500.42999,32.22667,1.27861,20.77797,49.00000,,20.00000,0.75374,1
198,4835,500.52301,32.23333,1.27870,20.77800,49.00000,,20.00000,0.75369,1
198,4836,500.62299,32.24000,1.27878,20.77801,51.00000,,20.00000,0.75364,1
198,4837,500.71899,32.24667,1.27881,20.77749,51.00000,,20.00000,0.75359,1
198,4838,500.83099,32.25333,1.27897,20.77751,52.00000,,20.00000,0.75353,1
198,4839,500.92300,32.26000,1.27921,20.77749,52.00000,,20.00000,0.75349,1
198,4840,501.02399,32.26667,1.27940,20.77748,49.00000,,20.00000,0.75343,1
198,4841,501.12201,32.27333,1.27944,20.77752,49.00000,,20.00000,0.75338,1
198,4842,501.22501,32.28000,1.27963,20.77756,49.00000,,20.00000,0.75333,1
198,4843,501.31900,32.28667,1.27982,20.77758,50.00000,,20.00000,0.75328,1
198,4844,501.42300,32.29333,1.28002,20.77761,51.00000,,20.00000,0.75323,1
198,4845,501.51300,32.30000,1.28010,20.77763,51.00000,,20.00000,0.75318,1
198,4846,501.60501,32.30667,1.28029,20.77712,51.00000,,20.00000,0.75313,1
198,4847,501.70200,32.31333,1.28048,20.77713,51.00000,,20.00000,0.75308,1
198,4848,501.80701,32.32000,1.28068,20.77714,49.00000,,20.00000,0.75303,1
198,4849,501.91599,32.32667,1.28078,20.77715,49.00000,,20.00000,0.75297,1
198,4850,502.01300,32.33333,1.28097,20.77716,50.00000,,20.00000,0.75292,1
198,4851,502.10999,32.34000,1.28116,20.77717,50.00000,,20.00000,0.75287,1
198,4852,502.20700,32.34667,1.28146,20.77718,49.00000,,20.00000,0.75282,1
198,4853,502.30200,32.35333,1.28155,20.77720,49.00000,,20.00000,0.75277,1
198,4854,502.41000,32.36000,1.28170,20.77722,49.00000,,20.00000,0.75271,1
198,4855,502.50500,32.36667,1.28178,20.77723,49.00000,,20.00000,0.75266,1
198,4856,502.60199,32.37333,1.28187,20.77671,49.00000,,20.00000,0.75261,1
198,4857,502.69400,32.38000,1.28190,20.77672,51.00000,,20.00000,0.75256,1
198,4858,502.81400,32.38667,1.28216,20.77673,51.00000,,20.00000,0.75250,1
198,4859,502.90100,32.39333,1.28240,20.77672,49.00000,,20.00000,0.75246,1
198,4860,503.00201,32.40000,1.28249,20.77671,49.00000,,20.00000,0.75240,1
198,4861,503.10199,32.40667,1.28263,20.77675,49.00000,,20.00000,0.75235,1
198,4862,503.19901,32.41333,1.28282,20.77678,49.00000,,20.00000,0.75230,1
198,4863,503.29501,32.42000,1.28296,20.77679,50.00000,,20.00000,0.75225,1
198,4864,503.39999,32.42667,1.28295,20.77680,50.00000,,20.00000,0.75220,1
198,4865,503.49701,32.43333,1.28298,20.77629,50.00000,,20.00000,0.75215,1
198,4866,503.59500,32.44000,1.28323,20.77628,50.00000,,20.00000,0.75209,1
198,4867,503.70599,32.44667,1.28344,20.77627,49.00000,,20.00000,0.75204,1
198,4868,503.79700,32.45333,1.28362,20.77630,49.00000,,20.00000,0.75199,1
198,4869,503.89001,32.46000,1.28376,20.77633,50.00000,,20.00000,0.75194,1
198,4870,503.98901,32.46667,1.28396,20.77635,50.00000,,20.00000,0.75189,1
198,4871,504.10001,32.47333,1.28411,20.77637,49.00000,,20.00000,0.75183,1
198,4872,504.19400,32.48000,1.28430,20.77638,49.00000,,20.00000,0.75178,1
198,4873,504.29401,32.48667,1.28460,20.77638,50.00000,,20.00000,0.75173,1
198,4874,504.38901,32.49333,1.28474,20.77637,50.00000,,20.00000,0.75168,1
198,4875,504.48300,32.50000,1.28499,20.77640,51.00000,,20.00000,0.75163,1
198,4876,504.58899,32.50667,1.28519,20.77644,52.00000,,20.00000,0.75157,1
198,4877,504.69199,32.51333,1.28539,20.77645,49.00000,,20.00000,0.75152,1
198,4878,504.78299,32.52000,1.28574,20.77646,49.00000,,20.00000,0.75147,1
198,4879,504.88800,32.52667,1.28572,20.77647,49.00000,,20.00000,0.75142,1
198,4880,504.99100,32.53333,1.28576,20.77649,49.00000,,20.00000,0.75136,1
198,4881,505.08801,32.54000,1.28612,20.77650,51.00000,,20.00000,0.75131,1
198,4882,505.17700,32.54667,1.28630,20.77651,51.00000,,20.00000,0.75127,1
198,4883,505.28699,32.55333,1.28656,20.77652,49.00000,,20.00000,0.75121,1
198,4884,505.38400,32.56000,1.28665,20.77653,49.00000,,20.00000,0.75116,1
198,4885,505.48300,32.56667,1.28679,20.77655,49.00000,,20.00000,0.75111,1
198,4886,505.58701,32.57333,1.28688,20.77656,50.00000,,20.00000,0.75105,1
198,4887,505.68301,32.58000,1.28697,20.77657,50.00000,,20.00000,0.75100,1
198,4888,505.77399,32.58667,1.28711,20.77658,50.00000,,20.00000,0.75095,1
198,4889,505.88101,32.59333,1.28731,20.77659,50.00000,,20.00000,0.75090,1
198,4890,505.98099,32.60000,1.28751,20.77660,49.00000,,20.00000,0.75084,1
198,4891,506.07999,32.60667,1.28776,20.77661,51.00000,,20.00000,0.75079,1
198,4892,506.18301,32.61333,1.28796,20.77663,51.00000,,20.00000,0.75074,1
198,4893,506.28201,32.62000,1.28805,20.77664,51.00000,,20.00000,0.75069,1
198,4894,506.37701,32.62667,1.28818,20.77665,52.00000,,20.00000,0.75064,1
198,4895,506.47900,32.63333,1.28844,20.77666,52.00000,,20.00000,0.75058,1
198,4896,506.57800,32.64000,1.28869,20.77667,49.00000,,20.00000,0.75053,1
198,4897,506.67801,32.64667,1.28878,20.77668,51.00000,,20.00000,0.75048,1
198,4898,506.77200,32.65333,1.28892,20.77669,51.00000,,20.00000,0.75043,1
198,4899,506.88199,32.66000,1.28902,20.77670,51.00000,,20.00000,0.75037,1
198,4900,506.97699,32.66667,1.28932,20.77669,52.00000,,20.00000,0.75032,1
198,4901,507.08099,32.67333,1.28962,20.77668,52.00000,,20.00000,0.75027,1
198,4902,507.17700,32.68000,1.28982,20.77672,49.00000,,20.00000,0.75022,1
198,4903,507.27399,32.68667,1.28991,20.77676,49.00000,,20.00000,0.75016,1
198,4904,507.37500,32.69333,1.29016,20.77677,50.00000,,20.00000,0.75011,1
198,4905,507.46799,32.70000,1.29030,20.77679,50.00000,,20.00000,0.75006,1
198,4906,507.57401,32.70667,1.29039,20.77681,50.00000,,20.00000,0.75001,1
198,4907,507.66901,32.71333,1.29048,20.77627,50.00000,,20.00000,0.74996,1
198,4908,507.76700,32.72000,1.29062,20.77626,49.00000,,20.00000,0.74990,1
198,4909,507.87399,32.72667,1.29088,20.77577,49.00000,,20.00000,0.74985,1
198,4910,507.97000,32.73333,1.29102,20.77528,49.00000,,20.00000,0.74980,1
198,4911,508.06601,32.74000,1.29121,20.77530,49.00000,,20.00000,0.74975,1
198,4912,508.17001,32.74667,1.29147,20.77479,50.00000,,20.00000,0.74969,1
198,4913,508.26999,32.75333,1.29167,20.77481,51.00000,,20.00000,0.74964,1
198,4914,508.35800,32.76000,1.29180,20.77428,49.00000,,20.00000,0.74959,1
198,4915,508.46500,32.76667,1.29184,20.77428,49.00000,,20.00000,0.74954,1
198,4916,508.55399,32.77333,1.29203,20.77431,51.00000,,20.00000,0.74949,1
198,4917,508.66000,32.78000,1.29256,20.77382,51.00000,,20.00000,0.74943,1
198,4918,508.76599,32.78667,1.29281,20.77383,52.00000,,20.00000,0.74938,1
198,4919,508.86200,32.79333,1.29290,20.77384,52.00000,,20.00000,0.74933,1
198,4920,508.95801,32.80000,1.29299,20.77385,49.00000,,20.00000,0.74928,1
198,4921,509.05801,32.80667,1.29313,20.77385,49.00000,,20.00000,0.74922,1
198,4922,509.16299,32.81333,1.29328,20.77334,50.00000,,20.00000,0.74917,1
198,4923,509.26300,32.82000,1.29337,20.77335,50.00000,,20.00000,0.74911,1
198,4924,509.36600,32.82667,1.29390,20.77336,50.00000,,20.00000,0.74906,1
198,4925,509.46100,32.83333,1.29404,20.77337,49.00000,,20.00000,0.74901,1
198,4926,509.55701,32.84000,1.29397,20.77339,49.00000,,20.00000,0.74896,1
198,4927,509.66101,32.84667,1.29411,20.77340,49.00000,,20.00000,0.74890,1
198,4928,509.75601,32.85333,1.29431,20.77341,49.00000,,20.00000,0.74885,1
198,4929,509.85501,32.86000,1.29451,20.77290,50.00000,,20.00000,0.74880,1
198,4930,509.95999,32.86667,1.29471,20.77291,51.00000,,20.00000,0.74875,1
198,4931,510.06601,32.87333,1.29507,20.77293,50.00000,,20.00000,0.74869,1
198,4932,510.15701,32.88000,1.29537,20.77294,50.00000,,20.00000,0.74864,1
198,4933,510.25299,32.88667,1.29541,20.77295,49.00000,,20.00000,0.74859,1
198,4934,510.34900,32.89333,1.29560,20.77297,51.00000,,20.00000,0.74854,1
198,4935,510.45599,32.90000,1.29581,20.77246,51.00000,,20.00000,0.74848,1
198,4936,510.56000,32.90667,1.29601,20.77248,51.00000,,20.00000,0.74843,1
198,4937,510.65500,32.91333,1.29615,20.77250,52.00000,,20.00000,0.74838,1
198,4938,510.75500,32.92000,1.29619,20.77253,52.00000,,20.00000,0.74832,1
198,4939,510.84900,32.92667,1.29628,20.77255,49.00000,,20.00000,0.74827,1
198,4940,510.93500,32.93333,1.29678,20.77258,49.00000,,20.00000,0.74823,1
198,4941,511.04401,32.94000,1.29678,20.77258,50.00000,,20.00000,0.74817,1
198,4942,511.14301,32.94667,1.29698,20.77206,50.00000,,20.00000,0.74812,1
198,4943,511.23099,32.95333,1.29716,20.77209,50.00000,,20.00000,0.74807,1
198,4944,511.34500,32.96000,1.29743,20.77213,50.00000,,20.00000,0.74801,1
198,4945,511.43900,32.96667,1.29741,20.77214,49.00000,,20.00000,0.74796,1
198,4946,511.53601,32.97333,1.29755,20.77214,49.00000,,20.00000,0.74791,1
198,4947,511.63699,32.98000,1.29781,20.77215,49.00000,,20.00000,0.74786,1
198,4948,511.74701,32.98667,1.29807,20.77214,50.00000,,20.00000,0.74780,1
198,4949,511.84201,32.99333,1.29832,20.77160,50.00000,,20.00000,0.74775,1
198,4950,511.94199,33.00000,1.29868,20.77164,50.00000,,20.00000,0.74769,1
198,4951,512.04199,33.00667,1.29899,20.77168,49.00000,,20.00000,0.74764,1
198,4952,512.13800,33.01333,1.29918,20.77169,49.00000,,20.00000,0.74759,1
198,4953,512.23102,33.02000,1.29921,20.77171,51.00000,,20.00000,0.74754,1
198,4954,512.33502,33.02667,1.29942,20.77172,51.00000,,20.00000,0.74749,1
198,4955,512.43402,33.03333,1.29962,20.77174,51.00000,,20.00000,0.74743,1
198,4956,512.53802,33.04000,1.29971,20.77122,52.00000,,20.00000,0.74738,1
198,4957,512.63800,33.04667,1.29991,20.77124,49.00000,,20.00000,0.74732,1
198,4958,512.73798,33.05333,1.30006,20.77125,49.00000,,20.00000,0.74727,1
198,4959,512.83002,33.06000,1.30025,20.77126,50.00000,,20.00000,0.74722,1
198,4960,512.92999,33.06667,1.30029,20.77127,50.00000,,20.00000,0.74717,1
198,4961,513.03998,33.07333,1.30045,20.77128,50.00000,,20.00000,0.74711,1
198,4962,513.13397,33.08000,1.30064,20.77129,50.00000,,20.00000,0.74706,1
198,4963,513.23499,33.08667,1.30090,20.77078,50.00000,,20.00000,0.74701,1
198,4964,513.33301,33.09333,1.30120,20.77079,49.00000,,20.00000,0.74695,1
198,4965,513.43903,33.10000,1.30189,20.77081,49.00000,,20.00000,0.74690,1
198,4966,513.53400,33.10667,1.30198,20.77082,49.00000,,20.00000,0.74685,1
198,4967,513.63098,33.11333,1.30207,20.77083,49.00000,,20.00000,0.74679,1
198,4968,513.73102,33.12000,1.30211,20.77085,50.00000,,20.00000,0.74674,1
198,4969,513.83099,33.12667,1.30231,20.77086,50.00000,,20.00000,0.74669,1
198,4970,513.92999,33.13333,1.30246,20.77035,49.00000,,20.00000,0.74663,1
198,4971,514.03699,33.14000,1.30267,20.77036,49.00000,,20.00000,0.74658,1
198,4972,514.13098,33.14667,1.30281,20.77038,49.00000,,20.00000,0.74653,1
198,4973,514.23700,33.15333,1.30285,20.77039,49.00000,,20.00000,0.74647,1
198,4974,514.32501,33.16000,1.30293,20.77041,51.00000,,20.00000,0.74642,1
198,4975,514.42700,33.16667,1.30308,20.77041,51.00000,,20.00000,0.74637,1
198,4976,514.52600,33.17333,1.30355,20.77041,49.00000,,20.00000,0.74632,1
198,4977,514.62903,33.18000,1.30381,20.76992,49.00000,,20.00000,0.74626,1
198,4978,514.72900,33.18667,1.30417,20.76996,49.00000,,20.00000,0.74621,1
198,4979,514.81897,33.19333,1.30426,20.76997,50.00000,,20.00000,0.74616,1
198,4980,514.92200,33.20000,1.30425,20.76999,50.00000,,20.00000,0.74610,1
198,4981,515.01898,33.20667,1.30434,20.77000,50.00000,,20.00000,0.74605,1
198,4982,515.12701,33.21333,1.30471,20.76946,49.00000,,20.00000,0.74599,1
198,4983,515.22302,33.22000,1.30501,20.76892,52.00000,,20.00000,0.74594,1
198,4984,515.32703,33.22667,1.30516,20.76790,49.00000,,20.00000,0.74589,1
198,4985,515.42798,33.23333,1.30537,20.76741,49.00000,,20.00000,0.74583,1
198,4986,515.52698,33.24000,1.30567,20.76689,50.00000,,20.00000,0.74578,1
198,4987,515.62299,33.24667,1.30576,20.76638,50.00000,,20.00000,0.74573,1
198,4988,515.71899,33.25333,1.30569,20.76587,50.00000,,20.00000,0.74568,1
198,4989,515.82703,33.26000,1.30579,20.76533,50.00000,,20.00000,0.74562,1
198,4990,515.92499,33.26667,1.30599,20.76480,49.00000,,20.00000,0.74557,1
198,4991,516.02100,33.27333,1.30624,20.76484,49.00000,,20.00000,0.74552,1
198,4992,516.12903,33.28000,1.30645,20.76435,49.00000,,20.00000,0.74546,1
198,4993,516.22400,33.28667,1.30671,20.76437,50.00000,,20.00000,0.74541,1
198,4994,516.32098,33.29333,1.30696,20.76386,51.00000,,20.00000,0.74535,1
198,4995,516.41400,33.30000,1.30715,20.76388,50.00000,,20.00000,0.74530,1
198,4996,516.52002,33.30667,1.30736,20.76391,50.00000,,20.00000,0.74525,1
198,4997,516.61902,33.31333,1.30745,20.76340,50.00000,,20.00000,0.74520,1
198,4998,516.70898,33.32000,1.30775,20.76341,50.00000,,20.00000,0.74515,1
198,4999,516.81097,33.32667,1.30834,20.76342,50.00000,,20.00000,0.74509,1
198,5000,516.91998,33.33333,1.30882,20.76291,50.00000,,20.00000,0.74503,1
198,5001,517.02100,33.34000,1.30897,20.76292,51.00000,,20.00000,0.74498,1
198,5002,517.11700,33.34667,1.30906,20.76293,49.00000,,20.00000,0.74493,1
198,5003,517.21503,33.35333,1.30915,20.76294,49.00000,,20.00000,0.74487,1
198,5004,517.31201,33.36000,1.30929,20.76243,49.00000,,20.00000,0.74482,1
198,5005,517.41498,33.36667,1.30939,20.76244,50.00000,,20.00000,0.74477,1
198,5006,517.51801,33.37333,1.30960,20.76246,50.00000,,20.00000,0.74471,1
198,5007,517.61700,33.38000,1.30991,20.76195,50.00000,,20.00000,0.74466,1
198,5008,517.71802,33.38667,1.31011,20.76197,50.00000,,20.00000,0.74460,1
198,5009,517.81403,33.39333,1.31036,20.76200,49.00000,,20.00000,0.74455,1
198,5010,517.90503,33.40000,1.31066,20.76202,49.00000,,20.00000,0.74450,1
198,5011,518.01099,33.40667,1.31087,20.76152,51.00000,,20.00000,0.74445,1
198,5012,518.11102,33.41333,1.31108,20.76155,51.00000,,20.00000,0.74439,1
198,5013,518.20099,33.42000,1.31116,20.76157,50.00000,,20.00000,0.74434,1
198,5014,518.29797,33.42667,1.31125,20.76158,50.00000,,20.00000,0.74429,1
198,5015,518.39899,33.43333,1.31146,20.76107,50.00000,,20.00000,0.74424,1
198,5016,518.50598,33.44000,1.31156,20.76107,50.00000,,20.00000,0.74418,1
198,5017,518.60602,33.44667,1.31182,20.76106,51.00000,,20.00000,0.74413,1
198,5018,518.69897,33.45333,1.31196,20.76109,51.00000,,20.00000,0.74408,1
198,5019,518.80701,33.46000,1.31206,20.76059,52.00000,,20.00000,0.74402,1
198,5020,518.90100,33.46667,1.31226,20.76060,52.00000,,20.00000,0.74397,1
198,5021,519.00299,33.47333,1.31235,20.76061,49.00000,,20.00000,0.74391,1
198,5022,519.11102,33.48000,1.31257,20.76010,49.00000,,20.00000,0.74385,1
198,5023,519.20599,33.48667,1.31287,20.76010,49.00000,,20.00000,0.74380,1
198,5024,519.30499,33.49333,1.31313,20.76009,50.00000,,20.00000,0.74375,1
198,5025,519.40198,33.50000,1.31333,20.76013,50.00000,,20.00000,0.74370,1
198,5026,519.50000,33.50667,1.31342,20.75964,50.00000,,20.00000,0.74364,1
198,5027,519.59998,33.51333,1.31352,20.75966,49.00000,,20.00000,0.74359,1
198,5028,519.70001,33.52000,1.31350,20.75968,49.00000,,20.00000,0.74354,1
198,5029,519.79999,33.52667,1.31376,20.75969,51.00000,,20.00000,0.74348,1
198,5030,519.89398,33.53333,1.31423,20.75916,51.00000,,20.00000,0.74343,1
198,5031,520.00598,33.54000,1.31461,20.75916,51.00000,,20.00000,0.74337,1
198,5032,520.09998,33.54667,1.31486,20.75920,51.00000,,20.00000,0.74332,1
198,5033,520.19598,33.55333,1.31511,20.75924,51.00000,,20.00000,0.74327,1
198,5034,520.29303,33.56000,1.31515,20.75874,49.00000,,20.00000,0.74322,1
198,5035,520.39301,33.56667,1.31525,20.75876,49.00000,,20.00000,0.74316,1
198,5036,520.49500,33.57333,1.31540,20.75878,51.00000,,20.00000,0.74311,1
198,5037,520.59100,33.58000,1.31565,20.75827,51.00000,,20.00000,0.74305,1
198,5038,520.68701,33.58667,1.31591,20.75828,52.00000,,20.00000,0.74300,1
198,5039,520.78998,33.59333,1.31611,20.75829,52.00000,,20.00000,0.74295,1
198,5040,520.89801,33.60000,1.31633,20.75830,49.00000,,20.00000,0.74289,1
198,5041,520.99200,33.60667,1.31642,20.75779,49.00000,,20.00000,0.74284,1
198,5042,521.09399,33.61333,1.31684,20.75780,50.00000,,20.00000,0.74278,1
198,5043,521.20099,33.62000,1.31727,20.75783,50.00000,,20.00000,0.74272,1
198,5044,521.29199,33.62667,1.31735,20.75785,50.00000,,20.00000,0.74267,1
198,5045,521.38800,33.63333,1.31734,20.75735,50.00000,,20.00000,0.74262,1
198,5046,521.48199,33.64000,1.31737,20.75737,50.00000,,20.00000,0.74257,1
198,5047,521.58398,33.64667,1.31758,20.75739,49.00000,,20.00000,0.74252,1
198,5048,521.68500,33.65333,1.31795,20.75741,49.00000,,20.00000,0.74246,1
198,5049,521.78198,33.66000,1.31820,20.75690,51.00000,,20.00000,0.74241,1
198,5050,521.88599,33.66667,1.31852,20.75690,52.00000,,20.00000,0.74235,1
198,5051,521.98199,33.67333,1.31867,20.75689,52.00000,,20.00000,0.74230,1
198,5052,522.08301,33.68000,1.31876,20.75692,49.00000,,20.00000,0.74225,1
198,5053,522.18903,33.68667,1.31903,20.75643,49.00000,,20.00000,0.74219,1
198,5054,522.27802,33.69333,1.31933,20.75644,50.00000,,20.00000,0.74214,1
198,5055,522.39398,33.70000,1.31961,20.75645,50.00000,,20.00000,0.74208,1
198,5056,522.48700,33.70667,1.31986,20.75595,52.00000,,20.00000,0.74203,1
198,5057,522.58398,33.71333,1.32006,20.75594,52.00000,,20.00000,0.74197,1
198,5058,522.67999,33.72000,1.32032,20.75594,49.00000,,20.00000,0.74192,1
198,5059,522.78400,33.72667,1.32052,20.75598,49.00000,,20.00000,0.74186,1
198,5060,522.88202,33.73333,1.32062,20.75602,50.00000,,20.00000,0.74181,1
198,5061,522.98499,33.74000,1.32077,20.75552,50.00000,,20.00000,0.74176,1
198,5062,523.07599,33.74667,1.32092,20.75554,50.00000,,20.00000,0.74171,1
198,5063,523.18201,33.75333,1.32102,20.75555,50.00000,,20.00000,0.74165,1
198,5064,523.27502,33.76000,1.32132,20.75555,50.00000,,20.00000,0.74160,1
198,5065,523.37500,33.76667,1.32137,20.75554,49.00000,,20.00000,0.74154,1
198,5066,523.47601,33.77333,1.32152,20.75558,49.00000,,20.00000,0.74149,1
198,5067,523.58398,33.78000,1.32200,20.75561,51.00000,,20.00000,0.74143,1
198,5068,523.68201,33.78667,1.32215,20.75562,51.00000,,20.00000,0.74138,1
198,5069,523.78400,33.79333,1.32247,20.75563,52.00000,,20.00000,0.74132,1
198,5070,523.87701,33.80000,1.32267,20.75565,52.00000,,20.00000,0.74127,1
198,5071,523.98199,33.80667,1.32304,20.75567,49.00000,,20.00000,0.74121,1
198,5072,524.08398,33.81333,1.32336,20.75569,49.00000,,20.00000,0.74116,1
198,5073,524.17603,33.82000,1.32355,20.75571,50.00000,,20.00000,0.74111,1
198,5074,524.28302,33.82667,1.32366,20.75573,50.00000,,20.00000,0.74105,1
198,5075,524.37799,33.83333,1.32375,20.75576,51.00000,,20.00000,0.74100,1
198,5076,524.46997,33.84000,1.32406,20.75579,52.00000,,20.00000,0.74095,1
198,5077,524.56897,33.84667,1.32437,20.75581,49.00000,,20.00000,0.74089,1
198,5078,524.67200,33.85333,1.32469,20.75583,49.00000,,20.00000,0.74084,1
198,5079,524.76398,33.86000,1.32489,20.75585,49.00000,,20.00000,0.74079,1
198,5080,524.87097,33.86667,1.32499,20.75587,50.00000,,20.00000,0.74073,1
198,5081,524.97498,33.87333,1.32569,20.75589,50.00000,,20.00000,0.74067,1
198,5082,525.06201,33.88000,1.32588,20.75590,50.00000,,20.00000,0.74062,1
198,5083,525.17200,33.88667,1.32594,20.75591,49.00000,,20.00000,0.74056,1
198,5084,525.26300,33.89333,1.32613,20.75592,49.00000,,20.00000,0.74051,1
198,5085,525.37097,33.90000,1.32613,20.75593,49.00000,,20.00000,0.74045,1
198,5086,525.47400,33.90667,1.32628,20.75595,51.00000,,20.00000,0.74040,1
198,5087,525.57098,33.91333,1.32638,20.75596,50.00000,,20.00000,0.74035,1
198,5088,525.67401,33.92000,1.32670,20.75598,50.00000,,20.00000,0.74029,1
198,5089,525.77301,33.92667,1.32696,20.75601,49.00000,,20.00000,0.74024,1
198,5090,525.86902,33.93333,1.32716,20.75603,49.00000,,20.00000,0.74018,1
198,5091,525.96100,33.94000,1.32725,20.75603,50.00000,,20.00000,0.74013,1
198,5092,526.06897,33.94667,1.32757,20.75604,50.00000,,20.00000,0.74007,1
198,5093,526.15997,33.95333,1.32777,20.75608,50.00000,,20.00000,0.74002,1
198,5094,526.25702,33.96000,1.32798,20.75612,51.00000,,20.00000,0.73997,1
198,5095,526.37097,33.96667,1.32814,20.75615,50.00000,,20.00000,0.73991,1
198,5096,526.46301,33.97333,1.32823,20.75617,51.00000,,20.00000,0.73986,1
198,5097,526.55701,33.98000,1.32849,20.75619,49.00000,,20.00000,0.73981,1
198,5098,526.65698,33.98667,1.32880,20.75619,49.00000,,20.00000,0.73975,1
198,5099,526.75403,33.99333,1.32906,20.75619,49.00000,,20.00000,0.73970,1
198,5100,526.85699,34.00000,1.32933,20.75623,50.00000,,20.00000,0.73964,1
198,5101,526.95898,34.00667,1.32959,20.75626,50.00000,,20.00000,0.73959,1
198,5102,527.05902,34.01333,1.32974,20.75628,49.00000,,20.00000,0.73953,1
198,5103,527.16199,34.02000,1.32995,20.75630,49.00000,,20.00000,0.73947,1
198,5104,527.26300,34.02667,1.33011,20.75632,49.00000,,20.00000,0.73942,1
198,5105,527.35602,34.03333,1.33041,20.75632,49.00000,,20.00000,0.73937,1
198,5106,527.44702,34.04000,1.33088,20.75633,50.00000,,20.00000,0.73932,1
198,5107,527.55499,34.04667,1.33126,20.75637,50.00000,,20.00000,0.73926,1
198,5108,527.65198,34.05333,1.33163,20.75640,50.00000,,20.00000,0.73921,1
198,5109,527.75000,34.06000,1.33200,20.75642,50.00000,,20.00000,0.73915,1
198,5110,527.85602,34.06667,1.33200,20.75643,49.00000,,20.00000,0.73909,1
198,5111,527.95398,34.07333,1.33209,20.75644,49.00000,,20.00000,0.73904,1
198,5112,528.05298,34.08000,1.33219,20.75646,51.00000,,20.00000,0.73899,1
198,5113,528.15802,34.08667,1.33224,20.75647,51.00000,,20.00000,0.73893,1
198,5114,528.25403,34.09333,1.33228,20.75649,52.00000,,20.00000,0.73888,1
198,5115,528.35602,34.10000,1.33260,20.75650,52.00000,,20.00000,0.73882,1
198,5116,528.45599,34.10667,1.33275,20.75651,52.00000,,20.00000,0.73876,1
198,5117,528.54999,34.11333,1.33295,20.75652,49.00000,,20.00000,0.73871,1
198,5118,528.66199,34.12000,1.33334,20.75654,50.00000,,20.00000,0.73865,1
198,5119,528.75702,34.12667,1.33349,20.75655,50.00000,,20.00000,0.73860,1
198,5120,528.85797,34.13333,1.33380,20.75656,50.00000,,20.00000,0.73854,1
198,5121,528.96002,34.14000,1.33423,20.75658,50.00000,,20.00000,0.73849,1
198,5122,529.06000,34.14667,1.33444,20.75660,49.00000,,20.00000,0.73843,1
198,5123,529.15503,34.15333,1.33448,20.75662,49.00000,,20.00000,0.73838,1
198,5124,529.26202,34.16000,1.33453,20.75665,50.00000,,20.00000,0.73832,1
198,5125,529.35400,34.16667,1.33484,20.75665,50.00000,,20.00000,0.73827,1
198,5126,529.45801,34.17333,1.33527,20.75666,50.00000,,20.00000,0.73821,1
198,5127,529.54199,34.18000,1.33563,20.75670,50.00000,,20.00000,0.73817,1
198,5128,529.64899,34.18667,1.33579,20.75674,49.00000,,20.00000,0.73811,1
198,5129,529.75403,34.19333,1.33606,20.75677,49.00000,,20.00000,0.73805,1
198,5130,529.84698,34.20000,1.33626,20.75679,49.00000,,20.00000,0.73800,1
198,5131,529.95300,34.20667,1.33647,20.75681,50.00000,,20.00000,0.73794,1
198,5132,530.04999,34.21333,1.33668,20.75681,50.00000,,20.00000,0.73789,1
198,5133,530.14502,34.22000,1.33688,20.75682,52.00000,,20.00000,0.73783,1
198,5134,530.24200,34.22667,1.33698,20.75686,52.00000,,20.00000,0.73778,1
198,5135,530.34302,34.23333,1.33724,20.75690,49.00000,,20.00000,0.73773,1
198,5136,530.44098,34.24000,1.33750,20.75691,49.00000,,20.00000,0.73767,1
198,5137,530.54102,34.24667,1.33782,20.75692,50.00000,,20.00000,0.73762,1
198,5138,530.64697,34.25333,1.33820,20.75693,50.00000,,20.00000,0.73756,1
198,5139,530.75201,34.26000,1.33841,20.75693,50.00000,,20.00000,0.73750,1
198,5140,530.84802,34.26667,1.33856,20.75639,51.00000,,20.00000,0.73745,1
198,5141,530.94800,34.27333,1.33866,20.75643,51.00000,,20.00000,0.73739,1
198,5142,531.04498,34.28000,1.33876,20.75646,49.00000,,20.00000,0.73734,1
198,5143,531.14398,34.28667,1.33924,20.75647,49.00000,,20.00000,0.73728,1
198,5144,531.25201,34.29333,1.33941,20.75649,49.00000,,20.00000,0.73722,1
198,5145,531.34998,34.30000,1.33967,20.75651,50.00000,,20.00000,0.73717,1
198,5146,531.45203,34.30667,1.33993,20.75652,50.00000,,20.00000,0.73711,1
198,5147,531.54797,34.31333,1.34003,20.75654,49.00000,,20.00000,0.73706,1
198,5148,531.65002,34.32000,1.34008,20.75604,49.00000,,20.00000,0.73700,1
198,5149,531.74402,34.32667,1.34034,20.75606,50.00000,,20.00000,0.73695,1
198,5150,531.84802,34.33333,1.34049,20.75609,50.00000,,20.00000,0.73689,1
198,5151,531.95001,34.34000,1.34098,20.75611,51.00000,,20.00000,0.73684,1
198,5152,532.04401,34.34667,1.34113,20.75614,51.00000,,20.00000,0.73679,1
198,5153,532.13800,34.35333,1.34133,20.75616,52.00000,,20.00000,0.73673,1
198,5154,532.24200,34.36000,1.34160,20.75619,49.00000,,20.00000,0.73668,1
198,5155,532.33398,34.36667,1.34191,20.75568,49.00000,,20.00000,0.73663,1
198,5156,532.44299,34.37333,1.34213,20.75570,50.00000,,20.00000,0.73657,1
198,5157,532.54102,34.38000,1.34250,20.75572,51.00000,,20.00000,0.73651,1
198,5158,532.63501,34.38667,1.34254,20.75574,51.00000,,20.00000,0.73646,1
198,5159,532.74103,34.39333,1.34254,20.75576,49.00000,,20.00000,0.73640,1
198,5160,532.83600,34.40000,1.34274,20.75578,49.00000,,20.00000,0.73635,1
198,5161,532.94000,34.40667,1.34301,20.75580,49.00000,,20.00000,0.73629,1
198,5162,533.03497,34.41333,1.34338,20.75581,50.00000,,20.00000,0.73624,1
198,5163,533.13702,34.42000,1.34370,20.75531,50.00000,,20.00000,0.73618,1
198,5164,533.24200,34.42667,1.34403,20.75533,50.00000,,20.00000,0.73612,1
198,5165,533.34302,34.43333,1.34429,20.75536,49.00000,,20.00000,0.73607,1
198,5166,533.43500,34.44000,1.34466,20.75536,49.00000,,20.00000,0.73602,1
198,5167,533.53003,34.44667,1.34492,20.75537,51.00000,,20.00000,0.73596,1
198,5168,533.63098,34.45333,1.34519,20.75541,51.00000,,20.00000,0.73591,1
198,5169,533.72498,34.46000,1.34539,20.75546,51.00000,,20.00000,0.73585,1
198,5170,533.83502,34.46667,1.34561,20.75495,52.00000,,20.00000,0.73579,1
198,5171,533.93201,34.47333,1.34576,20.75498,52.00000,,20.00000,0.73574,1
198,5172,534.02502,34.48000,1.34608,20.75499,49.00000,,20.00000,0.73569,1
198,5173,534.12701,34.48667,1.34629,20.75499,49.00000,,20.00000,0.73563,1
198,5174,534.23102,34.49333,1.34645,20.75499,51.00000,,20.00000,0.73557,1
198,5175,534.33002,34.50000,1.34622,20.75503,51.00000,,20.00000,0.73552,1
198,5176,534.42297,34.50667,1.34654,20.75508,52.00000,,20.00000,0.73547,1
198,5177,534.53198,34.51333,1.34698,20.75510,52.00000,,20.00000,0.73541,1
198,5178,534.62701,34.52000,1.34724,20.75460,49.00000,,20.00000,0.73535,1
198,5179,534.71802,34.52667,1.34738,20.75462,49.00000,,20.00000,0.73530,1
198,5180,534.82300,34.53333,1.34733,20.75461,50.00000,,20.00000,0.73524,1
198,5181,534.92200,34.54000,1.34776,20.75460,50.00000,,20.00000,0.73519,1
198,5182,535.02600,34.54667,1.34803,20.75464,50.00000,,20.00000,0.73513,1
198,5183,535.13501,34.55333,1.34814,20.75467,49.00000,,20.00000,0.73507,1
198,5184,535.23297,34.56000,1.34829,20.75469,49.00000,,20.00000,0.73502,1
198,5185,535.33002,34.56667,1.34855,20.75418,49.00000,,20.00000,0.73496,1
198,5186,535.43500,34.57333,1.34872,20.75420,51.00000,,20.00000,0.73490,1
198,5187,535.52100,34.58000,1.34897,20.75423,51.00000,,20.00000,0.73486,1
198,5188,535.63098,34.58667,1.34924,20.75425,51.00000,,20.00000,0.73479,1
198,5189,535.72302,34.59333,1.34950,20.75427,50.00000,,20.00000,0.73474,1
198,5190,535.82202,34.60000,1.34977,20.75429,50.00000,,20.00000,0.73469,1
198,5191,535.92798,34.60667,1.34977,20.75432,49.00000,,20.00000,0.73463,1
198,5192,536.02399,34.61333,1.34987,20.75434,51.00000,,20.00000,0.73458,1
198,5193,536.12903,34.62000,1.35025,20.75384,51.00000,,20.00000,0.73452,1
198,5194,536.22498,34.62667,1.35034,20.75387,51.00000,,20.00000,0.73446,1
198,5195,536.31201,34.63333,1.35076,20.75389,51.00000,,20.00000,0.73442,1
198,5196,536.41803,34.64000,1.35098,20.75392,49.00000,,20.00000,0.73436,1
198,5197,536.51599,34.64667,1.35114,20.75394,49.00000,,20.00000,0.73430,1
198,5198,536.61902,34.65333,1.35141,20.75396,50.00000,,20.00000,0.73424,1
198,5199,536.72302,34.66000,1.35190,20.75398,50.00000,,20.00000,0.73419,1
198,5200,536.82001,34.66667,1.35205,20.75348,50.00000,,20.00000,0.73413,1
198,5201,536.91101,34.67333,1.35214,20.75350,49.00000,,20.00000,0.73408,1
198,5202,537.01599,34.68000,1.35231,20.75353,49.00000,,20.00000,0.73402,1
198,5203,537.11499,34.68667,1.35235,20.75356,50.00000,,20.00000,0.73397,1
198,5204,537.21802,34.69333,1.35262,20.75358,50.00000,,20.00000,0.73391,1
198,5205,537.30402,34.70000,1.35266,20.75361,51.00000,,20.00000,0.73386,1
198,5206,537.40900,34.70667,1.35277,20.75310,51.00000,,20.00000,0.73380,1
198,5207,537.51300,34.71333,1.35298,20.75205,49.00000,,20.00000,0.73374,1
198,5208,537.61102,34.72000,1.35336,20.75152,49.00000,,20.00000,0.73369,1
198,5209,537.70398,34.72667,1.35367,20.75050,49.00000,,20.00000,0.73364,1
198,5210,537.81201,34.73333,1.35428,20.75002,51.00000,,20.00000,0.73358,1
198,5211,537.91901,34.74000,1.35450,20.74951,51.00000,,20.00000,0.73352,1
198,5212,538.01398,34.74667,1.35476,20.74900,51.00000,,20.00000,0.73346,1
198,5213,538.10498,34.75333,1.35513,20.74850,51.00000,,20.00000,0.73341,1
198,5214,538.21399,34.76000,1.35546,20.74797,51.00000,,20.00000,0.73335,1
198,5215,538.31097,34.76667,1.35545,20.74798,49.00000,,20.00000,0.73330,1
198,5216,538.40900,34.77333,1.35560,20.74749,49.00000,,20.00000,0.73324,1
198,5217,538.50897,34.78000,1.35604,20.74754,50.00000,,20.00000,0.73319,1
198,5218,538.61102,34.78667,1.35636,20.74704,50.00000,,20.00000,0.73313,1
198,5219,538.70697,34.79333,1.35630,20.74706,49.00000,,20.00000,0.73308,1
198,5220,538.80200,34.80000,1.35645,20.74656,49.00000,,20.00000,0.73302,1
198,5221,538.90802,34.80667,1.35672,20.74659,50.00000,,20.00000,0.73296,1
198,5222,539.00800,34.81333,1.35683,20.74661,50.00000,,20.00000,0.73291,1
198,5223,539.09601,34.82000,1.35730,20.74662,50.00000,,20.00000,0.73286,1
198,5224,539.20001,34.82667,1.35779,20.74612,51.00000,,20.00000,0.73280,1
198,5225,539.30603,34.83333,1.35807,20.74613,51.00000,,20.00000,0.73274,1
198,5226,539.40802,34.84000,1.35818,20.74615,49.00000,,20.00000,0.73268,1
198,5227,539.51099,34.84667,1.35845,20.74565,49.00000,,20.00000,0.73263,1
198,5228,539.60199,34.85333,1.35854,20.74567,49.00000,,20.00000,0.73257,1
198,5229,539.70599,34.86000,1.35881,20.74568,49.00000,,20.00000,0.73252,1
198,5230,539.79602,34.86667,1.35907,20.74570,50.00000,,20.00000,0.73247,1
198,5231,539.91101,34.87333,1.35930,20.74520,50.00000,,20.00000,0.73240,1
198,5232,540.00500,34.88000,1.35962,20.74522,49.00000,,20.00000,0.73235,1
198,5233,540.10901,34.88667,1.35989,20.74524,49.00000,,20.00000,0.73229,1
198,5234,540.19897,34.89333,1.36010,20.74473,49.00000,,20.00000,0.73224,1
198,5235,540.30499,34.90000,1.36037,20.74475,50.00000,,20.00000,0.73218,1
198,5236,540.40399,34.90667,1.36064,20.74478,50.00000,,20.00000,0.73212,1
198,5237,540.51099,34.91333,1.36102,20.74480,50.00000,,20.00000,0.73206,1
198,5238,540.60101,34.92000,1.36128,20.74430,49.00000,,20.00000,0.73201,1
198,5239,540.70300,34.92667,1.36150,20.74432,49.00000,,20.00000,0.73196,1
198,5240,540.79700,34.93333,1.36154,20.74434,50.00000,,20.00000,0.73190,1
198,5241,540.90503,34.94000,1.36166,20.74435,50.00000,,20.00000,0.73184,1
198,5242,541.00299,34.94667,1.36176,20.74383,51.00000,,20.00000,0.73179,1
198,5243,541.09601,34.95333,1.36191,20.74387,51.00000,,20.00000,0.73174,1
198,5244,541.20001,34.96000,1.36240,20.74391,49.00000,,20.00000,0.73168,1
198,5245,541.29199,34.96667,1.36305,20.74340,49.00000,,20.00000,0.73162,1
198,5246,541.39899,34.97333,1.36333,20.74342,49.00000,,20.00000,0.73156,1
198,5247,541.50500,34.98000,1.36355,20.74345,49.00000,,20.00000,0.73151,1
198,5248,541.60101,34.98667,1.36348,20.74345,50.00000,,20.00000,0.73145,1
198,5249,541.69702,34.99333,1.36353,20.74292,50.00000,,20.00000,0.73140,1
198,5250,541.80103,35.00000,1.36375,20.74297,50.00000,,20.00000,0.73134,1
198,5251,541.89099,35.00667,1.36445,20.74301,50.00000,,20.00000,0.73129,1
198,5252,541.99597,35.01333,1.36494,20.74303,50.00000,,20.00000,0.73123,1
198,5253,542.10199,35.02000,1.36500,20.74253,50.00000,,20.00000,0.73117,1
198,5254,542.19397,35.02667,1.36510,20.74255,50.00000,,20.00000,0.73112,1
198,5255,542.29797,35.03333,1.36526,20.74255,50.00000,,20.00000,0.73106,1
198,5256,542.39801,35.04000,1.36553,20.74256,49.00000,,20.00000,0.73100,1
198,5257,542.49298,35.04667,1.36574,20.74207,49.00000,,20.00000,0.73095,1
198,5258,542.58899,35.05333,1.36595,20.74212,49.00000,,20.00000,0.73089,1
198,5259,542.69598,35.06000,1.36617,20.74215,49.00000,,20.00000,0.73083,1
198,5260,542.79401,35.06667,1.36644,20.74165,51.00000,,20.00000,0.73078,1
198,5261,542.89001,35.07333,1.36660,20.74167,50.00000,,20.00000,0.73072,1
198,5262,542.99298,35.08000,1.36687,20.74169,50.00000,,20.00000,0.73067,1
198,5263,543.08099,35.08667,1.36707,20.74172,50.00000,,20.00000,0.73062,1
198,5264,543.19501,35.09333,1.36725,20.74121,49.00000,,20.00000,0.73055,1
198,5265,543.28900,35.10000,1.36779,20.74123,49.00000,,20.00000,0.73050,1
198,5266,543.38702,35.10667,1.36811,20.74125,50.00000,,20.00000,0.73044,1
198,5267,543.49103,35.11333,1.36861,20.74126,50.00000,,20.00000,0.73038,1
198,5268,543.59198,35.12000,1.36893,20.74075,50.00000,,20.00000,0.73033,1
198,5269,543.68903,35.12667,1.36904,20.74077,50.00000,,20.00000,0.73027,1
198,5270,543.80298,35.13333,1.36927,20.74079,50.00000,,20.00000,0.73021,1
198,5271,543.88898,35.14000,1.36936,20.74028,50.00000,,20.00000,0.73016,1
198,5272,543.99200,35.14667,1.36958,20.74031,50.00000,,20.00000,0.73010,1
198,5273,544.09497,35.15333,1.36974,20.74033,50.00000,,20.00000,0.73004,1
198,5274,544.19702,35.16000,1.37002,20.74036,50.00000,,20.00000,0.72999,1
198,5275,544.28302,35.16667,1.37011,20.73986,49.00000,,20.00000,0.72994,1
198,5276,544.39398,35.17333,1.37050,20.73988,49.00000,,20.00000,0.72987,1
198,5277,544.48700,35.18000,1.37087,20.73990,49.00000,,20.00000,0.72982,1
198,5278,544.58801,35.18667,1.37098,20.73992,49.00000,,20.00000,0.72976,1
198,5279,544.68903,35.19333,1.37109,20.73942,50.00000,,20.00000,0.72971,1
198,5280,544.79602,35.20000,1.37120,20.73944,50.00000,,20.00000,0.72965,1
198,5281,544.88800,35.20667,1.37147,20.73946,49.00000,,20.00000,0.72959,1
198,5282,544.98700,35.21333,1.37201,20.73946,49.00000,,20.00000,0.72954,1
198,5283,545.09198,35.22000,1.37234,20.73893,49.00000,,20.00000,0.72948,1
198,5284,545.19202,35.22667,1.37240,20.73898,49.00000,,20.00000,0.72942,1
198,5285,545.29102,35.23333,1.37278,20.73903,50.00000,,20.00000,0.72937,1
198,5286,545.38501,35.24000,1.37299,20.73906,50.00000,,20.00000,0.72931,1
198,5287,545.48700,35.24667,1.37310,20.73909,49.00000,,20.00000,0.72926,1
198,5288,545.58301,35.25333,1.37314,20.73911,49.00000,,20.00000,0.72920,1
198,5289,545.68201,35.26000,1.37336,20.73912,50.00000,,20.00000,0.72914,1
198,5290,545.78699,35.26667,1.37353,20.73912,50.00000,,20.00000,0.72909,1
198,5291,545.88300,35.27333,1.37391,20.73916,50.00000,,20.00000,0.72903,1
198,5292,545.98102,35.28000,1.37434,20.73921,50.00000,,20.00000,0.72897,1
198,5293,546.08197,35.28667,1.37467,20.73923,50.00000,,20.00000,0.72892,1
198,5294,546.18701,35.29333,1.37484,20.73925,49.00000,,20.00000,0.72886,1
198,5295,546.28198,35.30000,1.37494,20.73927,49.00000,,20.00000,0.72880,1
198,5296,546.38300,35.30667,1.37516,20.73927,51.00000,,20.00000,0.72875,1
198,5297,546.48901,35.31333,1.37538,20.73926,50.00000,,20.00000,0.72869,1
198,5298,546.58099,35.32000,1.37564,20.73931,50.00000,,20.00000,0.72863,1
198,5299,546.68597,35.32667,1.37609,20.73935,50.00000,,20.00000,0.72857,1
198,5300,546.78900,35.33333,1.37631,20.73938,49.00000,,20.00000,0.72852,1
198,5301,546.88501,35.34000,1.37647,20.73941,51.00000,,20.00000,0.72846,1
198,5302,546.98102,35.34667,1.37663,20.73944,51.00000,,20.00000,0.72841,1
198,5303,547.08197,35.35333,1.37695,20.73947,52.00000,,20.00000,0.72835,1
198,5304,547.17902,35.36000,1.37761,20.73950,52.00000,,20.00000,0.72829,1
198,5305,547.27802,35.36667,1.37777,20.73952,49.00000,,20.00000,0.72824,1
198,5306,547.37299,35.37333,1.37804,20.73955,49.00000,,20.00000,0.72818,1
198,5307,547.47803,35.38000,1.37821,20.73958,49.00000,,20.00000,0.72812,1
198,5308,547.57703,35.38667,1.37831,20.73960,50.00000,,20.00000,0.72807,1
198,5309,547.67798,35.39333,1.37859,20.73963,50.00000,,20.00000,0.72801,1
198,5310,547.77399,35.40000,1.37869,20.73966,49.00000,,20.00000,0.72796,1
198,5311,547.87201,35.40667,1.37891,20.73968,49.00000,,20.00000,0.72790,1
198,5312,547.96802,35.41333,1.37918,20.73970,49.00000,,20.00000,0.72785,1
198,5313,548.07898,35.42000,1.37946,20.73972,49.00000,,20.00000,0.72778,1
198,5314,548.17401,35.42667,1.37979,20.73975,50.00000,,20.00000,0.72773,1
198,5315,548.28003,35.43333,1.38007,20.73977,50.00000,,20.00000,0.72767,1
198,5316,548.36902,35.44000,1.38038,20.73977,49.00000,,20.00000,0.72762,1
198,5317,548.47101,35.44667,1.38071,20.73977,49.00000,,20.00000,0.72756,1
198,5318,548.57501,35.45333,1.38088,20.73982,49.00000,,20.00000,0.72750,1
198,5319,548.67297,35.46000,1.38104,20.73986,49.00000,,20.00000,0.72744,1
198,5320,548.76703,35.46667,1.38148,20.73988,51.00000,,20.00000,0.72739,1
198,5321,548.87799,35.47333,1.38176,20.73990,51.00000,,20.00000,0.72733,1
198,5322,548.97400,35.48000,1.38203,20.73992,51.00000,,20.00000,0.72727,1
198,5323,549.07501,35.48667,1.38220,20.73992,50.00000,,20.00000,0.72721,1
198,5324,549.17499,35.49333,1.38219,20.73992,50.00000,,20.00000,0.72716,1
198,5325,549.27502,35.50000,1.38236,20.73944,50.00000,,20.00000,0.72710,1
198,5326,549.38000,35.50667,1.38264,20.73948,50.00000,,20.00000,0.72704,1
198,5327,549.46997,35.51333,1.38301,20.73950,50.00000,,20.00000,0.72699,1
198,5328,549.57501,35.52000,1.38357,20.73953,50.00000,,20.00000,0.72693,1
198,5329,549.67902,35.52667,1.38418,20.73956,49.00000,,20.00000,0.72687,1
198,5330,549.77502,35.53333,1.38434,20.73957,50.00000,,20.00000,0.72681,1
198,5331,549.87500,35.54000,1.38439,20.73958,50.00000,,20.00000,0.72676,1
198,5332,549.96698,35.54667,1.38460,20.73910,50.00000,,20.00000,0.72671,1
198,5333,550.06403,35.55333,1.38476,20.73915,50.00000,,20.00000,0.72665,1
198,5334,550.16998,35.56000,1.38499,20.73918,49.00000,,20.00000,0.72659,1
198,5335,550.26398,35.56667,1.38575,20.73920,49.00000,,20.00000,0.72654,1
198,5336,550.37097,35.57333,1.38582,20.73923,51.00000,,20.00000,0.72647,1
198,5337,550.46399,35.58000,1.38592,20.73873,51.00000,,20.00000,0.72642,1
198,5338,550.57098,35.58667,1.38626,20.73876,51.00000,,20.00000,0.72636,1
198,5339,550.66498,35.59333,1.38641,20.73878,52.00000,,20.00000,0.72631,1
198,5340,550.75800,35.60000,1.38674,20.73880,52.00000,,20.00000,0.72625,1
198,5341,550.86200,35.60667,1.38702,20.73883,49.00000,,20.00000,0.72619,1
198,5342,550.96503,35.61333,1.38752,20.73884,49.00000,,20.00000,0.72613,1
198,5343,551.06702,35.62000,1.38774,20.73833,50.00000,,20.00000,0.72608,1
198,5344,551.16602,35.62667,1.38796,20.73835,50.00000,,20.00000,0.72602,1
198,5345,551.27802,35.63333,1.38819,20.73837,50.00000,,20.00000,0.72596,1
198,5346,551.36603,35.64000,1.38834,20.73839,50.00000,,20.00000,0.72590,1
198,5347,551.47302,35.64667,1.38863,20.73842,49.00000,,20.00000,0.72584,1
198,5348,551.57098,35.65333,1.38890,20.73844,50.00000,,20.00000,0.72579,1
198,5349,551.66498,35.66000,1.38917,20.73794,50.00000,,20.00000,0.72573,1
198,5350,551.76099,35.66667,1.38949,20.73797,50.00000,,20.00000,0.72568,1
198,5351,551.87903,35.67333,1.38985,20.73800,50.00000,,20.00000,0.72561,1
198,5352,551.96301,35.68000,1.38999,20.73803,50.00000,,20.00000,0.72556,1
198,5353,552.07001,35.68667,1.39033,20.73806,50.00000,,20.00000,0.72550,1
198,5354,552.15900,35.69333,1.39054,20.73756,49.00000,,20.00000,0.72545,1
198,5355,552.26099,35.70000,1.39104,20.73759,51.00000,,20.00000,0.72539,1
198,5356,552.36102,35.70667,1.39143,20.73761,50.00000,,20.00000,0.72533,1
198,5357,552.46503,35.71333,1.39160,20.73762,50.00000,,20.00000,0.72527,1
198,5358,552.55603,35.72000,1.39170,20.73762,50.00000,,20.00000,0.72522,1
198,5359,552.66498,35.72667,1.39187,20.73766,50.00000,,20.00000,0.72516,1
198,5360,552.76599,35.73333,1.39204,20.73718,50.00000,,20.00000,0.72510,1
198,5361,552.86298,35.74000,1.39226,20.73720,50.00000,,20.00000,0.72505,1
198,5362,552.96198,35.74667,1.39253,20.73722,50.00000,,20.00000,0.72499,1
198,5363,553.06201,35.75333,1.39286,20.73725,50.00000,,20.00000,0.72493,1
198,5364,553.16302,35.76000,1.39309,20.73725,49.00000,,20.00000,0.72487,1
198,5365,553.26801,35.76667,1.39337,20.73673,49.00000,,20.00000,0.72481,1
198,5366,553.36298,35.77333,1.39358,20.73678,50.00000,,20.00000,0.72476,1
198,5367,553.45898,35.78000,1.39369,20.73683,50.00000,,20.00000,0.72470,1
198,5368,553.56097,35.78667,1.39391,20.73686,50.00000,,20.00000,0.72465,1
198,5369,553.65802,35.79333,1.39424,20.73689,49.00000,,20.00000,0.72459,1
198,5370,553.75598,35.80000,1.39452,20.73691,49.00000,,20.00000,0.72453,1
198,5371,553.85699,35.80667,1.39524,20.73638,50.00000,,20.00000,0.72447,1
198,5372,553.95898,35.81333,1.39519,20.73637,50.00000,,20.00000,0.72442,1
198,5373,554.06201,35.82000,1.39530,20.73641,51.00000,,20.00000,0.72436,1
198,5374,554.17200,35.82667,1.39587,20.73646,52.00000,,20.00000,0.72429,1
198,5375,554.26501,35.83333,1.39603,20.73648,52.00000,,20.00000,0.72424,1
198,5376,554.36700,35.84000,1.39625,20.73651,49.00000,,20.00000,0.72418,1
198,5377,554.46002,35.84667,1.39669,20.73601,49.00000,,20.00000,0.72413,1
198,5378,554.56000,35.85333,1.39685,20.73604,50.00000,,20.00000,0.72407,1
198,5379,554.66302,35.86000,1.39708,20.73607,50.00000,,20.00000,0.72401,1
198,5380,554.75897,35.86667,1.39718,20.73610,50.00000,,20.00000,0.72396,1
198,5381,554.86603,35.87333,1.39752,20.73614,50.00000,,20.00000,0.72389,1
198,5382,554.95801,35.88000,1.39790,20.73564,49.00000,,20.00000,0.72384,1
198,5383,555.04498,35.88667,1.39822,20.73567,49.00000,,20.00000,0.72379,1
198,5384,555.15100,35.89333,1.39840,20.73569,50.00000,,20.00000,0.72373,1
198,5385,555.26099,35.90000,1.39880,20.73572,50.00000,,20.00000,0.72367,1
198,5386,555.35602,35.90667,1.39918,20.73574,50.00000,,20.00000,0.72361,1
198,5387,555.45502,35.91333,1.39946,20.73577,50.00000,,20.00000,0.72355,1
198,5388,555.55499,35.92000,1.39974,20.73526,49.00000,,20.00000,0.72350,1
198,5389,555.65900,35.92667,1.39991,20.73529,49.00000,,20.00000,0.72344,1
198,5390,555.75299,35.93333,1.40007,20.73531,51.00000,,20.00000,0.72338,1
198,5391,555.85498,35.94000,1.40029,20.73534,51.00000,,20.00000,0.72332,1
198,5392,555.95801,35.94667,1.40052,20.73537,52.00000,,20.00000,0.72326,1
198,5393,556.05499,35.95333,1.40074,20.73539,52.00000,,20.00000,0.72321,1
198,5394,556.15002,35.96000,1.40107,20.73489,49.00000,,20.00000,0.72315,1
198,5395,556.25500,35.96667,1.40135,20.73491,49.00000,,20.00000,0.72309,1
198,5396,556.35797,35.97333,1.40158,20.73494,50.00000,,20.00000,0.72303,1
198,5397,556.45898,35.98000,1.40180,20.73497,50.00000,,20.00000,0.72297,1
198,5398,556.55103,35.98667,1.40190,20.73497,50.00000,,20.00000,0.72292,1
198,5399,556.65698,35.99333,1.40208,20.73444,50.00000,,20.00000,0.72286,1
198,5400,556.74799,36.00000,1.40240,20.73449,49.00000,,20.00000,0.72281,1
198,5401,556.85602,36.00667,1.40275,20.73454,49.00000,,20.00000,0.72275,1
198,5402,556.95898,36.01333,1.40292,20.73456,50.00000,,20.00000,0.72269,1
198,5403,557.06097,36.02000,1.40309,20.73459,50.00000,,20.00000,0.72263,1
198,5404,557.15100,36.02667,1.40374,20.73462,50.00000,,20.00000,0.72257,1
198,5405,557.25598,36.03333,1.40409,20.73410,50.00000,,20.00000,0.72251,1
198,5406,557.34601,36.04000,1.40413,20.73411,50.00000,,20.00000,0.72246,1
198,5407,557.45398,36.04667,1.40442,20.73415,49.00000,,20.00000,0.72240,1
198,5408,557.56000,36.05333,1.40459,20.73420,49.00000,,20.00000,0.72234,1
198,5409,557.65198,36.06000,1.40475,20.73422,51.00000,,20.00000,0.72228,1
198,5410,557.75299,36.06667,1.40514,20.73425,51.00000,,20.00000,0.72223,1
198,5411,557.85303,36.07333,1.40542,20.73375,52.00000,,20.00000,0.72217,1
198,5412,557.95502,36.08000,1.40565,20.73377,52.00000,,20.00000,0.72211,1
198,5413,558.05103,36.08667,1.40587,20.73379,49.00000,,20.00000,0.72205,1
198,5414,558.15302,36.09333,1.40621,20.73382,49.00000,,20.00000,0.72199,1
198,5415,558.25897,36.10000,1.40666,20.73385,50.00000,,20.00000,0.72193,1
198,5416,558.35999,36.10667,1.40689,20.73335,50.00000,,20.00000,0.72187,1
198,5417,558.45099,36.11333,1.40710,20.73338,50.00000,,20.00000,0.72182,1
198,5418,558.54797,36.12000,1.40743,20.73341,51.00000,,20.00000,0.72177,1
198,5419,558.64600,36.12667,1.40765,20.73344,49.00000,,20.00000,0.72171,1
198,5420,558.75201,36.13333,1.40794,20.73347,49.00000,,20.00000,0.72165,1
198,5421,558.84698,36.14000,1.40822,20.73349,50.00000,,20.00000,0.72159,1
198,5422,558.94897,36.14667,1.40850,20.73299,50.00000,,20.00000,0.72153,1
198,5423,559.05798,36.15333,1.40873,20.73302,50.00000,,20.00000,0.72147,1
198,5424,559.15997,36.16000,1.40907,20.73305,50.00000,,20.00000,0.72141,1
198,5425,559.24902,36.16667,1.40934,20.73308,49.00000,,20.00000,0.72136,1
198,5426,559.34100,36.17333,1.40950,20.73311,49.00000,,20.00000,0.72131,1
198,5427,559.44202,36.18000,1.40961,20.73261,51.00000,,20.00000,0.72125,1
198,5428,559.54602,36.18667,1.40990,20.73263,51.00000,,20.00000,0.72119,1
198,5429,559.64899,36.19333,1.41035,20.73266,51.00000,,20.00000,0.72113,1
198,5430,559.74902,36.20000,1.41058,20.73268,52.00000,,20.00000,0.72107,1
198,5431,559.85400,36.20667,1.41070,20.73270,52.00000,,20.00000,0.72101,1
198,5432,559.94702,36.21333,1.41086,20.73270,49.00000,,20.00000,0.72095,1
198,5433,560.05402,36.22000,1.41109,20.73218,49.00000,,20.00000,0.72089,1
198,5434,560.15802,36.22667,1.41143,20.73224,49.00000,,20.00000,0.72083,1
198,5435,560.24701,36.23333,1.41176,20.73229,50.00000,,20.00000,0.72078,1
198,5436,560.33398,36.24000,1.41208,20.73232,52.00000,,20.00000,0.72073,1
198,5437,560.44501,36.24667,1.41248,20.73235,49.00000,,20.00000,0.72066,1
198,5438,560.55103,36.25333,1.41271,20.73238,49.00000,,20.00000,0.72060,1
198,5439,560.64099,36.26000,1.41287,20.73239,50.00000,,20.00000,0.72055,1
198,5440,560.74103,36.26667,1.41304,20.73240,50.00000,,20.00000,0.72049,1
198,5441,560.84998,36.27333,1.41322,20.73245,50.00000,,20.00000,0.72043,1
198,5442,560.93799,36.28000,1.41360,20.73250,50.00000,,20.00000,0.72038,1
198,5443,561.04303,36.28667,1.41383,20.73253,49.00000,,20.00000,0.72032,1
198,5444,561.13898,36.29333,1.41400,20.73256,49.00000,,20.00000,0.72026,1
198,5445,561.23700,36.30000,1.41428,20.73258,49.00000,,20.00000,0.72020,1
198,5446,561.34497,36.30667,1.41462,20.73259,51.00000,,20.00000,0.72014,1
198,5447,561.44000,36.31333,1.41479,20.73260,51.00000,,20.00000,0.72008,1
198,5448,561.53900,36.32000,1.41490,20.73264,51.00000,,20.00000,0.72003,1
198,5449,561.64099,36.32667,1.41519,20.73269,51.00000,,20.00000,0.71997,1
198,5450,561.73901,36.33333,1.41558,20.73271,49.00000,,20.00000,0.71991,1
198,5451,561.84601,36.34000,1.41592,20.73274,49.00000,,20.00000,0.71985,1
198,5452,561.93903,36.34667,1.41620,20.73276,50.00000,,20.00000,0.71979,1
198,5453,562.04199,36.35333,1.41643,20.73279,51.00000,,20.00000,0.71973,1
198,5454,562.14398,36.36000,1.41666,20.73282,51.00000,,20.00000,0.71967,1
198,5455,562.24103,36.36667,1.41694,20.73284,51.00000,,20.00000,0.71962,1
198,5456,562.34399,36.37333,1.41711,20.73287,49.00000,,20.00000,0.71956,1
198,5457,562.43799,36.38000,1.41738,20.73290,49.00000,,20.00000,0.71950,1
198,5458,562.53998,36.38667,1.41773,20.73292,50.00000,,20.00000,0.71944,1
198,5459,562.63898,36.39333,1.41812,20.73295,50.00000,,20.00000,0.71939,1
198,5460,562.74597,36.40000,1.41841,20.73297,50.00000,,20.00000,0.71932,1
198,5461,562.84100,36.40667,1.41869,20.73353,49.00000,,20.00000,0.71927,1
198,5462,562.94702,36.41333,1.41886,20.73408,49.00000,,20.00000,0.71921,1
198,5463,563.04602,36.42000,1.41887,20.73412,49.00000,,20.00000,0.71915,1
198,5464,563.13501,36.42667,1.41902,20.73468,50.00000,,20.00000,0.71910,1
198,5465,563.23700,36.43333,1.41925,20.73471,50.00000,,20.00000,0.71904,1
198,5466,563.33600,36.44000,1.42004,20.73527,50.00000,,20.00000,0.71898,1
198,5467,563.43701,36.44667,1.42038,20.73529,49.00000,,20.00000,0.71892,1
198,5468,563.53601,36.45333,1.42049,20.73532,49.00000,,20.00000,0.71886,1
198,5469,563.63898,36.46000,1.42067,20.73535,50.00000,,20.00000,0.71880,1
198,5470,563.73401,36.46667,1.42078,20.73537,51.00000,,20.00000,0.71875,1
198,5471,563.83899,36.47333,1.42101,20.73540,51.00000,,20.00000,0.71868,1
198,5472,563.93903,36.48000,1.42146,20.73544,51.00000,,20.00000,0.71863,1
198,5473,564.03998,36.48667,1.42186,20.73545,50.00000,,20.00000,0.71857,1
198,5474,564.13599,36.49333,1.42214,20.73546,49.00000,,20.00000,0.71851,1
198,5475,564.22900,36.50000,1.42230,20.73552,49.00000,,20.00000,0.71846,1
198,5476,564.33099,36.50667,1.42242,20.73557,50.00000,,20.00000,0.71840,1
198,5477,564.42499,36.51333,1.42247,20.73560,50.00000,,20.00000,0.71834,1
198,5478,564.53198,36.52000,1.42293,20.73563,50.00000,,20.00000,0.71828,1
198,5479,564.62299,36.52667,1.42309,20.73566,49.00000,,20.00000,0.71823,1
198,5480,564.73602,36.53333,1.42334,20.73566,49.00000,,20.00000,0.71816,1
198,5481,564.82898,36.54000,1.42367,20.73567,50.00000,,20.00000,0.71811,1
198,5482,564.93103,36.54667,1.42390,20.73571,50.00000,,20.00000,0.71805,1
198,5483,565.02899,36.55333,1.42424,20.73576,50.00000,,20.00000,0.71799,1
198,5484,565.13800,36.56000,1.42459,20.73579,50.00000,,20.00000,0.71792,1
198,5485,565.23102,36.56667,1.42481,20.73582,49.00000,,20.00000,0.71787,1
198,5486,565.32001,36.57333,1.42508,20.73531,49.00000,,20.00000,0.71782,1
198,5487,565.43201,36.58000,1.42549,20.73532,49.00000,,20.00000,0.71775,1
198,5488,565.53497,36.58667,1.42572,20.73532,49.00000,,20.00000,0.71769,1
198,5489,565.62799,36.59333,1.42594,20.73537,51.00000,,20.00000,0.71764,1
198,5490,565.73999,36.60000,1.42635,20.73542,51.00000,,20.00000,0.71757,1
198,5491,565.83099,36.60667,1.42674,20.73545,50.00000,,20.00000,0.71752,1
198,5492,565.92999,36.61333,1.42702,20.73547,50.00000,,20.00000,0.71746,1
198,5493,566.03302,36.62000,1.42731,20.73550,50.00000,,20.00000,0.71740,1
198,5494,566.13202,36.62667,1.42770,20.73552,50.00000,,20.00000,0.71734,1
198,5495,566.23499,36.63333,1.42799,20.73555,50.00000,,20.00000,0.71728,1
198,5496,566.33099,36.64000,1.42827,20.73557,50.00000,,20.00000,0.71722,1
198,5497,566.43597,36.64667,1.42851,20.73559,49.00000,,20.00000,0.71716,1
198,5498,566.53400,36.65333,1.42873,20.73562,49.00000,,20.00000,0.71710,1
198,5499,566.63898,36.66000,1.42936,20.73564,49.00000,,20.00000,0.71704,1
198,5500,566.73602,36.66667,1.42947,20.73515,51.00000,,20.00000,0.71699,1
198,5501,566.84998,36.67333,1.42955,20.73518,51.00000,,20.00000,0.71692,1
198,5502,566.93298,36.68000,1.42970,20.73522,52.00000,,20.00000,0.71687,1
198,5503,567.03003,36.68667,1.42987,20.73526,52.00000,,20.00000,0.71681,1
198,5504,567.12701,36.69333,1.43010,20.73529,49.00000,,20.00000,0.71676,1
198,5505,567.22498,36.70000,1.43044,20.73533,49.00000,,20.00000,0.71670,1
198,5506,567.33301,36.70667,1.43073,20.73536,50.00000,,20.00000,0.71664,1
198,5507,567.42499,36.71333,1.43095,20.73485,50.00000,,20.00000,0.71658,1
198,5508,567.53003,36.72000,1.43108,20.73433,50.00000,,20.00000,0.71652,1
198,5509,567.62500,36.72667,1.43141,20.73385,50.00000,,20.00000,0.71646,1
198,5510,567.72302,36.73333,1.43170,20.73338,50.00000,,20.00000,0.71641,1
198,5511,567.82599,36.74000,1.43199,20.73288,50.00000,,20.00000,0.71635,1
198,5512,567.93201,36.74667,1.43234,20.73239,50.00000,,20.00000,0.71628,1
198,5513,568.02502,36.75333,1.43261,20.73241,50.00000,,20.00000,0.71623,1
198,5514,568.12097,36.76000,1.43278,20.73189,50.00000,,20.00000,0.71617,1
198,5515,568.22900,36.76667,1.43297,20.73190,50.00000,,20.00000,0.71611,1
198,5516,568.32300,36.77333,1.43313,20.73143,49.00000,,20.00000,0.71605,1
198,5517,568.41901,36.78000,1.43336,20.73148,49.00000,,20.00000,0.71600,1
198,5518,568.53497,36.78667,1.43383,20.73151,51.00000,,20.00000,0.71593,1
198,5519,568.61700,36.79333,1.43404,20.73101,51.00000,,20.00000,0.71588,1
198,5520,568.72699,36.80000,1.43417,20.73103,52.00000,,20.00000,0.71581,1
198,5521,568.82397,36.80667,1.43445,20.73104,52.00000,,20.00000,0.71576,1
198,5522,568.93103,36.81333,1.43486,20.73052,49.00000,,20.00000,0.71569,1
198,5523,569.02698,36.82000,1.43531,20.73057,49.00000,,20.00000,0.71564,1
198,5524,569.12299,36.82667,1.43576,20.73062,51.00000,,20.00000,0.71558,1
198,5525,569.22601,36.83333,1.43622,20.73065,51.00000,,20.00000,0.71552,1
198,5526,569.32800,36.84000,1.43656,20.73016,52.00000,,20.00000,0.71546,1
198,5527,569.42200,36.84667,1.43696,20.73019,52.00000,,20.00000,0.71540,1
198,5528,569.52100,36.85333,1.43764,20.72969,49.00000,,20.00000,0.71535,1
198,5529,569.62299,36.86000,1.43804,20.72920,49.00000,,20.00000,0.71529,1
198,5530,569.72101,36.86667,1.43827,20.72817,50.00000,,20.00000,0.71523,1
198,5531,569.82599,36.87333,1.43839,20.72821,50.00000,,20.00000,0.71517,1
198,5532,569.92603,36.88000,1.43828,20.72771,50.00000,,20.00000,0.71511,1
198,5533,570.02301,36.88667,1.43857,20.72722,50.00000,,20.00000,0.71505,1
198,5534,570.12299,36.89333,1.43886,20.72673,49.00000,,20.00000,0.71499,1
198,5535,570.21002,36.90000,1.43924,20.72624,49.00000,,20.00000,0.71494,1
198,5536,570.32001,36.90667,1.43960,20.72627,49.00000,,20.00000,0.71487,1
198,5537,570.41699,36.91333,1.43999,20.72578,51.00000,,20.00000,0.71482,1
198,5538,570.51398,36.92000,1.44039,20.72581,51.00000,,20.00000,0.71476,1
198,5539,570.62097,36.92667,1.44068,20.72531,51.00000,,20.00000,0.71470,1
198,5540,570.71802,36.93333,1.44086,20.72535,49.00000,,20.00000,0.71464,1
198,5541,570.81799,36.94000,1.44103,20.72485,49.00000,,20.00000,0.71458,1
198,5542,570.91101,36.94667,1.44137,20.72488,51.00000,,20.00000,0.71453,1
198,5543,571.00897,36.95333,1.44165,20.72439,51.00000,,20.00000,0.71447,1
198,5544,571.10901,36.96000,1.44166,20.72441,51.00000,,20.00000,0.71441,1
198,5545,571.21899,36.96667,1.44168,20.72391,52.00000,,20.00000,0.71434,1
198,5546,571.32202,36.97333,1.44225,20.72394,52.00000,,20.00000,0.71428,1
198,5547,571.41101,36.98000,1.44281,20.72344,49.00000,,20.00000,0.71423,1
198,5548,571.52002,36.98667,1.44305,20.72345,49.00000,,20.00000,0.71416,1
198,5549,571.61499,36.99333,1.44322,20.72293,50.00000,,20.00000,0.71411,1
198,5550,571.71899,37.00000,1.44346,20.72298,50.00000,,20.00000,0.71405,1
198,5551,571.81702,37.00667,1.44391,20.72304,49.00000,,20.00000,0.71399,1
198,5552,571.90997,37.01333,1.44408,20.72307,49.00000,,20.00000,0.71393,1
198,5553,572.01398,37.02000,1.44432,20.72258,49.00000,,20.00000,0.71387,1
198,5554,572.11798,37.02667,1.44461,20.72261,49.00000,,20.00000,0.71381,1
198,5555,572.21100,37.03333,1.44478,20.72261,51.00000,,20.00000,0.71376,1
198,5556,572.30902,37.04000,1.44490,20.72262,50.00000,,20.00000,0.71370,1
198,5557,572.40997,37.04667,1.44524,20.72267,50.00000,,20.00000,0.71364,1
198,5558,572.51898,37.05333,1.44565,20.72271,50.00000,,20.00000,0.71357,1
198,5559,572.61902,37.06000,1.44594,20.72274,49.00000,,20.00000,0.71351,1
198,5560,572.71802,37.06667,1.44612,20.72277,49.00000,,20.00000,0.71345,1
198,5561,572.82397,37.07333,1.44653,20.72280,51.00000,,20.00000,0.71339,1
198,5562,572.91199,37.08000,1.44686,20.72280,51.00000,,20.00000,0.71334,1
198,5563,573.01599,37.08667,1.44715,20.72281,51.00000,,20.00000,0.71328,1
198,5564,573.11298,37.09333,1.44766,20.72286,51.00000,,20.00000,0.71322,1
198,5565,573.21698,37.10000,1.44835,20.72292,49.00000,,20.00000,0.71316,1
198,5566,573.31702,37.10667,1.44864,20.72295,49.00000,,20.00000,0.71310,1
198,5567,573.42700,37.11333,1.44894,20.72299,49.00000,,20.00000,0.71303,1
198,5568,573.51202,37.12000,1.44933,20.72301,50.00000,,20.00000,0.71298,1
198,5569,573.60797,37.12667,1.44961,20.72304,50.00000,,20.00000,0.71293,1
198,5570,573.71600,37.13333,1.44980,20.72307,49.00000,,20.00000,0.71286,1
198,5571,573.81403,37.14000,1.45003,20.72310,49.00000,,20.00000,0.71280,1
198,5572,573.91602,37.14667,1.45021,20.72312,50.00000,,20.00000,0.71274,1
198,5573,574.01898,37.15333,1.45039,20.72314,50.00000,,20.00000,0.71268,1
198,5574,574.12000,37.16000,1.45074,20.72316,50.00000,,20.00000,0.71262,1
198,5575,574.22198,37.16667,1.45092,20.72319,50.00000,,20.00000,0.71256,1
198,5576,574.32599,37.17333,1.45121,20.72322,50.00000,,20.00000,0.71250,1
198,5577,574.42297,37.18000,1.45150,20.72325,49.00000,,20.00000,0.71244,1
198,5578,574.52197,37.18667,1.45179,20.72329,49.00000,,20.00000,0.71238,1
198,5579,574.61902,37.19333,1.45219,20.72332,51.00000,,20.00000,0.71233,1
198,5580,574.71503,37.20000,1.45231,20.72336,51.00000,,20.00000,0.71227,1
198,5581,574.81897,37.20667,1.45260,20.72339,51.00000,,20.00000,0.71221,1
198,5582,574.91400,37.21333,1.45283,20.72342,51.00000,,20.00000,0.71215,1
198,5583,575.02301,37.22000,1.45307,20.72345,51.00000,,20.00000,0.71209,1
198,5584,575.11499,37.22667,1.45341,20.72349,49.00000,,20.00000,0.71203,1
198,5585,575.21899,37.23333,1.45371,20.72352,49.00000,,20.00000,0.71197,1
198,5586,575.31598,37.24000,1.45388,20.72356,50.00000,,20.00000,0.71191,1
198,5587,575.41602,37.24667,1.45423,20.72359,50.00000,,20.00000,0.71185,1
198,5588,575.51501,37.25333,1.45457,20.72363,49.00000,,20.00000,0.71179,1
198,5589,575.60699,37.26000,1.45486,20.72364,49.00000,,20.00000,0.71174,1
198,5590,575.71503,37.26667,1.45521,20.72365,50.00000,,20.00000,0.71167,1
198,5591,575.81097,37.27333,1.45544,20.72370,50.00000,,20.00000,0.71162,1
198,5592,575.91101,37.28000,1.45562,20.72375,50.00000,,20.00000,0.71156,1
198,5593,576.01501,37.28667,1.45614,20.72378,50.00000,,20.00000,0.71149,1
198,5594,576.11499,37.29333,1.45649,20.72381,49.00000,,20.00000,0.71144,1
198,5595,576.21100,37.30000,1.45678,20.72384,49.00000,,20.00000,0.71138,1
198,5596,576.31702,37.30667,1.45708,20.72385,49.00000,,20.00000,0.71131,1
198,5597,576.41400,37.31333,1.45725,20.72386,49.00000,,20.00000,0.71126,1
198,5598,576.51398,37.32000,1.45760,20.72391,49.00000,,20.00000,0.71120,1
198,5599,576.61499,37.32667,1.45778,20.72397,51.00000,,20.00000,0.71114,1
198,5600,576.71301,37.33333,1.45801,20.72400,51.00000,,20.00000,0.71108,1
198,5601,576.81201,37.34000,1.45836,20.72404,51.00000,,20.00000,0.71102,1
198,5602,576.90997,37.34667,1.45876,20.72407,51.00000,,20.00000,0.71096,1
198,5603,577.01099,37.35333,1.45922,20.72410,49.00000,,20.00000,0.71090,1
198,5604,577.10498,37.36000,1.45951,20.72413,50.00000,,20.00000,0.71084,1
198,5605,577.21198,37.36667,1.45975,20.72416,50.00000,,20.00000,0.71078,1
198,5606,577.31201,37.37333,1.46005,20.72419,50.00000,,20.00000,0.71072,1
198,5607,577.41803,37.38000,1.46012,20.72423,49.00000,,20.00000,0.71066,1
198,5608,577.51599,37.38667,1.46001,20.72426,49.00000,,20.00000,0.71060,1
198,5609,577.60400,37.39333,1.46012,20.72429,49.00000,,20.00000,0.71055,1
198,5610,577.70697,37.40000,1.46036,20.72432,50.00000,,20.00000,0.71048,1
198,5611,577.81097,37.40667,1.46083,20.72435,50.00000,,20.00000,0.71042,1
198,5612,577.90900,37.41333,1.46151,20.72438,50.00000,,20.00000,0.71036,1
198,5613,578.01099,37.42000,1.46170,20.72441,50.00000,,20.00000,0.71030,1
198,5614,578.11499,37.42667,1.46171,20.72445,50.00000,,20.00000,0.71024,1
198,5615,578.20898,37.43333,1.46183,20.72448,49.00000,,20.00000,0.71018,1
198,5616,578.31299,37.44000,1.46218,20.72452,49.00000,,20.00000,0.71012,1
198,5617,578.40802,37.44667,1.46258,20.72455,51.00000,,20.00000,0.71007,1
198,5618,578.50299,37.45333,1.46281,20.72459,51.00000,,20.00000,0.71001,1
198,5619,578.60602,37.46000,1.46316,20.72462,52.00000,,20.00000,0.70995,1
198,5620,578.70801,37.46667,1.46357,20.72465,52.00000,,20.00000,0.70989,1
198,5621,578.80701,37.47333,1.46387,20.72468,49.00000,,20.00000,0.70983,1
198,5622,578.90997,37.48000,1.46411,20.72471,49.00000,,20.00000,0.70977,1
198,5623,579.00897,37.48667,1.46445,20.72472,50.00000,,20.00000,0.70971,1
198,5624,579.10602,37.49333,1.46486,20.72472,50.00000,,20.00000,0.70965,1
198,5625,579.20599,37.50000,1.46532,20.72478,50.00000,,20.00000,0.70959,1
198,5626,579.31500,37.50667,1.46557,20.72431,49.00000,,20.00000,0.70952,1
198,5627,579.41101,37.51333,1.46597,20.72434,51.00000,,20.00000,0.70947,1
198,5628,579.50299,37.52000,1.46620,20.72436,49.00000,,20.00000,0.70941,1
198,5629,579.60797,37.52667,1.46655,20.72439,50.00000,,20.00000,0.70935,1
198,5630,579.71002,37.53333,1.46674,20.72440,50.00000,,20.00000,0.70929,1
198,5631,579.81500,37.54000,1.46681,20.72441,50.00000,,20.00000,0.70922,1
198,5632,579.91101,37.54667,1.46721,20.72447,50.00000,,20.00000,0.70917,1
198,5633,580.00500,37.55333,1.46756,20.72453,49.00000,,20.00000,0.70911,1
198,5634,580.10498,37.56000,1.46779,20.72456,49.00000,,20.00000,0.70905,1
198,5635,580.21100,37.56667,1.46798,20.72460,50.00000,,20.00000,0.70899,1
198,5636,580.30798,37.57333,1.46827,20.72411,50.00000,,20.00000,0.70893,1
198,5637,580.40302,37.58000,1.46884,20.72412,50.00000,,20.00000,0.70887,1
198,5638,580.50098,37.58667,1.46930,20.72413,51.00000,,20.00000,0.70881,1
198,5639,580.60602,37.59333,1.46972,20.72419,51.00000,,20.00000,0.70875,1
198,5640,580.70801,37.60000,1.46996,20.72424,49.00000,,20.00000,0.70869,1
198,5641,580.80603,37.60667,1.47019,20.72427,49.00000,,20.00000,0.70863,1
198,5642,580.90802,37.61333,1.47049,20.72430,50.00000,,20.00000,0.70857,1
198,5643,581.00403,37.62000,1.47084,20.72433,51.00000,,20.00000,0.70851,1
198,5644,581.10699,37.62667,1.47114,20.72437,51.00000,,20.00000,0.70845,1
198,5645,581.21198,37.63333,1.47144,20.72388,52.00000,,20.00000,0.70838,1
198,5646,581.30402,37.64000,1.47184,20.72391,52.00000,,20.00000,0.70833,1
198,5647,581.40002,37.64667,1.47218,20.72341,49.00000,,20.00000,0.70827,1
198,5648,581.50500,37.65333,1.47243,20.72292,49.00000,,20.00000,0.70821,1
198,5649,581.60303,37.66000,1.47272,20.72242,50.00000,,20.00000,0.70815,1
198,5650,581.70599,37.66667,1.47308,20.72192,50.00000,,20.00000,0.70809,1
198,5651,581.81000,37.67333,1.47315,20.72142,50.00000,,20.00000,0.70803,1
198,5652,581.91199,37.68000,1.47345,20.72093,50.00000,,20.00000,0.70796,1
198,5653,582.00897,37.68667,1.47374,20.72044,50.00000,,20.00000,0.70791,1
198,5654,582.10699,37.69333,1.47380,20.72048,49.00000,,20.00000,0.70785,1
198,5655,582.20898,37.70000,1.47399,20.71999,49.00000,,20.00000,0.70779,1
198,5656,582.29602,37.70667,1.47438,20.72003,51.00000,,20.00000,0.70773,1
198,5657,582.40503,37.71333,1.47469,20.71954,51.00000,,20.00000,0.70767,1
198,5658,582.50201,37.72000,1.47492,20.71957,52.00000,,20.00000,0.70761,1
198,5659,582.60199,37.72667,1.47528,20.71907,52.00000,,20.00000,0.70755,1
198,5660,582.69897,37.73333,1.47574,20.71910,49.00000,,20.00000,0.70749,1
198,5661,582.80402,37.74000,1.47604,20.71861,49.00000,,20.00000,0.70743,1
198,5662,582.91302,37.74667,1.47635,20.71812,49.00000,,20.00000,0.70736,1
198,5663,583.00403,37.75333,1.47669,20.71763,49.00000,,20.00000,0.70731,1
198,5664,583.09900,37.76000,1.47704,20.71711,50.00000,,20.00000,0.70725,1
198,5665,583.19501,37.76667,1.47727,20.71659,50.00000,,20.00000,0.70719,1
198,5666,583.30103,37.77333,1.47746,20.71612,51.00000,,20.00000,0.70713,1
198,5667,583.41302,37.78000,1.47766,20.71565,51.00000,,20.00000,0.70706,1
198,5668,583.50897,37.78667,1.47812,20.71515,49.00000,,20.00000,0.70700,1
198,5669,583.60199,37.79333,1.47892,20.71465,49.00000,,20.00000,0.70695,1
198,5670,583.70801,37.80000,1.47900,20.71469,50.00000,,20.00000,0.70688,1
198,5671,583.80798,37.80667,1.47918,20.71419,50.00000,,20.00000,0.70682,1
198,5672,583.89600,37.81333,1.47940,20.71368,50.00000,,20.00000,0.70677,1
198,5673,584.00403,37.82000,1.47960,20.71320,50.00000,,20.00000,0.70670,1
198,5674,584.09900,37.82667,1.47994,20.71325,50.00000,,20.00000,0.70665,1
198,5675,584.19800,37.83333,1.48030,20.71276,49.00000,,20.00000,0.70659,1
198,5676,584.30499,37.84000,1.48055,20.71226,49.00000,,20.00000,0.70652,1
198,5677,584.41199,37.84667,1.48074,20.71229,51.00000,,20.00000,0.70646,1
198,5678,584.50098,37.85333,1.48096,20.71179,50.00000,,20.00000,0.70640,1
198,5679,584.60101,37.86000,1.48166,20.71182,50.00000,,20.00000,0.70634,1
198,5680,584.71503,37.86667,1.48209,20.71133,49.00000,,20.00000,0.70627,1
198,5681,584.80603,37.87333,1.48237,20.71137,49.00000,,20.00000,0.70622,1
198,5682,584.90100,37.88000,1.48261,20.71140,49.00000,,20.00000,0.70616,1
198,5683,585.00201,37.88667,1.48285,20.71091,51.00000,,20.00000,0.70610,1
198,5684,585.10400,37.89333,1.48304,20.71095,51.00000,,20.00000,0.70604,1
198,5685,585.20398,37.90000,1.48322,20.71099,52.00000,,20.00000,0.70598,1
198,5686,585.29999,37.90667,1.48346,20.71102,52.00000,,20.00000,0.70592,1
198,5687,585.40302,37.91333,1.48370,20.71106,49.00000,,20.00000,0.70586,1
198,5688,585.50598,37.92000,1.48400,20.71110,50.00000,,20.00000,0.70580,1
198,5689,585.59698,37.92667,1.48446,20.71113,50.00000,,20.00000,0.70574,1
198,5690,585.69800,37.93333,1.48487,20.71117,50.00000,,20.00000,0.70568,1
198,5691,585.79498,37.94000,1.48522,20.71120,50.00000,,20.00000,0.70562,1
198,5692,585.90198,37.94667,1.48570,20.71124,50.00000,,20.00000,0.70556,1
198,5693,586.00201,37.95333,1.48594,20.71128,49.00000,,20.00000,0.70550,1
198,5694,586.09900,37.96000,1.48624,20.71132,49.00000,,20.00000,0.70544,1
198,5695,586.19598,37.96667,1.48647,20.71135,49.00000,,20.00000,0.70538,1
198,5696,586.29199,37.97333,1.48683,20.71139,49.00000,,20.00000,0.70532,1
198,5697,586.39502,37.98000,1.48707,20.71143,50.00000,,20.00000,0.70526,1
198,5698,586.49298,37.98667,1.48737,20.71145,50.00000,,20.00000,0.70520,1
198,5699,586.59302,37.99333,1.48772,20.71146,50.00000,,20.00000,0.70514,1
198,5700,586.69397,38.00000,1.48796,20.71152,50.00000,,20.00000,0.70508,1
198,5701,586.79498,38.00667,1.48804,20.71158,49.00000,,20.00000,0.70502,1
198,5702,586.89099,38.01333,1.48839,20.71161,49.00000,,20.00000,0.70496,1
198,5703,586.98102,38.02000,1.48856,20.71164,51.00000,,20.00000,0.70490,1
198,5704,587.09497,38.02667,1.48893,20.71167,51.00000,,20.00000,0.70484,1
198,5705,587.19098,38.03333,1.48923,20.71167,51.00000,,20.00000,0.70478,1
198,5706,587.29700,38.04000,1.48988,20.71168,51.00000,,20.00000,0.70471,1
198,5707,587.40198,38.04667,1.49030,20.71173,51.00000,,20.00000,0.70465,1
198,5708,587.49799,38.05333,1.49065,20.71179,51.00000,,20.00000,0.70459,1
198,5709,587.60199,38.06000,1.49084,20.71182,49.00000,,20.00000,0.70453,1
198,5710,587.69299,38.06667,1.49113,20.71186,50.00000,,20.00000,0.70447,1
198,5711,587.78802,38.07333,1.49136,20.71190,50.00000,,20.00000,0.70441,1
198,5712,587.89899,38.08000,1.49179,20.71191,50.00000,,20.00000,0.70435,1
198,5713,587.99298,38.08667,1.49208,20.71193,50.00000,,20.00000,0.70429,1
198,5714,588.08899,38.09333,1.49238,20.71198,51.00000,,20.00000,0.70423,1
198,5715,588.19501,38.10000,1.49268,20.71203,49.00000,,20.00000,0.70417,1
198,5716,588.30701,38.10667,1.49288,20.71206,49.00000,,20.00000,0.70410,1
198,5717,588.39203,38.11333,1.49294,20.71209,50.00000,,20.00000,0.70405,1
198,5718,588.49701,38.12000,1.49330,20.71212,50.00000,,20.00000,0.70398,1
198,5719,588.60199,38.12667,1.49372,20.71215,50.00000,,20.00000,0.70392,1
198,5720,588.69702,38.13333,1.49401,20.71219,50.00000,,20.00000,0.70386,1
198,5721,588.80499,38.14000,1.49415,20.71222,50.00000,,20.00000,0.70380,1
198,5722,588.89502,38.14667,1.49461,20.71226,49.00000,,20.00000,0.70374,1
198,5723,588.99799,38.15333,1.49492,20.71229,50.00000,,20.00000,0.70368,1
198,5724,589.09497,38.16000,1.49504,20.71233,49.00000,,20.00000,0.70362,1
198,5725,589.20099,38.16667,1.49535,20.71237,49.00000,,20.00000,0.70356,1
198,5726,589.29401,38.17333,1.49575,20.71241,51.00000,,20.00000,0.70350,1
198,5727,589.39502,38.18000,1.49623,20.71245,51.00000,,20.00000,0.70344,1
198,5728,589.49200,38.18667,1.49658,20.71249,52.00000,,20.00000,0.70338,1
198,5729,589.59198,38.19333,1.49705,20.71253,52.00000,,20.00000,0.70332,1
198,5730,589.68799,38.20000,1.49735,20.71256,49.00000,,20.00000,0.70326,1
198,5731,589.79303,38.20667,1.49766,20.71259,49.00000,,20.00000,0.70320,1
198,5732,589.89203,38.21333,1.49790,20.71262,50.00000,,20.00000,0.70314,1
198,5733,589.99500,38.22000,1.49815,20.71265,50.00000,,20.00000,0.70307,1
198,5734,590.09802,38.22667,1.49845,20.71268,51.00000,,20.00000,0.70301,1
198,5735,590.19702,38.23333,1.49875,20.71272,50.00000,,20.00000,0.70295,1
198,5736,590.29700,38.24000,1.49917,20.71275,51.00000,,20.00000,0.70289,1
198,5737,590.39203,38.24667,1.49946,20.71279,51.00000,,20.00000,0.70283,1
198,5738,590.49902,38.25333,1.49977,20.71283,49.00000,,20.00000,0.70277,1
198,5739,590.59198,38.26000,1.50012,20.71284,49.00000,,20.00000,0.70271,1
198,5740,590.69702,38.26667,1.50060,20.71285,50.00000,,20.00000,0.70265,1
198,5741,590.78998,38.27333,1.50095,20.71291,50.00000,,20.00000,0.70259,1
198,5742,590.89203,38.28000,1.50103,20.71298,50.00000,,20.00000,0.70253,1
198,5743,590.99597,38.28667,1.50122,20.71302,50.00000,,20.00000,0.70246,1
198,5744,591.09198,38.29333,1.50169,20.71305,50.00000,,20.00000,0.70241,1
198,5745,591.18597,38.30000,1.50210,20.71308,49.00000,,20.00000,0.70235,1
198,5746,591.29102,38.30667,1.50240,20.71309,49.00000,,20.00000,0.70228,1
198,5747,591.39600,38.31333,1.50260,20.71310,51.00000,,20.00000,0.70222,1
198,5748,591.49597,38.32000,1.50284,20.71316,50.00000,,20.00000,0.70216,1
198,5749,591.59198,38.32667,1.50308,20.71322,50.00000,,20.00000,0.70210,1
198,5750,591.69299,38.33333,1.50327,20.71325,49.00000,,20.00000,0.70204,1
198,5751,591.79102,38.34000,1.50397,20.71328,49.00000,,20.00000,0.70198,1
198,5752,591.89301,38.34667,1.50428,20.71332,49.00000,,20.00000,0.70192,1
198,5753,591.99902,38.35333,1.50447,20.71334,50.00000,,20.00000,0.70185,1
198,5754,592.09399,38.36000,1.50471,20.71335,50.00000,,20.00000,0.70180,1
198,5755,592.18799,38.36667,1.50501,20.71341,51.00000,,20.00000,0.70174,1
198,5756,592.29303,38.37333,1.50537,20.71347,51.00000,,20.00000,0.70167,1
198,5757,592.38898,38.38000,1.50584,20.71350,49.00000,,20.00000,0.70162,1
198,5758,592.48999,38.38667,1.50626,20.71354,51.00000,,20.00000,0.70155,1
198,5759,592.59601,38.39333,1.50640,20.71358,49.00000,,20.00000,0.70149,1
198,5760,592.69202,38.40000,1.50710,20.71361,49.00000,,20.00000,0.70143,1
198,5761,592.78497,38.40667,1.50751,20.71365,50.00000,,20.00000,0.70137,1
198,5762,592.89099,38.41333,1.50759,20.71368,50.00000,,20.00000,0.70131,1
198,5763,592.99200,38.42000,1.50795,20.71371,50.00000,,20.00000,0.70125,1
198,5764,593.08801,38.42667,1.50825,20.71374,50.00000,,20.00000,0.70119,1
198,5765,593.19501,38.43333,1.50833,20.71377,49.00000,,20.00000,0.70112,1
198,5766,593.30603,38.44000,1.50865,20.71381,49.00000,,20.00000,0.70105,1
198,5767,593.39398,38.44667,1.50894,20.71384,50.00000,,20.00000,0.70100,1
198,5768,593.49298,38.45333,1.50930,20.71388,50.00000,,20.00000,0.70094,1
198,5769,593.59399,38.46000,1.50949,20.71393,50.00000,,20.00000,0.70088,1
198,5770,593.69299,38.46667,1.50990,20.71397,50.00000,,20.00000,0.70082,1
198,5771,593.78998,38.47333,1.51015,20.71402,49.00000,,20.00000,0.70076,1
198,5772,593.88898,38.48000,1.51045,20.71406,49.00000,,20.00000,0.70070,1
198,5773,593.97699,38.48667,1.51062,20.71408,49.00000,,20.00000,0.70064,1
198,5774,594.08197,38.49333,1.51099,20.71409,50.00000,,20.00000,0.70058,1
198,5775,594.18597,38.50000,1.51141,20.71415,50.00000,,20.00000,0.70052,1
198,5776,594.28802,38.50667,1.51161,20.71421,51.00000,,20.00000,0.70045,1
198,5777,594.38800,38.51333,1.51191,20.71424,51.00000,,20.00000,0.70039,1
198,5778,594.49298,38.52000,1.51222,20.71427,49.00000,,20.00000,0.70033,1
198,5779,594.58197,38.52667,1.51240,20.71430,49.00000,,20.00000,0.70027,1
198,5780,594.69702,38.53333,1.51278,20.71431,50.00000,,20.00000,0.70020,1
198,5781,594.79199,38.54000,1.51302,20.71433,49.00000,,20.00000,0.70015,1
198,5782,594.88898,38.54667,1.51338,20.71438,51.00000,,20.00000,0.70009,1
198,5783,594.98297,38.55333,1.51361,20.71444,52.00000,,20.00000,0.70003,1
198,5784,595.09399,38.56000,1.51393,20.71449,52.00000,,20.00000,0.69996,1
198,5785,595.18903,38.56667,1.51446,20.71452,49.00000,,20.00000,0.69990,1
198,5786,595.28601,38.57333,1.51516,20.71456,49.00000,,20.00000,0.69984,1
198,5787,595.38397,38.58000,1.51547,20.71457,50.00000,,20.00000,0.69978,1
198,5788,595.48700,38.58667,1.51566,20.71458,50.00000,,20.00000,0.69972,1
198,5789,595.59198,38.59333,1.51580,20.71464,50.00000,,20.00000,0.69966,1
198,5790,595.69299,38.60000,1.51593,20.71470,50.00000,,20.00000,0.69959,1
198,5791,595.79102,38.60667,1.51624,20.71473,50.00000,,20.00000,0.69953,1
198,5792,595.89301,38.61333,1.51649,20.71477,49.00000,,20.00000,0.69947,1
198,5793,595.98499,38.62000,1.51701,20.71481,49.00000,,20.00000,0.69941,1
198,5794,596.08502,38.62667,1.51749,20.71484,51.00000,,20.00000,0.69935,1
198,5795,596.18701,38.63333,1.51774,20.71488,51.00000,,20.00000,0.69929,1
198,5796,596.29102,38.64000,1.51811,20.71491,52.00000,,20.00000,0.69923,1
198,5797,596.39203,38.64667,1.51830,20.71495,52.00000,,20.00000,0.69916,1
198,5798,596.49402,38.65333,1.51867,20.71499,49.00000,,20.00000,0.69910,1
198,5799,596.58899,38.66000,1.51891,20.71503,49.00000,,20.00000,0.69904,1
198,5800,596.68298,38.66667,1.51978,20.71507,49.00000,,20.00000,0.69899,1
198,5801,596.78802,38.67333,1.51986,20.71511,49.00000,,20.00000,0.69892,1
198,5802,596.88300,38.68000,1.51993,20.71515,50.00000,,20.00000,0.69886,1
198,5803,596.98102,38.68667,1.52024,20.71518,51.00000,,20.00000,0.69880,1
198,5804,597.08600,38.69333,1.52095,20.71521,52.00000,,20.00000,0.69874,1
198,5805,597.19202,38.70000,1.52098,20.71525,52.00000,,20.00000,0.69867,1
198,5806,597.29102,38.70667,1.52134,20.71528,49.00000,,20.00000,0.69861,1
198,5807,597.38702,38.71333,1.52158,20.71532,49.00000,,20.00000,0.69855,1
198,5808,597.49200,38.72000,1.52172,20.71536,50.00000,,20.00000,0.69849,1
198,5809,597.58698,38.72667,1.52197,20.71540,50.00000,,20.00000,0.69843,1
198,5810,597.68903,38.73333,1.52233,20.71544,50.00000,,20.00000,0.69837,1
198,5811,597.78400,38.74000,1.52258,20.71548,50.00000,,20.00000,0.69831,1
198,5812,597.87903,38.74667,1.52311,20.71551,49.00000,,20.00000,0.69825,1
198,5813,597.98901,38.75333,1.52383,20.71555,49.00000,,20.00000,0.69818,1
198,5814,598.08502,38.76000,1.52413,20.71556,49.00000,,20.00000,0.69812,1
198,5815,598.18799,38.76667,1.52427,20.71557,51.00000,,20.00000,0.69806,1
198,5816,598.29303,38.77333,1.52447,20.71563,51.00000,,20.00000,0.69800,1
198,5817,598.38800,38.78000,1.52482,20.71568,52.00000,,20.00000,0.69794,1
198,5818,598.48700,38.78667,1.52502,20.71572,49.00000,,20.00000,0.69788,1
198,5819,598.58801,38.79333,1.52538,20.71576,49.00000,,20.00000,0.69781,1
198,5820,598.68903,38.80000,1.52581,20.71579,49.00000,,20.00000,0.69775,1
198,5821,598.78900,38.80667,1.52606,20.71581,49.00000,,20.00000,0.69769,1
198,5822,598.88702,38.81333,1.52642,20.71582,49.00000,,20.00000,0.69763,1
198,5823,598.98602,38.82000,1.52672,20.71588,51.00000,,20.00000,0.69757,1
198,5824,599.09198,38.82667,1.52715,20.71595,51.00000,,20.00000,0.69750,1
198,5825,599.19299,38.83333,1.52752,20.71599,51.00000,,20.00000,0.69744,1
198,5826,599.28198,38.84000,1.52810,20.71550,49.00000,,20.00000,0.69739,1
198,5827,599.38898,38.84667,1.52819,20.71554,49.00000,,20.00000,0.69732,1
198,5828,599.48102,38.85333,1.52837,20.71556,49.00000,,20.00000,0.69726,1
198,5829,599.58197,38.86000,1.52862,20.71558,50.00000,,20.00000,0.69720,1
198,5830,599.68500,38.86667,1.52905,20.71564,50.00000,,20.00000,0.69714,1
198,5831,599.78497,38.87333,1.52947,20.71569,50.00000,,20.00000,0.69708,1
198,5832,599.88202,38.88000,1.52978,20.71573,50.00000,,20.00000,0.69702,1
198,5833,599.99103,38.88667,1.53021,20.71577,49.00000,,20.00000,0.69695,1
198,5834,600.08801,38.89333,1.53069,20.71580,49.00000,,20.00000,0.69689,1
198,5835,600.19000,38.90000,1.53106,20.71584,49.00000,,20.00000,0.69683,1
198,5836,600.27698,38.90667,1.53129,20.71588,49.00000,,20.00000,0.69677,1
198,5837,600.38898,38.91333,1.53173,20.71592,50.00000,,20.00000,0.69670,1
198,5838,600.48700,38.92000,1.53215,20.71596,50.00000,,20.00000,0.69664,1
198,5839,600.57800,38.92667,1.53228,20.71599,50.00000,,20.00000,0.69659,1
198,5840,600.68597,38.93333,1.53242,20.71603,50.00000,,20.00000,0.69652,1
198,5841,600.78699,38.94000,1.53262,20.71607,50.00000,,20.00000,0.69646,1
198,5842,600.88599,38.94667,1.53281,20.71558,49.00000,,20.00000,0.69640,1
198,5843,600.99200,38.95333,1.53347,20.71562,49.00000,,20.00000,0.69633,1
198,5844,601.08698,38.96000,1.53378,20.71566,51.00000,,20.00000,0.69627,1
198,5845,601.17603,38.96667,1.53419,20.71570,51.00000,,20.00000,0.69622,1
198,5846,601.28302,38.97333,1.53468,20.71574,52.00000,,20.00000,0.69615,1
198,5847,601.38300,38.98000,1.53481,20.71578,49.00000,,20.00000,0.69609,1
198,5848,601.47900,38.98667,1.53500,20.71582,49.00000,,20.00000,0.69603,1
198,5849,601.58398,38.99333,1.53538,20.71586,49.00000,,20.00000,0.69597,1
198,5850,601.68103,39.00000,1.53586,20.71589,50.00000,,20.00000,0.69591,1
198,5851,601.78601,39.00667,1.53611,20.71592,50.00000,,20.00000,0.69584,1
198,5852,601.87903,39.01333,1.53665,20.71596,51.00000,,20.00000,0.69578,1
198,5853,601.98499,39.02000,1.53691,20.71599,52.00000,,20.00000,0.69572,1
198,5854,602.08899,39.02667,1.53722,20.71603,52.00000,,20.00000,0.69565,1
198,5855,602.18903,39.03333,1.53759,20.71604,49.00000,,20.00000,0.69559,1
198,5856,602.28302,39.04000,1.53783,20.71605,49.00000,,20.00000,0.69553,1
198,5857,602.39001,39.04667,1.53821,20.71558,50.00000,,20.00000,0.69547,1
198,5858,602.48401,39.05333,1.53874,20.71564,50.00000,,20.00000,0.69541,1
198,5859,602.58600,39.06000,1.53923,20.71568,50.00000,,20.00000,0.69535,1
198,5860,602.69202,39.06667,1.53943,20.71572,50.00000,,20.00000,0.69528,1
198,5861,602.79102,39.07333,1.53951,20.71576,50.00000,,20.00000,0.69522,1
198,5862,602.88501,39.08000,1.53987,20.71578,49.00000,,20.00000,0.69516,1
198,5863,602.98199,39.08667,1.54029,20.71580,49.00000,,20.00000,0.69510,1
198,5864,603.08197,39.09333,1.54066,20.71586,51.00000,,20.00000,0.69504,1
198,5865,603.18597,39.10000,1.54086,20.71592,51.00000,,20.00000,0.69497,1
198,5866,603.28400,39.10667,1.54105,20.71596,52.00000,,20.00000,0.69491,1
198,5867,603.37903,39.11333,1.54136,20.71600,52.00000,,20.00000,0.69485,1
198,5868,603.49701,39.12000,1.54187,20.71604,52.00000,,20.00000,0.69478,1
198,5869,603.57800,39.12667,1.54233,20.71607,49.00000,,20.00000,0.69473,1
198,5870,603.68903,39.13333,1.54265,20.71611,49.00000,,20.00000,0.69466,1
198,5871,603.78802,39.14000,1.54308,20.71615,49.00000,,20.00000,0.69460,1
198,5872,603.87799,39.14667,1.54343,20.71566,51.00000,,20.00000,0.69455,1
198,5873,603.98901,39.15333,1.54382,20.71569,51.00000,,20.00000,0.69448,1
198,5874,604.08197,39.16000,1.54406,20.71573,52.00000,,20.00000,0.69442,1
198,5875,604.19397,39.16667,1.54439,20.71577,52.00000,,20.00000,0.69435,1
198,5876,604.28802,39.17333,1.54469,20.71580,52.00000,,20.00000,0.69429,1
198,5877,604.38098,39.18000,1.54499,20.71583,49.00000,,20.00000,0.69423,1
198,5878,604.48901,39.18667,1.54526,20.71587,50.00000,,20.00000,0.69417,1
198,5879,604.59302,39.19333,1.54552,20.71591,50.00000,,20.00000,0.69410,1
198,5880,604.69000,39.20000,1.54577,20.71595,50.00000,,20.00000,0.69404,1
198,5881,604.78998,39.20667,1.54648,20.71599,50.00000,,20.00000,0.69398,1
198,5882,604.89099,39.21333,1.54680,20.71603,50.00000,,20.00000,0.69392,1
198,5883,604.98700,39.22000,1.54705,20.71607,49.00000,,20.00000,0.69386,1
198,5884,605.08502,39.22667,1.54736,20.71611,49.00000,,20.00000,0.69380,1
198,5885,605.18701,39.23333,1.54756,20.71615,51.00000,,20.00000,0.69373,1
198,5886,605.28198,39.24000,1.54757,20.71566,51.00000,,20.00000,0.69367,1
198,5887,605.39301,39.24667,1.54790,20.71518,50.00000,,20.00000,0.69361,1
198,5888,605.48798,39.25333,1.54809,20.71417,50.00000,,20.00000,0.69355,1
198,5889,605.58398,39.26000,1.54845,20.71366,49.00000,,20.00000,0.69349,1
198,5890,605.68402,39.26667,1.54882,20.71262,49.00000,,20.00000,0.69342,1
198,5891,605.78101,39.27333,1.54907,20.71216,50.00000,,20.00000,0.69336,1
198,5892,605.89099,39.28000,1.54934,20.71169,49.00000,,20.00000,0.69330,1
198,5893,605.98297,39.28667,1.54959,20.71120,51.00000,,20.00000,0.69324,1
198,5894,606.08801,39.29333,1.55008,20.71071,51.00000,,20.00000,0.69317,1
198,5895,606.18597,39.30000,1.55068,20.71075,49.00000,,20.00000,0.69311,1
198,5896,606.28802,39.30667,1.55082,20.71024,51.00000,,20.00000,0.69305,1
198,5897,606.38702,39.31333,1.55096,20.71025,49.00000,,20.00000,0.69299,1
198,5898,606.48999,39.32000,1.55134,20.70979,49.00000,,20.00000,0.69292,1
198,5899,606.59198,39.32667,1.55154,20.70986,50.00000,,20.00000,0.69286,1
198,5900,606.68201,39.33333,1.55212,20.70990,50.00000,,20.00000,0.69280,1
198,5901,606.77899,39.34000,1.55232,20.70942,49.00000,,20.00000,0.69274,1
198,5902,606.88098,39.34667,1.55263,20.70946,49.00000,,20.00000,0.69268,1
198,5903,606.98401,39.35333,1.55284,20.70948,49.00000,,20.00000,0.69262,1
198,5904,607.07800,39.36000,1.55320,20.70898,49.00000,,20.00000,0.69256,1
198,5905,607.18701,39.36667,1.55370,20.70904,50.00000,,20.00000,0.69249,1
198,5906,607.28101,39.37333,1.55435,20.70910,50.00000,,20.00000,0.69243,1
198,5907,607.38098,39.38000,1.55478,20.70861,50.00000,,20.00000,0.69237,1
198,5908,607.48297,39.38667,1.55504,20.70865,50.00000,,20.00000,0.69230,1
198,5909,607.58002,39.39333,1.55535,20.70869,49.00000,,20.00000,0.69224,1
198,5910,607.68298,39.40000,1.55567,20.70872,49.00000,,20.00000,0.69218,1
198,5911,607.78400,39.40667,1.55599,20.70823,49.00000,,20.00000,0.69212,1
198,5912,607.88202,39.41333,1.55601,20.70826,51.00000,,20.00000,0.69206,1
198,5913,607.98602,39.42000,1.55633,20.70830,51.00000,,20.00000,0.69199,1
198,5914,608.08899,39.42667,1.55659,20.70781,52.00000,,20.00000,0.69193,1
198,5915,608.18903,39.43333,1.55679,20.70784,52.00000,,20.00000,0.69186,1
198,5916,608.28198,39.44000,1.55715,20.70787,49.00000,,20.00000,0.69181,1
198,5917,608.40100,39.44667,1.55813,20.70792,50.00000,,20.00000,0.69173,1
198,5918,608.48700,39.45333,1.55831,20.70743,50.00000,,20.00000,0.69168,1
198,5919,608.58899,39.46000,1.55868,20.70747,50.00000,,20.00000,0.69162,1
198,5920,608.69098,39.46667,1.55900,20.70751,50.00000,,20.00000,0.69155,1
198,5921,608.77698,39.47333,1.55918,20.70755,50.00000,,20.00000,0.69150,1
198,5922,608.89099,39.48000,1.55957,20.70707,51.00000,,20.00000,0.69143,1
198,5923,608.98602,39.48667,1.55994,20.70711,49.00000,,20.00000,0.69137,1
198,5924,609.09100,39.49333,1.56032,20.70715,49.00000,,20.00000,0.69130,1
198,5925,609.18903,39.50000,1.56075,20.70666,50.00000,,20.00000,0.69124,1
198,5926,609.28302,39.50667,1.56105,20.70670,50.00000,,20.00000,0.69118,1
198,5927,609.39001,39.51333,1.56138,20.70674,50.00000,,20.00000,0.69112,1
198,5928,609.48297,39.52000,1.56151,20.70678,49.00000,,20.00000,0.69106,1
198,5929,609.59100,39.52667,1.56190,20.70630,49.00000,,20.00000,0.69099,1
198,5930,609.68500,39.53333,1.56232,20.70631,49.00000,,20.00000,0.69093,1
198,5931,609.78497,39.54000,1.56281,20.70633,49.00000,,20.00000,0.69087,1
198,5932,609.89001,39.54667,1.56313,20.70586,50.00000,,20.00000,0.69080,1
198,5933,609.99103,39.55333,1.56345,20.70592,51.00000,,20.00000,0.69074,1
198,5934,610.08698,39.56000,1.56376,20.70596,50.00000,,20.00000,0.69068,1
198,5935,610.18701,39.56667,1.56402,20.70600,50.00000,,20.00000,0.69062,1
198,5936,610.28802,39.57333,1.56428,20.70552,49.00000,,20.00000,0.69055,1
198,5937,610.39099,39.58000,1.56465,20.70554,49.00000,,20.00000,0.69049,1
198,5938,610.48602,39.58667,1.56491,20.70556,49.00000,,20.00000,0.69043,1
198,5939,610.58801,39.59333,1.56523,20.70562,51.00000,,20.00000,0.69037,1
198,5940,610.68903,39.60000,1.56560,20.70515,52.00000,,20.00000,0.69030,1
198,5941,610.78198,39.60667,1.56585,20.70519,52.00000,,20.00000,0.69025,1
198,5942,610.89001,39.61333,1.56612,20.70523,49.00000,,20.00000,0.69018,1
198,5943,610.98798,39.62000,1.56649,20.70474,49.00000,,20.00000,0.69012,1
198,5944,611.09399,39.62667,1.56682,20.70476,50.00000,,20.00000,0.69005,1
198,5945,611.18799,39.63333,1.56718,20.70478,50.00000,,20.00000,0.68999,1
198,5946,611.28998,39.64000,1.56774,20.70485,50.00000,,20.00000,0.68993,1
198,5947,611.38397,39.64667,1.56793,20.70438,50.00000,,20.00000,0.68987,1
198,5948,611.48199,39.65333,1.56813,20.70442,50.00000,,20.00000,0.68981,1
198,5949,611.58801,39.66000,1.56833,20.70447,49.00000,,20.00000,0.68974,1
198,5950,611.68597,39.66667,1.56847,20.70451,51.00000,,20.00000,0.68968,1
198,5951,611.78601,39.67333,1.56879,20.70402,51.00000,,20.00000,0.68962,1
198,5952,611.88898,39.68000,1.56946,20.70406,51.00000,,20.00000,0.68955,1
198,5953,611.98700,39.68667,1.56983,20.70411,51.00000,,20.00000,0.68949,1
198,5954,612.09100,39.69333,1.57022,20.70363,51.00000,,20.00000,0.68943,1
198,5955,612.18103,39.70000,1.57052,20.70367,49.00000,,20.00000,0.68937,1
198,5956,612.27899,39.70667,1.57066,20.70372,49.00000,,20.00000,0.68931,1
198,5957,612.38000,39.71333,1.57080,20.70376,51.00000,,20.00000,0.68924,1
198,5958,612.47900,39.72000,1.57089,20.70327,51.00000,,20.00000,0.68918,1
198,5959,612.58197,39.72667,1.57115,20.70331,52.00000,,20.00000,0.68912,1
198,5960,612.68298,39.73333,1.57135,20.70335,52.00000,,20.00000,0.68905,1
198,5961,612.78699,39.74000,1.57232,20.70339,49.00000,,20.00000,0.68899,1
198,5962,612.87799,39.74667,1.57262,20.70290,49.00000,,20.00000,0.68893,1
198,5963,612.98401,39.75333,1.57301,20.70294,50.00000,,20.00000,0.68887,1
198,5964,613.08801,39.76000,1.57333,20.70296,50.00000,,20.00000,0.68880,1
198,5965,613.17902,39.76667,1.57370,20.70298,50.00000,,20.00000,0.68874,1
198,5966,613.28802,39.77333,1.57391,20.70305,50.00000,,20.00000,0.68867,1
198,5967,613.38300,39.78000,1.57399,20.70310,49.00000,,20.00000,0.68861,1
198,5968,613.47601,39.78667,1.57430,20.70314,49.00000,,20.00000,0.68856,1
198,5969,613.58801,39.79333,1.57463,20.70319,51.00000,,20.00000,0.68849,1
198,5970,613.68402,39.80000,1.57535,20.70323,51.00000,,20.00000,0.68843,1
198,5971,613.78900,39.80667,1.57562,20.70325,51.00000,,20.00000,0.68836,1
198,5972,613.88202,39.81333,1.57581,20.70327,51.00000,,20.00000,0.68830,1
198,5973,613.97400,39.82000,1.57606,20.70334,49.00000,,20.00000,0.68824,1
198,5974,614.08398,39.82667,1.57669,20.70341,49.00000,,20.00000,0.68817,1
198,5975,614.17902,39.83333,1.57700,20.70345,51.00000,,20.00000,0.68812,1
198,5976,614.28198,39.84000,1.57738,20.70349,51.00000,,20.00000,0.68805,1
198,5977,614.37598,39.84667,1.57769,20.70353,52.00000,,20.00000,0.68799,1
198,5978,614.47803,39.85333,1.57796,20.70355,52.00000,,20.00000,0.68793,1
198,5979,614.58301,39.86000,1.57840,20.70357,49.00000,,20.00000,0.68786,1
198,5980,614.67297,39.86667,1.57888,20.70363,49.00000,,20.00000,0.68780,1
198,5981,614.78003,39.87333,1.57909,20.70369,50.00000,,20.00000,0.68774,1
198,5982,614.88000,39.88000,1.57959,20.70373,49.00000,,20.00000,0.68767,1
198,5983,614.98297,39.88667,1.58009,20.70377,50.00000,,20.00000,0.68761,1
198,5984,615.08502,39.89333,1.58047,20.70382,49.00000,,20.00000,0.68755,1
198,5985,615.17999,39.90000,1.58084,20.70386,49.00000,,20.00000,0.68749,1
198,5986,615.28302,39.90667,1.58110,20.70390,49.00000,,20.00000,0.68742,1
198,5987,615.37299,39.91333,1.58147,20.70395,51.00000,,20.00000,0.68736,1
198,5988,615.48297,39.92000,1.58169,20.70400,51.00000,,20.00000,0.68730,1
198,5989,615.57898,39.92667,1.58188,20.70404,51.00000,,20.00000,0.68723,1
198,5990,615.67297,39.93333,1.58225,20.70408,50.00000,,20.00000,0.68718,1
198,5991,615.77399,39.94000,1.58275,20.70411,49.00000,,20.00000,0.68711,1
198,5992,615.87598,39.94667,1.58307,20.70415,49.00000,,20.00000,0.68705,1
198,5993,615.98798,39.95333,1.58330,20.70419,51.00000,,20.00000,0.68698,1
198,5994,616.07703,39.96000,1.58366,20.70423,51.00000,,20.00000,0.68692,1
198,5995,616.18402,39.96667,1.58399,20.70427,51.00000,,20.00000,0.68685,1
198,5996,616.28900,39.97333,1.58449,20.70431,51.00000,,20.00000,0.68679,1
198,5997,616.37598,39.98000,1.58497,20.70435,51.00000,,20.00000,0.68673,1
198,5998,616.48401,39.98667,1.58548,20.70440,49.00000,,20.00000,0.68666,1
198,5999,616.57898,39.99333,1.58585,20.70391,49.00000,,20.00000,0.68660,1
198,6000,616.67700,40.00000,1.58623,20.70396,50.00000,,20.00000,0.68654,1
198,6001,616.78101,40.00667,1.58655,20.70401,50.00000,,20.00000,0.68648,1
198,6002,616.88202,40.01333,1.58676,20.70405,49.00000,,20.00000,0.68641,1
198,6003,616.97601,40.02000,1.58725,20.70409,49.00000,,20.00000,0.68635,1
198,6004,617.07501,40.02667,1.58763,20.70361,50.00000,,20.00000,0.68629,1
198,6005,617.17700,40.03333,1.58789,20.70363,50.00000,,20.00000,0.68623,1
198,6006,617.27899,40.04000,1.58822,20.70365,50.00000,,20.00000,0.68616,1
198,6007,617.37799,40.04667,1.58860,20.70372,52.00000,,20.00000,0.68610,1
198,6008,617.47699,40.05333,1.58897,20.70378,52.00000,,20.00000,0.68604,1
198,6009,617.57397,40.06000,1.58917,20.70382,50.00000,,20.00000,0.68598,1
198,6010,617.67999,40.06667,1.58945,20.70334,49.00000,,20.00000,0.68591,1
198,6011,617.77002,40.07333,1.58981,20.70338,49.00000,,20.00000,0.68585,1
198,6012,617.87799,40.08000,1.59026,20.70340,51.00000,,20.00000,0.68579,1
198,6013,617.98297,40.08667,1.59053,20.70341,50.00000,,20.00000,0.68572,1
198,6014,618.07501,40.09333,1.59096,20.70348,50.00000,,20.00000,0.68566,1
198,6015,618.17499,40.10000,1.59140,20.70301,50.00000,,20.00000,0.68560,1
198,6016,618.28003,40.10667,1.59167,20.70305,50.00000,,20.00000,0.68553,1
198,6017,618.38098,40.11333,1.59211,20.70309,50.00000,,20.00000,0.68547,1
198,6018,618.47302,40.12000,1.59248,20.70313,50.00000,,20.00000,0.68541,1
198,6019,618.59100,40.12667,1.59289,20.70315,50.00000,,20.00000,0.68534,1
198,6020,618.67902,40.13333,1.59331,20.70265,50.00000,,20.00000,0.68528,1
198,6021,618.77899,40.14000,1.59369,20.70270,49.00000,,20.00000,0.68522,1
198,6022,618.88000,40.14667,1.59408,20.70277,49.00000,,20.00000,0.68515,1
198,6023,618.97900,40.15333,1.59434,20.70281,51.00000,,20.00000,0.68509,1
198,6024,619.08698,40.16000,1.59462,20.70286,51.00000,,20.00000,0.68502,1
198,6025,619.17603,40.16667,1.59492,20.70290,52.00000,,20.00000,0.68497,1
198,6026,619.28302,40.17333,1.59543,20.70242,50.00000,,20.00000,0.68490,1
198,6027,619.37299,40.18000,1.59568,20.70246,49.00000,,20.00000,0.68484,1
198,6028,619.47998,40.18667,1.59602,20.70250,49.00000,,20.00000,0.68477,1
198,6029,619.58301,40.19333,1.59646,20.70254,49.00000,,20.00000,0.68471,1
198,6030,619.67499,40.20000,1.59683,20.70258,49.00000,,20.00000,0.68465,1
198,6031,619.78198,40.20667,1.59722,20.70210,51.00000,,20.00000,0.68458,1
198,6032,619.88501,40.21333,1.59779,20.70215,51.00000,,20.00000,0.68452,1
198,6033,619.98297,40.22000,1.59834,20.70220,50.00000,,20.00000,0.68445,1
198,6034,620.07703,40.22667,1.59883,20.70225,50.00000,,20.00000,0.68440,1
198,6035,620.17102,40.23333,1.59921,20.70230,49.00000,,20.00000,0.68434,1
198,6036,620.27197,40.24000,1.59959,20.70181,49.00000,,20.00000,0.68427,1
198,6037,620.36902,40.24667,1.59968,20.70185,50.00000,,20.00000,0.68421,1
198,6038,620.47302,40.25333,1.59983,20.70189,50.00000,,20.00000,0.68414,1
198,6039,620.57898,40.26000,1.60046,20.70193,49.00000,,20.00000,0.68408,1
198,6040,620.67999,40.26667,1.60067,20.70197,49.00000,,20.00000,0.68401,1
198,6041,620.77600,40.27333,1.60092,20.70201,50.00000,,20.00000,0.68395,1
198,6042,620.88098,40.28000,1.60143,20.70152,50.00000,,20.00000,0.68389,1
198,6043,620.98798,40.28667,1.60177,20.70157,51.00000,,20.00000,0.68382,1
198,6044,621.07202,40.29333,1.60213,20.70161,50.00000,,20.00000,0.68377,1
198,6045,621.17700,40.30000,1.60252,20.70165,49.00000,,20.00000,0.68370,1
198,6046,621.27600,40.30667,1.60308,20.70167,49.00000,,20.00000,0.68364,1
198,6047,621.37903,40.31333,1.60346,20.70116,49.00000,,20.00000,0.68357,1
198,6048,621.48102,40.32000,1.60362,20.70123,49.00000,,20.00000,0.68351,1
198,6049,621.58301,40.32667,1.60394,20.70129,49.00000,,20.00000,0.68344,1
198,6050,621.67999,40.33333,1.60468,20.70133,50.00000,,20.00000,0.68338,1
198,6051,621.78101,40.34000,1.60512,20.70137,50.00000,,20.00000,0.68332,1
198,6052,621.88202,40.34667,1.60545,20.70089,50.00000,,20.00000,0.68325,1
198,6053,621.97803,40.35333,1.60571,20.70091,49.00000,,20.00000,0.68319,1
198,6054,622.08002,40.36000,1.60580,20.70093,50.00000,,20.00000,0.68313,1
198,6055,622.18103,40.36667,1.60625,20.70099,50.00000,,20.00000,0.68306,1
198,6056,622.28601,40.37333,1.60658,20.70106,50.00000,,20.00000,0.68300,1
198,6057,622.38397,40.38000,1.60690,20.70057,50.00000,,20.00000,0.68293,1
198,6058,622.47699,40.38667,1.60763,20.70061,49.00000,,20.00000,0.68287,1
198,6059,622.58398,40.39333,1.60797,20.70066,49.00000,,20.00000,0.68281,1
198,6060,622.67902,40.40000,1.60846,20.70070,50.00000,,20.00000,0.68275,1
198,6061,622.78998,40.40667,1.60886,20.70075,50.00000,,20.00000,0.68268,1
198,6062,622.88098,40.41333,1.60917,20.70080,50.00000,,20.00000,0.68262,1
198,6063,622.98199,40.42000,1.60939,20.70031,49.00000,,20.00000,0.68255,1
198,6064,623.07501,40.42667,1.60970,20.70036,49.00000,,20.00000,0.68249,1
198,6065,623.17902,40.43333,1.60992,20.70040,49.00000,,20.00000,0.68243,1
198,6066,623.28302,40.44000,1.61025,20.70045,49.00000,,20.00000,0.68236,1
198,6067,623.37701,40.44667,1.61062,20.70049,49.00000,,20.00000,0.68230,1
198,6068,623.48102,40.45333,1.61155,20.70000,50.00000,,20.00000,0.68224,1
198,6069,623.57703,40.46000,1.61169,20.70004,50.00000,,20.00000,0.68218,1
198,6070,623.68903,40.46667,1.61198,20.70008,50.00000,,20.00000,0.68210,1
198,6071,623.78101,40.47333,1.61229,20.70012,50.00000,,20.00000,0.68205,1
198,6072,623.88702,40.48000,1.61274,20.70017,50.00000,,20.00000,0.68198,1
198,6073,623.98102,40.48667,1.61318,20.69969,50.00000,,20.00000,0.68192,1
198,6074,624.08398,40.49333,1.61357,20.69973,50.00000,,20.00000,0.68185,1
198,6075,624.18500,40.50000,1.61378,20.69978,50.00000,,20.00000,0.68179,1
198,6076,624.27802,40.50667,1.61410,20.69983,50.00000,,20.00000,0.68173,1
198,6077,624.37701,40.51333,1.61454,20.69988,49.00000,,20.00000,0.68167,1
198,6078,624.47498,40.52000,1.61493,20.69992,49.00000,,20.00000,0.68160,1
198,6079,624.57800,40.52667,1.61514,20.69944,49.00000,,20.00000,0.68154,1
198,6080,624.67902,40.53333,1.61547,20.69945,50.00000,,20.00000,0.68147,1
198,6081,624.78198,40.54000,1.61574,20.69947,50.00000,,20.00000,0.68141,1
198,6082,624.88202,40.54667,1.61619,20.69953,50.00000,,20.00000,0.68135,1
198,6083,624.97900,40.55333,1.61663,20.69960,50.00000,,20.00000,0.68128,1
198,6084,625.08801,40.56000,1.61703,20.69912,49.00000,,20.00000,0.68121,1
198,6085,625.17999,40.56667,1.61735,20.69917,49.00000,,20.00000,0.68116,1
198,6086,625.28400,40.57333,1.61786,20.69921,51.00000,,20.00000,0.68109,1
198,6087,625.37598,40.58000,1.61817,20.69924,51.00000,,20.00000,0.68103,1
198,6088,625.47900,40.58667,1.61856,20.69926,51.00000,,20.00000,0.68097,1
198,6089,625.58002,40.59333,1.61889,20.69881,51.00000,,20.00000,0.68090,1
198,6090,625.67499,40.60000,1.61898,20.69888,51.00000,,20.00000,0.68084,1
198,6091,625.77197,40.60667,1.61924,20.69892,49.00000,,20.00000,0.68078,1
198,6092,625.88202,40.61333,1.62006,20.69897,49.00000,,20.00000,0.68071,1
198,6093,625.98102,40.62000,1.62056,20.69901,50.00000,,20.00000,0.68065,1
198,6094,626.07599,40.62667,1.62071,20.69903,50.00000,,20.00000,0.68058,1
198,6095,626.17297,40.63333,1.62074,20.69852,49.00000,,20.00000,0.68052,1
198,6096,626.28198,40.64000,1.62108,20.69858,52.00000,,20.00000,0.68045,1
198,6097,626.37799,40.64667,1.62146,20.69865,49.00000,,20.00000,0.68039,1
198,6098,626.48700,40.65333,1.62186,20.69869,49.00000,,20.00000,0.68032,1
198,6099,626.58197,40.66000,1.62242,20.69874,50.00000,,20.00000,0.68026,1
198,6100,626.68103,40.66667,1.62310,20.69826,50.00000,,20.00000,0.68020,1
198,6101,626.76801,40.67333,1.62341,20.69830,50.00000,,20.00000,0.68014,1
198,6102,626.88300,40.68000,1.62388,20.69835,49.00000,,20.00000,0.68007,1
198,6103,626.97803,40.68667,1.62379,20.69840,49.00000,,20.00000,0.68001,1
198,6104,627.08099,40.69333,1.62395,20.69844,49.00000,,20.00000,0.67994,1
198,6105,627.17700,40.70000,1.62427,20.69849,51.00000,,20.00000,0.67988,1
198,6106,627.27802,40.70667,1.62478,20.69853,51.00000,,20.00000,0.67982,1
198,6107,627.37402,40.71333,1.62581,20.69857,52.00000,,20.00000,0.67976,1
198,6108,627.48297,40.72000,1.62598,20.69862,52.00000,,20.00000,0.67969,1
198,6109,627.57397,40.72667,1.62606,20.69867,49.00000,,20.00000,0.67963,1
198,6110,627.68103,40.73333,1.62622,20.69871,49.00000,,20.00000,0.67956,1
198,6111,627.77502,40.74000,1.62637,20.69876,50.00000,,20.00000,0.67950,1
198,6112,627.87903,40.74667,1.62659,20.69881,50.00000,,20.00000,0.67943,1
198,6113,627.97400,40.75333,1.62697,20.69885,52.00000,,20.00000,0.67937,1
198,6114,628.08301,40.76000,1.62749,20.69890,52.00000,,20.00000,0.67930,1
198,6115,628.16101,40.76667,1.62785,20.69894,49.00000,,20.00000,0.67925,1
198,6116,628.27600,40.77333,1.62832,20.69898,49.00000,,20.00000,0.67918,1
198,6117,628.38098,40.78000,1.62860,20.69902,50.00000,,20.00000,0.67911,1
198,6118,628.47699,40.78667,1.62898,20.69906,50.00000,,20.00000,0.67905,1
198,6119,628.58600,40.79333,1.62921,20.69910,50.00000,,20.00000,0.67898,1
198,6120,628.67902,40.80000,1.62959,20.69914,50.00000,,20.00000,0.67892,1
198,6121,628.77399,40.80667,1.63009,20.69916,50.00000,,20.00000,0.67886,1
198,6122,628.88397,40.81333,1.63055,20.69918,49.00000,,20.00000,0.67879,1
198,6123,628.98199,40.82000,1.63106,20.69925,49.00000,,20.00000,0.67873,1
198,6124,629.07397,40.82667,1.63149,20.69933,51.00000,,20.00000,0.67867,1
198,6125,629.18500,40.83333,1.63184,20.69938,51.00000,,20.00000,0.67860,1
198,6126,629.28003,40.84000,1.63199,20.69942,52.00000,,20.00000,0.67854,1
198,6127,629.37500,40.84667,1.63231,20.69946,52.00000,,20.00000,0.67848,1
198,6128,629.47101,40.85333,1.63276,20.69948,49.00000,,20.00000,0.67842,1
198,6129,629.58099,40.86000,1.63340,20.69950,49.00000,,20.00000,0.67835,1
198,6130,629.68201,40.86667,1.63403,20.69957,50.00000,,20.00000,0.67828,1
198,6131,629.78302,40.87333,1.63424,20.69964,51.00000,,20.00000,0.67822,1
198,6132,629.88599,40.88000,1.63458,20.69969,51.00000,,20.00000,0.67815,1
198,6133,629.97900,40.88667,1.63490,20.69973,51.00000,,20.00000,0.67809,1
198,6134,630.07397,40.89333,1.63523,20.69978,49.00000,,20.00000,0.67803,1
198,6135,630.17603,40.90000,1.63562,20.69980,49.00000,,20.00000,0.67796,1
198,6136,630.27802,40.90667,1.63590,20.69982,50.00000,,20.00000,0.67790,1
198,6137,630.38000,40.91333,1.63605,20.69988,50.00000,,20.00000,0.67783,1
198,6138,630.48499,40.92000,1.63651,20.69995,50.00000,,20.00000,0.67777,1
198,6139,630.58099,40.92667,1.63731,20.69999,50.00000,,20.00000,0.67771,1
198,6140,630.68799,40.93333,1.63784,20.70003,49.00000,,20.00000,0.67764,1
198,6141,630.78400,40.94000,1.63816,20.70008,49.00000,,20.00000,0.67758,1
198,6142,630.88501,40.94667,1.63832,20.70013,51.00000,,20.00000,0.67751,1
198,6143,630.98401,40.95333,1.63853,20.70018,51.00000,,20.00000,0.67745,1
198,6144,631.08002,40.96000,1.63910,20.70023,51.00000,,20.00000,0.67739,1
198,6145,631.17798,40.96667,1.63966,20.70028,52.00000,,20.00000,0.67732,1
198,6146,631.27802,40.97333,1.64011,20.70032,49.00000,,20.00000,0.67726,1
198,6147,631.37701,40.98000,1.64021,20.70037,49.00000,,20.00000,0.67720,1
198,6148,631.48102,40.98667,1.64031,20.70041,50.00000,,20.00000,0.67713,1
198,6149,631.58698,40.99333,1.64101,20.70046,49.00000,,20.00000,0.67706,1
198,6150,631.67999,41.00000,1.64127,20.70051,50.00000,,20.00000,0.67700,1
198,6151,631.77600,41.00667,1.64148,20.70055,51.00000,,20.00000,0.67694,1
198,6152,631.87903,41.01333,1.64176,20.70060,49.00000,,20.00000,0.67687,1
198,6153,631.97498,41.02000,1.64227,20.70065,49.00000,,20.00000,0.67681,1
198,6154,632.08398,41.02667,1.64238,20.70070,50.00000,,20.00000,0.67674,1
198,6155,632.17700,41.03333,1.64258,20.70072,50.00000,,20.00000,0.67668,1
198,6156,632.27502,41.04000,1.64297,20.70074,50.00000,,20.00000,0.67662,1
198,6157,632.38202,41.04667,1.64349,20.70081,50.00000,,20.00000,0.67655,1
198,6158,632.47198,41.05333,1.64387,20.70088,50.00000,,20.00000,0.67649,1
198,6159,632.58099,41.06000,1.64422,20.70092,49.00000,,20.00000,0.67642,1
198,6160,632.67297,41.06667,1.64448,20.70097,49.00000,,20.00000,0.67636,1
198,6161,632.78601,41.07333,1.64519,20.70101,51.00000,,20.00000,0.67629,1
198,6162,632.87598,41.08000,1.64569,20.70103,51.00000,,20.00000,0.67623,1
198,6163,632.97601,41.08667,1.64597,20.70105,51.00000,,20.00000,0.67617,1
198,6164,633.08002,41.09333,1.64607,20.70113,51.00000,,20.00000,0.67610,1
198,6165,633.17902,41.10000,1.64634,20.70120,51.00000,,20.00000,0.67604,1
198,6166,633.28400,41.10667,1.64663,20.70124,49.00000,,20.00000,0.67597,1
198,6167,633.37598,41.11333,1.64701,20.70129,51.00000,,20.00000,0.67591,1
198,6168,633.47498,41.12000,1.64764,20.70133,52.00000,,20.00000,0.67585,1
198,6169,633.57800,41.12667,1.64798,20.70136,52.00000,,20.00000,0.67578,1
198,6170,633.68201,41.13333,1.64832,20.70138,49.00000,,20.00000,0.67571,1
198,6171,633.77600,41.14000,1.64870,20.70145,49.00000,,20.00000,0.67565,1
198,6172,633.88098,41.14667,1.64917,20.70152,49.00000,,20.00000,0.67559,1
198,6173,633.97998,41.15333,1.65004,20.70156,50.00000,,20.00000,0.67552,1
198,6174,634.08002,41.16000,1.65043,20.70108,50.00000,,20.00000,0.67546,1
198,6175,634.17297,41.16667,1.65058,20.70113,50.00000,,20.00000,0.67540,1
198,6176,634.28003,41.17333,1.65063,20.70117,50.00000,,20.00000,0.67533,1
198,6177,634.38098,41.18000,1.65090,20.70122,49.00000,,20.00000,0.67527,1
198,6178,634.47900,41.18667,1.65124,20.70126,49.00000,,20.00000,0.67520,1
198,6179,634.58197,41.19333,1.65152,20.70130,51.00000,,20.00000,0.67514,1
198,6180,634.68103,41.20000,1.65203,20.70134,51.00000,,20.00000,0.67507,1
198,6181,634.77899,41.20667,1.65242,20.70139,51.00000,,20.00000,0.67501,1
198,6182,634.88397,41.21333,1.65277,20.70143,51.00000,,20.00000,0.67494,1
198,6183,634.98901,41.22000,1.65305,20.70095,49.00000,,20.00000,0.67487,1
198,6184,635.07898,41.22667,1.65343,20.70100,49.00000,,20.00000,0.67482,1
198,6185,635.18402,41.23333,1.65378,20.70104,51.00000,,20.00000,0.67475,1
198,6186,635.28003,41.24000,1.65411,20.70109,51.00000,,20.00000,0.67469,1
198,6187,635.38599,41.24667,1.65457,20.70114,51.00000,,20.00000,0.67462,1
198,6188,635.48499,41.25333,1.65497,20.70119,51.00000,,20.00000,0.67455,1
198,6189,635.57397,41.26000,1.65534,20.70123,51.00000,,20.00000,0.67450,1
198,6190,635.68597,41.26667,1.65576,20.70128,49.00000,,20.00000,0.67442,1
198,6191,635.78400,41.27333,1.65597,20.70133,50.00000,,20.00000,0.67436,1
198,6192,635.88202,41.28000,1.65625,20.70085,50.00000,,20.00000,0.67430,1
198,6193,635.98199,41.28667,1.65641,20.70089,50.00000,,20.00000,0.67423,1
198,6194,636.07397,41.29333,1.65697,20.70094,49.00000,,20.00000,0.67417,1
198,6195,636.18903,41.30000,1.65739,20.70099,49.00000,,20.00000,0.67410,1
198,6196,636.28101,41.30667,1.65777,20.70101,49.00000,,20.00000,0.67404,1
198,6197,636.38098,41.31333,1.65829,20.70103,49.00000,,20.00000,0.67398,1
198,6198,636.47601,41.32000,1.65862,20.70110,51.00000,,20.00000,0.67392,1
198,6199,636.59003,41.32667,1.65904,20.70118,51.00000,,20.00000,0.67384,1
198,6200,636.68701,41.33333,1.65931,20.70122,49.00000,,20.00000,0.67378,1
198,6201,636.77600,41.34000,1.65945,20.70074,49.00000,,20.00000,0.67372,1
198,6202,636.88098,41.34667,1.65974,20.70079,49.00000,,20.00000,0.67365,1
198,6203,636.98401,41.35333,1.66002,20.70082,49.00000,,20.00000,0.67359,1
198,6204,637.08002,41.36000,1.66030,20.70085,50.00000,,20.00000,0.67353,1
198,6205,637.18103,41.36667,1.66052,20.70092,50.00000,,20.00000,0.67346,1
198,6206,637.28101,41.37333,1.66103,20.70099,49.00000,,20.00000,0.67340,1
198,6207,637.37402,41.38000,1.66112,20.70104,49.00000,,20.00000,0.67334,1
198,6208,637.47900,41.38667,1.66141,20.70109,50.00000,,20.00000,0.67327,1
198,6209,637.58002,41.39333,1.66217,20.70061,50.00000,,20.00000,0.67320,1
198,6210,637.67798,41.40000,1.66274,20.70063,50.00000,,20.00000,0.67314,1
198,6211,637.77600,41.40667,1.66290,20.70065,50.00000,,20.00000,0.67308,1
198,6212,637.88202,41.41333,1.66324,20.70072,49.00000,,20.00000,0.67301,1
198,6213,637.97601,41.42000,1.66351,20.70079,49.00000,,20.00000,0.67295,1
198,6214,638.08301,41.42667,1.66380,20.70083,49.00000,,20.00000,0.67288,1
198,6215,638.17798,41.43333,1.66408,20.70088,51.00000,,20.00000,0.67282,1
198,6216,638.29102,41.44000,1.66449,20.70093,52.00000,,20.00000,0.67274,1
198,6217,638.37598,41.44667,1.66487,20.70097,50.00000,,20.00000,0.67269,1
198,6218,638.47998,41.45333,1.66527,20.70050,49.00000,,20.00000,0.67262,1
198,6219,638.58301,41.46000,1.66568,20.70055,49.00000,,20.00000,0.67255,1
198,6220,638.67603,41.46667,1.66601,20.70059,51.00000,,20.00000,0.67249,1
198,6221,638.78198,41.47333,1.66636,20.70064,51.00000,,20.00000,0.67243,1
198,6222,638.87598,41.48000,1.66669,20.70069,52.00000,,20.00000,0.67237,1
198,6223,638.97998,41.48667,1.66697,20.70074,52.00000,,20.00000,0.67230,1
198,6224,639.08197,41.49333,1.66725,20.70079,52.00000,,20.00000,0.67223,1
198,6225,639.17700,41.50000,1.66771,20.70084,49.00000,,20.00000,0.67217,1
198,6226,639.27698,41.50667,1.66840,20.70089,49.00000,,20.00000,0.67211,1
198,6227,639.37799,41.51333,1.66833,20.70041,50.00000,,20.00000,0.67204,1
198,6228,639.47198,41.52000,1.66866,20.70045,50.00000,,20.00000,0.67198,1
198,6229,639.58099,41.52667,1.66907,20.70051,49.00000,,20.00000,0.67191,1
198,6230,639.68298,41.53333,1.66948,20.70053,49.00000,,20.00000,0.67184,1
198,6231,639.77301,41.54000,1.66998,20.70003,49.00000,,20.00000,0.67178,1
198,6232,639.87903,41.54667,1.67009,20.69905,49.00000,,20.00000,0.67172,1
198,6233,639.97101,41.55333,1.67030,20.69806,51.00000,,20.00000,0.67166,1
198,6234,640.07898,41.56000,1.67065,20.69706,51.00000,,20.00000,0.67159,1
198,6235,640.17999,41.56667,1.67087,20.69659,49.00000,,20.00000,0.67152,1
198,6236,640.27600,41.57333,1.67109,20.69558,49.00000,,20.00000,0.67146,1
198,6237,640.37299,41.58000,1.67136,20.69508,49.00000,,20.00000,0.67140,1
198,6238,640.46802,41.58667,1.67164,20.69458,51.00000,,20.00000,0.67133,1
198,6239,640.57703,41.59333,1.67265,20.69412,51.00000,,20.00000,0.67126,1
198,6240,640.68103,41.60000,1.67312,20.69419,50.00000,,20.00000,0.67120,1
198,6241,640.77600,41.60667,1.67315,20.69371,50.00000,,20.00000,0.67113,1
198,6242,640.87903,41.61333,1.67308,20.69323,50.00000,,20.00000,0.67107,1
198,6243,640.97803,41.62000,1.67324,20.69328,50.00000,,20.00000,0.67100,1
198,6244,641.08197,41.62667,1.67365,20.69331,50.00000,,20.00000,0.67094,1
198,6245,641.17297,41.63333,1.67397,20.69281,50.00000,,20.00000,0.67088,1
198,6246,641.27600,41.64000,1.67438,20.69288,50.00000,,20.00000,0.67081,1
198,6247,641.37500,41.64667,1.67484,20.69242,49.00000,,20.00000,0.67075,1
198,6248,641.47198,41.65333,1.67530,20.69246,49.00000,,20.00000,0.67068,1
198,6249,641.58301,41.66000,1.67571,20.69251,51.00000,,20.00000,0.67061,1
198,6250,641.67401,41.66667,1.67622,20.69202,51.00000,,20.00000,0.67055,1
198,6251,641.78003,41.67333,1.67675,20.69206,51.00000,,20.00000,0.67048,1
198,6252,641.88599,41.68000,1.67722,20.69210,50.00000,,20.00000,0.67042,1
198,6253,641.98401,41.68667,1.67768,20.69162,49.00000,,20.00000,0.67035,1
198,6254,642.08698,41.69333,1.67815,20.69167,49.00000,,20.00000,0.67028,1
198,6255,642.18103,41.70000,1.67824,20.69172,51.00000,,20.00000,0.67022,1
198,6256,642.28302,41.70667,1.67835,20.69178,51.00000,,20.00000,0.67016,1
198,6257,642.38397,41.71333,1.67857,20.69131,51.00000,,20.00000,0.67009,1
198,6258,642.47601,41.72000,1.67884,20.69136,51.00000,,20.00000,0.67003,1
198,6259,642.57599,41.72667,1.67942,20.69141,51.00000,,20.00000,0.66997,1
198,6260,642.67603,41.73333,1.67995,20.69094,49.00000,,20.00000,0.66990,1
198,6261,642.77502,41.74000,1.68035,20.69099,50.00000,,20.00000,0.66984,1
198,6262,642.88000,41.74667,1.68064,20.69104,50.00000,,20.00000,0.66977,1
198,6263,642.97498,41.75333,1.68115,20.69055,50.00000,,20.00000,0.66971,1
198,6264,643.07397,41.76000,1.68150,20.69060,49.00000,,20.00000,0.66964,1
198,6265,643.18103,41.76667,1.68185,20.69065,49.00000,,20.00000,0.66957,1
198,6266,643.27698,41.77333,1.68201,20.69016,49.00000,,20.00000,0.66951,1
198,6267,643.37097,41.78000,1.68258,20.69021,50.00000,,20.00000,0.66945,1
198,6268,643.48401,41.78667,1.68294,20.69026,51.00000,,20.00000,0.66938,1
198,6269,643.58899,41.79333,1.68324,20.69031,52.00000,,20.00000,0.66931,1
198,6270,643.68298,41.80000,1.68339,20.68983,49.00000,,20.00000,0.66925,1
198,6271,643.77301,41.80667,1.68372,20.68986,49.00000,,20.00000,0.66919,1
198,6272,643.87701,41.81333,1.68419,20.68989,50.00000,,20.00000,0.66912,1
198,6273,643.97699,41.82000,1.68459,20.68944,50.00000,,20.00000,0.66906,1
198,6274,644.07703,41.82667,1.68482,20.68951,52.00000,,20.00000,0.66899,1
198,6275,644.17297,41.83333,1.68509,20.68956,52.00000,,20.00000,0.66893,1
198,6276,644.27802,41.84000,1.68563,20.68908,49.00000,,20.00000,0.66886,1
198,6277,644.37799,41.84667,1.68603,20.68912,49.00000,,20.00000,0.66880,1
198,6278,644.47400,41.85333,1.68649,20.68914,50.00000,,20.00000,0.66873,1
198,6279,644.58197,41.86000,1.68678,20.68863,50.00000,,20.00000,0.66866,1
198,6280,644.68701,41.86667,1.68702,20.68870,50.00000,,20.00000,0.66859,1
198,6281,644.78302,41.87333,1.68729,20.68878,49.00000,,20.00000,0.66853,1
198,6282,644.88098,41.88000,1.68752,20.68883,49.00000,,20.00000,0.66847,1
198,6283,644.97699,41.88667,1.68779,20.68836,49.00000,,20.00000,0.66841,1
198,6284,645.07898,41.89333,1.68826,20.68841,51.00000,,20.00000,0.66834,1
198,6285,645.17401,41.90000,1.68914,20.68843,51.00000,,20.00000,0.66828,1
198,6286,645.27802,41.90667,1.68937,20.68793,50.00000,,20.00000,0.66821,1
198,6287,645.38000,41.91333,1.68966,20.68801,50.00000,,20.00000,0.66814,1
198,6288,645.48102,41.92000,1.68989,20.68808,49.00000,,20.00000,0.66808,1
198,6289,645.57800,41.92667,1.69023,20.68761,49.00000,,20.00000,0.66801,1
198,6290,645.67401,41.93333,1.69050,20.68766,51.00000,,20.00000,0.66795,1
198,6291,645.77698,41.94000,1.69091,20.68771,50.00000,,20.00000,0.66788,1
198,6292,645.87500,41.94667,1.69132,20.68724,50.00000,,20.00000,0.66782,1
198,6293,645.96997,41.95333,1.69189,20.68728,49.00000,,20.00000,0.66776,1
198,6294,646.07202,41.96000,1.69230,20.68733,49.00000,,20.00000,0.66769,1
198,6295,646.17798,41.96667,1.69260,20.68737,50.00000,,20.00000,0.66762,1
198,6296,646.28198,41.97333,1.69289,20.68689,50.00000,,20.00000,0.66756,1
198,6297,646.37903,41.98000,1.69329,20.68693,50.00000,,20.00000,0.66749,1
198,6298,646.48102,41.98667,1.69358,20.68697,50.00000,,20.00000,0.66743,1
198,6299,646.58698,41.99333,1.69412,20.68702,49.00000,,20.00000,0.66736,1
198,6300,646.68103,42.00000,1.69457,20.68655,49.00000,,20.00000,0.66730,1
198,6301,646.78400,42.00667,1.69499,20.68660,51.00000,,20.00000,0.66723,1
198,6302,646.87903,42.01333,1.69550,20.68665,51.00000,,20.00000,0.66717,1
198,6303,646.97601,42.02000,1.69573,20.68670,51.00000,,20.00000,0.66710,1
198,6304,647.07703,42.02667,1.69613,20.68674,51.00000,,20.00000,0.66704,1
198,6305,647.18103,42.03333,1.69637,20.68679,49.00000,,20.00000,0.66697,1
198,6306,647.28497,42.04000,1.69678,20.68684,51.00000,,20.00000,0.66690,1
198,6307,647.38397,42.04667,1.69731,20.68689,51.00000,,20.00000,0.66684,1
198,6308,647.48798,42.05333,1.69838,20.68695,52.00000,,20.00000,0.66677,1
198,6309,647.57397,42.06000,1.69889,20.68699,52.00000,,20.00000,0.66671,1
198,6310,647.67603,42.06667,1.69906,20.68705,52.00000,,20.00000,0.66665,1
198,6311,647.78101,42.07333,1.69941,20.68710,49.00000,,20.00000,0.66658,1
198,6312,647.87598,42.08000,1.69981,20.68712,49.00000,,20.00000,0.66652,1
198,6313,647.98602,42.08667,1.70024,20.68714,50.00000,,20.00000,0.66644,1
198,6314,648.07599,42.09333,1.70039,20.68722,50.00000,,20.00000,0.66639,1
198,6315,648.18201,42.10000,1.70068,20.68729,49.00000,,20.00000,0.66632,1
198,6316,648.28003,42.10667,1.70127,20.68734,49.00000,,20.00000,0.66625,1
198,6317,648.37598,42.11333,1.70179,20.68739,49.00000,,20.00000,0.66619,1
198,6318,648.48798,42.12000,1.70228,20.68744,49.00000,,20.00000,0.66612,1
198,6319,648.58301,42.12667,1.70250,20.68747,51.00000,,20.00000,0.66605,1
198,6320,648.67499,42.13333,1.70259,20.68749,51.00000,,20.00000,0.66599,1
198,6321,648.78497,42.14000,1.70320,20.68756,51.00000,,20.00000,0.66592,1
198,6322,648.87598,42.14667,1.70365,20.68763,49.00000,,20.00000,0.66586,1
198,6323,648.98401,42.15333,1.70425,20.68767,49.00000,,20.00000,0.66579,1
198,6324,649.08099,42.16000,1.70496,20.68771,49.00000,,20.00000,0.66573,1
198,6325,649.19397,42.16667,1.70539,20.68776,49.00000,,20.00000,0.66565,1
198,6326,649.28998,42.17333,1.70567,20.68781,51.00000,,20.00000,0.66559,1
198,6327,649.38300,42.18000,1.70583,20.68785,50.00000,,20.00000,0.66553,1
198,6328,649.48499,42.18667,1.70618,20.68790,50.00000,,20.00000,0.66546,1
198,6329,649.58502,42.19333,1.70659,20.68795,50.00000,,20.00000,0.66540,1
198,6330,649.69098,42.20000,1.70731,20.68800,50.00000,,20.00000,0.66533,1
198,6331,649.79199,42.20667,1.70742,20.68805,50.00000,,20.00000,0.66526,1
198,6332,649.89001,42.21333,1.70801,20.68810,50.00000,,20.00000,0.66520,1
198,6333,649.99200,42.22000,1.70854,20.68815,49.00000,,20.00000,0.66513,1
198,6334,650.08801,42.22667,1.70894,20.68821,49.00000,,20.00000,0.66507,1
198,6335,650.18298,42.23333,1.70922,20.68826,49.00000,,20.00000,0.66501,1
198,6336,650.28601,42.24000,1.70970,20.68831,51.00000,,20.00000,0.66494,1
198,6337,650.37799,42.24667,1.71028,20.68836,51.00000,,20.00000,0.66488,1
198,6338,650.48401,42.25333,1.71088,20.68841,52.00000,,20.00000,0.66481,1
198,6339,650.59198,42.26000,1.71118,20.68846,49.00000,,20.00000,0.66474,1
198,6340,650.68402,42.26667,1.71200,20.68851,49.00000,,20.00000,0.66468,1
198,6341,650.78998,42.27333,1.71236,20.68856,49.00000,,20.00000,0.66461,1
198,6342,650.89301,42.28000,1.71271,20.68861,51.00000,,20.00000,0.66454,1
198,6343,650.98199,42.28667,1.71305,20.68867,51.00000,,20.00000,0.66448,1
198,6344,651.08502,42.29333,1.71340,20.68872,52.00000,,20.00000,0.66442,1
198,6345,651.18103,42.30000,1.71375,20.68878,52.00000,,20.00000,0.66435,1
198,6346,651.28198,42.30667,1.71386,20.68881,49.00000,,20.00000,0.66429,1
198,6347,651.38202,42.31333,1.71415,20.68883,49.00000,,20.00000,0.66422,1
198,6348,651.47601,42.32000,1.71461,20.68890,50.00000,,20.00000,0.66416,1
198,6349,651.58801,42.32667,1.71540,20.68897,50.00000,,20.00000,0.66409,1
198,6350,651.69098,42.33333,1.71582,20.68902,50.00000,,20.00000,0.66402,1
198,6351,651.78601,42.34000,1.71616,20.68907,50.00000,,20.00000,0.66396,1
198,6352,651.88397,42.34667,1.71657,20.68911,49.00000,,20.00000,0.66389,1
198,6353,651.98700,42.35333,1.71705,20.68967,49.00000,,20.00000,0.66383,1
198,6354,652.09399,42.36000,1.71747,20.69022,51.00000,,20.00000,0.66376,1
198,6355,652.18103,42.36667,1.71786,20.69030,51.00000,,20.00000,0.66370,1
198,6356,652.28601,42.37333,1.71804,20.69091,52.00000,,20.00000,0.66363,1
198,6357,652.38397,42.38000,1.71839,20.69096,50.00000,,20.00000,0.66357,1
198,6358,652.48102,42.38667,1.71885,20.69154,49.00000,,20.00000,0.66350,1
198,6359,652.58099,42.39333,1.71933,20.69159,49.00000,,20.00000,0.66344,1
198,6360,652.67700,42.40000,1.71979,20.69162,51.00000,,20.00000,0.66337,1
198,6361,652.78601,42.40667,1.72022,20.69164,51.00000,,20.00000,0.66330,1
198,6362,652.88501,42.41333,1.72069,20.69172,52.00000,,20.00000,0.66324,1
198,6363,652.98297,42.42000,1.72116,20.69179,52.00000,,20.00000,0.66317,1
198,6364,653.08301,42.42667,1.72145,20.69184,52.00000,,20.00000,0.66311,1
198,6365,653.18201,42.43333,1.72174,20.69189,49.00000,,20.00000,0.66304,1
198,6366,653.28400,42.44000,1.72222,20.69194,49.00000,,20.00000,0.66297,1
198,6367,653.38300,42.44667,1.72257,20.69200,50.00000,,20.00000,0.66291,1
198,6368,653.48602,42.45333,1.72293,20.69205,50.00000,,20.00000,0.66284,1
198,6369,653.58502,42.46000,1.72346,20.69210,50.00000,,20.00000,0.66278,1
198,6370,653.67999,42.46667,1.72356,20.69215,50.00000,,20.00000,0.66271,1
198,6371,653.78497,42.47333,1.72386,20.69221,49.00000,,20.00000,0.66265,1
198,6372,653.87799,42.48000,1.72420,20.69226,49.00000,,20.00000,0.66258,1
198,6373,653.98297,42.48667,1.72481,20.69231,51.00000,,20.00000,0.66252,1
198,6374,654.07599,42.49333,1.72515,20.69236,50.00000,,20.00000,0.66245,1
198,6375,654.18402,42.50000,1.72551,20.69189,50.00000,,20.00000,0.66238,1
198,6376,654.28400,42.50667,1.72599,20.69194,49.00000,,20.00000,0.66232,1
198,6377,654.38098,42.51333,1.72634,20.69199,49.00000,,20.00000,0.66225,1
198,6378,654.47699,42.52000,1.72650,20.69204,49.00000,,20.00000,0.66219,1
198,6379,654.58502,42.52667,1.72705,20.69209,51.00000,,20.00000,0.66212,1
198,6380,654.68402,42.53333,1.72752,20.69214,51.00000,,20.00000,0.66205,1
198,6381,654.77899,42.54000,1.72787,20.69218,52.00000,,20.00000,0.66199,1
198,6382,654.88501,42.54667,1.72835,20.69224,52.00000,,20.00000,0.66192,1
198,6383,654.98602,42.55333,1.72907,20.69229,49.00000,,20.00000,0.66186,1
198,6384,655.08197,42.56000,1.72954,20.69234,49.00000,,20.00000,0.66179,1
198,6385,655.18500,42.56667,1.73008,20.69239,50.00000,,20.00000,0.66173,1
198,6386,655.28101,42.57333,1.73079,20.69244,50.00000,,20.00000,0.66166,1
198,6387,655.38300,42.58000,1.73146,20.69193,50.00000,,20.00000,0.66159,1
198,6388,655.48199,42.58667,1.73163,20.69196,50.00000,,20.00000,0.66153,1
198,6389,655.58502,42.59333,1.73168,20.69203,50.00000,,20.00000,0.66146,1
198,6390,655.69598,42.60000,1.73206,20.69211,49.00000,,20.00000,0.66139,1
198,6391,655.78802,42.60667,1.73258,20.69216,49.00000,,20.00000,0.66133,1
198,6392,655.88397,42.61333,1.73287,20.69221,49.00000,,20.00000,0.66127,1
198,6393,655.98602,42.62000,1.73328,20.69226,49.00000,,20.00000,0.66120,1
198,6394,656.08002,42.62667,1.73363,20.69229,50.00000,,20.00000,0.66114,1
198,6395,656.18903,42.63333,1.73400,20.69232,50.00000,,20.00000,0.66106,1
198,6396,656.28601,42.64000,1.73459,20.69240,49.00000,,20.00000,0.66100,1
198,6397,656.38501,42.64667,1.73501,20.69248,49.00000,,20.00000,0.66094,1
198,6398,656.48297,42.65333,1.73536,20.69253,49.00000,,20.00000,0.66087,1
198,6399,656.58002,42.66000,1.73571,20.69205,49.00000,,20.00000,0.66081,1
198,6400,656.68597,42.66667,1.73662,20.69211,51.00000,,20.00000,0.66074,1
198,6401,656.78400,42.67333,1.73740,20.69214,51.00000,,20.00000,0.66067,1
198,6402,656.88397,42.68000,1.73769,20.69217,51.00000,,20.00000,0.66061,1
198,6403,656.98602,42.68667,1.73793,20.69224,52.00000,,20.00000,0.66054,1
198,6404,657.08099,42.69333,1.73828,20.69232,49.00000,,20.00000,0.66048,1
198,6405,657.18103,42.70000,1.73857,20.69237,49.00000,,20.00000,0.66041,1
198,6406,657.27698,42.70667,1.73886,20.69242,50.00000,,20.00000,0.66035,1
198,6407,657.39099,42.71333,1.73936,20.69247,50.00000,,20.00000,0.66027,1
198,6408,657.47900,42.72000,1.74006,20.69253,49.00000,,20.00000,0.66021,1
198,6409,657.59399,42.72667,1.74051,20.69258,52.00000,,20.00000,0.66014,1
198,6410,657.67401,42.73333,1.74107,20.69263,49.00000,,20.00000,0.66009,1
198,6411,657.78003,42.74000,1.74162,20.69216,49.00000,,20.00000,0.66002,1
198,6412,657.88000,42.74667,1.74222,20.69222,50.00000,,20.00000,0.65995,1
198,6413,657.98102,42.75333,1.74276,20.69227,50.00000,,20.00000,0.65988,1
198,6414,658.07800,42.76000,1.74336,20.69231,50.00000,,20.00000,0.65982,1
198,6415,658.18597,42.76667,1.74416,20.69236,50.00000,,20.00000,0.65975,1
198,6416,658.27899,42.77333,1.74468,20.69241,49.00000,,20.00000,0.65969,1
198,6417,658.38397,42.78000,1.74474,20.69246,49.00000,,20.00000,0.65962,1
198,6418,658.48798,42.78667,1.74493,20.69252,51.00000,,20.00000,0.65955,1
198,6419,658.58698,42.79333,1.74522,20.69257,51.00000,,20.00000,0.65948,1
198,6420,658.67999,42.80000,1.74557,20.69262,51.00000,,20.00000,0.65942,1
198,6421,658.78302,42.80667,1.74611,20.69265,52.00000,,20.00000,0.65935,1
198,6422,658.88098,42.81333,1.74665,20.69268,49.00000,,20.00000,0.65929,1
198,6423,658.98401,42.82000,1.74756,20.69222,49.00000,,20.00000,0.65922,1
198,6424,659.08099,42.82667,1.74809,20.69230,50.00000,,20.00000,0.65916,1
198,6425,659.18903,42.83333,1.74847,20.69235,50.00000,,20.00000,0.65909,1
198,6426,659.28699,42.84000,1.74900,20.69240,52.00000,,20.00000,0.65902,1
198,6427,659.38599,42.84667,1.74942,20.69246,52.00000,,20.00000,0.65896,1
198,6428,659.48199,42.85333,1.74989,20.69248,49.00000,,20.00000,0.65889,1
198,6429,659.58197,42.86000,1.75031,20.69251,49.00000,,20.00000,0.65883,1
198,6430,659.68298,42.86667,1.75061,20.69259,50.00000,,20.00000,0.65876,1
198,6431,659.78601,42.87333,1.75110,20.69267,50.00000,,20.00000,0.65869,1
198,6432,659.88300,42.88000,1.75164,20.69272,50.00000,,20.00000,0.65863,1
198,6433,659.98798,42.88667,1.75231,20.69276,50.00000,,20.00000,0.65856,1
198,6434,660.08002,42.89333,1.75284,20.69281,50.00000,,20.00000,0.65850,1
198,6435,660.18500,42.90000,1.75314,20.69283,49.00000,,20.00000,0.65843,1
198,6436,660.29102,42.90667,1.75406,20.69233,49.00000,,20.00000,0.65836,1
198,6437,660.39600,42.91333,1.75467,20.69241,51.00000,,20.00000,0.65829,1
198,6438,660.48602,42.92000,1.75495,20.69248,51.00000,,20.00000,0.65823,1
198,6439,660.58502,42.92667,1.75519,20.69253,51.00000,,20.00000,0.65816,1
198,6440,660.68799,42.93333,1.75568,20.69258,51.00000,,20.00000,0.65810,1
198,6441,660.79303,42.94000,1.75617,20.69264,49.00000,,20.00000,0.65803,1
198,6442,660.89203,42.94667,1.75665,20.69269,49.00000,,20.00000,0.65796,1
198,6443,660.99200,42.95333,1.75719,20.69274,50.00000,,20.00000,0.65789,1
198,6444,661.08899,42.96000,1.75767,20.69280,52.00000,,20.00000,0.65783,1
198,6445,661.18298,42.96667,1.75802,20.69285,52.00000,,20.00000,0.65777,1
198,6446,661.29199,42.97333,1.75833,20.69291,49.00000,,20.00000,0.65770,1
198,6447,661.39099,42.98000,1.75863,20.69296,49.00000,,20.00000,0.65763,1
198,6448,661.48297,42.98667,1.75916,20.69248,49.00000,,20.00000,0.65757,1
198,6449,661.59198,42.99333,1.75959,20.69254,50.00000,,20.00000,0.65750,1
198,6450,661.68799,43.00000,1.75989,20.69259,50.00000,,20.00000,0.65743,1
198,6451,661.79102,43.00667,1.76044,20.69264,50.00000,,20.00000,0.65737,1
198,6452,661.89001,43.01333,1.76104,20.69270,50.00000,,20.00000,0.65730,1
198,6453,661.98297,43.02000,1.76145,20.69275,49.00000,,20.00000,0.65724,1
198,6454,662.08899,43.02667,1.76188,20.69281,49.00000,,20.00000,0.65717,1
198,6455,662.19000,43.03333,1.76237,20.69286,51.00000,,20.00000,0.65710,1
198,6456,662.28802,43.04000,1.76279,20.69292,51.00000,,20.00000,0.65704,1
198,6457,662.38000,43.04667,1.76332,20.69297,51.00000,,20.00000,0.65698,1
198,6458,662.48401,43.05333,1.76374,20.69302,51.00000,,20.00000,0.65691,1
198,6459,662.59698,43.06000,1.76431,20.69308,51.00000,,20.00000,0.65683,1
198,6460,662.68201,43.06667,1.76489,20.69260,49.00000,,20.00000,0.65678,1
198,6461,662.78699,43.07333,1.76532,20.69266,49.00000,,20.00000,0.65671,1
198,6462,662.89203,43.08000,1.76545,20.69269,51.00000,,20.00000,0.65664,1
198,6463,662.97900,43.08667,1.76567,20.69273,52.00000,,20.00000,0.65658,1
198,6464,663.08197,43.09333,1.76603,20.69280,52.00000,,20.00000,0.65651,1
198,6465,663.18701,43.10000,1.76689,20.69288,49.00000,,20.00000,0.65644,1
198,6466,663.28998,43.10667,1.76738,20.69293,49.00000,,20.00000,0.65637,1
198,6467,663.38501,43.11333,1.76774,20.69299,50.00000,,20.00000,0.65631,1
198,6468,663.47998,43.12000,1.76840,20.69304,50.00000,,20.00000,0.65625,1
198,6469,663.59100,43.12667,1.76890,20.69308,50.00000,,20.00000,0.65617,1
198,6470,663.68103,43.13333,1.76943,20.69312,50.00000,,20.00000,0.65611,1
198,6471,663.77698,43.14000,1.76954,20.69319,49.00000,,20.00000,0.65605,1
198,6472,663.87701,43.14667,1.77008,20.69274,49.00000,,20.00000,0.65598,1
198,6473,663.98499,43.15333,1.77046,20.69280,49.00000,,20.00000,0.65591,1
198,6474,664.07703,43.16000,1.77075,20.69285,51.00000,,20.00000,0.65585,1
198,6475,664.18201,43.16667,1.77106,20.69290,51.00000,,20.00000,0.65578,1
198,6476,664.28400,43.17333,1.77130,20.69294,51.00000,,20.00000,0.65571,1
198,6477,664.37799,43.18000,1.77190,20.69297,51.00000,,20.00000,0.65565,1
198,6478,664.47803,43.18667,1.77214,20.69304,49.00000,,20.00000,0.65558,1
198,6479,664.58502,43.19333,1.77264,20.69312,49.00000,,20.00000,0.65551,1
198,6480,664.67902,43.20000,1.77318,20.69318,51.00000,,20.00000,0.65545,1
198,6481,664.77899,43.20667,1.77409,20.69323,51.00000,,20.00000,0.65538,1
198,6482,664.88202,43.21333,1.77458,20.69329,52.00000,,20.00000,0.65532,1
198,6483,664.97198,43.22000,1.77468,20.69334,52.00000,,20.00000,0.65526,1
198,6484,665.07703,43.22667,1.77493,20.69339,49.00000,,20.00000,0.65519,1
198,6485,665.17700,43.23333,1.77530,20.69344,49.00000,,20.00000,0.65512,1
198,6486,665.28198,43.24000,1.77561,20.69296,50.00000,,20.00000,0.65505,1
198,6487,665.38702,43.24667,1.77592,20.69301,50.00000,,20.00000,0.65498,1
198,6488,665.48297,43.25333,1.77646,20.69306,49.00000,,20.00000,0.65492,1
198,6489,665.58502,43.26000,1.77738,20.69311,50.00000,,20.00000,0.65485,1
198,6490,665.68103,43.26667,1.77774,20.69317,49.00000,,20.00000,0.65479,1
198,6491,665.78302,43.27333,1.77805,20.69323,49.00000,,20.00000,0.65472,1
198,6492,665.88397,43.28000,1.77860,20.69328,51.00000,,20.00000,0.65465,1
198,6493,665.98102,43.28667,1.77902,20.69334,51.00000,,20.00000,0.65459,1
198,6494,666.08099,43.29333,1.77944,20.69340,50.00000,,20.00000,0.65452,1
198,6495,666.17798,43.30000,1.77980,20.69346,50.00000,,20.00000,0.65445,1
198,6496,666.27802,43.30667,1.78011,20.69352,49.00000,,20.00000,0.65439,1
198,6497,666.37500,43.31333,1.78083,20.69357,49.00000,,20.00000,0.65432,1
198,6498,666.47198,43.32000,1.78126,20.69362,51.00000,,20.00000,0.65426,1
198,6499,666.58002,43.32667,1.78213,20.69315,51.00000,,20.00000,0.65419,1
198,6500,666.68402,43.33333,1.78262,20.69320,51.00000,,20.00000,0.65412,1
198,6501,666.78302,43.34000,1.78299,20.69325,51.00000,,20.00000,0.65405,1
198,6502,666.87799,43.34667,1.78334,20.69330,51.00000,,20.00000,0.65399,1
198,6503,666.97699,43.35333,1.78377,20.69333,49.00000,,20.00000,0.65392,1
198,6504,667.07898,43.36000,1.78420,20.69336,49.00000,,20.00000,0.65386,1
198,6505,667.17700,43.36667,1.78481,20.69344,49.00000,,20.00000,0.65379,1
198,6506,667.28400,43.37333,1.78525,20.69351,50.00000,,20.00000,0.65372,1
198,6507,667.38202,43.38000,1.78524,20.69356,49.00000,,20.00000,0.65365,1
198,6508,667.48700,43.38667,1.78543,20.69361,49.00000,,20.00000,0.65358,1
198,6509,667.58197,43.39333,1.78591,20.69366,49.00000,,20.00000,0.65352,1
198,6510,667.68103,43.40000,1.78640,20.69369,49.00000,,20.00000,0.65345,1
198,6511,667.78699,43.40667,1.78671,20.69319,49.00000,,20.00000,0.65338,1
198,6512,667.88599,43.41333,1.78708,20.69327,51.00000,,20.00000,0.65332,1
198,6513,667.98798,43.42000,1.78745,20.69335,50.00000,,20.00000,0.65325,1
198,6514,668.09198,43.42667,1.78788,20.69341,49.00000,,20.00000,0.65318,1
198,6515,668.17999,43.43333,1.78835,20.69347,49.00000,,20.00000,0.65312,1
198,6516,668.28101,43.44000,1.78891,20.69352,49.00000,,20.00000,0.65306,1
198,6517,668.38098,43.44667,1.78927,20.69358,51.00000,,20.00000,0.65299,1
198,6518,668.48199,43.45333,1.78958,20.69364,51.00000,,20.00000,0.65292,1
198,6519,668.58099,43.46000,1.78995,20.69370,52.00000,,20.00000,0.65286,1
198,6520,668.67798,43.46667,1.79043,20.69375,52.00000,,20.00000,0.65279,1
198,6521,668.77899,43.47333,1.79080,20.69381,49.00000,,20.00000,0.65272,1
198,6522,668.88000,43.48000,1.79123,20.69386,49.00000,,20.00000,0.65266,1
198,6523,668.97699,43.48667,1.79159,20.69339,50.00000,,20.00000,0.65259,1
198,6524,669.07898,43.49333,1.79209,20.69344,50.00000,,20.00000,0.65252,1
198,6525,669.18103,43.50000,1.79240,20.69349,50.00000,,20.00000,0.65246,1
198,6526,669.28302,43.50667,1.79283,20.69354,50.00000,,20.00000,0.65239,1
198,6527,669.38599,43.51333,1.79296,20.69359,50.00000,,20.00000,0.65232,1
198,6528,669.48499,43.52000,1.79326,20.69364,49.00000,,20.00000,0.65225,1
198,6529,669.58002,43.52667,1.79344,20.69369,49.00000,,20.00000,0.65219,1
198,6530,669.68402,43.53333,1.79363,20.69374,50.00000,,20.00000,0.65212,1
198,6531,669.78699,43.54000,1.79394,20.69380,50.00000,,20.00000,0.65205,1
198,6532,669.88702,43.54667,1.79443,20.69385,50.00000,,20.00000,0.65198,1
198,6533,669.99200,43.55333,1.79475,20.69391,49.00000,,20.00000,0.65191,1
198,6534,670.08801,43.56000,1.79517,20.69397,49.00000,,20.00000,0.65185,1
198,6535,670.17999,43.56667,1.79552,20.69403,51.00000,,20.00000,0.65179,1
198,6536,670.28198,43.57333,1.79645,20.69356,51.00000,,20.00000,0.65172,1
198,6537,670.37903,43.58000,1.79694,20.69360,52.00000,,20.00000,0.65166,1
198,6538,670.47498,43.58667,1.79724,20.69363,52.00000,,20.00000,0.65159,1
198,6539,670.58197,43.59333,1.79780,20.69371,52.00000,,20.00000,0.65152,1
198,6540,670.68799,43.60000,1.79825,20.69379,49.00000,,20.00000,0.65145,1
198,6541,670.78198,43.60667,1.79836,20.69385,49.00000,,20.00000,0.65139,1
198,6542,670.88000,43.61333,1.79885,20.69390,50.00000,,20.00000,0.65132,1
198,6543,670.98102,43.62000,1.79922,20.69396,50.00000,,20.00000,0.65125,1
198,6544,671.08099,43.62667,1.80008,20.69400,50.00000,,20.00000,0.65119,1
198,6545,671.17798,43.63333,1.80063,20.69403,50.00000,,20.00000,0.65112,1
198,6546,671.27600,43.64000,1.80112,20.69411,49.00000,,20.00000,0.65106,1
198,6547,671.37500,43.64667,1.80149,20.69419,49.00000,,20.00000,0.65099,1
198,6548,671.47699,43.65333,1.80192,20.69371,50.00000,,20.00000,0.65092,1
198,6549,671.57898,43.66000,1.80242,20.69376,49.00000,,20.00000,0.65086,1
198,6550,671.67999,43.66667,1.80292,20.69381,50.00000,,20.00000,0.65079,1
198,6551,671.78601,43.67333,1.80348,20.69384,50.00000,,20.00000,0.65072,1
198,6552,671.88702,43.68000,1.80410,20.69387,49.00000,,20.00000,0.65065,1
198,6553,671.98199,43.68667,1.80465,20.69394,49.00000,,20.00000,0.65059,1
198,6554,672.07898,43.69333,1.80526,20.69402,49.00000,,20.00000,0.65052,1
198,6555,672.18298,43.70000,1.80595,20.69407,49.00000,,20.00000,0.65045,1
198,6556,672.28497,43.70667,1.80651,20.69413,50.00000,,20.00000,0.65038,1
198,6557,672.39001,43.71333,1.80701,20.69418,50.00000,,20.00000,0.65031,1
198,6558,672.48199,43.72000,1.80749,20.69423,50.00000,,20.00000,0.65025,1
198,6559,672.58698,43.72667,1.80812,20.69429,52.00000,,20.00000,0.65018,1
198,6560,672.68799,43.73333,1.80886,20.69382,49.00000,,20.00000,0.65011,1
198,6561,672.78497,43.74000,1.80978,20.69387,49.00000,,20.00000,0.65005,1
198,6562,672.88300,43.74667,1.81034,20.69393,50.00000,,20.00000,0.64998,1
198,6563,672.98999,43.75333,1.81054,20.69399,50.00000,,20.00000,0.64991,1
198,6564,673.08301,43.76000,1.81071,20.69405,50.00000,,20.00000,0.64985,1
198,6565,673.18103,43.76667,1.81108,20.69411,51.00000,,20.00000,0.64978,1
198,6566,673.28497,43.77333,1.81207,20.69417,49.00000,,20.00000,0.64971,1
198,6567,673.37799,43.78000,1.81330,20.69422,49.00000,,20.00000,0.64965,1
198,6568,673.47803,43.78667,1.81361,20.69428,49.00000,,20.00000,0.64959,1
198,6569,673.58801,43.79333,1.81382,20.69433,50.00000,,20.00000,0.64951,1
198,6570,673.67999,43.80000,1.81411,20.69439,50.00000,,20.00000,0.64945,1
198,6571,673.78198,43.80667,1.81436,20.69444,50.00000,,20.00000,0.64938,1
198,6572,673.88300,43.81333,1.81492,20.69449,50.00000,,20.00000,0.64931,1
198,6573,673.98199,43.82000,1.81604,20.69401,49.00000,,20.00000,0.64925,1
198,6574,674.08698,43.82667,1.81667,20.69407,49.00000,,20.00000,0.64918,1
198,6575,674.19501,43.83333,1.81705,20.69412,50.00000,,20.00000,0.64911,1
198,6576,674.28198,43.84000,1.81722,20.69417,49.00000,,20.00000,0.64905,1
198,6577,674.38599,43.84667,1.81772,20.69423,50.00000,,20.00000,0.64898,1
198,6578,674.48700,43.85333,1.81834,20.69426,50.00000,,20.00000,0.64891,1
198,6579,674.59497,43.86000,1.81898,20.69377,52.00000,,20.00000,0.64884,1
198,6580,674.68402,43.86667,1.81964,20.69385,50.00000,,20.00000,0.64878,1
198,6581,674.78198,43.87333,1.82032,20.69393,49.00000,,20.00000,0.64871,1
198,6582,674.88202,43.88000,1.82094,20.69347,49.00000,,20.00000,0.64865,1
198,6583,674.98499,43.88667,1.82157,20.69352,51.00000,,20.00000,0.64858,1
198,6584,675.07898,43.89333,1.82224,20.69357,52.00000,,20.00000,0.64851,1
198,6585,675.18103,43.90000,1.82287,20.69360,51.00000,,20.00000,0.64844,1
198,6586,675.29102,43.90667,1.82351,20.69362,51.00000,,20.00000,0.64837,1
198,6587,675.39001,43.91333,1.82413,20.69370,49.00000,,20.00000,0.64830,1
198,6588,675.48901,43.92000,1.82463,20.69325,49.00000,,20.00000,0.64824,1
198,6589,675.58801,43.92667,1.82525,20.69330,50.00000,,20.00000,0.64817,1
198,6590,675.68903,43.93333,1.82581,20.69336,50.00000,,20.00000,0.64810,1
198,6591,675.79700,43.94000,1.82651,20.69342,50.00000,,20.00000,0.64803,1
198,6592,675.89398,43.94667,1.82688,20.69345,50.00000,,20.00000,0.64797,1
198,6593,675.98700,43.95333,1.82706,20.69349,49.00000,,20.00000,0.64790,1
198,6594,676.08197,43.96000,1.82742,20.69356,49.00000,,20.00000,0.64784,1
198,6595,676.18799,43.96667,1.82775,20.69312,49.00000,,20.00000,0.64777,1
198,6596,676.28998,43.97333,1.82850,20.69265,49.00000,,20.00000,0.64770,1
198,6597,676.39301,43.98000,1.82900,20.69218,49.00000,,20.00000,0.64763,1
198,6598,676.48401,43.98667,1.82961,20.69118,50.00000,,20.00000,0.64757,1
198,6599,676.59399,43.99333,1.83025,20.69071,51.00000,,20.00000,0.64750,1
198,6600,676.68799,44.00000,1.83093,20.69024,50.00000,,20.00000,0.64743,1
198,6601,676.79498,44.00667,1.83156,20.68977,50.00000,,20.00000,0.64736,1
198,6602,676.88000,44.01333,1.83222,20.68929,49.00000,,20.00000,0.64730,1
198,6603,676.99200,44.02000,1.83268,20.68882,49.00000,,20.00000,0.64723,1
198,6604,677.09198,44.02667,1.83325,20.68835,50.00000,,20.00000,0.64716,1
198,6605,677.19299,44.03333,1.83387,20.68841,51.00000,,20.00000,0.64709,1
198,6606,677.28900,44.04000,1.83449,20.68794,51.00000,,20.00000,0.64703,1
198,6607,677.39099,44.04667,1.83506,20.68746,51.00000,,20.00000,0.64696,1
198,6608,677.48901,44.05333,1.83568,20.68752,49.00000,,20.00000,0.64690,1
198,6609,677.59900,44.06000,1.83638,20.68705,49.00000,,20.00000,0.64682,1
198,6610,677.68799,44.06667,1.83693,20.68658,50.00000,,20.00000,0.64676,1
198,6611,677.79303,44.07333,1.83737,20.68664,50.00000,,20.00000,0.64669,1
198,6612,677.89099,44.08000,1.83750,20.68615,50.00000,,20.00000,0.64663,1
198,6613,677.99103,44.08667,1.83806,20.68618,50.00000,,20.00000,0.64656,1
198,6614,678.09399,44.09333,1.83869,20.68573,49.00000,,20.00000,0.64649,1
198,6615,678.18597,44.10000,1.83924,20.68581,49.00000,,20.00000,0.64643,1
198,6616,678.29199,44.10667,1.84007,20.68534,49.00000,,20.00000,0.64636,1
198,6617,678.38898,44.11333,1.84119,20.68540,49.00000,,20.00000,0.64629,1
198,6618,678.49298,44.12000,1.84182,20.68546,50.00000,,20.00000,0.64622,1
198,6619,678.59100,44.12667,1.84238,20.68549,50.00000,,20.00000,0.64616,1
198,6620,678.69397,44.13333,1.84258,20.68499,50.00000,,20.00000,0.64609,1
198,6621,678.78699,44.14000,1.84288,20.68507,50.00000,,20.00000,0.64602,1
198,6622,678.89899,44.14667,1.84334,20.68515,49.00000,,20.00000,0.64595,1
198,6623,678.99500,44.15333,1.84396,20.68520,49.00000,,20.00000,0.64588,1
198,6624,679.09003,44.16000,1.84489,20.68526,51.00000,,20.00000,0.64582,1
198,6625,679.19299,44.16667,1.84546,20.68532,51.00000,,20.00000,0.64575,1
198,6626,679.29602,44.17333,1.84579,20.68535,51.00000,,20.00000,0.64568,1
198,6627,679.39502,44.18000,1.84660,20.68486,52.00000,,20.00000,0.64561,1
198,6628,679.48999,44.18667,1.84734,20.68494,49.00000,,20.00000,0.64555,1
198,6629,679.59698,44.19333,1.84842,20.68502,49.00000,,20.00000,0.64548,1
198,6630,679.68799,44.20000,1.84872,20.68455,50.00000,,20.00000,0.64542,1
198,6631,679.79401,44.20667,1.84923,20.68461,50.00000,,20.00000,0.64535,1
198,6632,679.89203,44.21333,1.84961,20.68467,50.00000,,20.00000,0.64528,1
198,6633,679.99200,44.22000,1.84999,20.68420,50.00000,,20.00000,0.64521,1
198,6634,680.08801,44.22667,1.85036,20.68425,50.00000,,20.00000,0.64515,1
198,6635,680.19501,44.23333,1.85088,20.68431,51.00000,,20.00000,0.64508,1
198,6636,680.29401,44.24000,1.85151,20.68385,49.00000,,20.00000,0.64501,1
198,6637,680.39801,44.24667,1.85220,20.68391,49.00000,,20.00000,0.64494,1
198,6638,680.48602,44.25333,1.85300,20.68396,50.00000,,20.00000,0.64488,1
198,6639,680.59100,44.26000,1.85382,20.68349,50.00000,,20.00000,0.64481,1
198,6640,680.68597,44.26667,1.85444,20.68355,50.00000,,20.00000,0.64475,1
198,6641,680.79498,44.27333,1.85509,20.68308,49.00000,,20.00000,0.64467,1
198,6642,680.88702,44.28000,1.85571,20.68314,49.00000,,20.00000,0.64461,1
198,6643,680.99402,44.28667,1.85641,20.68320,49.00000,,20.00000,0.64454,1
198,6644,681.09399,44.29333,1.85717,20.68273,49.00000,,20.00000,0.64447,1
198,6645,681.18903,44.30000,1.85785,20.68278,51.00000,,20.00000,0.64441,1
198,6646,681.29199,44.30667,1.85842,20.68284,51.00000,,20.00000,0.64434,1
198,6647,681.38898,44.31333,1.85899,20.68236,52.00000,,20.00000,0.64427,1
198,6648,681.49200,44.32000,1.85956,20.68242,52.00000,,20.00000,0.64420,1
198,6649,681.59399,44.32667,1.86020,20.68195,49.00000,,20.00000,0.64413,1
198,6650,681.69897,44.33333,1.86090,20.68200,49.00000,,20.00000,0.64406,1
198,6651,681.79797,44.34000,1.86184,20.68206,50.00000,,20.00000,0.64400,1
198,6652,681.89099,44.34667,1.86258,20.68212,51.00000,,20.00000,0.64393,1
198,6653,681.99402,44.35333,1.86328,20.68216,51.00000,,20.00000,0.64386,1
198,6654,682.09802,44.36000,1.86392,20.68167,51.00000,,20.00000,0.64379,1
198,6655,682.18799,44.36667,1.86428,20.68175,49.00000,,20.00000,0.64373,1
198,6656,682.28699,44.37333,1.86454,20.68183,50.00000,,20.00000,0.64367,1
198,6657,682.38800,44.38000,1.86511,20.68189,50.00000,,20.00000,0.64360,1
198,6658,682.49500,44.38667,1.86576,20.68194,50.00000,,20.00000,0.64353,1
198,6659,682.59601,44.39333,1.86608,20.68200,50.00000,,20.00000,0.64346,1
198,6660,682.69800,44.40000,1.86634,20.68203,50.00000,,20.00000,0.64339,1
198,6661,682.78998,44.40667,1.86727,20.68206,49.00000,,20.00000,0.64333,1
198,6662,682.89398,44.41333,1.86810,20.68214,49.00000,,20.00000,0.64326,1
198,6663,683.00098,44.42000,1.86887,20.68170,49.00000,,20.00000,0.64319,1
198,6664,683.08899,44.42667,1.86967,20.68176,49.00000,,20.00000,0.64313,1
198,6665,683.19397,44.43333,1.87037,20.68181,49.00000,,20.00000,0.64306,1
198,6666,683.29700,44.44000,1.87120,20.68187,50.00000,,20.00000,0.64299,1
198,6667,683.39001,44.44667,1.87176,20.68138,50.00000,,20.00000,0.64292,1
198,6668,683.49701,44.45333,1.87203,20.68141,50.00000,,20.00000,0.64285,1
198,6669,683.59497,44.46000,1.87297,20.68150,50.00000,,20.00000,0.64278,1
198,6670,683.68799,44.46667,1.87347,20.68158,49.00000,,20.00000,0.64272,1
198,6671,683.79303,44.47333,1.87411,20.68111,49.00000,,20.00000,0.64265,1
198,6672,683.90002,44.48000,1.87476,20.68117,51.00000,,20.00000,0.64258,1
198,6673,683.99500,44.48667,1.87564,20.68122,51.00000,,20.00000,0.64251,1
198,6674,684.08698,44.49333,1.87638,20.68127,52.00000,,20.00000,0.64245,1
198,6675,684.20001,44.50000,1.87704,20.68079,49.00000,,20.00000,0.64238,1
198,6676,684.29700,44.50667,1.87742,20.68085,49.00000,,20.00000,0.64231,1
198,6677,684.40601,44.51333,1.87776,20.68091,49.00000,,20.00000,0.64224,1
198,6678,684.50299,44.52000,1.87820,20.68044,50.00000,,20.00000,0.64217,1
198,6679,684.59900,44.52667,1.87902,20.68049,50.00000,,20.00000,0.64211,1
198,6680,684.69800,44.53333,1.88009,20.68055,50.00000,,20.00000,0.64204,1
198,6681,684.79999,44.54000,1.88073,20.68062,50.00000,,20.00000,0.64197,1
198,6682,684.89899,44.54667,1.88130,20.68015,49.00000,,20.00000,0.64190,1
198,6683,684.99597,44.55333,1.88206,20.68021,49.00000,,20.00000,0.64184,1
198,6684,685.09802,44.56000,1.88232,20.68027,51.00000,,20.00000,0.64177,1
198,6685,685.19897,44.56667,1.88321,20.67980,51.00000,,20.00000,0.64170,1
198,6686,685.29602,44.57333,1.88415,20.67985,52.00000,,20.00000,0.64164,1
198,6687,685.40002,44.58000,1.88499,20.67991,50.00000,,20.00000,0.64157,1
198,6688,685.50201,44.58667,1.88581,20.67998,49.00000,,20.00000,0.64150,1
198,6689,685.59601,44.59333,1.88644,20.67951,49.00000,,20.00000,0.64143,1
198,6690,685.69897,44.60000,1.88702,20.67957,50.00000,,20.00000,0.64136,1
198,6691,685.79498,44.60667,1.88771,20.67963,50.00000,,20.00000,0.64130,1
198,6692,685.89398,44.61333,1.88822,20.67916,51.00000,,20.00000,0.64123,1
198,6693,685.99500,44.62000,1.88874,20.67922,51.00000,,20.00000,0.64116,1
198,6694,686.09100,44.62667,1.88893,20.67925,51.00000,,20.00000,0.64110,1
198,6695,686.20203,44.63333,1.88946,20.67928,51.00000,,20.00000,0.64102,1
198,6696,686.30103,44.64000,1.89004,20.67936,49.00000,,20.00000,0.64096,1
198,6697,686.39801,44.64667,1.89073,20.67891,49.00000,,20.00000,0.64089,1
198,6698,686.50098,44.65333,1.89150,20.67897,50.00000,,20.00000,0.64082,1
198,6699,686.59601,44.66000,1.89188,20.67903,50.00000,,20.00000,0.64076,1
198,6700,686.70697,44.66667,1.89241,20.67909,49.00000,,20.00000,0.64068,1
198,6701,686.79901,44.67333,1.89329,20.67912,49.00000,,20.00000,0.64062,1
198,6702,686.89398,44.68000,1.89423,20.67916,49.00000,,20.00000,0.64055,1
198,6703,687.00403,44.68667,1.89432,20.67924,49.00000,,20.00000,0.64048,1
198,6704,687.09698,44.69333,1.89507,20.67932,50.00000,,20.00000,0.64042,1
198,6705,687.20099,44.70000,1.89566,20.67938,50.00000,,20.00000,0.64035,1
198,6706,687.29797,44.70667,1.89604,20.67944,50.00000,,20.00000,0.64028,1
198,6707,687.40503,44.71333,1.89644,20.67950,50.00000,,20.00000,0.64021,1
198,6708,687.49500,44.72000,1.89719,20.67956,50.00000,,20.00000,0.64015,1
198,6709,687.59497,44.72667,1.89789,20.67962,49.00000,,20.00000,0.64008,1
198,6710,687.70398,44.73333,1.89874,20.67968,49.00000,,20.00000,0.64001,1
198,6711,687.79901,44.74000,1.89937,20.67974,51.00000,,20.00000,0.63994,1
198,6712,687.89502,44.74667,1.89994,20.67979,51.00000,,20.00000,0.63988,1
198,6713,688.00299,44.75333,1.90060,20.67985,51.00000,,20.00000,0.63980,1
198,6714,688.09698,44.76000,1.90135,20.67990,51.00000,,20.00000,0.63974,1
198,6715,688.19897,44.76667,1.90206,20.67996,49.00000,,20.00000,0.63967,1
198,6716,688.30902,44.77333,1.90266,20.68002,49.00000,,20.00000,0.63960,1
198,6717,688.40100,44.78000,1.90297,20.68008,50.00000,,20.00000,0.63953,1
198,6718,688.50403,44.78667,1.90355,20.68014,50.00000,,20.00000,0.63946,1
198,6719,688.60400,44.79333,1.90432,20.68020,50.00000,,20.00000,0.63940,1
198,6720,688.69299,44.80000,1.90506,20.68026,50.00000,,20.00000,0.63934,1
198,6721,688.80298,44.80667,1.90566,20.68032,49.00000,,20.00000,0.63926,1
198,6722,688.90100,44.81333,1.90624,20.68038,50.00000,,20.00000,0.63919,1
198,6723,689.00098,44.82000,1.90682,20.68043,50.00000,,20.00000,0.63913,1
198,6724,689.10498,44.82667,1.90753,20.68049,50.00000,,20.00000,0.63906,1
198,6725,689.19897,44.83333,1.90816,20.68002,50.00000,,20.00000,0.63899,1
198,6726,689.30798,44.84000,1.90870,20.68008,50.00000,,20.00000,0.63892,1
198,6727,689.39502,44.84667,1.90931,20.68014,49.00000,,20.00000,0.63886,1
198,6728,689.50800,44.85333,1.90967,20.68017,49.00000,,20.00000,0.63878,1
198,6729,689.60101,44.86000,1.90986,20.68020,51.00000,,20.00000,0.63872,1
198,6730,689.70599,44.86667,1.91032,20.68028,51.00000,,20.00000,0.63865,1
198,6731,689.80603,44.87333,1.91090,20.67983,52.00000,,20.00000,0.63858,1
198,6732,689.90601,44.88000,1.91154,20.67989,52.00000,,20.00000,0.63851,1
198,6733,690.01202,44.88667,1.91226,20.67995,49.00000,,20.00000,0.63844,1
198,6734,690.10901,44.89333,1.91296,20.68001,49.00000,,20.00000,0.63838,1
198,6735,690.21002,44.90000,1.91361,20.68005,49.00000,,20.00000,0.63831,1
198,6736,690.30603,44.90667,1.91431,20.68008,50.00000,,20.00000,0.63824,1
198,6737,690.40002,44.91333,1.91507,20.67964,50.00000,,20.00000,0.63818,1
198,6738,690.50897,44.92000,1.91592,20.67973,50.00000,,20.00000,0.63810,1
198,6739,690.60699,44.92667,1.91662,20.67979,50.00000,,20.00000,0.63804,1
198,6740,690.70502,44.93333,1.91688,20.67984,51.00000,,20.00000,0.63797,1
198,6741,690.80402,44.94000,1.91709,20.67990,49.00000,,20.00000,0.63790,1
198,6742,690.90997,44.94667,1.91755,20.67993,49.00000,,20.00000,0.63783,1
198,6743,691.01099,44.95333,1.91801,20.67996,50.00000,,20.00000,0.63776,1
198,6744,691.10400,44.96000,1.91934,20.67952,50.00000,,20.00000,0.63770,1
198,6745,691.21002,44.96667,1.91968,20.67960,49.00000,,20.00000,0.63763,1
198,6746,691.31598,44.97333,1.92021,20.67967,49.00000,,20.00000,0.63756,1
198,6747,691.40698,44.98000,1.92059,20.67973,49.00000,,20.00000,0.63749,1
198,6748,691.50897,44.98667,1.92086,20.67979,49.00000,,20.00000,0.63742,1
198,6749,691.60498,44.99333,1.92162,20.67985,49.00000,,20.00000,0.63736,1
198,6750,691.70599,45.00000,1.92227,20.67938,50.00000,,20.00000,0.63729,1
198,6751,691.80798,45.00667,1.92342,20.67945,50.00000,,20.00000,0.63722,1
198,6752,691.90698,45.01333,1.92400,20.67951,50.00000,,20.00000,0.63715,1
198,6753,692.00800,45.02000,1.92440,20.67956,50.00000,,20.00000,0.63709,1
198,6754,692.10101,45.02667,1.92472,20.67962,49.00000,,20.00000,0.63702,1
198,6755,692.20898,45.03333,1.92538,20.67968,50.00000,,20.00000,0.63695,1
198,6756,692.31201,45.04000,1.92641,20.67922,51.00000,,20.00000,0.63688,1
198,6757,692.40302,45.04667,1.92685,20.67927,51.00000,,20.00000,0.63682,1
198,6758,692.51001,45.05333,1.92732,20.67934,51.00000,,20.00000,0.63674,1
198,6759,692.60999,45.06000,1.92778,20.67940,51.00000,,20.00000,0.63668,1
198,6760,692.70697,45.06667,1.92836,20.67947,49.00000,,20.00000,0.63661,1
198,6761,692.80402,45.07333,1.92894,20.67953,49.00000,,20.00000,0.63654,1
198,6762,692.90399,45.08000,1.92952,20.67906,50.00000,,20.00000,0.63648,1
198,6763,692.99902,45.08667,1.92997,20.67912,50.00000,,20.00000,0.63641,1
198,6764,693.10199,45.09333,1.93050,20.67918,50.00000,,20.00000,0.63634,1
198,6765,693.20398,45.10000,1.93115,20.67924,50.00000,,20.00000,0.63627,1
198,6766,693.31097,45.10667,1.93182,20.67930,49.00000,,20.00000,0.63620,1
198,6767,693.40503,45.11333,1.93245,20.67935,49.00000,,20.00000,0.63614,1
198,6768,693.51202,45.12000,1.93318,20.67888,51.00000,,20.00000,0.63606,1
198,6769,693.60101,45.12667,1.93368,20.67891,50.00000,,20.00000,0.63600,1
198,6770,693.71198,45.13333,1.93416,20.67895,50.00000,,20.00000,0.63593,1
198,6771,693.81000,45.14000,1.93436,20.67903,50.00000,,20.00000,0.63586,1
198,6772,693.90399,45.14667,1.93494,20.67912,50.00000,,20.00000,0.63580,1
198,6773,694.01300,45.15333,1.93554,20.67918,50.00000,,20.00000,0.63572,1
198,6774,694.10699,45.16000,1.93618,20.67871,51.00000,,20.00000,0.63566,1
198,6775,694.20599,45.16667,1.93727,20.67876,51.00000,,20.00000,0.63559,1
198,6776,694.30902,45.17333,1.93793,20.67880,51.00000,,20.00000,0.63552,1
198,6777,694.41498,45.18000,1.93853,20.67883,51.00000,,20.00000,0.63545,1
198,6778,694.51501,45.18667,1.93911,20.67892,51.00000,,20.00000,0.63538,1
198,6779,694.61102,45.19333,1.94001,20.67900,51.00000,,20.00000,0.63531,1
198,6780,694.70599,45.20000,1.94071,20.67854,49.00000,,20.00000,0.63525,1
198,6781,694.81201,45.20667,1.94118,20.67860,50.00000,,20.00000,0.63518,1
198,6782,694.90802,45.21333,1.94176,20.67867,50.00000,,20.00000,0.63511,1
198,6783,695.01202,45.22000,1.94223,20.67873,49.00000,,20.00000,0.63504,1
198,6784,695.10400,45.22667,1.94230,20.67879,49.00000,,20.00000,0.63498,1
198,6785,695.21100,45.23333,1.94284,20.67885,49.00000,,20.00000,0.63491,1
198,6786,695.30701,45.24000,1.94335,20.67891,49.00000,,20.00000,0.63484,1
198,6787,695.40802,45.24667,1.94382,20.67897,51.00000,,20.00000,0.63477,1
198,6788,695.51001,45.25333,1.94447,20.67903,51.00000,,20.00000,0.63470,1
198,6789,695.61102,45.26000,1.94513,20.67909,51.00000,,20.00000,0.63463,1
198,6790,695.70502,45.26667,1.94583,20.67915,51.00000,,20.00000,0.63457,1
198,6791,695.81201,45.27333,1.94637,20.67921,49.00000,,20.00000,0.63450,1
198,6792,695.91803,45.28000,1.94704,20.67927,49.00000,,20.00000,0.63442,1
198,6793,696.00299,45.28667,1.94759,20.67933,51.00000,,20.00000,0.63437,1
198,6794,696.10498,45.29333,1.94825,20.67939,51.00000,,20.00000,0.63430,1
198,6795,696.21198,45.30000,1.94892,20.67945,52.00000,,20.00000,0.63422,1
198,6796,696.30798,45.30667,1.94943,20.67951,52.00000,,20.00000,0.63416,1
198,6797,696.41498,45.31333,1.94972,20.67956,49.00000,,20.00000,0.63409,1
198,6798,696.51099,45.32000,1.95030,20.67962,49.00000,,20.00000,0.63402,1
198,6799,696.61499,45.32667,1.95116,20.67968,50.00000,,20.00000,0.63395,1
198,6800,696.71600,45.33333,1.95162,20.67974,50.00000,,20.00000,0.63388,1
198,6801,696.80798,45.34000,1.95213,20.67980,49.00000,,20.00000,0.63382,1
198,6802,696.91302,45.34667,1.95273,20.67986,49.00000,,20.00000,0.63375,1
198,6803,697.01300,45.35333,1.95320,20.67989,49.00000,,20.00000,0.63368,1
198,6804,697.11798,45.36000,1.95392,20.67992,49.00000,,20.00000,0.63361,1
198,6805,697.21899,45.36667,1.95439,20.68001,49.00000,,20.00000,0.63354,1
198,6806,697.31403,45.37333,1.95510,20.68009,51.00000,,20.00000,0.63347,1
198,6807,697.41803,45.38000,1.95589,20.68016,51.00000,,20.00000,0.63340,1
198,6808,697.51898,45.38667,1.95648,20.68023,49.00000,,20.00000,0.63333,1
198,6809,697.61102,45.39333,1.95699,20.68029,49.00000,,20.00000,0.63327,1
198,6810,697.71198,45.40000,1.95765,20.68034,49.00000,,20.00000,0.63320,1
198,6811,697.80902,45.40667,1.95842,20.68038,51.00000,,20.00000,0.63313,1
198,6812,697.90503,45.41333,1.95913,20.68046,51.00000,,20.00000,0.63307,1
198,6813,698.01099,45.42000,1.95974,20.68003,51.00000,,20.00000,0.63300,1
198,6814,698.11603,45.42667,1.96041,20.68009,51.00000,,20.00000,0.63292,1
198,6815,698.20300,45.43333,1.96103,20.68014,51.00000,,20.00000,0.63286,1
198,6816,698.30902,45.44000,1.96164,20.68020,49.00000,,20.00000,0.63279,1
198,6817,698.40900,45.44667,1.96223,20.68023,49.00000,,20.00000,0.63272,1
198,6818,698.51398,45.45333,1.96277,20.68027,50.00000,,20.00000,0.63265,1
198,6819,698.62201,45.46000,1.96357,20.68035,50.00000,,20.00000,0.63258,1
198,6820,698.71301,45.46667,1.96383,20.68044,49.00000,,20.00000,0.63252,1
198,6821,698.81403,45.47333,1.96436,20.68050,49.00000,,20.00000,0.63245,1
198,6822,698.90802,45.48000,1.96481,20.68003,50.00000,,20.00000,0.63238,1
198,6823,699.00500,45.48667,1.96527,20.68009,50.00000,,20.00000,0.63232,1
198,6824,699.11499,45.49333,1.96582,20.68015,50.00000,,20.00000,0.63224,1
198,6825,699.22601,45.50000,1.96663,20.68021,51.00000,,20.00000,0.63217,1
198,6826,699.31598,45.50667,1.96733,20.68026,49.00000,,20.00000,0.63210,1
198,6827,699.41699,45.51333,1.96806,20.67927,49.00000,,20.00000,0.63204,1
198,6828,699.51599,45.52000,1.96865,20.67828,49.00000,,20.00000,0.63197,1
198,6829,699.62097,45.52667,1.96925,20.67729,49.00000,,20.00000,0.63190,1
198,6830,699.71503,45.53333,1.96996,20.67630,50.00000,,20.00000,0.63183,1
198,6831,699.81500,45.54000,1.97062,20.67531,50.00000,,20.00000,0.63176,1
198,6832,699.91803,45.54667,1.97122,20.67485,51.00000,,20.00000,0.63169,1
198,6833,700.01703,45.55333,1.97175,20.67386,51.00000,,20.00000,0.63163,1
198,6834,700.11499,45.56000,1.97234,20.67339,49.00000,,20.00000,0.63156,1
198,6835,700.21899,45.56667,1.97301,20.67240,49.00000,,20.00000,0.63149,1
198,6836,700.30902,45.57333,1.97365,20.67194,50.00000,,20.00000,0.63143,1
198,6837,700.41302,45.58000,1.97400,20.67147,50.00000,,20.00000,0.63135,1
198,6838,700.51898,45.58667,1.97486,20.67101,49.00000,,20.00000,0.63128,1
198,6839,700.61798,45.59333,1.97545,20.67054,49.00000,,20.00000,0.63121,1
198,6840,700.70599,45.60000,1.97577,20.67007,49.00000,,20.00000,0.63115,1
198,6841,700.81799,45.60667,1.97594,20.66960,49.00000,,20.00000,0.63108,1
198,6842,700.92499,45.61333,1.97624,20.66914,49.00000,,20.00000,0.63100,1
198,6843,701.02002,45.62000,1.97778,20.66867,51.00000,,20.00000,0.63094,1
198,6844,701.12000,45.62667,1.97812,20.66818,50.00000,,20.00000,0.63087,1
198,6845,701.21698,45.63333,1.97852,20.66769,49.00000,,20.00000,0.63080,1
198,6846,701.32098,45.64000,1.97861,20.66725,49.00000,,20.00000,0.63073,1
198,6847,701.41901,45.64667,1.97940,20.66681,49.00000,,20.00000,0.63067,1
198,6848,701.51001,45.65333,1.98004,20.66634,49.00000,,20.00000,0.63060,1
198,6849,701.62402,45.66000,1.98067,20.66587,50.00000,,20.00000,0.63053,1
198,6850,701.72198,45.66667,1.98113,20.66593,50.00000,,20.00000,0.63046,1
198,6851,701.82501,45.67333,1.98174,20.66543,50.00000,,20.00000,0.63039,1
198,6852,701.92603,45.68000,1.98265,20.66546,49.00000,,20.00000,0.63032,1
198,6853,702.02600,45.68667,1.98344,20.66502,50.00000,,20.00000,0.63025,1
198,6854,702.13000,45.69333,1.98418,20.66511,49.00000,,20.00000,0.63018,1
198,6855,702.22699,45.70000,1.98477,20.66517,50.00000,,20.00000,0.63011,1
198,6856,702.32202,45.70667,1.98523,20.66470,50.00000,,20.00000,0.63005,1
198,6857,702.42700,45.71333,1.98590,20.66477,49.00000,,20.00000,0.62998,1
198,6858,702.52600,45.72000,1.98599,20.66481,49.00000,,20.00000,0.62991,1
198,6859,702.62500,45.72667,1.98690,20.66484,50.00000,,20.00000,0.62984,1
198,6860,702.72198,45.73333,1.98743,20.66493,50.00000,,20.00000,0.62977,1
198,6861,702.82800,45.74000,1.98804,20.66501,50.00000,,20.00000,0.62970,1
198,6862,702.92603,45.74667,1.98858,20.66508,50.00000,,20.00000,0.62963,1
198,6863,703.03302,45.75333,1.98906,20.66514,49.00000,,20.00000,0.62956,1
198,6864,703.12500,45.76000,1.98939,20.66520,49.00000,,20.00000,0.62950,1
198,6865,703.22400,45.76667,1.98999,20.66525,49.00000,,20.00000,0.62943,1
198,6866,703.32397,45.77333,1.99097,20.66531,49.00000,,20.00000,0.62936,1
198,6867,703.43298,45.78000,1.99165,20.66538,50.00000,,20.00000,0.62929,1
198,6868,703.53003,45.78667,1.99218,20.66544,50.00000,,20.00000,0.62922,1
198,6869,703.63397,45.79333,1.99298,20.66550,49.00000,,20.00000,0.62915,1
198,6870,703.73297,45.80000,1.99364,20.66556,49.00000,,20.00000,0.62908,1
198,6871,703.82703,45.80667,1.99410,20.66563,49.00000,,20.00000,0.62902,1
198,6872,703.92603,45.81333,1.99464,20.66569,50.00000,,20.00000,0.62895,1
198,6873,704.03400,45.82000,1.99513,20.66576,50.00000,,20.00000,0.62887,1
198,6874,704.12598,45.82667,1.99571,20.66583,50.00000,,20.00000,0.62881,1
198,6875,704.21899,45.83333,1.99630,20.66589,49.00000,,20.00000,0.62875,1
198,6876,704.32800,45.84000,1.99673,20.66596,49.00000,,20.00000,0.62867,1
198,6877,704.42700,45.84667,1.99713,20.66603,50.00000,,20.00000,0.62860,1
198,6878,704.51703,45.85333,1.99771,20.66606,50.00000,,20.00000,0.62854,1
198,6879,704.62402,45.86000,1.99839,20.66610,50.00000,,20.00000,0.62847,1
198,6880,704.72400,45.86667,1.99906,20.66619,50.00000,,20.00000,0.62840,1
198,6881,704.83398,45.87333,1.99956,20.66628,49.00000,,20.00000,0.62833,1
198,6882,704.91998,45.88000,2.00019,20.66634,49.00000,,20.00000,0.62827,1
198,6883,705.02301,45.88667,2.00074,20.66640,49.00000,,20.00000,0.62820,1
198,6884,705.12500,45.89333,2.00128,20.66646,50.00000,,20.00000,0.62813,1
198,6885,705.22302,45.90000,2.00181,20.66650,50.00000,,20.00000,0.62806,1
198,6886,705.33002,45.90667,2.00256,20.66653,51.00000,,20.00000,0.62798,1
198,6887,705.42401,45.91333,2.00315,20.66662,51.00000,,20.00000,0.62792,1
198,6888,705.52399,45.92000,2.00375,20.66671,49.00000,,20.00000,0.62785,1
198,6889,705.62500,45.92667,2.00436,20.66677,49.00000,,20.00000,0.62778,1
198,6890,705.73499,45.93333,2.00498,20.66684,50.00000,,20.00000,0.62771,1
198,6891,705.82397,45.94000,2.00582,20.66690,50.00000,,20.00000,0.62765,1
198,6892,705.91803,45.94667,2.00647,20.66694,50.00000,,20.00000,0.62758,1
198,6893,706.02698,45.95333,2.00677,20.66698,50.00000,,20.00000,0.62751,1
198,6894,706.12701,45.96000,2.00712,20.66707,49.00000,,20.00000,0.62744,1
198,6895,706.22101,45.96667,2.00771,20.66716,49.00000,,20.00000,0.62737,1
198,6896,706.32898,45.97333,2.00846,20.66723,50.00000,,20.00000,0.62730,1
198,6897,706.42200,45.98000,2.00899,20.66729,50.00000,,20.00000,0.62723,1
198,6898,706.52002,45.98667,2.00965,20.66734,50.00000,,20.00000,0.62717,1
198,6899,706.61902,45.99333,2.01019,20.66740,50.00000,,20.00000,0.62710,1
198,6900,706.72803,46.00000,2.01069,20.66746,49.00000,,20.00000,0.62702,1
198,6901,706.83099,46.00667,2.01123,20.66752,49.00000,,20.00000,0.62695,1
198,6902,706.93402,46.01333,2.01197,20.66758,50.00000,,20.00000,0.62688,1
198,6903,707.02502,46.02000,2.01256,20.66764,50.00000,,20.00000,0.62682,1
198,6904,707.12903,46.02667,2.01317,20.66770,52.00000,,20.00000,0.62675,1
198,6905,707.22998,46.03333,2.01384,20.66776,52.00000,,20.00000,0.62668,1
198,6906,707.33502,46.04000,2.01433,20.66782,49.00000,,20.00000,0.62661,1
198,6907,707.43103,46.04667,2.01493,20.66788,49.00000,,20.00000,0.62654,1
198,6908,707.53198,46.05333,2.01566,20.66794,50.00000,,20.00000,0.62647,1
198,6909,707.63300,46.06000,2.01621,20.66800,50.00000,,20.00000,0.62640,1
198,6910,707.73297,46.06667,2.01681,20.66807,50.00000,,20.00000,0.62633,1
198,6911,707.84003,46.07333,2.01756,20.66814,50.00000,,20.00000,0.62626,1
198,6912,707.93201,46.08000,2.01783,20.66821,50.00000,,20.00000,0.62620,1
198,6913,708.03497,46.08667,2.01813,20.66828,49.00000,,20.00000,0.62613,1
198,6914,708.12402,46.09333,2.01852,20.66834,50.00000,,20.00000,0.62606,1
198,6915,708.22400,46.10000,2.01906,20.66841,50.00000,,20.00000,0.62600,1
198,6916,708.32599,46.10667,2.01973,20.66847,50.00000,,20.00000,0.62593,1
198,6917,708.42798,46.11333,2.02060,20.66852,50.00000,,20.00000,0.62586,1
198,6918,708.52502,46.12000,2.02133,20.66858,50.00000,,20.00000,0.62579,1
198,6919,708.63800,46.12667,2.02203,20.66861,49.00000,,20.00000,0.62571,1
198,6920,708.73999,46.13333,2.02277,20.66865,49.00000,,20.00000,0.62564,1
198,6921,708.83698,46.14000,2.02331,20.66873,51.00000,,20.00000,0.62557,1
198,6922,708.93903,46.14667,2.02366,20.66883,51.00000,,20.00000,0.62550,1
198,6923,709.02899,46.15333,2.02425,20.66889,52.00000,,20.00000,0.62544,1
198,6924,709.13000,46.16000,2.02486,20.66896,52.00000,,20.00000,0.62537,1
198,6925,709.23199,46.16667,2.02554,20.66902,49.00000,,20.00000,0.62530,1
198,6926,709.33002,46.17333,2.02601,20.66853,49.00000,,20.00000,0.62523,1
198,6927,709.43402,46.18000,2.02721,20.66857,50.00000,,20.00000,0.62516,1
198,6928,709.53497,46.18667,2.02769,20.66866,50.00000,,20.00000,0.62509,1
198,6929,709.62598,46.19333,2.02841,20.66874,50.00000,,20.00000,0.62503,1
198,6930,709.73700,46.20000,2.02885,20.66880,50.00000,,20.00000,0.62495,1
198,6931,709.83801,46.20667,2.02940,20.66834,49.00000,,20.00000,0.62489,1
198,6932,709.94098,46.21333,2.03014,20.66840,49.00000,,20.00000,0.62481,1
198,6933,710.03400,46.22000,2.03073,20.66844,50.00000,,20.00000,0.62475,1
198,6934,710.13800,46.22667,2.03122,20.66848,50.00000,,20.00000,0.62468,1
198,6935,710.23499,46.23333,2.03144,20.66857,50.00000,,20.00000,0.62461,1
198,6936,710.33698,46.24000,2.03225,20.66813,50.00000,,20.00000,0.62454,1
198,6937,710.43402,46.24667,2.03292,20.66820,49.00000,,20.00000,0.62447,1
198,6938,710.53101,46.25333,2.03352,20.66825,49.00000,,20.00000,0.62441,1
198,6939,710.63300,46.26000,2.03420,20.66832,51.00000,,20.00000,0.62434,1
198,6940,710.73999,46.26667,2.03470,20.66838,51.00000,,20.00000,0.62426,1
198,6941,710.84302,46.27333,2.03525,20.66791,51.00000,,20.00000,0.62419,1
198,6942,710.93701,46.28000,2.03578,20.66797,51.00000,,20.00000,0.62413,1
198,6943,711.03998,46.28667,2.03621,20.66804,51.00000,,20.00000,0.62406,1
198,6944,711.14203,46.29333,2.03682,20.66810,49.00000,,20.00000,0.62399,1
198,6945,711.23700,46.30000,2.03749,20.66764,49.00000,,20.00000,0.62392,1
198,6946,711.33801,46.30667,2.03804,20.66771,50.00000,,20.00000,0.62385,1
198,6947,711.43903,46.31333,2.03871,20.66777,50.00000,,20.00000,0.62378,1
198,6948,711.53400,46.32000,2.03919,20.66783,52.00000,,20.00000,0.62372,1
198,6949,711.63702,46.32667,2.03981,20.66790,49.00000,,20.00000,0.62365,1
198,6950,711.73999,46.33333,2.04049,20.66743,49.00000,,20.00000,0.62357,1
198,6951,711.84601,46.34000,2.04111,20.66750,50.00000,,20.00000,0.62350,1
198,6952,711.93903,46.34667,2.04158,20.66756,50.00000,,20.00000,0.62344,1
198,6953,712.03802,46.35333,2.04213,20.66762,50.00000,,20.00000,0.62337,1
198,6954,712.14203,46.36000,2.04288,20.66769,50.00000,,20.00000,0.62330,1
198,6955,712.23798,46.36667,2.04355,20.66722,50.00000,,20.00000,0.62323,1
198,6956,712.34003,46.37333,2.04429,20.66729,49.00000,,20.00000,0.62316,1
198,6957,712.44501,46.38000,2.04485,20.66735,49.00000,,20.00000,0.62309,1
198,6958,712.53699,46.38667,2.04500,20.66741,51.00000,,20.00000,0.62302,1
198,6959,712.64001,46.39333,2.04562,20.66695,51.00000,,20.00000,0.62295,1
198,6960,712.74597,46.40000,2.04644,20.66699,51.00000,,20.00000,0.62288,1
198,6961,712.84100,46.40667,2.04697,20.66703,51.00000,,20.00000,0.62281,1
198,6962,712.94702,46.41333,2.04767,20.66711,51.00000,,20.00000,0.62274,1
198,6963,713.04498,46.42000,2.04821,20.66720,49.00000,,20.00000,0.62267,1
198,6964,713.14203,46.42667,2.04869,20.66674,49.00000,,20.00000,0.62261,1
198,6965,713.23999,46.43333,2.04949,20.66680,51.00000,,20.00000,0.62254,1
198,6966,713.34497,46.44000,2.05025,20.66634,52.00000,,20.00000,0.62247,1
198,6967,713.44098,46.44667,2.05066,20.66584,49.00000,,20.00000,0.62240,1
198,6968,713.54999,46.45333,2.05142,20.66483,49.00000,,20.00000,0.62233,1
198,6969,713.65002,46.46000,2.05223,20.66386,49.00000,,20.00000,0.62226,1
198,6970,713.74500,46.46667,2.05290,20.66343,50.00000,,20.00000,0.62219,1
198,6971,713.84900,46.47333,2.05346,20.66297,50.00000,,20.00000,0.62212,1
198,6972,713.94702,46.48000,2.05401,20.66198,50.00000,,20.00000,0.62205,1
198,6973,714.04303,46.48667,2.05461,20.66152,50.00000,,20.00000,0.62198,1
198,6974,714.15100,46.49333,2.05518,20.66159,49.00000,,20.00000,0.62191,1
198,6975,714.24402,46.50000,2.05559,20.66113,49.00000,,20.00000,0.62185,1
198,6976,714.34198,46.50667,2.05614,20.66066,51.00000,,20.00000,0.62178,1
198,6977,714.44598,46.51333,2.05676,20.66021,51.00000,,20.00000,0.62171,1
198,6978,714.54999,46.52000,2.05732,20.66027,51.00000,,20.00000,0.62163,1
198,6979,714.64099,46.52667,2.05779,20.65981,51.00000,,20.00000,0.62157,1
198,6980,714.74298,46.53333,2.05854,20.65987,51.00000,,20.00000,0.62150,1
198,6981,714.84399,46.54000,2.05903,20.65941,49.00000,,20.00000,0.62143,1
198,6982,714.94397,46.54667,2.05952,20.65948,49.00000,,20.00000,0.62136,1
198,6983,715.04901,46.55333,2.05989,20.65902,51.00000,,20.00000,0.62129,1
198,6984,715.14899,46.56000,2.06018,20.65908,51.00000,,20.00000,0.62122,1
198,6985,715.24500,46.56667,2.06053,20.65914,51.00000,,20.00000,0.62115,1
198,6986,715.34198,46.57333,2.06153,20.65868,51.00000,,20.00000,0.62109,1
198,6987,715.44098,46.58000,2.06247,20.65875,49.00000,,20.00000,0.62102,1
198,6988,715.54901,46.58667,2.06291,20.65829,49.00000,,20.00000,0.62094,1
198,6989,715.65002,46.59333,2.06333,20.65835,50.00000,,20.00000,0.62087,1
198,6990,715.74298,46.60000,2.06381,20.65789,50.00000,,20.00000,0.62081,1
198,6991,715.84497,46.60667,2.06423,20.65795,50.00000,,20.00000,0.62074,1
198,6992,715.94800,46.61333,2.06512,20.65801,49.00000,,20.00000,0.62067,1
198,6993,716.04401,46.62000,2.06566,20.65755,49.00000,,20.00000,0.62060,1
198,6994,716.15302,46.62667,2.06617,20.65758,49.00000,,20.00000,0.62053,1
198,6995,716.25098,46.63333,2.06692,20.65710,50.00000,,20.00000,0.62046,1
198,6996,716.35303,46.64000,2.06741,20.65719,51.00000,,20.00000,0.62039,1
198,6997,716.44897,46.64667,2.06802,20.65675,49.00000,,20.00000,0.62032,1
198,6998,716.54901,46.65333,2.06877,20.65681,49.00000,,20.00000,0.62025,1
198,6999,716.64697,46.66000,2.06945,20.65635,50.00000,,20.00000,0.62018,1
198,7000,716.74597,46.66667,2.06987,20.65642,50.00000,,20.00000,0.62012,1
198,7001,716.85303,46.67333,2.07038,20.65646,50.00000,,20.00000,0.62004,1
198,7002,716.95099,46.68000,2.07099,20.65597,50.00000,,20.00000,0.61997,1
198,7003,717.05200,46.68667,2.07162,20.65606,49.00000,,20.00000,0.61990,1
198,7004,717.15198,46.69333,2.07224,20.65562,49.00000,,20.00000,0.61984,1
198,7005,717.25299,46.70000,2.07279,20.65568,50.00000,,20.00000,0.61977,1
198,7006,717.34497,46.70667,2.07346,20.65522,50.00000,,20.00000,0.61970,1
198,7007,717.44897,46.71333,2.07409,20.65528,50.00000,,20.00000,0.61963,1
198,7008,717.55701,46.72000,2.07479,20.65532,50.00000,,20.00000,0.61956,1
198,7009,717.66199,46.72667,2.07536,20.65484,50.00000,,20.00000,0.61948,1
198,7010,717.75403,46.73333,2.07564,20.65493,49.00000,,20.00000,0.61942,1
198,7011,717.84900,46.74000,2.07605,20.65450,49.00000,,20.00000,0.61935,1
198,7012,717.95203,46.74667,2.07662,20.65457,51.00000,,20.00000,0.61928,1
198,7013,718.04102,46.75333,2.07715,20.65411,51.00000,,20.00000,0.61922,1
198,7014,718.14899,46.76000,2.07766,20.65417,52.00000,,20.00000,0.61915,1
198,7015,718.25098,46.76667,2.07829,20.65424,49.00000,,20.00000,0.61907,1
198,7016,718.35101,46.77333,2.07904,20.65430,49.00000,,20.00000,0.61901,1
198,7017,718.45697,46.78000,2.07980,20.65384,50.00000,,20.00000,0.61893,1
198,7018,718.54901,46.78667,2.08041,20.65391,50.00000,,20.00000,0.61887,1
198,7019,718.65002,46.79333,2.08097,20.65397,52.00000,,20.00000,0.61880,1
198,7020,718.74902,46.80000,2.08146,20.65404,52.00000,,20.00000,0.61873,1
198,7021,718.84900,46.80667,2.08208,20.65410,49.00000,,20.00000,0.61866,1
198,7022,718.95203,46.81333,2.08277,20.65417,49.00000,,20.00000,0.61859,1
198,7023,719.05200,46.82000,2.08333,20.65424,49.00000,,20.00000,0.61852,1
198,7024,719.15503,46.82667,2.08370,20.65430,50.00000,,20.00000,0.61845,1
198,7025,719.24597,46.83333,2.08417,20.65437,50.00000,,20.00000,0.61839,1
198,7026,719.34900,46.84000,2.08480,20.65443,50.00000,,20.00000,0.61831,1
198,7027,719.44897,46.84667,2.08543,20.65449,50.00000,,20.00000,0.61824,1
198,7028,719.55603,46.85333,2.08607,20.65456,50.00000,,20.00000,0.61817,1
198,7029,719.65100,46.86000,2.08681,20.65462,49.00000,,20.00000,0.61810,1
198,7030,719.76001,46.86667,2.08745,20.65469,51.00000,,20.00000,0.61803,1
198,7031,719.85199,46.87333,2.08800,20.65475,51.00000,,20.00000,0.61797,1
198,7032,719.95001,46.88000,2.08848,20.65481,51.00000,,20.00000,0.61790,1
198,7033,720.04999,46.88667,2.08911,20.65488,51.00000,,20.00000,0.61783,1
198,7034,720.15997,46.89333,2.08976,20.65494,51.00000,,20.00000,0.61775,1
198,7035,720.25702,46.90000,2.09051,20.65498,49.00000,,20.00000,0.61768,1
198,7036,720.35797,46.90667,2.09094,20.65501,50.00000,,20.00000,0.61761,1
198,7037,720.46100,46.91333,2.09131,20.65510,50.00000,,20.00000,0.61754,1
198,7038,720.55701,46.92000,2.09173,20.65518,52.00000,,20.00000,0.61748,1
198,7039,720.66199,46.92667,2.09243,20.65525,52.00000,,20.00000,0.61740,1
198,7040,720.75897,46.93333,2.09305,20.65531,49.00000,,20.00000,0.61734,1
198,7041,720.86902,46.94000,2.09357,20.65537,49.00000,,20.00000,0.61726,1
198,7042,720.96100,46.94667,2.09411,20.65541,50.00000,,20.00000,0.61720,1
198,7043,721.06500,46.95333,2.09442,20.65545,50.00000,,20.00000,0.61712,1
198,7044,721.16803,46.96000,2.09564,20.65554,50.00000,,20.00000,0.61705,1
198,7045,721.26300,46.96667,2.09612,20.65563,50.00000,,20.00000,0.61699,1
198,7046,721.36401,46.97333,2.09688,20.65570,49.00000,,20.00000,0.61692,1
198,7047,721.46802,46.98000,2.09752,20.65577,49.00000,,20.00000,0.61684,1
198,7048,721.56702,46.98667,2.09795,20.65584,49.00000,,20.00000,0.61678,1
198,7049,721.66400,46.99333,2.09844,20.65588,51.00000,,20.00000,0.61671,1
198,7050,721.75598,47.00000,2.09898,20.65593,51.00000,,20.00000,0.61664,1
198,7051,721.86401,47.00667,2.09950,20.65602,52.00000,,20.00000,0.61657,1
198,7052,721.96198,47.01333,2.10005,20.65611,52.00000,,20.00000,0.61650,1
198,7053,722.06000,47.02000,2.10061,20.65617,50.00000,,20.00000,0.61643,1
198,7054,722.16699,47.02667,2.10073,20.65624,49.00000,,20.00000,0.61636,1
198,7055,722.25897,47.03333,2.10108,20.65630,51.00000,,20.00000,0.61630,1
198,7056,722.36499,47.04000,2.10166,20.65636,51.00000,,20.00000,0.61622,1
198,7057,722.46698,47.04667,2.10255,20.65643,52.00000,,20.00000,0.61615,1
198,7058,722.57001,47.05333,2.10338,20.65650,52.00000,,20.00000,0.61608,1
198,7059,722.66901,47.06000,2.10407,20.65657,49.00000,,20.00000,0.61601,1
198,7060,722.76202,47.06667,2.10482,20.65663,49.00000,,20.00000,0.61595,1
198,7061,722.85999,47.07333,2.10538,20.65670,50.00000,,20.00000,0.61588,1
198,7062,722.96698,47.08000,2.10602,20.65676,50.00000,,20.00000,0.61580,1
198,7063,723.06000,47.08667,2.10670,20.65683,50.00000,,20.00000,0.61574,1
198,7064,723.16901,47.09333,2.10741,20.65689,50.00000,,20.00000,0.61566,1
198,7065,723.26801,47.10000,2.10811,20.65696,49.00000,,20.00000,0.61559,1
198,7066,723.37201,47.10667,2.10861,20.65702,49.00000,,20.00000,0.61552,1
198,7067,723.46802,47.11333,2.10878,20.65709,51.00000,,20.00000,0.61546,1
198,7068,723.56897,47.12000,2.10915,20.65716,51.00000,,20.00000,0.61539,1
198,7069,723.66302,47.12667,2.10990,20.65720,52.00000,,20.00000,0.61532,1
198,7070,723.76898,47.13333,2.11041,20.65724,50.00000,,20.00000,0.61525,1
198,7071,723.86603,47.14000,2.11090,20.65733,49.00000,,20.00000,0.61518,1
198,7072,723.96503,47.14667,2.11120,20.65743,49.00000,,20.00000,0.61511,1
198,7073,724.07001,47.15333,2.11171,20.65750,51.00000,,20.00000,0.61504,1
198,7074,724.16803,47.16000,2.11241,20.65756,51.00000,,20.00000,0.61497,1
198,7075,724.26501,47.16667,2.11323,20.65763,52.00000,,20.00000,0.61490,1
198,7076,724.36603,47.17333,2.11399,20.65767,52.00000,,20.00000,0.61483,1
198,7077,724.46698,47.18000,2.11462,20.65772,49.00000,,20.00000,0.61476,1
198,7078,724.56598,47.18667,2.11486,20.65780,49.00000,,20.00000,0.61469,1
198,7079,724.66498,47.19333,2.11581,20.65789,49.00000,,20.00000,0.61462,1
198,7080,724.77100,47.20000,2.11672,20.65796,50.00000,,20.00000,0.61455,1
198,7081,724.86902,47.20667,2.11683,20.65803,50.00000,,20.00000,0.61448,1
198,7082,724.97198,47.21333,2.11720,20.65810,50.00000,,20.00000,0.61441,1
198,7083,725.07599,47.22000,2.11785,20.65815,50.00000,,20.00000,0.61434,1
198,7084,725.16101,47.22667,2.11870,20.65820,49.00000,,20.00000,0.61428,1
198,7085,725.26099,47.23333,2.11934,20.65829,49.00000,,20.00000,0.61421,1
198,7086,725.36401,47.24000,2.11958,20.65838,51.00000,,20.00000,0.61414,1
198,7087,725.46399,47.24667,2.12008,20.65844,50.00000,,20.00000,0.61407,1
198,7088,725.56702,47.25333,2.12066,20.65851,50.00000,,20.00000,0.61400,1
198,7089,725.66400,47.26000,2.12168,20.65857,49.00000,,20.00000,0.61393,1
198,7090,725.77802,47.26667,2.12228,20.65864,49.00000,,20.00000,0.61385,1
198,7091,725.86902,47.27333,2.12282,20.65871,49.00000,,20.00000,0.61379,1
198,7092,725.96399,47.28000,2.12345,20.65877,49.00000,,20.00000,0.61372,1
198,7093,726.06403,47.28667,2.12414,20.65884,49.00000,,20.00000,0.61365,1
198,7094,726.17102,47.29333,2.12486,20.65891,51.00000,,20.00000,0.61358,1
198,7095,726.26501,47.30000,2.12535,20.65898,51.00000,,20.00000,0.61351,1
198,7096,726.36700,47.30667,2.12599,20.65905,49.00000,,20.00000,0.61344,1
198,7097,726.46802,47.31333,2.12662,20.65912,49.00000,,20.00000,0.61337,1
198,7098,726.56897,47.32000,2.12733,20.65919,50.00000,,20.00000,0.61330,1
198,7099,726.66302,47.32667,2.12795,20.65925,50.00000,,20.00000,0.61323,1
198,7100,726.76599,47.33333,2.12833,20.65932,50.00000,,20.00000,0.61316,1
198,7101,726.86902,47.34000,2.12897,20.65939,50.00000,,20.00000,0.61309,1
198,7102,726.96399,47.34667,2.12966,20.65946,50.00000,,20.00000,0.61302,1
198,7103,727.06403,47.35333,2.13023,20.65953,49.00000,,20.00000,0.61295,1
198,7104,727.16302,47.36000,2.13086,20.65960,49.00000,,20.00000,0.61289,1
198,7105,727.26099,47.36667,2.13162,20.65966,49.00000,,20.00000,0.61282,1
198,7106,727.36603,47.37333,2.13227,20.65973,50.00000,,20.00000,0.61274,1
198,7107,727.47400,47.38000,2.13292,20.65979,50.00000,,20.00000,0.61267,1
198,7108,727.56000,47.38667,2.13333,20.65933,50.00000,,20.00000,0.61261,1
198,7109,727.67200,47.39333,2.13393,20.65939,50.00000,,20.00000,0.61253,1
198,7110,727.76898,47.40000,2.13436,20.65943,49.00000,,20.00000,0.61246,1
198,7111,727.87799,47.40667,2.13476,20.65947,49.00000,,20.00000,0.61239,1
198,7112,727.96600,47.41333,2.13510,20.65956,51.00000,,20.00000,0.61233,1
198,7113,728.06702,47.42000,2.13554,20.65965,51.00000,,20.00000,0.61226,1
198,7114,728.16998,47.42667,2.13612,20.65972,52.00000,,20.00000,0.61218,1
198,7115,728.27698,47.43333,2.13678,20.65927,52.00000,,20.00000,0.61211,1
198,7116,728.37402,47.44000,2.13741,20.65933,52.00000,,20.00000,0.61204,1
198,7117,728.46600,47.44667,2.13809,20.65937,49.00000,,20.00000,0.61198,1
198,7118,728.57397,47.45333,2.13861,20.65942,49.00000,,20.00000,0.61190,1
198,7119,728.66901,47.46000,2.13898,20.65951,50.00000,,20.00000,0.61184,1
198,7120,728.77100,47.46667,2.13949,20.65961,50.00000,,20.00000,0.61176,1
198,7121,728.86700,47.47333,2.14038,20.65967,50.00000,,20.00000,0.61170,1
198,7122,728.97601,47.48000,2.14130,20.65922,49.00000,,20.00000,0.61162,1
198,7123,729.06799,47.48667,2.14199,20.65928,49.00000,,20.00000,0.61156,1
198,7124,729.17200,47.49333,2.14237,20.65933,50.00000,,20.00000,0.61149,1
198,7125,729.26801,47.50000,2.14320,20.65937,50.00000,,20.00000,0.61142,1
198,7126,729.37201,47.50667,2.14391,20.65946,49.00000,,20.00000,0.61135,1
198,7127,729.47302,47.51333,2.14462,20.65954,50.00000,,20.00000,0.61128,1
198,7128,729.57703,47.52000,2.14533,20.65908,50.00000,,20.00000,0.61120,1
198,7129,729.67603,47.52667,2.14564,20.65862,50.00000,,20.00000,0.61113,1
198,7130,729.77301,47.53333,2.14634,20.65763,50.00000,,20.00000,0.61107,1
198,7131,729.88300,47.54000,2.14687,20.65665,49.00000,,20.00000,0.61099,1
198,7132,729.98401,47.54667,2.14732,20.65619,49.00000,,20.00000,0.61092,1
198,7133,730.07397,47.55333,2.14806,20.65521,51.00000,,20.00000,0.61086,1
198,7134,730.17102,47.56000,2.14863,20.65475,51.00000,,20.00000,0.61079,1
198,7135,730.27197,47.56667,2.14940,20.65429,52.00000,,20.00000,0.61072,1
198,7136,730.37799,47.57333,2.14999,20.65384,52.00000,,20.00000,0.61064,1
198,7137,730.47498,47.58000,2.15056,20.65390,49.00000,,20.00000,0.61058,1
198,7138,730.57599,47.58667,2.15153,20.65344,49.00000,,20.00000,0.61051,1
198,7139,730.68201,47.59333,2.15212,20.65298,49.00000,,20.00000,0.61043,1
198,7140,730.77600,47.60000,2.15281,20.65305,49.00000,,20.00000,0.61037,1
198,7141,730.88098,47.60667,2.15333,20.65258,51.00000,,20.00000,0.61029,1
198,7142,730.97498,47.61333,2.15350,20.65265,51.00000,,20.00000,0.61023,1
198,7143,731.07898,47.62000,2.15409,20.65219,51.00000,,20.00000,0.61015,1
198,7144,731.18903,47.62667,2.15475,20.65226,51.00000,,20.00000,0.61008,1
198,7145,731.27698,47.63333,2.15523,20.65233,49.00000,,20.00000,0.61002,1
198,7146,731.38397,47.64000,2.15609,20.65187,49.00000,,20.00000,0.60994,1
198,7147,731.47900,47.64667,2.15652,20.65195,49.00000,,20.00000,0.60988,1
198,7148,731.58002,47.65333,2.15703,20.65149,50.00000,,20.00000,0.60981,1
198,7149,731.67401,47.66000,2.15766,20.65156,50.00000,,20.00000,0.60974,1
198,7150,731.77100,47.66667,2.15830,20.65163,50.00000,,20.00000,0.60967,1
198,7151,731.87799,47.67333,2.15896,20.65114,49.00000,,20.00000,0.60960,1
198,7152,731.97998,47.68000,2.15941,20.65118,49.00000,,20.00000,0.60953,1
198,7153,732.08099,47.68667,2.15999,20.65075,50.00000,,20.00000,0.60946,1
198,7154,732.18402,47.69333,2.16057,20.65084,49.00000,,20.00000,0.60938,1
198,7155,732.27802,47.70000,2.16133,20.65038,49.00000,,20.00000,0.60932,1
198,7156,732.38800,47.70667,2.16200,20.65045,50.00000,,20.00000,0.60924,1
198,7157,732.48102,47.71333,2.16256,20.64999,50.00000,,20.00000,0.60918,1
198,7158,732.58502,47.72000,2.16301,20.65004,50.00000,,20.00000,0.60910,1
198,7159,732.67902,47.72667,2.16358,20.64956,50.00000,,20.00000,0.60904,1
198,7160,732.77698,47.73333,2.16422,20.64965,49.00000,,20.00000,0.60897,1
198,7161,732.88202,47.74000,2.16474,20.64922,49.00000,,20.00000,0.60890,1
198,7162,732.98199,47.74667,2.16532,20.64929,51.00000,,20.00000,0.60883,1
198,7163,733.07800,47.75333,2.16589,20.64883,51.00000,,20.00000,0.60876,1
198,7164,733.18298,47.76000,2.16668,20.64889,51.00000,,20.00000,0.60869,1
198,7165,733.27802,47.76667,2.16751,20.64896,51.00000,,20.00000,0.60862,1
198,7166,733.38202,47.77333,2.16823,20.64849,49.00000,,20.00000,0.60855,1
198,7167,733.48798,47.78000,2.16876,20.64856,50.00000,,20.00000,0.60847,1
198,7168,733.59198,47.78667,2.16882,20.64810,50.00000,,20.00000,0.60840,1
198,7169,733.68799,47.79333,2.16912,20.64817,49.00000,,20.00000,0.60833,1
198,7170,733.78497,47.80000,2.16969,20.64771,50.00000,,20.00000,0.60826,1
198,7171,733.88202,47.80667,2.17073,20.64778,50.00000,,20.00000,0.60820,1
198,7172,733.99298,47.81333,2.17147,20.64785,50.00000,,20.00000,0.60812,1
198,7173,734.08801,47.82000,2.17210,20.64740,49.00000,,20.00000,0.60805,1
198,7174,734.17999,47.82667,2.17260,20.64746,49.00000,,20.00000,0.60799,1
198,7175,734.28601,47.83333,2.17326,20.64701,50.00000,,20.00000,0.60791,1
198,7176,734.38898,47.84000,2.17391,20.64708,49.00000,,20.00000,0.60784,1
198,7177,734.48401,47.84667,2.17455,20.64715,49.00000,,20.00000,0.60778,1
198,7178,734.58398,47.85333,2.17519,20.64670,50.00000,,20.00000,0.60771,1
198,7179,734.67798,47.86000,2.17543,20.64677,50.00000,,20.00000,0.60764,1
198,7180,734.78802,47.86667,2.17597,20.64684,50.00000,,20.00000,0.60756,1
198,7181,734.88898,47.87333,2.17655,20.64691,50.00000,,20.00000,0.60749,1
198,7182,734.97498,47.88000,2.17756,20.64645,49.00000,,20.00000,0.60743,1
198,7183,735.08398,47.88667,2.17816,20.64652,49.00000,,20.00000,0.60736,1
198,7184,735.18298,47.89333,2.17881,20.64659,51.00000,,20.00000,0.60729,1
198,7185,735.28302,47.90000,2.17913,20.64664,51.00000,,20.00000,0.60722,1
198,7186,735.38300,47.90667,2.17971,20.64668,51.00000,,20.00000,0.60715,1
198,7187,735.48700,47.91333,2.18037,20.64677,52.00000,,20.00000,0.60707,1
198,7188,735.57501,47.92000,2.18105,20.64687,52.00000,,20.00000,0.60701,1
198,7189,735.68799,47.92667,2.18180,20.64694,49.00000,,20.00000,0.60693,1
198,7190,735.78497,47.93333,2.18231,20.64700,49.00000,,20.00000,0.60687,1
198,7191,735.88300,47.94000,2.18275,20.64707,49.00000,,20.00000,0.60680,1
198,7192,735.98602,47.94667,2.18334,20.64711,49.00000,,20.00000,0.60672,1
198,7193,736.09003,47.95333,2.18400,20.64715,51.00000,,20.00000,0.60665,1
198,7194,736.18500,47.96000,2.18444,20.64724,51.00000,,20.00000,0.60659,1
198,7195,736.29199,47.96667,2.18511,20.64734,52.00000,,20.00000,0.60651,1
198,7196,736.38898,47.97333,2.18575,20.64741,52.00000,,20.00000,0.60644,1
198,7197,736.49103,47.98000,2.18640,20.64748,49.00000,,20.00000,0.60637,1
198,7198,736.58301,47.98667,2.18684,20.64755,49.00000,,20.00000,0.60631,1
198,7199,736.68201,47.99333,2.18742,20.64759,50.00000,,20.00000,0.60624,1
198,7200,736.78400,48.00000,2.18801,20.64764,49.00000,,20.00000,0.60617,1
198,7201,736.88599,48.00667,2.18866,20.64773,50.00000,,20.00000,0.60609,1
198,7202,736.99799,48.01333,2.18947,20.64783,50.00000,,20.00000,0.60602,1
198,7203,737.08502,48.02000,2.19003,20.64790,49.00000,,20.00000,0.60596,1
198,7204,737.19299,48.02667,2.19017,20.64797,50.00000,,20.00000,0.60588,1
198,7205,737.28802,48.03333,2.19074,20.64804,49.00000,,20.00000,0.60581,1
198,7206,737.38300,48.04000,2.19151,20.64811,49.00000,,20.00000,0.60575,1
198,7207,737.48999,48.04667,2.19225,20.64818,51.00000,,20.00000,0.60567,1
198,7208,737.58502,48.05333,2.19282,20.64825,51.00000,,20.00000,0.60560,1
198,7209,737.68597,48.06000,2.19334,20.64831,50.00000,,20.00000,0.60553,1
198,7210,737.79700,48.06667,2.19409,20.64838,50.00000,,20.00000,0.60546,1
198,7211,737.88702,48.07333,2.19445,20.64845,49.00000,,20.00000,0.60539,1
198,7212,737.99200,48.08000,2.19498,20.64852,49.00000,,20.00000,0.60532,1
198,7213,738.08899,48.08667,2.19576,20.64859,50.00000,,20.00000,0.60525,1
198,7214,738.19098,48.09333,2.19648,20.64866,49.00000,,20.00000,0.60518,1
198,7215,738.28497,48.10000,2.19718,20.64873,50.00000,,20.00000,0.60511,1
198,7216,738.39502,48.10667,2.19793,20.64880,50.00000,,20.00000,0.60504,1
198,7217,738.49200,48.11333,2.19877,20.64887,50.00000,,20.00000,0.60497,1
198,7218,738.59601,48.12000,2.19944,20.64894,50.00000,,20.00000,0.60490,1
198,7219,738.69098,48.12667,2.20001,20.64901,50.00000,,20.00000,0.60483,1
198,7220,738.78601,48.13333,2.20052,20.64908,49.00000,,20.00000,0.60476,1
198,7221,738.89099,48.14000,2.20072,20.64915,50.00000,,20.00000,0.60469,1
198,7222,738.99200,48.14667,2.20104,20.64922,50.00000,,20.00000,0.60462,1
198,7223,739.09198,48.15333,2.20243,20.64929,50.00000,,20.00000,0.60455,1
198,7224,739.19299,48.16000,2.20295,20.64935,50.00000,,20.00000,0.60448,1
198,7225,739.29498,48.16667,2.20295,20.64942,49.00000,,20.00000,0.60441,1
198,7226,739.38397,48.17333,2.20337,20.64946,49.00000,,20.00000,0.60434,1
198,7227,739.50201,48.18000,2.20401,20.64950,50.00000,,20.00000,0.60426,1
198,7228,739.59302,48.18667,2.20471,20.64960,50.00000,,20.00000,0.60420,1
198,7229,739.70203,48.19333,2.20525,20.64970,50.00000,,20.00000,0.60412,1
198,7230,739.78998,48.20000,2.20601,20.64977,50.00000,,20.00000,0.60406,1
198,7231,739.89099,48.20667,2.20653,20.64984,50.00000,,20.00000,0.60399,1
198,7232,739.99799,48.21333,2.20707,20.64992,49.00000,,20.00000,0.60391,1
198,7233,740.09302,48.22000,2.20772,20.64997,49.00000,,20.00000,0.60385,1
198,7234,740.19000,48.22667,2.20850,20.65001,50.00000,,20.00000,0.60378,1
198,7235,740.28998,48.23333,2.20902,20.65011,50.00000,,20.00000,0.60371,1
198,7236,740.38800,48.24000,2.20941,20.65020,51.00000,,20.00000,0.60364,1
198,7237,740.49402,48.24667,2.20981,20.65028,50.00000,,20.00000,0.60357,1
198,7238,740.59601,48.25333,2.21047,20.65035,49.00000,,20.00000,0.60349,1
198,7239,740.68597,48.26000,2.21064,20.65041,49.00000,,20.00000,0.60343,1
198,7240,740.79102,48.26667,2.21097,20.65046,50.00000,,20.00000,0.60336,1
198,7241,740.89301,48.27333,2.21157,20.65050,50.00000,,20.00000,0.60329,1
198,7242,740.99597,48.28000,2.21203,20.65059,50.00000,,20.00000,0.60321,1
198,7243,741.09198,48.28667,2.21255,20.65069,52.00000,,20.00000,0.60315,1
198,7244,741.19702,48.29333,2.21335,20.65076,52.00000,,20.00000,0.60307,1
198,7245,741.30103,48.30000,2.21388,20.65083,52.00000,,20.00000,0.60300,1
198,7246,741.39398,48.30667,2.21459,20.65090,49.00000,,20.00000,0.60293,1
198,7247,741.49298,48.31333,2.21518,20.65097,49.00000,,20.00000,0.60286,1
198,7248,741.59302,48.32000,2.21584,20.65103,50.00000,,20.00000,0.60279,1
198,7249,741.69397,48.32667,2.21696,20.65110,50.00000,,20.00000,0.60272,1
198,7250,741.79901,48.33333,2.21790,20.65118,50.00000,,20.00000,0.60265,1
198,7251,741.90399,48.34000,2.21871,20.65125,50.00000,,20.00000,0.60258,1
198,7252,741.99402,48.34667,2.21901,20.65131,49.00000,,20.00000,0.60251,1
198,7253,742.09601,48.35333,2.21927,20.65138,49.00000,,20.00000,0.60244,1
198,7254,742.20001,48.36000,2.22021,20.65145,49.00000,,20.00000,0.60237,1
198,7255,742.30103,48.36667,2.22107,20.65153,51.00000,,20.00000,0.60230,1
198,7256,742.39502,48.37333,2.22144,20.65159,50.00000,,20.00000,0.60223,1
198,7257,742.50000,48.38000,2.22198,20.65166,52.00000,,20.00000,0.60216,1
198,7258,742.59302,48.38667,2.22242,20.65174,51.00000,,20.00000,0.60209,1
198,7259,742.70697,48.39333,2.22305,20.65181,49.00000,,20.00000,0.60201,1
198,7260,742.79303,48.40000,2.22381,20.65185,49.00000,,20.00000,0.60195,1
198,7261,742.90100,48.40667,2.22429,20.65189,49.00000,,20.00000,0.60188,1
198,7262,742.99701,48.41333,2.22487,20.65199,49.00000,,20.00000,0.60181,1
198,7263,743.10303,48.42000,2.22555,20.65209,51.00000,,20.00000,0.60173,1
198,7264,743.19501,48.42667,2.22599,20.65215,51.00000,,20.00000,0.60167,1
198,7265,743.30499,48.43333,2.22674,20.65222,51.00000,,20.00000,0.60159,1
198,7266,743.40198,48.44000,2.22739,20.65229,51.00000,,20.00000,0.60152,1
198,7267,743.50000,48.44667,2.22812,20.65234,49.00000,,20.00000,0.60145,1
198,7268,743.60303,48.45333,2.22872,20.65238,49.00000,,20.00000,0.60138,1
198,7269,743.70398,48.46000,2.22918,20.65248,50.00000,,20.00000,0.60131,1
198,7270,743.80103,48.46667,2.22964,20.65258,50.00000,,20.00000,0.60124,1
198,7271,743.90002,48.47333,2.23009,20.65265,50.00000,,20.00000,0.60117,1
198,7272,743.99799,48.48000,2.23062,20.65272,50.00000,,20.00000,0.60110,1
198,7273,744.09497,48.48667,2.23127,20.65279,49.00000,,20.00000,0.60104,1
198,7274,744.20898,48.49333,2.23190,20.65284,49.00000,,20.00000,0.60096,1
198,7275,744.30200,48.50000,2.23281,20.65288,51.00000,,20.00000,0.60089,1
198,7276,744.40601,48.50667,2.23349,20.65297,51.00000,,20.00000,0.60082,1
198,7277,744.50299,48.51333,2.23414,20.65306,50.00000,,20.00000,0.60075,1
198,7278,744.60303,48.52000,2.23487,20.65313,50.00000,,20.00000,0.60068,1
198,7279,744.70801,48.52667,2.23548,20.65320,49.00000,,20.00000,0.60060,1
198,7280,744.81403,48.53333,2.23576,20.65327,50.00000,,20.00000,0.60053,1
198,7281,744.90900,48.54000,2.23648,20.65334,49.00000,,20.00000,0.60046,1
198,7282,745.00201,48.54667,2.23719,20.65341,49.00000,,20.00000,0.60040,1
198,7283,745.11200,48.55333,2.23781,20.65349,51.00000,,20.00000,0.60032,1
198,7284,745.20398,48.56000,2.23839,20.65356,51.00000,,20.00000,0.60026,1
198,7285,745.30603,48.56667,2.23872,20.65363,51.00000,,20.00000,0.60018,1
198,7286,745.40698,48.57333,2.23919,20.65371,52.00000,,20.00000,0.60011,1
198,7287,745.50598,48.58000,2.24012,20.65378,52.00000,,20.00000,0.60004,1
198,7288,745.60101,48.58667,2.24077,20.65385,49.00000,,20.00000,0.59998,1
198,7289,745.70203,48.59333,2.24157,20.65392,50.00000,,20.00000,0.59991,1
198,7290,745.80701,48.60000,2.24225,20.65400,50.00000,,20.00000,0.59983,1
198,7291,745.90601,48.60667,2.24271,20.65407,50.00000,,20.00000,0.59976,1
198,7292,746.00500,48.61333,2.24310,20.65414,50.00000,,20.00000,0.59969,1
198,7293,746.10602,48.62000,2.24323,20.65421,50.00000,,20.00000,0.59962,1
198,7294,746.20099,48.62667,2.24402,20.65428,49.00000,,20.00000,0.59955,1
198,7295,746.30603,48.63333,2.24530,20.65435,49.00000,,20.00000,0.59948,1
198,7296,746.40900,48.64000,2.24604,20.65441,49.00000,,20.00000,0.59941,1
198,7297,746.50598,48.64667,2.24650,20.65448,49.00000,,20.00000,0.59934,1
198,7298,746.60999,48.65333,2.24691,20.65455,50.00000,,20.00000,0.59927,1
198,7299,746.71802,48.66000,2.24733,20.65462,50.00000,,20.00000,0.59919,1
198,7300,746.80902,48.66667,2.24777,20.65469,50.00000,,20.00000,0.59913,1
198,7301,746.90900,48.67333,2.24843,20.65474,50.00000,,20.00000,0.59906,1
198,7302,747.01202,48.68000,2.24911,20.65426,50.00000,,20.00000,0.59898,1
198,7303,747.10797,48.68667,2.24997,20.65436,49.00000,,20.00000,0.59892,1
198,7304,747.20801,48.69333,2.25063,20.65446,51.00000,,20.00000,0.59885,1
198,7305,747.31000,48.70000,2.25131,20.65453,51.00000,,20.00000,0.59877,1
198,7306,747.41101,48.70667,2.25191,20.65460,51.00000,,20.00000,0.59870,1
198,7307,747.50702,48.71333,2.25263,20.65467,52.00000,,20.00000,0.59864,1
198,7308,747.61499,48.72000,2.25325,20.65472,52.00000,,20.00000,0.59856,1
198,7309,747.70801,48.72667,2.25397,20.65476,49.00000,,20.00000,0.59849,1
198,7310,747.80798,48.73333,2.25471,20.65486,49.00000,,20.00000,0.59842,1
198,7311,747.91998,48.74000,2.25541,20.65496,50.00000,,20.00000,0.59834,1
198,7312,748.00897,48.74667,2.25604,20.65502,50.00000,,20.00000,0.59828,1
198,7313,748.10999,48.75333,2.25665,20.65510,51.00000,,20.00000,0.59821,1
198,7314,748.21600,48.76000,2.25733,20.65517,52.00000,,20.00000,0.59814,1
198,7315,748.30798,48.76667,2.25805,20.65521,52.00000,,20.00000,0.59807,1
198,7316,748.41400,48.77333,2.25840,20.65473,49.00000,,20.00000,0.59800,1
198,7317,748.51501,48.78000,2.25867,20.65483,49.00000,,20.00000,0.59792,1
198,7318,748.61902,48.78667,2.25982,20.65493,50.00000,,20.00000,0.59785,1
198,7319,748.71100,48.79333,2.26040,20.65500,50.00000,,20.00000,0.59779,1
198,7320,748.81097,48.80000,2.26066,20.65507,50.00000,,20.00000,0.59772,1
198,7321,748.91400,48.80667,2.26101,20.65515,50.00000,,20.00000,0.59764,1
198,7322,749.01300,48.81333,2.26174,20.65522,49.00000,,20.00000,0.59757,1
198,7323,749.10999,48.82000,2.26240,20.65528,49.00000,,20.00000,0.59751,1
198,7324,749.21503,48.82667,2.26335,20.65536,49.00000,,20.00000,0.59743,1
198,7325,749.31897,48.83333,2.26430,20.65543,51.00000,,20.00000,0.59736,1
198,7326,749.41803,48.84000,2.26497,20.65550,51.00000,,20.00000,0.59729,1
198,7327,749.51398,48.84667,2.26536,20.65557,52.00000,,20.00000,0.59722,1
198,7328,749.61798,48.85333,2.26564,20.65564,52.00000,,20.00000,0.59715,1
198,7329,749.71002,48.86000,2.26596,20.65572,49.00000,,20.00000,0.59708,1
198,7330,749.81702,48.86667,2.26665,20.65526,49.00000,,20.00000,0.59701,1
198,7331,749.91803,48.87333,2.26752,20.65534,51.00000,,20.00000,0.59694,1
198,7332,750.01202,48.88000,2.26851,20.65541,51.00000,,20.00000,0.59687,1
198,7333,750.11499,48.88667,2.26960,20.65548,52.00000,,20.00000,0.59680,1
198,7334,750.21802,48.89333,2.27021,20.65555,52.00000,,20.00000,0.59672,1
198,7335,750.31702,48.90000,2.27048,20.65559,50.00000,,20.00000,0.59665,1
198,7336,750.41901,48.90667,2.27088,20.65564,50.00000,,20.00000,0.59658,1
198,7337,750.51801,48.91333,2.27162,20.65574,50.00000,,20.00000,0.59651,1
198,7338,750.61700,48.92000,2.27256,20.65583,50.00000,,20.00000,0.59644,1
198,7339,750.71997,48.92667,2.27324,20.65591,50.00000,,20.00000,0.59637,1
198,7340,750.81500,48.93333,2.27377,20.65598,50.00000,,20.00000,0.59630,1
198,7341,750.91998,48.94000,2.27439,20.65605,49.00000,,20.00000,0.59623,1
198,7342,751.01300,48.94667,2.27517,20.65609,49.00000,,20.00000,0.59616,1
198,7343,751.12299,48.95333,2.27574,20.65613,50.00000,,20.00000,0.59609,1
198,7344,751.22302,48.96000,2.27608,20.65571,50.00000,,20.00000,0.59602,1
198,7345,751.32800,48.96667,2.27683,20.65581,50.00000,,20.00000,0.59594,1
198,7346,751.41803,48.97333,2.27728,20.65588,52.00000,,20.00000,0.59588,1
198,7347,751.51202,48.98000,2.27793,20.65595,49.00000,,20.00000,0.59581,1
198,7348,751.62299,48.98667,2.27857,20.65603,49.00000,,20.00000,0.59573,1
198,7349,751.72601,48.99333,2.27925,20.65608,49.00000,,20.00000,0.59566,1
198,7350,751.81799,49.00000,2.27997,20.65612,49.00000,,20.00000,0.59560,1
198,7351,751.92102,49.00667,2.28066,20.65622,50.00000,,20.00000,0.59552,1
198,7352,752.02301,49.01333,2.28127,20.65631,50.00000,,20.00000,0.59545,1
198,7353,752.12402,49.02000,2.28202,20.65638,50.00000,,20.00000,0.59538,1
198,7354,752.21997,49.02667,2.28288,20.65645,50.00000,,20.00000,0.59531,1
198,7355,752.32001,49.03333,2.28342,20.65652,50.00000,,20.00000,0.59524,1
198,7356,752.42603,49.04000,2.28398,20.65660,50.00000,,20.00000,0.59517,1
198,7357,752.53101,49.04667,2.28494,20.65667,50.00000,,20.00000,0.59509,1
198,7358,752.62000,49.05333,2.28559,20.65622,50.00000,,20.00000,0.59503,1
198,7359,752.72498,49.06000,2.28614,20.65629,49.00000,,20.00000,0.59496,1
198,7360,752.82001,49.06667,2.28640,20.65636,49.00000,,20.00000,0.59489,1
198,7361,752.92499,49.07333,2.28689,20.65644,49.00000,,20.00000,0.59481,1
198,7362,753.02899,49.08000,2.28744,20.65651,49.00000,,20.00000,0.59474,1
198,7363,753.11603,49.08667,2.28768,20.65657,49.00000,,20.00000,0.59468,1
198,7364,753.23297,49.09333,2.28813,20.65665,51.00000,,20.00000,0.59460,1
198,7365,753.32898,49.10000,2.28866,20.65672,50.00000,,20.00000,0.59453,1
198,7366,753.42102,49.10667,2.28925,20.65679,50.00000,,20.00000,0.59446,1
198,7367,753.53101,49.11333,2.29015,20.65687,49.00000,,20.00000,0.59439,1
198,7368,753.62799,49.12000,2.29143,20.65642,49.00000,,20.00000,0.59432,1
198,7369,753.72101,49.12667,2.29216,20.65596,49.00000,,20.00000,0.59425,1
198,7370,753.82599,49.13333,2.29244,20.65603,51.00000,,20.00000,0.59418,1
198,7371,753.92603,49.14000,2.29312,20.65559,51.00000,,20.00000,0.59411,1
198,7372,754.03601,49.14667,2.29363,20.65514,51.00000,,20.00000,0.59403,1
198,7373,754.12299,49.15333,2.29434,20.65522,51.00000,,20.00000,0.59397,1
198,7374,754.22400,49.16000,2.29529,20.65529,49.00000,,20.00000,0.59390,1
198,7375,754.31598,49.16667,2.29574,20.65484,49.00000,,20.00000,0.59383,1
198,7376,754.41998,49.17333,2.29650,20.65489,49.00000,,20.00000,0.59376,1
198,7377,754.51801,49.18000,2.29758,20.65494,50.00000,,20.00000,0.59369,1
198,7378,754.61700,49.18667,2.29799,20.65451,50.00000,,20.00000,0.59362,1
198,7379,754.73199,49.19333,2.29844,20.65460,50.00000,,20.00000,0.59354,1
198,7380,754.82703,49.20000,2.29897,20.65467,49.00000,,20.00000,0.59347,1
198,7381,754.92798,49.20667,2.29972,20.65474,49.00000,,20.00000,0.59340,1
198,7382,755.03003,49.21333,2.30054,20.65481,51.00000,,20.00000,0.59333,1
198,7383,755.12799,49.22000,2.30121,20.65485,50.00000,,20.00000,0.59326,1
198,7384,755.23401,49.22667,2.30191,20.65437,50.00000,,20.00000,0.59318,1
198,7385,755.32501,49.23333,2.30257,20.65447,50.00000,,20.00000,0.59312,1
198,7386,755.43103,49.24000,2.30326,20.65457,49.00000,,20.00000,0.59304,1
198,7387,755.53003,49.24667,2.30387,20.65465,49.00000,,20.00000,0.59297,1
198,7388,755.62701,49.25333,2.30455,20.65472,51.00000,,20.00000,0.59290,1
198,7389,755.73700,49.26000,2.30492,20.65479,51.00000,,20.00000,0.59283,1
198,7390,755.82898,49.26667,2.30510,20.65484,52.00000,,20.00000,0.59276,1
198,7391,755.92700,49.27333,2.30578,20.65436,52.00000,,20.00000,0.59269,1
198,7392,756.03198,49.28000,2.30647,20.65446,52.00000,,20.00000,0.59262,1
198,7393,756.13397,49.28667,2.30716,20.65456,49.00000,,20.00000,0.59255,1
198,7394,756.22998,49.29333,2.30770,20.65463,49.00000,,20.00000,0.59248,1
198,7395,756.33398,49.30000,2.30900,20.65470,50.00000,,20.00000,0.59240,1
198,7396,756.43103,49.30667,2.30961,20.65477,50.00000,,20.00000,0.59234,1
198,7397,756.53497,49.31333,2.31023,20.65484,50.00000,,20.00000,0.59226,1
198,7398,756.64099,49.32000,2.31073,20.65492,50.00000,,20.00000,0.59219,1
198,7399,756.73999,49.32667,2.31141,20.65447,49.00000,,20.00000,0.59212,1
198,7400,756.83197,49.33333,2.31200,20.65455,49.00000,,20.00000,0.59205,1
198,7401,756.93402,49.34000,2.31249,20.65463,50.00000,,20.00000,0.59198,1
198,7402,757.02399,49.34667,2.31314,20.65470,50.00000,,20.00000,0.59192,1
198,7403,757.13098,49.35333,2.31398,20.65478,50.00000,,20.00000,0.59184,1
198,7404,757.22699,49.36000,2.31479,20.65486,49.00000,,20.00000,0.59177,1
198,7405,757.32898,49.36667,2.31541,20.65493,49.00000,,20.00000,0.59170,1
198,7406,757.42902,49.37333,2.31596,20.65500,49.00000,,20.00000,0.59163,1
198,7407,757.52899,49.38000,2.31671,20.65454,49.00000,,20.00000,0.59156,1
198,7408,757.63702,49.38667,2.31735,20.65461,49.00000,,20.00000,0.59148,1
198,7409,757.73297,49.39333,2.31789,20.65468,50.00000,,20.00000,0.59142,1
198,7410,757.83801,49.40000,2.31845,20.65475,50.00000,,20.00000,0.59134,1
198,7411,757.93402,49.40667,2.31885,20.65482,50.00000,,20.00000,0.59127,1
198,7412,758.03900,49.41333,2.31955,20.65489,50.00000,,20.00000,0.59120,1
198,7413,758.13599,49.42000,2.32037,20.65497,50.00000,,20.00000,0.59113,1
198,7414,758.24200,49.42667,2.32100,20.65451,50.00000,,20.00000,0.59105,1
198,7415,758.33899,49.43333,2.32147,20.65459,50.00000,,20.00000,0.59099,1
198,7416,758.43103,49.44000,2.32241,20.65466,50.00000,,20.00000,0.59092,1
198,7417,758.54102,49.44667,2.32312,20.65471,51.00000,,20.00000,0.59084,1
198,7418,758.63501,49.45333,2.32373,20.65476,51.00000,,20.00000,0.59078,1
198,7419,758.74597,49.46000,2.32417,20.65486,49.00000,,20.00000,0.59070,1
198,7420,758.83801,49.46667,2.32470,20.65496,49.00000,,20.00000,0.59063,1
198,7421,758.94000,49.47333,2.32532,20.65503,50.00000,,20.00000,0.59056,1
198,7422,759.03601,49.48000,2.32607,20.65458,50.00000,,20.00000,0.59049,1
198,7423,759.13397,49.48667,2.32675,20.65465,50.00000,,20.00000,0.59042,1
198,7424,759.24103,49.49333,2.32759,20.65470,49.00000,,20.00000,0.59035,1
198,7425,759.34003,49.50000,2.32841,20.65474,49.00000,,20.00000,0.59028,1
198,7426,759.44299,49.50667,2.32897,20.65484,49.00000,,20.00000,0.59020,1
198,7427,759.54102,49.51333,2.32945,20.65494,51.00000,,20.00000,0.59014,1
198,7428,759.64301,49.52000,2.33021,20.65501,51.00000,,20.00000,0.59006,1
198,7429,759.75098,49.52667,2.33092,20.65509,52.00000,,20.00000,0.58999,1
198,7430,759.84003,49.53333,2.33138,20.65463,52.00000,,20.00000,0.58992,1
198,7431,759.94000,49.54000,2.33193,20.65471,52.00000,,20.00000,0.58985,1
198,7432,760.04303,49.54667,2.33249,20.65479,49.00000,,20.00000,0.58978,1
198,7433,760.14301,49.55333,2.33304,20.65487,49.00000,,20.00000,0.58971,1
198,7434,760.24200,49.56000,2.33366,20.65495,51.00000,,20.00000,0.58964,1
198,7435,760.33502,49.56667,2.33406,20.65503,52.00000,,20.00000,0.58957,1
198,7436,760.44000,49.57333,2.33469,20.65510,52.00000,,20.00000,0.58950,1
198,7437,760.53400,49.58000,2.33537,20.65465,52.00000,,20.00000,0.58943,1
198,7438,760.63501,49.58667,2.33606,20.65472,49.00000,,20.00000,0.58936,1
198,7439,760.74200,49.59333,2.33677,20.65479,49.00000,,20.00000,0.58928,1
198,7440,760.84497,49.60000,2.33733,20.65487,50.00000,,20.00000,0.58921,1
198,7441,760.94202,49.60667,2.33781,20.65494,50.00000,,20.00000,0.58914,1
198,7442,761.03900,49.61333,2.33849,20.65501,50.00000,,20.00000,0.58907,1
198,7443,761.14398,49.62000,2.33913,20.65509,50.00000,,20.00000,0.58900,1
198,7444,761.24298,49.62667,2.33981,20.65517,49.00000,,20.00000,0.58893,1
198,7445,761.33698,49.63333,2.34042,20.65471,49.00000,,20.00000,0.58886,1
198,7446,761.43903,49.64000,2.34112,20.65478,49.00000,,20.00000,0.58879,1
198,7447,761.53699,49.64667,2.34187,20.65485,51.00000,,20.00000,0.58872,1
198,7448,761.65002,49.65333,2.34253,20.65492,51.00000,,20.00000,0.58864,1
198,7449,761.75000,49.66000,2.34315,20.65500,50.00000,,20.00000,0.58857,1
198,7450,761.85101,49.66667,2.34364,20.65507,50.00000,,20.00000,0.58850,1
198,7451,761.94397,49.67333,2.34431,20.65512,50.00000,,20.00000,0.58843,1
198,7452,762.04498,49.68000,2.34521,20.65517,49.00000,,20.00000,0.58836,1
198,7453,762.14099,49.68667,2.34603,20.65527,49.00000,,20.00000,0.58829,1
198,7454,762.25000,49.69333,2.34655,20.65538,51.00000,,20.00000,0.58822,1
198,7455,762.33801,49.70000,2.34714,20.65545,51.00000,,20.00000,0.58815,1
198,7456,762.44397,49.70667,2.34764,20.65553,52.00000,,20.00000,0.58808,1
198,7457,762.54303,49.71333,2.34833,20.65560,52.00000,,20.00000,0.58801,1
198,7458,762.64502,49.72000,2.34903,20.65565,49.00000,,20.00000,0.58793,1
198,7459,762.74200,49.72667,2.34985,20.65569,49.00000,,20.00000,0.58787,1
198,7460,762.84601,49.73333,2.35062,20.65579,50.00000,,20.00000,0.58779,1
198,7461,762.95599,49.74000,2.35128,20.65589,50.00000,,20.00000,0.58771,1
198,7462,763.04901,49.74667,2.35195,20.65596,50.00000,,20.00000,0.58765,1
198,7463,763.15002,49.75333,2.35265,20.65604,50.00000,,20.00000,0.58758,1
198,7464,763.25500,49.76000,2.35336,20.65612,50.00000,,20.00000,0.58750,1
198,7465,763.34802,49.76667,2.35396,20.65617,49.00000,,20.00000,0.58744,1
198,7466,763.43903,49.77333,2.35463,20.65622,49.00000,,20.00000,0.58737,1
198,7467,763.54797,49.78000,2.35528,20.65631,51.00000,,20.00000,0.58729,1
198,7468,763.64398,49.78667,2.35604,20.65641,51.00000,,20.00000,0.58723,1
198,7469,763.76202,49.79333,2.35685,20.65649,52.00000,,20.00000,0.58714,1
198,7470,763.85101,49.80000,2.35758,20.65656,50.00000,,20.00000,0.58708,1
198,7471,763.95898,49.80667,2.35837,20.65664,49.00000,,20.00000,0.58700,1
198,7472,764.04700,49.81333,2.35931,20.65672,49.00000,,20.00000,0.58694,1
198,7473,764.14398,49.82000,2.36006,20.65679,49.00000,,20.00000,0.58687,1
198,7474,764.24902,49.82667,2.36064,20.65687,49.00000,,20.00000,0.58680,1
198,7475,764.34900,49.83333,2.36126,20.65695,50.00000,,20.00000,0.58673,1
198,7476,764.44800,49.84000,2.36175,20.65703,50.00000,,20.00000,0.58666,1
198,7477,764.55499,49.84667,2.36226,20.65710,50.00000,,20.00000,0.58658,1
198,7478,764.64203,49.85333,2.36285,20.65718,50.00000,,20.00000,0.58652,1
198,7479,764.74701,49.86000,2.36356,20.65725,50.00000,,20.00000,0.58644,1
198,7480,764.84900,49.86667,2.36434,20.65733,50.00000,,20.00000,0.58637,1
198,7481,764.95001,49.87333,2.36510,20.65741,50.00000,,20.00000,0.58630,1
198,7482,765.05603,49.88000,2.36596,20.65748,50.00000,,20.00000,0.58622,1
198,7483,765.14203,49.88667,2.36675,20.65756,50.00000,,20.00000,0.58616,1
198,7484,765.25299,49.89333,2.36755,20.65763,49.00000,,20.00000,0.58608,1
198,7485,765.34802,49.90000,2.36837,20.65771,49.00000,,20.00000,0.58602,1
198,7486,765.44299,49.90667,2.36919,20.65778,49.00000,,20.00000,0.58595,1
198,7487,765.54797,49.91333,2.37004,20.65786,50.00000,,20.00000,0.58587,1
198,7488,765.65198,49.92000,2.37068,20.65794,50.00000,,20.00000,0.58580,1
198,7489,765.75299,49.92667,2.37132,20.65801,50.00000,,20.00000,0.58573,1
198,7490,765.84900,49.93333,2.37166,20.65808,50.00000,,20.00000,0.58566,1
198,7491,765.94702,49.94000,2.37215,20.65816,49.00000,,20.00000,0.58559,1
198,7492,766.05298,49.94667,2.37362,20.65821,49.00000,,20.00000,0.58552,1
198,7493,766.14600,49.95333,2.37430,20.65826,49.00000,,20.00000,0.58545,1
198,7494,766.25000,49.96000,2.37494,20.65836,51.00000,,20.00000,0.58538,1
198,7495,766.35101,49.96667,2.37523,20.65846,52.00000,,20.00000,0.58530,1
198,7496,766.44800,49.97333,2.37565,20.65854,52.00000,,20.00000,0.58524,1
198,7497,766.55200,49.98000,2.37636,20.65861,49.00000,,20.00000,0.58516,1
198,7498,766.64899,49.98667,2.37719,20.65868,49.00000,,20.00000,0.58509,1
198,7499,766.75403,49.99333,2.37784,20.65873,49.00000,,20.00000,0.58502,1
198,7500,766.85498,50.00000,2.37840,20.65878,50.00000,,20.00000,0.58495,1
198,7501,766.95801,50.00667,2.37904,20.65888,50.00000,,20.00000,0.58487,1
198,7502,767.05603,50.01333,2.37946,20.65898,50.00000,,20.00000,0.58480,1
198,7503,767.15002,50.02000,2.38042,20.65906,50.00000,,20.00000,0.58474,1
198,7504,767.25201,50.02667,2.38182,20.65914,49.00000,,20.00000,0.58466,1
198,7505,767.34698,50.03333,2.38244,20.65921,49.00000,,20.00000,0.58460,1
198,7506,767.45398,50.04000,2.38261,20.65926,50.00000,,20.00000,0.58452,1
198,7507,767.55402,50.04667,2.38317,20.65931,50.00000,,20.00000,0.58445,1
198,7508,767.65698,50.05333,2.38430,20.65941,50.00000,,20.00000,0.58438,1
198,7509,767.75897,50.06000,2.38494,20.65951,50.00000,,20.00000,0.58430,1
198,7510,767.85699,50.06667,2.38549,20.65959,49.00000,,20.00000,0.58423,1
198,7511,767.95398,50.07333,2.38598,20.65966,49.00000,,20.00000,0.58417,1
198,7512,768.04700,50.08000,2.38660,20.65974,51.00000,,20.00000,0.58410,1
198,7513,768.15900,50.08667,2.38740,20.65982,51.00000,,20.00000,0.58402,1
198,7514,768.26001,50.09333,2.38845,20.65989,52.00000,,20.00000,0.58395,1
198,7515,768.34802,50.10000,2.38912,20.65996,52.00000,,20.00000,0.58389,1
198,7516,768.45801,50.10667,2.38979,20.65951,52.00000,,20.00000,0.58381,1
198,7517,768.55603,50.11333,2.39055,20.65959,50.00000,,20.00000,0.58374,1
198,7518,768.65997,50.12000,2.39106,20.65966,50.00000,,20.00000,0.58366,1
198,7519,768.75500,50.12667,2.39175,20.65973,50.00000,,20.00000,0.58360,1
198,7520,768.85797,50.13333,2.39295,20.65981,50.00000,,20.00000,0.58352,1
198,7521,768.96399,50.14000,2.39346,20.65989,51.00000,,20.00000,0.58345,1
198,7522,769.05603,50.14667,2.39359,20.65996,52.00000,,20.00000,0.58338,1
198,7523,769.16400,50.15333,2.39439,20.66004,52.00000,,20.00000,0.58330,1
198,7524,769.26099,50.16000,2.39488,20.66011,49.00000,,20.00000,0.58324,1
198,7525,769.35797,50.16667,2.39551,20.66019,49.00000,,20.00000,0.58317,1
198,7526,769.45599,50.17333,2.39593,20.66023,50.00000,,20.00000,0.58310,1
198,7527,769.56097,50.18000,2.39672,20.66028,50.00000,,20.00000,0.58302,1
198,7528,769.66901,50.18667,2.39752,20.66039,50.00000,,20.00000,0.58295,1
198,7529,769.76001,50.19333,2.39827,20.66049,50.00000,,20.00000,0.58288,1
198,7530,769.86200,50.20000,2.39884,20.66004,50.00000,,20.00000,0.58281,1
198,7531,769.95697,50.20667,2.39946,20.66011,49.00000,,20.00000,0.58274,1
198,7532,770.06702,50.21333,2.40034,20.66020,49.00000,,20.00000,0.58266,1
198,7533,770.16498,50.22000,2.40111,20.66025,50.00000,,20.00000,0.58259,1
198,7534,770.26398,50.22667,2.40195,20.66030,50.00000,,20.00000,0.58252,1
198,7535,770.35400,50.23333,2.40256,20.66040,50.00000,,20.00000,0.58246,1
198,7536,770.45801,50.24000,2.40328,20.65998,50.00000,,20.00000,0.58238,1
198,7537,770.56000,50.24667,2.40406,20.65953,50.00000,,20.00000,0.58231,1
198,7538,770.66498,50.25333,2.40471,20.65908,51.00000,,20.00000,0.58224,1
198,7539,770.76398,50.26000,2.40549,20.65810,49.00000,,20.00000,0.58217,1
198,7540,770.86200,50.26667,2.40626,20.65762,50.00000,,20.00000,0.58210,1
198,7541,770.96600,50.27333,2.40712,20.65713,49.00000,,20.00000,0.58202,1
198,7542,771.05902,50.28000,2.40767,20.65723,49.00000,,20.00000,0.58196,1
198,7543,771.16803,50.28667,2.40799,20.65681,50.00000,,20.00000,0.58188,1
198,7544,771.27197,50.29333,2.40871,20.65636,51.00000,,20.00000,0.58181,1
198,7545,771.37000,50.30000,2.40920,20.65644,51.00000,,20.00000,0.58174,1
198,7546,771.46802,50.30667,2.40942,20.65599,51.00000,,20.00000,0.58167,1
198,7547,771.57098,50.31333,2.41014,20.65607,49.00000,,20.00000,0.58159,1
198,7548,771.65601,50.32000,2.41150,20.65614,49.00000,,20.00000,0.58153,1
198,7549,771.76501,50.32667,2.41237,20.65569,50.00000,,20.00000,0.58145,1
198,7550,771.86200,50.33333,2.41321,20.65577,50.00000,,20.00000,0.58139,1
198,7551,771.97699,50.34000,2.41390,20.65532,50.00000,,20.00000,0.58130,1
198,7552,772.06897,50.34667,2.41438,20.65540,50.00000,,20.00000,0.58124,1
198,7553,772.16901,50.35333,2.41509,20.65547,50.00000,,20.00000,0.58117,1
198,7554,772.26599,50.36000,2.41572,20.65502,49.00000,,20.00000,0.58110,1
198,7555,772.36499,50.36667,2.41636,20.65510,49.00000,,20.00000,0.58103,1
198,7556,772.46899,50.37333,2.41715,20.65518,50.00000,,20.00000,0.58095,1
198,7557,772.56897,50.38000,2.41807,20.65473,50.00000,,20.00000,0.58088,1
198,7558,772.66803,50.38667,2.41885,20.65480,50.00000,,20.00000,0.58081,1
198,7559,772.76898,50.39333,2.41956,20.65488,50.00000,,20.00000,0.58074,1
198,7560,772.86798,50.40000,2.42027,20.65443,50.00000,,20.00000,0.58067,1
198,7561,772.97601,50.40667,2.42087,20.65451,50.00000,,20.00000,0.58059,1
198,7562,773.07202,50.41333,2.42143,20.65459,49.00000,,20.00000,0.58052,1
198,7563,773.16302,50.42000,2.42218,20.65414,49.00000,,20.00000,0.58046,1
198,7564,773.26801,50.42667,2.42291,20.65422,50.00000,,20.00000,0.58038,1
198,7565,773.36499,50.43333,2.42348,20.65430,51.00000,,20.00000,0.58031,1
198,7566,773.46198,50.44000,2.42411,20.65386,51.00000,,20.00000,0.58025,1
198,7567,773.57001,50.44667,2.42499,20.65391,49.00000,,20.00000,0.58017,1
198,7568,773.66803,50.45333,2.42556,20.65396,50.00000,,20.00000,0.58010,1
198,7569,773.76300,50.46000,2.42618,20.65407,50.00000,,20.00000,0.58003,1
198,7570,773.86401,50.46667,2.42690,20.65364,49.00000,,20.00000,0.57996,1
198,7571,773.96503,50.47333,2.42755,20.65372,49.00000,,20.00000,0.57989,1
198,7572,774.06598,50.48000,2.42806,20.65379,50.00000,,20.00000,0.57982,1
198,7573,774.16302,50.48667,2.42876,20.65387,50.00000,,20.00000,0.57975,1
198,7574,774.26801,50.49333,2.42949,20.65391,52.00000,,20.00000,0.57967,1
198,7575,774.36499,50.50000,2.43013,20.65396,52.00000,,20.00000,0.57960,1
198,7576,774.47900,50.50667,2.43102,20.65406,52.00000,,20.00000,0.57952,1
198,7577,774.57202,50.51333,2.43213,20.65415,49.00000,,20.00000,0.57945,1
198,7578,774.67902,50.52000,2.43252,20.65423,50.00000,,20.00000,0.57938,1
198,7579,774.77600,50.52667,2.43302,20.65431,50.00000,,20.00000,0.57931,1
198,7580,774.87903,50.53333,2.43402,20.65439,50.00000,,20.00000,0.57924,1
198,7581,774.97601,50.54000,2.43487,20.65445,50.00000,,20.00000,0.57917,1
198,7582,775.06097,50.54667,2.43561,20.65450,49.00000,,20.00000,0.57911,1
198,7583,775.17297,50.55333,2.43636,20.65461,49.00000,,20.00000,0.57903,1
198,7584,775.27802,50.56000,2.43702,20.65471,49.00000,,20.00000,0.57895,1
198,7585,775.36700,50.56667,2.43757,20.65479,50.00000,,20.00000,0.57889,1
198,7586,775.46997,50.57333,2.43843,20.65487,49.00000,,20.00000,0.57881,1
198,7587,775.57300,50.58000,2.43937,20.65494,51.00000,,20.00000,0.57874,1
198,7588,775.66998,50.58667,2.43986,20.65502,51.00000,,20.00000,0.57867,1
198,7589,775.77698,50.59333,2.44039,20.65510,52.00000,,20.00000,0.57860,1
198,7590,775.86499,50.60000,2.44094,20.65518,52.00000,,20.00000,0.57853,1
198,7591,775.97400,50.60667,2.44210,20.65526,49.00000,,20.00000,0.57846,1
198,7592,776.07800,50.61333,2.44255,20.65534,50.00000,,20.00000,0.57838,1
198,7593,776.17102,50.62000,2.44366,20.65542,50.00000,,20.00000,0.57831,1
198,7594,776.26703,50.62667,2.44423,20.65549,51.00000,,20.00000,0.57825,1
198,7595,776.36798,50.63333,2.44509,20.65557,51.00000,,20.00000,0.57817,1
198,7596,776.46997,50.64000,2.44582,20.65564,49.00000,,20.00000,0.57810,1
198,7597,776.57501,50.64667,2.44648,20.65572,49.00000,,20.00000,0.57803,1
198,7598,776.67603,50.65333,2.44665,20.65579,50.00000,,20.00000,0.57795,1
198,7599,776.77197,50.66000,2.44777,20.65587,50.00000,,20.00000,0.57789,1
198,7600,776.87799,50.66667,2.44879,20.65595,50.00000,,20.00000,0.57781,1
198,7601,776.97699,50.67333,2.44936,20.65602,50.00000,,20.00000,0.57774,1
198,7602,777.07599,50.68000,2.44994,20.65610,50.00000,,20.00000,0.57767,1
198,7603,777.17603,50.68667,2.45031,20.65618,49.00000,,20.00000,0.57760,1
198,7604,777.27301,50.69333,2.45061,20.65625,49.00000,,20.00000,0.57753,1
198,7605,777.37500,50.70000,2.45147,20.65580,49.00000,,20.00000,0.57746,1
198,7606,777.48401,50.70667,2.45236,20.65589,49.00000,,20.00000,0.57738,1
198,7607,777.58197,50.71333,2.45328,20.65597,50.00000,,20.00000,0.57731,1
198,7608,777.67499,50.72000,2.45405,20.65602,50.00000,,20.00000,0.57724,1
198,7609,777.77197,50.72667,2.45483,20.65608,50.00000,,20.00000,0.57717,1
198,7610,777.86700,50.73333,2.45561,20.65618,49.00000,,20.00000,0.57710,1
198,7611,777.97601,50.74000,2.45636,20.65629,49.00000,,20.00000,0.57703,1
198,7612,778.07599,50.74667,2.45722,20.65584,49.00000,,20.00000,0.57696,1
198,7613,778.17499,50.75333,2.45793,20.65592,51.00000,,20.00000,0.57689,1
198,7614,778.27301,50.76000,2.45865,20.65599,51.00000,,20.00000,0.57682,1
198,7615,778.37097,50.76667,2.45937,20.65604,52.00000,,20.00000,0.57675,1
198,7616,778.47498,50.77333,2.46010,20.65609,52.00000,,20.00000,0.57667,1
198,7617,778.57800,50.78000,2.46083,20.65619,49.00000,,20.00000,0.57660,1
198,7618,778.67700,50.78667,2.46148,20.65629,49.00000,,20.00000,0.57653,1
198,7619,778.78400,50.79333,2.46167,20.65584,50.00000,,20.00000,0.57645,1
198,7620,778.88898,50.80000,2.46262,20.65592,50.00000,,20.00000,0.57638,1
198,7621,778.97699,50.80667,2.46323,20.65600,50.00000,,20.00000,0.57631,1
198,7622,779.08002,50.81333,2.46390,20.65607,50.00000,,20.00000,0.57624,1
198,7623,779.17499,50.82000,2.46467,20.65562,50.00000,,20.00000,0.57617,1
198,7624,779.28302,50.82667,2.46549,20.65570,49.00000,,20.00000,0.57609,1
198,7625,779.39001,50.83333,2.46645,20.65525,49.00000,,20.00000,0.57602,1
198,7626,779.47998,50.84000,2.46707,20.65428,49.00000,,20.00000,0.57595,1
198,7627,779.58502,50.84667,2.46802,20.65383,50.00000,,20.00000,0.57588,1
198,7628,779.68402,50.85333,2.46888,20.65391,50.00000,,20.00000,0.57581,1
198,7629,779.78400,50.86000,2.46960,20.65347,50.00000,,20.00000,0.57574,1
198,7630,779.87799,50.86667,2.47024,20.65302,49.00000,,20.00000,0.57567,1
198,7631,779.97998,50.87333,2.47111,20.65257,49.00000,,20.00000,0.57560,1
198,7632,780.08398,50.88000,2.47185,20.65265,49.00000,,20.00000,0.57552,1
198,7633,780.17700,50.88667,2.47241,20.65221,51.00000,,20.00000,0.57546,1
198,7634,780.28497,50.89333,2.47296,20.65229,51.00000,,20.00000,0.57538,1
198,7635,780.38397,50.90000,2.47333,20.65184,52.00000,,20.00000,0.57531,1
198,7636,780.47198,50.90667,2.47381,20.65192,52.00000,,20.00000,0.57525,1
198,7637,780.57898,50.91333,2.47456,20.65147,52.00000,,20.00000,0.57517,1
198,7638,780.67798,50.92000,2.47521,20.65155,49.00000,,20.00000,0.57510,1
198,7639,780.77899,50.92667,2.47601,20.65110,49.00000,,20.00000,0.57503,1
198,7640,780.88599,50.93333,2.47683,20.65118,50.00000,,20.00000,0.57495,1
198,7641,780.98297,50.94000,2.47734,20.65126,50.00000,,20.00000,0.57488,1
198,7642,781.08197,50.94667,2.47806,20.65078,50.00000,,20.00000,0.57481,1
198,7643,781.17999,50.95333,2.47885,20.65083,50.00000,,20.00000,0.57474,1
198,7644,781.27502,50.96000,2.47963,20.65041,49.00000,,20.00000,0.57467,1
198,7645,781.38800,50.96667,2.48082,20.65052,49.00000,,20.00000,0.57459,1
198,7646,781.48297,50.97333,2.48132,20.65059,50.00000,,20.00000,0.57452,1
198,7647,781.58502,50.98000,2.48185,20.65014,50.00000,,20.00000,0.57445,1
198,7648,781.68402,50.98667,2.48264,20.64970,50.00000,,20.00000,0.57438,1
198,7649,781.78302,50.99333,2.48330,20.64922,50.00000,,20.00000,0.57431,1
198,7650,781.88702,51.00000,2.48446,20.64875,49.00000,,20.00000,0.57423,1
198,7651,781.98199,51.00667,2.48517,20.64780,49.00000,,20.00000,0.57417,1
198,7652,782.08398,51.01333,2.48570,20.64738,51.00000,,20.00000,0.57409,1
198,7653,782.18500,51.02000,2.48636,20.64693,51.00000,,20.00000,0.57402,1
198,7654,782.28497,51.02667,2.48730,20.64648,51.00000,,20.00000,0.57395,1
198,7655,782.37799,51.03333,2.48808,20.64603,51.00000,,20.00000,0.57388,1
198,7656,782.48901,51.04000,2.48905,20.64556,49.00000,,20.00000,0.57380,1
198,7657,782.59003,51.04667,2.48971,20.64508,49.00000,,20.00000,0.57373,1
198,7658,782.68298,51.05333,2.49014,20.64466,50.00000,,20.00000,0.57367,1
198,7659,782.78601,51.06000,2.49088,20.64424,50.00000,,20.00000,0.57359,1
198,7660,782.89697,51.06667,2.49158,20.64380,50.00000,,20.00000,0.57351,1
198,7661,782.98199,51.07333,2.49268,20.64335,51.00000,,20.00000,0.57345,1
198,7662,783.08502,51.08000,2.49356,20.64343,51.00000,,20.00000,0.57338,1
198,7663,783.18701,51.08667,2.49416,20.64299,51.00000,,20.00000,0.57331,1
198,7664,783.28900,51.09333,2.49490,20.64254,49.00000,,20.00000,0.57323,1
198,7665,783.38202,51.10000,2.49554,20.64209,49.00000,,20.00000,0.57317,1
198,7666,783.47900,51.10667,2.49626,20.64165,50.00000,,20.00000,0.57310,1
198,7667,783.58698,51.11333,2.49695,20.64120,50.00000,,20.00000,0.57302,1
198,7668,783.68500,51.12000,2.49774,20.64128,50.00000,,20.00000,0.57295,1
198,7669,783.78101,51.12667,2.49811,20.64083,49.00000,,20.00000,0.57288,1
198,7670,783.88898,51.13333,2.49866,20.64038,49.00000,,20.00000,0.57280,1
198,7671,783.98798,51.14000,2.49939,20.63993,49.00000,,20.00000,0.57273,1
198,7672,784.08698,51.14667,2.50026,20.63949,49.00000,,20.00000,0.57266,1
198,7673,784.18597,51.15333,2.50120,20.63957,50.00000,,20.00000,0.57259,1
198,7674,784.28998,51.16000,2.50194,20.63912,50.00000,,20.00000,0.57252,1
198,7675,784.38000,51.16667,2.50265,20.63919,50.00000,,20.00000,0.57245,1
198,7676,784.48999,51.17333,2.50334,20.63874,50.00000,,20.00000,0.57237,1
198,7677,784.58899,51.18000,2.50407,20.63882,49.00000,,20.00000,0.57230,1
198,7678,784.69299,51.18667,2.50503,20.63890,51.00000,,20.00000,0.57223,1
198,7679,784.78900,51.19333,2.50582,20.63845,51.00000,,20.00000,0.57216,1
198,7680,784.89099,51.20000,2.50670,20.63853,51.00000,,20.00000,0.57209,1
198,7681,784.98901,51.20667,2.50757,20.63862,52.00000,,20.00000,0.57202,1
198,7682,785.09003,51.21333,2.50845,20.63870,52.00000,,20.00000,0.57194,1
198,7683,785.18903,51.22000,2.50918,20.63875,49.00000,,20.00000,0.57187,1
198,7684,785.28497,51.22667,2.50934,20.63881,49.00000,,20.00000,0.57180,1
198,7685,785.39301,51.23333,2.50975,20.63891,50.00000,,20.00000,0.57173,1
198,7686,785.48602,51.24000,2.51018,20.63902,50.00000,,20.00000,0.57166,1
198,7687,785.59302,51.24667,2.51094,20.63910,50.00000,,20.00000,0.57158,1
198,7688,785.68903,51.25333,2.51167,20.63917,50.00000,,20.00000,0.57152,1
198,7689,785.78802,51.26000,2.51317,20.63925,50.00000,,20.00000,0.57145,1
198,7690,785.89301,51.26667,2.51392,20.63931,49.00000,,20.00000,0.57137,1
198,7691,785.98901,51.27333,2.51479,20.63936,49.00000,,20.00000,0.57130,1
198,7692,786.09003,51.28000,2.51539,20.63946,51.00000,,20.00000,0.57123,1
198,7693,786.19098,51.28667,2.51585,20.63956,51.00000,,20.00000,0.57116,1
198,7694,786.29401,51.29333,2.51666,20.63964,52.00000,,20.00000,0.57108,1
198,7695,786.39301,51.30000,2.51733,20.63972,52.00000,,20.00000,0.57101,1
198,7696,786.50000,51.30667,2.51802,20.63980,49.00000,,20.00000,0.57094,1
198,7697,786.59198,51.31333,2.51866,20.63985,51.00000,,20.00000,0.57087,1
198,7698,786.69397,51.32000,2.51933,20.63991,51.00000,,20.00000,0.57080,1
198,7699,786.79498,51.32667,2.52022,20.64001,51.00000,,20.00000,0.57072,1
198,7700,786.89301,51.33333,2.52088,20.64012,51.00000,,20.00000,0.57065,1
198,7701,786.99597,51.34000,2.52163,20.64020,49.00000,,20.00000,0.57058,1
198,7702,787.08899,51.34667,2.52220,20.64028,49.00000,,20.00000,0.57051,1
198,7703,787.19299,51.35333,2.52295,20.64036,50.00000,,20.00000,0.57044,1
198,7704,787.29199,51.36000,2.52404,20.64044,50.00000,,20.00000,0.57037,1
198,7705,787.39801,51.36667,2.52466,20.64052,50.00000,,20.00000,0.57029,1
198,7706,787.50299,51.37333,2.52548,20.64060,50.00000,,20.00000,0.57022,1
198,7707,787.59003,51.38000,2.52632,20.64068,50.00000,,20.00000,0.57016,1
198,7708,787.69501,51.38667,2.52680,20.64076,49.00000,,20.00000,0.57008,1
198,7709,787.79602,51.39333,2.52747,20.64084,49.00000,,20.00000,0.57001,1
198,7710,787.89801,51.40000,2.52836,20.64093,51.00000,,20.00000,0.56993,1
198,7711,787.99103,51.40667,2.52915,20.64101,51.00000,,20.00000,0.56987,1
198,7712,788.09399,51.41333,2.53004,20.64109,52.00000,,20.00000,0.56979,1
198,7713,788.19000,51.42000,2.53084,20.64117,50.00000,,20.00000,0.56973,1
198,7714,788.29303,51.42667,2.53152,20.64125,49.00000,,20.00000,0.56965,1
198,7715,788.38599,51.43333,2.53217,20.64132,49.00000,,20.00000,0.56959,1
198,7716,788.49103,51.44000,2.53257,20.64140,51.00000,,20.00000,0.56951,1
198,7717,788.59900,51.44667,2.53306,20.64145,51.00000,,20.00000,0.56943,1
198,7718,788.70300,51.45333,2.53367,20.64150,52.00000,,20.00000,0.56936,1
198,7719,788.79999,51.46000,2.53497,20.64160,52.00000,,20.00000,0.56929,1
198,7720,788.90399,51.46667,2.53565,20.64171,49.00000,,20.00000,0.56921,1
198,7721,789.00098,51.47333,2.53645,20.64179,49.00000,,20.00000,0.56915,1
198,7722,789.09497,51.48000,2.53725,20.64188,49.00000,,20.00000,0.56908,1
198,7723,789.19202,51.48667,2.53777,20.64196,50.00000,,20.00000,0.56901,1
198,7724,789.29999,51.49333,2.53797,20.64202,50.00000,,20.00000,0.56893,1
198,7725,789.39099,51.50000,2.53897,20.64208,50.00000,,20.00000,0.56887,1
198,7726,789.49902,51.50667,2.53981,20.64218,49.00000,,20.00000,0.56879,1
198,7727,789.59601,51.51333,2.54054,20.64229,49.00000,,20.00000,0.56872,1
198,7728,789.69897,51.52000,2.54130,20.64237,51.00000,,20.00000,0.56865,1
198,7729,789.79498,51.52667,2.54224,20.64245,51.00000,,20.00000,0.56858,1
198,7730,789.89398,51.53333,2.54312,20.64253,50.00000,,20.00000,0.56851,1
198,7731,789.98901,51.54000,2.54392,20.64258,50.00000,,20.00000,0.56844,1
198,7732,790.10101,51.54667,2.54485,20.64264,49.00000,,20.00000,0.56836,1
198,7733,790.19397,51.55333,2.54564,20.64275,49.00000,,20.00000,0.56829,1
198,7734,790.29602,51.56000,2.54646,20.64286,51.00000,,20.00000,0.56822,1
198,7735,790.39099,51.56667,2.54740,20.64293,51.00000,,20.00000,0.56815,1
198,7736,790.49799,51.57333,2.54831,20.64301,52.00000,,20.00000,0.56807,1
198,7737,790.59802,51.58000,2.54899,20.64309,52.00000,,20.00000,0.56800,1
198,7738,790.70203,51.58667,2.54975,20.64317,52.00000,,20.00000,0.56793,1
198,7739,790.79901,51.59333,2.55034,20.64325,49.00000,,20.00000,0.56786,1
198,7740,790.89398,51.60000,2.55072,20.64333,49.00000,,20.00000,0.56779,1
198,7741,790.99597,51.60667,2.55126,20.64341,50.00000,,20.00000,0.56772,1
198,7742,791.09802,51.61333,2.55166,20.64349,50.00000,,20.00000,0.56764,1
198,7743,791.20502,51.62000,2.55271,20.64357,50.00000,,20.00000,0.56757,1
198,7744,791.29901,51.62667,2.55436,20.64364,50.00000,,20.00000,0.56750,1
198,7745,791.40302,51.63333,2.55512,20.64372,49.00000,,20.00000,0.56742,1
198,7746,791.50098,51.64000,2.55543,20.64380,49.00000,,20.00000,0.56735,1
198,7747,791.60602,51.64667,2.55599,20.64388,51.00000,,20.00000,0.56728,1
198,7748,791.70203,51.65333,2.55672,20.64396,50.00000,,20.00000,0.56721,1
198,7749,791.80298,51.66000,2.55790,20.64404,50.00000,,20.00000,0.56714,1
198,7750,791.90900,51.66667,2.55859,20.64412,50.00000,,20.00000,0.56706,1
198,7751,792.00598,51.67333,2.55905,20.64419,49.00000,,20.00000,0.56699,1
198,7752,792.10498,51.68000,2.56001,20.64427,49.00000,,20.00000,0.56692,1
198,7753,792.21198,51.68667,2.56078,20.64436,50.00000,,20.00000,0.56684,1
198,7754,792.30499,51.69333,2.56143,20.64444,50.00000,,20.00000,0.56678,1
198,7755,792.40601,51.70000,2.56212,20.64452,51.00000,,20.00000,0.56670,1
198,7756,792.50897,51.70667,2.56295,20.64460,51.00000,,20.00000,0.56663,1
198,7757,792.60199,51.71333,2.56381,20.64468,49.00000,,20.00000,0.56656,1
198,7758,792.71399,51.72000,2.56453,20.64473,49.00000,,20.00000,0.56648,1
198,7759,792.80402,51.72667,2.56490,20.64479,49.00000,,20.00000,0.56642,1
198,7760,792.91302,51.73333,2.56568,20.64489,50.00000,,20.00000,0.56634,1
198,7761,793.00897,51.74000,2.56655,20.64500,50.00000,,20.00000,0.56627,1
198,7762,793.10199,51.74667,2.56721,20.64507,50.00000,,20.00000,0.56621,1
198,7763,793.21399,51.75333,2.56786,20.64515,50.00000,,20.00000,0.56613,1
198,7764,793.31702,51.76000,2.56855,20.64524,49.00000,,20.00000,0.56605,1
198,7765,793.41101,51.76667,2.56928,20.64529,50.00000,,20.00000,0.56598,1
198,7766,793.51300,51.77333,2.57011,20.64534,50.00000,,20.00000,0.56591,1
198,7767,793.60999,51.78000,2.57092,20.64545,50.00000,,20.00000,0.56584,1
198,7768,793.70599,51.78667,2.57180,20.64556,50.00000,,20.00000,0.56577,1
198,7769,793.81201,51.79333,2.57258,20.64564,49.00000,,20.00000,0.56570,1
198,7770,793.90802,51.80000,2.57331,20.64572,49.00000,,20.00000,0.56563,1
198,7771,794.01599,51.80667,2.57374,20.64581,49.00000,,20.00000,0.56555,1
198,7772,794.11102,51.81333,2.57419,20.64586,49.00000,,20.00000,0.56548,1
198,7773,794.21198,51.82000,2.57466,20.64591,50.00000,,20.00000,0.56541,1
198,7774,794.31097,51.82667,2.57548,20.64602,50.00000,,20.00000,0.56534,1
198,7775,794.41199,51.83333,2.57603,20.64613,50.00000,,20.00000,0.56527,1
198,7776,794.51099,51.84000,2.57678,20.64621,50.00000,,20.00000,0.56520,1
198,7777,794.61200,51.84667,2.57760,20.64629,50.00000,,20.00000,0.56512,1
198,7778,794.71600,51.85333,2.57830,20.64638,50.00000,,20.00000,0.56505,1
198,7779,794.81201,51.86000,2.57890,20.64646,50.00000,,20.00000,0.56498,1
198,7780,794.91101,51.86667,2.57944,20.64654,50.00000,,20.00000,0.56491,1
198,7781,795.00800,51.87333,2.57990,20.64662,50.00000,,20.00000,0.56484,1
198,7782,795.11499,51.88000,2.58082,20.64670,49.00000,,20.00000,0.56476,1
198,7783,795.21002,51.88667,2.58162,20.64678,51.00000,,20.00000,0.56469,1
198,7784,795.31403,51.89333,2.58246,20.64686,49.00000,,20.00000,0.56462,1
198,7785,795.41302,51.90000,2.58336,20.64693,49.00000,,20.00000,0.56455,1
198,7786,795.51801,51.90667,2.58406,20.64701,50.00000,,20.00000,0.56447,1
198,7787,795.62000,51.91333,2.58482,20.64710,50.00000,,20.00000,0.56440,1
198,7788,795.71698,51.92000,2.58557,20.64717,49.00000,,20.00000,0.56433,1
198,7789,795.81500,51.92667,2.58632,20.64725,49.00000,,20.00000,0.56426,1
198,7790,795.91998,51.93333,2.58723,20.64734,49.00000,,20.00000,0.56418,1
198,7791,796.01898,51.94000,2.58798,20.64742,49.00000,,20.00000,0.56411,1
198,7792,796.11298,51.94667,2.58844,20.64750,51.00000,,20.00000,0.56405,1
198,7793,796.22198,51.95333,2.58901,20.64759,51.00000,,20.00000,0.56397,1
198,7794,796.31799,51.96000,2.58954,20.64767,51.00000,,20.00000,0.56390,1
198,7795,796.41498,51.96667,2.58986,20.64775,51.00000,,20.00000,0.56383,1
198,7796,796.51300,51.97333,2.59040,20.64731,49.00000,,20.00000,0.56376,1
198,7797,796.62598,51.98000,2.59155,20.64740,49.00000,,20.00000,0.56368,1
198,7798,796.71399,51.98667,2.59234,20.64749,49.00000,,20.00000,0.56361,1
198,7799,796.81097,51.99333,2.59309,20.64757,50.00000,,20.00000,0.56354,1
