run_id,point_index,temperature_C,time_min,dsc_mW_mg,mass_pct,purge1_ml_min,purge2_ml_min,protective_ml_min,sensitivity_uV_mW,segment
028,0,25.14500,0.00000,-1.834429e-002,,,,,1.07971,1
028,1,25.14900,0.01000,-1.851163e-002,,,,,1.07970,1
028,2,25.13500,0.02000,-1.867864e-002,,,,,1.07972,1
028,3,25.13600,0.03000,-1.862290e-002,,,,,1.07972,1
028,4,25.13600,0.04000,-1.856714e-002,,,,,1.07972,1
028,5,25.13500,0.05000,-1.851137e-002,,,,,1.07972,1
028,6,25.13600,0.06000,-1.851139e-002,,,,,1.07972,1
028,7,25.13800,0.07000,-1.851143e-002,,,,,1.07971,1
028,8,25.13500,0.08000,-1.867864e-002,,,,,1.07972,1
028,9,25.15000,0.09000,-1.873468e-002,,,,,1.07970,1
028,10,25.13200,0.10000,-1.867858e-002,,,,,1.07972,1
028,11,25.14100,0.11000,-1.862300e-002,,,,,1.07971,1
028,12,25.14300,0.12000,-1.851152e-002,,,,,1.07971,1
028,13,25.13700,0.13000,-1.828838e-002,,,,,1.07972,1
028,14,25.13700,0.14000,-1.817686e-002,,,,,1.07972,1
028,15,25.13700,0.15000,-1.834414e-002,,,,,1.07972,1
028,16,25.15500,0.16000,-1.840023e-002,,,,,1.07970,1
028,17,25.14000,0.17000,-1.845571e-002,,,,,1.07971,1
028,18,25.13700,0.18000,-1.839989e-002,,,,,1.07972,1
028,19,25.14700,0.19000,-1.845584e-002,,,,,1.07970,1
028,20,25.15200,0.20000,-1.856745e-002,,,,,1.07970,1
028,21,25.14500,0.21000,-1.862307e-002,,,,,1.07971,1
028,22,25.14500,0.22000,-1.867883e-002,,,,,1.07971,1
028,23,25.14500,0.23000,-1.845580e-002,,,,,1.07971,1
028,24,25.14600,0.24000,-1.840006e-002,,,,,1.07971,1
028,25,25.16300,0.25000,-1.851190e-002,,,,,1.07969,1
028,26,25.15000,0.26000,-1.851165e-002,,,,,1.07970,1
028,27,25.15900,0.27000,-1.867910e-002,,,,,1.07969,1
028,28,25.14800,0.28000,-1.879040e-002,,,,,1.07970,1
028,29,25.14200,0.29000,-1.867877e-002,,,,,1.07971,1
028,30,25.14100,0.30000,-1.856724e-002,,,,,1.07971,1
028,31,25.13700,0.31000,-1.839989e-002,,,,,1.07972,1
028,32,25.15600,0.32000,-1.851176e-002,,,,,1.07969,1
028,33,25.15100,0.33000,-1.862319e-002,,,,,1.07970,1
028,34,25.15900,0.34000,-1.856758e-002,,,,,1.07969,1
028,35,25.16200,0.35000,-1.845612e-002,,,,,1.07969,1
028,36,25.15700,0.36000,-1.840027e-002,,,,,1.07969,1
028,37,25.14600,0.37000,-1.845582e-002,,,,,1.07971,1
028,38,25.16600,0.38000,-1.834468e-002,,,,,1.07968,1
028,39,25.16000,0.39000,-1.828881e-002,,,,,1.07969,1
028,40,25.16000,0.40000,-1.828881e-002,,,,,1.07969,1
028,41,25.16600,0.41000,-1.840044e-002,,,,,1.07968,1
028,42,25.15900,0.42000,-1.834455e-002,,,,,1.07969,1
028,43,25.16800,0.43000,-1.845623e-002,,,,,1.07968,1
028,44,25.17100,0.44000,-1.851205e-002,,,,,1.07968,1
028,45,25.16500,0.45000,-1.823314e-002,,,,,1.07968,1
028,46,25.17400,0.46000,-1.840059e-002,,,,,1.07968,1
028,47,25.17100,0.47000,-1.823325e-002,,,,,1.07968,1
028,48,25.17000,0.48000,-1.845627e-002,,,,,1.07968,1
028,49,25.16500,0.49000,-1.867921e-002,,,,,1.07968,1
028,50,25.17400,0.50000,-1.873514e-002,,,,,1.07968,1
028,51,25.16000,0.51000,-1.873488e-002,,,,,1.07969,1
028,52,25.19100,0.52000,-1.856819e-002,,,,,1.07966,1
028,53,25.17700,0.53000,-1.840064e-002,,,,,1.07967,1
028,54,25.17000,0.54000,-1.867931e-002,,,,,1.07968,1
028,55,25.16500,0.55000,-1.873497e-002,,,,,1.07968,1
028,56,25.17900,0.56000,-1.879100e-002,,,,,1.07967,1
028,57,25.18600,0.57000,-1.867961e-002,,,,,1.07966,1
028,58,25.18200,0.58000,-1.862378e-002,,,,,1.07967,1
028,59,25.19400,0.59000,-1.884705e-002,,,,,1.07965,1
028,60,25.19300,0.60000,-1.901431e-002,,,,,1.07965,1
028,61,25.19900,0.61000,-1.907018e-002,,,,,1.07965,1
028,62,25.20500,0.62000,-1.907030e-002,,,,,1.07964,1
028,63,25.20400,0.63000,-1.907028e-002,,,,,1.07964,1
028,64,25.21300,0.64000,-1.884741e-002,,,,,1.07963,1
028,65,25.21400,0.65000,-1.895895e-002,,,,,1.07963,1
028,66,25.22200,0.66000,-1.929368e-002,,,,,1.07962,1
028,67,25.20400,0.67000,-1.934909e-002,,,,,1.07964,1
028,68,25.20100,0.68000,-1.940479e-002,,,,,1.07965,1
028,69,25.21600,0.69000,-1.940509e-002,,,,,1.07963,1
028,70,25.21900,0.70000,-1.990700e-002,,,,,1.07963,1
028,71,25.21100,0.71000,-1.973956e-002,,,,,1.07963,1
028,72,25.22500,0.72000,-1.962831e-002,,,,,1.07962,1
028,73,25.21900,0.73000,-1.968395e-002,,,,,1.07963,1
028,74,25.23400,0.74000,-1.979578e-002,,,,,1.07961,1
028,75,25.23400,0.75000,-1.990731e-002,,,,,1.07961,1
028,76,25.23300,0.76000,-1.996305e-002,,,,,1.07961,1
028,77,25.25000,0.77000,-1.996340e-002,,,,,1.07959,1
028,78,25.27300,0.78000,-2.013116e-002,,,,,1.07957,1
028,79,25.27600,0.79000,-2.035428e-002,,,,,1.07956,1
028,80,25.27600,0.80000,-2.041005e-002,,,,,1.07956,1
028,81,25.27900,0.81000,-2.046587e-002,,,,,1.07956,1
028,82,25.27300,0.82000,-2.074457e-002,,,,,1.07957,1
028,83,25.29200,0.83000,-2.102381e-002,,,,,1.07955,1
028,84,25.29600,0.84000,-2.102389e-002,,,,,1.07954,1
028,85,25.30000,0.85000,-2.102398e-002,,,,,1.07954,1
028,86,25.30000,0.86000,-2.080091e-002,,,,,1.07954,1
028,87,25.29700,0.87000,-2.085661e-002,,,,,1.07954,1
028,88,25.30900,0.88000,-2.102417e-002,,,,,1.07953,1
028,89,25.32300,0.89000,-2.135908e-002,,,,,1.07951,1
028,90,25.32500,0.90000,-2.152642e-002,,,,,1.07951,1
028,91,25.32500,0.91000,-2.147065e-002,,,,,1.07951,1
028,92,25.33400,0.92000,-2.186123e-002,,,,,1.07950,1
028,93,25.34000,0.93000,-2.214021e-002,,,,,1.07949,1
028,94,25.33900,0.94000,-2.230749e-002,,,,,1.07949,1
028,95,25.36400,0.95000,-2.230806e-002,,,,,1.07947,1
028,96,25.35400,0.96000,-2.230783e-002,,,,,1.07948,1
028,97,25.36300,0.97000,-2.247535e-002,,,,,1.07947,1
028,98,25.38000,0.98000,-2.269882e-002,,,,,1.07945,1
028,99,25.38100,0.99000,-2.269885e-002,,,,,1.07945,1
028,100,25.38400,1.00000,-2.269891e-002,,,,,1.07944,1
028,101,25.39400,1.01000,-2.281069e-002,,,,,1.07943,1
028,102,25.40200,1.02000,-2.297819e-002,,,,,1.07942,1
028,103,25.41300,1.03000,-2.325732e-002,,,,,1.07941,1
028,104,25.41600,1.04000,-2.348048e-002,,,,,1.07941,1
028,105,25.42800,1.05000,-2.359231e-002,,,,,1.07940,1
028,106,25.42800,1.06000,-2.375964e-002,,,,,1.07940,1
028,107,25.44500,1.07000,-2.398315e-002,,,,,1.07938,1
028,108,25.44200,1.08000,-2.403885e-002,,,,,1.07938,1
028,109,25.46100,1.09000,-2.415086e-002,,,,,1.07936,1
028,110,25.47600,1.10000,-2.437434e-002,,,,,1.07934,1
028,111,25.48100,1.11000,-2.437446e-002,,,,,1.07934,1
028,112,25.47600,1.12000,-2.493211e-002,,,,,1.07934,1
028,113,25.49300,1.13000,-2.582498e-002,,,,,1.07932,1
028,114,25.49300,1.14000,-2.554609e-002,,,,,1.07932,1
028,115,25.50300,1.15000,-2.543480e-002,,,,,1.07931,1
028,116,25.52500,1.16000,-2.543537e-002,,,,,1.07929,1
028,117,25.53800,1.17000,-2.560304e-002,,,,,1.07927,1
028,118,25.52900,1.18000,-2.582593e-002,,,,,1.07928,1
028,119,25.54900,1.19000,-2.599380e-002,,,,,1.07926,1
028,120,25.57400,1.20000,-2.616181e-002,,,,,1.07923,1
028,121,25.57700,1.21000,-2.627345e-002,,,,,1.07923,1
028,122,25.57800,1.22000,-2.644082e-002,,,,,1.07923,1
028,123,25.57500,1.23000,-2.666387e-002,,,,,1.07923,1
028,124,25.60100,1.24000,-2.688771e-002,,,,,1.07921,1
028,125,25.59700,1.25000,-2.716652e-002,,,,,1.07921,1
028,126,25.61500,1.26000,-2.744594e-002,,,,,1.07919,1
028,127,25.63200,1.27000,-2.778113e-002,,,,,1.07917,1
028,128,25.62300,1.28000,-2.828294e-002,,,,,1.07918,1
028,129,25.64400,1.29000,-2.828355e-002,,,,,1.07916,1
028,130,25.65500,1.30000,-2.828386e-002,,,,,1.07915,1
028,131,25.67100,1.31000,-2.828432e-002,,,,,1.07913,1
028,132,25.68800,1.32000,-2.834060e-002,,,,,1.07911,1
028,133,25.69400,1.33000,-2.834077e-002,,,,,1.07910,1
028,134,25.70500,1.34000,-2.839689e-002,,,,,1.07909,1
028,135,25.72200,1.35000,-2.929002e-002,,,,,1.07907,1
028,136,25.73800,1.36000,-2.945788e-002,,,,,1.07905,1
028,137,25.73700,1.37000,-2.940206e-002,,,,,1.07906,1
028,138,25.74600,1.38000,-2.973708e-002,,,,,1.07905,1
028,139,25.75800,1.39000,-2.979324e-002,,,,,1.07903,1
028,140,25.79500,1.40000,-3.018492e-002,,,,,1.07899,1
028,141,25.80800,1.41000,-3.057589e-002,,,,,1.07898,1
028,142,25.80100,1.42000,-3.085465e-002,,,,,1.07898,1
028,143,25.82200,1.43000,-3.119009e-002,,,,,1.07896,1
028,144,25.83000,1.44000,-3.141353e-002,,,,,1.07895,1
028,145,25.86000,1.45000,-3.141449e-002,,,,,1.07892,1
028,146,25.86200,1.46000,-3.163775e-002,,,,,1.07892,1
028,147,25.88000,1.47000,-3.197313e-002,,,,,1.07890,1
028,148,25.88800,1.48000,-3.236399e-002,,,,,1.07889,1
028,149,25.88700,1.49000,-3.258715e-002,,,,,1.07889,1
028,150,25.91200,1.50000,-3.281119e-002,,,,,1.07886,1
028,151,25.94500,1.51000,-3.292390e-002,,,,,1.07883,1
028,152,25.96300,1.52000,-3.325934e-002,,,,,1.07881,1
028,153,25.98100,1.53000,-3.370639e-002,,,,,1.07879,1
028,154,25.99100,1.54000,-3.409738e-002,,,,,1.07878,1
028,155,26.00000,1.55000,-3.443253e-002,,,,,1.07877,1
028,156,26.03200,1.56000,-3.454526e-002,,,,,1.07873,1
028,157,26.03800,1.57000,-3.448967e-002,,,,,1.07872,1
028,158,26.07200,1.58000,-3.454668e-002,,,,,1.07869,1
028,159,26.06700,1.59000,-3.471393e-002,,,,,1.07869,1
028,160,26.10000,1.60000,-3.488254e-002,,,,,1.07866,1
028,161,26.10700,1.61000,-3.544091e-002,,,,,1.07865,1
028,162,26.13100,1.62000,-3.566503e-002,,,,,1.07862,1
028,163,26.15400,1.63000,-3.600076e-002,,,,,1.07860,1
028,164,26.16300,1.64000,-3.611273e-002,,,,,1.07859,1
028,165,26.19700,1.65000,-3.661634e-002,,,,,1.07855,1
028,166,26.20100,1.66000,-3.678394e-002,,,,,1.07854,1
028,167,26.21500,1.67000,-3.672865e-002,,,,,1.07853,1
028,168,26.24100,1.68000,-3.706455e-002,,,,,1.07850,1
028,169,26.26900,1.69000,-3.779129e-002,,,,,1.07847,1
028,170,26.27800,1.70000,-3.807075e-002,,,,,1.07846,1
028,171,26.29600,1.71000,-3.818310e-002,,,,,1.07844,1
028,172,26.31700,1.72000,-3.823974e-002,,,,,1.07842,1
028,173,26.33900,1.73000,-3.840808e-002,,,,,1.07839,1
028,174,26.36200,1.74000,-3.879977e-002,,,,,1.07837,1
028,175,26.38500,1.75000,-3.896816e-002,,,,,1.07834,1
028,176,26.42000,1.76000,-3.941620e-002,,,,,1.07830,1
028,177,26.41400,1.77000,-3.975094e-002,,,,,1.07831,1
028,178,26.45100,1.78000,-4.003160e-002,,,,,1.07827,1
028,179,26.46100,1.79000,-4.036701e-002,,,,,1.07826,1
028,180,26.49100,1.80000,-4.053575e-002,,,,,1.07822,1
028,181,26.51200,1.81000,-4.092747e-002,,,,,1.07820,1
028,182,26.54800,1.82000,-4.109649e-002,,,,,1.07816,1
028,183,26.56800,1.83000,-4.132069e-002,,,,,1.07814,1
028,184,26.59200,1.84000,-4.137754e-002,,,,,1.07811,1
028,185,26.61200,1.85000,-4.165759e-002,,,,,1.07809,1
028,186,26.63600,1.86000,-4.193782e-002,,,,,1.07806,1
028,187,26.65100,1.87000,-4.232937e-002,,,,,1.07805,1
028,188,26.67700,1.88000,-4.249804e-002,,,,,1.07802,1
028,189,26.70000,1.89000,-4.283411e-002,,,,,1.07799,1
028,190,26.73000,1.90000,-4.328221e-002,,,,,1.07796,1
028,191,26.75000,1.91000,-4.350649e-002,,,,,1.07794,1
028,192,26.77100,1.92000,-4.395423e-002,,,,,1.07792,1
028,193,26.79400,1.93000,-4.401112e-002,,,,,1.07789,1
028,194,26.82900,1.94000,-4.412440e-002,,,,,1.07785,1
028,195,26.85200,1.95000,-4.457227e-002,,,,,1.07783,1
028,196,26.87700,1.96000,-4.479684e-002,,,,,1.07780,1
028,197,26.90200,1.97000,-4.479799e-002,,,,,1.07777,1
028,198,26.93000,1.98000,-4.507857e-002,,,,,1.07774,1
028,199,26.95800,1.99000,-4.535916e-002,,,,,1.07771,1
028,200,26.96700,2.00000,-4.541544e-002,,,,,1.07770,1
028,201,27.01100,2.01000,-4.614372e-002,,,,,1.07765,1
028,202,27.04000,2.02000,-4.636856e-002,,,,,1.07762,1
028,203,27.06700,2.03000,-4.625810e-002,,,,,1.07759,1
028,204,27.09200,2.04000,-4.642689e-002,,,,,1.07756,1
028,205,27.10800,2.05000,-4.670700e-002,,,,,1.07754,1
028,206,27.14900,2.06000,-4.698832e-002,,,,,1.07750,1
028,207,27.17000,2.07000,-4.710108e-002,,,,,1.07748,1
028,208,27.19700,2.08000,-4.754938e-002,,,,,1.07745,1
028,209,27.22600,2.09000,-4.783017e-002,,,,,1.07741,1
028,210,27.23700,2.10000,-4.822185e-002,,,,,1.07740,1
028,211,27.27600,2.11000,-4.855905e-002,,,,,1.07736,1
028,212,27.31700,2.12000,-4.867285e-002,,,,,1.07731,1
028,213,27.34600,2.13000,-4.900960e-002,,,,,1.07728,1
028,214,27.37600,2.14000,-4.945818e-002,,,,,1.07725,1
028,215,27.40900,2.15000,-4.962752e-002,,,,,1.07721,1
028,216,27.43800,2.16000,-4.990843e-002,,,,,1.07718,1
028,217,27.47200,2.17000,-5.030141e-002,,,,,1.07714,1
028,218,27.51100,2.18000,-5.069467e-002,,,,,1.07710,1
028,219,27.53800,2.19000,-5.091965e-002,,,,,1.07707,1
028,220,27.56700,2.20000,-5.120064e-002,,,,,1.07704,1
028,221,27.60100,2.21000,-5.142601e-002,,,,,1.07700,1
028,222,27.63000,2.22000,-5.193064e-002,,,,,1.07697,1
028,223,27.65900,2.23000,-5.193218e-002,,,,,1.07694,1
028,224,27.69300,2.24000,-5.221351e-002,,,,,1.07690,1
028,225,27.71700,2.25000,-5.243841e-002,,,,,1.07687,1
028,226,27.76300,2.26000,-5.255270e-002,,,,,1.07682,1
028,227,27.79200,2.27000,-5.266608e-002,,,,,1.07679,1
028,228,27.82400,2.28000,-5.322692e-002,,,,,1.07675,1
028,229,27.86800,2.29000,-5.345297e-002,,,,,1.07671,1
028,230,27.90600,2.30000,-5.356688e-002,,,,,1.07666,1
028,231,27.93600,2.31000,-5.362445e-002,,,,,1.07663,1
028,232,27.97100,2.32000,-5.379413e-002,,,,,1.07659,1
028,233,28.00300,2.33000,-5.390774e-002,,,,,1.07656,1
028,234,28.03200,2.34000,-5.441264e-002,,,,,1.07652,1
028,235,28.08100,2.35000,-5.475093e-002,,,,,1.07647,1
028,236,28.10700,2.36000,-5.508795e-002,,,,,1.07644,1
028,237,28.14500,2.37000,-5.548160e-002,,,,,1.07640,1
028,238,28.18600,2.38000,-5.598732e-002,,,,,1.07635,1
028,239,28.22000,2.39000,-5.621301e-002,,,,,1.07632,1
028,240,28.27300,2.40000,-5.610419e-002,,,,,1.07626,1
028,241,28.30200,2.41000,-5.627367e-002,,,,,1.07623,1
028,242,28.34400,2.42000,-5.655580e-002,,,,,1.07618,1
028,243,28.38300,2.43000,-5.689373e-002,,,,,1.07614,1
028,244,28.41200,2.44000,-5.734297e-002,,,,,1.07610,1
028,245,28.45700,2.45000,-5.762536e-002,,,,,1.07605,1
028,246,28.51000,2.46000,-5.785230e-002,,,,,1.07600,1
028,247,28.54000,2.47000,-5.802193e-002,,,,,1.07596,1
028,248,28.57400,2.48000,-5.835968e-002,,,,,1.07593,1
028,249,28.61100,2.49000,-5.830594e-002,,,,,1.07588,1
028,250,28.64400,2.50000,-5.847579e-002,,,,,1.07585,1
028,251,28.69400,2.51000,-5.847880e-002,,,,,1.07579,1
028,252,28.74100,2.52000,-5.887336e-002,,,,,1.07574,1
028,253,28.77000,2.53000,-5.926687e-002,,,,,1.07571,1
028,254,28.82400,2.54000,-5.960597e-002,,,,,1.07565,1
028,255,28.86400,2.55000,-6.000021e-002,,,,,1.07560,1
028,256,28.90400,2.56000,-6.000268e-002,,,,,1.07556,1
028,257,28.94400,2.57000,-6.017307e-002,,,,,1.07552,1
028,258,28.98400,2.58000,-6.039945e-002,,,,,1.07547,1
028,259,29.00900,2.59000,-6.073688e-002,,,,,1.07544,1
028,260,29.06500,2.60000,-6.118823e-002,,,,,1.07538,1
028,261,29.11300,2.61000,-6.107928e-002,,,,,1.07533,1
028,262,29.15100,2.62000,-6.124963e-002,,,,,1.07529,1
028,263,29.19600,2.63000,-6.136444e-002,,,,,1.07524,1
028,264,29.26000,2.64000,-6.148047e-002,,,,,1.07517,1
028,265,29.29500,2.65000,-6.181865e-002,,,,,1.07513,1
028,266,29.33700,2.66000,-6.198931e-002,,,,,1.07508,1
028,267,29.39000,2.67000,-6.238470e-002,,,,,1.07502,1
028,268,29.43200,2.68000,-6.272341e-002,,,,,1.07498,1
028,269,29.48000,2.69000,-6.267051e-002,,,,,1.07492,1
028,270,29.52100,2.70000,-6.272916e-002,,,,,1.07488,1
028,271,29.56900,2.71000,-6.329236e-002,,,,,1.07483,1
028,272,29.61200,2.72000,-6.335118e-002,,,,,1.07478,1
028,273,29.67600,2.73000,-6.380349e-002,,,,,1.07471,1
028,274,29.72700,2.74000,-6.425501e-002,,,,,1.07465,1
028,275,29.76400,2.75000,-6.453757e-002,,,,,1.07461,1
028,276,29.82100,2.76000,-6.482148e-002,,,,,1.07455,1
028,277,29.86000,2.77000,-6.516025e-002,,,,,1.07450,1
028,278,29.90400,2.78000,-6.516321e-002,,,,,1.07445,1
028,279,29.95700,2.79000,-6.527883e-002,,,,,1.07440,1
028,280,29.99800,2.80000,-6.533763e-002,,,,,1.07435,1
028,281,30.04900,2.81000,-6.550917e-002,,,,,1.07429,1
028,282,30.09800,2.82000,-6.584873e-002,,,,,1.07424,1
028,283,30.17000,2.83000,-6.613385e-002,,,,,1.07416,1
028,284,30.19800,2.84000,-6.635994e-002,,,,,1.07413,1
028,285,30.25500,2.85000,-6.709249e-002,,,,,1.07407,1
028,286,30.30700,2.86000,-6.709609e-002,,,,,1.07401,1
028,287,30.36100,2.87000,-6.721194e-002,,,,,1.07395,1
028,288,30.41700,2.88000,-6.727188e-002,,,,,1.07389,1
028,289,30.47400,2.89000,-6.755616e-002,,,,,1.07382,1
028,290,30.52000,2.90000,-6.778362e-002,,,,,1.07377,1
028,291,30.57700,2.91000,-6.789975e-002,,,,,1.07371,1
028,292,30.62700,2.92000,-6.823968e-002,,,,,1.07365,1
028,293,30.69100,2.93000,-6.852457e-002,,,,,1.07358,1
028,294,30.73600,2.94000,-6.869598e-002,,,,,1.07353,1
028,295,30.76700,2.95000,-6.875426e-002,,,,,1.07350,1
028,296,30.83600,2.96000,-6.881524e-002,,,,,1.07342,1
028,297,30.90200,2.97000,-6.898819e-002,,,,,1.07335,1
028,298,30.94800,2.98000,-6.938410e-002,,,,,1.07330,1
028,299,30.99600,2.99000,-6.961192e-002,,,,,1.07325,1
028,300,31.05900,3.00000,-6.978473e-002,,,,,1.07318,1
028,301,31.13400,3.01000,-6.995845e-002,,,,,1.07309,1
028,302,31.18400,3.02000,-6.996206e-002,,,,,1.07304,1
028,303,31.23100,3.03000,-7.030210e-002,,,,,1.07298,1
028,304,31.29900,3.04000,-7.058759e-002,,,,,1.07291,1
028,305,31.34900,3.05000,-7.070347e-002,,,,,1.07285,1
028,306,31.41600,3.06000,-7.087672e-002,,,,,1.07278,1
028,307,31.46900,3.07000,-7.138569e-002,,,,,1.07272,1
028,308,31.53700,3.08000,-7.161520e-002,,,,,1.07265,1
028,309,31.59200,3.09000,-7.173153e-002,,,,,1.07258,1
028,310,31.65800,3.10000,-7.179256e-002,,,,,1.07251,1
028,311,31.70900,3.11000,-7.196475e-002,,,,,1.07245,1
028,312,31.76100,3.12000,-7.230545e-002,,,,,1.07240,1
028,313,31.83500,3.13000,-7.253555e-002,,,,,1.07231,1
028,314,31.89300,3.14000,-7.276448e-002,,,,,1.07225,1
028,315,31.95000,3.15000,-7.304952e-002,,,,,1.07219,1
028,316,32.01800,3.16000,-7.316697e-002,,,,,1.07211,1
028,317,32.08400,3.17000,-7.334043e-002,,,,,1.07204,1
028,318,32.15300,3.18000,-7.373879e-002,,,,,1.07196,1
028,319,32.19600,3.19000,-7.368591e-002,,,,,1.07191,1
028,320,32.26800,3.20000,-7.369141e-002,,,,,1.07183,1
028,321,32.32400,3.21000,-7.386419e-002,,,,,1.07177,1
028,322,32.39700,3.22000,-7.403830e-002,,,,,1.07169,1
028,323,32.44600,3.23000,-7.404206e-002,,,,,1.07164,1
028,324,32.51300,3.24000,-7.460902e-002,,,,,1.07156,1
028,325,32.57400,3.25000,-7.489465e-002,,,,,1.07149,1
028,326,32.62900,3.26000,-7.512367e-002,,,,,1.07143,1
028,327,32.71200,3.27000,-7.546729e-002,,,,,1.07134,1
028,328,32.77500,3.28000,-7.597799e-002,,,,,1.07127,1
028,329,32.83900,3.29000,-7.603924e-002,,,,,1.07120,1
028,330,32.90400,3.30000,-7.598815e-002,,,,,1.07113,1
028,331,32.96400,3.31000,-7.610529e-002,,,,,1.07106,1
028,332,33.03000,3.32000,-7.633535e-002,,,,,1.07099,1
028,333,33.11100,3.33000,-7.651041e-002,,,,,1.07090,1
028,334,33.16300,3.34000,-7.673941e-002,,,,,1.07084,1
028,335,33.22900,3.35000,-7.758801e-002,,,,,1.07077,1
028,336,33.29900,3.36000,-7.764988e-002,,,,,1.07069,1
028,337,33.38200,3.37000,-7.765656e-002,,,,,1.07060,1
028,338,33.42800,3.38000,-7.777275e-002,,,,,1.07055,1
028,339,33.49000,3.39000,-7.794646e-002,,,,,1.07048,1
028,340,33.58100,3.40000,-7.817880e-002,,,,,1.07038,1
028,341,33.65900,3.41000,-7.812889e-002,,,,,1.07029,1
028,342,33.72000,3.42000,-7.847135e-002,,,,,1.07022,1
028,343,33.77800,3.43000,-7.892612e-002,,,,,1.07016,1
028,344,33.86100,3.44000,-7.927048e-002,,,,,1.07007,1
028,345,33.93300,3.45000,-7.955773e-002,,,,,1.06999,1
028,346,34.00100,3.46000,-7.984470e-002,,,,,1.06991,1
028,347,34.05700,3.47000,-7.990562e-002,,,,,1.06985,1
028,348,34.13000,3.48000,-8.058699e-002,,,,,1.06977,1
028,349,34.21600,3.49000,-8.053791e-002,,,,,1.06967,1
028,350,34.29100,3.50000,-8.060048e-002,,,,,1.06959,1
028,351,34.35800,3.51000,-8.094383e-002,,,,,1.06951,1
028,352,34.44700,3.52000,-8.145797e-002,,,,,1.06941,1
028,353,34.51300,3.53000,-8.151986e-002,,,,,1.06934,1
028,354,34.58500,3.54000,-8.158227e-002,,,,,1.06926,1
028,355,34.64900,3.55000,-8.170031e-002,,,,,1.06919,1
028,356,34.72000,3.56000,-8.198791e-002,,,,,1.06911,1
028,357,34.81000,3.57000,-8.222085e-002,,,,,1.06901,1
028,358,34.87500,3.58000,-8.233905e-002,,,,,1.06894,1
028,359,34.96200,3.59000,-8.234651e-002,,,,,1.06884,1
028,360,35.03400,3.60000,-8.246534e-002,,,,,1.06876,1
028,361,35.11000,3.61000,-8.297887e-002,,,,,1.06868,1
028,362,35.19200,3.62000,-8.343666e-002,,,,,1.06858,1
028,363,35.26400,3.63000,-8.338658e-002,,,,,1.06850,1
028,364,35.33700,3.64000,-8.356196e-002,,,,,1.06842,1
028,365,35.41300,3.65000,-8.373764e-002,,,,,1.06834,1
028,366,35.49700,3.66000,-8.419581e-002,,,,,1.06825,1
028,367,35.57400,3.67000,-8.437166e-002,,,,,1.06816,1
028,368,35.65800,3.68000,-8.437904e-002,,,,,1.06807,1
028,369,35.73800,3.69000,-8.455520e-002,,,,,1.06798,1
028,370,35.80500,3.70000,-8.512485e-002,,,,,1.06790,1
028,371,35.89200,3.71000,-8.524533e-002,,,,,1.06781,1
028,372,35.97700,3.72000,-8.598588e-002,,,,,1.06771,1
028,373,36.05300,3.73000,-8.616187e-002,,,,,1.06763,1
028,374,36.14000,3.74000,-8.583133e-002,,,,,1.06753,1
028,375,36.20200,3.75000,-8.606247e-002,,,,,1.06746,1
028,376,36.29200,3.76000,-8.629618e-002,,,,,1.06736,1
028,377,36.38400,3.77000,-8.686855e-002,,,,,1.06726,1
028,378,36.45500,3.78000,-8.693140e-002,,,,,1.06718,1
028,379,36.54300,3.79000,-8.722148e-002,,,,,1.06708,1
028,380,36.62200,3.80000,-8.722868e-002,,,,,1.06699,1
028,381,36.70400,3.81000,-8.751828e-002,,,,,1.06690,1
028,382,36.78500,3.82000,-8.741283e-002,,,,,1.06681,1
028,383,36.87600,3.83000,-8.764690e-002,,,,,1.06671,1
028,384,36.96700,3.84000,-8.788101e-002,,,,,1.06661,1
028,385,37.04200,3.85000,-8.811369e-002,,,,,1.06652,1
028,386,37.12900,3.86000,-8.851687e-002,,,,,1.06643,1
028,387,37.20400,3.87000,-8.880610e-002,,,,,1.06634,1
028,388,37.29500,3.88000,-8.949210e-002,,,,,1.06624,1
028,389,37.39500,3.89000,-8.972733e-002,,,,,1.06613,1
028,390,37.45800,3.90000,-9.024149e-002,,,,,1.06606,1
028,391,37.56000,3.91000,-9.019465e-002,,,,,1.06595,1
028,392,37.65100,3.92000,-9.042917e-002,,,,,1.06584,1
028,393,37.73200,3.93000,-9.060631e-002,,,,,1.06575,1
028,394,37.81900,3.94000,-9.078404e-002,,,,,1.06566,1
028,395,37.90100,3.95000,-9.101784e-002,,,,,1.06556,1
028,396,37.98300,3.96000,-9.142116e-002,,,,,1.06547,1
028,397,38.07500,3.97000,-9.222110e-002,,,,,1.06537,1
028,398,38.16700,3.98000,-9.206045e-002,,,,,1.06527,1
028,399,38.25500,3.99000,-9.235153e-002,,,,,1.06517,1
028,400,38.33300,4.00000,-9.241561e-002,,,,,1.06508,1
028,401,38.43700,4.01000,-9.276486e-002,,,,,1.06497,1
028,402,38.50700,4.02000,-9.328048e-002,,,,,1.06489,1
028,403,38.61200,4.03000,-9.368654e-002,,,,,1.06477,1
028,404,38.69800,4.04000,-9.392117e-002,,,,,1.06467,1
028,405,38.80200,4.05000,-9.410107e-002,,,,,1.06456,1
028,406,38.87600,4.06000,-9.416494e-002,,,,,1.06448,1
028,407,38.96800,4.07000,-9.440027e-002,,,,,1.06437,1
028,408,39.06100,4.08000,-9.491859e-002,,,,,1.06427,1
028,409,39.15700,4.09000,-9.549388e-002,,,,,1.06416,1
028,410,39.23700,4.10000,-9.567164e-002,,,,,1.06407,1
028,411,39.34000,4.11000,-9.607807e-002,,,,,1.06396,1
028,412,39.42500,4.12000,-9.597347e-002,,,,,1.06386,1
028,413,39.51200,4.13000,-9.620863e-002,,,,,1.06376,1
028,414,39.61500,4.14000,-9.644544e-002,,,,,1.06365,1
028,415,39.70500,4.15000,-9.702061e-002,,,,,1.06355,1
028,416,39.80700,4.16000,-9.748391e-002,,,,,1.06344,1
028,417,39.90000,4.17000,-9.811623e-002,,,,,1.06333,1
028,418,39.98700,4.18000,-9.835169e-002,,,,,1.06323,1
028,419,40.09900,4.19000,-9.870305e-002,,,,,1.06311,1
028,420,40.18700,4.20000,-9.893873e-002,,,,,1.06301,1
028,421,40.28900,4.21000,-9.906263e-002,,,,,1.06290,1
028,422,40.37800,4.22000,-9.946842e-002,,,,,1.06280,1
028,423,40.47900,4.23000,-9.970560e-002,,,,,1.06268,1
028,424,40.57500,4.24000,-0.10006,,,,,1.06258,1
028,425,40.66900,4.25000,-0.10046,,,,,1.06247,1
028,426,40.75300,4.26000,-0.10092,,,,,1.06238,1
028,427,40.85300,4.27000,-0.10128,,,,,1.06226,1
028,428,40.94700,4.28000,-0.10123,,,,,1.06216,1
028,429,41.05400,4.29000,-0.10130,,,,,1.06204,1
028,430,41.14800,4.30000,-0.10176,,,,,1.06193,1
028,431,41.24300,4.31000,-0.10251,,,,,1.06183,1
028,432,41.34200,4.32000,-0.10274,,,,,1.06172,1
028,433,41.43400,4.33000,-0.10292,,,,,1.06161,1
028,434,41.54700,4.34000,-0.10328,,,,,1.06149,1
028,435,41.63400,4.35000,-0.10357,,,,,1.06139,1
028,436,41.74600,4.36000,-0.10398,,,,,1.06126,1
028,437,41.83600,4.37000,-0.10433,,,,,1.06116,1
028,438,41.94800,4.38000,-0.10446,,,,,1.06104,1
028,439,42.03900,4.39000,-0.10492,,,,,1.06094,1
028,440,42.14000,4.40000,-0.10533,,,,,1.06082,1
028,441,42.23400,4.41000,-0.10557,,,,,1.06072,1
028,442,42.33600,4.42000,-0.10597,,,,,1.06060,1
028,443,42.43900,4.43000,-0.10644,,,,,1.06049,1
028,444,42.55000,4.44000,-0.10679,,,,,1.06036,1
028,445,42.62300,4.45000,-0.10709,,,,,1.06028,1
028,446,42.74300,4.46000,-0.10755,,,,,1.06015,1
028,447,42.84600,4.47000,-0.10791,,,,,1.06003,1
028,448,42.95400,4.48000,-0.10820,,,,,1.05991,1
028,449,43.05000,4.49000,-0.10861,,,,,1.05980,1
028,450,43.14400,4.50000,-0.10902,,,,,1.05970,1
028,451,43.25800,4.51000,-0.10949,,,,,1.05957,1
028,452,43.36700,4.52000,-0.10961,,,,,1.05945,1
028,453,43.47500,4.53000,-0.11036,,,,,1.05933,1
028,454,43.57100,4.54000,-0.11077,,,,,1.05922,1
028,455,43.67700,4.55000,-0.11118,,,,,1.05910,1
028,456,43.77800,4.56000,-0.11148,,,,,1.05899,1
028,457,43.88200,4.57000,-0.11155,,,,,1.05887,1
028,458,43.97700,4.58000,-0.11167,,,,,1.05876,1
028,459,44.09500,4.59000,-0.11237,,,,,1.05863,1
028,460,44.20900,4.60000,-0.11312,,,,,1.05850,1
028,461,44.30500,4.61000,-0.11296,,,,,1.05839,1
028,462,44.41100,4.62000,-0.11343,,,,,1.05828,1
028,463,44.51000,4.63000,-0.11418,,,,,1.05816,1
028,464,44.62400,4.64000,-0.11454,,,,,1.05804,1
028,465,44.72300,4.65000,-0.11518,,,,,1.05792,1
028,466,44.83900,4.66000,-0.11559,,,,,1.05779,1
028,467,44.94600,4.67000,-0.11572,,,,,1.05767,1
028,468,45.06100,4.68000,-0.11630,,,,,1.05755,1
028,469,45.15900,4.69000,-0.11660,,,,,1.05744,1
028,470,45.28200,4.70000,-0.11707,,,,,1.05730,1
028,471,45.37500,4.71000,-0.11753,,,,,1.05719,1
028,472,45.50400,4.72000,-0.11823,,,,,1.05705,1
028,473,45.59600,4.73000,-0.11842,,,,,1.05694,1
028,474,45.71000,4.74000,-0.11906,,,,,1.05682,1
028,475,45.81600,4.75000,-0.11947,,,,,1.05670,1
028,476,45.90700,4.76000,-0.11994,,,,,1.05659,1
028,477,46.01400,4.77000,-0.12041,,,,,1.05647,1
028,478,46.12200,4.78000,-0.12082,,,,,1.05635,1
028,479,46.23200,4.79000,-0.12135,,,,,1.05623,1
028,480,46.34900,4.80000,-0.12182,,,,,1.05610,1
028,481,46.47600,4.81000,-0.12206,,,,,1.05595,1
028,482,46.56500,4.82000,-0.12242,,,,,1.05585,1
028,483,46.68200,4.83000,-0.12306,,,,,1.05572,1
028,484,46.79700,4.84000,-0.12359,,,,,1.05559,1
028,485,46.90600,4.85000,-0.12406,,,,,1.05547,1
028,486,47.01600,4.86000,-0.12436,,,,,1.05535,1
028,487,47.11800,4.87000,-0.12500,,,,,1.05523,1
028,488,47.22600,4.88000,-0.12536,,,,,1.05511,1
028,489,47.35000,4.89000,-0.12560,,,,,1.05497,1
028,490,47.47300,4.90000,-0.12619,,,,,1.05483,1
028,491,47.56800,4.91000,-0.12689,,,,,1.05473,1
028,492,47.68600,4.92000,-0.12770,,,,,1.05459,1
028,493,47.79900,4.93000,-0.12772,,,,,1.05447,1
028,494,47.91100,4.94000,-0.12785,,,,,1.05434,1
028,495,48.03300,4.95000,-0.12826,,,,,1.05420,1
028,496,48.14100,4.96000,-0.12925,,,,,1.05408,1
028,497,48.25100,4.97000,-0.12972,,,,,1.05396,1
028,498,48.38200,4.98000,-0.13082,,,,,1.05381,1
028,499,48.51000,4.99000,-0.13118,,,,,1.05366,1
028,500,48.62700,5.00000,-0.13166,,,,,1.05353,1
028,501,48.74000,5.01000,-0.13202,,,,,1.05341,1
028,502,48.84700,5.02000,-0.13209,,,,,1.05328,1
028,503,48.95200,5.03000,-0.13325,,,,,1.05317,1
028,504,49.09100,5.04000,-0.13401,,,,,1.05301,1
028,505,49.19300,5.05000,-0.13431,,,,,1.05289,1
028,506,49.31600,5.06000,-0.13473,,,,,1.05276,1
028,507,49.44100,5.07000,-0.13520,,,,,1.05261,1
028,508,49.55100,5.08000,-0.13591,,,,,1.05249,1
028,509,49.65000,5.09000,-0.13666,,,,,1.05238,1
028,510,49.78300,5.10000,-0.13708,,,,,1.05223,1
028,511,49.88500,5.11000,-0.13779,,,,,1.05211,1
028,512,50.00300,5.12000,-0.13838,,,,,1.05198,1
028,513,50.13400,5.13000,-0.13885,,,,,1.05183,1
028,514,50.25200,5.14000,-0.13887,,,,,1.05170,1
028,515,50.36700,5.15000,-0.13975,,,,,1.05157,1
028,516,50.48600,5.16000,-0.14005,,,,,1.05144,1
028,517,50.59800,5.17000,-0.14058,,,,,1.05131,1
028,518,50.71900,5.18000,-0.14129,,,,,1.05117,1
028,519,50.83600,5.19000,-0.14199,,,,,1.05104,1
028,520,50.95900,5.20000,-0.14247,,,,,1.05090,1
028,521,51.07900,5.21000,-0.14323,,,,,1.05077,1
028,522,51.20100,5.22000,-0.14360,,,,,1.05063,1
028,523,51.31300,5.23000,-0.14430,,,,,1.05050,1
028,524,51.41900,5.24000,-0.14483,,,,,1.05038,1
028,525,51.54800,5.25000,-0.14531,,,,,1.05024,1
028,526,51.66400,5.26000,-0.14602,,,,,1.05011,1
028,527,51.79000,5.27000,-0.14696,,,,,1.04996,1
028,528,51.90000,5.28000,-0.14766,,,,,1.04984,1
028,529,52.01300,5.29000,-0.14837,,,,,1.04971,1
028,530,52.14600,5.30000,-0.14896,,,,,1.04956,1
028,531,52.25700,5.31000,-0.14944,,,,,1.04944,1
028,532,52.38400,5.32000,-0.14957,,,,,1.04929,1
028,533,52.50300,5.33000,-0.15017,,,,,1.04916,1
028,534,52.64100,5.34000,-0.15111,,,,,1.04900,1
028,535,52.74100,5.35000,-0.15198,,,,,1.04889,1
028,536,52.86900,5.36000,-0.15269,,,,,1.04874,1
028,537,52.98300,5.37000,-0.15323,,,,,1.04862,1
028,538,53.10700,5.38000,-0.15411,,,,,1.04848,1
028,539,53.22700,5.39000,-0.15453,,,,,1.04834,1
028,540,53.34700,5.40000,-0.15496,,,,,1.04820,1
028,541,53.48100,5.41000,-0.15601,,,,,1.04805,1
028,542,53.59700,5.42000,-0.15666,,,,,1.04792,1
028,543,53.72200,5.43000,-0.15732,,,,,1.04778,1
028,544,53.84900,5.44000,-0.15780,,,,,1.04764,1
028,545,53.95700,5.45000,-0.15874,,,,,1.04751,1
028,546,54.08500,5.46000,-0.15945,,,,,1.04737,1
028,547,54.20200,5.47000,-0.15993,,,,,1.04724,1
028,548,54.32700,5.48000,-0.16058,,,,,1.04710,1
028,549,54.45200,5.49000,-0.16124,,,,,1.04695,1
028,550,54.56800,5.50000,-0.16200,,,,,1.04682,1
028,551,54.69000,5.51000,-0.16295,,,,,1.04668,1
028,552,54.82100,5.52000,-0.16395,,,,,1.04654,1
028,553,54.95200,5.53000,-0.16449,,,,,1.04639,1
028,554,55.07300,5.54000,-0.16526,,,,,1.04625,1
028,555,55.18500,5.55000,-0.16562,,,,,1.04612,1
028,556,55.31900,5.56000,-0.16611,,,,,1.04597,1
028,557,55.44200,5.57000,-0.16670,,,,,1.04583,1
028,558,55.55900,5.58000,-0.16747,,,,,1.04570,1
028,559,55.67000,5.59000,-0.16818,,,,,1.04558,1
028,560,55.81700,5.60000,-0.16913,,,,,1.04541,1
028,561,55.93700,5.61000,-0.17008,,,,,1.04527,1
028,562,56.05500,5.62000,-0.17079,,,,,1.04514,1
028,563,56.17300,5.63000,-0.17185,,,,,1.04501,1
028,564,56.30100,5.64000,-0.17279,,,,,1.04486,1
028,565,56.43600,5.65000,-0.17357,,,,,1.04471,1
028,566,56.56500,5.66000,-0.17377,,,,,1.04456,1
028,567,56.67300,5.67000,-0.17442,,,,,1.04444,1
028,568,56.81300,5.68000,-0.17531,,,,,1.04428,1
028,569,56.93600,5.69000,-0.17620,,,,,1.04414,1
028,570,57.05800,5.70000,-0.17663,,,,,1.04400,1
028,571,57.20000,5.71000,-0.17752,,,,,1.04384,1
028,572,57.32600,5.72000,-0.17899,,,,,1.04370,1
028,573,57.44900,5.73000,-0.17953,,,,,1.04356,1
028,574,57.55600,5.74000,-0.18001,,,,,1.04344,1
028,575,57.69900,5.75000,-0.18090,,,,,1.04328,1
028,576,57.81700,5.76000,-0.18162,,,,,1.04314,1
028,577,57.94400,5.77000,-0.18240,,,,,1.04300,1
028,578,58.07600,5.78000,-0.18340,,,,,1.04285,1
028,579,58.20200,5.79000,-0.18424,,,,,1.04271,1
028,580,58.32200,5.80000,-0.18449,,,,,1.04257,1
028,581,58.45700,5.81000,-0.18573,,,,,1.04242,1
028,582,58.59600,5.82000,-0.18657,,,,,1.04226,1
028,583,58.70600,5.83000,-0.18728,,,,,1.04213,1
028,584,58.82800,5.84000,-0.18841,,,,,1.04200,1
028,585,58.96300,5.85000,-0.18930,,,,,1.04184,1
028,586,59.09500,5.86000,-0.19014,,,,,1.04169,1
028,587,59.22700,5.87000,-0.19086,,,,,1.04154,1
028,588,59.33700,5.88000,-0.19163,,,,,1.04142,1
028,589,59.48000,5.89000,-0.19247,,,,,1.04126,1
028,590,59.59700,5.90000,-0.19336,,,,,1.04112,1
028,591,59.72600,5.91000,-0.19420,,,,,1.04098,1
028,592,59.85100,5.92000,-0.19509,,,,,1.04083,1
028,593,59.98200,5.93000,-0.19564,,,,,1.04069,1
028,594,60.11900,5.94000,-0.19648,,,,,1.04053,1
028,595,60.23900,5.95000,-0.19726,,,,,1.04039,1
028,596,60.38500,5.96000,-0.19833,,,,,1.04023,1
028,597,60.49100,5.97000,-0.19917,,,,,1.04011,1
028,598,60.63700,5.98000,-0.19995,,,,,1.03994,1
028,599,60.74800,5.99000,-0.20084,,,,,1.03982,1
028,600,60.88100,6.00000,-0.20203,,,,,1.03966,1
028,601,61.00300,6.01000,-0.20281,,,,,1.03953,1
028,602,61.12500,6.02000,-0.20382,,,,,1.03939,1
028,603,61.26200,6.03000,-0.20484,,,,,1.03923,1
028,604,61.39200,6.04000,-0.20579,,,,,1.03908,1
028,605,61.51800,6.05000,-0.20658,,,,,1.03894,1
028,606,61.65500,6.06000,-0.20748,,,,,1.03879,1
028,607,61.78600,6.07000,-0.20814,,,,,1.03864,1
028,608,61.90100,6.08000,-0.20916,,,,,1.03851,1
028,609,62.02800,6.09000,-0.21005,,,,,1.03836,1
028,610,62.16200,6.10000,-0.21101,,,,,1.03821,1
028,611,62.29600,6.11000,-0.21191,,,,,1.03806,1
028,612,62.42400,6.12000,-0.21287,,,,,1.03791,1
028,613,62.56300,6.13000,-0.21389,,,,,1.03775,1
028,614,62.68000,6.14000,-0.21479,,,,,1.03762,1
028,615,62.82900,6.15000,-0.21563,,,,,1.03745,1
028,616,62.93900,6.16000,-0.21665,,,,,1.03733,1
028,617,63.08000,6.17000,-0.21778,,,,,1.03717,1
028,618,63.21200,6.18000,-0.21869,,,,,1.03701,1
028,619,63.33800,6.19000,-0.21924,,,,,1.03687,1
028,620,63.46700,6.20000,-0.22119,,,,,1.03672,1
028,621,63.58400,6.21000,-0.22180,,,,,1.03659,1
028,622,63.73200,6.22000,-0.22270,,,,,1.03642,1
028,623,63.86400,6.23000,-0.22361,,,,,1.03627,1
028,624,63.99300,6.24000,-0.22439,,,,,1.03613,1
028,625,64.12700,6.25000,-0.22541,,,,,1.03597,1
028,626,64.24600,6.26000,-0.22643,,,,,1.03584,1
028,627,64.38000,6.27000,-0.22745,,,,,1.03569,1
028,628,64.51100,6.28000,-0.22842,,,,,1.03554,1
028,629,64.64300,6.29000,-0.22967,,,,,1.03539,1
028,630,64.76800,6.30000,-0.23028,,,,,1.03524,1
028,631,64.89300,6.31000,-0.23107,,,,,1.03510,1
028,632,65.01600,6.32000,-0.23209,,,,,1.03496,1
028,633,65.16800,6.33000,-0.23324,,,,,1.03479,1
028,634,65.29400,6.34000,-0.23432,,,,,1.03465,1
028,635,65.42300,6.35000,-0.23528,,,,,1.03450,1
028,636,65.55700,6.36000,-0.23625,,,,,1.03435,1
028,637,65.66800,6.37000,-0.23726,,,,,1.03422,1
028,638,65.81300,6.38000,-0.23876,,,,,1.03405,1
028,639,65.94100,6.39000,-0.23972,,,,,1.03391,1
028,640,66.06200,6.40000,-0.24074,,,,,1.03377,1
028,641,66.18500,6.41000,-0.24148,,,,,1.03363,1
028,642,66.33700,6.42000,-0.24245,,,,,1.03346,1
028,643,66.47200,6.43000,-0.24330,,,,,1.03330,1
028,644,66.58600,6.44000,-0.24438,,,,,1.03317,1
028,645,66.72900,6.45000,-0.24541,,,,,1.03301,1
028,646,66.85100,6.46000,-0.24643,,,,,1.03287,1
028,647,66.99400,6.47000,-0.24758,,,,,1.03271,1
028,648,67.12500,6.48000,-0.24866,,,,,1.03256,1
028,649,67.24500,6.49000,-0.24992,,,,,1.03242,1
028,650,67.38500,6.50000,-0.25095,,,,,1.03226,1
028,651,67.50700,6.51000,-0.25169,,,,,1.03212,1
028,652,67.61900,6.52000,-0.25277,,,,,1.03200,1
028,653,67.77200,6.53000,-0.25322,,,,,1.03182,1
028,654,67.89900,6.54000,-0.25448,,,,,1.03168,1
028,655,68.03200,6.55000,-0.25580,,,,,1.03153,1
028,656,68.15500,6.56000,-0.25694,,,,,1.03139,1
028,657,68.29500,6.57000,-0.25815,,,,,1.03123,1
028,658,68.43000,6.58000,-0.25930,,,,,1.03107,1
028,659,68.56400,6.59000,-0.26010,,,,,1.03092,1
028,660,68.68000,6.60000,-0.26130,,,,,1.03079,1
028,661,68.82000,6.61000,-0.26187,,,,,1.03063,1
028,662,68.95200,6.62000,-0.26319,,,,,1.03048,1
028,663,69.08600,6.63000,-0.26405,,,,,1.03032,1
028,664,69.20500,6.64000,-0.26507,,,,,1.03019,1
028,665,69.33600,6.65000,-0.26611,,,,,1.03004,1
028,666,69.46900,6.66000,-0.26673,,,,,1.02989,1
028,667,69.59800,6.67000,-0.26811,,,,,1.02974,1
028,668,69.73100,6.68000,-0.26938,,,,,1.02959,1
028,669,69.86200,6.69000,-0.27059,,,,,1.02944,1
028,670,70.00400,6.70000,-0.27163,,,,,1.02928,1
028,671,70.13400,6.71000,-0.27225,,,,,1.02913,1
028,672,70.25000,6.72000,-0.27340,,,,,1.02900,1
028,673,70.38300,6.73000,-0.27472,,,,,1.02885,1
028,674,70.52000,6.74000,-0.27582,,,,,1.02869,1
028,675,70.65100,6.75000,-0.27697,,,,,1.02854,1
028,676,70.78800,6.76000,-0.27795,,,,,1.02838,1
028,677,70.91200,6.77000,-0.27887,,,,,1.02824,1
028,678,71.05200,6.78000,-0.27950,,,,,1.02808,1
028,679,71.18100,6.79000,-0.28053,,,,,1.02793,1
028,680,71.30600,6.80000,-0.28186,,,,,1.02779,1
028,681,71.43800,6.81000,-0.28301,,,,,1.02764,1
028,682,71.58600,6.82000,-0.28406,,,,,1.02747,1
028,683,71.72300,6.83000,-0.28509,,,,,1.02732,1
028,684,71.86100,6.84000,-0.28596,,,,,1.02716,1
028,685,71.96900,6.85000,-0.28711,,,,,1.02704,1
028,686,72.08800,6.86000,-0.28844,,,,,1.02690,1
028,687,72.21800,6.87000,-0.28930,,,,,1.02675,1
028,688,72.34900,6.88000,-0.29051,,,,,1.02660,1
028,689,72.49000,6.89000,-0.29109,,,,,1.02644,1
028,690,72.62500,6.90000,-0.29195,,,,,1.02629,1
028,691,72.75400,6.91000,-0.29381,,,,,1.02614,1
028,692,72.89000,6.92000,-0.29526,,,,,1.02598,1
028,693,73.02100,6.93000,-0.29548,,,,,1.02583,1
028,694,73.13500,6.94000,-0.29652,,,,,1.02570,1
028,695,73.27600,6.95000,-0.29756,,,,,1.02554,1
028,696,73.40700,6.96000,-0.29872,,,,,1.02539,1
028,697,73.53200,6.97000,-0.29994,,,,,1.02525,1
028,698,73.66600,6.98000,-0.30116,,,,,1.02510,1
028,699,73.79100,6.99000,-0.30220,,,,,1.02495,1
028,700,73.91500,7.00000,-0.30359,,,,,1.02481,1
028,701,74.06000,7.01000,-0.30417,,,,,1.02465,1
028,702,74.20000,7.02000,-0.30516,,,,,1.02449,1
028,703,74.31300,7.03000,-0.30584,,,,,1.02436,1
028,704,74.45200,7.04000,-0.30753,,,,,1.02420,1
028,705,74.58400,7.05000,-0.30840,,,,,1.02405,1
028,706,74.70800,7.06000,-0.30933,,,,,1.02391,1
028,707,74.84100,7.07000,-0.31031,,,,,1.02376,1
028,708,74.98300,7.08000,-0.31154,,,,,1.02359,1
028,709,75.11300,7.09000,-0.31258,,,,,1.02344,1
028,710,75.24200,7.10000,-0.31310,,,,,1.02330,1
028,711,75.36300,7.11000,-0.31438,,,,,1.02316,1
028,712,75.49700,7.12000,-0.31543,,,,,1.02301,1
028,713,75.62800,7.13000,-0.31665,,,,,1.02286,1
028,714,75.76200,7.14000,-0.31746,,,,,1.02270,1
028,715,75.89200,7.15000,-0.31816,,,,,1.02255,1
028,716,76.01300,7.16000,-0.31926,,,,,1.02242,1
028,717,76.15300,7.17000,-0.32043,,,,,1.02226,1
028,718,76.27600,7.18000,-0.32141,,,,,1.02212,1
028,719,76.41500,7.19000,-0.32264,,,,,1.02196,1
028,720,76.54100,7.20000,-0.32369,,,,,1.02181,1
028,721,76.67400,7.21000,-0.32450,,,,,1.02166,1
028,722,76.80700,7.22000,-0.32544,,,,,1.02151,1
028,723,76.94400,7.23000,-0.32613,,,,,1.02135,1
028,724,77.07500,7.24000,-0.32707,,,,,1.02120,1
028,725,77.20000,7.25000,-0.32788,,,,,1.02106,1
028,726,77.33200,7.26000,-0.32911,,,,,1.02091,1
028,727,77.46800,7.27000,-0.33034,,,,,1.02075,1
028,728,77.59900,7.28000,-0.33139,,,,,1.02060,1
028,729,77.72400,7.29000,-0.33220,,,,,1.02046,1
028,730,77.86000,7.30000,-0.33320,,,,,1.02030,1
028,731,77.99200,7.31000,-0.33425,,,,,1.02015,1
028,732,78.11100,7.32000,-0.33535,,,,,1.02002,1
028,733,78.24600,7.33000,-0.33617,,,,,1.01986,1
028,734,78.36900,7.34000,-0.33722,,,,,1.01972,1
028,735,78.50500,7.35000,-0.33810,,,,,1.01957,1
028,736,78.62300,7.36000,-0.33862,,,,,1.01943,1
028,737,78.75800,7.37000,-0.33973,,,,,1.01928,1
028,738,78.90100,7.38000,-0.34073,,,,,1.01911,1
028,739,79.02000,7.39000,-0.34190,,,,,1.01898,1
028,740,79.16200,7.40000,-0.34296,,,,,1.01882,1
028,741,79.28500,7.41000,-0.34401,,,,,1.01867,1
028,742,79.41400,7.42000,-0.34489,,,,,1.01853,1
028,743,79.54700,7.43000,-0.34506,,,,,1.01837,1
028,744,79.68700,7.44000,-0.34641,,,,,1.01821,1
028,745,79.80500,7.45000,-0.34776,,,,,1.01808,1
028,746,79.94300,7.46000,-0.34841,,,,,1.01792,1
028,747,80.08100,7.47000,-0.34917,,,,,1.01776,1
028,748,80.20600,7.48000,-0.34975,,,,,1.01762,1
028,749,80.32900,7.49000,-0.35075,,,,,1.01748,1
028,750,80.46200,7.50000,-0.35163,,,,,1.01733,1
028,751,80.58200,7.51000,-0.35250,,,,,1.01719,1
028,752,80.71800,7.52000,-0.35333,,,,,1.01703,1
028,753,80.85500,7.53000,-0.35462,,,,,1.01688,1
028,754,80.97700,7.54000,-0.35562,,,,,1.01674,1
028,755,81.11800,7.55000,-0.35657,,,,,1.01658,1
028,756,81.24100,7.56000,-0.35744,,,,,1.01644,1
028,757,81.38700,7.57000,-0.35786,,,,,1.01627,1
028,758,81.51400,7.58000,-0.35832,,,,,1.01612,1
028,759,81.64900,7.59000,-0.35891,,,,,1.01597,1
028,760,81.77200,7.60000,-0.35997,,,,,1.01583,1
028,761,81.90300,7.61000,-0.36150,,,,,1.01568,1
028,762,82.03600,7.62000,-0.36245,,,,,1.01553,1
028,763,82.16300,7.63000,-0.36274,,,,,1.01538,1
028,764,82.28700,7.64000,-0.36391,,,,,1.01524,1
028,765,82.41500,7.65000,-0.36444,,,,,1.01509,1
028,766,82.55300,7.66000,-0.36509,,,,,1.01494,1
028,767,82.69200,7.67000,-0.36574,,,,,1.01478,1
028,768,82.81900,7.68000,-0.36656,,,,,1.01463,1
028,769,82.94600,7.69000,-0.36727,,,,,1.01449,1
028,770,83.08200,7.70000,-0.36810,,,,,1.01433,1
028,771,83.20100,7.71000,-0.36892,,,,,1.01419,1
028,772,83.34400,7.72000,-0.36969,,,,,1.01403,1
028,773,83.46400,7.73000,-0.36986,,,,,1.01389,1
028,774,83.60000,7.74000,-0.37105,,,,,1.01374,1
028,775,83.72800,7.75000,-0.37199,,,,,1.01359,1
028,776,83.86300,7.76000,-0.37282,,,,,1.01344,1
028,777,83.99200,7.77000,-0.37353,,,,,1.01329,1
028,778,84.10400,7.78000,-0.37429,,,,,1.01316,1
028,779,84.23800,7.79000,-0.37494,,,,,1.01301,1
028,780,84.36500,7.80000,-0.37529,,,,,1.01286,1
028,781,84.49500,7.81000,-0.37576,,,,,1.01271,1
028,782,84.62800,7.82000,-0.37623,,,,,1.01256,1
028,783,84.77800,7.83000,-0.37755,,,,,1.01239,1
028,784,84.89900,7.84000,-0.37813,,,,,1.01225,1
028,785,85.02300,7.85000,-0.37848,,,,,1.01211,1
028,786,85.14600,7.86000,-0.37871,,,,,1.01197,1
028,787,85.27400,7.87000,-0.37984,,,,,1.01182,1
028,788,85.41100,7.88000,-0.38043,,,,,1.01166,1
028,789,85.54000,7.89000,-0.38114,,,,,1.01152,1
028,790,85.67500,7.90000,-0.38138,,,,,1.01136,1
028,791,85.79400,7.91000,-0.38191,,,,,1.01122,1
028,792,85.92600,7.92000,-0.38238,,,,,1.01107,1
028,793,86.06600,7.93000,-0.38322,,,,,1.01091,1
028,794,86.19200,7.94000,-0.38434,,,,,1.01077,1
028,795,86.31000,7.95000,-0.38463,,,,,1.01063,1
028,796,86.44800,7.96000,-0.38475,,,,,1.01048,1
028,797,86.57500,7.97000,-0.38546,,,,,1.01033,1
028,798,86.71000,7.98000,-0.38564,,,,,1.01018,1
028,799,86.84600,7.99000,-0.38600,,,,,1.01002,1
028,800,86.97300,8.00000,-0.38677,,,,,1.00987,1
028,801,87.09400,8.01000,-0.38748,,,,,1.00974,1
028,802,87.24100,8.02000,-0.38820,,,,,1.00957,1
028,803,87.35300,8.03000,-0.38867,,,,,1.00944,1
028,804,87.49100,8.04000,-0.38950,,,,,1.00928,1
028,805,87.62500,8.05000,-0.38980,,,,,1.00913,1
028,806,87.75900,8.06000,-0.38992,,,,,1.00897,1
028,807,87.88700,8.07000,-0.39034,,,,,1.00883,1
028,808,88.02700,8.08000,-0.39105,,,,,1.00867,1
028,809,88.14800,8.09000,-0.39164,,,,,1.00853,1
028,810,88.27400,8.10000,-0.39218,,,,,1.00838,1
028,811,88.39800,8.11000,-0.39259,,,,,1.00824,1
028,812,88.52800,8.12000,-0.39277,,,,,1.00809,1
028,813,88.64500,8.13000,-0.39324,,,,,1.00796,1
028,814,88.78900,8.14000,-0.39348,,,,,1.00779,1
028,815,88.91000,8.15000,-0.39378,,,,,1.00766,1
028,816,89.05000,8.16000,-0.39396,,,,,1.00750,1
028,817,89.18000,8.17000,-0.39444,,,,,1.00735,1
028,818,89.30400,8.18000,-0.39533,,,,,1.00720,1
028,819,89.43500,8.19000,-0.39533,,,,,1.00705,1
028,820,89.56000,8.20000,-0.39580,,,,,1.00691,1
028,821,89.70300,8.21000,-0.39587,,,,,1.00675,1
028,822,89.82200,8.22000,-0.39604,,,,,1.00661,1
028,823,89.96000,8.23000,-0.39628,,,,,1.00645,1
028,824,90.09100,8.24000,-0.39664,,,,,1.00630,1
028,825,90.21900,8.25000,-0.39682,,,,,1.00616,1
028,826,90.33800,8.26000,-0.39717,,,,,1.00602,1
028,827,90.48600,8.27000,-0.39730,,,,,1.00585,1
028,828,90.60600,8.28000,-0.39777,,,,,1.00571,1
028,829,90.73000,8.29000,-0.39765,,,,,1.00557,1
028,830,90.87100,8.30000,-0.39789,,,,,1.00541,1
028,831,90.99400,8.31000,-0.39818,,,,,1.00527,1
028,832,91.11600,8.32000,-0.39836,,,,,1.00513,1
028,833,91.26100,8.33000,-0.39855,,,,,1.00496,1
028,834,91.37900,8.34000,-0.39866,,,,,1.00483,1
028,835,91.50800,8.35000,-0.39878,,,,,1.00468,1
028,836,91.63300,8.36000,-0.39919,,,,,1.00454,1
028,837,91.77100,8.37000,-0.39926,,,,,1.00438,1
028,838,91.91300,8.38000,-0.39950,,,,,1.00422,1
028,839,92.03400,8.39000,-0.39986,,,,,1.00408,1
028,840,92.16000,8.40000,-0.40003,,,,,1.00393,1
028,841,92.28700,8.41000,-0.40027,,,,,1.00379,1
028,842,92.43900,8.42000,-0.39992,,,,,1.00361,1
028,843,92.54500,8.43000,-0.40009,,,,,1.00349,1
028,844,92.68400,8.44000,-0.40039,,,,,1.00333,1
028,845,92.79800,8.45000,-0.40045,,,,,1.00320,1
028,846,92.93500,8.46000,-0.40045,,,,,1.00305,1
028,847,93.07300,8.47000,-0.40045,,,,,1.00289,1
028,848,93.19300,8.48000,-0.40027,,,,,1.00275,1
028,849,93.33700,8.49000,-0.40045,,,,,1.00259,1
028,850,93.45400,8.50000,-0.40057,,,,,1.00245,1
028,851,93.57600,8.51000,-0.40062,,,,,1.00231,1
028,852,93.71400,8.52000,-0.40068,,,,,1.00215,1
028,853,93.83600,8.53000,-0.40062,,,,,1.00201,1
028,854,93.97400,8.54000,-0.40026,,,,,1.00186,1
028,855,94.10900,8.55000,-0.40008,,,,,1.00170,1
028,856,94.23500,8.56000,-0.40008,,,,,1.00156,1
028,857,94.35800,8.57000,-0.40008,,,,,1.00142,1
028,858,94.48700,8.58000,-0.39996,,,,,1.00127,1
028,859,94.61800,8.59000,-0.40014,,,,,1.00112,1
028,860,94.73400,8.60000,-0.39989,,,,,1.00099,1
028,861,94.87300,8.61000,-0.39965,,,,,1.00083,1
028,862,95.00100,8.62000,-0.39941,,,,,1.00068,1
028,863,95.13900,8.63000,-0.39923,,,,,1.00052,1
028,864,95.25800,8.64000,-0.39893,,,,,1.00039,1
028,865,95.38700,8.65000,-0.39892,,,,,1.00024,1
028,866,95.52300,8.66000,-0.39899,,,,,1.00008,1
028,867,95.64100,8.67000,-0.39904,,,,,0.99995,1
028,868,95.76500,8.68000,-0.39874,,,,,0.99980,1
028,869,95.91500,8.69000,-0.39862,,,,,0.99963,1
028,870,96.04300,8.70000,-0.39856,,,,,0.99949,1
028,871,96.15900,8.71000,-0.39831,,,,,0.99935,1
028,872,96.28800,8.72000,-0.39813,,,,,0.99921,1
028,873,96.40500,8.73000,-0.39764,,,,,0.99907,1
028,874,96.55500,8.74000,-0.39741,,,,,0.99890,1
028,875,96.68500,8.75000,-0.39723,,,,,0.99875,1
028,876,96.81900,8.76000,-0.39669,,,,,0.99860,1
028,877,96.92600,8.77000,-0.39625,,,,,0.99848,1
028,878,97.06300,8.78000,-0.39583,,,,,0.99832,1
028,879,97.19000,8.79000,-0.39541,,,,,0.99817,1
028,880,97.31000,8.80000,-0.39510,,,,,0.99804,1
028,881,97.44500,8.81000,-0.39522,,,,,0.99788,1
028,882,97.57300,8.82000,-0.39480,,,,,0.99773,1
028,883,97.70500,8.83000,-0.39443,,,,,0.99758,1
028,884,97.83200,8.84000,-0.39395,,,,,0.99744,1
028,885,97.94800,8.85000,-0.39346,,,,,0.99730,1
028,886,98.08000,8.86000,-0.39334,,,,,0.99715,1
028,887,98.20700,8.87000,-0.39279,,,,,0.99701,1
028,888,98.35100,8.88000,-0.39249,,,,,0.99684,1
028,889,98.47100,8.89000,-0.39236,,,,,0.99671,1
028,890,98.60000,8.90000,-0.39224,,,,,0.99656,1
028,891,98.72800,8.91000,-0.39157,,,,,0.99641,1
028,892,98.86400,8.92000,-0.39115,,,,,0.99626,1
028,893,98.99100,8.93000,-0.39066,,,,,0.99611,1
028,894,99.11600,8.94000,-0.38963,,,,,0.99597,1
028,895,99.24100,8.95000,-0.38951,,,,,0.99582,1
028,896,99.36700,8.96000,-0.38896,,,,,0.99568,1
028,897,99.49100,8.97000,-0.38847,,,,,0.99554,1
028,898,99.61900,8.98000,-0.38780,,,,,0.99539,1
028,899,99.74100,8.99000,-0.38707,,,,,0.99525,1
028,900,99.88100,9.00000,-0.38653,,,,,0.99509,1
028,901,100.01300,9.01000,-0.38616,,,,,0.99494,1
028,902,100.13000,9.02000,-0.38543,,,,,0.99481,1
028,903,100.26700,9.03000,-0.38494,,,,,0.99465,1
028,904,100.38400,9.04000,-0.38445,,,,,0.99452,1
028,905,100.49500,9.05000,-0.38383,,,,,0.99439,1
028,906,100.63800,9.06000,-0.38341,,,,,0.99423,1
028,907,100.77100,9.07000,-0.38335,,,,,0.99407,1
028,908,100.88800,9.08000,-0.38207,,,,,0.99394,1
028,909,101.01900,9.09000,-0.38146,,,,,0.99379,1
028,910,101.14500,9.10000,-0.38097,,,,,0.99365,1
028,911,101.27500,9.11000,-0.38018,,,,,0.99350,1
028,912,101.40400,9.12000,-0.37939,,,,,0.99335,1
028,913,101.52000,9.13000,-0.37871,,,,,0.99322,1
028,914,101.64600,9.14000,-0.37798,,,,,0.99307,1
028,915,101.77900,9.15000,-0.37719,,,,,0.99292,1
028,916,101.91400,9.16000,-0.37640,,,,,0.99276,1
028,917,102.02600,9.17000,-0.37578,,,,,0.99264,1
028,918,102.16200,9.18000,-0.37517,,,,,0.99248,1
028,919,102.28700,9.19000,-0.37444,,,,,0.99234,1
028,920,102.40900,9.20000,-0.37394,,,,,0.99220,1
028,921,102.54200,9.21000,-0.37345,,,,,0.99205,1
028,922,102.65900,9.22000,-0.37241,,,,,0.99191,1
028,923,102.77500,9.23000,-0.37155,,,,,0.99178,1
028,924,102.92700,9.24000,-0.37058,,,,,0.99161,1
028,925,103.05700,9.25000,-0.36967,,,,,0.99146,1
028,926,103.16700,9.26000,-0.36911,,,,,0.99133,1
028,927,103.30800,9.27000,-0.36826,,,,,0.99117,1
028,928,103.43300,9.28000,-0.36758,,,,,0.99103,1
028,929,103.54400,9.29000,-0.36690,,,,,0.99090,1
028,930,103.67900,9.30000,-0.36604,,,,,0.99075,1
028,931,103.79300,9.31000,-0.36506,,,,,0.99061,1
028,932,103.92900,9.32000,-0.36396,,,,,0.99046,1
028,933,104.06000,9.33000,-0.36304,,,,,0.99031,1
028,934,104.17500,9.34000,-0.36200,,,,,0.99018,1
028,935,104.31400,9.35000,-0.36108,,,,,0.99002,1
028,936,104.44500,9.36000,-0.36004,,,,,0.98987,1
028,937,104.56400,9.37000,-0.35906,,,,,0.98973,1
028,938,104.69100,9.38000,-0.35826,,,,,0.98959,1
028,939,104.81000,9.39000,-0.35758,,,,,0.98945,1
028,940,104.94600,9.40000,-0.35678,,,,,0.98930,1
028,941,105.06700,9.41000,-0.35622,,,,,0.98916,1
028,942,105.19700,9.42000,-0.35506,,,,,0.98901,1
028,943,105.32500,9.43000,-0.35396,,,,,0.98886,1
028,944,105.43200,9.44000,-0.35260,,,,,0.98874,1
028,945,105.56500,9.45000,-0.35168,,,,,0.98859,1
028,946,105.69100,9.46000,-0.35088,,,,,0.98844,1
028,947,105.82000,9.47000,-0.34983,,,,,0.98830,1
028,948,105.94600,9.48000,-0.34897,,,,,0.98815,1
028,949,106.06500,9.49000,-0.34804,,,,,0.98802,1
028,950,106.19600,9.50000,-0.34706,,,,,0.98787,1
028,951,106.32900,9.51000,-0.34596,,,,,0.98771,1
028,952,106.45200,9.52000,-0.34479,,,,,0.98757,1
028,953,106.56700,9.53000,-0.34422,,,,,0.98744,1
028,954,106.69600,9.54000,-0.34324,,,,,0.98729,1
028,955,106.83000,9.55000,-0.34189,,,,,0.98714,1
028,956,106.95400,9.56000,-0.34078,,,,,0.98700,1
028,957,107.08500,9.57000,-0.33979,,,,,0.98685,1
028,958,107.19700,9.58000,-0.33874,,,,,0.98672,1
028,959,107.32500,9.59000,-0.33763,,,,,0.98658,1
028,960,107.45700,9.60000,-0.33640,,,,,0.98643,1
028,961,107.58200,9.61000,-0.33517,,,,,0.98628,1
028,962,107.71800,9.62000,-0.33406,,,,,0.98613,1
028,963,107.83200,9.63000,-0.33300,,,,,0.98600,1
028,964,107.95600,9.64000,-0.33195,,,,,0.98585,1
028,965,108.08500,9.65000,-0.33084,,,,,0.98571,1
028,966,108.21000,9.66000,-0.32979,,,,,0.98556,1
028,967,108.33200,9.67000,-0.32947,,,,,0.98543,1
028,968,108.45200,9.68000,-0.32793,,,,,0.98529,1
028,969,108.59100,9.69000,-0.32682,,,,,0.98513,1
028,970,108.71100,9.70000,-0.32485,,,,,0.98499,1
028,971,108.84100,9.71000,-0.32368,,,,,0.98484,1
028,972,108.97000,9.72000,-0.32317,,,,,0.98470,1
028,973,109.08300,9.73000,-0.32199,,,,,0.98457,1
028,974,109.21500,9.74000,-0.32143,,,,,0.98442,1
028,975,109.33900,9.75000,-0.31903,,,,,0.98427,1
028,976,109.47000,9.76000,-0.31779,,,,,0.98412,1
028,977,109.58600,9.77000,-0.31741,,,,,0.98399,1
028,978,109.71300,9.78000,-0.31593,,,,,0.98385,1
028,979,109.84100,9.79000,-0.31469,,,,,0.98370,1
028,980,109.98000,9.80000,-0.31309,,,,,0.98354,1
028,981,110.08200,9.81000,-0.31178,,,,,0.98343,1
028,982,110.20900,9.82000,-0.31066,,,,,0.98328,1
028,983,110.33200,9.83000,-0.30929,,,,,0.98314,1
028,984,110.46200,9.84000,-0.30787,,,,,0.98299,1
028,985,110.59400,9.85000,-0.30676,,,,,0.98284,1
028,986,110.71800,9.86000,-0.30551,,,,,0.98270,1
028,987,110.82600,9.87000,-0.30414,,,,,0.98258,1
028,988,110.94900,9.88000,-0.30290,,,,,0.98244,1
028,989,111.07600,9.89000,-0.30160,,,,,0.98229,1
028,990,111.20300,9.90000,-0.30011,,,,,0.98215,1
028,991,111.32500,9.91000,-0.29880,,,,,0.98201,1
028,992,111.45000,9.92000,-0.29774,,,,,0.98186,1
028,993,111.57100,9.93000,-0.29662,,,,,0.98173,1
028,994,111.68900,9.94000,-0.29513,,,,,0.98159,1
028,995,111.82600,9.95000,-0.29345,,,,,0.98143,1
028,996,111.94600,9.96000,-0.29202,,,,,0.98130,1
028,997,112.05500,9.97000,-0.29046,,,,,0.98117,1
028,998,112.19500,9.98000,-0.28965,,,,,0.98101,1
028,999,112.32000,9.99000,-0.28859,,,,,0.98087,1
028,1000,112.43100,10.00000,-0.28715,,,,,0.98074,1
028,1001,112.56700,10.01000,-0.28560,,,,,0.98059,1
028,1002,112.68400,10.02000,-0.28435,,,,,0.98045,1
028,1003,112.80100,10.03000,-0.28304,,,,,0.98032,1
028,1004,112.93200,10.04000,-0.28155,,,,,0.98017,1
028,1005,113.05700,10.05000,-0.28005,,,,,0.98003,1
028,1006,113.18900,10.06000,-0.27862,,,,,0.97988,1
028,1007,113.29600,10.07000,-0.27681,,,,,0.97976,1
028,1008,113.42400,10.08000,-0.27544,,,,,0.97961,1
028,1009,113.54700,10.09000,-0.27413,,,,,0.97947,1
028,1010,113.67100,10.10000,-0.27300,,,,,0.97933,1
028,1011,113.79600,10.11000,-0.27144,,,,,0.97919,1
028,1012,113.91100,10.12000,-0.26988,,,,,0.97905,1
028,1013,114.03200,10.13000,-0.26850,,,,,0.97892,1
028,1014,114.16000,10.14000,-0.26701,,,,,0.97877,1
028,1015,114.28300,10.15000,-0.26544,,,,,0.97863,1
028,1016,114.42600,10.16000,-0.26438,,,,,0.97847,1
028,1017,114.52200,10.17000,-0.26306,,,,,0.97836,1
028,1018,114.65400,10.18000,-0.26156,,,,,0.97821,1
028,1019,114.77900,10.19000,-0.26006,,,,,0.97806,1
028,1020,114.89100,10.20000,-0.25868,,,,,0.97794,1
028,1021,115.02000,10.21000,-0.25650,,,,,0.97779,1
028,1022,115.14200,10.22000,-0.25463,,,,,0.97765,1
028,1023,115.26000,10.23000,-0.25380,,,,,0.97752,1
028,1024,115.37800,10.24000,-0.25260,,,,,0.97738,1
028,1025,115.50500,10.25000,-0.25141,,,,,0.97724,1
028,1026,115.62500,10.26000,-0.24941,,,,,0.97710,1
028,1027,115.75200,10.27000,-0.24772,,,,,0.97696,1
028,1028,115.87500,10.28000,-0.24628,,,,,0.97682,1
028,1029,115.99700,10.29000,-0.24489,,,,,0.97668,1
028,1030,116.12600,10.30000,-0.24357,,,,,0.97653,1
028,1031,116.24600,10.31000,-0.24207,,,,,0.97639,1
028,1032,116.36900,10.32000,-0.24031,,,,,0.97625,1
028,1033,116.49300,10.33000,-0.23862,,,,,0.97611,1
028,1034,116.61200,10.34000,-0.23687,,,,,0.97598,1
028,1035,116.72800,10.35000,-0.23560,,,,,0.97584,1
028,1036,116.86000,10.36000,-0.23360,,,,,0.97569,1
028,1037,116.97800,10.37000,-0.23203,,,,,0.97556,1
028,1038,117.10200,10.38000,-0.23077,,,,,0.97542,1
028,1039,117.22300,10.39000,-0.22950,,,,,0.97528,1
028,1040,117.34400,10.40000,-0.22793,,,,,0.97514,1
028,1041,117.47100,10.41000,-0.22636,,,,,0.97500,1
028,1042,117.59300,10.42000,-0.22466,,,,,0.97486,1
028,1043,117.72100,10.43000,-0.22291,,,,,0.97471,1
028,1044,117.83800,10.44000,-0.22114,,,,,0.97458,1
028,1045,117.95100,10.45000,-0.22000,,,,,0.97445,1
028,1046,118.08300,10.46000,-0.21781,,,,,0.97430,1
028,1047,118.20000,10.47000,-0.21605,,,,,0.97417,1
028,1048,118.31800,10.48000,-0.21416,,,,,0.97403,1
028,1049,118.44100,10.49000,-0.21277,,,,,0.97389,1
028,1050,118.56700,10.50000,-0.21138,,,,,0.97375,1
028,1051,118.68200,10.51000,-0.20986,,,,,0.97362,1
028,1052,118.81100,10.52000,-0.20835,,,,,0.97347,1
028,1053,118.92400,10.53000,-0.20671,,,,,0.97334,1
028,1054,119.04200,10.54000,-0.20500,,,,,0.97321,1
028,1055,119.16200,10.55000,-0.20330,,,,,0.97307,1
028,1056,119.27900,10.56000,-0.20166,,,,,0.97294,1
028,1057,119.42200,10.57000,-0.20002,,,,,0.97277,1
028,1058,119.52900,10.58000,-0.19800,,,,,0.97265,1
028,1059,119.65100,10.59000,-0.19667,,,,,0.97251,1
028,1060,119.76200,10.60000,-0.19521,,,,,0.97239,1
028,1061,119.88500,10.61000,-0.19313,,,,,0.97225,1
028,1062,120.01200,10.62000,-0.19149,,,,,0.97210,1
028,1063,120.14100,10.63000,-0.18972,,,,,0.97196,1
028,1064,120.25600,10.64000,-0.18807,,,,,0.97183,1
028,1065,120.38000,10.65000,-0.18643,,,,,0.97168,1
028,1066,120.50900,10.66000,-0.18453,,,,,0.97154,1
028,1067,120.62500,10.67000,-0.18289,,,,,0.97141,1
028,1068,120.74200,10.68000,-0.18118,,,,,0.97127,1
028,1069,120.86000,10.69000,-0.17922,,,,,0.97114,1
028,1070,120.97800,10.70000,-0.17806,,,,,0.97100,1
028,1071,121.09000,10.71000,-0.17616,,,,,0.97088,1
028,1072,121.22600,10.72000,-0.17433,,,,,0.97072,1
028,1073,121.34200,10.73000,-0.17262,,,,,0.97059,1
028,1074,121.46600,10.74000,-0.17072,,,,,0.97045,1
028,1075,121.58900,10.75000,-0.16907,,,,,0.97031,1
028,1076,121.71000,10.76000,-0.16723,,,,,0.97017,1
028,1077,121.82900,10.77000,-0.16558,,,,,0.97004,1
028,1078,121.94900,10.78000,-0.16387,,,,,0.96990,1
028,1079,122.06800,10.79000,-0.16209,,,,,0.96977,1
028,1080,122.19000,10.80000,-0.16037,,,,,0.96963,1
028,1081,122.30400,10.81000,-0.15859,,,,,0.96950,1
028,1082,122.43300,10.82000,-0.15688,,,,,0.96935,1
028,1083,122.54600,10.83000,-0.15516,,,,,0.96922,1
028,1084,122.68200,10.84000,-0.15345,,,,,0.96907,1
028,1085,122.79300,10.85000,-0.15160,,,,,0.96894,1
028,1086,122.90900,10.86000,-0.14982,,,,,0.96881,1
028,1087,123.02400,10.87000,-0.14723,,,,,0.96868,1
028,1088,123.15600,10.88000,-0.14607,,,,,0.96853,1
028,1089,123.26800,10.89000,-0.14454,,,,,0.96840,1
028,1090,123.38800,10.90000,-0.14201,,,,,0.96826,1
028,1091,123.50700,10.91000,-0.14066,,,,,0.96813,1
028,1092,123.63100,10.92000,-0.13894,,,,,0.96799,1
028,1093,123.76000,10.93000,-0.13734,,,,,0.96784,1
028,1094,123.86700,10.94000,-0.13537,,,,,0.96772,1
028,1095,123.99400,10.95000,-0.13346,,,,,0.96758,1
028,1096,124.11400,10.96000,-0.13167,,,,,0.96744,1
028,1097,124.23800,10.97000,-0.12964,,,,,0.96730,1
028,1098,124.34600,10.98000,-0.12779,,,,,0.96718,1
028,1099,124.47600,10.99000,-0.12619,,,,,0.96703,1
028,1100,124.58800,11.00000,-0.12484,,,,,0.96690,1
028,1101,124.71400,11.01000,-0.12249,,,,,0.96676,1
028,1102,124.82600,11.02000,-0.12082,,,,,0.96663,1
028,1103,124.94600,11.03000,-0.11860,,,,,0.96650,1
028,1104,125.06900,11.04000,-0.11656,,,,,0.96636,1
028,1105,125.18500,11.05000,-0.11464,,,,,0.96622,1
028,1106,125.31400,11.06000,-0.11285,,,,,0.96608,1
028,1107,125.43200,11.07000,-0.11119,,,,,0.96594,1
028,1108,125.55700,11.08000,-0.10958,,,,,0.96580,1
028,1109,125.67300,11.09000,-0.10773,,,,,0.96567,1
028,1110,125.79300,11.10000,-0.10587,,,,,0.96553,1
028,1111,125.92100,11.11000,-0.10420,,,,,0.96539,1
028,1112,126.02900,11.12000,-0.10247,,,,,0.96527,1
028,1113,126.15200,11.13000,-0.10030,,,,,0.96513,1
028,1114,126.26100,11.14000,-9.844391e-002,,,,,0.96500,1
028,1115,126.39400,11.15000,-9.652506e-002,,,,,0.96485,1
028,1116,126.50500,11.16000,-9.466556e-002,,,,,0.96473,1
028,1117,126.62800,11.17000,-9.274447e-002,,,,,0.96459,1
028,1118,126.75500,11.18000,-9.094810e-002,,,,,0.96444,1
028,1119,126.85900,11.19000,-8.902392e-002,,,,,0.96433,1
028,1120,126.98300,11.20000,-8.703888e-002,,,,,0.96418,1
028,1121,127.10200,11.21000,-8.517765e-002,,,,,0.96405,1
028,1122,127.22400,11.22000,-8.344111e-002,,,,,0.96391,1
028,1123,127.34500,11.23000,-8.182890e-002,,,,,0.96377,1
028,1124,127.46400,11.24000,-8.015356e-002,,,,,0.96364,1
028,1125,127.58500,11.25000,-7.810306e-002,,,,,0.96350,1
028,1126,127.71000,11.26000,-7.636478e-002,,,,,0.96336,1
028,1127,127.81900,11.27000,-7.456208e-002,,,,,0.96324,1
028,1128,127.93700,11.28000,-7.269719e-002,,,,,0.96310,1
028,1129,128.05800,11.29000,-7.089453e-002,,,,,0.96297,1
028,1130,128.17700,11.30000,-6.884110e-002,,,,,0.96283,1
028,1131,128.30099,11.31000,-6.678749e-002,,,,,0.96269,1
028,1132,128.40800,11.32000,-6.523233e-002,,,,,0.96257,1
028,1133,128.54100,11.33000,-6.324085e-002,,,,,0.96242,1
028,1134,128.64500,11.34000,-6.118410e-002,,,,,0.96230,1
028,1135,128.77000,11.35000,-5.956630e-002,,,,,0.96216,1
028,1136,128.89000,11.36000,-5.782252e-002,,,,,0.96202,1
028,1137,129.00400,11.37000,-5.607784e-002,,,,,0.96189,1
028,1138,129.12601,11.38000,-5.420802e-002,,,,,0.96176,1
028,1139,129.23801,11.39000,-5.171101e-002,,,,,0.96163,1
028,1140,129.35001,11.40000,-4.965162e-002,,,,,0.96150,1
028,1141,129.46800,11.41000,-4.859396e-002,,,,,0.96137,1
028,1142,129.58501,11.42000,-4.684703e-002,,,,,0.96124,1
028,1143,129.71201,11.43000,-4.516278e-002,,,,,0.96109,1
028,1144,129.81599,11.44000,-4.291303e-002,,,,,0.96098,1
028,1145,129.94901,11.45000,-4.104005e-002,,,,,0.96082,1
028,1146,130.06700,11.46000,-3.904047e-002,,,,,0.96069,1
028,1147,130.18100,11.47000,-3.710283e-002,,,,,0.96056,1
028,1148,130.30099,11.48000,-3.522760e-002,,,,,0.96043,1
028,1149,130.42799,11.49000,-3.347750e-002,,,,,0.96028,1
028,1150,130.53700,11.50000,-3.160080e-002,,,,,0.96016,1
028,1151,130.65300,11.51000,-2.997470e-002,,,,,0.96003,1
028,1152,130.78200,11.52000,-2.822315e-002,,,,,0.95988,1
028,1153,130.89400,11.53000,-2.634508e-002,,,,,0.95976,1
028,1154,131.00400,11.54000,-2.427826e-002,,,,,0.95963,1
028,1155,131.11600,11.55000,-2.214821e-002,,,,,0.95950,1
028,1156,131.24400,11.56000,-2.045724e-002,,,,,0.95936,1
028,1157,131.36000,11.57000,-1.851445e-002,,,,,0.95923,1
028,1158,131.47701,11.58000,-1.675946e-002,,,,,0.95910,1
028,1159,131.59100,11.59000,-1.506671e-002,,,,,0.95897,1
028,1160,131.71500,11.60000,-1.318530e-002,,,,,0.95883,1
028,1161,131.82201,11.61000,-1.155429e-002,,,,,0.95871,1
028,1162,131.94800,11.62000,-9.483461e-003,,,,,0.95856,1
028,1163,132.06400,11.63000,-7.349118e-003,,,,,0.95843,1
028,1164,132.18600,11.64000,-5.402693e-003,,,,,0.95829,1
028,1165,132.30800,11.65000,-3.644201e-003,,,,,0.95816,1
028,1166,132.41100,11.66000,-1.947999e-003,,,,,0.95804,1
028,1167,132.54500,11.67000,-0.000000e+000,,,,,0.95789,1
028,1168,132.66499,11.68000,1.697153e-003,,,,,0.95775,1
028,1169,132.76500,11.69000,2.828922e-003,,,,,0.95764,1
028,1170,132.89400,11.70000,4.589839e-003,,,,,0.95749,1
028,1171,133.00900,11.71000,6.665601e-003,,,,,0.95736,1
028,1172,133.12700,11.72000,8.616175e-003,,,,,0.95723,1
028,1173,133.24500,11.73000,1.069309e-002,,,,,0.95710,1
028,1174,133.36900,11.74000,1.289650e-002,,,,,0.95696,1
028,1175,133.48599,11.75000,1.497459e-002,,,,,0.95683,1
028,1176,133.60001,11.76000,1.661270e-002,,,,,0.95670,1
028,1177,133.71500,11.77000,1.844009e-002,,,,,0.95657,1
028,1178,133.82800,11.78000,2.039381e-002,,,,,0.95644,1
028,1179,133.94600,11.79000,2.203342e-002,,,,,0.95631,1
028,1180,134.06599,11.80000,2.316985e-002,,,,,0.95617,1
028,1181,134.17999,11.81000,2.506207e-002,,,,,0.95604,1
028,1182,134.31400,11.82000,2.695543e-002,,,,,0.95589,1
028,1183,134.42000,11.83000,2.928936e-002,,,,,0.95577,1
028,1184,134.53300,11.84000,3.061619e-002,,,,,0.95564,1
028,1185,134.64200,11.85000,3.238425e-002,,,,,0.95552,1
028,1186,134.76601,11.86000,3.402735e-002,,,,,0.95538,1
028,1187,134.88800,11.87000,3.642711e-002,,,,,0.95524,1
028,1188,134.99699,11.88000,3.851182e-002,,,,,0.95512,1
028,1189,135.11400,11.89000,3.990401e-002,,,,,0.95499,1
028,1190,135.21800,11.90000,4.167424e-002,,,,,0.95487,1
028,1191,135.35500,11.91000,4.332048e-002,,,,,0.95472,1
028,1192,135.46899,11.92000,4.540749e-002,,,,,0.95459,1
028,1193,135.58299,11.93000,4.705354e-002,,,,,0.95446,1
028,1194,135.69800,11.94000,4.870009e-002,,,,,0.95433,1
028,1195,135.80800,11.95000,5.078843e-002,,,,,0.95421,1
028,1196,135.92500,11.96000,5.249915e-002,,,,,0.95407,1
028,1197,136.03600,11.97000,5.433618e-002,,,,,0.95395,1
028,1198,136.15500,11.98000,5.617421e-002,,,,,0.95381,1
028,1199,136.27000,11.99000,5.788625e-002,,,,,0.95368,1
028,1200,136.39101,12.00000,5.972543e-002,,,,,0.95355,1
028,1201,136.50999,12.01000,6.131242e-002,,,,,0.95341,1
028,1202,136.63400,12.02000,6.296339e-002,,,,,0.95327,1
028,1203,136.73000,12.03000,6.473901e-002,,,,,0.95317,1
028,1204,136.85699,12.04000,6.639114e-002,,,,,0.95302,1
028,1205,136.98199,12.05000,6.791724e-002,,,,,0.95288,1
028,1206,137.08701,12.06000,6.975809e-002,,,,,0.95276,1
028,1207,137.21100,12.07000,7.141141e-002,,,,,0.95262,1
028,1208,137.33600,12.08000,7.293889e-002,,,,,0.95248,1
028,1209,137.44701,12.09000,7.490809e-002,,,,,0.95236,1
028,1210,137.56200,12.10000,7.694139e-002,,,,,0.95223,1
028,1211,137.68401,12.11000,7.859651e-002,,,,,0.95209,1
028,1212,137.78600,12.12000,8.018696e-002,,,,,0.95198,1
028,1213,137.90700,12.13000,8.177963e-002,,,,,0.95184,1
028,1214,138.01801,12.14000,8.343504e-002,,,,,0.95172,1
028,1215,138.13600,12.15000,8.515485e-002,,,,,0.95158,1
028,1216,138.25999,12.16000,8.662264e-002,,,,,0.95144,1
028,1217,138.37700,12.17000,8.840657e-002,,,,,0.95131,1
028,1218,138.48801,12.18000,9.012705e-002,,,,,0.95119,1
028,1219,138.60899,12.19000,9.203897e-002,,,,,0.95105,1
028,1220,138.71400,12.20000,9.363311e-002,,,,,0.95093,1
028,1221,138.84100,12.21000,9.542009e-002,,,,,0.95079,1
028,1222,138.95300,12.22000,9.733252e-002,,,,,0.95066,1
028,1223,139.05499,12.23000,9.899095e-002,,,,,0.95055,1
028,1224,139.17000,12.24000,0.10046,,,,,0.95042,1
028,1225,139.28900,12.25000,0.10219,,,,,0.95029,1
028,1226,139.41000,12.26000,0.10404,,,,,0.95015,1
028,1227,139.52400,12.27000,0.10589,,,,,0.95002,1
028,1228,139.64700,12.28000,0.10755,,,,,0.94988,1
028,1229,139.76199,12.29000,0.10915,,,,,0.94975,1
028,1230,139.87000,12.30000,0.11056,,,,,0.94963,1
028,1231,139.98599,12.31000,0.11222,,,,,0.94950,1
028,1232,140.08501,12.32000,0.11408,,,,,0.94939,1
028,1233,140.21700,12.33000,0.11587,,,,,0.94924,1
028,1234,140.32800,12.34000,0.11766,,,,,0.94912,1
028,1235,140.45100,12.35000,0.11926,,,,,0.94898,1
028,1236,140.55499,12.36000,0.12048,,,,,0.94886,1
028,1237,140.67400,12.37000,0.12234,,,,,0.94873,1
028,1238,140.78799,12.38000,0.12407,,,,,0.94860,1
028,1239,140.90100,12.39000,0.12587,,,,,0.94847,1
028,1240,141.02200,12.40000,0.12760,,,,,0.94834,1
028,1241,141.12801,12.41000,0.12920,,,,,0.94822,1
028,1242,141.25000,12.42000,0.13081,,,,,0.94808,1
028,1243,141.36400,12.43000,0.13248,,,,,0.94795,1
028,1244,141.46899,12.44000,0.13421,,,,,0.94784,1
028,1245,141.58900,12.45000,0.13588,,,,,0.94770,1
028,1246,141.69701,12.46000,0.13755,,,,,0.94758,1
028,1247,141.81300,12.47000,0.13909,,,,,0.94745,1
028,1248,141.93300,12.48000,0.14045,,,,,0.94731,1
028,1249,142.05499,12.49000,0.14218,,,,,0.94718,1
028,1250,142.14700,12.50000,0.14391,,,,,0.94707,1
028,1251,142.26100,12.51000,0.14552,,,,,0.94695,1
028,1252,142.38901,12.52000,0.14726,,,,,0.94680,1
028,1253,142.49699,12.53000,0.14887,,,,,0.94668,1
028,1254,142.62300,12.54000,0.15029,,,,,0.94654,1
028,1255,142.72800,12.55000,0.15184,,,,,0.94642,1
028,1256,142.84900,12.56000,0.15351,,,,,0.94629,1
028,1257,142.94800,12.57000,0.15538,,,,,0.94618,1
028,1258,143.06900,12.58000,0.15699,,,,,0.94604,1
028,1259,143.17999,12.59000,0.15860,,,,,0.94592,1
028,1260,143.29300,12.60000,0.15996,,,,,0.94579,1
028,1261,143.41600,12.61000,0.16145,,,,,0.94565,1
028,1262,143.52800,12.62000,0.16331,,,,,0.94553,1
028,1263,143.64000,12.63000,0.16506,,,,,0.94540,1
028,1264,143.76401,12.64000,0.16674,,,,,0.94526,1
028,1265,143.86400,12.65000,0.16841,,,,,0.94515,1
028,1266,143.98300,12.66000,0.16996,,,,,0.94502,1
028,1267,144.09300,12.67000,0.17152,,,,,0.94489,1
028,1268,144.21400,12.68000,0.17320,,,,,0.94476,1
028,1269,144.32800,12.69000,0.17475,,,,,0.94463,1
028,1270,144.43201,12.70000,0.17605,,,,,0.94451,1
028,1271,144.55400,12.71000,0.17798,,,,,0.94438,1
028,1272,144.66299,12.72000,0.17986,,,,,0.94425,1
028,1273,144.77299,12.73000,0.18071,,,,,0.94413,1
028,1274,144.88600,12.74000,0.18214,,,,,0.94400,1
028,1275,145.00500,12.75000,0.18427,,,,,0.94387,1
028,1276,145.11200,12.76000,0.18582,,,,,0.94375,1
028,1277,145.23700,12.77000,0.18725,,,,,0.94361,1
028,1278,145.33200,12.78000,0.18893,,,,,0.94350,1
028,1279,145.44800,12.79000,0.19081,,,,,0.94337,1
028,1280,145.56400,12.80000,0.19141,,,,,0.94324,1
028,1281,145.68201,12.81000,0.19367,,,,,0.94311,1
028,1282,145.79500,12.82000,0.19548,,,,,0.94299,1
028,1283,145.91701,12.83000,0.19673,,,,,0.94285,1
028,1284,146.02100,12.84000,0.19809,,,,,0.94273,1
028,1285,146.13600,12.85000,0.19952,,,,,0.94260,1
028,1286,146.24500,12.86000,0.20108,,,,,0.94248,1
028,1287,146.37100,12.87000,0.20271,,,,,0.94234,1
028,1288,146.47200,12.88000,0.20420,,,,,0.94223,1
028,1289,146.58200,12.89000,0.20563,,,,,0.94211,1
028,1290,146.69200,12.90000,0.20720,,,,,0.94198,1
028,1291,146.80800,12.91000,0.20876,,,,,0.94185,1
028,1292,146.91600,12.92000,0.21026,,,,,0.94173,1
028,1293,147.04100,12.93000,0.21188,,,,,0.94159,1
028,1294,147.16000,12.94000,0.21275,,,,,0.94146,1
028,1295,147.25999,12.95000,0.21437,,,,,0.94135,1
028,1296,147.37500,12.96000,0.21606,,,,,0.94122,1
028,1297,147.47900,12.97000,0.21769,,,,,0.94110,1
028,1298,147.59599,12.98000,0.21945,,,,,0.94097,1
028,1299,147.70500,12.99000,0.22088,,,,,0.94085,1
028,1300,147.83000,13.00000,0.22226,,,,,0.94071,1
028,1301,147.92500,13.01000,0.22344,,,,,0.94061,1
028,1302,148.04500,13.02000,0.22481,,,,,0.94047,1
028,1303,148.15700,13.03000,0.22657,,,,,0.94035,1
028,1304,148.26700,13.04000,0.22762,,,,,0.94022,1
028,1305,148.37900,13.05000,0.22926,,,,,0.94010,1
028,1306,148.49800,13.06000,0.23102,,,,,0.93997,1
028,1307,148.59599,13.07000,0.23271,,,,,0.93986,1
028,1308,148.71100,13.08000,0.23422,,,,,0.93973,1
028,1309,148.83600,13.09000,0.23515,,,,,0.93959,1
028,1310,148.94299,13.10000,0.23671,,,,,0.93947,1
028,1311,149.05901,13.11000,0.23880,,,,,0.93934,1
028,1312,149.16499,13.12000,0.24024,,,,,0.93922,1
028,1313,149.27499,13.13000,0.24155,,,,,0.93910,1
028,1314,149.38100,13.14000,0.24261,,,,,0.93898,1
028,1315,149.49500,13.15000,0.24399,,,,,0.93885,1
028,1316,149.60001,13.16000,0.24543,,,,,0.93874,1
028,1317,149.71300,13.17000,0.24700,,,,,0.93861,1
028,1318,149.82700,13.18000,0.24851,,,,,0.93848,1
028,1319,149.94701,13.19000,0.25009,,,,,0.93835,1
028,1320,150.05400,13.20000,0.25166,,,,,0.93823,1
028,1321,150.15300,13.21000,0.25303,,,,,0.93812,1
028,1322,150.27000,13.22000,0.25403,,,,,0.93799,1
028,1323,150.38300,13.23000,0.25561,,,,,0.93786,1
028,1324,150.48500,13.24000,0.25705,,,,,0.93775,1
028,1325,150.59700,13.25000,0.25869,,,,,0.93762,1
028,1326,150.71100,13.26000,0.26020,,,,,0.93750,1
028,1327,150.81599,13.27000,0.26152,,,,,0.93738,1
028,1328,150.93800,13.28000,0.26316,,,,,0.93724,1
028,1329,151.04401,13.29000,0.26474,,,,,0.93713,1
028,1330,151.15100,13.30000,0.26586,,,,,0.93701,1
028,1331,151.26601,13.31000,0.26686,,,,,0.93688,1
028,1332,151.38200,13.32000,0.26812,,,,,0.93675,1
028,1333,151.48399,13.33000,0.26970,,,,,0.93664,1
028,1334,151.60699,13.34000,0.27154,,,,,0.93650,1
028,1335,151.71300,13.35000,0.27298,,,,,0.93638,1
028,1336,151.82800,13.36000,0.27431,,,,,0.93625,1
028,1337,151.92400,13.37000,0.27569,,,,,0.93615,1
028,1338,152.06000,13.38000,0.27702,,,,,0.93600,1
028,1339,152.14999,13.39000,0.27847,,,,,0.93590,1
028,1340,152.26900,13.40000,0.27992,,,,,0.93576,1
028,1341,152.37700,13.41000,0.28131,,,,,0.93564,1
028,1342,152.48500,13.42000,0.28269,,,,,0.93552,1
028,1343,152.59200,13.43000,0.28428,,,,,0.93540,1
028,1344,152.71300,13.44000,0.28580,,,,,0.93527,1
028,1345,152.82001,13.45000,0.28718,,,,,0.93515,1
028,1346,152.92400,13.46000,0.28819,,,,,0.93503,1
028,1347,153.03999,13.47000,0.28971,,,,,0.93491,1
028,1348,153.14200,13.48000,0.29116,,,,,0.93479,1
028,1349,153.26401,13.49000,0.29249,,,,,0.93466,1
028,1350,153.37199,13.50000,0.29388,,,,,0.93454,1
028,1351,153.47900,13.51000,0.29501,,,,,0.93442,1
028,1352,153.58400,13.52000,0.29666,,,,,0.93430,1
028,1353,153.70500,13.53000,0.29812,,,,,0.93417,1
028,1354,153.80901,13.54000,0.29874,,,,,0.93405,1
028,1355,153.91400,13.55000,0.30013,,,,,0.93393,1
028,1356,154.04401,13.56000,0.30134,,,,,0.93379,1
028,1357,154.14400,13.57000,0.30273,,,,,0.93368,1
028,1358,154.24500,13.58000,0.30431,,,,,0.93357,1
028,1359,154.36000,13.59000,0.30596,,,,,0.93344,1
028,1360,154.46899,13.60000,0.30671,,,,,0.93332,1
028,1361,154.57401,13.61000,0.30875,,,,,0.93320,1
028,1362,154.68600,13.62000,0.30982,,,,,0.93308,1
028,1363,154.78700,13.63000,0.31128,,,,,0.93297,1
028,1364,154.90500,13.64000,0.31262,,,,,0.93283,1
028,1365,155.02000,13.65000,0.31401,,,,,0.93271,1
028,1366,155.12700,13.66000,0.31515,,,,,0.93259,1
028,1367,155.23199,13.67000,0.31629,,,,,0.93247,1
028,1368,155.33900,13.68000,0.31755,,,,,0.93235,1
028,1369,155.44600,13.69000,0.31869,,,,,0.93223,1
028,1370,155.55400,13.70000,0.31977,,,,,0.93211,1
028,1371,155.67300,13.71000,0.32104,,,,,0.93198,1
028,1372,155.78300,13.72000,0.32250,,,,,0.93186,1
028,1373,155.88100,13.73000,0.32409,,,,,0.93175,1
028,1374,155.99100,13.74000,0.32504,,,,,0.93163,1
028,1375,156.10899,13.75000,0.32625,,,,,0.93150,1
028,1376,156.20300,13.76000,0.32809,,,,,0.93140,1
028,1377,156.31799,13.77000,0.32956,,,,,0.93127,1
028,1378,156.42700,13.78000,0.33019,,,,,0.93115,1
028,1379,156.54201,13.79000,0.33204,,,,,0.93102,1
028,1380,156.64900,13.80000,0.33280,,,,,0.93090,1
028,1381,156.75800,13.81000,0.33491,,,,,0.93078,1
028,1382,156.86200,13.82000,0.33618,,,,,0.93066,1
028,1383,156.96300,13.83000,0.33687,,,,,0.93055,1
028,1384,157.08200,13.84000,0.33834,,,,,0.93042,1
028,1385,157.19299,13.85000,0.33968,,,,,0.93030,1
028,1386,157.31400,13.86000,0.34108,,,,,0.93016,1
028,1387,157.41499,13.87000,0.34236,,,,,0.93005,1
028,1388,157.52499,13.88000,0.34331,,,,,0.92993,1
028,1389,157.62900,13.89000,0.34471,,,,,0.92982,1
028,1390,157.73599,13.90000,0.34579,,,,,0.92970,1
028,1391,157.84801,13.91000,0.34732,,,,,0.92957,1
028,1392,157.94701,13.92000,0.34853,,,,,0.92946,1
028,1393,158.04100,13.93000,0.34980,,,,,0.92936,1
028,1394,158.15401,13.94000,0.35127,,,,,0.92924,1
028,1395,158.27901,13.95000,0.35256,,,,,0.92910,1
028,1396,158.37801,13.96000,0.35351,,,,,0.92899,1
028,1397,158.48599,13.97000,0.35478,,,,,0.92887,1
028,1398,158.59100,13.98000,0.35619,,,,,0.92875,1
028,1399,158.70300,13.99000,0.35740,,,,,0.92863,1
028,1400,158.80499,14.00000,0.35861,,,,,0.92852,1
028,1401,158.91200,14.01000,0.35976,,,,,0.92840,1
028,1402,159.03500,14.02000,0.36111,,,,,0.92826,1
028,1403,159.13200,14.03000,0.36225,,,,,0.92815,1
028,1404,159.24600,14.04000,0.36341,,,,,0.92803,1
028,1405,159.35201,14.05000,0.36469,,,,,0.92791,1
028,1406,159.46300,14.06000,0.36597,,,,,0.92779,1
028,1407,159.56500,14.07000,0.36724,,,,,0.92768,1
028,1408,159.66800,14.08000,0.36800,,,,,0.92756,1
028,1409,159.78000,14.09000,0.36916,,,,,0.92744,1
028,1410,159.89200,14.10000,0.37024,,,,,0.92731,1
028,1411,160.00301,14.11000,0.37133,,,,,0.92719,1
028,1412,160.10500,14.12000,0.37287,,,,,0.92708,1
028,1413,160.23100,14.13000,0.37435,,,,,0.92694,1
028,1414,160.32001,14.14000,0.37576,,,,,0.92684,1
028,1415,160.42599,14.15000,0.37704,,,,,0.92672,1
028,1416,160.54500,14.16000,0.37807,,,,,0.92659,1
028,1417,160.64301,14.17000,0.37909,,,,,0.92649,1
028,1418,160.75900,14.18000,0.38018,,,,,0.92636,1
028,1419,160.85001,14.19000,0.38165,,,,,0.92626,1
028,1420,160.97301,14.20000,0.38294,,,,,0.92612,1
028,1421,161.06700,14.21000,0.38337,,,,,0.92602,1
028,1422,161.17599,14.22000,0.38531,,,,,0.92590,1
028,1423,161.28799,14.23000,0.38666,,,,,0.92577,1
028,1424,161.39101,14.24000,0.38814,,,,,0.92566,1
028,1425,161.49100,14.25000,0.38877,,,,,0.92555,1
028,1426,161.60201,14.26000,0.38960,,,,,0.92543,1
028,1427,161.72000,14.27000,0.39089,,,,,0.92530,1
028,1428,161.81799,14.28000,0.39211,,,,,0.92519,1
028,1429,161.92999,14.29000,0.39340,,,,,0.92507,1
028,1430,162.04601,14.30000,0.39469,,,,,0.92494,1
028,1431,162.14301,14.31000,0.39584,,,,,0.92483,1
028,1432,162.23700,14.32000,0.39647,,,,,0.92473,1
028,1433,162.36400,14.33000,0.39771,,,,,0.92459,1
028,1434,162.46400,14.34000,0.39899,,,,,0.92448,1
028,1435,162.55901,14.35000,0.40021,,,,,0.92437,1
028,1436,162.66800,14.36000,0.40143,,,,,0.92425,1
028,1437,162.78400,14.37000,0.40272,,,,,0.92413,1
028,1438,162.89101,14.38000,0.40395,,,,,0.92401,1
028,1439,162.99800,14.39000,0.40446,,,,,0.92389,1
028,1440,163.10100,14.40000,0.40627,,,,,0.92378,1
028,1441,163.20300,14.41000,0.40742,,,,,0.92367,1
028,1442,163.31100,14.42000,0.40884,,,,,0.92355,1
028,1443,163.43500,14.43000,0.40982,,,,,0.92341,1
028,1444,163.53300,14.44000,0.41026,,,,,0.92330,1
028,1445,163.63699,14.45000,0.41109,,,,,0.92319,1
028,1446,163.74300,14.46000,0.41264,,,,,0.92307,1
028,1447,163.85100,14.47000,0.41472,,,,,0.92295,1
028,1448,163.96001,14.48000,0.41510,,,,,0.92283,1
028,1449,164.05099,14.49000,0.41579,,,,,0.92273,1
028,1450,164.16701,14.50000,0.41690,,,,,0.92261,1
028,1451,164.27800,14.51000,0.41865,,,,,0.92248,1
028,1452,164.37500,14.52000,0.42046,,,,,0.92238,1
028,1453,164.48500,14.53000,0.42084,,,,,0.92226,1
028,1454,164.58299,14.54000,0.42174,,,,,0.92215,1
028,1455,164.70799,14.55000,0.42298,,,,,0.92201,1
028,1456,164.79500,14.56000,0.42380,,,,,0.92192,1
028,1457,164.89999,14.57000,0.42529,,,,,0.92180,1
028,1458,165.01199,14.58000,0.42620,,,,,0.92168,1
028,1459,165.12199,14.59000,0.42737,,,,,0.92156,1
028,1460,165.22501,14.60000,0.42859,,,,,0.92144,1
028,1461,165.33501,14.61000,0.42956,,,,,0.92132,1
028,1462,165.43700,14.62000,0.43086,,,,,0.92121,1
028,1463,165.53900,14.63000,0.43196,,,,,0.92110,1
028,1464,165.65601,14.64000,0.43287,,,,,0.92097,1
028,1465,165.75999,14.65000,0.43390,,,,,0.92086,1
028,1466,165.86099,14.66000,0.43448,,,,,0.92075,1
028,1467,165.96700,14.67000,0.43538,,,,,0.92063,1
028,1468,166.06300,14.68000,0.43641,,,,,0.92052,1
028,1469,166.17300,14.69000,0.43778,,,,,0.92040,1
028,1470,166.27499,14.70000,0.43907,,,,,0.92029,1
028,1471,166.38800,14.71000,0.44031,,,,,0.92017,1
028,1472,166.49600,14.72000,0.44148,,,,,0.92005,1
028,1473,166.59300,14.73000,0.44251,,,,,0.91994,1
028,1474,166.70300,14.74000,0.44362,,,,,0.91982,1
028,1475,166.81300,14.75000,0.44400,,,,,0.91970,1
028,1476,166.92500,14.76000,0.44504,,,,,0.91958,1
028,1477,167.02400,14.77000,0.44595,,,,,0.91947,1
028,1478,167.12199,14.78000,0.44737,,,,,0.91936,1
028,1479,167.21700,14.79000,0.44860,,,,,0.91926,1
028,1480,167.34300,14.80000,0.44979,,,,,0.91912,1
028,1481,167.43900,14.81000,0.45082,,,,,0.91902,1
028,1482,167.54300,14.82000,0.45219,,,,,0.91890,1
028,1483,167.65401,14.83000,0.45264,,,,,0.91878,1
028,1484,167.74899,14.84000,0.45321,,,,,0.91868,1
028,1485,167.85400,14.85000,0.45445,,,,,0.91856,1
028,1486,167.96001,14.86000,0.45602,,,,,0.91845,1
028,1487,168.06000,14.87000,0.45705,,,,,0.91834,1
028,1488,168.18300,14.88000,0.45797,,,,,0.91820,1
028,1489,168.27100,14.89000,0.45900,,,,,0.91811,1
028,1490,168.38300,14.90000,0.46018,,,,,0.91798,1
028,1491,168.47000,14.91000,0.46134,,,,,0.91789,1
028,1492,168.59900,14.92000,0.46246,,,,,0.91775,1
028,1493,168.69099,14.93000,0.46350,,,,,0.91765,1
028,1494,168.80000,14.94000,0.46435,,,,,0.91753,1
028,1495,168.90700,14.95000,0.46532,,,,,0.91741,1
028,1496,169.00800,14.96000,0.46623,,,,,0.91730,1
028,1497,169.12199,14.97000,0.46662,,,,,0.91718,1
028,1498,169.21201,14.98000,0.46720,,,,,0.91708,1
028,1499,169.31400,14.99000,0.46863,,,,,0.91697,1
028,1500,169.43500,15.00000,0.47002,,,,,0.91683,1
028,1501,169.52000,15.01000,0.47111,,,,,0.91674,1
028,1502,169.64000,15.02000,0.47223,,,,,0.91661,1
028,1503,169.74800,15.03000,0.47321,,,,,0.91649,1
028,1504,169.84200,15.04000,0.47405,,,,,0.91639,1
028,1505,169.94299,15.05000,0.47496,,,,,0.91628,1
028,1506,170.05701,15.06000,0.47602,,,,,0.91615,1
028,1507,170.16499,15.07000,0.47680,,,,,0.91604,1
028,1508,170.26100,15.08000,0.47771,,,,,0.91593,1
028,1509,170.37199,15.09000,0.47869,,,,,0.91581,1
028,1510,170.47301,15.10000,0.47980,,,,,0.91570,1
028,1511,170.58800,15.11000,0.48085,,,,,0.91557,1
028,1512,170.68800,15.12000,0.48177,,,,,0.91547,1
028,1513,170.78900,15.13000,0.48327,,,,,0.91536,1
028,1514,170.89799,15.14000,0.48393,,,,,0.91524,1
028,1515,170.99800,15.15000,0.48431,,,,,0.91513,1
028,1516,171.09700,15.16000,0.48582,,,,,0.91502,1
028,1517,171.21201,15.17000,0.48694,,,,,0.91489,1
028,1518,171.30499,15.18000,0.48771,,,,,0.91479,1
028,1519,171.41701,15.19000,0.48857,,,,,0.91467,1
028,1520,171.52699,15.20000,0.48975,,,,,0.91455,1
028,1521,171.62500,15.21000,0.49106,,,,,0.91444,1
028,1522,171.72701,15.22000,0.49191,,,,,0.91433,1
028,1523,171.83200,15.23000,0.49256,,,,,0.91422,1
028,1524,171.94501,15.24000,0.49329,,,,,0.91410,1
028,1525,172.03900,15.25000,0.49473,,,,,0.91399,1
028,1526,172.14000,15.26000,0.49597,,,,,0.91388,1
028,1527,172.24600,15.27000,0.49696,,,,,0.91377,1
028,1528,172.34000,15.28000,0.49794,,,,,0.91367,1
028,1529,172.45700,15.29000,0.49886,,,,,0.91354,1
028,1530,172.54700,15.30000,0.49977,,,,,0.91344,1
028,1531,172.65300,15.31000,0.50056,,,,,0.91332,1
028,1532,172.76300,15.32000,0.50096,,,,,0.91321,1
028,1533,172.87399,15.33000,0.50201,,,,,0.91308,1
028,1534,172.96700,15.34000,0.50286,,,,,0.91298,1
028,1535,173.07300,15.35000,0.50417,,,,,0.91287,1
028,1536,173.18401,15.36000,0.50530,,,,,0.91275,1
028,1537,173.28200,15.37000,0.50575,,,,,0.91264,1
028,1538,173.38699,15.38000,0.50707,,,,,0.91253,1
028,1539,173.48000,15.39000,0.50831,,,,,0.91243,1
028,1540,173.58900,15.40000,0.50877,,,,,0.91231,1
028,1541,173.70100,15.41000,0.50944,,,,,0.91218,1
028,1542,173.80200,15.42000,0.51062,,,,,0.91208,1
028,1543,173.89900,15.43000,0.51233,,,,,0.91197,1
028,1544,174.00400,15.44000,0.51272,,,,,0.91186,1
028,1545,174.11000,15.45000,0.51305,,,,,0.91174,1
028,1546,174.20799,15.46000,0.51397,,,,,0.91163,1
028,1547,174.33099,15.47000,0.51583,,,,,0.91150,1
028,1548,174.42599,15.48000,0.51681,,,,,0.91140,1
028,1549,174.52100,15.49000,0.51779,,,,,0.91129,1
028,1550,174.63499,15.50000,0.51780,,,,,0.91117,1
028,1551,174.74100,15.51000,0.51826,,,,,0.91106,1
028,1552,174.83299,15.52000,0.51924,,,,,0.91096,1
028,1553,174.94400,15.53000,0.52004,,,,,0.91084,1
028,1554,175.04800,15.54000,0.52103,,,,,0.91072,1
028,1555,175.15700,15.55000,0.52209,,,,,0.91060,1
028,1556,175.25000,15.56000,0.52320,,,,,0.91050,1
028,1557,175.35201,15.57000,0.52466,,,,,0.91039,1
028,1558,175.45799,15.58000,0.52565,,,,,0.91028,1
028,1559,175.56500,15.59000,0.52677,,,,,0.91016,1
028,1560,175.66800,15.60000,0.52763,,,,,0.91005,1
028,1561,175.76900,15.61000,0.52816,,,,,0.90994,1
028,1562,175.86301,15.62000,0.52895,,,,,0.90984,1
028,1563,175.97099,15.63000,0.52994,,,,,0.90972,1
028,1564,176.07300,15.64000,0.53080,,,,,0.90961,1
028,1565,176.18201,15.65000,0.53179,,,,,0.90949,1
028,1566,176.26700,15.66000,0.53258,,,,,0.90940,1
028,1567,176.38499,15.67000,0.53351,,,,,0.90927,1
028,1568,176.48000,15.68000,0.53450,,,,,0.90917,1
028,1569,176.58800,15.69000,0.53543,,,,,0.90905,1
028,1570,176.68600,15.70000,0.53635,,,,,0.90895,1
028,1571,176.80600,15.71000,0.53689,,,,,0.90882,1
028,1572,176.90700,15.72000,0.53769,,,,,0.90871,1
028,1573,177.00900,15.73000,0.53894,,,,,0.90860,1
028,1574,177.10600,15.74000,0.53967,,,,,0.90849,1
028,1575,177.20799,15.75000,0.54040,,,,,0.90838,1
028,1576,177.29900,15.76000,0.54138,,,,,0.90828,1
028,1577,177.41499,15.77000,0.54239,,,,,0.90816,1
028,1578,177.51401,15.78000,0.54311,,,,,0.90805,1
028,1579,177.60600,15.79000,0.54423,,,,,0.90795,1
028,1580,177.72400,15.80000,0.54458,,,,,0.90782,1
028,1581,177.82201,15.81000,0.54570,,,,,0.90772,1
028,1582,177.92101,15.82000,0.54643,,,,,0.90761,1
028,1583,178.02600,15.83000,0.54729,,,,,0.90750,1
028,1584,178.13499,15.84000,0.54869,,,,,0.90738,1
028,1585,178.23000,15.85000,0.54948,,,,,0.90728,1
028,1586,178.33000,15.86000,0.55068,,,,,0.90717,1
028,1587,178.44000,15.87000,0.55168,,,,,0.90705,1
028,1588,178.53999,15.88000,0.55234,,,,,0.90694,1
028,1589,178.64101,15.89000,0.55254,,,,,0.90683,1
028,1590,178.74800,15.90000,0.55361,,,,,0.90672,1
028,1591,178.84700,15.91000,0.55467,,,,,0.90661,1
028,1592,178.94600,15.92000,0.55500,,,,,0.90650,1
028,1593,179.06100,15.93000,0.55547,,,,,0.90638,1
028,1594,179.16200,15.94000,0.55687,,,,,0.90627,1
028,1595,179.26100,15.95000,0.55766,,,,,0.90616,1
028,1596,179.37500,15.96000,0.55860,,,,,0.90604,1
028,1597,179.48399,15.97000,0.55954,,,,,0.90592,1
028,1598,179.57401,15.98000,0.56033,,,,,0.90583,1
028,1599,179.67700,15.99000,0.56113,,,,,0.90572,1
028,1600,179.76801,16.00000,0.56199,,,,,0.90562,1
028,1601,179.88100,16.01000,0.56293,,,,,0.90550,1
028,1602,179.98300,16.02000,0.56366,,,,,0.90539,1
028,1603,180.08200,16.03000,0.56426,,,,,0.90528,1
028,1604,180.18700,16.04000,0.56520,,,,,0.90517,1
028,1605,180.28700,16.05000,0.56653,,,,,0.90506,1
028,1606,180.38699,16.06000,0.56726,,,,,0.90495,1
028,1607,180.48500,16.07000,0.56806,,,,,0.90484,1
028,1608,180.60699,16.08000,0.56854,,,,,0.90471,1
028,1609,180.69099,16.09000,0.56940,,,,,0.90462,1
028,1610,180.80600,16.10000,0.57047,,,,,0.90450,1
028,1611,180.89200,16.11000,0.57153,,,,,0.90441,1
028,1612,181.00000,16.12000,0.57253,,,,,0.90429,1
028,1613,181.10600,16.13000,0.57341,,,,,0.90418,1
028,1614,181.20399,16.14000,0.57427,,,,,0.90407,1
028,1615,181.30800,16.15000,0.57521,,,,,0.90396,1
028,1616,181.41800,16.16000,0.57608,,,,,0.90384,1
028,1617,181.50900,16.17000,0.57648,,,,,0.90374,1
028,1618,181.61501,16.18000,0.57742,,,,,0.90363,1
028,1619,181.72000,16.19000,0.57849,,,,,0.90351,1
028,1620,181.83000,16.20000,0.57910,,,,,0.90340,1
028,1621,181.93100,16.21000,0.57970,,,,,0.90329,1
028,1622,182.03101,16.22000,0.58057,,,,,0.90318,1
028,1623,182.13300,16.23000,0.58151,,,,,0.90307,1
028,1624,182.22900,16.24000,0.58237,,,,,0.90297,1
028,1625,182.33299,16.25000,0.58351,,,,,0.90286,1
028,1626,182.43800,16.26000,0.58452,,,,,0.90274,1
028,1627,182.55099,16.27000,0.58540,,,,,0.90262,1
028,1628,182.63000,16.28000,0.58579,,,,,0.90254,1
028,1629,182.74300,16.29000,0.58633,,,,,0.90242,1
028,1630,182.83701,16.30000,0.58713,,,,,0.90231,1
028,1631,182.94400,16.31000,0.58794,,,,,0.90220,1
028,1632,183.05099,16.32000,0.58882,,,,,0.90208,1
028,1633,183.14301,16.33000,0.58968,,,,,0.90199,1
028,1634,183.24899,16.34000,0.59049,,,,,0.90187,1
028,1635,183.35100,16.35000,0.59123,,,,,0.90176,1
028,1636,183.45100,16.36000,0.59137,,,,,0.90166,1
028,1637,183.56200,16.37000,0.59278,,,,,0.90154,1
028,1638,183.66400,16.38000,0.59352,,,,,0.90143,1
028,1639,183.75999,16.39000,0.59446,,,,,0.90132,1
028,1640,183.86600,16.40000,0.59513,,,,,0.90121,1
028,1641,183.96899,16.41000,0.59614,,,,,0.90110,1
028,1642,184.05499,16.42000,0.59727,,,,,0.90101,1
028,1643,184.16901,16.43000,0.59829,,,,,0.90089,1
028,1644,184.26801,16.44000,0.59863,,,,,0.90078,1
028,1645,184.35800,16.45000,0.59882,,,,,0.90068,1
028,1646,184.47099,16.46000,0.60017,,,,,0.90056,1
028,1647,184.57600,16.47000,0.60018,,,,,0.90045,1
028,1648,184.66800,16.48000,0.60105,,,,,0.90035,1
028,1649,184.77400,16.49000,0.60193,,,,,0.90024,1
028,1650,184.88300,16.50000,0.60328,,,,,0.90012,1
028,1651,184.97600,16.51000,0.60448,,,,,0.90002,1
028,1652,185.07600,16.52000,0.60469,,,,,0.89991,1
028,1653,185.19299,16.53000,0.60524,,,,,0.89979,1
028,1654,185.28799,16.54000,0.60658,,,,,0.89969,1
028,1655,185.39600,16.55000,0.60793,,,,,0.89957,1
028,1656,185.49300,16.56000,0.60833,,,,,0.89947,1
028,1657,185.59900,16.57000,0.60908,,,,,0.89935,1
028,1658,185.69501,16.58000,0.61029,,,,,0.89925,1
028,1659,185.80701,16.59000,0.61110,,,,,0.89913,1
028,1660,185.90500,16.60000,0.61218,,,,,0.89903,1
028,1661,186.01801,16.61000,0.61280,,,,,0.89891,1
028,1662,186.11200,16.62000,0.61307,,,,,0.89881,1
028,1663,186.22000,16.63000,0.61382,,,,,0.89869,1
028,1664,186.31100,16.64000,0.61469,,,,,0.89859,1
028,1665,186.41200,16.65000,0.61543,,,,,0.89848,1
028,1666,186.51700,16.66000,0.61624,,,,,0.89837,1
028,1667,186.61800,16.67000,0.61726,,,,,0.89826,1
028,1668,186.71600,16.68000,0.61833,,,,,0.89816,1
028,1669,186.80901,16.69000,0.61921,,,,,0.89806,1
028,1670,186.91701,16.70000,0.61949,,,,,0.89795,1
028,1671,187.02200,16.71000,0.62064,,,,,0.89783,1
028,1672,187.10899,16.72000,0.62151,,,,,0.89774,1
028,1673,187.21500,16.73000,0.62226,,,,,0.89763,1
028,1674,187.31900,16.74000,0.62307,,,,,0.89752,1
028,1675,187.42500,16.75000,0.62395,,,,,0.89740,1
028,1676,187.52600,16.76000,0.62470,,,,,0.89730,1
028,1677,187.63100,16.77000,0.62552,,,,,0.89718,1
028,1678,187.73199,16.78000,0.62633,,,,,0.89708,1
028,1679,187.83299,16.79000,0.62721,,,,,0.89697,1
028,1680,187.93600,16.80000,0.62823,,,,,0.89686,1
028,1681,188.03900,16.81000,0.62911,,,,,0.89675,1
028,1682,188.12601,16.82000,0.62991,,,,,0.89666,1
028,1683,188.23399,16.83000,0.63020,,,,,0.89654,1
028,1684,188.33900,16.84000,0.63041,,,,,0.89643,1
028,1685,188.44400,16.85000,0.63123,,,,,0.89632,1
028,1686,188.53500,16.86000,0.63277,,,,,0.89622,1
028,1687,188.64400,16.87000,0.63346,,,,,0.89610,1
028,1688,188.74600,16.88000,0.63380,,,,,0.89599,1
028,1689,188.84500,16.89000,0.63442,,,,,0.89589,1
028,1690,188.94200,16.90000,0.63503,,,,,0.89579,1
028,1691,189.04300,16.91000,0.63645,,,,,0.89568,1
028,1692,189.15800,16.92000,0.63714,,,,,0.89556,1
028,1693,189.24400,16.93000,0.63855,,,,,0.89546,1
028,1694,189.34801,16.94000,0.63910,,,,,0.89535,1
028,1695,189.45000,16.95000,0.63951,,,,,0.89525,1
028,1696,189.55299,16.96000,0.64073,,,,,0.89514,1
028,1697,189.63699,16.97000,0.64187,,,,,0.89505,1
028,1698,189.74699,16.98000,0.64290,,,,,0.89493,1
028,1699,189.85600,16.99000,0.64325,,,,,0.89481,1
028,1700,189.96001,17.00000,0.64414,,,,,0.89470,1
028,1701,190.05800,17.01000,0.64509,,,,,0.89460,1
028,1702,190.16100,17.02000,0.64604,,,,,0.89449,1
028,1703,190.26500,17.03000,0.64686,,,,,0.89438,1
028,1704,190.37199,17.04000,0.64748,,,,,0.89426,1
028,1705,190.47000,17.05000,0.64817,,,,,0.89416,1
028,1706,190.57899,17.06000,0.64886,,,,,0.89405,1
028,1707,190.66000,17.07000,0.65020,,,,,0.89396,1
028,1708,190.76700,17.08000,0.65089,,,,,0.89385,1
028,1709,190.86600,17.09000,0.65110,,,,,0.89374,1
028,1710,190.97800,17.10000,0.65220,,,,,0.89362,1
028,1711,191.07001,17.11000,0.65287,,,,,0.89352,1
028,1712,191.17700,17.12000,0.65349,,,,,0.89341,1
028,1713,191.27400,17.13000,0.65478,,,,,0.89331,1
028,1714,191.37601,17.14000,0.65594,,,,,0.89320,1
028,1715,191.48399,17.15000,0.65670,,,,,0.89308,1
028,1716,191.57500,17.16000,0.65717,,,,,0.89299,1
028,1717,191.68800,17.17000,0.65821,,,,,0.89287,1
028,1718,191.77901,17.18000,0.65922,,,,,0.89277,1
028,1719,191.87900,17.19000,0.66018,,,,,0.89267,1
028,1720,191.99200,17.20000,0.66114,,,,,0.89255,1
028,1721,192.08600,17.21000,0.66176,,,,,0.89245,1
028,1722,192.18401,17.22000,0.66197,,,,,0.89234,1
028,1723,192.28000,17.23000,0.66299,,,,,0.89224,1
028,1724,192.39999,17.24000,0.66403,,,,,0.89211,1
028,1725,192.49500,17.25000,0.66478,,,,,0.89201,1
028,1726,192.59599,17.26000,0.66567,,,,,0.89191,1
028,1727,192.69299,17.27000,0.66676,,,,,0.89180,1
028,1728,192.78900,17.28000,0.66751,,,,,0.89170,1
028,1729,192.89799,17.29000,0.66834,,,,,0.89159,1
028,1730,192.99400,17.30000,0.66922,,,,,0.89148,1
028,1731,193.09801,17.31000,0.66991,,,,,0.89137,1
028,1732,193.19099,17.32000,0.67073,,,,,0.89128,1
028,1733,193.29900,17.33000,0.67176,,,,,0.89116,1
028,1734,193.39999,17.34000,0.67211,,,,,0.89105,1
028,1735,193.49899,17.35000,0.67266,,,,,0.89095,1
028,1736,193.59801,17.36000,0.67376,,,,,0.89085,1
028,1737,193.70799,17.37000,0.67452,,,,,0.89073,1
028,1738,193.80200,17.38000,0.67521,,,,,0.89063,1
028,1739,193.90300,17.39000,0.67630,,,,,0.89052,1
028,1740,194.01199,17.40000,0.67733,,,,,0.89041,1
028,1741,194.10899,17.41000,0.67809,,,,,0.89031,1
028,1742,194.20100,17.42000,0.67904,,,,,0.89021,1
028,1743,194.30800,17.43000,0.67980,,,,,0.89009,1
028,1744,194.39700,17.44000,0.68028,,,,,0.89000,1
028,1745,194.50700,17.45000,0.68084,,,,,0.88988,1
028,1746,194.60500,17.46000,0.68160,,,,,0.88978,1
028,1747,194.71800,17.47000,0.68244,,,,,0.88966,1
028,1748,194.81700,17.48000,0.68319,,,,,0.88956,1
028,1749,194.91100,17.49000,0.68428,,,,,0.88946,1
028,1750,195.01801,17.50000,0.68518,,,,,0.88935,1
028,1751,195.11400,17.51000,0.68601,,,,,0.88924,1
028,1752,195.21100,17.52000,0.68697,,,,,0.88914,1
028,1753,195.30800,17.53000,0.68765,,,,,0.88904,1
028,1754,195.40500,17.54000,0.68794,,,,,0.88894,1
028,1755,195.51401,17.55000,0.68897,,,,,0.88882,1
028,1756,195.62199,17.56000,0.68967,,,,,0.88871,1
028,1757,195.71500,17.57000,0.69049,,,,,0.88861,1
028,1758,195.82001,17.58000,0.69146,,,,,0.88850,1
028,1759,195.91800,17.59000,0.69242,,,,,0.88840,1
028,1760,196.03400,17.60000,0.69326,,,,,0.88827,1
028,1761,196.12500,17.61000,0.69388,,,,,0.88818,1
028,1762,196.21800,17.62000,0.69484,,,,,0.88808,1
028,1763,196.31900,17.63000,0.69560,,,,,0.88797,1
028,1764,196.42000,17.64000,0.69656,,,,,0.88787,1
028,1765,196.53000,17.65000,0.69733,,,,,0.88775,1
028,1766,196.62199,17.66000,0.69809,,,,,0.88765,1
028,1767,196.71600,17.67000,0.69843,,,,,0.88756,1
028,1768,196.82001,17.68000,0.69967,,,,,0.88745,1
028,1769,196.91701,17.69000,0.70050,,,,,0.88734,1
028,1770,197.02400,17.70000,0.70106,,,,,0.88723,1
028,1771,197.11800,17.71000,0.70128,,,,,0.88713,1
028,1772,197.23000,17.72000,0.70266,,,,,0.88702,1
028,1773,197.32300,17.73000,0.70342,,,,,0.88692,1
028,1774,197.42599,17.74000,0.70405,,,,,0.88681,1
028,1775,197.52499,17.75000,0.70488,,,,,0.88671,1
028,1776,197.63200,17.76000,0.70578,,,,,0.88659,1
028,1777,197.73700,17.77000,0.70668,,,,,0.88648,1
028,1778,197.83000,17.78000,0.70785,,,,,0.88638,1
028,1779,197.92500,17.79000,0.70888,,,,,0.88628,1
028,1780,198.02499,17.80000,0.70971,,,,,0.88618,1
028,1781,198.12500,17.81000,0.71047,,,,,0.88607,1
028,1782,198.22600,17.82000,0.71083,,,,,0.88597,1
028,1783,198.32800,17.83000,0.71146,,,,,0.88586,1
028,1784,198.42999,17.84000,0.71216,,,,,0.88575,1
028,1785,198.52100,17.85000,0.71305,,,,,0.88566,1
028,1786,198.62700,17.86000,0.71402,,,,,0.88555,1
028,1787,198.72301,17.87000,0.71485,,,,,0.88545,1
028,1788,198.82600,17.88000,0.71494,,,,,0.88534,1
028,1789,198.92999,17.89000,0.71564,,,,,0.88523,1
028,1790,199.03799,17.90000,0.71702,,,,,0.88512,1
028,1791,199.12900,17.91000,0.71771,,,,,0.88502,1
028,1792,199.23500,17.92000,0.71848,,,,,0.88491,1
028,1793,199.33200,17.93000,0.71952,,,,,0.88481,1
028,1794,199.43401,17.94000,0.72063,,,,,0.88470,1
028,1795,199.52800,17.95000,0.72152,,,,,0.88460,1
028,1796,199.63400,17.96000,0.72195,,,,,0.88449,1
028,1797,199.72301,17.97000,0.72251,,,,,0.88440,1
028,1798,199.83400,17.98000,0.72321,,,,,0.88428,1
028,1799,199.93100,17.99000,0.72439,,,,,0.88418,1
028,1800,200.03101,18.00000,0.72509,,,,,0.88408,1
028,1801,200.13800,18.01000,0.72606,,,,,0.88396,1
028,1802,200.23700,18.02000,0.72710,,,,,0.88386,1
028,1803,200.33800,18.03000,0.72807,,,,,0.88375,1
028,1804,200.43100,18.04000,0.72897,,,,,0.88366,1
028,1805,200.53000,18.05000,0.72987,,,,,0.88355,1
028,1806,200.64600,18.06000,0.73045,,,,,0.88343,1
028,1807,200.73599,18.07000,0.73094,,,,,0.88334,1
028,1808,200.84000,18.08000,0.73157,,,,,0.88323,1
028,1809,200.93900,18.09000,0.73234,,,,,0.88313,1
028,1810,201.03000,18.10000,0.73303,,,,,0.88303,1
028,1811,201.14101,18.11000,0.73402,,,,,0.88291,1
028,1812,201.23801,18.12000,0.73485,,,,,0.88281,1
028,1813,201.32401,18.13000,0.73568,,,,,0.88272,1
028,1814,201.44200,18.14000,0.73639,,,,,0.88260,1
028,1815,201.53900,18.15000,0.73682,,,,,0.88250,1
028,1816,201.64000,18.16000,0.73779,,,,,0.88239,1
028,1817,201.75000,18.17000,0.73864,,,,,0.88228,1
028,1818,201.83701,18.18000,0.73954,,,,,0.88219,1
028,1819,201.94400,18.19000,0.74058,,,,,0.88208,1
028,1820,202.04800,18.20000,0.74136,,,,,0.88197,1
028,1821,202.13600,18.21000,0.74205,,,,,0.88188,1
028,1822,202.23500,18.22000,0.74302,,,,,0.88177,1
028,1823,202.35100,18.23000,0.74340,,,,,0.88165,1
028,1824,202.43800,18.24000,0.74389,,,,,0.88156,1
028,1825,202.54201,18.25000,0.74459,,,,,0.88145,1
028,1826,202.63901,18.26000,0.74550,,,,,0.88135,1
028,1827,202.75101,18.27000,0.74683,,,,,0.88123,1
028,1828,202.84100,18.28000,0.74813,,,,,0.88114,1
028,1829,202.92999,18.29000,0.74814,,,,,0.88105,1
028,1830,203.03700,18.30000,0.74885,,,,,0.88094,1
028,1831,203.13901,18.31000,0.74949,,,,,0.88083,1
028,1832,203.23700,18.32000,0.75060,,,,,0.88073,1
028,1833,203.34000,18.33000,0.75172,,,,,0.88062,1
028,1834,203.43401,18.34000,0.75174,,,,,0.88052,1
028,1835,203.53300,18.35000,0.75237,,,,,0.88042,1
028,1836,203.64200,18.36000,0.75302,,,,,0.88031,1
028,1837,203.74300,18.37000,0.75447,,,,,0.88020,1
028,1838,203.84200,18.38000,0.75525,,,,,0.88010,1
028,1839,203.94099,18.39000,0.75609,,,,,0.88000,1
028,1840,204.03500,18.40000,0.75733,,,,,0.87990,1
028,1841,204.14101,18.41000,0.75811,,,,,0.87979,1
028,1842,204.23599,18.42000,0.75881,,,,,0.87969,1
028,1843,204.34100,18.43000,0.75911,,,,,0.87958,1
028,1844,204.44400,18.44000,0.75996,,,,,0.87947,1
028,1845,204.53500,18.45000,0.76100,,,,,0.87938,1
028,1846,204.63499,18.46000,0.76205,,,,,0.87927,1
028,1847,204.72600,18.47000,0.76288,,,,,0.87918,1
028,1848,204.83099,18.48000,0.76359,,,,,0.87907,1
028,1849,204.92400,18.49000,0.76416,,,,,0.87897,1
028,1850,205.02699,18.50000,0.76480,,,,,0.87887,1
028,1851,205.13100,18.51000,0.76585,,,,,0.87876,1
028,1852,205.23399,18.52000,0.76704,,,,,0.87865,1
028,1853,205.33800,18.53000,0.76775,,,,,0.87854,1
028,1854,205.44200,18.54000,0.76812,,,,,0.87844,1
028,1855,205.53900,18.55000,0.76924,,,,,0.87833,1
028,1856,205.64101,18.56000,0.77001,,,,,0.87823,1
028,1857,205.73300,18.57000,0.77072,,,,,0.87813,1
028,1858,205.82001,18.58000,0.77162,,,,,0.87804,1
028,1859,205.92300,18.59000,0.77247,,,,,0.87794,1
028,1860,206.02200,18.60000,0.77317,,,,,0.87783,1
028,1861,206.12601,18.61000,0.77347,,,,,0.87773,1
028,1862,206.21300,18.62000,0.77376,,,,,0.87764,1
028,1863,206.32401,18.63000,0.77468,,,,,0.87752,1
028,1864,206.42300,18.64000,0.77546,,,,,0.87742,1
028,1865,206.52800,18.65000,0.77631,,,,,0.87731,1
028,1866,206.62700,18.66000,0.77784,,,,,0.87721,1
028,1867,206.73000,18.67000,0.77862,,,,,0.87710,1
028,1868,206.82899,18.68000,0.77940,,,,,0.87700,1
028,1869,206.92900,18.69000,0.78045,,,,,0.87689,1
028,1870,207.02499,18.70000,0.78096,,,,,0.87679,1
028,1871,207.12300,18.71000,0.78180,,,,,0.87669,1
028,1872,207.21700,18.72000,0.78257,,,,,0.87660,1
028,1873,207.33200,18.73000,0.78350,,,,,0.87648,1
028,1874,207.42300,18.74000,0.78434,,,,,0.87638,1
028,1875,207.52100,18.75000,0.78505,,,,,0.87628,1
028,1876,207.63000,18.76000,0.78577,,,,,0.87617,1
028,1877,207.71700,18.77000,0.78640,,,,,0.87608,1
028,1878,207.81400,18.78000,0.78711,,,,,0.87598,1
028,1879,207.92200,18.79000,0.78845,,,,,0.87587,1
028,1880,208.02000,18.80000,0.78937,,,,,0.87577,1
028,1881,208.12199,18.81000,0.78987,,,,,0.87566,1
028,1882,208.22200,18.82000,0.79031,,,,,0.87556,1
028,1883,208.32600,18.83000,0.79151,,,,,0.87545,1
028,1884,208.43800,18.84000,0.79237,,,,,0.87533,1
028,1885,208.51900,18.85000,0.79306,,,,,0.87525,1
028,1886,208.63300,18.86000,0.79406,,,,,0.87513,1
028,1887,208.72301,18.87000,0.79491,,,,,0.87504,1
028,1888,208.83501,18.88000,0.79529,,,,,0.87492,1
028,1889,208.92300,18.89000,0.79619,,,,,0.87483,1
028,1890,209.01900,18.90000,0.79690,,,,,0.87473,1
028,1891,209.12300,18.91000,0.79762,,,,,0.87463,1
028,1892,209.22800,18.92000,0.79848,,,,,0.87452,1
028,1893,209.32600,18.93000,0.79926,,,,,0.87442,1
028,1894,209.42400,18.94000,0.80018,,,,,0.87432,1
028,1895,209.52400,18.95000,0.80110,,,,,0.87421,1
028,1896,209.61900,18.96000,0.80188,,,,,0.87412,1
028,1897,209.71201,18.97000,0.80286,,,,,0.87402,1
028,1898,209.81700,18.98000,0.80392,,,,,0.87391,1
028,1899,209.91499,18.99000,0.80436,,,,,0.87381,1
028,1900,210.01401,19.00000,0.80466,,,,,0.87371,1
028,1901,210.10899,19.01000,0.80592,,,,,0.87361,1
028,1902,210.20200,19.02000,0.80677,,,,,0.87351,1
028,1903,210.30600,19.03000,0.80776,,,,,0.87341,1
028,1904,210.41200,19.04000,0.80786,,,,,0.87330,1
028,1905,210.50900,19.05000,0.80913,,,,,0.87320,1
028,1906,210.60800,19.06000,0.81033,,,,,0.87310,1
028,1907,210.70399,19.07000,0.81042,,,,,0.87300,1
028,1908,210.81599,19.08000,0.81128,,,,,0.87288,1
028,1909,210.91299,19.09000,0.81193,,,,,0.87278,1
028,1910,211.00600,19.10000,0.81278,,,,,0.87269,1
028,1911,211.10201,19.11000,0.81370,,,,,0.87259,1
028,1912,211.19400,19.12000,0.81468,,,,,0.87249,1
028,1913,211.30299,19.13000,0.81568,,,,,0.87238,1
028,1914,211.40800,19.14000,0.81668,,,,,0.87227,1
028,1915,211.49899,19.15000,0.81760,,,,,0.87218,1
028,1916,211.59100,19.16000,0.81803,,,,,0.87209,1
028,1917,211.68600,19.17000,0.81812,,,,,0.87199,1
028,1918,211.79500,19.18000,0.81912,,,,,0.87188,1
028,1919,211.90100,19.19000,0.82040,,,,,0.87177,1
028,1920,211.99001,19.20000,0.82097,,,,,0.87168,1
028,1921,212.09000,19.21000,0.82183,,,,,0.87157,1
028,1922,212.18700,19.22000,0.82247,,,,,0.87147,1
028,1923,212.29500,19.23000,0.82306,,,,,0.87136,1
028,1924,212.39700,19.24000,0.82385,,,,,0.87126,1
028,1925,212.48900,19.25000,0.82484,,,,,0.87116,1
028,1926,212.58600,19.26000,0.82576,,,,,0.87107,1
028,1927,212.69000,19.27000,0.82669,,,,,0.87096,1
028,1928,212.78400,19.28000,0.82768,,,,,0.87086,1
028,1929,212.88400,19.29000,0.82840,,,,,0.87076,1
028,1930,212.98900,19.30000,0.82947,,,,,0.87065,1
028,1931,213.07300,19.31000,0.83039,,,,,0.87057,1
028,1932,213.17900,19.32000,0.83090,,,,,0.87046,1
028,1933,213.28000,19.33000,0.83156,,,,,0.87035,1
028,1934,213.37300,19.34000,0.83206,,,,,0.87026,1
028,1935,213.47600,19.35000,0.83299,,,,,0.87015,1
028,1936,213.57401,19.36000,0.83406,,,,,0.87005,1
028,1937,213.67900,19.37000,0.83499,,,,,0.86995,1
028,1938,213.78101,19.38000,0.83585,,,,,0.86984,1
028,1939,213.88600,19.39000,0.83658,,,,,0.86973,1
028,1940,213.98500,19.40000,0.83737,,,,,0.86963,1
028,1941,214.06200,19.41000,0.83807,,,,,0.86955,1
028,1942,214.16600,19.42000,0.83865,,,,,0.86945,1
028,1943,214.27200,19.43000,0.83938,,,,,0.86934,1
028,1944,214.36900,19.44000,0.84052,,,,,0.86924,1
028,1945,214.46899,19.45000,0.84145,,,,,0.86914,1
028,1946,214.57600,19.46000,0.84252,,,,,0.86903,1
028,1947,214.67000,19.47000,0.84262,,,,,0.86893,1
028,1948,214.75700,19.48000,0.84319,,,,,0.86884,1
028,1949,214.86200,19.49000,0.84447,,,,,0.86874,1
028,1950,214.96700,19.50000,0.84520,,,,,0.86863,1
028,1951,215.05901,19.51000,0.84612,,,,,0.86854,1
028,1952,215.16400,19.52000,0.84713,,,,,0.86843,1
028,1953,215.25999,19.53000,0.84785,,,,,0.86833,1
028,1954,215.36600,19.54000,0.84871,,,,,0.86822,1
028,1955,215.45900,19.55000,0.84950,,,,,0.86813,1
028,1956,215.56300,19.56000,0.85030,,,,,0.86802,1
028,1957,215.66701,19.57000,0.85130,,,,,0.86792,1
028,1958,215.76100,19.58000,0.85216,,,,,0.86782,1
028,1959,215.86000,19.59000,0.85240,,,,,0.86772,1
028,1960,215.96001,19.60000,0.85319,,,,,0.86762,1
028,1961,216.05600,19.61000,0.85405,,,,,0.86752,1
028,1962,216.16701,19.62000,0.85527,,,,,0.86741,1
028,1963,216.25600,19.63000,0.85606,,,,,0.86731,1
028,1964,216.35100,19.64000,0.85671,,,,,0.86722,1
028,1965,216.45900,19.65000,0.85779,,,,,0.86711,1
028,1966,216.55800,19.66000,0.85837,,,,,0.86701,1
028,1967,216.66299,19.67000,0.85938,,,,,0.86690,1
028,1968,216.75700,19.68000,0.86024,,,,,0.86680,1
028,1969,216.86000,19.69000,0.86111,,,,,0.86670,1
028,1970,216.95500,19.70000,0.86197,,,,,0.86660,1
028,1971,217.05400,19.71000,0.86263,,,,,0.86650,1
028,1972,217.15100,19.72000,0.86286,,,,,0.86640,1
028,1973,217.25400,19.73000,0.86380,,,,,0.86630,1
028,1974,217.35500,19.74000,0.86536,,,,,0.86620,1
028,1975,217.45599,19.75000,0.86658,,,,,0.86609,1
028,1976,217.54900,19.76000,0.86695,,,,,0.86600,1
028,1977,217.64101,19.77000,0.86746,,,,,0.86591,1
028,1978,217.74300,19.78000,0.86847,,,,,0.86580,1
028,1979,217.84700,19.79000,0.86927,,,,,0.86570,1
028,1980,217.94400,19.80000,0.87014,,,,,0.86560,1
028,1981,218.04201,19.81000,0.87065,,,,,0.86550,1
028,1982,218.14101,19.82000,0.87159,,,,,0.86540,1
028,1983,218.23599,19.83000,0.87224,,,,,0.86530,1
028,1984,218.33800,19.84000,0.87297,,,,,0.86520,1
028,1985,218.43100,19.85000,0.87383,,,,,0.86510,1
028,1986,218.53900,19.86000,0.87450,,,,,0.86499,1
028,1987,218.63699,19.87000,0.87523,,,,,0.86489,1
028,1988,218.73500,19.88000,0.87609,,,,,0.86480,1
028,1989,218.81700,19.89000,0.87694,,,,,0.86471,1
028,1990,218.91800,19.90000,0.87802,,,,,0.86461,1
028,1991,219.02299,19.91000,0.87890,,,,,0.86450,1
028,1992,219.12199,19.92000,0.87963,,,,,0.86440,1
028,1993,219.23000,19.93000,0.88043,,,,,0.86429,1
028,1994,219.32300,19.94000,0.88123,,,,,0.86420,1
028,1995,219.42999,19.95000,0.88155,,,,,0.86409,1
028,1996,219.52299,19.96000,0.88290,,,,,0.86400,1
028,1997,219.62199,19.97000,0.88404,,,,,0.86390,1
028,1998,219.71500,19.98000,0.88407,,,,,0.86380,1
028,1999,219.82001,19.99000,0.88481,,,,,0.86370,1
028,2000,219.92400,20.00000,0.88561,,,,,0.86359,1
028,2001,220.02200,20.01000,0.88655,,,,,0.86349,1
028,2002,220.12500,20.02000,0.88749,,,,,0.86339,1
028,2003,220.20799,20.03000,0.88835,,,,,0.86330,1
028,2004,220.31100,20.04000,0.88915,,,,,0.86320,1
028,2005,220.40800,20.05000,0.88939,,,,,0.86310,1
028,2006,220.50700,20.06000,0.89026,,,,,0.86300,1
028,2007,220.60400,20.07000,0.89127,,,,,0.86290,1
028,2008,220.70300,20.08000,0.89249,,,,,0.86280,1
028,2009,220.80499,20.09000,0.89295,,,,,0.86270,1
028,2010,220.91701,20.10000,0.89334,,,,,0.86259,1
028,2011,221.01300,20.11000,0.89421,,,,,0.86249,1
028,2012,221.11301,20.12000,0.89515,,,,,0.86239,1
028,2013,221.21100,20.13000,0.89581,,,,,0.86229,1
028,2014,221.30901,20.14000,0.89696,,,,,0.86219,1
028,2015,221.40401,20.15000,0.89741,,,,,0.86209,1
028,2016,221.51100,20.16000,0.89815,,,,,0.86199,1
028,2017,221.60400,20.17000,0.89881,,,,,0.86189,1
028,2018,221.70900,20.18000,0.89969,,,,,0.86179,1
028,2019,221.80499,20.19000,0.90119,,,,,0.86169,1
028,2020,221.90300,20.20000,0.90234,,,,,0.86159,1
028,2021,221.99899,20.21000,0.90307,,,,,0.86149,1
028,2022,222.10100,20.22000,0.90318,,,,,0.86139,1
028,2023,222.20000,20.23000,0.90384,,,,,0.86129,1
028,2024,222.29800,20.24000,0.90485,,,,,0.86119,1
028,2025,222.39101,20.25000,0.90586,,,,,0.86110,1
028,2026,222.49899,20.26000,0.90668,,,,,0.86099,1
028,2027,222.59399,20.27000,0.90727,,,,,0.86090,1
028,2028,222.69600,20.28000,0.90814,,,,,0.86079,1
028,2029,222.80701,20.29000,0.90924,,,,,0.86068,1
028,2030,222.89500,20.30000,0.91010,,,,,0.86059,1
028,2031,222.99699,20.31000,0.91098,,,,,0.86049,1
028,2032,223.09700,20.32000,0.91165,,,,,0.86039,1
028,2033,223.19400,20.33000,0.91175,,,,,0.86029,1
028,2034,223.29800,20.34000,0.91228,,,,,0.86019,1
028,2035,223.39301,20.35000,0.91343,,,,,0.86009,1
028,2036,223.48801,20.36000,0.91423,,,,,0.86000,1
028,2037,223.59200,20.37000,0.91526,,,,,0.85989,1
028,2038,223.69200,20.38000,0.91599,,,,,0.85979,1
028,2039,223.77699,20.39000,0.91713,,,,,0.85971,1
028,2040,223.88000,20.40000,0.91801,,,,,0.85960,1
028,2041,223.97400,20.41000,0.91798,,,,,0.85951,1
028,2042,224.07500,20.42000,0.91836,,,,,0.85941,1
028,2043,224.18900,20.43000,0.91940,,,,,0.85929,1
028,2044,224.27901,20.44000,0.92026,,,,,0.85920,1
028,2045,224.37601,20.45000,0.92107,,,,,0.85910,1
028,2046,224.47600,20.46000,0.92202,,,,,0.85900,1
028,2047,224.57700,20.47000,0.92283,,,,,0.85890,1
028,2048,224.67500,20.48000,0.92385,,,,,0.85880,1
028,2049,224.78000,20.49000,0.92494,,,,,0.85870,1
028,2050,224.86400,20.50000,0.92566,,,,,0.85861,1
028,2051,224.96600,20.51000,0.92640,,,,,0.85851,1
028,2052,225.06799,20.52000,0.92707,,,,,0.85841,1
028,2053,225.17700,20.53000,0.92775,,,,,0.85830,1
028,2054,225.26801,20.54000,0.92869,,,,,0.85821,1
028,2055,225.37100,20.55000,0.92930,,,,,0.85811,1
028,2056,225.47701,20.56000,0.92990,,,,,0.85800,1
028,2057,225.57001,20.57000,0.93057,,,,,0.85791,1
028,2058,225.66701,20.58000,0.93137,,,,,0.85781,1
028,2059,225.76100,20.59000,0.93211,,,,,0.85772,1
028,2060,225.85100,20.60000,0.93284,,,,,0.85763,1
028,2061,225.95799,20.61000,0.93372,,,,,0.85752,1
028,2062,226.05299,20.62000,0.93453,,,,,0.85742,1
028,2063,226.15900,20.63000,0.93542,,,,,0.85732,1
028,2064,226.27000,20.64000,0.93638,,,,,0.85721,1
028,2065,226.35899,20.65000,0.93697,,,,,0.85712,1
028,2066,226.44701,20.66000,0.93749,,,,,0.85703,1
028,2067,226.55400,20.67000,0.93859,,,,,0.85692,1
028,2068,226.64900,20.68000,0.93947,,,,,0.85683,1
028,2069,226.75999,20.69000,0.94036,,,,,0.85672,1
028,2070,226.85001,20.70000,0.94109,,,,,0.85663,1
028,2071,226.95399,20.71000,0.94177,,,,,0.85652,1
028,2072,227.04900,20.72000,0.94243,,,,,0.85643,1
028,2073,227.14700,20.73000,0.94325,,,,,0.85633,1
028,2074,227.23900,20.74000,0.94412,,,,,0.85624,1
028,2075,227.34399,20.75000,0.94515,,,,,0.85613,1
028,2076,227.44000,20.76000,0.94582,,,,,0.85604,1
028,2077,227.54100,20.77000,0.94635,,,,,0.85594,1
028,2078,227.63200,20.78000,0.94730,,,,,0.85585,1
028,2079,227.73500,20.79000,0.94818,,,,,0.85574,1
028,2080,227.83800,20.80000,0.94886,,,,,0.85564,1
028,2081,227.93600,20.81000,0.94981,,,,,0.85554,1
028,2082,228.02901,20.82000,0.95055,,,,,0.85545,1
028,2083,228.13300,20.83000,0.95109,,,,,0.85535,1
028,2084,228.23700,20.84000,0.95191,,,,,0.85524,1
028,2085,228.32300,20.85000,0.95249,,,,,0.85516,1
028,2086,228.42300,20.86000,0.95317,,,,,0.85506,1
028,2087,228.52499,20.87000,0.95399,,,,,0.85496,1
028,2088,228.61800,20.88000,0.95493,,,,,0.85486,1
028,2089,228.72400,20.89000,0.95590,,,,,0.85476,1
028,2090,228.81300,20.90000,0.95677,,,,,0.85467,1
028,2091,228.91299,20.91000,0.95752,,,,,0.85457,1
028,2092,229.02100,20.92000,0.95806,,,,,0.85446,1
028,2093,229.11301,20.93000,0.95851,,,,,0.85437,1
028,2094,229.22301,20.94000,0.95913,,,,,0.85426,1
028,2095,229.31799,20.95000,0.96001,,,,,0.85417,1
028,2096,229.41701,20.96000,0.96146,,,,,0.85407,1
028,2097,229.50900,20.97000,0.96248,,,,,0.85398,1
028,2098,229.62100,20.98000,0.96338,,,,,0.85387,1
028,2099,229.71100,20.99000,0.96419,,,,,0.85378,1
028,2100,229.80000,21.00000,0.96457,,,,,0.85369,1
028,2101,229.90500,21.01000,0.96518,,,,,0.85358,1
028,2102,230.00600,21.02000,0.96649,,,,,0.85348,1
028,2103,230.10400,21.03000,0.96731,,,,,0.85339,1
028,2104,230.20599,21.04000,0.96757,,,,,0.85329,1
028,2105,230.31000,21.05000,0.96825,,,,,0.85318,1
028,2106,230.40800,21.06000,0.96956,,,,,0.85309,1
028,2107,230.51401,21.07000,0.97024,,,,,0.85298,1
028,2108,230.61099,21.08000,0.97077,,,,,0.85288,1
028,2109,230.70300,21.09000,0.97187,,,,,0.85279,1
028,2110,230.81000,21.10000,0.97291,,,,,0.85269,1
028,2111,230.90601,21.11000,0.97386,,,,,0.85259,1
028,2112,231.01199,21.12000,0.97455,,,,,0.85249,1
028,2113,231.11400,21.13000,0.97544,,,,,0.85239,1
028,2114,231.21300,21.14000,0.97633,,,,,0.85229,1
028,2115,231.30800,21.15000,0.97693,,,,,0.85219,1
028,2116,231.40199,21.16000,0.97753,,,,,0.85210,1
028,2117,231.49600,21.17000,0.97842,,,,,0.85201,1
028,2118,231.59900,21.18000,0.97938,,,,,0.85191,1
028,2119,231.71100,21.19000,0.97972,,,,,0.85179,1
028,2120,231.79601,21.20000,0.98017,,,,,0.85171,1
028,2121,231.90100,21.21000,0.98128,,,,,0.85161,1
028,2122,232.00400,21.22000,0.98189,,,,,0.85150,1
028,2123,232.10800,21.23000,0.98272,,,,,0.85140,1
028,2124,232.20700,21.24000,0.98396,,,,,0.85130,1
028,2125,232.29800,21.25000,0.98442,,,,,0.85121,1
028,2126,232.40300,21.26000,0.98511,,,,,0.85111,1
028,2127,232.48500,21.27000,0.98569,,,,,0.85103,1
028,2128,232.59599,21.28000,0.98639,,,,,0.85092,1
028,2129,232.69400,21.29000,0.98721,,,,,0.85082,1
028,2130,232.78500,21.30000,0.98837,,,,,0.85073,1
028,2131,232.88901,21.31000,0.98899,,,,,0.85063,1
028,2132,232.98399,21.32000,0.98973,,,,,0.85054,1
028,2133,233.08501,21.33000,0.99070,,,,,0.85044,1
028,2134,233.17500,21.34000,0.99144,,,,,0.85035,1
028,2135,233.28300,21.35000,0.99163,,,,,0.85024,1
028,2136,233.36800,21.36000,0.99343,,,,,0.85016,1
028,2137,233.47200,21.37000,0.99383,,,,,0.85006,1
028,2138,233.57401,21.38000,0.99466,,,,,0.84995,1
028,2139,233.67500,21.39000,0.99527,,,,,0.84985,1
028,2140,233.78000,21.40000,0.99575,,,,,0.84975,1
028,2141,233.85899,21.41000,0.99669,,,,,0.84967,1
028,2142,233.96100,21.42000,0.99794,,,,,0.84957,1
028,2143,234.06799,21.43000,0.99814,,,,,0.84947,1
028,2144,234.16400,21.44000,0.99874,,,,,0.84937,1
028,2145,234.27699,21.45000,0.99958,,,,,0.84926,1
028,2146,234.36000,21.46000,1.00046,,,,,0.84918,1
028,2147,234.45399,21.47000,1.00213,,,,,0.84909,1
028,2148,234.55800,21.48000,1.00260,,,,,0.84899,1
028,2149,234.65601,21.49000,1.00279,,,,,0.84889,1
028,2150,234.74400,21.50000,1.00353,,,,,0.84880,1
028,2151,234.85500,21.51000,1.00430,,,,,0.84869,1
028,2152,234.95399,21.52000,1.00526,,,,,0.84860,1
028,2153,235.04500,21.53000,1.00615,,,,,0.84851,1
028,2154,235.15500,21.54000,1.00720,,,,,0.84840,1
028,2155,235.24400,21.55000,1.00794,,,,,0.84831,1
028,2156,235.34399,21.56000,1.00870,,,,,0.84821,1
028,2157,235.44701,21.57000,1.00939,,,,,0.84811,1
028,2158,235.55000,21.58000,1.01007,,,,,0.84801,1
028,2159,235.63499,21.59000,1.01074,,,,,0.84793,1
028,2160,235.74400,21.60000,1.01158,,,,,0.84782,1
028,2161,235.84700,21.61000,1.01262,,,,,0.84772,1
028,2162,235.94000,21.62000,1.01309,,,,,0.84763,1
028,2163,236.03400,21.63000,1.01348,,,,,0.84754,1
028,2164,236.13300,21.64000,1.01438,,,,,0.84744,1
028,2165,236.23500,21.65000,1.01535,,,,,0.84734,1
028,2166,236.33099,21.66000,1.01639,,,,,0.84724,1
028,2167,236.42500,21.67000,1.01714,,,,,0.84715,1
028,2168,236.52699,21.68000,1.01804,,,,,0.84705,1
028,2169,236.62500,21.69000,1.01880,,,,,0.84696,1
028,2170,236.72099,21.70000,1.01926,,,,,0.84686,1
028,2171,236.82500,21.71000,1.02024,,,,,0.84676,1
028,2172,236.92799,21.72000,1.02107,,,,,0.84666,1
028,2173,237.02600,21.73000,1.02169,,,,,0.84656,1
028,2174,237.12100,21.74000,1.02215,,,,,0.84647,1
028,2175,237.21100,21.75000,1.02262,,,,,0.84638,1
028,2176,237.31500,21.76000,1.02359,,,,,0.84628,1
028,2177,237.41400,21.77000,1.02463,,,,,0.84618,1
028,2178,237.50800,21.78000,1.02574,,,,,0.84609,1
028,2179,237.60899,21.79000,1.02650,,,,,0.84599,1
028,2180,237.71100,21.80000,1.02705,,,,,0.84589,1
028,2181,237.80400,21.81000,1.02801,,,,,0.84580,1
028,2182,237.90700,21.82000,1.02871,,,,,0.84570,1
028,2183,238.01100,21.83000,1.02904,,,,,0.84560,1
028,2184,238.10899,21.84000,1.02987,,,,,0.84550,1
028,2185,238.21001,21.85000,1.03070,,,,,0.84541,1
028,2186,238.30701,21.86000,1.03189,,,,,0.84531,1
028,2187,238.40100,21.87000,1.03257,,,,,0.84522,1
028,2188,238.50400,21.88000,1.03333,,,,,0.84512,1
028,2189,238.61301,21.89000,1.03453,,,,,0.84501,1
028,2190,238.70799,21.90000,1.03493,,,,,0.84492,1
028,2191,238.78900,21.91000,1.03517,,,,,0.84484,1
028,2192,238.89400,21.92000,1.03601,,,,,0.84474,1
028,2193,238.99100,21.93000,1.03684,,,,,0.84464,1
028,2194,239.08800,21.94000,1.03824,,,,,0.84455,1
028,2195,239.18600,21.95000,1.03900,,,,,0.84445,1
028,2196,239.30000,21.96000,1.03949,,,,,0.84434,1
028,2197,239.38901,21.97000,1.04052,,,,,0.84426,1
028,2198,239.48900,21.98000,1.04121,,,,,0.84416,1
028,2199,239.58701,21.99000,1.04212,,,,,0.84406,1
028,2200,239.69501,22.00000,1.04289,,,,,0.84396,1
028,2201,239.78600,22.01000,1.04343,,,,,0.84387,1
028,2202,239.88600,22.02000,1.04390,,,,,0.84377,1
028,2203,239.97900,22.03000,1.04466,,,,,0.84368,1
028,2204,240.08800,22.04000,1.04572,,,,,0.84358,1
028,2205,240.18300,22.05000,1.04654,,,,,0.84348,1
028,2206,240.28300,22.06000,1.04716,,,,,0.84339,1
028,2207,240.37900,22.07000,1.04778,,,,,0.84329,1
028,2208,240.47900,22.08000,1.04854,,,,,0.84319,1
028,2209,240.58000,22.09000,1.04981,,,,,0.84310,1
028,2210,240.67599,22.10000,1.05114,,,,,0.84300,1
028,2211,240.78400,22.11000,1.05105,,,,,0.84290,1
028,2212,240.87399,22.12000,1.05181,,,,,0.84281,1
028,2213,240.97301,22.13000,1.05250,,,,,0.84271,1
028,2214,241.06200,22.14000,1.05289,,,,,0.84263,1
028,2215,241.16901,22.15000,1.05374,,,,,0.84252,1
028,2216,241.26401,22.16000,1.05457,,,,,0.84243,1
028,2217,241.36700,22.17000,1.05512,,,,,0.84233,1
028,2218,241.45500,22.18000,1.05594,,,,,0.84225,1
028,2219,241.55901,22.19000,1.05700,,,,,0.84215,1
028,2220,241.65800,22.20000,1.05783,,,,,0.84205,1
028,2221,241.75500,22.21000,1.05852,,,,,0.84196,1
028,2222,241.86900,22.22000,1.05938,,,,,0.84185,1
028,2223,241.96300,22.23000,1.06021,,,,,0.84175,1
028,2224,242.06100,22.24000,1.06118,,,,,0.84166,1
028,2225,242.15500,22.25000,1.06173,,,,,0.84157,1
028,2226,242.25800,22.26000,1.06264,,,,,0.84147,1
028,2227,242.35300,22.27000,1.06362,,,,,0.84138,1
028,2228,242.45700,22.28000,1.06439,,,,,0.84128,1
028,2229,242.55099,22.29000,1.06457,,,,,0.84119,1
028,2230,242.64700,22.30000,1.06534,,,,,0.84109,1
028,2231,242.74001,22.31000,1.06624,,,,,0.84100,1
028,2232,242.84801,22.32000,1.06752,,,,,0.84090,1
028,2233,242.94200,22.33000,1.06813,,,,,0.84081,1
028,2234,243.04300,22.34000,1.06861,,,,,0.84071,1
028,2235,243.14301,22.35000,1.06938,,,,,0.84061,1
028,2236,243.24600,22.36000,1.07015,,,,,0.84051,1
028,2237,243.34100,22.37000,1.07091,,,,,0.84042,1
028,2238,243.43500,22.38000,1.07168,,,,,0.84033,1
028,2239,243.54500,22.39000,1.07195,,,,,0.84022,1
028,2240,243.63200,22.40000,1.07235,,,,,0.84014,1
028,2241,243.73500,22.41000,1.07362,,,,,0.84004,1
028,2242,243.83900,22.42000,1.07425,,,,,0.83994,1
028,2243,243.92700,22.43000,1.07529,,,,,0.83986,1
028,2244,244.03101,22.44000,1.07657,,,,,0.83976,1
028,2245,244.12700,22.45000,1.07676,,,,,0.83966,1
028,2246,244.23700,22.46000,1.07768,,,,,0.83956,1
028,2247,244.32401,22.47000,1.07865,,,,,0.83947,1
028,2248,244.42400,22.48000,1.07892,,,,,0.83938,1
028,2249,244.52400,22.49000,1.07940,,,,,0.83928,1
028,2250,244.62601,22.50000,1.08046,,,,,0.83918,1
028,2251,244.72200,22.51000,1.08144,,,,,0.83909,1
028,2252,244.82201,22.52000,1.08243,,,,,0.83899,1
028,2253,244.92300,22.53000,1.08298,,,,,0.83890,1
028,2254,245.02400,22.54000,1.08368,,,,,0.83880,1
028,2255,245.12399,22.55000,1.08452,,,,,0.83870,1
028,2256,245.21500,22.56000,1.08543,,,,,0.83861,1
028,2257,245.31300,22.57000,1.08619,,,,,0.83852,1
028,2258,245.41600,22.58000,1.08718,,,,,0.83842,1
028,2259,245.51500,22.59000,1.08795,,,,,0.83833,1
028,2260,245.60899,22.60000,1.08857,,,,,0.83824,1
028,2261,245.70900,22.61000,1.08942,,,,,0.83814,1
028,2262,245.80901,22.62000,1.09033,,,,,0.83804,1
028,2263,245.91000,22.63000,1.09118,,,,,0.83795,1
028,2264,246.00400,22.64000,1.09187,,,,,0.83786,1
028,2265,246.10899,22.65000,1.09229,,,,,0.83775,1
028,2266,246.20100,22.66000,1.09291,,,,,0.83767,1
028,2267,246.29800,22.67000,1.09368,,,,,0.83757,1
028,2268,246.40199,22.68000,1.09388,,,,,0.83747,1
028,2269,246.49800,22.69000,1.09450,,,,,0.83738,1
028,2270,246.60400,22.70000,1.09507,,,,,0.83728,1
028,2271,246.69600,22.71000,1.09648,,,,,0.83719,1
028,2272,246.79100,22.72000,1.09760,,,,,0.83710,1
028,2273,246.90300,22.73000,1.09846,,,,,0.83699,1
028,2274,246.99100,22.74000,1.09900,,,,,0.83691,1
028,2275,247.09500,22.75000,1.09935,,,,,0.83681,1
028,2276,247.18700,22.76000,1.09997,,,,,0.83672,1
028,2277,247.29401,22.77000,1.10061,,,,,0.83662,1
028,2278,247.38699,22.78000,1.10159,,,,,0.83653,1
028,2279,247.49100,22.79000,1.10280,,,,,0.83643,1
028,2280,247.58600,22.80000,1.10357,,,,,0.83634,1
028,2281,247.68500,22.81000,1.10434,,,,,0.83624,1
028,2282,247.78500,22.82000,1.10533,,,,,0.83615,1
028,2283,247.89101,22.83000,1.10583,,,,,0.83605,1
028,2284,247.98700,22.84000,1.10638,,,,,0.83595,1
028,2285,248.08900,22.85000,1.10709,,,,,0.83586,1
028,2286,248.18100,22.86000,1.10785,,,,,0.83577,1
028,2287,248.28300,22.87000,1.10870,,,,,0.83567,1
028,2288,248.37199,22.88000,1.10946,,,,,0.83559,1
028,2289,248.46899,22.89000,1.11023,,,,,0.83549,1
028,2290,248.56500,22.90000,1.11108,,,,,0.83540,1
028,2291,248.67400,22.91000,1.11215,,,,,0.83530,1
028,2292,248.75600,22.92000,1.11290,,,,,0.83522,1
028,2293,248.85899,22.93000,1.11368,,,,,0.83512,1
028,2294,248.96500,22.94000,1.11425,,,,,0.83502,1
028,2295,249.06000,22.95000,1.11509,,,,,0.83493,1
028,2296,249.16400,22.96000,1.11609,,,,,0.83483,1
028,2297,249.25700,22.97000,1.11693,,,,,0.83474,1
028,2298,249.35400,22.98000,1.11734,,,,,0.83465,1
028,2299,249.45799,22.99000,1.11805,,,,,0.83455,1
028,2300,249.55000,23.00000,1.11868,,,,,0.83446,1
028,2301,249.64000,23.01000,1.11937,,,,,0.83438,1
028,2302,249.74699,23.02000,1.12023,,,,,0.83427,1
028,2303,249.84500,23.03000,1.12136,,,,,0.83418,1
028,2304,249.95100,23.04000,1.12171,,,,,0.83408,1
028,2305,250.04601,23.05000,1.12241,,,,,0.83399,1
028,2306,250.15700,23.06000,1.12386,,,,,0.83388,1
028,2307,250.24899,23.07000,1.12433,,,,,0.83380,1
028,2308,250.34900,23.08000,1.12533,,,,,0.83370,1
028,2309,250.44200,23.09000,1.12624,,,,,0.83361,1
028,2310,250.54100,23.10000,1.12709,,,,,0.83352,1
028,2311,250.64000,23.11000,1.12787,,,,,0.83342,1
028,2312,250.75101,23.12000,1.12852,,,,,0.83332,1
028,2313,250.83299,23.13000,1.12913,,,,,0.83324,1
028,2314,250.94701,23.14000,1.12949,,,,,0.83313,1
028,2315,251.04100,23.15000,1.13055,,,,,0.83304,1
028,2316,251.14301,23.16000,1.13134,,,,,0.83295,1
028,2317,251.24500,23.17000,1.13241,,,,,0.83285,1
028,2318,251.33501,23.18000,1.13310,,,,,0.83276,1
028,2319,251.43500,23.19000,1.13359,,,,,0.83267,1
028,2320,251.53999,23.20000,1.13452,,,,,0.83257,1
028,2321,251.62199,23.21000,1.13521,,,,,0.83249,1
028,2322,251.72900,23.22000,1.13614,,,,,0.83239,1
028,2323,251.82001,23.23000,1.13691,,,,,0.83230,1
028,2324,251.91499,23.24000,1.13754,,,,,0.83221,1
028,2325,252.03200,23.25000,1.13856,,,,,0.83210,1
028,2326,252.12199,23.26000,1.13904,,,,,0.83202,1
028,2327,252.22400,23.27000,1.14011,,,,,0.83192,1
028,2328,252.32201,23.28000,1.14118,,,,,0.83183,1
028,2329,252.42700,23.29000,1.14197,,,,,0.83173,1
028,2330,252.52299,23.30000,1.14246,,,,,0.83164,1
028,2331,252.62100,23.31000,1.14273,,,,,0.83154,1
028,2332,252.72099,23.32000,1.14337,,,,,0.83145,1
028,2333,252.81599,23.33000,1.14450,,,,,0.83136,1
028,2334,252.91701,23.34000,1.14536,,,,,0.83126,1
028,2335,253.01199,23.35000,1.14635,,,,,0.83117,1
028,2336,253.11200,23.36000,1.14699,,,,,0.83108,1
028,2337,253.21201,23.37000,1.14784,,,,,0.83098,1
028,2338,253.30701,23.38000,1.14862,,,,,0.83089,1
028,2339,253.40700,23.39000,1.14940,,,,,0.83080,1
028,2340,253.51199,23.40000,1.14998,,,,,0.83070,1
028,2341,253.59399,23.41000,1.15066,,,,,0.83062,1
028,2342,253.70300,23.42000,1.15160,,,,,0.83052,1
028,2343,253.79700,23.43000,1.15260,,,,,0.83043,1
028,2344,253.90401,23.44000,1.15339,,,,,0.83033,1
028,2345,254.00000,23.45000,1.15438,,,,,0.83024,1
028,2346,254.09500,23.46000,1.15538,,,,,0.83015,1
028,2347,254.20000,23.47000,1.15595,,,,,0.83005,1
028,2348,254.29601,23.48000,1.15673,,,,,0.82996,1
028,2349,254.39200,23.49000,1.15744,,,,,0.82987,1
028,2350,254.49500,23.50000,1.15837,,,,,0.82977,1
028,2351,254.59801,23.51000,1.15909,,,,,0.82968,1
028,2352,254.69400,23.52000,1.15972,,,,,0.82958,1
028,2353,254.78799,23.53000,1.16050,,,,,0.82950,1
028,2354,254.89799,23.54000,1.16152,,,,,0.82939,1
028,2355,254.98900,23.55000,1.16243,,,,,0.82931,1
028,2356,255.08501,23.56000,1.16343,,,,,0.82922,1
028,2357,255.18900,23.57000,1.16379,,,,,0.82912,1
028,2358,255.29800,23.58000,1.16444,,,,,0.82902,1
028,2359,255.39200,23.59000,1.16507,,,,,0.82893,1
028,2360,255.49001,23.60000,1.16586,,,,,0.82883,1
028,2361,255.58099,23.61000,1.16663,,,,,0.82875,1
028,2362,255.67700,23.62000,1.16756,,,,,0.82866,1
028,2363,255.78400,23.63000,1.16857,,,,,0.82856,1
028,2364,255.87900,23.64000,1.16899,,,,,0.82847,1
028,2365,255.99001,23.65000,1.16972,,,,,0.82836,1
028,2366,256.07401,23.66000,1.17063,,,,,0.82829,1
028,2367,256.17401,23.67000,1.17214,,,,,0.82819,1
028,2368,256.27100,23.68000,1.17285,,,,,0.82810,1
028,2369,256.37000,23.69000,1.17364,,,,,0.82801,1
028,2370,256.46899,23.70000,1.17428,,,,,0.82791,1
028,2371,256.57101,23.71000,1.17507,,,,,0.82782,1
028,2372,256.65701,23.72000,1.17584,,,,,0.82774,1
028,2373,256.76901,23.73000,1.17671,,,,,0.82763,1
028,2374,256.86801,23.74000,1.17721,,,,,0.82754,1
028,2375,256.95901,23.75000,1.17806,,,,,0.82745,1
028,2376,257.06500,23.76000,1.17893,,,,,0.82736,1
028,2377,257.17099,23.77000,1.17980,,,,,0.82726,1
028,2378,257.26599,23.78000,1.18065,,,,,0.82717,1
028,2379,257.36099,23.79000,1.18151,,,,,0.82708,1
028,2380,257.46100,23.80000,1.18244,,,,,0.82698,1
028,2381,257.57001,23.81000,1.18324,,,,,0.82688,1
028,2382,257.64899,23.82000,1.18364,,,,,0.82681,1
028,2383,257.75400,23.83000,1.18444,,,,,0.82671,1
028,2384,257.85599,23.84000,1.18523,,,,,0.82661,1
028,2385,257.95401,23.85000,1.18609,,,,,0.82652,1
028,2386,258.04700,23.86000,1.18680,,,,,0.82644,1
028,2387,258.15900,23.87000,1.18738,,,,,0.82633,1
028,2388,258.25101,23.88000,1.18853,,,,,0.82624,1
028,2389,258.34500,23.89000,1.18931,,,,,0.82616,1
028,2390,258.44101,23.90000,1.18995,,,,,0.82607,1
028,2391,258.53900,23.91000,1.19066,,,,,0.82598,1
028,2392,258.63800,23.92000,1.19160,,,,,0.82588,1
028,2393,258.74899,23.93000,1.19277,,,,,0.82578,1
028,2394,258.84601,23.94000,1.19399,,,,,0.82569,1
028,2395,258.95700,23.95000,1.19414,,,,,0.82559,1
028,2396,259.03699,23.96000,1.19491,,,,,0.82551,1
028,2397,259.14001,23.97000,1.19578,,,,,0.82541,1
028,2398,259.25000,23.98000,1.19680,,,,,0.82531,1
028,2399,259.34100,23.99000,1.19758,,,,,0.82523,1
028,2400,259.43399,24.00000,1.19844,,,,,0.82514,1
028,2401,259.53500,24.01000,1.19938,,,,,0.82505,1
028,2402,259.63800,24.02000,1.20017,,,,,0.82495,1
028,2403,259.72198,24.03000,1.20094,,,,,0.82487,1
028,2404,259.82800,24.04000,1.20174,,,,,0.82477,1
028,2405,259.92401,24.05000,1.20180,,,,,0.82468,1
028,2406,260.02499,24.06000,1.20362,,,,,0.82459,1
028,2407,260.12799,24.07000,1.20376,,,,,0.82449,1
028,2408,260.22699,24.08000,1.20440,,,,,0.82440,1
028,2409,260.32199,24.09000,1.20526,,,,,0.82431,1
028,2410,260.42099,24.10000,1.20642,,,,,0.82422,1
028,2411,260.52301,24.11000,1.20707,,,,,0.82413,1
028,2412,260.61200,24.12000,1.20799,,,,,0.82404,1
028,2413,260.70499,24.13000,1.20878,,,,,0.82396,1
028,2414,260.81400,24.14000,1.20973,,,,,0.82386,1
028,2415,260.91599,24.15000,1.21038,,,,,0.82376,1
028,2416,261.01099,24.16000,1.21117,,,,,0.82367,1
028,2417,261.11499,24.17000,1.21219,,,,,0.82358,1
028,2418,261.20700,24.18000,1.21305,,,,,0.82349,1
028,2419,261.31601,24.19000,1.21341,,,,,0.82339,1
028,2420,261.41800,24.20000,1.21377,,,,,0.82329,1
028,2421,261.51801,24.21000,1.21472,,,,,0.82320,1
028,2422,261.60501,24.22000,1.21549,,,,,0.82312,1
028,2423,261.70801,24.23000,1.21666,,,,,0.82302,1
028,2424,261.80301,24.24000,1.21759,,,,,0.82294,1
028,2425,261.90302,24.25000,1.21868,,,,,0.82284,1
028,2426,262.00601,24.26000,1.21970,,,,,0.82275,1
028,2427,262.10101,24.27000,1.22034,,,,,0.82266,1
028,2428,262.20099,24.28000,1.22136,,,,,0.82257,1
028,2429,262.29700,24.29000,1.22186,,,,,0.82248,1
028,2430,262.39999,24.30000,1.22244,,,,,0.82238,1
028,2431,262.48999,24.31000,1.22286,,,,,0.82230,1
028,2432,262.59201,24.32000,1.22380,,,,,0.82221,1
028,2433,262.69101,24.33000,1.22496,,,,,0.82211,1
028,2434,262.78601,24.34000,1.22597,,,,,0.82203,1
028,2435,262.89600,24.35000,1.22671,,,,,0.82192,1
028,2436,262.98401,24.36000,1.22778,,,,,0.82184,1
028,2437,263.08499,24.37000,1.22836,,,,,0.82175,1
028,2438,263.18301,24.38000,1.22938,,,,,0.82166,1
028,2439,263.27802,24.39000,1.23002,,,,,0.82157,1
028,2440,263.38199,24.40000,1.23039,,,,,0.82147,1
028,2441,263.47699,24.41000,1.23125,,,,,0.82139,1
028,2442,263.57800,24.42000,1.23249,,,,,0.82129,1
028,2443,263.68799,24.43000,1.23338,,,,,0.82119,1
028,2444,263.77499,24.44000,1.23379,,,,,0.82111,1
028,2445,263.87299,24.45000,1.23473,,,,,0.82102,1
028,2446,263.97501,24.46000,1.23575,,,,,0.82093,1
028,2447,264.07300,24.47000,1.23648,,,,,0.82084,1
028,2448,264.16901,24.48000,1.23749,,,,,0.82075,1
028,2449,264.28101,24.49000,1.23860,,,,,0.82064,1
028,2450,264.37100,24.50000,1.23953,,,,,0.82056,1
028,2451,264.46500,24.51000,1.24032,,,,,0.82048,1
028,2452,264.57101,24.52000,1.24091,,,,,0.82038,1
028,2453,264.66800,24.53000,1.24097,,,,,0.82029,1
028,2454,264.75699,24.54000,1.24161,,,,,0.82021,1
028,2455,264.86499,24.55000,1.24279,,,,,0.82011,1
028,2456,264.95999,24.56000,1.24358,,,,,0.82002,1
028,2457,265.06299,24.57000,1.24453,,,,,0.81992,1
028,2458,265.15500,24.58000,1.24532,,,,,0.81984,1
028,2459,265.26099,24.59000,1.24613,,,,,0.81974,1
028,2460,265.35800,24.60000,1.24708,,,,,0.81965,1
028,2461,265.44601,24.61000,1.24815,,,,,0.81957,1
028,2462,265.56201,24.62000,1.24905,,,,,0.81947,1
028,2463,265.65201,24.63000,1.24903,,,,,0.81938,1
028,2464,265.75201,24.64000,1.24961,,,,,0.81929,1
028,2465,265.84799,24.65000,1.25100,,,,,0.81920,1
028,2466,265.94800,24.66000,1.25239,,,,,0.81911,1
028,2467,266.05099,24.67000,1.25253,,,,,0.81902,1
028,2468,266.14200,24.68000,1.25288,,,,,0.81893,1
028,2469,266.25000,24.69000,1.25362,,,,,0.81883,1
028,2470,266.34299,24.70000,1.25493,,,,,0.81875,1
028,2471,266.44101,24.71000,1.25580,,,,,0.81866,1
028,2472,266.54501,24.72000,1.25683,,,,,0.81856,1
028,2473,266.63400,24.73000,1.25798,,,,,0.81848,1
028,2474,266.74899,24.74000,1.25881,,,,,0.81838,1
028,2475,266.83701,24.75000,1.25974,,,,,0.81829,1
028,2476,266.92899,24.76000,1.26031,,,,,0.81821,1
028,2477,267.04800,24.77000,1.26099,,,,,0.81810,1
028,2478,267.14700,24.78000,1.26187,,,,,0.81801,1
028,2479,267.23300,24.79000,1.26273,,,,,0.81793,1
028,2480,267.32599,24.80000,1.26360,,,,,0.81785,1
028,2481,267.42899,24.81000,1.26455,,,,,0.81775,1
028,2482,267.52399,24.82000,1.26483,,,,,0.81767,1
028,2483,267.63000,24.83000,1.26565,,,,,0.81757,1
028,2484,267.72800,24.84000,1.26704,,,,,0.81748,1
028,2485,267.82401,24.85000,1.26798,,,,,0.81739,1
028,2486,267.92001,24.86000,1.26900,,,,,0.81730,1
028,2487,268.02600,24.87000,1.26930,,,,,0.81721,1
028,2488,268.12500,24.88000,1.27069,,,,,0.81712,1
028,2489,268.21201,24.89000,1.27133,,,,,0.81704,1
028,2490,268.31000,24.90000,1.27177,,,,,0.81695,1
028,2491,268.41501,24.91000,1.27280,,,,,0.81685,1
028,2492,268.51199,24.92000,1.27360,,,,,0.81676,1
028,2493,268.61200,24.93000,1.27456,,,,,0.81667,1
028,2494,268.69901,24.94000,1.27549,,,,,0.81659,1
028,2495,268.80899,24.95000,1.27587,,,,,0.81649,1
028,2496,268.90100,24.96000,1.27644,,,,,0.81641,1
028,2497,269.01001,24.97000,1.27770,,,,,0.81631,1
028,2498,269.10501,24.98000,1.27858,,,,,0.81622,1
028,2499,269.19601,24.99000,1.27959,,,,,0.81614,1
028,2500,269.28900,25.00000,1.28024,,,,,0.81605,1
028,2501,269.39600,25.01000,1.28098,,,,,0.81596,1
028,2502,269.48999,25.02000,1.28149,,,,,0.81587,1
028,2503,269.59601,25.03000,1.28208,,,,,0.81577,1
028,2504,269.68100,25.04000,1.28294,,,,,0.81570,1
028,2505,269.78799,25.05000,1.28391,,,,,0.81560,1
028,2506,269.88199,25.06000,1.28500,,,,,0.81551,1
028,2507,269.98700,25.07000,1.28582,,,,,0.81542,1
028,2508,270.09500,25.08000,1.28671,,,,,0.81532,1
028,2509,270.18100,25.09000,1.28750,,,,,0.81524,1
028,2510,270.28101,25.10000,1.28860,,,,,0.81515,1
028,2511,270.38400,25.11000,1.28941,,,,,0.81506,1
028,2512,270.47900,25.12000,1.28999,,,,,0.81497,1
028,2513,270.58801,25.13000,1.29067,,,,,0.81487,1
028,2514,270.68799,25.14000,1.29177,,,,,0.81478,1
028,2515,270.78799,25.15000,1.29251,,,,,0.81469,1
028,2516,270.88400,25.16000,1.29331,,,,,0.81460,1
028,2517,270.98499,25.17000,1.29427,,,,,0.81451,1
028,2518,271.08200,25.18000,1.29515,,,,,0.81442,1
028,2519,271.18399,25.19000,1.29618,,,,,0.81433,1
028,2520,271.28000,25.20000,1.29654,,,,,0.81424,1
028,2521,271.38101,25.21000,1.29795,,,,,0.81415,1
028,2522,271.47198,25.22000,1.29874,,,,,0.81407,1
028,2523,271.56601,25.23000,1.29932,,,,,0.81398,1
028,2524,271.67999,25.24000,1.30038,,,,,0.81388,1
028,2525,271.77200,25.25000,1.30103,,,,,0.81380,1
028,2526,271.88199,25.26000,1.30185,,,,,0.81370,1
028,2527,271.96799,25.27000,1.30301,,,,,0.81362,1
028,2528,272.06500,25.28000,1.30382,,,,,0.81353,1
028,2529,272.16699,25.29000,1.30456,,,,,0.81344,1
028,2530,272.26999,25.30000,1.30523,,,,,0.81335,1
028,2531,272.37299,25.31000,1.30612,,,,,0.81325,1
028,2532,272.47400,25.32000,1.30693,,,,,0.81316,1
028,2533,272.56699,25.33000,1.30773,,,,,0.81308,1
028,2534,272.66299,25.34000,1.30876,,,,,0.81299,1
028,2535,272.76501,25.35000,1.30972,,,,,0.81290,1
028,2536,272.85501,25.36000,1.31060,,,,,0.81282,1
028,2537,272.96201,25.37000,1.31105,,,,,0.81272,1
028,2538,273.06100,25.38000,1.31171,,,,,0.81263,1
028,2539,273.15201,25.39000,1.31258,,,,,0.81255,1
028,2540,273.24899,25.40000,1.31398,,,,,0.81246,1
028,2541,273.35400,25.41000,1.31473,,,,,0.81237,1
028,2542,273.45001,25.42000,1.31509,,,,,0.81228,1
028,2543,273.54999,25.43000,1.31591,,,,,0.81219,1
028,2544,273.65201,25.44000,1.31717,,,,,0.81210,1
028,2545,273.74799,25.45000,1.31753,,,,,0.81201,1
028,2546,273.85400,25.46000,1.31783,,,,,0.81192,1
028,2547,273.94901,25.47000,1.31931,,,,,0.81183,1
028,2548,274.05301,25.48000,1.32028,,,,,0.81174,1
028,2549,274.15100,25.49000,1.32131,,,,,0.81165,1
028,2550,274.25201,25.50000,1.32220,,,,,0.81156,1
028,2551,274.34799,25.51000,1.32219,,,,,0.81147,1
028,2552,274.44400,25.52000,1.32293,,,,,0.81138,1
028,2553,274.54099,25.53000,1.32418,,,,,0.81130,1
028,2554,274.63800,25.54000,1.32551,,,,,0.81121,1
028,2555,274.73700,25.55000,1.32551,,,,,0.81112,1
028,2556,274.82901,25.56000,1.32594,,,,,0.81104,1
028,2557,274.93301,25.57000,1.32691,,,,,0.81094,1
028,2558,275.02802,25.58000,1.32787,,,,,0.81086,1
028,2559,275.13400,25.59000,1.32862,,,,,0.81076,1
028,2560,275.23401,25.60000,1.32943,,,,,0.81067,1
028,2561,275.33401,25.61000,1.33032,,,,,0.81058,1
028,2562,275.43600,25.62000,1.33129,,,,,0.81049,1
028,2563,275.52499,25.63000,1.33172,,,,,0.81041,1
028,2564,275.63300,25.64000,1.33225,,,,,0.81032,1
028,2565,275.72198,25.65000,1.33298,,,,,0.81024,1
028,2566,275.83899,25.66000,1.33397,,,,,0.81013,1
028,2567,275.92200,25.67000,1.33505,,,,,0.81006,1
028,2568,276.02701,25.68000,1.33558,,,,,0.80996,1
028,2569,276.12500,25.69000,1.33632,,,,,0.80987,1
028,2570,276.23300,25.70000,1.33700,,,,,0.80978,1
028,2571,276.32101,25.71000,1.33810,,,,,0.80970,1
028,2572,276.41400,25.72000,1.33905,,,,,0.80961,1
028,2573,276.51501,25.73000,1.34039,,,,,0.80952,1
028,2574,276.60999,25.74000,1.34083,,,,,0.80944,1
028,2575,276.71100,25.75000,1.34113,,,,,0.80935,1
028,2576,276.81699,25.76000,1.34218,,,,,0.80925,1
028,2577,276.91299,25.77000,1.34366,,,,,0.80917,1
028,2578,277.00900,25.78000,1.34470,,,,,0.80908,1
028,2579,277.11301,25.79000,1.34493,,,,,0.80899,1
028,2580,277.20801,25.80000,1.34559,,,,,0.80890,1
028,2581,277.31000,25.81000,1.34656,,,,,0.80881,1
028,2582,277.40601,25.82000,1.34715,,,,,0.80873,1
028,2583,277.50400,25.83000,1.34804,,,,,0.80864,1
028,2584,277.60400,25.84000,1.34886,,,,,0.80855,1
028,2585,277.70099,25.85000,1.34982,,,,,0.80846,1
028,2586,277.80499,25.86000,1.35072,,,,,0.80837,1
028,2587,277.89700,25.87000,1.35168,,,,,0.80829,1
028,2588,277.99899,25.88000,1.35265,,,,,0.80820,1
028,2589,278.10199,25.89000,1.35318,,,,,0.80811,1
028,2590,278.19101,25.90000,1.35390,,,,,0.80803,1
028,2591,278.28400,25.91000,1.35479,,,,,0.80794,1
028,2592,278.39499,25.92000,1.35548,,,,,0.80784,1
028,2593,278.49799,25.93000,1.35600,,,,,0.80775,1
028,2594,278.59399,25.94000,1.35697,,,,,0.80767,1
028,2595,278.69699,25.95000,1.35757,,,,,0.80758,1
028,2596,278.79199,25.96000,1.35831,,,,,0.80749,1
028,2597,278.89301,25.97000,1.35943,,,,,0.80740,1
028,2598,278.99500,25.98000,1.36047,,,,,0.80731,1
028,2599,279.09100,25.99000,1.36099,,,,,0.80722,1
028,2600,279.19101,26.00000,1.36166,,,,,0.80714,1
028,2601,279.28201,26.01000,1.36270,,,,,0.80705,1
028,2602,279.38101,26.02000,1.36366,,,,,0.80697,1
028,2603,279.47299,26.03000,1.36455,,,,,0.80688,1
028,2604,279.57300,26.04000,1.36537,,,,,0.80680,1
028,2605,279.67700,26.05000,1.36568,,,,,0.80670,1
028,2606,279.77802,26.06000,1.36620,,,,,0.80661,1
028,2607,279.88000,26.07000,1.36733,,,,,0.80652,1
028,2608,279.97601,26.08000,1.36837,,,,,0.80644,1
028,2609,280.06799,26.09000,1.36918,,,,,0.80636,1
028,2610,280.17801,26.10000,1.37031,,,,,0.80626,1
028,2611,280.27200,26.11000,1.37135,,,,,0.80618,1
028,2612,280.37000,26.12000,1.37195,,,,,0.80609,1
028,2613,280.47198,26.13000,1.37210,,,,,0.80600,1
028,2614,280.57501,26.14000,1.37233,,,,,0.80591,1
028,2615,280.67599,26.15000,1.37338,,,,,0.80582,1
028,2616,280.77899,26.16000,1.37458,,,,,0.80573,1
028,2617,280.86499,26.17000,1.37546,,,,,0.80565,1
028,2618,280.97699,26.18000,1.37615,,,,,0.80555,1
028,2619,281.07401,26.19000,1.37697,,,,,0.80546,1
028,2620,281.16400,26.20000,1.37756,,,,,0.80538,1
028,2621,281.26801,26.21000,1.37831,,,,,0.80529,1
028,2622,281.37100,26.22000,1.37929,,,,,0.80520,1
028,2623,281.46799,26.23000,1.38026,,,,,0.80512,1
028,2624,281.56400,26.24000,1.38078,,,,,0.80503,1
028,2625,281.66199,26.25000,1.38123,,,,,0.80494,1
028,2626,281.75800,26.26000,1.38257,,,,,0.80486,1
028,2627,281.84900,26.27000,1.38338,,,,,0.80478,1
028,2628,281.95300,26.28000,1.38414,,,,,0.80469,1
028,2629,282.05200,26.29000,1.38481,,,,,0.80460,1
028,2630,282.15201,26.30000,1.38549,,,,,0.80451,1
028,2631,282.25101,26.31000,1.38631,,,,,0.80442,1
028,2632,282.36099,26.32000,1.38663,,,,,0.80433,1
028,2633,282.45200,26.33000,1.38796,,,,,0.80425,1
028,2634,282.55099,26.34000,1.38909,,,,,0.80416,1
028,2635,282.64899,26.35000,1.39014,,,,,0.80407,1
028,2636,282.74899,26.36000,1.39029,,,,,0.80398,1
028,2637,282.83701,26.37000,1.39102,,,,,0.80391,1
028,2638,282.94601,26.38000,1.39194,,,,,0.80381,1
028,2639,283.04501,26.39000,1.39291,,,,,0.80372,1
028,2640,283.13901,26.40000,1.39433,,,,,0.80364,1
028,2641,283.23901,26.41000,1.39433,,,,,0.80355,1
028,2642,283.34201,26.42000,1.39554,,,,,0.80346,1
028,2643,283.44299,26.43000,1.39644,,,,,0.80337,1
028,2644,283.53900,26.44000,1.39711,,,,,0.80329,1
028,2645,283.63300,26.45000,1.39741,,,,,0.80321,1
028,2646,283.73700,26.46000,1.39839,,,,,0.80311,1
028,2647,283.83499,26.47000,1.39899,,,,,0.80303,1
028,2648,283.92801,26.48000,1.40018,,,,,0.80295,1
028,2649,284.02200,26.49000,1.40093,,,,,0.80286,1
028,2650,284.11899,26.50000,1.40198,,,,,0.80278,1
028,2651,284.21701,26.51000,1.40333,,,,,0.80269,1
028,2652,284.32901,26.52000,1.40312,,,,,0.80259,1
028,2653,284.41901,26.53000,1.40364,,,,,0.80251,1
028,2654,284.51801,26.54000,1.40416,,,,,0.80243,1
028,2655,284.61801,26.55000,1.40537,,,,,0.80234,1
028,2656,284.72299,26.56000,1.40643,,,,,0.80225,1
028,2657,284.81900,26.57000,1.40725,,,,,0.80216,1
028,2658,284.91299,26.58000,1.40807,,,,,0.80208,1
028,2659,285.01501,26.59000,1.40891,,,,,0.80199,1
028,2660,285.11700,26.60000,1.40989,,,,,0.80190,1
028,2661,285.22101,26.61000,1.41103,,,,,0.80181,1
028,2662,285.32001,26.62000,1.41185,,,,,0.80172,1
028,2663,285.41199,26.63000,1.41260,,,,,0.80164,1
028,2664,285.50699,26.64000,1.41319,,,,,0.80156,1
028,2665,285.60501,26.65000,1.41417,,,,,0.80147,1
028,2666,285.71100,26.66000,1.41524,,,,,0.80138,1
028,2667,285.79599,26.67000,1.41559,,,,,0.80131,1
028,2668,285.90799,26.68000,1.41607,,,,,0.80121,1
028,2669,286.00299,26.69000,1.41697,,,,,0.80113,1
028,2670,286.09900,26.70000,1.41779,,,,,0.80104,1
028,2671,286.21100,26.71000,1.41872,,,,,0.80094,1
028,2672,286.29800,26.72000,1.41930,,,,,0.80087,1
028,2673,286.40302,26.73000,1.41954,,,,,0.80078,1
028,2674,286.50000,26.74000,1.42074,,,,,0.80069,1
028,2675,286.60101,26.75000,1.42158,,,,,0.80060,1
028,2676,286.70300,26.76000,1.42256,,,,,0.80051,1
028,2677,286.80099,26.77000,1.42346,,,,,0.80043,1
028,2678,286.89700,26.78000,1.42406,,,,,0.80035,1
028,2679,287.00101,26.79000,1.42520,,,,,0.80025,1
028,2680,287.09698,26.80000,1.42588,,,,,0.80017,1
028,2681,287.19299,26.81000,1.42671,,,,,0.80009,1
028,2682,287.29700,26.82000,1.42770,,,,,0.80000,1
028,2683,287.40201,26.83000,1.42861,,,,,0.79991,1
028,2684,287.48801,26.84000,1.42935,,,,,0.79983,1
028,2685,287.58401,26.85000,1.42995,,,,,0.79975,1
028,2686,287.69101,26.86000,1.43057,,,,,0.79965,1
028,2687,287.78900,26.87000,1.43072,,,,,0.79957,1
028,2688,287.88101,26.88000,1.43184,,,,,0.79949,1
028,2689,287.99301,26.89000,1.43269,,,,,0.79939,1
028,2690,288.08600,26.90000,1.43352,,,,,0.79931,1
028,2691,288.18301,26.91000,1.43420,,,,,0.79923,1
028,2692,288.28601,26.92000,1.43511,,,,,0.79914,1
028,2693,288.37201,26.93000,1.43562,,,,,0.79906,1
028,2694,288.48199,26.94000,1.43662,,,,,0.79897,1
028,2695,288.58099,26.95000,1.43753,,,,,0.79888,1
028,2696,288.68100,26.96000,1.43852,,,,,0.79879,1
028,2697,288.76700,26.97000,1.43940,,,,,0.79872,1
028,2698,288.87799,26.98000,1.43965,,,,,0.79862,1
028,2699,288.97699,26.99000,1.44003,,,,,0.79854,1
028,2700,289.07101,27.00000,1.44154,,,,,0.79845,1
028,2701,289.16901,27.01000,1.44290,,,,,0.79837,1
028,2702,289.26999,27.02000,1.44351,,,,,0.79828,1
028,2703,289.36700,27.03000,1.44442,,,,,0.79820,1
028,2704,289.47000,27.04000,1.44518,,,,,0.79811,1
028,2705,289.57300,27.05000,1.44587,,,,,0.79802,1
028,2706,289.67099,27.06000,1.44648,,,,,0.79793,1
028,2707,289.76199,27.07000,1.44737,,,,,0.79785,1
028,2708,289.87900,27.08000,1.44831,,,,,0.79775,1
028,2709,289.96701,27.09000,1.44905,,,,,0.79768,1
028,2710,290.06601,27.10000,1.44997,,,,,0.79759,1
028,2711,290.15900,27.11000,1.45064,,,,,0.79751,1
028,2712,290.25699,27.12000,1.45147,,,,,0.79743,1
028,2713,290.36200,27.13000,1.45209,,,,,0.79734,1
028,2714,290.45401,27.14000,1.45231,,,,,0.79726,1
028,2715,290.55899,27.15000,1.45286,,,,,0.79717,1
028,2716,290.65601,27.16000,1.45414,,,,,0.79708,1
028,2717,290.75800,27.17000,1.45483,,,,,0.79699,1
028,2718,290.84399,27.18000,1.45587,,,,,0.79692,1
028,2719,290.95499,27.19000,1.45688,,,,,0.79682,1
028,2720,291.05399,27.20000,1.45711,,,,,0.79674,1
028,2721,291.14001,27.21000,1.45762,,,,,0.79666,1
028,2722,291.25299,27.22000,1.45826,,,,,0.79657,1
028,2723,291.34299,27.23000,1.45938,,,,,0.79649,1
028,2724,291.43301,27.24000,1.46028,,,,,0.79641,1
028,2725,291.54099,27.25000,1.46098,,,,,0.79632,1
028,2726,291.63599,27.26000,1.46189,,,,,0.79624,1
028,2727,291.74600,27.27000,1.46282,,,,,0.79614,1
028,2728,291.83499,27.28000,1.46334,,,,,0.79606,1
028,2729,291.93799,27.29000,1.46357,,,,,0.79598,1
028,2730,292.04401,27.30000,1.46404,,,,,0.79588,1
028,2731,292.13101,27.31000,1.46524,,,,,0.79581,1
028,2732,292.23499,27.32000,1.46669,,,,,0.79572,1
028,2733,292.34500,27.33000,1.46785,,,,,0.79562,1
028,2734,292.44601,27.34000,1.46846,,,,,0.79554,1
028,2735,292.54099,27.35000,1.46915,,,,,0.79546,1
028,2736,292.63101,27.36000,1.46974,,,,,0.79538,1
028,2737,292.73300,27.37000,1.47066,,,,,0.79529,1
028,2738,292.83801,27.38000,1.47159,,,,,0.79520,1
028,2739,292.93100,27.39000,1.47188,,,,,0.79512,1
028,2740,293.04501,27.40000,1.47335,,,,,0.79502,1
028,2741,293.13599,27.41000,1.47410,,,,,0.79495,1
028,2742,293.23401,27.42000,1.47471,,,,,0.79486,1
028,2743,293.32599,27.43000,1.47539,,,,,0.79478,1
028,2744,293.43100,27.44000,1.47609,,,,,0.79469,1
028,2745,293.53201,27.45000,1.47686,,,,,0.79461,1
028,2746,293.63599,27.46000,1.47770,,,,,0.79452,1
028,2747,293.72299,27.47000,1.47852,,,,,0.79444,1
028,2748,293.82001,27.48000,1.47929,,,,,0.79436,1
028,2749,293.92300,27.49000,1.48021,,,,,0.79427,1
028,2750,294.01999,27.50000,1.48059,,,,,0.79419,1
028,2751,294.12399,27.51000,1.48136,,,,,0.79410,1
028,2752,294.21500,27.52000,1.48227,,,,,0.79402,1
028,2753,294.31900,27.53000,1.48311,,,,,0.79393,1
028,2754,294.41400,27.54000,1.48387,,,,,0.79385,1
028,2755,294.51099,27.55000,1.48464,,,,,0.79377,1
028,2756,294.60999,27.56000,1.48532,,,,,0.79368,1
028,2757,294.71500,27.57000,1.48663,,,,,0.79359,1
028,2758,294.80899,27.58000,1.48754,,,,,0.79351,1
028,2759,294.91400,27.59000,1.48756,,,,,0.79342,1
028,2760,295.01401,27.60000,1.48817,,,,,0.79334,1
028,2761,295.10501,27.61000,1.48915,,,,,0.79326,1
028,2762,295.20200,27.62000,1.49007,,,,,0.79318,1
028,2763,295.29800,27.63000,1.49151,,,,,0.79309,1
028,2764,295.40399,27.64000,1.49236,,,,,0.79300,1
028,2765,295.50299,27.65000,1.49245,,,,,0.79292,1
028,2766,295.60001,27.66000,1.49321,,,,,0.79284,1
028,2767,295.70001,27.67000,1.49383,,,,,0.79275,1
028,2768,295.79700,27.68000,1.49474,,,,,0.79267,1
028,2769,295.89301,27.69000,1.49535,,,,,0.79259,1
028,2770,295.98401,27.70000,1.49611,,,,,0.79251,1
028,2771,296.08801,27.71000,1.49643,,,,,0.79242,1
028,2772,296.19501,27.72000,1.49781,,,,,0.79233,1
028,2773,296.28799,27.73000,1.49857,,,,,0.79225,1
028,2774,296.37900,27.74000,1.49902,,,,,0.79217,1
028,2775,296.48901,27.75000,1.50011,,,,,0.79208,1
028,2776,296.59000,27.76000,1.50141,,,,,0.79199,1
028,2777,296.69101,27.77000,1.50234,,,,,0.79191,1
028,2778,296.79501,27.78000,1.50304,,,,,0.79182,1
028,2779,296.88599,27.79000,1.50372,,,,,0.79174,1
028,2780,296.97800,27.80000,1.50455,,,,,0.79166,1
028,2781,297.07800,27.81000,1.50547,,,,,0.79158,1
028,2782,297.18301,27.82000,1.50610,,,,,0.79149,1
028,2783,297.27399,27.83000,1.50670,,,,,0.79141,1
028,2784,297.37900,27.84000,1.50756,,,,,0.79132,1
028,2785,297.47299,27.85000,1.50824,,,,,0.79124,1
028,2786,297.57199,27.86000,1.50893,,,,,0.79116,1
028,2787,297.66800,27.87000,1.50939,,,,,0.79108,1
028,2788,297.76999,27.88000,1.51017,,,,,0.79099,1
028,2789,297.86200,27.89000,1.51108,,,,,0.79091,1
028,2790,297.96500,27.90000,1.51185,,,,,0.79082,1
028,2791,298.06799,27.91000,1.51248,,,,,0.79074,1
028,2792,298.16400,27.92000,1.51339,,,,,0.79066,1
028,2793,298.26501,27.93000,1.51440,,,,,0.79057,1
028,2794,298.36099,27.94000,1.51531,,,,,0.79049,1
028,2795,298.47400,27.95000,1.51565,,,,,0.79039,1
028,2796,298.55801,27.96000,1.51647,,,,,0.79032,1
028,2797,298.65900,27.97000,1.51732,,,,,0.79024,1
028,2798,298.76199,27.98000,1.51833,,,,,0.79015,1
028,2799,298.87100,27.99000,1.51949,,,,,0.79006,1
028,2800,298.96701,28.00000,1.52056,,,,,0.78998,1
028,2801,299.05600,28.01000,1.52162,,,,,0.78990,1
028,2802,299.14600,28.02000,1.52261,,,,,0.78983,1
028,2803,299.24500,28.03000,1.52262,,,,,0.78974,1
028,2804,299.34201,28.04000,1.52300,,,,,0.78966,1
028,2805,299.45801,28.05000,1.52418,,,,,0.78956,1
028,2806,299.55899,28.06000,1.52504,,,,,0.78948,1
028,2807,299.65302,28.07000,1.52648,,,,,0.78940,1
028,2808,299.74701,28.08000,1.52725,,,,,0.78932,1
028,2809,299.84900,28.09000,1.52780,,,,,0.78923,1
028,2810,299.95401,28.10000,1.52774,,,,,0.78914,1
028,2811,300.04199,28.11000,1.52819,,,,,0.78907,1
028,2812,300.15100,28.12000,1.52928,,,,,0.78898,1
028,2813,300.25699,28.13000,1.53022,,,,,0.78889,1
028,2814,300.34799,28.14000,1.53060,,,,,0.78881,1
028,2815,300.44101,28.15000,1.53197,,,,,0.78873,1
028,2816,300.54501,28.16000,1.53275,,,,,0.78865,1
028,2817,300.64200,28.17000,1.53321,,,,,0.78856,1
028,2818,300.74500,28.18000,1.53407,,,,,0.78848,1
028,2819,300.84000,28.19000,1.53476,,,,,0.78840,1
028,2820,300.92899,28.20000,1.53567,,,,,0.78832,1
028,2821,301.03201,28.21000,1.53630,,,,,0.78824,1
028,2822,301.12500,28.22000,1.53714,,,,,0.78816,1
028,2823,301.23801,28.23000,1.53801,,,,,0.78806,1
028,2824,301.33401,28.24000,1.53908,,,,,0.78798,1
028,2825,301.42999,28.25000,1.54016,,,,,0.78790,1
028,2826,301.52802,28.26000,1.54055,,,,,0.78782,1
028,2827,301.62799,28.27000,1.54102,,,,,0.78773,1
028,2828,301.72501,28.28000,1.54156,,,,,0.78765,1
028,2829,301.82300,28.29000,1.54317,,,,,0.78757,1
028,2830,301.92099,28.30000,1.54364,,,,,0.78749,1
028,2831,302.00699,28.31000,1.54485,,,,,0.78742,1
028,2832,302.12399,28.32000,1.54558,,,,,0.78732,1
028,2833,302.21701,28.33000,1.54627,,,,,0.78724,1
028,2834,302.32501,28.34000,1.54675,,,,,0.78715,1
028,2835,302.42599,28.35000,1.54730,,,,,0.78707,1
028,2836,302.51901,28.36000,1.54814,,,,,0.78699,1
028,2837,302.61899,28.37000,1.54922,,,,,0.78690,1
028,2838,302.71301,28.38000,1.54923,,,,,0.78683,1
028,2839,302.80701,28.39000,1.54999,,,,,0.78675,1
028,2840,302.91199,28.40000,1.55062,,,,,0.78666,1
028,2841,303.01199,28.41000,1.55133,,,,,0.78658,1
028,2842,303.12100,28.42000,1.55219,,,,,0.78648,1
028,2843,303.21600,28.43000,1.55358,,,,,0.78640,1
028,2844,303.30099,28.44000,1.55456,,,,,0.78633,1
028,2845,303.40601,28.45000,1.55542,,,,,0.78625,1
028,2846,303.50299,28.46000,1.55581,,,,,0.78616,1
028,2847,303.60999,28.47000,1.55614,,,,,0.78608,1
028,2848,303.70099,28.48000,1.55729,,,,,0.78600,1
028,2849,303.79599,28.49000,1.55829,,,,,0.78592,1
028,2850,303.89600,28.50000,1.55899,,,,,0.78584,1
028,2851,304.00101,28.51000,1.56024,,,,,0.78575,1
028,2852,304.09698,28.52000,1.56108,,,,,0.78567,1
028,2853,304.20001,28.53000,1.56179,,,,,0.78558,1
028,2854,304.30099,28.54000,1.56188,,,,,0.78550,1
028,2855,304.39801,28.55000,1.56273,,,,,0.78542,1
028,2856,304.49701,28.56000,1.56320,,,,,0.78534,1
028,2857,304.59100,28.57000,1.56374,,,,,0.78526,1
028,2858,304.69000,28.58000,1.56475,,,,,0.78517,1
028,2859,304.78900,28.59000,1.56568,,,,,0.78509,1
028,2860,304.89099,28.60000,1.56662,,,,,0.78501,1
028,2861,304.98199,28.61000,1.56738,,,,,0.78493,1
028,2862,305.08600,28.62000,1.56817,,,,,0.78485,1
028,2863,305.19501,28.63000,1.56889,,,,,0.78475,1
028,2864,305.28299,28.64000,1.56942,,,,,0.78468,1
028,2865,305.39401,28.65000,1.56983,,,,,0.78459,1
028,2866,305.48401,28.66000,1.57075,,,,,0.78451,1
028,2867,305.57700,28.67000,1.57167,,,,,0.78444,1
028,2868,305.68701,28.68000,1.57247,,,,,0.78435,1
028,2869,305.78400,28.69000,1.57332,,,,,0.78427,1
028,2870,305.87299,28.70000,1.57424,,,,,0.78419,1
028,2871,305.97800,28.71000,1.57502,,,,,0.78410,1
028,2872,306.07599,28.72000,1.57588,,,,,0.78402,1
028,2873,306.17001,28.73000,1.57688,,,,,0.78394,1
028,2874,306.28500,28.74000,1.57792,,,,,0.78385,1
028,2875,306.37201,28.75000,1.57852,,,,,0.78378,1
028,2876,306.47101,28.76000,1.57938,,,,,0.78370,1
028,2877,306.56799,28.77000,1.58000,,,,,0.78362,1
028,2878,306.67599,28.78000,1.58003,,,,,0.78353,1
028,2879,306.76401,28.79000,1.58025,,,,,0.78345,1
028,2880,306.86401,28.80000,1.58104,,,,,0.78337,1
028,2881,306.95200,28.81000,1.58203,,,,,0.78330,1
028,2882,307.05899,28.82000,1.58297,,,,,0.78321,1
028,2883,307.16800,28.83000,1.58393,,,,,0.78312,1
028,2884,307.26599,28.84000,1.58455,,,,,0.78304,1
028,2885,307.35699,28.85000,1.58547,,,,,0.78296,1
028,2886,307.45599,28.86000,1.58587,,,,,0.78288,1
028,2887,307.55801,28.87000,1.58642,,,,,0.78280,1
028,2888,307.66599,28.88000,1.58722,,,,,0.78271,1
028,2889,307.75800,28.89000,1.58799,,,,,0.78263,1
028,2890,307.85699,28.90000,1.58862,,,,,0.78255,1
028,2891,307.96500,28.91000,1.58980,,,,,0.78246,1
028,2892,308.05701,28.92000,1.59057,,,,,0.78238,1
028,2893,308.16000,28.93000,1.59151,,,,,0.78230,1
028,2894,308.25400,28.94000,1.59228,,,,,0.78222,1
028,2895,308.35800,28.95000,1.59300,,,,,0.78214,1
028,2896,308.45599,28.96000,1.59339,,,,,0.78206,1
028,2897,308.54300,28.97000,1.59385,,,,,0.78198,1
028,2898,308.64401,28.98000,1.59425,,,,,0.78190,1
028,2899,308.74600,28.99000,1.59588,,,,,0.78182,1
028,2900,308.85001,29.00000,1.59636,,,,,0.78173,1
028,2901,308.95099,29.01000,1.59700,,,,,0.78165,1
028,2902,309.03799,29.02000,1.59791,,,,,0.78158,1
028,2903,309.13901,29.03000,1.59862,,,,,0.78149,1
028,2904,309.24600,29.04000,1.59903,,,,,0.78140,1
028,2905,309.34000,29.05000,1.59942,,,,,0.78133,1
028,2906,309.44299,29.06000,1.60037,,,,,0.78124,1
028,2907,309.53900,29.07000,1.60122,,,,,0.78116,1
028,2908,309.64301,29.08000,1.60194,,,,,0.78108,1
028,2909,309.73901,29.09000,1.60279,,,,,0.78100,1
028,2910,309.84201,29.10000,1.60366,,,,,0.78092,1
028,2911,309.93201,29.11000,1.60458,,,,,0.78084,1
028,2912,310.03101,29.12000,1.60529,,,,,0.78076,1
028,2913,310.13300,29.13000,1.60554,,,,,0.78068,1
028,2914,310.24500,29.14000,1.60688,,,,,0.78058,1
028,2915,310.33200,29.15000,1.60765,,,,,0.78051,1
028,2916,310.42599,29.16000,1.60773,,,,,0.78044,1
028,2917,310.52802,29.17000,1.60844,,,,,0.78035,1
028,2918,310.61499,29.18000,1.60913,,,,,0.78028,1
028,2919,310.72800,29.19000,1.60978,,,,,0.78019,1
028,2920,310.83099,29.20000,1.61057,,,,,0.78010,1
028,2921,310.92401,29.21000,1.61143,,,,,0.78003,1
028,2922,311.01999,29.22000,1.61228,,,,,0.77995,1
028,2923,311.11200,29.23000,1.61321,,,,,0.77987,1
028,2924,311.21899,29.24000,1.61416,,,,,0.77979,1
028,2925,311.31100,29.25000,1.61486,,,,,0.77971,1
028,2926,311.42401,29.26000,1.61575,,,,,0.77962,1
028,2927,311.51999,29.27000,1.61645,,,,,0.77954,1
028,2928,311.61301,29.28000,1.61661,,,,,0.77946,1
028,2929,311.71899,29.29000,1.61702,,,,,0.77938,1
028,2930,311.81400,29.30000,1.61741,,,,,0.77930,1
028,2931,311.91800,29.31000,1.61867,,,,,0.77922,1
028,2932,312.01401,29.32000,1.61914,,,,,0.77914,1
028,2933,312.11301,29.33000,1.62047,,,,,0.77906,1
028,2934,312.21399,29.34000,1.62118,,,,,0.77897,1
028,2935,312.31601,29.35000,1.62135,,,,,0.77889,1
028,2936,312.41599,29.36000,1.62222,,,,,0.77881,1
028,2937,312.51401,29.37000,1.62339,,,,,0.77873,1
028,2938,312.61600,29.38000,1.62434,,,,,0.77865,1
028,2939,312.71301,29.39000,1.62466,,,,,0.77857,1
028,2940,312.80701,29.40000,1.62520,,,,,0.77849,1
028,2941,312.91101,29.41000,1.62615,,,,,0.77841,1
028,2942,313.00800,29.42000,1.62670,,,,,0.77833,1
028,2943,313.11099,29.43000,1.62727,,,,,0.77824,1
028,2944,313.20300,29.44000,1.62796,,,,,0.77817,1
028,2945,313.31400,29.45000,1.62885,,,,,0.77808,1
028,2946,313.40399,29.46000,1.62947,,,,,0.77801,1
028,2947,313.51199,29.47000,1.63058,,,,,0.77792,1
028,2948,313.60800,29.48000,1.63105,,,,,0.77784,1
028,2949,313.70099,29.49000,1.63152,,,,,0.77776,1
028,2950,313.81000,29.50000,1.63202,,,,,0.77768,1
028,2951,313.90201,29.51000,1.63287,,,,,0.77760,1
028,2952,313.99899,29.52000,1.63350,,,,,0.77752,1
028,2953,314.10400,29.53000,1.63422,,,,,0.77744,1
028,2954,314.19299,29.54000,1.63491,,,,,0.77736,1
028,2955,314.29999,29.55000,1.63556,,,,,0.77728,1
028,2956,314.39401,29.56000,1.63626,,,,,0.77720,1
028,2957,314.49701,29.57000,1.63737,,,,,0.77712,1
028,2958,314.59698,29.58000,1.63777,,,,,0.77704,1
028,2959,314.68799,29.59000,1.63839,,,,,0.77696,1
028,2960,314.79401,29.60000,1.63943,,,,,0.77688,1
028,2961,314.89499,29.61000,1.64022,,,,,0.77680,1
028,2962,314.99799,29.62000,1.64101,,,,,0.77671,1
028,2963,315.08701,29.63000,1.64124,,,,,0.77664,1
028,2964,315.18900,29.64000,1.64212,,,,,0.77656,1
028,2965,315.29999,29.65000,1.64277,,,,,0.77647,1
028,2966,315.38800,29.66000,1.64323,,,,,0.77640,1
028,2967,315.48999,29.67000,1.64379,,,,,0.77631,1
028,2968,315.59000,29.68000,1.64482,,,,,0.77623,1
028,2969,315.69199,29.69000,1.64561,,,,,0.77615,1
028,2970,315.78299,29.70000,1.64639,,,,,0.77608,1
028,2971,315.89700,29.71000,1.64721,,,,,0.77599,1
028,2972,315.98901,29.72000,1.64775,,,,,0.77591,1
028,2973,316.09698,29.73000,1.64840,,,,,0.77582,1
028,2974,316.19199,29.74000,1.64911,,,,,0.77575,1
028,2975,316.29300,29.75000,1.64983,,,,,0.77567,1
028,2976,316.38501,29.76000,1.65060,,,,,0.77559,1
028,2977,316.48700,29.77000,1.65093,,,,,0.77551,1
028,2978,316.57901,29.78000,1.65164,,,,,0.77544,1
028,2979,316.68301,29.79000,1.65236,,,,,0.77535,1
028,2980,316.77301,29.80000,1.65259,,,,,0.77528,1
028,2981,316.87299,29.81000,1.65354,,,,,0.77520,1
028,2982,316.97501,29.82000,1.65433,,,,,0.77512,1
028,2983,317.07101,29.83000,1.65497,,,,,0.77504,1
028,2984,317.17700,29.84000,1.65577,,,,,0.77495,1
028,2985,317.27301,29.85000,1.65656,,,,,0.77488,1
028,2986,317.37299,29.86000,1.65743,,,,,0.77480,1
028,2987,317.46100,29.87000,1.65804,,,,,0.77473,1
028,2988,317.56500,29.88000,1.65838,,,,,0.77464,1
028,2989,317.67200,29.89000,1.65895,,,,,0.77456,1
028,2990,317.76401,29.90000,1.65965,,,,,0.77448,1
028,2991,317.86499,29.91000,1.65998,,,,,0.77440,1
028,2992,317.96100,29.92000,1.66038,,,,,0.77432,1
028,2993,318.06500,29.93000,1.66165,,,,,0.77424,1
028,2994,318.15799,29.94000,1.66228,,,,,0.77417,1
028,2995,318.25800,29.95000,1.66315,,,,,0.77409,1
028,2996,318.36700,29.96000,1.66372,,,,,0.77400,1
028,2997,318.45599,29.97000,1.66419,,,,,0.77393,1
028,2998,318.54901,29.98000,1.66443,,,,,0.77385,1
028,2999,318.65601,29.99000,1.66484,,,,,0.77377,1
028,3000,318.75900,30.00000,1.66557,,,,,0.77368,1
028,3001,318.86301,30.01000,1.66645,,,,,0.77360,1
028,3002,318.95001,30.02000,1.66691,,,,,0.77353,1
028,3003,319.05499,30.03000,1.66779,,,,,0.77345,1
028,3004,319.14700,30.04000,1.66857,,,,,0.77337,1
028,3005,319.25400,30.05000,1.66922,,,,,0.77329,1
028,3006,319.34399,30.06000,1.66992,,,,,0.77322,1
028,3007,319.44601,30.07000,1.67072,,,,,0.77313,1
028,3008,319.54700,30.08000,1.67113,,,,,0.77305,1
028,3009,319.64401,30.09000,1.67254,,,,,0.77298,1
028,3010,319.76001,30.10000,1.67313,,,,,0.77288,1
028,3011,319.83701,30.11000,1.67327,,,,,0.77282,1
028,3012,319.94601,30.12000,1.67392,,,,,0.77274,1
028,3013,320.04001,30.13000,1.67455,,,,,0.77266,1
028,3014,320.14401,30.14000,1.67520,,,,,0.77258,1
028,3015,320.25201,30.15000,1.67632,,,,,0.77249,1
028,3016,320.34698,30.16000,1.67672,,,,,0.77242,1
028,3017,320.44601,30.17000,1.67736,,,,,0.77234,1
028,3018,320.53900,30.18000,1.67791,,,,,0.77226,1
028,3019,320.64401,30.19000,1.67903,,,,,0.77218,1
028,3020,320.73499,30.20000,1.67926,,,,,0.77211,1
028,3021,320.83499,30.21000,1.67975,,,,,0.77203,1
028,3022,320.94101,30.22000,1.68024,,,,,0.77194,1
028,3023,321.03900,30.23000,1.68119,,,,,0.77186,1
028,3024,321.14001,30.24000,1.68199,,,,,0.77178,1
028,3025,321.23199,30.25000,1.68262,,,,,0.77171,1
028,3026,321.33401,30.26000,1.68303,,,,,0.77163,1
028,3027,321.43799,30.27000,1.68337,,,,,0.77155,1
028,3028,321.53699,30.28000,1.68416,,,,,0.77147,1
028,3029,321.63599,30.29000,1.68535,,,,,0.77139,1
028,3030,321.72800,30.30000,1.68613,,,,,0.77132,1
028,3031,321.82999,30.31000,1.68654,,,,,0.77124,1
028,3032,321.93301,30.32000,1.68680,,,,,0.77115,1
028,3033,322.03299,30.33000,1.68713,,,,,0.77107,1
028,3034,322.13199,30.34000,1.68871,,,,,0.77100,1
028,3035,322.22800,30.35000,1.68942,,,,,0.77092,1
028,3036,322.33600,30.36000,1.69000,,,,,0.77083,1
028,3037,322.43301,30.37000,1.69048,,,,,0.77076,1
028,3038,322.52399,30.38000,1.69087,,,,,0.77069,1
028,3039,322.63300,30.39000,1.69169,,,,,0.77060,1
028,3040,322.72299,30.40000,1.69231,,,,,0.77053,1
028,3041,322.82001,30.41000,1.69295,,,,,0.77045,1
028,3042,322.91501,30.42000,1.69335,,,,,0.77038,1
028,3043,323.02499,30.43000,1.69370,,,,,0.77029,1
028,3044,323.12601,30.44000,1.69481,,,,,0.77021,1
028,3045,323.22601,30.45000,1.69561,,,,,0.77013,1
028,3046,323.32501,30.46000,1.69633,,,,,0.77005,1
028,3047,323.42300,30.47000,1.69689,,,,,0.76997,1
028,3048,323.52301,30.48000,1.69777,,,,,0.76989,1
028,3049,323.61301,30.49000,1.69808,,,,,0.76982,1
028,3050,323.70700,30.50000,1.69840,,,,,0.76975,1
028,3051,323.82101,30.51000,1.69915,,,,,0.76966,1
028,3052,323.90601,30.52000,1.69969,,,,,0.76959,1
028,3053,324.00699,30.53000,1.70010,,,,,0.76951,1
028,3054,324.11401,30.54000,1.70068,,,,,0.76943,1
028,3055,324.20300,30.55000,1.70115,,,,,0.76936,1
028,3056,324.30801,30.56000,1.70211,,,,,0.76928,1
028,3057,324.41199,30.57000,1.70268,,,,,0.76919,1
028,3058,324.50400,30.58000,1.70339,,,,,0.76912,1
028,3059,324.59601,30.59000,1.70371,,,,,0.76905,1
028,3060,324.70801,30.60000,1.70422,,,,,0.76896,1
028,3061,324.81000,30.61000,1.70549,,,,,0.76888,1
028,3062,324.89700,30.62000,1.70643,,,,,0.76881,1
028,3063,324.99799,30.63000,1.70653,,,,,0.76873,1
028,3064,325.09500,30.64000,1.70709,,,,,0.76866,1
028,3065,325.20300,30.65000,1.70735,,,,,0.76857,1
028,3066,325.29401,30.66000,1.70798,,,,,0.76850,1
028,3067,325.40201,30.67000,1.70880,,,,,0.76841,1
028,3068,325.49701,30.68000,1.70959,,,,,0.76834,1
028,3069,325.59900,30.69000,1.71016,,,,,0.76826,1
028,3070,325.69601,30.70000,1.71057,,,,,0.76818,1
028,3071,325.79199,30.71000,1.71105,,,,,0.76811,1
028,3072,325.89401,30.72000,1.71185,,,,,0.76803,1
028,3073,325.98999,30.73000,1.71210,,,,,0.76795,1
028,3074,326.09601,30.74000,1.71275,,,,,0.76787,1
028,3075,326.19501,30.75000,1.71363,,,,,0.76779,1
028,3076,326.30499,30.76000,1.71477,,,,,0.76771,1
028,3077,326.39001,30.77000,1.71531,,,,,0.76764,1
028,3078,326.49100,30.78000,1.71564,,,,,0.76756,1
028,3079,326.59299,30.79000,1.71645,,,,,0.76748,1
028,3080,326.67801,30.80000,1.71715,,,,,0.76741,1
028,3081,326.78400,30.81000,1.71765,,,,,0.76733,1
028,3082,326.87799,30.82000,1.71836,,,,,0.76726,1
028,3083,326.97699,30.83000,1.71869,,,,,0.76718,1
028,3084,327.07901,30.84000,1.71926,,,,,0.76710,1
028,3085,327.17700,30.85000,1.71983,,,,,0.76702,1
028,3086,327.26999,30.86000,1.72069,,,,,0.76695,1
028,3087,327.37900,30.87000,1.72089,,,,,0.76687,1
028,3088,327.47400,30.88000,1.72105,,,,,0.76679,1
028,3089,327.56799,30.89000,1.72224,,,,,0.76672,1
028,3090,327.67999,30.90000,1.72275,,,,,0.76663,1
028,3091,327.77100,30.91000,1.72314,,,,,0.76656,1
028,3092,327.88101,30.92000,1.72389,,,,,0.76647,1
028,3093,327.98300,30.93000,1.72469,,,,,0.76639,1
028,3094,328.07599,30.94000,1.72549,,,,,0.76632,1
028,3095,328.17499,30.95000,1.72605,,,,,0.76624,1
028,3096,328.27301,30.96000,1.72677,,,,,0.76617,1
028,3097,328.37601,30.97000,1.72743,,,,,0.76609,1
028,3098,328.47800,30.98000,1.72768,,,,,0.76601,1
028,3099,328.58301,30.99000,1.72811,,,,,0.76593,1
028,3100,328.67599,31.00000,1.72874,,,,,0.76585,1
028,3101,328.76999,31.01000,1.72938,,,,,0.76578,1
028,3102,328.87601,31.02000,1.72980,,,,,0.76570,1
028,3103,328.96500,31.03000,1.73066,,,,,0.76563,1
028,3104,329.06799,31.04000,1.73147,,,,,0.76555,1
028,3105,329.17300,31.05000,1.73213,,,,,0.76547,1
028,3106,329.27399,31.06000,1.73278,,,,,0.76539,1
028,3107,329.37900,31.07000,1.73296,,,,,0.76531,1
028,3108,329.46701,31.08000,1.73336,,,,,0.76524,1
028,3109,329.57599,31.09000,1.73402,,,,,0.76515,1
028,3110,329.66400,31.10000,1.73480,,,,,0.76509,1
028,3111,329.75800,31.11000,1.73544,,,,,0.76501,1
028,3112,329.86200,31.12000,1.73602,,,,,0.76493,1
028,3113,329.95901,31.13000,1.73674,,,,,0.76486,1
028,3114,330.05801,31.14000,1.73699,,,,,0.76478,1
028,3115,330.16400,31.15000,1.73734,,,,,0.76470,1
028,3116,330.26300,31.16000,1.73814,,,,,0.76462,1
028,3117,330.35501,31.17000,1.73862,,,,,0.76455,1
028,3118,330.45801,31.18000,1.73951,,,,,0.76447,1
028,3119,330.56100,31.19000,1.74008,,,,,0.76439,1
028,3120,330.65900,31.20000,1.74065,,,,,0.76431,1
028,3121,330.74701,31.21000,1.74120,,,,,0.76425,1
028,3122,330.85999,31.22000,1.74156,,,,,0.76416,1
028,3123,330.95099,31.23000,1.74227,,,,,0.76409,1
028,3124,331.05301,31.24000,1.74276,,,,,0.76401,1
028,3125,331.14999,31.25000,1.74364,,,,,0.76393,1
028,3126,331.25900,31.26000,1.74423,,,,,0.76385,1
028,3127,331.35001,31.27000,1.74486,,,,,0.76378,1
028,3128,331.44699,31.28000,1.74566,,,,,0.76371,1
028,3129,331.55200,31.29000,1.74656,,,,,0.76362,1
028,3130,331.63800,31.30000,1.74671,,,,,0.76356,1
028,3131,331.74399,31.31000,1.74690,,,,,0.76348,1
028,3132,331.84500,31.32000,1.74716,,,,,0.76340,1
028,3133,331.94699,31.33000,1.74757,,,,,0.76332,1
028,3134,332.04199,31.34000,1.74806,,,,,0.76325,1
028,3135,332.14099,31.35000,1.74894,,,,,0.76317,1
028,3136,332.23999,31.36000,1.75030,,,,,0.76309,1
028,3137,332.33899,31.37000,1.75071,,,,,0.76302,1
028,3138,332.44901,31.38000,1.75098,,,,,0.76293,1
028,3139,332.52600,31.39000,1.75096,,,,,0.76287,1
028,3140,332.63000,31.40000,1.75138,,,,,0.76279,1
028,3141,332.73499,31.41000,1.75259,,,,,0.76271,1
028,3142,332.83301,31.42000,1.75261,,,,,0.76264,1
028,3143,332.92899,31.43000,1.75365,,,,,0.76256,1
028,3144,333.02701,31.44000,1.75398,,,,,0.76249,1
028,3145,333.13501,31.45000,1.75464,,,,,0.76240,1
028,3146,333.23300,31.46000,1.75513,,,,,0.76233,1
028,3147,333.32001,31.47000,1.75536,,,,,0.76226,1
028,3148,333.42001,31.48000,1.75586,,,,,0.76219,1
028,3149,333.53000,31.49000,1.75676,,,,,0.76210,1
028,3150,333.62000,31.50000,1.75755,,,,,0.76203,1
028,3151,333.72198,31.51000,1.75821,,,,,0.76195,1
028,3152,333.82199,31.52000,1.75870,,,,,0.76188,1
028,3153,333.92499,31.53000,1.75865,,,,,0.76180,1
028,3154,334.01099,31.54000,1.75888,,,,,0.76173,1
028,3155,334.12100,31.55000,1.75963,,,,,0.76165,1
028,3156,334.21500,31.56000,1.76050,,,,,0.76158,1
028,3157,334.32300,31.57000,1.76109,,,,,0.76149,1
028,3158,334.42001,31.58000,1.76166,,,,,0.76142,1
028,3159,334.51999,31.59000,1.76215,,,,,0.76134,1
028,3160,334.61499,31.60000,1.76248,,,,,0.76127,1
028,3161,334.71600,31.61000,1.76313,,,,,0.76119,1
028,3162,334.81400,31.62000,1.76386,,,,,0.76112,1
028,3163,334.91501,31.63000,1.76404,,,,,0.76104,1
028,3164,335.01501,31.64000,1.76477,,,,,0.76096,1
028,3165,335.10999,31.65000,1.76517,,,,,0.76089,1
028,3166,335.20999,31.66000,1.76559,,,,,0.76082,1
028,3167,335.29300,31.67000,1.76653,,,,,0.76075,1
028,3168,335.40399,31.68000,1.76665,,,,,0.76067,1
028,3169,335.51700,31.69000,1.76692,,,,,0.76058,1
028,3170,335.61099,31.70000,1.76780,,,,,0.76051,1
028,3171,335.70599,31.71000,1.76845,,,,,0.76044,1
028,3172,335.79700,31.72000,1.76893,,,,,0.76037,1
028,3173,335.91299,31.73000,1.76937,,,,,0.76028,1
028,3174,336.01401,31.74000,1.76939,,,,,0.76020,1
028,3175,336.10901,31.75000,1.76972,,,,,0.76013,1
028,3176,336.19901,31.76000,1.77027,,,,,0.76006,1
028,3177,336.30600,31.77000,1.77070,,,,,0.75998,1
028,3178,336.40100,31.78000,1.77134,,,,,0.75991,1
028,3179,336.49799,31.79000,1.77207,,,,,0.75983,1
028,3180,336.60199,31.80000,1.77265,,,,,0.75975,1
028,3181,336.70099,31.81000,1.77322,,,,,0.75968,1
028,3182,336.80600,31.82000,1.77388,,,,,0.75960,1
028,3183,336.89801,31.83000,1.77460,,,,,0.75953,1
028,3184,337.00201,31.84000,1.77471,,,,,0.75945,1
028,3185,337.11200,31.85000,1.77506,,,,,0.75937,1
028,3186,337.20001,31.86000,1.77546,,,,,0.75930,1
028,3187,337.30801,31.87000,1.77620,,,,,0.75922,1
028,3188,337.40100,31.88000,1.77676,,,,,0.75915,1
028,3189,337.48999,31.89000,1.77708,,,,,0.75908,1
028,3190,337.59698,31.90000,1.77719,,,,,0.75900,1
028,3191,337.68500,31.91000,1.77751,,,,,0.75893,1
028,3192,337.79800,31.92000,1.77795,,,,,0.75885,1
028,3193,337.89301,31.93000,1.77859,,,,,0.75877,1
028,3194,337.98901,31.94000,1.77908,,,,,0.75870,1
028,3195,338.09201,31.95000,1.77958,,,,,0.75862,1
028,3196,338.18600,31.96000,1.78014,,,,,0.75855,1
028,3197,338.28299,31.97000,1.78047,,,,,0.75848,1
028,3198,338.38400,31.98000,1.78097,,,,,0.75840,1
028,3199,338.48700,31.99000,1.78099,,,,,0.75832,1
028,3200,338.57999,32.00000,1.78156,,,,,0.75825,1
028,3201,338.68399,32.01000,1.78198,,,,,0.75818,1
028,3202,338.78299,32.02000,1.78247,,,,,0.75810,1
028,3203,338.87799,32.03000,1.78296,,,,,0.75803,1
028,3204,338.96701,32.04000,1.78383,,,,,0.75796,1
028,3205,339.07101,32.05000,1.78481,,,,,0.75788,1
028,3206,339.17499,32.06000,1.78476,,,,,0.75780,1
028,3207,339.27200,32.07000,1.78509,,,,,0.75773,1
028,3208,339.36600,32.08000,1.78550,,,,,0.75766,1
028,3209,339.46799,32.09000,1.78639,,,,,0.75758,1
028,3210,339.57300,32.10000,1.78658,,,,,0.75750,1
028,3211,339.67200,32.11000,1.78707,,,,,0.75743,1
028,3212,339.76901,32.12000,1.78772,,,,,0.75736,1
028,3213,339.86801,32.13000,1.78782,,,,,0.75728,1
028,3214,339.97501,32.14000,1.78777,,,,,0.75720,1
028,3215,340.06601,32.15000,1.78793,,,,,0.75713,1
028,3216,340.16800,32.16000,1.78859,,,,,0.75706,1
028,3217,340.27100,32.17000,1.78901,,,,,0.75698,1
028,3218,340.36301,32.18000,1.78965,,,,,0.75691,1
028,3219,340.46399,32.19000,1.78991,,,,,0.75683,1
028,3220,340.56000,32.20000,1.79040,,,,,0.75676,1
028,3221,340.65799,32.21000,1.79081,,,,,0.75669,1
028,3222,340.76199,32.22000,1.79124,,,,,0.75661,1
028,3223,340.85800,32.23000,1.79181,,,,,0.75654,1
028,3224,340.96799,32.24000,1.79248,,,,,0.75645,1
028,3225,341.05600,32.25000,1.79319,,,,,0.75639,1
028,3226,341.15601,32.26000,1.79337,,,,,0.75631,1
028,3227,341.24600,32.27000,1.79329,,,,,0.75625,1
028,3228,341.35901,32.28000,1.79349,,,,,0.75616,1
028,3229,341.45401,32.29000,1.79414,,,,,0.75609,1
028,3230,341.55301,32.30000,1.79448,,,,,0.75602,1
028,3231,341.66000,32.31000,1.79491,,,,,0.75593,1
028,3232,341.74899,32.32000,1.79546,,,,,0.75587,1
028,3233,341.85501,32.33000,1.79605,,,,,0.75579,1
028,3234,341.94699,32.34000,1.79661,,,,,0.75572,1
028,3235,342.04401,32.35000,1.79670,,,,,0.75565,1
028,3236,342.14499,32.36000,1.79712,,,,,0.75557,1
028,3237,342.25601,32.37000,1.79820,,,,,0.75549,1
028,3238,342.34601,32.38000,1.79852,,,,,0.75542,1
028,3239,342.44699,32.39000,1.79886,,,,,0.75535,1
028,3240,342.55600,32.40000,1.79921,,,,,0.75526,1
028,3241,342.65201,32.41000,1.79938,,,,,0.75519,1
028,3242,342.74200,32.42000,1.79978,,,,,0.75513,1
028,3243,342.84100,32.43000,1.80028,,,,,0.75505,1
028,3244,342.94699,32.44000,1.80070,,,,,0.75497,1
028,3245,343.04001,32.45000,1.80095,,,,,0.75490,1
028,3246,343.14200,32.46000,1.80161,,,,,0.75483,1
028,3247,343.23499,32.47000,1.80177,,,,,0.75476,1
028,3248,343.34500,32.48000,1.80213,,,,,0.75468,1
028,3249,343.43600,32.49000,1.80253,,,,,0.75461,1
028,3250,343.52899,32.50000,1.80294,,,,,0.75454,1
028,3251,343.63300,32.51000,1.80312,,,,,0.75446,1
028,3252,343.73499,32.52000,1.80346,,,,,0.75438,1
028,3253,343.82300,32.53000,1.80402,,,,,0.75432,1
028,3254,343.92801,32.54000,1.80429,,,,,0.75424,1
028,3255,344.02399,32.55000,1.80446,,,,,0.75417,1
028,3256,344.13000,32.56000,1.80464,,,,,0.75409,1
028,3257,344.22400,32.57000,1.80505,,,,,0.75402,1
028,3258,344.32800,32.58000,1.80524,,,,,0.75394,1
028,3259,344.42801,32.59000,1.80549,,,,,0.75387,1
028,3260,344.52399,32.60000,1.80575,,,,,0.75380,1
028,3261,344.62100,32.61000,1.80640,,,,,0.75373,1
028,3262,344.72501,32.62000,1.80722,,,,,0.75365,1
028,3263,344.82700,32.63000,1.80716,,,,,0.75357,1
028,3264,344.92499,32.64000,1.80718,,,,,0.75350,1
028,3265,345.01300,32.65000,1.80749,,,,,0.75343,1
028,3266,345.12500,32.66000,1.80769,,,,,0.75335,1
028,3267,345.21799,32.67000,1.80858,,,,,0.75328,1
028,3268,345.32101,32.68000,1.80900,,,,,0.75321,1
028,3269,345.41800,32.69000,1.80917,,,,,0.75313,1
028,3270,345.52499,32.70000,1.80929,,,,,0.75305,1
028,3271,345.61099,32.71000,1.80936,,,,,0.75299,1
028,3272,345.70700,32.72000,1.80977,,,,,0.75292,1
028,3273,345.80600,32.73000,1.81019,,,,,0.75285,1
028,3274,345.90900,32.74000,1.81053,,,,,0.75277,1
028,3275,346.01501,32.75000,1.81064,,,,,0.75269,1
028,3276,346.10999,32.76000,1.81105,,,,,0.75262,1
028,3277,346.21701,32.77000,1.81140,,,,,0.75254,1
028,3278,346.31601,32.78000,1.81149,,,,,0.75247,1
028,3279,346.41299,32.79000,1.81191,,,,,0.75240,1
028,3280,346.50900,32.80000,1.81208,,,,,0.75233,1
028,3281,346.61200,32.81000,1.81258,,,,,0.75225,1
028,3282,346.71301,32.82000,1.81300,,,,,0.75218,1
028,3283,346.81000,32.83000,1.81317,,,,,0.75210,1
028,3284,346.90500,32.84000,1.81358,,,,,0.75203,1
028,3285,347.00900,32.85000,1.81385,,,,,0.75196,1
028,3286,347.09698,32.86000,1.81376,,,,,0.75189,1
028,3287,347.20700,32.87000,1.81396,,,,,0.75181,1
028,3288,347.31100,32.88000,1.81414,,,,,0.75174,1
028,3289,347.41000,32.89000,1.81448,,,,,0.75166,1
028,3290,347.50299,32.90000,1.81505,,,,,0.75159,1
028,3291,347.59601,32.91000,1.81545,,,,,0.75153,1
028,3292,347.70300,32.92000,1.81588,,,,,0.75145,1
028,3293,347.79401,32.93000,1.81588,,,,,0.75138,1
028,3294,347.89999,32.94000,1.81591,,,,,0.75130,1
028,3295,348.00400,32.95000,1.81626,,,,,0.75123,1
028,3296,348.10400,32.96000,1.81635,,,,,0.75115,1
028,3297,348.19601,32.97000,1.81644,,,,,0.75108,1
028,3298,348.28799,32.98000,1.81708,,,,,0.75102,1
028,3299,348.39301,32.99000,1.81783,,,,,0.75094,1
028,3300,348.49100,33.00000,1.81792,,,,,0.75087,1
028,3301,348.58899,33.01000,1.81786,,,,,0.75080,1
028,3302,348.69199,33.02000,1.81828,,,,,0.75072,1
028,3303,348.79800,33.03000,1.81847,,,,,0.75064,1
028,3304,348.88800,33.04000,1.81879,,,,,0.75058,1
028,3305,348.98700,33.05000,1.81953,,,,,0.75050,1
028,3306,349.08499,33.06000,1.81962,,,,,0.75043,1
028,3307,349.18399,33.07000,1.81972,,,,,0.75036,1
028,3308,349.28500,33.08000,1.81990,,,,,0.75028,1
028,3309,349.38300,33.09000,1.82023,,,,,0.75021,1
028,3310,349.48099,33.10000,1.82049,,,,,0.75014,1
028,3311,349.59201,33.11000,1.82076,,,,,0.75006,1
028,3312,349.69199,33.12000,1.82102,,,,,0.74999,1
028,3313,349.78900,33.13000,1.82103,,,,,0.74992,1
028,3314,349.88300,33.14000,1.82120,,,,,0.74985,1
028,3315,349.98199,33.15000,1.82122,,,,,0.74977,1
028,3316,350.07901,33.16000,1.82163,,,,,0.74970,1
028,3317,350.18100,33.17000,1.82205,,,,,0.74963,1
028,3318,350.27301,33.18000,1.82213,,,,,0.74956,1
028,3319,350.36700,33.19000,1.82230,,,,,0.74949,1
028,3320,350.47699,33.20000,1.82274,,,,,0.74941,1
028,3321,350.57599,33.21000,1.82275,,,,,0.74934,1
028,3322,350.66699,33.22000,1.82267,,,,,0.74927,1
028,3323,350.76700,33.23000,1.82277,,,,,0.74920,1
028,3324,350.86899,33.24000,1.82303,,,,,0.74913,1
028,3325,350.96100,33.25000,1.82344,,,,,0.74906,1
028,3326,351.05701,33.26000,1.82385,,,,,0.74899,1
028,3327,351.16199,33.27000,1.82387,,,,,0.74891,1
028,3328,351.25000,33.28000,1.82411,,,,,0.74885,1
028,3329,351.35501,33.29000,1.82438,,,,,0.74877,1
028,3330,351.45200,33.30000,1.82431,,,,,0.74870,1
028,3331,351.55499,33.31000,1.82425,,,,,0.74863,1
028,3332,351.64899,33.32000,1.82433,,,,,0.74856,1
028,3333,351.75800,33.33000,1.82469,,,,,0.74848,1
028,3334,351.85901,33.34000,1.82511,,,,,0.74841,1
028,3335,351.96500,33.35000,1.82530,,,,,0.74833,1
028,3336,352.05801,33.36000,1.82546,,,,,0.74826,1
028,3337,352.15701,33.37000,1.82580,,,,,0.74819,1
028,3338,352.25101,33.38000,1.82580,,,,,0.74812,1
028,3339,352.35699,33.39000,1.82607,,,,,0.74804,1
028,3340,352.46799,33.40000,1.82635,,,,,0.74796,1
028,3341,352.55801,33.41000,1.82651,,,,,0.74790,1
028,3342,352.65601,33.42000,1.82668,,,,,0.74783,1
028,3343,352.75699,33.43000,1.82702,,,,,0.74775,1
028,3344,352.85800,33.44000,1.82744,,,,,0.74768,1
028,3345,352.95300,33.45000,1.82737,,,,,0.74761,1
028,3346,353.04901,33.46000,1.82730,,,,,0.74754,1
028,3347,353.14600,33.47000,1.82779,,,,,0.74747,1
028,3348,353.25201,33.48000,1.82790,,,,,0.74740,1
028,3349,353.35199,33.49000,1.82807,,,,,0.74732,1
028,3350,353.45499,33.50000,1.82842,,,,,0.74725,1
028,3351,353.55200,33.51000,1.82827,,,,,0.74718,1
028,3352,353.64301,33.52000,1.82843,,,,,0.74711,1
028,3353,353.74301,33.53000,1.82844,,,,,0.74704,1
028,3354,353.84500,33.54000,1.82871,,,,,0.74697,1
028,3355,353.94199,33.55000,1.82847,,,,,0.74690,1
028,3356,354.04401,33.56000,1.82817,,,,,0.74682,1
028,3357,354.14200,33.57000,1.82867,,,,,0.74675,1
028,3358,354.23999,33.58000,1.82884,,,,,0.74668,1
028,3359,354.34299,33.59000,1.82910,,,,,0.74661,1
028,3360,354.44101,33.60000,1.82920,,,,,0.74654,1
028,3361,354.54199,33.61000,1.82945,,,,,0.74646,1
028,3362,354.62900,33.62000,1.82945,,,,,0.74640,1
028,3363,354.72699,33.63000,1.82962,,,,,0.74633,1
028,3364,354.83401,33.64000,1.82981,,,,,0.74625,1
028,3365,354.93900,33.65000,1.82999,,,,,0.74618,1
028,3366,355.03500,33.66000,1.83016,,,,,0.74611,1
028,3367,355.12900,33.67000,1.83017,,,,,0.74604,1
028,3368,355.23300,33.68000,1.83035,,,,,0.74597,1
028,3369,355.32800,33.69000,1.83036,,,,,0.74590,1
028,3370,355.43399,33.70000,1.83030,,,,,0.74582,1
028,3371,355.52701,33.71000,1.83047,,,,,0.74575,1
028,3372,355.63199,33.72000,1.83041,,,,,0.74568,1
028,3373,355.72601,33.73000,1.83066,,,,,0.74561,1
028,3374,355.82599,33.74000,1.83083,,,,,0.74554,1
028,3375,355.92001,33.75000,1.83092,,,,,0.74547,1
028,3376,356.02399,33.76000,1.83118,,,,,0.74540,1
028,3377,356.12601,33.77000,1.83144,,,,,0.74532,1
028,3378,356.22699,33.78000,1.83154,,,,,0.74525,1
028,3379,356.32700,33.79000,1.83172,,,,,0.74518,1
028,3380,356.43600,33.80000,1.83191,,,,,0.74510,1
028,3381,356.52499,33.81000,1.83223,,,,,0.74504,1
028,3382,356.62500,33.82000,1.83240,,,,,0.74497,1
028,3383,356.72501,33.83000,1.83242,,,,,0.74489,1
028,3384,356.81601,33.84000,1.83234,,,,,0.74483,1
028,3385,356.91800,33.85000,1.83235,,,,,0.74476,1
028,3386,357.02301,33.86000,1.83262,,,,,0.74468,1
028,3387,357.12201,33.87000,1.83271,,,,,0.74461,1
028,3388,357.21600,33.88000,1.83264,,,,,0.74454,1
028,3389,357.31900,33.89000,1.83266,,,,,0.74447,1
028,3390,357.41199,33.90000,1.83290,,,,,0.74440,1
028,3391,357.51801,33.91000,1.83309,,,,,0.74433,1
028,3392,357.62100,33.92000,1.83262,,,,,0.74425,1
028,3393,357.71100,33.93000,1.83294,,,,,0.74419,1
028,3394,357.81299,33.94000,1.83280,,,,,0.74412,1
028,3395,357.91000,33.95000,1.83321,,,,,0.74405,1
028,3396,358.01599,33.96000,1.83364,,,,,0.74397,1
028,3397,358.09698,33.97000,1.83378,,,,,0.74391,1
028,3398,358.20801,33.98000,1.83365,,,,,0.74384,1
028,3399,358.31000,33.99000,1.83359,,,,,0.74376,1
028,3400,358.40399,34.00000,1.83351,,,,,0.74370,1
028,3401,358.50101,34.01000,1.83376,,,,,0.74363,1
028,3402,358.59500,34.02000,1.83385,,,,,0.74356,1
028,3403,358.70801,34.03000,1.83421,,,,,0.74348,1
028,3404,358.79800,34.04000,1.83437,,,,,0.74341,1
028,3405,358.90500,34.05000,1.83472,,,,,0.74334,1
028,3406,359.00201,34.06000,1.83481,,,,,0.74327,1
028,3407,359.10300,34.07000,1.83506,,,,,0.74320,1
028,3408,359.20300,34.08000,1.83492,,,,,0.74313,1
028,3409,359.30099,34.09000,1.83493,,,,,0.74306,1
028,3410,359.40500,34.10000,1.83527,,,,,0.74298,1
028,3411,359.50000,34.11000,1.83536,,,,,0.74292,1
028,3412,359.60199,34.12000,1.83497,,,,,0.74284,1
028,3413,359.70200,34.13000,1.83458,,,,,0.74277,1
028,3414,359.79599,34.14000,1.83442,,,,,0.74271,1
028,3415,359.89801,34.15000,1.83500,,,,,0.74263,1
028,3416,359.99899,34.16000,1.83510,,,,,0.74256,1
028,3417,360.09500,34.17000,1.83535,,,,,0.74249,1
028,3418,360.19299,34.18000,1.83536,,,,,0.74242,1
028,3419,360.29099,34.19000,1.83545,,,,,0.74235,1
028,3420,360.39999,34.20000,1.83539,,,,,0.74228,1
028,3421,360.48700,34.21000,1.83563,,,,,0.74222,1
028,3422,360.59100,34.22000,1.83581,,,,,0.74214,1
028,3423,360.67999,34.23000,1.83564,,,,,0.74208,1
028,3424,360.79199,34.24000,1.83584,,,,,0.74200,1
028,3425,360.89700,34.25000,1.83610,,,,,0.74193,1
028,3426,360.98199,34.26000,1.83641,,,,,0.74187,1
028,3427,361.08499,34.27000,1.83651,,,,,0.74179,1
028,3428,361.19199,34.28000,1.83646,,,,,0.74172,1
028,3429,361.28299,34.29000,1.83653,,,,,0.74165,1
028,3430,361.37399,34.30000,1.83669,,,,,0.74159,1
028,3431,361.48300,34.31000,1.83632,,,,,0.74151,1
028,3432,361.57199,34.32000,1.83663,,,,,0.74145,1
028,3433,361.67801,34.33000,1.83657,,,,,0.74137,1
028,3434,361.77701,34.34000,1.83634,,,,,0.74130,1
028,3435,361.87601,34.35000,1.83651,,,,,0.74123,1
028,3436,361.97400,34.36000,1.83644,,,,,0.74116,1
028,3437,362.06900,34.37000,1.83653,,,,,0.74110,1
028,3438,362.17499,34.38000,1.83679,,,,,0.74102,1
028,3439,362.27301,34.39000,1.83656,,,,,0.74095,1
028,3440,362.36700,34.40000,1.83632,,,,,0.74089,1
028,3441,362.48001,34.41000,1.83635,,,,,0.74081,1
028,3442,362.57401,34.42000,1.83684,,,,,0.74074,1
028,3443,362.66901,34.43000,1.83701,,,,,0.74068,1
028,3444,362.77200,34.44000,1.83719,,,,,0.74060,1
028,3445,362.86200,34.45000,1.83677,,,,,0.74054,1
028,3446,362.95901,34.46000,1.83743,,,,,0.74047,1
028,3447,363.06000,34.47000,1.83736,,,,,0.74040,1
028,3448,363.17001,34.48000,1.83699,,,,,0.74032,1
028,3449,363.26901,34.49000,1.83765,,,,,0.74025,1
028,3450,363.37100,34.50000,1.83742,,,,,0.74018,1
028,3451,363.46701,34.51000,1.83750,,,,,0.74011,1
028,3452,363.55899,34.52000,1.83758,,,,,0.74005,1
028,3453,363.67401,34.53000,1.83762,,,,,0.73997,1
028,3454,363.76199,34.54000,1.83737,,,,,0.73991,1
028,3455,363.86499,34.55000,1.83706,,,,,0.73984,1
028,3456,363.95901,34.56000,1.83738,,,,,0.73977,1
028,3457,364.05801,34.57000,1.83756,,,,,0.73970,1
028,3458,364.16501,34.58000,1.83790,,,,,0.73963,1
028,3459,364.26199,34.59000,1.83791,,,,,0.73956,1
028,3460,364.36301,34.60000,1.83833,,,,,0.73949,1
028,3461,364.45999,34.61000,1.83842,,,,,0.73942,1
028,3462,364.54901,34.62000,1.83833,,,,,0.73936,1
028,3463,364.66101,34.63000,1.83812,,,,,0.73928,1
028,3464,364.75000,34.64000,1.83819,,,,,0.73922,1
028,3465,364.84601,34.65000,1.83868,,,,,0.73915,1
028,3466,364.95200,34.66000,1.83878,,,,,0.73908,1
028,3467,365.04401,34.67000,1.83894,,,,,0.73901,1
028,3468,365.15399,34.68000,1.83905,,,,,0.73893,1
028,3469,365.24500,34.69000,1.83905,,,,,0.73887,1
028,3470,365.35001,34.70000,1.83915,,,,,0.73880,1
028,3471,365.44199,34.71000,1.83923,,,,,0.73873,1
028,3472,365.54401,34.72000,1.83924,,,,,0.73866,1
028,3473,365.64600,34.73000,1.83909,,,,,0.73859,1
028,3474,365.74799,34.74000,1.83927,,,,,0.73852,1
028,3475,365.84100,34.75000,1.83951,,,,,0.73845,1
028,3476,365.93900,34.76000,1.83952,,,,,0.73839,1
028,3477,366.03799,34.77000,1.83986,,,,,0.73832,1
028,3478,366.13800,34.78000,1.84003,,,,,0.73825,1
028,3479,366.22601,34.79000,1.84010,,,,,0.73819,1
028,3480,366.33600,34.80000,1.84013,,,,,0.73811,1
028,3481,366.43201,34.81000,1.84005,,,,,0.73804,1
028,3482,366.53000,34.82000,1.84055,,,,,0.73798,1
028,3483,366.63400,34.83000,1.84097,,,,,0.73790,1
028,3484,366.73001,34.84000,1.84138,,,,,0.73784,1
028,3485,366.82800,34.85000,1.84114,,,,,0.73777,1
028,3486,366.93600,34.86000,1.84117,,,,,0.73769,1
028,3487,367.03000,34.87000,1.84117,,,,,0.73763,1
028,3488,367.12900,34.88000,1.84126,,,,,0.73756,1
028,3489,367.23199,34.89000,1.84086,,,,,0.73749,1
028,3490,367.32501,34.90000,1.84160,,,,,0.73742,1
028,3491,367.42700,34.91000,1.84202,,,,,0.73735,1
028,3492,367.53000,34.92000,1.84228,,,,,0.73728,1
028,3493,367.62601,34.93000,1.84236,,,,,0.73721,1
028,3494,367.72800,34.94000,1.84238,,,,,0.73714,1
028,3495,367.81500,34.95000,1.84236,,,,,0.73708,1
028,3496,367.92001,34.96000,1.84287,,,,,0.73701,1
028,3497,368.01501,34.97000,1.84255,,,,,0.73695,1
028,3498,368.12100,34.98000,1.84257,,,,,0.73687,1
028,3499,368.21500,34.99000,1.84273,,,,,0.73681,1
028,3500,368.31299,35.00000,1.84282,,,,,0.73674,1
028,3501,368.42001,35.01000,1.84325,,,,,0.73667,1
028,3502,368.52100,35.02000,1.84334,,,,,0.73660,1
028,3503,368.61801,35.03000,1.84351,,,,,0.73653,1
028,3504,368.72198,35.04000,1.84361,,,,,0.73646,1
028,3505,368.81900,35.05000,1.84377,,,,,0.73639,1
028,3506,368.91199,35.06000,1.84377,,,,,0.73633,1
028,3507,369.00299,35.07000,1.84360,,,,,0.73626,1
028,3508,369.12000,35.08000,1.84388,,,,,0.73618,1
028,3509,369.20401,35.09000,1.84436,,,,,0.73612,1
028,3510,369.31000,35.10000,1.84470,,,,,0.73605,1
028,3511,369.40399,35.11000,1.84462,,,,,0.73599,1
028,3512,369.50601,35.12000,1.84439,,,,,0.73592,1
028,3513,369.60300,35.13000,1.84521,,,,,0.73585,1
028,3514,369.70200,35.14000,1.84522,,,,,0.73578,1
028,3515,369.80801,35.15000,1.84491,,,,,0.73571,1
028,3516,369.90302,35.16000,1.84475,,,,,0.73564,1
028,3517,369.99899,35.17000,1.84516,,,,,0.73558,1
028,3518,370.10699,35.18000,1.84559,,,,,0.73550,1
028,3519,370.19901,35.19000,1.84575,,,,,0.73544,1
028,3520,370.30301,35.20000,1.84552,,,,,0.73537,1
028,3521,370.39999,35.21000,1.84560,,,,,0.73530,1
028,3522,370.50000,35.22000,1.84578,,,,,0.73523,1
028,3523,370.59698,35.23000,1.84586,,,,,0.73517,1
028,3524,370.70200,35.24000,1.84621,,,,,0.73509,1
028,3525,370.80600,35.25000,1.84647,,,,,0.73502,1
028,3526,370.90399,35.26000,1.84655,,,,,0.73495,1
028,3527,371.00400,35.27000,1.84681,,,,,0.73489,1
028,3528,371.09900,35.28000,1.84714,,,,,0.73482,1
028,3529,371.20001,35.29000,1.84739,,,,,0.73475,1
028,3530,371.30301,35.30000,1.84749,,,,,0.73468,1
028,3531,371.39801,35.31000,1.84773,,,,,0.73462,1
028,3532,371.49200,35.32000,1.84781,,,,,0.73455,1
028,3533,371.59500,35.33000,1.84815,,,,,0.73448,1
028,3534,371.69299,35.34000,1.84849,,,,,0.73441,1
028,3535,371.79001,35.35000,1.84874,,,,,0.73435,1
028,3536,371.88400,35.36000,1.84873,,,,,0.73428,1
028,3537,371.98599,35.37000,1.84899,,,,,0.73421,1
028,3538,372.09000,35.38000,1.84925,,,,,0.73414,1
028,3539,372.18799,35.39000,1.84926,,,,,0.73408,1
028,3540,372.29599,35.40000,1.84936,,,,,0.73400,1
028,3541,372.39200,35.41000,1.84928,,,,,0.73394,1
028,3542,372.49301,35.42000,1.84929,,,,,0.73387,1
028,3543,372.58200,35.43000,1.84944,,,,,0.73381,1
028,3544,372.68399,35.44000,1.84978,,,,,0.73374,1
028,3545,372.78101,35.45000,1.84987,,,,,0.73367,1
028,3546,372.88300,35.46000,1.85012,,,,,0.73360,1
028,3547,372.98801,35.47000,1.85006,,,,,0.73353,1
028,3548,373.08401,35.48000,1.84990,,,,,0.73346,1
028,3549,373.18201,35.49000,1.85023,,,,,0.73340,1
028,3550,373.28101,35.50000,1.85032,,,,,0.73333,1
028,3551,373.38101,35.51000,1.85057,,,,,0.73326,1
028,3552,373.48099,35.52000,1.85050,,,,,0.73319,1
028,3553,373.57800,35.53000,1.85083,,,,,0.73313,1
028,3554,373.67801,35.54000,1.85133,,,,,0.73306,1
028,3555,373.77701,35.55000,1.85125,,,,,0.73299,1
028,3556,373.87399,35.56000,1.85125,,,,,0.73293,1
028,3557,373.98099,35.57000,1.85176,,,,,0.73285,1
028,3558,374.07999,35.58000,1.85193,,,,,0.73279,1
028,3559,374.16800,35.59000,1.85225,,,,,0.73273,1
028,3560,374.27499,35.60000,1.85235,,,,,0.73265,1
028,3561,374.37299,35.61000,1.85244,,,,,0.73259,1
028,3562,374.46899,35.62000,1.85244,,,,,0.73252,1
028,3563,374.57101,35.63000,1.85269,,,,,0.73245,1
028,3564,374.67300,35.64000,1.85279,,,,,0.73238,1
028,3565,374.76801,35.65000,1.85287,,,,,0.73232,1
028,3566,374.87399,35.66000,1.85313,,,,,0.73225,1
028,3567,374.97400,35.67000,1.85339,,,,,0.73218,1
028,3568,375.05899,35.68000,1.85353,,,,,0.73212,1
028,3569,375.17899,35.69000,1.85382,,,,,0.73204,1
028,3570,375.27100,35.70000,1.85389,,,,,0.73198,1
028,3571,375.37201,35.71000,1.85390,,,,,0.73191,1
028,3572,375.47400,35.72000,1.85424,,,,,0.73184,1
028,3573,375.56100,35.73000,1.85423,,,,,0.73178,1
028,3574,375.65799,35.74000,1.85415,,,,,0.73172,1
028,3575,375.76801,35.75000,1.85434,,,,,0.73164,1
028,3576,375.86301,35.76000,1.85442,,,,,0.73158,1
028,3577,375.96701,35.77000,1.85451,,,,,0.73151,1
028,3578,376.05200,35.78000,1.85499,,,,,0.73145,1
028,3579,376.15701,35.79000,1.85525,,,,,0.73138,1
028,3580,376.26099,35.80000,1.85493,,,,,0.73131,1
028,3581,376.35800,35.81000,1.85502,,,,,0.73124,1
028,3582,376.44901,35.82000,1.85492,,,,,0.73118,1
028,3583,376.55399,35.83000,1.85535,,,,,0.73111,1
028,3584,376.65500,35.84000,1.85569,,,,,0.73104,1
028,3585,376.75800,35.85000,1.85578,,,,,0.73098,1
028,3586,376.85599,35.86000,1.85628,,,,,0.73091,1
028,3587,376.94901,35.87000,1.85603,,,,,0.73085,1
028,3588,377.05200,35.88000,1.85604,,,,,0.73078,1
028,3589,377.15601,35.89000,1.85630,,,,,0.73071,1
028,3590,377.25201,35.90000,1.85654,,,,,0.73064,1
028,3591,377.35800,35.91000,1.85681,,,,,0.73057,1
028,3592,377.45099,35.92000,1.85688,,,,,0.73051,1
028,3593,377.55099,35.93000,1.85681,,,,,0.73044,1
028,3594,377.64999,35.94000,1.85698,,,,,0.73038,1
028,3595,377.74500,35.95000,1.85730,,,,,0.73031,1
028,3596,377.84799,35.96000,1.85715,,,,,0.73024,1
028,3597,377.94400,35.97000,1.85748,,,,,0.73018,1
028,3598,378.04099,35.98000,1.85781,,,,,0.73011,1
028,3599,378.14301,35.99000,1.85831,,,,,0.73004,1
028,3600,378.24301,36.00000,1.85840,,,,,0.72998,1
028,3601,378.34900,36.01000,1.85842,,,,,0.72991,1
028,3602,378.44501,36.02000,1.85858,,,,,0.72984,1
028,3603,378.54599,36.03000,1.85851,,,,,0.72977,1
028,3604,378.64899,36.04000,1.85868,,,,,0.72971,1
028,3605,378.74200,36.05000,1.85876,,,,,0.72964,1
028,3606,378.83899,36.06000,1.85892,,,,,0.72958,1
028,3607,378.94800,36.07000,1.85919,,,,,0.72951,1
028,3608,379.04901,36.08000,1.85895,,,,,0.72944,1
028,3609,379.13599,36.09000,1.85910,,,,,0.72938,1
028,3610,379.23599,36.10000,1.85927,,,,,0.72931,1
028,3611,379.33899,36.11000,1.85969,,,,,0.72924,1
028,3612,379.43600,36.12000,1.85994,,,,,0.72918,1
028,3613,379.53699,36.13000,1.86011,,,,,0.72911,1
028,3614,379.63901,36.14000,1.86012,,,,,0.72904,1
028,3615,379.73401,36.15000,1.86028,,,,,0.72898,1
028,3616,379.84000,36.16000,1.86055,,,,,0.72891,1
028,3617,379.93900,36.17000,1.86063,,,,,0.72884,1
028,3618,380.02600,36.18000,1.86078,,,,,0.72878,1
028,3619,380.13400,36.19000,1.86105,,,,,0.72871,1
028,3620,380.23300,36.20000,1.86138,,,,,0.72865,1
028,3621,380.32599,36.21000,1.86171,,,,,0.72858,1
028,3622,380.42801,36.22000,1.86188,,,,,0.72852,1
028,3623,380.53601,36.23000,1.86215,,,,,0.72845,1
028,3624,380.62500,36.24000,1.86213,,,,,0.72839,1
028,3625,380.71799,36.25000,1.86254,,,,,0.72832,1
028,3626,380.82800,36.26000,1.86273,,,,,0.72825,1
028,3627,380.92300,36.27000,1.86305,,,,,0.72819,1
028,3628,381.01001,36.28000,1.86304,,,,,0.72813,1
028,3629,381.12399,36.29000,1.86323,,,,,0.72805,1
028,3630,381.22101,36.30000,1.86356,,,,,0.72799,1
028,3631,381.31100,36.31000,1.86355,,,,,0.72793,1
028,3632,381.42700,36.32000,1.86341,,,,,0.72785,1
028,3633,381.52399,36.33000,1.86407,,,,,0.72779,1
028,3634,381.61301,36.34000,1.86439,,,,,0.72773,1
028,3635,381.72800,36.35000,1.86450,,,,,0.72765,1
028,3636,381.81299,36.36000,1.86481,,,,,0.72760,1
028,3637,381.91699,36.37000,1.86499,,,,,0.72753,1
028,3638,382.02200,36.38000,1.86484,,,,,0.72746,1
028,3639,382.11099,36.39000,1.86474,,,,,0.72740,1
028,3640,382.21899,36.40000,1.86526,,,,,0.72733,1
028,3641,382.30499,36.41000,1.86565,,,,,0.72727,1
028,3642,382.39999,36.42000,1.86589,,,,,0.72721,1
028,3643,382.50601,36.43000,1.86566,,,,,0.72714,1
028,3644,382.60800,36.44000,1.86567,,,,,0.72707,1
028,3645,382.70599,36.45000,1.86592,,,,,0.72701,1
028,3646,382.79800,36.46000,1.86649,,,,,0.72694,1
028,3647,382.90601,36.47000,1.86684,,,,,0.72687,1
028,3648,382.99899,36.48000,1.86683,,,,,0.72681,1
028,3649,383.09299,36.49000,1.86682,,,,,0.72675,1
028,3650,383.20001,36.50000,1.86709,,,,,0.72668,1
028,3651,383.30099,36.51000,1.86718,,,,,0.72661,1
028,3652,383.39001,36.52000,1.86733,,,,,0.72655,1
028,3653,383.50299,36.53000,1.86777,,,,,0.72648,1
028,3654,383.60199,36.54000,1.86769,,,,,0.72641,1
028,3655,383.69199,36.55000,1.86809,,,,,0.72635,1
028,3656,383.79800,36.56000,1.86843,,,,,0.72628,1
028,3657,383.89700,36.57000,1.86877,,,,,0.72622,1
028,3658,383.99500,36.58000,1.86868,,,,,0.72615,1
028,3659,384.10599,36.59000,1.86879,,,,,0.72608,1
028,3660,384.20499,36.60000,1.86879,,,,,0.72602,1
028,3661,384.29700,36.61000,1.86903,,,,,0.72596,1
028,3662,384.38501,36.62000,1.86934,,,,,0.72590,1
028,3663,384.48999,36.63000,1.86927,,,,,0.72583,1
028,3664,384.59698,36.64000,1.86946,,,,,0.72576,1
028,3665,384.68900,36.65000,1.87003,,,,,0.72570,1
028,3666,384.79401,36.66000,1.87029,,,,,0.72563,1
028,3667,384.89301,36.67000,1.87054,,,,,0.72556,1
028,3668,384.99799,36.68000,1.87080,,,,,0.72549,1
028,3669,385.09500,36.69000,1.87071,,,,,0.72543,1
028,3670,385.19199,36.70000,1.87088,,,,,0.72537,1
028,3671,385.29401,36.71000,1.87097,,,,,0.72530,1
028,3672,385.39099,36.72000,1.87146,,,,,0.72524,1
028,3673,385.47800,36.73000,1.87178,,,,,0.72518,1
028,3674,385.59201,36.74000,1.87180,,,,,0.72510,1
028,3675,385.69000,36.75000,1.87214,,,,,0.72504,1
028,3676,385.77802,36.76000,1.87220,,,,,0.72498,1
028,3677,385.88501,36.77000,1.87205,,,,,0.72491,1
028,3678,385.98901,36.78000,1.87223,,,,,0.72484,1
028,3679,386.08099,36.79000,1.87288,,,,,0.72478,1
028,3680,386.18799,36.80000,1.87323,,,,,0.72471,1
028,3681,386.27600,36.81000,1.87362,,,,,0.72466,1
028,3682,386.37601,36.82000,1.87421,,,,,0.72459,1
028,3683,386.49200,36.83000,1.87416,,,,,0.72452,1
028,3684,386.58600,36.84000,1.87423,,,,,0.72445,1
028,3685,386.67700,36.85000,1.87455,,,,,0.72439,1
028,3686,386.78201,36.86000,1.87481,,,,,0.72433,1
028,3687,386.87900,36.87000,1.87506,,,,,0.72426,1
028,3688,386.98001,36.88000,1.87531,,,,,0.72420,1
028,3689,387.07800,36.89000,1.87523,,,,,0.72413,1
028,3690,387.17300,36.90000,1.87547,,,,,0.72407,1
028,3691,387.27600,36.91000,1.87556,,,,,0.72400,1
028,3692,387.37500,36.92000,1.87581,,,,,0.72394,1
028,3693,387.48499,36.93000,1.87575,,,,,0.72387,1
028,3694,387.57101,36.94000,1.87598,,,,,0.72381,1
028,3695,387.67499,36.95000,1.87616,,,,,0.72374,1
028,3696,387.77100,36.96000,1.87648,,,,,0.72368,1
028,3697,387.87299,36.97000,1.87674,,,,,0.72361,1
028,3698,387.96799,36.98000,1.87723,,,,,0.72355,1
028,3699,388.06799,36.99000,1.87790,,,,,0.72349,1
028,3700,388.17599,37.00000,1.87775,,,,,0.72342,1
028,3701,388.27499,37.01000,1.87783,,,,,0.72335,1
028,3702,388.36499,37.02000,1.87782,,,,,0.72329,1
028,3703,388.47601,37.03000,1.87801,,,,,0.72322,1
028,3704,388.57599,37.04000,1.87851,,,,,0.72316,1
028,3705,388.66000,37.05000,1.87873,,,,,0.72310,1
028,3706,388.75699,37.06000,1.87881,,,,,0.72304,1
028,3707,388.86099,37.07000,1.87899,,,,,0.72297,1
028,3708,388.96500,37.08000,1.87916,,,,,0.72291,1
028,3709,389.05499,37.09000,1.87923,,,,,0.72285,1
028,3710,389.15701,37.10000,1.87974,,,,,0.72278,1
028,3711,389.25101,37.11000,1.87990,,,,,0.72272,1
028,3712,389.36301,37.12000,1.88008,,,,,0.72265,1
028,3713,389.45999,37.13000,1.88025,,,,,0.72258,1
028,3714,389.54800,37.14000,1.88015,,,,,0.72253,1
028,3715,389.66101,37.15000,1.88034,,,,,0.72245,1
028,3716,389.75900,37.16000,1.88050,,,,,0.72239,1
028,3717,389.85501,37.17000,1.88058,,,,,0.72233,1
028,3718,389.95300,37.18000,1.88141,,,,,0.72227,1
028,3719,390.04901,37.19000,1.88174,,,,,0.72220,1
028,3720,390.15399,37.20000,1.88183,,,,,0.72214,1
028,3721,390.25500,37.21000,1.88209,,,,,0.72207,1
028,3722,390.34900,37.22000,1.88241,,,,,0.72201,1
028,3723,390.45001,37.23000,1.88292,,,,,0.72194,1
028,3724,390.55701,37.24000,1.88335,,,,,0.72188,1
028,3725,390.64801,37.25000,1.88375,,,,,0.72182,1
028,3726,390.74399,37.26000,1.88400,,,,,0.72175,1
028,3727,390.84201,37.27000,1.88416,,,,,0.72169,1
028,3728,390.93799,37.28000,1.88424,,,,,0.72163,1
028,3729,391.04501,37.29000,1.88442,,,,,0.72156,1
028,3730,391.14700,37.30000,1.88476,,,,,0.72149,1
028,3731,391.24399,37.31000,1.88492,,,,,0.72143,1
028,3732,391.34799,37.32000,1.88501,,,,,0.72137,1
028,3733,391.43900,37.33000,1.88533,,,,,0.72131,1
028,3734,391.53799,37.34000,1.88516,,,,,0.72124,1
028,3735,391.64200,37.35000,1.88567,,,,,0.72118,1
028,3736,391.73901,37.36000,1.88575,,,,,0.72111,1
028,3737,391.83401,37.37000,1.88591,,,,,0.72105,1
028,3738,391.93701,37.38000,1.88625,,,,,0.72099,1
028,3739,392.03799,37.39000,1.88651,,,,,0.72092,1
028,3740,392.13000,37.40000,1.88674,,,,,0.72086,1
028,3741,392.23099,37.41000,1.88675,,,,,0.72080,1
028,3742,392.33499,37.42000,1.88709,,,,,0.72073,1
028,3743,392.44199,37.43000,1.88760,,,,,0.72066,1
028,3744,392.52802,37.44000,1.88783,,,,,0.72061,1
028,3745,392.62701,37.45000,1.88833,,,,,0.72054,1
028,3746,392.73001,37.46000,1.88884,,,,,0.72048,1
028,3747,392.82999,37.47000,1.88909,,,,,0.72041,1
028,3748,392.92401,37.48000,1.88942,,,,,0.72035,1
028,3749,393.02100,37.49000,1.88958,,,,,0.72029,1
028,3750,393.13400,37.50000,1.88994,,,,,0.72022,1
028,3751,393.23599,37.51000,1.89044,,,,,0.72015,1
028,3752,393.32901,37.52000,1.89051,,,,,0.72009,1
028,3753,393.42499,37.53000,1.89093,,,,,0.72003,1
028,3754,393.53699,37.54000,1.89095,,,,,0.71996,1
028,3755,393.62701,37.55000,1.89085,,,,,0.71990,1
028,3756,393.72101,37.56000,1.89117,,,,,0.71984,1
028,3757,393.81100,37.57000,1.89124,,,,,0.71979,1
028,3758,393.91299,37.58000,1.89200,,,,,0.71972,1
028,3759,394.01300,37.59000,1.89191,,,,,0.71966,1
028,3760,394.12500,37.60000,1.89227,,,,,0.71958,1
028,3761,394.20700,37.61000,1.89291,,,,,0.71953,1
028,3762,394.32401,37.62000,1.89319,,,,,0.71946,1
028,3763,394.42200,37.63000,1.89310,,,,,0.71940,1
028,3764,394.52301,37.64000,1.89310,,,,,0.71933,1
028,3765,394.61099,37.65000,1.89342,,,,,0.71927,1
028,3766,394.72000,37.66000,1.89385,,,,,0.71921,1
028,3767,394.80899,37.67000,1.89417,,,,,0.71915,1
028,3768,394.91199,37.68000,1.89468,,,,,0.71908,1
028,3769,395.01901,37.69000,1.89511,,,,,0.71902,1
028,3770,395.11801,37.70000,1.89536,,,,,0.71895,1
028,3771,395.21500,37.71000,1.89586,,,,,0.71889,1
028,3772,395.31299,37.72000,1.89594,,,,,0.71883,1
028,3773,395.40701,37.73000,1.89609,,,,,0.71877,1
028,3774,395.51501,37.74000,1.89644,,,,,0.71870,1
028,3775,395.61200,37.75000,1.89669,,,,,0.71864,1
028,3776,395.70901,37.76000,1.89727,,,,,0.71858,1
028,3777,395.80399,37.77000,1.89735,,,,,0.71852,1
028,3778,395.90500,37.78000,1.89735,,,,,0.71845,1
028,3779,396.00699,37.79000,1.89760,,,,,0.71839,1
028,3780,396.10800,37.80000,1.89878,,,,,0.71832,1
028,3781,396.20401,37.81000,1.89886,,,,,0.71826,1
028,3782,396.29800,37.82000,1.89893,,,,,0.71820,1
028,3783,396.40100,37.83000,1.89927,,,,,0.71814,1
028,3784,396.49899,37.84000,1.89969,,,,,0.71807,1
028,3785,396.60300,37.85000,1.89994,,,,,0.71801,1
028,3786,396.70300,37.86000,1.90020,,,,,0.71795,1
028,3787,396.80301,37.87000,1.90036,,,,,0.71788,1
028,3788,396.89899,37.88000,1.90052,,,,,0.71782,1
028,3789,396.99799,37.89000,1.90119,,,,,0.71776,1
028,3790,397.10999,37.90000,1.90172,,,,,0.71769,1
028,3791,397.19400,37.91000,1.90202,,,,,0.71764,1
028,3792,397.29999,37.92000,1.90195,,,,,0.71757,1
028,3793,397.39801,37.93000,1.90220,,,,,0.71751,1
028,3794,397.49200,37.94000,1.90227,,,,,0.71745,1
028,3795,397.58499,37.95000,1.90268,,,,,0.71739,1
028,3796,397.69199,37.96000,1.90286,,,,,0.71732,1
028,3797,397.79199,37.97000,1.90311,,,,,0.71726,1
028,3798,397.89099,37.98000,1.90328,,,,,0.71719,1
028,3799,397.98901,37.99000,1.90369,,,,,0.71713,1
028,3800,398.08701,38.00000,1.90428,,,,,0.71707,1
028,3801,398.19601,38.01000,1.90471,,,,,0.71700,1
028,3802,398.28000,38.02000,1.90502,,,,,0.71695,1
028,3803,398.38400,38.03000,1.90561,,,,,0.71688,1
028,3804,398.48099,38.04000,1.90569,,,,,0.71682,1
028,3805,398.58600,38.05000,1.90595,,,,,0.71676,1
028,3806,398.70001,38.06000,1.90631,,,,,0.71668,1
028,3807,398.78900,38.07000,1.90688,,,,,0.71663,1
028,3808,398.89099,38.08000,1.90722,,,,,0.71656,1
028,3809,398.99100,38.09000,1.90747,,,,,0.71650,1
028,3810,399.09201,38.10000,1.90764,,,,,0.71644,1
028,3811,399.18100,38.11000,1.90804,,,,,0.71638,1
028,3812,399.29099,38.12000,1.90822,,,,,0.71631,1
028,3813,399.38800,38.13000,1.90830,,,,,0.71625,1
028,3814,399.48300,38.14000,1.90854,,,,,0.71619,1
028,3815,399.58200,38.15000,1.90888,,,,,0.71613,1
028,3816,399.68201,38.16000,1.90930,,,,,0.71607,1
028,3817,399.77399,38.17000,1.90979,,,,,0.71601,1
028,3818,399.87500,38.18000,1.90996,,,,,0.71595,1
028,3819,399.97699,38.19000,1.91030,,,,,0.71588,1
028,3820,400.08701,38.20000,1.91031,,,,,0.71581,1
028,3821,400.17499,38.21000,1.91080,,,,,0.71576,1
028,3822,400.27200,38.22000,1.91104,,,,,0.71570,1
028,3823,400.36600,38.23000,1.91120,,,,,0.71564,1
028,3824,400.47501,38.24000,1.91197,,,,,0.71557,1
028,3825,400.57199,38.25000,1.91222,,,,,0.71551,1
028,3826,400.67300,38.26000,1.91247,,,,,0.71545,1
028,3827,400.77100,38.27000,1.91255,,,,,0.71539,1
028,3828,400.87201,38.28000,1.91314,,,,,0.71532,1
028,3829,400.97699,38.29000,1.91340,,,,,0.71526,1
028,3830,401.08099,38.30000,1.91374,,,,,0.71519,1
028,3831,401.16599,38.31000,1.91430,,,,,0.71514,1
028,3832,401.26901,38.32000,1.91448,,,,,0.71507,1
028,3833,401.38101,38.33000,1.91458,,,,,0.71500,1
028,3834,401.46100,38.34000,1.91480,,,,,0.71495,1
028,3835,401.57001,38.35000,1.91523,,,,,0.71489,1
028,3836,401.66599,38.36000,1.91632,,,,,0.71483,1
028,3837,401.76401,38.37000,1.91648,,,,,0.71477,1
028,3838,401.86801,38.38000,1.91682,,,,,0.71470,1
028,3839,401.96799,38.39000,1.91691,,,,,0.71464,1
028,3840,402.06299,38.40000,1.91707,,,,,0.71458,1
028,3841,402.16199,38.41000,1.91740,,,,,0.71452,1
028,3842,402.25800,38.42000,1.91756,,,,,0.71446,1
028,3843,402.35699,38.43000,1.91781,,,,,0.71440,1
028,3844,402.46100,38.44000,1.91849,,,,,0.71433,1
028,3845,402.55899,38.45000,1.91933,,,,,0.71427,1
028,3846,402.66501,38.46000,1.91934,,,,,0.71420,1
028,3847,402.75800,38.47000,1.91966,,,,,0.71415,1
028,3848,402.86200,38.48000,1.92017,,,,,0.71408,1
028,3849,402.95801,38.49000,1.92050,,,,,0.71402,1
028,3850,403.06299,38.50000,1.92076,,,,,0.71396,1
028,3851,403.14899,38.51000,1.92099,,,,,0.71390,1
028,3852,403.25400,38.52000,1.92125,,,,,0.71384,1
028,3853,403.34900,38.53000,1.92149,,,,,0.71378,1
028,3854,403.45300,38.54000,1.92200,,,,,0.71372,1
028,3855,403.55701,38.55000,1.92234,,,,,0.71365,1
028,3856,403.65100,38.56000,1.92275,,,,,0.71359,1
028,3857,403.75000,38.57000,1.92317,,,,,0.71353,1
028,3858,403.84799,38.58000,1.92376,,,,,0.71347,1
028,3859,403.95401,38.59000,1.92419,,,,,0.71340,1
028,3860,404.04999,38.60000,1.92469,,,,,0.71335,1
028,3861,404.15399,38.61000,1.92528,,,,,0.71328,1
028,3862,404.24899,38.62000,1.92527,,,,,0.71322,1
028,3863,404.33801,38.63000,1.92567,,,,,0.71317,1
028,3864,404.43701,38.64000,1.92575,,,,,0.71311,1
028,3865,404.54901,38.65000,1.92603,,,,,0.71304,1
028,3866,404.63199,38.66000,1.92642,,,,,0.71299,1
028,3867,404.74301,38.67000,1.92677,,,,,0.71292,1
028,3868,404.84201,38.68000,1.92694,,,,,0.71286,1
028,3869,404.93399,38.69000,1.92734,,,,,0.71280,1
028,3870,405.03699,38.70000,1.92794,,,,,0.71274,1
028,3871,405.13699,38.71000,1.92853,,,,,0.71267,1
028,3872,405.23801,38.72000,1.92878,,,,,0.71261,1
028,3873,405.33499,38.73000,1.92894,,,,,0.71255,1
028,3874,405.44400,38.74000,1.92946,,,,,0.71248,1
028,3875,405.53101,38.75000,1.92986,,,,,0.71243,1
028,3876,405.63501,38.76000,1.93020,,,,,0.71237,1
028,3877,405.73599,38.77000,1.93054,,,,,0.71230,1
028,3878,405.83200,38.78000,1.93129,,,,,0.71225,1
028,3879,405.93600,38.79000,1.93206,,,,,0.71218,1
028,3880,406.04199,38.80000,1.93232,,,,,0.71212,1
028,3881,406.13501,38.81000,1.93248,,,,,0.71206,1
028,3882,406.23801,38.82000,1.93273,,,,,0.71200,1
028,3883,406.33499,38.83000,1.93289,,,,,0.71194,1
028,3884,406.43301,38.84000,1.93289,,,,,0.71188,1
028,3885,406.52802,38.85000,1.93364,,,,,0.71182,1
028,3886,406.63000,38.86000,1.93398,,,,,0.71175,1
028,3887,406.73401,38.87000,1.93441,,,,,0.71169,1
028,3888,406.83801,38.88000,1.93492,,,,,0.71163,1
028,3889,406.93600,38.89000,1.93517,,,,,0.71157,1
028,3890,407.03299,38.90000,1.93524,,,,,0.71151,1
028,3891,407.12799,38.91000,1.93532,,,,,0.71145,1
028,3892,407.24200,38.92000,1.93635,,,,,0.71138,1
028,3893,407.33899,38.93000,1.93702,,,,,0.71132,1
028,3894,407.43201,38.94000,1.93735,,,,,0.71126,1
028,3895,407.53900,38.95000,1.93761,,,,,0.71120,1
028,3896,407.62601,38.96000,1.93776,,,,,0.71114,1
028,3897,407.72900,38.97000,1.93793,,,,,0.71108,1
028,3898,407.83200,38.98000,1.93810,,,,,0.71102,1
028,3899,407.92599,38.99000,1.93843,,,,,0.71096,1
028,3900,408.02301,39.00000,1.93910,,,,,0.71090,1
028,3901,408.12601,39.01000,1.93910,,,,,0.71084,1
028,3902,408.21899,39.02000,1.94010,,,,,0.71078,1
028,3903,408.32001,39.03000,1.94069,,,,,0.71072,1
028,3904,408.42401,39.04000,1.94095,,,,,0.71066,1
028,3905,408.52301,39.05000,1.94120,,,,,0.71060,1
028,3906,408.61801,39.06000,1.94161,,,,,0.71054,1
028,3907,408.71799,39.07000,1.94246,,,,,0.71048,1
028,3908,408.81400,39.08000,1.94236,,,,,0.71042,1
028,3909,408.91901,39.09000,1.94271,,,,,0.71035,1
028,3910,409.01700,39.10000,1.94329,,,,,0.71029,1
028,3911,409.11700,39.11000,1.94397,,,,,0.71023,1
028,3912,409.20599,39.12000,1.94429,,,,,0.71018,1
028,3913,409.31201,39.13000,1.94497,,,,,0.71011,1
028,3914,409.41199,39.14000,1.94539,,,,,0.71005,1
028,3915,409.50900,39.15000,1.94539,,,,,0.70999,1
028,3916,409.61099,39.16000,1.94547,,,,,0.70993,1
028,3917,409.70901,39.17000,1.94581,,,,,0.70987,1
028,3918,409.81201,39.18000,1.94640,,,,,0.70981,1
028,3919,409.91699,39.19000,1.94675,,,,,0.70975,1
028,3920,410.00800,39.20000,1.94690,,,,,0.70969,1
028,3921,410.11200,39.21000,1.94716,,,,,0.70963,1
028,3922,410.20801,39.22000,1.94766,,,,,0.70957,1
028,3923,410.31100,39.23000,1.94800,,,,,0.70951,1
028,3924,410.41101,39.24000,1.94850,,,,,0.70945,1
028,3925,410.51300,39.25000,1.94901,,,,,0.70938,1
028,3926,410.61401,39.26000,1.94944,,,,,0.70932,1
028,3927,410.71899,39.27000,1.94995,,,,,0.70926,1
028,3928,410.79800,39.28000,1.95093,,,,,0.70921,1
028,3929,410.91000,39.29000,1.95095,,,,,0.70914,1
028,3930,411.00299,39.30000,1.95093,,,,,0.70909,1
028,3931,411.11099,39.31000,1.95137,,,,,0.70902,1
028,3932,411.20200,39.32000,1.95245,,,,,0.70897,1
028,3933,411.30801,39.33000,1.95288,,,,,0.70890,1
028,3934,411.40701,39.34000,1.95297,,,,,0.70884,1
028,3935,411.50601,39.35000,1.95313,,,,,0.70878,1
028,3936,411.59601,39.36000,1.95353,,,,,0.70873,1
028,3937,411.70300,39.37000,1.95414,,,,,0.70866,1
028,3938,411.80600,39.38000,1.95431,,,,,0.70860,1
028,3939,411.90399,39.39000,1.95447,,,,,0.70854,1
028,3940,412.00201,39.40000,1.95523,,,,,0.70848,1
028,3941,412.10001,39.41000,1.95556,,,,,0.70842,1
028,3942,412.18500,39.42000,1.95596,,,,,0.70837,1
028,3943,412.29599,39.43000,1.95632,,,,,0.70831,1
028,3944,412.40399,39.44000,1.95675,,,,,0.70824,1
028,3945,412.49799,39.45000,1.95767,,,,,0.70818,1
028,3946,412.60199,39.46000,1.95819,,,,,0.70812,1
028,3947,412.69800,39.47000,1.95860,,,,,0.70806,1
028,3948,412.79199,39.48000,1.95867,,,,,0.70801,1
028,3949,412.89200,39.49000,1.95910,,,,,0.70795,1
028,3950,412.99500,39.50000,1.95961,,,,,0.70788,1
028,3951,413.10400,39.51000,1.96013,,,,,0.70782,1
028,3952,413.18500,39.52000,1.96043,,,,,0.70777,1
028,3953,413.29599,39.53000,1.96062,,,,,0.70770,1
028,3954,413.39700,39.54000,1.96113,,,,,0.70764,1
028,3955,413.49301,39.55000,1.96154,,,,,0.70758,1
028,3956,413.58801,39.56000,1.96170,,,,,0.70753,1
028,3957,413.69299,39.57000,1.96264,,,,,0.70746,1
028,3958,413.79001,39.58000,1.96314,,,,,0.70741,1
028,3959,413.89099,39.59000,1.96357,,,,,0.70734,1
028,3960,413.99200,39.60000,1.96374,,,,,0.70728,1
028,3961,414.09399,39.61000,1.96416,,,,,0.70722,1
028,3962,414.18201,39.62000,1.96465,,,,,0.70717,1
028,3963,414.28699,39.63000,1.96516,,,,,0.70711,1
028,3964,414.38000,39.64000,1.96558,,,,,0.70705,1
028,3965,414.48801,39.65000,1.96610,,,,,0.70699,1
028,3966,414.58401,39.66000,1.96626,,,,,0.70693,1
028,3967,414.68201,39.67000,1.96667,,,,,0.70687,1
028,3968,414.77600,39.68000,1.96692,,,,,0.70681,1
028,3969,414.88199,39.69000,1.96743,,,,,0.70675,1
028,3970,414.97601,39.70000,1.96827,,,,,0.70669,1
028,3971,415.07901,39.71000,1.96887,,,,,0.70663,1
028,3972,415.17001,39.72000,1.96902,,,,,0.70658,1
028,3973,415.27200,39.73000,1.96945,,,,,0.70652,1
028,3974,415.37201,39.74000,1.96995,,,,,0.70646,1
028,3975,415.47501,39.75000,1.97055,,,,,0.70640,1
028,3976,415.56601,39.76000,1.97130,,,,,0.70634,1
028,3977,415.67200,39.77000,1.97173,,,,,0.70628,1
028,3978,415.76901,39.78000,1.97215,,,,,0.70622,1
028,3979,415.87799,39.79000,1.97310,,,,,0.70616,1
028,3980,415.97601,39.80000,1.97335,,,,,0.70610,1
028,3981,416.08200,39.81000,1.97344,,,,,0.70603,1
028,3982,416.17099,39.82000,1.97367,,,,,0.70598,1
028,3983,416.26700,39.83000,1.97520,,,,,0.70592,1
028,3984,416.37399,39.84000,1.97504,,,,,0.70586,1
028,3985,416.47198,39.85000,1.97520,,,,,0.70580,1
028,3986,416.58200,39.86000,1.97564,,,,,0.70574,1
028,3987,416.66800,39.87000,1.97621,,,,,0.70568,1
028,3988,416.76599,39.88000,1.97680,,,,,0.70563,1
028,3989,416.86700,39.89000,1.97756,,,,,0.70557,1
028,3990,416.97699,39.90000,1.97758,,,,,0.70550,1
028,3991,417.07901,39.91000,1.97792,,,,,0.70544,1
028,3992,417.15799,39.92000,1.97839,,,,,0.70539,1
028,3993,417.27399,39.93000,1.97884,,,,,0.70532,1
028,3994,417.36700,39.94000,1.97934,,,,,0.70527,1
028,3995,417.46500,39.95000,1.97984,,,,,0.70521,1
028,3996,417.56100,39.96000,1.98043,,,,,0.70515,1
028,3997,417.66800,39.97000,1.98103,,,,,0.70509,1
028,3998,417.76401,39.98000,1.98119,,,,,0.70503,1
028,3999,417.85999,39.99000,1.98144,,,,,0.70498,1
028,4000,417.96600,40.00000,1.98187,,,,,0.70491,1
028,4001,418.07199,40.01000,1.98248,,,,,0.70485,1
028,4002,418.16699,40.02000,1.98323,,,,,0.70479,1
028,4003,418.26099,40.03000,1.98407,,,,,0.70474,1
028,4004,418.35999,40.04000,1.98492,,,,,0.70468,1
028,4005,418.45901,40.05000,1.98543,,,,,0.70462,1
028,4006,418.56500,40.06000,1.98569,,,,,0.70456,1
028,4007,418.66800,40.07000,1.98638,,,,,0.70450,1
028,4008,418.74899,40.08000,1.98668,,,,,0.70445,1
028,4009,418.86801,40.09000,1.98756,,,,,0.70438,1
028,4010,418.95700,40.10000,1.98788,,,,,0.70433,1
028,4011,419.05099,40.11000,1.98753,,,,,0.70427,1
028,4012,419.14899,40.12000,1.98803,,,,,0.70421,1
028,4013,419.25500,40.13000,1.98864,,,,,0.70415,1
028,4014,419.35800,40.14000,1.98907,,,,,0.70409,1
028,4015,419.45200,40.15000,1.98956,,,,,0.70403,1
028,4016,419.55399,40.16000,1.99025,,,,,0.70397,1
028,4017,419.64899,40.17000,1.99092,,,,,0.70392,1
028,4018,419.75101,40.18000,1.99100,,,,,0.70386,1
028,4019,419.84900,40.19000,1.99151,,,,,0.70380,1
028,4020,419.94901,40.20000,1.99193,,,,,0.70374,1
028,4021,420.05499,40.21000,1.99297,,,,,0.70368,1
028,4022,420.14600,40.22000,1.99337,,,,,0.70362,1
028,4023,420.24799,40.23000,1.99389,,,,,0.70356,1
028,4024,420.34900,40.24000,1.99440,,,,,0.70350,1
028,4025,420.43799,40.25000,1.99463,,,,,0.70345,1
028,4026,420.54599,40.26000,1.99515,,,,,0.70339,1
028,4027,420.64001,40.27000,1.99582,,,,,0.70333,1
028,4028,420.74100,40.28000,1.99659,,,,,0.70327,1
028,4029,420.85001,40.29000,1.99703,,,,,0.70321,1
028,4030,420.94199,40.30000,1.99778,,,,,0.70316,1
028,4031,421.03699,40.31000,1.99803,,,,,0.70310,1
028,4032,421.13000,40.32000,1.99853,,,,,0.70305,1
028,4033,421.23700,40.33000,1.99879,,,,,0.70298,1
028,4034,421.33200,40.34000,1.99938,,,,,0.70293,1
028,4035,421.44101,40.35000,2.00007,,,,,0.70286,1
028,4036,421.54099,40.36000,2.00058,,,,,0.70280,1
028,4037,421.63901,40.37000,2.00126,,,,,0.70275,1
028,4038,421.74399,40.38000,2.00169,,,,,0.70268,1
028,4039,421.83801,40.39000,2.00245,,,,,0.70263,1
028,4040,421.93900,40.40000,2.00313,,,,,0.70257,1
028,4041,422.03900,40.41000,2.00381,,,,,0.70251,1
028,4042,422.13400,40.42000,2.00389,,,,,0.70246,1
028,4043,422.23599,40.43000,2.00491,,,,,0.70240,1
028,4044,422.32999,40.44000,2.00507,,,,,0.70234,1
028,4045,422.42599,40.45000,2.00523,,,,,0.70229,1
028,4046,422.52802,40.46000,2.00609,,,,,0.70223,1
028,4047,422.63000,40.47000,2.00643,,,,,0.70217,1
028,4048,422.73300,40.48000,2.00686,,,,,0.70211,1
028,4049,422.83099,40.49000,2.00754,,,,,0.70205,1
028,4050,422.93201,40.50000,2.00796,,,,,0.70199,1
028,4051,423.03299,40.51000,2.00848,,,,,0.70193,1
028,4052,423.12799,40.52000,2.00898,,,,,0.70187,1
028,4053,423.23001,40.53000,2.00941,,,,,0.70182,1
028,4054,423.33401,40.54000,2.01027,,,,,0.70175,1
028,4055,423.42899,40.55000,2.01094,,,,,0.70170,1
028,4056,423.52701,40.56000,2.01162,,,,,0.70164,1
028,4057,423.62299,40.57000,2.01229,,,,,0.70159,1
028,4058,423.73199,40.58000,2.01290,,,,,0.70152,1
028,4059,423.82901,40.59000,2.01350,,,,,0.70147,1
028,4060,423.92801,40.60000,2.01392,,,,,0.70141,1
028,4061,424.02701,40.61000,2.01391,,,,,0.70135,1
028,4062,424.12900,40.62000,2.01451,,,,,0.70129,1
028,4063,424.22900,40.63000,2.01468,,,,,0.70123,1
028,4064,424.33301,40.64000,2.01623,,,,,0.70117,1
028,4065,424.43399,40.65000,2.01674,,,,,0.70111,1
028,4066,424.52802,40.66000,2.01707,,,,,0.70106,1
028,4067,424.63000,40.67000,2.01750,,,,,0.70100,1
028,4068,424.72699,40.68000,2.01835,,,,,0.70094,1
028,4069,424.83099,40.69000,2.01947,,,,,0.70088,1
028,4070,424.92599,40.70000,2.01988,,,,,0.70083,1
028,4071,425.02499,40.71000,2.01996,,,,,0.70077,1
028,4072,425.12201,40.72000,2.02038,,,,,0.70071,1
028,4073,425.21600,40.73000,2.02088,,,,,0.70066,1
028,4074,425.32199,40.74000,2.02123,,,,,0.70060,1
028,4075,425.42499,40.75000,2.02201,,,,,0.70054,1
028,4076,425.52899,40.76000,2.02278,,,,,0.70048,1
028,4077,425.62100,40.77000,2.02354,,,,,0.70042,1
028,4078,425.72000,40.78000,2.02405,,,,,0.70037,1
028,4079,425.82300,40.79000,2.02474,,,,,0.70031,1
028,4080,425.92200,40.80000,2.02499,,,,,0.70025,1
028,4081,426.01700,40.81000,2.02549,,,,,0.70020,1
028,4082,426.12299,40.82000,2.02644,,,,,0.70013,1
028,4083,426.21201,40.83000,2.02702,,,,,0.70008,1
028,4084,426.31299,40.84000,2.02710,,,,,0.70002,1
028,4085,426.41199,40.85000,2.02727,,,,,0.69997,1
028,4086,426.51199,40.86000,2.02821,,,,,0.69991,1
028,4087,426.61700,40.87000,2.02916,,,,,0.69985,1
028,4088,426.71500,40.88000,2.02967,,,,,0.69979,1
028,4089,426.80600,40.89000,2.02991,,,,,0.69974,1
028,4090,426.90799,40.90000,2.03051,,,,,0.69968,1
028,4091,427.01300,40.91000,2.03120,,,,,0.69962,1
028,4092,427.11301,40.92000,2.03188,,,,,0.69956,1
028,4093,427.20599,40.93000,2.03221,,,,,0.69951,1
028,4094,427.30499,40.94000,2.03246,,,,,0.69945,1
028,4095,427.40701,40.95000,2.03332,,,,,0.69939,1
028,4096,427.51401,40.96000,2.03419,,,,,0.69933,1
028,4097,427.61200,40.97000,2.03504,,,,,0.69927,1
028,4098,427.71201,40.98000,2.03564,,,,,0.69922,1
028,4099,427.81100,40.99000,2.03598,,,,,0.69916,1
028,4100,427.90701,41.00000,2.03649,,,,,0.69910,1
028,4101,427.99799,41.01000,2.03741,,,,,0.69905,1
028,4102,428.11801,41.02000,2.03787,,,,,0.69898,1
028,4103,428.20999,41.03000,2.03855,,,,,0.69893,1
028,4104,428.30399,41.04000,2.03896,,,,,0.69888,1
028,4105,428.40900,41.05000,2.03965,,,,,0.69882,1
028,4106,428.50900,41.06000,2.03999,,,,,0.69876,1
028,4107,428.60999,41.07000,2.04025,,,,,0.69870,1
028,4108,428.70099,41.08000,2.04161,,,,,0.69865,1
028,4109,428.80200,41.09000,2.04264,,,,,0.69859,1
028,4110,428.90601,41.10000,2.04299,,,,,0.69853,1
028,4111,429.01501,41.11000,2.04317,,,,,0.69847,1
028,4112,429.10001,41.12000,2.04435,,,,,0.69842,1
028,4113,429.20401,41.13000,2.04495,,,,,0.69836,1
028,4114,429.30099,41.14000,2.04529,,,,,0.69830,1
028,4115,429.41000,41.15000,2.04582,,,,,0.69824,1
028,4116,429.50101,41.16000,2.04605,,,,,0.69819,1
028,4117,429.60501,41.17000,2.04657,,,,,0.69813,1
028,4118,429.69901,41.18000,2.04708,,,,,0.69808,1
028,4119,429.79700,41.19000,2.04793,,,,,0.69802,1
028,4120,429.89899,41.20000,2.04827,,,,,0.69796,1
028,4121,429.99899,41.21000,2.04922,,,,,0.69790,1
028,4122,430.08801,41.22000,2.04989,,,,,0.69785,1
028,4123,430.18799,41.23000,2.05057,,,,,0.69780,1
028,4124,430.29300,41.24000,2.05092,,,,,0.69774,1
028,4125,430.38599,41.25000,2.05151,,,,,0.69768,1
028,4126,430.49799,41.26000,2.05230,,,,,0.69762,1
028,4127,430.59500,41.27000,2.05333,,,,,0.69756,1
028,4128,430.69601,41.28000,2.05419,,,,,0.69751,1
028,4129,430.78799,41.29000,2.05486,,,,,0.69745,1
028,4130,430.88800,41.30000,2.05529,,,,,0.69740,1
028,4131,430.98801,41.31000,2.05571,,,,,0.69734,1
028,4132,431.08801,41.32000,2.05640,,,,,0.69728,1
028,4133,431.18900,41.33000,2.05709,,,,,0.69722,1
028,4134,431.28000,41.34000,2.05759,,,,,0.69717,1
028,4135,431.37601,41.35000,2.05861,,,,,0.69712,1
028,4136,431.48401,41.36000,2.05879,,,,,0.69706,1
028,4137,431.57800,41.37000,2.05912,,,,,0.69700,1
028,4138,431.69299,41.38000,2.05984,,,,,0.69694,1
028,4139,431.78000,41.39000,2.06050,,,,,0.69689,1
028,4140,431.88300,41.40000,2.06180,,,,,0.69683,1
028,4141,431.98499,41.41000,2.06249,,,,,0.69677,1
028,4142,432.08301,41.42000,2.06317,,,,,0.69672,1
028,4143,432.17801,41.43000,2.06333,,,,,0.69666,1
028,4144,432.27899,41.44000,2.06402,,,,,0.69660,1
028,4145,432.37701,41.45000,2.06462,,,,,0.69655,1
028,4146,432.48099,41.46000,2.06540,,,,,0.69649,1
028,4147,432.57700,41.47000,2.06633,,,,,0.69644,1
028,4148,432.67801,41.48000,2.06720,,,,,0.69638,1
028,4149,432.78400,41.49000,2.06789,,,,,0.69632,1
028,4150,432.88400,41.50000,2.06824,,,,,0.69626,1
028,4151,432.97800,41.51000,2.06865,,,,,0.69621,1
028,4152,433.07501,41.52000,2.06916,,,,,0.69615,1
028,4153,433.17801,41.53000,2.07003,,,,,0.69609,1
028,4154,433.27701,41.54000,2.07097,,,,,0.69604,1
028,4155,433.37701,41.55000,2.07097,,,,,0.69598,1
028,4156,433.47800,41.56000,2.07200,,,,,0.69592,1
028,4157,433.58301,41.57000,2.07218,,,,,0.69586,1
028,4158,433.67499,41.58000,2.07303,,,,,0.69581,1
028,4159,433.77499,41.59000,2.07380,,,,,0.69576,1
028,4160,433.87399,41.60000,2.07475,,,,,0.69570,1
028,4161,433.97198,41.61000,2.07552,,,,,0.69564,1
028,4162,434.07501,41.62000,2.07638,,,,,0.69559,1
028,4163,434.16800,41.63000,2.07671,,,,,0.69553,1
028,4164,434.26801,41.64000,2.07680,,,,,0.69548,1
028,4165,434.37701,41.65000,2.07741,,,,,0.69542,1
028,4166,434.46799,41.66000,2.07809,,,,,0.69536,1
028,4167,434.56299,41.67000,2.07946,,,,,0.69531,1
028,4168,434.67099,41.68000,2.08042,,,,,0.69525,1
028,4169,434.75400,41.69000,2.08082,,,,,0.69520,1
028,4170,434.85800,41.70000,2.08126,,,,,0.69514,1
028,4171,434.96301,41.71000,2.08204,,,,,0.69509,1
028,4172,435.06201,41.72000,2.08290,,,,,0.69503,1
028,4173,435.16501,41.73000,2.08351,,,,,0.69497,1
028,4174,435.26501,41.74000,2.08393,,,,,0.69492,1
028,4175,435.35300,41.75000,2.08495,,,,,0.69487,1
028,4176,435.46899,41.76000,2.08593,,,,,0.69480,1
028,4177,435.55701,41.77000,2.08694,,,,,0.69475,1
028,4178,435.66000,41.78000,2.08694,,,,,0.69469,1
028,4179,435.75900,41.79000,2.08728,,,,,0.69464,1
028,4180,435.85699,41.80000,2.08814,,,,,0.69458,1
028,4181,435.95200,41.81000,2.08873,,,,,0.69453,1
028,4182,436.05200,41.82000,2.08977,,,,,0.69447,1
028,4183,436.17200,41.83000,2.09084,,,,,0.69441,1
028,4184,436.25900,41.84000,2.09133,,,,,0.69436,1
028,4185,436.35901,41.85000,2.09194,,,,,0.69430,1
028,4186,436.46100,41.86000,2.09289,,,,,0.69424,1
028,4187,436.54999,41.87000,2.09382,,,,,0.69419,1
028,4188,436.64999,41.88000,2.09399,,,,,0.69414,1
028,4189,436.75400,41.89000,2.09469,,,,,0.69408,1
028,4190,436.85599,41.90000,2.09547,,,,,0.69402,1
028,4191,436.96100,41.91000,2.09669,,,,,0.69396,1
028,4192,437.05801,41.92000,2.09720,,,,,0.69391,1
028,4193,437.15799,41.93000,2.09728,,,,,0.69385,1
028,4194,437.25000,41.94000,2.09796,,,,,0.69380,1
028,4195,437.35699,41.95000,2.09857,,,,,0.69374,1
028,4196,437.44901,41.96000,2.09907,,,,,0.69369,1
028,4197,437.55600,41.97000,2.10056,,,,,0.69363,1
028,4198,437.66000,41.98000,2.10082,,,,,0.69357,1
028,4199,437.75601,41.99000,2.10159,,,,,0.69352,1
028,4200,437.85300,42.00000,2.10297,,,,,0.69346,1
028,4201,437.94800,42.01000,2.10365,,,,,0.69341,1
028,4202,438.05200,42.02000,2.10383,,,,,0.69335,1
028,4203,438.14899,42.03000,2.10434,,,,,0.69330,1
028,4204,438.24701,42.04000,2.10529,,,,,0.69324,1
028,4205,438.34698,42.05000,2.10632,,,,,0.69319,1
028,4206,438.45401,42.06000,2.10763,,,,,0.69313,1
028,4207,438.55301,42.07000,2.10824,,,,,0.69307,1
028,4208,438.65100,42.08000,2.10832,,,,,0.69302,1
028,4209,438.74301,42.09000,2.10952,,,,,0.69297,1
028,4210,438.84900,42.10000,2.11048,,,,,0.69291,1
028,4211,438.94601,42.11000,2.11108,,,,,0.69285,1
028,4212,439.04501,42.12000,2.11185,,,,,0.69280,1
028,4213,439.15701,42.13000,2.11248,,,,,0.69274,1
028,4214,439.25500,42.14000,2.11308,,,,,0.69268,1
028,4215,439.35599,42.15000,2.11377,,,,,0.69263,1
028,4216,439.44000,42.16000,2.11478,,,,,0.69258,1
028,4217,439.54300,42.17000,2.11539,,,,,0.69252,1
028,4218,439.64401,42.18000,2.11617,,,,,0.69247,1
028,4219,439.74500,42.19000,2.11687,,,,,0.69241,1
028,4220,439.83801,42.20000,2.11763,,,,,0.69236,1
028,4221,439.94601,42.21000,2.11816,,,,,0.69230,1
028,4222,440.04599,42.22000,2.11885,,,,,0.69224,1
028,4223,440.13501,42.23000,2.11944,,,,,0.69219,1
028,4224,440.25101,42.24000,2.12025,,,,,0.69213,1
028,4225,440.34500,42.25000,2.12162,,,,,0.69208,1
028,4226,440.44800,42.26000,2.12206,,,,,0.69202,1
028,4227,440.54599,42.27000,2.12275,,,,,0.69196,1
028,4228,440.64001,42.28000,2.12395,,,,,0.69191,1
028,4229,440.74200,42.29000,2.12465,,,,,0.69186,1
028,4230,440.83899,42.30000,2.12516,,,,,0.69180,1
028,4231,440.94299,42.31000,2.12595,,,,,0.69174,1
028,4232,441.02899,42.32000,2.12653,,,,,0.69170,1
028,4233,441.14600,42.33000,2.12751,,,,,0.69163,1
028,4234,441.23801,42.34000,2.12819,,,,,0.69158,1
028,4235,441.34399,42.35000,2.12916,,,,,0.69152,1
028,4236,441.44299,42.36000,2.12976,,,,,0.69147,1
028,4237,441.53601,42.37000,2.13061,,,,,0.69142,1
028,4238,441.63400,42.38000,2.13078,,,,,0.69136,1
028,4239,441.73700,42.39000,2.13131,,,,,0.69131,1
028,4240,441.83099,42.40000,2.13260,,,,,0.69125,1
028,4241,441.93600,42.41000,2.13408,,,,,0.69120,1
028,4242,442.04199,42.42000,2.13435,,,,,0.69114,1
028,4243,442.14700,42.43000,2.13505,,,,,0.69108,1
028,4244,442.23999,42.44000,2.13599,,,,,0.69103,1
028,4245,442.33801,42.45000,2.13712,,,,,0.69097,1
028,4246,442.43600,42.46000,2.13798,,,,,0.69092,1
028,4247,442.53601,42.47000,2.13850,,,,,0.69086,1
028,4248,442.63699,42.48000,2.13894,,,,,0.69081,1
028,4249,442.73001,42.49000,2.13918,,,,,0.69076,1
028,4250,442.83401,42.50000,2.14015,,,,,0.69070,1
028,4251,442.93100,42.51000,2.14144,,,,,0.69065,1
028,4252,443.04199,42.52000,2.14216,,,,,0.69059,1
028,4253,443.12500,42.53000,2.14308,,,,,0.69054,1
028,4254,443.23001,42.54000,2.14413,,,,,0.69048,1
028,4255,443.32800,42.55000,2.14474,,,,,0.69043,1
028,4256,443.42999,42.56000,2.14561,,,,,0.69037,1
028,4257,443.53400,42.57000,2.14657,,,,,0.69032,1
028,4258,443.62601,42.58000,2.14673,,,,,0.69026,1
028,4259,443.72900,42.59000,2.14769,,,,,0.69021,1
028,4260,443.83200,42.60000,2.14848,,,,,0.69015,1
028,4261,443.93301,42.61000,2.14935,,,,,0.69010,1
028,4262,444.02399,42.62000,2.14994,,,,,0.69005,1
028,4263,444.13101,42.63000,2.15099,,,,,0.68999,1
028,4264,444.22699,42.64000,2.15186,,,,,0.68993,1
028,4265,444.32599,42.65000,2.15246,,,,,0.68988,1
028,4266,444.42200,42.66000,2.15298,,,,,0.68983,1
028,4267,444.51901,42.67000,2.15445,,,,,0.68977,1
028,4268,444.62701,42.68000,2.15568,,,,,0.68972,1
028,4269,444.72299,42.69000,2.15655,,,,,0.68966,1
028,4270,444.82599,42.70000,2.15690,,,,,0.68961,1
028,4271,444.92401,42.71000,2.15724,,,,,0.68955,1
028,4272,445.02899,42.72000,2.15803,,,,,0.68950,1
028,4273,445.13101,42.73000,2.15925,,,,,0.68944,1
028,4274,445.23001,42.74000,2.16021,,,,,0.68939,1
028,4275,445.31699,42.75000,2.16114,,,,,0.68934,1
028,4276,445.42300,42.76000,2.16159,,,,,0.68928,1
028,4277,445.52499,42.77000,2.16246,,,,,0.68922,1
028,4278,445.62201,42.78000,2.16341,,,,,0.68917,1
028,4279,445.72601,42.79000,2.16429,,,,,0.68911,1
028,4280,445.82599,42.80000,2.16534,,,,,0.68906,1
028,4281,445.92300,42.81000,2.16576,,,,,0.68901,1
028,4282,446.02499,42.82000,2.16690,,,,,0.68895,1
028,4283,446.12399,42.83000,2.16733,,,,,0.68890,1
028,4284,446.22000,42.84000,2.16828,,,,,0.68884,1
028,4285,446.31699,42.85000,2.16932,,,,,0.68879,1
028,4286,446.41800,42.86000,2.17028,,,,,0.68874,1
028,4287,446.51599,42.87000,2.17071,,,,,0.68868,1
028,4288,446.62201,42.88000,2.17116,,,,,0.68863,1
028,4289,446.71701,42.89000,2.17176,,,,,0.68857,1
028,4290,446.81500,42.90000,2.17254,,,,,0.68852,1
028,4291,446.92001,42.91000,2.17368,,,,,0.68846,1
028,4292,447.01401,42.92000,2.17489,,,,,0.68841,1
028,4293,447.11401,42.93000,2.17585,,,,,0.68836,1
028,4294,447.21201,42.94000,2.17646,,,,,0.68830,1
028,4295,447.31400,42.95000,2.17742,,,,,0.68825,1
028,4296,447.40302,42.96000,2.17801,,,,,0.68820,1
028,4297,447.52301,42.97000,2.17874,,,,,0.68814,1
028,4298,447.61301,42.98000,2.17933,,,,,0.68809,1
028,4299,447.71399,42.99000,2.18091,,,,,0.68803,1
028,4300,447.81799,43.00000,2.18126,,,,,0.68798,1
028,4301,447.90799,43.01000,2.18194,,,,,0.68793,1
028,4302,448.01599,43.02000,2.18292,,,,,0.68787,1
028,4303,448.10901,43.03000,2.18378,,,,,0.68782,1
028,4304,448.20999,43.04000,2.18474,,,,,0.68776,1
028,4305,448.30301,43.05000,2.18507,,,,,0.68771,1
028,4306,448.41101,43.06000,2.18605,,,,,0.68765,1
028,4307,448.50800,43.07000,2.18779,,,,,0.68760,1
028,4308,448.61099,43.08000,2.18832,,,,,0.68755,1
028,4309,448.70300,43.09000,2.18891,,,,,0.68750,1
028,4310,448.81000,43.10000,2.19006,,,,,0.68744,1
028,4311,448.92099,43.11000,2.19130,,,,,0.68738,1
028,4312,449.01099,43.12000,2.19199,,,,,0.68733,1
028,4313,449.11401,43.13000,2.19208,,,,,0.68727,1
028,4314,449.20901,43.14000,2.19277,,,,,0.68722,1
028,4315,449.30099,43.15000,2.19406,,,,,0.68717,1
028,4316,449.41000,43.16000,2.19495,,,,,0.68711,1
028,4317,449.50400,43.17000,2.19590,,,,,0.68706,1
028,4318,449.60699,43.18000,2.19661,,,,,0.68701,1
028,4319,449.70001,43.19000,2.19747,,,,,0.68696,1
028,4320,449.80099,43.20000,2.19843,,,,,0.68690,1
028,4321,449.89600,43.21000,2.19930,,,,,0.68685,1
028,4322,450.00000,43.22000,2.20009,,,,,0.68679,1
028,4323,450.09900,43.23000,2.20114,,,,,0.68674,1
028,4324,450.19699,43.24000,2.20253,,,,,0.68669,1
028,4325,450.29700,43.25000,2.20323,,,,,0.68663,1
028,4326,450.39899,43.26000,2.20385,,,,,0.68658,1
028,4327,450.50201,43.27000,2.20446,,,,,0.68652,1
028,4328,450.60300,43.28000,2.20552,,,,,0.68647,1
028,4329,450.69501,43.29000,2.20655,,,,,0.68642,1
028,4330,450.79599,43.30000,2.20760,,,,,0.68637,1
028,4331,450.89899,43.31000,2.20857,,,,,0.68631,1
028,4332,450.98901,43.32000,2.20952,,,,,0.68626,1
028,4333,451.09799,43.33000,2.21032,,,,,0.68620,1
028,4334,451.19400,43.34000,2.21066,,,,,0.68615,1
028,4335,451.28699,43.35000,2.21196,,,,,0.68610,1
028,4336,451.39899,43.36000,2.21330,,,,,0.68604,1
028,4337,451.49799,43.37000,2.21409,,,,,0.68599,1
028,4338,451.59500,43.38000,2.21504,,,,,0.68594,1
028,4339,451.69800,43.39000,2.21592,,,,,0.68588,1
028,4340,451.79401,43.40000,2.21671,,,,,0.68583,1
028,4341,451.88901,43.41000,2.21757,,,,,0.68578,1
028,4342,451.99301,43.42000,2.21845,,,,,0.68572,1
028,4343,452.09799,43.43000,2.21969,,,,,0.68567,1
028,4344,452.19601,43.44000,2.22039,,,,,0.68561,1
028,4345,452.29401,43.45000,2.22082,,,,,0.68556,1
028,4346,452.39301,43.46000,2.22196,,,,,0.68551,1
028,4347,452.49500,43.47000,2.22328,,,,,0.68545,1
028,4348,452.59299,43.48000,2.22459,,,,,0.68540,1
028,4349,452.69601,43.49000,2.22521,,,,,0.68535,1
028,4350,452.79700,43.50000,2.22574,,,,,0.68529,1
028,4351,452.88800,43.51000,2.22686,,,,,0.68524,1
028,4352,453.00101,43.52000,2.22811,,,,,0.68518,1
028,4353,453.08499,43.53000,2.22896,,,,,0.68514,1
028,4354,453.18500,43.54000,2.22966,,,,,0.68508,1
028,4355,453.28101,43.55000,2.23079,,,,,0.68503,1
028,4356,453.38800,43.56000,2.23186,,,,,0.68498,1
028,4357,453.47699,43.57000,2.23298,,,,,0.68493,1
028,4358,453.58401,43.58000,2.23431,,,,,0.68487,1
028,4359,453.67999,43.59000,2.23553,,,,,0.68482,1
028,4360,453.78299,43.60000,2.23633,,,,,0.68476,1
028,4361,453.87601,43.61000,2.23755,,,,,0.68471,1
028,4362,453.97601,43.62000,2.23842,,,,,0.68466,1
028,4363,454.07700,43.63000,2.23992,,,,,0.68461,1
028,4364,454.19000,43.64000,2.24020,,,,,0.68455,1
028,4365,454.29599,43.65000,2.24039,,,,,0.68449,1
028,4366,454.38199,43.66000,2.24098,,,,,0.68444,1
028,4367,454.48199,43.67000,2.24282,,,,,0.68439,1
028,4368,454.57999,43.68000,2.24387,,,,,0.68434,1
028,4369,454.67599,43.69000,2.24475,,,,,0.68429,1
028,4370,454.77600,43.70000,2.24545,,,,,0.68423,1
028,4371,454.87701,43.71000,2.24651,,,,,0.68418,1
028,4372,454.98700,43.72000,2.24775,,,,,0.68412,1
028,4373,455.07700,43.73000,2.24879,,,,,0.68407,1
028,4374,455.17499,43.74000,2.24975,,,,,0.68402,1
028,4375,455.27301,43.75000,2.25045,,,,,0.68397,1
028,4376,455.37500,43.76000,2.25116,,,,,0.68392,1
028,4377,455.47400,43.77000,2.25195,,,,,0.68386,1
028,4378,455.56900,43.78000,2.25273,,,,,0.68381,1
028,4379,455.67401,43.79000,2.25476,,,,,0.68376,1
028,4380,455.77600,43.80000,2.25574,,,,,0.68370,1
028,4381,455.87701,43.81000,2.25671,,,,,0.68365,1
028,4382,455.98401,43.82000,2.25751,,,,,0.68359,1
028,4383,456.07700,43.83000,2.25846,,,,,0.68354,1
028,4384,456.17300,43.84000,2.25943,,,,,0.68349,1
028,4385,456.28000,43.85000,2.26067,,,,,0.68344,1
028,4386,456.37201,43.86000,2.26180,,,,,0.68339,1
028,4387,456.46799,43.87000,2.26276,,,,,0.68334,1
028,4388,456.57300,43.88000,2.26374,,,,,0.68328,1
028,4389,456.66501,43.89000,2.26478,,,,,0.68323,1
028,4390,456.78101,43.90000,2.26551,,,,,0.68317,1
028,4391,456.86200,43.91000,2.26566,,,,,0.68313,1
028,4392,456.96899,43.92000,2.26664,,,,,0.68307,1
028,4393,457.07401,43.93000,2.26806,,,,,0.68302,1
028,4394,457.16501,43.94000,2.26936,,,,,0.68297,1
028,4395,457.26300,43.95000,2.27050,,,,,0.68292,1
028,4396,457.36099,43.96000,2.27164,,,,,0.68286,1
028,4397,457.47000,43.97000,2.27272,,,,,0.68281,1
028,4398,457.56299,43.98000,2.27315,,,,,0.68276,1
028,4399,457.66400,43.99000,2.27403,,,,,0.68270,1
028,4400,457.76401,44.00000,2.27526,,,,,0.68265,1
028,4401,457.86499,44.01000,2.27650,,,,,0.68260,1
028,4402,457.97000,44.02000,2.27765,,,,,0.68254,1
028,4403,458.06000,44.03000,2.27808,,,,,0.68249,1
028,4404,458.16699,44.04000,2.27897,,,,,0.68244,1
028,4405,458.26501,44.05000,2.28038,,,,,0.68239,1
028,4406,458.35901,44.06000,2.28187,,,,,0.68234,1
028,4407,458.45401,44.07000,2.28283,,,,,0.68229,1
028,4408,458.56400,44.08000,2.28373,,,,,0.68223,1
028,4409,458.66501,44.09000,2.28461,,,,,0.68218,1
028,4410,458.75699,44.10000,2.28504,,,,,0.68213,1
028,4411,458.86499,44.11000,2.28638,,,,,0.68207,1
028,4412,458.96600,44.12000,2.28735,,,,,0.68202,1
028,4413,459.06299,44.13000,2.28849,,,,,0.68197,1
028,4414,459.15500,44.14000,2.28972,,,,,0.68192,1
028,4415,459.26401,44.15000,2.29097,,,,,0.68186,1
028,4416,459.36600,44.16000,2.29203,,,,,0.68181,1
028,4417,459.46399,44.17000,2.29326,,,,,0.68176,1
028,4418,459.54999,44.18000,2.29395,,,,,0.68171,1
028,4419,459.65500,44.19000,2.29413,,,,,0.68166,1
028,4420,459.75101,44.20000,2.29545,,,,,0.68160,1
028,4421,459.86099,44.21000,2.29670,,,,,0.68155,1
028,4422,459.95599,44.22000,2.29775,,,,,0.68150,1
028,4423,460.07101,44.23000,2.29805,,,,,0.68144,1
028,4424,460.16501,44.24000,2.29963,,,,,0.68139,1
028,4425,460.25601,44.25000,2.30058,,,,,0.68134,1
028,4426,460.36099,44.26000,2.30218,,,,,0.68128,1
028,4427,460.46100,44.27000,2.30395,,,,,0.68123,1
028,4428,460.57199,44.28000,2.30441,,,,,0.68117,1
028,4429,460.65799,44.29000,2.30492,,,,,0.68113,1
028,4430,460.76001,44.30000,2.30598,,,,,0.68108,1
028,4431,460.86600,44.31000,2.30741,,,,,0.68102,1
028,4432,460.96799,44.32000,2.30838,,,,,0.68097,1
028,4433,461.07001,44.33000,2.30954,,,,,0.68091,1
028,4434,461.17099,44.34000,2.31060,,,,,0.68086,1
028,4435,461.25800,44.35000,2.31191,,,,,0.68082,1
028,4436,461.36499,44.36000,2.31298,,,,,0.68076,1
028,4437,461.45901,44.37000,2.31385,,,,,0.68071,1
028,4438,461.55301,44.38000,2.31429,,,,,0.68066,1
028,4439,461.65701,44.39000,2.31597,,,,,0.68061,1
028,4440,461.76801,44.40000,2.31697,,,,,0.68055,1
028,4441,461.85400,44.41000,2.31792,,,,,0.68050,1
028,4442,461.95901,44.42000,2.31925,,,,,0.68045,1
028,4443,462.06100,44.43000,2.32085,,,,,0.68040,1
028,4444,462.16199,44.44000,2.32147,,,,,0.68034,1
028,4445,462.25299,44.45000,2.32208,,,,,0.68030,1
028,4446,462.35901,44.46000,2.32315,,,,,0.68024,1
028,4447,462.45001,44.47000,2.32446,,,,,0.68019,1
028,4448,462.55600,44.48000,2.32572,,,,,0.68014,1
028,4449,462.66299,44.49000,2.32670,,,,,0.68008,1
028,4450,462.75900,44.50000,2.32767,,,,,0.68003,1
028,4451,462.85001,44.51000,2.32854,,,,,0.67998,1
028,4452,462.95200,44.52000,2.32943,,,,,0.67993,1
028,4453,463.05200,44.53000,2.33032,,,,,0.67988,1
028,4454,463.14700,44.54000,2.33155,,,,,0.67983,1
028,4455,463.25201,44.55000,2.33307,,,,,0.67978,1
028,4456,463.34698,44.56000,2.33412,,,,,0.67973,1
028,4457,463.45401,44.57000,2.33520,,,,,0.67967,1
028,4458,463.56201,44.58000,2.33574,,,,,0.67961,1
028,4459,463.65900,44.59000,2.33663,,,,,0.67956,1
028,4460,463.75500,44.60000,2.33813,,,,,0.67951,1
028,4461,463.85101,44.61000,2.33927,,,,,0.67946,1
028,4462,463.95801,44.62000,2.34053,,,,,0.67941,1
028,4463,464.05399,44.63000,2.34141,,,,,0.67936,1
028,4464,464.15201,44.64000,2.34220,,,,,0.67931,1
028,4465,464.25101,44.65000,2.34353,,,,,0.67926,1
028,4466,464.35300,44.66000,2.34505,,,,,0.67920,1
028,4467,464.44601,44.67000,2.34628,,,,,0.67916,1
028,4468,464.55200,44.68000,2.34717,,,,,0.67910,1
028,4469,464.64899,44.69000,2.34832,,,,,0.67905,1
028,4470,464.75000,44.70000,2.34895,,,,,0.67900,1
028,4471,464.84900,44.71000,2.35001,,,,,0.67895,1
028,4472,464.95401,44.72000,2.35144,,,,,0.67889,1
028,4473,465.04599,44.73000,2.35258,,,,,0.67884,1
028,4474,465.14999,44.74000,2.35374,,,,,0.67879,1
028,4475,465.24200,44.75000,2.35506,,,,,0.67874,1
028,4476,465.34698,44.76000,2.35596,,,,,0.67869,1
028,4477,465.44901,44.77000,2.35694,,,,,0.67864,1
028,4478,465.54199,44.78000,2.35826,,,,,0.67859,1
028,4479,465.64499,44.79000,2.35854,,,,,0.67854,1
028,4480,465.75201,44.80000,2.35917,,,,,0.67848,1
028,4481,465.84601,44.81000,2.36156,,,,,0.67843,1
028,4482,465.93900,44.82000,2.36279,,,,,0.67838,1
028,4483,466.04099,44.83000,2.36333,,,,,0.67833,1
028,4484,466.14301,44.84000,2.36422,,,,,0.67828,1
028,4485,466.24500,44.85000,2.36565,,,,,0.67823,1
028,4486,466.33899,44.86000,2.36742,,,,,0.67818,1
028,4487,466.43900,44.87000,2.36857,,,,,0.67813,1
028,4488,466.54599,44.88000,2.36965,,,,,0.67807,1
028,4489,466.64200,44.89000,2.37027,,,,,0.67802,1
028,4490,466.75299,44.90000,2.37127,,,,,0.67796,1
028,4491,466.84601,44.91000,2.37232,,,,,0.67792,1
028,4492,466.94000,44.92000,2.37365,,,,,0.67787,1
028,4493,467.04501,44.93000,2.37517,,,,,0.67781,1
028,4494,467.13699,44.94000,2.37649,,,,,0.67777,1
028,4495,467.24301,44.95000,2.37739,,,,,0.67771,1
028,4496,467.33899,44.96000,2.37783,,,,,0.67766,1
028,4497,467.44501,44.97000,2.37882,,,,,0.67761,1
028,4498,467.53400,44.98000,2.38005,,,,,0.67756,1
028,4499,467.64099,44.99000,2.38140,,,,,0.67751,1
028,4500,467.74200,45.00000,2.38309,,,,,0.67745,1
028,4501,467.83801,45.01000,2.38442,,,,,0.67741,1
028,4502,467.93399,45.02000,2.38522,,,,,0.67736,1
028,4503,468.03500,45.03000,2.38629,,,,,0.67730,1
028,4504,468.13400,45.04000,2.38744,,,,,0.67725,1
028,4505,468.23599,45.05000,2.38879,,,,,0.67720,1
028,4506,468.33600,45.06000,2.38985,,,,,0.67715,1
028,4507,468.43701,45.07000,2.39057,,,,,0.67710,1
028,4508,468.54099,45.08000,2.39183,,,,,0.67704,1
028,4509,468.62799,45.09000,2.39278,,,,,0.67700,1
028,4510,468.73599,45.10000,2.39387,,,,,0.67694,1
028,4511,468.83200,45.11000,2.39511,,,,,0.67690,1
028,4512,468.92599,45.12000,2.39679,,,,,0.67685,1
028,4513,469.03699,45.13000,2.39842,,,,,0.67679,1
028,4514,469.13699,45.14000,2.39887,,,,,0.67674,1
028,4515,469.23499,45.15000,2.39931,,,,,0.67669,1
028,4516,469.32800,45.16000,2.40108,,,,,0.67664,1
028,4517,469.43301,45.17000,2.40270,,,,,0.67659,1
028,4518,469.53400,45.18000,2.40368,,,,,0.67654,1
028,4519,469.62799,45.19000,2.40474,,,,,0.67649,1
028,4520,469.73001,45.20000,2.40590,,,,,0.67644,1
028,4521,469.82800,45.21000,2.40724,,,,,0.67639,1
028,4522,469.93301,45.22000,2.40868,,,,,0.67633,1
028,4523,470.02399,45.23000,2.41000,,,,,0.67629,1
028,4524,470.12601,45.24000,2.41072,,,,,0.67623,1
028,4525,470.23499,45.25000,2.41163,,,,,0.67618,1
028,4526,470.33200,45.26000,2.41296,,,,,0.67613,1
028,4527,470.43301,45.27000,2.41413,,,,,0.67608,1
028,4528,470.52899,45.28000,2.41519,,,,,0.67603,1
028,4529,470.63300,45.29000,2.41636,,,,,0.67597,1
028,4530,470.73199,45.30000,2.41797,,,,,0.67592,1
028,4531,470.81799,45.31000,2.41973,,,,,0.67588,1
028,4532,470.92999,45.32000,2.42020,,,,,0.67582,1
028,4533,471.02499,45.33000,2.42055,,,,,0.67577,1
028,4534,471.13000,45.34000,2.42270,,,,,0.67572,1
028,4535,471.22699,45.35000,2.42404,,,,,0.67567,1
028,4536,471.32599,45.36000,2.42466,,,,,0.67562,1
028,4537,471.42599,45.37000,2.42627,,,,,0.67557,1
028,4538,471.53000,45.38000,2.42744,,,,,0.67552,1
028,4539,471.63300,45.39000,2.42808,,,,,0.67547,1
028,4540,471.72101,45.40000,2.42940,,,,,0.67542,1
028,4541,471.83301,45.41000,2.43121,,,,,0.67536,1
028,4542,471.91901,45.42000,2.43234,,,,,0.67532,1
028,4543,472.03201,45.43000,2.43300,,,,,0.67526,1
028,4544,472.12000,45.44000,2.43405,,,,,0.67522,1
028,4545,472.23001,45.45000,2.43603,,,,,0.67516,1
028,4546,472.32300,45.46000,2.43674,,,,,0.67511,1
028,4547,472.42801,45.47000,2.43773,,,,,0.67506,1
028,4548,472.53101,45.48000,2.43890,,,,,0.67501,1
028,4549,472.63000,45.49000,2.44069,,,,,0.67496,1
028,4550,472.72601,45.50000,2.44230,,,,,0.67491,1
028,4551,472.82401,45.51000,2.44310,,,,,0.67486,1
028,4552,472.91901,45.52000,2.44443,,,,,0.67481,1
028,4553,473.02802,45.53000,2.44579,,,,,0.67476,1
028,4554,473.13000,45.54000,2.44687,,,,,0.67471,1
028,4555,473.22699,45.55000,2.44750,,,,,0.67466,1
028,4556,473.32300,45.56000,2.44874,,,,,0.67461,1
028,4557,473.42700,45.57000,2.44992,,,,,0.67456,1
028,4558,473.51700,45.58000,2.45124,,,,,0.67451,1
028,4559,473.62601,45.59000,2.45287,,,,,0.67445,1
028,4560,473.72400,45.60000,2.45421,,,,,0.67440,1
028,4561,473.81100,45.61000,2.45437,,,,,0.67436,1
028,4562,473.92099,45.62000,2.45645,,,,,0.67431,1
028,4563,474.01700,45.63000,2.45725,,,,,0.67426,1
028,4564,474.12299,45.64000,2.45825,,,,,0.67420,1
028,4565,474.22400,45.65000,2.45951,,,,,0.67415,1
028,4566,474.32001,45.66000,2.46085,,,,,0.67410,1
028,4567,474.41501,45.67000,2.46254,,,,,0.67406,1
028,4568,474.51700,45.68000,2.46398,,,,,0.67400,1
028,4569,474.62000,45.69000,2.46533,,,,,0.67395,1
028,4570,474.71500,45.70000,2.46711,,,,,0.67390,1
028,4571,474.81799,45.71000,2.46855,,,,,0.67385,1
028,4572,474.91599,45.72000,2.46936,,,,,0.67380,1
028,4573,475.01700,45.73000,2.46982,,,,,0.67375,1
028,4574,475.11401,45.74000,2.47116,,,,,0.67370,1
028,4575,475.21399,45.75000,2.47232,,,,,0.67365,1
028,4576,475.31699,45.76000,2.47430,,,,,0.67360,1
028,4577,475.41599,45.77000,2.47565,,,,,0.67355,1
028,4578,475.50500,45.78000,2.47680,,,,,0.67351,1
028,4579,475.60800,45.79000,2.47779,,,,,0.67345,1
028,4580,475.71100,45.80000,2.47914,,,,,0.67340,1
028,4581,475.80899,45.81000,2.47941,,,,,0.67335,1
028,4582,475.91101,45.82000,2.48068,,,,,0.67330,1
028,4583,476.01599,45.83000,2.48221,,,,,0.67325,1
028,4584,476.11200,45.84000,2.48355,,,,,0.67320,1
028,4585,476.20599,45.85000,2.48516,,,,,0.67315,1
028,4586,476.31000,45.86000,2.48669,,,,,0.67310,1
028,4587,476.40900,45.87000,2.48759,,,,,0.67305,1
028,4588,476.51599,45.88000,2.48878,,,,,0.67300,1
028,4589,476.60999,45.89000,2.49011,,,,,0.67295,1
028,4590,476.70700,45.90000,2.49155,,,,,0.67290,1
028,4591,476.80301,45.91000,2.49289,,,,,0.67285,1
028,4592,476.90302,45.92000,2.49406,,,,,0.67280,1
028,4593,477.00800,45.93000,2.49542,,,,,0.67275,1
028,4594,477.09799,45.94000,2.49684,,,,,0.67271,1
028,4595,477.19800,45.95000,2.49792,,,,,0.67266,1
028,4596,477.30801,45.96000,2.49902,,,,,0.67260,1
028,4597,477.40201,45.97000,2.50009,,,,,0.67255,1
028,4598,477.50400,45.98000,2.50126,,,,,0.67250,1
028,4599,477.60699,45.99000,2.50271,,,,,0.67245,1
028,4600,477.71500,46.00000,2.50425,,,,,0.67240,1
028,4601,477.79901,46.01000,2.50665,,,,,0.67235,1
028,4602,477.90701,46.02000,2.50748,,,,,0.67230,1
028,4603,478.00400,46.03000,2.50864,,,,,0.67225,1
028,4604,478.09698,46.04000,2.50953,,,,,0.67220,1
028,4605,478.20499,46.05000,2.51072,,,,,0.67215,1
028,4606,478.30499,46.06000,2.51234,,,,,0.67210,1
028,4607,478.40601,46.07000,2.51396,,,,,0.67205,1
028,4608,478.50601,46.08000,2.51513,,,,,0.67200,1
028,4609,478.60599,46.09000,2.51640,,,,,0.67195,1
028,4610,478.69699,46.10000,2.51728,,,,,0.67190,1
028,4611,478.80099,46.11000,2.51900,,,,,0.67185,1
028,4612,478.89999,46.12000,2.52053,,,,,0.67180,1
028,4613,479.00400,46.13000,2.52180,,,,,0.67175,1
028,4614,479.11401,46.14000,2.52219,,,,,0.67170,1
028,4615,479.20499,46.15000,2.52370,,,,,0.67165,1
028,4616,479.30399,46.16000,2.52514,,,,,0.67160,1
028,4617,479.40201,46.17000,2.52685,,,,,0.67155,1
028,4618,479.49600,46.18000,2.52819,,,,,0.67151,1
028,4619,479.59601,46.19000,2.52972,,,,,0.67146,1
028,4620,479.69299,46.20000,2.53098,,,,,0.67141,1
028,4621,479.79999,46.21000,2.53235,,,,,0.67135,1
028,4622,479.89099,46.22000,2.53333,,,,,0.67131,1
028,4623,480.00299,46.23000,2.53488,,,,,0.67125,1
028,4624,480.09799,46.24000,2.53650,,,,,0.67121,1
028,4625,480.20401,46.25000,2.53795,,,,,0.67115,1
028,4626,480.30200,46.26000,2.53948,,,,,0.67110,1
028,4627,480.40399,46.27000,2.54111,,,,,0.67105,1
028,4628,480.50699,46.28000,2.54238,,,,,0.67100,1
028,4629,480.60101,46.29000,2.54345,,,,,0.67096,1
028,4630,480.70200,46.30000,2.54373,,,,,0.67091,1
028,4631,480.80701,46.31000,2.54519,,,,,0.67085,1
028,4632,480.89899,46.32000,2.54698,,,,,0.67081,1
028,4633,481.00299,46.33000,2.54861,,,,,0.67076,1
028,4634,481.09698,46.34000,2.54923,,,,,0.67071,1
028,4635,481.19601,46.35000,2.55014,,,,,0.67066,1
028,4636,481.30399,46.36000,2.55232,,,,,0.67061,1
028,4637,481.40399,46.37000,2.55340,,,,,0.67056,1
028,4638,481.50299,46.38000,2.55485,,,,,0.67051,1
028,4639,481.60199,46.39000,2.55620,,,,,0.67046,1
028,4640,481.70801,46.40000,2.55793,,,,,0.67041,1
028,4641,481.79700,46.41000,2.55954,,,,,0.67036,1
028,4642,481.89700,46.42000,2.56107,,,,,0.67031,1
028,4643,481.99600,46.43000,2.56171,,,,,0.67026,1
028,4644,482.09698,46.44000,2.56244,,,,,0.67021,1
028,4645,482.19601,46.45000,2.56406,,,,,0.67016,1
028,4646,482.30301,46.46000,2.56516,,,,,0.67011,1
028,4647,482.39001,46.47000,2.56641,,,,,0.67007,1
028,4648,482.49799,46.48000,2.56778,,,,,0.67002,1
028,4649,482.59900,46.49000,2.56914,,,,,0.66997,1
028,4650,482.68399,46.50000,2.57047,,,,,0.66992,1
028,4651,482.79700,46.51000,2.57194,,,,,0.66987,1
028,4652,482.89600,46.52000,2.57240,,,,,0.66982,1
028,4653,483.00500,46.53000,2.57360,,,,,0.66976,1
028,4654,483.09601,46.54000,2.57539,,,,,0.66972,1
028,4655,483.20099,46.55000,2.57675,,,,,0.66967,1
028,4656,483.29501,46.56000,2.57846,,,,,0.66962,1
028,4657,483.39899,46.57000,2.57884,,,,,0.66957,1
028,4658,483.49301,46.58000,2.58037,,,,,0.66952,1
028,4659,483.60001,46.59000,2.58183,,,,,0.66947,1
028,4660,483.69699,46.60000,2.58300,,,,,0.66942,1
028,4661,483.78799,46.61000,2.58462,,,,,0.66938,1
028,4662,483.90100,46.62000,2.58645,,,,,0.66932,1
028,4663,483.99500,46.63000,2.58780,,,,,0.66928,1
028,4664,484.09698,46.64000,2.58934,,,,,0.66923,1
028,4665,484.19800,46.65000,2.59088,,,,,0.66918,1
028,4666,484.30200,46.66000,2.59135,,,,,0.66912,1
028,4667,484.39099,46.67000,2.59269,,,,,0.66908,1
028,4668,484.49200,46.68000,2.59414,,,,,0.66903,1
028,4669,484.59900,46.69000,2.59588,,,,,0.66898,1
028,4670,484.68399,46.70000,2.59721,,,,,0.66894,1
028,4671,484.79199,46.71000,2.59850,,,,,0.66888,1
028,4672,484.89401,46.72000,2.59995,,,,,0.66883,1
028,4673,484.99899,46.73000,2.60096,,,,,0.66878,1
028,4674,485.09000,46.74000,2.60177,,,,,0.66874,1
028,4675,485.19101,46.75000,2.60349,,,,,0.66869,1
028,4676,485.29300,46.76000,2.60504,,,,,0.66864,1
028,4677,485.39301,46.77000,2.60676,,,,,0.66859,1
028,4678,485.49301,46.78000,2.60821,,,,,0.66854,1
028,4679,485.59299,46.79000,2.60966,,,,,0.66849,1
028,4680,485.69101,46.80000,2.61084,,,,,0.66844,1
028,4681,485.78201,46.81000,2.61201,,,,,0.66840,1
028,4682,485.88699,46.82000,2.61338,,,,,0.66835,1
028,4683,485.98599,46.83000,2.61474,,,,,0.66830,1
028,4684,486.08301,46.84000,2.61502,,,,,0.66825,1
028,4685,486.18701,46.85000,2.61666,,,,,0.66820,1
028,4686,486.29300,46.86000,2.61803,,,,,0.66815,1
028,4687,486.38101,46.87000,2.61955,,,,,0.66810,1
028,4688,486.48599,46.88000,2.62111,,,,,0.66805,1
028,4689,486.58899,46.89000,2.62275,,,,,0.66800,1
028,4690,486.68201,46.90000,2.62428,,,,,0.66796,1
028,4691,486.78500,46.91000,2.62565,,,,,0.66790,1
028,4692,486.88800,46.92000,2.62711,,,,,0.66785,1
028,4693,486.98801,46.93000,2.62856,,,,,0.66781,1
028,4694,487.08401,46.94000,2.63001,,,,,0.66776,1
028,4695,487.18799,46.95000,2.63075,,,,,0.66771,1
028,4696,487.29901,46.96000,2.63277,,,,,0.66765,1
028,4697,487.39301,46.97000,2.63466,,,,,0.66761,1
028,4698,487.48599,46.98000,2.63575,,,,,0.66756,1
028,4699,487.59000,46.99000,2.63694,,,,,0.66751,1
028,4700,487.68301,47.00000,2.63820,,,,,0.66747,1
028,4701,487.78299,47.01000,2.63975,,,,,0.66742,1
028,4702,487.89600,47.02000,2.64132,,,,,0.66736,1
028,4703,487.99301,47.03000,2.64268,,,,,0.66731,1
028,4704,488.08600,47.04000,2.64412,,,,,0.66727,1
028,4705,488.18500,47.05000,2.64531,,,,,0.66722,1
028,4706,488.29099,47.06000,2.64677,,,,,0.66717,1
028,4707,488.39700,47.07000,2.64815,,,,,0.66712,1
028,4708,488.48300,47.08000,2.64868,,,,,0.66707,1
028,4709,488.57800,47.09000,2.65103,,,,,0.66703,1
028,4710,488.69101,47.10000,2.65206,,,,,0.66697,1
028,4711,488.78799,47.11000,2.65234,,,,,0.66693,1
028,4712,488.89001,47.12000,2.65362,,,,,0.66688,1
028,4713,488.97800,47.13000,2.65614,,,,,0.66683,1
028,4714,489.07300,47.14000,2.65786,,,,,0.66679,1
028,4715,489.19101,47.15000,2.65890,,,,,0.66673,1
028,4716,489.27701,47.16000,2.66051,,,,,0.66669,1
028,4717,489.36899,47.17000,2.66214,,,,,0.66664,1
028,4718,489.47198,47.18000,2.66360,,,,,0.66659,1
028,4719,489.57800,47.19000,2.66516,,,,,0.66654,1
028,4720,489.68399,47.20000,2.66627,,,,,0.66649,1
028,4721,489.78299,47.21000,2.66664,,,,,0.66644,1
028,4722,489.88599,47.22000,2.66811,,,,,0.66639,1
028,4723,489.98099,47.23000,2.67001,,,,,0.66635,1
028,4724,490.07599,47.24000,2.67155,,,,,0.66630,1
028,4725,490.17099,47.25000,2.67237,,,,,0.66625,1
028,4726,490.27600,47.26000,2.67384,,,,,0.66620,1
028,4727,490.38199,47.27000,2.67576,,,,,0.66615,1
028,4728,490.47501,47.28000,2.67730,,,,,0.66611,1
028,4729,490.57599,47.29000,2.67804,,,,,0.66606,1
028,4730,490.67200,47.30000,2.67985,,,,,0.66601,1
028,4731,490.77301,47.31000,2.68141,,,,,0.66596,1
028,4732,490.87000,47.32000,2.68295,,,,,0.66591,1
028,4733,490.97198,47.33000,2.68460,,,,,0.66586,1
028,4734,491.06900,47.34000,2.68605,,,,,0.66582,1
028,4735,491.16800,47.35000,2.68643,,,,,0.66577,1
028,4736,491.28000,47.36000,2.68809,,,,,0.66572,1
028,4737,491.36499,47.37000,2.68953,,,,,0.66567,1
028,4738,491.46899,47.38000,2.69109,,,,,0.66562,1
028,4739,491.57101,47.39000,2.69273,,,,,0.66557,1
028,4740,491.67300,47.40000,2.69420,,,,,0.66552,1
028,4741,491.77499,47.41000,2.69567,,,,,0.66548,1
028,4742,491.87100,47.42000,2.69739,,,,,0.66543,1
028,4743,491.96701,47.43000,2.69876,,,,,0.66538,1
028,4744,492.07300,47.44000,2.69933,,,,,0.66533,1
028,4745,492.17099,47.45000,2.70196,,,,,0.66528,1
028,4746,492.26801,47.46000,2.70288,,,,,0.66524,1
028,4747,492.37201,47.47000,2.70444,,,,,0.66519,1
028,4748,492.47699,47.48000,2.70618,,,,,0.66514,1
028,4749,492.56699,47.49000,2.70772,,,,,0.66509,1
028,4750,492.67200,47.50000,2.70847,,,,,0.66504,1
028,4751,492.77301,47.51000,2.70993,,,,,0.66499,1
028,4752,492.86899,47.52000,2.71166,,,,,0.66495,1
028,4753,492.96600,47.53000,2.71339,,,,,0.66490,1
028,4754,493.06201,47.54000,2.71539,,,,,0.66485,1
028,4755,493.17001,47.55000,2.71615,,,,,0.66480,1
028,4756,493.27399,47.56000,2.71807,,,,,0.66475,1
028,4757,493.36499,47.57000,2.71934,,,,,0.66471,1
028,4758,493.47101,47.58000,2.72118,,,,,0.66466,1
028,4759,493.57101,47.59000,2.72310,,,,,0.66461,1
028,4760,493.66901,47.60000,2.72438,,,,,0.66456,1
028,4761,493.77200,47.61000,2.72476,,,,,0.66451,1
028,4762,493.86600,47.62000,2.72604,,,,,0.66447,1
028,4763,493.96600,47.63000,2.72823,,,,,0.66442,1
028,4764,494.07001,47.64000,2.72880,,,,,0.66437,1
028,4765,494.16699,47.65000,2.73071,,,,,0.66432,1
028,4766,494.26599,47.66000,2.73236,,,,,0.66427,1
028,4767,494.37399,47.67000,2.73393,,,,,0.66422,1
028,4768,494.47601,47.68000,2.73549,,,,,0.66417,1
028,4769,494.56500,47.69000,2.73721,,,,,0.66413,1
028,4770,494.67300,47.70000,2.73878,,,,,0.66408,1
028,4771,494.77100,47.71000,2.73988,,,,,0.66403,1
028,4772,494.87500,47.72000,2.74136,,,,,0.66398,1
028,4773,494.95999,47.73000,2.74289,,,,,0.66394,1
028,4774,495.07101,47.74000,2.74456,,,,,0.66389,1
028,4775,495.17001,47.75000,2.74584,,,,,0.66384,1
028,4776,495.26401,47.76000,2.74703,,,,,0.66379,1
028,4777,495.36801,47.77000,2.74869,,,,,0.66374,1
028,4778,495.47400,47.78000,2.75035,,,,,0.66369,1
028,4779,495.56400,47.79000,2.75198,,,,,0.66365,1
028,4780,495.67700,47.80000,2.75311,,,,,0.66359,1
028,4781,495.76199,47.81000,2.75455,,,,,0.66355,1
028,4782,495.87201,47.82000,2.75604,,,,,0.66350,1
028,4783,495.96301,47.83000,2.75749,,,,,0.66346,1
028,4784,496.05899,47.84000,2.75886,,,,,0.66341,1
028,4785,496.16000,47.85000,2.76024,,,,,0.66336,1
028,4786,496.26999,47.86000,2.76191,,,,,0.66331,1
028,4787,496.37100,47.87000,2.76266,,,,,0.66326,1
028,4788,496.47198,47.88000,2.76459,,,,,0.66321,1
028,4789,496.56900,47.89000,2.76669,,,,,0.66317,1
028,4790,496.67200,47.90000,2.76871,,,,,0.66312,1
028,4791,496.76999,47.91000,2.77008,,,,,0.66307,1
028,4792,496.87201,47.92000,2.77038,,,,,0.66302,1
028,4793,496.97198,47.93000,2.77185,,,,,0.66297,1
028,4794,497.06500,47.94000,2.77331,,,,,0.66293,1
028,4795,497.15900,47.95000,2.77513,,,,,0.66288,1
028,4796,497.26599,47.96000,2.77725,,,,,0.66283,1
028,4797,497.35999,47.97000,2.77862,,,,,0.66279,1
028,4798,497.45401,47.98000,2.78008,,,,,0.66274,1
028,4799,497.55801,47.99000,2.78111,,,,,0.66269,1
028,4800,497.65302,48.00000,2.78302,,,,,0.66265,1
028,4801,497.76401,48.01000,2.78479,,,,,0.66260,1
028,4802,497.85699,48.02000,2.78643,,,,,0.66255,1
028,4803,497.95801,48.03000,2.78782,,,,,0.66250,1
028,4804,498.06000,48.04000,2.78938,,,,,0.66245,1
028,4805,498.15701,48.05000,2.79076,,,,,0.66241,1
028,4806,498.25900,48.06000,2.79242,,,,,0.66236,1
028,4807,498.36099,48.07000,2.79390,,,,,0.66231,1
028,4808,498.45901,48.08000,2.79546,,,,,0.66226,1
028,4809,498.56400,48.09000,2.79685,,,,,0.66221,1
028,4810,498.66299,48.10000,2.79787,,,,,0.66217,1
028,4811,498.76300,48.11000,2.80025,,,,,0.66212,1
028,4812,498.86200,48.12000,2.80136,,,,,0.66207,1
028,4813,498.96201,48.13000,2.80247,,,,,0.66202,1
028,4814,499.05801,48.14000,2.80412,,,,,0.66198,1
028,4815,499.15601,48.15000,2.80595,,,,,0.66193,1
028,4816,499.25800,48.16000,2.80752,,,,,0.66188,1
028,4817,499.35300,48.17000,2.80944,,,,,0.66184,1
028,4818,499.45700,48.18000,2.81038,,,,,0.66179,1
028,4819,499.54901,48.19000,2.81093,,,,,0.66175,1
028,4820,499.65701,48.20000,2.81361,,,,,0.66169,1
028,4821,499.75900,48.21000,2.81472,,,,,0.66165,1
028,4822,499.85501,48.22000,2.81628,,,,,0.66160,1
028,4823,499.96701,48.23000,2.81724,,,,,0.66155,1
028,4824,500.05600,48.24000,2.81887,,,,,0.66150,1
028,4825,500.15500,48.25000,2.82017,,,,,0.66146,1
028,4826,500.25601,48.26000,2.82165,,,,,0.66141,1
028,4827,500.35599,48.27000,2.82349,,,,,0.66136,1
028,4828,500.45599,48.28000,2.82487,,,,,0.66131,1
028,4829,500.56000,48.29000,2.82645,,,,,0.66126,1
028,4830,500.65399,48.30000,2.82810,,,,,0.66122,1
028,4831,500.75500,48.31000,2.83012,,,,,0.66117,1
028,4832,500.85901,48.32000,2.83106,,,,,0.66112,1
028,4833,500.96600,48.33000,2.83228,,,,,0.66107,1
028,4834,501.06299,48.34000,2.83421,,,,,0.66103,1
028,4835,501.16299,48.35000,2.83569,,,,,0.66098,1
028,4836,501.25500,48.36000,2.83742,,,,,0.66094,1
028,4837,501.36499,48.37000,2.83892,,,,,0.66088,1
028,4838,501.46399,48.38000,2.84040,,,,,0.66084,1
028,4839,501.56500,48.39000,2.84170,,,,,0.66079,1
028,4840,501.66501,48.40000,2.84318,,,,,0.66074,1
028,4841,501.76501,48.41000,2.84456,,,,,0.66069,1
028,4842,501.85501,48.42000,2.84575,,,,,0.66065,1
028,4843,501.96701,48.43000,2.84707,,,,,0.66060,1
028,4844,502.06699,48.44000,2.84910,,,,,0.66055,1
028,4845,502.15302,48.45000,2.85055,,,,,0.66051,1
028,4846,502.25900,48.46000,2.85213,,,,,0.66046,1
028,4847,502.36301,48.47000,2.85381,,,,,0.66041,1
028,4848,502.45300,48.48000,2.85517,,,,,0.66037,1
028,4849,502.55899,48.49000,2.85676,,,,,0.66032,1
028,4850,502.64801,48.50000,2.85849,,,,,0.66028,1
028,4851,502.76099,48.51000,2.85991,,,,,0.66022,1
028,4852,502.85199,48.52000,2.86128,,,,,0.66018,1
028,4853,502.95599,48.53000,2.86204,,,,,0.66013,1
028,4854,503.06100,48.54000,2.86335,,,,,0.66008,1
028,4855,503.16299,48.55000,2.86511,,,,,0.66003,1
028,4856,503.26401,48.56000,2.86659,,,,,0.65998,1
028,4857,503.35300,48.57000,2.86796,,,,,0.65994,1
028,4858,503.45599,48.58000,2.86945,,,,,0.65989,1
028,4859,503.55399,48.59000,2.87074,,,,,0.65985,1
028,4860,503.66199,48.60000,2.87224,,,,,0.65980,1
028,4861,503.76199,48.61000,2.87400,,,,,0.65975,1
028,4862,503.85699,48.62000,2.87566,,,,,0.65971,1
028,4863,503.95700,48.63000,2.87714,,,,,0.65966,1
028,4864,504.06400,48.64000,2.87809,,,,,0.65961,1
028,4865,504.15900,48.65000,2.87965,,,,,0.65956,1
028,4866,504.25900,48.66000,2.88105,,,,,0.65952,1
028,4867,504.35699,48.67000,2.88225,,,,,0.65947,1
028,4868,504.45200,48.68000,2.88409,,,,,0.65942,1
028,4869,504.55099,48.69000,2.88566,,,,,0.65938,1
028,4870,504.65500,48.70000,2.88752,,,,,0.65933,1
028,4871,504.75800,48.71000,2.88910,,,,,0.65928,1
028,4872,504.85699,48.72000,2.89068,,,,,0.65923,1
028,4873,504.95499,48.73000,2.89179,,,,,0.65919,1
028,4874,505.04999,48.74000,2.89308,,,,,0.65914,1
028,4875,505.15799,48.75000,2.89477,,,,,0.65909,1
028,4876,505.25400,48.76000,2.89634,,,,,0.65905,1
028,4877,505.35599,48.77000,2.89801,,,,,0.65900,1
028,4878,505.45901,48.78000,2.89923,,,,,0.65895,1
028,4879,505.55899,48.79000,2.90108,,,,,0.65890,1
028,4880,505.65701,48.80000,2.90265,,,,,0.65886,1
028,4881,505.75500,48.81000,2.90459,,,,,0.65881,1
028,4882,505.84900,48.82000,2.90570,,,,,0.65877,1
028,4883,505.95099,48.83000,2.90746,,,,,0.65872,1
028,4884,506.05399,48.84000,2.90932,,,,,0.65867,1
028,4885,506.15601,48.85000,2.91127,,,,,0.65862,1
028,4886,506.25101,48.86000,2.91211,,,,,0.65858,1
028,4887,506.36301,48.87000,2.91335,,,,,0.65853,1
028,4888,506.45599,48.88000,2.91482,,,,,0.65848,1
028,4889,506.55200,48.89000,2.91621,,,,,0.65844,1
028,4890,506.65500,48.90000,2.91843,,,,,0.65839,1
028,4891,506.74701,48.91000,2.91981,,,,,0.65835,1
028,4892,506.86099,48.92000,2.92005,,,,,0.65829,1
028,4893,506.95599,48.93000,2.92198,,,,,0.65825,1
028,4894,507.04999,48.94000,2.92392,,,,,0.65821,1
028,4895,507.15601,48.95000,2.92542,,,,,0.65816,1
028,4896,507.25000,48.96000,2.92763,,,,,0.65811,1
028,4897,507.34698,48.97000,2.92929,,,,,0.65807,1
028,4898,507.44501,48.98000,2.93050,,,,,0.65802,1
028,4899,507.54800,48.99000,2.93218,,,,,0.65797,1
028,4900,507.64801,49.00000,2.93367,,,,,0.65793,1
028,4901,507.74600,49.01000,2.93525,,,,,0.65788,1
028,4902,507.83499,49.02000,2.93690,,,,,0.65784,1
028,4903,507.94501,49.03000,2.93859,,,,,0.65779,1
028,4904,508.05600,49.04000,2.93937,,,,,0.65773,1
028,4905,508.14801,49.05000,2.94139,,,,,0.65769,1
028,4906,508.25201,49.06000,2.94234,,,,,0.65764,1
028,4907,508.34799,49.07000,2.94401,,,,,0.65760,1
028,4908,508.44400,49.08000,2.94577,,,,,0.65755,1
028,4909,508.54300,49.09000,2.94726,,,,,0.65751,1
028,4910,508.64801,49.10000,2.94857,,,,,0.65746,1
028,4911,508.74200,49.11000,2.95042,,,,,0.65741,1
028,4912,508.84698,49.12000,2.95201,,,,,0.65737,1
028,4913,508.94400,49.13000,2.95368,,,,,0.65732,1
028,4914,509.04501,49.14000,2.95472,,,,,0.65727,1
028,4915,509.14600,49.15000,2.95594,,,,,0.65723,1
028,4916,509.24100,49.16000,2.95797,,,,,0.65718,1
028,4917,509.34100,49.17000,2.95974,,,,,0.65713,1
028,4918,509.44101,49.18000,2.96132,,,,,0.65709,1
028,4919,509.54999,49.19000,2.96301,,,,,0.65704,1
028,4920,509.64001,49.20000,2.96467,,,,,0.65700,1
028,4921,509.73999,49.21000,2.96598,,,,,0.65695,1
028,4922,509.84100,49.22000,2.96748,,,,,0.65690,1
028,4923,509.94601,49.23000,2.96907,,,,,0.65685,1
028,4924,510.04199,49.24000,2.97083,,,,,0.65681,1
028,4925,510.14700,49.25000,2.97215,,,,,0.65676,1
028,4926,510.23599,49.26000,2.97335,,,,,0.65672,1
028,4927,510.35001,49.27000,2.97524,,,,,0.65667,1
028,4928,510.44601,49.28000,2.97709,,,,,0.65662,1
028,4929,510.53500,49.29000,2.97893,,,,,0.65658,1
028,4930,510.63901,49.30000,2.98071,,,,,0.65653,1
028,4931,510.73599,49.31000,2.98247,,,,,0.65649,1
028,4932,510.83801,49.32000,2.98415,,,,,0.65644,1
028,4933,510.94299,49.33000,2.98548,,,,,0.65639,1
028,4934,511.04401,49.34000,2.98688,,,,,0.65634,1
028,4935,511.13300,49.35000,2.98780,,,,,0.65630,1
028,4936,511.23499,49.36000,2.98976,,,,,0.65625,1
028,4937,511.32800,49.37000,2.99170,,,,,0.65621,1
028,4938,511.42700,49.38000,2.99274,,,,,0.65616,1
028,4939,511.53799,49.39000,2.99398,,,,,0.65611,1
028,4940,511.63800,49.40000,2.99667,,,,,0.65607,1
028,4941,511.74100,49.41000,2.99872,,,,,0.65602,1
028,4942,511.83899,49.42000,2.99921,,,,,0.65597,1
028,4943,511.93201,49.43000,3.00051,,,,,0.65593,1
028,4944,512.03900,49.44000,3.00257,,,,,0.65588,1
028,4945,512.14502,49.45000,3.00426,,,,,0.65583,1
028,4946,512.23700,49.46000,3.00519,,,,,0.65579,1
028,4947,512.33698,49.47000,3.00697,,,,,0.65574,1
028,4948,512.44098,49.48000,3.00866,,,,,0.65569,1
028,4949,512.54700,49.49000,3.01035,,,,,0.65565,1
028,4950,512.64801,49.50000,3.01185,,,,,0.65560,1
028,4951,512.73700,49.51000,3.01351,,,,,0.65556,1
028,4952,512.84003,49.52000,3.01520,,,,,0.65551,1
028,4953,512.93701,49.53000,3.01706,,,,,0.65546,1
028,4954,513.03198,49.54000,3.01882,,,,,0.65542,1
028,4955,513.13898,49.55000,3.02070,,,,,0.65537,1
028,4956,513.24298,49.56000,3.02221,,,,,0.65532,1
028,4957,513.34698,49.57000,3.02409,,,,,0.65527,1
028,4958,513.44800,49.58000,3.02577,,,,,0.65523,1
028,4959,513.53900,49.59000,3.02716,,,,,0.65519,1
028,4960,513.63501,49.60000,3.02773,,,,,0.65514,1
028,4961,513.73798,49.61000,3.02896,,,,,0.65509,1
028,4962,513.83899,49.62000,3.03102,,,,,0.65505,1
028,4963,513.94000,49.63000,3.03261,,,,,0.65500,1
028,4964,514.03198,49.64000,3.03446,,,,,0.65496,1
028,4965,514.14398,49.65000,3.03627,,,,,0.65491,1
028,4966,514.24200,49.66000,3.03786,,,,,0.65486,1
028,4967,514.33899,49.67000,3.03963,,,,,0.65482,1
028,4968,514.43597,49.68000,3.04121,,,,,0.65477,1
028,4969,514.52802,49.69000,3.04279,,,,,0.65473,1
028,4970,514.63898,49.70000,3.04349,,,,,0.65468,1
028,4971,514.73199,49.71000,3.04497,,,,,0.65464,1
028,4972,514.84802,49.72000,3.04669,,,,,0.65458,1
028,4973,514.94501,49.73000,3.04874,,,,,0.65454,1
028,4974,515.04901,49.74000,3.05035,,,,,0.65449,1
028,4975,515.14899,49.75000,3.05185,,,,,0.65444,1
028,4976,515.24200,49.76000,3.05343,,,,,0.65440,1
028,4977,515.34601,49.77000,3.05522,,,,,0.65435,1
028,4978,515.44897,49.78000,3.05673,,,,,0.65430,1
028,4979,515.54700,49.79000,3.05841,,,,,0.65426,1
028,4980,515.64099,49.80000,3.05990,,,,,0.65422,1
028,4981,515.74103,49.81000,3.06131,,,,,0.65417,1
028,4982,515.84003,49.82000,3.06290,,,,,0.65412,1
028,4983,515.94299,49.83000,3.06442,,,,,0.65408,1
028,4984,516.04602,49.84000,3.06593,,,,,0.65403,1
028,4985,516.14502,49.85000,3.06715,,,,,0.65398,1
028,4986,516.24200,49.86000,3.06828,,,,,0.65394,1
028,4987,516.34497,49.87000,3.07071,,,,,0.65389,1
028,4988,516.43903,49.88000,3.07175,,,,,0.65385,1
028,4989,516.53699,49.89000,3.07325,,,,,0.65380,1
028,4990,516.63599,49.90000,3.07484,,,,,0.65376,1
028,4991,516.73999,49.91000,3.07700,,,,,0.65371,1
028,4992,516.84100,49.92000,3.07869,,,,,0.65366,1
028,4993,516.94202,49.93000,3.08011,,,,,0.65362,1
028,4994,517.03003,49.94000,3.08058,,,,,0.65358,1
028,4995,517.13898,49.95000,3.08228,,,,,0.65353,1
028,4996,517.23199,49.96000,3.08470,,,,,0.65348,1
028,4997,517.33301,49.97000,3.08639,,,,,0.65344,1
028,4998,517.43701,49.98000,3.08827,,,,,0.65339,1
028,4999,517.53802,49.99000,3.08997,,,,,0.65334,1
028,5000,517.64203,50.00000,3.09139,,,,,0.65330,1
028,5001,517.74500,50.01000,3.09217,,,,,0.65325,1
028,5002,517.84198,50.02000,3.09404,,,,,0.65320,1
028,5003,517.93701,50.03000,3.09609,,,,,0.65316,1
028,5004,518.04102,50.04000,3.09714,,,,,0.65311,1
028,5005,518.13098,50.05000,3.09817,,,,,0.65307,1
028,5006,518.23297,50.06000,3.09950,,,,,0.65303,1
028,5007,518.33600,50.07000,3.10129,,,,,0.65298,1
028,5008,518.43597,50.08000,3.10298,,,,,0.65293,1
028,5009,518.53900,50.09000,3.10468,,,,,0.65289,1
028,5010,518.63702,50.10000,3.10600,,,,,0.65284,1
028,5011,518.73297,50.11000,3.10750,,,,,0.65280,1
028,5012,518.83801,50.12000,3.10902,,,,,0.65275,1
028,5013,518.93799,50.13000,3.11145,,,,,0.65270,1
028,5014,519.03998,50.14000,3.11186,,,,,0.65266,1
028,5015,519.13599,50.15000,3.11336,,,,,0.65261,1
028,5016,519.23798,50.16000,3.11524,,,,,0.65257,1
028,5017,519.33398,50.17000,3.11748,,,,,0.65252,1
028,5018,519.43402,50.18000,3.11825,,,,,0.65248,1
028,5019,519.54498,50.19000,3.12025,,,,,0.65243,1
028,5020,519.63800,50.20000,3.12212,,,,,0.65238,1
028,5021,519.74200,50.21000,3.12456,,,,,0.65234,1
028,5022,519.83197,50.22000,3.12623,,,,,0.65229,1
028,5023,519.94202,50.23000,3.12721,,,,,0.65224,1
028,5024,520.03302,50.24000,3.12796,,,,,0.65220,1
028,5025,520.12799,50.25000,3.12983,,,,,0.65216,1
028,5026,520.23499,50.26000,3.13145,,,,,0.65211,1
028,5027,520.33899,50.27000,3.13307,,,,,0.65206,1
028,5028,520.44098,50.28000,3.13523,,,,,0.65202,1
028,5029,520.53699,50.29000,3.13701,,,,,0.65197,1
028,5030,520.63397,50.30000,3.13861,,,,,0.65193,1
028,5031,520.73999,50.31000,3.13912,,,,,0.65188,1
028,5032,520.83899,50.32000,3.14044,,,,,0.65183,1
028,5033,520.93201,50.33000,3.14259,,,,,0.65179,1
028,5034,521.02899,50.34000,3.14446,,,,,0.65175,1
028,5035,521.13000,50.35000,3.14653,,,,,0.65170,1
028,5036,521.23499,50.36000,3.14713,,,,,0.65165,1
028,5037,521.33398,50.37000,3.14892,,,,,0.65161,1
028,5038,521.43500,50.38000,3.15127,,,,,0.65156,1
028,5039,521.53497,50.39000,3.15232,,,,,0.65152,1
028,5040,521.62903,50.40000,3.15373,,,,,0.65147,1
028,5041,521.73999,50.41000,3.15555,,,,,0.65142,1
028,5042,521.82800,50.42000,3.15703,,,,,0.65138,1
028,5043,521.93903,50.43000,3.15857,,,,,0.65133,1
028,5044,522.03497,50.44000,3.15989,,,,,0.65129,1
028,5045,522.13501,50.45000,3.16159,,,,,0.65124,1
028,5046,522.23199,50.46000,3.16319,,,,,0.65120,1
028,5047,522.33698,50.47000,3.16500,,,,,0.65115,1
028,5048,522.43402,50.48000,3.16641,,,,,0.65111,1
028,5049,522.52502,50.49000,3.16810,,,,,0.65107,1
028,5050,522.63501,50.50000,3.16917,,,,,0.65102,1
028,5051,522.73602,50.51000,3.17060,,,,,0.65097,1
028,5052,522.82800,50.52000,3.17237,,,,,0.65093,1
028,5053,522.92700,50.53000,3.17324,,,,,0.65088,1
028,5054,523.03302,50.54000,3.17551,,,,,0.65084,1
028,5055,523.13202,50.55000,3.17684,,,,,0.65079,1
028,5056,523.23297,50.56000,3.17864,,,,,0.65074,1
028,5057,523.33899,50.57000,3.18026,,,,,0.65070,1
028,5058,523.43500,50.58000,3.18204,,,,,0.65065,1
028,5059,523.52301,50.59000,3.18354,,,,,0.65061,1
028,5060,523.63000,50.60000,3.18553,,,,,0.65056,1
028,5061,523.73401,50.61000,3.18715,,,,,0.65052,1
028,5062,523.82501,50.62000,3.18791,,,,,0.65048,1
028,5063,523.93298,50.63000,3.18926,,,,,0.65043,1
028,5064,524.02600,50.64000,3.19104,,,,,0.65038,1
028,5065,524.13098,50.65000,3.19294,,,,,0.65034,1
028,5066,524.23199,50.66000,3.19455,,,,,0.65029,1
028,5067,524.32599,50.67000,3.19643,,,,,0.65025,1
028,5068,524.44000,50.68000,3.19779,,,,,0.65020,1
028,5069,524.53101,50.69000,3.19911,,,,,0.65016,1
028,5070,524.62903,50.70000,3.20090,,,,,0.65011,1
028,5071,524.72998,50.71000,3.20289,,,,,0.65007,1
028,5072,524.82898,50.72000,3.20440,,,,,0.65002,1
028,5073,524.92902,50.73000,3.20611,,,,,0.64998,1
028,5074,525.02399,50.74000,3.20771,,,,,0.64993,1
028,5075,525.13898,50.75000,3.20917,,,,,0.64988,1
028,5076,525.22601,50.76000,3.21002,,,,,0.64984,1
028,5077,525.32098,50.77000,3.21152,,,,,0.64980,1
028,5078,525.42102,50.78000,3.21351,,,,,0.64975,1
028,5079,525.52301,50.79000,3.21531,,,,,0.64971,1
028,5080,525.63300,50.80000,3.21686,,,,,0.64966,1
028,5081,525.72498,50.81000,3.21873,,,,,0.64961,1
028,5082,525.83398,50.82000,3.22046,,,,,0.64957,1
028,5083,525.92902,50.83000,3.22206,,,,,0.64952,1
028,5084,526.03198,50.84000,3.22377,,,,,0.64948,1
028,5085,526.12903,50.85000,3.22520,,,,,0.64943,1
028,5086,526.22498,50.86000,3.22699,,,,,0.64939,1
028,5087,526.32098,50.87000,3.22869,,,,,0.64935,1
028,5088,526.42603,50.88000,3.23041,,,,,0.64930,1
028,5089,526.52399,50.89000,3.23100,,,,,0.64925,1
028,5090,526.62402,50.90000,3.23289,,,,,0.64921,1
028,5091,526.72601,50.91000,3.23433,,,,,0.64916,1
028,5092,526.82898,50.92000,3.23586,,,,,0.64912,1
028,5093,526.92499,50.93000,3.23756,,,,,0.64907,1
028,5094,527.02002,50.94000,3.23907,,,,,0.64903,1
028,5095,527.12097,50.95000,3.24097,,,,,0.64898,1
028,5096,527.23199,50.96000,3.24289,,,,,0.64893,1
028,5097,527.32501,50.97000,3.24486,,,,,0.64889,1
028,5098,527.42297,50.98000,3.24629,,,,,0.64885,1
028,5099,527.52802,50.99000,3.24801,,,,,0.64880,1
028,5100,527.62903,51.00000,3.24954,,,,,0.64875,1
028,5101,527.72900,51.01000,3.25106,,,,,0.64871,1
028,5102,527.82501,51.02000,3.25267,,,,,0.64867,1
028,5103,527.91498,51.03000,3.25417,,,,,0.64863,1
028,5104,528.01599,51.04000,3.25607,,,,,0.64858,1
028,5105,528.11700,51.05000,3.25677,,,,,0.64854,1
028,5106,528.22198,51.06000,3.25886,,,,,0.64849,1
028,5107,528.31897,51.07000,3.26038,,,,,0.64844,1
028,5108,528.42499,51.08000,3.26229,,,,,0.64840,1
028,5109,528.52698,51.09000,3.26354,,,,,0.64835,1
028,5110,528.60999,51.10000,3.26475,,,,,0.64831,1
028,5111,528.71503,51.11000,3.26610,,,,,0.64827,1
028,5112,528.81500,51.12000,3.26772,,,,,0.64822,1
028,5113,528.91699,51.13000,3.26953,,,,,0.64817,1
028,5114,529.01898,51.14000,3.27116,,,,,0.64813,1
028,5115,529.11603,51.15000,3.27259,,,,,0.64809,1
028,5116,529.22302,51.16000,3.27450,,,,,0.64804,1
028,5117,529.31897,51.17000,3.27630,,,,,0.64799,1
028,5118,529.42297,51.18000,3.27774,,,,,0.64795,1
028,5119,529.51501,51.19000,3.27926,,,,,0.64791,1
028,5120,529.61603,51.20000,3.28125,,,,,0.64786,1
028,5121,529.71503,51.21000,3.28259,,,,,0.64782,1
028,5122,529.81201,51.22000,3.28439,,,,,0.64777,1
028,5123,529.91400,51.23000,3.28574,,,,,0.64773,1
028,5124,530.02502,51.24000,3.28739,,,,,0.64768,1
028,5125,530.11798,51.25000,3.28881,,,,,0.64763,1
028,5126,530.21698,51.26000,3.29052,,,,,0.64759,1
028,5127,530.31897,51.27000,3.29243,,,,,0.64754,1
028,5128,530.42200,51.28000,3.29406,,,,,0.64750,1
028,5129,530.51599,51.29000,3.29529,,,,,0.64746,1
028,5130,530.62201,51.30000,3.29795,,,,,0.64741,1
028,5131,530.71698,51.31000,3.29966,,,,,0.64737,1
028,5132,530.82599,51.32000,3.30047,,,,,0.64732,1
028,5133,530.91998,51.33000,3.30189,,,,,0.64727,1
028,5134,531.02399,51.34000,3.30362,,,,,0.64723,1
028,5135,531.12201,51.35000,3.30542,,,,,0.64718,1
028,5136,531.22198,51.36000,3.30733,,,,,0.64714,1
028,5137,531.31897,51.37000,3.30885,,,,,0.64710,1
028,5138,531.42798,51.38000,3.31050,,,,,0.64705,1
028,5139,531.52301,51.39000,3.31192,,,,,0.64700,1
028,5140,531.62097,51.40000,3.31364,,,,,0.64696,1
028,5141,531.71698,51.41000,3.31553,,,,,0.64692,1
028,5142,531.81201,51.42000,3.31687,,,,,0.64687,1
028,5143,531.92200,51.43000,3.31786,,,,,0.64683,1
028,5144,532.02698,51.44000,3.31904,,,,,0.64678,1
028,5145,532.12000,51.45000,3.32130,,,,,0.64674,1
028,5146,532.22400,51.46000,3.32321,,,,,0.64669,1
028,5147,532.31799,51.47000,3.32473,,,,,0.64665,1
028,5148,532.42297,51.48000,3.32628,,,,,0.64660,1
028,5149,532.52502,51.49000,3.32782,,,,,0.64656,1
028,5150,532.62000,51.50000,3.32925,,,,,0.64651,1
028,5151,532.72302,51.51000,3.33079,,,,,0.64647,1
028,5152,532.82800,51.52000,3.33177,,,,,0.64642,1
028,5153,532.92297,51.53000,3.33376,,,,,0.64638,1
028,5154,533.02002,51.54000,3.33594,,,,,0.64633,1
028,5155,533.13202,51.55000,3.33723,,,,,0.64628,1
028,5156,533.22302,51.56000,3.33837,,,,,0.64624,1
028,5157,533.32501,51.57000,3.33991,,,,,0.64620,1
028,5158,533.41803,51.58000,3.34189,,,,,0.64616,1
028,5159,533.52502,51.59000,3.34354,,,,,0.64611,1
028,5160,533.61902,51.60000,3.34478,,,,,0.64607,1
028,5161,533.72302,51.61000,3.34632,,,,,0.64602,1
028,5162,533.82202,51.62000,3.34804,,,,,0.64598,1
028,5163,533.92102,51.63000,3.34986,,,,,0.64593,1
028,5164,534.02301,51.64000,3.35168,,,,,0.64589,1
028,5165,534.11499,51.65000,3.35338,,,,,0.64585,1
028,5166,534.21399,51.66000,3.35445,,,,,0.64580,1
028,5167,534.32202,51.67000,3.35629,,,,,0.64575,1
028,5168,534.41998,51.68000,3.35782,,,,,0.64571,1
028,5169,534.52301,51.69000,3.35936,,,,,0.64566,1
028,5170,534.61401,51.70000,3.36079,,,,,0.64562,1
028,5171,534.71198,51.71000,3.36232,,,,,0.64558,1
028,5172,534.82703,51.72000,3.36399,,,,,0.64553,1
028,5173,534.91602,51.73000,3.36559,,,,,0.64549,1
028,5174,535.01898,51.74000,3.36723,,,,,0.64544,1
028,5175,535.11700,51.75000,3.36811,,,,,0.64540,1
028,5176,535.21600,51.76000,3.37002,,,,,0.64535,1
028,5177,535.30701,51.77000,3.37173,,,,,0.64531,1
028,5178,535.41199,51.78000,3.37346,,,,,0.64527,1
028,5179,535.51300,51.79000,3.37510,,,,,0.64522,1
028,5180,535.61499,51.80000,3.37683,,,,,0.64518,1
028,5181,535.72400,51.81000,3.37876,,,,,0.64513,1
028,5182,535.81799,51.82000,3.38029,,,,,0.64509,1
028,5183,535.91302,51.83000,3.38107,,,,,0.64504,1
028,5184,536.01099,51.84000,3.38354,,,,,0.64500,1
028,5185,536.11798,51.85000,3.38519,,,,,0.64495,1
028,5186,536.21301,51.86000,3.38569,,,,,0.64491,1
028,5187,536.31598,51.87000,3.38715,,,,,0.64486,1
028,5188,536.41400,51.88000,3.38915,,,,,0.64482,1
028,5189,536.51300,51.89000,3.39134,,,,,0.64478,1
028,5190,536.62097,51.90000,3.39337,,,,,0.64473,1
028,5191,536.70502,51.91000,3.39496,,,,,0.64469,1
028,5192,536.80701,51.92000,3.39632,,,,,0.64465,1
028,5193,536.90399,51.93000,3.39749,,,,,0.64460,1
028,5194,537.00403,51.94000,3.39940,,,,,0.64456,1
028,5195,537.10303,51.95000,3.40103,,,,,0.64451,1
028,5196,537.21600,51.96000,3.40261,,,,,0.64446,1
028,5197,537.31097,51.97000,3.40423,,,,,0.64442,1
028,5198,537.40997,51.98000,3.40577,,,,,0.64438,1
028,5199,537.50299,51.99000,3.40739,,,,,0.64434,1
028,5200,537.59998,52.00000,3.40930,,,,,0.64429,1
028,5201,537.70300,52.01000,3.41057,,,,,0.64425,1
028,5202,537.80298,52.02000,3.41230,,,,,0.64420,1
028,5203,537.91400,52.03000,3.41359,,,,,0.64415,1
028,5204,538.01703,52.04000,3.41533,,,,,0.64411,1
028,5205,538.11902,52.05000,3.41688,,,,,0.64406,1
028,5206,538.21503,52.06000,3.41851,,,,,0.64402,1
028,5207,538.31299,52.07000,3.42033,,,,,0.64398,1
028,5208,538.42401,52.08000,3.42190,,,,,0.64393,1
028,5209,538.51001,52.09000,3.42331,,,,,0.64389,1
028,5210,538.62598,52.10000,3.42508,,,,,0.64384,1
028,5211,538.71399,52.11000,3.42613,,,,,0.64380,1
028,5212,538.81799,52.12000,3.42769,,,,,0.64375,1
028,5213,538.91101,52.13000,3.42968,,,,,0.64371,1
028,5214,539.00800,52.14000,3.43122,,,,,0.64367,1
028,5215,539.10797,52.15000,3.43296,,,,,0.64362,1
028,5216,539.20300,52.16000,3.43384,,,,,0.64358,1
028,5217,539.30701,52.17000,3.43539,,,,,0.64354,1
028,5218,539.40601,52.18000,3.43684,,,,,0.64349,1
028,5219,539.51001,52.19000,3.43868,,,,,0.64345,1
028,5220,539.60303,52.20000,3.44049,,,,,0.64340,1
028,5221,539.70599,52.21000,3.44242,,,,,0.64336,1
028,5222,539.80701,52.22000,3.44406,,,,,0.64331,1
028,5223,539.90997,52.23000,3.44533,,,,,0.64327,1
028,5224,540.00500,52.24000,3.44640,,,,,0.64323,1
028,5225,540.10699,52.25000,3.44805,,,,,0.64318,1
028,5226,540.20099,52.26000,3.44996,,,,,0.64314,1
028,5227,540.30402,52.27000,3.45198,,,,,0.64309,1
028,5228,540.40100,52.28000,3.45389,,,,,0.64305,1
028,5229,540.50403,52.29000,3.45536,,,,,0.64301,1
028,5230,540.60400,52.30000,3.45672,,,,,0.64296,1
028,5231,540.70599,52.31000,3.45762,,,,,0.64292,1
028,5232,540.80902,52.32000,3.45983,,,,,0.64287,1
028,5233,540.90601,52.33000,3.46062,,,,,0.64283,1
028,5234,541.00299,52.34000,3.46329,,,,,0.64279,1
028,5235,541.10602,52.35000,3.46409,,,,,0.64274,1
028,5236,541.21002,52.36000,3.46631,,,,,0.64269,1
028,5237,541.31097,52.37000,3.46702,,,,,0.64265,1
028,5238,541.40997,52.38000,3.46866,,,,,0.64261,1
028,5239,541.50299,52.39000,3.47047,,,,,0.64256,1
028,5240,541.60101,52.40000,3.47155,,,,,0.64252,1
028,5241,541.70001,52.41000,3.47272,,,,,0.64248,1
028,5242,541.79401,52.42000,3.47492,,,,,0.64244,1
028,5243,541.89502,52.43000,3.47609,,,,,0.64239,1
028,5244,541.99597,52.44000,3.47746,,,,,0.64235,1
028,5245,542.09998,52.45000,3.47902,,,,,0.64230,1
028,5246,542.20203,52.46000,3.48095,,,,,0.64226,1
028,5247,542.29999,52.47000,3.48241,,,,,0.64221,1
028,5248,542.40503,52.48000,3.48406,,,,,0.64217,1
028,5249,542.50403,52.49000,3.48571,,,,,0.64212,1
028,5250,542.59497,52.50000,3.48714,,,,,0.64208,1
028,5251,542.69397,52.51000,3.48860,,,,,0.64204,1
028,5252,542.78998,52.52000,3.49061,,,,,0.64200,1
028,5253,542.89502,52.53000,3.49236,,,,,0.64195,1
028,5254,542.99200,52.54000,3.49297,,,,,0.64191,1
028,5255,543.08899,52.55000,3.49414,,,,,0.64186,1
028,5256,543.20001,52.56000,3.49647,,,,,0.64182,1
028,5257,543.29303,52.57000,3.49829,,,,,0.64177,1
028,5258,543.39697,52.58000,3.49929,,,,,0.64173,1
028,5259,543.48901,52.59000,3.50139,,,,,0.64169,1
028,5260,543.59399,52.60000,3.50230,,,,,0.64164,1
028,5261,543.69202,52.61000,3.50385,,,,,0.64160,1
028,5262,543.79303,52.62000,3.50578,,,,,0.64155,1
028,5263,543.88800,52.63000,3.50713,,,,,0.64151,1
028,5264,543.99701,52.64000,3.50815,,,,,0.64146,1
028,5265,544.09900,52.65000,3.50989,,,,,0.64142,1
028,5266,544.19000,52.66000,3.51124,,,,,0.64138,1
028,5267,544.28699,52.67000,3.51307,,,,,0.64134,1
028,5268,544.39099,52.68000,3.51463,,,,,0.64129,1
028,5269,544.48499,52.69000,3.51552,,,,,0.64125,1
028,5270,544.59198,52.70000,3.51850,,,,,0.64120,1
028,5271,544.69299,52.71000,3.51949,,,,,0.64116,1
028,5272,544.79498,52.72000,3.52077,,,,,0.64111,1
028,5273,544.89600,52.73000,3.52299,,,,,0.64107,1
028,5274,544.99298,52.74000,3.52407,,,,,0.64103,1
028,5275,545.09802,52.75000,3.52601,,,,,0.64098,1
028,5276,545.19098,52.76000,3.52774,,,,,0.64094,1
028,5277,545.28900,52.77000,3.52911,,,,,0.64090,1
028,5278,545.39001,52.78000,3.53020,,,,,0.64085,1
028,5279,545.48499,52.79000,3.53202,,,,,0.64081,1
028,5280,545.59900,52.80000,3.53324,,,,,0.64076,1
028,5281,545.69299,52.81000,3.53469,,,,,0.64072,1
028,5282,545.78802,52.82000,3.53680,,,,,0.64068,1
028,5283,545.89099,52.83000,3.53789,,,,,0.64063,1
028,5284,545.98602,52.84000,3.54019,,,,,0.64059,1
028,5285,546.09003,52.85000,3.54110,,,,,0.64054,1
028,5286,546.19897,52.86000,3.54278,,,,,0.64050,1
028,5287,546.29199,52.87000,3.54394,,,,,0.64045,1
028,5288,546.39697,52.88000,3.54589,,,,,0.64041,1
028,5289,546.49200,52.89000,3.54772,,,,,0.64037,1
028,5290,546.58801,52.90000,3.54993,,,,,0.64032,1
028,5291,546.69397,52.91000,3.55047,,,,,0.64028,1
028,5292,546.78802,52.92000,3.55220,,,,,0.64024,1
028,5293,546.89203,52.93000,3.55471,,,,,0.64019,1
028,5294,546.98499,52.94000,3.55607,,,,,0.64015,1
028,5295,547.08899,52.95000,3.55641,,,,,0.64010,1
028,5296,547.18799,52.96000,3.55872,,,,,0.64006,1
028,5297,547.28802,52.97000,3.56019,,,,,0.64002,1
028,5298,547.38702,52.98000,3.56175,,,,,0.63997,1
028,5299,547.48199,52.99000,3.56386,,,,,0.63993,1
028,5300,547.58398,53.00000,3.56562,,,,,0.63989,1
028,5301,547.68298,53.01000,3.56671,,,,,0.63984,1
028,5302,547.78400,53.02000,3.56827,,,,,0.63980,1
028,5303,547.89001,53.03000,3.56975,,,,,0.63975,1
028,5304,547.98602,53.04000,3.57112,,,,,0.63971,1
028,5305,548.08398,53.05000,3.57267,,,,,0.63967,1
028,5306,548.18500,53.06000,3.57452,,,,,0.63962,1
028,5307,548.27899,53.07000,3.57626,,,,,0.63958,1
028,5308,548.38800,53.08000,3.57794,,,,,0.63954,1
028,5309,548.48401,53.09000,3.57949,,,,,0.63949,1
028,5310,548.58398,53.10000,3.58124,,,,,0.63945,1
028,5311,548.69000,53.11000,3.58329,,,,,0.63940,1
028,5312,548.78302,53.12000,3.58352,,,,,0.63936,1
028,5313,548.88800,53.13000,3.58547,,,,,0.63932,1
028,5314,548.98401,53.14000,3.58712,,,,,0.63927,1
028,5315,549.08600,53.15000,3.58869,,,,,0.63923,1
028,5316,549.19000,53.16000,3.59026,,,,,0.63918,1
028,5317,549.28400,53.17000,3.59219,,,,,0.63914,1
028,5318,549.38599,53.18000,3.59367,,,,,0.63910,1
028,5319,549.48901,53.19000,3.59514,,,,,0.63905,1
028,5320,549.59003,53.20000,3.59718,,,,,0.63901,1
028,5321,549.69202,53.21000,3.59885,,,,,0.63896,1
028,5322,549.78900,53.22000,3.60040,,,,,0.63892,1
028,5323,549.89099,53.23000,3.60113,,,,,0.63888,1
028,5324,549.99298,53.24000,3.60260,,,,,0.63883,1
028,5325,550.09802,53.25000,3.60494,,,,,0.63879,1
028,5326,550.18903,53.26000,3.60610,,,,,0.63875,1
028,5327,550.28900,53.27000,3.60673,,,,,0.63870,1
028,5328,550.38599,53.28000,3.60885,,,,,0.63866,1
028,5329,550.49200,53.29000,3.60977,,,,,0.63861,1
028,5330,550.58502,53.30000,3.61151,,,,,0.63857,1
028,5331,550.67999,53.31000,3.61335,,,,,0.63853,1
028,5332,550.78400,53.32000,3.61587,,,,,0.63849,1
028,5333,550.88397,53.33000,3.61659,,,,,0.63844,1
028,5334,550.98499,53.34000,3.61835,,,,,0.63840,1
028,5335,551.08801,53.35000,3.61983,,,,,0.63835,1
028,5336,551.18903,53.36000,3.62206,,,,,0.63831,1
028,5337,551.28998,53.37000,3.62363,,,,,0.63827,1
028,5338,551.38800,53.38000,3.62482,,,,,0.63822,1
028,5339,551.48602,53.39000,3.62553,,,,,0.63818,1
028,5340,551.58600,53.40000,3.62823,,,,,0.63814,1
028,5341,551.69000,53.41000,3.62981,,,,,0.63809,1
028,5342,551.78900,53.42000,3.63166,,,,,0.63805,1
028,5343,551.89203,53.43000,3.63314,,,,,0.63800,1
028,5344,551.98199,53.44000,3.63431,,,,,0.63796,1
028,5345,552.08099,53.45000,3.63578,,,,,0.63792,1
028,5346,552.17902,53.46000,3.63801,,,,,0.63788,1
028,5347,552.28302,53.47000,3.63931,,,,,0.63783,1
028,5348,552.39099,53.48000,3.64061,,,,,0.63779,1
028,5349,552.49200,53.49000,3.64181,,,,,0.63774,1
028,5350,552.58502,53.50000,3.64280,,,,,0.63770,1
028,5351,552.68402,53.51000,3.64455,,,,,0.63766,1
028,5352,552.79102,53.52000,3.64605,,,,,0.63761,1
028,5353,552.88702,53.53000,3.64799,,,,,0.63757,1
028,5354,552.99298,53.54000,3.64957,,,,,0.63752,1
028,5355,553.08698,53.55000,3.65132,,,,,0.63748,1
028,5356,553.18799,53.56000,3.65327,,,,,0.63744,1
028,5357,553.28802,53.57000,3.65484,,,,,0.63739,1
028,5358,553.39301,53.58000,3.65567,,,,,0.63735,1
028,5359,553.48901,53.59000,3.65657,,,,,0.63731,1
028,5360,553.59003,53.60000,3.65938,,,,,0.63726,1
028,5361,553.68597,53.61000,3.66047,,,,,0.63722,1
028,5362,553.79401,53.62000,3.66159,,,,,0.63717,1
028,5363,553.88501,53.63000,3.66229,,,,,0.63713,1
028,5364,553.98798,53.64000,3.66377,,,,,0.63709,1
028,5365,554.09100,53.65000,3.66535,,,,,0.63704,1
028,5366,554.18701,53.66000,3.66730,,,,,0.63700,1
028,5367,554.28601,53.67000,3.66906,,,,,0.63696,1
028,5368,554.39203,53.68000,3.67074,,,,,0.63691,1
028,5369,554.48901,53.69000,3.67250,,,,,0.63687,1
028,5370,554.58899,53.70000,3.67416,,,,,0.63683,1
028,5371,554.68597,53.71000,3.67564,,,,,0.63679,1
028,5372,554.79102,53.72000,3.67666,,,,,0.63674,1
028,5373,554.88501,53.73000,3.67746,,,,,0.63670,1
028,5374,554.98798,53.74000,3.67942,,,,,0.63665,1
028,5375,555.08801,53.75000,3.68100,,,,,0.63661,1
028,5376,555.18701,53.76000,3.68238,,,,,0.63657,1
028,5377,555.28699,53.77000,3.68415,,,,,0.63652,1
028,5378,555.38800,53.78000,3.68582,,,,,0.63648,1
028,5379,555.48999,53.79000,3.68740,,,,,0.63644,1
028,5380,555.58899,53.80000,3.68888,,,,,0.63639,1
028,5381,555.68597,53.81000,3.69026,,,,,0.63635,1
028,5382,555.78802,53.82000,3.69231,,,,,0.63631,1
028,5383,555.88599,53.83000,3.69360,,,,,0.63626,1
028,5384,555.98798,53.84000,3.69528,,,,,0.63622,1
028,5385,556.08899,53.85000,3.69657,,,,,0.63618,1
028,5386,556.17902,53.86000,3.69775,,,,,0.63614,1
028,5387,556.28601,53.87000,3.69953,,,,,0.63609,1
028,5388,556.38397,53.88000,3.70120,,,,,0.63605,1
028,5389,556.49103,53.89000,3.70289,,,,,0.63600,1
028,5390,556.58502,53.90000,3.70455,,,,,0.63596,1
028,5391,556.68799,53.91000,3.70594,,,,,0.63592,1
028,5392,556.78101,53.92000,3.70751,,,,,0.63587,1
028,5393,556.89099,53.93000,3.70901,,,,,0.63583,1
028,5394,556.98401,53.94000,3.71048,,,,,0.63579,1
028,5395,557.08698,53.95000,3.71226,,,,,0.63574,1
028,5396,557.18597,53.96000,3.71364,,,,,0.63570,1
028,5397,557.28699,53.97000,3.71447,,,,,0.63566,1
028,5398,557.39001,53.98000,3.71615,,,,,0.63561,1
028,5399,557.48602,53.99000,3.71819,,,,,0.63557,1
028,5400,557.58301,54.00000,3.71948,,,,,0.63553,1
028,5401,557.68597,54.01000,3.72031,,,,,0.63548,1
028,5402,557.78497,54.02000,3.72161,,,,,0.63544,1
028,5403,557.89301,54.03000,3.72415,,,,,0.63539,1
028,5404,557.99103,54.04000,3.72554,,,,,0.63535,1
028,5405,558.09198,54.05000,3.72703,,,,,0.63531,1
028,5406,558.18597,54.06000,3.72831,,,,,0.63527,1
028,5407,558.29199,54.07000,3.73010,,,,,0.63522,1
028,5408,558.39001,54.08000,3.73082,,,,,0.63518,1
028,5409,558.48401,54.09000,3.73239,,,,,0.63514,1
028,5410,558.59601,54.10000,3.73305,,,,,0.63509,1
028,5411,558.68701,54.11000,3.73452,,,,,0.63505,1
028,5412,558.78400,54.12000,3.73647,,,,,0.63501,1
028,5413,558.88098,54.13000,3.73795,,,,,0.63496,1
028,5414,558.98901,54.14000,3.73993,,,,,0.63492,1
028,5415,559.08502,54.15000,3.74103,,,,,0.63488,1
028,5416,559.19000,54.16000,3.74301,,,,,0.63483,1
028,5417,559.28601,54.17000,3.74363,,,,,0.63479,1
028,5418,559.38300,54.18000,3.74511,,,,,0.63475,1
028,5419,559.48798,54.19000,3.74775,,,,,0.63470,1
028,5420,559.58002,54.20000,3.74941,,,,,0.63466,1
028,5421,559.67999,54.21000,3.75080,,,,,0.63462,1
028,5422,559.78400,54.22000,3.75240,,,,,0.63457,1
028,5423,559.87500,54.23000,3.75396,,,,,0.63453,1
028,5424,559.97601,54.24000,3.75488,,,,,0.63449,1
028,5425,560.08502,54.25000,3.75649,,,,,0.63444,1
028,5426,560.17798,54.26000,3.75806,,,,,0.63440,1
028,5427,560.28998,54.27000,3.75948,,,,,0.63435,1
028,5428,560.37701,54.28000,3.75980,,,,,0.63432,1
028,5429,560.48102,54.29000,3.76121,,,,,0.63427,1
028,5430,560.57898,54.30000,3.76317,,,,,0.63423,1
028,5431,560.68799,54.31000,3.76477,,,,,0.63418,1
028,5432,560.78699,54.32000,3.76645,,,,,0.63414,1
028,5433,560.87598,54.33000,3.76773,,,,,0.63410,1
028,5434,560.98999,54.34000,3.76973,,,,,0.63405,1
028,5435,561.08801,54.35000,3.77112,,,,,0.63401,1
028,5436,561.18298,54.36000,3.77241,,,,,0.63397,1
028,5437,561.28998,54.37000,3.77411,,,,,0.63392,1
028,5438,561.38000,54.38000,3.77577,,,,,0.63388,1
028,5439,561.48401,54.39000,3.77679,,,,,0.63384,1
028,5440,561.58301,54.40000,3.77838,,,,,0.63379,1
028,5441,561.68298,54.41000,3.77987,,,,,0.63375,1
028,5442,561.78699,54.42000,3.78128,,,,,0.63371,1
028,5443,561.88800,54.43000,3.78296,,,,,0.63366,1
028,5444,561.97900,54.44000,3.78434,,,,,0.63362,1
028,5445,562.08002,54.45000,3.78584,,,,,0.63358,1
028,5446,562.17999,54.46000,3.78704,,,,,0.63354,1
028,5447,562.28802,54.47000,3.78789,,,,,0.63349,1
028,5448,562.37097,54.48000,3.78953,,,,,0.63345,1
028,5449,562.47900,54.49000,3.79057,,,,,0.63341,1
028,5450,562.58099,54.50000,3.79207,,,,,0.63336,1
028,5451,562.67401,54.51000,3.79383,,,,,0.63332,1
028,5452,562.77301,54.52000,3.79599,,,,,0.63328,1
028,5453,562.88800,54.53000,3.79819,,,,,0.63323,1
028,5454,562.97998,54.54000,3.79985,,,,,0.63319,1
028,5455,563.08301,54.55000,3.80145,,,,,0.63315,1
028,5456,563.18201,54.56000,3.80295,,,,,0.63310,1
028,5457,563.28497,54.57000,3.80397,,,,,0.63306,1
028,5458,563.38501,54.58000,3.80547,,,,,0.63302,1
028,5459,563.47498,54.59000,3.80694,,,,,0.63298,1
028,5460,563.58301,54.60000,3.80846,,,,,0.63293,1
028,5461,563.67401,54.61000,3.80993,,,,,0.63289,1
028,5462,563.77802,54.62000,3.81153,,,,,0.63285,1
028,5463,563.87701,54.63000,3.81198,,,,,0.63280,1
028,5464,563.97998,54.64000,3.81405,,,,,0.63276,1
028,5465,564.07599,54.65000,3.81535,,,,,0.63272,1
028,5466,564.17499,54.66000,3.81675,,,,,0.63267,1
028,5467,564.28198,54.67000,3.81865,,,,,0.63263,1
028,5468,564.37799,54.68000,3.82023,,,,,0.63259,1
028,5469,564.47302,54.69000,3.82171,,,,,0.63255,1
028,5470,564.56897,54.70000,3.82358,,,,,0.63250,1
028,5471,564.68402,54.71000,3.82550,,,,,0.63246,1
028,5472,564.77899,54.72000,3.82660,,,,,0.63241,1
028,5473,564.88000,54.73000,3.82753,,,,,0.63237,1
028,5474,564.97699,54.74000,3.82893,,,,,0.63233,1
028,5475,565.07501,54.75000,3.82995,,,,,0.63229,1
028,5476,565.17999,54.76000,3.83136,,,,,0.63224,1
028,5477,565.28601,54.77000,3.83288,,,,,0.63220,1
028,5478,565.37701,54.78000,3.83455,,,,,0.63216,1
028,5479,565.47101,54.79000,3.83632,,,,,0.63212,1
028,5480,565.57898,54.80000,3.83774,,,,,0.63207,1
028,5481,565.67999,54.81000,3.83924,,,,,0.63203,1
028,5482,565.77600,54.82000,3.84083,,,,,0.63198,1
028,5483,565.87598,54.83000,3.84223,,,,,0.63194,1
028,5484,565.97803,54.84000,3.84374,,,,,0.63190,1
028,5485,566.08502,54.85000,3.84574,,,,,0.63185,1
028,5486,566.17902,54.86000,3.84703,,,,,0.63181,1
028,5487,566.26801,54.87000,3.84869,,,,,0.63177,1
028,5488,566.36102,54.88000,3.85046,,,,,0.63173,1
028,5489,566.46600,54.89000,3.85217,,,,,0.63169,1
028,5490,566.56702,54.90000,3.85300,,,,,0.63164,1
028,5491,566.66602,54.91000,3.85365,,,,,0.63160,1
028,5492,566.76703,54.92000,3.85477,,,,,0.63156,1
028,5493,566.87000,54.93000,3.85618,,,,,0.63151,1
028,5494,566.97400,54.94000,3.85827,,,,,0.63147,1
028,5495,567.07703,54.95000,3.86016,,,,,0.63142,1
028,5496,567.17200,54.96000,3.86203,,,,,0.63138,1
028,5497,567.27502,54.97000,3.86364,,,,,0.63134,1
028,5498,567.36902,54.98000,3.86446,,,,,0.63130,1
028,5499,567.47601,54.99000,3.86512,,,,,0.63125,1
028,5500,567.56897,55.00000,3.86661,,,,,0.63121,1
028,5501,567.67499,55.01000,3.86832,,,,,0.63117,1
028,5502,567.77399,55.02000,3.86963,,,,,0.63112,1
028,5503,567.87097,55.03000,3.87131,,,,,0.63108,1
028,5504,567.97101,55.04000,3.87301,,,,,0.63104,1
028,5505,568.07098,55.05000,3.87442,,,,,0.63100,1
028,5506,568.17102,55.06000,3.87668,,,,,0.63095,1
028,5507,568.26703,55.07000,3.87827,,,,,0.63091,1
028,5508,568.37402,55.08000,3.87970,,,,,0.63087,1
028,5509,568.47302,55.09000,3.88092,,,,,0.63082,1
028,5510,568.57599,55.10000,3.88138,,,,,0.63078,1
028,5511,568.66998,55.11000,3.88306,,,,,0.63074,1
028,5512,568.76398,55.12000,3.88493,,,,,0.63070,1
028,5513,568.86798,55.13000,3.88616,,,,,0.63065,1
028,5514,568.97198,55.14000,3.88692,,,,,0.63061,1
028,5515,569.07202,55.15000,3.88842,,,,,0.63057,1
028,5516,569.16602,55.16000,3.89125,,,,,0.63053,1
028,5517,569.26898,55.17000,3.89248,,,,,0.63048,1
028,5518,569.37097,55.18000,3.89361,,,,,0.63044,1
028,5519,569.47699,55.19000,3.89494,,,,,0.63039,1
028,5520,569.56598,55.20000,3.89565,,,,,0.63035,1
028,5521,569.67297,55.21000,3.89747,,,,,0.63031,1
028,5522,569.78003,55.22000,3.89947,,,,,0.63026,1
028,5523,569.87000,55.23000,3.90133,,,,,0.63022,1
028,5524,569.97400,55.24000,3.90190,,,,,0.63018,1
028,5525,570.06799,55.25000,3.90339,,,,,0.63014,1
028,5526,570.17700,55.26000,3.90569,,,,,0.63009,1
028,5527,570.27698,55.27000,3.90691,,,,,0.63005,1
028,5528,570.37402,55.28000,3.90774,,,,,0.63001,1
028,5529,570.48102,55.29000,3.90984,,,,,0.62996,1
028,5530,570.57703,55.30000,3.91124,,,,,0.62992,1
028,5531,570.67798,55.31000,3.91275,,,,,0.62988,1
028,5532,570.78497,55.32000,3.91400,,,,,0.62983,1
028,5533,570.87799,55.33000,3.91558,,,,,0.62979,1
028,5534,570.97101,55.34000,3.91707,,,,,0.62975,1
028,5535,571.06799,55.35000,3.91838,,,,,0.62971,1
028,5536,571.18103,55.36000,3.91964,,,,,0.62966,1
028,5537,571.26898,55.37000,3.92102,,,,,0.62962,1
028,5538,571.37799,55.38000,3.92237,,,,,0.62958,1
028,5539,571.47498,55.39000,3.92387,,,,,0.62953,1
028,5540,571.58099,55.40000,3.92588,,,,,0.62949,1
028,5541,571.67297,55.41000,3.92717,,,,,0.62945,1
028,5542,571.77002,55.42000,3.92839,,,,,0.62941,1
028,5543,571.86603,55.43000,3.92970,,,,,0.62937,1
028,5544,571.97699,55.44000,3.93143,,,,,0.62932,1
028,5545,572.08301,55.45000,3.93296,,,,,0.62927,1
028,5546,572.19000,55.46000,3.93401,,,,,0.62923,1
028,5547,572.29102,55.47000,3.93457,,,,,0.62918,1
028,5548,572.39301,55.48000,3.93638,,,,,0.62914,1
028,5549,572.49103,55.49000,3.93817,,,,,0.62910,1
028,5550,572.59100,55.50000,3.93911,,,,,0.62905,1
028,5551,572.70099,55.51000,3.94017,,,,,0.62901,1
028,5552,572.79602,55.52000,3.94129,,,,,0.62897,1
028,5553,572.89502,55.53000,3.94356,,,,,0.62892,1
028,5554,572.98700,55.54000,3.94448,,,,,0.62888,1
028,5555,573.09198,55.55000,3.94543,,,,,0.62884,1
028,5556,573.19098,55.56000,3.94704,,,,,0.62880,1
028,5557,573.29602,55.57000,3.94857,,,,,0.62875,1
028,5558,573.39899,55.58000,3.94980,,,,,0.62871,1
028,5559,573.48401,55.59000,3.95022,,,,,0.62867,1
028,5560,573.59802,55.60000,3.95187,,,,,0.62862,1
028,5561,573.68597,55.61000,3.95412,,,,,0.62858,1
028,5562,573.79602,55.62000,3.95499,,,,,0.62854,1
028,5563,573.89398,55.63000,3.95621,,,,,0.62850,1
028,5564,573.99902,55.64000,3.95755,,,,,0.62845,1
028,5565,574.09302,55.65000,3.95857,,,,,0.62841,1
028,5566,574.18701,55.66000,3.95940,,,,,0.62837,1
028,5567,574.29602,55.67000,3.96056,,,,,0.62832,1
028,5568,574.39600,55.68000,3.96188,,,,,0.62828,1
028,5569,574.50403,55.69000,3.96332,,,,,0.62823,1
028,5570,574.59302,55.70000,3.96442,,,,,0.62820,1
028,5571,574.68903,55.71000,3.96603,,,,,0.62815,1
028,5572,574.79303,55.72000,3.96746,,,,,0.62811,1
028,5573,574.89001,55.73000,3.96897,,,,,0.62807,1
028,5574,574.99597,55.74000,3.97021,,,,,0.62802,1
028,5575,575.10101,55.75000,3.97155,,,,,0.62798,1
028,5576,575.19800,55.76000,3.97210,,,,,0.62794,1
028,5577,575.29303,55.77000,3.97370,,,,,0.62790,1
028,5578,575.39203,55.78000,3.97522,,,,,0.62785,1
028,5579,575.50403,55.79000,3.97744,,,,,0.62781,1
028,5580,575.59802,55.80000,3.97808,,,,,0.62777,1
028,5581,575.69098,55.81000,3.97862,,,,,0.62773,1
028,5582,575.79401,55.82000,3.98024,,,,,0.62768,1
028,5583,575.88599,55.83000,3.98164,,,,,0.62764,1
028,5584,575.99597,55.84000,3.98309,,,,,0.62760,1
028,5585,576.10101,55.85000,3.98405,,,,,0.62755,1
028,5586,576.19202,55.86000,3.98525,,,,,0.62751,1
028,5587,576.29401,55.87000,3.98678,,,,,0.62747,1
028,5588,576.39600,55.88000,3.98821,,,,,0.62742,1
028,5589,576.49298,55.89000,3.98962,,,,,0.62738,1
028,5590,576.58801,55.90000,3.99122,,,,,0.62734,1
028,5591,576.69202,55.91000,3.99218,,,,,0.62730,1
028,5592,576.79102,55.92000,3.99350,,,,,0.62725,1
028,5593,576.88898,55.93000,3.99473,,,,,0.62721,1
028,5594,576.99200,55.94000,3.99636,,,,,0.62717,1
028,5595,577.09100,55.95000,3.99787,,,,,0.62713,1
028,5596,577.20203,55.96000,3.99923,,,,,0.62708,1
028,5597,577.29797,55.97000,4.00065,,,,,0.62704,1
028,5598,577.38898,55.98000,4.00195,,,,,0.62700,1
028,5599,577.48499,55.99000,4.00308,,,,,0.62696,1
028,5600,577.58398,56.00000,4.00421,,,,,0.62692,1
028,5601,577.69800,56.01000,4.00548,,,,,0.62687,1
028,5602,577.79602,56.02000,4.00681,,,,,0.62682,1
028,5603,577.89502,56.03000,4.00814,,,,,0.62678,1
028,5604,577.99103,56.04000,4.00965,,,,,0.62674,1
028,5605,578.08301,56.05000,4.01076,,,,,0.62670,1
028,5606,578.19397,56.06000,4.01232,,,,,0.62665,1
028,5607,578.29303,56.07000,4.01393,,,,,0.62661,1
028,5608,578.39203,56.08000,4.01517,,,,,0.62657,1
028,5609,578.49597,56.09000,4.01555,,,,,0.62653,1
028,5610,578.59601,56.10000,4.01669,,,,,0.62648,1
028,5611,578.69501,56.11000,4.01840,,,,,0.62644,1
028,5612,578.78699,56.12000,4.02009,,,,,0.62640,1
028,5613,578.88898,56.13000,4.02124,,,,,0.62636,1
028,5614,578.99701,56.14000,4.02240,,,,,0.62631,1
028,5615,579.09003,56.15000,4.02390,,,,,0.62627,1
028,5616,579.19098,56.16000,4.02534,,,,,0.62623,1
028,5617,579.29401,56.17000,4.02687,,,,,0.62618,1
028,5618,579.39301,56.18000,4.02878,,,,,0.62614,1
028,5619,579.49298,56.19000,4.02953,,,,,0.62610,1
028,5620,579.59399,56.20000,4.03058,,,,,0.62606,1
028,5621,579.69202,56.21000,4.03229,,,,,0.62601,1
028,5622,579.79602,56.22000,4.03412,,,,,0.62597,1
028,5623,579.89001,56.23000,4.03563,,,,,0.62593,1
028,5624,580.00201,56.24000,4.03613,,,,,0.62588,1
028,5625,580.09302,56.25000,4.03840,,,,,0.62584,1
028,5626,580.19098,56.26000,4.03925,,,,,0.62580,1
028,5627,580.29199,56.27000,4.04039,,,,,0.62576,1
028,5628,580.39099,56.28000,4.04172,,,,,0.62571,1
028,5629,580.48401,56.29000,4.04352,,,,,0.62568,1
028,5630,580.58801,56.30000,4.04467,,,,,0.62563,1
028,5631,580.69098,56.31000,4.04592,,,,,0.62559,1
028,5632,580.78400,56.32000,4.04723,,,,,0.62555,1
028,5633,580.88599,56.33000,4.04838,,,,,0.62550,1
028,5634,580.98102,56.34000,4.04970,,,,,0.62546,1
028,5635,581.08801,56.35000,4.05106,,,,,0.62542,1
028,5636,581.19397,56.36000,4.05241,,,,,0.62537,1
028,5637,581.29797,56.37000,4.05433,,,,,0.62533,1
028,5638,581.39099,56.38000,4.05575,,,,,0.62529,1
028,5639,581.49597,56.39000,4.05700,,,,,0.62524,1
028,5640,581.59399,56.40000,4.05853,,,,,0.62520,1
028,5641,581.69598,56.41000,4.05996,,,,,0.62516,1
028,5642,581.78998,56.42000,4.06128,,,,,0.62512,1
028,5643,581.89697,56.43000,4.06254,,,,,0.62507,1
028,5644,581.99500,56.44000,4.06359,,,,,0.62503,1
028,5645,582.09601,56.45000,4.06522,,,,,0.62499,1
028,5646,582.20001,56.46000,4.06695,,,,,0.62494,1
028,5647,582.30402,56.47000,4.06878,,,,,0.62490,1
028,5648,582.39697,56.48000,4.07019,,,,,0.62486,1
028,5649,582.48901,56.49000,4.07113,,,,,0.62482,1
028,5650,582.59399,56.50000,4.07171,,,,,0.62477,1
028,5651,582.70203,56.51000,4.07374,,,,,0.62473,1
028,5652,582.79797,56.52000,4.07545,,,,,0.62469,1
028,5653,582.89801,56.53000,4.07621,,,,,0.62464,1
028,5654,582.99597,56.54000,4.07755,,,,,0.62460,1
028,5655,583.09698,56.55000,4.07899,,,,,0.62456,1
028,5656,583.19501,56.56000,4.08032,,,,,0.62452,1
028,5657,583.28998,56.57000,4.08242,,,,,0.62448,1
028,5658,583.39099,56.58000,4.08386,,,,,0.62443,1
028,5659,583.49799,56.59000,4.08550,,,,,0.62439,1
028,5660,583.59802,56.60000,4.08733,,,,,0.62435,1
028,5661,583.69501,56.61000,4.08895,,,,,0.62430,1
028,5662,583.79797,56.62000,4.08972,,,,,0.62426,1
028,5663,583.90503,56.63000,4.09108,,,,,0.62421,1
028,5664,584.00000,56.64000,4.09154,,,,,0.62417,1
028,5665,584.09399,56.65000,4.09305,,,,,0.62413,1
028,5666,584.19501,56.66000,4.09498,,,,,0.62409,1
028,5667,584.30200,56.67000,4.09576,,,,,0.62404,1
028,5668,584.39203,56.68000,4.09717,,,,,0.62401,1
028,5669,584.49701,56.69000,4.09920,,,,,0.62396,1
028,5670,584.59900,56.70000,4.10084,,,,,0.62392,1
028,5671,584.70300,56.71000,4.10200,,,,,0.62387,1
028,5672,584.79797,56.72000,4.10381,,,,,0.62383,1
028,5673,584.89398,56.73000,4.10446,,,,,0.62379,1
028,5674,585.00098,56.74000,4.10534,,,,,0.62375,1
028,5675,585.10400,56.75000,4.10756,,,,,0.62370,1
028,5676,585.20398,56.76000,4.10871,,,,,0.62366,1
028,5677,585.29901,56.77000,4.11014,,,,,0.62362,1
028,5678,585.40302,56.78000,4.11091,,,,,0.62357,1
028,5679,585.50000,56.79000,4.11234,,,,,0.62353,1
028,5680,585.60303,56.80000,4.11379,,,,,0.62349,1
028,5681,585.70697,56.81000,4.11515,,,,,0.62344,1
028,5682,585.80402,56.82000,4.11658,,,,,0.62340,1
028,5683,585.90302,56.83000,4.11879,,,,,0.62336,1
028,5684,586.00598,56.84000,4.11937,,,,,0.62332,1
028,5685,586.10303,56.85000,4.12022,,,,,0.62328,1
028,5686,586.20502,56.86000,4.12138,,,,,0.62323,1
028,5687,586.30603,56.87000,4.12340,,,,,0.62319,1
028,5688,586.40100,56.88000,4.12473,,,,,0.62315,1
028,5689,586.50897,56.89000,4.12610,,,,,0.62310,1
028,5690,586.60199,56.90000,4.12723,,,,,0.62306,1
028,5691,586.70599,56.91000,4.12849,,,,,0.62302,1
028,5692,586.80103,56.92000,4.12963,,,,,0.62298,1
028,5693,586.91400,56.93000,4.13111,,,,,0.62293,1
028,5694,587.00000,56.94000,4.13242,,,,,0.62289,1
028,5695,587.10498,56.95000,4.13407,,,,,0.62285,1
028,5696,587.20001,56.96000,4.13530,,,,,0.62281,1
028,5697,587.30902,56.97000,4.13697,,,,,0.62276,1
028,5698,587.40997,56.98000,4.13745,,,,,0.62272,1
028,5699,587.51599,56.99000,4.13920,,,,,0.62267,1
028,5700,587.60199,57.00000,4.14089,,,,,0.62264,1
028,5701,587.71399,57.01000,4.14179,,,,,0.62259,1
028,5702,587.81598,57.02000,4.14256,,,,,0.62255,1
028,5703,587.91302,57.03000,4.14351,,,,,0.62250,1
028,5704,588.02002,57.04000,4.14488,,,,,0.62246,1
028,5705,588.10999,57.05000,4.14601,,,,,0.62242,1
028,5706,588.21301,57.06000,4.14814,,,,,0.62238,1
028,5707,588.30902,57.07000,4.14967,,,,,0.62234,1
028,5708,588.41498,57.08000,4.15142,,,,,0.62229,1
028,5709,588.50800,57.09000,4.15169,,,,,0.62225,1
028,5710,588.61902,57.10000,4.15229,,,,,0.62220,1
028,5711,588.72198,57.11000,4.15317,,,,,0.62216,1
028,5712,588.81897,57.12000,4.15567,,,,,0.62212,1
028,5713,588.91400,57.13000,4.15710,,,,,0.62208,1
028,5714,589.00702,57.14000,4.15833,,,,,0.62204,1
028,5715,589.11603,57.15000,4.15884,,,,,0.62199,1
028,5716,589.20697,57.16000,4.15968,,,,,0.62195,1
028,5717,589.31500,57.17000,4.16066,,,,,0.62191,1
028,5718,589.41302,57.18000,4.16230,,,,,0.62186,1
028,5719,589.51300,57.19000,4.16345,,,,,0.62182,1
028,5720,589.61499,57.20000,4.16500,,,,,0.62178,1
028,5721,589.71002,57.21000,4.16566,,,,,0.62174,1
028,5722,589.81897,57.22000,4.16694,,,,,0.62169,1
028,5723,589.91400,57.23000,4.16847,,,,,0.62165,1
028,5724,590.01099,57.24000,4.17010,,,,,0.62161,1
028,5725,590.11499,57.25000,4.17127,,,,,0.62157,1
028,5726,590.21899,57.26000,4.17264,,,,,0.62152,1
028,5727,590.32202,57.27000,4.17351,,,,,0.62148,1
028,5728,590.41901,57.28000,4.17505,,,,,0.62144,1
028,5729,590.51501,57.29000,4.17610,,,,,0.62139,1
028,5730,590.61902,57.30000,4.17717,,,,,0.62135,1
028,5731,590.71399,57.31000,4.17812,,,,,0.62131,1
028,5732,590.82001,57.32000,4.17930,,,,,0.62126,1
028,5733,590.91998,57.33000,4.17997,,,,,0.62122,1
028,5734,591.02197,57.34000,4.18056,,,,,0.62118,1
028,5735,591.12701,57.35000,4.18212,,,,,0.62113,1
028,5736,591.22601,57.36000,4.18357,,,,,0.62109,1
028,5737,591.30798,57.37000,4.18506,,,,,0.62106,1
028,5738,591.41101,57.38000,4.18604,,,,,0.62101,1
028,5739,591.51099,57.39000,4.18710,,,,,0.62097,1
028,5740,591.62097,57.40000,4.18809,,,,,0.62092,1
028,5741,591.71399,57.41000,4.18933,,,,,0.62088,1
028,5742,591.80902,57.42000,4.19048,,,,,0.62084,1
028,5743,591.91998,57.43000,4.19128,,,,,0.62080,1
028,5744,592.01398,57.44000,4.19194,,,,,0.62076,1
028,5745,592.11401,57.45000,4.19213,,,,,0.62071,1
028,5746,592.21698,57.46000,4.19388,,,,,0.62067,1
028,5747,592.32300,57.47000,4.19506,,,,,0.62062,1
028,5748,592.41998,57.48000,4.19631,,,,,0.62058,1
028,5749,592.53699,57.49000,4.19752,,,,,0.62053,1
028,5750,592.61401,57.50000,4.19784,,,,,0.62050,1
028,5751,592.71899,57.51000,4.19834,,,,,0.62046,1
028,5752,592.82397,57.52000,4.19990,,,,,0.62041,1
028,5753,592.92401,57.53000,4.20174,,,,,0.62037,1
028,5754,593.01898,57.54000,4.20231,,,,,0.62033,1
028,5755,593.12097,57.55000,4.20318,,,,,0.62028,1
028,5756,593.21600,57.56000,4.20520,,,,,0.62024,1
028,5757,593.32501,57.57000,4.20600,,,,,0.62020,1
028,5758,593.41803,57.58000,4.20666,,,,,0.62016,1
028,5759,593.52502,57.59000,4.20794,,,,,0.62011,1
028,5760,593.61700,57.60000,4.20928,,,,,0.62007,1
028,5761,593.72101,57.61000,4.21016,,,,,0.62003,1
028,5762,593.82300,57.62000,4.21113,,,,,0.61998,1
028,5763,593.93597,57.63000,4.21233,,,,,0.61994,1
028,5764,594.02502,57.64000,4.21337,,,,,0.61990,1
028,5765,594.12097,57.65000,4.21413,,,,,0.61986,1
028,5766,594.23199,57.66000,4.21552,,,,,0.61981,1
028,5767,594.33002,57.67000,4.21726,,,,,0.61977,1
028,5768,594.42700,57.68000,4.21813,,,,,0.61973,1
028,5769,594.51898,57.69000,4.21898,,,,,0.61969,1
028,5770,594.61902,57.70000,4.22014,,,,,0.61965,1
028,5771,594.72198,57.71000,4.22170,,,,,0.61960,1
028,5772,594.81598,57.72000,4.22266,,,,,0.61956,1
028,5773,594.91302,57.73000,4.22362,,,,,0.61952,1
028,5774,595.02002,57.74000,4.22442,,,,,0.61947,1
028,5775,595.11902,57.75000,4.22597,,,,,0.61943,1
028,5776,595.22101,57.76000,4.22714,,,,,0.61939,1
028,5777,595.31702,57.77000,4.22849,,,,,0.61935,1
028,5778,595.42200,57.78000,4.22976,,,,,0.61930,1
028,5779,595.52301,57.79000,4.23084,,,,,0.61926,1
028,5780,595.61499,57.80000,4.23217,,,,,0.61922,1
028,5781,595.71802,57.81000,4.23306,,,,,0.61918,1
028,5782,595.81500,57.82000,4.23353,,,,,0.61914,1
028,5783,595.91803,57.83000,4.23442,,,,,0.61909,1
028,5784,596.01398,57.84000,4.23674,,,,,0.61905,1
028,5785,596.12500,57.85000,4.23755,,,,,0.61900,1
028,5786,596.21698,57.86000,4.23821,,,,,0.61897,1
028,5787,596.31897,57.87000,4.23938,,,,,0.61892,1
028,5788,596.41498,57.88000,4.24083,,,,,0.61888,1
028,5789,596.52600,57.89000,4.24242,,,,,0.61883,1
028,5790,596.61902,57.90000,4.24395,,,,,0.61879,1
028,5791,596.72400,57.91000,4.24504,,,,,0.61875,1
028,5792,596.81500,57.92000,4.24579,,,,,0.61871,1
028,5793,596.91998,57.93000,4.24717,,,,,0.61867,1
028,5794,597.01501,57.94000,4.24842,,,,,0.61862,1
028,5795,597.11401,57.95000,4.24958,,,,,0.61858,1
028,5796,597.22498,57.96000,4.25078,,,,,0.61854,1
028,5797,597.31897,57.97000,4.25203,,,,,0.61850,1
028,5798,597.42401,57.98000,4.25292,,,,,0.61845,1
028,5799,597.52502,57.99000,4.25410,,,,,0.61841,1
028,5800,597.61298,58.00000,4.25523,,,,,0.61837,1
028,5801,597.72101,58.01000,4.25633,,,,,0.61832,1
028,5802,597.82202,58.02000,4.25779,,,,,0.61828,1
028,5803,597.91901,58.03000,4.25944,,,,,0.61824,1
028,5804,598.02698,58.04000,4.26044,,,,,0.61819,1
028,5805,598.12201,58.05000,4.26130,,,,,0.61815,1
028,5806,598.21997,58.06000,4.26208,,,,,0.61811,1
028,5807,598.32300,58.07000,4.26384,,,,,0.61807,1
028,5808,598.42200,58.08000,4.26530,,,,,0.61803,1
028,5809,598.52197,58.09000,4.26598,,,,,0.61798,1
028,5810,598.62799,58.10000,4.26737,,,,,0.61794,1
028,5811,598.72101,58.11000,4.26813,,,,,0.61790,1
028,5812,598.82599,58.12000,4.26922,,,,,0.61785,1
028,5813,598.91998,58.13000,4.27017,,,,,0.61781,1
028,5814,599.01898,58.14000,4.27164,,,,,0.61777,1
028,5815,599.12402,58.15000,4.27360,,,,,0.61773,1
028,5816,599.22498,58.16000,4.27458,,,,,0.61768,1
028,5817,599.32898,58.17000,4.27479,,,,,0.61764,1
028,5818,599.42798,58.18000,4.27596,,,,,0.61760,1
028,5819,599.51398,58.19000,4.27709,,,,,0.61756,1
028,5820,599.62201,58.20000,4.27897,,,,,0.61751,1
028,5821,599.72400,58.21000,4.27956,,,,,0.61747,1
028,5822,599.83002,58.22000,4.28105,,,,,0.61743,1
028,5823,599.91998,58.23000,4.28248,,,,,0.61739,1
028,5824,600.02399,58.24000,4.28386,,,,,0.61734,1
028,5825,600.12097,58.25000,4.28532,,,,,0.61730,1
028,5826,600.22101,58.26000,4.28679,,,,,0.61726,1
028,5827,600.31702,58.27000,4.28766,,,,,0.61722,1
028,5828,600.41901,58.28000,4.28815,,,,,0.61717,1
028,5829,600.52399,58.29000,4.28924,,,,,0.61713,1
028,5830,600.61798,58.30000,4.29040,,,,,0.61709,1
028,5831,600.72400,58.31000,4.29208,,,,,0.61704,1
028,5832,600.82098,58.32000,4.29325,,,,,0.61700,1
028,5833,600.92700,58.33000,4.29473,,,,,0.61696,1
028,5834,601.01501,58.34000,4.29607,,,,,0.61692,1
028,5835,601.12000,58.35000,4.29687,,,,,0.61688,1
028,5836,601.21698,58.36000,4.29803,,,,,0.61683,1
028,5837,601.31897,58.37000,4.29872,,,,,0.61679,1
028,5838,601.42700,58.38000,4.29914,,,,,0.61675,1
028,5839,601.52301,58.39000,4.30099,,,,,0.61670,1
028,5840,601.62097,58.40000,4.30245,,,,,0.61666,1
028,5841,601.71100,58.41000,4.30311,,,,,0.61662,1
028,5842,601.82098,58.42000,4.30461,,,,,0.61658,1
028,5843,601.92499,58.43000,4.30551,,,,,0.61653,1
028,5844,602.01099,58.44000,4.30674,,,,,0.61650,1
028,5845,602.11798,58.45000,4.30794,,,,,0.61645,1
028,5846,602.21997,58.46000,4.30931,,,,,0.61641,1
028,5847,602.32703,58.47000,4.31022,,,,,0.61636,1
028,5848,602.41998,58.48000,4.31079,,,,,0.61632,1
028,5849,602.52502,58.49000,4.31227,,,,,0.61628,1
028,5850,602.62701,58.50000,4.31307,,,,,0.61623,1
028,5851,602.71997,58.51000,4.31393,,,,,0.61619,1
028,5852,602.82898,58.52000,4.31601,,,,,0.61615,1
028,5853,602.92200,58.53000,4.31717,,,,,0.61611,1
028,5854,603.02399,58.54000,4.31816,,,,,0.61606,1
028,5855,603.13098,58.55000,4.31916,,,,,0.61602,1
028,5856,603.22601,58.56000,4.32042,,,,,0.61598,1
028,5857,603.32501,58.57000,4.32121,,,,,0.61594,1
028,5858,603.43103,58.58000,4.32250,,,,,0.61589,1
028,5859,603.53198,58.59000,4.32388,,,,,0.61585,1
028,5860,603.62000,58.60000,4.32502,,,,,0.61581,1
028,5861,603.71997,58.61000,4.32640,,,,,0.61577,1
028,5862,603.82397,58.62000,4.32740,,,,,0.61572,1
028,5863,603.92700,58.63000,4.32868,,,,,0.61568,1
028,5864,604.01703,58.64000,4.32895,,,,,0.61564,1
028,5865,604.12799,58.65000,4.32958,,,,,0.61559,1
028,5866,604.22400,58.66000,4.33055,,,,,0.61555,1
028,5867,604.33099,58.67000,4.33175,,,,,0.61551,1
028,5868,604.42102,58.68000,4.33280,,,,,0.61547,1
028,5869,604.51703,58.69000,4.33397,,,,,0.61543,1
028,5870,604.62903,58.70000,4.33499,,,,,0.61538,1
028,5871,604.72998,58.71000,4.33549,,,,,0.61534,1
028,5872,604.82300,58.72000,4.33646,,,,,0.61530,1
028,5873,604.92603,58.73000,4.33765,,,,,0.61525,1
028,5874,605.02502,58.74000,4.33892,,,,,0.61521,1
028,5875,605.13202,58.75000,4.34013,,,,,0.61517,1
028,5876,605.22699,58.76000,4.34149,,,,,0.61513,1
028,5877,605.32001,58.77000,4.34275,,,,,0.61509,1
028,5878,605.42499,58.78000,4.34385,,,,,0.61504,1
028,5879,605.53400,58.79000,4.34398,,,,,0.61499,1
028,5880,605.62701,58.80000,4.34445,,,,,0.61495,1
028,5881,605.72400,58.81000,4.34680,,,,,0.61491,1
028,5882,605.83197,58.82000,4.34781,,,,,0.61487,1
028,5883,605.92401,58.83000,4.34897,,,,,0.61483,1
028,5884,606.02197,58.84000,4.34986,,,,,0.61479,1
028,5885,606.12000,58.85000,4.35074,,,,,0.61474,1
028,5886,606.21698,58.86000,4.35103,,,,,0.61470,1
028,5887,606.32501,58.87000,4.35224,,,,,0.61466,1
028,5888,606.43201,58.88000,4.35325,,,,,0.61461,1
028,5889,606.52698,58.89000,4.35481,,,,,0.61457,1
028,5890,606.61902,58.90000,4.35567,,,,,0.61453,1
028,5891,606.72601,58.91000,4.35688,,,,,0.61449,1
028,5892,606.82703,58.92000,4.35816,,,,,0.61444,1
028,5893,606.92499,58.93000,4.35885,,,,,0.61440,1
028,5894,607.02802,58.94000,4.35966,,,,,0.61436,1
028,5895,607.12000,58.95000,4.36072,,,,,0.61432,1
028,5896,607.22101,58.96000,4.36220,,,,,0.61428,1
028,5897,607.32397,58.97000,4.36349,,,,,0.61423,1
028,5898,607.42401,58.98000,4.36487,,,,,0.61419,1
028,5899,607.53198,58.99000,4.36638,,,,,0.61414,1
028,5900,607.62799,59.00000,4.36677,,,,,0.61410,1
028,5901,607.72198,59.01000,4.36725,,,,,0.61406,1
028,5902,607.82800,59.02000,4.36776,,,,,0.61402,1
028,5903,607.92999,59.03000,4.36886,,,,,0.61397,1
028,5904,608.03699,59.04000,4.37016,,,,,0.61393,1
028,5905,608.13898,59.05000,4.37116,,,,,0.61388,1
028,5906,608.22101,59.06000,4.37200,,,,,0.61385,1
028,5907,608.33398,59.07000,4.37342,,,,,0.61380,1
028,5908,608.42200,59.08000,4.37486,,,,,0.61376,1
028,5909,608.52899,59.09000,4.37598,,,,,0.61372,1
028,5910,608.63098,59.10000,4.37678,,,,,0.61367,1
028,5911,608.72601,59.11000,4.37775,,,,,0.61363,1
028,5912,608.82800,59.12000,4.37875,,,,,0.61359,1
028,5913,608.92297,59.13000,4.37923,,,,,0.61355,1
028,5914,609.02301,59.14000,4.37983,,,,,0.61351,1
028,5915,609.13202,59.15000,4.38144,,,,,0.61346,1
028,5916,609.21997,59.16000,4.38210,,,,,0.61342,1
028,5917,609.33197,59.17000,4.38293,,,,,0.61337,1
028,5918,609.42499,59.18000,4.38371,,,,,0.61333,1
028,5919,609.52399,59.19000,4.38431,,,,,0.61329,1
028,5920,609.62299,59.20000,4.38490,,,,,0.61325,1
028,5921,609.72803,59.21000,4.38601,,,,,0.61321,1
028,5922,609.81897,59.22000,4.38697,,,,,0.61317,1
028,5923,609.93103,59.23000,4.38810,,,,,0.61312,1
028,5924,610.02502,59.24000,4.38917,,,,,0.61308,1
028,5925,610.12000,59.25000,4.39025,,,,,0.61304,1
028,5926,610.22998,59.26000,4.39127,,,,,0.61299,1
028,5927,610.32397,59.27000,4.39225,,,,,0.61295,1
028,5928,610.42700,59.28000,4.39325,,,,,0.61291,1
028,5929,610.52600,59.29000,4.39395,,,,,0.61286,1
028,5930,610.62299,59.30000,4.39503,,,,,0.61282,1
028,5931,610.72601,59.31000,4.39613,,,,,0.61278,1
028,5932,610.83197,59.32000,4.39754,,,,,0.61273,1
028,5933,610.91803,59.33000,4.39819,,,,,0.61270,1
028,5934,611.03497,59.34000,4.39934,,,,,0.61265,1
028,5935,611.12701,59.35000,4.40001,,,,,0.61261,1
028,5936,611.22900,59.36000,4.40033,,,,,0.61256,1
028,5937,611.32703,59.37000,4.40082,,,,,0.61252,1
028,5938,611.42902,59.38000,4.40232,,,,,0.61248,1
028,5939,611.52002,59.39000,4.40378,,,,,0.61244,1
028,5940,611.63397,59.40000,4.40531,,,,,0.61239,1
028,5941,611.73297,59.41000,4.40590,,,,,0.61235,1
028,5942,611.82397,59.42000,4.40667,,,,,0.61231,1
028,5943,611.93298,59.43000,4.40770,,,,,0.61226,1
028,5944,612.02197,59.44000,4.40886,,,,,0.61223,1
028,5945,612.12201,59.45000,4.41005,,,,,0.61218,1
028,5946,612.21997,59.46000,4.41124,,,,,0.61214,1
028,5947,612.32703,59.47000,4.41235,,,,,0.61210,1
028,5948,612.41699,59.48000,4.41352,,,,,0.61206,1
028,5949,612.52100,59.49000,4.41374,,,,,0.61201,1
028,5950,612.63098,59.50000,4.41476,,,,,0.61197,1
028,5951,612.72900,59.51000,4.41556,,,,,0.61192,1
028,5952,612.82599,59.52000,4.41724,,,,,0.61188,1
028,5953,612.93103,59.53000,4.41776,,,,,0.61184,1
028,5954,613.02899,59.54000,4.41904,,,,,0.61180,1
028,5955,613.12500,59.55000,4.42003,,,,,0.61175,1
028,5956,613.22803,59.56000,4.42113,,,,,0.61171,1
028,5957,613.32501,59.57000,4.42232,,,,,0.61167,1
028,5958,613.42499,59.58000,4.42332,,,,,0.61163,1
028,5959,613.52399,59.59000,4.42411,,,,,0.61158,1
028,5960,613.62701,59.60000,4.42493,,,,,0.61154,1
028,5961,613.72101,59.61000,4.42610,,,,,0.61150,1
028,5962,613.82800,59.62000,4.42732,,,,,0.61145,1
028,5963,613.91901,59.63000,4.42839,,,,,0.61142,1
028,5964,614.01599,59.64000,4.42958,,,,,0.61137,1
028,5965,614.12799,59.65000,4.43041,,,,,0.61133,1
028,5966,614.22900,59.66000,4.43132,,,,,0.61128,1
028,5967,614.32397,59.67000,4.43270,,,,,0.61124,1
028,5968,614.41998,59.68000,4.43299,,,,,0.61120,1
028,5969,614.52197,59.69000,4.43361,,,,,0.61116,1
028,5970,614.62598,59.70000,4.43482,,,,,0.61111,1
028,5971,614.72400,59.71000,4.43630,,,,,0.61107,1
028,5972,614.83502,59.72000,4.43753,,,,,0.61102,1
028,5973,614.92902,59.73000,4.43802,,,,,0.61098,1
028,5974,615.02899,59.74000,4.43932,,,,,0.61094,1
028,5975,615.12701,59.75000,4.43952,,,,,0.61090,1
028,5976,615.22198,59.76000,4.44100,,,,,0.61086,1
028,5977,615.32001,59.77000,4.44209,,,,,0.61082,1
028,5978,615.41901,59.78000,4.44309,,,,,0.61077,1
028,5979,615.52502,59.79000,4.44411,,,,,0.61073,1
028,5980,615.62299,59.80000,4.44462,,,,,0.61069,1
028,5981,615.72601,59.81000,4.44553,,,,,0.61064,1
028,5982,615.81799,59.82000,4.44660,,,,,0.61060,1
028,5983,615.92902,59.83000,4.44784,,,,,0.61056,1
028,5984,616.01599,59.84000,4.44899,,,,,0.61052,1
028,5985,616.12201,59.85000,4.45002,,,,,0.61047,1
028,5986,616.21399,59.86000,4.45099,,,,,0.61043,1
028,5987,616.32501,59.87000,4.45213,,,,,0.61039,1
028,5988,616.42297,59.88000,4.45312,,,,,0.61034,1
028,5989,616.51801,59.89000,4.45352,,,,,0.61030,1
028,5990,616.62000,59.90000,4.45404,,,,,0.61026,1
028,5991,616.71997,59.91000,4.45553,,,,,0.61022,1
028,5992,616.81598,59.92000,4.45632,,,,,0.61018,1
028,5993,616.92603,59.93000,4.45746,,,,,0.61013,1
028,5994,617.02002,59.94000,4.45765,,,,,0.61009,1
028,5995,617.12097,59.95000,4.45846,,,,,0.61005,1
028,5996,617.21997,59.96000,4.45966,,,,,0.61000,1
028,5997,617.32397,59.97000,4.46107,,,,,0.60996,1
028,5998,617.41901,59.98000,4.46236,,,,,0.60992,1
028,5999,617.52698,59.99000,4.46487,,,,,0.60987,1
028,6000,617.62598,60.00000,4.46518,,,,,0.60983,1
028,6001,617.72803,60.01000,4.46550,,,,,0.60979,1
028,6002,617.82703,60.02000,4.46650,,,,,0.60974,1
028,6003,617.91901,60.03000,4.46768,,,,,0.60970,1
028,6004,618.02100,60.04000,4.46888,,,,,0.60966,1
028,6005,618.12598,60.05000,4.46941,,,,,0.60962,1
028,6006,618.22699,60.06000,4.47072,,,,,0.60957,1
028,6007,618.32098,60.07000,4.47151,,,,,0.60953,1
028,6008,618.41699,60.08000,4.47289,,,,,0.60949,1
028,6009,618.51703,60.09000,4.47410,,,,,0.60945,1
028,6010,618.61700,60.10000,4.47481,,,,,0.60940,1
028,6011,618.71997,60.11000,4.47562,,,,,0.60936,1
028,6012,618.82098,60.12000,4.47663,,,,,0.60932,1
028,6013,618.92297,60.13000,4.47824,,,,,0.60927,1
028,6014,619.02698,60.14000,4.47965,,,,,0.60923,1
028,6015,619.11798,60.15000,4.48113,,,,,0.60919,1
028,6016,619.21600,60.16000,4.48144,,,,,0.60915,1
028,6017,619.32300,60.17000,4.48187,,,,,0.60910,1
028,6018,619.41901,60.18000,4.48287,,,,,0.60906,1
028,6019,619.52002,60.19000,4.48467,,,,,0.60902,1
028,6020,619.62402,60.20000,4.48559,,,,,0.60897,1
028,6021,619.71802,60.21000,4.48707,,,,,0.60893,1
028,6022,619.82397,60.22000,4.48790,,,,,0.60889,1
028,6023,619.92102,60.23000,4.48841,,,,,0.60885,1
028,6024,620.02197,60.24000,4.48882,,,,,0.60880,1
028,6025,620.12097,60.25000,4.49003,,,,,0.60876,1
028,6026,620.22400,60.26000,4.49134,,,,,0.60872,1
028,6027,620.32599,60.27000,4.49196,,,,,0.60867,1
028,6028,620.42700,60.28000,4.49248,,,,,0.60863,1
028,6029,620.51801,60.29000,4.49316,,,,,0.60859,1
028,6030,620.61401,60.30000,4.49465,,,,,0.60855,1
028,6031,620.71698,60.31000,4.49557,,,,,0.60850,1
028,6032,620.82898,60.32000,4.49662,,,,,0.60846,1
028,6033,620.92297,60.33000,4.49761,,,,,0.60842,1
028,6034,621.01501,60.34000,4.49780,,,,,0.60838,1
028,6035,621.12201,60.35000,4.49923,,,,,0.60833,1
028,6036,621.22198,60.36000,4.49994,,,,,0.60829,1
028,6037,621.32599,60.37000,4.50097,,,,,0.60824,1
028,6038,621.42499,60.38000,4.50188,,,,,0.60820,1
028,6039,621.52100,60.39000,4.50287,,,,,0.60816,1
028,6040,621.62299,60.40000,4.50409,,,,,0.60812,1
028,6041,621.72198,60.41000,4.50500,,,,,0.60807,1
028,6042,621.82703,60.42000,4.50592,,,,,0.60803,1
028,6043,621.90997,60.43000,4.50619,,,,,0.60799,1
028,6044,622.02899,60.44000,4.50726,,,,,0.60794,1
028,6045,622.12299,60.45000,4.50835,,,,,0.60790,1
028,6046,622.22101,60.46000,4.50975,,,,,0.60786,1
028,6047,622.32001,60.47000,4.51076,,,,,0.60782,1
028,6048,622.42297,60.48000,4.51099,,,,,0.60777,1
028,6049,622.51801,60.49000,4.51278,,,,,0.60773,1
028,6050,622.62701,60.50000,4.51402,,,,,0.60769,1
028,6051,622.71802,60.51000,4.51500,,,,,0.60765,1
028,6052,622.82501,60.52000,4.51534,,,,,0.60760,1
028,6053,622.92603,60.53000,4.51596,,,,,0.60756,1
028,6054,623.02301,60.54000,4.51716,,,,,0.60752,1
028,6055,623.12000,60.55000,4.51827,,,,,0.60747,1
028,6056,623.22101,60.56000,4.51928,,,,,0.60743,1
028,6057,623.32300,60.57000,4.52010,,,,,0.60739,1
028,6058,623.41998,60.58000,4.52121,,,,,0.60735,1
028,6059,623.52698,60.59000,4.52234,,,,,0.60730,1
028,6060,623.62903,60.60000,4.52346,,,,,0.60726,1
028,6061,623.73199,60.61000,4.52409,,,,,0.60721,1
028,6062,623.83398,60.62000,4.52442,,,,,0.60717,1
028,6063,623.92902,60.63000,4.52571,,,,,0.60713,1
028,6064,624.03198,60.64000,4.52624,,,,,0.60708,1
028,6065,624.13098,60.65000,4.52725,,,,,0.60704,1
028,6066,624.21997,60.66000,4.52823,,,,,0.60700,1
028,6067,624.33002,60.67000,4.52918,,,,,0.60695,1
028,6068,624.42798,60.68000,4.52999,,,,,0.60691,1
028,6069,624.53302,60.69000,4.53072,,,,,0.60687,1
028,6070,624.62097,60.70000,4.53140,,,,,0.60683,1
028,6071,624.72601,60.71000,4.53223,,,,,0.60678,1
028,6072,624.83301,60.72000,4.53317,,,,,0.60674,1
028,6073,624.93500,60.73000,4.53370,,,,,0.60669,1
028,6074,625.02802,60.74000,4.53439,,,,,0.60665,1
028,6075,625.12903,60.75000,4.53482,,,,,0.60661,1
028,6076,625.23499,60.76000,4.53566,,,,,0.60657,1
028,6077,625.32800,60.77000,4.53754,,,,,0.60653,1
028,6078,625.43298,60.78000,4.53838,,,,,0.60648,1
028,6079,625.52600,60.79000,4.53947,,,,,0.60644,1
028,6080,625.63000,60.80000,4.54040,,,,,0.60640,1
028,6081,625.72803,60.81000,4.54151,,,,,0.60635,1
028,6082,625.83398,60.82000,4.54185,,,,,0.60631,1
028,6083,625.93298,60.83000,4.54227,,,,,0.60626,1
028,6084,626.02802,60.84000,4.54307,,,,,0.60622,1
028,6085,626.12701,60.85000,4.54359,,,,,0.60618,1
028,6086,626.22803,60.86000,4.54441,,,,,0.60614,1
028,6087,626.33301,60.87000,4.54515,,,,,0.60609,1
028,6088,626.42902,60.88000,4.54605,,,,,0.60605,1
028,6089,626.52600,60.89000,4.54746,,,,,0.60601,1
028,6090,626.62402,60.90000,4.54877,,,,,0.60597,1
028,6091,626.72699,60.91000,4.54910,,,,,0.60592,1
028,6092,626.82098,60.92000,4.54980,,,,,0.60588,1
028,6093,626.92700,60.93000,4.55045,,,,,0.60584,1
028,6094,627.02802,60.94000,4.55117,,,,,0.60579,1
028,6095,627.12598,60.95000,4.55168,,,,,0.60575,1
028,6096,627.22601,60.96000,4.55300,,,,,0.60571,1
028,6097,627.32703,60.97000,4.55383,,,,,0.60567,1
028,6098,627.42798,60.98000,4.55445,,,,,0.60562,1
028,6099,627.53601,60.99000,4.55639,,,,,0.60558,1
028,6100,627.62402,61.00000,4.55707,,,,,0.60554,1
028,6101,627.72699,61.01000,4.55791,,,,,0.60549,1
028,6102,627.82501,61.02000,4.55812,,,,,0.60545,1
028,6103,627.93201,61.03000,4.55877,,,,,0.60540,1
028,6104,628.02301,61.04000,4.55956,,,,,0.60537,1
028,6105,628.13702,61.05000,4.56053,,,,,0.60532,1
028,6106,628.22803,61.06000,4.56162,,,,,0.60528,1
028,6107,628.32300,61.07000,4.56252,,,,,0.60524,1
028,6108,628.42798,61.08000,4.56326,,,,,0.60519,1
028,6109,628.53400,61.09000,4.56381,,,,,0.60515,1
028,6110,628.63397,61.10000,4.56483,,,,,0.60510,1
028,6111,628.73401,61.11000,4.56585,,,,,0.60506,1
028,6112,628.83099,61.12000,4.56696,,,,,0.60502,1
028,6113,628.93402,61.13000,4.56779,,,,,0.60497,1
028,6114,629.03101,61.14000,4.56871,,,,,0.60493,1
028,6115,629.12903,61.15000,4.56982,,,,,0.60489,1
028,6116,629.23199,61.16000,4.57075,,,,,0.60484,1
028,6117,629.33301,61.17000,4.57158,,,,,0.60480,1
028,6118,629.43298,61.18000,4.57250,,,,,0.60476,1
028,6119,629.52698,61.19000,4.57351,,,,,0.60472,1
028,6120,629.62201,61.20000,4.57441,,,,,0.60468,1
028,6121,629.72803,61.21000,4.57466,,,,,0.60463,1
028,6122,629.82397,61.22000,4.57597,,,,,0.60459,1
028,6123,629.92297,61.23000,4.57689,,,,,0.60455,1
028,6124,630.03497,61.24000,4.57755,,,,,0.60450,1
028,6125,630.13300,61.25000,4.57857,,,,,0.60446,1
028,6126,630.23901,61.26000,4.57952,,,,,0.60441,1
028,6127,630.33801,61.27000,4.58034,,,,,0.60437,1
028,6128,630.43500,61.28000,4.58135,,,,,0.60433,1
028,6129,630.52899,61.29000,4.58216,,,,,0.60429,1
028,6130,630.62701,61.30000,4.58278,,,,,0.60424,1
028,6131,630.73499,61.31000,4.58383,,,,,0.60420,1
028,6132,630.83502,61.32000,4.58505,,,,,0.60415,1
028,6133,630.92297,61.33000,4.58614,,,,,0.60412,1
028,6134,631.03302,61.34000,4.58610,,,,,0.60407,1
028,6135,631.12201,61.35000,4.58709,,,,,0.60403,1
028,6136,631.22803,61.36000,4.58843,,,,,0.60398,1
028,6137,631.33801,61.37000,4.58919,,,,,0.60394,1
028,6138,631.42499,61.38000,4.58978,,,,,0.60390,1
028,6139,631.53302,61.39000,4.59083,,,,,0.60385,1
028,6140,631.62903,61.40000,4.59155,,,,,0.60381,1
028,6141,631.73102,61.41000,4.59258,,,,,0.60377,1
028,6142,631.82800,61.42000,4.59349,,,,,0.60372,1
028,6143,631.93201,61.43000,4.59434,,,,,0.60368,1
028,6144,632.03003,61.44000,4.59506,,,,,0.60364,1
028,6145,632.13098,61.45000,4.59589,,,,,0.60359,1
028,6146,632.22400,61.46000,4.59669,,,,,0.60355,1
028,6147,632.32898,61.47000,4.59754,,,,,0.60351,1
028,6148,632.43701,61.48000,4.59899,,,,,0.60346,1
028,6149,632.53802,61.49000,4.59962,,,,,0.60342,1
028,6150,632.63702,61.50000,4.60005,,,,,0.60337,1
028,6151,632.72900,61.51000,4.60065,,,,,0.60334,1
028,6152,632.82300,61.52000,4.60176,,,,,0.60329,1
028,6153,632.93201,61.53000,4.60252,,,,,0.60325,1
028,6154,633.03302,61.54000,4.60345,,,,,0.60320,1
028,6155,633.13898,61.55000,4.60470,,,,,0.60316,1
028,6156,633.23401,61.56000,4.60521,,,,,0.60312,1
028,6157,633.33197,61.57000,4.60553,,,,,0.60307,1
028,6158,633.43298,61.58000,4.60627,,,,,0.60303,1
028,6159,633.53198,61.59000,4.60729,,,,,0.60299,1
028,6160,633.63599,61.60000,4.60823,,,,,0.60294,1
028,6161,633.73901,61.61000,4.60927,,,,,0.60290,1
028,6162,633.83398,61.62000,4.60989,,,,,0.60286,1
028,6163,633.92999,61.63000,4.60981,,,,,0.60282,1
028,6164,634.02600,61.64000,4.61122,,,,,0.60277,1
028,6165,634.13501,61.65000,4.61198,,,,,0.60273,1
028,6166,634.23199,61.66000,4.61270,,,,,0.60269,1
028,6167,634.33197,61.67000,4.61333,,,,,0.60264,1
028,6168,634.43201,61.68000,4.61387,,,,,0.60260,1
028,6169,634.53101,61.69000,4.61429,,,,,0.60256,1
028,6170,634.63202,61.70000,4.61463,,,,,0.60251,1
028,6171,634.73499,61.71000,4.61577,,,,,0.60247,1
028,6172,634.83899,61.72000,4.61671,,,,,0.60242,1
028,6173,634.92902,61.73000,4.61761,,,,,0.60238,1
028,6174,635.03003,61.74000,4.61835,,,,,0.60234,1
028,6175,635.13397,61.75000,4.61889,,,,,0.60229,1
028,6176,635.23102,61.76000,4.61941,,,,,0.60225,1
028,6177,635.33398,61.77000,4.62056,,,,,0.60221,1
028,6178,635.43201,61.78000,4.62168,,,,,0.60217,1
028,6179,635.53101,61.79000,4.62181,,,,,0.60212,1
028,6180,635.63300,61.80000,4.62225,,,,,0.60208,1
028,6181,635.73401,61.81000,4.62329,,,,,0.60203,1
028,6182,635.83301,61.82000,4.62472,,,,,0.60199,1
028,6183,635.93799,61.83000,4.62556,,,,,0.60195,1
028,6184,636.04102,61.84000,4.62641,,,,,0.60190,1
028,6185,636.14001,61.85000,4.62684,,,,,0.60186,1
028,6186,636.22998,61.86000,4.62764,,,,,0.60182,1
028,6187,636.32703,61.87000,4.62806,,,,,0.60178,1
028,6188,636.43903,61.88000,4.62894,,,,,0.60173,1
028,6189,636.53900,61.89000,4.62977,,,,,0.60169,1
028,6190,636.63702,61.90000,4.63030,,,,,0.60164,1
028,6191,636.73999,61.91000,4.63134,,,,,0.60160,1
028,6192,636.83698,61.92000,4.63256,,,,,0.60156,1
028,6193,636.93597,61.93000,4.63300,,,,,0.60151,1
028,6194,637.03900,61.94000,4.63394,,,,,0.60147,1
028,6195,637.12598,61.95000,4.63473,,,,,0.60143,1
028,6196,637.23499,61.96000,4.63530,,,,,0.60138,1
028,6197,637.33002,61.97000,4.63581,,,,,0.60134,1
028,6198,637.43500,61.98000,4.63647,,,,,0.60130,1
028,6199,637.53101,61.99000,4.63709,,,,,0.60126,1
028,6200,637.63300,62.00000,4.63843,,,,,0.60121,1
028,6201,637.73102,62.01000,4.63956,,,,,0.60117,1
028,6202,637.83197,62.02000,4.64000,,,,,0.60112,1
028,6203,637.92902,62.03000,4.64012,,,,,0.60108,1
028,6204,638.03003,62.04000,4.64066,,,,,0.60104,1
028,6205,638.13397,62.05000,4.64161,,,,,0.60099,1
028,6206,638.23700,62.06000,4.64266,,,,,0.60095,1
028,6207,638.33002,62.07000,4.64347,,,,,0.60091,1
028,6208,638.43298,62.08000,4.64442,,,,,0.60086,1
028,6209,638.53198,62.09000,4.64555,,,,,0.60082,1
028,6210,638.62097,62.10000,4.64645,,,,,0.60078,1
028,6211,638.72900,62.11000,4.64722,,,,,0.60074,1
028,6212,638.82703,62.12000,4.64795,,,,,0.60069,1
028,6213,638.93402,62.13000,4.64861,,,,,0.60065,1
028,6214,639.02002,62.14000,4.64879,,,,,0.60061,1
028,6215,639.13000,62.15000,4.64967,,,,,0.60056,1
028,6216,639.22803,62.16000,4.65060,,,,,0.60052,1
028,6217,639.32300,62.17000,4.65122,,,,,0.60048,1
028,6218,639.43103,62.18000,4.65188,,,,,0.60043,1
028,6219,639.52301,62.19000,4.65319,,,,,0.60039,1
028,6220,639.63898,62.20000,4.65439,,,,,0.60034,1
028,6221,639.73700,62.21000,4.65522,,,,,0.60030,1
028,6222,639.83002,62.22000,4.65603,,,,,0.60026,1
028,6223,639.92401,62.23000,4.65665,,,,,0.60022,1
028,6224,640.02698,62.24000,4.65740,,,,,0.60017,1
028,6225,640.13000,62.25000,4.65825,,,,,0.60013,1
028,6226,640.23401,62.26000,4.65920,,,,,0.60008,1
028,6227,640.33600,62.27000,4.65965,,,,,0.60004,1
028,6228,640.43103,62.28000,4.66037,,,,,0.60000,1
028,6229,640.54700,62.29000,4.66136,,,,,0.59995,1
028,6230,640.63098,62.30000,4.66245,,,,,0.59991,1
028,6231,640.72699,62.31000,4.66288,,,,,0.59987,1
028,6232,640.82397,62.32000,4.66381,,,,,0.59982,1
028,6233,640.93402,62.33000,4.66558,,,,,0.59978,1
028,6234,641.03699,62.34000,4.66603,,,,,0.59973,1
028,6235,641.13397,62.35000,4.66636,,,,,0.59969,1
028,6236,641.23199,62.36000,4.66690,,,,,0.59965,1
028,6237,641.33801,62.37000,4.66796,,,,,0.59960,1
028,6238,641.43903,62.38000,4.66890,,,,,0.59956,1
028,6239,641.53699,62.39000,4.66984,,,,,0.59951,1
028,6240,641.63397,62.40000,4.67087,,,,,0.59947,1
028,6241,641.73901,62.41000,4.67173,,,,,0.59943,1
028,6242,641.84302,62.42000,4.67288,,,,,0.59938,1
028,6243,641.93402,62.43000,4.67380,,,,,0.59934,1
028,6244,642.04602,62.44000,4.67408,,,,,0.59929,1
028,6245,642.14301,62.45000,4.67481,,,,,0.59925,1
028,6246,642.24298,62.46000,4.67555,,,,,0.59921,1
028,6247,642.34302,62.47000,4.67619,,,,,0.59916,1
028,6248,642.44000,62.48000,4.67682,,,,,0.59912,1
028,6249,642.53400,62.49000,4.67744,,,,,0.59908,1
028,6250,642.63800,62.50000,4.67900,,,,,0.59903,1
028,6251,642.74799,62.51000,4.67948,,,,,0.59899,1
028,6252,642.83002,62.52000,4.68016,,,,,0.59895,1
028,6253,642.92902,62.53000,4.68110,,,,,0.59891,1
028,6254,643.03400,62.54000,4.68196,,,,,0.59886,1
028,6255,643.14001,62.55000,4.68252,,,,,0.59882,1
028,6256,643.23798,62.56000,4.68316,,,,,0.59877,1
028,6257,643.34601,62.57000,4.68373,,,,,0.59873,1
028,6258,643.43402,62.58000,4.68433,,,,,0.59869,1
028,6259,643.54303,62.59000,4.68591,,,,,0.59864,1
028,6260,643.64001,62.60000,4.68634,,,,,0.59860,1
028,6261,643.73798,62.61000,4.68728,,,,,0.59855,1
028,6262,643.83301,62.62000,4.68771,,,,,0.59851,1
028,6263,643.94598,62.63000,4.68819,,,,,0.59846,1
028,6264,644.03998,62.64000,4.68902,,,,,0.59842,1
028,6265,644.13000,62.65000,4.68963,,,,,0.59838,1
028,6266,644.23499,62.66000,4.69059,,,,,0.59834,1
028,6267,644.33398,62.67000,4.69133,,,,,0.59829,1
028,6268,644.43597,62.68000,4.69208,,,,,0.59825,1
028,6269,644.53998,62.69000,4.69345,,,,,0.59820,1
028,6270,644.63000,62.70000,4.69385,,,,,0.59817,1
028,6271,644.73901,62.71000,4.69453,,,,,0.59812,1
028,6272,644.83801,62.72000,4.69527,,,,,0.59807,1
028,6273,644.93597,62.73000,4.69601,,,,,0.59803,1
028,6274,645.03400,62.74000,4.69705,,,,,0.59799,1
028,6275,645.13599,62.75000,4.69801,,,,,0.59794,1
028,6276,645.23700,62.76000,4.69866,,,,,0.59790,1
028,6277,645.33197,62.77000,4.69898,,,,,0.59786,1
028,6278,645.43799,62.78000,4.69975,,,,,0.59781,1
028,6279,645.53101,62.79000,4.70067,,,,,0.59777,1
028,6280,645.63800,62.80000,4.70124,,,,,0.59772,1
028,6281,645.73499,62.81000,4.70178,,,,,0.59768,1
028,6282,645.84198,62.82000,4.70285,,,,,0.59764,1
028,6283,645.94501,62.83000,4.70361,,,,,0.59759,1
028,6284,646.03802,62.84000,4.70443,,,,,0.59755,1
028,6285,646.14398,62.85000,4.70570,,,,,0.59750,1
028,6286,646.23297,62.86000,4.70621,,,,,0.59746,1
028,6287,646.33502,62.87000,4.70646,,,,,0.59742,1
028,6288,646.43402,62.88000,4.70701,,,,,0.59738,1
028,6289,646.54199,62.89000,4.70788,,,,,0.59733,1
028,6290,646.64899,62.90000,4.70845,,,,,0.59728,1
028,6291,646.72998,62.91000,4.70924,,,,,0.59725,1
028,6292,646.84900,62.92000,4.70975,,,,,0.59719,1
028,6293,646.94501,62.93000,4.71018,,,,,0.59715,1
028,6294,647.04700,62.94000,4.71084,,,,,0.59711,1
028,6295,647.13898,62.95000,4.71125,,,,,0.59707,1
028,6296,647.24500,62.96000,4.71253,,,,,0.59702,1
028,6297,647.34698,62.97000,4.71328,,,,,0.59698,1
028,6298,647.44800,62.98000,4.71353,,,,,0.59693,1
028,6299,647.54199,62.99000,4.71436,,,,,0.59689,1
028,6300,647.60400,62.99750,4.71468,,,,,0.59686,1
