run_id,point_index,temperature_C,time_min,dsc_mW_mg,mass_pct,purge1_ml_min,purge2_ml_min,protective_ml_min,sensitivity_uV_mW,segment
201,0,22.00900,0.00000,-1.136964e-002,100.00043,50.00000,,20.00000,0.72908,1
201,1,21.99500,0.00667,-1.164303e-002,100.00015,49.00000,,20.00000,0.72907,1
201,2,21.98900,0.01333,-1.180705e-002,99.99905,49.00000,,20.00000,0.72907,1
201,3,22.01800,0.02000,-1.186154e-002,99.99700,49.00000,,20.00000,0.72908,1
201,4,22.00100,0.02667,-1.191630e-002,99.99448,50.00000,,20.00000,0.72908,1
201,5,22.01200,0.03333,-1.191624e-002,99.99223,50.00000,,20.00000,0.72908,1
201,6,22.01800,0.04000,-1.186154e-002,99.99068,49.00000,,20.00000,0.72908,1
201,7,22.01800,0.04667,-1.186154e-002,99.98988,49.00000,,20.00000,0.72908,1
201,8,22.00600,0.05333,-1.180695e-002,99.98964,49.00000,,20.00000,0.72908,1
201,9,22.02200,0.06000,-1.169753e-002,99.98961,50.00000,,20.00000,0.72908,1
201,10,22.01500,0.06667,-1.158825e-002,99.98962,50.00000,,20.00000,0.72908,1
201,11,22.01600,0.07333,-1.142426e-002,99.98962,50.00000,,20.00000,0.72908,1
201,12,22.00300,0.08000,-1.126035e-002,99.98962,50.00000,,20.00000,0.72908,1
201,13,22.02000,0.08667,-1.126025e-002,99.98962,49.00000,,20.00000,0.72908,1
201,14,22.00900,0.09333,-1.136964e-002,99.98963,49.00000,,20.00000,0.72908,1
201,15,22.00700,0.10000,-1.142431e-002,99.98963,50.00000,,20.00000,0.72908,1
201,16,22.01100,0.10667,-1.147895e-002,99.98964,50.00000,,20.00000,0.72908,1
201,17,21.99500,0.11333,-1.147904e-002,99.98962,50.00000,,20.00000,0.72907,1
201,18,22.00300,0.12000,-1.147900e-002,99.98920,50.00000,,20.00000,0.72908,1
201,19,21.99100,0.12667,-1.153373e-002,99.98784,50.00000,,20.00000,0.72907,1
201,20,22.01500,0.13333,-1.147893e-002,99.98582,49.00000,,20.00000,0.72908,1
201,21,22.00600,0.14000,-1.158830e-002,99.98405,49.00000,,20.00000,0.72908,1
201,22,22.02000,0.14667,-1.158822e-002,99.98294,49.00000,,20.00000,0.72908,1
201,23,22.01500,0.15333,-1.164291e-002,99.98233,50.00000,,20.00000,0.72908,1
201,24,22.01700,0.16000,-1.169756e-002,99.98213,50.00000,,20.00000,0.72908,1
201,25,22.00400,0.16667,-1.164298e-002,99.98213,50.00000,,20.00000,0.72908,1
201,26,21.99700,0.17333,-1.169768e-002,99.98206,50.00000,,20.00000,0.72907,1
201,27,22.02100,0.18000,-1.158822e-002,99.98185,49.00000,,20.00000,0.72908,1
201,28,22.01200,0.18667,-1.164293e-002,99.98164,49.00000,,20.00000,0.72908,1
201,29,22.01400,0.19333,-1.175224e-002,99.98157,50.00000,,20.00000,0.72908,1
201,30,22.01500,0.20000,-1.175224e-002,99.98157,50.00000,,20.00000,0.72908,1
201,31,22.00900,0.20667,-1.169761e-002,99.98157,49.00000,,20.00000,0.72908,1
201,32,22.00800,0.21333,-1.169762e-002,99.98158,49.00000,,20.00000,0.72908,1
201,33,22.02300,0.22000,-1.147888e-002,99.98159,49.00000,,20.00000,0.72908,1
201,34,22.00400,0.22667,-1.142433e-002,99.98159,49.00000,,20.00000,0.72908,1
201,35,21.99200,0.23333,-1.153372e-002,99.98159,50.00000,,20.00000,0.72907,1
201,36,21.99100,0.24000,-1.164305e-002,99.98134,50.00000,,20.00000,0.72907,1
201,37,22.00400,0.24667,-1.169764e-002,99.98015,50.00000,,20.00000,0.72908,1
201,38,21.99700,0.25333,-1.164302e-002,99.97759,50.00000,,20.00000,0.72907,1
201,39,22.00800,0.26000,-1.158829e-002,99.97395,49.00000,,20.00000,0.72908,1
201,40,22.00800,0.26667,-1.164295e-002,99.96990,49.00000,,20.00000,0.72908,1
201,41,22.02000,0.27333,-1.175221e-002,99.96617,51.00000,,20.00000,0.72908,1
201,42,22.02300,0.28000,-1.191617e-002,99.96348,51.00000,,20.00000,0.72908,1
201,43,22.03200,0.28667,-1.208010e-002,99.96189,52.00000,,20.00000,0.72909,1
201,44,22.03000,0.29333,-1.213478e-002,99.96102,52.00000,,20.00000,0.72909,1
201,45,22.03000,0.30000,-1.213478e-002,99.96074,49.00000,,20.00000,0.72909,1
201,46,22.02100,0.30667,-1.197085e-002,99.96074,49.00000,,20.00000,0.72908,1
201,47,22.02000,0.31333,-1.191619e-002,99.96072,50.00000,,20.00000,0.72908,1
201,48,22.02300,0.32000,-1.186151e-002,99.96050,50.00000,,20.00000,0.72908,1
201,49,22.02600,0.32667,-1.180683e-002,99.95988,50.00000,,20.00000,0.72908,1
201,50,22.03200,0.33333,-1.202544e-002,99.95909,52.00000,,20.00000,0.72909,1
201,51,22.03200,0.34000,-1.213476e-002,99.95855,49.00000,,20.00000,0.72909,1
201,52,22.03700,0.34667,-1.213474e-002,99.95835,49.00000,,20.00000,0.72909,1
201,53,22.03200,0.35333,-1.224409e-002,99.95832,50.00000,,20.00000,0.72909,1
201,54,22.03100,0.36000,-1.235342e-002,99.95832,50.00000,,20.00000,0.72909,1
201,55,22.04000,0.36667,-1.235336e-002,99.95828,50.00000,,20.00000,0.72909,1
201,56,22.03900,0.37333,-1.235337e-002,99.95800,50.00000,,20.00000,0.72909,1
201,57,22.03400,0.38000,-1.246272e-002,99.95731,50.00000,,20.00000,0.72909,1
201,58,22.03100,0.38667,-1.262672e-002,99.95624,49.00000,,20.00000,0.72909,1
201,59,22.05700,0.39333,-1.273588e-002,99.95501,49.00000,,20.00000,0.72910,1
201,60,22.04000,0.40000,-1.268133e-002,99.95400,51.00000,,20.00000,0.72909,1
201,61,22.05200,0.40667,-1.268125e-002,99.95869,51.00000,,20.00000,0.72909,1
201,62,22.04500,0.41333,-1.262663e-002,99.95857,51.00000,,20.00000,0.72909,1
201,63,22.06400,0.42000,-1.273584e-002,99.95857,49.00000,,20.00000,0.72910,1
201,64,22.04600,0.42667,-1.284527e-002,99.95857,49.00000,,20.00000,0.72909,1
201,65,22.04500,0.43333,-1.295460e-002,99.95857,49.00000,,20.00000,0.72909,1
201,66,22.04900,0.44000,-1.311856e-002,99.95853,50.00000,,20.00000,0.72909,1
201,67,22.05800,0.44667,-1.333714e-002,99.95832,50.00000,,20.00000,0.72910,1
201,68,22.05700,0.45333,-1.344646e-002,99.95785,51.00000,,20.00000,0.72910,1
201,69,22.05200,0.46000,-1.355582e-002,99.95712,51.00000,,20.00000,0.72909,1
201,70,22.05400,0.46667,-1.366513e-002,99.95621,51.00000,,20.00000,0.72909,1
201,71,22.06600,0.47333,-1.388369e-002,99.95510,49.00000,,20.00000,0.72910,1
201,72,22.07200,0.48000,-1.404763e-002,99.95353,49.00000,,20.00000,0.72910,1
201,73,22.05800,0.48667,-1.426636e-002,99.95159,50.00000,,20.00000,0.72910,1
201,74,22.06300,0.49333,-1.443031e-002,99.94999,50.00000,,20.00000,0.72910,1
201,75,22.07500,0.50000,-1.453954e-002,99.94691,50.00000,,20.00000,0.72910,1
201,76,22.08300,0.50667,-1.464881e-002,99.94465,49.00000,,20.00000,0.72911,1
201,77,22.10400,0.51333,-1.470331e-002,99.94176,50.00000,,20.00000,0.72911,1
201,78,22.10000,0.52000,-1.503130e-002,99.93890,49.00000,,20.00000,0.72911,1
201,79,22.10000,0.52667,-1.535925e-002,99.93738,49.00000,,20.00000,0.72911,1
201,80,22.11100,0.53333,-1.557780e-002,99.93635,50.00000,,20.00000,0.72912,1
201,81,22.11500,0.54000,-1.579641e-002,99.93789,51.00000,,20.00000,0.72912,1
201,82,22.10100,0.54667,-1.590584e-002,99.93826,51.00000,,20.00000,0.72911,1
201,83,22.11700,0.55333,-1.590571e-002,99.93801,51.00000,,20.00000,0.72912,1
201,84,22.11100,0.56000,-1.601508e-002,99.93650,49.00000,,20.00000,0.72912,1
201,85,22.12900,0.56667,-1.612425e-002,99.93457,50.00000,,20.00000,0.72912,1
201,86,22.12600,0.57333,-1.634291e-002,99.93309,50.00000,,20.00000,0.72912,1
201,87,22.13100,0.58000,-1.672548e-002,99.93124,51.00000,,20.00000,0.72912,1
201,88,22.14700,0.58667,-1.694398e-002,99.93000,51.00000,,20.00000,0.72913,1
201,89,22.13800,0.59333,-1.694405e-002,99.93065,49.00000,,20.00000,0.72912,1
201,90,22.14300,0.60000,-1.787320e-002,99.92936,49.00000,,20.00000,0.72913,1
201,91,22.14500,0.60667,-1.787318e-002,99.92780,49.00000,,20.00000,0.72913,1
201,92,22.17400,0.61333,-1.787292e-002,99.92570,50.00000,,20.00000,0.72914,1
201,93,22.16600,0.62000,-1.814628e-002,99.92429,50.00000,,20.00000,0.72914,1
201,94,22.17000,0.62667,-1.847419e-002,99.92305,50.00000,,20.00000,0.72914,1
201,95,22.16400,0.63333,-1.885685e-002,99.92137,50.00000,,20.00000,0.72913,1
201,96,22.19700,0.64000,-1.896585e-002,99.92018,49.00000,,20.00000,0.72915,1
201,97,22.19300,0.64667,-1.918452e-002,99.91724,49.00000,,20.00000,0.72914,1
201,98,22.18600,0.65333,-1.934855e-002,99.91543,49.00000,,20.00000,0.72914,1
201,99,22.19500,0.66000,-1.967641e-002,99.91568,50.00000,,20.00000,0.72915,1
201,100,22.21600,0.66667,-1.994948e-002,99.91727,50.00000,,20.00000,0.72915,1
201,101,22.22000,0.67333,-2.027738e-002,99.91757,52.00000,,20.00000,0.72915,1
201,102,22.22900,0.68000,-2.060522e-002,99.91636,49.00000,,20.00000,0.72916,1
201,103,22.22700,0.68667,-2.087852e-002,99.91521,49.00000,,20.00000,0.72916,1
201,104,22.23300,0.69333,-2.126105e-002,99.91555,49.00000,,20.00000,0.72916,1
201,105,22.24100,0.70000,-2.158890e-002,99.91714,49.00000,,20.00000,0.72916,1
201,106,22.25000,0.70667,-2.180742e-002,99.91821,50.00000,,20.00000,0.72917,1
201,107,22.26200,0.71333,-2.208057e-002,99.91876,50.00000,,20.00000,0.72917,1
201,108,22.27800,0.72000,-2.213505e-002,99.91931,51.00000,,20.00000,0.72918,1
201,109,22.27600,0.72667,-2.295489e-002,99.92038,51.00000,,20.00000,0.72917,1
201,110,22.28700,0.73333,-2.333734e-002,99.92145,49.00000,,20.00000,0.72918,1
201,111,22.28500,0.74000,-2.361063e-002,99.92304,49.00000,,20.00000,0.72918,1
201,112,22.29600,0.74667,-2.388378e-002,99.92725,50.00000,,20.00000,0.72918,1
201,113,22.32100,0.75333,-2.410209e-002,99.92885,50.00000,,20.00000,0.72919,1
201,114,22.30900,0.76000,-2.459412e-002,99.92992,50.00000,,20.00000,0.72919,1
201,115,22.33200,0.76667,-2.508572e-002,99.93152,50.00000,,20.00000,0.72920,1
201,116,22.33800,0.77333,-2.535890e-002,99.93260,49.00000,,20.00000,0.72920,1
201,117,22.34900,0.78000,-2.557738e-002,99.93419,49.00000,,20.00000,0.72920,1
201,118,22.36000,0.78667,-2.595980e-002,99.93527,49.00000,,20.00000,0.72921,1
201,119,22.36300,0.79333,-2.656094e-002,99.93686,50.00000,,20.00000,0.72921,1
201,120,22.38200,0.80000,-2.688860e-002,99.93794,50.00000,,20.00000,0.72921,1
201,121,22.37900,0.80667,-2.727120e-002,99.93950,50.00000,,20.00000,0.72921,1
201,122,22.38400,0.81333,-2.776300e-002,99.94039,50.00000,,20.00000,0.72921,1
201,123,22.40500,0.82000,-2.814526e-002,99.93837,50.00000,,20.00000,0.72922,1
201,124,22.41300,0.82667,-2.847306e-002,99.93924,49.00000,,20.00000,0.72922,1
201,125,22.43400,0.83333,-2.901926e-002,99.93956,51.00000,,20.00000,0.72923,1
201,126,22.44700,0.84000,-2.956557e-002,99.94051,51.00000,,20.00000,0.72924,1
201,127,22.45000,0.84667,-2.983878e-002,99.94367,52.00000,,20.00000,0.72924,1
201,128,22.47100,0.85333,-3.016636e-002,99.94635,52.00000,,20.00000,0.72925,1
201,129,22.47100,0.86000,-3.060356e-002,99.94848,49.00000,,20.00000,0.72925,1
201,130,22.49000,0.86667,-3.104046e-002,99.95057,50.00000,,20.00000,0.72925,1
201,131,22.50500,0.87333,-3.158671e-002,99.95161,50.00000,,20.00000,0.72926,1
201,132,22.51700,0.88000,-3.191441e-002,99.95164,50.00000,,20.00000,0.72926,1
201,133,22.52300,0.88667,-3.235150e-002,99.95221,50.00000,,20.00000,0.72926,1
201,134,22.54200,0.89333,-3.267908e-002,99.95269,50.00000,,20.00000,0.72927,1
201,135,22.55000,0.90000,-3.278825e-002,99.95288,49.00000,,20.00000,0.72927,1
201,136,22.55300,0.90667,-3.322537e-002,99.95329,49.00000,,20.00000,0.72927,1
201,137,22.58600,0.91333,-3.398988e-002,99.95305,50.00000,,20.00000,0.72929,1
201,138,22.59700,0.92000,-3.470008e-002,99.95340,50.00000,,20.00000,0.72929,1
201,139,22.61800,0.92667,-3.491830e-002,99.95392,50.00000,,20.00000,0.72930,1
201,140,22.62300,0.93333,-3.513680e-002,99.95617,50.00000,,20.00000,0.72930,1
201,141,22.63200,0.94000,-3.546451e-002,99.95691,50.00000,,20.00000,0.72930,1
201,142,22.65400,0.94667,-3.590128e-002,99.95815,50.00000,,20.00000,0.72931,1
201,143,22.66600,0.95333,-3.644751e-002,99.96093,49.00000,,20.00000,0.72932,1
201,144,22.67800,0.96000,-3.715765e-002,99.96217,49.00000,,20.00000,0.72932,1
201,145,22.70100,0.96667,-3.797688e-002,99.96346,51.00000,,20.00000,0.72933,1
201,146,22.70600,0.97333,-3.841393e-002,99.96478,51.00000,,20.00000,0.72933,1
201,147,22.71700,0.98000,-3.934264e-002,99.96615,52.00000,,20.00000,0.72933,1
201,148,22.73800,0.98667,-4.005258e-002,99.96703,52.00000,,20.00000,0.72934,1
201,149,22.75800,0.99333,-4.010682e-002,99.97106,49.00000,,20.00000,0.72935,1
201,150,22.76100,1.00000,-4.081710e-002,99.97393,49.00000,,20.00000,0.72935,1
201,151,22.77300,1.00667,-4.119935e-002,99.97589,50.00000,,20.00000,0.72935,1
201,152,22.78700,1.01333,-4.169082e-002,99.97685,50.00000,,20.00000,0.72936,1
201,153,22.81400,1.02000,-4.250987e-002,99.97537,50.00000,,20.00000,0.72937,1
201,154,22.82800,1.02667,-4.289205e-002,99.97377,50.00000,,20.00000,0.72937,1
201,155,22.86100,1.03333,-4.360166e-002,99.97325,49.00000,,20.00000,0.72939,1
201,156,22.87700,1.04000,-4.409305e-002,99.97328,51.00000,,20.00000,0.72939,1
201,157,22.87300,1.04667,-4.453025e-002,99.97427,49.00000,,20.00000,0.72939,1
201,158,22.90500,1.05333,-4.518519e-002,99.97455,49.00000,,20.00000,0.72940,1
201,159,22.93400,1.06000,-4.578554e-002,99.97412,50.00000,,20.00000,0.72941,1
201,160,22.95200,1.06667,-4.622223e-002,99.97304,50.00000,,20.00000,0.72942,1
201,161,22.97300,1.07333,-4.671347e-002,99.97242,49.00000,,20.00000,0.72943,1
201,162,22.98500,1.08000,-4.671319e-002,99.97128,50.00000,,20.00000,0.72943,1
201,163,23.02300,1.08667,-4.698549e-002,99.97439,49.00000,,20.00000,0.72944,1
201,164,23.04000,1.09333,-4.758606e-002,99.97615,49.00000,,20.00000,0.72945,1
201,165,23.06400,1.10000,-4.862353e-002,99.97823,51.00000,,20.00000,0.72946,1
201,166,23.08700,1.10667,-4.944247e-002,99.97758,51.00000,,20.00000,0.72947,1
201,167,23.10400,1.11333,-5.037080e-002,99.97621,51.00000,,20.00000,0.72947,1
201,168,23.11300,1.12000,-5.091690e-002,99.97556,51.00000,,20.00000,0.72948,1
201,169,23.14800,1.12667,-5.124380e-002,99.97597,51.00000,,20.00000,0.72949,1
201,170,23.15400,1.13333,-5.173533e-002,99.97614,49.00000,,20.00000,0.72949,1
201,171,23.16800,1.14000,-5.233590e-002,99.97746,49.00000,,20.00000,0.72950,1
201,172,23.19600,1.14667,-5.304536e-002,99.97780,50.00000,,20.00000,0.72951,1
201,173,23.22200,1.15333,-5.386411e-002,99.97775,52.00000,,20.00000,0.72952,1
201,174,23.24600,1.16000,-5.457364e-002,99.97860,52.00000,,20.00000,0.72952,1
201,175,23.27200,1.16667,-5.495534e-002,99.97846,49.00000,,20.00000,0.72953,1
201,176,23.30900,1.17333,-5.550060e-002,99.98012,50.00000,,20.00000,0.72955,1
201,177,23.32100,1.18000,-5.610116e-002,99.98215,50.00000,,20.00000,0.72955,1
201,178,23.33800,1.18667,-5.659232e-002,99.98443,50.00000,,20.00000,0.72956,1
201,179,23.37000,1.19333,-5.719230e-002,99.98357,50.00000,,20.00000,0.72957,1
201,180,23.38900,1.20000,-5.784726e-002,99.98151,50.00000,,20.00000,0.72958,1
201,181,23.40400,1.20667,-5.872082e-002,99.97978,49.00000,,20.00000,0.72958,1
201,182,23.43700,1.21333,-5.882910e-002,99.97945,49.00000,,20.00000,0.72959,1
201,183,23.47700,1.22000,-5.921030e-002,99.97900,49.00000,,20.00000,0.72961,1
201,184,23.48000,1.22667,-5.992030e-002,99.97843,49.00000,,20.00000,0.72961,1
201,185,23.51700,1.23333,-6.079313e-002,99.97828,49.00000,,20.00000,0.72962,1
201,186,23.53500,1.24000,-6.155728e-002,99.97812,50.00000,,20.00000,0.72963,1
201,187,23.58100,1.24667,-6.221132e-002,99.97807,50.00000,,20.00000,0.72965,1
201,188,23.60700,1.25333,-6.270208e-002,99.97926,50.00000,,20.00000,0.72965,1
201,189,23.62200,1.26000,-6.330243e-002,99.97951,50.00000,,20.00000,0.72966,1
201,190,23.64600,1.26667,-6.417556e-002,99.97917,49.00000,,20.00000,0.72967,1
201,191,23.68000,1.27333,-6.488450e-002,99.97756,49.00000,,20.00000,0.72968,1
201,192,23.70200,1.28000,-6.564842e-002,99.97624,51.00000,,20.00000,0.72969,1
201,193,23.73500,1.28667,-6.646657e-002,99.98003,51.00000,,20.00000,0.72970,1
201,194,23.77700,1.29333,-6.717519e-002,99.98286,52.00000,,20.00000,0.72972,1
201,195,23.79600,1.30000,-6.772070e-002,99.98325,52.00000,,20.00000,0.72972,1
201,196,23.83100,1.30667,-6.842949e-002,99.98111,49.00000,,20.00000,0.72974,1
201,197,23.85300,1.31333,-6.913870e-002,99.97938,49.00000,,20.00000,0.72974,1
201,198,23.88200,1.32000,-6.979305e-002,99.97840,50.00000,,20.00000,0.72975,1
201,199,23.90600,1.32667,-7.044755e-002,99.97815,50.00000,,20.00000,0.72976,1
201,200,23.96100,1.33333,-7.115556e-002,99.97774,50.00000,,20.00000,0.72978,1
201,201,23.98400,1.34000,-7.181006e-002,99.97691,50.00000,,20.00000,0.72979,1
201,202,24.02400,1.34667,-7.213629e-002,99.97688,49.00000,,20.00000,0.72980,1
201,203,24.05900,1.35333,-7.246269e-002,99.97663,49.00000,,20.00000,0.72982,1
201,204,24.08000,1.36000,-7.295339e-002,99.97652,51.00000,,20.00000,0.72982,1
201,205,24.11100,1.36667,-7.366214e-002,99.97743,51.00000,,20.00000,0.72984,1
201,206,24.14600,1.37333,-7.453454e-002,99.98031,52.00000,,20.00000,0.72985,1
201,207,24.18100,1.38000,-7.529770e-002,99.98260,52.00000,,20.00000,0.72986,1
201,208,24.21600,1.38667,-7.600624e-002,99.98129,49.00000,,20.00000,0.72987,1
201,209,24.25500,1.39333,-7.665999e-002,99.97958,49.00000,,20.00000,0.72989,1
201,210,24.28700,1.40000,-7.725938e-002,99.98001,49.00000,,20.00000,0.72990,1
201,211,24.30600,1.40667,-7.791386e-002,99.98242,49.00000,,20.00000,0.72991,1
201,212,24.34700,1.41333,-7.862207e-002,99.98198,50.00000,,20.00000,0.72992,1
201,213,24.38800,1.42000,-7.927566e-002,99.98128,50.00000,,20.00000,0.72994,1
201,214,24.42000,1.42667,-7.982038e-002,99.98038,51.00000,,20.00000,0.72995,1
201,215,24.46100,1.43333,-8.047392e-002,99.98307,51.00000,,20.00000,0.72996,1
201,216,24.51000,1.44000,-8.118172e-002,99.98468,49.00000,,20.00000,0.72998,1
201,217,24.52700,1.44667,-8.183616e-002,99.98366,49.00000,,20.00000,0.72998,1
201,218,24.57900,1.45333,-8.243459e-002,99.98210,50.00000,,20.00000,0.73000,1
201,219,24.61800,1.46000,-8.303352e-002,99.98164,50.00000,,20.00000,0.73002,1
201,220,24.65800,1.46667,-8.325026e-002,99.98184,50.00000,,20.00000,0.73003,1
201,221,24.70000,1.47333,-8.434032e-002,99.98066,50.00000,,20.00000,0.73005,1
201,222,24.73700,1.48000,-8.488467e-002,99.98016,49.00000,,20.00000,0.73006,1
201,223,24.77600,1.48667,-8.537433e-002,99.98336,49.00000,,20.00000,0.73007,1
201,224,24.80300,1.49333,-8.608282e-002,99.98596,51.00000,,20.00000,0.73008,1
201,225,24.85200,1.50000,-8.673578e-002,99.99005,50.00000,,20.00000,0.73010,1
201,226,24.90200,1.50667,-8.744324e-002,99.99040,50.00000,,20.00000,0.73012,1
201,227,24.93700,1.51333,-8.809673e-002,99.98697,50.00000,,20.00000,0.73013,1
201,228,24.96300,1.52000,-8.885976e-002,99.98493,49.00000,,20.00000,0.73014,1
201,229,25.02400,1.52667,-8.973040e-002,99.98634,49.00000,,20.00000,0.73016,1
201,230,25.06200,1.53333,-9.060200e-002,99.98702,49.00000,,20.00000,0.73018,1
201,231,25.10700,1.54000,-9.081832e-002,99.98604,49.00000,,20.00000,0.73019,1
201,232,25.15900,1.54667,-9.119805e-002,99.98774,50.00000,,20.00000,0.73021,1
201,233,25.19700,1.55333,-9.196041e-002,99.99122,50.00000,,20.00000,0.73022,1
201,234,25.25900,1.56000,-9.283081e-002,99.99133,50.00000,,20.00000,0.73025,1
201,235,25.28800,1.56667,-9.342980e-002,99.98799,50.00000,,20.00000,0.73026,1
201,236,25.33800,1.57333,-9.408238e-002,99.98625,50.00000,,20.00000,0.73028,1
201,237,25.36900,1.58000,-9.500867e-002,99.98797,50.00000,,20.00000,0.73029,1
201,238,25.42500,1.58667,-9.571547e-002,99.98895,50.00000,,20.00000,0.73031,1
201,239,25.47300,1.59333,-9.620435e-002,99.99288,50.00000,,20.00000,0.73032,1
201,240,25.52500,1.60000,-9.674757e-002,99.99453,50.00000,,20.00000,0.73034,1
201,241,25.56300,1.60667,-9.729143e-002,99.99150,49.00000,,20.00000,0.73036,1
201,242,25.64100,1.61333,-9.777882e-002,99.98978,49.00000,,20.00000,0.73038,1
201,243,25.67500,1.62000,-9.837738e-002,99.99143,49.00000,,20.00000,0.73040,1
201,244,25.71200,1.62667,-9.903035e-002,99.99209,49.00000,,20.00000,0.73041,1
201,245,25.76100,1.63333,-9.962816e-002,99.99156,50.00000,,20.00000,0.73043,1
201,246,25.81300,1.64000,-0.10012,99.99133,50.00000,,20.00000,0.73044,1
201,247,25.87200,1.64667,-0.10082,99.99096,50.00000,,20.00000,0.73047,1
201,248,25.92500,1.65333,-0.10142,99.99482,49.00000,,20.00000,0.73048,1
201,249,25.96700,1.66000,-0.10196,99.99676,49.00000,,20.00000,0.73050,1
201,250,26.03500,1.66667,-0.10251,99.99421,51.00000,,20.00000,0.73052,1
201,251,26.07800,1.67333,-0.10310,99.99278,51.00000,,20.00000,0.73054,1
201,252,26.11300,1.68000,-0.10365,99.99228,52.00000,,20.00000,0.73055,1
201,253,26.18500,1.68667,-0.10419,99.99204,52.00000,,20.00000,0.73058,1
201,254,26.22300,1.69333,-0.10484,99.99410,52.00000,,20.00000,0.73059,1
201,255,26.28800,1.70000,-0.10538,99.99702,49.00000,,20.00000,0.73061,1
201,256,26.35200,1.70667,-0.10598,99.99626,49.00000,,20.00000,0.73064,1
201,257,26.40300,1.71333,-0.10652,99.99198,50.00000,,20.00000,0.73065,1
201,258,26.46500,1.72000,-0.10718,99.98944,50.00000,,20.00000,0.73068,1
201,259,26.51300,1.72667,-0.10777,99.98861,50.00000,,20.00000,0.73069,1
201,260,26.57500,1.73333,-0.10815,99.98889,51.00000,,20.00000,0.73072,1
201,261,26.62700,1.74000,-0.10858,99.99129,49.00000,,20.00000,0.73073,1
201,262,26.68500,1.74667,-0.10918,99.99472,49.00000,,20.00000,0.73075,1
201,263,26.75000,1.75333,-0.10978,99.99440,50.00000,,20.00000,0.73078,1
201,264,26.80100,1.76000,-0.11038,99.99085,50.00000,,20.00000,0.73080,1
201,265,26.86400,1.76667,-0.11075,99.98982,50.00000,,20.00000,0.73082,1
201,266,26.91500,1.77333,-0.11135,99.98912,50.00000,,20.00000,0.73084,1
201,267,26.98700,1.78000,-0.11195,99.98787,49.00000,,20.00000,0.73086,1
201,268,27.06300,1.78667,-0.11254,99.98789,49.00000,,20.00000,0.73089,1
201,269,27.11100,1.79333,-0.11308,99.98982,50.00000,,20.00000,0.73091,1
201,270,27.16800,1.80000,-0.11363,99.99361,50.00000,,20.00000,0.73093,1
201,271,27.24000,1.80667,-0.11411,99.99379,51.00000,,20.00000,0.73095,1
201,272,27.28000,1.81333,-0.11471,99.99007,51.00000,,20.00000,0.73097,1
201,273,27.34400,1.82000,-0.11476,99.98643,49.00000,,20.00000,0.73099,1
201,274,27.40500,1.82667,-0.11541,99.98445,49.00000,,20.00000,0.73101,1
201,275,27.49100,1.83333,-0.11595,99.98587,50.00000,,20.00000,0.73104,1
201,276,27.56100,1.84000,-0.11644,99.98674,50.00000,,20.00000,0.73107,1
201,277,27.61100,1.84667,-0.11682,99.98935,50.00000,,20.00000,0.73108,1
201,278,27.69000,1.85333,-0.11730,99.98862,50.00000,,20.00000,0.73111,1
201,279,27.76300,1.86000,-0.11785,99.98455,50.00000,,20.00000,0.73114,1
201,280,27.82700,1.86667,-0.11828,99.98226,50.00000,,20.00000,0.73116,1
201,281,27.88200,1.87333,-0.11882,99.98364,49.00000,,20.00000,0.73118,1
201,282,27.94700,1.88000,-0.11920,99.98427,49.00000,,20.00000,0.73120,1
201,283,28.01300,1.88667,-0.11930,99.98768,50.00000,,20.00000,0.73123,1
201,284,28.09100,1.89333,-0.12028,99.98873,50.00000,,20.00000,0.73125,1
201,285,28.16600,1.90000,-0.12071,99.98501,49.00000,,20.00000,0.73128,1
201,286,28.24400,1.90667,-0.12109,99.98093,49.00000,,20.00000,0.73131,1
201,287,28.31200,1.91333,-0.12141,99.97924,49.00000,,20.00000,0.73133,1
201,288,28.37800,1.92000,-0.12168,99.98153,49.00000,,20.00000,0.73135,1
201,289,28.45900,1.92667,-0.12211,99.98351,49.00000,,20.00000,0.73138,1
201,290,28.52000,1.93333,-0.12227,99.98717,51.00000,,20.00000,0.73140,1
201,291,28.58300,1.94000,-0.12254,99.98709,51.00000,,20.00000,0.73143,1
201,292,28.66600,1.94667,-0.12319,99.98304,51.00000,,20.00000,0.73146,1
201,293,28.72600,1.95333,-0.12384,99.98029,49.00000,,20.00000,0.73148,1
201,294,28.81300,1.96000,-0.12427,99.98267,49.00000,,20.00000,0.73151,1
201,295,28.89700,1.96667,-0.12426,99.98239,51.00000,,20.00000,0.73154,1
201,296,28.96600,1.97333,-0.12431,99.98005,51.00000,,20.00000,0.73156,1
201,297,29.04700,1.98000,-0.12496,99.98408,52.00000,,20.00000,0.73159,1
201,298,29.11000,1.98667,-0.12578,99.98712,52.00000,,20.00000,0.73161,1
201,299,29.20200,1.99333,-0.12583,99.98384,49.00000,,20.00000,0.73164,1
201,300,29.27400,2.00000,-0.12615,99.98048,49.00000,,20.00000,0.73167,1
201,301,29.34600,2.00667,-0.12636,99.98018,50.00000,,20.00000,0.73170,1
201,302,29.43600,2.01333,-0.12636,99.98091,50.00000,,20.00000,0.73173,1
201,303,29.51800,2.02000,-0.12690,99.98329,50.00000,,20.00000,0.73176,1
201,304,29.59100,2.02667,-0.12771,99.98580,50.00000,,20.00000,0.73178,1
201,305,29.68800,2.03333,-0.12808,99.98370,50.00000,,20.00000,0.73182,1
201,306,29.74500,2.04000,-0.12797,99.98055,49.00000,,20.00000,0.73184,1
201,307,29.83200,2.04667,-0.12797,99.98197,49.00000,,20.00000,0.73187,1
201,308,29.92300,2.05333,-0.12840,99.98631,51.00000,,20.00000,0.73190,1
201,309,29.99900,2.06000,-0.12894,99.98626,51.00000,,20.00000,0.73192,1
201,310,30.08200,2.06667,-0.12898,99.98193,52.00000,,20.00000,0.73195,1
201,311,30.18900,2.07333,-0.12887,99.97813,49.00000,,20.00000,0.73199,1
201,312,30.25900,2.08000,-0.12914,99.97858,50.00000,,20.00000,0.73202,1
201,313,30.35300,2.08667,-0.12919,99.98334,49.00000,,20.00000,0.73205,1
201,314,30.44200,2.09333,-0.12923,99.98350,49.00000,,20.00000,0.73208,1
201,315,30.52300,2.10000,-0.12961,99.97957,50.00000,,20.00000,0.73211,1
201,316,30.61000,2.10667,-0.12993,99.97626,50.00000,,20.00000,0.73214,1
201,317,30.70800,2.11333,-0.13031,99.97466,51.00000,,20.00000,0.73217,1
201,318,30.78800,2.12000,-0.13047,99.97536,51.00000,,20.00000,0.73220,1
201,319,30.88700,2.12667,-0.13046,99.97465,49.00000,,20.00000,0.73224,1
201,320,30.95600,2.13333,-0.13073,99.97497,49.00000,,20.00000,0.73226,1
201,321,31.04300,2.14000,-0.13094,99.97451,49.00000,,20.00000,0.73229,1
201,322,31.13900,2.14667,-0.13082,99.97580,50.00000,,20.00000,0.73232,1
201,323,31.23400,2.15333,-0.13109,99.97472,50.00000,,20.00000,0.73236,1
201,324,31.32600,2.16000,-0.13130,99.97189,49.00000,,20.00000,0.73239,1
201,325,31.43000,2.16667,-0.13173,99.96951,49.00000,,20.00000,0.73242,1
201,326,31.51500,2.17333,-0.13189,99.96714,49.00000,,20.00000,0.73245,1
201,327,31.62600,2.18000,-0.13177,99.96952,49.00000,,20.00000,0.73249,1
201,328,31.70300,2.18667,-0.13188,99.97149,50.00000,,20.00000,0.73252,1
201,329,31.82900,2.19333,-0.13203,99.96892,50.00000,,20.00000,0.73256,1
201,330,31.90500,2.20000,-0.13203,99.96547,50.00000,,20.00000,0.73259,1
201,331,32.01000,2.20667,-0.13213,99.96426,50.00000,,20.00000,0.73263,1
201,332,32.09900,2.21333,-0.13240,99.96420,49.00000,,20.00000,0.73266,1
201,333,32.20600,2.22000,-0.13250,99.96317,51.00000,,20.00000,0.73269,1
201,334,32.30100,2.22667,-0.13249,99.96319,51.00000,,20.00000,0.73273,1
201,335,32.38400,2.23333,-0.13249,99.96165,51.00000,,20.00000,0.73276,1
201,336,32.50400,2.24000,-0.13253,99.95956,52.00000,,20.00000,0.73280,1
201,337,32.59800,2.24667,-0.13247,99.95899,52.00000,,20.00000,0.73283,1
201,338,32.68100,2.25333,-0.13252,99.96047,49.00000,,20.00000,0.73286,1
201,339,32.80400,2.26000,-0.13252,99.96143,49.00000,,20.00000,0.73290,1
201,340,32.89800,2.26667,-0.13251,99.95874,50.00000,,20.00000,0.73293,1
201,341,33.00000,2.27333,-0.13261,99.95709,50.00000,,20.00000,0.73297,1
201,342,33.10700,2.28000,-0.13250,99.96171,50.00000,,20.00000,0.73301,1
201,343,33.20000,2.28667,-0.13249,99.96474,50.00000,,20.00000,0.73304,1
201,344,33.30200,2.29333,-0.13248,99.96251,49.00000,,20.00000,0.73307,1
201,345,33.42700,2.30000,-0.13253,99.95927,49.00000,,20.00000,0.73312,1
201,346,33.53500,2.30667,-0.13247,99.95932,51.00000,,20.00000,0.73315,1
201,347,33.62800,2.31333,-0.13236,99.96067,50.00000,,20.00000,0.73319,1
201,348,33.72400,2.32000,-0.13230,99.96054,50.00000,,20.00000,0.73322,1
201,349,33.83400,2.32667,-0.13240,99.95976,50.00000,,20.00000,0.73326,1
201,350,33.93500,2.33333,-0.13244,99.95935,49.00000,,20.00000,0.73329,1
201,351,34.05000,2.34000,-0.13233,99.95883,49.00000,,20.00000,0.73333,1
201,352,34.16900,2.34667,-0.13221,99.96036,50.00000,,20.00000,0.73337,1
201,353,34.26700,2.35333,-0.13199,99.96079,50.00000,,20.00000,0.73341,1
201,354,34.37200,2.36000,-0.13182,99.95799,51.00000,,20.00000,0.73344,1
201,355,34.48800,2.36667,-0.13170,99.95609,51.00000,,20.00000,0.73348,1
201,356,34.60300,2.37333,-0.13153,99.95720,50.00000,,20.00000,0.73352,1
201,357,34.72000,2.38000,-0.13136,99.95620,50.00000,,20.00000,0.73356,1
201,358,34.83600,2.38667,-0.13130,99.95528,49.00000,,20.00000,0.73360,1
201,359,34.95700,2.39333,-0.13135,99.95763,49.00000,,20.00000,0.73364,1
201,360,35.06100,2.40000,-0.13118,99.96014,50.00000,,20.00000,0.73368,1
201,361,35.17900,2.40667,-0.13079,99.95808,50.00000,,20.00000,0.73372,1
201,362,35.30200,2.41333,-0.13084,99.95506,49.00000,,20.00000,0.73376,1
201,363,35.40600,2.42000,-0.13100,99.95412,52.00000,,20.00000,0.73380,1
201,364,35.52400,2.42667,-0.13099,99.95417,49.00000,,20.00000,0.73384,1
201,365,35.63900,2.43333,-0.13076,99.95465,49.00000,,20.00000,0.73388,1
201,366,35.76300,2.44000,-0.13043,99.95821,50.00000,,20.00000,0.73392,1
201,367,35.87700,2.44667,-0.13010,99.95865,50.00000,,20.00000,0.73396,1
201,368,36.01300,2.45333,-0.12987,99.95495,50.00000,,20.00000,0.73401,1
201,369,36.11300,2.46000,-0.12992,99.95182,50.00000,,20.00000,0.73404,1
201,370,36.24800,2.46667,-0.12986,99.95023,50.00000,,20.00000,0.73409,1
201,371,36.35600,2.47333,-0.12964,99.95066,49.00000,,20.00000,0.73412,1
201,372,36.47700,2.48000,-0.12957,99.94946,49.00000,,20.00000,0.73416,1
201,373,36.61500,2.48667,-0.12940,99.94915,51.00000,,20.00000,0.73421,1
201,374,36.74600,2.49333,-0.12907,99.95135,51.00000,,20.00000,0.73426,1
201,375,36.85100,2.50000,-0.12890,99.95360,51.00000,,20.00000,0.73429,1
201,376,36.99700,2.50667,-0.12867,99.95129,51.00000,,20.00000,0.73434,1
201,377,37.12000,2.51333,-0.12840,99.94704,49.00000,,20.00000,0.73438,1
201,378,37.25200,2.52000,-0.12839,99.94399,49.00000,,20.00000,0.73443,1
201,379,37.36900,2.52667,-0.12827,99.94573,50.00000,,20.00000,0.73447,1
201,380,37.49400,2.53333,-0.12810,99.94692,51.00000,,20.00000,0.73451,1
201,381,37.60900,2.54000,-0.12777,99.94647,51.00000,,20.00000,0.73455,1
201,382,37.76600,2.54667,-0.12760,99.94751,49.00000,,20.00000,0.73460,1
201,383,37.88400,2.55333,-0.12743,99.94797,49.00000,,20.00000,0.73464,1
201,384,38.00900,2.56000,-0.12731,99.94423,50.00000,,20.00000,0.73469,1
201,385,38.14400,2.56667,-0.12730,99.94050,50.00000,,20.00000,0.73473,1
201,386,38.28000,2.57333,-0.12730,99.93891,50.00000,,20.00000,0.73478,1
201,387,38.41300,2.58000,-0.12718,99.94104,50.00000,,20.00000,0.73482,1
201,388,38.55300,2.58667,-0.12695,99.94013,50.00000,,20.00000,0.73487,1
201,389,38.66800,2.59333,-0.12668,99.93821,49.00000,,20.00000,0.73491,1
201,390,38.81300,2.60000,-0.12656,99.93685,49.00000,,20.00000,0.73496,1
201,391,38.94000,2.60667,-0.12623,99.93918,50.00000,,20.00000,0.73500,1
201,392,39.08600,2.61333,-0.12611,99.94051,50.00000,,20.00000,0.73505,1
201,393,39.21700,2.62000,-0.12621,99.93930,51.00000,,20.00000,0.73509,1
201,394,39.35000,2.62667,-0.12615,99.93549,51.00000,,20.00000,0.73514,1
201,395,39.48300,2.63333,-0.12603,99.93319,49.00000,,20.00000,0.73518,1
201,396,39.61500,2.64000,-0.12592,99.93183,49.00000,,20.00000,0.73523,1
201,397,39.75900,2.64667,-0.12580,99.93248,50.00000,,20.00000,0.73528,1
201,398,39.90200,2.65333,-0.12563,99.93161,49.00000,,20.00000,0.73533,1
201,399,40.05300,2.66000,-0.12551,99.93032,51.00000,,20.00000,0.73538,1
201,400,40.18100,2.66667,-0.12556,99.92911,51.00000,,20.00000,0.73542,1
201,401,40.31600,2.67333,-0.12599,99.92639,51.00000,,20.00000,0.73546,1
201,402,40.45900,2.68000,-0.12592,99.92472,51.00000,,20.00000,0.73551,1
201,403,40.60000,2.68667,-0.12602,99.92612,52.00000,,20.00000,0.73556,1
201,404,40.75100,2.69333,-0.12580,99.92797,49.00000,,20.00000,0.73561,1
201,405,40.88400,2.70000,-0.12601,99.92877,50.00000,,20.00000,0.73565,1
201,406,41.02500,2.70667,-0.12600,99.92541,50.00000,,20.00000,0.73570,1
201,407,41.19200,2.71333,-0.12621,99.92159,50.00000,,20.00000,0.73576,1
201,408,41.32000,2.72000,-0.12620,99.91888,50.00000,,20.00000,0.73580,1
201,409,41.46400,2.72667,-0.12624,99.91778,49.00000,,20.00000,0.73585,1
201,410,41.61300,2.73333,-0.12651,99.91775,49.00000,,20.00000,0.73590,1
201,411,41.75900,2.74000,-0.12666,99.91668,51.00000,,20.00000,0.73595,1
201,412,41.90400,2.74667,-0.12676,99.91612,51.00000,,20.00000,0.73600,1
201,413,42.05600,2.75333,-0.12713,99.91505,51.00000,,20.00000,0.73605,1
201,414,42.20300,2.76000,-0.12777,99.91607,52.00000,,20.00000,0.73610,1
201,415,42.34200,2.76667,-0.12858,99.91816,52.00000,,20.00000,0.73614,1
201,416,42.50700,2.77333,-0.12862,99.91924,49.00000,,20.00000,0.73620,1
201,417,42.65000,2.78000,-0.12932,99.91618,51.00000,,20.00000,0.73624,1
201,418,42.80000,2.78667,-0.12985,99.91265,51.00000,,20.00000,0.73629,1
201,419,42.95000,2.79333,-0.13076,99.91020,52.00000,,20.00000,0.73634,1
201,420,43.09700,2.80000,-0.13140,99.90933,52.00000,,20.00000,0.73639,1
201,421,43.25500,2.80667,-0.13215,99.91106,49.00000,,20.00000,0.73644,1
201,422,43.40900,2.81333,-0.13311,99.91067,49.00000,,20.00000,0.73650,1
201,423,43.54800,2.82000,-0.13413,99.90975,49.00000,,20.00000,0.73654,1
201,424,43.71200,2.82667,-0.13488,99.90883,50.00000,,20.00000,0.73660,1
201,425,43.87600,2.83333,-0.13568,99.90846,50.00000,,20.00000,0.73665,1
201,426,44.01800,2.84000,-0.13708,99.90963,50.00000,,20.00000,0.73670,1
201,427,44.17700,2.84667,-0.13853,99.91028,49.00000,,20.00000,0.73675,1
201,428,44.33100,2.85333,-0.13971,99.90887,49.00000,,20.00000,0.73680,1
201,429,44.49800,2.86000,-0.14132,99.90542,51.00000,,20.00000,0.73686,1
201,430,44.64900,2.86667,-0.14310,99.90309,51.00000,,20.00000,0.73691,1
201,431,44.81700,2.87333,-0.14498,99.90246,51.00000,,20.00000,0.73696,1
201,432,44.95800,2.88000,-0.14692,99.90451,50.00000,,20.00000,0.73701,1
201,433,45.12500,2.88667,-0.14896,99.90447,49.00000,,20.00000,0.73706,1
201,434,45.27100,2.89333,-0.15090,99.90226,49.00000,,20.00000,0.73711,1
201,435,45.43500,2.90000,-0.15332,99.90098,49.00000,,20.00000,0.73716,1
201,436,45.60100,2.90667,-0.15590,99.89958,49.00000,,20.00000,0.73722,1
201,437,45.75700,2.91333,-0.15849,99.89813,49.00000,,20.00000,0.73727,1
201,438,45.92900,2.92000,-0.16166,99.89724,50.00000,,20.00000,0.73733,1
201,439,46.09300,2.92667,-0.16511,99.90062,51.00000,,20.00000,0.73738,1
201,440,46.25800,2.93333,-0.16823,99.90253,49.00000,,20.00000,0.73743,1
201,441,46.42000,2.94000,-0.17211,99.90186,49.00000,,20.00000,0.73749,1
201,442,46.57500,2.94667,-0.17572,99.89849,50.00000,,20.00000,0.73754,1
201,443,46.73700,2.95333,-0.17998,99.89547,50.00000,,20.00000,0.73759,1
201,444,46.90500,2.96000,-0.18461,99.89331,50.00000,,20.00000,0.73764,1
201,445,47.09200,2.96667,-0.18989,99.89212,50.00000,,20.00000,0.73771,1
201,446,47.26400,2.97333,-0.19490,99.89097,49.00000,,20.00000,0.73776,1
201,447,47.42700,2.98000,-0.20088,99.88947,49.00000,,20.00000,0.73781,1
201,448,47.60400,2.98667,-0.20681,99.88821,51.00000,,20.00000,0.73787,1
201,449,47.77300,2.99333,-0.21332,99.88773,51.00000,,20.00000,0.73793,1
201,450,47.94700,3.00000,-0.22060,99.88696,51.00000,,20.00000,0.73798,1
201,451,48.09900,3.00667,-0.22825,99.88633,49.00000,,20.00000,0.73803,1
201,452,48.26000,3.01333,-0.23612,99.88576,49.00000,,20.00000,0.73809,1
201,453,48.43900,3.02000,-0.24485,99.88520,49.00000,,20.00000,0.73814,1
201,454,48.59800,3.02667,-0.25390,99.88567,49.00000,,20.00000,0.73819,1
201,455,48.77100,3.03333,-0.26381,99.88719,49.00000,,20.00000,0.73825,1
201,456,48.94200,3.04000,-0.27470,99.88764,50.00000,,20.00000,0.73831,1
201,457,49.09800,3.04667,-0.28569,99.88804,50.00000,,20.00000,0.73836,1
201,458,49.28000,3.05333,-0.29776,99.88574,50.00000,,20.00000,0.73842,1
201,459,49.44200,3.06000,-0.31052,99.88283,49.00000,,20.00000,0.73847,1
201,460,49.61900,3.06667,-0.32426,99.88142,50.00000,,20.00000,0.73852,1
201,461,49.80200,3.07333,-0.33929,99.88054,50.00000,,20.00000,0.73858,1
201,462,49.97300,3.08000,-0.35486,99.88023,50.00000,,20.00000,0.73864,1
201,463,50.14800,3.08667,-0.37220,99.87999,50.00000,,20.00000,0.73869,1
201,464,50.31500,3.09333,-0.39052,99.87931,49.00000,,20.00000,0.73875,1
201,465,50.50400,3.10000,-0.41114,99.87818,49.00000,,20.00000,0.73881,1
201,466,50.66400,3.10667,-0.43372,99.87762,49.00000,,20.00000,0.73886,1
201,467,50.84600,3.11333,-0.45774,99.87657,51.00000,,20.00000,0.73892,1
201,468,51.02300,3.12000,-0.48332,99.87553,50.00000,,20.00000,0.73898,1
201,469,51.18700,3.12667,-0.51208,99.87499,50.00000,,20.00000,0.73903,1
201,470,51.37400,3.13333,-0.54320,99.87388,49.00000,,20.00000,0.73909,1
201,471,51.54400,3.14000,-0.57735,99.87379,49.00000,,20.00000,0.73914,1
201,472,51.73000,3.14667,-0.61510,99.87578,49.00000,,20.00000,0.73920,1
201,473,51.90600,3.15333,-0.65597,99.87679,49.00000,,20.00000,0.73926,1
201,474,52.09000,3.16000,-0.70033,99.87741,51.00000,,20.00000,0.73932,1
201,475,52.26600,3.16667,-0.75068,99.87608,51.00000,,20.00000,0.73937,1
201,476,52.45000,3.17333,-0.80705,99.87385,49.00000,,20.00000,0.73943,1
201,477,52.61200,3.18000,-0.86708,99.87170,49.00000,,20.00000,0.73948,1
201,478,52.78900,3.18667,-0.93006,99.86956,50.00000,,20.00000,0.73954,1
201,479,52.96800,3.19333,-0.99530,99.86843,50.00000,,20.00000,0.73959,1
201,480,53.14900,3.20000,-1.06268,99.86779,50.00000,,20.00000,0.73965,1
201,481,53.32600,3.20667,-1.13242,99.86712,50.00000,,20.00000,0.73971,1
201,482,53.50400,3.21333,-1.20614,99.86647,50.00000,,20.00000,0.73976,1
201,483,53.69000,3.22000,-1.28227,99.86587,49.00000,,20.00000,0.73982,1
201,484,53.86600,3.22667,-1.36130,99.86482,49.00000,,20.00000,0.73988,1
201,485,54.04700,3.23333,-1.44155,99.86489,50.00000,,20.00000,0.73994,1
201,486,54.22900,3.24000,-1.52314,99.86448,50.00000,,20.00000,0.73999,1
201,487,54.39800,3.24667,-1.60548,99.86458,50.00000,,20.00000,0.74005,1
201,488,54.58100,3.25333,-1.68860,99.86462,49.00000,,20.00000,0.74010,1
201,489,54.75700,3.26000,-1.77182,99.86515,49.00000,,20.00000,0.74016,1
201,490,54.94800,3.26667,-1.85572,99.86466,49.00000,,20.00000,0.74022,1
201,491,55.14200,3.27333,-1.93837,99.86428,51.00000,,20.00000,0.74028,1
201,492,55.31200,3.28000,-2.01940,99.86614,51.00000,,20.00000,0.74033,1
201,493,55.49300,3.28667,-2.10031,99.86762,52.00000,,20.00000,0.74039,1
201,494,55.66500,3.29333,-2.18310,99.86917,49.00000,,20.00000,0.74044,1
201,495,55.84600,3.30000,-2.26721,99.87021,49.00000,,20.00000,0.74050,1
201,496,56.03000,3.30667,-2.35185,99.86967,50.00000,,20.00000,0.74056,1
201,497,56.20100,3.31333,-2.43627,99.86859,50.00000,,20.00000,0.74061,1
201,498,56.38700,3.32000,-2.51840,99.86806,50.00000,,20.00000,0.74067,1
201,499,56.58000,3.32667,-2.59965,99.86861,50.00000,,20.00000,0.74073,1
201,500,56.74300,3.33333,-2.67936,99.86974,50.00000,,20.00000,0.74078,1
201,501,56.92800,3.34000,-2.75764,99.87146,49.00000,,20.00000,0.74084,1
201,502,57.11700,3.34667,-2.83482,99.87164,50.00000,,20.00000,0.74090,1
201,503,57.28500,3.35333,-2.91186,99.87234,50.00000,,20.00000,0.74095,1
201,504,57.46900,3.36000,-2.98833,99.87247,50.00000,,20.00000,0.74101,1
201,505,57.64300,3.36667,-3.06474,99.87254,50.00000,,20.00000,0.74106,1
201,506,57.83800,3.37333,-3.14058,99.87311,50.00000,,20.00000,0.74112,1
201,507,58.02000,3.38000,-3.21546,99.87316,49.00000,,20.00000,0.74118,1
201,508,58.19700,3.38667,-3.28883,99.87329,49.00000,,20.00000,0.74123,1
201,509,58.39100,3.39333,-3.36023,99.87458,49.00000,,20.00000,0.74129,1
201,510,58.57900,3.40000,-3.43001,99.87545,51.00000,,20.00000,0.74135,1
201,511,58.73700,3.40667,-3.49853,99.87636,52.00000,,20.00000,0.74140,1
201,512,58.92100,3.41333,-3.56550,99.87934,52.00000,,20.00000,0.74146,1
201,513,59.10800,3.42000,-3.63058,99.88174,49.00000,,20.00000,0.74151,1
201,514,59.29200,3.42667,-3.69259,99.88406,49.00000,,20.00000,0.74157,1
201,515,59.47900,3.43333,-3.75168,99.88477,49.00000,,20.00000,0.74163,1
201,516,59.65500,3.44000,-3.80890,99.88388,50.00000,,20.00000,0.74168,1
201,517,59.85200,3.44667,-3.86468,99.88248,50.00000,,20.00000,0.74174,1
201,518,60.03100,3.45333,-3.91877,99.88109,50.00000,,20.00000,0.74180,1
201,519,60.22300,3.46000,-3.97266,99.88026,49.00000,,20.00000,0.74186,1
201,520,60.40200,3.46667,-4.02490,99.88002,50.00000,,20.00000,0.74191,1
201,521,60.59300,3.47333,-4.07636,99.87985,50.00000,,20.00000,0.74197,1
201,522,60.77700,3.48000,-4.12643,99.88029,50.00000,,20.00000,0.74203,1
201,523,60.96200,3.48667,-4.17499,99.88082,50.00000,,20.00000,0.74208,1
201,524,61.14500,3.49333,-4.22236,99.88089,50.00000,,20.00000,0.74214,1
201,525,61.32000,3.50000,-4.26770,99.88151,49.00000,,20.00000,0.74219,1
201,526,61.50800,3.50667,-4.31209,99.88264,49.00000,,20.00000,0.74225,1
201,527,61.69100,3.51333,-4.35445,99.88371,51.00000,,20.00000,0.74231,1
201,528,61.87000,3.52000,-4.39520,99.88420,51.00000,,20.00000,0.74236,1
201,529,62.06000,3.52667,-4.43442,99.88465,52.00000,,20.00000,0.74242,1
201,530,62.25800,3.53333,-4.47201,99.88510,52.00000,,20.00000,0.74248,1
201,531,62.43300,3.54000,-4.50792,99.88555,49.00000,,20.00000,0.74253,1
201,532,62.61600,3.54667,-4.54214,99.88550,49.00000,,20.00000,0.74259,1
201,533,62.81600,3.55333,-4.57569,99.88548,49.00000,,20.00000,0.74265,1
201,534,62.99600,3.56000,-4.60723,99.88599,50.00000,,20.00000,0.74270,1
201,535,63.18200,3.56667,-4.63633,99.88548,50.00000,,20.00000,0.74276,1
201,536,63.37200,3.57333,-4.66377,99.88551,49.00000,,20.00000,0.74281,1
201,537,63.55100,3.58000,-4.68859,99.88557,49.00000,,20.00000,0.74287,1
201,538,63.75100,3.58667,-4.71058,99.88567,49.00000,,20.00000,0.74293,1
201,539,63.93600,3.59333,-4.72900,99.88579,50.00000,,20.00000,0.74298,1
201,540,64.11400,3.60000,-4.74126,99.88643,50.00000,,20.00000,0.74304,1
201,541,64.30000,3.60667,-4.74734,99.88702,50.00000,,20.00000,0.74309,1
201,542,64.48700,3.61333,-4.74886,99.88701,50.00000,,20.00000,0.74315,1
201,543,64.69000,3.62000,-4.74734,99.88743,49.00000,,20.00000,0.74321,1
201,544,64.86500,3.62667,-4.74207,99.88621,49.00000,,20.00000,0.74326,1
201,545,65.06800,3.63333,-4.73171,99.88598,51.00000,,20.00000,0.74332,1
201,546,65.26000,3.64000,-4.71532,99.88571,51.00000,,20.00000,0.74338,1
201,547,65.45300,3.64667,-4.69292,99.88495,51.00000,,20.00000,0.74344,1
201,548,65.65400,3.65333,-4.66376,99.88482,51.00000,,20.00000,0.74350,1
201,549,65.84100,3.66000,-4.63039,99.88478,51.00000,,20.00000,0.74356,1
201,550,66.03900,3.66667,-4.59096,99.88480,49.00000,,20.00000,0.74361,1
201,551,66.21800,3.67333,-4.54669,99.88382,49.00000,,20.00000,0.74367,1
201,552,66.41500,3.68000,-4.49869,99.88335,50.00000,,20.00000,0.74373,1
201,553,66.60100,3.68667,-4.44826,99.88339,50.00000,,20.00000,0.74378,1
201,554,66.79700,3.69333,-4.39680,99.88290,52.00000,,20.00000,0.74384,1
201,555,66.99300,3.70000,-4.34636,99.88290,49.00000,,20.00000,0.74390,1
201,556,67.18600,3.70667,-4.29680,99.88235,49.00000,,20.00000,0.74395,1
201,557,67.37800,3.71333,-4.24864,99.88234,49.00000,,20.00000,0.74401,1
201,558,67.57300,3.72000,-4.20203,99.88182,50.00000,,20.00000,0.74407,1
201,559,67.77500,3.72667,-4.15607,99.88076,50.00000,,20.00000,0.74413,1
201,560,67.95100,3.73333,-4.11181,99.88017,49.00000,,20.00000,0.74418,1
201,561,68.15600,3.74000,-4.06837,99.88109,49.00000,,20.00000,0.74424,1
201,562,68.35300,3.74667,-4.02629,99.88091,50.00000,,20.00000,0.74430,1
201,563,68.55400,3.75333,-3.98448,99.88069,50.00000,,20.00000,0.74436,1
201,564,68.75300,3.76000,-3.94401,99.88047,50.00000,,20.00000,0.74442,1
201,565,68.95700,3.76667,-3.90472,99.88026,50.00000,,20.00000,0.74448,1
201,566,69.14900,3.77333,-3.86637,99.88005,50.00000,,20.00000,0.74453,1
201,567,69.34500,3.78000,-3.82898,99.87984,50.00000,,20.00000,0.74459,1
201,568,69.54900,3.78667,-3.79180,99.87965,50.00000,,20.00000,0.74465,1
201,569,69.75900,3.79333,-3.75563,99.87948,50.00000,,20.00000,0.74471,1
201,570,69.95300,3.80000,-3.72067,99.87936,50.00000,,20.00000,0.74477,1
201,571,70.15300,3.80667,-3.68549,99.87875,51.00000,,20.00000,0.74483,1
201,572,70.34000,3.81333,-3.65136,99.87815,51.00000,,20.00000,0.74488,1
201,573,70.55400,3.82000,-3.61810,99.87702,50.00000,,20.00000,0.74494,1
201,574,70.75400,3.82667,-3.58556,99.87641,49.00000,,20.00000,0.74500,1
201,575,70.94800,3.83333,-3.55341,99.87525,49.00000,,20.00000,0.74506,1
201,576,71.15300,3.84000,-3.52151,99.87409,50.00000,,20.00000,0.74512,1
201,577,71.35200,3.84667,-3.49012,99.86982,50.00000,,20.00000,0.74517,1
201,578,71.55600,3.85333,-3.46011,99.86656,49.00000,,20.00000,0.74523,1
201,579,71.76400,3.86000,-3.42978,99.86432,49.00000,,20.00000,0.74529,1
201,580,71.96100,3.86667,-3.40043,99.86208,50.00000,,20.00000,0.74535,1
201,581,72.16700,3.87333,-3.37086,99.85982,50.00000,,20.00000,0.74541,1
201,582,72.36900,3.88000,-3.34215,99.85757,52.00000,,20.00000,0.74547,1
201,583,72.58400,3.88667,-3.31392,99.85538,52.00000,,20.00000,0.74553,1
201,584,72.77800,3.89333,-3.28604,99.85320,52.00000,,20.00000,0.74559,1
201,585,72.98200,3.90000,-3.25884,99.85099,49.00000,,20.00000,0.74564,1
201,586,73.18900,3.90667,-3.23170,99.84980,50.00000,,20.00000,0.74570,1
201,587,73.39300,3.91333,-3.20537,99.84649,50.00000,,20.00000,0.74576,1
201,588,73.60300,3.92000,-3.17882,99.84371,50.00000,,20.00000,0.74582,1
201,589,73.81300,3.92667,-3.15276,99.84147,51.00000,,20.00000,0.74588,1
201,590,74.01800,3.93333,-3.12766,99.83877,51.00000,,20.00000,0.74594,1
201,591,74.22700,3.94000,-3.10257,99.83612,51.00000,,20.00000,0.74600,1
201,592,74.43000,3.94667,-3.07755,99.83454,49.00000,,20.00000,0.74606,1
201,593,74.63200,3.95333,-3.05322,99.83189,49.00000,,20.00000,0.74612,1
201,594,74.83100,3.96000,-3.02922,99.82867,50.00000,,20.00000,0.74617,1
201,595,75.04800,3.96667,-3.00547,99.82593,50.00000,,20.00000,0.74624,1
201,596,75.26100,3.97333,-2.98184,99.82215,49.00000,,20.00000,0.74630,1
201,597,75.47200,3.98000,-2.95917,99.81735,49.00000,,20.00000,0.74636,1
201,598,75.67900,3.98667,-2.93636,99.81362,49.00000,,20.00000,0.74641,1
201,599,75.88300,3.99333,-2.91376,99.81046,49.00000,,20.00000,0.74647,1
201,600,76.10100,4.00000,-2.89179,99.80527,49.00000,,20.00000,0.74653,1
201,601,76.28300,4.00667,-2.87013,99.80110,50.00000,,20.00000,0.74658,1
201,602,76.51100,4.01333,-2.84880,99.79636,50.00000,,20.00000,0.74665,1
201,603,76.72200,4.02000,-2.82803,99.79265,50.00000,,20.00000,0.74671,1
201,604,76.92700,4.02667,-2.80710,99.78735,50.00000,,20.00000,0.74677,1
201,605,77.15100,4.03333,-2.78622,99.78364,50.00000,,20.00000,0.74683,1
201,606,77.34500,4.04000,-2.76616,99.77689,49.00000,,20.00000,0.74688,1
201,607,77.56100,4.04667,-2.74662,99.77331,51.00000,,20.00000,0.74694,1
201,608,77.77500,4.05333,-2.72688,99.76605,52.00000,,20.00000,0.74700,1
201,609,77.98000,4.06000,-2.70778,99.75930,52.00000,,20.00000,0.74706,1
201,610,78.18700,4.06667,-2.68891,99.75408,49.00000,,20.00000,0.74712,1
201,611,78.39700,4.07333,-2.67029,99.74989,49.00000,,20.00000,0.74718,1
201,612,78.62200,4.08000,-2.65172,99.74676,49.00000,,20.00000,0.74724,1
201,613,78.83500,4.08667,-2.63343,99.74317,50.00000,,20.00000,0.74730,1
201,614,79.04800,4.09333,-2.61600,99.73598,50.00000,,20.00000,0.74736,1
201,615,79.25500,4.10000,-2.59804,99.72988,50.00000,,20.00000,0.74742,1
201,616,79.45100,4.10667,-2.58042,99.72639,50.00000,,20.00000,0.74747,1
201,617,79.66500,4.11333,-2.56347,99.72496,49.00000,,20.00000,0.74753,1
201,618,79.89000,4.12000,-2.54663,99.72142,49.00000,,20.00000,0.74759,1
201,619,80.10500,4.12667,-2.53022,99.71423,51.00000,,20.00000,0.74765,1
201,620,80.30900,4.13333,-2.51367,99.70758,51.00000,,20.00000,0.74771,1
201,621,80.52000,4.14000,-2.49775,99.69937,51.00000,,20.00000,0.74777,1
201,622,80.74200,4.14667,-2.48241,99.69481,52.00000,,20.00000,0.74783,1
201,623,80.94300,4.15333,-2.46667,99.69178,49.00000,,20.00000,0.74788,1
201,624,81.15700,4.16000,-2.45139,99.68560,49.00000,,20.00000,0.74794,1
201,625,81.38600,4.16667,-2.43664,99.68047,49.00000,,20.00000,0.74801,1
201,626,81.60000,4.17333,-2.42185,99.67172,49.00000,,20.00000,0.74806,1
201,627,81.81300,4.18000,-2.40739,99.66560,50.00000,,20.00000,0.74812,1
201,628,82.02100,4.18667,-2.39304,99.65533,50.00000,,20.00000,0.74818,1
201,629,82.23500,4.19333,-2.37906,99.64720,50.00000,,20.00000,0.74824,1
201,630,82.45000,4.20000,-2.36508,99.64429,49.00000,,20.00000,0.74830,1
201,631,82.66700,4.20667,-2.35142,99.63610,49.00000,,20.00000,0.74836,1
201,632,82.87900,4.21333,-2.33877,99.62581,49.00000,,20.00000,0.74841,1
201,633,83.10300,4.22000,-2.32559,99.61757,50.00000,,20.00000,0.74847,1
201,634,83.31500,4.22667,-2.31242,99.61456,50.00000,,20.00000,0.74853,1
201,635,83.52700,4.23333,-2.29984,99.60271,50.00000,,20.00000,0.74859,1
201,636,83.76000,4.24000,-2.28751,99.59452,50.00000,,20.00000,0.74865,1
201,637,83.96300,4.24667,-2.27510,99.58477,49.00000,,20.00000,0.74871,1
201,638,84.19300,4.25333,-2.26315,99.57715,49.00000,,20.00000,0.74877,1
201,639,84.40300,4.26000,-2.25201,99.56747,51.00000,,20.00000,0.74883,1
201,640,84.62000,4.26667,-2.24045,99.55625,51.00000,,20.00000,0.74889,1
201,641,84.83300,4.27333,-2.22937,99.54868,50.00000,,20.00000,0.74894,1
201,642,85.05400,4.28000,-2.21828,99.53902,50.00000,,20.00000,0.74900,1
201,643,85.26500,4.28667,-2.20700,99.52778,49.00000,,20.00000,0.74906,1
201,644,85.49600,4.29333,-2.19665,99.51812,49.00000,,20.00000,0.74912,1
201,645,85.70100,4.30000,-2.18628,99.50689,49.00000,,20.00000,0.74918,1
201,646,85.92800,4.30667,-2.17615,99.49411,49.00000,,20.00000,0.74924,1
201,647,86.14600,4.31333,-2.16604,99.48291,50.00000,,20.00000,0.74929,1
201,648,86.35400,4.32000,-2.15604,99.47171,50.00000,,20.00000,0.74935,1
201,649,86.58200,4.32667,-2.14624,99.46053,50.00000,,20.00000,0.74941,1
201,650,86.80300,4.33333,-2.13703,99.44727,51.00000,,20.00000,0.74947,1
201,651,87.01300,4.34000,-2.12783,99.43560,49.00000,,20.00000,0.74953,1
201,652,87.23800,4.34667,-2.11868,99.42449,49.00000,,20.00000,0.74959,1
201,653,87.45200,4.35333,-2.10974,99.40818,50.00000,,20.00000,0.74964,1
201,654,87.67700,4.36000,-2.10144,99.39553,50.00000,,20.00000,0.74970,1
201,655,87.87900,4.36667,-2.09321,99.37974,50.00000,,20.00000,0.74976,1
201,656,88.10700,4.37333,-2.08539,99.36340,50.00000,,20.00000,0.74982,1
201,657,88.32200,4.38000,-2.07742,99.34707,50.00000,,20.00000,0.74987,1
201,658,88.55600,4.38667,-2.06944,99.33079,50.00000,,20.00000,0.74993,1
201,659,88.75800,4.39333,-2.06169,99.31138,50.00000,,20.00000,0.74999,1
201,660,88.98000,4.40000,-2.05463,99.29509,50.00000,,20.00000,0.75005,1
201,661,89.19800,4.40667,-2.04756,99.27880,50.00000,,20.00000,0.75010,1
201,662,89.43100,4.41333,-2.04070,99.26091,50.00000,,20.00000,0.75016,1
201,663,89.63400,4.42000,-2.03386,99.24406,49.00000,,20.00000,0.75022,1
201,664,89.86000,4.42667,-2.02706,99.22777,49.00000,,20.00000,0.75028,1
201,665,90.08100,4.43333,-2.02085,99.20729,49.00000,,20.00000,0.75033,1
201,666,90.30900,4.44000,-2.01485,99.18992,49.00000,,20.00000,0.75039,1
201,667,90.51800,4.44667,-2.00870,99.17047,49.00000,,20.00000,0.75045,1
201,668,90.75600,4.45333,-2.00259,99.15679,50.00000,,20.00000,0.75051,1
201,669,90.96300,4.46000,-1.99703,99.13791,50.00000,,20.00000,0.75056,1
201,670,91.19600,4.46667,-1.99172,99.12168,51.00000,,20.00000,0.75062,1
201,671,91.40800,4.47333,-1.98653,99.10546,51.00000,,20.00000,0.75068,1
201,672,91.62500,4.48000,-1.98145,99.08768,49.00000,,20.00000,0.75074,1
201,673,91.85100,4.48667,-1.97651,99.07095,49.00000,,20.00000,0.75079,1
201,674,92.07300,4.49333,-1.97143,99.05527,50.00000,,20.00000,0.75085,1
201,675,92.29000,4.50000,-1.96693,99.03857,50.00000,,20.00000,0.75091,1
201,676,92.52000,4.50667,-1.96263,99.02294,51.00000,,20.00000,0.75097,1
201,677,92.73000,4.51333,-1.95835,99.00783,51.00000,,20.00000,0.75102,1
201,678,92.94800,4.52000,-1.95417,98.99221,49.00000,,20.00000,0.75108,1
201,679,93.17300,4.52667,-1.95015,98.97604,50.00000,,20.00000,0.75113,1
201,680,93.39900,4.53333,-1.94623,98.96250,50.00000,,20.00000,0.75119,1
201,681,93.61600,4.54000,-1.94280,98.94328,50.00000,,20.00000,0.75125,1
201,682,93.84100,4.54667,-1.93984,98.93139,50.00000,,20.00000,0.75130,1
201,683,94.04200,4.55333,-1.93711,98.91475,50.00000,,20.00000,0.75136,1
201,684,94.27900,4.56000,-1.93420,98.89915,49.00000,,20.00000,0.75142,1
201,685,94.50400,4.56667,-1.93103,98.88247,49.00000,,20.00000,0.75147,1
201,686,94.71400,4.57333,-1.92797,98.86682,51.00000,,20.00000,0.75153,1
201,687,94.93800,4.58000,-1.92523,98.85019,51.00000,,20.00000,0.75158,1
201,688,95.18000,4.58667,-1.92316,98.83464,52.00000,,20.00000,0.75165,1
201,689,95.38500,4.59333,-1.92112,98.81806,52.00000,,20.00000,0.75170,1
201,690,95.60900,4.60000,-1.91912,98.80204,49.00000,,20.00000,0.75175,1
201,691,95.83000,4.60667,-1.91712,98.78604,49.00000,,20.00000,0.75181,1
201,692,96.04400,4.61333,-1.91534,98.77003,49.00000,,20.00000,0.75186,1
201,693,96.26500,4.62000,-1.91404,98.75084,49.00000,,20.00000,0.75192,1
201,694,96.48300,4.62667,-1.91363,98.73317,51.00000,,20.00000,0.75197,1
201,695,96.71300,4.63333,-1.91274,98.71654,51.00000,,20.00000,0.75203,1
201,696,96.94600,4.64000,-1.91111,98.69730,50.00000,,20.00000,0.75209,1
201,697,97.16200,4.64667,-1.90970,98.67966,49.00000,,20.00000,0.75214,1
201,698,97.38600,4.65333,-1.90961,98.65789,50.00000,,20.00000,0.75220,1
201,699,97.60500,4.66000,-1.90937,98.64244,49.00000,,20.00000,0.75225,1
201,700,97.82900,4.66667,-1.90896,98.62443,50.00000,,20.00000,0.75231,1
201,701,98.04900,4.67333,-1.90856,98.60174,50.00000,,20.00000,0.75237,1
201,702,98.26500,4.68000,-1.90821,98.58012,49.00000,,20.00000,0.75242,1
201,703,98.47800,4.68667,-1.90818,98.55955,49.00000,,20.00000,0.75247,1
201,704,98.70800,4.69333,-1.90830,98.54261,50.00000,,20.00000,0.75253,1
201,705,98.91800,4.70000,-1.90827,98.51832,50.00000,,20.00000,0.75258,1
201,706,99.13900,4.70667,-1.90914,98.49923,51.00000,,20.00000,0.75264,1
201,707,99.36900,4.71333,-1.91027,98.47700,51.00000,,20.00000,0.75269,1
201,708,99.59500,4.72000,-1.91119,98.45474,49.00000,,20.00000,0.75275,1
201,709,99.80600,4.72667,-1.91206,98.43196,49.00000,,20.00000,0.75280,1
201,710,100.04200,4.73333,-1.91318,98.41188,49.00000,,20.00000,0.75286,1
201,711,100.25600,4.74000,-1.91511,98.38920,49.00000,,20.00000,0.75291,1
201,712,100.46700,4.74667,-1.91673,98.36752,50.00000,,20.00000,0.75296,1
201,713,100.70200,4.75333,-1.91817,98.34219,50.00000,,20.00000,0.75302,1
201,714,100.91300,4.76000,-1.91989,98.32205,50.00000,,20.00000,0.75307,1
201,715,101.16000,4.76667,-1.92201,98.29931,50.00000,,20.00000,0.75313,1
201,716,101.36300,4.77333,-1.92432,98.27511,50.00000,,20.00000,0.75318,1
201,717,101.58700,4.78000,-1.92677,98.25200,50.00000,,20.00000,0.75324,1
201,718,101.80600,4.78667,-1.92928,98.22784,50.00000,,20.00000,0.75329,1
201,719,102.02500,4.79333,-1.93179,98.20160,50.00000,,20.00000,0.75334,1
201,720,102.25200,4.80000,-1.93498,98.17798,50.00000,,20.00000,0.75340,1
201,721,102.45800,4.80667,-1.93798,98.15279,49.00000,,20.00000,0.75345,1
201,722,102.68500,4.81333,-1.94111,98.12813,49.00000,,20.00000,0.75350,1
201,723,102.91100,4.82000,-1.94468,98.10450,49.00000,,20.00000,0.75356,1
201,724,103.12500,4.82667,-1.94846,98.07877,49.00000,,20.00000,0.75361,1
201,725,103.33600,4.83333,-1.95203,98.05305,51.00000,,20.00000,0.75366,1
201,726,103.57100,4.84000,-1.95590,98.02839,51.00000,,20.00000,0.75372,1
201,727,103.79700,4.84667,-1.95962,98.00064,50.00000,,20.00000,0.75377,1
201,728,104.01100,4.85333,-1.96377,97.97605,49.00000,,20.00000,0.75382,1
201,729,104.22400,4.86000,-1.96802,97.94783,49.00000,,20.00000,0.75387,1
201,730,104.43500,4.86667,-1.97233,97.91907,50.00000,,20.00000,0.75392,1
201,731,104.65700,4.87333,-1.97727,97.89236,50.00000,,20.00000,0.75398,1
201,732,104.88000,4.88000,-1.98199,97.86354,50.00000,,20.00000,0.75403,1
201,733,105.10500,4.88667,-1.98687,97.83471,50.00000,,20.00000,0.75408,1
201,734,105.32900,4.89333,-1.99191,97.80536,50.00000,,20.00000,0.75414,1
201,735,105.54500,4.90000,-1.99721,97.77497,50.00000,,20.00000,0.75419,1
201,736,105.75900,4.90667,-2.00252,97.74615,50.00000,,20.00000,0.75424,1
201,737,105.98500,4.91333,-2.00819,97.71471,50.00000,,20.00000,0.75429,1
201,738,106.21100,4.92000,-2.01423,97.68326,50.00000,,20.00000,0.75434,1
201,739,106.42900,4.92667,-2.02006,97.65189,49.00000,,20.00000,0.75440,1
201,740,106.64400,4.93333,-2.02611,97.62210,49.00000,,20.00000,0.75445,1
201,741,106.87000,4.94000,-2.03220,97.58917,51.00000,,20.00000,0.75450,1
201,742,107.08600,4.94667,-2.03829,97.55939,51.00000,,20.00000,0.75455,1
201,743,107.30700,4.95333,-2.04497,97.52646,52.00000,,20.00000,0.75460,1
201,744,107.52500,4.96000,-2.05180,97.49666,51.00000,,20.00000,0.75465,1
201,745,107.73700,4.96667,-2.05895,97.46377,49.00000,,20.00000,0.75470,1
201,746,107.96500,4.97333,-2.06620,97.43402,49.00000,,20.00000,0.75476,1
201,747,108.18400,4.98000,-2.07356,97.40112,49.00000,,20.00000,0.75481,1
201,748,108.40500,4.98667,-2.08091,97.36666,49.00000,,20.00000,0.75486,1
201,749,108.62000,4.99333,-2.08859,97.33326,50.00000,,20.00000,0.75491,1
201,750,108.84100,5.00000,-2.09636,97.29882,50.00000,,20.00000,0.75496,1
201,751,109.05400,5.00667,-2.10430,97.26543,50.00000,,20.00000,0.75501,1
201,752,109.27300,5.01333,-2.11218,97.23099,50.00000,,20.00000,0.75506,1
201,753,109.50000,5.02000,-2.12075,97.19292,50.00000,,20.00000,0.75511,1
201,754,109.72000,5.02667,-2.12894,97.15800,50.00000,,20.00000,0.75516,1
201,755,109.93000,5.03333,-2.13757,97.12467,50.00000,,20.00000,0.75521,1
201,756,110.14700,5.04000,-2.14629,97.09029,50.00000,,20.00000,0.75526,1
201,757,110.36300,5.04667,-2.15507,97.05224,49.00000,,20.00000,0.75531,1
201,758,110.57100,5.05333,-2.16400,97.01469,49.00000,,20.00000,0.75536,1
201,759,110.81300,5.06000,-2.17329,96.97557,49.00000,,20.00000,0.75541,1
201,760,111.02400,5.06667,-2.18270,96.93904,50.00000,,20.00000,0.75546,1
201,761,111.24000,5.07333,-2.19205,96.90093,50.00000,,20.00000,0.75551,1
201,762,111.44900,5.08000,-2.20156,96.86341,50.00000,,20.00000,0.75556,1
201,763,111.67400,5.08667,-2.21154,96.82433,49.00000,,20.00000,0.75561,1
201,764,111.90800,5.09333,-2.22220,96.78472,49.00000,,20.00000,0.75566,1
201,765,112.11400,5.10000,-2.23245,96.74408,49.00000,,20.00000,0.75571,1
201,766,112.32700,5.10667,-2.24238,96.70447,49.00000,,20.00000,0.75576,1
201,767,112.54700,5.11333,-2.25315,96.66330,51.00000,,20.00000,0.75581,1
201,768,112.76300,5.12000,-2.26391,96.62321,51.00000,,20.00000,0.75586,1
201,769,112.98100,5.12667,-2.27489,96.57996,51.00000,,20.00000,0.75591,1
201,770,113.19600,5.13333,-2.28603,96.53980,51.00000,,20.00000,0.75595,1
201,771,113.42000,5.14000,-2.29731,96.49652,49.00000,,20.00000,0.75600,1
201,772,113.64900,5.14667,-2.30881,96.45638,49.00000,,20.00000,0.75606,1
201,773,113.85900,5.15333,-2.32042,96.40843,50.00000,,20.00000,0.75610,1
201,774,114.06700,5.16000,-2.33208,96.36781,50.00000,,20.00000,0.75615,1
201,775,114.29500,5.16667,-2.34383,96.32461,50.00000,,20.00000,0.75620,1
201,776,114.51300,5.17333,-2.35575,96.27933,50.00000,,20.00000,0.75625,1
201,777,114.72500,5.18000,-2.36867,96.23143,50.00000,,20.00000,0.75630,1
201,778,114.93500,5.18667,-2.38149,96.18822,49.00000,,20.00000,0.75634,1
201,779,115.15400,5.19333,-2.39435,96.14237,49.00000,,20.00000,0.75639,1
201,780,115.37000,5.20000,-2.40716,96.09441,50.00000,,20.00000,0.75644,1
201,781,115.60000,5.20667,-2.42006,96.04541,50.00000,,20.00000,0.75649,1
201,782,115.82000,5.21333,-2.43355,95.99851,50.00000,,20.00000,0.75654,1
201,783,116.02400,5.22000,-2.44715,95.94693,50.00000,,20.00000,0.75658,1
201,784,116.25000,5.22667,-2.46074,95.89641,49.00000,,20.00000,0.75663,1
201,785,116.46100,5.23333,-2.47481,95.83337,49.00000,,20.00000,0.75668,1
201,786,116.68700,5.24000,-2.48897,95.78340,51.00000,,20.00000,0.75673,1
201,787,116.89100,5.24667,-2.50336,95.73186,51.00000,,20.00000,0.75677,1
201,788,117.11600,5.25333,-2.51783,95.67927,52.00000,,20.00000,0.75682,1
201,789,117.32300,5.26000,-2.53211,95.62769,51.00000,,20.00000,0.75687,1
201,790,117.54300,5.26667,-2.54685,95.57506,49.00000,,20.00000,0.75692,1
201,791,117.76500,5.27333,-2.56164,95.52405,50.00000,,20.00000,0.75697,1
201,792,117.98300,5.28000,-2.57674,95.46574,50.00000,,20.00000,0.75701,1
201,793,118.19600,5.28667,-2.59201,95.41682,50.00000,,20.00000,0.75706,1
201,794,118.41100,5.29333,-2.60733,95.36217,50.00000,,20.00000,0.75711,1
201,795,118.63200,5.30000,-2.62285,95.30908,50.00000,,20.00000,0.75715,1
201,796,118.83900,5.30667,-2.63869,95.25128,49.00000,,20.00000,0.75720,1
201,797,119.05200,5.31333,-2.65495,95.19457,49.00000,,20.00000,0.75724,1
201,798,119.27200,5.32000,-2.67094,95.13678,49.00000,,20.00000,0.75729,1
201,799,119.48500,5.32667,-2.68736,95.08001,50.00000,,20.00000,0.75734,1
201,800,119.70700,5.33333,-2.70397,95.01801,50.00000,,20.00000,0.75739,1
201,801,119.93200,5.34000,-2.72079,94.96020,50.00000,,20.00000,0.75743,1
201,802,120.13400,5.34667,-2.73774,94.89822,50.00000,,20.00000,0.75748,1
201,803,120.35200,5.35333,-2.75488,94.83625,50.00000,,20.00000,0.75752,1
201,804,120.57300,5.36000,-2.77180,94.77326,49.00000,,20.00000,0.75757,1
201,805,120.78900,5.36667,-2.78889,94.71393,49.00000,,20.00000,0.75762,1
201,806,120.99700,5.37333,-2.80671,94.64834,51.00000,,20.00000,0.75766,1
201,807,121.21600,5.38000,-2.82506,94.58901,51.00000,,20.00000,0.75771,1
201,808,121.42700,5.38667,-2.84309,94.52340,51.00000,,20.00000,0.75775,1
201,809,121.63800,5.39333,-2.86096,94.46142,51.00000,,20.00000,0.75780,1
201,810,121.85800,5.40000,-2.87887,94.39420,49.00000,,20.00000,0.75784,1
201,811,122.08000,5.40667,-2.89715,94.33012,49.00000,,20.00000,0.75789,1
201,812,122.30300,5.41333,-2.91574,94.26188,50.00000,,20.00000,0.75794,1
201,813,122.50900,5.42000,-2.93445,94.19471,50.00000,,20.00000,0.75798,1
201,814,122.72200,5.42667,-2.95389,94.12389,50.00000,,20.00000,0.75803,1
201,815,122.93700,5.43333,-2.97353,94.05620,52.00000,,20.00000,0.75807,1
201,816,123.15400,5.44000,-2.99317,93.98694,49.00000,,20.00000,0.75812,1
201,817,123.36400,5.44667,-3.01297,93.91871,49.00000,,20.00000,0.75816,1
201,818,123.58700,5.45333,-3.03339,93.84627,50.00000,,20.00000,0.75821,1
201,819,123.79500,5.46000,-3.05414,93.77381,50.00000,,20.00000,0.75825,1
201,820,124.01800,5.46667,-3.07618,93.70036,50.00000,,20.00000,0.75830,1
201,821,124.23400,5.47333,-3.09849,93.63213,50.00000,,20.00000,0.75834,1
201,822,124.44600,5.48000,-3.12133,93.55554,49.00000,,20.00000,0.75839,1
201,823,124.67300,5.48667,-3.14415,93.48210,49.00000,,20.00000,0.75843,1
201,824,124.88000,5.49333,-3.16725,93.40708,51.00000,,20.00000,0.75847,1
201,825,125.08800,5.50000,-3.19066,93.33103,51.00000,,20.00000,0.75852,1
201,826,125.30600,5.50667,-3.21459,93.25607,51.00000,,20.00000,0.75856,1
201,827,125.51900,5.51333,-3.23809,93.18005,52.00000,,20.00000,0.75861,1
201,828,125.73300,5.52000,-3.26107,93.10243,52.00000,,20.00000,0.75865,1
201,829,125.95200,5.52667,-3.28347,93.02742,49.00000,,20.00000,0.75870,1
201,830,126.16700,5.53333,-3.30623,92.94511,49.00000,,20.00000,0.75874,1
201,831,126.38100,5.54000,-3.32920,92.86752,50.00000,,20.00000,0.75878,1
201,832,126.59800,5.54667,-3.35233,92.78471,50.00000,,20.00000,0.75883,1
201,833,126.80100,5.55333,-3.37583,92.70086,51.00000,,20.00000,0.75887,1
201,834,127.01600,5.56000,-3.39911,92.61543,50.00000,,20.00000,0.75891,1
201,835,127.23500,5.56667,-3.42249,92.52894,51.00000,,20.00000,0.75896,1
201,836,127.44800,5.57333,-3.44634,92.43931,49.00000,,20.00000,0.75900,1
201,837,127.66600,5.58000,-3.47092,92.35177,49.00000,,20.00000,0.75904,1
201,838,127.87800,5.58667,-3.49545,91.62383,50.00000,,20.00000,0.75909,1
201,839,128.09399,5.59333,-3.52066,91.35348,50.00000,,20.00000,0.75913,1
201,840,128.29900,5.60000,-3.54709,91.25551,50.00000,,20.00000,0.75917,1
201,841,128.52400,5.60667,-3.57422,91.15545,50.00000,,20.00000,0.75922,1
201,842,128.73700,5.61333,-3.60300,91.05225,49.00000,,20.00000,0.75926,1
201,843,128.94299,5.62000,-3.63125,90.94180,49.00000,,20.00000,0.75930,1
201,844,129.16000,5.62667,-3.65796,90.84126,49.00000,,20.00000,0.75934,1
201,845,129.35800,5.63333,-3.68359,90.74692,51.00000,,20.00000,0.75938,1
201,846,129.58099,5.64000,-3.70888,90.64943,51.00000,,20.00000,0.75943,1
201,847,129.80099,5.64667,-3.73386,90.53674,51.00000,,20.00000,0.75947,1
201,848,130.03000,5.65333,-3.75824,90.43294,52.00000,,20.00000,0.75952,1
201,849,130.23100,5.66000,-3.78297,90.31667,49.00000,,20.00000,0.75956,1
201,850,130.44400,5.66667,-3.80710,90.23960,51.00000,,20.00000,0.75960,1
201,851,130.66600,5.67333,-3.83180,90.14425,51.00000,,20.00000,0.75964,1
201,852,130.87500,5.68000,-3.85719,90.03793,51.00000,,20.00000,0.75968,1
201,853,131.09000,5.68667,-3.88300,89.92482,52.00000,,20.00000,0.75973,1
201,854,131.29900,5.69333,-3.90802,89.80335,52.00000,,20.00000,0.75977,1
201,855,131.50900,5.70000,-3.93288,89.70643,50.00000,,20.00000,0.75981,1
201,856,131.73000,5.70667,-3.95767,89.58651,50.00000,,20.00000,0.75985,1
201,857,131.94200,5.71333,-3.98253,89.46503,50.00000,,20.00000,0.75989,1
201,858,132.15700,5.72000,-4.00716,89.35713,50.00000,,20.00000,0.75993,1
201,859,132.36900,5.72667,-4.03185,89.25446,50.00000,,20.00000,0.75998,1
201,860,132.58299,5.73333,-4.05675,89.14446,50.00000,,20.00000,0.76002,1
201,861,132.78600,5.74000,-4.08150,89.03394,49.00000,,20.00000,0.76006,1
201,862,133.01500,5.74667,-4.10627,88.92447,49.00000,,20.00000,0.76010,1
201,863,133.22701,5.75333,-4.13111,88.80141,49.00000,,20.00000,0.76014,1
201,864,133.43600,5.76000,-4.15600,88.69456,49.00000,,20.00000,0.76018,1
201,865,133.64999,5.76667,-4.18120,88.55586,50.00000,,20.00000,0.76022,1
201,866,133.86700,5.77333,-4.20723,88.43439,50.00000,,20.00000,0.76027,1
201,867,134.07001,5.78000,-4.23401,88.31554,50.00000,,20.00000,0.76030,1
201,868,134.28300,5.78667,-4.26136,88.19302,50.00000,,20.00000,0.76035,1
201,869,134.51199,5.79333,-4.28920,88.08774,49.00000,,20.00000,0.76039,1
201,870,134.70599,5.80000,-4.31866,87.96570,49.00000,,20.00000,0.76043,1
201,871,134.92500,5.80667,-4.34798,87.84941,51.00000,,20.00000,0.76047,1
201,872,135.14799,5.81333,-4.37739,87.72326,51.00000,,20.00000,0.76051,1
201,873,135.35201,5.82000,-4.40741,87.59033,52.00000,,20.00000,0.76055,1
201,874,135.56900,5.82667,-4.43719,87.46939,52.00000,,20.00000,0.76059,1
201,875,135.77800,5.83333,-4.46688,87.34583,49.00000,,20.00000,0.76063,1
201,876,135.98900,5.84000,-4.49682,87.21337,49.00000,,20.00000,0.76067,1
201,877,136.20000,5.84667,-4.52703,87.08142,50.00000,,20.00000,0.76071,1
201,878,136.41299,5.85333,-4.55796,86.95786,50.00000,,20.00000,0.76075,1
201,879,136.63400,5.86000,-4.58888,86.83273,50.00000,,20.00000,0.76079,1
201,880,136.84599,5.86667,-4.61954,86.68878,50.00000,,20.00000,0.76083,1
201,881,137.06300,5.87333,-4.65004,86.56416,49.00000,,20.00000,0.76087,1
201,882,137.26700,5.88000,-4.68039,86.44372,49.00000,,20.00000,0.76091,1
201,883,137.48000,5.88667,-4.71094,86.30447,49.00000,,20.00000,0.76095,1
201,884,137.69000,5.89333,-4.74144,86.16887,49.00000,,20.00000,0.76099,1
201,885,137.91299,5.90000,-4.77177,86.03586,50.00000,,20.00000,0.76103,1
201,886,138.12300,5.90667,-4.80200,85.89867,50.00000,,20.00000,0.76107,1
201,887,138.33501,5.91333,-4.83176,85.76253,50.00000,,20.00000,0.76111,1
201,888,138.56100,5.92000,-4.86097,85.62798,50.00000,,20.00000,0.76115,1
201,889,138.76300,5.92667,-4.89015,85.48717,49.00000,,20.00000,0.76119,1
201,890,138.97800,5.93333,-4.92409,85.34167,49.00000,,20.00000,0.76123,1
201,891,139.18401,5.94000,-4.95897,85.18937,51.00000,,20.00000,0.76126,1
201,892,139.39799,5.94667,-4.98677,85.04177,50.00000,,20.00000,0.76130,1
201,893,139.61600,5.95333,-5.01368,84.89417,51.00000,,20.00000,0.76134,1
201,894,139.82899,5.96000,-5.04059,84.75963,51.00000,,20.00000,0.76138,1
201,895,140.03999,5.96667,-5.08576,84.62667,51.00000,,20.00000,0.76142,1
201,896,140.24600,5.97333,-5.13733,84.46604,49.00000,,20.00000,0.76146,1
201,897,140.46400,5.98000,-5.17061,84.29445,50.00000,,20.00000,0.76150,1
201,898,140.67101,5.98667,-5.19605,84.13174,50.00000,,20.00000,0.76153,1
201,899,140.88200,5.99333,-5.22258,83.97422,50.00000,,20.00000,0.76157,1
201,900,141.09000,6.00000,-5.25105,83.81722,50.00000,,20.00000,0.76161,1
201,901,141.30499,6.00667,-5.28150,83.67227,50.00000,,20.00000,0.76165,1
201,902,141.51199,6.01333,-5.31352,83.52470,52.00000,,20.00000,0.76169,1
201,903,141.72900,6.02000,-5.37064,83.37919,52.00000,,20.00000,0.76173,1
201,904,141.94099,6.02667,-5.42824,83.19294,49.00000,,20.00000,0.76176,1
201,905,142.15199,6.03333,-5.45334,82.99935,50.00000,,20.00000,0.76180,1
201,906,142.36501,6.04000,-5.47509,82.86426,50.00000,,20.00000,0.76184,1
201,907,142.57700,6.04667,-5.50056,82.70991,50.00000,,20.00000,0.76188,1
201,908,142.78300,6.05333,-5.52655,82.54875,50.00000,,20.00000,0.76191,1
201,909,142.99200,6.06000,-5.55562,82.38599,49.00000,,20.00000,0.76195,1
201,910,143.21001,6.06667,-5.58222,82.23419,49.00000,,20.00000,0.76199,1
201,911,143.42799,6.07333,-5.60945,82.08449,49.00000,,20.00000,0.76203,1
201,912,143.63901,6.08000,-5.70791,81.95517,50.00000,,20.00000,0.76207,1
201,913,143.84599,6.08667,-5.90196,81.77729,50.00000,,20.00000,0.76210,1
201,914,144.05701,6.09333,-6.05514,81.37429,51.00000,,20.00000,0.76214,1
201,915,144.26601,6.10000,-6.14589,81.00578,51.00000,,20.00000,0.76218,1
201,916,144.47800,6.10667,-6.20226,80.74018,49.00000,,20.00000,0.76221,1
201,917,144.68800,6.11333,-6.24301,80.50801,49.00000,,20.00000,0.76225,1
201,918,144.89301,6.12000,-6.27644,80.32703,50.00000,,20.00000,0.76229,1
201,919,145.09900,6.12667,-6.31012,80.13089,49.00000,,20.00000,0.76232,1
201,920,145.31799,6.13333,-6.34666,79.93110,49.00000,,20.00000,0.76236,1
201,921,145.51801,6.14000,-6.38464,79.73077,51.00000,,20.00000,0.76239,1
201,922,145.73399,6.14667,-6.42358,79.52884,51.00000,,20.00000,0.76243,1
201,923,145.94099,6.15333,-6.47042,79.35041,51.00000,,20.00000,0.76247,1
201,924,146.15700,6.16000,-6.52180,79.13287,49.00000,,20.00000,0.76250,1
201,925,146.36501,6.16667,-6.55604,78.92473,49.00000,,20.00000,0.76254,1
201,926,146.57201,6.17333,-6.58657,78.71969,49.00000,,20.00000,0.76258,1
201,927,146.78101,6.18000,-6.61604,78.51780,50.00000,,20.00000,0.76261,1
201,928,146.99001,6.18667,-6.64186,78.32581,50.00000,,20.00000,0.76265,1
201,929,147.20399,6.19333,-6.69254,78.14897,50.00000,,20.00000,0.76268,1
201,930,147.41901,6.20000,-6.77452,77.93510,49.00000,,20.00000,0.76272,1
201,931,147.61099,6.20667,-6.82585,77.66951,49.00000,,20.00000,0.76275,1
201,932,147.82001,6.21333,-6.85881,77.44776,51.00000,,20.00000,0.76279,1
201,933,148.03999,6.22000,-6.88606,77.23646,51.00000,,20.00000,0.76283,1
201,934,148.25000,6.22667,-6.94096,77.04449,51.00000,,20.00000,0.76286,1
201,935,148.45900,6.23333,-7.03247,76.83580,51.00000,,20.00000,0.76290,1
201,936,148.65401,6.24000,-7.10948,76.56026,49.00000,,20.00000,0.76293,1
201,937,148.88400,6.24667,-7.17703,76.29362,49.00000,,20.00000,0.76297,1
201,938,149.08400,6.25333,-7.24806,76.04056,51.00000,,20.00000,0.76300,1
201,939,149.28300,6.26000,-7.33173,75.77704,51.00000,,20.00000,0.76303,1
201,940,149.48900,6.26667,-7.40279,75.52136,52.00000,,20.00000,0.76307,1
201,941,149.70599,6.27333,-7.44265,75.25314,52.00000,,20.00000,0.76310,1
201,942,149.91701,6.28000,-7.46743,75.03558,49.00000,,20.00000,0.76314,1
201,943,150.12399,6.28667,-7.49686,74.82115,49.00000,,20.00000,0.76317,1
201,944,150.32300,6.29333,-7.55669,74.58687,50.00000,,20.00000,0.76321,1
201,945,150.53999,6.30000,-7.61314,74.34215,50.00000,,20.00000,0.76324,1
201,946,150.74400,6.30667,-7.66575,74.08960,50.00000,,20.00000,0.76328,1
201,947,150.95599,6.31333,-7.72252,73.82502,50.00000,,20.00000,0.76331,1
201,948,151.16100,6.32000,-7.78055,73.55679,49.00000,,20.00000,0.76335,1
201,949,151.36501,6.32667,-7.84212,73.27288,49.00000,,20.00000,0.76338,1
201,950,151.58200,6.33333,-7.88013,73.03077,51.00000,,20.00000,0.76341,1
201,951,151.78999,6.34000,-7.90713,72.79701,51.00000,,20.00000,0.76345,1
201,952,151.99001,6.34667,-7.92898,72.55750,52.00000,,20.00000,0.76348,1
201,953,152.19901,6.35333,-7.95180,72.31852,50.00000,,20.00000,0.76351,1
201,954,152.40900,6.36000,-7.98323,72.07066,49.00000,,20.00000,0.76355,1
201,955,152.62300,6.36667,-8.02483,71.83220,49.00000,,20.00000,0.76358,1
201,956,152.82100,6.37333,-8.06635,71.59583,51.00000,,20.00000,0.76362,1
201,957,153.03700,6.38000,-8.08894,71.35163,51.00000,,20.00000,0.76365,1
201,958,153.23801,6.38667,-8.11485,71.12519,51.00000,,20.00000,0.76368,1
201,959,153.44200,6.39333,-8.14649,70.88570,52.00000,,20.00000,0.76372,1
201,960,153.66299,6.40000,-8.18421,70.65613,49.00000,,20.00000,0.76375,1
201,961,153.85400,6.40667,-8.23136,70.41505,49.00000,,20.00000,0.76378,1
201,962,154.06500,6.41333,-8.26496,70.13584,49.00000,,20.00000,0.76381,1
201,963,154.27499,6.42000,-8.29413,69.90572,50.00000,,20.00000,0.76385,1
201,964,154.48900,6.42667,-8.32794,69.66150,50.00000,,20.00000,0.76388,1
201,965,154.69400,6.43333,-8.35810,69.41988,50.00000,,20.00000,0.76391,1
201,966,154.89200,6.44000,-8.38478,69.16729,50.00000,,20.00000,0.76395,1
201,967,155.11000,6.44667,-8.41492,68.91052,49.00000,,20.00000,0.76398,1
201,968,155.31799,6.45333,-8.45978,68.68614,49.00000,,20.00000,0.76401,1
201,969,155.52400,6.46000,-8.52379,68.41737,51.00000,,20.00000,0.76405,1
201,970,155.73700,6.46667,-8.64375,68.13711,51.00000,,20.00000,0.76408,1
201,971,155.94400,6.47333,-8.76579,67.82708,50.00000,,20.00000,0.76411,1
201,972,156.13300,6.48000,-8.85985,67.47210,49.00000,,20.00000,0.76414,1
201,973,156.34500,6.48667,-8.91558,67.15160,49.00000,,20.00000,0.76417,1
201,974,156.56799,6.49333,-8.92800,66.82639,49.00000,,20.00000,0.76421,1
201,975,156.78101,6.50000,-8.92459,66.54873,49.00000,,20.00000,0.76424,1
201,976,156.97400,6.50667,-8.93718,66.31130,50.00000,,20.00000,0.76427,1
201,977,157.18800,6.51333,-9.04321,66.06552,50.00000,,20.00000,0.76430,1
201,978,157.39101,6.52000,-9.16339,65.73407,50.00000,,20.00000,0.76434,1
201,979,157.58200,6.52667,-9.25178,65.34933,50.00000,,20.00000,0.76437,1
201,980,157.80701,6.53333,-9.31731,64.98548,50.00000,,20.00000,0.76440,1
201,981,158.02100,6.54000,-9.38380,64.65662,50.00000,,20.00000,0.76443,1
201,982,158.21600,6.54667,-9.43744,64.29487,50.00000,,20.00000,0.76446,1
201,983,158.43401,6.55333,-9.47379,63.95297,50.00000,,20.00000,0.76450,1
201,984,158.62700,6.56000,-9.50548,63.65129,50.00000,,20.00000,0.76452,1
201,985,158.83000,6.56667,-9.51031,63.30624,49.00000,,20.00000,0.76456,1
201,986,159.04401,6.57333,-9.48468,62.98156,49.00000,,20.00000,0.76459,1
201,987,159.26401,6.58000,-9.45597,62.71223,50.00000,,20.00000,0.76462,1
201,988,159.45100,6.58667,-9.43571,62.45178,49.00000,,20.00000,0.76465,1
201,989,159.67101,6.59333,-9.41685,62.18506,50.00000,,20.00000,0.76468,1
201,990,159.87700,6.60000,-9.40448,61.90789,50.00000,,20.00000,0.76471,1
201,991,160.09200,6.60667,-9.40993,61.65475,50.00000,,20.00000,0.76475,1
201,992,160.28200,6.61333,-9.51229,61.40735,50.00000,,20.00000,0.76477,1
201,993,160.50500,6.62000,-9.62500,61.06749,49.00000,,20.00000,0.76481,1
201,994,160.71201,6.62667,-9.70303,60.68062,49.00000,,20.00000,0.76484,1
201,995,160.91400,6.63333,-9.75361,60.31516,51.00000,,20.00000,0.76487,1
201,996,161.12801,6.64000,-9.77733,59.93926,51.00000,,20.00000,0.76490,1
201,997,161.33400,6.64667,-9.77683,59.60723,52.00000,,20.00000,0.76493,1
201,998,161.54201,6.65333,-9.76035,59.31386,52.00000,,20.00000,0.76496,1
201,999,161.74899,6.66000,-9.73625,59.02937,49.00000,,20.00000,0.76499,1
201,1000,161.95500,6.66667,-9.71691,58.76003,49.00000,,20.00000,0.76502,1
201,1001,162.17000,6.67333,-9.69182,58.48390,50.00000,,20.00000,0.76505,1
201,1002,162.37500,6.68000,-9.66456,58.23283,50.00000,,20.00000,0.76508,1
201,1003,162.57899,6.68667,-9.63314,57.98541,50.00000,,20.00000,0.76511,1
201,1004,162.77901,6.69333,-9.58600,57.72649,50.00000,,20.00000,0.76514,1
201,1005,163.00600,6.70000,-9.53507,57.50412,50.00000,,20.00000,0.76517,1
201,1006,163.20799,6.70667,-9.49606,57.28905,49.00000,,20.00000,0.76520,1
201,1007,163.41800,6.71333,-9.46413,57.07554,50.00000,,20.00000,0.76523,1
201,1008,163.62801,6.72000,-9.42350,56.85942,49.00000,,20.00000,0.76526,1
201,1009,163.84399,6.72667,-9.38156,56.64123,50.00000,,20.00000,0.76529,1
201,1010,164.05800,6.73333,-9.33890,56.42096,50.00000,,20.00000,0.76533,1
201,1011,164.25500,6.74000,-9.29831,56.22157,49.00000,,20.00000,0.76535,1
201,1012,164.46300,6.74667,-9.26087,56.00912,49.00000,,20.00000,0.76538,1
201,1013,164.67300,6.75333,-9.22766,55.80449,49.00000,,20.00000,0.76541,1
201,1014,164.88300,6.76000,-9.19590,55.58052,49.00000,,20.00000,0.76544,1
201,1015,165.10400,6.76667,-9.15986,55.37378,51.00000,,20.00000,0.76547,1
201,1016,165.31200,6.77333,-9.11719,55.17331,51.00000,,20.00000,0.76550,1
201,1017,165.52499,6.78000,-9.07284,54.97075,51.00000,,20.00000,0.76553,1
201,1018,165.73300,6.78667,-9.03574,54.78962,51.00000,,20.00000,0.76556,1
201,1019,165.93600,6.79333,-9.01011,54.56357,49.00000,,20.00000,0.76559,1
201,1020,166.16100,6.80000,-8.99137,54.34744,49.00000,,20.00000,0.76562,1
201,1021,166.35899,6.80667,-8.96304,54.11144,49.00000,,20.00000,0.76565,1
201,1022,166.57300,6.81333,-8.91512,53.90208,50.00000,,20.00000,0.76568,1
201,1023,166.78600,6.82000,-8.85658,53.71047,52.00000,,20.00000,0.76571,1
201,1024,167.00000,6.82667,-8.79696,53.53871,52.00000,,20.00000,0.76574,1
201,1025,167.21100,6.83333,-8.74334,53.37216,49.00000,,20.00000,0.76577,1
201,1026,167.42700,6.84000,-8.69158,53.19726,49.00000,,20.00000,0.76580,1
201,1027,167.63499,6.84667,-8.65395,53.01607,49.00000,,20.00000,0.76583,1
201,1028,167.84700,6.85333,-8.63712,52.83384,50.00000,,20.00000,0.76586,1
201,1029,168.06000,6.86000,-8.61072,52.64167,50.00000,,20.00000,0.76588,1
201,1030,168.27800,6.86667,-8.58198,52.45733,50.00000,,20.00000,0.76591,1
201,1031,168.49400,6.87333,-8.55132,52.21762,50.00000,,20.00000,0.76594,1
201,1032,168.70500,6.88000,-8.52020,52.06670,50.00000,,20.00000,0.76597,1
201,1033,168.92101,6.88667,-8.49958,51.84318,49.00000,,20.00000,0.76600,1
201,1034,169.13699,6.89333,-8.47002,51.65204,51.00000,,20.00000,0.76603,1
201,1035,169.34399,6.90000,-8.42118,51.43739,51.00000,,20.00000,0.76606,1
201,1036,169.56100,6.90667,-8.36603,51.26922,52.00000,,20.00000,0.76609,1
201,1037,169.78400,6.91333,-8.31342,51.12299,52.00000,,20.00000,0.76612,1
201,1038,170.00000,6.92000,-8.26582,50.95639,52.00000,,20.00000,0.76615,1
201,1039,170.21300,6.92667,-8.21907,50.78457,49.00000,,20.00000,0.76617,1
201,1040,170.42101,6.93333,-8.17415,50.62893,50.00000,,20.00000,0.76620,1
201,1041,170.63699,6.94000,-8.13598,50.47799,51.00000,,20.00000,0.76623,1
201,1042,170.85300,6.94667,-8.09661,50.28890,51.00000,,20.00000,0.76626,1
201,1043,171.08000,6.95333,-8.05922,50.13793,51.00000,,20.00000,0.76629,1
201,1044,171.29700,6.96000,-8.02371,49.96032,51.00000,,20.00000,0.76632,1
201,1045,171.50999,6.96667,-7.99144,49.77906,51.00000,,20.00000,0.76635,1
201,1046,171.72099,6.97333,-7.96203,49.61086,49.00000,,20.00000,0.76637,1
201,1047,171.94701,6.98000,-7.94446,49.43797,49.00000,,20.00000,0.76640,1
201,1048,172.16800,6.98667,-7.93231,49.23375,50.00000,,20.00000,0.76643,1
201,1049,172.37801,6.99333,-7.92449,49.04049,50.00000,,20.00000,0.76646,1
201,1050,172.59100,7.00000,-7.94344,48.83261,49.00000,,20.00000,0.76649,1
201,1051,172.80000,7.00667,-7.98933,48.59547,50.00000,,20.00000,0.76651,1
201,1052,173.02901,7.01333,-8.06384,48.31287,49.00000,,20.00000,0.76654,1
201,1053,173.24500,7.02000,-8.19663,47.99946,49.00000,,20.00000,0.76657,1
201,1054,173.46600,7.02667,-8.41390,47.64165,51.00000,,20.00000,0.76660,1
201,1055,173.67999,7.03333,-8.70185,47.14594,51.00000,,20.00000,0.76663,1
201,1056,173.89301,7.04000,-9.01635,46.48780,51.00000,,20.00000,0.76665,1
201,1057,174.11000,7.04667,-9.32069,45.70116,51.00000,,20.00000,0.76668,1
201,1058,174.33099,7.05333,-9.57214,44.84140,49.00000,,20.00000,0.76671,1
201,1059,174.53900,7.06000,-9.76480,43.98218,49.00000,,20.00000,0.76673,1
201,1060,174.75400,7.06667,-9.95214,43.21176,49.00000,,20.00000,0.76676,1
201,1061,174.97200,7.07333,-10.22751,42.50039,51.00000,,20.00000,0.76679,1
201,1062,175.18401,7.08000,-10.55894,41.72843,51.00000,,20.00000,0.76681,1
201,1063,175.39101,7.08667,-10.88308,40.83530,51.00000,,20.00000,0.76684,1
201,1064,175.60699,7.09333,-11.21000,39.80690,49.00000,,20.00000,0.76687,1
201,1065,175.82001,7.10000,-11.49163,38.61763,49.00000,,20.00000,0.76689,1
201,1066,176.03400,7.10667,-11.68803,37.49106,50.00000,,20.00000,0.76692,1
201,1067,176.22400,7.11333,-11.80204,36.52276,50.00000,,20.00000,0.76694,1
201,1068,176.43600,7.12000,-11.84991,35.69393,50.00000,,20.00000,0.76697,1
201,1069,176.65100,7.12667,-11.84551,34.98993,50.00000,,20.00000,0.76700,1
201,1070,176.85800,7.13333,-11.80069,34.39771,50.00000,,20.00000,0.76702,1
201,1071,177.07401,7.14000,-11.72407,33.86504,49.00000,,20.00000,0.76705,1
201,1072,177.27600,7.14667,-11.62316,33.41437,49.00000,,20.00000,0.76707,1
201,1073,177.49200,7.15333,-11.50385,33.00810,50.00000,,20.00000,0.76710,1
201,1074,177.69800,7.16000,-11.37282,32.64361,50.00000,,20.00000,0.76712,1
201,1075,177.90800,7.16667,-11.23338,32.32874,51.00000,,20.00000,0.76715,1
201,1076,178.11700,7.17333,-11.08911,32.05617,49.00000,,20.00000,0.76717,1
201,1077,178.33800,7.18000,-10.94063,31.78830,49.00000,,20.00000,0.76720,1
201,1078,178.54601,7.18667,-10.79105,31.55699,49.00000,,20.00000,0.76722,1
201,1079,178.75200,7.19333,-10.64028,31.32567,49.00000,,20.00000,0.76725,1
201,1080,178.96201,7.20000,-10.48998,31.12830,49.00000,,20.00000,0.76727,1
201,1081,179.17900,7.20667,-10.34046,30.93457,51.00000,,20.00000,0.76730,1
201,1082,179.39999,7.21333,-10.19214,30.76955,51.00000,,20.00000,0.76733,1
201,1083,179.60400,7.22000,-10.04391,30.60819,51.00000,,20.00000,0.76735,1
201,1084,179.82800,7.22667,-9.89602,30.47031,51.00000,,20.00000,0.76738,1
201,1085,180.03000,7.23333,-9.74865,30.34549,49.00000,,20.00000,0.76740,1
201,1086,180.25301,7.24000,-9.60276,30.21596,50.00000,,20.00000,0.76743,1
201,1087,180.47900,7.24667,-9.45853,30.10732,50.00000,,20.00000,0.76745,1
201,1088,180.68600,7.25333,-9.31632,29.99032,50.00000,,20.00000,0.76748,1
201,1089,180.90300,7.26000,-9.17623,29.89160,50.00000,,20.00000,0.76750,1
201,1090,181.12199,7.26667,-9.03865,29.80489,50.00000,,20.00000,0.76753,1
201,1091,181.33701,7.27333,-8.90362,29.69885,49.00000,,20.00000,0.76755,1
201,1092,181.55800,7.28000,-8.77155,29.61162,50.00000,,20.00000,0.76758,1
201,1093,181.77699,7.28667,-8.64272,29.51080,50.00000,,20.00000,0.76760,1
201,1094,181.98199,7.29333,-8.51578,29.41623,50.00000,,20.00000,0.76762,1
201,1095,182.19901,7.30000,-8.39158,29.34411,50.00000,,20.00000,0.76765,1
201,1096,182.43401,7.30667,-8.26940,29.27408,50.00000,,20.00000,0.76768,1
201,1097,182.65401,7.31333,-8.14922,29.19359,49.00000,,20.00000,0.76770,1
201,1098,182.87100,7.32000,-8.03206,29.12982,49.00000,,20.00000,0.76772,1
201,1099,183.08099,7.32667,-7.91663,29.05298,50.00000,,20.00000,0.76775,1
201,1100,183.30600,7.33333,-7.80259,28.98712,50.00000,,20.00000,0.76777,1
201,1101,183.53200,7.34000,-7.69063,28.92490,51.00000,,20.00000,0.76780,1
201,1102,183.75301,7.34667,-7.58092,28.85274,51.00000,,20.00000,0.76782,1
201,1103,183.96800,7.35333,-7.47263,28.79677,49.00000,,20.00000,0.76785,1
201,1104,184.18800,7.36000,-7.36621,28.74183,49.00000,,20.00000,0.76787,1
201,1105,184.41701,7.36667,-7.26108,28.66914,49.00000,,20.00000,0.76790,1
201,1106,184.65300,7.37333,-7.15746,28.62308,50.00000,,20.00000,0.76792,1
201,1107,184.86099,7.38000,-7.05506,28.55769,50.00000,,20.00000,0.76794,1
201,1108,185.08600,7.38667,-6.95427,28.48447,50.00000,,20.00000,0.76797,1
201,1109,185.31400,7.39333,-6.85467,28.44729,49.00000,,20.00000,0.76799,1
201,1110,185.53000,7.40000,-6.75618,28.38399,49.00000,,20.00000,0.76802,1
201,1111,185.76300,7.40667,-6.65898,28.33688,49.00000,,20.00000,0.76804,1
201,1112,185.98000,7.41333,-6.56336,28.27775,49.00000,,20.00000,0.76806,1
201,1113,186.21100,7.42000,-6.46908,28.23743,50.00000,,20.00000,0.76809,1
201,1114,186.42400,7.42667,-6.37535,28.18404,50.00000,,20.00000,0.76811,1
201,1115,186.66299,7.43333,-6.28289,28.14110,50.00000,,20.00000,0.76814,1
201,1116,186.87900,7.44000,-6.19145,28.09657,50.00000,,20.00000,0.76816,1
201,1117,187.10800,7.44667,-6.10140,28.04891,49.00000,,20.00000,0.76818,1
201,1118,187.32401,7.45333,-6.01225,27.99287,49.00000,,20.00000,0.76821,1
201,1119,187.56599,7.46000,-5.92407,27.95251,51.00000,,20.00000,0.76823,1
201,1120,187.79500,7.46667,-5.83715,27.91842,51.00000,,20.00000,0.76826,1
201,1121,188.02299,7.47333,-5.75055,27.87336,51.00000,,20.00000,0.76828,1
201,1122,188.24400,7.48000,-5.66531,27.82466,51.00000,,20.00000,0.76830,1
201,1123,188.46001,7.48667,-5.58086,27.77961,51.00000,,20.00000,0.76832,1
201,1124,188.70799,7.49333,-5.49779,27.74657,49.00000,,20.00000,0.76835,1
201,1125,188.91400,7.50000,-5.41538,27.70359,49.00000,,20.00000,0.76837,1
201,1126,189.15100,7.50667,-5.33399,27.66636,50.00000,,20.00000,0.76839,1
201,1127,189.38600,7.51333,-5.25370,27.62704,50.00000,,20.00000,0.76842,1
201,1128,189.61099,7.52000,-5.17419,27.58197,52.00000,,20.00000,0.76844,1
201,1129,189.83900,7.52667,-5.09583,27.55363,49.00000,,20.00000,0.76846,1
201,1130,190.06500,7.53333,-5.01800,27.52320,49.00000,,20.00000,0.76849,1
201,1131,190.28999,7.54000,-4.94100,27.48181,50.00000,,20.00000,0.76851,1
201,1132,190.52299,7.54667,-4.86504,27.44407,50.00000,,20.00000,0.76853,1
201,1133,190.74500,7.55333,-4.78986,27.41155,50.00000,,20.00000,0.76855,1
201,1134,190.97200,7.56000,-4.71537,27.37067,50.00000,,20.00000,0.76858,1
201,1135,191.21100,7.56667,-4.64154,27.34129,49.00000,,20.00000,0.76860,1
201,1136,191.42900,7.57333,-4.56888,27.31033,49.00000,,20.00000,0.76862,1
201,1137,191.66299,7.58000,-4.49735,27.27833,51.00000,,20.00000,0.76864,1
201,1138,191.88699,7.58667,-4.42650,27.23484,51.00000,,20.00000,0.76867,1
201,1139,192.11900,7.59333,-4.35623,27.19235,51.00000,,20.00000,0.76869,1
201,1140,192.34599,7.60000,-4.28668,27.18800,51.00000,,20.00000,0.76871,1
201,1141,192.57700,7.60667,-4.21808,27.16752,51.00000,,20.00000,0.76873,1
201,1142,192.81200,7.61333,-4.15035,27.14598,49.00000,,20.00000,0.76876,1
201,1143,193.03200,7.62000,-4.08342,27.12232,49.00000,,20.00000,0.76878,1
201,1144,193.26500,7.62667,-4.01674,27.10546,49.00000,,20.00000,0.76880,1
201,1145,193.49800,7.63333,-3.95137,27.08650,52.00000,,20.00000,0.76882,1
201,1146,193.73100,7.64000,-3.88687,27.07329,52.00000,,20.00000,0.76884,1
201,1147,193.95799,7.64667,-3.82254,27.05380,52.00000,,20.00000,0.76886,1
201,1148,194.18500,7.65333,-3.75936,27.03693,49.00000,,20.00000,0.76888,1
201,1149,194.42300,7.66000,-3.69706,27.01692,49.00000,,20.00000,0.76891,1
201,1150,194.65199,7.66667,-3.63476,26.99586,50.00000,,20.00000,0.76893,1
201,1151,194.88200,7.67333,-3.57376,26.97477,50.00000,,20.00000,0.76895,1
201,1152,195.11700,7.68000,-3.51349,26.95786,50.00000,,20.00000,0.76897,1
201,1153,195.34599,7.68667,-3.45349,26.93789,49.00000,,20.00000,0.76899,1
201,1154,195.58099,7.69333,-3.39436,26.92106,49.00000,,20.00000,0.76901,1
201,1155,195.81400,7.70000,-3.33582,26.90107,49.00000,,20.00000,0.76903,1
201,1156,196.04100,7.70667,-3.27779,26.88003,50.00000,,20.00000,0.76905,1
201,1157,196.26300,7.71333,-3.22128,26.85482,50.00000,,20.00000,0.76907,1
201,1158,196.50700,7.72000,-3.16470,26.83275,50.00000,,20.00000,0.76910,1
201,1159,196.72600,7.72667,-3.10918,26.80597,50.00000,,20.00000,0.76912,1
201,1160,196.96201,7.73333,-3.05402,26.78023,50.00000,,20.00000,0.76914,1
201,1161,197.19400,7.74000,-2.99922,26.75344,50.00000,,20.00000,0.76916,1
201,1162,197.42400,7.74667,-2.94546,26.72769,50.00000,,20.00000,0.76918,1
201,1163,197.66299,7.75333,-2.89181,26.70090,51.00000,,20.00000,0.76920,1
201,1164,197.88100,7.76000,-2.83905,26.67515,50.00000,,20.00000,0.76922,1
201,1165,198.12500,7.76667,-2.78732,26.64576,50.00000,,20.00000,0.76924,1
201,1166,198.35899,7.77333,-2.73632,26.62263,50.00000,,20.00000,0.76926,1
201,1167,198.57899,7.78000,-2.68517,26.59586,50.00000,,20.00000,0.76928,1
201,1168,198.82401,7.78667,-2.63490,26.57011,50.00000,,20.00000,0.76930,1
201,1169,199.04800,7.79333,-2.58510,26.54488,50.00000,,20.00000,0.76932,1
201,1170,199.26300,7.80000,-2.53578,26.52283,50.00000,,20.00000,0.76934,1
201,1171,199.50500,7.80667,-2.48733,26.49765,49.00000,,20.00000,0.76936,1
201,1172,199.75301,7.81333,-2.43909,26.47557,51.00000,,20.00000,0.76938,1
201,1173,199.97099,7.82000,-2.39174,26.45035,51.00000,,20.00000,0.76940,1
201,1174,200.20599,7.82667,-2.34491,26.42827,52.00000,,20.00000,0.76942,1
201,1175,200.43600,7.83333,-2.29834,26.40306,52.00000,,20.00000,0.76943,1
201,1176,200.66901,7.84000,-2.25250,26.38098,49.00000,,20.00000,0.76945,1
201,1177,200.90100,7.84667,-2.20738,26.35839,49.00000,,20.00000,0.76947,1
201,1178,201.14799,7.85333,-2.16258,26.33372,49.00000,,20.00000,0.76949,1
201,1179,201.35899,7.86000,-2.11851,26.31270,50.00000,,20.00000,0.76951,1
201,1180,201.59500,7.86667,-2.07469,26.29167,51.00000,,20.00000,0.76953,1
201,1181,201.82700,7.87333,-2.03145,26.26646,51.00000,,20.00000,0.76955,1
201,1182,202.05600,7.88000,-1.98889,26.24444,49.00000,,20.00000,0.76957,1
201,1183,202.28400,7.88667,-1.94679,26.21929,49.00000,,20.00000,0.76958,1
201,1184,202.52000,7.89333,-1.90506,26.19463,50.00000,,20.00000,0.76960,1
201,1185,202.74899,7.90000,-1.86421,26.17049,50.00000,,20.00000,0.76962,1
201,1186,202.97600,7.90667,-1.82362,26.14636,50.00000,,20.00000,0.76964,1
201,1187,203.20900,7.91333,-1.78329,26.12484,50.00000,,20.00000,0.76966,1
201,1188,203.44400,7.92000,-1.74364,26.10279,49.00000,,20.00000,0.76968,1
201,1189,203.67101,7.92667,-1.70425,26.08022,49.00000,,20.00000,0.76969,1
201,1190,203.89600,7.93333,-1.66564,26.05974,49.00000,,20.00000,0.76971,1
201,1191,204.13499,7.94000,-1.62754,26.03978,51.00000,,20.00000,0.76973,1
201,1192,204.36000,7.94667,-1.58982,26.01982,51.00000,,20.00000,0.76975,1
201,1193,204.59900,7.95333,-1.55219,25.99306,51.00000,,20.00000,0.76976,1
201,1194,204.83299,7.96000,-1.51519,25.98042,51.00000,,20.00000,0.76978,1
201,1195,205.05800,7.96667,-1.47851,25.96046,49.00000,,20.00000,0.76980,1
201,1196,205.28600,7.97333,-1.44275,25.93423,49.00000,,20.00000,0.76982,1
201,1197,205.52200,7.98000,-1.40710,25.91373,50.00000,,20.00000,0.76983,1
201,1198,205.75800,7.98667,-1.37192,25.89165,52.00000,,20.00000,0.76985,1
201,1199,205.98399,7.99333,-1.33679,25.86756,52.00000,,20.00000,0.76987,1
201,1200,206.21300,8.00000,-1.30213,25.85026,52.00000,,20.00000,0.76989,1
201,1201,206.44600,8.00667,-1.26820,25.83084,49.00000,,20.00000,0.76990,1
201,1202,206.68201,8.01333,-1.23479,25.81246,49.00000,,20.00000,0.76992,1
201,1203,206.90100,8.02000,-1.20148,25.78728,50.00000,,20.00000,0.76993,1
201,1204,207.13300,8.02667,-1.16884,25.76942,50.00000,,20.00000,0.76995,1
201,1205,207.37399,8.03333,-1.13616,25.74633,50.00000,,20.00000,0.76997,1
201,1206,207.60600,8.04000,-1.10404,25.72794,50.00000,,20.00000,0.76999,1
201,1207,207.83600,8.04667,-1.07224,25.70903,49.00000,,20.00000,0.77000,1
201,1208,208.06400,8.05333,-1.04080,25.69274,49.00000,,20.00000,0.77002,1
201,1209,208.29500,8.06000,-1.00968,25.67224,51.00000,,20.00000,0.77003,1
201,1210,208.53700,8.06667,-0.97917,25.65593,51.00000,,20.00000,0.77005,1
201,1211,208.76801,8.07333,-0.94908,25.63553,52.00000,,20.00000,0.77007,1
201,1212,208.98000,8.08000,-0.91946,25.61931,52.00000,,20.00000,0.77008,1
201,1213,209.21300,8.08667,-0.89031,25.59888,49.00000,,20.00000,0.77010,1
201,1214,209.44000,8.09333,-0.86131,25.58264,49.00000,,20.00000,0.77011,1
201,1215,209.67700,8.10000,-0.83258,25.56482,51.00000,,20.00000,0.77013,1
201,1216,209.89799,8.10667,-0.80358,25.54909,51.00000,,20.00000,0.77014,1
201,1217,210.12900,8.11333,-0.77562,25.53076,52.00000,,20.00000,0.77016,1
201,1218,210.36099,8.12000,-0.74756,25.51243,52.00000,,20.00000,0.77017,1
201,1219,210.58600,8.12667,-0.72017,25.49410,49.00000,,20.00000,0.77019,1
201,1220,210.80499,8.13333,-0.69284,25.47785,49.00000,,20.00000,0.77020,1
201,1221,211.04201,8.14000,-0.66618,25.46003,50.00000,,20.00000,0.77022,1
201,1222,211.27200,8.14667,-0.63978,25.44430,50.00000,,20.00000,0.77023,1
201,1223,211.50400,8.15333,-0.61390,25.42596,50.00000,,20.00000,0.77025,1
201,1224,211.72800,8.16000,-0.58796,25.41284,50.00000,,20.00000,0.77026,1
201,1225,211.96201,8.16667,-0.56244,25.39451,49.00000,,20.00000,0.77028,1
201,1226,212.18600,8.17333,-0.53750,25.38137,49.00000,,20.00000,0.77029,1
201,1227,212.41400,8.18000,-0.51245,25.36302,51.00000,,20.00000,0.77031,1
201,1228,212.64400,8.18667,-0.48750,25.34683,51.00000,,20.00000,0.77032,1
201,1229,212.87100,8.19333,-0.46333,25.32907,52.00000,,20.00000,0.77033,1
201,1230,213.09100,8.20000,-0.43927,25.31285,52.00000,,20.00000,0.77035,1
201,1231,213.32700,8.20667,-0.41572,25.29610,49.00000,,20.00000,0.77036,1
201,1232,213.54201,8.21333,-0.39238,25.28197,49.00000,,20.00000,0.77038,1
201,1233,213.78101,8.22000,-0.36930,25.26366,50.00000,,20.00000,0.77039,1
201,1234,213.99800,8.22667,-0.34617,25.24743,50.00000,,20.00000,0.77040,1
201,1235,214.23500,8.23333,-0.32289,25.23017,51.00000,,20.00000,0.77042,1
201,1236,214.46300,8.24000,-0.30131,25.21604,51.00000,,20.00000,0.77043,1
201,1237,214.68201,8.24667,-0.27927,25.19825,51.00000,,20.00000,0.77044,1
201,1238,214.90800,8.25333,-0.25718,25.18200,49.00000,,20.00000,0.77046,1
201,1239,215.13600,8.26000,-0.23535,25.16784,49.00000,,20.00000,0.77047,1
201,1240,215.36099,8.26667,-0.21424,25.15060,50.00000,,20.00000,0.77048,1
201,1241,215.59900,8.27333,-0.19329,25.13651,50.00000,,20.00000,0.77050,1
201,1242,215.82800,8.28000,-0.17260,25.11977,50.00000,,20.00000,0.77051,1
201,1243,216.04300,8.28667,-0.15191,25.10149,50.00000,,20.00000,0.77052,1
201,1244,216.27100,8.29333,-0.13163,25.08948,49.00000,,20.00000,0.77054,1
201,1245,216.49899,8.30000,-0.11130,25.07277,50.00000,,20.00000,0.77055,1
201,1246,216.71500,8.30667,-9.205992e-002,25.05658,50.00000,,20.00000,0.77056,1
201,1247,216.93900,8.31333,-7.266410e-002,25.04404,52.00000,,20.00000,0.77057,1
201,1248,217.16701,8.32000,-5.373436e-002,25.03360,52.00000,,20.00000,0.77059,1
201,1249,217.40100,8.32667,-3.439149e-002,25.02107,49.00000,,20.00000,0.77060,1
201,1250,217.61600,8.33333,-1.535958e-002,25.01115,49.00000,,20.00000,0.77061,1
201,1251,217.83900,8.34000,3.206326e-003,25.00228,49.00000,,20.00000,0.77062,1
201,1252,218.06700,8.34667,2.146136e-002,24.98975,49.00000,,20.00000,0.77063,1
201,1253,218.29201,8.35333,3.981925e-002,24.97984,50.00000,,20.00000,0.77065,1
201,1254,218.50900,8.36000,5.786634e-002,24.97097,50.00000,,20.00000,0.77066,1
201,1255,218.74100,8.36667,7.534399e-002,24.95842,49.00000,,20.00000,0.77067,1
201,1256,218.96300,8.37333,9.276946e-002,24.94221,49.00000,,20.00000,0.77068,1
201,1257,219.18300,8.38000,0.11019,24.93600,49.00000,,20.00000,0.77069,1
201,1258,219.40601,8.38667,0.12746,24.92143,50.00000,,20.00000,0.77070,1
201,1259,219.63200,8.39333,0.14406,24.90578,50.00000,,20.00000,0.77072,1
201,1260,219.84500,8.40000,0.16014,24.89274,50.00000,,20.00000,0.77073,1
201,1261,220.08299,8.40667,0.17663,24.87970,50.00000,,20.00000,0.77074,1
201,1262,220.30099,8.41333,0.19318,24.86406,49.00000,,20.00000,0.77075,1
201,1263,220.52100,8.42000,0.20936,24.84843,49.00000,,20.00000,0.77076,1
201,1264,220.74300,8.42667,0.22523,24.83541,51.00000,,20.00000,0.77077,1
201,1265,220.96700,8.43333,0.24099,24.82345,51.00000,,20.00000,0.77078,1
201,1266,221.18700,8.44000,0.25655,24.80680,51.00000,,20.00000,0.77079,1
201,1267,221.40199,8.44667,0.27211,24.79638,50.00000,,20.00000,0.77080,1
201,1268,221.61700,8.45333,0.28684,24.78073,50.00000,,20.00000,0.77081,1
201,1269,221.84200,8.46000,0.30157,24.77297,49.00000,,20.00000,0.77082,1
201,1270,222.06900,8.46667,0.31558,24.75737,49.00000,,20.00000,0.77083,1
201,1271,222.27800,8.47333,0.33021,24.74694,49.00000,,20.00000,0.77084,1
201,1272,222.51300,8.48000,0.34489,24.73545,50.00000,,20.00000,0.77085,1
201,1273,222.74001,8.48667,0.35915,24.72030,50.00000,,20.00000,0.77087,1
201,1274,222.95700,8.49333,0.37310,24.70940,50.00000,,20.00000,0.77088,1
201,1275,223.16901,8.50000,0.38701,24.69432,50.00000,,20.00000,0.77088,1
201,1276,223.40199,8.50667,0.40086,24.68339,50.00000,,20.00000,0.77089,1
201,1277,223.61400,8.51333,0.41424,24.66829,50.00000,,20.00000,0.77090,1
201,1278,223.84000,8.52000,0.42747,24.65476,50.00000,,20.00000,0.77091,1
201,1279,224.06200,8.52667,0.44044,24.64125,50.00000,,20.00000,0.77092,1
201,1280,224.28600,8.53333,0.45325,24.62773,50.00000,,20.00000,0.77093,1
201,1281,224.48900,8.54000,0.46638,24.61684,50.00000,,20.00000,0.77094,1
201,1282,224.71100,8.54667,0.47945,24.60646,49.00000,,20.00000,0.77095,1
201,1283,224.93401,8.55333,0.49190,24.59087,49.00000,,20.00000,0.77096,1
201,1284,225.14900,8.56000,0.50425,24.58308,50.00000,,20.00000,0.77097,1
201,1285,225.37199,8.56667,0.51665,24.56432,50.00000,,20.00000,0.77098,1
201,1286,225.58501,8.57333,0.52895,24.55659,49.00000,,20.00000,0.77099,1
201,1287,225.79800,8.58000,0.54099,24.54572,49.00000,,20.00000,0.77100,1
201,1288,226.02100,8.58667,0.55271,24.53377,49.00000,,20.00000,0.77101,1
201,1289,226.23801,8.59333,0.56392,24.52496,49.00000,,20.00000,0.77101,1
201,1290,226.46300,8.60000,0.57544,24.50830,51.00000,,20.00000,0.77102,1
201,1291,226.68401,8.60667,0.58717,24.50159,51.00000,,20.00000,0.77103,1
201,1292,226.89700,8.61333,0.59864,24.49226,51.00000,,20.00000,0.77104,1
201,1293,227.11400,8.62000,0.60969,24.47721,51.00000,,20.00000,0.77105,1
201,1294,227.33701,8.62667,0.62044,24.47052,49.00000,,20.00000,0.77106,1
201,1295,227.54201,8.63333,0.63113,24.46017,49.00000,,20.00000,0.77106,1
201,1296,227.75101,8.64000,0.64172,24.44877,50.00000,,20.00000,0.77107,1
201,1297,227.97900,8.64667,0.65241,24.44050,50.00000,,20.00000,0.77108,1
201,1298,228.18900,8.65333,0.66290,24.42804,49.00000,,20.00000,0.77109,1
201,1299,228.41000,8.66000,0.67338,24.41977,49.00000,,20.00000,0.77110,1
201,1300,228.63300,8.66667,0.68381,24.41097,49.00000,,20.00000,0.77110,1
201,1301,228.84801,8.67333,0.69414,24.40163,49.00000,,20.00000,0.77111,1
201,1302,229.05600,8.68000,0.70385,24.39229,50.00000,,20.00000,0.77112,1
201,1303,229.27200,8.68667,0.71341,24.38407,50.00000,,20.00000,0.77113,1
201,1304,229.49100,8.69333,0.72301,24.37585,50.00000,,20.00000,0.77113,1
201,1305,229.70599,8.70000,0.73272,24.36552,50.00000,,20.00000,0.77114,1
201,1306,229.91499,8.70667,0.74248,24.35518,50.00000,,20.00000,0.77115,1
201,1307,230.12199,8.71333,0.75214,24.34641,49.00000,,20.00000,0.77116,1
201,1308,230.34500,8.72000,0.76107,24.33711,49.00000,,20.00000,0.77116,1
201,1309,230.55701,8.72667,0.77026,24.32938,51.00000,,20.00000,0.77117,1
201,1310,230.77800,8.73333,0.77884,24.31694,51.00000,,20.00000,0.77118,1
201,1311,230.99500,8.74000,0.78787,24.30870,51.00000,,20.00000,0.77118,1
201,1312,231.19501,8.74667,0.79706,24.29836,52.00000,,20.00000,0.77119,1
201,1313,231.41600,8.75333,0.80605,24.29061,49.00000,,20.00000,0.77120,1
201,1314,231.62100,8.76000,0.81462,24.28181,50.00000,,20.00000,0.77120,1
201,1315,231.85001,8.76667,0.82329,24.27255,50.00000,,20.00000,0.77121,1
201,1316,232.05499,8.77333,0.83166,24.26224,50.00000,,20.00000,0.77122,1
201,1317,232.26300,8.78000,0.84002,24.25191,50.00000,,20.00000,0.77122,1
201,1318,232.48700,8.78667,0.84854,24.24158,49.00000,,20.00000,0.77123,1
201,1319,232.69099,8.79333,0.85649,24.23125,49.00000,,20.00000,0.77123,1
201,1320,232.91000,8.80000,0.86419,24.22092,50.00000,,20.00000,0.77124,1
201,1321,233.11900,8.80667,0.87224,24.21060,50.00000,,20.00000,0.77125,1
201,1322,233.33400,8.81333,0.88014,24.20029,50.00000,,20.00000,0.77125,1
201,1323,233.53900,8.82000,0.88799,24.18997,50.00000,,20.00000,0.77126,1
201,1324,233.74600,8.82667,0.89584,24.17965,50.00000,,20.00000,0.77126,1
201,1325,233.96300,8.83333,0.90353,24.16932,49.00000,,20.00000,0.77127,1
201,1326,234.17900,8.84000,0.91081,24.15900,49.00000,,20.00000,0.77128,1
201,1327,234.38499,8.84667,0.91809,24.14869,51.00000,,20.00000,0.77128,1
201,1328,234.60699,8.85333,0.92552,24.13943,51.00000,,20.00000,0.77129,1
201,1329,234.80800,8.86000,0.93264,24.12599,52.00000,,20.00000,0.77129,1
201,1330,235.01300,8.86667,0.93977,24.11723,52.00000,,20.00000,0.77130,1
201,1331,235.22000,8.87333,0.94684,24.11108,49.00000,,20.00000,0.77130,1
201,1332,235.43600,8.88000,0.95386,24.10237,49.00000,,20.00000,0.77131,1
201,1333,235.64200,8.88667,0.96093,24.09365,50.00000,,20.00000,0.77131,1
201,1334,235.85201,8.89333,0.96790,24.08333,50.00000,,20.00000,0.77132,1
201,1335,236.06599,8.90000,0.97436,24.07249,50.00000,,20.00000,0.77132,1
201,1336,236.27699,8.90667,0.98117,24.06636,52.00000,,20.00000,0.77133,1
201,1337,236.49300,8.91333,0.98793,24.05605,51.00000,,20.00000,0.77133,1
201,1338,236.69400,8.92000,0.99475,24.04679,49.00000,,20.00000,0.77134,1
201,1339,236.90199,8.92667,1.00151,24.04068,49.00000,,20.00000,0.77134,1
201,1340,237.11400,8.93333,1.00760,24.03038,49.00000,,20.00000,0.77135,1
201,1341,237.31500,8.94000,1.01364,24.02114,50.00000,,20.00000,0.77135,1
201,1342,237.53200,8.94667,1.01973,24.01499,50.00000,,20.00000,0.77135,1
201,1343,237.72301,8.95333,1.02634,24.00466,50.00000,,20.00000,0.77136,1
201,1344,237.94400,8.96000,1.03269,24.00223,50.00000,,20.00000,0.77136,1
201,1345,238.16100,8.96667,1.03893,23.99614,49.00000,,20.00000,0.77137,1
201,1346,238.35201,8.97333,1.04502,23.98479,49.00000,,20.00000,0.77137,1
201,1347,238.56799,8.98000,1.05075,23.98181,51.00000,,20.00000,0.77137,1
201,1348,238.77699,8.98667,1.05648,23.97570,51.00000,,20.00000,0.77138,1
201,1349,238.98100,8.99333,1.06211,23.96437,52.00000,,20.00000,0.77138,1
201,1350,239.18800,9.00000,1.06784,23.96141,52.00000,,20.00000,0.77139,1
201,1351,239.39400,9.00667,1.07388,23.95636,52.00000,,20.00000,0.77139,1
201,1352,239.59300,9.01333,1.07919,23.94869,49.00000,,20.00000,0.77139,1
201,1353,239.79700,9.02000,1.08482,23.93841,51.00000,,20.00000,0.77140,1
201,1354,240.00600,9.02667,1.09050,23.92917,51.00000,,20.00000,0.77140,1
201,1355,240.21600,9.03333,1.09571,23.92305,50.00000,,20.00000,0.77140,1
201,1356,240.41800,9.04000,1.10108,23.91276,50.00000,,20.00000,0.77141,1
201,1357,240.63499,9.04667,1.10634,23.90352,50.00000,,20.00000,0.77141,1
201,1358,240.83099,9.05333,1.11166,23.89742,50.00000,,20.00000,0.77141,1
201,1359,241.03400,9.06000,1.11698,23.88710,49.00000,,20.00000,0.77142,1
201,1360,241.24100,9.06667,1.12229,23.87678,49.00000,,20.00000,0.77142,1
201,1361,241.44400,9.07333,1.12741,23.86914,50.00000,,20.00000,0.77142,1
201,1362,241.65900,9.08000,1.13252,23.86045,50.00000,,20.00000,0.77142,1
201,1363,241.86501,9.08667,1.13757,23.85122,49.00000,,20.00000,0.77143,1
201,1364,242.06599,9.09333,1.14248,23.84095,49.00000,,20.00000,0.77143,1
201,1365,242.26401,9.10000,1.14728,23.83434,49.00000,,20.00000,0.77143,1
201,1366,242.46700,9.10667,1.15208,23.82147,49.00000,,20.00000,0.77144,1
201,1367,242.67200,9.11333,1.15703,23.81904,49.00000,,20.00000,0.77144,1
201,1368,242.87300,9.12000,1.16199,23.81033,51.00000,,20.00000,0.77144,1
201,1369,243.07800,9.12667,1.16679,23.79954,51.00000,,20.00000,0.77144,1
201,1370,243.27800,9.13333,1.17128,23.78560,51.00000,,20.00000,0.77144,1
201,1371,243.48599,9.14000,1.17562,23.78208,49.00000,,20.00000,0.77145,1
201,1372,243.69200,9.14667,1.18021,23.77543,49.00000,,20.00000,0.77145,1
201,1373,243.89600,9.15333,1.18470,23.76675,51.00000,,20.00000,0.77145,1
201,1374,244.09599,9.16000,1.18956,23.75703,51.00000,,20.00000,0.77145,1
201,1375,244.29700,9.16667,1.19446,23.75094,51.00000,,20.00000,0.77146,1
201,1376,244.50200,9.17333,1.19885,23.74119,52.00000,,20.00000,0.77146,1
201,1377,244.70200,9.18000,1.20308,23.73092,52.00000,,20.00000,0.77146,1
201,1378,244.90401,9.18667,1.20737,23.72535,49.00000,,20.00000,0.77146,1
201,1379,245.11301,9.19333,1.21160,23.71560,49.00000,,20.00000,0.77146,1
201,1380,245.31000,9.20000,1.21584,23.70533,50.00000,,20.00000,0.77146,1
201,1381,245.50600,9.20667,1.22012,23.69975,50.00000,,20.00000,0.77147,1
201,1382,245.71300,9.21333,1.22425,23.69051,50.00000,,20.00000,0.77147,1
201,1383,245.92000,9.22000,1.22812,23.68440,50.00000,,20.00000,0.77147,1
201,1384,246.12399,9.22667,1.23210,23.67516,49.00000,,20.00000,0.77147,1
201,1385,246.32201,9.23333,1.23623,23.66906,49.00000,,20.00000,0.77147,1
201,1386,246.53500,9.24000,1.24036,23.65983,49.00000,,20.00000,0.77147,1
201,1387,246.72600,9.24667,1.24434,23.65373,49.00000,,20.00000,0.77147,1
201,1388,246.93201,9.25333,1.24831,23.64396,50.00000,,20.00000,0.77147,1
201,1389,247.13600,9.26000,1.25229,23.63367,50.00000,,20.00000,0.77147,1
201,1390,247.33099,9.26667,1.25621,23.62815,50.00000,,20.00000,0.77148,1
201,1391,247.52200,9.27333,1.26009,23.61897,50.00000,,20.00000,0.77148,1
201,1392,247.72800,9.28000,1.26375,23.61290,49.00000,,20.00000,0.77148,1
201,1393,247.92999,9.28667,1.26732,23.60316,49.00000,,20.00000,0.77148,1
201,1394,248.12500,9.29333,1.27109,23.59290,51.00000,,20.00000,0.77148,1
201,1395,248.32500,9.30000,1.27480,23.58785,51.00000,,20.00000,0.77148,1
201,1396,248.52901,9.30667,1.27852,23.58123,52.00000,,20.00000,0.77148,1
201,1397,248.72800,9.31333,1.28198,23.57253,52.00000,,20.00000,0.77148,1
201,1398,248.93201,9.32000,1.28565,23.56278,49.00000,,20.00000,0.77148,1
201,1399,249.12900,9.32667,1.28932,23.55669,49.00000,,20.00000,0.77148,1
201,1400,249.33701,9.33333,1.29298,23.54692,50.00000,,20.00000,0.77148,1
201,1401,249.52299,9.34000,1.29655,23.53663,50.00000,,20.00000,0.77148,1
201,1402,249.72900,9.34667,1.29985,23.53110,50.00000,,20.00000,0.77148,1
201,1403,249.92900,9.35333,1.30337,23.52140,50.00000,,20.00000,0.77148,1
201,1404,250.12000,9.36000,1.30714,23.51115,49.00000,,20.00000,0.77148,1
201,1405,250.32100,9.36667,1.31055,23.50560,50.00000,,20.00000,0.77148,1
201,1406,250.51900,9.37333,1.31401,23.49640,50.00000,,20.00000,0.77148,1
201,1407,250.71899,9.38000,1.31742,23.49033,50.00000,,20.00000,0.77148,1
201,1408,250.91100,9.38667,1.32057,23.48061,50.00000,,20.00000,0.77148,1
201,1409,251.11301,9.39333,1.32383,23.47036,50.00000,,20.00000,0.77148,1
201,1410,251.30000,9.40000,1.32703,23.46481,49.00000,,20.00000,0.77148,1
201,1411,251.50200,9.40667,1.33018,23.45507,49.00000,,20.00000,0.77148,1
201,1412,251.69800,9.41333,1.33333,23.44479,50.00000,,20.00000,0.77148,1
201,1413,251.89999,9.42000,1.33664,23.43921,50.00000,,20.00000,0.77148,1
201,1414,252.10100,9.42667,1.33959,23.42945,51.00000,,20.00000,0.77148,1
201,1415,252.30200,9.43333,1.34248,23.42439,51.00000,,20.00000,0.77148,1
201,1416,252.50900,9.44000,1.34558,23.42143,51.00000,,20.00000,0.77147,1
201,1417,252.69901,9.44667,1.34873,23.40956,49.00000,,20.00000,0.77147,1
201,1418,252.89301,9.45333,1.35189,23.40396,49.00000,,20.00000,0.77147,1
201,1419,253.09599,9.46000,1.35499,23.39842,50.00000,,20.00000,0.77147,1
201,1420,253.29201,9.46667,1.35778,23.38871,50.00000,,20.00000,0.77147,1
201,1421,253.49400,9.47333,1.36052,23.37843,50.00000,,20.00000,0.77147,1
201,1422,253.68100,9.48000,1.36352,23.37339,50.00000,,20.00000,0.77147,1
201,1423,253.89600,9.48667,1.36636,23.37044,51.00000,,20.00000,0.77147,1
201,1424,254.08000,9.49333,1.36915,23.35862,51.00000,,20.00000,0.77147,1
201,1425,254.28799,9.50000,1.37221,23.35308,49.00000,,20.00000,0.77146,1
201,1426,254.46700,9.50667,1.37515,23.34753,50.00000,,20.00000,0.77146,1
201,1427,254.66000,9.51333,1.37810,23.33833,50.00000,,20.00000,0.77146,1
201,1428,254.86301,9.52000,1.38094,23.33226,50.00000,,20.00000,0.77146,1
201,1429,255.06000,9.52667,1.38374,23.32251,50.00000,,20.00000,0.77146,1
201,1430,255.25101,9.53333,1.38648,23.31745,49.00000,,20.00000,0.77146,1
201,1431,255.45200,9.54000,1.38927,23.31454,49.00000,,20.00000,0.77145,1
201,1432,255.63800,9.54667,1.39196,23.30275,51.00000,,20.00000,0.77145,1
201,1433,255.82800,9.55333,1.39470,23.29667,51.00000,,20.00000,0.77145,1
201,1434,256.03601,9.56000,1.39744,23.28691,51.00000,,20.00000,0.77145,1
201,1435,256.23001,9.56667,1.40018,23.28185,51.00000,,20.00000,0.77145,1
201,1436,256.42401,9.57333,1.40298,23.27894,51.00000,,20.00000,0.77144,1
201,1437,256.61200,9.58000,1.40541,23.26662,49.00000,,20.00000,0.77144,1
201,1438,256.81000,9.58667,1.40774,23.26158,49.00000,,20.00000,0.77144,1
201,1439,257.00299,9.59333,1.41038,23.25863,50.00000,,20.00000,0.77144,1
201,1440,257.20099,9.60000,1.41302,23.24680,51.00000,,20.00000,0.77143,1
201,1441,257.40100,9.60667,1.41560,23.24124,52.00000,,20.00000,0.77143,1
201,1442,257.59100,9.61333,1.41861,23.23568,52.00000,,20.00000,0.77143,1
201,1443,257.78299,9.62000,1.42135,23.22647,52.00000,,20.00000,0.77143,1
201,1444,257.98001,9.62667,1.42399,23.22039,49.00000,,20.00000,0.77142,1
201,1445,258.17499,9.63333,1.42627,23.21065,50.00000,,20.00000,0.77142,1
201,1446,258.36499,9.64000,1.42854,23.20559,50.00000,,20.00000,0.77142,1
201,1447,258.56500,9.64667,1.43098,23.20262,50.00000,,20.00000,0.77142,1
201,1448,258.75500,9.65333,1.43331,23.19083,50.00000,,20.00000,0.77141,1
201,1449,258.94800,9.66000,1.43579,23.18322,50.00000,,20.00000,0.77141,1
201,1450,259.13599,9.66667,1.43854,23.17140,49.00000,,20.00000,0.77141,1
201,1451,259.33301,9.67333,1.44082,23.17003,51.00000,,20.00000,0.77140,1
201,1452,259.52301,9.68000,1.44284,23.16343,51.00000,,20.00000,0.77140,1
201,1453,259.72501,9.68667,1.44537,23.15423,52.00000,,20.00000,0.77140,1
201,1454,259.90701,9.69333,1.44776,23.14659,52.00000,,20.00000,0.77140,1
201,1455,260.09799,9.70000,1.45009,23.13790,49.00000,,20.00000,0.77139,1
201,1456,260.29700,9.70667,1.45237,23.13182,49.00000,,20.00000,0.77139,1
201,1457,260.48599,9.71333,1.45475,23.12261,49.00000,,20.00000,0.77138,1
201,1458,260.68399,9.72000,1.45698,23.11757,49.00000,,20.00000,0.77138,1
201,1459,260.86801,9.72667,1.45905,23.11149,51.00000,,20.00000,0.77138,1
201,1460,261.06601,9.73333,1.46118,23.10227,51.00000,,20.00000,0.77137,1
201,1461,261.25800,9.74000,1.46356,23.09723,49.00000,,20.00000,0.77137,1
201,1462,261.45801,9.74667,1.46615,23.09114,50.00000,,20.00000,0.77137,1
201,1463,261.64600,9.75333,1.46853,23.08085,50.00000,,20.00000,0.77136,1
201,1464,261.82999,9.76000,1.47076,23.07839,50.00000,,20.00000,0.77136,1
201,1465,262.03000,9.76667,1.47289,23.07234,50.00000,,20.00000,0.77136,1
201,1466,262.22601,9.77333,1.47486,23.06108,50.00000,,20.00000,0.77135,1
201,1467,262.41800,9.78000,1.47662,23.05815,49.00000,,20.00000,0.77135,1
201,1468,262.59900,9.78667,1.47854,23.05208,49.00000,,20.00000,0.77134,1
201,1469,262.78500,9.79333,1.48072,23.04131,49.00000,,20.00000,0.77134,1
201,1470,262.97501,9.80000,1.48311,23.03628,49.00000,,20.00000,0.77134,1
201,1471,263.18100,9.80667,1.48544,23.03020,51.00000,,20.00000,0.77133,1
201,1472,263.35800,9.81333,1.48788,23.02097,51.00000,,20.00000,0.77133,1
201,1473,263.55701,9.82000,1.48995,23.01488,51.00000,,20.00000,0.77132,1
201,1474,263.74701,9.82667,1.49192,23.00461,51.00000,,20.00000,0.77132,1
201,1475,263.94000,9.83333,1.49395,23.00214,49.00000,,20.00000,0.77131,1
201,1476,264.13699,9.84000,1.49597,22.99602,49.00000,,20.00000,0.77131,1
201,1477,264.32300,9.84667,1.49810,22.98474,51.00000,,20.00000,0.77130,1
201,1478,264.51801,9.85333,1.50012,22.98182,51.00000,,20.00000,0.77130,1
201,1479,264.70200,9.86000,1.50199,22.97679,52.00000,,20.00000,0.77129,1
201,1480,264.89499,9.86667,1.50412,22.96914,51.00000,,20.00000,0.77129,1
201,1481,265.08499,9.87333,1.50620,22.95888,49.00000,,20.00000,0.77128,1
201,1482,265.27899,9.88000,1.50827,22.95646,49.00000,,20.00000,0.77128,1
201,1483,265.46500,9.88667,1.51040,22.95142,50.00000,,20.00000,0.77127,1
201,1484,265.65302,9.89333,1.51243,22.94377,50.00000,,20.00000,0.77127,1
201,1485,265.84399,9.90000,1.51430,22.93349,50.00000,,20.00000,0.77126,1
201,1486,266.03201,9.90667,1.51606,22.93105,50.00000,,20.00000,0.77126,1
201,1487,266.23499,9.91333,1.51814,22.92601,50.00000,,20.00000,0.77125,1
201,1488,266.42300,9.92000,1.52027,22.91834,49.00000,,20.00000,0.77125,1
201,1489,266.60800,9.92667,1.52224,22.90912,49.00000,,20.00000,0.77124,1
201,1490,266.80099,9.93333,1.52417,22.90408,49.00000,,20.00000,0.77124,1
201,1491,266.98999,9.94000,1.52604,22.89799,49.00000,,20.00000,0.77123,1
201,1492,267.18100,9.94667,1.52796,22.88874,50.00000,,20.00000,0.77123,1
201,1493,267.36899,9.95333,1.52988,22.88367,50.00000,,20.00000,0.77122,1
201,1494,267.55399,9.96000,1.53186,22.87865,50.00000,,20.00000,0.77122,1
201,1495,267.74600,9.96667,1.53378,22.87259,49.00000,,20.00000,0.77121,1
201,1496,267.94000,9.97333,1.53570,22.86336,49.00000,,20.00000,0.77120,1
201,1497,268.13101,9.98000,1.53783,22.85831,51.00000,,20.00000,0.77120,1
201,1498,268.31601,9.98667,1.53976,22.85379,50.00000,,20.00000,0.77119,1
201,1499,268.51199,9.99333,1.54096,22.84823,52.00000,,20.00000,0.77119,1
201,1500,268.69601,10.00000,1.54283,22.84162,51.00000,,20.00000,0.77118,1
201,1501,268.87701,10.00667,1.54486,22.83814,51.00000,,20.00000,0.77118,1
201,1502,269.07300,10.01333,1.54678,22.83101,49.00000,,20.00000,0.77117,1
201,1503,269.26300,10.02000,1.54860,22.82596,49.00000,,20.00000,0.77116,1
201,1504,269.44901,10.02667,1.55058,22.81931,50.00000,,20.00000,0.77116,1
201,1505,269.64200,10.03333,1.55245,22.81424,50.00000,,20.00000,0.77115,1
201,1506,269.82999,10.04000,1.55433,22.80922,50.00000,,20.00000,0.77114,1
201,1507,270.01599,10.04667,1.55625,22.80317,50.00000,,20.00000,0.77114,1
201,1508,270.20200,10.05333,1.55807,22.79656,49.00000,,20.00000,0.77113,1
201,1509,270.39200,10.06000,1.55943,22.78629,49.00000,,20.00000,0.77112,1
201,1510,270.57700,10.06667,1.56048,22.78385,49.00000,,20.00000,0.77112,1
201,1511,270.76501,10.07333,1.56266,22.77880,49.00000,,20.00000,0.77111,1
201,1512,270.96100,10.08000,1.56464,22.77115,50.00000,,20.00000,0.77110,1
201,1513,271.15100,10.08667,1.56651,22.76089,50.00000,,20.00000,0.77110,1
201,1514,271.32599,10.09333,1.56833,22.75846,50.00000,,20.00000,0.77109,1
201,1515,271.51199,10.10000,1.57000,22.75342,50.00000,,20.00000,0.77109,1
201,1516,271.70599,10.10667,1.57136,22.74734,49.00000,,20.00000,0.77108,1
201,1517,271.88300,10.11333,1.57298,22.74072,49.00000,,20.00000,0.77107,1
201,1518,272.08200,10.12000,1.57475,22.73044,50.00000,,20.00000,0.77106,1
201,1519,272.26599,10.12667,1.57652,22.72800,50.00000,,20.00000,0.77106,1
201,1520,272.45401,10.13333,1.57824,22.72712,51.00000,,20.00000,0.77105,1
201,1521,272.64600,10.14000,1.58012,22.71942,51.00000,,20.00000,0.77104,1
201,1522,272.82901,10.14667,1.58189,22.71015,49.00000,,20.00000,0.77104,1
201,1523,273.01599,10.15333,1.58361,22.70407,49.00000,,20.00000,0.77103,1
201,1524,273.20801,10.16000,1.58528,22.70269,50.00000,,20.00000,0.77102,1
201,1525,273.39999,10.16667,1.58695,22.69920,50.00000,,20.00000,0.77101,1
201,1526,273.58701,10.17333,1.58856,22.69413,51.00000,,20.00000,0.77101,1
201,1527,273.77100,10.18000,1.59029,22.68489,51.00000,,20.00000,0.77100,1
201,1528,273.96500,10.18667,1.59196,22.67879,51.00000,,20.00000,0.77099,1
201,1529,274.14499,10.19333,1.59342,22.67740,51.00000,,20.00000,0.77098,1
201,1530,274.33401,10.20000,1.59504,22.67391,49.00000,,20.00000,0.77098,1
201,1531,274.52100,10.20667,1.59707,22.66467,49.00000,,20.00000,0.77097,1
201,1532,274.70599,10.21333,1.59869,22.65753,50.00000,,20.00000,0.77096,1
201,1533,274.89999,10.22000,1.60025,22.65715,50.00000,,20.00000,0.77095,1
201,1534,275.07901,10.22667,1.60192,22.65363,50.00000,,20.00000,0.77094,1
201,1535,275.26700,10.23333,1.60349,22.64286,50.00000,,20.00000,0.77094,1
201,1536,275.45099,10.24000,1.60501,22.63731,50.00000,,20.00000,0.77093,1
201,1537,275.64499,10.24667,1.60668,22.63382,49.00000,,20.00000,0.77092,1
201,1538,275.82001,10.25333,1.60814,22.62667,49.00000,,20.00000,0.77091,1
201,1539,276.01001,10.26000,1.60976,22.62161,51.00000,,20.00000,0.77090,1
201,1540,276.20499,10.26667,1.61138,22.61603,52.00000,,20.00000,0.77090,1
201,1541,276.38501,10.27333,1.61305,22.60626,52.00000,,20.00000,0.77089,1
201,1542,276.56799,10.28000,1.61462,22.60120,49.00000,,20.00000,0.77088,1
201,1543,276.76401,10.28667,1.61619,22.59823,49.00000,,20.00000,0.77087,1
201,1544,276.94101,10.29333,1.61771,22.59108,49.00000,,20.00000,0.77086,1
201,1545,277.13699,10.30000,1.61943,22.58079,49.00000,,20.00000,0.77085,1
201,1546,277.31699,10.30667,1.62095,22.57573,50.00000,,20.00000,0.77085,1
201,1547,277.49399,10.31333,1.62247,22.57537,50.00000,,20.00000,0.77084,1
201,1548,277.69601,10.32000,1.62409,22.56927,50.00000,,20.00000,0.77083,1
201,1549,277.87100,10.32667,1.62576,22.56055,50.00000,,20.00000,0.77082,1
201,1550,278.06500,10.33333,1.62738,22.55181,50.00000,,20.00000,0.77081,1
201,1551,278.24301,10.34000,1.62869,22.54985,50.00000,,20.00000,0.77080,1
201,1552,278.42700,10.34667,1.63006,22.54325,50.00000,,20.00000,0.77079,1
201,1553,278.61499,10.35333,1.63142,22.53509,50.00000,,20.00000,0.77078,1
201,1554,278.80499,10.36000,1.63284,22.52638,50.00000,,20.00000,0.77077,1
201,1555,278.98801,10.36667,1.63446,22.52446,50.00000,,20.00000,0.77077,1
201,1556,279.15900,10.37333,1.63608,22.51784,49.00000,,20.00000,0.77076,1
201,1557,279.35199,10.38000,1.63770,22.50964,49.00000,,20.00000,0.77075,1
201,1558,279.52802,10.38667,1.63870,22.50091,49.00000,,20.00000,0.77074,1
201,1559,279.73199,10.39333,1.64033,22.49897,49.00000,,20.00000,0.77073,1
201,1560,279.91501,10.40000,1.64210,22.49234,50.00000,,20.00000,0.77072,1
201,1561,280.09100,10.40667,1.64362,22.48413,50.00000,,20.00000,0.77071,1
201,1562,280.28299,10.41333,1.64509,22.47539,49.00000,,20.00000,0.77070,1
201,1563,280.46301,10.42000,1.64651,22.47395,49.00000,,20.00000,0.77069,1
201,1564,280.65201,10.42667,1.64818,22.47101,51.00000,,20.00000,0.77068,1
201,1565,280.82999,10.43333,1.64981,22.45867,51.00000,,20.00000,0.77067,1
201,1566,281.00900,10.44000,1.65122,22.45360,52.00000,,20.00000,0.77066,1
201,1567,281.20001,10.44667,1.65269,22.45114,52.00000,,20.00000,0.77065,1
201,1568,281.38800,10.45333,1.65406,22.44607,52.00000,,20.00000,0.77064,1
201,1569,281.57001,10.46000,1.65547,22.43891,49.00000,,20.00000,0.77063,1
201,1570,281.74799,10.46667,1.65679,22.43070,49.00000,,20.00000,0.77062,1
201,1571,281.94800,10.47333,1.65810,22.42562,50.00000,,20.00000,0.77061,1
201,1572,282.12500,10.48000,1.65947,22.42055,50.00000,,20.00000,0.77060,1
201,1573,282.30600,10.48667,1.66099,22.41287,50.00000,,20.00000,0.77059,1
201,1574,282.49600,10.49333,1.66241,22.40414,50.00000,,20.00000,0.77058,1
201,1575,282.67599,10.50000,1.66377,22.40221,49.00000,,20.00000,0.77057,1
201,1576,282.85800,10.50667,1.66514,22.39765,49.00000,,20.00000,0.77056,1
201,1577,283.04700,10.51333,1.66651,22.39310,51.00000,,20.00000,0.77055,1
201,1578,283.22800,10.52000,1.66803,22.38280,51.00000,,20.00000,0.77054,1
201,1579,283.41400,10.52667,1.66940,22.37717,50.00000,,20.00000,0.77053,1
201,1580,283.60199,10.53333,1.67087,22.37207,50.00000,,20.00000,0.77052,1
201,1581,283.78400,10.54000,1.67218,22.36703,49.00000,,20.00000,0.77051,1
201,1582,283.96399,10.54667,1.67345,22.36042,49.00000,,20.00000,0.77050,1
201,1583,284.14899,10.55333,1.67471,22.35640,51.00000,,20.00000,0.77049,1
201,1584,284.32700,10.56000,1.67603,22.34977,51.00000,,20.00000,0.77048,1
201,1585,284.51401,10.56667,1.67745,22.34470,52.00000,,20.00000,0.77047,1
201,1586,284.70001,10.57333,1.67882,22.33808,52.00000,,20.00000,0.77046,1
201,1587,284.88000,10.58000,1.68034,22.33145,49.00000,,20.00000,0.77045,1
201,1588,285.06100,10.58667,1.68192,22.32639,49.00000,,20.00000,0.77044,1
201,1589,285.23499,10.59333,1.68328,22.32132,50.00000,,20.00000,0.77043,1
201,1590,285.41800,10.60000,1.68460,22.31625,50.00000,,20.00000,0.77042,1
201,1591,285.60199,10.60667,1.68587,22.30957,50.00000,,20.00000,0.77040,1
201,1592,285.79501,10.61333,1.68718,22.30551,50.00000,,20.00000,0.77039,1
201,1593,285.98001,10.62000,1.68866,22.30046,50.00000,,20.00000,0.77038,1
201,1594,286.14999,10.62667,1.69008,22.29227,49.00000,,20.00000,0.77037,1
201,1595,286.34000,10.63333,1.69114,22.28666,49.00000,,20.00000,0.77036,1
201,1596,286.52899,10.64000,1.69225,22.28521,50.00000,,20.00000,0.77035,1
201,1597,286.70700,10.64667,1.69346,22.27906,50.00000,,20.00000,0.77034,1
201,1598,286.88599,10.65333,1.69488,22.27349,50.00000,,20.00000,0.77033,1
201,1599,287.07901,10.66000,1.69631,22.26688,49.00000,,20.00000,0.77031,1
201,1600,287.25201,10.66667,1.69778,22.26129,49.00000,,20.00000,0.77030,1
201,1601,287.43701,10.67333,1.69915,22.25987,49.00000,,20.00000,0.77029,1
201,1602,287.60999,10.68000,1.70047,22.25637,51.00000,,20.00000,0.77028,1
201,1603,287.79599,10.68667,1.70174,22.25128,51.00000,,20.00000,0.77027,1
201,1604,287.98099,10.69333,1.70300,22.24568,51.00000,,20.00000,0.77026,1
201,1605,288.16800,10.70000,1.70412,22.23850,51.00000,,20.00000,0.77025,1
201,1606,288.34500,10.70667,1.70502,22.23498,49.00000,,20.00000,0.77023,1
201,1607,288.53000,10.71333,1.70624,22.23460,50.00000,,20.00000,0.77022,1
201,1608,288.71399,10.72000,1.70756,22.23105,50.00000,,20.00000,0.77021,1
201,1609,288.89600,10.72667,1.70898,22.22176,50.00000,,20.00000,0.77020,1
201,1610,289.07599,10.73333,1.71046,22.21670,50.00000,,20.00000,0.77019,1
201,1611,289.25299,10.74000,1.71178,22.21374,50.00000,,20.00000,0.77017,1
201,1612,289.45200,10.74667,1.71310,22.21022,49.00000,,20.00000,0.77016,1
201,1613,289.62000,10.75333,1.71437,22.19939,50.00000,,20.00000,0.77015,1
201,1614,289.79999,10.76000,1.71558,22.19535,50.00000,,20.00000,0.77014,1
201,1615,289.98999,10.76667,1.71680,22.19235,50.00000,,20.00000,0.77013,1
201,1616,290.16699,10.77333,1.71776,22.18935,50.00000,,20.00000,0.77011,1
201,1617,290.35501,10.78000,1.71888,22.18269,49.00000,,20.00000,0.77010,1
201,1618,290.53201,10.78667,1.71994,22.17708,49.00000,,20.00000,0.77009,1
201,1619,290.72101,10.79333,1.72110,22.17408,49.00000,,20.00000,0.77008,1
201,1620,290.89801,10.80000,1.72248,22.17057,51.00000,,20.00000,0.77006,1
201,1621,291.08499,10.80667,1.72375,22.16601,51.00000,,20.00000,0.77005,1
201,1622,291.25699,10.81333,1.72481,22.15885,50.00000,,20.00000,0.77004,1
201,1623,291.43701,10.82000,1.72629,22.15429,50.00000,,20.00000,0.77003,1
201,1624,291.61600,10.82667,1.72761,22.15391,50.00000,,20.00000,0.77001,1
201,1625,291.79800,10.83333,1.72847,22.15141,50.00000,,20.00000,0.77000,1
201,1626,291.98599,10.84000,1.72907,22.14577,50.00000,,20.00000,0.76999,1
201,1627,292.16199,10.84667,1.73049,22.14070,50.00000,,20.00000,0.76997,1
201,1628,292.33801,10.85333,1.73192,22.13354,50.00000,,20.00000,0.76996,1
201,1629,292.53201,10.86000,1.73314,22.12896,49.00000,,20.00000,0.76995,1
201,1630,292.71600,10.86667,1.73431,22.12753,49.00000,,20.00000,0.76994,1
201,1631,292.89301,10.87333,1.73563,22.12296,50.00000,,20.00000,0.76992,1
201,1632,293.07199,10.88000,1.73680,22.11840,50.00000,,20.00000,0.76991,1
201,1633,293.25800,10.88667,1.73755,22.11175,50.00000,,20.00000,0.76990,1
201,1634,293.42700,10.89333,1.73856,22.10614,50.00000,,20.00000,0.76988,1
201,1635,293.60300,10.90000,1.73958,22.10210,50.00000,,20.00000,0.76987,1
201,1636,293.79199,10.90667,1.74116,22.09701,49.00000,,20.00000,0.76986,1
201,1637,293.98599,10.91333,1.74228,22.09137,49.00000,,20.00000,0.76984,1
201,1638,294.14999,10.92000,1.74329,22.08468,51.00000,,20.00000,0.76983,1
201,1639,294.32999,10.92667,1.74436,22.08274,51.00000,,20.00000,0.76982,1
201,1640,294.51599,10.93333,1.74553,22.08185,50.00000,,20.00000,0.76980,1
201,1641,294.70099,10.94000,1.74660,22.07781,50.00000,,20.00000,0.76979,1
201,1642,294.88101,10.94667,1.74761,22.07271,49.00000,,20.00000,0.76978,1
201,1643,295.05301,10.95333,1.74867,22.06605,49.00000,,20.00000,0.76976,1
201,1644,295.23901,10.96000,1.74969,22.06044,50.00000,,20.00000,0.76975,1
201,1645,295.41800,10.96667,1.75071,22.05745,50.00000,,20.00000,0.76973,1
201,1646,295.59601,10.97333,1.75177,22.05392,50.00000,,20.00000,0.76972,1
201,1647,295.77399,10.98000,1.75284,22.04465,49.00000,,20.00000,0.76971,1
201,1648,295.95801,10.98667,1.75411,22.03851,49.00000,,20.00000,0.76969,1
201,1649,296.13199,10.99333,1.75528,22.03707,49.00000,,20.00000,0.76968,1
201,1650,296.31699,11.00000,1.75578,22.03354,50.00000,,20.00000,0.76967,1
201,1651,296.50400,11.00667,1.75680,22.02898,50.00000,,20.00000,0.76965,1
201,1652,296.67599,11.01333,1.75802,22.02180,50.00000,,20.00000,0.76964,1
201,1653,296.85300,11.02000,1.75883,22.01723,50.00000,,20.00000,0.76962,1
201,1654,297.03201,11.02667,1.75985,22.01682,49.00000,,20.00000,0.76961,1
201,1655,297.20700,11.03333,1.76086,22.01432,49.00000,,20.00000,0.76960,1
201,1656,297.39301,11.04000,1.76188,22.00874,51.00000,,20.00000,0.76958,1
201,1657,297.56699,11.04667,1.76305,22.00524,51.00000,,20.00000,0.76957,1
201,1658,297.74899,11.05333,1.76433,22.00172,52.00000,,20.00000,0.76955,1
201,1659,297.92200,11.06000,1.76534,21.99506,52.00000,,20.00000,0.76954,1
201,1660,298.11099,11.06667,1.76631,21.98945,52.00000,,20.00000,0.76952,1
201,1661,298.27899,11.07333,1.76738,21.98645,49.00000,,20.00000,0.76951,1
201,1662,298.46201,11.08000,1.76840,21.98292,49.00000,,20.00000,0.76949,1
201,1663,298.63901,11.08667,1.76915,21.97834,50.00000,,20.00000,0.76948,1
201,1664,298.81500,11.09333,1.76996,21.97115,50.00000,,20.00000,0.76947,1
201,1665,299.00101,11.10000,1.77083,21.96656,50.00000,,20.00000,0.76945,1
201,1666,299.18600,11.10667,1.77185,21.96613,49.00000,,20.00000,0.76943,1
201,1667,299.36200,11.11333,1.77276,21.96361,49.00000,,20.00000,0.76942,1
201,1668,299.53601,11.12000,1.77362,21.95801,49.00000,,20.00000,0.76941,1
201,1669,299.71799,11.12667,1.77454,21.95451,50.00000,,20.00000,0.76939,1
201,1670,299.90100,11.13333,1.77571,21.94993,50.00000,,20.00000,0.76937,1
201,1671,300.07199,11.14000,1.77673,21.94482,50.00000,,20.00000,0.76936,1
201,1672,300.25201,11.14667,1.77760,21.94075,50.00000,,20.00000,0.76935,1
201,1673,300.43701,11.15333,1.77856,21.93721,49.00000,,20.00000,0.76933,1
201,1674,300.62100,11.16000,1.77969,21.93420,49.00000,,20.00000,0.76931,1
201,1675,300.79501,11.16667,1.78081,21.93067,49.00000,,20.00000,0.76930,1
201,1676,300.97101,11.17333,1.78178,21.92400,51.00000,,20.00000,0.76928,1
201,1677,301.14999,11.18000,1.78259,21.91734,51.00000,,20.00000,0.76927,1
201,1678,301.32599,11.18667,1.78330,21.91538,51.00000,,20.00000,0.76925,1
201,1679,301.50201,11.19333,1.78416,21.91446,49.00000,,20.00000,0.76924,1
201,1680,301.68799,11.20000,1.78503,21.91040,49.00000,,20.00000,0.76922,1
201,1681,301.85501,11.20667,1.78584,21.90530,50.00000,,20.00000,0.76921,1
201,1682,302.04199,11.21333,1.78666,21.90176,50.00000,,20.00000,0.76919,1
201,1683,302.21100,11.22000,1.78747,21.89610,51.00000,,20.00000,0.76918,1
201,1684,302.40302,11.22667,1.78823,21.89149,51.00000,,20.00000,0.76916,1
201,1685,302.57501,11.23333,1.78915,21.89007,51.00000,,20.00000,0.76914,1
201,1686,302.75299,11.24000,1.79007,21.88762,51.00000,,20.00000,0.76913,1
201,1687,302.93100,11.24667,1.79072,21.88409,49.00000,,20.00000,0.76911,1
201,1688,303.10501,11.25333,1.79149,21.88056,49.00000,,20.00000,0.76910,1
201,1689,303.28299,11.26000,1.79225,21.87808,50.00000,,20.00000,0.76908,1
201,1690,303.45499,11.26667,1.79316,21.87560,50.00000,,20.00000,0.76907,1
201,1691,303.63599,11.27333,1.79398,21.86841,49.00000,,20.00000,0.76905,1
201,1692,303.81400,11.28000,1.79469,21.86174,50.00000,,20.00000,0.76903,1
201,1693,303.98499,11.28667,1.79525,21.85977,49.00000,,20.00000,0.76902,1
201,1694,304.17001,11.29333,1.79565,21.85990,49.00000,,20.00000,0.76900,1
201,1695,304.34500,11.30000,1.79672,21.85790,49.00000,,20.00000,0.76899,1
201,1696,304.51801,11.30667,1.79800,21.85433,51.00000,,20.00000,0.76897,1
201,1697,304.69699,11.31333,1.79882,21.85029,51.00000,,20.00000,0.76895,1
201,1698,304.87399,11.32000,1.79932,21.84522,51.00000,,20.00000,0.76894,1
201,1699,305.06299,11.32667,1.79967,21.83959,49.00000,,20.00000,0.76892,1
201,1700,305.23099,11.33333,1.80044,21.83292,49.00000,,20.00000,0.76890,1
201,1701,305.40399,11.34000,1.80156,21.82938,50.00000,,20.00000,0.76889,1
201,1702,305.58401,11.34667,1.80202,21.82950,50.00000,,20.00000,0.76887,1
201,1703,305.76099,11.35333,1.80263,21.82909,51.00000,,20.00000,0.76885,1
201,1704,305.93701,11.36000,1.80313,21.82659,51.00000,,20.00000,0.76884,1
201,1705,306.11600,11.36667,1.80390,21.82044,49.00000,,20.00000,0.76882,1
201,1706,306.29199,11.37333,1.80487,21.81690,49.00000,,20.00000,0.76880,1
201,1707,306.47601,11.38000,1.80569,21.81337,50.00000,,20.00000,0.76879,1
201,1708,306.64200,11.38667,1.80609,21.80564,50.00000,,20.00000,0.76877,1
201,1709,306.81500,11.39333,1.80644,21.80001,50.00000,,20.00000,0.76875,1
201,1710,306.99200,11.40000,1.80746,21.79907,50.00000,,20.00000,0.76874,1
201,1711,307.18799,11.40667,1.80839,21.79866,49.00000,,20.00000,0.76872,1
201,1712,307.35300,11.41333,1.80884,21.79613,49.00000,,20.00000,0.76870,1
201,1713,307.52701,11.42000,1.80929,21.78994,49.00000,,20.00000,0.76869,1
201,1714,307.70999,11.42667,1.81001,21.78643,50.00000,,20.00000,0.76867,1
201,1715,307.88000,11.43333,1.81083,21.78291,50.00000,,20.00000,0.76865,1
201,1716,308.06000,11.44000,1.81159,21.77885,51.00000,,20.00000,0.76863,1
201,1717,308.24100,11.44667,1.81231,21.77374,51.00000,,20.00000,0.76862,1
201,1718,308.40601,11.45333,1.81292,21.76916,50.00000,,20.00000,0.76860,1
201,1719,308.58899,11.46000,1.81353,21.76822,50.00000,,20.00000,0.76858,1
201,1720,308.76001,11.46667,1.81424,21.76520,49.00000,,20.00000,0.76857,1
201,1721,308.93600,11.47333,1.81491,21.76165,51.00000,,20.00000,0.76855,1
201,1722,309.12299,11.48000,1.81547,21.75863,51.00000,,20.00000,0.76853,1
201,1723,309.29700,11.48667,1.81598,21.75404,51.00000,,20.00000,0.76851,1
201,1724,309.46301,11.49333,1.81648,21.74837,52.00000,,20.00000,0.76850,1
201,1725,309.64200,11.50000,1.81694,21.74375,49.00000,,20.00000,0.76848,1
201,1726,309.82300,11.50667,1.81750,21.74338,49.00000,,20.00000,0.76846,1
201,1727,309.99799,11.51333,1.81811,21.74195,49.00000,,20.00000,0.76844,1
201,1728,310.17401,11.52000,1.81888,21.73893,50.00000,,20.00000,0.76842,1
201,1729,310.33899,11.52667,1.81970,21.73486,50.00000,,20.00000,0.76841,1
201,1730,310.52600,11.53333,1.81969,21.73185,50.00000,,20.00000,0.76839,1
201,1731,310.70200,11.54000,1.82020,21.72935,50.00000,,20.00000,0.76837,1
201,1732,310.87399,11.54667,1.82076,21.72685,49.00000,,20.00000,0.76835,1
201,1733,311.03500,11.55333,1.82132,21.72069,49.00000,,20.00000,0.76834,1
201,1734,311.22000,11.56000,1.82183,21.71557,51.00000,,20.00000,0.76832,1
201,1735,311.39700,11.56667,1.82250,21.71305,49.00000,,20.00000,0.76830,1
201,1736,311.58301,11.57333,1.82296,21.71315,50.00000,,20.00000,0.76828,1
201,1737,311.75299,11.58000,1.82347,21.71167,50.00000,,20.00000,0.76826,1
201,1738,311.93100,11.58667,1.82382,21.70916,49.00000,,20.00000,0.76824,1
201,1739,312.11099,11.59333,1.82418,21.70614,49.00000,,20.00000,0.76823,1
201,1740,312.28601,11.60000,1.82458,21.70365,49.00000,,20.00000,0.76821,1
201,1741,312.45200,11.60667,1.82514,21.70060,49.00000,,20.00000,0.76819,1
201,1742,312.62399,11.61333,1.82550,21.69808,50.00000,,20.00000,0.76817,1
201,1743,312.80301,11.62000,1.82596,21.69352,50.00000,,20.00000,0.76815,1
201,1744,312.97400,11.62667,1.82636,21.68791,52.00000,,20.00000,0.76813,1
201,1745,313.14999,11.63333,1.82667,21.68330,52.00000,,20.00000,0.76812,1
201,1746,313.32300,11.64000,1.82718,21.68287,49.00000,,20.00000,0.76810,1
201,1747,313.51099,11.64667,1.82806,21.68297,49.00000,,20.00000,0.76808,1
201,1748,313.68301,11.65333,1.82898,21.68203,50.00000,,20.00000,0.76806,1
201,1749,313.86099,11.66000,1.82934,21.67953,50.00000,,20.00000,0.76804,1
201,1750,314.02802,11.66667,1.82949,21.67442,50.00000,,20.00000,0.76802,1
201,1751,314.20999,11.67333,1.82948,21.67141,50.00000,,20.00000,0.76800,1
201,1752,314.36801,11.68000,1.83019,21.66892,49.00000,,20.00000,0.76799,1
201,1753,314.54401,11.68667,1.83066,21.66640,49.00000,,20.00000,0.76797,1
201,1754,314.71899,11.69333,1.83091,21.66387,50.00000,,20.00000,0.76795,1
201,1755,314.89001,11.70000,1.83137,21.66139,50.00000,,20.00000,0.76793,1
201,1756,315.07700,11.70667,1.83199,21.65839,50.00000,,20.00000,0.76791,1
201,1757,315.24301,11.71333,1.83245,21.65380,50.00000,,20.00000,0.76789,1
201,1758,315.42401,11.72000,1.83275,21.64970,49.00000,,20.00000,0.76787,1
201,1759,315.59100,11.72667,1.83311,21.64769,49.00000,,20.00000,0.76785,1
201,1760,315.76099,11.73333,1.83367,21.64731,51.00000,,20.00000,0.76783,1
201,1761,315.93701,11.74000,1.83413,21.64535,51.00000,,20.00000,0.76781,1
201,1762,316.11899,11.74667,1.83444,21.64285,51.00000,,20.00000,0.76779,1
201,1763,316.27899,11.75333,1.83454,21.63929,52.00000,,20.00000,0.76778,1
201,1764,316.45599,11.76000,1.83463,21.63730,52.00000,,20.00000,0.76776,1
201,1765,316.64001,11.76667,1.83484,21.63531,49.00000,,20.00000,0.76774,1
201,1766,316.81500,11.77333,1.83520,21.63332,50.00000,,20.00000,0.76772,1
201,1767,316.97800,11.78000,1.83566,21.63028,50.00000,,20.00000,0.76770,1
201,1768,317.15900,11.78667,1.83596,21.62776,50.00000,,20.00000,0.76768,1
201,1769,317.33499,11.79333,1.83627,21.62525,50.00000,,20.00000,0.76766,1
201,1770,317.50900,11.80000,1.83658,21.62062,51.00000,,20.00000,0.76764,1
201,1771,317.68201,11.80667,1.83689,21.61651,51.00000,,20.00000,0.76762,1
201,1772,317.85901,11.81333,1.83735,21.61298,49.00000,,20.00000,0.76760,1
201,1773,318.01999,11.82000,1.83786,21.61258,49.00000,,20.00000,0.76758,1
201,1774,318.20499,11.82667,1.83807,21.61267,50.00000,,20.00000,0.76756,1
201,1775,318.38300,11.83333,1.83822,21.61172,50.00000,,20.00000,0.76754,1
201,1776,318.55301,11.84000,1.83847,21.60816,49.00000,,20.00000,0.76752,1
201,1777,318.72601,11.84667,1.83883,21.60303,49.00000,,20.00000,0.76750,1
201,1778,318.90201,11.85333,1.83914,21.60052,49.00000,,20.00000,0.76748,1
201,1779,319.07901,11.86000,1.83940,21.59800,49.00000,,20.00000,0.76746,1
201,1780,319.24500,11.86667,1.83970,21.59549,49.00000,,20.00000,0.76744,1
201,1781,319.42401,11.87333,1.84006,21.59298,50.00000,,20.00000,0.76742,1
201,1782,319.58801,11.88000,1.84047,21.58890,50.00000,,20.00000,0.76740,1
201,1783,319.76700,11.88667,1.84078,21.58482,50.00000,,20.00000,0.76738,1
201,1784,319.94000,11.89333,1.84114,21.58229,50.00000,,20.00000,0.76736,1
201,1785,320.11099,11.90000,1.84145,21.58238,49.00000,,20.00000,0.76734,1
201,1786,320.30200,11.90667,1.84177,21.58039,49.00000,,20.00000,0.76732,1
201,1787,320.46301,11.91333,1.84212,21.57836,50.00000,,20.00000,0.76730,1
201,1788,320.63400,11.92000,1.84222,21.57425,52.00000,,20.00000,0.76728,1
201,1789,320.81100,11.92667,1.84227,21.57228,52.00000,,20.00000,0.76726,1
201,1790,320.98199,11.93333,1.84248,21.57031,49.00000,,20.00000,0.76724,1
201,1791,321.15900,11.94000,1.84284,21.56831,49.00000,,20.00000,0.76721,1
201,1792,321.32901,11.94667,1.84330,21.56631,50.00000,,20.00000,0.76719,1
201,1793,321.50800,11.95333,1.84372,21.56432,50.00000,,20.00000,0.76717,1
201,1794,321.68201,11.96000,1.84393,21.56233,50.00000,,20.00000,0.76715,1
201,1795,321.84799,11.96667,1.84413,21.55929,50.00000,,20.00000,0.76713,1
201,1796,322.01901,11.97333,1.84434,21.55678,50.00000,,20.00000,0.76711,1
201,1797,322.19000,11.98000,1.84449,21.55374,49.00000,,20.00000,0.76709,1
201,1798,322.37100,11.98667,1.84470,21.54915,49.00000,,20.00000,0.76707,1
201,1799,322.54300,11.99333,1.84506,21.54504,51.00000,,20.00000,0.76705,1
201,1800,322.71301,12.00000,1.84542,21.54198,51.00000,,20.00000,0.76703,1
201,1801,322.87399,12.00667,1.84552,21.54212,52.00000,,20.00000,0.76701,1
201,1802,323.04999,12.01333,1.84568,21.54225,52.00000,,20.00000,0.76699,1
201,1803,323.22699,12.02000,1.84594,21.54078,52.00000,,20.00000,0.76696,1
201,1804,323.38501,12.02667,1.84609,21.53878,49.00000,,20.00000,0.76694,1
201,1805,323.57101,12.03333,1.84630,21.53678,51.00000,,20.00000,0.76692,1
201,1806,323.74500,12.04000,1.84682,21.53478,51.00000,,20.00000,0.76690,1
201,1807,323.91000,12.04667,1.84702,21.53172,52.00000,,20.00000,0.76688,1
201,1808,324.08801,12.05333,1.84713,21.52920,52.00000,,20.00000,0.76686,1
201,1809,324.26700,12.06000,1.84739,21.52720,49.00000,,20.00000,0.76684,1
201,1810,324.43799,12.06667,1.84754,21.52416,50.00000,,20.00000,0.76681,1
201,1811,324.60199,12.07333,1.84744,21.52268,50.00000,,20.00000,0.76679,1
201,1812,324.77499,12.08000,1.84749,21.52069,50.00000,,20.00000,0.76677,1
201,1813,324.95401,12.08667,1.84754,21.51922,50.00000,,20.00000,0.76675,1
201,1814,325.12500,12.09333,1.84780,21.51775,50.00000,,20.00000,0.76673,1
201,1815,325.28900,12.10000,1.84806,21.51471,49.00000,,20.00000,0.76671,1
201,1816,325.45700,12.10667,1.84868,21.50903,49.00000,,20.00000,0.76669,1
201,1817,325.63501,12.11333,1.84915,21.50492,51.00000,,20.00000,0.76666,1
201,1818,325.80899,12.12000,1.84957,21.50191,51.00000,,20.00000,0.76664,1
201,1819,325.98401,12.12667,1.84983,21.50204,52.00000,,20.00000,0.76662,1
201,1820,326.14200,12.13333,1.84988,21.50213,52.00000,,20.00000,0.76660,1
201,1821,326.31500,12.14000,1.85009,21.50169,49.00000,,20.00000,0.76658,1
201,1822,326.49100,12.14667,1.85025,21.49969,49.00000,,20.00000,0.76655,1
201,1823,326.66901,12.15333,1.85056,21.49821,51.00000,,20.00000,0.76653,1
201,1824,326.84299,12.16000,1.85067,21.49465,51.00000,,20.00000,0.76651,1
201,1825,327.00601,12.16667,1.85088,21.49266,52.00000,,20.00000,0.76649,1
201,1826,327.17999,12.17333,1.85119,21.48962,52.00000,,20.00000,0.76647,1
201,1827,327.34799,12.18000,1.85155,21.48398,49.00000,,20.00000,0.76644,1
201,1828,327.51099,12.18667,1.85166,21.47987,49.00000,,20.00000,0.76642,1
201,1829,327.68701,12.19333,1.85171,21.47680,49.00000,,20.00000,0.76640,1
201,1830,327.85699,12.20000,1.85182,21.47691,50.00000,,20.00000,0.76638,1
201,1831,328.03299,12.20667,1.85219,21.47702,50.00000,,20.00000,0.76636,1
201,1832,328.20499,12.21333,1.85229,21.47553,50.00000,,20.00000,0.76633,1
201,1833,328.37900,12.22000,1.85250,21.47352,49.00000,,20.00000,0.76631,1
201,1834,328.54999,12.22667,1.85266,21.47152,49.00000,,20.00000,0.76629,1
201,1835,328.72501,12.23333,1.85298,21.46951,49.00000,,20.00000,0.76626,1
201,1836,328.88800,12.24000,1.85355,21.46751,51.00000,,20.00000,0.76624,1
201,1837,329.07101,12.24667,1.85376,21.46656,52.00000,,20.00000,0.76622,1
201,1838,329.23401,12.25333,1.85402,21.46456,52.00000,,20.00000,0.76620,1
201,1839,329.39899,12.26000,1.85444,21.46151,49.00000,,20.00000,0.76618,1
201,1840,329.57700,12.26667,1.85460,21.45794,49.00000,,20.00000,0.76615,1
201,1841,329.74301,12.27333,1.85466,21.45593,50.00000,,20.00000,0.76613,1
201,1842,329.91699,12.28000,1.85476,21.45340,50.00000,,20.00000,0.76611,1
201,1843,330.08899,12.28667,1.85503,21.44930,52.00000,,20.00000,0.76608,1
201,1844,330.26801,12.29333,1.85566,21.44572,52.00000,,20.00000,0.76606,1
201,1845,330.43600,12.30000,1.85571,21.44264,49.00000,,20.00000,0.76604,1
201,1846,330.60501,12.30667,1.85603,21.44164,49.00000,,20.00000,0.76601,1
201,1847,330.77899,12.31333,1.85624,21.44175,49.00000,,20.00000,0.76599,1
201,1848,330.94400,12.32000,1.85656,21.44134,50.00000,,20.00000,0.76597,1
201,1849,331.12100,12.32667,1.85687,21.43934,50.00000,,20.00000,0.76594,1
201,1850,331.29401,12.33333,1.85709,21.43785,50.00000,,20.00000,0.76592,1
201,1851,331.45801,12.34000,1.85719,21.43585,50.00000,,20.00000,0.76590,1
201,1852,331.63101,12.34667,1.85741,21.43437,49.00000,,20.00000,0.76587,1
201,1853,331.80301,12.35333,1.85752,21.43236,49.00000,,20.00000,0.76585,1
201,1854,331.96201,12.36000,1.85767,21.43140,51.00000,,20.00000,0.76583,1
201,1855,332.14899,12.36667,1.85815,21.42991,51.00000,,20.00000,0.76580,1
201,1856,332.31601,12.37333,1.85836,21.42791,52.00000,,20.00000,0.76578,1
201,1857,332.48901,12.38000,1.85858,21.42640,49.00000,,20.00000,0.76576,1
201,1858,332.64600,12.38667,1.85889,21.42489,49.00000,,20.00000,0.76574,1
201,1859,332.82300,12.39333,1.85916,21.42291,49.00000,,20.00000,0.76571,1
201,1860,332.99200,12.40000,1.85948,21.42040,49.00000,,20.00000,0.76569,1
201,1861,333.17001,12.40667,1.85969,21.41892,49.00000,,20.00000,0.76566,1
201,1862,333.33899,12.41333,1.85980,21.41482,50.00000,,20.00000,0.76564,1
201,1863,333.50299,12.42000,1.85996,21.41229,50.00000,,20.00000,0.76562,1
201,1864,333.67899,12.42667,1.86038,21.41081,50.00000,,20.00000,0.76559,1
201,1865,333.84601,12.43333,1.86070,21.40985,50.00000,,20.00000,0.76557,1
201,1866,334.01199,12.44000,1.86081,21.40888,50.00000,,20.00000,0.76555,1
201,1867,334.18900,12.44667,1.86108,21.40740,50.00000,,20.00000,0.76552,1
201,1868,334.35400,12.45333,1.86129,21.40591,50.00000,,20.00000,0.76550,1
201,1869,334.52701,12.46000,1.86156,21.40285,50.00000,,20.00000,0.76547,1
201,1870,334.69901,12.46667,1.86224,21.39928,49.00000,,20.00000,0.76545,1
201,1871,334.86600,12.47333,1.86240,21.39623,49.00000,,20.00000,0.76542,1
201,1872,335.03900,12.48000,1.86267,21.39370,50.00000,,20.00000,0.76540,1
201,1873,335.20099,12.48667,1.86289,21.39221,50.00000,,20.00000,0.76538,1
201,1874,335.37399,12.49333,1.86305,21.39226,50.00000,,20.00000,0.76535,1
201,1875,335.54901,12.50000,1.86321,21.39127,50.00000,,20.00000,0.76533,1
201,1876,335.71899,12.50667,1.86348,21.38929,50.00000,,20.00000,0.76530,1
201,1877,335.88300,12.51333,1.86380,21.38731,50.00000,,20.00000,0.76528,1
201,1878,336.04999,12.52000,1.86407,21.38530,49.00000,,20.00000,0.76526,1
201,1879,336.22601,12.52667,1.86428,21.38329,49.00000,,20.00000,0.76523,1
201,1880,336.39001,12.53333,1.86450,21.38180,51.00000,,20.00000,0.76521,1
201,1881,336.56699,12.54000,1.86477,21.38031,51.00000,,20.00000,0.76518,1
201,1882,336.73300,12.54667,1.86498,21.37830,52.00000,,20.00000,0.76516,1
201,1883,336.90399,12.55333,1.86504,21.37629,52.00000,,20.00000,0.76513,1
201,1884,337.07001,12.56000,1.86536,21.37376,49.00000,,20.00000,0.76511,1
201,1885,337.24200,12.56667,1.86568,21.37174,49.00000,,20.00000,0.76508,1
201,1886,337.41000,12.57333,1.86595,21.36970,50.00000,,20.00000,0.76506,1
201,1887,337.57901,12.58000,1.86622,21.36558,50.00000,,20.00000,0.76503,1
201,1888,337.75400,12.58667,1.86654,21.36203,50.00000,,20.00000,0.76501,1
201,1889,337.91901,12.59333,1.86655,21.35848,50.00000,,20.00000,0.76498,1
201,1890,338.08499,12.60000,1.86672,21.35700,50.00000,,20.00000,0.76496,1
201,1891,338.25400,12.60667,1.86709,21.35708,49.00000,,20.00000,0.76493,1
201,1892,338.42700,12.61333,1.86752,21.35716,50.00000,,20.00000,0.76491,1
201,1893,338.58701,12.62000,1.86783,21.35672,50.00000,,20.00000,0.76489,1
201,1894,338.76401,12.62667,1.86795,21.35680,50.00000,,20.00000,0.76486,1
201,1895,338.92999,12.63333,1.86817,21.35583,50.00000,,20.00000,0.76483,1
201,1896,339.10001,12.64000,1.86838,21.35433,50.00000,,20.00000,0.76481,1
201,1897,339.26599,12.64667,1.86860,21.35284,49.00000,,20.00000,0.76478,1
201,1898,339.43799,12.65333,1.86877,21.35186,49.00000,,20.00000,0.76476,1
201,1899,339.61099,12.66000,1.86914,21.34828,50.00000,,20.00000,0.76473,1
201,1900,339.78101,12.66667,1.86936,21.34522,50.00000,,20.00000,0.76471,1
201,1901,339.95001,12.67333,1.86958,21.34320,51.00000,,20.00000,0.76468,1
201,1902,340.11700,12.68000,1.86985,21.34015,51.00000,,20.00000,0.76466,1
201,1903,340.28201,12.68667,1.87012,21.33811,49.00000,,20.00000,0.76463,1
201,1904,340.44901,12.69333,1.87044,21.33608,49.00000,,20.00000,0.76461,1
201,1905,340.62500,12.70000,1.87061,21.33514,49.00000,,20.00000,0.76458,1
201,1906,340.78699,12.70667,1.87145,21.33315,49.00000,,20.00000,0.76456,1
201,1907,340.95300,12.71333,1.87167,21.33166,50.00000,,20.00000,0.76453,1
201,1908,341.12601,12.72000,1.87168,21.32755,50.00000,,20.00000,0.76450,1
201,1909,341.29700,12.72667,1.87190,21.32395,52.00000,,20.00000,0.76448,1
201,1910,341.46399,12.73333,1.87207,21.32035,49.00000,,20.00000,0.76445,1
201,1911,341.63300,12.74000,1.87239,21.31728,49.00000,,20.00000,0.76443,1
201,1912,341.81699,12.74667,1.87278,21.31682,49.00000,,20.00000,0.76440,1
201,1913,341.97900,12.75333,1.87305,21.31689,50.00000,,20.00000,0.76437,1
201,1914,342.14600,12.76000,1.87332,21.31696,50.00000,,20.00000,0.76435,1
201,1915,342.31000,12.76667,1.87354,21.31651,50.00000,,20.00000,0.76432,1
201,1916,342.48999,12.77333,1.87386,21.31554,50.00000,,20.00000,0.76430,1
201,1917,342.64499,12.78000,1.87403,21.31403,49.00000,,20.00000,0.76427,1
201,1918,342.81601,12.78667,1.87430,21.31253,49.00000,,20.00000,0.76425,1
201,1919,342.99899,12.79333,1.87468,21.31103,51.00000,,20.00000,0.76422,1
201,1920,343.16000,12.80000,1.87495,21.30949,51.00000,,20.00000,0.76419,1
201,1921,343.32901,12.80667,1.87507,21.30848,52.00000,,20.00000,0.76417,1
201,1922,343.50500,12.81333,1.87529,21.30648,52.00000,,20.00000,0.76414,1
201,1923,343.66800,12.82000,1.87551,21.30448,49.00000,,20.00000,0.76411,1
201,1924,343.84100,12.82667,1.87568,21.30298,49.00000,,20.00000,0.76409,1
201,1925,344.00699,12.83333,1.87642,21.30043,49.00000,,20.00000,0.76406,1
201,1926,344.17401,12.84000,1.87659,21.29841,49.00000,,20.00000,0.76403,1
201,1927,344.35199,12.84667,1.87677,21.29691,51.00000,,20.00000,0.76401,1
201,1928,344.51401,12.85333,1.87699,21.29594,50.00000,,20.00000,0.76398,1
201,1929,344.68399,12.86000,1.87716,21.29445,49.00000,,20.00000,0.76395,1
201,1930,344.85101,12.86667,1.87727,21.29296,50.00000,,20.00000,0.76393,1
201,1931,345.01700,12.87333,1.87749,21.29147,50.00000,,20.00000,0.76390,1
201,1932,345.17599,12.88000,1.87782,21.28995,50.00000,,20.00000,0.76388,1
201,1933,345.35101,12.88667,1.87799,21.28843,50.00000,,20.00000,0.76385,1
201,1934,345.51401,12.89333,1.87821,21.28697,50.00000,,20.00000,0.76382,1
201,1935,345.68500,12.90000,1.87843,21.28341,49.00000,,20.00000,0.76379,1
201,1936,345.85901,12.90667,1.87871,21.27982,49.00000,,20.00000,0.76377,1
201,1937,346.02499,12.91333,1.87904,21.27623,49.00000,,20.00000,0.76374,1
201,1938,346.18201,12.92000,1.87936,21.27369,50.00000,,20.00000,0.76371,1
201,1939,346.35800,12.92667,1.87938,21.27271,50.00000,,20.00000,0.76369,1
201,1940,346.52600,12.93333,1.87950,21.27225,51.00000,,20.00000,0.76366,1
201,1941,346.69400,12.94000,1.87961,21.27231,51.00000,,20.00000,0.76363,1
201,1942,346.86401,12.94667,1.87973,21.27185,49.00000,,20.00000,0.76360,1
201,1943,347.03201,12.95333,1.87985,21.27086,49.00000,,20.00000,0.76358,1
201,1944,347.20599,12.96000,1.88034,21.26988,49.00000,,20.00000,0.76355,1
201,1945,347.36499,12.96667,1.88061,21.26837,51.00000,,20.00000,0.76352,1
201,1946,347.54300,12.97333,1.88079,21.26686,51.00000,,20.00000,0.76349,1
201,1947,347.70599,12.98000,1.88101,21.26588,52.00000,,20.00000,0.76347,1
201,1948,347.87299,12.98667,1.88123,21.26385,52.00000,,20.00000,0.76344,1
201,1949,348.04800,12.99333,1.88125,21.26127,49.00000,,20.00000,0.76341,1
201,1950,348.22000,13.00000,1.88132,21.25974,49.00000,,20.00000,0.76338,1
201,1951,348.37100,13.00667,1.88143,21.25722,50.00000,,20.00000,0.76336,1
201,1952,348.54599,13.01333,1.88166,21.25418,50.00000,,20.00000,0.76333,1
201,1953,348.71500,13.02000,1.88215,21.25268,50.00000,,20.00000,0.76330,1
201,1954,348.88699,13.02667,1.88248,21.25065,50.00000,,20.00000,0.76327,1
201,1955,349.04700,13.03333,1.88260,21.24966,49.00000,,20.00000,0.76325,1
201,1956,349.21500,13.04000,1.88282,21.24815,49.00000,,20.00000,0.76322,1
201,1957,349.39301,13.04667,1.88284,21.24664,49.00000,,20.00000,0.76319,1
201,1958,349.56400,13.05333,1.88291,21.24513,51.00000,,20.00000,0.76316,1
201,1959,349.73001,13.06000,1.88303,21.24415,51.00000,,20.00000,0.76314,1
201,1960,349.88901,13.06667,1.88341,21.24317,52.00000,,20.00000,0.76311,1
201,1961,350.05399,13.07333,1.88353,21.24164,52.00000,,20.00000,0.76308,1
201,1962,350.22900,13.08000,1.88386,21.24064,49.00000,,20.00000,0.76305,1
201,1963,350.39499,13.08667,1.88398,21.23865,49.00000,,20.00000,0.76302,1
201,1964,350.56201,13.09333,1.88421,21.23718,49.00000,,20.00000,0.76300,1
201,1965,350.72501,13.10000,1.88438,21.23567,49.00000,,20.00000,0.76297,1
201,1966,350.88800,13.10667,1.88440,21.23468,49.00000,,20.00000,0.76294,1
201,1967,351.06500,13.11333,1.88442,21.23318,50.00000,,20.00000,0.76291,1
201,1968,351.23401,13.12000,1.88454,21.23167,50.00000,,20.00000,0.76288,1
201,1969,351.39401,13.12667,1.88471,21.23016,50.00000,,20.00000,0.76286,1
201,1970,351.57199,13.13333,1.88484,21.22760,49.00000,,20.00000,0.76283,1
201,1971,351.73300,13.14000,1.88506,21.22505,49.00000,,20.00000,0.76280,1
201,1972,351.89999,13.14667,1.88565,21.22250,49.00000,,20.00000,0.76277,1
201,1973,352.07199,13.15333,1.88578,21.21996,50.00000,,20.00000,0.76274,1
201,1974,352.23700,13.16000,1.88580,21.21793,50.00000,,20.00000,0.76271,1
201,1975,352.39700,13.16667,1.88592,21.21747,50.00000,,20.00000,0.76269,1
201,1976,352.56601,13.17333,1.88609,21.21753,49.00000,,20.00000,0.76266,1
201,1977,352.73199,13.18000,1.88621,21.21706,49.00000,,20.00000,0.76263,1
201,1978,352.90399,13.18667,1.88644,21.21607,51.00000,,20.00000,0.76260,1
201,1979,353.07901,13.19333,1.88667,21.21508,50.00000,,20.00000,0.76257,1
201,1980,353.24301,13.20000,1.88680,21.21357,50.00000,,20.00000,0.76254,1
201,1981,353.40900,13.20667,1.88687,21.21207,50.00000,,20.00000,0.76251,1
201,1982,353.57700,13.21333,1.88699,21.21110,49.00000,,20.00000,0.76248,1
201,1983,353.73199,13.22000,1.88701,21.20960,49.00000,,20.00000,0.76246,1
201,1984,353.90201,13.22667,1.88713,21.20810,50.00000,,20.00000,0.76243,1
201,1985,354.07401,13.23333,1.88731,21.20660,50.00000,,20.00000,0.76240,1
201,1986,354.23099,13.24000,1.88753,21.20509,51.00000,,20.00000,0.76237,1
201,1987,354.40302,13.24667,1.88766,21.20358,51.00000,,20.00000,0.76234,1
201,1988,354.57300,13.25333,1.88773,21.20155,49.00000,,20.00000,0.76231,1
201,1989,354.73599,13.26000,1.88791,21.19951,49.00000,,20.00000,0.76228,1
201,1990,354.90399,13.26667,1.88814,21.19800,50.00000,,20.00000,0.76225,1
201,1991,355.07401,13.27333,1.88821,21.19700,50.00000,,20.00000,0.76222,1
201,1992,355.24100,13.28000,1.88828,21.19548,50.00000,,20.00000,0.76220,1
201,1993,355.40900,13.28667,1.88846,21.19396,50.00000,,20.00000,0.76217,1
201,1994,355.57599,13.29333,1.88853,21.19297,49.00000,,20.00000,0.76214,1
201,1995,355.75000,13.30000,1.88871,21.19145,50.00000,,20.00000,0.76211,1
201,1996,355.91299,13.30667,1.88905,21.19046,49.00000,,20.00000,0.76208,1
201,1997,356.07800,13.31333,1.88933,21.18946,49.00000,,20.00000,0.76205,1
201,1998,356.25000,13.32000,1.88951,21.18848,50.00000,,20.00000,0.76202,1
201,1999,356.42300,13.32667,1.88932,21.18749,50.00000,,20.00000,0.76199,1
201,2000,356.57300,13.33333,1.88939,21.18597,50.00000,,20.00000,0.76196,1
201,2001,356.74701,13.34000,1.88962,21.18237,50.00000,,20.00000,0.76193,1
201,2002,356.91599,13.34667,1.88975,21.17981,49.00000,,20.00000,0.76190,1
201,2003,357.08801,13.35333,1.88988,21.17777,49.00000,,20.00000,0.76187,1
201,2004,357.25201,13.36000,1.89005,21.17521,51.00000,,20.00000,0.76184,1
201,2005,357.41101,13.36667,1.89012,21.17317,51.00000,,20.00000,0.76181,1
201,2006,357.58899,13.37333,1.89036,21.17270,52.00000,,20.00000,0.76178,1
201,2007,357.75201,13.38000,1.89043,21.17222,52.00000,,20.00000,0.76175,1
201,2008,357.92200,13.38667,1.89051,21.17175,52.00000,,20.00000,0.76172,1
201,2009,358.08600,13.39333,1.89068,21.17076,49.00000,,20.00000,0.76169,1
201,2010,358.25299,13.40000,1.89065,21.16976,49.00000,,20.00000,0.76166,1
201,2011,358.42300,13.40667,1.89068,21.16825,50.00000,,20.00000,0.76163,1
201,2012,358.58600,13.41333,1.89091,21.16725,50.00000,,20.00000,0.76160,1
201,2013,358.75201,13.42000,1.89109,21.16573,50.00000,,20.00000,0.76157,1
201,2014,358.92700,13.42667,1.89111,21.16473,51.00000,,20.00000,0.76154,1
201,2015,359.09399,13.43333,1.89119,21.16322,51.00000,,20.00000,0.76151,1
201,2016,359.26001,13.44000,1.89126,21.16223,49.00000,,20.00000,0.76148,1
201,2017,359.42599,13.44667,1.89144,21.16176,49.00000,,20.00000,0.76145,1
201,2018,359.57999,13.45333,1.89157,21.16129,50.00000,,20.00000,0.76142,1
201,2019,359.75400,13.46000,1.89164,21.16031,50.00000,,20.00000,0.76139,1
201,2020,359.92499,13.46667,1.89167,21.15879,49.00000,,20.00000,0.76136,1
201,2021,360.08499,13.47333,1.89169,21.15780,49.00000,,20.00000,0.76133,1
201,2022,360.26001,13.48000,1.89166,21.15680,49.00000,,20.00000,0.76130,1
201,2023,360.41101,13.48667,1.89163,21.15580,49.00000,,20.00000,0.76127,1
201,2024,360.58899,13.49333,1.89181,21.15323,49.00000,,20.00000,0.76124,1
201,2025,360.75800,13.50000,1.89205,21.15170,50.00000,,20.00000,0.76120,1
201,2026,360.93100,13.50667,1.89202,21.15018,50.00000,,20.00000,0.76117,1
201,2027,361.08899,13.51333,1.89215,21.14657,49.00000,,20.00000,0.76114,1
201,2028,361.26401,13.52000,1.89223,21.14454,49.00000,,20.00000,0.76111,1
201,2029,361.42499,13.52667,1.89225,21.14250,50.00000,,20.00000,0.76108,1
201,2030,361.59100,13.53333,1.89222,21.14099,50.00000,,20.00000,0.76105,1
201,2031,361.74701,13.54000,1.89235,21.13948,51.00000,,20.00000,0.76102,1
201,2032,361.92401,13.54667,1.89253,21.13797,51.00000,,20.00000,0.76099,1
201,2033,362.08200,13.55333,1.89255,21.13645,51.00000,,20.00000,0.76096,1
201,2034,362.26099,13.56000,1.89269,21.13337,51.00000,,20.00000,0.76093,1
201,2035,362.41501,13.56667,1.89281,21.13029,49.00000,,20.00000,0.76090,1
201,2036,362.58200,13.57333,1.89284,21.12772,49.00000,,20.00000,0.76087,1
201,2037,362.74500,13.58000,1.89291,21.12463,50.00000,,20.00000,0.76084,1
201,2038,362.92300,13.58667,1.89284,21.12311,50.00000,,20.00000,0.76080,1
201,2039,363.08600,13.59333,1.89302,21.12263,50.00000,,20.00000,0.76077,1
201,2040,363.25000,13.60000,1.89320,21.12162,50.00000,,20.00000,0.76074,1
201,2041,363.41599,13.60667,1.89338,21.12009,49.00000,,20.00000,0.76071,1
201,2042,363.58600,13.61333,1.89346,21.11856,49.00000,,20.00000,0.76068,1
201,2043,363.76300,13.62000,1.89349,21.11651,51.00000,,20.00000,0.76064,1
201,2044,363.92599,13.62667,1.89352,21.11499,51.00000,,20.00000,0.76061,1
201,2045,364.09399,13.63333,1.89360,21.11348,52.00000,,20.00000,0.76058,1
201,2046,364.25299,13.64000,1.89352,21.11197,52.00000,,20.00000,0.76055,1
201,2047,364.41699,13.64667,1.89354,21.11150,49.00000,,20.00000,0.76052,1
201,2048,364.57999,13.65333,1.89367,21.11103,49.00000,,20.00000,0.76049,1
201,2049,364.74301,13.66000,1.89390,21.11004,51.00000,,20.00000,0.76046,1
201,2050,364.91800,13.66667,1.89404,21.10852,51.00000,,20.00000,0.76043,1
201,2051,365.07599,13.67333,1.89406,21.10543,52.00000,,20.00000,0.76039,1
201,2052,365.25101,13.68000,1.89409,21.10286,52.00000,,20.00000,0.76036,1
201,2053,365.41000,13.68667,1.89412,21.10081,49.00000,,20.00000,0.76033,1
201,2054,365.57501,13.69333,1.89420,21.09928,49.00000,,20.00000,0.76030,1
201,2055,365.75000,13.70000,1.89433,21.09828,50.00000,,20.00000,0.76027,1
201,2056,365.91800,13.70667,1.89441,21.09676,50.00000,,20.00000,0.76023,1
201,2057,366.08200,13.71333,1.89444,21.09523,50.00000,,20.00000,0.76020,1
201,2058,366.24799,13.72000,1.89447,21.09372,50.00000,,20.00000,0.76017,1
201,2059,366.41101,13.72667,1.89465,21.09272,50.00000,,20.00000,0.76014,1
201,2060,366.57700,13.73333,1.89468,21.09173,49.00000,,20.00000,0.76011,1
201,2061,366.73599,13.74000,1.89481,21.09022,49.00000,,20.00000,0.76008,1
201,2062,366.90601,13.74667,1.89484,21.08922,51.00000,,20.00000,0.76004,1
201,2063,367.07401,13.75333,1.89476,21.08666,52.00000,,20.00000,0.76001,1
201,2064,367.23499,13.76000,1.89463,21.08409,52.00000,,20.00000,0.75998,1
201,2065,367.40302,13.76667,1.89481,21.08152,49.00000,,20.00000,0.75995,1
201,2066,367.56699,13.77333,1.89484,21.07948,49.00000,,20.00000,0.75991,1
201,2067,367.73499,13.78000,1.89492,21.07743,49.00000,,20.00000,0.75988,1
201,2068,367.90100,13.78667,1.89527,21.07591,49.00000,,20.00000,0.75985,1
201,2069,368.06900,13.79333,1.89524,21.07596,50.00000,,20.00000,0.75982,1
201,2070,368.22900,13.80000,1.89511,21.07548,50.00000,,20.00000,0.75978,1
201,2071,368.39899,13.80667,1.89498,21.07552,50.00000,,20.00000,0.75975,1
201,2072,368.55899,13.81333,1.89512,21.07504,50.00000,,20.00000,0.75972,1
201,2073,368.72800,13.82000,1.89525,21.07403,50.00000,,20.00000,0.75969,1
201,2074,368.89801,13.82667,1.89539,21.07303,49.00000,,20.00000,0.75965,1
201,2075,369.06299,13.83333,1.89547,21.07202,49.00000,,20.00000,0.75962,1
201,2076,369.22501,13.84000,1.89560,21.07101,50.00000,,20.00000,0.75959,1
201,2077,369.39899,13.84667,1.89553,21.07000,50.00000,,20.00000,0.75955,1
201,2078,369.56299,13.85333,1.89551,21.06899,50.00000,,20.00000,0.75952,1
201,2079,369.73001,13.86000,1.89548,21.06799,49.00000,,20.00000,0.75949,1
201,2080,369.89499,13.86667,1.89556,21.06542,49.00000,,20.00000,0.75946,1
201,2081,370.06000,13.87333,1.89570,21.06390,49.00000,,20.00000,0.75942,1
201,2082,370.22501,13.88000,1.89562,21.06237,50.00000,,20.00000,0.75939,1
201,2083,370.38599,13.88667,1.89586,21.05876,50.00000,,20.00000,0.75936,1
201,2084,370.55200,13.89333,1.89610,21.05670,50.00000,,20.00000,0.75933,1
201,2085,370.72601,13.90000,1.89608,21.05517,49.00000,,20.00000,0.75929,1
201,2086,370.89301,13.90667,1.89606,21.05416,49.00000,,20.00000,0.75926,1
201,2087,371.05499,13.91333,1.89604,21.05264,51.00000,,20.00000,0.75922,1
201,2088,371.23001,13.92000,1.89602,21.05111,51.00000,,20.00000,0.75919,1
201,2089,371.37799,13.92667,1.89604,21.04958,52.00000,,20.00000,0.75916,1
201,2090,371.55499,13.93333,1.89613,21.04858,52.00000,,20.00000,0.75912,1
201,2091,371.71201,13.94000,1.89616,21.04706,52.00000,,20.00000,0.75909,1
201,2092,371.89301,13.94667,1.89635,21.04554,49.00000,,20.00000,0.75906,1
201,2093,372.04401,13.95333,1.89643,21.04454,49.00000,,20.00000,0.75903,1
201,2094,372.21399,13.96000,1.89662,21.04146,50.00000,,20.00000,0.75899,1
201,2095,372.37299,13.96667,1.89675,21.03889,50.00000,,20.00000,0.75896,1
201,2096,372.53699,13.97333,1.89684,21.03632,50.00000,,20.00000,0.75893,1
201,2097,372.70099,13.98000,1.89682,21.03427,50.00000,,20.00000,0.75889,1
201,2098,372.87601,13.98667,1.89680,21.03169,49.00000,,20.00000,0.75886,1
201,2099,373.03000,13.99333,1.89693,21.03119,49.00000,,20.00000,0.75883,1
201,2100,373.21100,14.00000,1.89708,21.03018,51.00000,,20.00000,0.75879,1
201,2101,373.37500,14.00667,1.89705,21.02916,49.00000,,20.00000,0.75875,1
201,2102,373.53601,14.01333,1.89708,21.02762,50.00000,,20.00000,0.75872,1
201,2103,373.70599,14.02000,1.89717,21.02661,50.00000,,20.00000,0.75869,1
201,2104,373.87601,14.02667,1.89721,21.02508,49.00000,,20.00000,0.75865,1
201,2105,374.04001,14.03333,1.89718,21.02355,49.00000,,20.00000,0.75862,1
201,2106,374.20099,14.04000,1.89711,21.02202,49.00000,,20.00000,0.75859,1
201,2107,374.37399,14.04667,1.89709,21.02050,49.00000,,20.00000,0.75855,1
201,2108,374.53299,14.05333,1.89654,21.02002,51.00000,,20.00000,0.75852,1
201,2109,374.70001,14.06000,1.89674,21.01955,51.00000,,20.00000,0.75848,1
201,2110,374.85800,14.06667,1.89698,21.01855,51.00000,,20.00000,0.75845,1
201,2111,375.01999,14.07333,1.89727,21.01755,51.00000,,20.00000,0.75842,1
201,2112,375.19101,14.08000,1.89731,21.01655,49.00000,,20.00000,0.75838,1
201,2113,375.35501,14.08667,1.89734,21.01293,49.00000,,20.00000,0.75835,1
201,2114,375.51801,14.09333,1.89742,21.01139,50.00000,,20.00000,0.75831,1
201,2115,375.68600,14.10000,1.89746,21.00985,50.00000,,20.00000,0.75828,1
201,2116,375.84698,14.10667,1.89759,21.00832,50.00000,,20.00000,0.75825,1
201,2117,376.02200,14.11333,1.89768,21.00730,52.00000,,20.00000,0.75821,1
201,2118,376.18701,14.12000,1.89788,21.00576,49.00000,,20.00000,0.75817,1
201,2119,376.35300,14.12667,1.89796,21.00475,49.00000,,20.00000,0.75814,1
201,2120,376.51999,14.13333,1.89800,21.00322,50.00000,,20.00000,0.75810,1
201,2121,376.68701,14.14000,1.89788,21.00222,50.00000,,20.00000,0.75807,1
201,2122,376.84698,14.14667,1.89796,21.00123,50.00000,,20.00000,0.75804,1
201,2123,377.00400,14.15333,1.89799,21.00023,50.00000,,20.00000,0.75800,1
201,2124,377.17099,14.16000,1.89808,20.99923,49.00000,,20.00000,0.75797,1
201,2125,377.33200,14.16667,1.89811,20.99770,49.00000,,20.00000,0.75793,1
201,2126,377.49701,14.17333,1.89814,20.99460,49.00000,,20.00000,0.75790,1
201,2127,377.67099,14.18000,1.89813,20.99255,51.00000,,20.00000,0.75786,1
201,2128,377.82800,14.18667,1.89811,20.99049,51.00000,,20.00000,0.75783,1
201,2129,378.00400,14.19333,1.89820,20.98843,52.00000,,20.00000,0.75779,1
201,2130,378.16501,14.20000,1.89839,20.98585,49.00000,,20.00000,0.75776,1
201,2131,378.32501,14.20667,1.89853,20.98485,49.00000,,20.00000,0.75772,1
201,2132,378.49301,14.21333,1.89867,20.98489,50.00000,,20.00000,0.75769,1
201,2133,378.66299,14.22000,1.89876,20.98441,50.00000,,20.00000,0.75765,1
201,2134,378.82199,14.22667,1.89879,20.98393,50.00000,,20.00000,0.75762,1
201,2135,378.97900,14.23333,1.89877,20.98240,51.00000,,20.00000,0.75759,1
201,2136,379.14801,14.24000,1.89871,20.98140,49.00000,,20.00000,0.75755,1
201,2137,379.31000,14.24667,1.89869,20.98040,49.00000,,20.00000,0.75751,1
201,2138,379.48199,14.25333,1.89873,20.97887,49.00000,,20.00000,0.75748,1
201,2139,379.64301,14.26000,1.89871,20.97787,50.00000,,20.00000,0.75744,1
201,2140,379.80200,14.26667,1.89890,20.97634,50.00000,,20.00000,0.75741,1
201,2141,379.96301,14.27333,1.89893,20.97533,50.00000,,20.00000,0.75737,1
201,2142,380.13101,14.28000,1.89897,20.97432,50.00000,,20.00000,0.75734,1
201,2143,380.29999,14.28667,1.89901,20.97331,49.00000,,20.00000,0.75730,1
201,2144,380.47000,14.29333,1.89915,20.97229,49.00000,,20.00000,0.75727,1
201,2145,380.62500,14.30000,1.89929,20.97128,50.00000,,20.00000,0.75723,1
201,2146,380.79599,14.30667,1.89944,20.96765,50.00000,,20.00000,0.75720,1
201,2147,380.95999,14.31333,1.89958,20.96612,52.00000,,20.00000,0.75716,1
201,2148,381.12500,14.32000,1.89967,20.96458,52.00000,,20.00000,0.75712,1
201,2149,381.28900,14.32667,1.89981,20.96305,49.00000,,20.00000,0.75709,1
201,2150,381.45999,14.33333,1.89995,20.96204,49.00000,,20.00000,0.75705,1
201,2151,381.61801,14.34000,1.89999,20.96103,49.00000,,20.00000,0.75702,1
201,2152,381.78601,14.34667,1.89940,20.96003,51.00000,,20.00000,0.75698,1
201,2153,381.93900,14.35333,1.89937,20.95850,51.00000,,20.00000,0.75695,1
201,2154,382.11401,14.36000,1.89978,20.95749,51.00000,,20.00000,0.75691,1
201,2155,382.28201,14.36667,1.90009,20.95649,51.00000,,20.00000,0.75687,1
201,2156,382.43100,14.37333,1.90022,20.95547,51.00000,,20.00000,0.75684,1
201,2157,382.59900,14.38000,1.90021,20.95394,49.00000,,20.00000,0.75680,1
201,2158,382.76999,14.38667,1.90036,20.95292,49.00000,,20.00000,0.75677,1
201,2159,382.93301,14.39333,1.90045,20.95138,50.00000,,20.00000,0.75673,1
201,2160,383.09698,14.40000,1.90054,20.95035,50.00000,,20.00000,0.75669,1
201,2161,383.27200,14.40667,1.90063,20.94881,49.00000,,20.00000,0.75666,1
201,2162,383.43399,14.41333,1.90062,20.94675,49.00000,,20.00000,0.75662,1
201,2163,383.59799,14.42000,1.90076,20.94312,49.00000,,20.00000,0.75658,1
201,2164,383.76300,14.42667,1.90090,20.94055,49.00000,,20.00000,0.75655,1
201,2165,383.92700,14.43333,1.90110,20.93797,50.00000,,20.00000,0.75651,1
201,2166,384.09201,14.44000,1.90130,20.93592,50.00000,,20.00000,0.75647,1
201,2167,384.25201,14.44667,1.90128,20.93492,50.00000,,20.00000,0.75644,1
201,2168,384.41699,14.45333,1.90122,20.93443,50.00000,,20.00000,0.75640,1
201,2169,384.57700,14.46000,1.90125,20.93394,50.00000,,20.00000,0.75637,1
201,2170,384.74100,14.46667,1.90134,20.93345,49.00000,,20.00000,0.75633,1
201,2171,384.90500,14.47333,1.90133,20.93295,51.00000,,20.00000,0.75629,1
201,2172,385.07800,14.48000,1.90132,20.93194,51.00000,,20.00000,0.75626,1
201,2173,385.24399,14.48667,1.90141,20.93092,51.00000,,20.00000,0.75622,1
201,2174,385.40701,14.49333,1.90161,20.92990,52.00000,,20.00000,0.75618,1
201,2175,385.56799,14.50000,1.90170,20.92888,49.00000,,20.00000,0.75615,1
201,2176,385.74100,14.50667,1.90164,20.92787,49.00000,,20.00000,0.75611,1
201,2177,385.89200,14.51333,1.90173,20.92685,50.00000,,20.00000,0.75607,1
201,2178,386.06400,14.52000,1.90161,20.92583,50.00000,,20.00000,0.75603,1
201,2179,386.23801,14.52667,1.90171,20.92482,50.00000,,20.00000,0.75600,1
201,2180,386.39801,14.53333,1.90175,20.92380,50.00000,,20.00000,0.75596,1
201,2181,386.55600,14.54000,1.90194,20.92279,49.00000,,20.00000,0.75592,1
201,2182,386.72501,14.54667,1.90204,20.92177,49.00000,,20.00000,0.75589,1
201,2183,386.88501,14.55333,1.90213,20.92024,49.00000,,20.00000,0.75585,1
201,2184,387.05099,14.56000,1.90228,20.91922,51.00000,,20.00000,0.75581,1
201,2185,387.22000,14.56667,1.90243,20.91821,51.00000,,20.00000,0.75577,1
201,2186,387.37799,14.57333,1.90241,20.91720,52.00000,,20.00000,0.75574,1
201,2187,387.54599,14.58000,1.90256,20.91566,49.00000,,20.00000,0.75570,1
201,2188,387.70901,14.58667,1.90292,20.91517,49.00000,,20.00000,0.75566,1
201,2189,387.87399,14.59333,1.90291,20.91416,51.00000,,20.00000,0.75563,1
201,2190,388.03400,14.60000,1.90289,20.91315,51.00000,,20.00000,0.75559,1
201,2191,388.20200,14.60667,1.90288,20.91214,51.00000,,20.00000,0.75555,1
201,2192,388.36200,14.61333,1.90297,20.91165,52.00000,,20.00000,0.75551,1
201,2193,388.52301,14.62000,1.90307,20.91063,52.00000,,20.00000,0.75548,1
201,2194,388.69000,14.62667,1.90316,20.91014,49.00000,,20.00000,0.75544,1
201,2195,388.86099,14.63333,1.90326,20.90913,49.00000,,20.00000,0.75540,1
201,2196,389.01901,14.64000,1.90335,20.90864,50.00000,,20.00000,0.75536,1
201,2197,389.19000,14.64667,1.90350,20.90762,50.00000,,20.00000,0.75533,1
201,2198,389.34000,14.65333,1.90370,20.90661,50.00000,,20.00000,0.75529,1
201,2199,389.51001,14.66000,1.90385,20.90611,49.00000,,20.00000,0.75525,1
201,2200,389.67300,14.66667,1.90389,20.90510,49.00000,,20.00000,0.75521,1
201,2201,389.84601,14.67333,1.90399,20.90460,49.00000,,20.00000,0.75517,1
201,2202,390.00201,14.68000,1.90408,20.90358,50.00000,,20.00000,0.75514,1
201,2203,390.16901,14.68667,1.90423,20.90309,50.00000,,20.00000,0.75510,1
201,2204,390.34100,14.69333,1.90438,20.90155,51.00000,,20.00000,0.75506,1
201,2205,390.49399,14.70000,1.90442,20.90001,50.00000,,20.00000,0.75503,1
201,2206,390.66101,14.70667,1.90452,20.89899,50.00000,,20.00000,0.75499,1
201,2207,390.82700,14.71333,1.90461,20.89797,50.00000,,20.00000,0.75495,1
201,2208,390.98599,14.72000,1.90465,20.89695,49.00000,,20.00000,0.75491,1
201,2209,391.15799,14.72667,1.90449,20.89594,49.00000,,20.00000,0.75487,1
201,2210,391.32999,14.73333,1.90470,20.89492,51.00000,,20.00000,0.75483,1
201,2211,391.48199,14.74000,1.90489,20.89391,51.00000,,20.00000,0.75480,1
201,2212,391.63901,14.74667,1.90493,20.89289,51.00000,,20.00000,0.75476,1
201,2213,391.80701,14.75333,1.90503,20.89188,51.00000,,20.00000,0.75472,1
201,2214,391.97900,14.76000,1.90524,20.89086,49.00000,,20.00000,0.75468,1
201,2215,392.13599,14.76667,1.90544,20.88932,49.00000,,20.00000,0.75464,1
201,2216,392.30399,14.77333,1.90559,20.88777,50.00000,,20.00000,0.75460,1
201,2217,392.47101,14.78000,1.90564,20.88623,50.00000,,20.00000,0.75456,1
201,2218,392.62701,14.78667,1.90578,20.88468,50.00000,,20.00000,0.75453,1
201,2219,392.79599,14.79333,1.90599,20.88314,50.00000,,20.00000,0.75449,1
201,2220,392.96799,14.80000,1.90609,20.88108,50.00000,,20.00000,0.75445,1
201,2221,393.12399,14.80667,1.90613,20.87954,50.00000,,20.00000,0.75441,1
201,2222,393.29099,14.81333,1.90612,20.87904,50.00000,,20.00000,0.75437,1
201,2223,393.45300,14.82000,1.90622,20.87854,50.00000,,20.00000,0.75433,1
201,2224,393.61700,14.82667,1.90632,20.87752,50.00000,,20.00000,0.75429,1
201,2225,393.78201,14.83333,1.90642,20.87755,50.00000,,20.00000,0.75426,1
201,2226,393.94501,14.84000,1.90662,20.87705,49.00000,,20.00000,0.75422,1
201,2227,394.11401,14.84667,1.90672,20.87656,49.00000,,20.00000,0.75418,1
201,2228,394.27200,14.85333,1.90666,20.87553,50.00000,,20.00000,0.75414,1
201,2229,394.43399,14.86000,1.90681,20.87504,50.00000,,20.00000,0.75410,1
201,2230,394.60599,14.86667,1.90691,20.87402,51.00000,,20.00000,0.75406,1
201,2231,394.77200,14.87333,1.90712,20.87301,51.00000,,20.00000,0.75402,1
201,2232,394.93399,14.88000,1.90721,20.87252,49.00000,,20.00000,0.75398,1
201,2233,395.08099,14.88667,1.90730,20.87150,49.00000,,20.00000,0.75395,1
201,2234,395.25101,14.89333,1.90735,20.87048,50.00000,,20.00000,0.75391,1
201,2235,395.42499,14.90000,1.90740,20.86999,50.00000,,20.00000,0.75386,1
201,2236,395.58099,14.90667,1.90750,20.86896,50.00000,,20.00000,0.75383,1
201,2237,395.75201,14.91333,1.90771,20.86794,50.00000,,20.00000,0.75379,1
201,2238,395.90900,14.92000,1.90796,20.86692,50.00000,,20.00000,0.75375,1
201,2239,396.07901,14.92667,1.90822,20.86642,51.00000,,20.00000,0.75371,1
201,2240,396.23801,14.93333,1.90843,20.86539,51.00000,,20.00000,0.75367,1
201,2241,396.40500,14.94000,1.90842,20.86437,49.00000,,20.00000,0.75363,1
201,2242,396.57599,14.94667,1.90858,20.86231,49.00000,,20.00000,0.75359,1
201,2243,396.73300,14.95333,1.90873,20.86077,50.00000,,20.00000,0.75355,1
201,2244,396.89801,14.96000,1.90883,20.85922,50.00000,,20.00000,0.75351,1
201,2245,397.05099,14.96667,1.90892,20.85820,50.00000,,20.00000,0.75347,1
201,2246,397.23300,14.97333,1.90909,20.85718,50.00000,,20.00000,0.75343,1
201,2247,397.39099,14.98000,1.90934,20.85564,49.00000,,20.00000,0.75339,1
201,2248,397.55499,14.98667,1.90950,20.85409,51.00000,,20.00000,0.75335,1
201,2249,397.71399,14.99333,1.90949,20.85307,51.00000,,20.00000,0.75331,1
201,2250,397.87601,15.00000,1.90964,20.85204,51.00000,,20.00000,0.75327,1
201,2251,398.04800,15.00667,1.90969,20.85050,51.00000,,20.00000,0.75323,1
201,2252,398.21100,15.01333,1.90974,20.84999,52.00000,,20.00000,0.75319,1
201,2253,398.37601,15.02000,1.90990,20.84897,49.00000,,20.00000,0.75315,1
201,2254,398.54501,15.02667,1.91005,20.84794,49.00000,,20.00000,0.75311,1
201,2255,398.70599,15.03333,1.91026,20.84745,50.00000,,20.00000,0.75307,1
201,2256,398.86099,15.04000,1.91041,20.84643,52.00000,,20.00000,0.75303,1
201,2257,399.03900,15.04667,1.91062,20.84542,52.00000,,20.00000,0.75299,1
201,2258,399.18600,15.05333,1.91082,20.84492,52.00000,,20.00000,0.75295,1
201,2259,399.35699,15.06000,1.91103,20.84390,49.00000,,20.00000,0.75291,1
201,2260,399.51801,15.06667,1.91119,20.84288,49.00000,,20.00000,0.75287,1
201,2261,399.68100,15.07333,1.91129,20.84238,50.00000,,20.00000,0.75283,1
201,2262,399.84500,15.08000,1.91144,20.84135,50.00000,,20.00000,0.75279,1
201,2263,400.01501,15.08667,1.91171,20.84032,50.00000,,20.00000,0.75275,1
201,2264,400.17801,15.09333,1.91186,20.83981,50.00000,,20.00000,0.75271,1
201,2265,400.34399,15.10000,1.91213,20.83931,49.00000,,20.00000,0.75267,1
201,2266,400.51599,15.10667,1.91213,20.83829,49.00000,,20.00000,0.75263,1
201,2267,400.66901,15.11333,1.91223,20.83779,50.00000,,20.00000,0.75259,1
201,2268,400.82599,15.12000,1.91243,20.83676,50.00000,,20.00000,0.75255,1
201,2269,400.99600,15.12667,1.91254,20.83626,51.00000,,20.00000,0.75251,1
201,2270,401.16699,15.13333,1.91270,20.83524,51.00000,,20.00000,0.75247,1
201,2271,401.32599,15.14000,1.91280,20.83473,49.00000,,20.00000,0.75243,1
201,2272,401.49899,15.14667,1.91296,20.83423,49.00000,,20.00000,0.75238,1
201,2273,401.65100,15.15333,1.91306,20.83373,49.00000,,20.00000,0.75235,1
201,2274,401.81500,15.16000,1.91321,20.83376,49.00000,,20.00000,0.75230,1
201,2275,401.97699,15.16667,1.91348,20.83326,51.00000,,20.00000,0.75226,1
201,2276,402.15100,15.17333,1.91369,20.83329,51.00000,,20.00000,0.75222,1
201,2277,402.30499,15.18000,1.91390,20.83332,51.00000,,20.00000,0.75218,1
201,2278,402.47101,15.18667,1.91411,20.83335,51.00000,,20.00000,0.75214,1
201,2279,402.62500,15.19333,1.91421,20.83233,49.00000,,20.00000,0.75210,1
201,2280,402.79999,15.20000,1.91437,20.83131,49.00000,,20.00000,0.75206,1
201,2281,402.95099,15.20667,1.91436,20.83081,50.00000,,20.00000,0.75202,1
201,2282,403.13000,15.21333,1.91447,20.83032,50.00000,,20.00000,0.75198,1
201,2283,403.28299,15.22000,1.91468,20.82930,49.00000,,20.00000,0.75194,1
201,2284,403.44400,15.22667,1.91510,20.82880,49.00000,,20.00000,0.75190,1
201,2285,403.60599,15.23333,1.91542,20.82830,49.00000,,20.00000,0.75186,1
201,2286,403.76999,15.24000,1.91568,20.82727,49.00000,,20.00000,0.75181,1
201,2287,403.94400,15.24667,1.91632,20.82678,49.00000,,20.00000,0.75177,1
201,2288,404.10699,15.25333,1.91659,20.82628,51.00000,,20.00000,0.75173,1
201,2289,404.26099,15.26000,1.91663,20.82526,52.00000,,20.00000,0.75169,1
201,2290,404.42599,15.26667,1.91658,20.82424,52.00000,,20.00000,0.75165,1
201,2291,404.57999,15.27333,1.91679,20.82269,49.00000,,20.00000,0.75161,1
201,2292,404.75800,15.28000,1.91695,20.82166,49.00000,,20.00000,0.75156,1
201,2293,404.91400,15.28667,1.91705,20.82063,51.00000,,20.00000,0.75152,1
201,2294,405.08301,15.29333,1.91727,20.81960,51.00000,,20.00000,0.75148,1
201,2295,405.25201,15.30000,1.91733,20.81857,52.00000,,20.00000,0.75144,1
201,2296,405.40799,15.30667,1.91748,20.81754,52.00000,,20.00000,0.75140,1
201,2297,405.57300,15.31333,1.91780,20.81652,49.00000,,20.00000,0.75136,1
201,2298,405.74799,15.32000,1.91802,20.81549,49.00000,,20.00000,0.75131,1
201,2299,405.90201,15.32667,1.91844,20.81447,50.00000,,20.00000,0.75127,1
201,2300,406.05899,15.33333,1.91870,20.81292,50.00000,,20.00000,0.75123,1
201,2301,406.23499,15.34000,1.91892,20.81189,50.00000,,20.00000,0.75119,1
201,2302,406.39600,15.34667,1.91913,20.81087,50.00000,,20.00000,0.75115,1
201,2303,406.55499,15.35333,1.91934,20.80932,50.00000,,20.00000,0.75111,1
201,2304,406.72000,15.36000,1.91961,20.80829,49.00000,,20.00000,0.75106,1
201,2305,406.88599,15.36667,1.91983,20.80727,49.00000,,20.00000,0.75102,1
201,2306,407.04800,15.37333,1.92009,20.80572,51.00000,,20.00000,0.75098,1
201,2307,407.21100,15.38000,1.92025,20.80469,51.00000,,20.00000,0.75094,1
201,2308,407.37900,15.38667,1.92031,20.80315,50.00000,,20.00000,0.75089,1
201,2309,407.54199,15.39333,1.92079,20.80213,50.00000,,20.00000,0.75085,1
201,2310,407.69901,15.40000,1.92100,20.80110,50.00000,,20.00000,0.75081,1
201,2311,407.86200,15.40667,1.92121,20.80007,49.00000,,20.00000,0.75077,1
201,2312,408.02701,15.41333,1.92137,20.79957,49.00000,,20.00000,0.75073,1
201,2313,408.19699,15.42000,1.92165,20.79906,51.00000,,20.00000,0.75068,1
201,2314,408.35800,15.42667,1.92191,20.79803,51.00000,,20.00000,0.75064,1
201,2315,408.52399,15.43333,1.92218,20.79753,51.00000,,20.00000,0.75060,1
201,2316,408.68600,15.44000,1.92245,20.79650,51.00000,,20.00000,0.75056,1
201,2317,408.84299,15.44667,1.92250,20.79599,51.00000,,20.00000,0.75052,1
201,2318,409.01300,15.45333,1.92267,20.79496,49.00000,,20.00000,0.75047,1
201,2319,409.17599,15.46000,1.92278,20.79446,49.00000,,20.00000,0.75043,1
201,2320,409.34100,15.46667,1.92294,20.79394,50.00000,,20.00000,0.75039,1
201,2321,409.50601,15.47333,1.92300,20.79343,50.00000,,20.00000,0.75034,1
201,2322,409.66901,15.48000,1.92300,20.79291,49.00000,,20.00000,0.75030,1
201,2323,409.84000,15.48667,1.92349,20.79188,49.00000,,20.00000,0.75026,1
201,2324,410.00201,15.49333,1.92370,20.79136,49.00000,,20.00000,0.75021,1
201,2325,410.16800,15.50000,1.92371,20.79086,49.00000,,20.00000,0.75017,1
201,2326,410.33600,15.50667,1.92387,20.79035,50.00000,,20.00000,0.75013,1
201,2327,410.48901,15.51333,1.92424,20.78932,50.00000,,20.00000,0.75009,1
201,2328,410.65799,15.52000,1.92446,20.78881,50.00000,,20.00000,0.75004,1
201,2329,410.82401,15.52667,1.92463,20.78831,50.00000,,20.00000,0.75000,1
201,2330,410.99200,15.53333,1.92479,20.78781,49.00000,,20.00000,0.74995,1
201,2331,411.14401,15.54000,1.92506,20.78730,49.00000,,20.00000,0.74991,1
201,2332,411.30701,15.54667,1.92543,20.78628,51.00000,,20.00000,0.74987,1
201,2333,411.47101,15.55333,1.92570,20.78577,50.00000,,20.00000,0.74983,1
201,2334,411.64600,15.56000,1.92614,20.78526,51.00000,,20.00000,0.74978,1
201,2335,411.79800,15.56667,1.92651,20.78475,51.00000,,20.00000,0.74974,1
201,2336,411.96899,15.57333,1.92684,20.78372,49.00000,,20.00000,0.74969,1
201,2337,412.13800,15.58000,1.92717,20.78319,49.00000,,20.00000,0.74965,1
201,2338,412.29700,15.58667,1.92738,20.78318,50.00000,,20.00000,0.74961,1
201,2339,412.45901,15.59333,1.92749,20.78271,50.00000,,20.00000,0.74956,1
201,2340,412.61801,15.60000,1.92755,20.78224,49.00000,,20.00000,0.74952,1
201,2341,412.77499,15.60667,1.92765,20.78175,49.00000,,20.00000,0.74948,1
201,2342,412.94199,15.61333,1.92803,20.78125,50.00000,,20.00000,0.74944,1
201,2343,413.10300,15.62000,1.92841,20.78075,49.00000,,20.00000,0.74939,1
201,2344,413.26700,15.62667,1.92858,20.78024,50.00000,,20.00000,0.74935,1
201,2345,413.42899,15.63333,1.92858,20.77973,50.00000,,20.00000,0.74931,1
201,2346,413.59399,15.64000,1.92875,20.77922,49.00000,,20.00000,0.74926,1
201,2347,413.76599,15.64667,1.92903,20.77871,49.00000,,20.00000,0.74922,1
201,2348,413.92700,15.65333,1.92935,20.77820,49.00000,,20.00000,0.74917,1
201,2349,414.08401,15.66000,1.92956,20.77769,50.00000,,20.00000,0.74913,1
201,2350,414.24799,15.66667,1.92984,20.77770,51.00000,,20.00000,0.74909,1
201,2351,414.42001,15.67333,1.93012,20.77719,51.00000,,20.00000,0.74904,1
201,2352,414.58499,15.68000,1.93034,20.77720,52.00000,,20.00000,0.74900,1
201,2353,414.74899,15.68667,1.93061,20.77722,49.00000,,20.00000,0.74895,1
201,2354,414.90900,15.69333,1.93093,20.77668,49.00000,,20.00000,0.74891,1
201,2355,415.06900,15.70000,1.93126,20.77615,50.00000,,20.00000,0.74887,1
201,2356,415.23801,15.70667,1.93153,20.77620,50.00000,,20.00000,0.74882,1
201,2357,415.39200,15.71333,1.93180,20.77573,50.00000,,20.00000,0.74878,1
201,2358,415.55099,15.72000,1.93191,20.77574,50.00000,,20.00000,0.74874,1
201,2359,415.72699,15.72667,1.93204,20.77523,49.00000,,20.00000,0.74869,1
201,2360,415.88901,15.73333,1.93226,20.77368,50.00000,,20.00000,0.74864,1
201,2361,416.05301,15.74000,1.93237,20.77209,50.00000,,20.00000,0.74860,1
201,2362,416.21500,15.74667,1.93259,20.77103,50.00000,,20.00000,0.74856,1
201,2363,416.38400,15.75333,1.93287,20.76950,50.00000,,20.00000,0.74851,1
201,2364,416.53500,15.76000,1.93308,20.76797,49.00000,,20.00000,0.74847,1
201,2365,416.71500,15.76667,1.93331,20.76694,49.00000,,20.00000,0.74842,1
201,2366,416.86899,15.77333,1.93369,20.76539,51.00000,,20.00000,0.74838,1
201,2367,417.04099,15.78000,1.93402,20.76385,51.00000,,20.00000,0.74833,1
201,2368,417.19901,15.78667,1.93429,20.76282,51.00000,,20.00000,0.74829,1
201,2369,417.35501,15.79333,1.93456,20.76179,52.00000,,20.00000,0.74825,1
201,2370,417.52399,15.80000,1.93490,20.76130,52.00000,,20.00000,0.74820,1
201,2371,417.68799,15.80667,1.93528,20.76079,49.00000,,20.00000,0.74815,1
201,2372,417.84399,15.81333,1.93544,20.76029,49.00000,,20.00000,0.74811,1
201,2373,418.00800,15.82000,1.93566,20.75978,50.00000,,20.00000,0.74807,1
201,2374,418.17401,15.82667,1.93584,20.75927,50.00000,,20.00000,0.74802,1
201,2375,418.34299,15.83333,1.93606,20.75877,50.00000,,20.00000,0.74798,1
201,2376,418.50000,15.84000,1.93628,20.75826,50.00000,,20.00000,0.74793,1
201,2377,418.65900,15.84667,1.93655,20.75722,49.00000,,20.00000,0.74789,1
201,2378,418.82999,15.85333,1.93689,20.75668,49.00000,,20.00000,0.74784,1
201,2379,418.99200,15.86000,1.93716,20.75614,50.00000,,20.00000,0.74780,1
201,2380,419.16199,15.86667,1.93739,20.75514,50.00000,,20.00000,0.74775,1
201,2381,419.32199,15.87333,1.93745,20.75466,50.00000,,20.00000,0.74771,1
201,2382,419.48300,15.88000,1.93762,20.75416,49.00000,,20.00000,0.74766,1
201,2383,419.64801,15.88667,1.93790,20.75313,50.00000,,20.00000,0.74762,1
201,2384,419.80600,15.89333,1.93844,20.75262,49.00000,,20.00000,0.74757,1
201,2385,419.96600,15.90000,1.93877,20.75158,51.00000,,20.00000,0.74753,1
201,2386,420.13501,15.90667,1.93894,20.75107,51.00000,,20.00000,0.74748,1
201,2387,420.31201,15.91333,1.93923,20.75004,52.00000,,20.00000,0.74743,1
201,2388,420.46600,15.92000,1.93934,20.74953,52.00000,,20.00000,0.74739,1
201,2389,420.63199,15.92667,1.93957,20.74849,49.00000,,20.00000,0.74734,1
201,2390,420.79199,15.93333,1.93979,20.74799,49.00000,,20.00000,0.74730,1
201,2391,420.95599,15.94000,1.94034,20.74696,50.00000,,20.00000,0.74725,1
201,2392,421.11600,15.94667,1.94045,20.74593,50.00000,,20.00000,0.74721,1
201,2393,421.28000,15.95333,1.94068,20.74542,49.00000,,20.00000,0.74716,1
201,2394,421.44601,15.96000,1.94112,20.74439,52.00000,,20.00000,0.74712,1
201,2395,421.60400,15.96667,1.94145,20.74384,49.00000,,20.00000,0.74707,1
201,2396,421.78000,15.97333,1.94179,20.74278,49.00000,,20.00000,0.74702,1
201,2397,421.94000,15.98000,1.94196,20.74230,50.00000,,20.00000,0.74698,1
201,2398,422.09900,15.98667,1.94218,20.74130,50.00000,,20.00000,0.74693,1
201,2399,422.26199,15.99333,1.94246,20.74079,49.00000,,20.00000,0.74689,1
201,2400,422.42700,16.00000,1.94268,20.74028,49.00000,,20.00000,0.74684,1
201,2401,422.59000,16.00667,1.94286,20.73977,49.00000,,20.00000,0.74680,1
201,2402,422.75800,16.01333,1.94309,20.73925,49.00000,,20.00000,0.74675,1
201,2403,422.92300,16.02000,1.94331,20.73927,50.00000,,20.00000,0.74670,1
201,2404,423.07999,16.02667,1.94348,20.73876,50.00000,,20.00000,0.74666,1
201,2405,423.24799,16.03333,1.94382,20.73877,50.00000,,20.00000,0.74661,1
201,2406,423.40799,16.04000,1.94447,20.73878,50.00000,,20.00000,0.74656,1
201,2407,423.57300,16.04667,1.94481,20.73827,50.00000,,20.00000,0.74652,1
201,2408,423.73499,16.05333,1.94498,20.73829,50.00000,,20.00000,0.74647,1
201,2409,423.90302,16.06000,1.94526,20.73778,50.00000,,20.00000,0.74642,1
201,2410,424.06400,16.06667,1.94544,20.73780,50.00000,,20.00000,0.74638,1
201,2411,424.22501,16.07333,1.94561,20.73729,49.00000,,20.00000,0.74633,1
201,2412,424.38000,16.08000,1.94578,20.73727,50.00000,,20.00000,0.74629,1
201,2413,424.54800,16.08667,1.94617,20.73673,50.00000,,20.00000,0.74624,1
201,2414,424.72000,16.09333,1.94662,20.73626,50.00000,,20.00000,0.74619,1
201,2415,424.88501,16.10000,1.94684,20.73578,50.00000,,20.00000,0.74615,1
201,2416,425.03900,16.10667,1.94712,20.73526,50.00000,,20.00000,0.74610,1
201,2417,425.20700,16.11333,1.94746,20.73476,50.00000,,20.00000,0.74605,1
201,2418,425.37000,16.12000,1.94774,20.73425,49.00000,,20.00000,0.74601,1
201,2419,425.52499,16.12667,1.94823,20.73371,49.00000,,20.00000,0.74596,1
201,2420,425.70099,16.13333,1.94831,20.73265,51.00000,,20.00000,0.74591,1
201,2421,425.85501,16.14000,1.94837,20.73217,51.00000,,20.00000,0.74587,1
201,2422,426.02200,16.14667,1.94855,20.73169,52.00000,,20.00000,0.74582,1
201,2423,426.18399,16.15333,1.94888,20.73118,51.00000,,20.00000,0.74577,1
201,2424,426.34900,16.16000,1.94917,20.73015,49.00000,,20.00000,0.74573,1
201,2425,426.51199,16.16667,1.94950,20.72965,49.00000,,20.00000,0.74568,1
201,2426,426.67099,16.17333,1.94994,20.72914,50.00000,,20.00000,0.74564,1
201,2427,426.83899,16.18000,1.95018,20.72863,50.00000,,20.00000,0.74559,1
201,2428,426.99399,16.18667,1.95051,20.72812,50.00000,,20.00000,0.74554,1
201,2429,427.16699,16.19333,1.95080,20.72709,50.00000,,20.00000,0.74549,1
201,2430,427.32199,16.20000,1.95118,20.72658,49.00000,,20.00000,0.74545,1
201,2431,427.49399,16.20667,1.95158,20.72607,50.00000,,20.00000,0.74540,1
201,2432,427.64600,16.21333,1.95196,20.72557,50.00000,,20.00000,0.74535,1
201,2433,427.82101,16.22000,1.95236,20.72454,50.00000,,20.00000,0.74530,1
201,2434,427.97299,16.22667,1.95242,20.72402,50.00000,,20.00000,0.74526,1
201,2435,428.13501,16.23333,1.95281,20.72299,50.00000,,20.00000,0.74521,1
201,2436,428.31000,16.24000,1.95316,20.72245,49.00000,,20.00000,0.74516,1
201,2437,428.47000,16.24667,1.95360,20.72139,49.00000,,20.00000,0.74512,1
201,2438,428.62900,16.25333,1.95399,20.72039,50.00000,,20.00000,0.74507,1
201,2439,428.79300,16.26000,1.95417,20.71991,50.00000,,20.00000,0.74502,1
201,2440,428.95401,16.26667,1.95461,20.71888,50.00000,,20.00000,0.74498,1
201,2441,429.12601,16.27333,1.95485,20.71837,49.00000,,20.00000,0.74493,1
201,2442,429.27499,16.28000,1.95518,20.71734,50.00000,,20.00000,0.74488,1
201,2443,429.44400,16.28667,1.95531,20.71683,50.00000,,20.00000,0.74483,1
201,2444,429.61301,16.29333,1.95592,20.71633,50.00000,,20.00000,0.74478,1
201,2445,429.76599,16.30000,1.95630,20.71581,50.00000,,20.00000,0.74474,1
201,2446,429.93701,16.30667,1.95649,20.71530,49.00000,,20.00000,0.74469,1
201,2447,430.09201,16.31333,1.95687,20.71479,49.00000,,20.00000,0.74464,1
201,2448,430.26599,16.32000,1.95717,20.71428,49.00000,,20.00000,0.74459,1
201,2449,430.42599,16.32667,1.95751,20.71377,50.00000,,20.00000,0.74455,1
201,2450,430.58600,16.33333,1.95774,20.71326,50.00000,,20.00000,0.74450,1
201,2451,430.75500,16.34000,1.95824,20.71275,50.00000,,20.00000,0.74445,1
201,2452,430.91299,16.34667,1.95863,20.71172,49.00000,,20.00000,0.74440,1
201,2453,431.06799,16.35333,1.95891,20.71170,49.00000,,20.00000,0.74436,1
201,2454,431.23999,16.36000,1.95921,20.71064,50.00000,,20.00000,0.74431,1
201,2455,431.40701,16.36667,1.95960,20.70964,50.00000,,20.00000,0.74426,1
201,2456,431.56799,16.37333,1.95999,20.70916,52.00000,,20.00000,0.74421,1
201,2457,431.72501,16.38000,1.96038,20.70812,52.00000,,20.00000,0.74416,1
201,2458,431.89700,16.38667,1.96084,20.70710,49.00000,,20.00000,0.74411,1
201,2459,432.05600,16.39333,1.96134,20.70606,49.00000,,20.00000,0.74407,1
201,2460,432.21500,16.40000,1.96184,20.70503,49.00000,,20.00000,0.74402,1
201,2461,432.37900,16.40667,1.96239,20.70452,50.00000,,20.00000,0.74397,1
201,2462,432.54199,16.41333,1.96284,20.70349,50.00000,,20.00000,0.74392,1
201,2463,432.70901,16.42000,1.96319,20.70246,50.00000,,20.00000,0.74387,1
201,2464,432.87399,16.42667,1.96358,20.70142,49.00000,,20.00000,0.74382,1
201,2465,433.03500,16.43333,1.96398,20.70040,49.00000,,20.00000,0.74378,1
201,2466,433.19699,16.44000,1.96486,20.69989,50.00000,,20.00000,0.74373,1
201,2467,433.35300,16.44667,1.96525,20.69938,50.00000,,20.00000,0.74368,1
201,2468,433.51901,16.45333,1.96548,20.69887,50.00000,,20.00000,0.74363,1
201,2469,433.68301,16.46000,1.96556,20.69836,50.00000,,20.00000,0.74358,1
201,2470,433.85300,16.46667,1.96564,20.69834,49.00000,,20.00000,0.74353,1
201,2471,434.00400,16.47333,1.96597,20.69779,49.00000,,20.00000,0.74349,1
201,2472,434.17899,16.48000,1.96654,20.69783,51.00000,,20.00000,0.74344,1
201,2473,434.33899,16.48667,1.96693,20.69787,51.00000,,20.00000,0.74339,1
201,2474,434.50699,16.49333,1.96776,20.69736,51.00000,,20.00000,0.74334,1
201,2475,434.66101,16.50000,1.96821,20.69737,51.00000,,20.00000,0.74329,1
201,2476,434.82999,16.50667,1.96882,20.69738,49.00000,,20.00000,0.74324,1
201,2477,434.98599,16.51333,1.96911,20.69735,49.00000,,20.00000,0.74319,1
201,2478,435.16101,16.52000,1.96936,20.69733,50.00000,,20.00000,0.74314,1
201,2479,435.32001,16.52667,1.96986,20.69738,50.00000,,20.00000,0.74309,1
201,2480,435.47800,16.53333,1.97057,20.69742,50.00000,,20.00000,0.74305,1
201,2481,435.64801,16.54000,1.97119,20.69744,49.00000,,20.00000,0.74300,1
201,2482,435.80801,16.54667,1.97164,20.69746,49.00000,,20.00000,0.74295,1
201,2483,435.96201,16.55333,1.97182,20.69695,49.00000,,20.00000,0.74290,1
201,2484,436.13101,16.56000,1.97222,20.69696,49.00000,,20.00000,0.74285,1
201,2485,436.29999,16.56667,1.97295,20.69646,50.00000,,20.00000,0.74280,1
201,2486,436.45300,16.57333,1.97345,20.69647,50.00000,,20.00000,0.74275,1
201,2487,436.61899,16.58000,1.97412,20.69593,49.00000,,20.00000,0.74270,1
201,2488,436.78299,16.58667,1.97468,20.69591,49.00000,,20.00000,0.74265,1
201,2489,436.94101,16.59333,1.97523,20.69543,49.00000,,20.00000,0.74260,1
201,2490,437.10699,16.60000,1.97563,20.69495,51.00000,,20.00000,0.74255,1
201,2491,437.27600,16.60667,1.97593,20.69496,52.00000,,20.00000,0.74250,1
201,2492,437.43399,16.61333,1.97649,20.69445,52.00000,,20.00000,0.74246,1
201,2493,437.60101,16.62000,1.97700,20.69394,49.00000,,20.00000,0.74240,1
201,2494,437.75699,16.62667,1.97766,20.69340,49.00000,,20.00000,0.74236,1
201,2495,437.92599,16.63333,1.97818,20.69338,49.00000,,20.00000,0.74231,1
201,2496,438.07999,16.64000,1.97884,20.69290,50.00000,,20.00000,0.74226,1
201,2497,438.24799,16.64667,1.97956,20.69242,50.00000,,20.00000,0.74221,1
201,2498,438.40900,16.65333,1.98045,20.69190,50.00000,,20.00000,0.74216,1
201,2499,438.57501,16.66000,1.98096,20.69191,49.00000,,20.00000,0.74211,1
201,2500,438.74301,16.66667,1.98136,20.69139,50.00000,,20.00000,0.74206,1
201,2501,438.90399,16.67333,1.98193,20.69087,50.00000,,20.00000,0.74201,1
201,2502,439.07800,16.68000,1.98250,20.69036,50.00000,,20.00000,0.74195,1
201,2503,439.23300,16.68667,1.98305,20.69037,50.00000,,20.00000,0.74191,1
201,2504,439.39499,16.69333,1.98367,20.68986,50.00000,,20.00000,0.74186,1
201,2505,439.55899,16.70000,1.98440,20.68936,49.00000,,20.00000,0.74181,1
201,2506,439.71701,16.70667,1.98517,20.68885,49.00000,,20.00000,0.74176,1
201,2507,439.88000,16.71333,1.98584,20.68887,51.00000,,20.00000,0.74171,1
201,2508,440.03799,16.72000,1.98613,20.68837,51.00000,,20.00000,0.74166,1
201,2509,440.20700,16.72667,1.98702,20.68839,50.00000,,20.00000,0.74161,1
201,2510,440.36600,16.73333,1.98764,20.68788,50.00000,,20.00000,0.74156,1
201,2511,440.53101,16.74000,1.98831,20.68787,50.00000,,20.00000,0.74151,1
201,2512,440.68201,16.74667,1.98871,20.68785,50.00000,,20.00000,0.74146,1
201,2513,440.85599,16.75333,1.98917,20.68789,50.00000,,20.00000,0.74141,1
201,2514,441.01599,16.76000,1.99000,20.68740,50.00000,,20.00000,0.74136,1
201,2515,441.17499,16.76667,1.99083,20.68740,50.00000,,20.00000,0.74131,1
201,2516,441.35101,16.77333,1.99146,20.68740,49.00000,,20.00000,0.74126,1
201,2517,441.51099,16.78000,1.99213,20.68741,49.00000,,20.00000,0.74121,1
201,2518,441.67700,16.78667,1.99286,20.68741,49.00000,,20.00000,0.74115,1
201,2519,441.84100,16.79333,1.99332,20.68690,50.00000,,20.00000,0.74110,1
201,2520,442.00500,16.80000,1.99389,20.68691,50.00000,,20.00000,0.74105,1
201,2521,442.16199,16.80667,1.99461,20.68691,49.00000,,20.00000,0.74100,1
201,2522,442.32700,16.81333,1.99534,20.68640,49.00000,,20.00000,0.74095,1
201,2523,442.49100,16.82000,1.99613,20.68641,51.00000,,20.00000,0.74090,1
201,2524,442.65701,16.82667,1.99680,20.68589,51.00000,,20.00000,0.74085,1
201,2525,442.82001,16.83333,1.99769,20.68590,52.00000,,20.00000,0.74080,1
201,2526,442.98599,16.84000,1.99853,20.68539,52.00000,,20.00000,0.74075,1
201,2527,443.14401,16.84667,1.99893,20.68540,49.00000,,20.00000,0.74070,1
201,2528,443.30801,16.85333,1.99929,20.68487,49.00000,,20.00000,0.74065,1
201,2529,443.46899,16.86000,2.00028,20.68485,49.00000,,20.00000,0.74060,1
201,2530,443.63199,16.86667,2.00171,20.68437,50.00000,,20.00000,0.74055,1
201,2531,443.79700,16.87333,2.00266,20.68441,50.00000,,20.00000,0.74049,1
201,2532,443.95700,16.88000,2.00333,20.68390,50.00000,,20.00000,0.74044,1
201,2533,444.11700,16.88667,2.00401,20.68338,49.00000,,20.00000,0.74039,1
201,2534,444.28699,16.89333,2.00453,20.68339,49.00000,,20.00000,0.74034,1
201,2535,444.45300,16.90000,2.00532,20.68288,50.00000,,20.00000,0.74029,1
201,2536,444.60599,16.90667,2.00609,20.68288,50.00000,,20.00000,0.74024,1
201,2537,444.78000,16.91333,2.00699,20.68237,50.00000,,20.00000,0.74019,1
201,2538,444.93900,16.92000,2.00772,20.68238,50.00000,,20.00000,0.74014,1
201,2539,445.10101,16.92667,2.00861,20.68186,49.00000,,20.00000,0.74008,1
201,2540,445.26901,16.93333,2.00962,20.68187,49.00000,,20.00000,0.74003,1
201,2541,445.42999,16.94000,2.01062,20.68135,51.00000,,20.00000,0.73998,1
201,2542,445.59299,16.94667,2.01146,20.68083,51.00000,,20.00000,0.73993,1
201,2543,445.75601,16.95333,2.01246,20.68083,51.00000,,20.00000,0.73988,1
201,2544,445.92300,16.96000,2.01336,20.68031,51.00000,,20.00000,0.73983,1
201,2545,446.08899,16.96667,2.01420,20.67976,50.00000,,20.00000,0.73977,1
201,2546,446.25699,16.97333,2.01510,20.67921,49.00000,,20.00000,0.73972,1
201,2547,446.41599,16.98000,2.01594,20.67872,50.00000,,20.00000,0.73967,1
201,2548,446.57501,16.98667,2.01672,20.67824,50.00000,,20.00000,0.73962,1
201,2549,446.74899,16.99333,2.01757,20.67773,50.00000,,20.00000,0.73956,1
201,2550,446.90100,17.00000,2.01830,20.67721,49.00000,,20.00000,0.73952,1
201,2551,447.07300,17.00667,2.01899,20.67670,49.00000,,20.00000,0.73946,1
201,2552,447.23001,17.01333,2.01955,20.67615,49.00000,,20.00000,0.73941,1
201,2553,447.39700,17.02000,2.02056,20.67561,49.00000,,20.00000,0.73936,1
201,2554,447.55899,17.02667,2.02194,20.67564,50.00000,,20.00000,0.73931,1
201,2555,447.72198,17.03333,2.02305,20.67516,50.00000,,20.00000,0.73925,1
201,2556,447.89499,17.04000,2.02374,20.67465,49.00000,,20.00000,0.73920,1
201,2557,448.04700,17.04667,2.02420,20.67414,49.00000,,20.00000,0.73915,1
201,2558,448.21500,17.05333,2.02516,20.67416,50.00000,,20.00000,0.73910,1
201,2559,448.37601,17.06000,2.02632,20.67365,50.00000,,20.00000,0.73905,1
201,2560,448.53400,17.06667,2.02732,20.67315,52.00000,,20.00000,0.73900,1
201,2561,448.69601,17.07333,2.02833,20.67265,51.00000,,20.00000,0.73894,1
201,2562,448.86301,17.08000,2.02939,20.67266,49.00000,,20.00000,0.73889,1
201,2563,449.01099,17.08667,2.03028,20.67215,49.00000,,20.00000,0.73884,1
201,2564,449.18399,17.09333,2.03119,20.67165,50.00000,,20.00000,0.73879,1
201,2565,449.35199,17.10000,2.03214,20.67166,50.00000,,20.00000,0.73873,1
201,2566,449.50299,17.10667,2.03303,20.67115,50.00000,,20.00000,0.73868,1
201,2567,449.67300,17.11333,2.03410,20.67064,50.00000,,20.00000,0.73863,1
201,2568,449.82999,17.12000,2.03505,20.67013,49.00000,,20.00000,0.73858,1
201,2569,449.99301,17.12667,2.03600,20.66959,49.00000,,20.00000,0.73853,1
201,2570,450.15799,17.13333,2.03696,20.66905,50.00000,,20.00000,0.73847,1
201,2571,450.32300,17.14000,2.03797,20.66858,50.00000,,20.00000,0.73842,1
201,2572,450.47900,17.14667,2.03892,20.66810,50.00000,,20.00000,0.73837,1
201,2573,450.64499,17.15333,2.04004,20.66759,50.00000,,20.00000,0.73832,1
201,2574,450.80701,17.16000,2.04153,20.66708,49.00000,,20.00000,0.73826,1
201,2575,450.96899,17.16667,2.04259,20.66656,49.00000,,20.00000,0.73821,1
201,2576,451.13101,17.17333,2.04344,20.66605,51.00000,,20.00000,0.73816,1
201,2577,451.29901,17.18000,2.04435,20.66553,51.00000,,20.00000,0.73810,1
201,2578,451.46701,17.18667,2.04520,20.66502,52.00000,,20.00000,0.73805,1
201,2579,451.61801,17.19333,2.04598,20.66450,52.00000,,20.00000,0.73800,1
201,2580,451.78400,17.20000,2.04694,20.66398,49.00000,,20.00000,0.73795,1
201,2581,451.95300,17.20667,2.04796,20.66347,49.00000,,20.00000,0.73789,1
201,2582,452.11099,17.21333,2.04913,20.66295,49.00000,,20.00000,0.73784,1
201,2583,452.29001,17.22000,2.05042,20.66243,50.00000,,20.00000,0.73778,1
201,2584,452.44501,17.22667,2.05148,20.66244,50.00000,,20.00000,0.73773,1
201,2585,452.60101,17.23333,2.05249,20.66192,50.00000,,20.00000,0.73768,1
201,2586,452.77301,17.24000,2.05356,20.66138,49.00000,,20.00000,0.73763,1
201,2587,452.93500,17.24667,2.05474,20.66084,49.00000,,20.00000,0.73757,1
201,2588,453.09698,17.25333,2.05586,20.66036,50.00000,,20.00000,0.73752,1
201,2589,453.26001,17.26000,2.05703,20.65988,50.00000,,20.00000,0.73747,1
201,2590,453.42099,17.26667,2.05826,20.65937,50.00000,,20.00000,0.73741,1
201,2591,453.58099,17.27333,2.05927,20.65886,50.00000,,20.00000,0.73736,1
201,2592,453.74600,17.28000,2.06034,20.65887,49.00000,,20.00000,0.73731,1
201,2593,453.90900,17.28667,2.06135,20.65836,49.00000,,20.00000,0.73725,1
201,2594,454.06900,17.29333,2.06242,20.65785,51.00000,,20.00000,0.73720,1
201,2595,454.24301,17.30000,2.06350,20.65786,51.00000,,20.00000,0.73714,1
201,2596,454.39200,17.30667,2.06477,20.65735,51.00000,,20.00000,0.73710,1
201,2597,454.56201,17.31333,2.06612,20.65684,50.00000,,20.00000,0.73704,1
201,2598,454.71899,17.32000,2.06729,20.65685,50.00000,,20.00000,0.73699,1
201,2599,454.88400,17.32667,2.06842,20.65634,50.00000,,20.00000,0.73693,1
201,2600,455.04700,17.33333,2.06959,20.65583,50.00000,,20.00000,0.73688,1
201,2601,455.21100,17.34000,2.07050,20.65584,50.00000,,20.00000,0.73683,1
201,2602,455.37201,17.34667,2.07163,20.65533,50.00000,,20.00000,0.73677,1
201,2603,455.53699,17.35333,2.07275,20.65531,51.00000,,20.00000,0.73672,1
201,2604,455.70001,17.36000,2.07388,20.65476,50.00000,,20.00000,0.73666,1
201,2605,455.86499,17.36667,2.07506,20.65480,49.00000,,20.00000,0.73661,1
201,2606,456.01901,17.37333,2.07618,20.65485,50.00000,,20.00000,0.73656,1
201,2607,456.19101,17.38000,2.07747,20.65433,50.00000,,20.00000,0.73650,1
201,2608,456.34399,17.38667,2.07870,20.65434,49.00000,,20.00000,0.73645,1
201,2609,456.51700,17.39333,2.07994,20.65434,49.00000,,20.00000,0.73639,1
201,2610,456.67801,17.40000,2.08107,20.65380,49.00000,,20.00000,0.73634,1
201,2611,456.84201,17.40667,2.08236,20.65377,49.00000,,20.00000,0.73629,1
201,2612,457.00601,17.41333,2.08387,20.65380,49.00000,,20.00000,0.73623,1
201,2613,457.17200,17.42000,2.08500,20.65332,51.00000,,20.00000,0.73618,1
201,2614,457.33499,17.42667,2.08613,20.65332,51.00000,,20.00000,0.73612,1
201,2615,457.50201,17.43333,2.08747,20.65281,49.00000,,20.00000,0.73607,1
201,2616,457.66101,17.44000,2.08860,20.65177,49.00000,,20.00000,0.73601,1
201,2617,457.82401,17.44667,2.08978,20.65126,50.00000,,20.00000,0.73596,1
201,2618,457.98901,17.45333,2.09080,20.65075,50.00000,,20.00000,0.73590,1
201,2619,458.14600,17.46000,2.09193,20.64972,50.00000,,20.00000,0.73585,1
201,2620,458.31799,17.46667,2.09328,20.64918,50.00000,,20.00000,0.73579,1
201,2621,458.47400,17.47333,2.09489,20.64864,49.00000,,20.00000,0.73574,1
201,2622,458.63699,17.48000,2.09630,20.64763,49.00000,,20.00000,0.73569,1
201,2623,458.79199,17.48667,2.09693,20.64714,50.00000,,20.00000,0.73564,1
201,2624,458.96500,17.49333,2.09845,20.64662,50.00000,,20.00000,0.73558,1
201,2625,459.13501,17.50000,2.09981,20.64610,50.00000,,20.00000,0.73552,1
201,2626,459.29800,17.50667,2.10115,20.64558,50.00000,,20.00000,0.73547,1
201,2627,459.46201,17.51333,2.10272,20.64451,49.00000,,20.00000,0.73541,1
201,2628,459.62100,17.52000,2.10417,20.64397,49.00000,,20.00000,0.73536,1
201,2629,459.78400,17.52667,2.10541,20.64349,51.00000,,20.00000,0.73530,1
201,2630,459.94400,17.53333,2.10671,20.64301,51.00000,,20.00000,0.73525,1
201,2631,460.11099,17.54000,2.10801,20.64250,52.00000,,20.00000,0.73519,1
201,2632,460.27200,17.54667,2.10914,20.64199,52.00000,,20.00000,0.73514,1
201,2633,460.42700,17.55333,2.11037,20.64147,49.00000,,20.00000,0.73509,1
201,2634,460.59799,17.56000,2.11157,20.64095,49.00000,,20.00000,0.73503,1
201,2635,460.76999,17.56667,2.11287,20.64044,50.00000,,20.00000,0.73497,1
201,2636,460.92999,17.57333,2.11428,20.63992,50.00000,,20.00000,0.73492,1
201,2637,461.09100,17.58000,2.11557,20.63993,50.00000,,20.00000,0.73486,1
201,2638,461.24701,17.58667,2.11692,20.63942,52.00000,,20.00000,0.73481,1
201,2639,461.42001,17.59333,2.11833,20.63943,49.00000,,20.00000,0.73475,1
201,2640,461.57800,17.60000,2.11963,20.63944,49.00000,,20.00000,0.73470,1
201,2641,461.73801,17.60667,2.12081,20.63893,50.00000,,20.00000,0.73464,1
201,2642,461.90601,17.61333,2.12217,20.63894,50.00000,,20.00000,0.73459,1
201,2643,462.06500,17.62000,2.12347,20.63895,50.00000,,20.00000,0.73453,1
201,2644,462.23599,17.62667,2.12477,20.63841,50.00000,,20.00000,0.73447,1
201,2645,462.39700,17.63333,2.12634,20.63838,49.00000,,20.00000,0.73442,1
201,2646,462.54501,17.64000,2.12779,20.63790,49.00000,,20.00000,0.73437,1
201,2647,462.72000,17.64667,2.12932,20.63794,49.00000,,20.00000,0.73431,1
201,2648,462.89099,17.65333,2.13085,20.63743,51.00000,,20.00000,0.73425,1
201,2649,463.04599,17.66000,2.13198,20.63743,51.00000,,20.00000,0.73420,1
201,2650,463.20499,17.66667,2.13344,20.63691,52.00000,,20.00000,0.73414,1
201,2651,463.37799,17.67333,2.13475,20.63692,49.00000,,20.00000,0.73408,1
201,2652,463.54099,17.68000,2.13616,20.63641,49.00000,,20.00000,0.73403,1
201,2653,463.70001,17.68667,2.13757,20.63589,50.00000,,20.00000,0.73397,1
201,2654,463.86801,17.69333,2.13904,20.63590,50.00000,,20.00000,0.73392,1
201,2655,464.02100,17.70000,2.14044,20.63540,50.00000,,20.00000,0.73386,1
201,2656,464.19601,17.70667,2.14186,20.63541,51.00000,,20.00000,0.73380,1
201,2657,464.35400,17.71333,2.14322,20.63491,51.00000,,20.00000,0.73375,1
201,2658,464.50699,17.72000,2.14467,20.63492,49.00000,,20.00000,0.73370,1
201,2659,464.67200,17.72667,2.14620,20.63441,50.00000,,20.00000,0.73364,1
201,2660,464.83600,17.73333,2.14767,20.63441,50.00000,,20.00000,0.73358,1
201,2661,464.99799,17.74000,2.14913,20.63438,50.00000,,20.00000,0.73353,1
201,2662,465.17300,17.74667,2.15051,20.63435,50.00000,,20.00000,0.73347,1
201,2663,465.32999,17.75333,2.15197,20.63387,50.00000,,20.00000,0.73342,1
201,2664,465.50000,17.76000,2.15382,20.63391,49.00000,,20.00000,0.73336,1
201,2665,465.65701,17.76667,2.15567,20.63392,49.00000,,20.00000,0.73330,1
201,2666,465.82501,17.77333,2.15703,20.63393,49.00000,,20.00000,0.73324,1
201,2667,465.98099,17.78000,2.15839,20.63394,49.00000,,20.00000,0.73319,1
201,2668,466.14499,17.78667,2.15942,20.63395,51.00000,,20.00000,0.73313,1
201,2669,466.31201,17.79333,2.16106,20.63395,51.00000,,20.00000,0.73308,1
201,2670,466.47400,17.80000,2.16286,20.63396,51.00000,,20.00000,0.73302,1
201,2671,466.64301,17.80667,2.16439,20.63397,51.00000,,20.00000,0.73296,1
201,2672,466.79901,17.81333,2.16602,20.63398,49.00000,,20.00000,0.73291,1
201,2673,466.96600,17.82000,2.16766,20.63400,49.00000,,20.00000,0.73285,1
201,2674,467.12500,17.82667,2.16885,20.63401,50.00000,,20.00000,0.73279,1
201,2675,467.28699,17.83333,2.17044,20.63402,51.00000,,20.00000,0.73274,1
201,2676,467.44901,17.84000,2.17207,20.63403,50.00000,,20.00000,0.73268,1
201,2677,467.61401,17.84667,2.17382,20.63404,50.00000,,20.00000,0.73262,1
201,2678,467.77399,17.85333,2.17551,20.63401,50.00000,,20.00000,0.73257,1
201,2679,467.95001,17.86000,2.17689,20.63399,50.00000,,20.00000,0.73251,1
201,2680,468.10400,17.86667,2.17840,20.63403,49.00000,,20.00000,0.73245,1
201,2681,468.26501,17.87333,2.18004,20.63408,49.00000,,20.00000,0.73240,1
201,2682,468.42700,17.88000,2.18168,20.63409,50.00000,,20.00000,0.73234,1
201,2683,468.59500,17.88667,2.18359,20.63410,50.00000,,20.00000,0.73228,1
201,2684,468.75699,17.89333,2.18540,20.63411,50.00000,,20.00000,0.73223,1
201,2685,468.91599,17.90000,2.18714,20.63408,50.00000,,20.00000,0.73217,1
201,2686,469.07800,17.90667,2.18894,20.63405,49.00000,,20.00000,0.73211,1
201,2687,469.25400,17.91333,2.19065,20.63409,49.00000,,20.00000,0.73205,1
201,2688,469.41299,17.92000,2.19223,20.63413,51.00000,,20.00000,0.73200,1
201,2689,469.57401,17.92667,2.19393,20.63413,51.00000,,20.00000,0.73194,1
201,2690,469.74600,17.93333,2.19552,20.63414,52.00000,,20.00000,0.73188,1
201,2691,469.90201,17.94000,2.19699,20.63414,50.00000,,20.00000,0.73183,1
201,2692,470.06500,17.94667,2.19869,20.63415,49.00000,,20.00000,0.73177,1
201,2693,470.23801,17.95333,2.20056,20.63416,49.00000,,20.00000,0.73171,1
201,2694,470.38599,17.96000,2.20224,20.63417,49.00000,,20.00000,0.73166,1
201,2695,470.56000,17.96667,2.20395,20.63418,49.00000,,20.00000,0.73159,1
201,2696,470.72101,17.97333,2.20587,20.63419,50.00000,,20.00000,0.73154,1
201,2697,470.88501,17.98000,2.20778,20.63420,50.00000,,20.00000,0.73148,1
201,2698,471.03799,17.98667,2.20936,20.63421,51.00000,,20.00000,0.73143,1
201,2699,471.21500,17.99333,2.21070,20.63422,52.00000,,20.00000,0.73136,1
201,2700,471.38000,18.00000,2.21251,20.63423,49.00000,,20.00000,0.73131,1
201,2701,471.53299,18.00667,2.21463,20.63424,49.00000,,20.00000,0.73125,1
201,2702,471.70001,18.01333,2.21661,20.63422,50.00000,,20.00000,0.73119,1
201,2703,471.85001,18.02000,2.21852,20.63420,50.00000,,20.00000,0.73114,1
201,2704,472.02899,18.02667,2.22040,20.63425,50.00000,,20.00000,0.73108,1
201,2705,472.19299,18.03333,2.22232,20.63429,50.00000,,20.00000,0.73102,1
201,2706,472.35001,18.04000,2.22396,20.63429,49.00000,,20.00000,0.73096,1
201,2707,472.51300,18.04667,2.22566,20.63430,49.00000,,20.00000,0.73090,1
201,2708,472.67700,18.05333,2.22753,20.63431,49.00000,,20.00000,0.73085,1
201,2709,472.84299,18.06000,2.22967,20.63432,49.00000,,20.00000,0.73079,1
201,2710,473.00800,18.06667,2.23122,20.63433,50.00000,,20.00000,0.73073,1
201,2711,473.16800,18.07333,2.23292,20.63434,50.00000,,20.00000,0.73067,1
201,2712,473.33401,18.08000,2.23468,20.63435,50.00000,,20.00000,0.73061,1
201,2713,473.49301,18.08667,2.23665,20.63436,50.00000,,20.00000,0.73056,1
201,2714,473.65601,18.09333,2.23847,20.63437,50.00000,,20.00000,0.73050,1
201,2715,473.81500,18.10000,2.24033,20.63438,49.00000,,20.00000,0.73044,1
201,2716,473.98300,18.10667,2.24237,20.63439,49.00000,,20.00000,0.73038,1
201,2717,474.14401,18.11333,2.24440,20.63439,51.00000,,20.00000,0.73032,1
201,2718,474.31400,18.12000,2.24633,20.63388,51.00000,,20.00000,0.73026,1
201,2719,474.47699,18.12667,2.24837,20.63385,52.00000,,20.00000,0.73021,1
201,2720,474.63901,18.13333,2.25019,20.63382,52.00000,,20.00000,0.73015,1
201,2721,474.80301,18.14000,2.25217,20.63386,49.00000,,20.00000,0.73009,1
201,2722,474.97000,18.14667,2.25432,20.63389,50.00000,,20.00000,0.73003,1
201,2723,475.13000,18.15333,2.25619,20.63390,49.00000,,20.00000,0.72997,1
201,2724,475.29999,18.16000,2.25801,20.63391,49.00000,,20.00000,0.72991,1
201,2725,475.46201,18.16667,2.25989,20.63392,50.00000,,20.00000,0.72985,1
201,2726,475.62500,18.17333,2.26181,20.63341,52.00000,,20.00000,0.72979,1
201,2727,475.78601,18.18000,2.26374,20.63343,52.00000,,20.00000,0.72974,1
201,2728,475.94299,18.18667,2.26594,20.63344,49.00000,,20.00000,0.72968,1
201,2729,476.10699,18.19333,2.26787,20.63346,49.00000,,20.00000,0.72962,1
201,2730,476.27301,18.20000,2.26986,20.63347,49.00000,,20.00000,0.72956,1
201,2731,476.43100,18.20667,2.27189,20.63348,50.00000,,20.00000,0.72950,1
201,2732,476.60001,18.21333,2.27383,20.63349,50.00000,,20.00000,0.72944,1
201,2733,476.74799,18.22000,2.27580,20.63298,50.00000,,20.00000,0.72939,1
201,2734,476.92899,18.22667,2.27786,20.63299,50.00000,,20.00000,0.72932,1
201,2735,477.09201,18.23333,2.27968,20.63300,49.00000,,20.00000,0.72927,1
201,2736,477.25601,18.24000,2.28167,20.63299,49.00000,,20.00000,0.72921,1
201,2737,477.41199,18.24667,2.28349,20.63297,49.00000,,20.00000,0.72915,1
201,2738,477.56299,18.25333,2.28535,20.63301,49.00000,,20.00000,0.72910,1
201,2739,477.73801,18.26000,2.28730,20.63305,50.00000,,20.00000,0.72903,1
201,2740,477.89899,18.26667,2.28940,20.63254,51.00000,,20.00000,0.72897,1
201,2741,478.06400,18.27333,2.29155,20.63255,51.00000,,20.00000,0.72891,1
201,2742,478.23099,18.28000,2.29366,20.63255,51.00000,,20.00000,0.72885,1
201,2743,478.38599,18.28667,2.29580,20.63252,49.00000,,20.00000,0.72880,1
201,2744,478.55701,18.29333,2.29786,20.63249,50.00000,,20.00000,0.72874,1
201,2745,478.72000,18.30000,2.29985,20.63253,50.00000,,20.00000,0.72868,1
201,2746,478.88901,18.30667,2.30196,20.63256,49.00000,,20.00000,0.72861,1
201,2747,479.04599,18.31333,2.30400,20.63204,50.00000,,20.00000,0.72856,1
201,2748,479.22101,18.32000,2.30611,20.63205,50.00000,,20.00000,0.72849,1
201,2749,479.38300,18.32667,2.30750,20.63206,50.00000,,20.00000,0.72843,1
201,2750,479.54700,18.33333,2.30972,20.63207,50.00000,,20.00000,0.72837,1
201,2751,479.70200,18.34000,2.31198,20.63208,49.00000,,20.00000,0.72832,1
201,2752,479.87000,18.34667,2.31414,20.63210,49.00000,,20.00000,0.72826,1
201,2753,480.02802,18.35333,2.31602,20.63211,50.00000,,20.00000,0.72820,1
201,2754,480.19400,18.36000,2.31786,20.63160,50.00000,,20.00000,0.72814,1
201,2755,480.35501,18.36667,2.32007,20.63161,50.00000,,20.00000,0.72808,1
201,2756,480.51901,18.37333,2.32212,20.63162,50.00000,,20.00000,0.72802,1
201,2757,480.68701,18.38000,2.32401,20.63163,49.00000,,20.00000,0.72796,1
201,2758,480.84601,18.38667,2.32601,20.63164,49.00000,,20.00000,0.72790,1
201,2759,481.00900,18.39333,2.32795,20.63165,49.00000,,20.00000,0.72784,1
201,2760,481.17001,18.40000,2.33000,20.63162,50.00000,,20.00000,0.72778,1
201,2761,481.33701,18.40667,2.33195,20.63108,50.00000,,20.00000,0.72772,1
201,2762,481.50601,18.41333,2.33390,20.63060,50.00000,,20.00000,0.72766,1
201,2763,481.66501,18.42000,2.33579,20.63011,50.00000,,20.00000,0.72760,1
201,2764,481.82101,18.42667,2.33772,20.62959,49.00000,,20.00000,0.72754,1
201,2765,482.00299,18.43333,2.33958,20.62856,49.00000,,20.00000,0.72748,1
201,2766,482.15799,18.44000,2.34130,20.62805,49.00000,,20.00000,0.72742,1
201,2767,482.31699,18.44667,2.34291,20.62753,51.00000,,20.00000,0.72736,1
201,2768,482.48801,18.45333,2.34460,20.62703,51.00000,,20.00000,0.72730,1
201,2769,482.64401,18.46000,2.34632,20.62704,51.00000,,20.00000,0.72724,1
201,2770,482.80701,18.46667,2.34821,20.62653,51.00000,,20.00000,0.72718,1
201,2771,482.97299,18.47333,2.34989,20.62602,49.00000,,20.00000,0.72712,1
201,2772,483.14001,18.48000,2.35168,20.62603,49.00000,,20.00000,0.72706,1
201,2773,483.28699,18.48667,2.35311,20.62552,49.00000,,20.00000,0.72700,1
201,2774,483.46399,18.49333,2.35469,20.62553,50.00000,,20.00000,0.72694,1
201,2775,483.62900,18.50000,2.35626,20.62503,50.00000,,20.00000,0.72688,1
201,2776,483.79001,18.50667,2.35799,20.62504,50.00000,,20.00000,0.72682,1
201,2777,483.94400,18.51333,2.36010,20.62502,49.00000,,20.00000,0.72676,1
201,2778,484.11099,18.52000,2.36183,20.62448,49.00000,,20.00000,0.72670,1
201,2779,484.27399,18.52667,2.36302,20.62452,50.00000,,20.00000,0.72664,1
201,2780,484.43799,18.53333,2.36404,20.62404,50.00000,,20.00000,0.72658,1
201,2781,484.60400,18.54000,2.36561,20.62405,50.00000,,20.00000,0.72651,1
201,2782,484.76199,18.54667,2.36723,20.62406,50.00000,,20.00000,0.72645,1
201,2783,484.94000,18.55333,2.36876,20.62355,50.00000,,20.00000,0.72639,1
201,2784,485.09000,18.56000,2.37026,20.62356,49.00000,,20.00000,0.72633,1
201,2785,485.25800,18.56667,2.37129,20.62305,49.00000,,20.00000,0.72627,1
201,2786,485.41400,18.57333,2.37257,20.62306,50.00000,,20.00000,0.72621,1
201,2787,485.58099,18.58000,2.37387,20.62307,50.00000,,20.00000,0.72615,1
201,2788,485.74301,18.58667,2.37533,20.62256,51.00000,,20.00000,0.72609,1
201,2789,485.91299,18.59333,2.37686,20.62257,51.00000,,20.00000,0.72603,1
201,2790,486.06799,18.60000,2.37793,20.62206,51.00000,,20.00000,0.72597,1
201,2791,486.23901,18.60667,2.37869,20.62207,51.00000,,20.00000,0.72590,1
201,2792,486.39499,18.61333,2.37976,20.62208,49.00000,,20.00000,0.72585,1
201,2793,486.56400,18.62000,2.38073,20.62157,49.00000,,20.00000,0.72578,1
201,2794,486.72900,18.62667,2.38192,20.62154,50.00000,,20.00000,0.72572,1
201,2795,486.88400,18.63333,2.38294,20.62100,51.00000,,20.00000,0.72566,1
201,2796,487.05301,18.64000,2.38391,20.62103,52.00000,,20.00000,0.72560,1
201,2797,487.22501,18.64667,2.38484,20.62107,52.00000,,20.00000,0.72553,1
201,2798,487.38400,18.65333,2.38520,20.62056,49.00000,,20.00000,0.72547,1
201,2799,487.55099,18.66000,2.38585,20.62057,49.00000,,20.00000,0.72541,1
201,2800,487.70700,18.66667,2.38675,20.62006,50.00000,,20.00000,0.72535,1
201,2801,487.87100,18.67333,2.38767,20.62006,50.00000,,20.00000,0.72529,1
201,2802,488.03799,18.68000,2.38843,20.62007,50.00000,,20.00000,0.72523,1
201,2803,488.19901,18.68667,2.38863,20.61956,50.00000,,20.00000,0.72517,1
201,2804,488.37201,18.69333,2.38879,20.61957,49.00000,,20.00000,0.72510,1
201,2805,488.53000,18.70000,2.38898,20.61905,49.00000,,20.00000,0.72504,1
201,2806,488.69501,18.70667,2.38924,20.61906,49.00000,,20.00000,0.72498,1
201,2807,488.85800,18.71333,2.38972,20.61907,50.00000,,20.00000,0.72492,1
201,2808,489.02100,18.72000,2.39009,20.61856,50.00000,,20.00000,0.72486,1
201,2809,489.18701,18.72667,2.39035,20.61858,51.00000,,20.00000,0.72480,1
201,2810,489.33600,18.73333,2.39059,20.61806,51.00000,,20.00000,0.72474,1
201,2811,489.51700,18.74000,2.39093,20.61804,51.00000,,20.00000,0.72467,1
201,2812,489.67200,18.74667,2.39079,20.61802,49.00000,,20.00000,0.72461,1
201,2813,489.84100,18.75333,2.39067,20.61754,49.00000,,20.00000,0.72455,1
201,2814,490.00000,18.76000,2.39054,20.61758,51.00000,,20.00000,0.72449,1
201,2815,490.16400,18.76667,2.39036,20.61759,51.00000,,20.00000,0.72443,1
201,2816,490.32999,18.77333,2.39007,20.61760,52.00000,,20.00000,0.72436,1
201,2817,490.49701,18.78000,2.38979,20.61709,52.00000,,20.00000,0.72430,1
201,2818,490.65201,18.78667,2.38916,20.61707,49.00000,,20.00000,0.72424,1
201,2819,490.82001,18.79333,2.38865,20.61704,49.00000,,20.00000,0.72418,1
201,2820,490.98599,18.80000,2.38815,20.61709,50.00000,,20.00000,0.72411,1
201,2821,491.14899,18.80667,2.38780,20.61714,50.00000,,20.00000,0.72405,1
201,2822,491.30600,18.81333,2.38745,20.61715,50.00000,,20.00000,0.72399,1
201,2823,491.47501,18.82000,2.38650,20.61716,50.00000,,20.00000,0.72393,1
201,2824,491.63400,18.82667,2.38566,20.61717,50.00000,,20.00000,0.72387,1
201,2825,491.80099,18.83333,2.38499,20.61719,49.00000,,20.00000,0.72380,1
201,2826,491.96500,18.84000,2.38398,20.61720,49.00000,,20.00000,0.72374,1
201,2827,492.12299,18.84667,2.38297,20.61722,51.00000,,20.00000,0.72368,1
201,2828,492.29300,18.85333,2.38219,20.61724,50.00000,,20.00000,0.72361,1
201,2829,492.44299,18.86000,2.38128,20.61726,52.00000,,20.00000,0.72356,1
201,2830,492.61301,18.86667,2.38028,20.61728,50.00000,,20.00000,0.72349,1
201,2831,492.76801,18.87333,2.37893,20.61729,49.00000,,20.00000,0.72343,1
201,2832,492.93399,18.88000,2.37765,20.61731,49.00000,,20.00000,0.72337,1
201,2833,493.09799,18.88667,2.37626,20.61732,49.00000,,20.00000,0.72331,1
201,2834,493.26501,18.89333,2.37477,20.61733,51.00000,,20.00000,0.72324,1
201,2835,493.42599,18.90000,2.37320,20.61730,51.00000,,20.00000,0.72318,1
201,2836,493.59399,18.90667,2.37160,20.61728,52.00000,,20.00000,0.72312,1
201,2837,493.75299,18.91333,2.37009,20.61733,52.00000,,20.00000,0.72306,1
201,2838,493.91901,18.92000,2.36859,20.61738,49.00000,,20.00000,0.72299,1
201,2839,494.08200,18.92667,2.36698,20.61739,49.00000,,20.00000,0.72293,1
201,2840,494.23999,18.93333,2.36525,20.61741,49.00000,,20.00000,0.72287,1
201,2841,494.40302,18.94000,2.36352,20.61742,50.00000,,20.00000,0.72281,1
201,2842,494.56400,18.94667,2.36174,20.61743,50.00000,,20.00000,0.72274,1
201,2843,494.73099,18.95333,2.35980,20.61744,50.00000,,20.00000,0.72268,1
201,2844,494.89600,18.96000,2.35752,20.61745,50.00000,,20.00000,0.72262,1
201,2845,495.06500,18.96667,2.35548,20.61746,49.00000,,20.00000,0.72255,1
201,2846,495.22900,18.97333,2.35331,20.61748,49.00000,,20.00000,0.72249,1
201,2847,495.38000,18.98000,2.35124,20.61749,50.00000,,20.00000,0.72243,1
201,2848,495.55200,18.98667,2.34914,20.61750,50.00000,,20.00000,0.72236,1
201,2849,495.71301,18.99333,2.34702,20.61751,50.00000,,20.00000,0.72230,1
201,2850,495.86801,19.00000,2.34451,20.61752,50.00000,,20.00000,0.72224,1
201,2851,496.05200,19.00667,2.34237,20.61754,49.00000,,20.00000,0.72217,1
201,2852,496.20200,19.01333,2.34008,20.61751,49.00000,,20.00000,0.72211,1
201,2853,496.36801,19.02000,2.33769,20.61749,50.00000,,20.00000,0.72205,1
201,2854,496.53299,19.02667,2.33520,20.61753,49.00000,,20.00000,0.72198,1
201,2855,496.69101,19.03333,2.33263,20.61758,51.00000,,20.00000,0.72192,1
201,2856,496.85800,19.04000,2.33014,20.61759,50.00000,,20.00000,0.72186,1
201,2857,497.02899,19.04667,2.32765,20.61761,50.00000,,20.00000,0.72179,1
201,2858,497.18500,19.05333,2.32514,20.61762,51.00000,,20.00000,0.72173,1
201,2859,497.35001,19.06000,2.32247,20.61764,49.00000,,20.00000,0.72166,1
201,2860,497.50800,19.06667,2.32002,20.61766,49.00000,,20.00000,0.72160,1
201,2861,497.66599,19.07333,2.31740,20.61768,50.00000,,20.00000,0.72154,1
201,2862,497.84100,19.08000,2.31469,20.61770,50.00000,,20.00000,0.72147,1
201,2863,497.99500,19.08667,2.31185,20.61772,50.00000,,20.00000,0.72141,1
201,2864,498.16101,19.09333,2.30901,20.61774,50.00000,,20.00000,0.72135,1
201,2865,498.32401,19.10000,2.30623,20.61776,49.00000,,20.00000,0.72128,1
201,2866,498.48001,19.10667,2.30350,20.61777,49.00000,,20.00000,0.72122,1
201,2867,498.63901,19.11333,2.30066,20.61779,50.00000,,20.00000,0.72116,1
201,2868,498.80801,19.12000,2.29783,20.61780,50.00000,,20.00000,0.72110,1
201,2869,498.97299,19.12667,2.29500,20.61778,50.00000,,20.00000,0.72103,1
201,2870,499.13599,19.13333,2.29210,20.61776,50.00000,,20.00000,0.72097,1
201,2871,499.30200,19.14000,2.28927,20.61781,49.00000,,20.00000,0.72090,1
201,2872,499.46201,19.14667,2.28648,20.61785,49.00000,,20.00000,0.72084,1
201,2873,499.62299,19.15333,2.28375,20.61787,50.00000,,20.00000,0.72078,1
201,2874,499.79199,19.16000,2.28037,20.61788,50.00000,,20.00000,0.72071,1
201,2875,499.95200,19.16667,2.27709,20.61790,50.00000,,20.00000,0.72065,1
201,2876,500.11899,19.17333,2.27414,20.61788,51.00000,,20.00000,0.72058,1
201,2877,500.27600,19.18000,2.27157,20.61787,51.00000,,20.00000,0.72052,1
201,2878,500.44501,19.18667,2.26879,20.61791,50.00000,,20.00000,0.72045,1
201,2879,500.59201,19.19333,2.26577,20.61796,50.00000,,20.00000,0.72040,1
201,2880,500.77100,19.20000,2.26306,20.61798,50.00000,,20.00000,0.72032,1
201,2881,500.93500,19.20667,2.26016,20.61800,51.00000,,20.00000,0.72026,1
201,2882,501.08801,19.21333,2.25725,20.61801,51.00000,,20.00000,0.72020,1
201,2883,501.25500,19.22000,2.25436,20.61803,52.00000,,20.00000,0.72013,1
201,2884,501.41599,19.22667,2.25135,20.61804,52.00000,,20.00000,0.72007,1
201,2885,501.57999,19.23333,2.24828,20.61806,49.00000,,20.00000,0.72001,1
201,2886,501.74301,19.24000,2.24511,20.61808,49.00000,,20.00000,0.71994,1
201,2887,501.91101,19.24667,2.24205,20.61809,50.00000,,20.00000,0.71987,1
201,2888,502.06799,19.25333,2.23942,20.61811,50.00000,,20.00000,0.71981,1
201,2889,502.22900,19.26000,2.23679,20.61812,50.00000,,20.00000,0.71975,1
201,2890,502.39801,19.26667,2.23401,20.61814,50.00000,,20.00000,0.71968,1
201,2891,502.55701,19.27333,2.23105,20.61816,50.00000,,20.00000,0.71962,1
201,2892,502.72400,19.28000,2.22804,20.61818,49.00000,,20.00000,0.71955,1
201,2893,502.88199,19.28667,2.22519,20.61816,49.00000,,20.00000,0.71949,1
201,2894,503.04599,19.29333,2.22234,20.61814,51.00000,,20.00000,0.71943,1
201,2895,503.20599,19.30000,2.21949,20.61819,51.00000,,20.00000,0.71936,1
201,2896,503.37601,19.30667,2.21660,20.61824,52.00000,,20.00000,0.71929,1
201,2897,503.53900,19.31333,2.21358,20.61826,52.00000,,20.00000,0.71923,1
201,2898,503.69800,19.32000,2.21068,20.61827,49.00000,,20.00000,0.71917,1
201,2899,503.86200,19.32667,2.20783,20.61829,49.00000,,20.00000,0.71910,1
201,2900,504.01901,19.33333,2.20503,20.61831,49.00000,,20.00000,0.71904,1
201,2901,504.19699,19.34000,2.20270,20.61833,49.00000,,20.00000,0.71897,1
201,2902,504.34601,19.34667,2.20011,20.61835,51.00000,,20.00000,0.71891,1
201,2903,504.51099,19.35333,2.19753,20.61837,52.00000,,20.00000,0.71884,1
201,2904,504.67099,19.36000,2.19479,20.61839,52.00000,,20.00000,0.71878,1
201,2905,504.83801,19.36667,2.19195,20.61841,49.00000,,20.00000,0.71871,1
201,2906,504.99701,19.37333,2.18914,20.61843,52.00000,,20.00000,0.71865,1
201,2907,505.15399,19.38000,2.18656,20.61844,49.00000,,20.00000,0.71859,1
201,2908,505.33099,19.38667,2.18406,20.61846,50.00000,,20.00000,0.71851,1
201,2909,505.48199,19.39333,2.18175,20.61847,50.00000,,20.00000,0.71845,1
201,2910,505.64999,19.40000,2.17918,20.61845,50.00000,,20.00000,0.71839,1
201,2911,505.82001,19.40667,2.17650,20.61843,50.00000,,20.00000,0.71832,1
201,2912,505.97299,19.41333,2.17397,20.61848,49.00000,,20.00000,0.71826,1
201,2913,506.14401,19.42000,2.17151,20.61853,49.00000,,20.00000,0.71819,1
201,2914,506.30301,19.42667,2.16904,20.61855,51.00000,,20.00000,0.71813,1
201,2915,506.46399,19.43333,2.16668,20.61857,51.00000,,20.00000,0.71806,1
201,2916,506.63000,19.44000,2.16472,20.61859,52.00000,,20.00000,0.71799,1
201,2917,506.78699,19.44667,2.16236,20.61860,50.00000,,20.00000,0.71793,1
201,2918,506.95401,19.45333,2.16000,20.61862,49.00000,,20.00000,0.71786,1
201,2919,507.11801,19.46000,2.15765,20.61863,49.00000,,20.00000,0.71780,1
201,2920,507.28201,19.46667,2.15524,20.61864,51.00000,,20.00000,0.71773,1
201,2921,507.44199,19.47333,2.15315,20.61865,51.00000,,20.00000,0.71767,1
201,2922,507.61499,19.48000,2.15092,20.61867,52.00000,,20.00000,0.71760,1
201,2923,507.78101,19.48667,2.14845,20.61869,52.00000,,20.00000,0.71753,1
201,2924,507.93500,19.49333,2.14614,20.61870,49.00000,,20.00000,0.71747,1
201,2925,508.09601,19.50000,2.14417,20.61873,50.00000,,20.00000,0.71740,1
201,2926,508.26001,19.50667,2.14237,20.61875,50.00000,,20.00000,0.71734,1
201,2927,508.42801,19.51333,2.13974,20.61875,50.00000,,20.00000,0.71727,1
201,2928,508.58099,19.52000,2.13764,20.61874,50.00000,,20.00000,0.71721,1
201,2929,508.74100,19.52667,2.13550,20.61879,50.00000,,20.00000,0.71714,1
201,2930,508.90201,19.53333,2.13358,20.61884,49.00000,,20.00000,0.71708,1
201,2931,509.07199,19.54000,2.13151,20.61886,49.00000,,20.00000,0.71701,1
201,2932,509.23199,19.54667,2.12948,20.61888,50.00000,,20.00000,0.71694,1
201,2933,509.39999,19.55333,2.12790,20.61890,50.00000,,20.00000,0.71688,1
201,2934,509.55499,19.56000,2.12603,20.61888,50.00000,,20.00000,0.71681,1
201,2935,509.72000,19.56667,2.12417,20.61887,50.00000,,20.00000,0.71675,1
201,2936,509.88800,19.57333,2.12248,20.61893,49.00000,,20.00000,0.71668,1
201,2937,510.04199,19.58000,2.12072,20.61898,49.00000,,20.00000,0.71662,1
201,2938,510.20001,19.58667,2.11891,20.61899,49.00000,,20.00000,0.71655,1
201,2939,510.37000,19.59333,2.11706,20.61901,49.00000,,20.00000,0.71648,1
201,2940,510.53500,19.60000,2.11520,20.61903,50.00000,,20.00000,0.71641,1
201,2941,510.69800,19.60667,2.11345,20.61904,50.00000,,20.00000,0.71635,1
201,2942,510.86401,19.61333,2.11192,20.61906,50.00000,,20.00000,0.71628,1
201,2943,511.02301,19.62000,2.11039,20.61908,50.00000,,20.00000,0.71622,1
201,2944,511.18399,19.62667,2.10869,20.61906,50.00000,,20.00000,0.71615,1
201,2945,511.35001,19.63333,2.10700,20.61905,49.00000,,20.00000,0.71608,1
201,2946,511.51199,19.64000,2.10541,20.61910,50.00000,,20.00000,0.71602,1
201,2947,511.67899,19.64667,2.10383,20.61916,50.00000,,20.00000,0.71595,1
201,2948,511.83401,19.65333,2.10223,20.61918,49.00000,,20.00000,0.71589,1
201,2949,511.99500,19.66000,2.10098,20.61921,49.00000,,20.00000,0.71582,1
201,2950,512.15900,19.66667,2.09967,20.61923,49.00000,,20.00000,0.71575,1
201,2951,512.31799,19.67333,2.09825,20.61922,49.00000,,20.00000,0.71569,1
201,2952,512.48401,19.68000,2.09683,20.61920,50.00000,,20.00000,0.71562,1
201,2953,512.64697,19.68667,2.09547,20.61925,50.00000,,20.00000,0.71555,1
201,2954,512.80902,19.69333,2.09410,20.61929,50.00000,,20.00000,0.71549,1
201,2955,512.97601,19.70000,2.09269,20.61931,50.00000,,20.00000,0.71542,1
201,2956,513.14301,19.70667,2.09150,20.61932,49.00000,,20.00000,0.71535,1
201,2957,513.30603,19.71333,2.09030,20.61933,49.00000,,20.00000,0.71528,1
201,2958,513.47101,19.72000,2.08910,20.61935,49.00000,,20.00000,0.71521,1
201,2959,513.63098,19.72667,2.08779,20.61937,51.00000,,20.00000,0.71515,1
201,2960,513.79498,19.73333,2.08648,20.61939,51.00000,,20.00000,0.71508,1
201,2961,513.96198,19.74000,2.08529,20.61942,51.00000,,20.00000,0.71501,1
201,2962,514.11102,19.74667,2.08402,20.61944,50.00000,,20.00000,0.71495,1
201,2963,514.28302,19.75333,2.08278,20.61947,49.00000,,20.00000,0.71488,1
201,2964,514.43597,19.76000,2.08157,20.61949,49.00000,,20.00000,0.71482,1
201,2965,514.59802,19.76667,2.08037,20.61951,50.00000,,20.00000,0.71475,1
201,2966,514.76202,19.77333,2.07984,20.61901,50.00000,,20.00000,0.71468,1
201,2967,514.92798,19.78000,2.07887,20.61903,49.00000,,20.00000,0.71461,1
201,2968,515.09399,19.78667,2.07767,20.61901,49.00000,,20.00000,0.71455,1
201,2969,515.25299,19.79333,2.07669,20.61899,49.00000,,20.00000,0.71448,1
201,2970,515.42297,19.80000,2.07550,20.61904,50.00000,,20.00000,0.71441,1
201,2971,515.58600,19.80667,2.07453,20.61909,50.00000,,20.00000,0.71434,1
201,2972,515.73999,19.81333,2.07360,20.61910,50.00000,,20.00000,0.71428,1
201,2973,515.91199,19.82000,2.07263,20.61912,50.00000,,20.00000,0.71421,1
201,2974,516.07001,19.82667,2.07170,20.61913,50.00000,,20.00000,0.71414,1
201,2975,516.24298,19.83333,2.07074,20.61915,49.00000,,20.00000,0.71407,1
201,2976,516.40198,19.84000,2.06982,20.61865,49.00000,,20.00000,0.71400,1
201,2977,516.55902,19.84667,2.06889,20.61866,51.00000,,20.00000,0.71394,1
201,2978,516.72198,19.85333,2.06819,20.61868,51.00000,,20.00000,0.71387,1
201,2979,516.89697,19.86000,2.06751,20.61870,51.00000,,20.00000,0.71380,1
201,2980,517.04999,19.86667,2.06680,20.61872,52.00000,,20.00000,0.71374,1
201,2981,517.21301,19.87333,2.06588,20.61873,49.00000,,20.00000,0.71367,1
201,2982,517.37598,19.88000,2.06501,20.61875,49.00000,,20.00000,0.71360,1
201,2983,517.54602,19.88667,2.06404,20.61877,50.00000,,20.00000,0.71353,1
201,2984,517.70697,19.89333,2.06323,20.61878,50.00000,,20.00000,0.71346,1
201,2985,517.87799,19.90000,2.06232,20.61825,50.00000,,20.00000,0.71339,1
201,2986,518.03302,19.90667,2.06161,20.61823,52.00000,,20.00000,0.71333,1
201,2987,518.19299,19.91333,2.06086,20.61829,49.00000,,20.00000,0.71326,1
201,2988,518.36200,19.92000,2.06028,20.61834,49.00000,,20.00000,0.71319,1
201,2989,518.51202,19.92667,2.05968,20.61835,50.00000,,20.00000,0.71313,1
201,2990,518.68500,19.93333,2.05910,20.61837,50.00000,,20.00000,0.71305,1
201,2991,518.85498,19.94000,2.05841,20.61838,50.00000,,20.00000,0.71298,1
201,2992,519.01501,19.94667,2.05766,20.61840,50.00000,,20.00000,0.71292,1
201,2993,519.17902,19.95333,2.05707,20.61841,49.00000,,20.00000,0.71285,1
201,2994,519.34302,19.96000,2.05727,20.61843,49.00000,,20.00000,0.71278,1
201,2995,519.50598,19.96667,2.05635,20.61793,51.00000,,20.00000,0.71271,1
201,2996,519.66803,19.97333,2.05582,20.61795,51.00000,,20.00000,0.71264,1
201,2997,519.83002,19.98000,2.05529,20.61796,52.00000,,20.00000,0.71258,1
201,2998,519.98999,19.98667,2.05470,20.61798,52.00000,,20.00000,0.71251,1
201,2999,520.15900,19.99333,2.05434,20.61800,49.00000,,20.00000,0.71244,1
201,3000,520.32599,20.00000,2.05376,20.61803,49.00000,,20.00000,0.71237,1
201,3001,520.47998,20.00667,2.05328,20.61805,49.00000,,20.00000,0.71230,1
201,3002,520.64697,20.01333,2.05258,20.61803,50.00000,,20.00000,0.71223,1
201,3003,520.80402,20.02000,2.05188,20.61802,51.00000,,20.00000,0.71217,1
201,3004,520.97400,20.02667,2.05119,20.61808,51.00000,,20.00000,0.71209,1
201,3005,521.13000,20.03333,2.05132,20.61760,49.00000,,20.00000,0.71203,1
201,3006,521.30200,20.04000,2.05086,20.61762,49.00000,,20.00000,0.71196,1
201,3007,521.46002,20.04667,2.05049,20.61764,50.00000,,20.00000,0.71189,1
201,3008,521.62903,20.05333,2.04991,20.61766,50.00000,,20.00000,0.71182,1
201,3009,521.78198,20.06000,2.04915,20.61765,50.00000,,20.00000,0.71175,1
201,3010,521.95099,20.06667,2.04885,20.61763,50.00000,,20.00000,0.71168,1
201,3011,522.11603,20.07333,2.04866,20.61769,50.00000,,20.00000,0.71161,1
201,3012,522.27502,20.08000,2.04829,20.61774,50.00000,,20.00000,0.71155,1
201,3013,522.44000,20.08667,2.04799,20.61776,49.00000,,20.00000,0.71148,1
201,3014,522.60797,20.09333,2.04780,20.61778,51.00000,,20.00000,0.71141,1
201,3015,522.76801,20.10000,2.04754,20.61728,51.00000,,20.00000,0.71134,1
201,3016,522.92499,20.10667,2.04723,20.61730,52.00000,,20.00000,0.71127,1
201,3017,523.08600,20.11333,2.04681,20.61732,52.00000,,20.00000,0.71120,1
201,3018,523.26001,20.12000,2.04663,20.61734,52.00000,,20.00000,0.71113,1
201,3019,523.42401,20.12667,2.04644,20.61735,49.00000,,20.00000,0.71106,1
201,3020,523.57599,20.13333,2.04629,20.61737,50.00000,,20.00000,0.71100,1
201,3021,523.75299,20.14000,2.04600,20.61738,51.00000,,20.00000,0.71092,1
201,3022,523.90900,20.14667,2.04563,20.61740,51.00000,,20.00000,0.71085,1
201,3023,524.08301,20.15333,2.04556,20.61742,49.00000,,20.00000,0.71078,1
201,3024,524.23297,20.16000,2.04530,20.61691,49.00000,,20.00000,0.71072,1
201,3025,524.39899,20.16667,2.04500,20.61693,49.00000,,20.00000,0.71065,1
201,3026,524.57001,20.17333,2.04487,20.61692,50.00000,,20.00000,0.71057,1
201,3027,524.72699,20.18000,2.04461,20.61691,50.00000,,20.00000,0.71051,1
201,3028,524.89301,20.18667,2.04425,20.61696,50.00000,,20.00000,0.71044,1
201,3029,525.05701,20.19333,2.04406,20.61702,50.00000,,20.00000,0.71037,1
201,3030,525.21899,20.20000,2.04387,20.61704,49.00000,,20.00000,0.71030,1
201,3031,525.37903,20.20667,2.04373,20.61706,49.00000,,20.00000,0.71023,1
201,3032,525.53601,20.21333,2.04358,20.61708,51.00000,,20.00000,0.71016,1
201,3033,525.70099,20.22000,2.04345,20.61710,51.00000,,20.00000,0.71009,1
201,3034,525.87500,20.22667,2.04333,20.61660,52.00000,,20.00000,0.71002,1
201,3035,526.03302,20.23333,2.04318,20.61661,52.00000,,20.00000,0.70995,1
201,3036,526.19800,20.24000,2.04305,20.61663,49.00000,,20.00000,0.70988,1
201,3037,526.36499,20.24667,2.04298,20.61612,49.00000,,20.00000,0.70981,1
201,3038,526.52802,20.25333,2.04312,20.61509,50.00000,,20.00000,0.70974,1
201,3039,526.68701,20.26000,2.04337,20.61407,50.00000,,20.00000,0.70967,1
201,3040,526.85901,20.26667,2.04319,20.61357,50.00000,,20.00000,0.70960,1
201,3041,527.02100,20.27333,2.04300,20.61254,50.00000,,20.00000,0.70953,1
201,3042,527.17499,20.28000,2.04285,20.61203,50.00000,,20.00000,0.70946,1
201,3043,527.33600,20.28667,2.04266,20.61149,50.00000,,20.00000,0.70939,1
201,3044,527.51099,20.29333,2.04265,20.61095,50.00000,,20.00000,0.70932,1
201,3045,527.67700,20.30000,2.04240,20.61049,50.00000,,20.00000,0.70925,1
201,3046,527.84100,20.30667,2.04272,20.61054,50.00000,,20.00000,0.70918,1
201,3047,527.99902,20.31333,2.04275,20.61004,50.00000,,20.00000,0.70911,1
201,3048,528.16498,20.32000,2.04261,20.61006,49.00000,,20.00000,0.70904,1
201,3049,528.33099,20.32667,2.04248,20.60956,49.00000,,20.00000,0.70896,1
201,3050,528.48602,20.33333,2.04239,20.60959,51.00000,,20.00000,0.70890,1
201,3051,528.64899,20.34000,2.04254,20.60961,51.00000,,20.00000,0.70883,1
201,3052,528.81299,20.34667,2.04263,20.60910,51.00000,,20.00000,0.70876,1
201,3053,528.97601,20.35333,2.04261,20.60912,52.00000,,20.00000,0.70869,1
201,3054,529.14502,20.36000,2.04271,20.60914,52.00000,,20.00000,0.70861,1
201,3055,529.30798,20.36667,2.04257,20.60916,49.00000,,20.00000,0.70854,1
201,3056,529.47101,20.37333,2.04255,20.60866,49.00000,,20.00000,0.70847,1
201,3057,529.63000,20.38000,2.04258,20.60867,49.00000,,20.00000,0.70840,1
201,3058,529.79700,20.38667,2.04256,20.60869,51.00000,,20.00000,0.70833,1
201,3059,529.96301,20.39333,2.04254,20.60819,51.00000,,20.00000,0.70826,1
201,3060,530.13000,20.40000,2.04247,20.60817,51.00000,,20.00000,0.70819,1
201,3061,530.29401,20.40667,2.04251,20.60815,49.00000,,20.00000,0.70812,1
201,3062,530.45001,20.41333,2.04264,20.60820,49.00000,,20.00000,0.70805,1
201,3063,530.61700,20.42000,2.04274,20.60773,49.00000,,20.00000,0.70798,1
201,3064,530.78497,20.42667,2.04278,20.60775,50.00000,,20.00000,0.70790,1
201,3065,530.94397,20.43333,2.04264,20.60777,50.00000,,20.00000,0.70784,1
201,3066,531.10901,20.44000,2.04262,20.60779,49.00000,,20.00000,0.70776,1
201,3067,531.27698,20.44667,2.04261,20.60726,49.00000,,20.00000,0.70769,1
201,3068,531.43799,20.45333,2.04258,20.60724,49.00000,,20.00000,0.70762,1
201,3069,531.60400,20.46000,2.04251,20.60729,49.00000,,20.00000,0.70755,1
201,3070,531.75800,20.46667,2.04259,20.60735,49.00000,,20.00000,0.70748,1
201,3071,531.92798,20.47333,2.04281,20.60685,50.00000,,20.00000,0.70741,1
201,3072,532.09698,20.48000,2.04285,20.60687,50.00000,,20.00000,0.70734,1
201,3073,532.25500,20.48667,2.04299,20.60690,50.00000,,20.00000,0.70727,1
201,3074,532.41498,20.49333,2.04308,20.60692,50.00000,,20.00000,0.70720,1
201,3075,532.57800,20.50000,2.04323,20.60642,49.00000,,20.00000,0.70713,1
201,3076,532.74103,20.50667,2.04309,20.60644,49.00000,,20.00000,0.70705,1
201,3077,532.90198,20.51333,2.04324,20.60642,51.00000,,20.00000,0.70698,1
201,3078,533.07703,20.52000,2.04341,20.60640,51.00000,,20.00000,0.70691,1
201,3079,533.23602,20.52667,2.04344,20.60594,51.00000,,20.00000,0.70684,1
201,3080,533.40399,20.53333,2.04371,20.60599,51.00000,,20.00000,0.70677,1
201,3081,533.56299,20.54000,2.04391,20.60601,49.00000,,20.00000,0.70670,1
201,3082,533.72302,20.54667,2.04400,20.60603,49.00000,,20.00000,0.70663,1
201,3083,533.88599,20.55333,2.04415,20.60552,50.00000,,20.00000,0.70655,1
201,3084,534.06097,20.56000,2.04442,20.60551,50.00000,,20.00000,0.70648,1
201,3085,534.21802,20.56667,2.04451,20.60549,50.00000,,20.00000,0.70641,1
201,3086,534.39099,20.57333,2.04473,20.60554,50.00000,,20.00000,0.70633,1
201,3087,534.55402,20.58000,2.04482,20.60559,49.00000,,20.00000,0.70626,1
201,3088,534.70502,20.58667,2.04501,20.60509,49.00000,,20.00000,0.70620,1
201,3089,534.87402,20.59333,2.04523,20.60511,51.00000,,20.00000,0.70612,1
201,3090,535.04901,20.60000,2.04556,20.60513,50.00000,,20.00000,0.70605,1
201,3091,535.21002,20.60667,2.04571,20.60515,50.00000,,20.00000,0.70597,1
201,3092,535.37201,20.61333,2.04586,20.60464,50.00000,,20.00000,0.70590,1
201,3093,535.52698,20.62000,2.04595,20.60466,49.00000,,20.00000,0.70584,1
201,3094,535.70001,20.62667,2.04605,20.60469,49.00000,,20.00000,0.70576,1
201,3095,535.86102,20.63333,2.04603,20.60471,51.00000,,20.00000,0.70569,1
201,3096,536.02399,20.64000,2.04641,20.60420,51.00000,,20.00000,0.70562,1
201,3097,536.18701,20.64667,2.04679,20.60422,52.00000,,20.00000,0.70555,1
201,3098,536.35699,20.65333,2.04689,20.60424,52.00000,,20.00000,0.70547,1
201,3099,536.51898,20.66000,2.04710,20.60426,49.00000,,20.00000,0.70540,1
201,3100,536.68201,20.66667,2.04748,20.60376,49.00000,,20.00000,0.70533,1
201,3101,536.84601,20.67333,2.04780,20.60375,50.00000,,20.00000,0.70525,1
201,3102,537.01099,20.68000,2.04790,20.60374,50.00000,,20.00000,0.70518,1
201,3103,537.17297,20.68667,2.04822,20.60380,50.00000,,20.00000,0.70511,1
201,3104,537.33301,20.69333,2.04837,20.60333,49.00000,,20.00000,0.70504,1
201,3105,537.49799,20.70000,2.04841,20.60335,49.00000,,20.00000,0.70497,1
201,3106,537.66101,20.70667,2.04879,20.60337,49.00000,,20.00000,0.70490,1
201,3107,537.82501,20.71333,2.04906,20.60339,51.00000,,20.00000,0.70482,1
201,3108,537.99902,20.72000,2.04934,20.60289,50.00000,,20.00000,0.70475,1
201,3109,538.15601,20.72667,2.04943,20.60292,50.00000,,20.00000,0.70468,1
201,3110,538.31799,20.73333,2.04963,20.60294,50.00000,,20.00000,0.70460,1
201,3111,538.48199,20.74000,2.04985,20.60297,49.00000,,20.00000,0.70453,1
201,3112,538.64099,20.74667,2.05022,20.60247,49.00000,,20.00000,0.70446,1
201,3113,538.80402,20.75333,2.05037,20.60249,51.00000,,20.00000,0.70439,1
201,3114,538.96698,20.76000,2.05058,20.60251,51.00000,,20.00000,0.70432,1
201,3115,539.13397,20.76667,2.05074,20.60252,52.00000,,20.00000,0.70424,1
201,3116,539.30402,20.77333,2.05091,20.60202,52.00000,,20.00000,0.70417,1
201,3117,539.47198,20.78000,2.05107,20.60205,52.00000,,20.00000,0.70409,1
201,3118,539.63098,20.78667,2.05122,20.60203,49.00000,,20.00000,0.70402,1
201,3119,539.78802,20.79333,2.05153,20.60202,49.00000,,20.00000,0.70395,1
201,3120,539.95398,20.80000,2.05192,20.60155,50.00000,,20.00000,0.70388,1
201,3121,540.11700,20.80667,2.05213,20.60161,50.00000,,20.00000,0.70381,1
201,3122,540.28302,20.81333,2.05252,20.60163,49.00000,,20.00000,0.70373,1
201,3123,540.45398,20.82000,2.05274,20.60165,49.00000,,20.00000,0.70366,1
201,3124,540.61102,20.82667,2.05294,20.60167,49.00000,,20.00000,0.70359,1
201,3125,540.77698,20.83333,2.05333,20.60169,50.00000,,20.00000,0.70351,1
201,3126,540.94299,20.84000,2.05360,20.60172,50.00000,,20.00000,0.70344,1
201,3127,541.10901,20.84667,2.05393,20.60174,50.00000,,20.00000,0.70336,1
201,3128,541.26300,20.85333,2.05408,20.60177,50.00000,,20.00000,0.70329,1
201,3129,541.43103,20.86000,2.05446,20.60179,49.00000,,20.00000,0.70322,1
201,3130,541.58899,20.86667,2.05478,20.60181,49.00000,,20.00000,0.70315,1
201,3131,541.75598,20.87333,2.05506,20.60184,51.00000,,20.00000,0.70307,1
201,3132,541.91998,20.88000,2.05510,20.60185,51.00000,,20.00000,0.70300,1
201,3133,542.08502,20.88667,2.05532,20.60187,51.00000,,20.00000,0.70293,1
201,3134,542.25500,20.89333,2.05560,20.60189,51.00000,,20.00000,0.70285,1
201,3135,542.41901,20.90000,2.05593,20.60188,51.00000,,20.00000,0.70278,1
201,3136,542.58099,20.90667,2.05625,20.60187,49.00000,,20.00000,0.70270,1
201,3137,542.74402,20.91333,2.05664,20.60193,49.00000,,20.00000,0.70263,1
201,3138,542.90399,20.92000,2.05719,20.60199,50.00000,,20.00000,0.70256,1
201,3139,543.06799,20.92667,2.05740,20.60201,50.00000,,20.00000,0.70249,1
201,3140,543.23297,20.93333,2.05756,20.60204,49.00000,,20.00000,0.70241,1
201,3141,543.39301,20.94000,2.05772,20.60206,49.00000,,20.00000,0.70234,1
201,3142,543.56299,20.94667,2.05811,20.60205,49.00000,,20.00000,0.70226,1
201,3143,543.72400,20.95333,2.05838,20.60203,49.00000,,20.00000,0.70219,1
201,3144,543.89099,20.96000,2.05860,20.60209,50.00000,,20.00000,0.70212,1
201,3145,544.04602,20.96667,2.05880,20.60214,50.00000,,20.00000,0.70205,1
201,3146,544.22803,20.97333,2.05910,20.60216,49.00000,,20.00000,0.70196,1
201,3147,544.38702,20.98000,2.05920,20.60219,49.00000,,20.00000,0.70189,1
201,3148,544.53998,20.98667,2.05940,20.60220,51.00000,,20.00000,0.70182,1
201,3149,544.71399,20.99333,2.05974,20.60223,51.00000,,20.00000,0.70175,1
201,3150,544.87500,21.00000,2.06001,20.60225,52.00000,,20.00000,0.70167,1
201,3151,545.03699,21.00667,2.06040,20.60227,52.00000,,20.00000,0.70160,1
201,3152,545.20398,21.01333,2.06073,20.60230,49.00000,,20.00000,0.70152,1
201,3153,545.36902,21.02000,2.06095,20.60232,49.00000,,20.00000,0.70145,1
201,3154,545.52802,21.02667,2.06111,20.60234,50.00000,,20.00000,0.70138,1
201,3155,545.69897,21.03333,2.06133,20.60237,50.00000,,20.00000,0.70130,1
201,3156,545.85999,21.04000,2.06172,20.60239,50.00000,,20.00000,0.70123,1
201,3157,546.02301,21.04667,2.06222,20.60241,50.00000,,20.00000,0.70115,1
201,3158,546.18500,21.05333,2.06249,20.60243,49.00000,,20.00000,0.70108,1
201,3159,546.35303,21.06000,2.06277,20.60242,49.00000,,20.00000,0.70101,1
201,3160,546.51501,21.06667,2.06305,20.60241,50.00000,,20.00000,0.70093,1
201,3161,546.68500,21.07333,2.06350,20.60247,50.00000,,20.00000,0.70085,1
201,3162,546.84802,21.08000,2.06389,20.60253,50.00000,,20.00000,0.70078,1
201,3163,547.00897,21.08667,2.06422,20.60256,50.00000,,20.00000,0.70071,1
201,3164,547.17499,21.09333,2.06461,20.60259,49.00000,,20.00000,0.70063,1
201,3165,547.33099,21.10000,2.06505,20.60262,49.00000,,20.00000,0.70056,1
201,3166,547.48499,21.10667,2.06525,20.60264,51.00000,,20.00000,0.70049,1
201,3167,547.65802,21.11333,2.06554,20.60266,51.00000,,20.00000,0.70041,1
201,3168,547.82501,21.12000,2.06594,20.60269,51.00000,,20.00000,0.70034,1
201,3169,547.99298,21.12667,2.06616,20.60270,51.00000,,20.00000,0.70026,1
201,3170,548.15302,21.13333,2.06643,20.60272,51.00000,,20.00000,0.70019,1
201,3171,548.31897,21.14000,2.06683,20.60275,49.00000,,20.00000,0.70011,1
201,3172,548.48798,21.14667,2.06722,20.60277,49.00000,,20.00000,0.70004,1
201,3173,548.64502,21.15333,2.06783,20.60280,50.00000,,20.00000,0.69996,1
201,3174,548.81500,21.16000,2.06823,20.60282,50.00000,,20.00000,0.69989,1
201,3175,548.96997,21.16667,2.06844,20.60285,49.00000,,20.00000,0.69982,1
201,3176,549.13397,21.17333,2.06861,20.60283,49.00000,,20.00000,0.69974,1
201,3177,549.30402,21.18000,2.06889,20.60282,49.00000,,20.00000,0.69966,1
201,3178,549.46698,21.18667,2.06940,20.60288,50.00000,,20.00000,0.69959,1
201,3179,549.63098,21.19333,2.06979,20.60293,50.00000,,20.00000,0.69951,1
201,3180,549.80103,21.20000,2.07002,20.60296,50.00000,,20.00000,0.69944,1
201,3181,549.96899,21.20667,2.07036,20.60246,50.00000,,20.00000,0.69936,1
201,3182,550.13000,21.21333,2.07069,20.60249,49.00000,,20.00000,0.69929,1
201,3183,550.28802,21.22000,2.07091,20.60251,49.00000,,20.00000,0.69921,1
201,3184,550.44501,21.22667,2.07175,20.60254,49.00000,,20.00000,0.69914,1
201,3185,550.61401,21.23333,2.07215,20.60257,51.00000,,20.00000,0.69906,1
201,3186,550.78497,21.24000,2.07238,20.60260,51.00000,,20.00000,0.69899,1
201,3187,550.94397,21.24667,2.07271,20.60262,50.00000,,20.00000,0.69891,1
201,3188,551.10199,21.25333,2.07304,20.60264,50.00000,,20.00000,0.69884,1
201,3189,551.27502,21.26000,2.07333,20.60214,50.00000,,20.00000,0.69876,1
201,3190,551.44000,21.26667,2.07373,20.60217,50.00000,,20.00000,0.69869,1
201,3191,551.59900,21.27333,2.07412,20.60219,50.00000,,20.00000,0.69861,1
201,3192,551.76398,21.28000,2.07451,20.60221,50.00000,,20.00000,0.69854,1
201,3193,551.92798,21.28667,2.07474,20.60220,49.00000,,20.00000,0.69846,1
201,3194,552.09497,21.29333,2.07508,20.60219,51.00000,,20.00000,0.69838,1
201,3195,552.26501,21.30000,2.07548,20.60225,49.00000,,20.00000,0.69831,1
201,3196,552.42798,21.30667,2.07599,20.60178,49.00000,,20.00000,0.69823,1
201,3197,552.58197,21.31333,2.07626,20.60181,50.00000,,20.00000,0.69816,1
201,3198,552.75201,21.32000,2.07655,20.60183,50.00000,,20.00000,0.69808,1
201,3199,552.91400,21.32667,2.07689,20.60186,50.00000,,20.00000,0.69801,1
201,3200,553.08600,21.33333,2.07735,20.60186,49.00000,,20.00000,0.69793,1
201,3201,553.24402,21.34000,2.07802,20.60185,49.00000,,20.00000,0.69786,1
201,3202,553.39801,21.34667,2.07829,20.60191,49.00000,,20.00000,0.69778,1
201,3203,553.56897,21.35333,2.07853,20.60144,50.00000,,20.00000,0.69771,1
201,3204,553.73401,21.36000,2.07887,20.60147,50.00000,,20.00000,0.69763,1
201,3205,553.90198,21.36667,2.07910,20.60149,50.00000,,20.00000,0.69755,1
201,3206,554.06897,21.37333,2.07950,20.60151,50.00000,,20.00000,0.69747,1
201,3207,554.23401,21.38000,2.07996,20.60153,50.00000,,20.00000,0.69740,1
201,3208,554.39600,21.38667,2.08035,20.60156,50.00000,,20.00000,0.69732,1
201,3209,554.55603,21.39333,2.08092,20.60158,50.00000,,20.00000,0.69725,1
201,3210,554.71997,21.40000,2.08154,20.60108,50.00000,,20.00000,0.69717,1
201,3211,554.89301,21.40667,2.08195,20.60111,49.00000,,20.00000,0.69709,1
201,3212,555.04797,21.41333,2.08245,20.60113,51.00000,,20.00000,0.69702,1
201,3213,555.21802,21.42000,2.08286,20.60115,49.00000,,20.00000,0.69694,1
201,3214,555.38599,21.42667,2.08298,20.60170,49.00000,,20.00000,0.69686,1
201,3215,555.54999,21.43333,2.08315,20.60173,50.00000,,20.00000,0.69679,1
201,3216,555.71100,21.44000,2.08337,20.60176,50.00000,,20.00000,0.69671,1
201,3217,555.87201,21.44667,2.08383,20.60175,49.00000,,20.00000,0.69664,1
201,3218,556.03699,21.45333,2.08434,20.60175,49.00000,,20.00000,0.69656,1
201,3219,556.20099,21.46000,2.08497,20.60234,49.00000,,20.00000,0.69649,1
201,3220,556.36401,21.46667,2.08554,20.60240,49.00000,,20.00000,0.69641,1
201,3221,556.51898,21.47333,2.08581,20.60242,49.00000,,20.00000,0.69634,1
201,3222,556.69299,21.48000,2.08623,20.60297,51.00000,,20.00000,0.69626,1
201,3223,556.85999,21.48667,2.08675,20.60352,51.00000,,20.00000,0.69618,1
201,3224,557.02100,21.49333,2.08709,20.60406,50.00000,,20.00000,0.69610,1
201,3225,557.18402,21.50000,2.08760,20.60460,49.00000,,20.00000,0.69603,1
201,3226,557.35797,21.50667,2.08790,20.60567,49.00000,,20.00000,0.69595,1
201,3227,557.52502,21.51333,2.08808,20.60622,50.00000,,20.00000,0.69587,1
201,3228,557.68103,21.52000,2.08835,20.60676,51.00000,,20.00000,0.69580,1
201,3229,557.84100,21.52667,2.08904,20.60731,51.00000,,20.00000,0.69572,1
201,3230,558.01398,21.53333,2.08962,20.60786,51.00000,,20.00000,0.69564,1
201,3231,558.17700,21.54000,2.08997,20.60841,49.00000,,20.00000,0.69556,1
201,3232,558.34003,21.54667,2.09037,20.60895,49.00000,,20.00000,0.69549,1
201,3233,558.50201,21.55333,2.09059,20.60950,50.00000,,20.00000,0.69541,1
201,3234,558.66998,21.56000,2.09140,20.61001,50.00000,,20.00000,0.69533,1
201,3235,558.83899,21.56667,2.09199,20.61053,49.00000,,20.00000,0.69525,1
201,3236,558.99701,21.57333,2.09221,20.61059,49.00000,,20.00000,0.69518,1
201,3237,559.16302,21.58000,2.09256,20.61117,49.00000,,20.00000,0.69510,1
201,3238,559.32501,21.58667,2.09296,20.61120,49.00000,,20.00000,0.69503,1
201,3239,559.49500,21.59333,2.09343,20.61175,49.00000,,20.00000,0.69495,1
201,3240,559.65997,21.60000,2.09395,20.61178,51.00000,,20.00000,0.69487,1
201,3241,559.81299,21.60667,2.09422,20.61180,51.00000,,20.00000,0.69480,1
201,3242,559.98401,21.61333,2.09452,20.61235,49.00000,,20.00000,0.69472,1
201,3243,560.15302,21.62000,2.09505,20.61238,49.00000,,20.00000,0.69464,1
201,3244,560.31097,21.62667,2.09556,20.61241,50.00000,,20.00000,0.69456,1
201,3245,560.47601,21.63333,2.09602,20.61243,49.00000,,20.00000,0.69449,1
201,3246,560.64398,21.64000,2.09643,20.61246,51.00000,,20.00000,0.69441,1
201,3247,560.80499,21.64667,2.09654,20.61249,52.00000,,20.00000,0.69433,1
201,3248,560.97400,21.65333,2.09701,20.61252,52.00000,,20.00000,0.69425,1
201,3249,561.13000,21.66000,2.09729,20.61254,49.00000,,20.00000,0.69418,1
201,3250,561.30103,21.66667,2.09800,20.61257,49.00000,,20.00000,0.69410,1
201,3251,561.46100,21.67333,2.09851,20.61256,49.00000,,20.00000,0.69402,1
201,3252,561.63098,21.68000,2.09921,20.61255,50.00000,,20.00000,0.69394,1
201,3253,561.79700,21.68667,2.09979,20.61262,50.00000,,20.00000,0.69387,1
201,3254,561.95502,21.69333,2.09996,20.61268,49.00000,,20.00000,0.69379,1
201,3255,562.12000,21.70000,2.10026,20.61271,49.00000,,20.00000,0.69371,1
201,3256,562.28003,21.70667,2.10054,20.61273,49.00000,,20.00000,0.69364,1
201,3257,562.45001,21.71333,2.10119,20.61276,49.00000,,20.00000,0.69356,1
201,3258,562.61298,21.72000,2.10159,20.61275,50.00000,,20.00000,0.69348,1
201,3259,562.78101,21.72667,2.10201,20.61273,50.00000,,20.00000,0.69340,1
201,3260,562.94598,21.73333,2.10247,20.61279,50.00000,,20.00000,0.69332,1
201,3261,563.11401,21.74000,2.10289,20.61285,50.00000,,20.00000,0.69324,1
201,3262,563.28003,21.74667,2.10335,20.61287,49.00000,,20.00000,0.69316,1
201,3263,563.43500,21.75333,2.10381,20.61290,49.00000,,20.00000,0.69309,1
201,3264,563.61298,21.76000,2.10429,20.61293,51.00000,,20.00000,0.69301,1
201,3265,563.77802,21.76667,2.10476,20.61296,51.00000,,20.00000,0.69293,1
201,3266,563.93597,21.77333,2.10533,20.61298,52.00000,,20.00000,0.69285,1
201,3267,564.09497,21.78000,2.10585,20.61301,49.00000,,20.00000,0.69278,1
201,3268,564.26703,21.78667,2.10627,20.61301,49.00000,,20.00000,0.69270,1
201,3269,564.42603,21.79333,2.10679,20.61301,49.00000,,20.00000,0.69262,1
201,3270,564.59601,21.80000,2.10721,20.61308,50.00000,,20.00000,0.69254,1
201,3271,564.75403,21.80667,2.10738,20.61314,50.00000,,20.00000,0.69247,1
201,3272,564.91699,21.81333,2.10767,20.61317,49.00000,,20.00000,0.69239,1
201,3273,565.08301,21.82000,2.10791,20.61320,49.00000,,20.00000,0.69231,1
201,3274,565.24597,21.82667,2.10843,20.61323,49.00000,,20.00000,0.69223,1
201,3275,565.41602,21.83333,2.10891,20.61322,49.00000,,20.00000,0.69215,1
201,3276,565.57800,21.84000,2.10926,20.61217,51.00000,,20.00000,0.69207,1
201,3277,565.73999,21.84667,2.10984,20.61119,51.00000,,20.00000,0.69200,1
201,3278,565.89899,21.85333,2.11025,20.61021,49.00000,,20.00000,0.69192,1
201,3279,566.07001,21.86000,2.11067,20.60920,49.00000,,20.00000,0.69184,1
201,3280,566.23499,21.86667,2.11108,20.60818,49.00000,,20.00000,0.69176,1
201,3281,566.39899,21.87333,2.11143,20.60717,49.00000,,20.00000,0.69168,1
201,3282,566.56403,21.88000,2.11179,20.60667,50.00000,,20.00000,0.69160,1
201,3283,566.72699,21.88667,2.11237,20.60618,50.00000,,20.00000,0.69153,1
201,3284,566.88599,21.89333,2.11324,20.60568,50.00000,,20.00000,0.69145,1
201,3285,567.05499,21.90000,2.11401,20.60519,50.00000,,20.00000,0.69137,1
201,3286,567.22101,21.90667,2.11465,20.60470,49.00000,,20.00000,0.69129,1
201,3287,567.38501,21.91333,2.11483,20.60472,50.00000,,20.00000,0.69121,1
201,3288,567.55103,21.92000,2.11519,20.60423,50.00000,,20.00000,0.69113,1
201,3289,567.72198,21.92667,2.11562,20.60427,50.00000,,20.00000,0.69105,1
201,3290,567.87402,21.93333,2.11590,20.60378,49.00000,,20.00000,0.69098,1
201,3291,568.04102,21.94000,2.11643,20.60381,49.00000,,20.00000,0.69090,1
201,3292,568.19897,21.94667,2.11689,20.60381,49.00000,,20.00000,0.69082,1
201,3293,568.36200,21.95333,2.11730,20.60328,50.00000,,20.00000,0.69074,1
201,3294,568.53302,21.96000,2.11779,20.60335,50.00000,,20.00000,0.69066,1
201,3295,568.70502,21.96667,2.11844,20.60289,52.00000,,20.00000,0.69058,1
201,3296,568.86200,21.97333,2.11919,20.60292,52.00000,,20.00000,0.69050,1
201,3297,569.02698,21.98000,2.11973,20.60295,49.00000,,20.00000,0.69042,1
201,3298,569.19202,21.98667,2.12014,20.60246,49.00000,,20.00000,0.69034,1
201,3299,569.35400,21.99333,2.12061,20.60249,50.00000,,20.00000,0.69027,1
201,3300,569.51300,22.00000,2.12114,20.60199,51.00000,,20.00000,0.69019,1
201,3301,569.68799,22.00667,2.12174,20.60203,51.00000,,20.00000,0.69011,1
201,3302,569.84900,22.01333,2.12244,20.60206,49.00000,,20.00000,0.69003,1
201,3303,570.01398,22.02000,2.12303,20.60156,49.00000,,20.00000,0.68995,1
201,3304,570.18298,22.02667,2.12346,20.60159,49.00000,,20.00000,0.68987,1
201,3305,570.33600,22.03333,2.12380,20.60162,50.00000,,20.00000,0.68979,1
201,3306,570.50299,22.04000,2.12416,20.60113,50.00000,,20.00000,0.68971,1
201,3307,570.67297,22.04667,2.12436,20.60115,50.00000,,20.00000,0.68963,1
201,3308,570.83600,22.05333,2.12466,20.60066,50.00000,,20.00000,0.68955,1
201,3309,571.00098,22.06000,2.12571,20.60065,49.00000,,20.00000,0.68947,1
201,3310,571.17902,22.06667,2.12638,20.60064,49.00000,,20.00000,0.68939,1
201,3311,571.33099,22.07333,2.12666,20.60018,51.00000,,20.00000,0.68931,1
201,3312,571.49597,22.08000,2.12714,20.60025,51.00000,,20.00000,0.68923,1
201,3313,571.65900,22.08667,2.12733,20.59976,52.00000,,20.00000,0.68916,1
201,3314,571.82800,22.09333,2.12764,20.59979,52.00000,,20.00000,0.68907,1
201,3315,571.99103,22.10000,2.12800,20.59982,49.00000,,20.00000,0.68900,1
201,3316,572.15503,22.10667,2.12859,20.59933,51.00000,,20.00000,0.68892,1
201,3317,572.32202,22.11333,2.12924,20.59936,49.00000,,20.00000,0.68884,1
201,3318,572.48102,22.12000,2.12965,20.59938,52.00000,,20.00000,0.68876,1
201,3319,572.65198,22.12667,2.13008,20.59889,52.00000,,20.00000,0.68868,1
201,3320,572.81702,22.13333,2.13045,20.59892,52.00000,,20.00000,0.68860,1
201,3321,572.97803,22.14000,2.13098,20.59843,49.00000,,20.00000,0.68852,1
201,3322,573.14801,22.14667,2.13181,20.59847,49.00000,,20.00000,0.68844,1
201,3323,573.30499,22.15333,2.13211,20.59850,50.00000,,20.00000,0.68836,1
201,3324,573.47302,22.16000,2.13265,20.59801,50.00000,,20.00000,0.68828,1
201,3325,573.63098,22.16667,2.13283,20.59804,49.00000,,20.00000,0.68820,1
201,3326,573.79797,22.17333,2.13325,20.59804,49.00000,,20.00000,0.68812,1
201,3327,573.96399,22.18000,2.13385,20.59752,49.00000,,20.00000,0.68804,1
201,3328,574.13501,22.18667,2.13434,20.59758,50.00000,,20.00000,0.68796,1
201,3329,574.28699,22.19333,2.13468,20.59765,51.00000,,20.00000,0.68788,1
201,3330,574.45502,22.20000,2.13575,20.59715,51.00000,,20.00000,0.68780,1
201,3331,574.62701,22.20667,2.13613,20.59719,52.00000,,20.00000,0.68772,1
201,3332,574.78998,22.21333,2.13649,20.59722,49.00000,,20.00000,0.68764,1
201,3333,574.95599,22.22000,2.13680,20.59721,49.00000,,20.00000,0.68756,1
201,3334,575.10999,22.22667,2.13761,20.59669,50.00000,,20.00000,0.68748,1
201,3335,575.28198,22.23333,2.13810,20.59675,50.00000,,20.00000,0.68740,1
201,3336,575.44897,22.24000,2.13859,20.59681,51.00000,,20.00000,0.68732,1
201,3337,575.61499,22.24667,2.13919,20.59684,50.00000,,20.00000,0.68724,1
201,3338,575.78302,22.25333,2.13996,20.59687,49.00000,,20.00000,0.68715,1
201,3339,575.94800,22.26000,2.14062,20.59691,50.00000,,20.00000,0.68707,1
201,3340,576.09900,22.26667,2.14126,20.59694,50.00000,,20.00000,0.68700,1
201,3341,576.27600,22.27333,2.14159,20.59697,50.00000,,20.00000,0.68691,1
201,3342,576.43103,22.28000,2.14176,20.59700,50.00000,,20.00000,0.68684,1
201,3343,576.60303,22.28667,2.14220,20.59703,49.00000,,20.00000,0.68675,1
201,3344,576.76501,22.29333,2.14285,20.59706,49.00000,,20.00000,0.68667,1
201,3345,576.93103,22.30000,2.14404,20.59709,51.00000,,20.00000,0.68659,1
201,3346,577.10199,22.30667,2.14482,20.59712,51.00000,,20.00000,0.68651,1
201,3347,577.26398,22.31333,2.14483,20.59715,51.00000,,20.00000,0.68643,1
201,3348,577.43103,22.32000,2.14497,20.59718,51.00000,,20.00000,0.68635,1
201,3349,577.59198,22.32667,2.14551,20.59670,50.00000,,20.00000,0.68627,1
201,3350,577.76099,22.33333,2.14635,20.59670,49.00000,,20.00000,0.68619,1
201,3351,577.91400,22.34000,2.14699,20.59670,51.00000,,20.00000,0.68611,1
201,3352,578.08197,22.34667,2.14771,20.59677,51.00000,,20.00000,0.68603,1
201,3353,578.24103,22.35333,2.14819,20.59684,51.00000,,20.00000,0.68595,1
201,3354,578.41302,22.36000,2.14840,20.59634,50.00000,,20.00000,0.68587,1
201,3355,578.57397,22.36667,2.14882,20.59637,50.00000,,20.00000,0.68579,1
201,3356,578.74701,22.37333,2.14949,20.59641,50.00000,,20.00000,0.68570,1
201,3357,578.91400,22.38000,2.14998,20.59592,50.00000,,20.00000,0.68562,1
201,3358,579.07300,22.38667,2.15058,20.59595,50.00000,,20.00000,0.68554,1
201,3359,579.22998,22.39333,2.15111,20.59598,49.00000,,20.00000,0.68546,1
201,3360,579.40601,22.40000,2.15173,20.59602,49.00000,,20.00000,0.68538,1
201,3361,579.56097,22.40667,2.15232,20.59553,49.00000,,20.00000,0.68530,1
201,3362,579.72803,22.41333,2.15304,20.59556,50.00000,,20.00000,0.68522,1
201,3363,579.89502,22.42000,2.15371,20.59559,51.00000,,20.00000,0.68514,1
201,3364,580.06201,22.42667,2.15432,20.59509,52.00000,,20.00000,0.68505,1
201,3365,580.22400,22.43333,2.15486,20.59512,52.00000,,20.00000,0.68497,1
201,3366,580.39801,22.44000,2.15536,20.59515,49.00000,,20.00000,0.68489,1
201,3367,580.56201,22.44667,2.15579,20.59515,49.00000,,20.00000,0.68481,1
201,3368,580.72198,22.45333,2.15633,20.59463,50.00000,,20.00000,0.68473,1
201,3369,580.89001,22.46000,2.15735,20.59469,52.00000,,20.00000,0.68465,1
201,3370,581.04901,22.46667,2.15812,20.59476,52.00000,,20.00000,0.68457,1
201,3371,581.21503,22.47333,2.15826,20.59428,52.00000,,20.00000,0.68449,1
201,3372,581.38000,22.48000,2.15852,20.59431,49.00000,,20.00000,0.68440,1
201,3373,581.54498,22.48667,2.15936,20.59434,49.00000,,20.00000,0.68432,1
201,3374,581.71198,22.49333,2.15985,20.59437,50.00000,,20.00000,0.68424,1
201,3375,581.87598,22.50000,2.16052,20.59389,50.00000,,20.00000,0.68416,1
201,3376,582.04303,22.50667,2.16113,20.59392,50.00000,,20.00000,0.68408,1
201,3377,582.20300,22.51333,2.16196,20.59395,50.00000,,20.00000,0.68400,1
201,3378,582.37097,22.52000,2.16281,20.59347,49.00000,,20.00000,0.68391,1
201,3379,582.53400,22.52667,2.16306,20.59350,49.00000,,20.00000,0.68383,1
201,3380,582.69501,22.53333,2.16331,20.59353,51.00000,,20.00000,0.68375,1
201,3381,582.86499,22.54000,2.16399,20.59357,51.00000,,20.00000,0.68367,1
201,3382,583.03198,22.54667,2.16448,20.59309,51.00000,,20.00000,0.68359,1
201,3383,583.19299,22.55333,2.16491,20.59312,51.00000,,20.00000,0.68351,1
201,3384,583.35797,22.56000,2.16558,20.59313,49.00000,,20.00000,0.68342,1
201,3385,583.51703,22.56667,2.16641,20.59261,49.00000,,20.00000,0.68334,1
201,3386,583.68103,22.57333,2.16720,20.59268,51.00000,,20.00000,0.68326,1
201,3387,583.84003,22.58000,2.16780,20.59275,51.00000,,20.00000,0.68318,1
201,3388,584.01398,22.58667,2.16842,20.59226,51.00000,,20.00000,0.68310,1
201,3389,584.17700,22.59333,2.16915,20.59229,51.00000,,20.00000,0.68302,1
201,3390,584.34497,22.60000,2.16965,20.59232,49.00000,,20.00000,0.68293,1
201,3391,584.50598,22.60667,2.17025,20.59232,49.00000,,20.00000,0.68285,1
201,3392,584.67499,22.61333,2.17093,20.59179,50.00000,,20.00000,0.68277,1
201,3393,584.83899,22.62000,2.17148,20.59186,50.00000,,20.00000,0.68269,1
201,3394,585.00403,22.62667,2.17197,20.59193,49.00000,,20.00000,0.68260,1
201,3395,585.17401,22.63333,2.17253,20.59144,49.00000,,20.00000,0.68252,1
201,3396,585.33301,22.64000,2.17308,20.59147,50.00000,,20.00000,0.68244,1
201,3397,585.50000,22.64667,2.17370,20.59151,50.00000,,20.00000,0.68236,1
201,3398,585.66400,22.65333,2.17431,20.59155,50.00000,,20.00000,0.68228,1
201,3399,585.83002,22.66000,2.17492,20.59106,52.00000,,20.00000,0.68219,1
201,3400,585.99701,22.66667,2.17542,20.59110,52.00000,,20.00000,0.68211,1
201,3401,586.15601,22.67333,2.17602,20.59110,49.00000,,20.00000,0.68203,1
201,3402,586.31403,22.68000,2.17663,20.59057,49.00000,,20.00000,0.68195,1
201,3403,586.48297,22.68667,2.17725,20.59065,49.00000,,20.00000,0.68187,1
201,3404,586.66199,22.69333,2.17788,20.59072,51.00000,,20.00000,0.68178,1
201,3405,586.82098,22.70000,2.17843,20.59075,51.00000,,20.00000,0.68170,1
201,3406,586.97900,22.70667,2.17874,20.59026,51.00000,,20.00000,0.68162,1
201,3407,587.15100,22.71333,2.17966,20.59030,51.00000,,20.00000,0.68153,1
201,3408,587.31000,22.72000,2.17992,20.59030,49.00000,,20.00000,0.68145,1
201,3409,587.47400,22.72667,2.18059,20.58977,49.00000,,20.00000,0.68137,1
201,3410,587.64600,22.73333,2.18145,20.58984,50.00000,,20.00000,0.68128,1
201,3411,587.80701,22.74000,2.18270,20.58991,50.00000,,20.00000,0.68120,1
201,3412,587.97400,22.74667,2.18315,20.58995,49.00000,,20.00000,0.68112,1
201,3413,588.13397,22.75333,2.18364,20.58946,49.00000,,20.00000,0.68104,1
201,3414,588.31201,22.76000,2.18422,20.58950,49.00000,,20.00000,0.68095,1
201,3415,588.46802,22.76667,2.18476,20.58954,50.00000,,20.00000,0.68087,1
201,3416,588.62903,22.77333,2.18531,20.58958,50.00000,,20.00000,0.68079,1
201,3417,588.79797,22.78000,2.18617,20.58909,52.00000,,20.00000,0.68071,1
201,3418,588.95099,22.78667,2.18695,20.58913,52.00000,,20.00000,0.68063,1
201,3419,589.12701,22.79333,2.18764,20.58917,49.00000,,20.00000,0.68054,1
201,3420,589.28802,22.80000,2.18837,20.58920,49.00000,,20.00000,0.68046,1
201,3421,589.45502,22.80667,2.18893,20.58923,50.00000,,20.00000,0.68037,1
201,3422,589.62201,22.81333,2.18955,20.58927,50.00000,,20.00000,0.68029,1
201,3423,589.78699,22.82000,2.18982,20.58931,50.00000,,20.00000,0.68021,1
201,3424,589.95099,22.82667,2.19038,20.58934,51.00000,,20.00000,0.68013,1
201,3425,590.11102,22.83333,2.19152,20.58934,49.00000,,20.00000,0.68004,1
201,3426,590.28101,22.84000,2.19203,20.58933,50.00000,,20.00000,0.67996,1
201,3427,590.44897,22.84667,2.19283,20.58941,50.00000,,20.00000,0.67987,1
201,3428,590.61298,22.85333,2.19345,20.58948,50.00000,,20.00000,0.67979,1
201,3429,590.77197,22.86000,2.19418,20.58952,50.00000,,20.00000,0.67971,1
201,3430,590.94702,22.86667,2.19511,20.58956,50.00000,,20.00000,0.67962,1
201,3431,591.10602,22.87333,2.19578,20.58959,49.00000,,20.00000,0.67954,1
201,3432,591.26398,22.88000,2.19639,20.58963,49.00000,,20.00000,0.67946,1
201,3433,591.43799,22.88667,2.19673,20.58967,51.00000,,20.00000,0.67937,1
201,3434,591.59900,22.89333,2.19723,20.58971,51.00000,,20.00000,0.67929,1
201,3435,591.76599,22.90000,2.19768,20.58975,52.00000,,20.00000,0.67921,1
201,3436,591.92902,22.90667,2.19859,20.58979,52.00000,,20.00000,0.67913,1
201,3437,592.09198,22.91333,2.19933,20.58982,49.00000,,20.00000,0.67904,1
201,3438,592.25598,22.92000,2.19983,20.58986,49.00000,,20.00000,0.67896,1
201,3439,592.41901,22.92667,2.20051,20.58990,50.00000,,20.00000,0.67888,1
201,3440,592.59003,22.93333,2.20120,20.58994,50.00000,,20.00000,0.67879,1
201,3441,592.75000,22.94000,2.20188,20.58998,51.00000,,20.00000,0.67871,1
201,3442,592.91199,22.94667,2.20255,20.59051,51.00000,,20.00000,0.67863,1
201,3443,593.08002,22.95333,2.20324,20.59103,49.00000,,20.00000,0.67854,1
201,3444,593.23999,22.96000,2.20392,20.59110,49.00000,,20.00000,0.67846,1
201,3445,593.41400,22.96667,2.20467,20.59170,50.00000,,20.00000,0.67837,1
201,3446,593.57300,22.97333,2.20535,20.59174,50.00000,,20.00000,0.67829,1
201,3447,593.73602,22.98000,2.20603,20.59229,50.00000,,20.00000,0.67821,1
201,3448,593.91302,22.98667,2.20685,20.59234,50.00000,,20.00000,0.67812,1
201,3449,594.07098,22.99333,2.20770,20.59237,49.00000,,20.00000,0.67804,1
201,3450,594.22803,23.00000,2.20819,20.59241,49.00000,,20.00000,0.67796,1
201,3451,594.40100,23.00667,2.20901,20.59245,51.00000,,20.00000,0.67787,1
201,3452,594.56097,23.01333,2.20986,20.59248,51.00000,,20.00000,0.67779,1
201,3453,594.72998,23.02000,2.21050,20.59252,52.00000,,20.00000,0.67770,1
201,3454,594.90399,23.02667,2.21108,20.59256,50.00000,,20.00000,0.67762,1
201,3455,595.05402,23.03333,2.21180,20.59259,49.00000,,20.00000,0.67754,1
201,3456,595.22400,23.04000,2.21226,20.59262,49.00000,,20.00000,0.67745,1
201,3457,595.39398,23.04667,2.21272,20.59266,51.00000,,20.00000,0.67737,1
201,3458,595.56097,23.05333,2.21359,20.59269,51.00000,,20.00000,0.67728,1
201,3459,595.72998,23.06000,2.21434,20.59270,52.00000,,20.00000,0.67719,1
201,3460,595.88898,23.06667,2.21507,20.59217,52.00000,,20.00000,0.67711,1
201,3461,596.04602,23.07333,2.21575,20.59225,49.00000,,20.00000,0.67703,1
201,3462,596.22498,23.08000,2.21640,20.59232,49.00000,,20.00000,0.67694,1
201,3463,596.38000,23.08667,2.21725,20.59236,49.00000,,20.00000,0.67686,1
201,3464,596.54700,23.09333,2.21794,20.59239,50.00000,,20.00000,0.67678,1
201,3465,596.71899,23.10000,2.21870,20.59243,50.00000,,20.00000,0.67669,1
201,3466,596.87903,23.10667,2.21950,20.59243,50.00000,,20.00000,0.67661,1
201,3467,597.04797,23.11333,2.22031,20.59243,50.00000,,20.00000,0.67652,1
201,3468,597.21002,23.12000,2.22094,20.59251,49.00000,,20.00000,0.67644,1
201,3469,597.37701,23.12667,2.22128,20.59259,49.00000,,20.00000,0.67635,1
201,3470,597.53198,23.13333,2.22201,20.59210,51.00000,,20.00000,0.67627,1
201,3471,597.70203,23.14000,2.22336,20.59214,51.00000,,20.00000,0.67619,1
201,3472,597.87201,23.14667,2.22382,20.59218,50.00000,,20.00000,0.67610,1
201,3473,598.03900,23.15333,2.22452,20.59222,49.00000,,20.00000,0.67601,1
201,3474,598.20599,23.16000,2.22509,20.59225,49.00000,,20.00000,0.67593,1
201,3475,598.36200,23.16667,2.22559,20.59229,51.00000,,20.00000,0.67585,1
201,3476,598.53003,23.17333,2.22635,20.59233,51.00000,,20.00000,0.67576,1
201,3477,598.69598,23.18000,2.22698,20.59237,52.00000,,20.00000,0.67568,1
201,3478,598.86401,23.18667,2.22774,20.59240,52.00000,,20.00000,0.67559,1
201,3479,599.02197,23.19333,2.22836,20.59244,49.00000,,20.00000,0.67551,1
201,3480,599.19897,23.20000,2.22913,20.59196,49.00000,,20.00000,0.67542,1
201,3481,599.36603,23.20667,2.23001,20.59200,49.00000,,20.00000,0.67533,1
201,3482,599.52197,23.21333,2.23063,20.59204,50.00000,,20.00000,0.67525,1
201,3483,599.68402,23.22000,2.23126,20.59205,50.00000,,20.00000,0.67517,1
201,3484,599.85101,23.22667,2.23189,20.59206,49.00000,,20.00000,0.67508,1
201,3485,600.01501,23.23333,2.23259,20.59214,49.00000,,20.00000,0.67500,1
201,3486,600.17200,23.24000,2.23339,20.59222,49.00000,,20.00000,0.67492,1
201,3487,600.34302,23.24667,2.23444,20.59226,49.00000,,20.00000,0.67483,1
201,3488,600.51001,23.25333,2.23514,20.59230,51.00000,,20.00000,0.67474,1
201,3489,600.66803,23.26000,2.23571,20.59181,50.00000,,20.00000,0.67466,1
201,3490,600.84302,23.26667,2.23660,20.59185,50.00000,,20.00000,0.67457,1
201,3491,601.00598,23.27333,2.23723,20.59189,50.00000,,20.00000,0.67449,1
201,3492,601.16699,23.28000,2.23786,20.59192,49.00000,,20.00000,0.67440,1
201,3493,601.34198,23.28667,2.23828,20.59196,51.00000,,20.00000,0.67431,1
201,3494,601.50098,23.29333,2.23926,20.59200,51.00000,,20.00000,0.67423,1
201,3495,601.66699,23.30000,2.24020,20.59204,51.00000,,20.00000,0.67414,1
201,3496,601.82898,23.30667,2.24077,20.59208,51.00000,,20.00000,0.67406,1
201,3497,602.00098,23.31333,2.24124,20.59212,51.00000,,20.00000,0.67397,1
201,3498,602.16199,23.32000,2.24194,20.59216,49.00000,,20.00000,0.67389,1
201,3499,602.32800,23.32667,2.24287,20.59168,49.00000,,20.00000,0.67380,1
201,3500,602.49103,23.33333,2.24345,20.59168,50.00000,,20.00000,0.67372,1
201,3501,602.65997,23.34000,2.24421,20.59168,50.00000,,20.00000,0.67363,1
201,3502,602.82202,23.34667,2.24526,20.59176,49.00000,,20.00000,0.67355,1
201,3503,602.99200,23.35333,2.24632,20.59184,49.00000,,20.00000,0.67346,1
201,3504,603.15900,23.36000,2.24709,20.59188,50.00000,,20.00000,0.67337,1
201,3505,603.31201,23.36667,2.24777,20.59192,51.00000,,20.00000,0.67329,1
201,3506,603.48999,23.37333,2.24855,20.59196,51.00000,,20.00000,0.67320,1
201,3507,603.65100,23.38000,2.24877,20.59200,50.00000,,20.00000,0.67312,1
201,3508,603.80902,23.38667,2.24922,20.59204,49.00000,,20.00000,0.67304,1
201,3509,603.97900,23.39333,2.25017,20.59156,49.00000,,20.00000,0.67295,1
201,3510,604.14899,23.40000,2.25141,20.59160,50.00000,,20.00000,0.67286,1
201,3511,604.31598,23.40667,2.25194,20.59165,50.00000,,20.00000,0.67277,1
201,3512,604.47498,23.41333,2.25263,20.59169,52.00000,,20.00000,0.67269,1
201,3513,604.63800,23.42000,2.25356,20.59174,52.00000,,20.00000,0.67260,1
201,3514,604.79797,23.42667,2.25426,20.59178,49.00000,,20.00000,0.67252,1
201,3515,604.96399,23.43333,2.25478,20.59183,49.00000,,20.00000,0.67244,1
201,3516,605.12402,23.44000,2.25554,20.59187,50.00000,,20.00000,0.67235,1
201,3517,605.29797,23.44667,2.25637,20.59187,50.00000,,20.00000,0.67226,1
201,3518,605.46002,23.45333,2.25707,20.59135,50.00000,,20.00000,0.67218,1
201,3519,605.62799,23.46000,2.25778,20.59143,50.00000,,20.00000,0.67209,1
201,3520,605.79498,23.46667,2.25855,20.59151,49.00000,,20.00000,0.67200,1
201,3521,605.96100,23.47333,2.25943,20.59155,49.00000,,20.00000,0.67192,1
201,3522,606.12201,23.48000,2.26025,20.59159,51.00000,,20.00000,0.67183,1
201,3523,606.28302,23.48667,2.26112,20.59163,50.00000,,20.00000,0.67175,1
201,3524,606.45398,23.49333,2.26178,20.59164,50.00000,,20.00000,0.67166,1
201,3525,606.61499,23.50000,2.26248,20.59164,50.00000,,20.00000,0.67157,1
201,3526,606.78699,23.50667,2.26320,20.59172,49.00000,,20.00000,0.67148,1
201,3527,606.95599,23.51333,2.26403,20.59180,49.00000,,20.00000,0.67140,1
201,3528,607.11298,23.52000,2.26478,20.59132,49.00000,,20.00000,0.67131,1
201,3529,607.28198,23.52667,2.26561,20.59137,51.00000,,20.00000,0.67123,1
201,3530,607.44202,23.53333,2.26625,20.59141,51.00000,,20.00000,0.67114,1
201,3531,607.60901,23.54000,2.26667,20.59145,52.00000,,20.00000,0.67106,1
201,3532,607.76099,23.54667,2.26741,20.59149,52.00000,,20.00000,0.67098,1
201,3533,607.94000,23.55333,2.26868,20.59153,49.00000,,20.00000,0.67088,1
201,3534,608.10901,23.56000,2.26987,20.59157,49.00000,,20.00000,0.67079,1
201,3535,608.27399,23.56667,2.27063,20.59161,49.00000,,20.00000,0.67071,1
201,3536,608.43500,23.57333,2.27134,20.59165,50.00000,,20.00000,0.67062,1
201,3537,608.60400,23.58000,2.27211,20.59170,49.00000,,20.00000,0.67053,1
201,3538,608.77002,23.58667,2.27282,20.59122,49.00000,,20.00000,0.67045,1
201,3539,608.92999,23.59333,2.27352,20.59126,49.00000,,20.00000,0.67036,1
201,3540,609.09399,23.60000,2.27441,20.59131,49.00000,,20.00000,0.67028,1
201,3541,609.25702,23.60667,2.27518,20.59131,50.00000,,20.00000,0.67019,1
201,3542,609.43201,23.61333,2.27590,20.59132,50.00000,,20.00000,0.67010,1
201,3543,609.58301,23.62000,2.27671,20.59140,50.00000,,20.00000,0.67002,1
201,3544,609.75897,23.62667,2.27756,20.59148,49.00000,,20.00000,0.66993,1
201,3545,609.91602,23.63333,2.27825,20.59152,49.00000,,20.00000,0.66985,1
201,3546,610.09302,23.64000,2.27917,20.59157,51.00000,,20.00000,0.66975,1
201,3547,610.25201,23.64667,2.27993,20.59162,51.00000,,20.00000,0.66967,1
201,3548,610.41901,23.65333,2.28058,20.59166,51.00000,,20.00000,0.66958,1
201,3549,610.57898,23.66000,2.28123,20.59171,50.00000,,20.00000,0.66950,1
201,3550,610.74402,23.66667,2.28212,20.59176,50.00000,,20.00000,0.66941,1
201,3551,610.90802,23.67333,2.28277,20.59180,50.00000,,20.00000,0.66932,1
201,3552,611.06201,23.68000,2.28340,20.59184,50.00000,,20.00000,0.66924,1
201,3553,611.24402,23.68667,2.28415,20.59189,50.00000,,20.00000,0.66915,1
201,3554,611.40698,23.69333,2.28533,20.59194,50.00000,,20.00000,0.66906,1
201,3555,611.57001,23.70000,2.28670,20.59198,49.00000,,20.00000,0.66897,1
201,3556,611.72900,23.70667,2.28728,20.59202,49.00000,,20.00000,0.66889,1
201,3557,611.89801,23.71333,2.28777,20.59206,51.00000,,20.00000,0.66880,1
201,3558,612.06799,23.72000,2.28861,20.59207,51.00000,,20.00000,0.66871,1
201,3559,612.22900,23.72667,2.28938,20.59208,50.00000,,20.00000,0.66863,1
201,3560,612.39600,23.73333,2.29016,20.59216,50.00000,,20.00000,0.66854,1
201,3561,612.56097,23.74000,2.29111,20.59224,49.00000,,20.00000,0.66845,1
201,3562,612.72400,23.74667,2.29194,20.59228,49.00000,,20.00000,0.66837,1
201,3563,612.89203,23.75333,2.29273,20.59232,49.00000,,20.00000,0.66828,1
201,3564,613.06097,23.76000,2.29339,20.59236,49.00000,,20.00000,0.66819,1
201,3565,613.22198,23.76667,2.29422,20.59241,50.00000,,20.00000,0.66810,1
201,3566,613.38898,23.77333,2.29500,20.59245,51.00000,,20.00000,0.66801,1
201,3567,613.55798,23.78000,2.29608,20.59250,49.00000,,20.00000,0.66792,1
201,3568,613.71002,23.78667,2.29720,20.59254,49.00000,,20.00000,0.66784,1
201,3569,613.88702,23.79333,2.29794,20.59259,50.00000,,20.00000,0.66775,1
201,3570,614.04498,23.80000,2.29864,20.59263,50.00000,,20.00000,0.66767,1
201,3571,614.21002,23.80667,2.29942,20.59267,50.00000,,20.00000,0.66758,1
201,3572,614.38202,23.81333,2.30015,20.59272,50.00000,,20.00000,0.66749,1
201,3573,614.54401,23.82000,2.30105,20.59276,49.00000,,20.00000,0.66740,1
201,3574,614.72101,23.82667,2.30209,20.59280,49.00000,,20.00000,0.66731,1
201,3575,614.87201,23.83333,2.30302,20.59281,49.00000,,20.00000,0.66723,1
201,3576,615.03998,23.84000,2.30381,20.59282,49.00000,,20.00000,0.66714,1
201,3577,615.21198,23.84667,2.30472,20.59291,50.00000,,20.00000,0.66705,1
201,3578,615.37299,23.85333,2.30573,20.59300,50.00000,,20.00000,0.66696,1
201,3579,615.53003,23.86000,2.30656,20.59304,49.00000,,20.00000,0.66688,1
201,3580,615.69202,23.86667,2.30745,20.59309,49.00000,,20.00000,0.66679,1
201,3581,615.86102,23.87333,2.30824,20.59313,50.00000,,20.00000,0.66670,1
201,3582,616.02802,23.88000,2.30897,20.59314,50.00000,,20.00000,0.66661,1
201,3583,616.20203,23.88667,2.30995,20.59314,50.00000,,20.00000,0.66652,1
201,3584,616.35303,23.89333,2.31088,20.59322,51.00000,,20.00000,0.66644,1
201,3585,616.53101,23.90000,2.31145,20.59330,50.00000,,20.00000,0.66635,1
201,3586,616.69598,23.90667,2.31217,20.59335,50.00000,,20.00000,0.66626,1
201,3587,616.86499,23.91333,2.31302,20.59339,50.00000,,20.00000,0.66617,1
201,3588,617.02197,23.92000,2.31391,20.59343,50.00000,,20.00000,0.66608,1
201,3589,617.19202,23.92667,2.31501,20.59296,50.00000,,20.00000,0.66599,1
201,3590,617.35498,23.93333,2.31609,20.59301,50.00000,,20.00000,0.66591,1
201,3591,617.52301,23.94000,2.31718,20.59306,50.00000,,20.00000,0.66582,1
201,3592,617.68701,23.94667,2.31826,20.59307,49.00000,,20.00000,0.66573,1
201,3593,617.84497,23.95333,2.31861,20.59308,49.00000,,20.00000,0.66565,1
201,3594,618.01001,23.96000,2.31952,20.59316,49.00000,,20.00000,0.66556,1
201,3595,618.17700,23.96667,2.32085,20.59325,49.00000,,20.00000,0.66547,1
201,3596,618.34497,23.97333,2.32194,20.59329,50.00000,,20.00000,0.66538,1
201,3597,618.51398,23.98000,2.32279,20.59334,50.00000,,20.00000,0.66529,1
201,3598,618.67603,23.98667,2.32375,20.59338,49.00000,,20.00000,0.66520,1
201,3599,618.83600,23.99333,2.32429,20.59339,49.00000,,20.00000,0.66512,1
201,3600,619.01099,24.00000,2.32468,20.59340,50.00000,,20.00000,0.66502,1
201,3601,619.17102,24.00667,2.32582,20.59349,50.00000,,20.00000,0.66494,1
201,3602,619.33301,24.01333,2.32690,20.59305,51.00000,,20.00000,0.66485,1
201,3603,619.50000,24.02000,2.32775,20.59310,52.00000,,20.00000,0.66476,1
201,3604,619.66199,24.02667,2.32854,20.59315,49.00000,,20.00000,0.66467,1
201,3605,619.81897,24.03333,2.32949,20.59319,49.00000,,20.00000,0.66459,1
201,3606,620.00299,24.04000,2.33050,20.59324,50.00000,,20.00000,0.66449,1
201,3607,620.15997,24.04667,2.33139,20.59328,50.00000,,20.00000,0.66441,1
201,3608,620.33301,24.05333,2.33220,20.59333,50.00000,,20.00000,0.66431,1
201,3609,620.49200,24.06000,2.33310,20.59337,50.00000,,20.00000,0.66423,1
201,3610,620.65198,24.06667,2.33382,20.59341,49.00000,,20.00000,0.66414,1
201,3611,620.82397,24.07333,2.33474,20.59346,50.00000,,20.00000,0.66405,1
201,3612,620.99701,24.08000,2.33573,20.59351,50.00000,,20.00000,0.66396,1
201,3613,621.15997,24.08667,2.33664,20.59355,50.00000,,20.00000,0.66387,1
201,3614,621.32501,24.09333,2.33773,20.59360,50.00000,,20.00000,0.66378,1
201,3615,621.48297,24.10000,2.33869,20.59364,50.00000,,20.00000,0.66370,1
201,3616,621.65198,24.10667,2.33967,20.59313,49.00000,,20.00000,0.66361,1
201,3617,621.81799,24.11333,2.34011,20.59314,49.00000,,20.00000,0.66352,1
201,3618,621.98499,24.12000,2.34060,20.59323,51.00000,,20.00000,0.66343,1
201,3619,622.14697,24.12667,2.34151,20.59331,51.00000,,20.00000,0.66334,1
201,3620,622.31403,24.13333,2.34285,20.59336,52.00000,,20.00000,0.66325,1
201,3621,622.47998,24.14000,2.34401,20.59341,52.00000,,20.00000,0.66316,1
201,3622,622.64301,24.14667,2.34516,20.59345,49.00000,,20.00000,0.66307,1
201,3623,622.81097,24.15333,2.34554,20.59350,49.00000,,20.00000,0.66298,1
201,3624,622.97803,24.16000,2.34688,20.59354,50.00000,,20.00000,0.66289,1
201,3625,623.13898,24.16667,2.34779,20.59359,50.00000,,20.00000,0.66281,1
201,3626,623.31097,24.17333,2.34860,20.59364,50.00000,,20.00000,0.66271,1
201,3627,623.47601,24.18000,2.34963,20.59368,49.00000,,20.00000,0.66262,1
201,3628,623.63800,24.18667,2.35061,20.59373,49.00000,,20.00000,0.66254,1
201,3629,623.80701,24.19333,2.35153,20.59378,49.00000,,20.00000,0.66245,1
201,3630,623.96899,24.20000,2.35238,20.59330,50.00000,,20.00000,0.66236,1
201,3631,624.13898,24.20667,2.35325,20.59335,50.00000,,20.00000,0.66227,1
201,3632,624.29797,24.21333,2.35410,20.59340,50.00000,,20.00000,0.66218,1
201,3633,624.46600,24.22000,2.35514,20.59341,50.00000,,20.00000,0.66209,1
201,3634,624.63599,24.22667,2.35613,20.59342,49.00000,,20.00000,0.66200,1
201,3635,624.79401,24.23333,2.35710,20.59350,49.00000,,20.00000,0.66191,1
201,3636,624.96399,24.24000,2.35797,20.59359,50.00000,,20.00000,0.66182,1
201,3637,625.13098,24.24667,2.35883,20.59364,51.00000,,20.00000,0.66173,1
201,3638,625.29498,24.25333,2.35993,20.59369,49.00000,,20.00000,0.66164,1
201,3639,625.45599,24.26000,2.36096,20.59375,49.00000,,20.00000,0.66155,1
201,3640,625.63000,24.26667,2.36202,20.59328,49.00000,,20.00000,0.66146,1
201,3641,625.77600,24.27333,2.36387,20.59333,50.00000,,20.00000,0.66138,1
201,3642,625.94800,24.28000,2.36535,20.59286,50.00000,,20.00000,0.66129,1
201,3643,626.12000,24.28667,2.36671,20.59239,50.00000,,20.00000,0.66119,1
201,3644,626.27802,24.29333,2.36780,20.59191,50.00000,,20.00000,0.66111,1
201,3645,626.44702,24.30000,2.36813,20.59196,49.00000,,20.00000,0.66102,1
201,3646,626.61298,24.30667,2.36887,20.59148,50.00000,,20.00000,0.66093,1
201,3647,626.78003,24.31333,2.36974,20.59101,50.00000,,20.00000,0.66084,1
201,3648,626.94598,24.32000,2.37085,20.59106,50.00000,,20.00000,0.66075,1
201,3649,627.11200,24.32667,2.37202,20.59111,50.00000,,20.00000,0.66066,1
201,3650,627.27698,24.33333,2.37330,20.59060,50.00000,,20.00000,0.66057,1
201,3651,627.43402,24.34000,2.37445,20.59061,49.00000,,20.00000,0.66048,1
201,3652,627.60498,24.34667,2.37527,20.59069,49.00000,,20.00000,0.66039,1
201,3653,627.77600,24.35333,2.37627,20.59078,51.00000,,20.00000,0.66030,1
201,3654,627.94501,24.36000,2.37720,20.59083,51.00000,,20.00000,0.66020,1
201,3655,628.09900,24.36667,2.37805,20.59035,51.00000,,20.00000,0.66012,1
201,3656,628.26398,24.37333,2.37898,20.59040,49.00000,,20.00000,0.66003,1
201,3657,628.43597,24.38000,2.37998,20.59042,50.00000,,20.00000,0.65994,1
201,3658,628.59998,24.38667,2.38036,20.59043,50.00000,,20.00000,0.65985,1
201,3659,628.76501,24.39333,2.38099,20.59052,50.00000,,20.00000,0.65976,1
201,3660,628.92902,24.40000,2.38185,20.59008,50.00000,,20.00000,0.65967,1
201,3661,629.09698,24.40667,2.38309,20.59013,49.00000,,20.00000,0.65958,1
201,3662,629.26398,24.41333,2.38408,20.59019,49.00000,,20.00000,0.65949,1
201,3663,629.42401,24.42000,2.38519,20.59024,50.00000,,20.00000,0.65940,1
201,3664,629.58899,24.42667,2.38636,20.59029,50.00000,,20.00000,0.65931,1
201,3665,629.75201,24.43333,2.38783,20.59034,50.00000,,20.00000,0.65922,1
201,3666,629.91699,24.44000,2.38894,20.59038,50.00000,,20.00000,0.65913,1
201,3667,630.09003,24.44667,2.38989,20.58991,49.00000,,20.00000,0.65903,1
201,3668,630.25299,24.45333,2.39051,20.58996,49.00000,,20.00000,0.65895,1
201,3669,630.42499,24.46000,2.39218,20.59001,51.00000,,20.00000,0.65885,1
201,3670,630.59003,24.46667,2.39275,20.59006,51.00000,,20.00000,0.65876,1
201,3671,630.75500,24.47333,2.39320,20.59012,52.00000,,20.00000,0.65867,1
201,3672,630.90900,24.48000,2.39448,20.59017,52.00000,,20.00000,0.65859,1
201,3673,631.07098,24.48667,2.39577,20.58970,49.00000,,20.00000,0.65850,1
201,3674,631.23901,24.49333,2.39634,20.58971,49.00000,,20.00000,0.65841,1
201,3675,631.41101,24.50000,2.39759,20.58972,49.00000,,20.00000,0.65831,1
201,3676,631.57300,24.50667,2.39864,20.58982,50.00000,,20.00000,0.65822,1
201,3677,631.74799,24.51333,2.39972,20.58991,50.00000,,20.00000,0.65813,1
201,3678,631.90698,24.52000,2.40076,20.58996,50.00000,,20.00000,0.65804,1
201,3679,632.07098,24.52667,2.40188,20.58949,49.00000,,20.00000,0.65795,1
201,3680,632.23199,24.53333,2.40287,20.58954,50.00000,,20.00000,0.65786,1
201,3681,632.39697,24.54000,2.40380,20.58959,50.00000,,20.00000,0.65777,1
201,3682,632.57001,24.54667,2.40476,20.58964,50.00000,,20.00000,0.65768,1
201,3683,632.73401,24.55333,2.40569,20.58916,50.00000,,20.00000,0.65759,1
201,3684,632.90198,24.56000,2.40657,20.58921,50.00000,,20.00000,0.65750,1
201,3685,633.06598,24.56667,2.40763,20.58874,49.00000,,20.00000,0.65741,1
201,3686,633.23102,24.57333,2.40869,20.58827,49.00000,,20.00000,0.65731,1
201,3687,633.39301,24.58000,2.40974,20.58832,51.00000,,20.00000,0.65723,1
201,3688,633.56299,24.58667,2.41075,20.58785,51.00000,,20.00000,0.65713,1
201,3689,633.72803,24.59333,2.41194,20.58791,51.00000,,20.00000,0.65704,1
201,3690,633.89001,24.60000,2.41311,20.58796,51.00000,,20.00000,0.65695,1
201,3691,634.05902,24.60667,2.41430,20.58745,49.00000,,20.00000,0.65686,1
201,3692,634.21802,24.61333,2.41529,20.58747,49.00000,,20.00000,0.65677,1
201,3693,634.38702,24.62000,2.41618,20.58755,49.00000,,20.00000,0.65668,1
201,3694,634.55499,24.62667,2.41670,20.58712,50.00000,,20.00000,0.65659,1
201,3695,634.72198,24.63333,2.41813,20.58717,50.00000,,20.00000,0.65649,1
201,3696,634.88300,24.64000,2.41931,20.58721,49.00000,,20.00000,0.65641,1
201,3697,635.04999,24.64667,2.42044,20.58675,49.00000,,20.00000,0.65631,1
201,3698,635.22699,24.65333,2.42110,20.58628,50.00000,,20.00000,0.65622,1
201,3699,635.38599,24.66000,2.42197,20.58581,50.00000,,20.00000,0.65613,1
201,3700,635.54303,24.66667,2.42314,20.58534,50.00000,,20.00000,0.65604,1
201,3701,635.71198,24.67333,2.42446,20.58435,50.00000,,20.00000,0.65595,1
201,3702,635.87799,24.68000,2.42571,20.58388,50.00000,,20.00000,0.65586,1
201,3703,636.03601,24.68667,2.42725,20.58341,50.00000,,20.00000,0.65577,1
201,3704,636.21198,24.69333,2.42821,20.58294,49.00000,,20.00000,0.65567,1
201,3705,636.37402,24.70000,2.42909,20.58247,50.00000,,20.00000,0.65558,1
201,3706,636.53802,24.70667,2.42991,20.58252,50.00000,,20.00000,0.65549,1
201,3707,636.71399,24.71333,2.43070,20.58205,50.00000,,20.00000,0.65540,1
201,3708,636.87000,24.72000,2.43175,20.58154,49.00000,,20.00000,0.65531,1
201,3709,637.03601,24.72667,2.43270,20.58103,49.00000,,20.00000,0.65522,1
201,3710,637.20203,24.73333,2.43383,20.58060,50.00000,,20.00000,0.65513,1
201,3711,637.36902,24.74000,2.43502,20.58069,50.00000,,20.00000,0.65503,1
201,3712,637.53802,24.74667,2.43628,20.58022,50.00000,,20.00000,0.65494,1
201,3713,637.70099,24.75333,2.43747,20.57976,50.00000,,20.00000,0.65485,1
201,3714,637.86902,24.76000,2.43849,20.57981,49.00000,,20.00000,0.65476,1
201,3715,638.02197,24.76667,2.43917,20.57930,50.00000,,20.00000,0.65467,1
201,3716,638.19897,24.77333,2.43990,20.57932,50.00000,,20.00000,0.65457,1
201,3717,638.35901,24.78000,2.44078,20.57942,50.00000,,20.00000,0.65449,1
201,3718,638.52100,24.78667,2.44184,20.57952,50.00000,,20.00000,0.65440,1
201,3719,638.68799,24.79333,2.44292,20.57905,50.00000,,20.00000,0.65430,1
201,3720,638.84900,24.80000,2.44398,20.57910,49.00000,,20.00000,0.65421,1
201,3721,639.01801,24.80667,2.44513,20.57916,51.00000,,20.00000,0.65412,1
201,3722,639.18298,24.81333,2.44620,20.57921,51.00000,,20.00000,0.65403,1
201,3723,639.35199,24.82000,2.44753,20.57926,52.00000,,20.00000,0.65394,1
201,3724,639.51001,24.82667,2.44871,20.57931,52.00000,,20.00000,0.65385,1
201,3725,639.68103,24.83333,2.44973,20.57932,52.00000,,20.00000,0.65375,1
201,3726,639.85303,24.84000,2.45070,20.57933,49.00000,,20.00000,0.65366,1
201,3727,640.01703,24.84667,2.45171,20.57942,49.00000,,20.00000,0.65357,1
201,3728,640.18103,24.85333,2.45279,20.57951,50.00000,,20.00000,0.65348,1
201,3729,640.35303,24.86000,2.45400,20.57957,50.00000,,20.00000,0.65338,1
201,3730,640.50897,24.86667,2.45518,20.57962,49.00000,,20.00000,0.65329,1
201,3731,640.68402,24.87333,2.45634,20.57968,49.00000,,20.00000,0.65320,1
201,3732,640.83600,24.88000,2.45763,20.57969,49.00000,,20.00000,0.65311,1
201,3733,641.00598,24.88667,2.45872,20.57971,49.00000,,20.00000,0.65302,1
201,3734,641.18298,24.89333,2.45976,20.57981,50.00000,,20.00000,0.65292,1
201,3735,641.33398,24.90000,2.46100,20.57990,50.00000,,20.00000,0.65283,1
201,3736,641.49902,24.90667,2.46214,20.57995,50.00000,,20.00000,0.65274,1
201,3737,641.67401,24.91333,2.46324,20.58001,50.00000,,20.00000,0.65264,1
201,3738,641.83600,24.92000,2.46437,20.58006,49.00000,,20.00000,0.65255,1
201,3739,641.99701,24.92667,2.46544,20.58012,49.00000,,20.00000,0.65246,1
201,3740,642.16998,24.93333,2.46654,20.58017,50.00000,,20.00000,0.65237,1
201,3741,642.33002,24.94000,2.46761,20.58023,50.00000,,20.00000,0.65228,1
201,3742,642.50000,24.94667,2.46877,20.58029,50.00000,,20.00000,0.65218,1
201,3743,642.65997,24.95333,2.46929,20.58034,50.00000,,20.00000,0.65209,1
201,3744,642.82800,24.96000,2.47050,20.58040,49.00000,,20.00000,0.65200,1
201,3745,642.98999,24.96667,2.47225,20.58045,49.00000,,20.00000,0.65191,1
201,3746,643.15399,24.97333,2.47296,20.58051,50.00000,,20.00000,0.65182,1
201,3747,643.32599,24.98000,2.47400,20.58057,50.00000,,20.00000,0.65172,1
201,3748,643.49298,24.98667,2.47558,20.58062,49.00000,,20.00000,0.65163,1
201,3749,643.65100,24.99333,2.47695,20.58064,49.00000,,20.00000,0.65154,1
201,3750,643.81799,25.00000,2.47798,20.58065,49.00000,,20.00000,0.65145,1
201,3751,643.97803,25.00667,2.47899,20.58074,49.00000,,20.00000,0.65136,1
201,3752,644.15698,25.01333,2.47999,20.58084,50.00000,,20.00000,0.65126,1
201,3753,644.32300,25.02000,2.48113,20.58090,50.00000,,20.00000,0.65116,1
201,3754,644.48199,25.02667,2.48239,20.58095,49.00000,,20.00000,0.65108,1
201,3755,644.65198,25.03333,2.48343,20.58101,49.00000,,20.00000,0.65098,1
201,3756,644.80499,25.04000,2.48443,20.58107,49.00000,,20.00000,0.65090,1
201,3757,644.97699,25.04667,2.48535,20.58113,49.00000,,20.00000,0.65080,1
201,3758,645.14502,25.05333,2.48626,20.58118,51.00000,,20.00000,0.65070,1
201,3759,645.30798,25.06000,2.48734,20.58124,51.00000,,20.00000,0.65061,1
201,3760,645.47101,25.06667,2.48861,20.58129,51.00000,,20.00000,0.65052,1
201,3761,645.64203,25.07333,2.48959,20.58135,49.00000,,20.00000,0.65043,1
201,3762,645.80103,25.08000,2.49085,20.58141,49.00000,,20.00000,0.65034,1
201,3763,645.97900,25.08667,2.49179,20.58146,50.00000,,20.00000,0.65024,1
201,3764,646.12903,25.09333,2.49278,20.58152,50.00000,,20.00000,0.65015,1
201,3765,646.30402,25.10000,2.49414,20.58157,50.00000,,20.00000,0.65005,1
201,3766,646.46698,25.10667,2.49560,20.58159,49.00000,,20.00000,0.64996,1
201,3767,646.63599,25.11333,2.49713,20.58160,51.00000,,20.00000,0.64987,1
201,3768,646.79797,25.12000,2.49778,20.58170,49.00000,,20.00000,0.64978,1
201,3769,646.96698,25.12667,2.49907,20.58179,49.00000,,20.00000,0.64968,1
201,3770,647.13202,25.13333,2.50028,20.58185,50.00000,,20.00000,0.64959,1
201,3771,647.29401,25.14000,2.50155,20.58138,50.00000,,20.00000,0.64950,1
201,3772,647.46600,25.14667,2.50254,20.58143,50.00000,,20.00000,0.64940,1
201,3773,647.63300,25.15333,2.50352,20.58149,49.00000,,20.00000,0.64931,1
201,3774,647.79401,25.16000,2.50448,20.58154,49.00000,,20.00000,0.64922,1
201,3775,647.96002,25.16667,2.50545,20.58160,50.00000,,20.00000,0.64912,1
201,3776,648.13202,25.17333,2.50656,20.58166,50.00000,,20.00000,0.64903,1
201,3777,648.29102,25.18000,2.50765,20.58171,51.00000,,20.00000,0.64894,1
201,3778,648.45398,25.18667,2.50886,20.58125,52.00000,,20.00000,0.64884,1
201,3779,648.62598,25.19333,2.51034,20.58131,49.00000,,20.00000,0.64875,1
201,3780,648.79199,25.20000,2.51157,20.58136,49.00000,,20.00000,0.64865,1
201,3781,648.95502,25.20667,2.51278,20.58142,50.00000,,20.00000,0.64856,1
201,3782,649.11798,25.21333,2.51412,20.58148,50.00000,,20.00000,0.64847,1
201,3783,649.29102,25.22000,2.51530,20.58150,50.00000,,20.00000,0.64837,1
201,3784,649.45001,25.22667,2.51657,20.58152,51.00000,,20.00000,0.64828,1
201,3785,649.62097,25.23333,2.51780,20.58110,49.00000,,20.00000,0.64819,1
201,3786,649.77899,25.24000,2.51889,20.58119,49.00000,,20.00000,0.64810,1
201,3787,649.93903,25.24667,2.51979,20.58125,50.00000,,20.00000,0.64801,1
201,3788,650.11499,25.25333,2.52110,20.58131,50.00000,,20.00000,0.64791,1
201,3789,650.27698,25.26000,2.52232,20.58137,50.00000,,20.00000,0.64782,1
201,3790,650.43799,25.26667,2.52292,20.58138,49.00000,,20.00000,0.64772,1
201,3791,650.61700,25.27333,2.52436,20.58088,49.00000,,20.00000,0.64762,1
201,3792,650.77002,25.28000,2.52575,20.58097,49.00000,,20.00000,0.64754,1
201,3793,650.94397,25.28667,2.52675,20.58107,51.00000,,20.00000,0.64744,1
201,3794,651.10101,25.29333,2.52789,20.58113,51.00000,,20.00000,0.64735,1
201,3795,651.27100,25.30000,2.52931,20.58119,52.00000,,20.00000,0.64725,1
201,3796,651.44000,25.30667,2.53043,20.58125,52.00000,,20.00000,0.64716,1
201,3797,651.60101,25.31333,2.53152,20.58131,49.00000,,20.00000,0.64707,1
201,3798,651.76398,25.32000,2.53262,20.58085,49.00000,,20.00000,0.64697,1
201,3799,651.92999,25.32667,2.53379,20.58091,50.00000,,20.00000,0.64688,1
201,3800,652.10101,25.33333,2.53504,20.58097,50.00000,,20.00000,0.64678,1
201,3801,652.26703,25.34000,2.53608,20.58103,50.00000,,20.00000,0.64669,1
201,3802,652.42200,25.34667,2.53735,20.58108,52.00000,,20.00000,0.64660,1
201,3803,652.58801,25.35333,2.53865,20.58114,49.00000,,20.00000,0.64651,1
201,3804,652.76001,25.36000,2.53995,20.58119,49.00000,,20.00000,0.64641,1
201,3805,652.93103,25.36667,2.54114,20.58073,50.00000,,20.00000,0.64631,1
201,3806,653.09497,25.37333,2.54230,20.58078,50.00000,,20.00000,0.64622,1
201,3807,653.26398,25.38000,2.54355,20.58081,50.00000,,20.00000,0.64612,1
201,3808,653.43201,25.38667,2.54472,20.58083,49.00000,,20.00000,0.64603,1
201,3809,653.58099,25.39333,2.54574,20.58093,49.00000,,20.00000,0.64594,1
201,3810,653.75598,25.40000,2.54693,20.58103,49.00000,,20.00000,0.64584,1
201,3811,653.91302,25.40667,2.54802,20.58057,51.00000,,20.00000,0.64575,1
201,3812,654.08197,25.41333,2.54933,20.58063,51.00000,,20.00000,0.64566,1
201,3813,654.24500,25.42000,2.55050,20.58069,50.00000,,20.00000,0.64557,1
201,3814,654.40802,25.42667,2.55148,20.58075,50.00000,,20.00000,0.64547,1
201,3815,654.58398,25.43333,2.55268,20.58081,50.00000,,20.00000,0.64537,1
201,3816,654.74701,25.44000,2.55416,20.58086,50.00000,,20.00000,0.64528,1
201,3817,654.90802,25.44667,2.55557,20.58092,50.00000,,20.00000,0.64519,1
201,3818,655.08099,25.45333,2.55676,20.58045,50.00000,,20.00000,0.64509,1
201,3819,655.24500,25.46000,2.55812,20.58051,50.00000,,20.00000,0.64500,1
201,3820,655.41699,25.46667,2.55950,20.58057,50.00000,,20.00000,0.64490,1
201,3821,655.58197,25.47333,2.56080,20.58064,50.00000,,20.00000,0.64480,1
201,3822,655.73700,25.48000,2.56158,20.58070,50.00000,,20.00000,0.64472,1
201,3823,655.90198,25.48667,2.56239,20.58076,50.00000,,20.00000,0.64462,1
201,3824,656.06702,25.49333,2.56338,20.58027,50.00000,,20.00000,0.64453,1
201,3825,656.23199,25.50000,2.56456,20.58029,49.00000,,20.00000,0.64443,1
201,3826,656.39398,25.50667,2.56567,20.58039,49.00000,,20.00000,0.64434,1
201,3827,656.56799,25.51333,2.56712,20.58049,49.00000,,20.00000,0.64424,1
201,3828,656.72998,25.52000,2.56860,20.58055,51.00000,,20.00000,0.64415,1
201,3829,656.89697,25.52667,2.56991,20.58061,51.00000,,20.00000,0.64405,1
201,3830,657.05902,25.53333,2.57108,20.58067,52.00000,,20.00000,0.64396,1
201,3831,657.23297,25.54000,2.57241,20.58021,52.00000,,20.00000,0.64386,1
201,3832,657.39502,25.54667,2.57334,20.58027,49.00000,,20.00000,0.64377,1
201,3833,657.55701,25.55333,2.57426,20.58033,49.00000,,20.00000,0.64368,1
201,3834,657.71600,25.56000,2.57543,20.58039,50.00000,,20.00000,0.64359,1
201,3835,657.88599,25.56667,2.57650,20.58045,50.00000,,20.00000,0.64349,1
201,3836,658.05701,25.57333,2.57782,20.58052,50.00000,,20.00000,0.64339,1
201,3837,658.22302,25.58000,2.57913,20.58058,49.00000,,20.00000,0.64330,1
201,3838,658.38599,25.58667,2.58056,20.58064,49.00000,,20.00000,0.64320,1
201,3839,658.55298,25.59333,2.58200,20.58070,50.00000,,20.00000,0.64311,1
201,3840,658.71600,25.60000,2.58312,20.58076,50.00000,,20.00000,0.64301,1
201,3841,658.88202,25.60667,2.58437,20.58078,50.00000,,20.00000,0.64292,1
201,3842,659.04797,25.61333,2.58556,20.58080,50.00000,,20.00000,0.64282,1
201,3843,659.21802,25.62000,2.58688,20.58090,50.00000,,20.00000,0.64273,1
201,3844,659.37402,25.62667,2.58817,20.58101,49.00000,,20.00000,0.64264,1
201,3845,659.54797,25.63333,2.58938,20.58107,49.00000,,20.00000,0.64254,1
201,3846,659.71002,25.64000,2.59062,20.58061,50.00000,,20.00000,0.64244,1
201,3847,659.87201,25.64667,2.59174,20.58067,50.00000,,20.00000,0.64235,1
201,3848,660.03900,25.65333,2.59287,20.58070,50.00000,,20.00000,0.64225,1
201,3849,660.20300,25.66000,2.59362,20.58072,49.00000,,20.00000,0.64216,1
201,3850,660.36902,25.66667,2.59500,20.58082,50.00000,,20.00000,0.64207,1
201,3851,660.53998,25.67333,2.59658,20.58092,50.00000,,20.00000,0.64197,1
201,3852,660.70599,25.68000,2.59814,20.58098,50.00000,,20.00000,0.64187,1
201,3853,660.87097,25.68667,2.59896,20.58104,50.00000,,20.00000,0.64178,1
201,3854,661.03802,25.69333,2.60022,20.58057,50.00000,,20.00000,0.64168,1
201,3855,661.19800,25.70000,2.60177,20.58063,50.00000,,20.00000,0.64159,1
201,3856,661.37000,25.70667,2.60317,20.58070,50.00000,,20.00000,0.64149,1
201,3857,661.53101,25.71333,2.60423,20.58076,50.00000,,20.00000,0.64140,1
201,3858,661.70599,25.72000,2.60532,20.58082,50.00000,,20.00000,0.64130,1
201,3859,661.86102,25.72667,2.60624,20.58089,50.00000,,20.00000,0.64121,1
201,3860,662.03003,25.73333,2.60751,20.58095,49.00000,,20.00000,0.64111,1
201,3861,662.19098,25.74000,2.60888,20.58101,49.00000,,20.00000,0.64102,1
201,3862,662.35797,25.74667,2.61020,20.58054,50.00000,,20.00000,0.64092,1
201,3863,662.52899,25.75333,2.61154,20.58060,50.00000,,20.00000,0.64082,1
201,3864,662.68903,25.76000,2.61285,20.58066,51.00000,,20.00000,0.64073,1
201,3865,662.86902,25.76667,2.61408,20.58068,51.00000,,20.00000,0.64063,1
201,3866,663.02899,25.77333,2.61533,20.58070,49.00000,,20.00000,0.64053,1
201,3867,663.20203,25.78000,2.61661,20.58080,49.00000,,20.00000,0.64043,1
201,3868,663.36298,25.78667,2.61786,20.58090,50.00000,,20.00000,0.64034,1
201,3869,663.52100,25.79333,2.61916,20.58043,50.00000,,20.00000,0.64025,1
201,3870,663.69501,25.80000,2.62026,20.58050,50.00000,,20.00000,0.64015,1
201,3871,663.85797,25.80667,2.62145,20.58057,51.00000,,20.00000,0.64006,1
201,3872,664.02698,25.81333,2.62272,20.58063,49.00000,,20.00000,0.63996,1
201,3873,664.18799,25.82000,2.62404,20.58069,49.00000,,20.00000,0.63987,1
201,3874,664.34998,25.82667,2.62523,20.58075,49.00000,,20.00000,0.63977,1
201,3875,664.52100,25.83333,2.62639,20.58082,50.00000,,20.00000,0.63967,1
201,3876,664.68597,25.84000,2.62746,20.58088,50.00000,,20.00000,0.63958,1
201,3877,664.85303,25.84667,2.62867,20.58042,50.00000,,20.00000,0.63948,1
201,3878,665.01801,25.85333,2.63006,20.58049,50.00000,,20.00000,0.63939,1
201,3879,665.18298,25.86000,2.63126,20.58055,49.00000,,20.00000,0.63929,1
201,3880,665.34802,25.86667,2.63253,20.58062,49.00000,,20.00000,0.63920,1
201,3881,665.51099,25.87333,2.63379,20.58068,50.00000,,20.00000,0.63910,1
201,3882,665.67798,25.88000,2.63531,20.58071,51.00000,,20.00000,0.63900,1
201,3883,665.84198,25.88667,2.63689,20.58073,51.00000,,20.00000,0.63891,1
201,3884,666.00598,25.89333,2.63822,20.58031,49.00000,,20.00000,0.63881,1
201,3885,666.17297,25.90000,2.63874,20.58041,49.00000,,20.00000,0.63872,1
201,3886,666.34698,25.90667,2.63984,20.58047,49.00000,,20.00000,0.63862,1
201,3887,666.51398,25.91333,2.64118,20.58053,50.00000,,20.00000,0.63852,1
201,3888,666.67200,25.92000,2.64243,20.58059,50.00000,,20.00000,0.63843,1
201,3889,666.83801,25.92667,2.64371,20.58065,50.00000,,20.00000,0.63833,1
201,3890,667.01801,25.93333,2.64501,20.58072,50.00000,,20.00000,0.63823,1
201,3891,667.17297,25.94000,2.64695,20.58078,50.00000,,20.00000,0.63814,1
201,3892,667.33398,25.94667,2.64821,20.58032,50.00000,,20.00000,0.63804,1
201,3893,667.50897,25.95333,2.64919,20.58039,50.00000,,20.00000,0.63794,1
201,3894,667.67200,25.96000,2.65052,20.58045,50.00000,,20.00000,0.63785,1
201,3895,667.83301,25.96667,2.65235,20.58052,50.00000,,20.00000,0.63775,1
201,3896,668.00598,25.97333,2.65370,20.58058,50.00000,,20.00000,0.63765,1
201,3897,668.16602,25.98000,2.65434,20.58064,49.00000,,20.00000,0.63756,1
201,3898,668.33197,25.98667,2.65543,20.58071,49.00000,,20.00000,0.63746,1
201,3899,668.50299,25.99333,2.65691,20.58021,50.00000,,20.00000,0.63736,1
201,3900,668.65997,26.00000,2.65854,20.58024,50.00000,,20.00000,0.63727,1
201,3901,668.83698,26.00667,2.65953,20.58034,51.00000,,20.00000,0.63717,1
201,3902,668.99500,26.01333,2.66098,20.58044,50.00000,,20.00000,0.63708,1
201,3903,669.16400,26.02000,2.66233,20.58051,50.00000,,20.00000,0.63698,1
201,3904,669.32703,26.02667,2.66366,20.58057,50.00000,,20.00000,0.63689,1
201,3905,669.49701,26.03333,2.66508,20.58063,50.00000,,20.00000,0.63679,1
201,3906,669.65399,26.04000,2.66628,20.58069,49.00000,,20.00000,0.63670,1
201,3907,669.83099,26.04667,2.66733,20.58024,51.00000,,20.00000,0.63659,1
201,3908,669.99799,26.05333,2.66862,20.58030,51.00000,,20.00000,0.63649,1
201,3909,670.15997,26.06000,2.67002,20.58037,51.00000,,20.00000,0.63640,1
201,3910,670.32599,26.06667,2.67136,20.57991,51.00000,,20.00000,0.63630,1
201,3911,670.48602,26.07333,2.67269,20.57945,49.00000,,20.00000,0.63621,1
201,3912,670.65601,26.08000,2.67405,20.57900,49.00000,,20.00000,0.63611,1
201,3913,670.82300,26.08667,2.67540,20.57854,50.00000,,20.00000,0.63601,1
201,3914,670.99103,26.09333,2.67681,20.57809,50.00000,,20.00000,0.63592,1
201,3915,671.15198,26.10000,2.67809,20.57815,49.00000,,20.00000,0.63582,1
201,3916,671.31097,26.10667,2.67929,20.57765,49.00000,,20.00000,0.63573,1
201,3917,671.48297,26.11333,2.68053,20.57716,49.00000,,20.00000,0.63563,1
201,3918,671.65399,26.12000,2.68158,20.57727,49.00000,,20.00000,0.63553,1
201,3919,671.82001,26.12667,2.68261,20.57738,51.00000,,20.00000,0.63543,1
201,3920,671.97498,26.13333,2.68400,20.57692,51.00000,,20.00000,0.63534,1
201,3921,672.14203,26.14000,2.68548,20.57699,51.00000,,20.00000,0.63524,1
201,3922,672.30603,26.14667,2.68676,20.57705,49.00000,,20.00000,0.63515,1
201,3923,672.47699,26.15333,2.68807,20.57656,49.00000,,20.00000,0.63505,1
201,3924,672.64301,26.16000,2.68942,20.57658,49.00000,,20.00000,0.63495,1
201,3925,672.80701,26.16667,2.69064,20.57668,51.00000,,20.00000,0.63485,1
201,3926,672.98102,26.17333,2.69195,20.57626,51.00000,,20.00000,0.63475,1
201,3927,673.14099,26.18000,2.69342,20.57632,51.00000,,20.00000,0.63466,1
201,3928,673.31598,26.18667,2.69467,20.57639,51.00000,,20.00000,0.63456,1
201,3929,673.47302,26.19333,2.69613,20.57593,49.00000,,20.00000,0.63446,1
201,3930,673.64001,26.20000,2.69748,20.57600,49.00000,,20.00000,0.63437,1
201,3931,673.81000,26.20667,2.69891,20.57606,50.00000,,20.00000,0.63427,1
201,3932,673.96997,26.21333,2.70025,20.57613,50.00000,,20.00000,0.63417,1
201,3933,674.13898,26.22000,2.70168,20.57567,49.00000,,20.00000,0.63407,1
201,3934,674.30499,26.22667,2.70329,20.57574,49.00000,,20.00000,0.63398,1
201,3935,674.47400,26.23333,2.70472,20.57581,50.00000,,20.00000,0.63388,1
201,3936,674.63501,26.24000,2.70607,20.57535,50.00000,,20.00000,0.63378,1
201,3937,674.80200,26.24667,2.70674,20.57542,50.00000,,20.00000,0.63369,1
201,3938,674.96802,26.25333,2.70816,20.57549,52.00000,,20.00000,0.63359,1
201,3939,675.13202,26.26000,2.70976,20.57556,52.00000,,20.00000,0.63349,1
201,3940,675.30603,26.26667,2.71102,20.57507,49.00000,,20.00000,0.63339,1
201,3941,675.45898,26.27333,2.71228,20.57510,49.00000,,20.00000,0.63330,1
201,3942,675.62500,26.28000,2.71371,20.57521,49.00000,,20.00000,0.63320,1
201,3943,675.79498,26.28667,2.71521,20.57479,49.00000,,20.00000,0.63310,1
201,3944,675.95203,26.29333,2.71661,20.57486,51.00000,,20.00000,0.63301,1
201,3945,676.12299,26.30000,2.71799,20.57493,51.00000,,20.00000,0.63291,1
201,3946,676.29303,26.30667,2.71930,20.57499,50.00000,,20.00000,0.63281,1
201,3947,676.45599,26.31333,2.72078,20.57454,49.00000,,20.00000,0.63271,1
201,3948,676.62097,26.32000,2.72246,20.57460,50.00000,,20.00000,0.63262,1
201,3949,676.78699,26.32667,2.72401,20.57467,50.00000,,20.00000,0.63252,1
201,3950,676.94897,26.33333,2.72568,20.57421,50.00000,,20.00000,0.63242,1
201,3951,677.12097,26.34000,2.72732,20.57428,49.00000,,20.00000,0.63232,1
201,3952,677.28699,26.34667,2.72868,20.57435,50.00000,,20.00000,0.63223,1
201,3953,677.44897,26.35333,2.73023,20.57441,49.00000,,20.00000,0.63213,1
201,3954,677.61902,26.36000,2.73155,20.57395,51.00000,,20.00000,0.63203,1
201,3955,677.78699,26.36667,2.73292,20.57402,51.00000,,20.00000,0.63193,1
201,3956,677.95502,26.37333,2.73379,20.57408,52.00000,,20.00000,0.63183,1
201,3957,678.11902,26.38000,2.73490,20.57359,52.00000,,20.00000,0.63173,1
201,3958,678.28699,26.38667,2.73647,20.57361,49.00000,,20.00000,0.63164,1
201,3959,678.44800,26.39333,2.73795,20.57372,49.00000,,20.00000,0.63154,1
201,3960,678.61603,26.40000,2.73952,20.57383,50.00000,,20.00000,0.63144,1
201,3961,678.78302,26.40667,2.74108,20.57338,50.00000,,20.00000,0.63134,1
201,3962,678.95099,26.41333,2.74265,20.57345,51.00000,,20.00000,0.63124,1
201,3963,679.10999,26.42000,2.74425,20.57351,51.00000,,20.00000,0.63115,1
201,3964,679.27399,26.42667,2.74575,20.57306,49.00000,,20.00000,0.63105,1
201,3965,679.45203,26.43333,2.74734,20.57313,49.00000,,20.00000,0.63095,1
201,3966,679.60999,26.44000,2.74882,20.57320,50.00000,,20.00000,0.63086,1
201,3967,679.77899,26.44667,2.75033,20.57327,50.00000,,20.00000,0.63076,1
201,3968,679.93903,26.45333,2.75176,20.57282,50.00000,,20.00000,0.63066,1
201,3969,680.10101,26.46000,2.75319,20.57289,50.00000,,20.00000,0.63056,1
201,3970,680.26501,26.46667,2.75443,20.57296,49.00000,,20.00000,0.63047,1
201,3971,680.43903,26.47333,2.75596,20.57250,49.00000,,20.00000,0.63037,1
201,3972,680.60498,26.48000,2.75727,20.57257,51.00000,,20.00000,0.63027,1
201,3973,680.76801,26.48667,2.75864,20.57263,51.00000,,20.00000,0.63017,1
201,3974,680.93701,26.49333,2.76041,20.57266,52.00000,,20.00000,0.63007,1
201,3975,681.10797,26.50000,2.76186,20.57216,52.00000,,20.00000,0.62997,1
201,3976,681.27002,26.50667,2.76330,20.57227,49.00000,,20.00000,0.62987,1
201,3977,681.43799,26.51333,2.76493,20.57238,49.00000,,20.00000,0.62977,1
201,3978,681.59698,26.52000,2.76592,20.57193,50.00000,,20.00000,0.62968,1
201,3979,681.77100,26.52667,2.76688,20.57200,50.00000,,20.00000,0.62958,1
201,3980,681.93103,26.53333,2.76799,20.57207,51.00000,,20.00000,0.62948,1
201,3981,682.09802,26.54000,2.76982,20.57210,51.00000,,20.00000,0.62938,1
201,3982,682.25800,26.54667,2.77150,20.57212,49.00000,,20.00000,0.62929,1
201,3983,682.43500,26.55333,2.77298,20.57171,49.00000,,20.00000,0.62918,1
201,3984,682.59998,26.56000,2.77417,20.57182,49.00000,,20.00000,0.62909,1
201,3985,682.76801,26.56667,2.77556,20.57189,50.00000,,20.00000,0.62899,1
201,3986,682.93799,26.57333,2.77740,20.57196,50.00000,,20.00000,0.62888,1
201,3987,683.09497,26.58000,2.77863,20.57203,50.00000,,20.00000,0.62879,1
201,3988,683.24799,26.58667,2.77973,20.57210,50.00000,,20.00000,0.62870,1
201,3989,683.42603,26.59333,2.78115,20.57217,49.00000,,20.00000,0.62859,1
201,3990,683.59302,26.60000,2.78254,20.57224,49.00000,,20.00000,0.62850,1
201,3991,683.75897,26.60667,2.78399,20.57231,51.00000,,20.00000,0.62840,1
201,3992,683.92297,26.61333,2.78525,20.57238,51.00000,,20.00000,0.62830,1
201,3993,684.09302,26.62000,2.78608,20.57245,52.00000,,20.00000,0.62820,1
201,3994,684.25598,26.62667,2.78784,20.57252,49.00000,,20.00000,0.62810,1
201,3995,684.41998,26.63333,2.78948,20.57259,49.00000,,20.00000,0.62800,1
201,3996,684.58899,26.64000,2.79107,20.57266,49.00000,,20.00000,0.62790,1
201,3997,684.75598,26.64667,2.79240,20.57273,49.00000,,20.00000,0.62780,1
201,3998,684.92102,26.65333,2.79385,20.57276,51.00000,,20.00000,0.62771,1
201,3999,685.08398,26.66000,2.79530,20.57279,51.00000,,20.00000,0.62761,1
201,4000,685.25000,26.66667,2.79656,20.57290,49.00000,,20.00000,0.62751,1
201,4001,685.42499,26.67333,2.79804,20.57301,49.00000,,20.00000,0.62741,1
201,4002,685.58600,26.68000,2.79955,20.57307,50.00000,,20.00000,0.62731,1
201,4003,685.75000,26.68667,2.80094,20.57314,50.00000,,20.00000,0.62721,1
201,4004,685.91602,26.69333,2.80145,20.57321,50.00000,,20.00000,0.62711,1
201,4005,686.08801,26.70000,2.80305,20.57328,50.00000,,20.00000,0.62701,1
201,4006,686.25598,26.70667,2.80509,20.57334,50.00000,,20.00000,0.62691,1
201,4007,686.41803,26.71333,2.80673,20.57289,49.00000,,20.00000,0.62681,1
201,4008,686.58899,26.72000,2.80807,20.57296,49.00000,,20.00000,0.62671,1
201,4009,686.74902,26.72667,2.80920,20.57303,51.00000,,20.00000,0.62662,1
201,4010,686.91803,26.73333,2.81048,20.57311,49.00000,,20.00000,0.62652,1
201,4011,687.08502,26.74000,2.81194,20.57318,50.00000,,20.00000,0.62642,1
201,4012,687.25201,26.74667,2.81322,20.57274,50.00000,,20.00000,0.62632,1
201,4013,687.40802,26.75333,2.81453,20.57281,49.00000,,20.00000,0.62622,1
201,4014,687.57397,26.76000,2.81587,20.57289,49.00000,,20.00000,0.62612,1
201,4015,687.73602,26.76667,2.81713,20.57292,50.00000,,20.00000,0.62603,1
201,4016,687.90399,26.77333,2.81841,20.57296,51.00000,,20.00000,0.62593,1
201,4017,688.06897,26.78000,2.81974,20.57255,51.00000,,20.00000,0.62583,1
201,4018,688.23602,26.78667,2.82121,20.57266,49.00000,,20.00000,0.62573,1
201,4019,688.40002,26.79333,2.82248,20.57273,49.00000,,20.00000,0.62563,1
201,4020,688.57098,26.80000,2.82383,20.57280,49.00000,,20.00000,0.62553,1
201,4021,688.73798,26.80667,2.82550,20.57235,50.00000,,20.00000,0.62543,1
201,4022,688.90601,26.81333,2.82665,20.57243,50.00000,,20.00000,0.62533,1
201,4023,689.06000,26.82000,2.82783,20.57250,50.00000,,20.00000,0.62524,1
201,4024,689.22803,26.82667,2.82918,20.57257,50.00000,,20.00000,0.62514,1
201,4025,689.39801,26.83333,2.83079,20.57264,49.00000,,20.00000,0.62503,1
201,4026,689.56299,26.84000,2.83264,20.57219,49.00000,,20.00000,0.62494,1
201,4027,689.73499,26.84667,2.83419,20.57225,50.00000,,20.00000,0.62483,1
201,4028,689.89502,26.85333,2.83494,20.57232,50.00000,,20.00000,0.62474,1
201,4029,690.06702,26.86000,2.83637,20.57239,50.00000,,20.00000,0.62463,1
201,4030,690.23401,26.86667,2.83784,20.57194,50.00000,,20.00000,0.62453,1
201,4031,690.39502,26.87333,2.83918,20.57201,49.00000,,20.00000,0.62444,1
201,4032,690.56702,26.88000,2.84041,20.57209,49.00000,,20.00000,0.62433,1
201,4033,690.72803,26.88667,2.84238,20.57216,51.00000,,20.00000,0.62424,1
201,4034,690.89398,26.89333,2.84399,20.57223,51.00000,,20.00000,0.62414,1
201,4035,691.05603,26.90000,2.84488,20.57178,52.00000,,20.00000,0.62404,1
201,4036,691.22601,26.90667,2.84566,20.57185,52.00000,,20.00000,0.62394,1
201,4037,691.39301,26.91333,2.84739,20.57192,49.00000,,20.00000,0.62384,1
201,4038,691.56500,26.92000,2.84882,20.57200,49.00000,,20.00000,0.62374,1
201,4039,691.72803,26.92667,2.85010,20.57207,49.00000,,20.00000,0.62364,1
201,4040,691.88599,26.93333,2.85149,20.57162,50.00000,,20.00000,0.62354,1
201,4041,692.06702,26.94000,2.85301,20.57169,50.00000,,20.00000,0.62343,1
201,4042,692.22601,26.94667,2.85396,20.57177,50.00000,,20.00000,0.62334,1
201,4043,692.38501,26.95333,2.85498,20.57184,49.00000,,20.00000,0.62324,1
201,4044,692.54797,26.96000,2.85638,20.57139,49.00000,,20.00000,0.62314,1
201,4045,692.72198,26.96667,2.85808,20.57147,50.00000,,20.00000,0.62304,1
201,4046,692.88397,26.97333,2.85942,20.57154,50.00000,,20.00000,0.62294,1
201,4047,693.05103,26.98000,2.86078,20.57162,50.00000,,20.00000,0.62284,1
201,4048,693.21698,26.98667,2.86226,20.57169,50.00000,,20.00000,0.62274,1
201,4049,693.38599,26.99333,2.86388,20.57124,49.00000,,20.00000,0.62264,1
201,4050,693.54797,27.00000,2.86459,20.57131,49.00000,,20.00000,0.62254,1
201,4051,693.71301,27.00667,2.86600,20.57138,51.00000,,20.00000,0.62244,1
201,4052,693.88098,27.01333,2.86833,20.57145,51.00000,,20.00000,0.62234,1
201,4053,694.05798,27.02000,2.86978,20.57100,51.00000,,20.00000,0.62224,1
201,4054,694.21802,27.02667,2.87022,20.57108,52.00000,,20.00000,0.62214,1
201,4055,694.38202,27.03333,2.87170,20.57114,52.00000,,20.00000,0.62204,1
201,4056,694.54199,27.04000,2.87311,20.57121,49.00000,,20.00000,0.62194,1
201,4057,694.71503,27.04667,2.87398,20.57128,49.00000,,20.00000,0.62184,1
201,4058,694.88202,27.05333,2.87579,20.57083,49.00000,,20.00000,0.62174,1
201,4059,695.04700,27.06000,2.87759,20.57089,50.00000,,20.00000,0.62164,1
201,4060,695.22803,27.06667,2.87925,20.57096,49.00000,,20.00000,0.62153,1
201,4061,695.39398,27.07333,2.88055,20.57103,49.00000,,20.00000,0.62143,1
201,4062,695.55701,27.08000,2.88210,20.57111,49.00000,,20.00000,0.62133,1
201,4063,695.72198,27.08667,2.88339,20.57066,50.00000,,20.00000,0.62123,1
201,4064,695.88599,27.09333,2.88481,20.57074,50.00000,,20.00000,0.62113,1
201,4065,696.04999,27.10000,2.88624,20.57081,50.00000,,20.00000,0.62103,1
201,4066,696.21301,27.10667,2.88702,20.57089,50.00000,,20.00000,0.62094,1
201,4067,696.37903,27.11333,2.88812,20.57044,49.00000,,20.00000,0.62084,1
201,4068,696.54999,27.12000,2.88938,20.57051,49.00000,,20.00000,0.62073,1
201,4069,696.71503,27.12667,2.89093,20.57059,51.00000,,20.00000,0.62063,1
201,4070,696.88501,27.13333,2.89250,20.57066,51.00000,,20.00000,0.62053,1
201,4071,697.03998,27.14000,2.89403,20.57073,51.00000,,20.00000,0.62044,1
201,4072,697.22198,27.14667,2.89557,20.57029,52.00000,,20.00000,0.62033,1
201,4073,697.38000,27.15333,2.89698,20.57036,52.00000,,20.00000,0.62023,1
201,4074,697.54700,27.16000,2.89835,20.57044,49.00000,,20.00000,0.62013,1
201,4075,697.71100,27.16667,2.89965,20.57052,49.00000,,20.00000,0.62003,1
201,4076,697.87598,27.17333,2.90095,20.57007,50.00000,,20.00000,0.61993,1
201,4077,698.04498,27.18000,2.90253,20.57015,50.00000,,20.00000,0.61983,1
201,4078,698.20099,27.18667,2.90380,20.57023,49.00000,,20.00000,0.61973,1
201,4079,698.37000,27.19333,2.90493,20.57030,49.00000,,20.00000,0.61963,1
201,4080,698.53302,27.20000,2.90603,20.57038,49.00000,,20.00000,0.61953,1
201,4081,698.70697,27.20667,2.90749,20.56993,49.00000,,20.00000,0.61943,1
201,4082,698.86603,27.21333,2.90885,20.57001,50.00000,,20.00000,0.61933,1
201,4083,699.03497,27.22000,2.91004,20.57008,50.00000,,20.00000,0.61923,1
201,4084,699.20502,27.22667,2.91142,20.57016,50.00000,,20.00000,0.61913,1
201,4085,699.37097,27.23333,2.91260,20.56971,50.00000,,20.00000,0.61903,1
201,4086,699.53101,27.24000,2.91409,20.56977,49.00000,,20.00000,0.61893,1
201,4087,699.69702,27.24667,2.91566,20.56984,49.00000,,20.00000,0.61883,1
201,4088,699.87097,27.25333,2.91731,20.56992,51.00000,,20.00000,0.61872,1
201,4089,700.03900,27.26000,2.91876,20.56999,51.00000,,20.00000,0.61862,1
201,4090,700.21399,27.26667,2.91971,20.56954,52.00000,,20.00000,0.61851,1
201,4091,700.37903,27.27333,2.92057,20.56962,52.00000,,20.00000,0.61841,1
201,4092,700.53497,27.28000,2.92154,20.56969,49.00000,,20.00000,0.61832,1
201,4093,700.69501,27.28667,2.92322,20.56977,49.00000,,20.00000,0.61822,1
201,4094,700.86700,27.29333,2.92481,20.56985,50.00000,,20.00000,0.61812,1
201,4095,701.03302,27.30000,2.92613,20.56940,50.00000,,20.00000,0.61802,1
201,4096,701.20203,27.30667,2.92758,20.56947,50.00000,,20.00000,0.61791,1
201,4097,701.36700,27.31333,2.92909,20.56955,52.00000,,20.00000,0.61781,1
201,4098,701.53900,27.32000,2.93055,20.56963,49.00000,,20.00000,0.61771,1
201,4099,701.70502,27.32667,2.93193,20.56970,49.00000,,20.00000,0.61761,1
201,4100,701.86499,27.33333,2.93330,20.56978,50.00000,,20.00000,0.61751,1
201,4101,702.02698,27.34000,2.93474,20.56986,50.00000,,20.00000,0.61741,1
201,4102,702.19897,27.34667,2.93620,20.56994,50.00000,,20.00000,0.61731,1
201,4103,702.36798,27.35333,2.93766,20.57002,50.00000,,20.00000,0.61720,1
201,4104,702.52197,27.36000,2.93907,20.57009,49.00000,,20.00000,0.61711,1
201,4105,702.69098,27.36667,2.94053,20.57017,49.00000,,20.00000,0.61701,1
201,4106,702.86102,27.37333,2.94161,20.57025,51.00000,,20.00000,0.61690,1
201,4107,703.02301,27.38000,2.94285,20.57032,51.00000,,20.00000,0.61681,1
201,4108,703.19702,27.38667,2.94420,20.57040,52.00000,,20.00000,0.61670,1
201,4109,703.36102,27.39333,2.94552,20.57048,52.00000,,20.00000,0.61660,1
201,4110,703.52197,27.40000,2.94670,20.57055,49.00000,,20.00000,0.61650,1
201,4111,703.68701,27.40667,2.94795,20.57063,49.00000,,20.00000,0.61640,1
201,4112,703.85699,27.41333,2.94922,20.57071,50.00000,,20.00000,0.61630,1
201,4113,704.02002,27.42000,2.95054,20.57078,50.00000,,20.00000,0.61620,1
201,4114,704.19000,27.42667,2.95194,20.57085,51.00000,,20.00000,0.61609,1
201,4115,704.35699,27.43333,2.95372,20.57093,52.00000,,20.00000,0.61599,1
201,4116,704.52899,27.44000,2.95526,20.57100,49.00000,,20.00000,0.61589,1
201,4117,704.69000,27.44667,2.95677,20.57108,49.00000,,20.00000,0.61579,1
201,4118,704.85797,27.45333,2.95791,20.57115,50.00000,,20.00000,0.61569,1
201,4119,705.02301,27.46000,2.95898,20.57071,50.00000,,20.00000,0.61559,1
201,4120,705.19299,27.46667,2.96051,20.57079,50.00000,,20.00000,0.61548,1
201,4121,705.35699,27.47333,2.96184,20.57087,49.00000,,20.00000,0.61538,1
201,4122,705.52600,27.48000,2.96311,20.57095,49.00000,,20.00000,0.61528,1
201,4123,705.68201,27.48667,2.96441,20.57103,49.00000,,20.00000,0.61518,1
201,4124,705.85400,27.49333,2.96557,20.57111,50.00000,,20.00000,0.61508,1
201,4125,706.01898,27.50000,2.96664,20.57067,51.00000,,20.00000,0.61498,1
201,4126,706.17700,27.50667,2.96781,20.57074,51.00000,,20.00000,0.61488,1
201,4127,706.34698,27.51333,2.96916,20.57082,49.00000,,20.00000,0.61478,1
201,4128,706.51599,27.52000,2.97082,20.57090,49.00000,,20.00000,0.61467,1
201,4129,706.68298,27.52667,2.97249,20.57098,50.00000,,20.00000,0.61457,1
201,4130,706.84998,27.53333,2.97376,20.57106,50.00000,,20.00000,0.61447,1
201,4131,707.00598,27.54000,2.97454,20.57062,51.00000,,20.00000,0.61437,1
201,4132,707.18201,27.54667,2.97636,20.57070,51.00000,,20.00000,0.61427,1
201,4133,707.34100,27.55333,2.97787,20.57078,50.00000,,20.00000,0.61417,1
201,4134,707.50201,27.56000,2.97926,20.57086,49.00000,,20.00000,0.61407,1
201,4135,707.67200,27.56667,2.98067,20.57093,50.00000,,20.00000,0.61397,1
201,4136,707.84198,27.57333,2.98183,20.57101,50.00000,,20.00000,0.61386,1
201,4137,708.00598,27.58000,2.98316,20.57056,50.00000,,20.00000,0.61376,1
201,4138,708.18103,27.58667,2.98440,20.57064,50.00000,,20.00000,0.61365,1
201,4139,708.34100,27.59333,2.98572,20.57072,49.00000,,20.00000,0.61356,1
201,4140,708.50800,27.60000,2.98700,20.57079,49.00000,,20.00000,0.61345,1
201,4141,708.67499,27.60667,2.98853,20.57087,51.00000,,20.00000,0.61335,1
201,4142,708.84302,27.61333,2.98988,20.57042,51.00000,,20.00000,0.61325,1
201,4143,709.01001,27.62000,2.99116,20.57050,52.00000,,20.00000,0.61315,1
201,4144,709.17798,27.62667,2.99257,20.57058,52.00000,,20.00000,0.61304,1
201,4145,709.34399,27.63333,2.99398,20.57066,49.00000,,20.00000,0.61294,1
201,4146,709.50702,27.64000,2.99545,20.57074,49.00000,,20.00000,0.61284,1
201,4147,709.66803,27.64667,2.99684,20.57082,50.00000,,20.00000,0.61274,1
201,4148,709.83899,27.65333,2.99826,20.57038,50.00000,,20.00000,0.61264,1
201,4149,710.00500,27.66000,2.99961,20.57046,52.00000,,20.00000,0.61254,1
201,4150,710.16998,27.66667,3.00095,20.57054,52.00000,,20.00000,0.61243,1
201,4151,710.33301,27.67333,3.00229,20.57062,49.00000,,20.00000,0.61233,1
201,4152,710.50800,27.68000,3.00288,20.57070,49.00000,,20.00000,0.61223,1
201,4153,710.66498,27.68667,3.00426,20.57078,50.00000,,20.00000,0.61213,1
201,4154,710.83398,27.69333,3.00614,20.57034,50.00000,,20.00000,0.61203,1
201,4155,710.99701,27.70000,3.00761,20.57042,50.00000,,20.00000,0.61193,1
201,4156,711.16498,27.70667,3.00871,20.57050,50.00000,,20.00000,0.61182,1
201,4157,711.34003,27.71333,3.01015,20.57058,49.00000,,20.00000,0.61172,1
201,4158,711.49597,27.72000,3.01173,20.57066,49.00000,,20.00000,0.61162,1
201,4159,711.66101,27.72667,3.01301,20.57021,51.00000,,20.00000,0.61152,1
201,4160,711.82501,27.73333,3.01403,20.57029,51.00000,,20.00000,0.61142,1
201,4161,712.00299,27.74000,3.01548,20.57037,51.00000,,20.00000,0.61131,1
201,4162,712.16302,27.74667,3.01694,20.57045,51.00000,,20.00000,0.61121,1
201,4163,712.33197,27.75333,3.01863,20.57053,51.00000,,20.00000,0.61110,1
201,4164,712.49799,27.76000,3.01992,20.57061,49.00000,,20.00000,0.61100,1
201,4165,712.66101,27.76667,3.02146,20.57017,49.00000,,20.00000,0.61090,1
201,4166,712.82800,27.77333,3.02295,20.57024,51.00000,,20.00000,0.61080,1
201,4167,712.99298,27.78000,3.02443,20.57032,52.00000,,20.00000,0.61070,1
201,4168,713.16302,27.78667,3.02580,20.57040,52.00000,,20.00000,0.61059,1
201,4169,713.32703,27.79333,3.02715,20.57048,49.00000,,20.00000,0.61049,1
201,4170,713.50098,27.80000,3.02859,20.57004,49.00000,,20.00000,0.61038,1
201,4171,713.66901,27.80667,3.03015,20.57012,50.00000,,20.00000,0.61028,1
201,4172,713.83099,27.81333,3.03143,20.57021,50.00000,,20.00000,0.61018,1
201,4173,713.99200,27.82000,3.03336,20.57030,50.00000,,20.00000,0.61008,1
201,4174,714.15503,27.82667,3.03563,20.57038,49.00000,,20.00000,0.60998,1
201,4175,714.31299,27.83333,3.03729,20.57047,49.00000,,20.00000,0.60988,1
201,4176,714.48199,27.84000,3.03879,20.57003,49.00000,,20.00000,0.60978,1
201,4177,714.64801,27.84667,3.04002,20.57011,50.00000,,20.00000,0.60968,1
201,4178,714.81897,27.85333,3.04139,20.57019,50.00000,,20.00000,0.60957,1
201,4179,714.98297,27.86000,3.04295,20.57027,50.00000,,20.00000,0.60947,1
201,4180,715.14899,27.86667,3.04437,20.57034,50.00000,,20.00000,0.60937,1
201,4181,715.32202,27.87333,3.04576,20.57042,49.00000,,20.00000,0.60926,1
201,4182,715.48700,27.88000,3.04699,20.56998,50.00000,,20.00000,0.60916,1
201,4183,715.64899,27.88667,3.04821,20.57006,51.00000,,20.00000,0.60906,1
201,4184,715.82098,27.89333,3.04926,20.57014,51.00000,,20.00000,0.60895,1
201,4185,715.97803,27.90000,3.05041,20.57022,50.00000,,20.00000,0.60885,1
201,4186,716.15503,27.90667,3.05167,20.57030,50.00000,,20.00000,0.60875,1
201,4187,716.31799,27.91333,3.05303,20.56987,50.00000,,20.00000,0.60864,1
201,4188,716.48401,27.92000,3.05453,20.56995,50.00000,,20.00000,0.60854,1
201,4189,716.64600,27.92667,3.05601,20.57003,50.00000,,20.00000,0.60844,1
201,4190,716.81201,27.93333,3.05712,20.57011,50.00000,,20.00000,0.60834,1
201,4191,716.97803,27.94000,3.05849,20.57019,50.00000,,20.00000,0.60824,1
201,4192,717.14697,27.94667,3.05987,20.57027,49.00000,,20.00000,0.60813,1
201,4193,717.31598,27.95333,3.06144,20.56983,49.00000,,20.00000,0.60803,1
201,4194,717.48700,27.96000,3.06289,20.56991,51.00000,,20.00000,0.60792,1
201,4195,717.64801,27.96667,3.06425,20.57000,51.00000,,20.00000,0.60782,1
201,4196,717.80798,27.97333,3.06567,20.56955,52.00000,,20.00000,0.60772,1
201,4197,717.97198,27.98000,3.06683,20.56911,52.00000,,20.00000,0.60762,1
201,4198,718.14398,27.98667,3.06790,20.56868,52.00000,,20.00000,0.60751,1
201,4199,718.31299,27.99333,3.06895,20.56824,49.00000,,20.00000,0.60741,1
201,4200,718.47601,28.00000,3.07038,20.56832,50.00000,,20.00000,0.60731,1
201,4201,718.64502,28.00667,3.07209,20.56788,51.00000,,20.00000,0.60720,1
201,4202,718.80103,28.01333,3.07357,20.56744,51.00000,,20.00000,0.60711,1
201,4203,718.97998,28.02000,3.07479,20.56753,51.00000,,20.00000,0.60700,1
201,4204,719.14203,28.02667,3.07621,20.56709,49.00000,,20.00000,0.60689,1
201,4205,719.29700,28.03333,3.07756,20.56717,49.00000,,20.00000,0.60680,1
201,4206,719.47400,28.04000,3.07903,20.56725,50.00000,,20.00000,0.60669,1
201,4207,719.63800,28.04667,3.08047,20.56681,50.00000,,20.00000,0.60659,1
201,4208,719.79901,28.05333,3.08177,20.56689,50.00000,,20.00000,0.60649,1
201,4209,719.97803,28.06000,3.08325,20.56697,50.00000,,20.00000,0.60638,1
201,4210,720.14001,28.06667,3.08475,20.56705,49.00000,,20.00000,0.60628,1
201,4211,720.30402,28.07333,3.08619,20.56661,49.00000,,20.00000,0.60617,1
201,4212,720.47400,28.08000,3.08765,20.56670,51.00000,,20.00000,0.60607,1
201,4213,720.63599,28.08667,3.08895,20.56679,51.00000,,20.00000,0.60597,1
201,4214,720.79901,28.09333,3.09039,20.56635,52.00000,,20.00000,0.60587,1
201,4215,720.96698,28.10000,3.09177,20.56644,52.00000,,20.00000,0.60576,1
201,4216,721.12903,28.10667,3.09314,20.56652,51.00000,,20.00000,0.60566,1
201,4217,721.29901,28.11333,3.09454,20.56660,49.00000,,20.00000,0.60555,1
201,4218,721.46100,28.12000,3.09584,20.56669,49.00000,,20.00000,0.60545,1
201,4219,721.63202,28.12667,3.09685,20.56625,51.00000,,20.00000,0.60535,1
201,4220,721.79102,28.13333,3.09854,20.56633,51.00000,,20.00000,0.60525,1
201,4221,721.96899,28.14000,3.10016,20.56642,52.00000,,20.00000,0.60514,1
201,4222,722.13300,28.14667,3.10161,20.56651,49.00000,,20.00000,0.60504,1
201,4223,722.29199,28.15333,3.10291,20.56607,49.00000,,20.00000,0.60494,1
201,4224,722.45502,28.16000,3.10422,20.56615,50.00000,,20.00000,0.60484,1
201,4225,722.62402,28.16667,3.10555,20.56624,50.00000,,20.00000,0.60473,1
201,4226,722.79102,28.17333,3.10694,20.56632,50.00000,,20.00000,0.60463,1
201,4227,722.95599,28.18000,3.10826,20.56588,50.00000,,20.00000,0.60452,1
201,4228,723.11902,28.18667,3.10964,20.56596,49.00000,,20.00000,0.60442,1
201,4229,723.29199,28.19333,3.11118,20.56603,49.00000,,20.00000,0.60431,1
201,4230,723.45801,28.20000,3.11251,20.56611,51.00000,,20.00000,0.60421,1
201,4231,723.63800,28.20667,3.11322,20.56567,51.00000,,20.00000,0.60410,1
201,4232,723.79102,28.21333,3.11490,20.56575,51.00000,,20.00000,0.60400,1
201,4233,723.96698,28.22000,3.11665,20.56584,51.00000,,20.00000,0.60389,1
201,4234,724.14203,28.22667,3.11840,20.56593,51.00000,,20.00000,0.60378,1
201,4235,724.28699,28.23333,3.11966,20.56548,49.00000,,20.00000,0.60369,1
201,4236,724.44702,28.24000,3.12084,20.56557,51.00000,,20.00000,0.60359,1
201,4237,724.63397,28.24667,3.12204,20.56566,51.00000,,20.00000,0.60348,1
201,4238,724.79401,28.25333,3.12321,20.56575,51.00000,,20.00000,0.60338,1
201,4239,724.95502,28.26000,3.12466,20.56531,51.00000,,20.00000,0.60328,1
201,4240,725.12402,28.26667,3.12626,20.56539,51.00000,,20.00000,0.60317,1
201,4241,725.28302,28.27333,3.12777,20.56548,49.00000,,20.00000,0.60307,1
201,4242,725.45502,28.28000,3.12925,20.56556,49.00000,,20.00000,0.60296,1
201,4243,725.62201,28.28667,3.13065,20.56512,50.00000,,20.00000,0.60286,1
201,4244,725.79498,28.29333,3.13214,20.56520,50.00000,,20.00000,0.60275,1
201,4245,725.95300,28.30000,3.13351,20.56528,50.00000,,20.00000,0.60265,1
201,4246,726.13000,28.30667,3.13501,20.56537,49.00000,,20.00000,0.60254,1
201,4247,726.28998,28.31333,3.13659,20.56493,49.00000,,20.00000,0.60244,1
201,4248,726.45801,28.32000,3.13800,20.56501,49.00000,,20.00000,0.60234,1
201,4249,726.61902,28.32667,3.13945,20.56509,50.00000,,20.00000,0.60224,1
201,4250,726.79199,28.33333,3.14101,20.56518,51.00000,,20.00000,0.60213,1
201,4251,726.95801,28.34000,3.14248,20.56526,49.00000,,20.00000,0.60202,1
201,4252,727.13098,28.34667,3.14397,20.56483,49.00000,,20.00000,0.60192,1
201,4253,727.29401,28.35333,3.14536,20.56491,49.00000,,20.00000,0.60181,1
201,4254,727.45398,28.36000,3.14668,20.56500,49.00000,,20.00000,0.60171,1
201,4255,727.62402,28.36667,3.14817,20.56509,51.00000,,20.00000,0.60161,1
201,4256,727.78003,28.37333,3.14961,20.56465,50.00000,,20.00000,0.60151,1
201,4257,727.95203,28.38000,3.15097,20.56474,50.00000,,20.00000,0.60140,1
201,4258,728.11902,28.38667,3.15204,20.56483,50.00000,,20.00000,0.60130,1
201,4259,728.28101,28.39333,3.15297,20.56492,50.00000,,20.00000,0.60120,1
201,4260,728.45300,28.40000,3.15440,20.56448,50.00000,,20.00000,0.60109,1
201,4261,728.61401,28.40667,3.15599,20.56457,50.00000,,20.00000,0.60099,1
201,4262,728.77802,28.41333,3.15773,20.56465,50.00000,,20.00000,0.60088,1
201,4263,728.95099,28.42000,3.15936,20.56474,49.00000,,20.00000,0.60078,1
201,4264,729.11298,28.42667,3.16089,20.56430,49.00000,,20.00000,0.60067,1
201,4265,729.28601,28.43333,3.16225,20.56439,50.00000,,20.00000,0.60057,1
201,4266,729.45099,28.44000,3.16380,20.56447,50.00000,,20.00000,0.60046,1
201,4267,729.61499,28.44667,3.16540,20.56456,52.00000,,20.00000,0.60036,1
201,4268,729.78198,28.45333,3.16695,20.56465,52.00000,,20.00000,0.60025,1
201,4269,729.93799,28.46000,3.16839,20.56473,49.00000,,20.00000,0.60016,1
201,4270,730.11401,28.46667,3.16997,20.56482,49.00000,,20.00000,0.60005,1
201,4271,730.27802,28.47333,3.17138,20.56491,50.00000,,20.00000,0.59994,1
201,4272,730.44202,28.48000,3.17279,20.56499,50.00000,,20.00000,0.59984,1
201,4273,730.61499,28.48667,3.17430,20.56507,52.00000,,20.00000,0.59973,1
201,4274,730.77698,28.49333,3.17570,20.56516,52.00000,,20.00000,0.59963,1
201,4275,730.95300,28.50000,3.17702,20.56524,49.00000,,20.00000,0.59952,1
201,4276,731.10901,28.50667,3.17853,20.56533,49.00000,,20.00000,0.59942,1
201,4277,731.28400,28.51333,3.18011,20.56541,50.00000,,20.00000,0.59931,1
201,4278,731.44501,28.52000,3.18112,20.56550,50.00000,,20.00000,0.59921,1
201,4279,731.61102,28.52667,3.18234,20.56559,50.00000,,20.00000,0.59910,1
201,4280,731.77600,28.53333,3.18362,20.56515,50.00000,,20.00000,0.59900,1
201,4281,731.94897,28.54000,3.18513,20.56524,49.00000,,20.00000,0.59889,1
201,4282,732.11700,28.54667,3.18676,20.56533,49.00000,,20.00000,0.59879,1
201,4283,732.26801,28.55333,3.18826,20.56541,49.00000,,20.00000,0.59869,1
201,4284,732.44397,28.56000,3.18972,20.56497,51.00000,,20.00000,0.59858,1
201,4285,732.61298,28.56667,3.19102,20.56454,51.00000,,20.00000,0.59847,1
201,4286,732.78101,28.57333,3.19225,20.56410,51.00000,,20.00000,0.59837,1
201,4287,732.94202,28.58000,3.19359,20.56366,49.00000,,20.00000,0.59827,1
201,4288,733.11902,28.58667,3.19525,20.56323,49.00000,,20.00000,0.59816,1
201,4289,733.27600,28.59333,3.19684,20.56228,51.00000,,20.00000,0.59806,1
201,4290,733.44501,28.60000,3.19854,20.56184,51.00000,,20.00000,0.59795,1
201,4291,733.60602,28.60667,3.20015,20.56193,51.00000,,20.00000,0.59785,1
201,4292,733.77698,28.61333,3.20166,20.56150,50.00000,,20.00000,0.59774,1
201,4293,733.94000,28.62000,3.20321,20.56106,49.00000,,20.00000,0.59764,1
201,4294,734.10602,28.62667,3.20491,20.56063,50.00000,,20.00000,0.59753,1
201,4295,734.27100,28.63333,3.20620,20.56071,50.00000,,20.00000,0.59743,1
201,4296,734.44000,28.64000,3.20777,20.56027,50.00000,,20.00000,0.59732,1
201,4297,734.60901,28.64667,3.20935,20.55984,50.00000,,20.00000,0.59722,1
201,4298,734.78003,28.65333,3.20999,20.55992,49.00000,,20.00000,0.59711,1
201,4299,734.94397,28.66000,3.21142,20.55949,49.00000,,20.00000,0.59701,1
201,4300,735.11401,28.66667,3.21280,20.55905,51.00000,,20.00000,0.59690,1
201,4301,735.27301,28.67333,3.21420,20.55862,51.00000,,20.00000,0.59680,1
201,4302,735.44702,28.68000,3.21573,20.55819,52.00000,,20.00000,0.59669,1
201,4303,735.60797,28.68667,3.21721,20.55775,52.00000,,20.00000,0.59659,1
201,4304,735.76898,28.69333,3.21870,20.55784,49.00000,,20.00000,0.59648,1
201,4305,735.93799,28.70000,3.22021,20.55740,49.00000,,20.00000,0.59638,1
201,4306,736.11102,28.70667,3.22200,20.55697,51.00000,,20.00000,0.59627,1
201,4307,736.27802,28.71333,3.22378,20.55654,51.00000,,20.00000,0.59616,1
201,4308,736.43903,28.72000,3.22506,20.55610,52.00000,,20.00000,0.59606,1
201,4309,736.60699,28.72667,3.22597,20.55619,52.00000,,20.00000,0.59595,1
201,4310,736.77802,28.73333,3.22743,20.55576,49.00000,,20.00000,0.59585,1
201,4311,736.94000,28.74000,3.22885,20.55532,49.00000,,20.00000,0.59574,1
201,4312,737.10602,28.74667,3.23103,20.55541,50.00000,,20.00000,0.59564,1
201,4313,737.27002,28.75333,3.23253,20.55498,50.00000,,20.00000,0.59554,1
201,4314,737.44397,28.76000,3.23373,20.55455,50.00000,,20.00000,0.59543,1
201,4315,737.60498,28.76667,3.23522,20.55464,50.00000,,20.00000,0.59532,1
201,4316,737.77002,28.77333,3.23685,20.55421,49.00000,,20.00000,0.59522,1
201,4317,737.92603,28.78000,3.23860,20.55430,49.00000,,20.00000,0.59512,1
201,4318,738.10101,28.78667,3.23947,20.55439,50.00000,,20.00000,0.59501,1
201,4319,738.26898,28.79333,3.24038,20.55448,51.00000,,20.00000,0.59490,1
201,4320,738.42902,28.80000,3.24201,20.55404,49.00000,,20.00000,0.59480,1
201,4321,738.59998,28.80667,3.24367,20.55413,49.00000,,20.00000,0.59469,1
201,4322,738.77802,28.81333,3.24536,20.55422,50.00000,,20.00000,0.59458,1
201,4323,738.93201,28.82000,3.24676,20.55431,49.00000,,20.00000,0.59448,1
201,4324,739.10303,28.82667,3.24836,20.55440,51.00000,,20.00000,0.59438,1
201,4325,739.26300,28.83333,3.25045,20.55450,51.00000,,20.00000,0.59427,1
201,4326,739.43103,28.84000,3.25198,20.55407,49.00000,,20.00000,0.59417,1
201,4327,739.58899,28.84667,3.25333,20.55416,49.00000,,20.00000,0.59407,1
201,4328,739.76898,28.85333,3.25496,20.55426,50.00000,,20.00000,0.59395,1
201,4329,739.92200,28.86000,3.25630,20.55382,50.00000,,20.00000,0.59386,1
201,4330,740.09003,28.86667,3.25775,20.55391,50.00000,,20.00000,0.59375,1
201,4331,740.25403,28.87333,3.25906,20.55399,50.00000,,20.00000,0.59365,1
201,4332,740.43103,28.88000,3.26075,20.55356,50.00000,,20.00000,0.59353,1
201,4333,740.59497,28.88667,3.26247,20.55365,49.00000,,20.00000,0.59343,1
201,4334,740.76599,28.89333,3.26407,20.55321,51.00000,,20.00000,0.59332,1
201,4335,740.92798,28.90000,3.26565,20.55330,51.00000,,20.00000,0.59322,1
201,4336,741.09302,28.90667,3.26716,20.55287,52.00000,,20.00000,0.59311,1
201,4337,741.26599,28.91333,3.26851,20.55296,51.00000,,20.00000,0.59300,1
201,4338,741.42902,28.92000,3.26982,20.55305,51.00000,,20.00000,0.59290,1
201,4339,741.59497,28.92667,3.27127,20.55261,49.00000,,20.00000,0.59279,1
201,4340,741.75800,28.93333,3.27265,20.55270,51.00000,,20.00000,0.59269,1
201,4341,741.93500,28.94000,3.27415,20.55227,51.00000,,20.00000,0.59258,1
201,4342,742.09802,28.94667,3.27579,20.55236,51.00000,,20.00000,0.59247,1
201,4343,742.26398,28.95333,3.27719,20.55192,51.00000,,20.00000,0.59237,1
201,4344,742.42902,28.96000,3.27871,20.55201,49.00000,,20.00000,0.59226,1
201,4345,742.59601,28.96667,3.28010,20.55210,49.00000,,20.00000,0.59216,1
201,4346,742.76703,28.97333,3.28172,20.55167,50.00000,,20.00000,0.59205,1
201,4347,742.93201,28.98000,3.28337,20.55176,50.00000,,20.00000,0.59194,1
201,4348,743.10303,28.98667,3.28506,20.55185,49.00000,,20.00000,0.59184,1
201,4349,743.26398,28.99333,3.28643,20.55194,49.00000,,20.00000,0.59173,1
201,4350,743.43201,29.00000,3.28804,20.55151,49.00000,,20.00000,0.59163,1
201,4351,743.59900,29.00667,3.28970,20.55161,51.00000,,20.00000,0.59152,1
201,4352,743.75702,29.01333,3.29127,20.55170,51.00000,,20.00000,0.59142,1
201,4353,743.92798,29.02000,3.29242,20.55179,52.00000,,20.00000,0.59131,1
201,4354,744.09302,29.02667,3.29388,20.55188,52.00000,,20.00000,0.59121,1
201,4355,744.25702,29.03333,3.29595,20.55197,49.00000,,20.00000,0.59110,1
201,4356,744.42297,29.04000,3.29755,20.55206,49.00000,,20.00000,0.59100,1
201,4357,744.59198,29.04667,3.29902,20.55215,50.00000,,20.00000,0.59089,1
201,4358,744.76099,29.05333,3.30064,20.55171,52.00000,,20.00000,0.59078,1
201,4359,744.93597,29.06000,3.30221,20.55181,52.00000,,20.00000,0.59067,1
201,4360,745.09802,29.06667,3.30352,20.55189,49.00000,,20.00000,0.59057,1
201,4361,745.26099,29.07333,3.30478,20.55198,49.00000,,20.00000,0.59046,1
201,4362,745.43103,29.08000,3.30627,20.55155,50.00000,,20.00000,0.59035,1
201,4363,745.59802,29.08667,3.30747,20.55164,50.00000,,20.00000,0.59025,1
201,4364,745.76599,29.09333,3.30902,20.55173,50.00000,,20.00000,0.59014,1
201,4365,745.92798,29.10000,3.31067,20.55182,49.00000,,20.00000,0.59004,1
201,4366,746.09998,29.10667,3.31230,20.55139,49.00000,,20.00000,0.58993,1
201,4367,746.26599,29.11333,3.31364,20.55148,49.00000,,20.00000,0.58982,1
201,4368,746.43402,29.12000,3.31533,20.55157,50.00000,,20.00000,0.58971,1
201,4369,746.59998,29.12667,3.31700,20.55114,51.00000,,20.00000,0.58961,1
201,4370,746.75702,29.13333,3.31845,20.55123,52.00000,,20.00000,0.58951,1
201,4371,746.93103,29.14000,3.31981,20.55133,49.00000,,20.00000,0.58940,1
201,4372,747.09998,29.14667,3.32150,20.55090,49.00000,,20.00000,0.58929,1
201,4373,747.25897,29.15333,3.32309,20.55099,50.00000,,20.00000,0.58919,1
201,4374,747.42999,29.16000,3.32465,20.55108,50.00000,,20.00000,0.58908,1
201,4375,747.59497,29.16667,3.32620,20.55065,52.00000,,20.00000,0.58897,1
201,4376,747.76001,29.17333,3.32774,20.55074,52.00000,,20.00000,0.58887,1
201,4377,747.93500,29.18000,3.32912,20.55083,49.00000,,20.00000,0.58876,1
201,4378,748.10199,29.18667,3.33080,20.55040,49.00000,,20.00000,0.58865,1
201,4379,748.26001,29.19333,3.33219,20.55049,50.00000,,20.00000,0.58855,1
201,4380,748.42999,29.20000,3.33355,20.55058,50.00000,,20.00000,0.58844,1
201,4381,748.59998,29.20667,3.33518,20.55068,50.00000,,20.00000,0.58833,1
201,4382,748.76300,29.21333,3.33679,20.55025,50.00000,,20.00000,0.58823,1
201,4383,748.92999,29.22000,3.33834,20.55034,49.00000,,20.00000,0.58812,1
201,4384,749.09698,29.22667,3.34003,20.55043,49.00000,,20.00000,0.58801,1
201,4385,749.26202,29.23333,3.34165,20.55000,51.00000,,20.00000,0.58791,1
201,4386,749.42798,29.24000,3.34347,20.55009,51.00000,,20.00000,0.58780,1
201,4387,749.60101,29.24667,3.34451,20.55018,50.00000,,20.00000,0.58769,1
201,4388,749.77002,29.25333,3.34580,20.55027,50.00000,,20.00000,0.58758,1
201,4389,749.94000,29.26000,3.34764,20.54984,50.00000,,20.00000,0.58747,1
201,4390,750.10101,29.26667,3.34966,20.54994,50.00000,,20.00000,0.58737,1
201,4391,750.26099,29.27333,3.35167,20.55003,50.00000,,20.00000,0.58727,1
201,4392,750.43298,29.28000,3.35284,20.55013,51.00000,,20.00000,0.58716,1
201,4393,750.59900,29.28667,3.35419,20.55022,50.00000,,20.00000,0.58705,1
201,4394,750.76202,29.29333,3.35587,20.55031,50.00000,,20.00000,0.58695,1
201,4395,750.92999,29.30000,3.35744,20.55041,50.00000,,20.00000,0.58684,1
201,4396,751.09698,29.30667,3.35907,20.55050,50.00000,,20.00000,0.58673,1
201,4397,751.26202,29.31333,3.36042,20.55060,50.00000,,20.00000,0.58663,1
201,4398,751.42902,29.32000,3.36206,20.55069,50.00000,,20.00000,0.58652,1
201,4399,751.59802,29.32667,3.36376,20.55079,50.00000,,20.00000,0.58641,1
201,4400,751.75897,29.33333,3.36538,20.55088,49.00000,,20.00000,0.58631,1
201,4401,751.92603,29.34000,3.36674,20.55098,49.00000,,20.00000,0.58620,1
201,4402,752.09601,29.34667,3.36805,20.55107,51.00000,,20.00000,0.58609,1
201,4403,752.25403,29.35333,3.36938,20.55116,52.00000,,20.00000,0.58599,1
201,4404,752.42700,29.36000,3.37069,20.55126,52.00000,,20.00000,0.58588,1
201,4405,752.59399,29.36667,3.37199,20.55136,49.00000,,20.00000,0.58577,1
201,4406,752.76300,29.37333,3.37343,20.55145,49.00000,,20.00000,0.58566,1
201,4407,752.92499,29.38000,3.37485,20.55155,49.00000,,20.00000,0.58556,1
201,4408,753.09698,29.38667,3.37644,20.55165,50.00000,,20.00000,0.58545,1
201,4409,753.25403,29.39333,3.37818,20.55174,52.00000,,20.00000,0.58535,1
201,4410,753.41602,29.40000,3.37987,20.55183,52.00000,,20.00000,0.58524,1
201,4411,753.58600,29.40667,3.38165,20.55193,49.00000,,20.00000,0.58514,1
201,4412,753.75800,29.41333,3.38345,20.55203,49.00000,,20.00000,0.58502,1
201,4413,753.92499,29.42000,3.38509,20.55212,50.00000,,20.00000,0.58492,1
201,4414,754.08002,29.42667,3.38662,20.55221,50.00000,,20.00000,0.58482,1
201,4415,754.25299,29.43333,3.38829,20.55230,50.00000,,20.00000,0.58471,1
201,4416,754.42700,29.44000,3.38989,20.55240,49.00000,,20.00000,0.58459,1
201,4417,754.59198,29.44667,3.39085,20.55249,49.00000,,20.00000,0.58449,1
201,4418,754.75897,29.45333,3.39222,20.55259,50.00000,,20.00000,0.58438,1
201,4419,754.92700,29.46000,3.39380,20.55268,51.00000,,20.00000,0.58427,1
201,4420,755.08801,29.46667,3.39522,20.55278,52.00000,,20.00000,0.58417,1
201,4421,755.24701,29.47333,3.39671,20.55287,52.00000,,20.00000,0.58407,1
201,4422,755.42297,29.48000,3.39832,20.55297,49.00000,,20.00000,0.58395,1
201,4423,755.59302,29.48667,3.40005,20.55307,50.00000,,20.00000,0.58385,1
201,4424,755.75702,29.49333,3.40182,20.55316,50.00000,,20.00000,0.58374,1
201,4425,755.91498,29.50000,3.40358,20.55325,50.00000,,20.00000,0.58364,1
201,4426,756.08801,29.50667,3.40532,20.55335,50.00000,,20.00000,0.58353,1
201,4427,756.25897,29.51333,3.40685,20.55345,49.00000,,20.00000,0.58342,1
201,4428,756.42798,29.52000,3.40837,20.55354,49.00000,,20.00000,0.58331,1
201,4429,756.58600,29.52667,3.40972,20.55364,49.00000,,20.00000,0.58321,1
201,4430,756.75403,29.53333,3.41110,20.55373,50.00000,,20.00000,0.58310,1
201,4431,756.91302,29.54000,3.41287,20.55383,50.00000,,20.00000,0.58300,1
201,4432,757.08899,29.54667,3.41469,20.55393,50.00000,,20.00000,0.58288,1
201,4433,757.24701,29.55333,3.41625,20.55403,50.00000,,20.00000,0.58278,1
201,4434,757.42102,29.56000,3.41807,20.55413,49.00000,,20.00000,0.58267,1
201,4435,757.58398,29.56667,3.41971,20.55423,49.00000,,20.00000,0.58256,1
201,4436,757.74597,29.57333,3.42053,20.55432,51.00000,,20.00000,0.58246,1
201,4437,757.90997,29.58000,3.42231,20.55441,51.00000,,20.00000,0.58235,1
201,4438,758.07898,29.58667,3.42398,20.55451,49.00000,,20.00000,0.58224,1
201,4439,758.25299,29.59333,3.42546,20.55461,49.00000,,20.00000,0.58213,1
201,4440,758.42499,29.60000,3.42700,20.55471,50.00000,,20.00000,0.58202,1
201,4441,758.57800,29.60667,3.42840,20.55480,50.00000,,20.00000,0.58192,1
201,4442,758.74799,29.61333,3.43090,20.55490,50.00000,,20.00000,0.58181,1
201,4443,758.91302,29.62000,3.43262,20.55499,50.00000,,20.00000,0.58171,1
201,4444,759.08002,29.62667,3.43422,20.55509,49.00000,,20.00000,0.58160,1
201,4445,759.24799,29.63333,3.43582,20.55519,50.00000,,20.00000,0.58149,1
201,4446,759.41699,29.64000,3.43736,20.55528,50.00000,,20.00000,0.58138,1
201,4447,759.57898,29.64667,3.43887,20.55538,50.00000,,20.00000,0.58128,1
201,4448,759.75403,29.65333,3.44063,20.55495,50.00000,,20.00000,0.58116,1
201,4449,759.90997,29.66000,3.44233,20.55504,50.00000,,20.00000,0.58106,1
201,4450,760.08301,29.66667,3.44402,20.55514,49.00000,,20.00000,0.58095,1
201,4451,760.25500,29.67333,3.44564,20.55524,49.00000,,20.00000,0.58084,1
201,4452,760.41901,29.68000,3.44729,20.55533,51.00000,,20.00000,0.58073,1
201,4453,760.57800,29.68667,3.44886,20.55543,51.00000,,20.00000,0.58063,1
201,4454,760.74799,29.69333,3.45027,20.55552,50.00000,,20.00000,0.58052,1
201,4455,760.91602,29.70000,3.45140,20.55562,49.00000,,20.00000,0.58041,1
201,4456,761.08301,29.70667,3.45286,20.55572,50.00000,,20.00000,0.58030,1
201,4457,761.25201,29.71333,3.45454,20.55529,50.00000,,20.00000,0.58020,1
201,4458,761.41998,29.72000,3.45636,20.55539,50.00000,,20.00000,0.58009,1
201,4459,761.58502,29.72667,3.45809,20.55548,50.00000,,20.00000,0.57998,1
201,4460,761.74597,29.73333,3.45982,20.55558,50.00000,,20.00000,0.57988,1
201,4461,761.91998,29.74000,3.46131,20.55568,49.00000,,20.00000,0.57976,1
201,4462,762.08301,29.74667,3.46311,20.55525,50.00000,,20.00000,0.57966,1
201,4463,762.25000,29.75333,3.46486,20.55483,50.00000,,20.00000,0.57955,1
201,4464,762.41602,29.76000,3.46646,20.55440,50.00000,,20.00000,0.57944,1
201,4465,762.58197,29.76667,3.46814,20.55398,50.00000,,20.00000,0.57934,1
201,4466,762.75299,29.77333,3.46983,20.55355,50.00000,,20.00000,0.57922,1
201,4467,762.91998,29.78000,3.47110,20.55313,49.00000,,20.00000,0.57912,1
201,4468,763.08398,29.78667,3.47270,20.55270,49.00000,,20.00000,0.57901,1
201,4469,763.25500,29.79333,3.47419,20.55228,51.00000,,20.00000,0.57890,1
201,4470,763.41101,29.80000,3.47576,20.55186,50.00000,,20.00000,0.57880,1
201,4471,763.58600,29.80667,3.47740,20.55144,51.00000,,20.00000,0.57869,1
201,4472,763.74799,29.81333,3.47907,20.55154,51.00000,,20.00000,0.57858,1
201,4473,763.90802,29.82000,3.48072,20.55112,49.00000,,20.00000,0.57848,1
201,4474,764.08502,29.82667,3.48252,20.55122,50.00000,,20.00000,0.57836,1
201,4475,764.23798,29.83333,3.48408,20.55079,50.00000,,20.00000,0.57826,1
201,4476,764.40802,29.84000,3.48571,20.55089,50.00000,,20.00000,0.57815,1
201,4477,764.57501,29.84667,3.48733,20.55046,49.00000,,20.00000,0.57804,1
201,4478,764.74402,29.85333,3.48888,20.55003,49.00000,,20.00000,0.57793,1
201,4479,764.91998,29.86000,3.49061,20.54961,51.00000,,20.00000,0.57782,1
201,4480,765.08698,29.86667,3.49230,20.54918,50.00000,,20.00000,0.57771,1
201,4481,765.24902,29.87333,3.49383,20.54876,50.00000,,20.00000,0.57761,1
201,4482,765.41498,29.88000,3.49531,20.54886,50.00000,,20.00000,0.57750,1
201,4483,765.59100,29.88667,3.49703,20.54844,49.00000,,20.00000,0.57739,1
201,4484,765.74200,29.89333,3.49915,20.54802,49.00000,,20.00000,0.57729,1
201,4485,765.90601,29.90000,3.50097,20.54760,51.00000,,20.00000,0.57718,1
201,4486,766.07001,29.90667,3.50203,20.54717,51.00000,,20.00000,0.57707,1
201,4487,766.23901,29.91333,3.50366,20.54727,52.00000,,20.00000,0.57696,1
201,4488,766.41302,29.92000,3.50545,20.54685,52.00000,,20.00000,0.57685,1
201,4489,766.57898,29.92667,3.50707,20.54642,49.00000,,20.00000,0.57674,1
201,4490,766.75098,29.93333,3.50858,20.54652,49.00000,,20.00000,0.57663,1
201,4491,766.91498,29.94000,3.51020,20.54609,50.00000,,20.00000,0.57653,1
201,4492,767.07800,29.94667,3.51174,20.54567,50.00000,,20.00000,0.57642,1
201,4493,767.24597,29.95333,3.51351,20.54576,50.00000,,20.00000,0.57631,1
201,4494,767.41602,29.96000,3.51564,20.54534,50.00000,,20.00000,0.57620,1
201,4495,767.58099,29.96667,3.51754,20.54544,49.00000,,20.00000,0.57609,1
201,4496,767.75201,29.97333,3.51919,20.54502,49.00000,,20.00000,0.57598,1
201,4497,767.91400,29.98000,3.52087,20.54460,50.00000,,20.00000,0.57588,1
201,4498,768.07898,29.98667,3.52256,20.54366,50.00000,,20.00000,0.57577,1
201,4499,768.24298,29.99333,3.52418,20.54323,50.00000,,20.00000,0.57566,1
201,4500,768.40997,30.00000,3.52582,20.54282,50.00000,,20.00000,0.57555,1
201,4501,768.58099,30.00667,3.52747,20.54240,49.00000,,20.00000,0.57544,1
201,4502,768.74701,30.01333,3.52868,20.54145,49.00000,,20.00000,0.57533,1
201,4503,768.89600,30.02000,3.53032,20.54102,50.00000,,20.00000,0.57524,1
201,4504,769.07800,30.02667,3.53208,20.54060,51.00000,,20.00000,0.57512,1
201,4505,769.24902,30.03333,3.53367,20.54018,49.00000,,20.00000,0.57501,1
201,4506,769.41498,30.04000,3.53537,20.53976,49.00000,,20.00000,0.57490,1
201,4507,769.57703,30.04667,3.53706,20.53933,49.00000,,20.00000,0.57479,1
201,4508,769.74902,30.05333,3.53886,20.53839,50.00000,,20.00000,0.57468,1
201,4509,769.90802,30.06000,3.54061,20.53796,50.00000,,20.00000,0.57458,1
201,4510,770.07703,30.06667,3.54212,20.53754,50.00000,,20.00000,0.57447,1
201,4511,770.24701,30.07333,3.54363,20.53712,50.00000,,20.00000,0.57436,1
201,4512,770.40997,30.08000,3.54547,20.53669,49.00000,,20.00000,0.57425,1
201,4513,770.57800,30.08667,3.54767,20.53627,49.00000,,20.00000,0.57414,1
201,4514,770.75403,30.09333,3.54942,20.53585,50.00000,,20.00000,0.57403,1
201,4515,770.91101,30.10000,3.55096,20.53543,50.00000,,20.00000,0.57393,1
201,4516,771.07397,30.10667,3.55203,20.53501,50.00000,,20.00000,0.57382,1
201,4517,771.24902,30.11333,3.55301,20.53459,49.00000,,20.00000,0.57371,1
201,4518,771.40900,30.12000,3.55422,20.53469,49.00000,,20.00000,0.57360,1
201,4519,771.58099,30.12667,3.55616,20.53426,51.00000,,20.00000,0.57349,1
201,4520,771.74902,30.13333,3.55837,20.53436,51.00000,,20.00000,0.57338,1
201,4521,771.90698,30.14000,3.56075,20.53446,52.00000,,20.00000,0.57328,1
201,4522,772.08301,30.14667,3.56292,20.53456,52.00000,,20.00000,0.57316,1
201,4523,772.24701,30.15333,3.56366,20.53414,49.00000,,20.00000,0.57305,1
201,4524,772.41602,30.16000,3.56518,20.53425,49.00000,,20.00000,0.57294,1
201,4525,772.57703,30.16667,3.56722,20.53435,49.00000,,20.00000,0.57284,1
201,4526,772.74902,30.17333,3.56889,20.53446,50.00000,,20.00000,0.57273,1
201,4527,772.90698,30.18000,3.57058,20.53456,50.00000,,20.00000,0.57262,1
201,4528,773.07300,30.18667,3.57209,20.53466,49.00000,,20.00000,0.57252,1
201,4529,773.23798,30.19333,3.57388,20.53476,49.00000,,20.00000,0.57241,1
201,4530,773.41199,30.20000,3.57577,20.53486,49.00000,,20.00000,0.57229,1
201,4531,773.57898,30.20667,3.57736,20.53496,49.00000,,20.00000,0.57219,1
201,4532,773.74402,30.21333,3.57915,20.53506,50.00000,,20.00000,0.57208,1
201,4533,773.90601,30.22000,3.58064,20.53463,50.00000,,20.00000,0.57197,1
201,4534,774.08099,30.22667,3.58248,20.53474,50.00000,,20.00000,0.57186,1
201,4535,774.25000,30.23333,3.58414,20.53432,49.00000,,20.00000,0.57175,1
201,4536,774.41302,30.24000,3.58572,20.53442,49.00000,,20.00000,0.57164,1
201,4537,774.57898,30.24667,3.58702,20.53400,49.00000,,20.00000,0.57153,1
201,4538,774.74103,30.25333,3.58832,20.53410,50.00000,,20.00000,0.57143,1
201,4539,774.91101,30.26000,3.58992,20.53368,51.00000,,20.00000,0.57132,1
201,4540,775.07098,30.26667,3.59156,20.53378,51.00000,,20.00000,0.57121,1
201,4541,775.24500,30.27333,3.59318,20.53336,50.00000,,20.00000,0.57110,1
201,4542,775.41302,30.28000,3.59499,20.53347,49.00000,,20.00000,0.57099,1
201,4543,775.57703,30.28667,3.59643,20.53305,49.00000,,20.00000,0.57088,1
201,4544,775.74701,30.29333,3.59776,20.53263,50.00000,,20.00000,0.57077,1
201,4545,775.91400,30.30000,3.59922,20.53273,50.00000,,20.00000,0.57066,1
201,4546,776.07001,30.30667,3.60084,20.53231,49.00000,,20.00000,0.57056,1
201,4547,776.23700,30.31333,3.60251,20.53242,49.00000,,20.00000,0.57045,1
201,4548,776.40997,30.32000,3.60427,20.53200,51.00000,,20.00000,0.57034,1
201,4549,776.57397,30.32667,3.60599,20.53210,49.00000,,20.00000,0.57023,1
201,4550,776.73999,30.33333,3.60759,20.53167,50.00000,,20.00000,0.57012,1
201,4551,776.90503,30.34000,3.60925,20.53125,50.00000,,20.00000,0.57001,1
201,4552,777.08197,30.34667,3.61090,20.53135,49.00000,,20.00000,0.56990,1
201,4553,777.24799,30.35333,3.61263,20.53093,49.00000,,20.00000,0.56979,1
201,4554,777.41400,30.36000,3.61458,20.53103,50.00000,,20.00000,0.56968,1
201,4555,777.57800,30.36667,3.61638,20.53061,50.00000,,20.00000,0.56957,1
201,4556,777.74597,30.37333,3.61820,20.53019,52.00000,,20.00000,0.56946,1
201,4557,777.91400,30.38000,3.61988,20.53029,52.00000,,20.00000,0.56935,1
201,4558,778.08502,30.38667,3.62136,20.52987,49.00000,,20.00000,0.56924,1
201,4559,778.24103,30.39333,3.62306,20.52944,49.00000,,20.00000,0.56914,1
201,4560,778.42499,30.40000,3.62467,20.52955,50.00000,,20.00000,0.56902,1
201,4561,778.58398,30.40667,3.62639,20.52913,50.00000,,20.00000,0.56891,1
201,4562,778.75098,30.41333,3.62800,20.52923,50.00000,,20.00000,0.56880,1
201,4563,778.91498,30.42000,3.62966,20.52881,50.00000,,20.00000,0.56869,1
201,4564,779.08002,30.42667,3.63148,20.52892,49.00000,,20.00000,0.56859,1
201,4565,779.25000,30.43333,3.63324,20.52850,49.00000,,20.00000,0.56847,1
201,4566,779.41998,30.44000,3.63486,20.52861,50.00000,,20.00000,0.56836,1
201,4567,779.58301,30.44667,3.63646,20.52871,50.00000,,20.00000,0.56826,1
201,4568,779.74402,30.45333,3.63805,20.52881,50.00000,,20.00000,0.56815,1
201,4569,779.91400,30.46000,3.63988,20.52839,50.00000,,20.00000,0.56804,1
201,4570,780.08301,30.46667,3.64200,20.52850,49.00000,,20.00000,0.56793,1
201,4571,780.25299,30.47333,3.64377,20.52861,49.00000,,20.00000,0.56782,1
201,4572,780.41498,30.48000,3.64536,20.52871,51.00000,,20.00000,0.56771,1
201,4573,780.57501,30.48667,3.64618,20.52881,51.00000,,20.00000,0.56761,1
201,4574,780.74500,30.49333,3.64766,20.52891,52.00000,,20.00000,0.56749,1
201,4575,780.91199,30.50000,3.64942,20.52902,52.00000,,20.00000,0.56738,1
201,4576,781.08301,30.50667,3.65120,20.52912,49.00000,,20.00000,0.56727,1
201,4577,781.25299,30.51333,3.65318,20.52923,49.00000,,20.00000,0.56716,1
201,4578,781.41302,30.52000,3.65484,20.52933,49.00000,,20.00000,0.56706,1
201,4579,781.58197,30.52667,3.65689,20.52943,50.00000,,20.00000,0.56694,1
201,4580,781.74701,30.53333,3.65823,20.52954,50.00000,,20.00000,0.56684,1
201,4581,781.91699,30.54000,3.66000,20.52965,50.00000,,20.00000,0.56672,1
201,4582,782.08099,30.54667,3.66168,20.52975,49.00000,,20.00000,0.56662,1
201,4583,782.24200,30.55333,3.66356,20.52985,49.00000,,20.00000,0.56651,1
201,4584,782.41803,30.56000,3.66537,20.52996,49.00000,,20.00000,0.56640,1
201,4585,782.57898,30.56667,3.66704,20.53006,50.00000,,20.00000,0.56629,1
201,4586,782.74902,30.57333,3.66868,20.53016,50.00000,,20.00000,0.56618,1
201,4587,782.90997,30.58000,3.67028,20.53027,50.00000,,20.00000,0.56607,1
201,4588,783.08502,30.58667,3.67201,20.53037,49.00000,,20.00000,0.56596,1
201,4589,783.25098,30.59333,3.67363,20.53047,49.00000,,20.00000,0.56585,1
201,4590,783.41901,30.60000,3.67562,20.53058,51.00000,,20.00000,0.56574,1
201,4591,783.58698,30.60667,3.67760,20.53068,50.00000,,20.00000,0.56563,1
201,4592,783.74902,30.61333,3.67935,20.53078,50.00000,,20.00000,0.56552,1
201,4593,783.91901,30.62000,3.68043,20.53089,50.00000,,20.00000,0.56541,1
201,4594,784.08600,30.62667,3.68136,20.53100,49.00000,,20.00000,0.56530,1
201,4595,784.25598,30.63333,3.68322,20.53110,50.00000,,20.00000,0.56519,1
201,4596,784.41400,30.64000,3.68495,20.53121,50.00000,,20.00000,0.56508,1
201,4597,784.58301,30.64667,3.68688,20.53132,50.00000,,20.00000,0.56497,1
201,4598,784.74500,30.65333,3.68884,20.53143,50.00000,,20.00000,0.56486,1
201,4599,784.92297,30.66000,3.69074,20.53102,49.00000,,20.00000,0.56475,1
201,4600,785.07397,30.66667,3.69231,20.53113,49.00000,,20.00000,0.56465,1
201,4601,785.24500,30.67333,3.69396,20.53123,50.00000,,20.00000,0.56454,1
201,4602,785.40302,30.68000,3.69577,20.53134,50.00000,,20.00000,0.56443,1
201,4603,785.57501,30.68667,3.69750,20.53145,50.00000,,20.00000,0.56432,1
201,4604,785.74799,30.69333,3.69924,20.53104,50.00000,,20.00000,0.56420,1
201,4605,785.90698,30.70000,3.70084,20.53114,49.00000,,20.00000,0.56410,1
201,4606,786.07397,30.70667,3.70220,20.53124,50.00000,,20.00000,0.56399,1
201,4607,786.24200,30.71333,3.70363,20.53083,50.00000,,20.00000,0.56388,1
201,4608,786.40900,30.72000,3.70521,20.53093,51.00000,,20.00000,0.56377,1
201,4609,786.57300,30.72667,3.70705,20.53104,52.00000,,20.00000,0.56366,1
201,4610,786.74200,30.73333,3.70884,20.53062,52.00000,,20.00000,0.56355,1
201,4611,786.91101,30.74000,3.71064,20.53073,49.00000,,20.00000,0.56344,1
201,4612,787.08002,30.74667,3.71271,20.53084,49.00000,,20.00000,0.56333,1
201,4613,787.24500,30.75333,3.71435,20.53094,50.00000,,20.00000,0.56322,1
201,4614,787.40601,30.76000,3.71604,20.53052,50.00000,,20.00000,0.56311,1
201,4615,787.57300,30.76667,3.71698,20.53063,50.00000,,20.00000,0.56300,1
201,4616,787.74597,30.77333,3.71859,20.53074,50.00000,,20.00000,0.56289,1
201,4617,787.91602,30.78000,3.72025,20.53032,49.00000,,20.00000,0.56277,1
201,4618,788.07300,30.78667,3.72150,20.53043,49.00000,,20.00000,0.56267,1
201,4619,788.24200,30.79333,3.72337,20.53053,50.00000,,20.00000,0.56256,1
201,4620,788.40399,30.80000,3.72557,20.53011,50.00000,,20.00000,0.56245,1
201,4621,788.58099,30.80667,3.72669,20.53022,50.00000,,20.00000,0.56234,1
201,4622,788.75201,30.81333,3.72865,20.53033,50.00000,,20.00000,0.56222,1
201,4623,788.90900,30.82000,3.73026,20.52991,49.00000,,20.00000,0.56212,1
201,4624,789.07898,30.82667,3.73114,20.53002,49.00000,,20.00000,0.56201,1
201,4625,789.24298,30.83333,3.73278,20.53013,51.00000,,20.00000,0.56190,1
201,4626,789.40900,30.84000,3.73486,20.53024,51.00000,,20.00000,0.56179,1
201,4627,789.57703,30.84667,3.73673,20.52982,51.00000,,20.00000,0.56168,1
201,4628,789.73700,30.85333,3.73843,20.52993,49.00000,,20.00000,0.56157,1
201,4629,789.90900,30.86000,3.74004,20.53003,49.00000,,20.00000,0.56146,1
201,4630,790.07703,30.86667,3.74156,20.52962,50.00000,,20.00000,0.56135,1
201,4631,790.24799,30.87333,3.74288,20.52973,50.00000,,20.00000,0.56123,1
201,4632,790.41302,30.88000,3.74482,20.52984,50.00000,,20.00000,0.56113,1
201,4633,790.58099,30.88667,3.74669,20.52942,49.00000,,20.00000,0.56101,1
201,4634,790.73999,30.89333,3.74825,20.52953,49.00000,,20.00000,0.56091,1
201,4635,790.90601,30.90000,3.74991,20.52964,51.00000,,20.00000,0.56080,1
201,4636,791.07501,30.90667,3.75158,20.52922,50.00000,,20.00000,0.56069,1
201,4637,791.23798,30.91333,3.75230,20.52933,50.00000,,20.00000,0.56058,1
201,4638,791.41400,30.92000,3.75400,20.52943,50.00000,,20.00000,0.56046,1
201,4639,791.58002,30.92667,3.75573,20.52954,49.00000,,20.00000,0.56035,1
201,4640,791.74902,30.93333,3.75755,20.52913,49.00000,,20.00000,0.56024,1
201,4641,791.90900,30.94000,3.75911,20.52924,51.00000,,20.00000,0.56014,1
201,4642,792.08502,30.94667,3.76082,20.52935,51.00000,,20.00000,0.56002,1
201,4643,792.24103,30.95333,3.76251,20.52894,51.00000,,20.00000,0.55992,1
201,4644,792.40198,30.96000,3.76422,20.52904,51.00000,,20.00000,0.55981,1
201,4645,792.56500,30.96667,3.76602,20.52915,51.00000,,20.00000,0.55970,1
201,4646,792.74799,30.97333,3.76768,20.52874,49.00000,,20.00000,0.55958,1
201,4647,792.90503,30.98000,3.76910,20.52884,49.00000,,20.00000,0.55948,1
201,4648,793.08197,30.98667,3.77067,20.52895,50.00000,,20.00000,0.55936,1
201,4649,793.24402,30.99333,3.77239,20.52906,50.00000,,20.00000,0.55925,1
201,4650,793.40900,31.00000,3.77413,20.52864,49.00000,,20.00000,0.55914,1
201,4651,793.57703,31.00667,3.77580,20.52875,49.00000,,20.00000,0.55903,1
201,4652,793.74298,31.01333,3.77726,20.52885,49.00000,,20.00000,0.55892,1
201,4653,793.91302,31.02000,3.77909,20.52844,50.00000,,20.00000,0.55881,1
201,4654,794.08698,31.02667,3.78073,20.52856,50.00000,,20.00000,0.55869,1
201,4655,794.24298,31.03333,3.78243,20.52866,50.00000,,20.00000,0.55859,1
201,4656,794.40601,31.04000,3.78408,20.52825,49.00000,,20.00000,0.55848,1
201,4657,794.57898,31.04667,3.78572,20.52837,49.00000,,20.00000,0.55837,1
201,4658,794.74298,31.05333,3.78745,20.52848,49.00000,,20.00000,0.55826,1
201,4659,794.89899,31.06000,3.78916,20.52807,49.00000,,20.00000,0.55816,1
201,4660,795.07300,31.06667,3.79080,20.52818,51.00000,,20.00000,0.55804,1
201,4661,795.23700,31.07333,3.79246,20.52830,51.00000,,20.00000,0.55793,1
