run_id,point_index,temperature_C,time_min,dsc_mW_mg,mass_pct,purge1_ml_min,purge2_ml_min,protective_ml_min,sensitivity_uV_mW,segment
202,0,19.39200,0.00000,-9.552127e-003,100.00088,49.00000,,20.00000,0.72813,1
202,1,19.37600,0.00667,-9.720771e-003,99.97461,50.00000,,20.00000,0.72812,1
202,2,19.37900,0.01333,-9.720757e-003,99.95693,50.00000,,20.00000,0.72812,1
202,3,19.37600,0.02000,-9.608392e-003,99.94245,50.00000,,20.00000,0.72812,1
202,4,19.37700,0.02667,-9.608388e-003,99.92623,49.00000,,20.00000,0.72812,1
202,5,19.38400,0.03333,-9.495976e-003,99.91173,49.00000,,20.00000,0.72812,1
202,6,19.36800,0.04000,-9.439862e-003,99.89774,51.00000,,20.00000,0.72812,1
202,7,19.38100,0.04667,-9.552179e-003,99.88067,51.00000,,20.00000,0.72812,1
202,8,19.39000,0.05333,-9.495947e-003,99.86508,52.00000,,20.00000,0.72813,1
202,9,19.37900,0.06000,-9.383621e-003,99.84792,50.00000,,20.00000,0.72812,1
202,10,19.38500,0.06667,-9.383592e-003,99.83043,49.00000,,20.00000,0.72812,1
202,11,19.38700,0.07333,-9.439773e-003,99.81924,49.00000,,20.00000,0.72812,1
202,12,19.38900,0.08000,-9.495952e-003,99.80411,50.00000,,20.00000,0.72813,1
202,13,19.39500,0.08667,-9.664490e-003,99.79446,50.00000,,20.00000,0.72813,1
202,14,19.37800,0.09333,-9.833141e-003,99.77934,51.00000,,20.00000,0.72812,1
202,15,19.38900,0.10000,-9.833086e-003,99.77544,51.00000,,20.00000,0.72813,1
202,16,19.39200,0.10667,-9.776883e-003,99.76480,49.00000,,20.00000,0.72813,1
202,17,19.39800,0.11333,-9.608286e-003,99.75931,49.00000,,20.00000,0.72813,1
202,18,19.39300,0.12000,-9.552122e-003,99.75663,50.00000,,20.00000,0.72813,1
202,19,19.39000,0.12667,-9.495947e-003,99.75127,50.00000,,20.00000,0.72813,1
202,20,19.38900,0.13333,-9.439763e-003,99.74752,50.00000,,20.00000,0.72813,1
202,21,19.37300,0.14000,-9.439838e-003,99.73948,50.00000,,20.00000,0.72812,1
202,22,19.38900,0.14667,-9.439763e-003,99.73358,50.00000,,20.00000,0.72813,1
202,23,19.39000,0.15333,-9.495947e-003,99.73232,49.00000,,20.00000,0.72813,1
202,24,19.38700,0.16000,-9.495962e-003,99.73114,49.00000,,20.00000,0.72812,1
202,25,19.37600,0.16667,-9.496014e-003,99.72745,51.00000,,20.00000,0.72812,1
202,26,19.39800,0.17333,-9.439720e-003,99.72209,50.00000,,20.00000,0.72813,1
202,27,19.39000,0.18000,-9.439758e-003,99.71801,50.00000,,20.00000,0.72813,1
202,28,19.39600,0.18667,-9.552107e-003,99.71482,49.00000,,20.00000,0.72813,1
202,29,19.39000,0.19333,-9.552136e-003,99.71187,49.00000,,20.00000,0.72813,1
202,30,19.39200,0.20000,-9.495938e-003,99.70890,50.00000,,20.00000,0.72813,1
202,31,19.39500,0.20667,-9.383546e-003,99.70352,50.00000,,20.00000,0.72813,1
202,32,19.39300,0.21333,-9.608311e-003,99.69828,52.00000,,20.00000,0.72813,1
202,33,19.39500,0.22000,-9.776868e-003,99.69329,52.00000,,20.00000,0.72813,1
202,34,19.39500,0.22667,-9.889246e-003,99.69143,49.00000,,20.00000,0.72813,1
202,35,19.41000,0.23333,-9.664417e-003,99.68971,49.00000,,20.00000,0.72813,1
202,36,19.39800,0.24000,-9.552098e-003,99.68729,49.00000,,20.00000,0.72813,1
202,37,19.39600,0.24667,-9.495918e-003,99.68427,50.00000,,20.00000,0.72813,1
202,38,19.41500,0.25333,-9.552016e-003,99.68152,50.00000,,20.00000,0.72813,1
202,39,19.40700,0.26000,-9.552055e-003,99.67938,50.00000,,20.00000,0.72813,1
202,40,19.39900,0.26667,-9.495904e-003,99.67723,50.00000,,20.00000,0.72813,1
202,41,19.39300,0.27333,-9.495933e-003,99.67563,49.00000,,20.00000,0.72813,1
202,42,19.41200,0.28000,-9.608219e-003,99.67509,49.00000,,20.00000,0.72813,1
202,43,19.39900,0.28667,-9.495904e-003,99.67348,51.00000,,20.00000,0.72813,1
202,44,19.40700,0.29333,-9.439677e-003,99.67183,50.00000,,20.00000,0.72813,1
202,45,19.40100,0.30000,-9.383517e-003,99.66885,50.00000,,20.00000,0.72813,1
202,46,19.40000,0.30667,-9.495900e-003,99.66637,50.00000,,20.00000,0.72813,1
202,47,19.40700,0.31333,-9.552055e-003,99.66321,49.00000,,20.00000,0.72813,1
202,48,19.40600,0.32000,-9.664437e-003,99.66011,49.00000,,20.00000,0.72813,1
202,49,19.41800,0.32667,-9.776754e-003,99.65411,51.00000,,20.00000,0.72814,1
202,50,19.40900,0.33333,-9.720611e-003,99.64868,51.00000,,20.00000,0.72813,1
202,51,19.42100,0.34000,-9.720552e-003,99.64403,51.00000,,20.00000,0.72814,1
202,52,19.41800,0.34667,-9.832943e-003,99.63983,51.00000,,20.00000,0.72814,1
202,53,19.42700,0.35333,-9.945274e-003,99.63778,49.00000,,20.00000,0.72814,1
202,54,19.42700,0.36000,-1.005765e-002,99.63727,49.00000,,20.00000,0.72814,1
202,55,19.42100,0.36667,-1.011387e-002,99.63688,50.00000,,20.00000,0.72814,1
202,56,19.43000,0.37333,-1.017001e-002,99.63613,50.00000,,20.00000,0.72814,1
202,57,19.42200,0.38000,-1.022624e-002,99.63453,50.00000,,20.00000,0.72814,1
202,58,19.43000,0.38667,-1.011382e-002,99.63193,50.00000,,20.00000,0.72814,1
202,59,19.43200,0.39333,-1.017000e-002,99.62851,49.00000,,20.00000,0.72814,1
202,60,19.44300,0.40000,-1.016994e-002,99.62373,49.00000,,20.00000,0.72815,1
202,61,19.44300,0.40667,-1.016994e-002,99.61947,49.00000,,20.00000,0.72815,1
202,62,19.45400,0.41333,-1.005751e-002,99.61646,49.00000,,20.00000,0.72815,1
202,63,19.46000,0.42000,-1.067554e-002,99.61474,50.00000,,20.00000,0.72815,1
202,64,19.45400,0.42667,-1.095651e-002,99.61360,50.00000,,20.00000,0.72815,1
202,65,19.45700,0.43333,-1.112505e-002,99.61253,49.00000,,20.00000,0.72815,1
202,66,19.44900,0.44000,-1.101272e-002,99.61133,49.00000,,20.00000,0.72815,1
202,67,19.44300,0.44667,-1.090038e-002,99.60957,49.00000,,20.00000,0.72815,1
202,68,19.44600,0.45333,-1.146224e-002,99.60697,49.00000,,20.00000,0.72815,1
202,69,19.48000,0.46000,-1.185535e-002,99.60449,51.00000,,20.00000,0.72816,1
202,70,19.46500,0.46667,-1.191163e-002,99.60218,51.00000,,20.00000,0.72815,1
202,71,19.45800,0.47333,-1.202404e-002,99.60071,51.00000,,20.00000,0.72815,1
202,72,19.47800,0.48000,-1.230485e-002,99.59924,51.00000,,20.00000,0.72816,1
202,73,19.46400,0.48667,-1.213638e-002,99.59757,49.00000,,20.00000,0.72815,1
202,74,19.47700,0.49333,-1.213630e-002,99.59577,49.00000,,20.00000,0.72816,1
202,75,19.49100,0.50000,-1.213622e-002,99.59394,50.00000,,20.00000,0.72816,1
202,76,19.47700,0.50667,-1.208011e-002,99.59202,50.00000,,20.00000,0.72816,1
202,77,19.48900,0.51333,-1.224860e-002,99.58974,50.00000,,20.00000,0.72816,1
202,78,19.48900,0.52000,-1.236097e-002,99.58688,52.00000,,20.00000,0.72816,1
202,79,19.49100,0.52667,-1.252952e-002,99.58350,49.00000,,20.00000,0.72816,1
202,80,19.51000,0.53333,-1.258559e-002,99.57996,49.00000,,20.00000,0.72817,1
202,81,19.50800,0.54000,-1.275416e-002,99.57657,50.00000,,20.00000,0.72817,1
202,82,19.51100,0.54667,-1.370929e-002,99.57358,50.00000,,20.00000,0.72817,1
202,83,19.52800,0.55333,-1.348443e-002,99.57114,50.00000,,20.00000,0.72818,1
202,84,19.52000,0.56000,-1.331593e-002,99.56882,50.00000,,20.00000,0.72817,1
202,85,19.51900,0.56667,-1.331594e-002,99.56610,49.00000,,20.00000,0.72817,1
202,86,19.53500,0.57333,-1.331583e-002,99.56292,49.00000,,20.00000,0.72818,1
202,87,19.53700,0.58000,-1.370911e-002,99.55960,49.00000,,20.00000,0.72818,1
202,88,19.55100,0.58667,-1.398994e-002,99.55654,50.00000,,20.00000,0.72818,1
202,89,19.55200,0.59333,-1.404612e-002,99.55390,50.00000,,20.00000,0.72818,1
202,90,19.55800,0.60000,-1.421463e-002,99.55146,50.00000,,20.00000,0.72819,1
202,91,19.55400,0.60667,-1.438321e-002,99.54894,50.00000,,20.00000,0.72819,1
202,92,19.56600,0.61333,-1.455167e-002,99.54632,49.00000,,20.00000,0.72819,1
202,93,19.57600,0.62000,-1.477634e-002,99.54382,50.00000,,20.00000,0.72819,1
202,94,19.58200,0.62667,-1.483248e-002,99.54159,49.00000,,20.00000,0.72820,1
202,95,19.58500,0.63333,-1.505719e-002,99.53949,51.00000,,20.00000,0.72820,1
202,96,19.58800,0.64000,-1.522571e-002,99.53720,51.00000,,20.00000,0.72820,1
202,97,19.58500,0.64667,-1.584376e-002,99.53525,52.00000,,20.00000,0.72820,1
202,98,19.60300,0.65333,-1.623690e-002,99.53455,52.00000,,20.00000,0.72820,1
202,99,19.61100,0.66000,-1.657393e-002,99.53457,49.00000,,20.00000,0.72821,1
202,100,19.61100,0.66667,-1.696721e-002,99.53404,49.00000,,20.00000,0.72821,1
202,101,19.63100,0.67333,-1.730413e-002,99.53268,49.00000,,20.00000,0.72821,1
202,102,19.63900,0.68000,-1.752879e-002,99.53404,49.00000,,20.00000,0.72822,1
202,103,19.62000,0.68667,-1.775369e-002,99.53403,50.00000,,20.00000,0.72821,1
202,104,19.63400,0.69333,-1.780974e-002,99.53358,50.00000,,20.00000,0.72821,1
202,105,19.63600,0.70000,-1.803445e-002,99.53258,50.00000,,20.00000,0.72822,1
202,106,19.65600,0.70667,-1.831518e-002,99.53254,49.00000,,20.00000,0.72822,1
202,107,19.65300,0.71333,-1.825903e-002,99.53309,49.00000,,20.00000,0.72822,1
202,108,19.66100,0.72000,-1.853986e-002,99.53472,50.00000,,20.00000,0.72822,1
202,109,19.67300,0.72667,-1.904538e-002,99.53582,50.00000,,20.00000,0.72823,1
202,110,19.67200,0.73333,-1.932629e-002,99.53745,51.00000,,20.00000,0.72823,1
202,111,19.67900,0.74000,-1.960713e-002,99.53855,51.00000,,20.00000,0.72823,1
202,112,19.70100,0.74667,-1.971927e-002,99.53965,49.00000,,20.00000,0.72824,1
202,113,19.70300,0.75333,-1.983162e-002,99.54021,50.00000,,20.00000,0.72824,1
202,114,19.71300,0.76000,-2.000006e-002,99.54185,49.00000,,20.00000,0.72824,1
202,115,19.72600,0.76667,-2.039318e-002,99.54293,49.00000,,20.00000,0.72825,1
202,116,19.73300,0.77333,-2.084254e-002,99.54397,51.00000,,20.00000,0.72825,1
202,117,19.74300,0.78000,-2.112334e-002,99.54501,52.00000,,20.00000,0.72825,1
202,118,19.76900,0.78667,-2.140395e-002,99.54556,52.00000,,20.00000,0.72826,1
202,119,19.77800,0.79333,-2.179710e-002,99.54666,52.00000,,20.00000,0.72827,1
202,120,19.78000,0.80000,-2.219033e-002,99.54830,49.00000,,20.00000,0.72827,1
202,121,19.77100,0.80667,-2.241514e-002,99.54939,49.00000,,20.00000,0.72826,1
202,122,19.80900,0.81333,-2.280795e-002,99.54987,50.00000,,20.00000,0.72828,1
202,123,19.81100,0.82000,-2.314499e-002,99.55132,50.00000,,20.00000,0.72828,1
202,124,19.82100,0.82667,-2.342576e-002,99.55334,50.00000,,20.00000,0.72828,1
202,125,19.84400,0.83333,-2.381872e-002,99.55494,50.00000,,20.00000,0.72829,1
202,126,19.85100,0.84000,-2.415570e-002,99.55765,49.00000,,20.00000,0.72829,1
202,127,19.85400,0.84667,-2.443654e-002,99.55982,49.00000,,20.00000,0.72830,1
202,128,19.86300,0.85333,-2.482966e-002,99.56199,51.00000,,20.00000,0.72830,1
202,129,19.86900,0.86000,-2.511046e-002,99.56358,51.00000,,20.00000,0.72830,1
202,130,19.88600,0.86667,-2.511025e-002,99.56499,50.00000,,20.00000,0.72831,1
202,131,19.90300,0.87333,-2.555944e-002,99.56560,50.00000,,20.00000,0.72831,1
202,132,19.90800,0.88000,-2.612112e-002,99.56602,49.00000,,20.00000,0.72831,1
202,133,19.92200,0.88667,-2.640180e-002,99.56582,49.00000,,20.00000,0.72832,1
202,134,19.94200,0.89333,-2.701945e-002,99.56620,50.00000,,20.00000,0.72833,1
202,135,19.95700,0.90000,-2.752480e-002,99.56668,50.00000,,20.00000,0.72833,1
202,136,19.96200,0.90667,-2.791794e-002,99.56782,50.00000,,20.00000,0.72833,1
202,137,19.97800,0.91333,-2.825475e-002,99.56848,51.00000,,20.00000,0.72834,1
202,138,19.99100,0.92000,-2.864778e-002,99.56965,50.00000,,20.00000,0.72835,1
202,139,20.00100,0.92667,-2.909701e-002,99.57127,51.00000,,20.00000,0.72835,1
202,140,20.01500,0.93333,-2.954617e-002,99.57229,49.00000,,20.00000,0.72835,1
202,141,20.03200,0.94000,-2.993912e-002,99.57335,49.00000,,20.00000,0.72836,1
202,142,20.04100,0.94667,-3.016366e-002,99.57460,50.00000,,20.00000,0.72836,1
202,143,20.06000,0.95333,-3.061274e-002,99.57718,50.00000,,20.00000,0.72837,1
202,144,20.07300,0.96000,-3.100573e-002,99.57881,50.00000,,20.00000,0.72838,1
202,145,20.08300,0.96667,-3.139876e-002,99.58046,50.00000,,20.00000,0.72838,1
202,146,20.07900,0.97333,-3.184818e-002,99.58195,50.00000,,20.00000,0.72838,1
202,147,20.09300,0.98000,-3.212880e-002,99.58404,49.00000,,20.00000,0.72838,1
202,148,20.10500,0.98667,-3.252179e-002,99.58438,50.00000,,20.00000,0.72839,1
202,149,20.13500,0.99333,-3.297065e-002,99.58374,50.00000,,20.00000,0.72840,1
202,150,20.15100,1.00000,-3.347589e-002,99.58406,50.00000,,20.00000,0.72840,1
202,151,20.16600,1.00667,-3.386881e-002,99.58392,50.00000,,20.00000,0.72841,1
202,152,20.18600,1.01333,-3.420547e-002,99.58446,49.00000,,20.00000,0.72842,1
202,153,20.19800,1.02000,-3.454227e-002,99.58835,49.00000,,20.00000,0.72842,1
202,154,20.21800,1.02667,-3.504741e-002,99.59111,49.00000,,20.00000,0.72843,1
202,155,20.22600,1.03333,-3.538426e-002,99.59257,51.00000,,20.00000,0.72843,1
202,156,20.24900,1.04000,-3.588934e-002,99.59161,51.00000,,20.00000,0.72844,1
202,157,20.26300,1.04667,-3.633840e-002,99.59047,52.00000,,20.00000,0.72844,1
202,158,20.29400,1.05333,-3.656250e-002,99.58885,52.00000,,20.00000,0.72846,1
202,159,20.31000,1.06000,-3.678686e-002,99.58855,49.00000,,20.00000,0.72846,1
202,160,20.33300,1.06667,-3.701109e-002,99.58851,49.00000,,20.00000,0.72847,1
202,161,20.33900,1.07333,-3.740411e-002,99.58905,50.00000,,20.00000,0.72847,1
202,162,20.36500,1.08000,-3.796524e-002,99.59106,50.00000,,20.00000,0.72848,1
202,163,20.36200,1.08667,-3.858307e-002,99.59058,50.00000,,20.00000,0.72848,1
202,164,20.40200,1.09333,-3.908775e-002,99.59112,50.00000,,20.00000,0.72849,1
202,165,20.42700,1.10000,-3.953654e-002,99.59031,52.00000,,20.00000,0.72850,1
202,166,20.45900,1.10667,-4.004134e-002,99.59133,49.00000,,20.00000,0.72852,1
202,167,20.46500,1.11333,-4.065896e-002,99.59433,49.00000,,20.00000,0.72852,1
202,168,20.50000,1.12000,-4.105135e-002,99.59647,49.00000,,20.00000,0.72853,1
202,169,20.50000,1.12667,-4.155678e-002,99.59802,50.00000,,20.00000,0.72853,1
202,170,20.53000,1.13333,-4.217388e-002,99.59611,50.00000,,20.00000,0.72854,1
202,171,20.54900,1.14000,-4.273505e-002,99.59393,50.00000,,20.00000,0.72855,1
202,172,20.58600,1.14667,-4.279041e-002,99.59213,50.00000,,20.00000,0.72856,1
202,173,20.60000,1.15333,-4.312704e-002,99.59198,49.00000,,20.00000,0.72857,1
202,174,20.62400,1.16000,-4.380037e-002,99.59472,49.00000,,20.00000,0.72858,1
202,175,20.65600,1.16667,-4.436121e-002,99.59555,51.00000,,20.00000,0.72859,1
202,176,20.67500,1.17333,-4.497847e-002,99.59606,51.00000,,20.00000,0.72859,1
202,177,20.69400,1.18000,-4.537111e-002,99.59677,52.00000,,20.00000,0.72860,1
202,178,20.71500,1.18667,-4.576370e-002,99.59748,52.00000,,20.00000,0.72861,1
202,179,20.73400,1.19333,-4.610017e-002,99.59801,49.00000,,20.00000,0.72862,1
202,180,20.75700,1.20000,-4.654885e-002,99.59890,49.00000,,20.00000,0.72862,1
202,181,20.79700,1.20667,-4.705326e-002,99.60133,49.00000,,20.00000,0.72864,1
202,182,20.80600,1.21333,-4.750225e-002,99.60327,50.00000,,20.00000,0.72864,1
202,183,20.83800,1.22000,-4.800682e-002,99.60318,51.00000,,20.00000,0.72865,1
202,184,20.86200,1.22667,-4.839928e-002,99.60152,51.00000,,20.00000,0.72866,1
202,185,20.88500,1.23333,-4.896020e-002,99.60140,49.00000,,20.00000,0.72867,1
202,186,20.90000,1.24000,-4.940900e-002,99.60379,51.00000,,20.00000,0.72868,1
202,187,20.93400,1.24667,-4.991347e-002,99.60441,49.00000,,20.00000,0.72869,1
202,188,20.96500,1.25333,-5.036186e-002,99.60386,49.00000,,20.00000,0.72870,1
202,189,20.98800,1.26000,-5.069815e-002,99.60273,50.00000,,20.00000,0.72871,1
202,190,21.01600,1.26667,-5.109045e-002,99.60258,50.00000,,20.00000,0.72872,1
202,191,21.04100,1.27333,-5.125824e-002,99.60654,50.00000,,20.00000,0.72873,1
202,192,21.06000,1.28000,-5.181917e-002,99.60819,50.00000,,20.00000,0.72873,1
202,193,21.10500,1.28667,-5.237942e-002,99.60713,49.00000,,20.00000,0.72875,1
202,194,21.13300,1.29333,-5.277167e-002,99.60678,49.00000,,20.00000,0.72876,1
202,195,21.16400,1.30000,-5.338839e-002,99.60672,50.00000,,20.00000,0.72877,1
202,196,21.19300,1.30667,-5.378058e-002,99.60685,51.00000,,20.00000,0.72878,1
202,197,21.20700,1.31333,-5.422931e-002,99.60693,51.00000,,20.00000,0.72879,1
202,198,21.23500,1.32000,-5.518289e-002,99.60679,51.00000,,20.00000,0.72880,1
202,199,21.27700,1.32667,-5.579923e-002,99.60637,49.00000,,20.00000,0.72881,1
202,200,21.30400,1.33333,-5.619143e-002,99.60574,49.00000,,20.00000,0.72882,1
202,201,21.34200,1.34000,-5.619037e-002,99.60873,51.00000,,20.00000,0.72884,1
202,202,21.36200,1.34667,-5.652661e-002,99.61053,51.00000,,20.00000,0.72884,1
202,203,21.39800,1.35333,-5.703079e-002,99.60957,51.00000,,20.00000,0.72886,1
202,204,21.43800,1.36000,-5.753484e-002,99.60596,52.00000,,20.00000,0.72887,1
202,205,21.47600,1.36667,-5.815119e-002,99.60246,52.00000,,20.00000,0.72889,1
202,206,21.49600,1.37333,-5.865578e-002,99.60020,49.00000,,20.00000,0.72889,1
202,207,21.54800,1.38000,-5.899103e-002,99.59966,49.00000,,20.00000,0.72891,1
202,208,21.55800,1.38667,-5.938363e-002,99.60184,50.00000,,20.00000,0.72891,1
202,209,21.60100,1.39333,-5.977525e-002,99.60190,50.00000,,20.00000,0.72893,1
202,210,21.64100,1.40000,-5.999857e-002,99.59991,50.00000,,20.00000,0.72895,1
202,211,21.67800,1.40667,-6.016584e-002,99.59909,50.00000,,20.00000,0.72896,1
202,212,21.70400,1.41333,-6.061405e-002,99.59882,49.00000,,20.00000,0.72897,1
202,213,21.72700,1.42000,-6.167971e-002,99.60112,49.00000,,20.00000,0.72898,1
202,214,21.77900,1.42667,-6.212709e-002,99.60211,49.00000,,20.00000,0.72900,1
202,215,21.80400,1.43333,-6.229468e-002,99.60232,49.00000,,20.00000,0.72900,1
202,216,21.84600,1.44000,-6.274234e-002,99.59917,50.00000,,20.00000,0.72902,1
202,217,21.88800,1.44667,-6.318999e-002,99.59598,50.00000,,20.00000,0.72903,1
202,218,21.92200,1.45333,-6.363787e-002,99.59385,50.00000,,20.00000,0.72905,1
202,219,21.96200,1.46000,-6.408554e-002,99.59491,49.00000,,20.00000,0.72906,1
202,220,21.99700,1.46667,-6.442112e-002,99.59479,49.00000,,20.00000,0.72907,1
202,221,22.03600,1.47333,-6.464434e-002,99.59351,49.00000,,20.00000,0.72909,1
202,222,22.07900,1.48000,-6.503575e-002,99.59222,51.00000,,20.00000,0.72910,1
202,223,22.12500,1.48667,-6.559539e-002,99.59106,51.00000,,20.00000,0.72912,1
202,224,22.16600,1.49333,-6.587462e-002,99.59067,52.00000,,20.00000,0.72914,1
202,225,22.19700,1.50000,-6.626638e-002,99.59589,52.00000,,20.00000,0.72915,1
202,226,22.24200,1.50667,-6.671377e-002,99.59861,49.00000,,20.00000,0.72916,1
202,227,22.28600,1.51333,-6.727339e-002,99.59654,49.00000,,20.00000,0.72918,1
202,228,22.30700,1.52000,-6.783376e-002,99.59387,50.00000,,20.00000,0.72919,1
202,229,22.36400,1.52667,-6.805627e-002,99.59321,50.00000,,20.00000,0.72921,1
202,230,22.40100,1.53333,-6.811113e-002,99.59503,50.00000,,20.00000,0.72922,1
202,231,22.44200,1.54000,-6.850247e-002,99.59504,50.00000,,20.00000,0.72923,1
202,232,22.47900,1.54667,-6.928665e-002,99.59807,49.00000,,20.00000,0.72925,1
202,233,22.53400,1.55333,-6.978967e-002,99.59991,49.00000,,20.00000,0.72927,1
202,234,22.57700,1.56000,-7.006869e-002,99.59744,49.00000,,20.00000,0.72928,1
202,235,22.61700,1.56667,-7.045999e-002,99.59665,49.00000,,20.00000,0.72930,1
202,236,22.67100,1.57333,-7.073859e-002,99.59659,50.00000,,20.00000,0.72932,1
202,237,22.71100,1.58000,-7.112986e-002,99.59627,50.00000,,20.00000,0.72933,1
202,238,22.76000,1.58667,-7.157690e-002,99.60044,50.00000,,20.00000,0.72935,1
202,239,22.79300,1.59333,-7.202448e-002,99.60413,50.00000,,20.00000,0.72936,1
202,240,22.84200,1.60000,-7.230320e-002,99.60284,49.00000,,20.00000,0.72938,1
202,241,22.88700,1.60667,-7.263813e-002,99.60018,49.00000,,20.00000,0.72940,1
202,242,22.93600,1.61333,-7.291682e-002,99.59930,51.00000,,20.00000,0.72941,1
202,243,22.97400,1.62000,-7.319590e-002,99.59867,50.00000,,20.00000,0.72943,1
202,244,23.03500,1.62667,-7.353022e-002,99.59791,51.00000,,20.00000,0.72945,1
202,245,23.08900,1.63333,-7.392086e-002,99.59941,51.00000,,20.00000,0.72947,1
202,246,23.14400,1.64000,-7.431144e-002,99.60439,50.00000,,20.00000,0.72949,1
202,247,23.17900,1.64667,-7.464665e-002,99.60539,50.00000,,20.00000,0.72950,1
202,248,23.23800,1.65333,-7.464447e-002,99.60227,50.00000,,20.00000,0.72952,1
202,249,23.28400,1.66000,-7.509142e-002,99.60128,49.00000,,20.00000,0.72954,1
202,250,23.32300,1.66667,-7.531429e-002,99.60329,49.00000,,20.00000,0.72955,1
202,251,23.38500,1.67333,-7.553630e-002,99.60283,50.00000,,20.00000,0.72957,1
202,252,23.42900,1.68000,-7.581504e-002,99.60205,52.00000,,20.00000,0.72959,1
202,253,23.49200,1.68667,-7.626128e-002,99.60430,51.00000,,20.00000,0.72961,1
202,254,23.54500,1.69333,-7.682002e-002,99.60653,49.00000,,20.00000,0.72963,1
202,255,23.60500,1.70000,-7.726632e-002,99.60407,50.00000,,20.00000,0.72965,1
202,256,23.65400,1.70667,-7.771302e-002,99.60077,50.00000,,20.00000,0.72967,1
202,257,23.71700,1.71333,-7.765453e-002,99.60255,49.00000,,20.00000,0.72969,1
202,258,23.76700,1.72000,-7.759655e-002,99.60776,50.00000,,20.00000,0.72971,1
202,259,23.81200,1.72667,-7.793123e-002,99.60775,50.00000,,20.00000,0.72973,1
202,260,23.87800,1.73333,-7.826508e-002,99.60729,49.00000,,20.00000,0.72975,1
202,261,23.93300,1.74000,-7.893570e-002,99.60741,50.00000,,20.00000,0.72977,1
202,262,23.97400,1.74667,-7.921442e-002,99.61068,49.00000,,20.00000,0.72979,1
202,263,24.04300,1.75333,-7.932385e-002,99.61261,49.00000,,20.00000,0.72981,1
202,264,24.08800,1.76000,-7.943421e-002,99.61159,49.00000,,20.00000,0.72983,1
202,265,24.15100,1.76667,-7.948781e-002,99.61095,51.00000,,20.00000,0.72985,1
202,266,24.21500,1.77333,-7.976558e-002,99.61118,51.00000,,20.00000,0.72987,1
202,267,24.28200,1.78000,-8.009926e-002,99.61404,52.00000,,20.00000,0.72990,1
202,268,24.33800,1.78667,-8.037732e-002,99.61328,49.00000,,20.00000,0.72992,1
202,269,24.39500,1.79333,-8.087952e-002,99.61372,49.00000,,20.00000,0.72994,1
202,270,24.45800,1.80000,-8.110120e-002,99.61688,49.00000,,20.00000,0.72996,1
202,271,24.51800,1.80667,-8.115486e-002,99.61734,49.00000,,20.00000,0.72998,1
202,272,24.57600,1.81333,-8.120859e-002,99.61347,49.00000,,20.00000,0.73000,1
202,273,24.64900,1.82000,-8.131777e-002,99.61388,50.00000,,20.00000,0.73003,1
202,274,24.70700,1.82667,-8.148358e-002,99.61641,50.00000,,20.00000,0.73005,1
202,275,24.76800,1.83333,-8.164926e-002,99.61785,51.00000,,20.00000,0.73007,1
202,276,24.82800,1.84000,-8.231932e-002,99.61926,49.00000,,20.00000,0.73009,1
202,277,24.90400,1.84667,-8.265245e-002,99.61800,49.00000,,20.00000,0.73012,1
202,278,24.96200,1.85333,-8.231391e-002,99.61737,49.00000,,20.00000,0.73014,1
202,279,25.03300,1.86000,-8.225501e-002,99.61846,50.00000,,20.00000,0.73017,1
202,280,25.10000,1.86667,-8.247643e-002,99.61960,50.00000,,20.00000,0.73019,1
202,281,25.15200,1.87333,-8.258639e-002,99.62222,50.00000,,20.00000,0.73021,1
202,282,25.22000,1.88000,-8.275173e-002,99.62140,50.00000,,20.00000,0.73023,1
202,283,25.29700,1.88667,-8.286066e-002,99.62136,49.00000,,20.00000,0.73026,1
202,284,25.36600,1.89333,-8.308196e-002,99.62374,49.00000,,20.00000,0.73029,1
202,285,25.43100,1.90000,-8.341543e-002,99.62383,51.00000,,20.00000,0.73031,1
202,286,25.50800,1.90667,-8.346832e-002,99.62283,50.00000,,20.00000,0.73034,1
202,287,25.58700,1.91333,-8.340907e-002,99.62249,50.00000,,20.00000,0.73036,1
202,288,25.65700,1.92000,-8.351826e-002,99.62240,50.00000,,20.00000,0.73039,1
202,289,25.73000,1.92667,-8.351528e-002,99.62529,49.00000,,20.00000,0.73041,1
202,290,25.79600,1.93333,-8.351259e-002,99.62576,49.00000,,20.00000,0.73044,1
202,291,25.87700,1.94000,-8.373332e-002,99.62319,49.00000,,20.00000,0.73047,1
202,292,25.94000,1.94667,-8.389877e-002,99.62502,49.00000,,20.00000,0.73049,1
202,293,26.00600,1.95333,-8.400808e-002,99.63010,50.00000,,20.00000,0.73051,1
202,294,26.08300,1.96000,-8.400493e-002,99.63086,50.00000,,20.00000,0.73054,1
202,295,26.16100,1.96667,-8.394573e-002,99.62829,51.00000,,20.00000,0.73057,1
202,296,26.23300,1.97333,-8.399879e-002,99.62882,51.00000,,20.00000,0.73059,1
202,297,26.30000,1.98000,-8.394005e-002,99.62927,49.00000,,20.00000,0.73062,1
202,298,26.38500,1.98667,-8.399257e-002,99.63176,49.00000,,20.00000,0.73065,1
202,299,26.45600,1.99333,-8.404566e-002,99.63411,50.00000,,20.00000,0.73067,1
202,300,26.52800,2.00000,-8.409871e-002,99.63150,50.00000,,20.00000,0.73070,1
202,301,26.61900,2.00667,-8.415098e-002,99.62773,50.00000,,20.00000,0.73073,1
202,302,26.69500,2.01333,-8.397990e-002,99.62875,50.00000,,20.00000,0.73076,1
202,303,26.76900,2.02000,-8.380893e-002,99.63299,49.00000,,20.00000,0.73078,1
202,304,26.85400,2.02667,-8.380547e-002,99.63297,49.00000,,20.00000,0.73081,1
202,305,26.94000,2.03333,-8.380197e-002,99.62872,50.00000,,20.00000,0.73085,1
202,306,27.01400,2.04000,-8.374298e-002,99.62668,50.00000,,20.00000,0.73087,1
202,307,27.09600,2.04667,-8.368367e-002,99.62797,50.00000,,20.00000,0.73090,1
202,308,27.18200,2.05333,-8.362421e-002,99.62885,50.00000,,20.00000,0.73093,1
202,309,27.26600,2.06000,-8.367677e-002,99.63201,49.00000,,20.00000,0.73096,1
202,310,27.34400,2.06667,-8.350570e-002,99.63256,49.00000,,20.00000,0.73099,1
202,311,27.42100,2.07333,-8.339065e-002,99.62875,49.00000,,20.00000,0.73102,1
202,312,27.50700,2.08000,-8.327525e-002,99.62691,49.00000,,20.00000,0.73105,1
202,313,27.59000,2.08667,-8.321594e-002,99.62808,49.00000,,20.00000,0.73108,1
202,314,27.67200,2.09333,-8.304476e-002,99.62863,50.00000,,20.00000,0.73110,1
202,315,27.77300,2.10000,-8.287283e-002,99.63145,50.00000,,20.00000,0.73114,1
202,316,27.85800,2.10667,-8.258965e-002,99.63181,50.00000,,20.00000,0.73117,1
202,317,27.94700,2.11333,-8.236228e-002,99.62810,50.00000,,20.00000,0.73120,1
202,318,28.02500,2.12000,-8.230323e-002,99.62513,50.00000,,20.00000,0.73123,1
202,319,28.09400,2.12667,-8.213263e-002,99.62969,49.00000,,20.00000,0.73125,1
202,320,28.19100,2.13333,-8.162528e-002,99.63519,50.00000,,20.00000,0.73129,1
202,321,28.29000,2.14000,-8.122977e-002,99.63289,50.00000,,20.00000,0.73132,1
202,322,28.37700,2.14667,-8.111448e-002,99.62824,52.00000,,20.00000,0.73135,1
202,323,28.46000,2.15333,-8.083153e-002,99.62625,49.00000,,20.00000,0.73138,1
202,324,28.55600,2.16000,-8.065999e-002,99.62485,49.00000,,20.00000,0.73142,1
202,325,28.65300,2.16667,-8.065622e-002,99.62456,50.00000,,20.00000,0.73145,1
202,326,28.73900,2.17333,-8.037321e-002,99.62480,50.00000,,20.00000,0.73148,1
202,327,28.83500,2.18000,-8.008986e-002,99.62978,50.00000,,20.00000,0.73152,1
202,328,28.91400,2.18667,-7.980718e-002,99.63144,50.00000,,20.00000,0.73154,1
202,329,29.02200,2.19333,-7.907603e-002,99.62767,49.00000,,20.00000,0.73158,1
202,330,29.12400,2.20000,-7.901623e-002,99.62503,49.00000,,20.00000,0.73162,1
202,331,29.21800,2.20667,-7.890082e-002,99.62574,49.00000,,20.00000,0.73165,1
202,332,29.30800,2.21333,-7.845008e-002,99.62549,51.00000,,20.00000,0.73168,1
202,333,29.40100,2.22000,-7.811110e-002,99.62904,51.00000,,20.00000,0.73171,1
202,334,29.50100,2.22667,-7.766006e-002,99.63042,52.00000,,20.00000,0.73175,1
202,335,29.60600,2.23333,-7.709707e-002,99.62688,52.00000,,20.00000,0.73179,1
202,336,29.68900,2.24000,-7.681447e-002,99.62269,49.00000,,20.00000,0.73182,1
202,337,29.79500,2.24667,-7.630744e-002,99.62054,49.00000,,20.00000,0.73185,1
202,338,29.90200,2.25333,-7.563272e-002,99.62207,49.00000,,20.00000,0.73189,1
202,339,30.00500,2.26000,-7.490233e-002,99.62092,49.00000,,20.00000,0.73193,1
202,340,30.09400,2.26667,-7.434019e-002,99.61980,50.00000,,20.00000,0.73196,1
202,341,30.21200,2.27333,-7.405653e-002,99.61932,50.00000,,20.00000,0.73200,1
202,342,30.31300,2.28000,-7.394118e-002,99.62001,50.00000,,20.00000,0.73203,1
202,343,30.40600,2.28667,-7.309959e-002,99.62027,50.00000,,20.00000,0.73207,1
202,344,30.51900,2.29333,-7.276034e-002,99.61638,49.00000,,20.00000,0.73211,1
202,345,30.62500,2.30000,-7.253313e-002,99.61363,50.00000,,20.00000,0.73214,1
202,346,30.71400,2.30667,-7.219479e-002,99.61457,50.00000,,20.00000,0.73217,1
202,347,30.82600,2.31333,-7.168804e-002,99.61480,50.00000,,20.00000,0.73221,1
202,348,30.92600,2.32000,-7.118177e-002,99.61328,50.00000,,20.00000,0.73225,1
202,349,31.04900,2.32667,-7.011608e-002,99.61235,50.00000,,20.00000,0.73229,1
202,350,31.16300,2.33333,-6.949774e-002,99.61323,49.00000,,20.00000,0.73233,1
202,351,31.25500,2.34000,-6.899192e-002,99.61432,49.00000,,20.00000,0.73236,1
202,352,31.36100,2.34667,-6.876500e-002,99.61290,51.00000,,20.00000,0.73240,1
202,353,31.47700,2.35333,-6.842606e-002,99.61100,51.00000,,20.00000,0.73244,1
202,354,31.57300,2.36000,-6.769681e-002,99.61230,51.00000,,20.00000,0.73247,1
202,355,31.68600,2.36667,-6.657613e-002,99.61249,52.00000,,20.00000,0.73251,1
202,356,31.80200,2.37333,-6.579056e-002,99.61045,49.00000,,20.00000,0.73255,1
202,357,31.90100,2.38000,-6.534070e-002,99.60829,49.00000,,20.00000,0.73259,1
202,358,32.01600,2.38667,-6.444363e-002,99.60813,51.00000,,20.00000,0.73263,1
202,359,32.12800,2.39333,-6.349091e-002,99.60944,51.00000,,20.00000,0.73267,1
202,360,32.23900,2.40000,-6.315255e-002,99.61230,52.00000,,20.00000,0.73271,1
202,361,32.36800,2.40667,-6.286951e-002,99.61145,52.00000,,20.00000,0.73275,1
202,362,32.48200,2.41333,-6.202864e-002,99.60693,49.00000,,20.00000,0.73279,1
202,363,32.58400,2.42000,-6.113240e-002,99.60300,49.00000,,20.00000,0.73283,1
202,364,32.70700,2.42667,-6.001232e-002,99.60124,50.00000,,20.00000,0.73287,1
202,365,32.81500,2.43333,-5.945104e-002,99.60321,50.00000,,20.00000,0.73291,1
202,366,32.95100,2.44000,-5.877739e-002,99.60250,50.00000,,20.00000,0.73295,1
202,367,33.05400,2.44667,-5.788147e-002,99.60182,50.00000,,20.00000,0.73299,1
202,368,33.17800,2.45333,-5.709670e-002,99.60170,49.00000,,20.00000,0.73303,1
202,369,33.29800,2.46000,-5.642375e-002,99.60264,49.00000,,20.00000,0.73307,1
202,370,33.41400,2.46667,-5.575098e-002,99.60298,49.00000,,20.00000,0.73311,1
202,371,33.52500,2.47333,-5.496681e-002,99.59900,49.00000,,20.00000,0.73315,1
202,372,33.66700,2.48000,-5.401453e-002,99.59614,50.00000,,20.00000,0.73320,1
202,373,33.79200,2.48667,-5.300701e-002,99.59497,50.00000,,20.00000,0.73324,1
202,374,33.89600,2.49333,-5.194433e-002,99.59493,50.00000,,20.00000,0.73328,1
202,375,34.02300,2.50000,-5.110436e-002,99.59386,50.00000,,20.00000,0.73332,1
202,376,34.15100,2.50667,-5.020869e-002,99.59603,50.00000,,20.00000,0.73337,1
202,377,34.27400,2.51333,-4.925745e-002,99.59714,49.00000,,20.00000,0.73341,1
202,378,34.39900,2.52000,-4.836207e-002,99.59558,51.00000,,20.00000,0.73345,1
202,379,34.53200,2.52667,-4.746661e-002,99.59184,51.00000,,20.00000,0.73350,1
202,380,34.63700,2.53333,-4.657188e-002,99.59015,51.00000,,20.00000,0.73353,1
202,381,34.76900,2.54000,-4.578820e-002,99.59212,51.00000,,20.00000,0.73358,1
202,382,34.90700,2.54667,-4.483719e-002,99.59139,52.00000,,20.00000,0.73363,1
202,383,35.04700,2.55333,-4.360744e-002,99.59076,49.00000,,20.00000,0.73368,1
202,384,35.16400,2.56000,-4.243408e-002,99.58974,49.00000,,20.00000,0.73372,1
202,385,35.29300,2.56667,-4.126061e-002,99.59149,50.00000,,20.00000,0.73376,1
202,386,35.41600,2.57333,-4.025466e-002,99.59486,50.00000,,20.00000,0.73380,1
202,387,35.54700,2.58000,-3.908143e-002,99.59339,50.00000,,20.00000,0.73385,1
202,388,35.68900,2.58667,-3.852137e-002,99.59303,50.00000,,20.00000,0.73390,1
202,389,35.82100,2.59333,-3.812879e-002,99.59274,49.00000,,20.00000,0.73394,1
202,390,35.93900,2.60000,-3.684465e-002,99.59199,50.00000,,20.00000,0.73398,1
202,391,36.08500,2.60667,-3.561593e-002,99.59396,50.00000,,20.00000,0.73403,1
202,392,36.20200,2.61333,-3.461079e-002,99.59751,50.00000,,20.00000,0.73407,1
202,393,36.33700,2.62000,-3.354973e-002,99.59616,50.00000,,20.00000,0.73412,1
202,394,36.48900,2.62667,-3.248856e-002,99.59583,49.00000,,20.00000,0.73417,1
202,395,36.60300,2.63333,-3.126092e-002,99.59549,49.00000,,20.00000,0.73421,1
202,396,36.74900,2.64000,-2.997724e-002,99.59573,51.00000,,20.00000,0.73426,1
202,397,36.89200,2.64667,-2.886093e-002,99.59713,51.00000,,20.00000,0.73431,1
202,398,37.02600,2.65333,-2.780060e-002,99.59806,51.00000,,20.00000,0.73435,1
202,399,37.14900,2.66000,-2.679625e-002,99.59532,52.00000,,20.00000,0.73439,1
202,400,37.29700,2.66667,-2.568029e-002,99.59475,52.00000,,20.00000,0.73444,1
202,401,37.43400,2.67333,-2.456462e-002,99.59680,49.00000,,20.00000,0.73449,1
202,402,37.57000,2.68000,-2.333771e-002,99.59764,49.00000,,20.00000,0.73454,1
202,403,37.70700,2.68667,-2.194385e-002,99.59989,50.00000,,20.00000,0.73458,1
202,404,37.85100,2.69333,-2.071719e-002,99.60090,50.00000,,20.00000,0.73463,1
202,405,38.00200,2.70000,-1.954631e-002,99.59697,50.00000,,20.00000,0.73468,1
202,406,38.14400,2.70667,-1.831998e-002,99.59514,50.00000,,20.00000,0.73473,1
202,407,38.29100,2.71333,-1.703810e-002,99.59443,49.00000,,20.00000,0.73478,1
202,408,38.43500,2.72000,-1.575641e-002,99.59384,50.00000,,20.00000,0.73483,1
202,409,38.59600,2.72667,-1.469747e-002,99.59237,50.00000,,20.00000,0.73488,1
202,410,38.72900,2.73333,-1.341619e-002,99.59112,50.00000,,20.00000,0.73493,1
202,411,38.87400,2.74000,-1.202366e-002,99.59113,50.00000,,20.00000,0.73498,1
202,412,39.02700,2.74667,-1.079827e-002,99.59127,49.00000,,20.00000,0.73503,1
202,413,39.16300,2.75333,-9.628787e-003,99.59252,49.00000,,20.00000,0.73508,1
202,414,39.30100,2.76000,-8.348131e-003,99.59482,49.00000,,20.00000,0.73512,1
202,415,39.45700,2.76667,-6.789328e-003,99.59439,49.00000,,20.00000,0.73518,1
202,416,39.60900,2.77333,-5.675928e-003,99.59120,49.00000,,20.00000,0.73523,1
202,417,39.74800,2.78000,-4.507067e-003,99.58742,50.00000,,20.00000,0.73527,1
202,418,39.89500,2.78667,-2.893231e-003,99.58521,50.00000,,20.00000,0.73532,1
202,419,40.05700,2.79333,-1.502143e-003,99.58514,50.00000,,20.00000,0.73538,1
202,420,40.20700,2.80000,-1.112623e-004,99.58619,50.00000,,20.00000,0.73543,1
202,421,40.34600,2.80667,1.112552e-003,99.58520,49.00000,,20.00000,0.73547,1
202,422,40.52500,2.81333,2.336169e-003,99.58432,49.00000,,20.00000,0.73553,1
202,423,40.64600,2.82000,3.615300e-003,99.58350,50.00000,,20.00000,0.73558,1
202,424,40.81000,2.82667,4.727346e-003,99.58436,50.00000,,20.00000,0.73563,1
202,425,40.95600,2.83333,5.894887e-003,99.58528,52.00000,,20.00000,0.73568,1
202,426,41.12100,2.84000,7.062212e-003,99.58622,52.00000,,20.00000,0.73573,1
202,427,41.26100,2.84667,8.285060e-003,99.58399,49.00000,,20.00000,0.73578,1
202,428,41.42200,2.85333,9.730064e-003,99.58076,49.00000,,20.00000,0.73583,1
202,429,41.57000,2.86000,1.139731e-002,99.57912,50.00000,,20.00000,0.73588,1
202,430,41.71800,2.86667,1.284196e-002,99.57955,50.00000,,20.00000,0.73593,1
202,431,41.88000,2.87333,1.361926e-002,99.58096,50.00000,,20.00000,0.73599,1
202,432,42.03600,2.88000,1.511909e-002,99.58121,50.00000,,20.00000,0.73604,1
202,433,42.19500,2.88667,1.672985e-002,99.58353,50.00000,,20.00000,0.73609,1
202,434,42.35000,2.89333,1.817368e-002,99.58525,49.00000,,20.00000,0.73614,1
202,435,42.50800,2.90000,1.972843e-002,99.58321,51.00000,,20.00000,0.73620,1
202,436,42.68300,2.90667,2.111608e-002,99.57958,51.00000,,20.00000,0.73625,1
202,437,42.83300,2.91333,2.267047e-002,99.57812,52.00000,,20.00000,0.73630,1
202,438,42.99700,2.92000,2.411338e-002,99.57830,52.00000,,20.00000,0.73636,1
202,439,43.15500,2.92667,2.550058e-002,99.57905,49.00000,,20.00000,0.73641,1
202,440,43.32000,2.93333,2.677640e-002,99.57931,49.00000,,20.00000,0.73647,1
202,441,43.49300,2.94000,2.816302e-002,99.58180,49.00000,,20.00000,0.73652,1
202,442,43.64300,2.94667,2.971637e-002,99.58384,49.00000,,20.00000,0.73657,1
202,443,43.81200,2.95333,3.104709e-002,99.58225,50.00000,,20.00000,0.73663,1
202,444,43.97000,2.96000,3.254438e-002,99.58023,50.00000,,20.00000,0.73668,1
202,445,44.14200,2.96667,3.393017e-002,99.57988,50.00000,,20.00000,0.73674,1
202,446,44.29400,2.97333,3.531607e-002,99.58170,50.00000,,20.00000,0.73679,1
202,447,44.45500,2.98000,3.670164e-002,99.58134,50.00000,,20.00000,0.73684,1
202,448,44.62500,2.98667,3.819789e-002,99.58090,49.00000,,20.00000,0.73690,1
202,449,44.78500,2.99333,3.963858e-002,99.58038,49.00000,,20.00000,0.73695,1
202,450,44.95900,3.00000,4.091227e-002,99.57928,50.00000,,20.00000,0.73701,1
202,451,45.12300,3.00667,4.235248e-002,99.57765,50.00000,,20.00000,0.73706,1
202,452,45.29500,3.01333,4.368132e-002,99.57821,49.00000,,20.00000,0.73712,1
202,453,45.46400,3.02000,4.517652e-002,99.58149,49.00000,,20.00000,0.73717,1
202,454,45.63000,3.02667,4.661606e-002,99.58370,49.00000,,20.00000,0.73723,1
202,455,45.79200,3.03333,4.805548e-002,99.58215,49.00000,,20.00000,0.73728,1
202,456,45.97100,3.04000,4.954980e-002,99.57896,51.00000,,20.00000,0.73734,1
202,457,46.14100,3.04667,5.098862e-002,99.57788,51.00000,,20.00000,0.73740,1
202,458,46.31000,3.05333,5.226080e-002,99.57736,51.00000,,20.00000,0.73745,1
202,459,46.49000,3.06000,5.403180e-002,99.57794,49.00000,,20.00000,0.73751,1
202,460,46.65600,3.06667,5.563646e-002,99.57697,49.00000,,20.00000,0.73756,1
202,461,46.83400,3.07333,5.712965e-002,99.58034,51.00000,,20.00000,0.73762,1
202,462,46.99800,3.08000,5.862297e-002,99.58324,51.00000,,20.00000,0.73768,1
202,463,47.18500,3.08667,6.011547e-002,99.58351,51.00000,,20.00000,0.73774,1
202,464,47.34700,3.09333,6.149750e-002,99.58113,52.00000,,20.00000,0.73779,1
202,465,47.53100,3.10000,6.293418e-002,99.57931,52.00000,,20.00000,0.73785,1
202,466,47.69100,3.10667,6.431586e-002,99.57856,49.00000,,20.00000,0.73790,1
202,467,47.86700,3.11333,6.586321e-002,99.58106,49.00000,,20.00000,0.73796,1
202,468,48.06300,3.12000,6.729886e-002,99.58094,50.00000,,20.00000,0.73802,1
202,469,48.22800,3.12667,6.856891e-002,99.58090,50.00000,,20.00000,0.73807,1
202,470,48.39900,3.13333,7.000488e-002,99.58090,50.00000,,20.00000,0.73813,1
202,471,48.57000,3.14000,7.155148e-002,99.58410,50.00000,,20.00000,0.73819,1
202,472,48.74800,3.14667,7.315306e-002,99.58723,49.00000,,20.00000,0.73824,1
202,473,48.92900,3.15333,7.464345e-002,99.58763,49.00000,,20.00000,0.73830,1
202,474,49.11100,3.16000,7.635522e-002,99.58533,51.00000,,20.00000,0.73836,1
202,475,49.29700,3.16667,7.784497e-002,99.58251,51.00000,,20.00000,0.73842,1
202,476,49.46100,3.17333,7.922444e-002,99.58131,51.00000,,20.00000,0.73847,1
202,477,49.64800,3.18000,8.054751e-002,99.58224,50.00000,,20.00000,0.73853,1
202,478,49.82500,3.18667,8.181532e-002,99.58426,49.00000,,20.00000,0.73859,1
202,479,50.01800,3.19333,8.313776e-002,99.58472,49.00000,,20.00000,0.73865,1
202,480,50.19800,3.20000,8.457124e-002,99.58527,49.00000,,20.00000,0.73871,1
202,481,50.37700,3.20667,8.600452e-002,99.58591,49.00000,,20.00000,0.73877,1
202,482,50.55500,3.21333,8.754839e-002,99.58875,50.00000,,20.00000,0.73883,1
202,483,50.73000,3.22000,8.903675e-002,99.59109,50.00000,,20.00000,0.73888,1
202,484,50.92400,3.22667,9.035807e-002,99.59075,50.00000,,20.00000,0.73894,1
202,485,51.10200,3.23333,9.179052e-002,99.58826,50.00000,,20.00000,0.73900,1
202,486,51.28700,3.24000,9.327782e-002,99.58788,50.00000,,20.00000,0.73906,1
202,487,51.45900,3.24667,9.459938e-002,99.58906,50.00000,,20.00000,0.73911,1
202,488,51.65200,3.25333,9.597522e-002,99.59073,50.00000,,20.00000,0.73918,1
202,489,51.84100,3.26000,9.735100e-002,99.59131,50.00000,,20.00000,0.73924,1
202,490,52.02700,3.26667,9.872669e-002,99.59192,49.00000,,20.00000,0.73930,1
202,491,52.21800,3.27333,0.10010,99.59153,49.00000,,20.00000,0.73936,1
202,492,52.39900,3.28000,0.10153,99.59390,49.00000,,20.00000,0.73941,1
202,493,52.58900,3.28667,0.10307,99.59579,50.00000,,20.00000,0.73947,1
202,494,52.77100,3.29333,0.10439,99.59717,50.00000,,20.00000,0.73953,1
202,495,52.95500,3.30000,0.10560,99.59532,50.00000,,20.00000,0.73959,1
202,496,53.14800,3.30667,0.10692,99.59455,49.00000,,20.00000,0.73965,1
202,497,53.34100,3.31333,0.10813,99.59486,49.00000,,20.00000,0.73971,1
202,498,53.52100,3.32000,0.10950,99.59736,49.00000,,20.00000,0.73977,1
202,499,53.71300,3.32667,0.11088,99.59830,49.00000,,20.00000,0.73983,1
202,500,53.90600,3.33333,0.11242,99.59715,49.00000,,20.00000,0.73989,1
202,501,54.09200,3.34000,0.11401,99.59709,50.00000,,20.00000,0.73995,1
202,502,54.28000,3.34667,0.11439,99.59809,50.00000,,20.00000,0.74001,1
202,503,54.46200,3.35333,0.11560,99.59848,49.00000,,20.00000,0.74007,1
202,504,54.65700,3.36000,0.11741,99.59879,49.00000,,20.00000,0.74013,1
202,505,54.85600,3.36667,0.11895,99.60120,49.00000,,20.00000,0.74019,1
202,506,55.05100,3.37333,0.12037,99.60306,50.00000,,20.00000,0.74025,1
202,507,55.24500,3.38000,0.12169,99.60439,50.00000,,20.00000,0.74031,1
202,508,55.43300,3.38667,0.12284,99.60253,50.00000,,20.00000,0.74037,1
202,509,55.62900,3.39333,0.12410,99.60017,49.00000,,20.00000,0.74043,1
202,510,55.83400,3.40000,0.12542,99.59895,49.00000,,20.00000,0.74050,1
202,511,56.02800,3.40667,0.12657,99.59943,50.00000,,20.00000,0.74056,1
202,512,56.21100,3.41333,0.12750,99.60271,50.00000,,20.00000,0.74062,1
202,513,56.42000,3.42000,0.12876,99.60392,49.00000,,20.00000,0.74068,1
202,514,56.60700,3.42667,0.13007,99.60462,50.00000,,20.00000,0.74074,1
202,515,56.78400,3.43333,0.13128,99.60530,49.00000,,20.00000,0.74079,1
202,516,56.99200,3.44000,0.13254,99.60436,49.00000,,20.00000,0.74086,1
202,517,57.19700,3.44667,0.13368,99.60449,49.00000,,20.00000,0.74092,1
202,518,57.38000,3.45333,0.13478,99.60465,49.00000,,20.00000,0.74098,1
202,519,57.59000,3.46000,0.13620,99.60486,50.00000,,20.00000,0.74105,1
202,520,57.77400,3.46667,0.13752,99.60563,50.00000,,20.00000,0.74110,1
202,521,57.96100,3.47333,0.13866,99.61070,50.00000,,20.00000,0.74116,1
202,522,58.18000,3.48000,0.13976,99.61417,50.00000,,20.00000,0.74123,1
202,523,58.37000,3.48667,0.14079,99.61494,50.00000,,20.00000,0.74129,1
202,524,58.55500,3.49333,0.14183,99.61301,50.00000,,20.00000,0.74134,1
202,525,58.76600,3.50000,0.14298,99.61106,50.00000,,20.00000,0.74141,1
202,526,58.95900,3.50667,0.14407,99.61017,50.00000,,20.00000,0.74147,1
202,527,59.16900,3.51333,0.14494,99.61035,49.00000,,20.00000,0.74153,1
202,528,59.35800,3.52000,0.14592,99.61271,49.00000,,20.00000,0.74159,1
202,529,59.56900,3.52667,0.14696,99.61350,49.00000,,20.00000,0.74166,1
202,530,59.76200,3.53333,0.14799,99.61488,49.00000,,20.00000,0.74172,1
202,531,59.97000,3.54000,0.14914,99.61575,50.00000,,20.00000,0.74178,1
202,532,60.16300,3.54667,0.15028,99.61610,50.00000,,20.00000,0.74184,1
202,533,60.35800,3.55333,0.15132,99.61591,49.00000,,20.00000,0.74190,1
202,534,60.57400,3.56000,0.15191,99.61625,49.00000,,20.00000,0.74196,1
202,535,60.76800,3.56667,0.15273,99.61658,49.00000,,20.00000,0.74202,1
202,536,60.97300,3.57333,0.15376,99.61692,49.00000,,20.00000,0.74209,1
202,537,61.17000,3.58000,0.15507,99.61729,50.00000,,20.00000,0.74215,1
202,538,61.38600,3.58667,0.15616,99.61877,50.00000,,20.00000,0.74221,1
202,539,61.58200,3.59333,0.15720,99.62136,50.00000,,20.00000,0.74227,1
202,540,61.78200,3.60000,0.15818,99.62292,50.00000,,20.00000,0.74233,1
202,541,61.99300,3.60667,0.15910,99.62448,49.00000,,20.00000,0.74240,1
202,542,62.18300,3.61333,0.16002,99.62337,50.00000,,20.00000,0.74245,1
202,543,62.39500,3.62000,0.16100,99.62229,50.00000,,20.00000,0.74252,1
202,544,62.60200,3.62667,0.16203,99.62233,50.00000,,20.00000,0.74258,1
202,545,62.81100,3.63333,0.16296,99.62298,50.00000,,20.00000,0.74265,1
202,546,63.00900,3.64000,0.16388,99.62473,49.00000,,20.00000,0.74271,1
202,547,63.20100,3.64667,0.16486,99.62542,49.00000,,20.00000,0.74276,1
202,548,63.40900,3.65333,0.16578,99.62612,49.00000,,20.00000,0.74283,1
202,549,63.61300,3.66000,0.16599,99.62625,50.00000,,20.00000,0.74289,1
202,550,63.83800,3.66667,0.16663,99.62637,50.00000,,20.00000,0.74296,1
202,551,64.02100,3.67333,0.16827,99.62704,49.00000,,20.00000,0.74301,1
202,552,64.23500,3.68000,0.16914,99.63200,49.00000,,20.00000,0.74307,1
202,553,64.44200,3.68667,0.16979,99.63483,49.00000,,20.00000,0.74314,1
202,554,64.63800,3.69333,0.17071,99.63716,49.00000,,20.00000,0.74320,1
202,555,64.86300,3.70000,0.17174,99.63627,50.00000,,20.00000,0.74326,1
202,556,65.05500,3.70667,0.17277,99.63480,50.00000,,20.00000,0.74332,1
202,557,65.26700,3.71333,0.17358,99.63334,50.00000,,20.00000,0.74338,1
202,558,65.47600,3.72000,0.17401,99.63402,49.00000,,20.00000,0.74345,1
202,559,65.68900,3.72667,0.17476,99.63418,49.00000,,20.00000,0.74351,1
202,560,65.88900,3.73333,0.17558,99.63491,50.00000,,20.00000,0.74357,1
202,561,66.10500,3.74000,0.17672,99.63570,50.00000,,20.00000,0.74363,1
202,562,66.31600,3.74667,0.17758,99.63601,50.00000,,20.00000,0.74370,1
202,563,66.52200,3.75333,0.17856,99.63580,50.00000,,20.00000,0.74376,1
202,564,66.71900,3.76000,0.17876,99.63614,50.00000,,20.00000,0.74382,1
202,565,66.92700,3.76667,0.17930,99.63700,50.00000,,20.00000,0.74388,1
202,566,67.15200,3.77333,0.18033,99.64002,50.00000,,20.00000,0.74394,1
202,567,67.35700,3.78000,0.18108,99.64147,50.00000,,20.00000,0.74401,1
202,568,67.56200,3.78667,0.18178,99.64190,50.00000,,20.00000,0.74407,1
202,569,67.77000,3.79333,0.18248,99.64188,50.00000,,20.00000,0.74413,1
202,570,67.98200,3.80000,0.18307,99.64191,49.00000,,20.00000,0.74419,1
202,571,68.19100,3.80667,0.18372,99.64250,49.00000,,20.00000,0.74425,1
202,572,68.38900,3.81333,0.18431,99.64310,49.00000,,20.00000,0.74431,1
202,573,68.59400,3.82000,0.18506,99.64314,49.00000,,20.00000,0.74437,1
202,574,68.81200,3.82667,0.18581,99.64369,50.00000,,20.00000,0.74443,1
202,575,69.02800,3.83333,0.18624,99.64473,50.00000,,20.00000,0.74450,1
202,576,69.21900,3.84000,0.18633,99.64629,49.00000,,20.00000,0.74455,1
202,577,69.44000,3.84667,0.18709,99.64730,49.00000,,20.00000,0.74462,1
202,578,69.65400,3.85333,0.18767,99.64882,50.00000,,20.00000,0.74468,1
202,579,69.86700,3.86000,0.18837,99.65194,50.00000,,20.00000,0.74474,1
202,580,70.07700,3.86667,0.18896,99.65405,50.00000,,20.00000,0.74480,1
202,581,70.30000,3.87333,0.18955,99.65674,50.00000,,20.00000,0.74487,1
202,582,70.50600,3.88000,0.19019,99.65679,51.00000,,20.00000,0.74493,1
202,583,70.70000,3.88667,0.19067,99.65585,51.00000,,20.00000,0.74499,1
202,584,70.92300,3.89333,0.19088,99.65491,49.00000,,20.00000,0.74505,1
202,585,71.13300,3.90000,0.19146,99.65396,49.00000,,20.00000,0.74511,1
202,586,71.34500,3.90667,0.19211,99.65301,50.00000,,20.00000,0.74517,1
202,587,71.56600,3.91333,0.19231,99.65316,50.00000,,20.00000,0.74524,1
202,588,71.76200,3.92000,0.19295,99.65387,49.00000,,20.00000,0.74529,1
202,589,71.98300,3.92667,0.19343,99.65404,49.00000,,20.00000,0.74536,1
202,590,72.18500,3.93333,0.19391,99.65687,49.00000,,20.00000,0.74542,1
202,591,72.41000,3.94000,0.19422,99.65754,49.00000,,20.00000,0.74548,1
202,592,72.61500,3.94667,0.19465,99.65822,49.00000,,20.00000,0.74554,1
202,593,72.83100,3.95333,0.19512,99.65893,50.00000,,20.00000,0.74560,1
202,594,73.05400,3.96000,0.19560,99.65864,51.00000,,20.00000,0.74567,1
202,595,73.25700,3.96667,0.19614,99.65841,51.00000,,20.00000,0.74572,1
202,596,73.47300,3.97333,0.19645,99.65875,49.00000,,20.00000,0.74579,1
202,597,73.67600,3.98000,0.19687,99.65908,49.00000,,20.00000,0.74584,1
202,598,73.88600,3.98667,0.19702,99.65937,51.00000,,20.00000,0.74590,1
202,599,74.10100,3.99333,0.19717,99.65963,51.00000,,20.00000,0.74597,1
202,600,74.32500,4.00000,0.19743,99.65990,52.00000,,20.00000,0.74603,1
202,601,74.53300,4.00667,0.19856,99.66071,52.00000,,20.00000,0.74609,1
202,602,74.75000,4.01333,0.19904,99.66101,49.00000,,20.00000,0.74615,1
202,603,74.97200,4.02000,0.19935,99.66136,49.00000,,20.00000,0.74621,1
202,604,75.16600,4.02667,0.19934,99.66173,50.00000,,20.00000,0.74627,1
202,605,75.39300,4.03333,0.19948,99.66213,50.00000,,20.00000,0.74633,1
202,606,75.60400,4.04000,0.20024,99.66260,50.00000,,20.00000,0.74639,1
202,607,75.80800,4.04667,0.20071,99.66362,50.00000,,20.00000,0.74645,1
202,608,76.02400,4.05333,0.20103,99.66623,50.00000,,20.00000,0.74651,1
202,609,76.23900,4.06000,0.20150,99.66831,49.00000,,20.00000,0.74657,1
202,610,76.45700,4.06667,0.20209,99.67041,49.00000,,20.00000,0.74663,1
202,611,76.66400,4.07333,0.20240,99.67254,51.00000,,20.00000,0.74669,1
202,612,76.88000,4.08000,0.20271,99.67415,51.00000,,20.00000,0.74675,1
202,613,77.09000,4.08667,0.20259,99.67415,51.00000,,20.00000,0.74681,1
202,614,77.29600,4.09333,0.20285,99.67412,51.00000,,20.00000,0.74687,1
202,615,77.51700,4.10000,0.20327,99.67351,49.00000,,20.00000,0.74693,1
202,616,77.73600,4.10667,0.20380,99.67342,50.00000,,20.00000,0.74699,1
202,617,77.94200,4.11333,0.20417,99.67331,50.00000,,20.00000,0.74705,1
202,618,78.16300,4.12000,0.20437,99.67269,51.00000,,20.00000,0.74711,1
202,619,78.38600,4.12667,0.20441,99.67319,51.00000,,20.00000,0.74718,1
202,620,78.59700,4.13333,0.20450,99.67372,49.00000,,20.00000,0.74723,1
202,621,78.80400,4.14000,0.20470,99.67374,49.00000,,20.00000,0.74729,1
202,622,79.02600,4.14667,0.20518,99.67431,49.00000,,20.00000,0.74735,1
202,623,79.22900,4.15333,0.20566,99.67488,50.00000,,20.00000,0.74741,1
202,624,79.45100,4.16000,0.20591,99.67549,50.00000,,20.00000,0.74747,1
202,625,79.67800,4.16667,0.20633,99.67615,50.00000,,20.00000,0.74753,1
202,626,79.88800,4.17333,0.20665,99.67686,50.00000,,20.00000,0.74759,1
202,627,80.08200,4.18000,0.20652,99.67755,49.00000,,20.00000,0.74765,1
202,628,80.29400,4.18667,0.20656,99.67770,49.00000,,20.00000,0.74770,1
202,629,80.52500,4.19333,0.20671,99.67787,51.00000,,20.00000,0.74777,1
202,630,80.73700,4.20000,0.20685,99.67855,51.00000,,20.00000,0.74783,1
202,631,80.95600,4.20667,0.20700,99.67864,52.00000,,20.00000,0.74789,1
202,632,81.14400,4.21333,0.20737,99.67923,52.00000,,20.00000,0.74794,1
202,633,81.38700,4.22000,0.20746,99.67979,49.00000,,20.00000,0.74801,1
202,634,81.59600,4.22667,0.20750,99.68034,49.00000,,20.00000,0.74806,1
202,635,81.81800,4.23333,0.20759,99.68040,49.00000,,20.00000,0.74812,1
202,636,82.03400,4.24000,0.20785,99.68156,49.00000,,20.00000,0.74818,1
202,637,82.25000,4.24667,0.20816,99.68218,50.00000,,20.00000,0.74824,1
202,638,82.46400,4.25333,0.20842,99.68227,50.00000,,20.00000,0.74830,1
202,639,82.68100,4.26000,0.20867,99.68290,51.00000,,20.00000,0.74836,1
202,640,82.89500,4.26667,0.20888,99.68353,51.00000,,20.00000,0.74842,1
202,641,83.12100,4.27333,0.20908,99.68362,49.00000,,20.00000,0.74848,1
202,642,83.33700,4.28000,0.20912,99.68426,49.00000,,20.00000,0.74854,1
202,643,83.55000,4.28667,0.20894,99.68436,50.00000,,20.00000,0.74860,1
202,644,83.76500,4.29333,0.20881,99.68446,50.00000,,20.00000,0.74865,1
202,645,83.98300,4.30000,0.20907,99.68404,49.00000,,20.00000,0.74871,1
202,646,84.21200,4.30667,0.20916,99.68419,49.00000,,20.00000,0.74878,1
202,647,84.43100,4.31333,0.20931,99.68441,49.00000,,20.00000,0.74883,1
202,648,84.63900,4.32000,0.20929,99.68466,49.00000,,20.00000,0.74889,1
202,649,84.84400,4.32667,0.20928,99.68546,50.00000,,20.00000,0.74895,1
202,650,85.07300,4.33333,0.20937,99.68571,50.00000,,20.00000,0.74901,1
202,651,85.28200,4.34000,0.20946,99.68593,50.00000,,20.00000,0.74906,1
202,652,85.49900,4.34667,0.20955,99.68611,50.00000,,20.00000,0.74912,1
202,653,85.72600,4.35333,0.20954,99.68628,49.00000,,20.00000,0.74918,1
202,654,85.94100,4.36000,0.20941,99.68645,49.00000,,20.00000,0.74924,1
202,655,86.15400,4.36667,0.20940,99.68610,51.00000,,20.00000,0.74930,1
202,656,86.37600,4.37333,0.20933,99.68627,51.00000,,20.00000,0.74936,1
202,657,86.60500,4.38000,0.20936,99.68645,52.00000,,20.00000,0.74942,1
202,658,86.80900,4.38667,0.20929,99.68672,52.00000,,20.00000,0.74947,1
202,659,87.02400,4.39333,0.20906,99.68702,52.00000,,20.00000,0.74953,1
202,660,87.25600,4.40000,0.20910,99.68731,49.00000,,20.00000,0.74959,1
202,661,87.46700,4.40667,0.20908,99.68760,49.00000,,20.00000,0.74965,1
202,662,87.67800,4.41333,0.20890,99.68785,50.00000,,20.00000,0.74970,1
202,663,87.89300,4.42000,0.20867,99.68809,50.00000,,20.00000,0.74976,1
202,664,88.12000,4.42667,0.20865,99.68781,50.00000,,20.00000,0.74982,1
202,665,88.34000,4.43333,0.20858,99.68806,50.00000,,20.00000,0.74988,1
202,666,88.56300,4.44000,0.20851,99.68831,49.00000,,20.00000,0.74994,1
202,667,88.77900,4.44667,0.20838,99.68806,50.00000,,20.00000,0.74999,1
202,668,88.99700,4.45333,0.20831,99.68838,50.00000,,20.00000,0.75005,1
202,669,89.20900,4.46000,0.20835,99.68815,50.00000,,20.00000,0.75011,1
202,670,89.42500,4.46667,0.20828,99.68793,50.00000,,20.00000,0.75016,1
202,671,89.65000,4.47333,0.20827,99.68824,49.00000,,20.00000,0.75022,1
202,672,89.88000,4.48000,0.20814,99.68804,49.00000,,20.00000,0.75028,1
202,673,90.08000,4.48667,0.20807,99.68787,51.00000,,20.00000,0.75033,1
202,674,90.30700,4.49333,0.20789,99.68773,51.00000,,20.00000,0.75039,1
202,675,90.52200,4.50000,0.20777,99.68761,51.00000,,20.00000,0.75045,1
202,676,90.73600,4.50667,0.20753,99.68746,52.00000,,20.00000,0.75050,1
202,677,90.95100,4.51333,0.20697,99.68729,52.00000,,20.00000,0.75056,1
202,678,91.17500,4.52000,0.20679,99.68707,49.00000,,20.00000,0.75062,1
202,679,91.38400,4.52667,0.20667,99.68680,49.00000,,20.00000,0.75067,1
202,680,91.62200,4.53333,0.20627,99.68654,50.00000,,20.00000,0.75073,1
202,681,91.84000,4.54000,0.20598,99.68637,50.00000,,20.00000,0.75079,1
202,682,92.05600,4.54667,0.20564,99.68625,50.00000,,20.00000,0.75085,1
202,683,92.27100,4.55333,0.20503,99.68613,50.00000,,20.00000,0.75090,1
202,684,92.48300,4.56000,0.20463,99.68602,49.00000,,20.00000,0.75096,1
202,685,92.71500,4.56667,0.20418,99.68589,49.00000,,20.00000,0.75102,1
202,686,92.92000,4.57333,0.20378,99.68575,49.00000,,20.00000,0.75107,1
202,687,93.13800,4.58000,0.20328,99.68564,50.00000,,20.00000,0.75113,1
202,688,93.36700,4.58667,0.20282,99.68552,50.00000,,20.00000,0.75118,1
202,689,93.59100,4.59333,0.20237,99.68540,49.00000,,20.00000,0.75124,1
202,690,93.79700,4.60000,0.20160,99.68528,49.00000,,20.00000,0.75129,1
202,691,94.01900,4.60667,0.20087,99.68517,49.00000,,20.00000,0.75135,1
202,692,94.23800,4.61333,0.20037,99.68507,49.00000,,20.00000,0.75141,1
202,693,94.45900,4.62000,0.19965,99.68495,49.00000,,20.00000,0.75146,1
202,694,94.67600,4.62667,0.19871,99.68483,50.00000,,20.00000,0.75152,1
202,695,94.89600,4.63333,0.19777,99.68471,50.00000,,20.00000,0.75157,1
202,696,95.11600,4.64000,0.19693,99.68459,50.00000,,20.00000,0.75163,1
202,697,95.33900,4.64667,0.19665,99.68449,50.00000,,20.00000,0.75169,1
202,698,95.55000,4.65333,0.19576,99.68442,50.00000,,20.00000,0.75174,1
202,699,95.78400,4.66000,0.19482,99.68439,50.00000,,20.00000,0.75180,1
202,700,95.99200,4.66667,0.19416,99.68438,50.00000,,20.00000,0.75185,1
202,701,96.20100,4.67333,0.19327,99.68440,50.00000,,20.00000,0.75190,1
202,702,96.42900,4.68000,0.19222,99.68443,51.00000,,20.00000,0.75196,1
202,703,96.64300,4.68667,0.19118,99.68446,51.00000,,20.00000,0.75201,1
202,704,96.86700,4.69333,0.19013,99.68449,49.00000,,20.00000,0.75207,1
202,705,97.06300,4.70000,0.18919,99.68449,49.00000,,20.00000,0.75212,1
202,706,97.29400,4.70667,0.18809,99.68448,50.00000,,20.00000,0.75218,1
202,707,97.51800,4.71333,0.18650,99.68445,50.00000,,20.00000,0.75223,1
202,708,97.72700,4.72000,0.18523,99.68440,50.00000,,20.00000,0.75229,1
202,709,97.95900,4.72667,0.18413,99.68436,50.00000,,20.00000,0.75234,1
202,710,98.16700,4.73333,0.18287,99.68439,49.00000,,20.00000,0.75239,1
202,711,98.38800,4.74000,0.18171,99.68444,49.00000,,20.00000,0.75245,1
202,712,98.59700,4.74667,0.18067,99.68446,51.00000,,20.00000,0.75250,1
202,713,98.82500,4.75333,0.17935,99.68448,51.00000,,20.00000,0.75256,1
202,714,99.04100,4.76000,0.17809,99.68448,52.00000,,20.00000,0.75261,1
202,715,99.26400,4.76667,0.17661,99.68448,52.00000,,20.00000,0.75267,1
202,716,99.47000,4.77333,0.17513,99.68452,49.00000,,20.00000,0.75272,1
202,717,99.69300,4.78000,0.17375,99.68455,49.00000,,20.00000,0.75277,1
202,718,99.91000,4.78667,0.17195,99.68455,49.00000,,20.00000,0.75283,1
202,719,100.14200,4.79333,0.17047,99.68457,50.00000,,20.00000,0.75288,1
202,720,100.34800,4.80000,0.16894,99.68462,52.00000,,20.00000,0.75293,1
202,721,100.57400,4.80667,0.16746,99.68469,52.00000,,20.00000,0.75299,1
202,722,100.78900,4.81333,0.16609,99.68263,49.00000,,20.00000,0.75304,1
202,723,100.99500,4.82000,0.16412,99.68218,49.00000,,20.00000,0.75309,1
202,724,101.21800,4.82667,0.16237,99.68120,49.00000,,20.00000,0.75315,1
202,725,101.44300,4.83333,0.16067,99.68022,50.00000,,20.00000,0.75320,1
202,726,101.65400,4.84000,0.15871,99.67926,50.00000,,20.00000,0.75325,1
202,727,101.87900,4.84667,0.15674,99.67886,50.00000,,20.00000,0.75331,1
202,728,102.08300,4.85333,0.15488,99.67740,50.00000,,20.00000,0.75336,1
202,729,102.29800,4.86000,0.15265,99.67593,49.00000,,20.00000,0.75341,1
202,730,102.52500,4.86667,0.15046,99.67446,49.00000,,20.00000,0.75346,1
202,731,102.73300,4.87333,0.14828,99.67297,50.00000,,20.00000,0.75351,1
202,732,102.94700,4.88000,0.14594,99.67147,50.00000,,20.00000,0.75357,1
202,733,103.18100,4.88667,0.14343,99.67050,51.00000,,20.00000,0.75362,1
202,734,103.38000,4.89333,0.14098,99.66897,51.00000,,20.00000,0.75367,1
202,735,103.60000,4.90000,0.13831,99.66798,49.00000,,20.00000,0.75372,1
202,736,103.82800,4.90667,0.13520,99.66699,49.00000,,20.00000,0.75378,1
202,737,104.04800,4.91333,0.13221,99.66597,49.00000,,20.00000,0.75383,1
202,738,104.25900,4.92000,0.12938,99.66443,50.00000,,20.00000,0.75388,1
202,739,104.47200,4.92667,0.12622,99.66348,50.00000,,20.00000,0.75393,1
202,740,104.69400,4.93333,0.12225,99.66200,50.00000,,20.00000,0.75398,1
202,741,104.91500,4.94000,0.11801,99.66048,50.00000,,20.00000,0.75404,1
202,742,105.13000,4.94667,0.11312,99.65897,50.00000,,20.00000,0.75409,1
202,743,105.34500,4.95333,0.10720,99.65797,49.00000,,20.00000,0.75414,1
202,744,105.57200,4.96000,0.10036,99.65645,49.00000,,20.00000,0.75419,1
202,745,105.78700,4.96667,9.161695e-002,99.65502,50.00000,,20.00000,0.75424,1
202,746,105.99300,4.97333,8.125124e-002,99.65362,50.00000,,20.00000,0.75429,1
202,747,106.21700,4.98000,6.855431e-002,99.65170,49.00000,,20.00000,0.75435,1
202,748,106.43900,4.98667,5.293067e-002,99.64981,49.00000,,20.00000,0.75440,1
202,749,106.64000,4.99333,3.405571e-002,99.64686,49.00000,,20.00000,0.75445,1
202,750,106.86000,5.00000,1.306825e-002,99.64443,49.00000,,20.00000,0.75450,1
202,751,107.05500,5.00667,-1.116970e-002,99.64037,50.00000,,20.00000,0.75454,1
202,752,107.28700,5.01333,-3.789833e-002,99.62823,51.00000,,20.00000,0.75460,1
202,753,107.50900,5.02000,-6.662924e-002,99.62520,51.00000,,20.00000,0.75465,1
202,754,107.71300,5.02667,-9.763359e-002,99.61522,49.00000,,20.00000,0.75470,1
202,755,107.94400,5.03333,-0.13037,99.60794,49.00000,,20.00000,0.75475,1
202,756,108.14700,5.04000,-0.16516,99.59853,49.00000,,20.00000,0.75480,1
202,757,108.35700,5.04667,-0.20271,99.58806,51.00000,,20.00000,0.75485,1
202,758,108.57500,5.05333,-0.24291,99.57867,51.00000,,20.00000,0.75490,1
202,759,108.79100,5.06000,-0.28603,99.56445,52.00000,,20.00000,0.75495,1
202,760,109.00900,5.06667,-0.33278,99.54966,52.00000,,20.00000,0.75500,1
202,761,109.21400,5.07333,-0.38326,99.53219,49.00000,,20.00000,0.75505,1
202,762,109.43100,5.08000,-0.43801,99.50995,49.00000,,20.00000,0.75510,1
202,763,109.64800,5.08667,-0.49606,99.48394,50.00000,,20.00000,0.75515,1
202,764,109.86200,5.09333,-0.55789,99.45577,50.00000,,20.00000,0.75520,1
202,765,110.07500,5.10000,-0.62308,99.42115,50.00000,,20.00000,0.75524,1
202,766,110.28600,5.10667,-0.69118,99.38329,50.00000,,20.00000,0.75529,1
202,767,110.50200,5.11333,-0.76231,99.33955,50.00000,,20.00000,0.75534,1
202,768,110.72900,5.12000,-0.83619,99.29161,49.00000,,20.00000,0.75539,1
202,769,110.93400,5.12667,-0.91250,99.23567,49.00000,,20.00000,0.75544,1
202,770,111.13800,5.13333,-0.99080,99.17811,51.00000,,20.00000,0.75549,1
202,771,111.34500,5.14000,-1.07077,99.11201,51.00000,,20.00000,0.75553,1
202,772,111.57400,5.14667,-1.15176,99.04487,50.00000,,20.00000,0.75559,1
202,773,111.77300,5.15333,-1.23366,98.96810,49.00000,,20.00000,0.75563,1
202,774,111.98000,5.16000,-1.31572,98.67523,50.00000,,20.00000,0.75568,1
202,775,112.18500,5.16667,-1.39798,98.00323,49.00000,,20.00000,0.75573,1
202,776,112.39300,5.17333,-1.48007,97.88731,49.00000,,20.00000,0.75577,1
202,777,112.60300,5.18000,-1.56138,97.80033,51.00000,,20.00000,0.75582,1
202,778,112.81800,5.18667,-1.64318,97.71601,51.00000,,20.00000,0.75587,1
202,779,113.01800,5.19333,-1.72389,97.61827,51.00000,,20.00000,0.75591,1
202,780,113.23700,5.20000,-1.80430,97.52750,52.00000,,20.00000,0.75596,1
202,781,113.44700,5.20667,-1.88445,97.43138,49.00000,,20.00000,0.75601,1
202,782,113.64800,5.21333,-1.96383,97.34921,49.00000,,20.00000,0.75606,1
202,783,113.86500,5.22000,-2.04221,97.25043,49.00000,,20.00000,0.75610,1
202,784,114.07200,5.22667,-2.12016,97.13773,50.00000,,20.00000,0.75615,1
202,785,114.27800,5.23333,-2.19757,97.06473,50.00000,,20.00000,0.75620,1
202,786,114.49200,5.24000,-2.27457,96.96333,50.00000,,20.00000,0.75624,1
202,787,114.68700,5.24667,-2.35088,96.86784,50.00000,,20.00000,0.75629,1
202,788,114.89400,5.25333,-2.42620,96.78576,49.00000,,20.00000,0.75633,1
202,789,115.10800,5.26000,-2.50053,96.69079,50.00000,,20.00000,0.75638,1
202,790,115.31000,5.26667,-2.57475,96.58511,50.00000,,20.00000,0.75643,1
202,791,115.52000,5.27333,-2.64852,96.48484,50.00000,,20.00000,0.75647,1
202,792,115.71600,5.28000,-2.72111,96.38297,50.00000,,20.00000,0.75652,1
202,793,115.91700,5.28667,-2.79341,96.29499,50.00000,,20.00000,0.75656,1
202,794,116.13400,5.29333,-2.86505,96.20914,49.00000,,20.00000,0.75661,1
202,795,116.33600,5.30000,-2.93598,96.09696,49.00000,,20.00000,0.75665,1
202,796,116.54200,5.30667,-3.00658,95.99497,49.00000,,20.00000,0.75670,1
202,797,116.75100,5.31333,-3.07630,95.89466,49.00000,,20.00000,0.75674,1
202,798,116.96100,5.32000,-3.14526,95.79598,50.00000,,20.00000,0.75679,1
202,799,117.16700,5.32667,-3.21432,95.70589,50.00000,,20.00000,0.75684,1
202,800,117.36300,5.33333,-3.28197,95.61368,50.00000,,20.00000,0.75688,1
202,801,117.56700,5.34000,-3.34978,95.50592,50.00000,,20.00000,0.75692,1
202,802,117.76900,5.34667,-3.41612,95.41209,50.00000,,20.00000,0.75697,1
202,803,117.97200,5.35333,-3.48239,95.31021,49.00000,,20.00000,0.75701,1
202,804,118.18000,5.36000,-3.54822,95.20133,50.00000,,20.00000,0.75706,1
202,805,118.37900,5.36667,-3.61352,95.10101,50.00000,,20.00000,0.75710,1
202,806,118.58600,5.37333,-3.67782,94.99319,52.00000,,20.00000,0.75714,1
202,807,118.79600,5.38000,-3.74103,94.90308,52.00000,,20.00000,0.75719,1
202,808,118.99800,5.38667,-3.80419,94.79421,49.00000,,20.00000,0.75723,1
202,809,119.20000,5.39333,-3.86632,94.68751,49.00000,,20.00000,0.75728,1
202,810,119.39700,5.40000,-3.92780,94.59906,50.00000,,20.00000,0.75732,1
202,811,119.60600,5.40667,-3.98866,94.48542,50.00000,,20.00000,0.75736,1
202,812,119.81200,5.41333,-4.04866,94.37393,50.00000,,20.00000,0.75741,1
202,813,119.99400,5.42000,-4.10792,94.24687,50.00000,,20.00000,0.75745,1
202,814,120.20300,5.42667,-4.16639,94.16323,49.00000,,20.00000,0.75749,1
202,815,120.41100,5.43333,-4.22447,94.04795,49.00000,,20.00000,0.75754,1
202,816,120.61200,5.44000,-4.28137,93.93855,51.00000,,20.00000,0.75758,1
202,817,120.81800,5.44667,-4.33788,93.83236,51.00000,,20.00000,0.75762,1
202,818,121.01300,5.45333,-4.39374,93.72561,51.00000,,20.00000,0.75766,1
202,819,121.21400,5.46000,-4.44922,93.62528,52.00000,,20.00000,0.75771,1
202,820,121.41700,5.46667,-4.50452,93.54056,49.00000,,20.00000,0.75775,1
202,821,121.63100,5.47333,-4.55878,93.41615,49.00000,,20.00000,0.75780,1
202,822,121.82900,5.48000,-4.61203,93.29979,50.00000,,20.00000,0.75784,1
202,823,122.02500,5.48667,-4.66506,93.19472,50.00000,,20.00000,0.75788,1
202,824,122.23100,5.49333,-4.71732,93.08910,50.00000,,20.00000,0.75792,1
202,825,122.42400,5.50000,-4.76915,93.00171,51.00000,,20.00000,0.75796,1
202,826,122.62200,5.50667,-4.82065,92.88594,51.00000,,20.00000,0.75800,1
202,827,122.82000,5.51333,-4.87166,92.77551,51.00000,,20.00000,0.75805,1
202,828,123.03100,5.52000,-4.92157,92.68543,49.00000,,20.00000,0.75809,1
202,829,123.22700,5.52667,-4.97111,92.57657,49.00000,,20.00000,0.75813,1
202,830,123.43200,5.53333,-5.02015,92.45914,50.00000,,20.00000,0.75817,1
202,831,123.61900,5.54000,-5.06813,92.36155,50.00000,,20.00000,0.75821,1
202,832,123.83400,5.54667,-5.11569,92.25538,50.00000,,20.00000,0.75826,1
202,833,124.02700,5.55333,-5.16311,92.13527,50.00000,,20.00000,0.75830,1
202,834,124.22700,5.56000,-5.20944,92.02373,50.00000,,20.00000,0.75834,1
202,835,124.42200,5.56667,-5.25497,91.93417,49.00000,,20.00000,0.75838,1
202,836,124.63000,5.57333,-5.30047,91.80975,49.00000,,20.00000,0.75842,1
202,837,124.83100,5.58000,-5.34425,91.70571,51.00000,,20.00000,0.75846,1
202,838,125.02500,5.58667,-5.38793,91.60597,51.00000,,20.00000,0.75850,1
202,839,125.22600,5.59333,-5.43127,91.49230,51.00000,,20.00000,0.75855,1
202,840,125.42600,5.60000,-5.47363,91.39257,52.00000,,20.00000,0.75859,1
202,841,125.62900,5.60667,-5.51588,91.29013,49.00000,,20.00000,0.75863,1
202,842,125.81500,5.61333,-5.55691,91.17482,49.00000,,20.00000,0.75867,1
202,843,126.01900,5.62000,-5.59732,91.07508,51.00000,,20.00000,0.75871,1
202,844,126.22400,5.62667,-5.63718,90.97050,50.00000,,20.00000,0.75875,1
202,845,126.42100,5.63333,-5.67603,90.85729,50.00000,,20.00000,0.75879,1
202,846,126.61700,5.64000,-5.71428,90.75426,50.00000,,20.00000,0.75883,1
202,847,126.82400,5.64667,-5.75202,90.64370,50.00000,,20.00000,0.75887,1
202,848,127.02600,5.65333,-5.78907,90.54761,50.00000,,20.00000,0.75891,1
202,849,127.22200,5.66000,-5.82537,90.44622,49.00000,,20.00000,0.75895,1
202,850,127.43100,5.66667,-5.86073,90.33357,49.00000,,20.00000,0.75900,1
202,851,127.61800,5.67333,-5.89526,90.23054,50.00000,,20.00000,0.75903,1
202,852,127.81200,5.68000,-5.92896,90.13286,50.00000,,20.00000,0.75907,1
202,853,128.03200,5.68667,-5.96203,90.02927,49.00000,,20.00000,0.75912,1
202,854,128.22600,5.69333,-5.99476,89.91280,49.00000,,20.00000,0.75916,1
202,855,128.42599,5.70000,-6.02683,89.81026,49.00000,,20.00000,0.75920,1
202,856,128.62399,5.70667,-6.05723,89.70344,49.00000,,20.00000,0.75924,1
202,857,128.82300,5.71333,-6.08741,89.61647,50.00000,,20.00000,0.75928,1
202,858,129.03400,5.72000,-6.11655,89.49573,50.00000,,20.00000,0.75932,1
202,859,129.23599,5.72667,-6.14521,89.39002,50.00000,,20.00000,0.75936,1
202,860,129.41901,5.73333,-6.17282,89.29396,50.00000,,20.00000,0.75940,1
202,861,129.62700,5.74000,-6.19996,89.17321,49.00000,,20.00000,0.75944,1
202,862,129.81200,5.74667,-6.22622,89.07122,49.00000,,20.00000,0.75947,1
202,863,130.02901,5.75333,-6.25134,88.96170,51.00000,,20.00000,0.75952,1
202,864,130.23100,5.76000,-6.27558,88.86185,51.00000,,20.00000,0.75956,1
202,865,130.43201,5.76667,-6.29878,88.75612,52.00000,,20.00000,0.75960,1
202,866,130.62601,5.77333,-6.32136,88.63862,52.00000,,20.00000,0.75963,1
202,867,130.81799,5.78000,-6.34355,88.53776,49.00000,,20.00000,0.75967,1
202,868,131.02100,5.78667,-6.36411,88.44762,49.00000,,20.00000,0.75971,1
202,869,131.21800,5.79333,-6.38361,88.36014,50.00000,,20.00000,0.75975,1
202,870,131.41000,5.80000,-6.40316,88.23989,50.00000,,20.00000,0.75979,1
202,871,131.61099,5.80667,-6.42124,88.14483,50.00000,,20.00000,0.75983,1
202,872,131.81300,5.81333,-6.43884,88.04335,50.00000,,20.00000,0.75987,1
202,873,132.02600,5.82000,-6.45496,87.95687,49.00000,,20.00000,0.75991,1
202,874,132.21500,5.82667,-6.47005,87.85639,50.00000,,20.00000,0.75995,1
202,875,132.41701,5.83333,-6.48473,87.73875,49.00000,,20.00000,0.75999,1
202,876,132.62199,5.84000,-6.49844,87.65433,49.00000,,20.00000,0.76003,1
202,877,132.82300,5.84667,-6.51119,87.54900,50.00000,,20.00000,0.76006,1
202,878,133.03799,5.85333,-6.52251,87.44802,50.00000,,20.00000,0.76011,1
202,879,133.22301,5.86000,-6.53356,87.35777,49.00000,,20.00000,0.76014,1
202,880,133.42900,5.86667,-6.54361,87.26160,49.00000,,20.00000,0.76018,1
202,881,133.62700,5.87333,-6.55248,87.15953,49.00000,,20.00000,0.76022,1
202,882,133.82300,5.88000,-6.56017,87.07085,49.00000,,20.00000,0.76026,1
202,883,134.03900,5.88667,-6.56703,86.97839,51.00000,,20.00000,0.76030,1
202,884,134.22600,5.89333,-6.57344,86.88432,51.00000,,20.00000,0.76033,1
202,885,134.44200,5.90000,-6.57836,86.79347,51.00000,,20.00000,0.76038,1
202,886,134.63699,5.90667,-6.58277,86.69456,51.00000,,20.00000,0.76041,1
202,887,134.83501,5.91333,-6.58594,86.61012,51.00000,,20.00000,0.76045,1
202,888,135.04300,5.92000,-6.58818,86.52514,49.00000,,20.00000,0.76049,1
202,889,135.25101,5.92667,-6.58956,86.41604,50.00000,,20.00000,0.76053,1
202,890,135.45200,5.93333,-6.58982,86.33053,50.00000,,20.00000,0.76057,1
202,891,135.64400,5.94000,-6.58935,86.25143,50.00000,,20.00000,0.76060,1
202,892,135.84900,5.94667,-6.58815,86.16588,50.00000,,20.00000,0.76064,1
202,893,136.05499,5.95333,-6.58545,86.08030,50.00000,,20.00000,0.76068,1
202,894,136.26199,5.96000,-6.58178,85.97542,51.00000,,20.00000,0.76072,1
202,895,136.47600,5.96667,-6.57729,85.90539,49.00000,,20.00000,0.76076,1
202,896,136.67400,5.97333,-6.57132,85.82306,49.00000,,20.00000,0.76080,1
202,897,136.87601,5.98000,-6.56454,85.73269,49.00000,,20.00000,0.76084,1
202,898,137.07500,5.98667,-6.55674,85.65842,50.00000,,20.00000,0.76087,1
202,899,137.27901,5.99333,-6.54819,85.54712,50.00000,,20.00000,0.76091,1
202,900,137.48300,6.00000,-6.53835,85.47549,50.00000,,20.00000,0.76095,1
202,901,137.69299,6.00667,-6.52747,85.41193,50.00000,,20.00000,0.76099,1
202,902,137.87900,6.01333,-6.51594,85.32582,49.00000,,20.00000,0.76102,1
202,903,138.09599,6.02000,-6.50280,85.24504,49.00000,,20.00000,0.76106,1
202,904,138.30499,6.02667,-6.48860,85.17606,51.00000,,20.00000,0.76110,1
202,905,138.51601,6.03333,-6.47424,85.13171,51.00000,,20.00000,0.76114,1
202,906,138.70700,6.04000,-6.45868,85.08898,51.00000,,20.00000,0.76118,1
202,907,138.91400,6.04667,-6.44212,85.01627,51.00000,,20.00000,0.76121,1
202,908,139.12900,6.05333,-6.42405,84.96234,49.00000,,20.00000,0.76125,1
202,909,139.32500,6.06000,-6.40558,84.91479,49.00000,,20.00000,0.76129,1
202,910,139.52400,6.06667,-6.38588,84.88546,50.00000,,20.00000,0.76133,1
202,911,139.73801,6.07333,-6.36567,84.84862,50.00000,,20.00000,0.76137,1
202,912,139.94901,6.08000,-6.34444,84.81606,50.00000,,20.00000,0.76140,1
202,913,140.15800,6.08667,-6.32247,84.77493,50.00000,,20.00000,0.76144,1
202,914,140.35100,6.09333,-6.29924,84.73165,50.00000,,20.00000,0.76148,1
202,915,140.56500,6.10000,-6.27480,84.68301,50.00000,,20.00000,0.76152,1
202,916,140.77200,6.10667,-6.24983,84.63972,50.00000,,20.00000,0.76155,1
202,917,140.97099,6.11333,-6.22402,84.59374,49.00000,,20.00000,0.76159,1
202,918,141.17999,6.12000,-6.19739,84.55525,50.00000,,20.00000,0.76163,1
202,919,141.39900,6.12667,-6.16962,84.51301,50.00000,,20.00000,0.76167,1
202,920,141.59500,6.13333,-6.14086,84.47505,49.00000,,20.00000,0.76170,1
202,921,141.80600,6.14000,-6.11075,84.43281,49.00000,,20.00000,0.76174,1
202,922,142.02299,6.14667,-6.07988,84.38948,49.00000,,20.00000,0.76178,1
202,923,142.21400,6.15333,-6.04754,84.33810,49.00000,,20.00000,0.76181,1
202,924,142.42900,6.16000,-6.01384,84.28891,50.00000,,20.00000,0.76185,1
202,925,142.63800,6.16667,-5.97896,84.23487,50.00000,,20.00000,0.76189,1
202,926,142.82800,6.17333,-5.94331,84.18185,50.00000,,20.00000,0.76192,1
202,927,143.05800,6.18000,-5.90594,84.12773,50.00000,,20.00000,0.76196,1
202,928,143.26700,6.18667,-5.86764,84.07466,49.00000,,20.00000,0.76200,1
202,929,143.48199,6.19333,-5.82725,84.02051,49.00000,,20.00000,0.76204,1
202,930,143.68700,6.20000,-5.78654,83.96750,51.00000,,20.00000,0.76207,1
202,931,143.88901,6.20667,-5.74435,83.91343,51.00000,,20.00000,0.76211,1
202,932,144.10600,6.21333,-5.70085,83.86468,52.00000,,20.00000,0.76215,1
202,933,144.31799,6.22000,-5.65591,83.81163,51.00000,,20.00000,0.76218,1
202,934,144.52600,6.22667,-5.60915,83.76285,49.00000,,20.00000,0.76222,1
202,935,144.72800,6.23333,-5.56129,83.71405,49.00000,,20.00000,0.76226,1
202,936,144.95399,6.24000,-5.51178,83.67061,50.00000,,20.00000,0.76230,1
202,937,145.16901,6.24667,-5.46112,83.62449,50.00000,,20.00000,0.76233,1
202,938,145.37801,6.25333,-5.40859,83.58159,50.00000,,20.00000,0.76237,1
202,939,145.58501,6.26000,-5.35521,83.54245,50.00000,,20.00000,0.76241,1
202,940,145.80400,6.26667,-5.30085,83.50544,49.00000,,20.00000,0.76244,1
202,941,146.00400,6.27333,-5.24438,83.46735,49.00000,,20.00000,0.76248,1
202,942,146.22900,6.28000,-5.18756,83.43031,49.00000,,20.00000,0.76252,1
202,943,146.44000,6.28667,-5.12953,83.39379,50.00000,,20.00000,0.76255,1
202,944,146.65700,6.29333,-5.07075,83.36478,50.00000,,20.00000,0.76259,1
202,945,146.87601,6.30000,-5.01154,83.33363,50.00000,,20.00000,0.76263,1
202,946,147.08299,6.30667,-4.95160,83.30248,50.00000,,20.00000,0.76266,1
202,947,147.30200,6.31333,-4.89118,83.27401,50.00000,,20.00000,0.76270,1
202,948,147.51100,6.32000,-4.82964,83.24767,49.00000,,20.00000,0.76274,1
202,949,147.72900,6.32667,-4.76831,83.22186,49.00000,,20.00000,0.76277,1
202,950,147.94701,6.33333,-4.70678,83.19925,49.00000,,20.00000,0.76281,1
202,951,148.16299,6.34000,-4.64520,83.17342,51.00000,,20.00000,0.76285,1
202,952,148.38600,6.34667,-4.58324,83.15080,51.00000,,20.00000,0.76288,1
202,953,148.59399,6.35333,-4.52088,83.12926,51.00000,,20.00000,0.76292,1
202,954,148.81400,6.36000,-4.45840,83.11199,51.00000,,20.00000,0.76296,1
202,955,149.02901,6.36667,-4.39577,83.09149,49.00000,,20.00000,0.76299,1
202,956,149.25000,6.37333,-4.33288,83.07528,49.00000,,20.00000,0.76303,1
202,957,149.47000,6.38000,-4.26967,83.05852,50.00000,,20.00000,0.76307,1
202,958,149.69299,6.38667,-4.20631,83.04391,50.00000,,20.00000,0.76310,1
202,959,149.90900,6.39333,-4.14301,83.03092,50.00000,,20.00000,0.76314,1
202,960,150.12500,6.40000,-4.07961,83.01687,50.00000,,20.00000,0.76317,1
202,961,150.34900,6.40667,-4.01605,83.01032,49.00000,,20.00000,0.76321,1
202,962,150.56000,6.41333,-3.95229,82.99518,50.00000,,20.00000,0.76325,1
202,963,150.77400,6.42000,-3.88881,82.98700,50.00000,,20.00000,0.76328,1
202,964,151.00301,6.42667,-3.82532,82.98042,50.00000,,20.00000,0.76332,1
202,965,151.22600,6.43333,-3.76189,82.97061,50.00000,,20.00000,0.76336,1
202,966,151.44701,6.44000,-3.69879,82.96402,50.00000,,20.00000,0.76339,1
202,967,151.65401,6.44667,-3.63561,82.95419,49.00000,,20.00000,0.76343,1
202,968,151.89301,6.45333,-3.57240,82.94866,49.00000,,20.00000,0.76347,1
202,969,152.10600,6.46000,-3.50922,82.94204,49.00000,,20.00000,0.76350,1
202,970,152.32600,6.46667,-3.44669,82.93114,49.00000,,20.00000,0.76354,1
202,971,152.55901,6.47333,-3.38426,82.92828,50.00000,,20.00000,0.76357,1
202,972,152.77600,6.48000,-3.32211,82.92704,50.00000,,20.00000,0.76361,1
202,973,152.99500,6.48667,-3.26093,82.92259,50.00000,,20.00000,0.76364,1
202,974,153.22099,6.49333,-3.19976,82.91922,50.00000,,20.00000,0.76368,1
202,975,153.43700,6.50000,-3.13924,82.91585,49.00000,,20.00000,0.76371,1
202,976,153.66000,6.50667,-3.07904,82.91139,49.00000,,20.00000,0.76375,1
202,977,153.88300,6.51333,-3.02014,82.90853,50.00000,,20.00000,0.76379,1
202,978,154.10500,6.52000,-2.96129,82.90619,50.00000,,20.00000,0.76382,1
202,979,154.32700,6.52667,-2.90385,82.90330,50.00000,,20.00000,0.76386,1
202,980,154.55400,6.53333,-2.84662,82.89880,49.00000,,20.00000,0.76389,1
202,981,154.79300,6.54000,-2.78987,82.89430,49.00000,,20.00000,0.76393,1
202,982,154.99899,6.54667,-2.73437,82.88980,49.00000,,20.00000,0.76396,1
202,983,155.22800,6.55333,-2.67930,82.88852,50.00000,,20.00000,0.76400,1
202,984,155.45799,6.56000,-2.62498,82.88831,50.00000,,20.00000,0.76404,1
202,985,155.67999,6.56667,-2.57100,82.88810,50.00000,,20.00000,0.76407,1
202,986,155.90700,6.57333,-2.51803,82.88628,50.00000,,20.00000,0.76411,1
202,987,156.13000,6.58000,-2.46630,82.88393,49.00000,,20.00000,0.76414,1
202,988,156.36200,6.58667,-2.41468,82.87837,49.00000,,20.00000,0.76418,1
202,989,156.58099,6.59333,-2.36414,82.87550,49.00000,,20.00000,0.76421,1
202,990,156.80800,6.60000,-2.31371,82.87370,49.00000,,20.00000,0.76425,1
202,991,157.02800,6.60667,-2.26399,82.87244,50.00000,,20.00000,0.76428,1
202,992,157.25600,6.61333,-2.21544,82.87063,50.00000,,20.00000,0.76432,1
202,993,157.48300,6.62000,-2.16738,82.86882,50.00000,,20.00000,0.76435,1
202,994,157.70399,6.62667,-2.11986,82.86753,50.00000,,20.00000,0.76438,1
202,995,157.93500,6.63333,-2.07293,82.86571,51.00000,,20.00000,0.76442,1
202,996,158.17300,6.64000,-2.02670,82.86389,49.00000,,20.00000,0.76446,1
202,997,158.38499,6.64667,-1.98113,82.86207,49.00000,,20.00000,0.76449,1
202,998,158.61000,6.65333,-1.93603,82.86079,51.00000,,20.00000,0.76452,1
202,999,158.84300,6.66000,-1.89142,82.85896,51.00000,,20.00000,0.76456,1
202,1000,159.07100,6.66667,-1.84789,82.85712,52.00000,,20.00000,0.76459,1
202,1001,159.29700,6.67333,-1.80489,82.85528,52.00000,,20.00000,0.76463,1
202,1002,159.52699,6.68000,-1.76184,82.85506,49.00000,,20.00000,0.76466,1
202,1003,159.76199,6.68667,-1.71944,82.85269,50.00000,,20.00000,0.76470,1
202,1004,159.97800,6.69333,-1.67785,82.84980,50.00000,,20.00000,0.76473,1
202,1005,160.21500,6.70000,-1.63664,82.84798,50.00000,,20.00000,0.76476,1
202,1006,160.43300,6.70667,-1.59586,82.84562,50.00000,,20.00000,0.76480,1
202,1007,160.66800,6.71333,-1.55626,82.84327,49.00000,,20.00000,0.76483,1
202,1008,160.89900,6.72000,-1.51660,82.84144,49.00000,,20.00000,0.76487,1
202,1009,161.12000,6.72667,-1.47760,82.84015,49.00000,,20.00000,0.76490,1
202,1010,161.35201,6.73333,-1.43902,82.83991,49.00000,,20.00000,0.76493,1
202,1011,161.57100,6.74000,-1.40126,82.83966,49.00000,,20.00000,0.76496,1
202,1012,161.82100,6.74667,-1.36381,82.83942,50.00000,,20.00000,0.76500,1
202,1013,162.04800,6.75333,-1.32674,82.83919,50.00000,,20.00000,0.76503,1
202,1014,162.28000,6.76000,-1.29005,82.83898,50.00000,,20.00000,0.76507,1
202,1015,162.50500,6.76667,-1.25411,82.83878,49.00000,,20.00000,0.76510,1
202,1016,162.71899,6.77333,-1.21813,82.83859,49.00000,,20.00000,0.76513,1
202,1017,162.96201,6.78000,-1.18273,82.83786,49.00000,,20.00000,0.76517,1
202,1018,163.18800,6.78667,-1.14782,82.83712,51.00000,,20.00000,0.76520,1
202,1019,163.41600,6.79333,-1.11366,82.83583,51.00000,,20.00000,0.76523,1
202,1020,163.64301,6.80000,-1.08015,82.83507,52.00000,,20.00000,0.76527,1
202,1021,163.87000,6.80667,-1.04642,82.83376,52.00000,,20.00000,0.76530,1
202,1022,164.11200,6.81333,-1.01334,82.83301,49.00000,,20.00000,0.76533,1
202,1023,164.35600,6.82000,-0.98068,82.83174,49.00000,,20.00000,0.76537,1
202,1024,164.57300,6.82667,-0.94841,82.83101,50.00000,,20.00000,0.76540,1
202,1025,164.78200,6.83333,-0.91620,82.82975,50.00000,,20.00000,0.76543,1
202,1026,165.02699,6.84000,-0.88414,82.82902,50.00000,,20.00000,0.76546,1
202,1027,165.25500,6.84667,-0.85343,82.82776,50.00000,,20.00000,0.76550,1
202,1028,165.49100,6.85333,-0.82223,82.82704,49.00000,,20.00000,0.76553,1
202,1029,165.72200,6.86000,-0.79206,82.82579,49.00000,,20.00000,0.76556,1
202,1030,165.93900,6.86667,-0.76215,82.82562,51.00000,,20.00000,0.76559,1
202,1031,166.17500,6.87333,-0.73235,82.82546,50.00000,,20.00000,0.76562,1
202,1032,166.40500,6.88000,-0.70315,82.82529,50.00000,,20.00000,0.76566,1
202,1033,166.62500,6.88667,-0.67427,82.82457,50.00000,,20.00000,0.76569,1
202,1034,166.85201,6.89333,-0.64565,82.82436,49.00000,,20.00000,0.76572,1
202,1035,167.09300,6.90000,-0.61774,82.82416,49.00000,,20.00000,0.76575,1
202,1036,167.33200,6.90667,-0.59003,82.82395,49.00000,,20.00000,0.76578,1
202,1037,167.55901,6.91333,-0.56244,82.82375,49.00000,,20.00000,0.76582,1
202,1038,167.79100,6.92000,-0.53507,82.82358,50.00000,,20.00000,0.76585,1
202,1039,168.01700,6.92667,-0.50802,82.82341,50.00000,,20.00000,0.76588,1
202,1040,168.24500,6.93333,-0.48139,82.82270,50.00000,,20.00000,0.76591,1
202,1041,168.47301,6.94000,-0.45558,82.82199,50.00000,,20.00000,0.76594,1
202,1042,168.70399,6.94667,-0.42997,82.81805,50.00000,,20.00000,0.76597,1
202,1043,168.94200,6.95333,-0.40416,82.81679,50.00000,,20.00000,0.76600,1
202,1044,169.17599,6.96000,-0.37872,82.81499,50.00000,,20.00000,0.76604,1
202,1045,169.39900,6.96667,-0.35366,82.81319,50.00000,,20.00000,0.76607,1
202,1046,169.62700,6.97333,-0.32897,82.81193,50.00000,,20.00000,0.76610,1
202,1047,169.87199,6.98000,-0.30450,82.81014,49.00000,,20.00000,0.76613,1
202,1048,170.10300,6.98667,-0.28078,82.80888,49.00000,,20.00000,0.76616,1
202,1049,170.32700,6.99333,-0.25722,82.80656,49.00000,,20.00000,0.76619,1
202,1050,170.56000,7.00000,-0.23334,82.80477,50.00000,,20.00000,0.76622,1
202,1051,170.78700,7.00667,-0.21037,82.80246,50.00000,,20.00000,0.76625,1
202,1052,171.03000,7.01333,-0.18703,82.80122,50.00000,,20.00000,0.76628,1
202,1053,171.25700,7.02000,-0.16438,82.79999,50.00000,,20.00000,0.76631,1
202,1054,171.48700,7.02667,-0.14180,82.79823,49.00000,,20.00000,0.76634,1
202,1055,171.71600,7.03333,-0.11985,82.79648,49.00000,,20.00000,0.76637,1
202,1056,171.95000,7.04000,-9.811747e-002,82.79528,51.00000,,20.00000,0.76640,1
202,1057,172.17101,7.04667,-7.654799e-002,82.79408,51.00000,,20.00000,0.76643,1
202,1058,172.40199,7.05333,-5.503339e-002,82.79287,51.00000,,20.00000,0.76646,1
202,1059,172.64200,7.06000,-3.394745e-002,82.79166,51.00000,,20.00000,0.76649,1
202,1060,172.86099,7.06667,-1.366388e-002,82.79044,51.00000,,20.00000,0.76652,1
202,1061,173.09700,7.07333,6.778298e-003,82.78921,49.00000,,20.00000,0.76655,1
202,1062,173.32401,7.08000,2.748576e-002,82.78799,49.00000,,20.00000,0.76658,1
202,1063,173.57201,7.08667,4.765780e-002,82.78677,50.00000,,20.00000,0.76661,1
202,1064,173.78999,7.09333,6.681457e-002,82.78502,50.00000,,20.00000,0.76664,1
202,1065,174.02299,7.10000,8.661012e-002,82.78328,49.00000,,20.00000,0.76667,1
202,1066,174.25700,7.10667,0.10614,82.78155,49.00000,,20.00000,0.76670,1
202,1067,174.47600,7.11333,0.12540,82.77928,49.00000,,20.00000,0.76673,1
202,1068,174.71899,7.12000,0.14444,82.77755,49.00000,,20.00000,0.76676,1
202,1069,174.94400,7.12667,0.16263,82.77581,50.00000,,20.00000,0.76678,1
202,1070,175.17400,7.13333,0.18108,82.77462,50.00000,,20.00000,0.76681,1
202,1071,175.40700,7.14000,0.19938,82.77343,50.00000,,20.00000,0.76684,1
202,1072,175.63499,7.14667,0.21714,82.77277,49.00000,,20.00000,0.76687,1
202,1073,175.86600,7.15333,0.23516,82.77211,49.00000,,20.00000,0.76690,1
202,1074,176.09900,7.16000,0.25270,82.77146,49.00000,,20.00000,0.76693,1
202,1075,176.33200,7.16667,0.26992,82.77026,51.00000,,20.00000,0.76696,1
202,1076,176.55299,7.17333,0.28687,82.76960,51.00000,,20.00000,0.76698,1
202,1077,176.79100,7.18000,0.30372,82.76840,52.00000,,20.00000,0.76701,1
202,1078,177.02200,7.18667,0.32040,82.76773,52.00000,,20.00000,0.76704,1
202,1079,177.25800,7.19333,0.33650,82.76652,49.00000,,20.00000,0.76707,1
202,1080,177.48700,7.20000,0.35291,82.76532,49.00000,,20.00000,0.76710,1
202,1081,177.72000,7.20667,0.36890,82.76467,50.00000,,20.00000,0.76713,1
202,1082,177.95100,7.21333,0.38467,82.76349,50.00000,,20.00000,0.76715,1
202,1083,178.18201,7.22000,0.40039,82.76179,49.00000,,20.00000,0.76718,1
202,1084,178.41400,7.22667,0.41584,82.76009,52.00000,,20.00000,0.76721,1
202,1085,178.63901,7.23333,0.43113,82.75894,49.00000,,20.00000,0.76724,1
202,1086,178.86301,7.24000,0.44626,82.75724,49.00000,,20.00000,0.76726,1
202,1087,179.10400,7.24667,0.46133,82.75501,50.00000,,20.00000,0.76729,1
202,1088,179.32401,7.25333,0.47587,82.75222,50.00000,,20.00000,0.76732,1
202,1089,179.55701,7.26000,0.49020,82.75050,50.00000,,20.00000,0.76734,1
202,1090,179.79401,7.26667,0.50447,82.74878,50.00000,,20.00000,0.76737,1
202,1091,180.02499,7.27333,0.51847,82.74706,49.00000,,20.00000,0.76740,1
202,1092,180.26100,7.28000,0.53221,82.74643,49.00000,,20.00000,0.76743,1
202,1093,180.48900,7.28667,0.54642,82.74474,51.00000,,20.00000,0.76745,1
202,1094,180.71500,7.29333,0.56027,82.74359,51.00000,,20.00000,0.76748,1
202,1095,180.94701,7.30000,0.57336,82.74191,52.00000,,20.00000,0.76751,1
202,1096,181.17700,7.30667,0.58645,82.74077,51.00000,,20.00000,0.76753,1
202,1097,181.40100,7.31333,0.59965,82.73962,49.00000,,20.00000,0.76756,1
202,1098,181.63499,7.32000,0.61280,82.73847,49.00000,,20.00000,0.76758,1
202,1099,181.86301,7.32667,0.62562,82.73732,50.00000,,20.00000,0.76761,1
202,1100,182.10001,7.33333,0.63807,82.73617,50.00000,,20.00000,0.76764,1
202,1101,182.32600,7.34000,0.65036,82.73449,49.00000,,20.00000,0.76766,1
202,1102,182.55800,7.34667,0.66249,82.73335,52.00000,,20.00000,0.76769,1
202,1103,182.78101,7.35333,0.67467,82.73167,49.00000,,20.00000,0.76771,1
202,1104,183.01700,7.36000,0.68669,82.72946,49.00000,,20.00000,0.76774,1
202,1105,183.25000,7.36667,0.69818,82.72779,50.00000,,20.00000,0.76777,1
202,1106,183.47600,7.37333,0.70940,82.72613,50.00000,,20.00000,0.76779,1
202,1107,183.70500,7.38000,0.72115,82.72394,50.00000,,20.00000,0.76782,1
202,1108,183.93500,7.38667,0.73274,82.72068,49.00000,,20.00000,0.76784,1
202,1109,184.15700,7.39333,0.74380,82.71795,49.00000,,20.00000,0.76787,1
202,1110,184.39000,7.40000,0.75449,82.71468,49.00000,,20.00000,0.76789,1
202,1111,184.61700,7.40667,0.76560,82.71248,49.00000,,20.00000,0.76792,1
202,1112,184.84700,7.41333,0.77617,82.71134,50.00000,,20.00000,0.76794,1
202,1113,185.08501,7.42000,0.78686,82.71074,50.00000,,20.00000,0.76797,1
202,1114,185.31000,7.42667,0.79749,82.70960,49.00000,,20.00000,0.76799,1
202,1115,185.54500,7.43333,0.80795,82.70902,49.00000,,20.00000,0.76802,1
202,1116,185.77400,7.44000,0.81794,82.70791,49.00000,,20.00000,0.76804,1
202,1117,186.00101,7.44667,0.82804,82.70680,49.00000,,20.00000,0.76807,1
202,1118,186.21899,7.45333,0.83829,82.70408,51.00000,,20.00000,0.76809,1
202,1119,186.45500,7.46000,0.84780,82.70083,52.00000,,20.00000,0.76811,1
202,1120,186.68100,7.46667,0.85747,82.69864,52.00000,,20.00000,0.76814,1
202,1121,186.92200,7.47333,0.86729,82.69647,49.00000,,20.00000,0.76816,1
202,1122,187.14799,7.48000,0.87653,82.69483,49.00000,,20.00000,0.76819,1
202,1123,187.37199,7.48667,0.88604,82.69267,50.00000,,20.00000,0.76821,1
202,1124,187.59399,7.49333,0.89544,82.69105,50.00000,,20.00000,0.76823,1
202,1125,187.81599,7.50000,0.90452,82.68995,49.00000,,20.00000,0.76826,1
202,1126,188.06100,7.50667,0.91333,82.68832,49.00000,,20.00000,0.76828,1
202,1127,188.28300,7.51333,0.92230,82.68669,49.00000,,20.00000,0.76831,1
202,1128,188.50800,7.52000,0.93111,82.68399,50.00000,,20.00000,0.76833,1
202,1129,188.74699,7.52667,0.93987,82.68237,50.00000,,20.00000,0.76835,1
202,1130,188.96100,7.53333,0.94836,82.68020,51.00000,,20.00000,0.76838,1
202,1131,189.19000,7.54000,0.95706,82.67751,51.00000,,20.00000,0.76840,1
202,1132,189.42799,7.54667,0.96544,82.67537,49.00000,,20.00000,0.76842,1
202,1133,189.65100,7.55333,0.97324,82.67268,49.00000,,20.00000,0.76845,1
202,1134,189.87601,7.56000,0.98131,82.66840,50.00000,,20.00000,0.76847,1
202,1135,190.10001,7.56667,0.98958,82.66520,50.00000,,20.00000,0.76849,1
202,1136,190.33200,7.57333,0.99780,82.66200,50.00000,,20.00000,0.76851,1
202,1137,190.55000,7.58000,1.00587,82.66042,51.00000,,20.00000,0.76854,1
202,1138,190.78101,7.58667,1.01356,82.66044,51.00000,,20.00000,0.76856,1
202,1139,191.00500,7.59333,1.02114,82.65990,51.00000,,20.00000,0.76858,1
202,1140,191.22501,7.60000,1.02872,82.65828,49.00000,,20.00000,0.76860,1
202,1141,191.46201,7.60667,1.03641,82.65671,49.00000,,20.00000,0.76862,1
202,1142,191.67799,7.61333,1.04383,82.65192,50.00000,,20.00000,0.76865,1
202,1143,191.90700,7.62000,1.05115,82.64924,50.00000,,20.00000,0.76867,1
202,1144,192.13901,7.62667,1.05836,82.64657,49.00000,,20.00000,0.76869,1
202,1145,192.37199,7.63333,1.06535,82.64445,49.00000,,20.00000,0.76871,1
202,1146,192.58400,7.64000,1.07251,82.64232,50.00000,,20.00000,0.76873,1
202,1147,192.81900,7.64667,1.07939,82.63913,50.00000,,20.00000,0.76876,1
202,1148,193.03500,7.65333,1.08628,82.63486,50.00000,,20.00000,0.76878,1
202,1149,193.26601,7.66000,1.09306,82.63113,52.00000,,20.00000,0.76880,1
202,1150,193.49200,7.66667,1.09979,82.62792,49.00000,,20.00000,0.76882,1
202,1151,193.71700,7.67333,1.10657,82.62683,49.00000,,20.00000,0.76884,1
202,1152,193.94901,7.68000,1.11341,82.62682,50.00000,,20.00000,0.76886,1
202,1153,194.17700,7.68667,1.12008,82.62634,49.00000,,20.00000,0.76888,1
202,1154,194.39400,7.69333,1.12649,82.62426,51.00000,,20.00000,0.76890,1
202,1155,194.61700,7.70000,1.13295,82.62268,51.00000,,20.00000,0.76892,1
202,1156,194.84900,7.70667,1.13946,82.62058,49.00000,,20.00000,0.76895,1
202,1157,195.07401,7.71333,1.14576,82.61903,49.00000,,20.00000,0.76897,1
202,1158,195.29500,7.72000,1.15185,82.61640,50.00000,,20.00000,0.76899,1
202,1159,195.52000,7.72667,1.15815,82.61432,50.00000,,20.00000,0.76901,1
202,1160,195.73801,7.73333,1.16456,82.61224,50.00000,,20.00000,0.76903,1
202,1161,195.96300,7.74000,1.17102,82.60909,50.00000,,20.00000,0.76905,1
202,1162,196.18401,7.74667,1.17716,82.60700,49.00000,,20.00000,0.76907,1
202,1163,196.41299,7.75333,1.18282,82.60384,49.00000,,20.00000,0.76909,1
202,1164,196.63200,7.76000,1.18859,82.60068,50.00000,,20.00000,0.76911,1
202,1165,196.85400,7.76667,1.19457,82.59805,50.00000,,20.00000,0.76913,1
202,1166,197.08200,7.77333,1.20065,82.59329,51.00000,,20.00000,0.76915,1
202,1167,197.30701,7.78000,1.20647,82.58907,51.00000,,20.00000,0.76917,1
202,1168,197.53101,7.78667,1.21219,82.58535,49.00000,,20.00000,0.76919,1
202,1169,197.74600,7.79333,1.21796,82.58486,49.00000,,20.00000,0.76921,1
202,1170,197.96400,7.80000,1.22367,82.58497,49.00000,,20.00000,0.76923,1
202,1171,198.20300,7.80667,1.22933,82.58402,49.00000,,20.00000,0.76925,1
202,1172,198.40800,7.81333,1.23510,82.58196,50.00000,,20.00000,0.76926,1
202,1173,198.63699,7.82000,1.24049,82.57989,49.00000,,20.00000,0.76928,1
202,1174,198.85001,7.82667,1.24573,82.57782,50.00000,,20.00000,0.76930,1
202,1175,199.07899,7.83333,1.25107,82.57521,50.00000,,20.00000,0.76932,1
202,1176,199.30000,7.84000,1.25651,82.57259,50.00000,,20.00000,0.76934,1
202,1177,199.52600,7.84667,1.26191,82.56998,50.00000,,20.00000,0.76936,1
202,1178,199.75200,7.85333,1.26730,82.56577,50.00000,,20.00000,0.76938,1
202,1179,199.96899,7.86000,1.27243,82.56370,50.00000,,20.00000,0.76940,1
202,1180,200.18500,7.86667,1.27761,82.56161,50.00000,,20.00000,0.76941,1
202,1181,200.41701,7.87333,1.28273,82.55953,49.00000,,20.00000,0.76943,1
202,1182,200.63100,7.88000,1.28781,82.55644,49.00000,,20.00000,0.76945,1
202,1183,200.84599,7.88667,1.29310,82.55390,50.00000,,20.00000,0.76947,1
202,1184,201.07401,7.89333,1.29817,82.55186,49.00000,,20.00000,0.76949,1
202,1185,201.29601,7.90000,1.30324,82.55035,50.00000,,20.00000,0.76951,1
202,1186,201.50101,7.90667,1.30821,82.54830,50.00000,,20.00000,0.76952,1
202,1187,201.72800,7.91333,1.31286,82.54679,51.00000,,20.00000,0.76954,1
202,1188,201.95599,7.92000,1.31767,82.54420,49.00000,,20.00000,0.76956,1
202,1189,202.17000,7.92667,1.32301,82.54053,49.00000,,20.00000,0.76958,1
202,1190,202.39700,7.93333,1.32802,82.53795,51.00000,,20.00000,0.76959,1
202,1191,202.61501,7.94000,1.33273,82.53484,51.00000,,20.00000,0.76961,1
202,1192,202.83200,7.94667,1.33732,82.53335,51.00000,,20.00000,0.76963,1
202,1193,203.05299,7.95333,1.34223,82.53347,52.00000,,20.00000,0.76965,1
202,1194,203.26401,7.96000,1.34683,82.53359,52.00000,,20.00000,0.76966,1
202,1195,203.47900,7.96667,1.35148,82.53208,49.00000,,20.00000,0.76968,1
202,1196,203.71001,7.97333,1.35650,82.53005,49.00000,,20.00000,0.76970,1
202,1197,203.92900,7.98000,1.36120,82.52476,50.00000,,20.00000,0.76971,1
202,1198,204.14999,7.98667,1.36606,82.52269,50.00000,,20.00000,0.76973,1
202,1199,204.35899,7.99333,1.37055,82.51854,50.00000,,20.00000,0.76975,1
202,1200,204.57899,8.00000,1.37472,82.51386,50.00000,,20.00000,0.76976,1
202,1201,204.80400,8.00667,1.37931,82.50969,49.00000,,20.00000,0.76978,1
202,1202,205.01801,8.01333,1.38396,82.50766,49.00000,,20.00000,0.76980,1
202,1203,205.24300,8.02000,1.38882,82.50777,49.00000,,20.00000,0.76981,1
202,1204,205.45200,8.02667,1.39341,82.50682,51.00000,,20.00000,0.76983,1
202,1205,205.67300,8.03333,1.39774,82.50425,51.00000,,20.00000,0.76985,1
202,1206,205.89500,8.04000,1.40207,82.49901,50.00000,,20.00000,0.76986,1
202,1207,206.10800,8.04667,1.40666,82.49591,50.00000,,20.00000,0.76988,1
202,1208,206.32800,8.05333,1.41131,82.49334,49.00000,,20.00000,0.76989,1
202,1209,206.54601,8.06000,1.41580,82.49075,49.00000,,20.00000,0.76991,1
202,1210,206.76401,8.06667,1.42023,82.48762,49.00000,,20.00000,0.76993,1
202,1211,206.98399,8.07333,1.42467,82.48295,50.00000,,20.00000,0.76994,1
202,1212,207.20200,8.08000,1.42905,82.47884,50.00000,,20.00000,0.76996,1
202,1213,207.41400,8.08667,1.43322,82.47684,50.00000,,20.00000,0.76997,1
202,1214,207.63200,8.09333,1.43755,82.47646,50.00000,,20.00000,0.76999,1
202,1215,207.83800,8.10000,1.44172,82.47446,49.00000,,20.00000,0.77000,1
202,1216,208.05499,8.10667,1.44594,82.46978,49.00000,,20.00000,0.77002,1
202,1217,208.27400,8.11333,1.45016,82.46671,49.00000,,20.00000,0.77003,1
202,1218,208.49600,8.12000,1.45433,82.46471,50.00000,,20.00000,0.77005,1
202,1219,208.70700,8.12667,1.45861,82.46324,50.00000,,20.00000,0.77006,1
202,1220,208.91600,8.13333,1.46288,82.46070,49.00000,,20.00000,0.77008,1
202,1221,209.13901,8.14000,1.46721,82.45388,49.00000,,20.00000,0.77009,1
202,1222,209.35201,8.14667,1.47148,82.44866,49.00000,,20.00000,0.77011,1
202,1223,209.56500,8.15333,1.47555,82.44612,50.00000,,20.00000,0.77012,1
202,1224,209.78200,8.16000,1.47940,82.44627,50.00000,,20.00000,0.77014,1
202,1225,210.00301,8.16667,1.48346,82.44588,50.00000,,20.00000,0.77015,1
202,1226,210.21100,8.17333,1.48768,82.44439,50.00000,,20.00000,0.77016,1
202,1227,210.42000,8.18000,1.49180,82.44182,50.00000,,20.00000,0.77018,1
202,1228,210.64301,8.18667,1.49602,82.43770,49.00000,,20.00000,0.77019,1
202,1229,210.85800,8.19333,1.50051,82.43518,49.00000,,20.00000,0.77021,1
202,1230,211.07201,8.20000,1.50468,82.42835,51.00000,,20.00000,0.77022,1
202,1231,211.28799,8.20667,1.50874,82.42313,52.00000,,20.00000,0.77023,1
202,1232,211.50600,8.21333,1.51270,82.42061,52.00000,,20.00000,0.77025,1
202,1233,211.71899,8.22000,1.51671,82.42077,49.00000,,20.00000,0.77026,1
202,1234,211.93100,8.22667,1.52072,82.42041,49.00000,,20.00000,0.77028,1
202,1235,212.13699,8.23333,1.52467,82.41791,49.00000,,20.00000,0.77029,1
202,1236,212.34700,8.24000,1.52858,82.41541,50.00000,,20.00000,0.77030,1
202,1237,212.57001,8.24667,1.53259,82.41239,50.00000,,20.00000,0.77032,1
202,1238,212.77499,8.25333,1.53654,82.41041,50.00000,,20.00000,0.77033,1
202,1239,212.98399,8.26000,1.54045,82.40735,50.00000,,20.00000,0.77034,1
202,1240,213.18900,8.26667,1.54446,82.40435,50.00000,,20.00000,0.77035,1
202,1241,213.39999,8.27333,1.54847,82.40295,50.00000,,20.00000,0.77037,1
202,1242,213.61800,8.28000,1.55248,82.40043,50.00000,,20.00000,0.77038,1
202,1243,213.82500,8.28667,1.55633,82.39737,50.00000,,20.00000,0.77039,1
202,1244,214.03999,8.29333,1.56034,82.39269,50.00000,,20.00000,0.77041,1
202,1245,214.26601,8.30000,1.56424,82.38855,50.00000,,20.00000,0.77042,1
202,1246,214.46600,8.30667,1.56826,82.38548,49.00000,,20.00000,0.77043,1
202,1247,214.68201,8.31333,1.57216,82.38564,49.00000,,20.00000,0.77044,1
202,1248,214.89799,8.32000,1.57627,82.38528,50.00000,,20.00000,0.77046,1
202,1249,215.10600,8.32667,1.58023,82.38278,50.00000,,20.00000,0.77047,1
202,1250,215.31900,8.33333,1.58419,82.38082,51.00000,,20.00000,0.77048,1
202,1251,215.53400,8.34000,1.58815,82.37887,50.00000,,20.00000,0.77049,1
202,1252,215.72701,8.34667,1.59200,82.37638,50.00000,,20.00000,0.77051,1
202,1253,215.93401,8.35333,1.59553,82.37441,50.00000,,20.00000,0.77052,1
202,1254,216.15800,8.36000,1.59917,82.37190,49.00000,,20.00000,0.77053,1
202,1255,216.36900,8.36667,1.60323,82.36828,49.00000,,20.00000,0.77054,1
202,1256,216.57700,8.37333,1.60740,82.36573,50.00000,,20.00000,0.77055,1
202,1257,216.78999,8.38000,1.61141,82.35950,52.00000,,20.00000,0.77057,1
202,1258,217.00600,8.38667,1.61542,82.35381,52.00000,,20.00000,0.77058,1
202,1259,217.20900,8.39333,1.61938,82.35078,52.00000,,20.00000,0.77059,1
202,1260,217.41400,8.40000,1.62324,82.35043,49.00000,,20.00000,0.77060,1
202,1261,217.62500,8.40667,1.62698,82.34954,49.00000,,20.00000,0.77061,1
202,1262,217.83800,8.41333,1.63083,82.34758,50.00000,,20.00000,0.77062,1
202,1263,218.04900,8.42000,1.63490,82.34454,50.00000,,20.00000,0.77063,1
202,1264,218.25999,8.42667,1.63880,82.34150,50.00000,,20.00000,0.77064,1
202,1265,218.45900,8.43333,1.64281,82.33791,50.00000,,20.00000,0.77066,1
202,1266,218.67400,8.44000,1.64677,82.33164,49.00000,,20.00000,0.77067,1
202,1267,218.88100,8.44667,1.65057,82.32641,49.00000,,20.00000,0.77068,1
202,1268,219.10899,8.45333,1.65431,82.32493,51.00000,,20.00000,0.77069,1
202,1269,219.30800,8.46000,1.65811,82.32514,51.00000,,20.00000,0.77070,1
202,1270,219.51700,8.46667,1.66207,82.32320,51.00000,,20.00000,0.77071,1
202,1271,219.72200,8.47333,1.66598,82.32071,51.00000,,20.00000,0.77072,1
202,1272,219.93401,8.48000,1.66988,82.31711,51.00000,,20.00000,0.77073,1
202,1273,220.14500,8.48667,1.67379,82.31513,49.00000,,20.00000,0.77074,1
202,1274,220.35001,8.49333,1.67759,82.31213,50.00000,,20.00000,0.77075,1
202,1275,220.55600,8.50000,1.68134,82.30967,50.00000,,20.00000,0.77076,1
202,1276,220.75500,8.50667,1.68498,82.30396,51.00000,,20.00000,0.77077,1
202,1277,220.97501,8.51333,1.68867,82.29825,51.00000,,20.00000,0.77078,1
202,1278,221.18700,8.52000,1.69236,82.29522,49.00000,,20.00000,0.77079,1
202,1279,221.38400,8.52667,1.69632,82.29486,49.00000,,20.00000,0.77080,1
202,1280,221.59599,8.53333,1.70012,82.29504,50.00000,,20.00000,0.77081,1
202,1281,221.79601,8.54000,1.70392,82.29361,50.00000,,20.00000,0.77082,1
202,1282,222.01601,8.54667,1.70761,82.29003,50.00000,,20.00000,0.77083,1
202,1283,222.22200,8.55333,1.71110,82.28538,50.00000,,20.00000,0.77084,1
202,1284,222.43300,8.56000,1.71521,82.28286,49.00000,,20.00000,0.77085,1
202,1285,222.63400,8.56667,1.71923,82.28035,50.00000,,20.00000,0.77086,1
202,1286,222.85001,8.57333,1.72281,82.27789,49.00000,,20.00000,0.77087,1
202,1287,223.03000,8.58000,1.72635,82.27383,51.00000,,20.00000,0.77088,1
202,1288,223.25101,8.58667,1.73015,82.26973,51.00000,,20.00000,0.77089,1
202,1289,223.46001,8.59333,1.73443,82.26562,52.00000,,20.00000,0.77090,1
202,1290,223.66100,8.60000,1.73839,82.26473,52.00000,,20.00000,0.77091,1
202,1291,223.87500,8.60667,1.74203,82.26490,49.00000,,20.00000,0.77092,1
202,1292,224.08299,8.61333,1.74557,82.26348,49.00000,,20.00000,0.77092,1
202,1293,224.29401,8.62000,1.74921,82.26099,49.00000,,20.00000,0.77093,1
202,1294,224.49001,8.62667,1.75301,82.25744,49.00000,,20.00000,0.77094,1
202,1295,224.70000,8.63333,1.75681,82.25496,50.00000,,20.00000,0.77095,1
202,1296,224.89900,8.64000,1.76061,82.25303,51.00000,,20.00000,0.77096,1
202,1297,225.10600,8.64667,1.76431,82.25109,51.00000,,20.00000,0.77097,1
202,1298,225.30600,8.65333,1.76811,82.24914,49.00000,,20.00000,0.77098,1
202,1299,225.51601,8.66000,1.77180,82.24397,49.00000,,20.00000,0.77098,1
202,1300,225.71700,8.66667,1.77560,82.23986,50.00000,,20.00000,0.77099,1
202,1301,225.92599,8.67333,1.77951,82.23572,50.00000,,20.00000,0.77100,1
202,1302,226.13800,8.68000,1.78331,82.23480,50.00000,,20.00000,0.77101,1
202,1303,226.34500,8.68667,1.78680,82.23502,50.00000,,20.00000,0.77102,1
202,1304,226.53500,8.69333,1.79071,82.23363,50.00000,,20.00000,0.77103,1
202,1305,226.75500,8.70000,1.79456,82.23115,49.00000,,20.00000,0.77103,1
202,1306,226.94701,8.70667,1.79826,82.22919,49.00000,,20.00000,0.77104,1
202,1307,227.15900,8.71333,1.80206,82.22671,51.00000,,20.00000,0.77105,1
202,1308,227.36301,8.72000,1.80591,82.22529,51.00000,,20.00000,0.77106,1
202,1309,227.56900,8.72667,1.80982,82.22496,51.00000,,20.00000,0.77107,1
202,1310,227.76900,8.73333,1.81362,82.22302,50.00000,,20.00000,0.77107,1
202,1311,227.97600,8.74000,1.81732,82.22001,49.00000,,20.00000,0.77108,1
202,1312,228.16701,8.74667,1.82075,82.21646,49.00000,,20.00000,0.77109,1
202,1313,228.37900,8.75333,1.82429,82.21449,51.00000,,20.00000,0.77109,1
202,1314,228.58501,8.76000,1.82799,82.21252,51.00000,,20.00000,0.77110,1
202,1315,228.77699,8.76667,1.83179,82.21060,52.00000,,20.00000,0.77111,1
202,1316,228.99500,8.77333,1.83554,82.20761,52.00000,,20.00000,0.77112,1
202,1317,229.19099,8.78000,1.83940,82.20244,49.00000,,20.00000,0.77112,1
202,1318,229.39301,8.78667,1.84325,82.19834,49.00000,,20.00000,0.77113,1
202,1319,229.59599,8.79333,1.84706,82.19532,50.00000,,20.00000,0.77114,1
202,1320,229.80299,8.80000,1.85075,82.19552,50.00000,,20.00000,0.77114,1
202,1321,230.00500,8.80667,1.85450,82.19519,50.00000,,20.00000,0.77115,1
202,1322,230.20799,8.81333,1.85820,82.19271,50.00000,,20.00000,0.77116,1
202,1323,230.40700,8.82000,1.86174,82.18755,49.00000,,20.00000,0.77116,1
202,1324,230.61099,8.82667,1.86570,82.18508,49.00000,,20.00000,0.77117,1
202,1325,230.80901,8.83333,1.86972,82.18313,49.00000,,20.00000,0.77118,1
202,1326,231.01199,8.84000,1.87336,82.18119,49.00000,,20.00000,0.77118,1
202,1327,231.21600,8.84667,1.87690,82.17870,50.00000,,20.00000,0.77119,1
202,1328,231.41499,8.85333,1.88050,82.17353,50.00000,,20.00000,0.77120,1
202,1329,231.62399,8.86000,1.88409,82.16944,50.00000,,20.00000,0.77120,1
202,1330,231.82300,8.86667,1.88757,82.16585,50.00000,,20.00000,0.77121,1
202,1331,232.02100,8.87333,1.89127,82.16547,49.00000,,20.00000,0.77121,1
202,1332,232.22800,8.88000,1.89497,82.16516,49.00000,,20.00000,0.77122,1
202,1333,232.42799,8.88667,1.89872,82.16378,51.00000,,20.00000,0.77123,1
202,1334,232.63600,8.89333,1.90237,82.16131,51.00000,,20.00000,0.77123,1
202,1335,232.83200,8.90000,1.90623,82.15884,51.00000,,20.00000,0.77124,1
202,1336,233.02800,8.90667,1.90987,82.15690,51.00000,,20.00000,0.77124,1
202,1337,233.22701,8.91333,1.91352,82.15496,51.00000,,20.00000,0.77125,1
202,1338,233.42799,8.92000,1.91701,82.15355,49.00000,,20.00000,0.77126,1
202,1339,233.62900,8.92667,1.92044,82.15214,49.00000,,20.00000,0.77126,1
202,1340,233.83400,8.93333,1.92414,82.14912,50.00000,,20.00000,0.77127,1
202,1341,234.03999,8.94000,1.92784,82.14609,50.00000,,20.00000,0.77127,1
202,1342,234.23399,8.94667,1.93159,82.14357,49.00000,,20.00000,0.77128,1
202,1343,234.43100,8.95333,1.93535,82.13891,49.00000,,20.00000,0.77128,1
202,1344,234.63499,8.96000,1.93894,82.13484,49.00000,,20.00000,0.77129,1
202,1345,234.84300,8.96667,1.94254,82.13132,50.00000,,20.00000,0.77129,1
202,1346,235.03799,8.97333,1.94634,82.13098,50.00000,,20.00000,0.77130,1
202,1347,235.24200,8.98000,1.95004,82.13119,50.00000,,20.00000,0.77130,1
202,1348,235.43100,8.98667,1.95380,82.13032,50.00000,,20.00000,0.77131,1
202,1349,235.63200,8.99333,1.95750,82.12785,49.00000,,20.00000,0.77131,1
202,1350,235.84000,9.00000,1.96125,82.12269,49.00000,,20.00000,0.77132,1
202,1351,236.03200,9.00667,1.96495,82.11966,49.00000,,20.00000,0.77132,1
202,1352,236.22800,9.01333,1.96823,82.11878,51.00000,,20.00000,0.77133,1
202,1353,236.43600,9.02000,1.97167,82.11682,51.00000,,20.00000,0.77133,1
202,1354,236.63499,9.02667,1.97531,82.11486,51.00000,,20.00000,0.77133,1
202,1355,236.84300,9.03333,1.97896,82.11292,51.00000,,20.00000,0.77134,1
202,1356,237.03400,9.04000,1.98261,82.11097,49.00000,,20.00000,0.77134,1
202,1357,237.23399,9.04667,1.98621,82.10903,49.00000,,20.00000,0.77135,1
202,1358,237.42799,9.05333,1.98970,82.10494,50.00000,,20.00000,0.77135,1
202,1359,237.62399,9.06000,1.99335,82.10136,50.00000,,20.00000,0.77136,1
202,1360,237.83099,9.06667,1.99710,82.09777,49.00000,,20.00000,0.77136,1
202,1361,238.02699,9.07333,2.00070,82.09639,52.00000,,20.00000,0.77136,1
202,1362,238.22600,9.08000,2.00424,82.09607,49.00000,,20.00000,0.77137,1
202,1363,238.42700,9.08667,2.00789,82.09466,49.00000,,20.00000,0.77137,1
202,1364,238.62300,9.09333,2.01144,82.09216,50.00000,,20.00000,0.77138,1
202,1365,238.82100,9.10000,2.01503,82.08806,50.00000,,20.00000,0.77138,1
202,1366,239.03000,9.10667,2.01868,82.08611,49.00000,,20.00000,0.77138,1
202,1367,239.21500,9.11333,2.02217,82.08415,50.00000,,20.00000,0.77139,1
202,1368,239.41701,9.12000,2.02561,82.08218,49.00000,,20.00000,0.77139,1
202,1369,239.62199,9.12667,2.02905,82.07701,49.00000,,20.00000,0.77139,1
202,1370,239.82300,9.13333,2.03249,82.07129,50.00000,,20.00000,0.77140,1
202,1371,240.01601,9.14000,2.03572,82.06662,50.00000,,20.00000,0.77140,1
202,1372,240.21300,9.14667,2.03915,82.06624,50.00000,,20.00000,0.77140,1
202,1373,240.41400,9.15333,2.04286,82.06645,50.00000,,20.00000,0.77141,1
202,1374,240.61099,9.16000,2.04635,82.06559,50.00000,,20.00000,0.77141,1
202,1375,240.81599,9.16667,2.04979,82.06310,50.00000,,20.00000,0.77141,1
202,1376,241.01199,9.17333,2.05344,82.05953,50.00000,,20.00000,0.77142,1
202,1377,241.20799,9.18000,2.05731,82.05704,50.00000,,20.00000,0.77142,1
202,1378,241.40601,9.18667,2.06090,82.05402,51.00000,,20.00000,0.77142,1
202,1379,241.59500,9.19333,2.06429,82.05153,51.00000,,20.00000,0.77142,1
202,1380,241.79700,9.20000,2.06741,82.04904,49.00000,,20.00000,0.77143,1
202,1381,242.00000,9.20667,2.07091,82.04441,49.00000,,20.00000,0.77143,1
202,1382,242.19400,9.21333,2.07435,82.04032,50.00000,,20.00000,0.77143,1
202,1383,242.39799,9.22000,2.07789,82.03677,50.00000,,20.00000,0.77143,1
202,1384,242.57500,9.22667,2.08133,82.03643,50.00000,,20.00000,0.77144,1
202,1385,242.77901,9.23333,2.08478,82.03663,49.00000,,20.00000,0.77144,1
202,1386,242.97900,9.24000,2.08832,82.03682,49.00000,,20.00000,0.77144,1
202,1387,243.16600,9.24667,2.09198,82.03487,51.00000,,20.00000,0.77144,1
202,1388,243.37801,9.25333,2.09552,82.03021,51.00000,,20.00000,0.77145,1
202,1389,243.57001,9.26000,2.09865,82.02661,50.00000,,20.00000,0.77145,1
202,1390,243.75200,9.26667,2.10172,82.02469,49.00000,,20.00000,0.77145,1
202,1391,243.96300,9.27333,2.10505,82.02330,49.00000,,20.00000,0.77145,1
202,1392,244.15700,9.28000,2.10849,82.02135,50.00000,,20.00000,0.77145,1
202,1393,244.34900,9.28667,2.11204,82.01939,50.00000,,20.00000,0.77146,1
202,1394,244.54300,9.29333,2.11570,82.01528,50.00000,,20.00000,0.77146,1
202,1395,244.74400,9.30000,2.11951,82.01171,50.00000,,20.00000,0.77146,1
202,1396,244.94200,9.30667,2.12264,82.00814,50.00000,,20.00000,0.77146,1
202,1397,245.13300,9.31333,2.12603,82.00670,50.00000,,20.00000,0.77146,1
202,1398,245.32899,9.32000,2.12926,82.00688,50.00000,,20.00000,0.77146,1
202,1399,245.53400,9.32667,2.13249,82.00652,50.00000,,20.00000,0.77147,1
202,1400,245.73599,9.33333,2.13577,82.00453,50.00000,,20.00000,0.77147,1
202,1401,245.91901,9.34000,2.13906,82.00147,50.00000,,20.00000,0.77147,1
202,1402,246.11099,9.34667,2.14239,81.99793,50.00000,,20.00000,0.77147,1
202,1403,246.31300,9.35333,2.14568,81.99600,49.00000,,20.00000,0.77147,1
202,1404,246.50800,9.36000,2.14896,81.99457,49.00000,,20.00000,0.77147,1
202,1405,246.70300,9.36667,2.15235,81.99260,50.00000,,20.00000,0.77147,1
202,1406,246.89799,9.37333,2.15575,81.99062,50.00000,,20.00000,0.77147,1
202,1407,247.10001,9.38000,2.15871,81.98811,52.00000,,20.00000,0.77147,1
202,1408,247.28999,9.38667,2.16210,81.98560,52.00000,,20.00000,0.77148,1
202,1409,247.48599,9.39333,2.16539,81.97988,49.00000,,20.00000,0.77148,1
202,1410,247.68600,9.40000,2.16862,81.97523,49.00000,,20.00000,0.77148,1
202,1411,247.89000,9.40667,2.17201,81.97166,50.00000,,20.00000,0.77148,1
202,1412,248.07100,9.41333,2.17525,81.97185,50.00000,,20.00000,0.77148,1
202,1413,248.26401,9.42000,2.17832,81.97149,51.00000,,20.00000,0.77148,1
202,1414,248.46100,9.42667,2.18166,81.96899,51.00000,,20.00000,0.77148,1
202,1415,248.65500,9.43333,2.18490,81.96648,51.00000,,20.00000,0.77148,1
202,1416,248.85001,9.44000,2.18818,81.96449,49.00000,,20.00000,0.77148,1
202,1417,249.05600,9.44667,2.19131,81.96194,49.00000,,20.00000,0.77148,1
202,1418,249.24400,9.45333,2.19444,81.96046,49.00000,,20.00000,0.77148,1
202,1419,249.44501,9.46000,2.19773,81.95797,50.00000,,20.00000,0.77148,1
202,1420,249.64200,9.46667,2.20080,81.95442,50.00000,,20.00000,0.77148,1
202,1421,249.83400,9.47333,2.20404,81.95191,49.00000,,20.00000,0.77148,1
202,1422,250.02800,9.48000,2.20727,81.94994,49.00000,,20.00000,0.77148,1
202,1423,250.22000,9.48667,2.21051,81.94904,49.00000,,20.00000,0.77148,1
202,1424,250.41200,9.49333,2.21321,81.94761,49.00000,,20.00000,0.77148,1
202,1425,250.61200,9.50000,2.21618,81.94563,50.00000,,20.00000,0.77148,1
202,1426,250.81000,9.50667,2.21947,81.94473,50.00000,,20.00000,0.77148,1
202,1427,251.00000,9.51333,2.22265,81.94383,50.00000,,20.00000,0.77148,1
202,1428,251.19200,9.52000,2.22584,81.94239,50.00000,,20.00000,0.77148,1
202,1429,251.38499,9.52667,2.22897,81.93663,50.00000,,20.00000,0.77148,1
202,1430,251.57700,9.53333,2.23199,81.93195,49.00000,,20.00000,0.77148,1
202,1431,251.78300,9.54000,2.23502,81.92786,51.00000,,20.00000,0.77148,1
202,1432,251.97900,9.54667,2.23799,81.92699,52.00000,,20.00000,0.77148,1
202,1433,252.16000,9.55333,2.24096,81.92717,52.00000,,20.00000,0.77148,1
202,1434,252.35400,9.56000,2.24399,81.92732,52.00000,,20.00000,0.77148,1
202,1435,252.54500,9.56667,2.24685,81.92693,49.00000,,20.00000,0.77147,1
202,1436,252.74400,9.57333,2.24972,81.92552,49.00000,,20.00000,0.77147,1
202,1437,252.93800,9.58000,2.25264,81.92357,50.00000,,20.00000,0.77147,1
202,1438,253.13499,9.58667,2.25556,81.92212,50.00000,,20.00000,0.77147,1
202,1439,253.32201,9.59333,2.25848,81.92068,50.00000,,20.00000,0.77147,1
202,1440,253.51700,9.60000,2.26129,81.91871,50.00000,,20.00000,0.77147,1
202,1441,253.71899,9.60667,2.26427,81.91620,49.00000,,20.00000,0.77147,1
202,1442,253.90100,9.61333,2.26687,81.91477,49.00000,,20.00000,0.77147,1
202,1443,254.09599,9.62000,2.26963,81.91173,50.00000,,20.00000,0.77147,1
202,1444,254.28500,9.62667,2.27255,81.90923,50.00000,,20.00000,0.77146,1
202,1445,254.48100,9.63333,2.27542,81.90725,50.00000,,20.00000,0.77146,1
202,1446,254.66299,9.64000,2.27839,81.90470,51.00000,,20.00000,0.77146,1
202,1447,254.86900,9.64667,2.28126,81.90001,50.00000,,20.00000,0.77146,1
202,1448,255.06300,9.65333,2.28402,81.89645,50.00000,,20.00000,0.77146,1
202,1449,255.25101,9.66000,2.28695,81.89342,49.00000,,20.00000,0.77146,1
202,1450,255.44299,9.66667,2.28976,81.89250,49.00000,,20.00000,0.77145,1
202,1451,255.63499,9.67333,2.29258,81.89266,49.00000,,20.00000,0.77145,1
202,1452,255.83501,9.68000,2.29534,81.89228,51.00000,,20.00000,0.77145,1
202,1453,256.03299,9.68667,2.29784,81.89030,51.00000,,20.00000,0.77145,1
202,1454,256.21701,9.69333,2.30034,81.88724,52.00000,,20.00000,0.77145,1
202,1455,256.40900,9.70000,2.30284,81.88364,49.00000,,20.00000,0.77144,1
202,1456,256.59900,9.70667,2.30544,81.88165,49.00000,,20.00000,0.77144,1
202,1457,256.79599,9.71333,2.30731,81.87966,50.00000,,20.00000,0.77144,1
202,1458,256.99100,9.72000,2.30991,81.87766,50.00000,,20.00000,0.77144,1
202,1459,257.18500,9.72667,2.31268,81.87567,50.00000,,20.00000,0.77144,1
202,1460,257.37799,9.73333,2.31512,81.87476,50.00000,,20.00000,0.77143,1
202,1461,257.57501,9.74000,2.31704,81.87331,50.00000,,20.00000,0.77143,1
202,1462,257.75400,9.74667,2.31912,81.86651,49.00000,,20.00000,0.77143,1
202,1463,257.95200,9.75333,2.32193,81.86075,49.00000,,20.00000,0.77143,1
202,1464,258.14001,9.76000,2.32401,81.85767,50.00000,,20.00000,0.77142,1
202,1465,258.33099,9.76667,2.32641,81.85732,50.00000,,20.00000,0.77142,1
202,1466,258.52200,9.77333,2.32811,81.85751,50.00000,,20.00000,0.77142,1
202,1467,258.71799,9.78000,2.32998,81.85714,50.00000,,20.00000,0.77141,1
202,1468,258.91901,9.78667,2.33163,81.85516,50.00000,,20.00000,0.77141,1
202,1469,259.09500,9.79333,2.33344,81.85318,50.00000,,20.00000,0.77141,1
202,1470,259.28799,9.80000,2.33536,81.85121,49.00000,,20.00000,0.77141,1
202,1471,259.48099,9.80667,2.33717,81.84923,49.00000,,20.00000,0.77140,1
202,1472,259.66299,9.81333,2.33845,81.84724,51.00000,,20.00000,0.77140,1
202,1473,259.85800,9.82000,2.33979,81.84525,51.00000,,20.00000,0.77140,1
202,1474,260.05499,9.82667,2.34097,81.84218,52.00000,,20.00000,0.77139,1
202,1475,260.24399,9.83333,2.34193,81.83854,52.00000,,20.00000,0.77139,1
202,1476,260.43701,9.84000,2.34327,81.83651,49.00000,,20.00000,0.77139,1
202,1477,260.63400,9.84667,2.34402,81.83509,49.00000,,20.00000,0.77138,1
202,1478,260.82199,9.85333,2.34488,81.83366,50.00000,,20.00000,0.77138,1
202,1479,261.00601,9.86000,2.34505,81.83221,50.00000,,20.00000,0.77138,1
202,1480,261.20099,9.86667,2.34543,81.82969,50.00000,,20.00000,0.77137,1
202,1481,261.39301,9.87333,2.34555,81.82503,50.00000,,20.00000,0.77137,1
202,1482,261.58301,9.88000,2.34545,81.82144,51.00000,,20.00000,0.77136,1
202,1483,261.77100,9.88667,2.34536,81.81839,51.00000,,20.00000,0.77136,1
202,1484,261.95499,9.89333,2.34521,81.81748,49.00000,,20.00000,0.77136,1
202,1485,262.14801,9.90000,2.34432,81.81710,49.00000,,20.00000,0.77135,1
202,1486,262.34000,9.90667,2.34280,81.81565,50.00000,,20.00000,0.77135,1
202,1487,262.53201,9.91333,2.34169,81.81312,50.00000,,20.00000,0.77134,1
202,1488,262.71899,9.92000,2.34070,81.80898,50.00000,,20.00000,0.77134,1
202,1489,262.90701,9.92667,2.33901,81.80697,50.00000,,20.00000,0.77134,1
202,1490,263.10101,9.93333,2.33685,81.80496,49.00000,,20.00000,0.77133,1
202,1491,263.29001,9.94000,2.33474,81.80296,49.00000,,20.00000,0.77133,1
202,1492,263.48700,9.94667,2.33237,81.79770,51.00000,,20.00000,0.77132,1
202,1493,263.69199,9.95333,2.32989,81.79192,51.00000,,20.00000,0.77132,1
202,1494,263.86401,9.96000,2.32672,81.78888,51.00000,,20.00000,0.77131,1
202,1495,264.04901,9.96667,2.32318,81.78693,52.00000,,20.00000,0.77131,1
202,1496,264.23901,9.97333,2.31948,81.78440,52.00000,,20.00000,0.77131,1
202,1497,264.42999,9.98000,2.31573,81.78188,49.00000,,20.00000,0.77130,1
202,1498,264.63300,9.98667,2.31145,81.77936,49.00000,,20.00000,0.77130,1
202,1499,264.81000,9.99333,2.30706,81.77630,50.00000,,20.00000,0.77129,1
202,1500,264.99899,10.00000,2.30203,81.76788,50.00000,,20.00000,0.77129,1
202,1501,265.18201,10.00667,2.29711,81.76213,50.00000,,20.00000,0.77128,1
202,1502,265.36600,10.01333,2.29193,81.76121,50.00000,,20.00000,0.77128,1
202,1503,265.57800,10.02000,2.28632,81.75921,52.00000,,20.00000,0.77127,1
202,1504,265.75000,10.02667,2.27997,81.75396,49.00000,,20.00000,0.77127,1
202,1505,265.95001,10.03333,2.27373,81.74978,49.00000,,20.00000,0.77126,1
202,1506,266.13800,10.04000,2.26658,81.74192,50.00000,,20.00000,0.77126,1
202,1507,266.32300,10.04667,2.25970,81.73621,50.00000,,20.00000,0.77125,1
202,1508,266.50299,10.05333,2.25266,81.73528,50.00000,,20.00000,0.77125,1
202,1509,266.70001,10.06000,2.24525,81.73329,50.00000,,20.00000,0.77124,1
202,1510,266.89200,10.06667,2.23752,81.72807,49.00000,,20.00000,0.77124,1
202,1511,267.07800,10.07333,2.22969,81.72018,49.00000,,20.00000,0.77123,1
202,1512,267.26901,10.08000,2.22159,81.71069,49.00000,,20.00000,0.77122,1
202,1513,267.45401,10.08667,2.21279,81.70870,51.00000,,20.00000,0.77122,1
202,1514,267.63400,10.09333,2.20406,81.70403,50.00000,,20.00000,0.77121,1
202,1515,267.82800,10.10000,2.19474,81.69935,51.00000,,20.00000,0.77121,1
202,1516,268.01199,10.10667,2.18568,81.68823,51.00000,,20.00000,0.77120,1
202,1517,268.20300,10.11333,2.17620,81.68302,50.00000,,20.00000,0.77120,1
202,1518,268.40500,10.12000,2.16662,81.67995,50.00000,,20.00000,0.77119,1
202,1519,268.58099,10.12667,2.15655,81.67259,49.00000,,20.00000,0.77118,1
202,1520,268.76401,10.13333,2.14670,81.66202,49.00000,,20.00000,0.77118,1
202,1521,268.95099,10.14000,2.13669,81.65142,51.00000,,20.00000,0.77117,1
202,1522,269.14301,10.14667,2.12610,81.64565,51.00000,,20.00000,0.77117,1
202,1523,269.33401,10.15333,2.11524,81.63565,52.00000,,20.00000,0.77116,1
202,1524,269.51599,10.16000,2.10385,81.62510,52.00000,,20.00000,0.77115,1
202,1525,269.70001,10.16667,2.09278,81.61935,49.00000,,20.00000,0.77115,1
202,1526,269.87701,10.17333,2.08176,81.60931,49.00000,,20.00000,0.77114,1
202,1527,270.08600,10.18000,2.07064,81.59873,50.00000,,20.00000,0.77114,1
202,1528,270.26901,10.18667,2.05877,81.58815,50.00000,,20.00000,0.77113,1
202,1529,270.45401,10.19333,2.04685,81.57756,50.00000,,20.00000,0.77112,1
202,1530,270.63699,10.20000,2.03519,81.56484,50.00000,,20.00000,0.77112,1
202,1531,270.82800,10.20667,2.02290,81.55319,49.00000,,20.00000,0.77111,1
202,1532,271.01401,10.21333,2.01056,81.53832,49.00000,,20.00000,0.77110,1
202,1533,271.19601,10.22000,1.99837,81.52396,49.00000,,20.00000,0.77110,1
202,1534,271.38599,10.22667,1.98624,81.50799,49.00000,,20.00000,0.77109,1
202,1535,271.58499,10.23333,1.97357,81.48993,50.00000,,20.00000,0.77108,1
202,1536,271.75601,10.24000,1.96096,81.47135,50.00000,,20.00000,0.77108,1
202,1537,271.94699,10.24667,1.94835,81.45489,50.00000,,20.00000,0.77107,1
202,1538,272.13199,10.25333,1.93585,81.43414,50.00000,,20.00000,0.77106,1
202,1539,272.31400,10.26000,1.92329,81.41554,49.00000,,20.00000,0.77106,1
202,1540,272.50000,10.26667,1.91057,81.39695,49.00000,,20.00000,0.77105,1
202,1541,272.68399,10.27333,1.89764,81.37567,50.00000,,20.00000,0.77104,1
202,1542,272.85001,10.28000,1.88450,81.35439,50.00000,,20.00000,0.77103,1
202,1543,273.05499,10.28667,1.87115,81.33310,51.00000,,20.00000,0.77103,1
202,1544,273.22900,10.29333,1.85715,81.31341,50.00000,,20.00000,0.77102,1
202,1545,273.41901,10.30000,1.84385,81.29372,50.00000,,20.00000,0.77101,1
202,1546,273.60300,10.30667,1.83045,81.27457,50.00000,,20.00000,0.77101,1
202,1547,273.78799,10.31333,1.81714,81.25595,50.00000,,20.00000,0.77100,1
202,1548,273.97299,10.32000,1.80405,81.23734,49.00000,,20.00000,0.77099,1
202,1549,274.16699,10.32667,1.79097,81.22087,50.00000,,20.00000,0.77098,1
202,1550,274.33701,10.33333,1.77777,81.20491,50.00000,,20.00000,0.77098,1
202,1551,274.52200,10.34000,1.76410,81.18680,50.00000,,20.00000,0.77097,1
202,1552,274.71301,10.34667,1.75063,81.17089,51.00000,,20.00000,0.77096,1
202,1553,274.89099,10.35333,1.73701,81.15229,49.00000,,20.00000,0.77095,1
202,1554,275.07901,10.36000,1.72345,81.13795,50.00000,,20.00000,0.77094,1
202,1555,275.27499,10.36667,1.70993,81.12040,49.00000,,20.00000,0.77094,1
202,1556,275.45300,10.37333,1.69642,81.10392,49.00000,,20.00000,0.77093,1
202,1557,275.63901,10.38000,1.68290,81.08317,50.00000,,20.00000,0.77092,1
202,1558,275.82199,10.38667,1.66949,81.06831,50.00000,,20.00000,0.77091,1
202,1559,275.99899,10.39333,1.65597,81.04917,50.00000,,20.00000,0.77090,1
202,1560,276.18100,10.40000,1.64294,81.03002,50.00000,,20.00000,0.77090,1
202,1561,276.36499,10.40667,1.62990,81.01355,50.00000,,20.00000,0.77089,1
202,1562,276.55499,10.41333,1.61659,80.99759,49.00000,,20.00000,0.77088,1
202,1563,276.73499,10.42000,1.60350,80.97680,49.00000,,20.00000,0.77087,1
202,1564,276.91599,10.42667,1.59062,80.95821,51.00000,,20.00000,0.77086,1
202,1565,277.10999,10.43333,1.57743,80.94070,51.00000,,20.00000,0.77085,1
202,1566,277.28101,10.44000,1.56423,80.92638,52.00000,,20.00000,0.77085,1
202,1567,277.45901,10.44667,1.55108,80.90293,52.00000,,20.00000,0.77084,1
202,1568,277.64899,10.45333,1.53820,80.88752,50.00000,,20.00000,0.77083,1
202,1569,277.83200,10.46000,1.52548,80.86889,49.00000,,20.00000,0.77082,1
202,1570,278.02200,10.46667,1.51286,80.85294,49.00000,,20.00000,0.77081,1
202,1571,278.20599,10.47333,1.50057,80.83216,51.00000,,20.00000,0.77080,1
202,1572,278.39001,10.48000,1.48795,80.81246,51.00000,,20.00000,0.77079,1
202,1573,278.56900,10.48667,1.47549,80.79438,52.00000,,20.00000,0.77079,1
202,1574,278.75400,10.49333,1.46314,80.77523,52.00000,,20.00000,0.77078,1
202,1575,278.94101,10.50000,1.45127,80.75716,49.00000,,20.00000,0.77077,1
202,1576,279.11499,10.50667,1.43929,80.73748,49.00000,,20.00000,0.77076,1
202,1577,279.30200,10.51333,1.42721,80.72050,49.00000,,20.00000,0.77075,1
202,1578,279.47198,10.52000,1.41544,80.70029,50.00000,,20.00000,0.77074,1
202,1579,279.65500,10.52667,1.40404,80.68006,50.00000,,20.00000,0.77073,1
202,1580,279.83600,10.53333,1.39265,80.66250,50.00000,,20.00000,0.77072,1
202,1581,280.01401,10.54000,1.38120,80.64177,50.00000,,20.00000,0.77071,1
202,1582,280.19901,10.54667,1.36985,80.62051,49.00000,,20.00000,0.77070,1
202,1583,280.38199,10.55333,1.35893,80.60350,49.00000,,20.00000,0.77070,1
202,1584,280.56201,10.56000,1.34796,80.58327,49.00000,,20.00000,0.77069,1
202,1585,280.73801,10.56667,1.33704,80.56197,49.00000,,20.00000,0.77068,1
202,1586,280.92801,10.57333,1.32655,80.54066,51.00000,,20.00000,0.77067,1
202,1587,281.10501,10.58000,1.31626,80.51936,50.00000,,20.00000,0.77066,1
202,1588,281.29700,10.58667,1.30603,80.49805,50.00000,,20.00000,0.77065,1
202,1589,281.47000,10.59333,1.29639,80.47675,50.00000,,20.00000,0.77064,1
202,1590,281.64999,10.60000,1.28674,80.45545,49.00000,,20.00000,0.77063,1
202,1591,281.83600,10.60667,1.27720,80.43412,49.00000,,20.00000,0.77062,1
202,1592,282.01099,10.61333,1.26787,80.41280,49.00000,,20.00000,0.77061,1
202,1593,282.20099,10.62000,1.25908,80.39153,49.00000,,20.00000,0.77060,1
202,1594,282.37299,10.62667,1.25023,80.37026,51.00000,,20.00000,0.77059,1
202,1595,282.55499,10.63333,1.24164,80.34896,51.00000,,20.00000,0.77058,1
202,1596,282.73199,10.64000,1.23306,80.32763,52.00000,,20.00000,0.77057,1
202,1597,282.91901,10.64667,1.22500,80.30737,52.00000,,20.00000,0.77056,1
202,1598,283.09698,10.65333,1.21742,80.28610,49.00000,,20.00000,0.77055,1
202,1599,283.28299,10.66000,1.20985,80.26805,49.00000,,20.00000,0.77054,1
202,1600,283.45499,10.66667,1.20232,80.24782,50.00000,,20.00000,0.77053,1
202,1601,283.63901,10.67333,1.19512,80.22652,50.00000,,20.00000,0.77052,1
202,1602,283.81900,10.68000,1.18860,80.20522,50.00000,,20.00000,0.77051,1
202,1603,283.99701,10.68667,1.18230,80.18499,50.00000,,20.00000,0.77050,1
202,1604,284.18600,10.69333,1.17584,80.16370,51.00000,,20.00000,0.77049,1
202,1605,284.35501,10.70000,1.16985,80.14562,51.00000,,20.00000,0.77048,1
202,1606,284.53799,10.70667,1.16403,80.12539,49.00000,,20.00000,0.77047,1
202,1607,284.70801,10.71333,1.15884,80.10409,49.00000,,20.00000,0.77046,1
202,1608,284.89899,10.72000,1.15408,80.08276,50.00000,,20.00000,0.77045,1
202,1609,285.07501,10.72667,1.14942,80.06143,50.00000,,20.00000,0.77044,1
202,1610,285.26001,10.73333,1.14514,80.04015,50.00000,,20.00000,0.77043,1
202,1611,285.43201,10.74000,1.14101,80.01886,50.00000,,20.00000,0.77041,1
202,1612,285.61899,10.74667,1.13699,79.99755,50.00000,,20.00000,0.77040,1
202,1613,285.79800,10.75333,1.13430,79.97624,49.00000,,20.00000,0.77039,1
202,1614,285.98499,10.76000,1.13171,79.95493,49.00000,,20.00000,0.77038,1
202,1615,286.15100,10.76667,1.12865,79.93362,49.00000,,20.00000,0.77037,1
202,1616,286.33600,10.77333,1.12574,79.91231,50.00000,,20.00000,0.77036,1
202,1617,286.51401,10.78000,1.12331,79.89100,50.00000,,20.00000,0.77035,1
202,1618,286.69901,10.78667,1.12126,79.86969,51.00000,,20.00000,0.77034,1
202,1619,286.87900,10.79333,1.11947,79.84945,51.00000,,20.00000,0.77033,1
202,1620,287.05600,10.80000,1.11805,79.82814,52.00000,,20.00000,0.77032,1
202,1621,287.23199,10.80667,1.11738,79.81005,49.00000,,20.00000,0.77030,1
202,1622,287.41599,10.81333,1.11835,79.78981,50.00000,,20.00000,0.77029,1
202,1623,287.59799,10.82000,1.11874,79.77278,50.00000,,20.00000,0.77028,1
202,1624,287.77100,10.82667,1.11923,79.75253,51.00000,,20.00000,0.77027,1
202,1625,287.95200,10.83333,1.11946,79.73225,50.00000,,20.00000,0.77026,1
202,1626,288.13199,10.84000,1.11980,79.71466,50.00000,,20.00000,0.77025,1
202,1627,288.32199,10.84667,1.12146,79.69498,50.00000,,20.00000,0.77024,1
202,1628,288.50000,10.85333,1.12355,79.67744,50.00000,,20.00000,0.77022,1
202,1629,288.67099,10.86000,1.12553,79.65772,49.00000,,20.00000,0.77021,1
202,1630,288.85001,10.86667,1.12778,79.63747,49.00000,,20.00000,0.77020,1
202,1631,289.03699,10.87333,1.13014,79.61883,50.00000,,20.00000,0.77019,1
202,1632,289.22101,10.88000,1.13350,79.59806,50.00000,,20.00000,0.77018,1
202,1633,289.39899,10.88667,1.13708,79.58103,50.00000,,20.00000,0.77016,1
202,1634,289.56799,10.89333,1.14060,79.56080,50.00000,,20.00000,0.77015,1
202,1635,289.74500,10.90000,1.14471,79.54378,49.00000,,20.00000,0.77014,1
202,1636,289.92899,10.90667,1.14898,79.52355,49.00000,,20.00000,0.77013,1
202,1637,290.10400,10.91333,1.15324,79.50650,51.00000,,20.00000,0.77012,1
202,1638,290.28101,10.92000,1.15778,79.48730,50.00000,,20.00000,0.77011,1
202,1639,290.46799,10.92667,1.16311,79.47138,50.00000,,20.00000,0.77009,1
202,1640,290.63699,10.93333,1.16897,79.45384,49.00000,,20.00000,0.77008,1
202,1641,290.81500,10.94000,1.17451,79.43735,50.00000,,20.00000,0.77007,1
202,1642,290.99301,10.94667,1.18027,79.42138,49.00000,,20.00000,0.77006,1
202,1643,291.18500,10.95333,1.18629,79.40649,49.00000,,20.00000,0.77004,1
202,1644,291.35199,10.96000,1.19301,79.38998,49.00000,,20.00000,0.77003,1
202,1645,291.53201,10.96667,1.19962,79.37561,51.00000,,20.00000,0.77002,1
202,1646,291.72101,10.97333,1.20606,79.36018,51.00000,,20.00000,0.77001,1
202,1647,291.89999,10.98000,1.21336,79.34635,52.00000,,20.00000,0.76999,1
202,1648,292.07901,10.98667,1.22056,79.33092,52.00000,,20.00000,0.76998,1
202,1649,292.25699,10.99333,1.22833,79.31711,49.00000,,20.00000,0.76997,1
202,1650,292.43500,11.00000,1.23617,79.30169,49.00000,,20.00000,0.76996,1
202,1651,292.60800,11.00667,1.24394,79.28628,50.00000,,20.00000,0.76994,1
202,1652,292.78900,11.01333,1.25183,79.27086,50.00000,,20.00000,0.76993,1
202,1653,292.96600,11.02000,1.25987,79.25491,50.00000,,20.00000,0.76992,1
202,1654,293.14099,11.02667,1.26797,79.24483,50.00000,,20.00000,0.76990,1
202,1655,293.31400,11.03333,1.27586,79.23688,50.00000,,20.00000,0.76989,1
202,1656,293.49399,11.04000,1.28401,79.22094,51.00000,,20.00000,0.76988,1
202,1657,293.67700,11.04667,1.29243,79.20714,49.00000,,20.00000,0.76987,1
202,1658,293.85901,11.05333,1.30122,79.19866,49.00000,,20.00000,0.76985,1
202,1659,294.04099,11.06000,1.30969,79.18267,49.00000,,20.00000,0.76984,1
202,1660,294.21201,11.06667,1.31817,79.17259,50.00000,,20.00000,0.76983,1
202,1661,294.39899,11.07333,1.32680,79.16411,50.00000,,20.00000,0.76981,1
202,1662,294.58701,11.08000,1.33533,79.15135,50.00000,,20.00000,0.76980,1
202,1663,294.75101,11.08667,1.34390,79.14074,49.00000,,20.00000,0.76979,1
202,1664,294.93500,11.09333,1.35281,79.13013,49.00000,,20.00000,0.76977,1
202,1665,295.12299,11.10000,1.36176,79.12166,51.00000,,20.00000,0.76976,1
202,1666,295.28799,11.10667,1.37060,79.11209,51.00000,,20.00000,0.76974,1
202,1667,295.45999,11.11333,1.37924,79.10360,52.00000,,20.00000,0.76973,1
202,1668,295.66299,11.12000,1.38793,79.09302,51.00000,,20.00000,0.76972,1
202,1669,295.82300,11.12667,1.39662,79.08243,51.00000,,20.00000,0.76970,1
202,1670,296.01199,11.13333,1.40509,79.07450,49.00000,,20.00000,0.76969,1
202,1671,296.18201,11.14000,1.41368,79.06926,49.00000,,20.00000,0.76968,1
202,1672,296.36200,11.14667,1.42215,79.06133,50.00000,,20.00000,0.76966,1
202,1673,296.53799,11.15333,1.43063,79.05071,51.00000,,20.00000,0.76965,1
202,1674,296.71399,11.16000,1.43916,79.04277,51.00000,,20.00000,0.76963,1
202,1675,296.90201,11.16667,1.44722,79.03483,52.00000,,20.00000,0.76962,1
202,1676,297.07999,11.17333,1.45538,79.02689,52.00000,,20.00000,0.76961,1
202,1677,297.25299,11.18000,1.46386,79.01894,52.00000,,20.00000,0.76959,1
202,1678,297.42999,11.18667,1.47175,79.01099,49.00000,,20.00000,0.76958,1
202,1679,297.61801,11.19333,1.47981,79.00573,49.00000,,20.00000,0.76956,1
202,1680,297.79501,11.20000,1.48781,78.99777,50.00000,,20.00000,0.76955,1
202,1681,297.97900,11.20667,1.49581,78.98982,50.00000,,20.00000,0.76953,1
202,1682,298.15302,11.21333,1.50387,78.98188,50.00000,,20.00000,0.76952,1
202,1683,298.33701,11.22000,1.51113,78.97283,50.00000,,20.00000,0.76950,1
202,1684,298.50601,11.22667,1.51865,78.96861,49.00000,,20.00000,0.76949,1
202,1685,298.69601,11.23333,1.52650,78.95910,49.00000,,20.00000,0.76947,1
202,1686,298.87201,11.24000,1.53418,78.95012,49.00000,,20.00000,0.76946,1
202,1687,299.04300,11.24667,1.54182,78.94111,49.00000,,20.00000,0.76945,1
202,1688,299.22000,11.25333,1.54918,78.93907,50.00000,,20.00000,0.76943,1
202,1689,299.40500,11.26000,1.55645,78.93006,51.00000,,20.00000,0.76942,1
202,1690,299.57300,11.26667,1.56376,78.92104,50.00000,,20.00000,0.76940,1
202,1691,299.75800,11.27333,1.57097,78.91579,50.00000,,20.00000,0.76939,1
202,1692,299.94299,11.28000,1.57834,78.90785,49.00000,,20.00000,0.76937,1
202,1693,300.11099,11.28667,1.58560,78.89991,49.00000,,20.00000,0.76936,1
202,1694,300.28101,11.29333,1.59297,78.89464,50.00000,,20.00000,0.76934,1
202,1695,300.46701,11.30000,1.60018,78.88989,50.00000,,20.00000,0.76933,1
202,1696,300.65100,11.30667,1.60718,78.88299,49.00000,,20.00000,0.76931,1
202,1697,300.82599,11.31333,1.61434,78.87614,50.00000,,20.00000,0.76930,1
202,1698,301.00101,11.32000,1.62155,78.87091,50.00000,,20.00000,0.76928,1
202,1699,301.18100,11.32667,1.62876,78.86565,50.00000,,20.00000,0.76927,1
202,1700,301.35501,11.33333,1.63619,78.85877,49.00000,,20.00000,0.76925,1
202,1701,301.53201,11.34000,1.64335,78.85512,49.00000,,20.00000,0.76924,1
202,1702,301.71600,11.34667,1.65056,78.85468,49.00000,,20.00000,0.76922,1
202,1703,301.89099,11.35333,1.65777,78.85156,50.00000,,20.00000,0.76920,1
202,1704,302.07401,11.36000,1.66525,78.84575,50.00000,,20.00000,0.76919,1
202,1705,302.23700,11.36667,1.67257,78.84209,50.00000,,20.00000,0.76917,1
202,1706,302.42801,11.37333,1.67974,78.83683,49.00000,,20.00000,0.76916,1
202,1707,302.60199,11.38000,1.68716,78.83156,49.00000,,20.00000,0.76914,1
202,1708,302.77802,11.38667,1.69475,78.82897,49.00000,,20.00000,0.76913,1
202,1709,302.96100,11.39333,1.70239,78.82853,49.00000,,20.00000,0.76911,1
202,1710,303.13400,11.40000,1.71019,78.82594,50.00000,,20.00000,0.76909,1
202,1711,303.31500,11.40667,1.71778,78.82175,50.00000,,20.00000,0.76908,1
202,1712,303.48999,11.41333,1.72527,78.81859,50.00000,,20.00000,0.76906,1
202,1713,303.65900,11.42000,1.73291,78.81597,50.00000,,20.00000,0.76905,1
202,1714,303.84601,11.42667,1.74056,78.81340,49.00000,,20.00000,0.76903,1
202,1715,304.02802,11.43333,1.74825,78.81083,49.00000,,20.00000,0.76901,1
202,1716,304.20700,11.44000,1.75622,78.80609,51.00000,,20.00000,0.76900,1
202,1717,304.38300,11.44667,1.76413,78.80189,51.00000,,20.00000,0.76898,1
202,1718,304.56201,11.45333,1.77188,78.79823,52.00000,,20.00000,0.76897,1
202,1719,304.73599,11.46000,1.77979,78.79779,52.00000,,20.00000,0.76895,1
202,1720,304.90900,11.46667,1.78738,78.79734,51.00000,,20.00000,0.76893,1
202,1721,305.08600,11.47333,1.79503,78.79582,49.00000,,20.00000,0.76892,1
202,1722,305.27100,11.48000,1.80263,78.79323,50.00000,,20.00000,0.76890,1
202,1723,305.44400,11.48667,1.81027,78.79063,50.00000,,20.00000,0.76888,1
202,1724,305.62701,11.49333,1.81776,78.78855,49.00000,,20.00000,0.76887,1
202,1725,305.80200,11.50000,1.82536,78.78646,51.00000,,20.00000,0.76885,1
202,1726,305.97699,11.50667,1.83322,78.78497,51.00000,,20.00000,0.76883,1
202,1727,306.14801,11.51333,1.84087,78.78509,52.00000,,20.00000,0.76882,1
202,1728,306.33499,11.52000,1.84836,78.78358,52.00000,,20.00000,0.76880,1
202,1729,306.50800,11.52667,1.85574,78.78259,50.00000,,20.00000,0.76878,1
202,1730,306.68399,11.53333,1.86308,78.78108,49.00000,,20.00000,0.76877,1
202,1731,306.86499,11.54000,1.87020,78.77956,49.00000,,20.00000,0.76875,1
202,1732,307.03101,11.54667,1.87731,78.77803,50.00000,,20.00000,0.76873,1
202,1733,307.21100,11.55333,1.88395,78.77651,50.00000,,20.00000,0.76872,1
202,1734,307.39401,11.56000,1.89081,78.77499,50.00000,,20.00000,0.76870,1
202,1735,307.57300,11.56667,1.89751,78.77401,50.00000,,20.00000,0.76868,1
202,1736,307.74899,11.57333,1.90420,78.77248,50.00000,,20.00000,0.76866,1
202,1737,307.92001,11.58000,1.91090,78.77149,49.00000,,20.00000,0.76865,1
202,1738,308.08701,11.58667,1.91770,78.76996,49.00000,,20.00000,0.76863,1
202,1739,308.27802,11.59333,1.92445,78.76897,51.00000,,20.00000,0.76861,1
202,1740,308.45801,11.60000,1.93120,78.76636,50.00000,,20.00000,0.76860,1
202,1741,308.63501,11.60667,1.93779,78.76425,51.00000,,20.00000,0.76858,1
202,1742,308.81100,11.61333,1.94401,78.76214,50.00000,,20.00000,0.76856,1
202,1743,308.99200,11.62000,1.95023,78.76010,50.00000,,20.00000,0.76854,1
202,1744,309.16901,11.62667,1.95656,78.75807,50.00000,,20.00000,0.76853,1
202,1745,309.34601,11.63333,1.96209,78.75762,49.00000,,20.00000,0.76851,1
202,1746,309.52200,11.64000,1.96799,78.75717,49.00000,,20.00000,0.76849,1
202,1747,309.68900,11.64667,1.97415,78.75726,51.00000,,20.00000,0.76847,1
202,1748,309.86899,11.65333,1.97995,78.75734,51.00000,,20.00000,0.76846,1
202,1749,310.04901,11.66000,1.98585,78.75743,51.00000,,20.00000,0.76844,1
202,1750,310.23001,11.66667,1.99176,78.75752,52.00000,,20.00000,0.76842,1
202,1751,310.40100,11.67333,1.99739,78.75760,50.00000,,20.00000,0.76840,1
202,1752,310.56799,11.68000,2.00303,78.75769,50.00000,,20.00000,0.76838,1
202,1753,310.75400,11.68667,2.00835,78.75774,49.00000,,20.00000,0.76837,1
202,1754,310.92899,11.69333,2.01377,78.75726,49.00000,,20.00000,0.76835,1
202,1755,311.09900,11.70000,2.01909,78.75683,50.00000,,20.00000,0.76833,1
202,1756,311.28601,11.70667,2.02425,78.75641,50.00000,,20.00000,0.76831,1
202,1757,311.45700,11.71333,2.02941,78.75595,50.00000,,20.00000,0.76829,1
202,1758,311.62900,11.72000,2.03436,78.75492,50.00000,,20.00000,0.76828,1
202,1759,311.81000,11.72667,2.03936,78.75444,49.00000,,20.00000,0.76826,1
202,1760,311.98801,11.73333,2.04436,78.75401,49.00000,,20.00000,0.76824,1
202,1761,312.16101,11.74000,2.04941,78.75304,50.00000,,20.00000,0.76822,1
202,1762,312.34201,11.74667,2.05420,78.75258,50.00000,,20.00000,0.76820,1
202,1763,312.51599,11.75333,2.05878,78.75159,50.00000,,20.00000,0.76818,1
202,1764,312.69101,11.76000,2.06330,78.75113,50.00000,,20.00000,0.76816,1
202,1765,312.86899,11.76667,2.06799,78.75068,49.00000,,20.00000,0.76815,1
202,1766,313.04700,11.77333,2.07251,78.74969,49.00000,,20.00000,0.76813,1
202,1767,313.21201,11.78000,2.07714,78.74924,49.00000,,20.00000,0.76811,1
202,1768,313.39301,11.78667,2.08172,78.74879,49.00000,,20.00000,0.76809,1
202,1769,313.56601,11.79333,2.08592,78.74888,51.00000,,20.00000,0.76807,1
202,1770,313.74301,11.80000,2.08997,78.74894,51.00000,,20.00000,0.76805,1
202,1771,313.91501,11.80667,2.09412,78.74899,51.00000,,20.00000,0.76803,1
202,1772,314.08899,11.81333,2.09849,78.74856,52.00000,,20.00000,0.76802,1
202,1773,314.26700,11.82000,2.10280,78.74866,49.00000,,20.00000,0.76800,1
202,1774,314.44400,11.82667,2.10728,78.74873,49.00000,,20.00000,0.76798,1
202,1775,314.62500,11.83333,2.11149,78.74826,50.00000,,20.00000,0.76796,1
202,1776,314.79199,11.84000,2.11532,78.74779,50.00000,,20.00000,0.76794,1
202,1777,314.97400,11.84667,2.11926,78.74732,51.00000,,20.00000,0.76792,1
202,1778,315.15799,11.85333,2.12337,78.74685,51.00000,,20.00000,0.76790,1
202,1779,315.33099,11.86000,2.12774,78.74639,52.00000,,20.00000,0.76788,1
202,1780,315.49899,11.86667,2.13178,78.74592,52.00000,,20.00000,0.76786,1
202,1781,315.67899,11.87333,2.13493,78.74546,49.00000,,20.00000,0.76784,1
202,1782,315.85699,11.88000,2.13855,78.74501,49.00000,,20.00000,0.76782,1
202,1783,316.03101,11.88667,2.14234,78.74456,50.00000,,20.00000,0.76780,1
202,1784,316.20401,11.89333,2.14591,78.74410,50.00000,,20.00000,0.76778,1
202,1785,316.37399,11.90000,2.14958,78.74365,50.00000,,20.00000,0.76777,1
202,1786,316.55200,11.90667,2.15332,78.74319,50.00000,,20.00000,0.76775,1
202,1787,316.72699,11.91333,2.15678,78.74271,50.00000,,20.00000,0.76773,1
202,1788,316.89099,11.92000,2.16040,78.74221,49.00000,,20.00000,0.76771,1
202,1789,317.07999,11.92667,2.16403,78.74178,49.00000,,20.00000,0.76769,1
202,1790,317.25800,11.93333,2.16750,78.74134,49.00000,,20.00000,0.76767,1
202,1791,317.43201,11.94000,2.17081,78.74087,49.00000,,20.00000,0.76765,1
202,1792,317.60199,11.94667,2.17411,78.74041,50.00000,,20.00000,0.76763,1
202,1793,317.77899,11.95333,2.17726,78.74048,51.00000,,20.00000,0.76761,1
202,1794,317.95099,11.96000,2.18057,78.74002,51.00000,,20.00000,0.76759,1
202,1795,318.13400,11.96667,2.18393,78.74010,50.00000,,20.00000,0.76757,1
202,1796,318.30600,11.97333,2.18724,78.74018,49.00000,,20.00000,0.76755,1
202,1797,318.46799,11.98000,2.19044,78.74024,49.00000,,20.00000,0.76753,1
202,1798,318.64999,11.98667,2.19348,78.73978,49.00000,,20.00000,0.76751,1
202,1799,318.82999,11.99333,2.19642,78.73982,50.00000,,20.00000,0.76749,1
202,1800,319.00299,12.00000,2.19909,78.73987,51.00000,,20.00000,0.76747,1
202,1801,319.18500,12.00667,2.20235,78.73998,51.00000,,20.00000,0.76745,1
202,1802,319.35001,12.01333,2.20555,78.74009,52.00000,,20.00000,0.76743,1
202,1803,319.51700,12.02000,2.20848,78.74017,52.00000,,20.00000,0.76741,1
202,1804,319.68799,12.02667,2.21147,78.74025,49.00000,,20.00000,0.76739,1
202,1805,319.87601,12.03333,2.21420,78.74033,49.00000,,20.00000,0.76737,1
202,1806,320.03900,12.04000,2.21714,78.74040,50.00000,,20.00000,0.76735,1
202,1807,320.22699,12.04667,2.21981,78.74047,50.00000,,20.00000,0.76732,1
202,1808,320.38300,12.05333,2.22307,78.74054,50.00000,,20.00000,0.76731,1
202,1809,320.57401,12.06000,2.22590,78.74061,50.00000,,20.00000,0.76728,1
202,1810,320.73199,12.06667,2.22878,78.74014,49.00000,,20.00000,0.76726,1
202,1811,320.91599,12.07333,2.23125,78.74021,51.00000,,20.00000,0.76724,1
202,1812,321.09698,12.08000,2.23419,78.73974,49.00000,,20.00000,0.76722,1
202,1813,321.26801,12.08667,2.23708,78.73981,49.00000,,20.00000,0.76720,1
202,1814,321.44501,12.09333,2.23943,78.73988,50.00000,,20.00000,0.76718,1
202,1815,321.60599,12.10000,2.24178,78.73941,50.00000,,20.00000,0.76716,1
202,1816,321.79099,12.10667,2.24424,78.73891,50.00000,,20.00000,0.76714,1
202,1817,321.95901,12.11333,2.24670,78.73895,50.00000,,20.00000,0.76712,1
202,1818,322.14001,12.12000,2.24933,78.73851,49.00000,,20.00000,0.76710,1
202,1819,322.31900,12.12667,2.25211,78.73860,49.00000,,20.00000,0.76707,1
202,1820,322.48099,12.13333,2.25473,78.73813,49.00000,,20.00000,0.76706,1
202,1821,322.66699,12.14000,2.25730,78.73819,49.00000,,20.00000,0.76703,1
202,1822,322.83600,12.14667,2.25987,78.73772,50.00000,,20.00000,0.76701,1
202,1823,323.00601,12.15333,2.26180,78.73779,50.00000,,20.00000,0.76699,1
202,1824,323.18799,12.16000,2.26416,78.73732,50.00000,,20.00000,0.76697,1
202,1825,323.36099,12.16667,2.26667,78.73685,51.00000,,20.00000,0.76695,1
202,1826,323.53101,12.17333,2.26962,78.73692,49.00000,,20.00000,0.76693,1
202,1827,323.71100,12.18000,2.27203,78.73646,49.00000,,20.00000,0.76690,1
202,1828,323.87900,12.18667,2.27455,78.73651,50.00000,,20.00000,0.76688,1
202,1829,324.05399,12.19333,2.27642,78.73602,51.00000,,20.00000,0.76686,1
202,1830,324.21500,12.20000,2.27835,78.73559,52.00000,,20.00000,0.76684,1
202,1831,324.39001,12.20667,2.28044,78.73515,51.00000,,20.00000,0.76682,1
202,1832,324.57999,12.21333,2.28291,78.73469,49.00000,,20.00000,0.76680,1
202,1833,324.74200,12.22000,2.28527,78.73475,51.00000,,20.00000,0.76678,1
202,1834,324.91400,12.22667,2.28741,78.73428,49.00000,,20.00000,0.76675,1
202,1835,325.08701,12.23333,2.28961,78.73381,50.00000,,20.00000,0.76673,1
202,1836,325.26999,12.24000,2.29187,78.73387,50.00000,,20.00000,0.76671,1
202,1837,325.43600,12.24667,2.29407,78.73339,50.00000,,20.00000,0.76669,1
202,1838,325.61301,12.25333,2.29638,78.73344,50.00000,,20.00000,0.76667,1
202,1839,325.79199,12.26000,2.29852,78.73297,49.00000,,20.00000,0.76664,1
202,1840,325.96600,12.26667,2.30062,78.73303,49.00000,,20.00000,0.76662,1
202,1841,326.13300,12.27333,2.30303,78.73256,49.00000,,20.00000,0.76660,1
202,1842,326.30801,12.28000,2.30491,78.73262,49.00000,,20.00000,0.76658,1
202,1843,326.48599,12.28667,2.30690,78.73216,51.00000,,20.00000,0.76656,1
202,1844,326.65399,12.29333,2.30889,78.73222,51.00000,,20.00000,0.76653,1
202,1845,326.83200,12.30000,2.31088,78.73173,52.00000,,20.00000,0.76651,1
202,1846,326.99600,12.30667,2.31286,78.73176,49.00000,,20.00000,0.76649,1
202,1847,327.17999,12.31333,2.31496,78.73132,49.00000,,20.00000,0.76647,1
202,1848,327.34201,12.32000,2.31700,78.73087,49.00000,,20.00000,0.76645,1
202,1849,327.52100,12.32667,2.31899,78.73093,49.00000,,20.00000,0.76642,1
202,1850,327.69501,12.33333,2.32082,78.73045,50.00000,,20.00000,0.76640,1
202,1851,327.87000,12.34000,2.32271,78.72997,50.00000,,20.00000,0.76638,1
202,1852,328.04901,12.34667,2.32481,78.73003,50.00000,,20.00000,0.76635,1
202,1853,328.21600,12.35333,2.32701,78.72956,50.00000,,20.00000,0.76633,1
202,1854,328.39001,12.36000,2.32841,78.72962,51.00000,,20.00000,0.76631,1
202,1855,328.55801,12.36667,2.33019,78.72915,49.00000,,20.00000,0.76629,1
202,1856,328.74301,12.37333,2.33245,78.72869,49.00000,,20.00000,0.76626,1
202,1857,328.89999,12.38000,2.33471,78.72873,50.00000,,20.00000,0.76624,1
202,1858,329.08600,12.38667,2.33590,78.72823,50.00000,,20.00000,0.76622,1
202,1859,329.24701,12.39333,2.33778,78.72833,50.00000,,20.00000,0.76620,1
202,1860,329.41599,12.40000,2.33999,78.72789,50.00000,,20.00000,0.76617,1
202,1861,329.59799,12.40667,2.34177,78.72797,49.00000,,20.00000,0.76615,1
202,1862,329.76801,12.41333,2.34312,78.72750,49.00000,,20.00000,0.76613,1
202,1863,329.94101,12.42000,2.34501,78.72704,51.00000,,20.00000,0.76610,1
202,1864,330.10599,12.42667,2.34705,78.72658,50.00000,,20.00000,0.76608,1
202,1865,330.27701,12.43333,2.34872,78.72666,50.00000,,20.00000,0.76606,1
202,1866,330.45099,12.44000,2.35018,78.72619,50.00000,,20.00000,0.76603,1
202,1867,330.61499,12.44667,2.35201,78.72572,49.00000,,20.00000,0.76601,1
202,1868,330.79501,12.45333,2.35385,78.72524,49.00000,,20.00000,0.76599,1
202,1869,330.96600,12.46000,2.35558,78.72530,49.00000,,20.00000,0.76597,1
202,1870,331.14099,12.46667,2.35715,78.72482,49.00000,,20.00000,0.76594,1
202,1871,331.31500,12.47333,2.35893,78.72434,51.00000,,20.00000,0.76592,1
202,1872,331.48599,12.48000,2.36076,78.72440,51.00000,,20.00000,0.76589,1
202,1873,331.65799,12.48667,2.36260,78.72393,51.00000,,20.00000,0.76587,1
202,1874,331.82901,12.49333,2.36427,78.72342,51.00000,,20.00000,0.76585,1
202,1875,332.00101,12.50000,2.36589,78.72346,49.00000,,20.00000,0.76582,1
202,1876,332.17401,12.50667,2.36746,78.72301,49.00000,,20.00000,0.76580,1
202,1877,332.34500,12.51333,2.36898,78.72257,50.00000,,20.00000,0.76578,1
202,1878,332.52600,12.52000,2.37071,78.72264,50.00000,,20.00000,0.76575,1
202,1879,332.68900,12.52667,2.37244,78.72217,50.00000,,20.00000,0.76573,1
202,1880,332.86200,12.53333,2.37406,78.72225,50.00000,,20.00000,0.76571,1
202,1881,333.02200,12.54000,2.37579,78.72178,49.00000,,20.00000,0.76568,1
202,1882,333.19800,12.54667,2.37725,78.72185,49.00000,,20.00000,0.76566,1
202,1883,333.37399,12.55333,2.37882,78.72191,50.00000,,20.00000,0.76563,1
202,1884,333.54501,12.56000,2.38040,78.72198,50.00000,,20.00000,0.76561,1
202,1885,333.71600,12.56667,2.38197,78.72150,50.00000,,20.00000,0.76559,1
202,1886,333.88300,12.57333,2.38364,78.72153,50.00000,,20.00000,0.76556,1
202,1887,334.06000,12.58000,2.38516,78.72157,50.00000,,20.00000,0.76554,1
202,1888,334.22900,12.58667,2.38577,78.72166,49.00000,,20.00000,0.76551,1
202,1889,334.39899,12.59333,2.38756,78.72175,49.00000,,20.00000,0.76549,1
202,1890,334.57599,12.60000,2.38924,78.72181,49.00000,,20.00000,0.76547,1
202,1891,334.74500,12.60667,2.39097,78.72187,50.00000,,20.00000,0.76544,1
202,1892,334.90900,12.61333,2.39264,78.72193,51.00000,,20.00000,0.76542,1
202,1893,335.09000,12.62000,2.39433,78.72198,51.00000,,20.00000,0.76539,1
202,1894,335.25800,12.62667,2.39590,78.72204,51.00000,,20.00000,0.76537,1
202,1895,335.43100,12.63333,2.39753,78.72209,49.00000,,20.00000,0.76534,1
202,1896,335.60400,12.64000,2.39905,78.72215,49.00000,,20.00000,0.76532,1
202,1897,335.77802,12.64667,2.40041,78.72221,49.00000,,20.00000,0.76529,1
202,1898,335.95001,12.65333,2.40156,78.72228,50.00000,,20.00000,0.76527,1
202,1899,336.11600,12.66000,2.40281,78.72235,51.00000,,20.00000,0.76525,1
202,1900,336.29099,12.66667,2.40417,78.72242,52.00000,,20.00000,0.76522,1
202,1901,336.44501,12.67333,2.40552,78.72248,49.00000,,20.00000,0.76520,1
202,1902,336.62299,12.68000,2.40721,78.72255,49.00000,,20.00000,0.76517,1
202,1903,336.80499,12.68667,2.40879,78.72259,49.00000,,20.00000,0.76515,1
202,1904,336.96799,12.69333,2.41041,78.72262,50.00000,,20.00000,0.76512,1
202,1905,337.13599,12.70000,2.41183,78.72271,50.00000,,20.00000,0.76510,1
202,1906,337.30200,12.70667,2.41319,78.72280,50.00000,,20.00000,0.76507,1
202,1907,337.47800,12.71333,2.41444,78.72286,50.00000,,20.00000,0.76505,1
202,1908,337.64899,12.72000,2.41575,78.72291,49.00000,,20.00000,0.76502,1
202,1909,337.83200,12.72667,2.41717,78.72298,49.00000,,20.00000,0.76500,1
202,1910,337.99100,12.73333,2.41875,78.72304,50.00000,,20.00000,0.76497,1
202,1911,338.16101,12.74000,2.42022,78.72310,49.00000,,20.00000,0.76495,1
202,1912,338.32800,12.74667,2.42072,78.72316,50.00000,,20.00000,0.76492,1
202,1913,338.49701,12.75333,2.42241,78.72322,50.00000,,20.00000,0.76490,1
202,1914,338.67700,12.76000,2.42404,78.72329,51.00000,,20.00000,0.76487,1
202,1915,338.85001,12.76667,2.42562,78.72335,49.00000,,20.00000,0.76485,1
202,1916,339.00900,12.77333,2.42703,78.72341,49.00000,,20.00000,0.76482,1
202,1917,339.18100,12.78000,2.42840,78.72346,51.00000,,20.00000,0.76480,1
202,1918,339.35001,12.78667,2.42976,78.72352,51.00000,,20.00000,0.76477,1
202,1919,339.52899,12.79333,2.43113,78.72357,51.00000,,20.00000,0.76475,1
202,1920,339.69800,12.80000,2.43255,78.72360,52.00000,,20.00000,0.76472,1
202,1921,339.86700,12.80667,2.43381,78.72362,52.00000,,20.00000,0.76469,1
202,1922,340.03699,12.81333,2.43517,78.72371,49.00000,,20.00000,0.76467,1
202,1923,340.21201,12.82000,2.43654,78.72380,49.00000,,20.00000,0.76464,1
202,1924,340.37799,12.82667,2.43790,78.72386,50.00000,,20.00000,0.76462,1
202,1925,340.54501,12.83333,2.43921,78.72392,50.00000,,20.00000,0.76459,1
202,1926,340.72101,12.84000,2.44042,78.72398,50.00000,,20.00000,0.76457,1
202,1927,340.89099,12.84667,2.44163,78.72404,50.00000,,20.00000,0.76454,1
202,1928,341.05399,12.85333,2.44288,78.72410,49.00000,,20.00000,0.76452,1
202,1929,341.22699,12.86000,2.44425,78.72416,49.00000,,20.00000,0.76449,1
202,1930,341.39499,12.86667,2.44578,78.72422,49.00000,,20.00000,0.76446,1
202,1931,341.57001,12.87333,2.44704,78.72428,51.00000,,20.00000,0.76444,1
202,1932,341.73901,12.88000,2.44814,78.72431,50.00000,,20.00000,0.76441,1
202,1933,341.90302,12.88667,2.44935,78.72433,50.00000,,20.00000,0.76439,1
202,1934,342.06900,12.89333,2.45066,78.72441,50.00000,,20.00000,0.76436,1
202,1935,342.25000,12.90000,2.45198,78.72450,50.00000,,20.00000,0.76433,1
202,1936,342.43500,12.90667,2.45325,78.72456,49.00000,,20.00000,0.76430,1
202,1937,342.57901,12.91333,2.45455,78.72461,49.00000,,20.00000,0.76428,1
202,1938,342.75900,12.92000,2.45577,78.72468,51.00000,,20.00000,0.76425,1
202,1939,342.92999,12.92667,2.45714,78.72474,51.00000,,20.00000,0.76423,1
202,1940,343.09201,12.93333,2.45834,78.72480,52.00000,,20.00000,0.76420,1
202,1941,343.25800,12.94000,2.45955,78.72486,52.00000,,20.00000,0.76418,1
202,1942,343.43301,12.94667,2.46076,78.72492,49.00000,,20.00000,0.76415,1
202,1943,343.60699,12.95333,2.46197,78.72499,49.00000,,20.00000,0.76412,1
202,1944,343.77802,12.96000,2.46324,78.72505,50.00000,,20.00000,0.76410,1
202,1945,343.94000,12.96667,2.46450,78.72511,49.00000,,20.00000,0.76407,1
202,1946,344.09601,12.97333,2.46575,78.72517,50.00000,,20.00000,0.76405,1
202,1947,344.28000,12.98000,2.46697,78.72523,50.00000,,20.00000,0.76402,1
202,1948,344.44901,12.98667,2.46754,78.72529,50.00000,,20.00000,0.76399,1
202,1949,344.60800,12.99333,2.46933,78.72531,49.00000,,20.00000,0.76396,1
202,1950,344.80099,13.00000,2.47066,78.72533,50.00000,,20.00000,0.76393,1
202,1951,344.95300,13.00667,2.47171,78.72542,50.00000,,20.00000,0.76391,1
202,1952,345.11899,13.01333,2.47292,78.72551,50.00000,,20.00000,0.76388,1
202,1953,345.29700,13.02000,2.47440,78.72558,50.00000,,20.00000,0.76386,1
202,1954,345.45499,13.02667,2.47571,78.72564,50.00000,,20.00000,0.76383,1
202,1955,345.63699,13.03333,2.47709,78.72517,49.00000,,20.00000,0.76380,1
202,1956,345.79700,13.04000,2.47809,78.72523,50.00000,,20.00000,0.76378,1
202,1957,345.96100,13.04667,2.47935,78.72529,50.00000,,20.00000,0.76375,1
202,1958,346.13199,13.05333,2.48056,78.72534,52.00000,,20.00000,0.76372,1
202,1959,346.30499,13.06000,2.48162,78.72539,52.00000,,20.00000,0.76369,1
202,1960,346.46799,13.06667,2.48267,78.72490,49.00000,,20.00000,0.76367,1
202,1961,346.64301,13.07333,2.48378,78.72384,49.00000,,20.00000,0.76364,1
202,1962,346.82199,13.08000,2.48500,78.72331,49.00000,,20.00000,0.76361,1
202,1963,346.98700,13.08667,2.48615,78.72285,50.00000,,20.00000,0.76358,1
202,1964,347.16000,13.09333,2.48721,78.72186,50.00000,,20.00000,0.76356,1
202,1965,347.32199,13.10000,2.48837,78.72138,50.00000,,20.00000,0.76353,1
202,1966,347.49301,13.10667,2.48953,78.72091,50.00000,,20.00000,0.76350,1
202,1967,347.66101,13.11333,2.49080,78.72043,49.00000,,20.00000,0.76348,1
202,1968,347.82999,13.12000,2.49201,78.71996,49.00000,,20.00000,0.76345,1
202,1969,347.99600,13.12667,2.49317,78.71948,50.00000,,20.00000,0.76342,1
202,1970,348.16000,13.13333,2.49439,78.71899,50.00000,,20.00000,0.76339,1
202,1971,348.33401,13.14000,2.49560,78.71851,50.00000,,20.00000,0.76337,1
202,1972,348.50000,13.14667,2.49676,78.71801,50.00000,,20.00000,0.76334,1
202,1973,348.67700,13.15333,2.49788,78.71751,49.00000,,20.00000,0.76331,1
202,1974,348.84299,13.16000,2.49915,78.71702,49.00000,,20.00000,0.76328,1
202,1975,349.01801,13.16667,2.50047,78.71706,51.00000,,20.00000,0.76325,1
202,1976,349.19299,13.17333,2.50110,78.71657,51.00000,,20.00000,0.76322,1
202,1977,349.35501,13.18000,2.50232,78.71662,52.00000,,20.00000,0.76320,1
202,1978,349.52100,13.18667,2.50353,78.71667,52.00000,,20.00000,0.76317,1
202,1979,349.69101,13.19333,2.50497,78.71672,49.00000,,20.00000,0.76314,1
202,1980,349.85699,13.20000,2.50629,78.71623,49.00000,,20.00000,0.76311,1
202,1981,350.03799,13.20667,2.50741,78.71628,50.00000,,20.00000,0.76308,1
202,1982,350.20001,13.21333,2.50873,78.71633,50.00000,,20.00000,0.76306,1
202,1983,350.36200,13.22000,2.50973,78.71638,50.00000,,20.00000,0.76303,1
202,1984,350.54001,13.22667,2.51010,78.71643,50.00000,,20.00000,0.76300,1
202,1985,350.70401,13.23333,2.51131,78.71648,49.00000,,20.00000,0.76297,1
202,1986,350.87299,13.24000,2.51264,78.71599,49.00000,,20.00000,0.76294,1
202,1987,351.04700,13.24667,2.51392,78.71604,50.00000,,20.00000,0.76292,1
202,1988,351.21500,13.25333,2.51508,78.71609,50.00000,,20.00000,0.76289,1
202,1989,351.37601,13.26000,2.51614,78.71560,50.00000,,20.00000,0.76286,1
202,1990,351.55200,13.26667,2.51736,78.71565,50.00000,,20.00000,0.76283,1
202,1991,351.71500,13.27333,2.51874,78.71516,49.00000,,20.00000,0.76280,1
202,1992,351.89200,13.28000,2.52002,78.71521,49.00000,,20.00000,0.76277,1
202,1993,352.05301,13.28667,2.52129,78.71472,51.00000,,20.00000,0.76275,1
202,1994,352.22299,13.29333,2.52208,78.71477,51.00000,,20.00000,0.76272,1
202,1995,352.39600,13.30000,2.52309,78.71428,52.00000,,20.00000,0.76269,1
202,1996,352.56100,13.30667,2.52415,78.71433,52.00000,,20.00000,0.76266,1
202,1997,352.72800,13.31333,2.52521,78.71437,52.00000,,20.00000,0.76263,1
202,1998,352.89999,13.32000,2.52595,78.71389,49.00000,,20.00000,0.76260,1
202,1999,353.07001,13.32667,2.52712,78.71394,49.00000,,20.00000,0.76257,1
202,2000,353.23099,13.33333,2.52834,78.71345,50.00000,,20.00000,0.76254,1
202,2001,353.40201,13.34000,2.52989,78.71350,50.00000,,20.00000,0.76251,1
202,2002,353.57001,13.34667,2.53089,78.71301,50.00000,,20.00000,0.76249,1
202,2003,353.73801,13.35333,2.53201,78.71306,50.00000,,20.00000,0.76246,1
202,2004,353.91101,13.36000,2.53302,78.71257,50.00000,,20.00000,0.76243,1
202,2005,354.07999,13.36667,2.53414,78.71261,50.00000,,20.00000,0.76240,1
202,2006,354.23700,13.37333,2.53519,78.71266,50.00000,,20.00000,0.76237,1
202,2007,354.41599,13.38000,2.53621,78.71270,50.00000,,20.00000,0.76234,1
202,2008,354.58200,13.38667,2.53711,78.71221,50.00000,,20.00000,0.76231,1
202,2009,354.74899,13.39333,2.53823,78.71225,49.00000,,20.00000,0.76228,1
202,2010,354.92099,13.40000,2.53935,78.71231,49.00000,,20.00000,0.76225,1
202,2011,355.09500,13.40667,2.54095,78.71236,50.00000,,20.00000,0.76222,1
202,2012,355.24899,13.41333,2.54211,78.71241,50.00000,,20.00000,0.76219,1
202,2013,355.41599,13.42000,2.54323,78.71246,50.00000,,20.00000,0.76216,1
202,2014,355.58600,13.42667,2.54398,78.71252,51.00000,,20.00000,0.76213,1
202,2015,355.75601,13.43333,2.54477,78.71256,51.00000,,20.00000,0.76210,1
202,2016,355.92401,13.44000,2.54568,78.71261,49.00000,,20.00000,0.76208,1
202,2017,356.09000,13.44667,2.54674,78.71265,49.00000,,20.00000,0.76205,1
202,2018,356.25699,13.45333,2.54775,78.71269,50.00000,,20.00000,0.76202,1
202,2019,356.43600,13.46000,2.54872,78.71273,50.00000,,20.00000,0.76198,1
202,2020,356.59299,13.46667,2.54978,78.71277,50.00000,,20.00000,0.76196,1
202,2021,356.76700,13.47333,2.55095,78.71282,50.00000,,20.00000,0.76193,1
202,2022,356.94000,13.48000,2.55213,78.71287,51.00000,,20.00000,0.76190,1
202,2023,357.10001,13.48667,2.55335,78.71292,51.00000,,20.00000,0.76187,1
202,2024,357.25900,13.49333,2.55404,78.71297,49.00000,,20.00000,0.76184,1
202,2025,357.42999,13.50000,2.55516,78.71301,50.00000,,20.00000,0.76181,1
202,2026,357.60800,13.50667,2.55656,78.71306,50.00000,,20.00000,0.76178,1
202,2027,357.76999,13.51333,2.55741,78.71311,50.00000,,20.00000,0.76175,1
202,2028,357.94299,13.52000,2.55853,78.71315,50.00000,,20.00000,0.76172,1
202,2029,358.10501,13.52667,2.55981,78.71320,50.00000,,20.00000,0.76169,1
202,2030,358.26501,13.53333,2.56104,78.71324,49.00000,,20.00000,0.76166,1
202,2031,358.44199,13.54000,2.56216,78.71329,49.00000,,20.00000,0.76163,1
202,2032,358.60699,13.54667,2.56329,78.71333,51.00000,,20.00000,0.76160,1
202,2033,358.78400,13.55333,2.56431,78.71338,51.00000,,20.00000,0.76156,1
202,2034,358.94299,13.56000,2.56532,78.71342,52.00000,,20.00000,0.76154,1
202,2035,359.10400,13.56667,2.56633,78.71346,52.00000,,20.00000,0.76151,1
202,2036,359.27399,13.57333,2.56724,78.71351,49.00000,,20.00000,0.76148,1
202,2037,359.45599,13.58000,2.56826,78.71355,49.00000,,20.00000,0.76144,1
202,2038,359.60901,13.58667,2.56932,78.71358,51.00000,,20.00000,0.76141,1
202,2039,359.78299,13.59333,2.57040,78.71363,51.00000,,20.00000,0.76138,1
202,2040,359.95901,13.60000,2.57147,78.71367,52.00000,,20.00000,0.76135,1
202,2041,360.11499,13.60667,2.57238,78.71372,52.00000,,20.00000,0.76132,1
202,2042,360.28101,13.61333,2.57339,78.71377,49.00000,,20.00000,0.76129,1
202,2043,360.45401,13.62000,2.57457,78.71382,49.00000,,20.00000,0.76126,1
202,2044,360.61401,13.62667,2.57570,78.71387,50.00000,,20.00000,0.76123,1
202,2045,360.78201,13.63333,2.57645,78.71391,50.00000,,20.00000,0.76120,1
202,2046,360.95001,13.64000,2.57714,78.71396,50.00000,,20.00000,0.76117,1
202,2047,361.11600,13.64667,2.57827,78.71400,50.00000,,20.00000,0.76114,1
202,2048,361.29401,13.65333,2.57940,78.71404,49.00000,,20.00000,0.76111,1
202,2049,361.44901,13.66000,2.58046,78.71409,49.00000,,20.00000,0.76108,1
202,2050,361.62000,13.66667,2.58154,78.71413,50.00000,,20.00000,0.76105,1
202,2051,361.78500,13.67333,2.58266,78.71418,50.00000,,20.00000,0.76101,1
202,2052,361.95300,13.68000,2.58368,78.71422,51.00000,,20.00000,0.76098,1
202,2053,362.12399,13.68667,2.58465,78.71427,50.00000,,20.00000,0.76095,1
202,2054,362.28299,13.69333,2.58572,78.71431,50.00000,,20.00000,0.76092,1
202,2055,362.45001,13.70000,2.58690,78.71434,50.00000,,20.00000,0.76089,1
202,2056,362.62601,13.70667,2.58804,78.71438,49.00000,,20.00000,0.76086,1
202,2057,362.79199,13.71333,2.58911,78.71441,49.00000,,20.00000,0.76083,1
202,2058,362.95700,13.72000,2.59024,78.71444,51.00000,,20.00000,0.76080,1
202,2059,363.12900,13.72667,2.59131,78.71448,51.00000,,20.00000,0.76076,1
202,2060,363.29700,13.73333,2.59228,78.71451,52.00000,,20.00000,0.76073,1
202,2061,363.46399,13.74000,2.59341,78.71454,52.00000,,20.00000,0.76070,1
202,2062,363.63000,13.74667,2.59449,78.71458,52.00000,,20.00000,0.76067,1
202,2063,363.80200,13.75333,2.59551,78.71462,49.00000,,20.00000,0.76064,1
202,2064,363.96899,13.76000,2.59653,78.71467,49.00000,,20.00000,0.76061,1
202,2065,364.13501,13.76667,2.59739,78.71471,50.00000,,20.00000,0.76057,1
202,2066,364.29501,13.77333,2.59830,78.71476,50.00000,,20.00000,0.76054,1
202,2067,364.46600,13.78000,2.59928,78.71481,50.00000,,20.00000,0.76051,1
202,2068,364.62601,13.78667,2.60024,78.71485,50.00000,,20.00000,0.76048,1
202,2069,364.79800,13.79333,2.60137,78.71489,49.00000,,20.00000,0.76045,1
202,2070,364.95801,13.80000,2.60229,78.71492,49.00000,,20.00000,0.76042,1
202,2071,365.13599,13.80667,2.60316,78.71495,49.00000,,20.00000,0.76038,1
202,2072,365.30301,13.81333,2.60402,78.71498,50.00000,,20.00000,0.76035,1
202,2073,365.47601,13.82000,2.60499,78.71501,50.00000,,20.00000,0.76032,1
202,2074,365.63699,13.82667,2.60596,78.71505,49.00000,,20.00000,0.76029,1
202,2075,365.80899,13.83333,2.60699,78.71509,50.00000,,20.00000,0.76025,1
202,2076,365.96301,13.84000,2.60795,78.71514,49.00000,,20.00000,0.76022,1
202,2077,366.14001,13.84667,2.60909,78.71517,49.00000,,20.00000,0.76019,1
202,2078,366.29599,13.85333,2.61016,78.71521,49.00000,,20.00000,0.76016,1
202,2079,366.47198,13.86000,2.61060,78.71525,51.00000,,20.00000,0.76013,1
202,2080,366.64700,13.86667,2.61174,78.71528,51.00000,,20.00000,0.76009,1
202,2081,366.80301,13.87333,2.61292,78.71532,52.00000,,20.00000,0.76006,1
202,2082,366.96799,13.88000,2.61400,78.71535,52.00000,,20.00000,0.76003,1
202,2083,367.14099,13.88667,2.61492,78.71539,49.00000,,20.00000,0.76000,1
202,2084,367.31100,13.89333,2.61600,78.71543,49.00000,,20.00000,0.75996,1
202,2085,367.47601,13.90000,2.61687,78.71547,50.00000,,20.00000,0.75993,1
202,2086,367.63501,13.90667,2.61784,78.71550,50.00000,,20.00000,0.75990,1
202,2087,367.80301,13.91333,2.61881,78.71554,50.00000,,20.00000,0.75987,1
202,2088,367.97800,13.92000,2.61958,78.71558,50.00000,,20.00000,0.75983,1
202,2089,368.14099,13.92667,2.62022,78.71561,50.00000,,20.00000,0.75980,1
202,2090,368.30399,13.93333,2.62109,78.71564,50.00000,,20.00000,0.75977,1
202,2091,368.47601,13.94000,2.62201,78.71568,49.00000,,20.00000,0.75974,1
202,2092,368.65302,13.94667,2.62289,78.71571,50.00000,,20.00000,0.75970,1
202,2093,368.80301,13.95333,2.62385,78.71575,50.00000,,20.00000,0.75967,1
202,2094,368.97400,13.96000,2.62483,78.71579,50.00000,,20.00000,0.75964,1
202,2095,369.14200,13.96667,2.62586,78.71582,50.00000,,20.00000,0.75961,1
202,2096,369.30801,13.97333,2.62705,78.71586,50.00000,,20.00000,0.75957,1
202,2097,369.47101,13.98000,2.62813,78.71589,49.00000,,20.00000,0.75954,1
202,2098,369.65302,13.98667,2.62901,78.71592,49.00000,,20.00000,0.75950,1
202,2099,369.80600,13.99333,2.62992,78.71596,51.00000,,20.00000,0.75947,1
202,2100,369.97699,14.00000,2.63096,78.71599,51.00000,,20.00000,0.75944,1
202,2101,370.14301,14.00667,2.63188,78.71603,52.00000,,20.00000,0.75941,1
202,2102,370.31100,14.01333,2.63286,78.71606,52.00000,,20.00000,0.75937,1
202,2103,370.47198,14.02000,2.63367,78.71610,49.00000,,20.00000,0.75934,1
202,2104,370.64499,14.02667,2.63443,78.71614,49.00000,,20.00000,0.75931,1
202,2105,370.81400,14.03333,2.63541,78.71618,49.00000,,20.00000,0.75927,1
202,2106,370.97800,14.04000,2.63644,78.71622,49.00000,,20.00000,0.75924,1
202,2107,371.13800,14.04667,2.63731,78.71626,49.00000,,20.00000,0.75921,1
202,2108,371.29599,14.05333,2.63807,78.71630,51.00000,,20.00000,0.75918,1
202,2109,371.47198,14.06000,2.63905,78.71634,51.00000,,20.00000,0.75914,1
202,2110,371.64200,14.06667,2.64003,78.71638,52.00000,,20.00000,0.75911,1
202,2111,371.80099,14.07333,2.64106,78.71641,52.00000,,20.00000,0.75907,1
202,2112,371.97198,14.08000,2.64194,78.71645,49.00000,,20.00000,0.75904,1
202,2113,372.13300,14.08667,2.64280,78.71648,49.00000,,20.00000,0.75901,1
202,2114,372.30399,14.09333,2.64368,78.71651,50.00000,,20.00000,0.75897,1
202,2115,372.46600,14.10000,2.64460,78.71655,50.00000,,20.00000,0.75894,1
202,2116,372.63901,14.10667,2.64570,78.71659,50.00000,,20.00000,0.75890,1
202,2117,372.80701,14.11333,2.64668,78.71662,49.00000,,20.00000,0.75887,1
202,2118,372.95901,14.12000,2.64749,78.71665,49.00000,,20.00000,0.75884,1
202,2119,373.13800,14.12667,2.64837,78.71669,49.00000,,20.00000,0.75880,1
202,2120,373.29700,14.13333,2.64918,78.71672,50.00000,,20.00000,0.75877,1
202,2121,373.46399,14.14000,2.64984,78.71675,50.00000,,20.00000,0.75874,1
202,2122,373.63599,14.14667,2.65045,78.71679,51.00000,,20.00000,0.75870,1
202,2123,373.80200,14.15333,2.65154,78.71683,50.00000,,20.00000,0.75867,1
202,2124,373.96899,14.16000,2.65247,78.71687,50.00000,,20.00000,0.75863,1
202,2125,374.12601,14.16667,2.65350,78.71691,49.00000,,20.00000,0.75860,1
202,2126,374.29401,14.17333,2.65453,78.71694,49.00000,,20.00000,0.75857,1
202,2127,374.45300,14.18000,2.65535,78.71697,51.00000,,20.00000,0.75853,1
202,2128,374.63000,14.18667,2.65629,78.71700,51.00000,,20.00000,0.75850,1
202,2129,374.79199,14.19333,2.65727,78.71702,51.00000,,20.00000,0.75846,1
202,2130,374.96100,14.20000,2.65847,78.71705,52.00000,,20.00000,0.75843,1
202,2131,375.14099,14.20667,2.65962,78.71708,52.00000,,20.00000,0.75839,1
202,2132,375.29501,14.21333,2.66017,78.71711,49.00000,,20.00000,0.75836,1
202,2133,375.45700,14.22000,2.66093,78.71714,49.00000,,20.00000,0.75833,1
202,2134,375.63000,14.22667,2.66208,78.71718,50.00000,,20.00000,0.75829,1
202,2135,375.79599,14.23333,2.66301,78.71722,50.00000,,20.00000,0.75826,1
202,2136,375.96301,14.24000,2.66384,78.71726,50.00000,,20.00000,0.75822,1
202,2137,376.11801,14.24667,2.66471,78.71730,50.00000,,20.00000,0.75819,1
202,2138,376.29001,14.25333,2.66559,78.71735,49.00000,,20.00000,0.75815,1
202,2139,376.44800,14.26000,2.66646,78.71739,49.00000,,20.00000,0.75812,1
202,2140,376.61099,14.26667,2.66744,78.71742,51.00000,,20.00000,0.75809,1
202,2141,376.78201,14.27333,2.66832,78.71745,49.00000,,20.00000,0.75805,1
202,2142,376.94501,14.28000,2.66909,78.71749,50.00000,,20.00000,0.75802,1
202,2143,377.12100,14.28667,2.67003,78.71752,50.00000,,20.00000,0.75798,1
202,2144,377.28299,14.29333,2.67080,78.71756,49.00000,,20.00000,0.75794,1
202,2145,377.44199,14.30000,2.67151,78.71759,49.00000,,20.00000,0.75791,1
202,2146,377.60699,14.30667,2.67234,78.71762,49.00000,,20.00000,0.75788,1
202,2147,377.77600,14.31333,2.67311,78.71765,49.00000,,20.00000,0.75784,1
202,2148,377.94101,14.32000,2.67410,78.71768,50.00000,,20.00000,0.75781,1
202,2149,378.10501,14.32667,2.67492,78.71771,50.00000,,20.00000,0.75777,1
202,2150,378.28000,14.33333,2.67575,78.71774,50.00000,,20.00000,0.75773,1
202,2151,378.44299,14.34000,2.67652,78.71776,51.00000,,20.00000,0.75770,1
202,2152,378.59500,14.34667,2.67729,78.71778,49.00000,,20.00000,0.75767,1
202,2153,378.77499,14.35333,2.67812,78.71780,49.00000,,20.00000,0.75763,1
202,2154,378.94699,14.36000,2.67896,78.71782,49.00000,,20.00000,0.75759,1
202,2155,379.10901,14.36667,2.67973,78.71784,50.00000,,20.00000,0.75756,1
202,2156,379.28299,14.37333,2.68056,78.71786,50.00000,,20.00000,0.75752,1
202,2157,379.44501,14.38000,2.68144,78.71789,50.00000,,20.00000,0.75749,1
202,2158,379.61301,14.38667,2.68254,78.71792,49.00000,,20.00000,0.75745,1
202,2159,379.77600,14.39333,2.68336,78.71795,49.00000,,20.00000,0.75741,1
202,2160,379.93399,14.40000,2.68413,78.71798,50.00000,,20.00000,0.75738,1
202,2161,380.10901,14.40667,2.68491,78.71802,50.00000,,20.00000,0.75734,1
202,2162,380.27701,14.41333,2.68569,78.71806,50.00000,,20.00000,0.75731,1
202,2163,380.43500,14.42000,2.68646,78.71810,50.00000,,20.00000,0.75727,1
202,2164,380.60001,14.42667,2.68729,78.71814,49.00000,,20.00000,0.75724,1
202,2165,380.75800,14.43333,2.68800,78.71817,49.00000,,20.00000,0.75720,1
202,2166,380.92599,14.44000,2.68889,78.71821,49.00000,,20.00000,0.75717,1
202,2167,381.09500,14.44667,2.68999,78.71824,49.00000,,20.00000,0.75713,1
202,2168,381.25800,14.45333,2.69082,78.71826,50.00000,,20.00000,0.75710,1
202,2169,381.43100,14.46000,2.69165,78.71829,50.00000,,20.00000,0.75706,1
202,2170,381.58499,14.46667,2.69253,78.71831,50.00000,,20.00000,0.75702,1
202,2171,381.76199,14.47333,2.69326,78.71833,50.00000,,20.00000,0.75699,1
202,2172,381.92599,14.48000,2.69393,78.71835,50.00000,,20.00000,0.75695,1
202,2173,382.09399,14.48667,2.69476,78.71837,49.00000,,20.00000,0.75691,1
202,2174,382.25699,14.49333,2.69554,78.71840,49.00000,,20.00000,0.75688,1
202,2175,382.42801,14.50000,2.69643,78.71842,51.00000,,20.00000,0.75684,1
202,2176,382.59100,14.50667,2.69715,78.71845,52.00000,,20.00000,0.75680,1
202,2177,382.75900,14.51333,2.69798,78.71848,52.00000,,20.00000,0.75677,1
202,2178,382.91800,14.52000,2.69859,78.71851,52.00000,,20.00000,0.75673,1
202,2179,383.08499,14.52667,2.69916,78.71854,49.00000,,20.00000,0.75670,1
202,2180,383.25400,14.53333,2.69999,78.71857,49.00000,,20.00000,0.75666,1
202,2181,383.41901,14.54000,2.70104,78.71860,50.00000,,20.00000,0.75662,1
202,2182,383.58301,14.54667,2.70193,78.71862,50.00000,,20.00000,0.75659,1
202,2183,383.74399,14.55333,2.70281,78.71865,50.00000,,20.00000,0.75655,1
202,2184,383.91199,14.56000,2.70365,78.71868,49.00000,,20.00000,0.75651,1
202,2185,384.08899,14.56667,2.70449,78.71871,49.00000,,20.00000,0.75647,1
202,2186,384.24301,14.57333,2.70532,78.71875,49.00000,,20.00000,0.75644,1
202,2187,384.41299,14.58000,2.70588,78.71878,50.00000,,20.00000,0.75640,1
202,2188,384.56601,14.58667,2.70655,78.71881,50.00000,,20.00000,0.75637,1
202,2189,384.73401,14.59333,2.70738,78.71884,51.00000,,20.00000,0.75633,1
202,2190,384.90601,14.60000,2.70833,78.71834,51.00000,,20.00000,0.75629,1
202,2191,385.07101,14.60667,2.70911,78.71837,49.00000,,20.00000,0.75626,1
202,2192,385.23499,14.61333,2.70989,78.71840,49.00000,,20.00000,0.75622,1
202,2193,385.39401,14.62000,2.71061,78.71843,49.00000,,20.00000,0.75618,1
202,2194,385.55801,14.62667,2.71140,78.71847,49.00000,,20.00000,0.75615,1
202,2195,385.73001,14.63333,2.71213,78.71850,50.00000,,20.00000,0.75611,1
202,2196,385.89200,14.64000,2.71296,78.71853,50.00000,,20.00000,0.75607,1
202,2197,386.05099,14.64667,2.71369,78.71856,51.00000,,20.00000,0.75604,1
202,2198,386.21500,14.65333,2.71436,78.71858,51.00000,,20.00000,0.75600,1
202,2199,386.38699,14.66000,2.71482,78.71861,49.00000,,20.00000,0.75596,1
202,2200,386.54999,14.66667,2.71539,78.71862,49.00000,,20.00000,0.75593,1
202,2201,386.71899,14.67333,2.71650,78.71864,50.00000,,20.00000,0.75589,1
202,2202,386.88901,14.68000,2.71772,78.71866,50.00000,,20.00000,0.75585,1
202,2203,387.04999,14.68667,2.71855,78.71869,49.00000,,20.00000,0.75581,1
202,2204,387.21799,14.69333,2.71939,78.71871,49.00000,,20.00000,0.75577,1
202,2205,387.38501,14.70000,2.71953,78.71875,49.00000,,20.00000,0.75574,1
202,2206,387.54700,14.70667,2.71993,78.71878,49.00000,,20.00000,0.75570,1
202,2207,387.70700,14.71333,2.72115,78.71881,51.00000,,20.00000,0.75566,1
202,2208,387.87201,14.72000,2.72215,78.71884,51.00000,,20.00000,0.75563,1
202,2209,388.03000,14.72667,2.72298,78.71887,51.00000,,20.00000,0.75559,1
202,2210,388.20901,14.73333,2.72372,78.71836,50.00000,,20.00000,0.75555,1
202,2211,388.37701,14.74000,2.72446,78.71839,49.00000,,20.00000,0.75551,1
202,2212,388.52499,14.74667,2.72507,78.71841,49.00000,,20.00000,0.75548,1
202,2213,388.70200,14.75333,2.72592,78.71843,51.00000,,20.00000,0.75544,1
202,2214,388.85699,14.76000,2.72659,78.71845,51.00000,,20.00000,0.75540,1
202,2215,389.03299,14.76667,2.72733,78.71847,52.00000,,20.00000,0.75536,1
202,2216,389.20499,14.77333,2.72774,78.71849,52.00000,,20.00000,0.75532,1
202,2217,389.36099,14.78000,2.72814,78.71851,49.00000,,20.00000,0.75529,1
202,2218,389.52802,14.78667,2.72860,78.71854,49.00000,,20.00000,0.75525,1
202,2219,389.69699,14.79333,2.72934,78.71857,49.00000,,20.00000,0.75521,1
202,2220,389.85501,14.80000,2.73012,78.71860,50.00000,,20.00000,0.75517,1
202,2221,390.01901,14.80667,2.73102,78.71863,50.00000,,20.00000,0.75513,1
202,2222,390.17801,14.81333,2.73175,78.71812,50.00000,,20.00000,0.75510,1
202,2223,390.35199,14.82000,2.73249,78.71761,50.00000,,20.00000,0.75506,1
202,2224,390.51300,14.82667,2.73343,78.71709,49.00000,,20.00000,0.75502,1
202,2225,390.68201,14.83333,2.73439,78.71657,49.00000,,20.00000,0.75498,1
202,2226,390.85101,14.84000,2.73524,78.71606,50.00000,,20.00000,0.75494,1
202,2227,391.01901,14.84667,2.73597,78.71555,50.00000,,20.00000,0.75490,1
202,2228,391.17700,14.85333,2.73665,78.71505,50.00000,,20.00000,0.75487,1
202,2229,391.33499,14.86000,2.73721,78.71507,49.00000,,20.00000,0.75483,1
202,2230,391.50000,14.86667,2.73763,78.71456,49.00000,,20.00000,0.75479,1
202,2231,391.66501,14.87333,2.73852,78.71458,51.00000,,20.00000,0.75475,1
202,2232,391.83899,14.88000,2.73943,78.71406,51.00000,,20.00000,0.75471,1
202,2233,392.00400,14.88667,2.74000,78.71408,52.00000,,20.00000,0.75467,1
202,2234,392.17499,14.89333,2.74080,78.71410,52.00000,,20.00000,0.75463,1
202,2235,392.32800,14.90000,2.74158,78.71358,49.00000,,20.00000,0.75460,1
202,2236,392.49799,14.90667,2.74238,78.71360,49.00000,,20.00000,0.75456,1
202,2237,392.66800,14.91333,2.74257,78.71362,49.00000,,20.00000,0.75452,1
202,2238,392.82800,14.92000,2.74315,78.71365,50.00000,,20.00000,0.75448,1
202,2239,392.98901,14.92667,2.74383,78.71314,50.00000,,20.00000,0.75444,1
202,2240,393.17001,14.93333,2.74469,78.71317,49.00000,,20.00000,0.75440,1
202,2241,393.32401,14.94000,2.74531,78.71267,49.00000,,20.00000,0.75436,1
202,2242,393.47299,14.94667,2.74598,78.71163,50.00000,,20.00000,0.75433,1
202,2243,393.64801,14.95333,2.74683,78.71059,51.00000,,20.00000,0.75429,1
202,2244,393.81699,14.96000,2.74757,78.70955,52.00000,,20.00000,0.75425,1
202,2245,393.97000,14.96667,2.74830,78.70849,50.00000,,20.00000,0.75421,1
202,2246,394.13699,14.97333,2.74910,78.70798,49.00000,,20.00000,0.75417,1
202,2247,394.30499,14.98000,2.74984,78.70692,49.00000,,20.00000,0.75413,1
202,2248,394.47900,14.98667,2.75053,78.70587,50.00000,,20.00000,0.75409,1
202,2249,394.63199,14.99333,2.75121,78.70535,51.00000,,20.00000,0.75405,1
202,2250,394.81100,15.00000,2.75191,78.70483,49.00000,,20.00000,0.75401,1
202,2251,394.96799,15.00667,2.75237,78.70378,51.00000,,20.00000,0.75397,1
202,2252,395.13199,15.01333,2.75267,78.70328,49.00000,,20.00000,0.75393,1
202,2253,395.29999,15.02000,2.75325,78.70277,49.00000,,20.00000,0.75389,1
202,2254,395.45901,15.02667,2.75399,78.70226,50.00000,,20.00000,0.75386,1
202,2255,395.61401,15.03333,2.75467,78.70175,50.00000,,20.00000,0.75382,1
202,2256,395.79300,15.04000,2.75580,78.70124,50.00000,,20.00000,0.75378,1
202,2257,395.95700,15.04667,2.75665,78.70019,50.00000,,20.00000,0.75374,1
202,2258,396.11499,15.05333,2.75679,78.69968,49.00000,,20.00000,0.75370,1
202,2259,396.27701,15.06000,2.75758,78.69916,49.00000,,20.00000,0.75366,1
202,2260,396.44800,15.06667,2.75784,78.69865,51.00000,,20.00000,0.75362,1
202,2261,396.61301,15.07333,2.75826,78.69814,50.00000,,20.00000,0.75358,1
202,2262,396.77399,15.08000,2.75867,78.69817,50.00000,,20.00000,0.75354,1
202,2263,396.94000,15.08667,2.75936,78.69766,50.00000,,20.00000,0.75350,1
202,2264,397.09698,15.09333,2.76064,78.69714,49.00000,,20.00000,0.75346,1
202,2265,397.26300,15.10000,2.76166,78.69717,49.00000,,20.00000,0.75342,1
202,2266,397.43500,15.10667,2.76263,78.69719,51.00000,,20.00000,0.75338,1
202,2267,397.60001,15.11333,2.76321,78.69721,50.00000,,20.00000,0.75334,1
202,2268,397.75800,15.12000,2.76351,78.69670,50.00000,,20.00000,0.75330,1
202,2269,397.92700,15.12667,2.76382,78.69673,50.00000,,20.00000,0.75326,1
202,2270,398.08499,15.13333,2.76435,78.69675,50.00000,,20.00000,0.75322,1
202,2271,398.24799,15.14000,2.76503,78.69677,50.00000,,20.00000,0.75318,1
202,2272,398.41699,15.14667,2.76649,78.69680,50.00000,,20.00000,0.75314,1
202,2273,398.58600,15.15333,2.76697,78.69683,50.00000,,20.00000,0.75310,1
202,2274,398.74701,15.16000,2.76771,78.69685,49.00000,,20.00000,0.75306,1
202,2275,398.90601,15.16667,2.76823,78.69687,49.00000,,20.00000,0.75302,1
202,2276,399.06601,15.17333,2.76854,78.69689,51.00000,,20.00000,0.75298,1
202,2277,399.23901,15.18000,2.76935,78.69692,51.00000,,20.00000,0.75294,1
202,2278,399.40701,15.18667,2.77015,78.69695,52.00000,,20.00000,0.75290,1
202,2279,399.56500,15.19333,2.77084,78.69697,50.00000,,20.00000,0.75286,1
202,2280,399.72400,15.20000,2.77158,78.69700,49.00000,,20.00000,0.75282,1
202,2281,399.88901,15.20667,2.77205,78.69702,49.00000,,20.00000,0.75278,1
202,2282,400.05701,15.21333,2.77259,78.69704,51.00000,,20.00000,0.75274,1
202,2283,400.22000,15.22000,2.77317,78.69705,51.00000,,20.00000,0.75270,1
202,2284,400.38501,15.22667,2.77370,78.69707,51.00000,,20.00000,0.75266,1
202,2285,400.56100,15.23333,2.77402,78.69709,52.00000,,20.00000,0.75262,1
202,2286,400.71100,15.24000,2.77470,78.69710,49.00000,,20.00000,0.75258,1
202,2287,400.88400,15.24667,2.77551,78.69712,49.00000,,20.00000,0.75254,1
202,2288,401.04800,15.25333,2.77648,78.69714,49.00000,,20.00000,0.75250,1
202,2289,401.20801,15.26000,2.77722,78.69716,50.00000,,20.00000,0.75246,1
202,2290,401.37601,15.26667,2.77798,78.69718,50.00000,,20.00000,0.75241,1
202,2291,401.54001,15.27333,2.77862,78.69720,49.00000,,20.00000,0.75237,1
202,2292,401.70700,15.28000,2.77921,78.69722,49.00000,,20.00000,0.75233,1
202,2293,401.86899,15.28667,2.77974,78.69724,49.00000,,20.00000,0.75229,1
202,2294,402.03101,15.29333,2.78043,78.69726,50.00000,,20.00000,0.75225,1
202,2295,402.19501,15.30000,2.78107,78.69728,51.00000,,20.00000,0.75221,1
202,2296,402.36600,15.30667,2.78166,78.69730,50.00000,,20.00000,0.75217,1
202,2297,402.52701,15.31333,2.78197,78.69732,50.00000,,20.00000,0.75213,1
202,2298,402.69400,15.32000,2.78240,78.69734,49.00000,,20.00000,0.75208,1
202,2299,402.84799,15.32667,2.78325,78.69736,49.00000,,20.00000,0.75205,1
202,2300,403.02200,15.33333,2.78379,78.69738,50.00000,,20.00000,0.75200,1
202,2301,403.17801,15.34000,2.78448,78.69740,50.00000,,20.00000,0.75196,1
202,2302,403.34500,15.34667,2.78513,78.69742,49.00000,,20.00000,0.75192,1
202,2303,403.51599,15.35333,2.78589,78.69745,49.00000,,20.00000,0.75188,1
202,2304,403.67999,15.36000,2.78658,78.69747,49.00000,,20.00000,0.75184,1
202,2305,403.83899,15.36667,2.78722,78.69750,50.00000,,20.00000,0.75180,1
202,2306,403.99301,15.37333,2.78796,78.69752,50.00000,,20.00000,0.75176,1
202,2307,404.16400,15.38000,2.78856,78.69755,50.00000,,20.00000,0.75172,1
202,2308,404.33301,15.38667,2.78926,78.69757,50.00000,,20.00000,0.75167,1
202,2309,404.49200,15.39333,2.78952,78.69759,49.00000,,20.00000,0.75163,1
202,2310,404.64899,15.40000,2.79032,78.69761,49.00000,,20.00000,0.75159,1
202,2311,404.82401,15.40667,2.79065,78.69763,51.00000,,20.00000,0.75155,1
202,2312,404.98401,15.41333,2.79135,78.69764,51.00000,,20.00000,0.75151,1
202,2313,405.15100,15.42000,2.79199,78.69766,51.00000,,20.00000,0.75146,1
202,2314,405.31699,15.42667,2.79269,78.69767,50.00000,,20.00000,0.75142,1
202,2315,405.47299,15.43333,2.79306,78.69769,49.00000,,20.00000,0.75138,1
202,2316,405.64600,15.44000,2.79366,78.69770,49.00000,,20.00000,0.75134,1
202,2317,405.81100,15.44667,2.79420,78.69772,51.00000,,20.00000,0.75130,1
202,2318,405.97101,15.45333,2.79484,78.69774,51.00000,,20.00000,0.75126,1
202,2319,406.14600,15.46000,2.79539,78.69777,52.00000,,20.00000,0.75121,1
202,2320,406.29901,15.46667,2.79602,78.69780,51.00000,,20.00000,0.75117,1
202,2321,406.46201,15.47333,2.79656,78.69782,49.00000,,20.00000,0.75113,1
202,2322,406.61600,15.48000,2.79714,78.69785,49.00000,,20.00000,0.75109,1
202,2323,406.78900,15.48667,2.79785,78.69787,50.00000,,20.00000,0.75105,1
202,2324,406.95099,15.49333,2.79850,78.69789,50.00000,,20.00000,0.75100,1
202,2325,407.11700,15.50000,2.79915,78.69791,49.00000,,20.00000,0.75096,1
202,2326,407.27899,15.50667,2.79974,78.69792,49.00000,,20.00000,0.75092,1
202,2327,407.44800,15.51333,2.79996,78.69794,49.00000,,20.00000,0.75088,1
202,2328,407.60501,15.52000,2.80043,78.69795,51.00000,,20.00000,0.75084,1
202,2329,407.77899,15.52667,2.80109,78.69797,51.00000,,20.00000,0.75079,1
202,2330,407.94101,15.53333,2.80174,78.69799,52.00000,,20.00000,0.75075,1
202,2331,408.09900,15.54000,2.80233,78.69801,52.00000,,20.00000,0.75071,1
202,2332,408.26199,15.54667,2.80292,78.69803,49.00000,,20.00000,0.75067,1
202,2333,408.43301,15.55333,2.80347,78.69806,51.00000,,20.00000,0.75062,1
202,2334,408.59799,15.56000,2.80401,78.69809,51.00000,,20.00000,0.75058,1
202,2335,408.74899,15.56667,2.80470,78.69757,52.00000,,20.00000,0.75054,1
202,2336,408.90900,15.57333,2.80529,78.69759,52.00000,,20.00000,0.75050,1
202,2337,409.08600,15.58000,2.80563,78.69758,49.00000,,20.00000,0.75045,1
202,2338,409.24100,15.58667,2.80622,78.69757,49.00000,,20.00000,0.75041,1
202,2339,409.41199,15.59333,2.80693,78.69762,49.00000,,20.00000,0.75037,1
202,2340,409.57700,15.60000,2.80774,78.69713,50.00000,,20.00000,0.75032,1
202,2341,409.73700,15.60667,2.80844,78.69715,50.00000,,20.00000,0.75028,1
202,2342,409.90201,15.61333,2.80882,78.69717,49.00000,,20.00000,0.75024,1
202,2343,410.06400,15.62000,2.80931,78.69719,49.00000,,20.00000,0.75020,1
202,2344,410.23099,15.62667,2.80986,78.69721,49.00000,,20.00000,0.75015,1
202,2345,410.38599,15.63333,2.81050,78.69669,50.00000,,20.00000,0.75011,1
202,2346,410.56000,15.64000,2.81105,78.69671,50.00000,,20.00000,0.75007,1
202,2347,410.72400,15.64667,2.81160,78.69672,50.00000,,20.00000,0.75002,1
202,2348,410.87500,15.65333,2.81224,78.69673,49.00000,,20.00000,0.74998,1
202,2349,411.05301,15.66000,2.81285,78.69621,49.00000,,20.00000,0.74994,1
202,2350,411.20999,15.66667,2.81338,78.69622,49.00000,,20.00000,0.74990,1
202,2351,411.38199,15.67333,2.81383,78.69623,50.00000,,20.00000,0.74985,1
202,2352,411.54999,15.68000,2.81438,78.69624,50.00000,,20.00000,0.74981,1
202,2353,411.70499,15.68667,2.81491,78.69626,51.00000,,20.00000,0.74976,1
202,2354,411.87601,15.69333,2.81514,78.69571,49.00000,,20.00000,0.74972,1
202,2355,412.04001,15.70000,2.81557,78.69570,49.00000,,20.00000,0.74968,1
202,2356,412.19400,15.70667,2.81627,78.69575,49.00000,,20.00000,0.74964,1
202,2357,412.35800,15.71333,2.81698,78.69581,50.00000,,20.00000,0.74959,1
202,2358,412.53299,15.72000,2.81770,78.69530,50.00000,,20.00000,0.74955,1
202,2359,412.68500,15.72667,2.81818,78.69478,50.00000,,20.00000,0.74950,1
202,2360,412.84500,15.73333,2.81840,78.69426,49.00000,,20.00000,0.74946,1
202,2361,413.01401,15.74000,2.81917,78.69318,49.00000,,20.00000,0.74942,1
202,2362,413.17999,15.74667,2.81971,78.69156,49.00000,,20.00000,0.74937,1
202,2363,413.33899,15.75333,2.82009,78.69053,50.00000,,20.00000,0.74933,1
202,2364,413.50400,15.76000,2.82059,78.69004,50.00000,,20.00000,0.74929,1
202,2365,413.67200,15.76667,2.82125,78.68899,51.00000,,20.00000,0.74924,1
202,2366,413.84201,15.77333,2.82180,78.68848,49.00000,,20.00000,0.74920,1
202,2367,413.99301,15.78000,2.82244,78.68742,51.00000,,20.00000,0.74916,1
202,2368,414.15201,15.78667,2.82293,78.68691,51.00000,,20.00000,0.74911,1
202,2369,414.32401,15.79333,2.82349,78.68639,51.00000,,20.00000,0.74907,1
202,2370,414.49301,15.80000,2.82377,78.68588,51.00000,,20.00000,0.74902,1
202,2371,414.64099,15.80667,2.82403,78.68536,51.00000,,20.00000,0.74898,1
202,2372,414.81400,15.81333,2.82437,78.68537,49.00000,,20.00000,0.74893,1
202,2373,414.97400,15.82000,2.82491,78.68485,49.00000,,20.00000,0.74889,1
202,2374,415.14200,15.82667,2.82579,78.68433,50.00000,,20.00000,0.74885,1
202,2375,415.30200,15.83333,2.82628,78.68380,50.00000,,20.00000,0.74880,1
202,2376,415.47699,15.84000,2.82674,78.68382,49.00000,,20.00000,0.74876,1
202,2377,415.63599,15.84667,2.82728,78.68330,49.00000,,20.00000,0.74871,1
202,2378,415.79199,15.85333,2.82799,78.68275,51.00000,,20.00000,0.74867,1
202,2379,415.95801,15.86000,2.82848,78.68273,51.00000,,20.00000,0.74863,1
202,2380,416.12701,15.86667,2.82915,78.68224,52.00000,,20.00000,0.74858,1
202,2381,416.28601,15.87333,2.82964,78.68175,52.00000,,20.00000,0.74854,1
202,2382,416.45001,15.88000,2.83014,78.68176,52.00000,,20.00000,0.74849,1
202,2383,416.61899,15.88667,2.83064,78.68123,49.00000,,20.00000,0.74845,1
202,2384,416.78699,15.89333,2.83081,78.68070,51.00000,,20.00000,0.74840,1
202,2385,416.94800,15.90000,2.83147,78.68071,51.00000,,20.00000,0.74836,1
202,2386,417.11200,15.90667,2.83197,78.68019,52.00000,,20.00000,0.74831,1
202,2387,417.28601,15.91333,2.83247,78.67967,52.00000,,20.00000,0.74826,1
202,2388,417.43500,15.92000,2.83263,78.67968,49.00000,,20.00000,0.74822,1
202,2389,417.60001,15.92667,2.83302,78.67916,49.00000,,20.00000,0.74818,1
202,2390,417.76901,15.93333,2.83347,78.67864,50.00000,,20.00000,0.74813,1
202,2391,417.93500,15.94000,2.83391,78.67866,50.00000,,20.00000,0.74809,1
202,2392,418.10300,15.94667,2.83458,78.67814,50.00000,,20.00000,0.74804,1
202,2393,418.25400,15.95333,2.83523,78.67816,49.00000,,20.00000,0.74800,1
202,2394,418.41800,15.96000,2.83584,78.67818,49.00000,,20.00000,0.74795,1
202,2395,418.58701,15.96667,2.83634,78.67763,49.00000,,20.00000,0.74791,1
202,2396,418.74899,15.97333,2.83695,78.67762,49.00000,,20.00000,0.74786,1
202,2397,418.90601,15.98000,2.83755,78.67766,51.00000,,20.00000,0.74782,1
202,2398,419.07199,15.98667,2.83800,78.67717,51.00000,,20.00000,0.74777,1
202,2399,419.24200,15.99333,2.83834,78.67719,49.00000,,20.00000,0.74773,1
202,2400,419.40500,16.00000,2.83856,78.67667,49.00000,,20.00000,0.74768,1
202,2401,419.56601,16.00667,2.83923,78.67669,49.00000,,20.00000,0.74764,1
202,2402,419.72900,16.01333,2.83962,78.67617,51.00000,,20.00000,0.74759,1
202,2403,419.89499,16.02000,2.84001,78.67620,51.00000,,20.00000,0.74755,1
202,2404,420.05301,16.02667,2.84056,78.67569,51.00000,,20.00000,0.74750,1
202,2405,420.21100,16.03333,2.84105,78.67517,49.00000,,20.00000,0.74746,1
202,2406,420.37701,16.04000,2.84156,78.67519,49.00000,,20.00000,0.74741,1
202,2407,420.53400,16.04667,2.84216,78.67467,50.00000,,20.00000,0.74737,1
202,2408,420.70200,16.05333,2.84272,78.67468,50.00000,,20.00000,0.74732,1
202,2409,420.86899,16.06000,2.84323,78.67415,50.00000,,20.00000,0.74728,1
202,2410,421.03699,16.06667,2.84379,78.67416,50.00000,,20.00000,0.74723,1
202,2411,421.20700,16.07333,2.84430,78.67309,49.00000,,20.00000,0.74718,1
202,2412,421.35800,16.08000,2.84468,78.67253,49.00000,,20.00000,0.74714,1
202,2413,421.53400,16.08667,2.84503,78.67198,51.00000,,20.00000,0.74709,1
202,2414,421.69101,16.09333,2.84525,78.67150,51.00000,,20.00000,0.74705,1
202,2415,421.85101,16.10000,2.84553,78.67102,51.00000,,20.00000,0.74700,1
202,2416,422.01401,16.10667,2.84592,78.67051,51.00000,,20.00000,0.74696,1
202,2417,422.17200,16.11333,2.84680,78.66999,49.00000,,20.00000,0.74691,1
202,2418,422.33301,16.12000,2.84731,78.66947,49.00000,,20.00000,0.74687,1
202,2419,422.49799,16.12667,2.84798,78.66892,51.00000,,20.00000,0.74682,1
202,2420,422.67099,16.13333,2.84860,78.66837,51.00000,,20.00000,0.74677,1
202,2421,422.83899,16.14000,2.84867,78.66841,51.00000,,20.00000,0.74673,1
202,2422,422.98801,16.14667,2.84888,78.66739,50.00000,,20.00000,0.74668,1
202,2423,423.15201,16.15333,2.84966,78.66687,50.00000,,20.00000,0.74664,1
202,2424,423.32001,16.16000,2.85017,78.66635,50.00000,,20.00000,0.74659,1
202,2425,423.48401,16.16667,2.85046,78.66582,50.00000,,20.00000,0.74654,1
202,2426,423.64600,16.17333,2.85074,78.66530,50.00000,,20.00000,0.74650,1
202,2427,423.80600,16.18000,2.85130,78.66423,49.00000,,20.00000,0.74645,1
202,2428,423.97900,16.18667,2.85182,78.66371,49.00000,,20.00000,0.74640,1
202,2429,424.14401,16.19333,2.85227,78.66318,49.00000,,20.00000,0.74636,1
202,2430,424.30499,16.20000,2.85272,78.66266,51.00000,,20.00000,0.74631,1
202,2431,424.45999,16.20667,2.85322,78.66214,51.00000,,20.00000,0.74627,1
202,2432,424.63400,16.21333,2.85368,78.66162,52.00000,,20.00000,0.74622,1
202,2433,424.79999,16.22000,2.85419,78.66111,49.00000,,20.00000,0.74617,1
202,2434,424.95200,16.22667,2.85435,78.66059,49.00000,,20.00000,0.74613,1
202,2435,425.11301,16.23333,2.85464,78.65953,50.00000,,20.00000,0.74608,1
202,2436,425.27701,16.24000,2.85526,78.65897,51.00000,,20.00000,0.74603,1
202,2437,425.44299,16.24667,2.85577,78.65842,52.00000,,20.00000,0.74599,1
202,2438,425.61499,16.25333,2.85606,78.65738,52.00000,,20.00000,0.74594,1
202,2439,425.77399,16.26000,2.85646,78.65689,49.00000,,20.00000,0.74589,1
202,2440,425.94699,16.26667,2.85709,78.65582,49.00000,,20.00000,0.74584,1
202,2441,426.09900,16.27333,2.85758,78.65529,50.00000,,20.00000,0.74580,1
202,2442,426.26999,16.28000,2.85804,78.65423,50.00000,,20.00000,0.74575,1
202,2443,426.43301,16.28667,2.85839,78.65371,50.00000,,20.00000,0.74570,1
202,2444,426.59399,16.29333,2.85873,78.65265,50.00000,,20.00000,0.74566,1
202,2445,426.76501,16.30000,2.85919,78.65213,49.00000,,20.00000,0.74561,1
202,2446,426.92200,16.30667,2.85964,78.65161,49.00000,,20.00000,0.74556,1
202,2447,427.08600,16.31333,2.86015,78.65109,49.00000,,20.00000,0.74552,1
202,2448,427.25000,16.32000,2.86061,78.65057,50.00000,,20.00000,0.74547,1
202,2449,427.40701,16.32667,2.86105,78.65005,51.00000,,20.00000,0.74542,1
202,2450,427.57700,16.33333,2.86152,78.64954,49.00000,,20.00000,0.74537,1
202,2451,427.73700,16.34000,2.86164,78.64955,49.00000,,20.00000,0.74533,1
202,2452,427.89499,16.34667,2.86176,78.64904,50.00000,,20.00000,0.74528,1
202,2453,428.06000,16.35333,2.86211,78.64902,49.00000,,20.00000,0.74523,1
202,2454,428.22800,16.36000,2.86246,78.64847,50.00000,,20.00000,0.74519,1
202,2455,428.38699,16.36667,2.86319,78.64852,51.00000,,20.00000,0.74514,1
202,2456,428.54401,16.37333,2.86363,78.64803,50.00000,,20.00000,0.74509,1
202,2457,428.71399,16.38000,2.86415,78.64751,50.00000,,20.00000,0.74505,1
202,2458,428.87601,16.38667,2.86461,78.64752,50.00000,,20.00000,0.74500,1
202,2459,429.04300,16.39333,2.86502,78.64700,50.00000,,20.00000,0.74495,1
202,2460,429.20599,16.40000,2.86553,78.64647,50.00000,,20.00000,0.74490,1
202,2461,429.36899,16.40667,2.86593,78.64649,50.00000,,20.00000,0.74485,1
202,2462,429.52301,16.41333,2.86665,78.64596,49.00000,,20.00000,0.74481,1
202,2463,429.69800,16.42000,2.86679,78.64544,49.00000,,20.00000,0.74476,1
202,2464,429.85501,16.42667,2.86692,78.64492,51.00000,,20.00000,0.74471,1
202,2465,430.02301,16.43333,2.86721,78.64494,51.00000,,20.00000,0.74466,1
202,2466,430.19000,16.44000,2.86746,78.64442,51.00000,,20.00000,0.74461,1
202,2467,430.33899,16.44667,2.86774,78.64444,51.00000,,20.00000,0.74457,1
202,2468,430.50101,16.45333,2.86819,78.64392,51.00000,,20.00000,0.74452,1
202,2469,430.67099,16.46000,2.86860,78.64393,49.00000,,20.00000,0.74447,1
202,2470,430.83499,16.46667,2.86901,78.64338,51.00000,,20.00000,0.74443,1
202,2471,431.00101,16.47333,2.86947,78.64335,51.00000,,20.00000,0.74438,1
202,2472,431.15900,16.48000,2.86993,78.64286,51.00000,,20.00000,0.74433,1
202,2473,431.32700,16.48667,2.87034,78.64291,51.00000,,20.00000,0.74428,1
202,2474,431.48801,16.49333,2.87069,78.64239,49.00000,,20.00000,0.74423,1
202,2475,431.65399,16.50000,2.87098,78.64187,50.00000,,20.00000,0.74418,1
202,2476,431.80701,16.50667,2.87138,78.64189,50.00000,,20.00000,0.74414,1
202,2477,431.98001,16.51333,2.87185,78.64134,50.00000,,20.00000,0.74409,1
202,2478,432.13300,16.52000,2.87219,78.64133,49.00000,,20.00000,0.74404,1
202,2479,432.30099,16.52667,2.87249,78.64083,49.00000,,20.00000,0.74399,1
202,2480,432.46701,16.53333,2.87274,78.64034,50.00000,,20.00000,0.74394,1
202,2481,432.62500,16.54000,2.87358,78.63981,51.00000,,20.00000,0.74390,1
202,2482,432.79001,16.54667,2.87388,78.63982,52.00000,,20.00000,0.74385,1
202,2483,432.95901,16.55333,2.87407,78.63930,52.00000,,20.00000,0.74380,1
202,2484,433.11801,16.56000,2.87436,78.63878,49.00000,,20.00000,0.74375,1
202,2485,433.28500,16.56667,2.87466,78.63825,49.00000,,20.00000,0.74370,1
202,2486,433.44000,16.57333,2.87512,78.63826,50.00000,,20.00000,0.74366,1
202,2487,433.60800,16.58000,2.87547,78.63771,50.00000,,20.00000,0.74361,1
202,2488,433.76999,16.58667,2.87588,78.63716,52.00000,,20.00000,0.74356,1
202,2489,433.94400,16.59333,2.87625,78.63720,52.00000,,20.00000,0.74351,1
202,2490,434.09299,16.60000,2.87664,78.63670,49.00000,,20.00000,0.74346,1
202,2491,434.26199,16.60667,2.87694,78.63618,49.00000,,20.00000,0.74341,1
202,2492,434.42801,16.61333,2.87719,78.63619,50.00000,,20.00000,0.74336,1
202,2493,434.58600,16.62000,2.87782,78.63566,50.00000,,20.00000,0.74331,1
202,2494,434.75201,16.62667,2.87839,78.63510,50.00000,,20.00000,0.74326,1
202,2495,434.92200,16.63333,2.87875,78.63454,49.00000,,20.00000,0.74321,1
202,2496,435.08301,16.64000,2.87927,78.63458,49.00000,,20.00000,0.74316,1
202,2497,435.24500,16.64667,2.87974,78.63463,49.00000,,20.00000,0.74312,1
202,2498,435.40900,16.65333,2.87987,78.63411,49.00000,,20.00000,0.74307,1
202,2499,435.57700,16.66000,2.88023,78.63414,51.00000,,20.00000,0.74302,1
202,2500,435.73099,16.66667,2.88058,78.63416,51.00000,,20.00000,0.74297,1
202,2501,435.88501,16.67333,2.88092,78.63364,50.00000,,20.00000,0.74292,1
202,2502,436.05499,16.68000,2.88145,78.63365,50.00000,,20.00000,0.74287,1
202,2503,436.21399,16.68667,2.88164,78.63366,50.00000,,20.00000,0.74282,1
202,2504,436.37799,16.69333,2.88200,78.63367,50.00000,,20.00000,0.74278,1
202,2505,436.55399,16.70000,2.88242,78.63368,51.00000,,20.00000,0.74272,1
202,2506,436.71399,16.70667,2.88310,78.63368,50.00000,,20.00000,0.74267,1
202,2507,436.87500,16.71333,2.88351,78.63369,50.00000,,20.00000,0.74262,1
202,2508,437.03500,16.72000,2.88365,78.63370,50.00000,,20.00000,0.74258,1
202,2509,437.20001,16.72667,2.88406,78.63372,50.00000,,20.00000,0.74253,1
202,2510,437.37399,16.73333,2.88465,78.63374,50.00000,,20.00000,0.74247,1
202,2511,437.52701,16.74000,2.88511,78.63372,50.00000,,20.00000,0.74243,1
202,2512,437.68600,16.74667,2.88535,78.63371,49.00000,,20.00000,0.74238,1
202,2513,437.85199,16.75333,2.88555,78.63376,49.00000,,20.00000,0.74233,1
202,2514,438.01001,16.76000,2.88590,78.63380,49.00000,,20.00000,0.74228,1
202,2515,438.17599,16.76667,2.88615,78.63382,51.00000,,20.00000,0.74223,1
202,2516,438.33801,16.77333,2.88645,78.63383,51.00000,,20.00000,0.74218,1
202,2517,438.50699,16.78000,2.88676,78.63385,52.00000,,20.00000,0.74213,1
202,2518,438.66599,16.78667,2.88690,78.63386,52.00000,,20.00000,0.74208,1
202,2519,438.82700,16.79333,2.88726,78.63388,49.00000,,20.00000,0.74203,1
202,2520,438.98901,16.80000,2.88783,78.63389,49.00000,,20.00000,0.74198,1
202,2521,439.15201,16.80667,2.88825,78.63391,50.00000,,20.00000,0.74193,1
202,2522,439.31400,16.81333,2.88883,78.63392,51.00000,,20.00000,0.74188,1
202,2523,439.47699,16.82000,2.88930,78.63393,52.00000,,20.00000,0.74183,1
202,2524,439.64401,16.82667,2.88961,78.63394,51.00000,,20.00000,0.74178,1
202,2525,439.80399,16.83333,2.88991,78.63395,49.00000,,20.00000,0.74173,1
202,2526,439.97101,16.84000,2.89016,78.63396,50.00000,,20.00000,0.74168,1
202,2527,440.13101,16.84667,2.89052,78.63397,50.00000,,20.00000,0.74163,1
202,2528,440.29800,16.85333,2.89072,78.63395,50.00000,,20.00000,0.74158,1
202,2529,440.45599,16.86000,2.89091,78.63393,50.00000,,20.00000,0.74153,1
202,2530,440.62701,16.86667,2.89117,78.63398,50.00000,,20.00000,0.74148,1
202,2531,440.78500,16.87333,2.89153,78.63402,49.00000,,20.00000,0.74143,1
202,2532,440.94800,16.88000,2.89222,78.63403,49.00000,,20.00000,0.74138,1
202,2533,441.11301,16.88667,2.89270,78.63405,51.00000,,20.00000,0.74133,1
202,2534,441.27100,16.89333,2.89305,78.63406,51.00000,,20.00000,0.74128,1
202,2535,441.43600,16.90000,2.89353,78.63407,52.00000,,20.00000,0.74123,1
202,2536,441.59799,16.90667,2.89394,78.63407,52.00000,,20.00000,0.74118,1
202,2537,441.76999,16.91333,2.89437,78.63409,49.00000,,20.00000,0.74113,1
202,2538,441.93301,16.92000,2.89473,78.63410,49.00000,,20.00000,0.74107,1
202,2539,442.08499,16.92667,2.89514,78.63411,51.00000,,20.00000,0.74103,1
202,2540,442.25500,16.93333,2.89562,78.63412,51.00000,,20.00000,0.74097,1
202,2541,442.42700,16.94000,2.89611,78.63415,52.00000,,20.00000,0.74092,1
202,2542,442.57800,16.94667,2.89607,78.63416,52.00000,,20.00000,0.74087,1
202,2543,442.73401,16.95333,2.89626,78.63418,49.00000,,20.00000,0.74083,1
202,2544,442.89999,16.96000,2.89663,78.63419,49.00000,,20.00000,0.74077,1
202,2545,443.06299,16.96667,2.89699,78.63417,50.00000,,20.00000,0.74072,1
202,2546,443.23700,16.97333,2.89737,78.63415,50.00000,,20.00000,0.74067,1
202,2547,443.39099,16.98000,2.89761,78.63420,50.00000,,20.00000,0.74062,1
202,2548,443.55399,16.98667,2.89803,78.63425,50.00000,,20.00000,0.74057,1
202,2549,443.71799,16.99333,2.89862,78.63373,49.00000,,20.00000,0.74052,1
202,2550,443.87799,17.00000,2.89893,78.63374,49.00000,,20.00000,0.74047,1
202,2551,444.03900,17.00667,2.89935,78.63321,50.00000,,20.00000,0.74042,1
202,2552,444.20401,17.01333,2.90010,78.63266,50.00000,,20.00000,0.74037,1
202,2553,444.37500,17.02000,2.90042,78.63264,51.00000,,20.00000,0.74031,1
202,2554,444.53299,17.02667,2.90062,78.63215,51.00000,,20.00000,0.74026,1
202,2555,444.69000,17.03333,2.90098,78.63166,49.00000,,20.00000,0.74021,1
202,2556,444.85400,17.04000,2.90140,78.63167,49.00000,,20.00000,0.74016,1
202,2557,445.02301,17.04667,2.90188,78.63115,49.00000,,20.00000,0.74011,1
202,2558,445.17801,17.05333,2.90246,78.63116,49.00000,,20.00000,0.74006,1
202,2559,445.34799,17.06000,2.90284,78.63117,51.00000,,20.00000,0.74001,1
202,2560,445.51001,17.06667,2.90320,78.63065,51.00000,,20.00000,0.73996,1
202,2561,445.67001,17.07333,2.90362,78.63066,51.00000,,20.00000,0.73991,1
202,2562,445.83801,17.08000,2.90416,78.63014,51.00000,,20.00000,0.73985,1
202,2563,445.99500,17.08667,2.90464,78.63015,51.00000,,20.00000,0.73980,1
202,2564,446.16199,17.09333,2.90517,78.63016,49.00000,,20.00000,0.73975,1
202,2565,446.31601,17.10000,2.90553,78.63017,49.00000,,20.00000,0.73970,1
202,2566,446.49100,17.10667,2.90564,78.62964,50.00000,,20.00000,0.73965,1
202,2567,446.65500,17.11333,2.90590,78.62965,50.00000,,20.00000,0.73959,1
202,2568,446.81201,17.12000,2.90615,78.62912,50.00000,,20.00000,0.73954,1
202,2569,446.98099,17.12667,2.90653,78.62750,50.00000,,20.00000,0.73949,1
202,2570,447.13699,17.13333,2.90683,78.62641,49.00000,,20.00000,0.73944,1
202,2571,447.30600,17.14000,2.90721,78.62538,49.00000,,20.00000,0.73939,1
202,2572,447.46201,17.14667,2.90790,78.62435,51.00000,,20.00000,0.73934,1
202,2573,447.63300,17.15333,2.90828,78.62276,51.00000,,20.00000,0.73928,1
202,2574,447.79001,17.16000,2.90854,78.62224,50.00000,,20.00000,0.73923,1
202,2575,447.94699,17.16667,2.90895,78.62117,49.00000,,20.00000,0.73918,1
202,2576,448.11499,17.17333,2.90988,78.62011,49.00000,,20.00000,0.73913,1
202,2577,448.27899,17.18000,2.91059,78.61958,49.00000,,20.00000,0.73908,1
202,2578,448.44901,17.18667,2.91113,78.61852,49.00000,,20.00000,0.73902,1
202,2579,448.60901,17.19333,2.91134,78.61799,49.00000,,20.00000,0.73897,1
202,2580,448.77399,17.20000,2.91182,78.61693,50.00000,,20.00000,0.73892,1
202,2581,448.93201,17.20667,2.91230,78.61587,50.00000,,20.00000,0.73887,1
202,2582,449.09399,17.21333,2.91239,78.61427,50.00000,,20.00000,0.73882,1
202,2583,449.25500,17.22000,2.91260,78.61320,50.00000,,20.00000,0.73876,1
202,2584,449.42300,17.22667,2.91309,78.61213,50.00000,,20.00000,0.73871,1
202,2585,449.59100,17.23333,2.91346,78.61053,50.00000,,20.00000,0.73866,1
202,2586,449.76001,17.24000,2.91401,78.60943,50.00000,,20.00000,0.73860,1
202,2587,449.91901,17.24667,2.91432,78.60833,50.00000,,20.00000,0.73855,1
202,2588,450.07999,17.25333,2.91486,78.60730,49.00000,,20.00000,0.73850,1
202,2589,450.24301,17.26000,2.91551,78.60628,49.00000,,20.00000,0.73845,1
202,2590,450.40399,17.26667,2.91583,78.60576,50.00000,,20.00000,0.73839,1
202,2591,450.56601,17.27333,2.91614,78.60470,50.00000,,20.00000,0.73834,1
202,2592,450.73001,17.28000,2.91641,78.60365,50.00000,,20.00000,0.73829,1
202,2593,450.89099,17.28667,2.91689,78.60259,50.00000,,20.00000,0.73824,1
202,2594,451.05499,17.29333,2.91732,78.60153,50.00000,,20.00000,0.73818,1
202,2595,451.21799,17.30000,2.91770,78.60048,50.00000,,20.00000,0.73813,1
202,2596,451.37201,17.30667,2.91817,78.59995,49.00000,,20.00000,0.73808,1
202,2597,451.53900,17.31333,2.91866,78.59835,49.00000,,20.00000,0.73803,1
202,2598,451.71100,17.32000,2.91922,78.59675,51.00000,,20.00000,0.73797,1
202,2599,451.86301,17.32667,2.91975,78.59514,51.00000,,20.00000,0.73792,1
202,2600,452.03699,17.33333,2.92025,78.59407,52.00000,,20.00000,0.73787,1
202,2601,452.20001,17.34000,2.92079,78.59248,52.00000,,20.00000,0.73781,1
202,2602,452.36700,17.34667,2.92128,78.59088,49.00000,,20.00000,0.73776,1
202,2603,452.52802,17.35333,2.92188,78.58926,49.00000,,20.00000,0.73771,1
202,2604,452.67899,17.36000,2.92246,78.58764,50.00000,,20.00000,0.73766,1
202,2605,452.84399,17.36667,2.92295,78.58661,49.00000,,20.00000,0.73760,1
202,2606,453.00800,17.37333,2.92327,78.58505,50.00000,,20.00000,0.73755,1
202,2607,453.16599,17.38000,2.92353,78.58398,50.00000,,20.00000,0.73750,1
202,2608,453.34000,17.38667,2.92387,78.58292,50.00000,,20.00000,0.73744,1
202,2609,453.50299,17.39333,2.92430,78.58186,49.00000,,20.00000,0.73739,1
202,2610,453.65900,17.40000,2.92473,78.58076,50.00000,,20.00000,0.73734,1
202,2611,453.82401,17.40667,2.92528,78.57966,50.00000,,20.00000,0.73728,1
202,2612,453.98999,17.41333,2.92588,78.57810,50.00000,,20.00000,0.73723,1
202,2613,454.15100,17.42000,2.92670,78.57653,50.00000,,20.00000,0.73717,1
202,2614,454.32001,17.42667,2.92720,78.57493,49.00000,,20.00000,0.73712,1
202,2615,454.48099,17.43333,2.92780,78.57333,49.00000,,20.00000,0.73707,1
202,2616,454.64999,17.44000,2.92835,78.57174,50.00000,,20.00000,0.73701,1
202,2617,454.80099,17.44667,2.92855,78.57014,50.00000,,20.00000,0.73696,1
202,2618,454.95801,17.45333,2.92886,78.56854,51.00000,,20.00000,0.73691,1
202,2619,455.13901,17.46000,2.92960,78.56748,51.00000,,20.00000,0.73685,1
202,2620,455.29501,17.46667,2.93003,78.56638,49.00000,,20.00000,0.73680,1
202,2621,455.46100,17.47333,2.93036,78.56529,49.00000,,20.00000,0.73674,1
202,2622,455.62100,17.48000,2.93079,78.56479,49.00000,,20.00000,0.73669,1
202,2623,455.78000,17.48667,2.93105,78.56430,50.00000,,20.00000,0.73664,1
202,2624,455.94901,17.49333,2.93155,78.56377,50.00000,,20.00000,0.73658,1
202,2625,456.10901,17.50000,2.93232,78.56378,50.00000,,20.00000,0.73653,1
202,2626,456.27499,17.50667,2.93276,78.56326,51.00000,,20.00000,0.73647,1
202,2627,456.44101,17.51333,2.93309,78.56324,51.00000,,20.00000,0.73642,1
202,2628,456.60599,17.52000,2.93370,78.56322,51.00000,,20.00000,0.73636,1
202,2629,456.75601,17.52667,2.93429,78.56274,49.00000,,20.00000,0.73631,1
202,2630,456.92300,17.53333,2.93484,78.56279,49.00000,,20.00000,0.73626,1
202,2631,457.08600,17.54000,2.93506,78.56280,50.00000,,20.00000,0.73621,1
202,2632,457.23599,17.54667,2.93525,78.56281,50.00000,,20.00000,0.73616,1
202,2633,457.41599,17.55333,2.93572,78.56283,49.00000,,20.00000,0.73610,1
202,2634,457.57700,17.56000,2.93643,78.56284,49.00000,,20.00000,0.73604,1
202,2635,457.73499,17.56667,2.93703,78.56285,50.00000,,20.00000,0.73599,1
202,2636,457.89801,17.57333,2.93741,78.56286,49.00000,,20.00000,0.73593,1
202,2637,458.06100,17.58000,2.93785,78.56287,50.00000,,20.00000,0.73588,1
202,2638,458.22601,17.58667,2.93818,78.56288,50.00000,,20.00000,0.73583,1
202,2639,458.39499,17.59333,2.93880,78.56290,50.00000,,20.00000,0.73577,1
202,2640,458.54800,17.60000,2.93928,78.56290,50.00000,,20.00000,0.73572,1
202,2641,458.70801,17.60667,2.94000,78.56292,50.00000,,20.00000,0.73566,1
202,2642,458.88199,17.61333,2.94067,78.56293,50.00000,,20.00000,0.73561,1
202,2643,459.04099,17.62000,2.94094,78.56241,51.00000,,20.00000,0.73555,1
202,2644,459.20200,17.62667,2.94116,78.56238,51.00000,,20.00000,0.73550,1
202,2645,459.36200,17.63333,2.94215,78.56183,51.00000,,20.00000,0.73544,1
202,2646,459.53101,17.64000,2.94260,78.56187,51.00000,,20.00000,0.73539,1
202,2647,459.69299,17.64667,2.94282,78.56138,49.00000,,20.00000,0.73533,1
202,2648,459.85001,17.65333,2.94336,78.56138,49.00000,,20.00000,0.73528,1
202,2649,460.02100,17.66000,2.94404,78.56085,50.00000,,20.00000,0.73522,1
202,2650,460.18399,17.66667,2.94443,78.56032,50.00000,,20.00000,0.73517,1
202,2651,460.34601,17.67333,2.94492,78.56033,49.00000,,20.00000,0.73511,1
202,2652,460.51199,17.68000,2.94537,78.55980,49.00000,,20.00000,0.73506,1
202,2653,460.67599,17.68667,2.94587,78.55928,49.00000,,20.00000,0.73500,1
202,2654,460.83499,17.69333,2.94648,78.55929,49.00000,,20.00000,0.73495,1
202,2655,461.00800,17.70000,2.94699,78.55877,50.00000,,20.00000,0.73489,1
202,2656,461.15399,17.70667,2.94747,78.55824,50.00000,,20.00000,0.73484,1
202,2657,461.32001,17.71333,2.94802,78.55825,50.00000,,20.00000,0.73478,1
202,2658,461.48901,17.72000,2.94859,78.55612,50.00000,,20.00000,0.73473,1
202,2659,461.65302,17.72667,2.94909,78.55505,49.00000,,20.00000,0.73467,1
202,2660,461.81299,17.73333,2.94953,78.55452,49.00000,,20.00000,0.73462,1
202,2661,461.98199,17.74000,2.94998,78.55343,49.00000,,20.00000,0.73456,1
202,2662,462.14801,17.74667,2.95043,78.55287,51.00000,,20.00000,0.73450,1
202,2663,462.30200,17.75333,2.95103,78.55184,52.00000,,20.00000,0.73445,1
202,2664,462.46500,17.76000,2.95142,78.55135,52.00000,,20.00000,0.73440,1
202,2665,462.63400,17.76667,2.95165,78.55030,49.00000,,20.00000,0.73434,1
202,2666,462.79001,17.77333,2.95215,78.54870,49.00000,,20.00000,0.73429,1
202,2667,462.95001,17.78000,2.95259,78.54764,50.00000,,20.00000,0.73423,1
202,2668,463.12000,17.78667,2.95310,78.54658,50.00000,,20.00000,0.73417,1
202,2669,463.27899,17.79333,2.95360,78.54552,50.00000,,20.00000,0.73412,1
202,2670,463.43799,17.80000,2.95448,78.54499,50.00000,,20.00000,0.73406,1
202,2671,463.60800,17.80667,2.95528,78.54393,50.00000,,20.00000,0.73401,1
202,2672,463.77802,17.81333,2.95568,78.54286,49.00000,,20.00000,0.73395,1
202,2673,463.93399,17.82000,2.95595,78.54234,49.00000,,20.00000,0.73389,1
202,2674,464.09900,17.82667,2.95645,78.54128,51.00000,,20.00000,0.73384,1
202,2675,464.25900,17.83333,2.95668,78.54075,51.00000,,20.00000,0.73378,1
202,2676,464.42099,17.84000,2.95718,78.53970,52.00000,,20.00000,0.73373,1
202,2677,464.58899,17.84667,2.95769,78.53918,52.00000,,20.00000,0.73367,1
202,2678,464.74399,17.85333,2.95813,78.53808,49.00000,,20.00000,0.73362,1
202,2679,464.90900,17.86000,2.95908,78.53753,50.00000,,20.00000,0.73356,1
202,2680,465.07199,17.86667,2.95959,78.53704,50.00000,,20.00000,0.73350,1
202,2681,465.23801,17.87333,2.95982,78.53601,49.00000,,20.00000,0.73345,1
202,2682,465.39999,17.88000,2.96021,78.53549,51.00000,,20.00000,0.73339,1
202,2683,465.55399,17.88667,2.96076,78.53550,51.00000,,20.00000,0.73334,1
202,2684,465.73401,17.89333,2.96157,78.53499,51.00000,,20.00000,0.73328,1
202,2685,465.88400,17.90000,2.96178,78.53497,49.00000,,20.00000,0.73322,1
202,2686,466.04099,17.90667,2.96211,78.53441,49.00000,,20.00000,0.73317,1
202,2687,466.20901,17.91333,2.96245,78.53446,50.00000,,20.00000,0.73311,1
202,2688,466.37601,17.92000,2.96302,78.53451,50.00000,,20.00000,0.73305,1
202,2689,466.53101,17.92667,2.96363,78.53398,50.00000,,20.00000,0.73300,1
202,2690,466.69699,17.93333,2.96431,78.53400,49.00000,,20.00000,0.73294,1
202,2691,466.86099,17.94000,2.96482,78.53347,50.00000,,20.00000,0.73289,1
202,2692,467.02899,17.94667,2.96544,78.53349,49.00000,,20.00000,0.73283,1
202,2693,467.18100,17.95333,2.96599,78.53296,49.00000,,20.00000,0.73278,1
202,2694,467.34900,17.96000,2.96634,78.53297,51.00000,,20.00000,0.73272,1
202,2695,467.51001,17.96667,2.96684,78.53245,51.00000,,20.00000,0.73266,1
202,2696,467.67599,17.97333,2.96747,78.53246,50.00000,,20.00000,0.73260,1
202,2697,467.84201,17.98000,2.96809,78.53194,50.00000,,20.00000,0.73255,1
202,2698,468.00201,17.98667,2.96860,78.53141,49.00000,,20.00000,0.73249,1
202,2699,468.16400,17.99333,2.96922,78.53143,49.00000,,20.00000,0.73243,1
202,2700,468.32101,18.00000,2.96989,78.53090,51.00000,,20.00000,0.73238,1
202,2701,468.48499,18.00667,2.97040,78.53037,51.00000,,20.00000,0.73232,1
202,2702,468.65399,18.01333,2.97081,78.53035,52.00000,,20.00000,0.73226,1
202,2703,468.82101,18.02000,2.97127,78.52979,52.00000,,20.00000,0.73220,1
202,2704,468.97699,18.02667,2.97143,78.52930,49.00000,,20.00000,0.73215,1
202,2705,469.14301,18.03333,2.97183,78.52934,49.00000,,20.00000,0.73209,1
202,2706,469.30499,18.04000,2.97229,78.52881,50.00000,,20.00000,0.73203,1
202,2707,469.46301,18.04667,2.97274,78.52829,50.00000,,20.00000,0.73198,1
202,2708,469.63400,18.05333,2.97320,78.52830,50.00000,,20.00000,0.73192,1
202,2709,469.80301,18.06000,2.97384,78.52777,50.00000,,20.00000,0.73186,1
202,2710,469.95401,18.06667,2.97427,78.52778,49.00000,,20.00000,0.73181,1
202,2711,470.12399,18.07333,2.97491,78.52726,49.00000,,20.00000,0.73175,1
202,2712,470.28500,18.08000,2.97559,78.52673,51.00000,,20.00000,0.73169,1
202,2713,470.44299,18.08667,2.97609,78.52674,49.00000,,20.00000,0.73164,1
202,2714,470.61200,18.09333,2.97667,78.52621,50.00000,,20.00000,0.73158,1
202,2715,470.77600,18.10000,2.97724,78.52568,50.00000,,20.00000,0.73152,1
202,2716,470.94400,18.10667,2.97787,78.52568,49.00000,,20.00000,0.73146,1
202,2717,471.10501,18.11333,2.97821,78.52516,49.00000,,20.00000,0.73140,1
202,2718,471.26801,18.12000,2.97845,78.52464,49.00000,,20.00000,0.73134,1
202,2719,471.43701,18.12667,2.97880,78.52462,49.00000,,20.00000,0.73129,1
202,2720,471.58701,18.13333,2.97908,78.52407,50.00000,,20.00000,0.73123,1
202,2721,471.74799,18.14000,2.97959,78.52358,50.00000,,20.00000,0.73118,1
202,2722,471.91901,18.14667,2.98000,78.52363,50.00000,,20.00000,0.73111,1
202,2723,472.07901,18.15333,2.98029,78.52311,50.00000,,20.00000,0.73106,1
202,2724,472.23801,18.16000,2.98097,78.52312,50.00000,,20.00000,0.73100,1
202,2725,472.40701,18.16667,2.98171,78.52260,50.00000,,20.00000,0.73094,1
202,2726,472.56000,18.17333,2.98199,78.52207,50.00000,,20.00000,0.73089,1
202,2727,472.72400,18.18000,2.98240,78.52208,50.00000,,20.00000,0.73083,1
202,2728,472.89401,18.18667,2.98298,78.52155,50.00000,,20.00000,0.73077,1
202,2729,473.06500,18.19333,2.98373,78.52103,49.00000,,20.00000,0.73071,1
202,2730,473.22198,18.20000,2.98413,78.52104,49.00000,,20.00000,0.73065,1
202,2731,473.37701,18.20667,2.98435,78.52051,49.00000,,20.00000,0.73060,1
202,2732,473.54999,18.21333,2.98466,78.51998,50.00000,,20.00000,0.73054,1
202,2733,473.70599,18.22000,2.98483,78.51946,50.00000,,20.00000,0.73048,1
202,2734,473.87701,18.22667,2.98530,78.51893,50.00000,,20.00000,0.73042,1
202,2735,474.02899,18.23333,2.98575,78.51840,50.00000,,20.00000,0.73037,1
202,2736,474.20999,18.24000,2.98624,78.51785,49.00000,,20.00000,0.73030,1
202,2737,474.36401,18.24667,2.98680,78.51729,49.00000,,20.00000,0.73025,1
202,2738,474.51999,18.25333,2.98731,78.51679,49.00000,,20.00000,0.73019,1
202,2739,474.69901,18.26000,2.98785,78.51630,51.00000,,20.00000,0.73013,1
202,2740,474.84100,18.26667,2.98806,78.51524,51.00000,,20.00000,0.73008,1
202,2741,475.02200,18.27333,2.98821,78.51471,52.00000,,20.00000,0.73001,1
202,2742,475.17801,18.28000,2.98849,78.51365,52.00000,,20.00000,0.72995,1
202,2743,475.34500,18.28667,2.98885,78.51308,49.00000,,20.00000,0.72989,1
202,2744,475.50800,18.29333,2.98948,78.51199,49.00000,,20.00000,0.72984,1
202,2745,475.67300,18.30000,2.99006,78.51096,50.00000,,20.00000,0.72978,1
202,2746,475.83600,18.30667,2.99053,78.50940,50.00000,,20.00000,0.72972,1
202,2747,475.99399,18.31333,2.99098,78.50780,50.00000,,20.00000,0.72966,1
202,2748,476.14899,18.32000,2.99116,78.50675,51.00000,,20.00000,0.72961,1
202,2749,476.32599,18.32667,2.99147,78.50516,50.00000,,20.00000,0.72954,1
202,2750,476.48801,18.33333,2.99177,78.50357,49.00000,,20.00000,0.72948,1
202,2751,476.64700,18.34000,2.99212,78.50197,49.00000,,20.00000,0.72943,1
202,2752,476.80399,18.34667,2.99274,78.50038,50.00000,,20.00000,0.72937,1
202,2753,476.96399,18.35333,2.99320,78.49932,50.00000,,20.00000,0.72931,1
202,2754,477.13599,18.36000,2.99357,78.49826,50.00000,,20.00000,0.72925,1
202,2755,477.29099,18.36667,2.99397,78.49720,49.00000,,20.00000,0.72919,1
202,2756,477.45599,18.37333,2.99449,78.49667,49.00000,,20.00000,0.72913,1
202,2757,477.62900,18.38000,2.99486,78.49562,49.00000,,20.00000,0.72907,1
202,2758,477.78299,18.38667,2.99543,78.49509,49.00000,,20.00000,0.72902,1
202,2759,477.94901,18.39333,2.99601,78.49457,50.00000,,20.00000,0.72896,1
202,2760,478.10901,18.40000,2.99642,78.49348,50.00000,,20.00000,0.72890,1
202,2761,478.26801,18.40667,2.99654,78.49292,50.00000,,20.00000,0.72884,1
202,2762,478.44199,18.41333,2.99669,78.49189,50.00000,,20.00000,0.72878,1
202,2763,478.59799,18.42000,2.99681,78.49086,49.00000,,20.00000,0.72872,1
202,2764,478.75900,18.42667,2.99716,78.49033,49.00000,,20.00000,0.72866,1
202,2765,478.92801,18.43333,2.99759,78.48926,51.00000,,20.00000,0.72860,1
202,2766,479.09399,18.44000,2.99795,78.48766,51.00000,,20.00000,0.72854,1
202,2767,479.26001,18.44667,2.99836,78.48660,51.00000,,20.00000,0.72848,1
202,2768,479.42001,18.45333,2.99883,78.48553,52.00000,,20.00000,0.72842,1
202,2769,479.57999,18.46000,2.99929,78.48447,49.00000,,20.00000,0.72836,1
202,2770,479.74701,18.46667,2.99977,78.48181,49.00000,,20.00000,0.72830,1
202,2771,479.91199,18.47333,3.00018,78.48021,50.00000,,20.00000,0.72824,1
202,2772,480.07300,18.48000,3.00076,78.47861,50.00000,,20.00000,0.72818,1
202,2773,480.23001,18.48667,3.00128,78.47595,50.00000,,20.00000,0.72813,1
202,2774,480.39999,18.49333,3.00193,78.47435,50.00000,,20.00000,0.72806,1
202,2775,480.55899,18.50000,3.00228,78.47222,49.00000,,20.00000,0.72801,1
202,2776,480.72400,18.50667,3.00253,78.46847,49.00000,,20.00000,0.72794,1
202,2777,480.88901,18.51333,3.00284,78.46523,51.00000,,20.00000,0.72788,1
202,2778,481.04999,18.52000,3.00325,78.46199,51.00000,,20.00000,0.72783,1
202,2779,481.21701,18.52667,3.00362,78.45935,52.00000,,20.00000,0.72776,1
202,2780,481.37601,18.53333,3.00386,78.45778,52.00000,,20.00000,0.72771,1
202,2781,481.54599,18.54000,3.00423,78.45671,52.00000,,20.00000,0.72764,1
202,2782,481.70599,18.54667,3.00447,78.45457,49.00000,,20.00000,0.72758,1
202,2783,481.88000,18.55333,3.00485,78.45351,51.00000,,20.00000,0.72752,1
202,2784,482.03699,18.56000,3.00520,78.45191,51.00000,,20.00000,0.72746,1
202,2785,482.19901,18.56667,3.00544,78.44763,52.00000,,20.00000,0.72740,1
202,2786,482.36499,18.57333,3.00575,78.44497,52.00000,,20.00000,0.72734,1
202,2787,482.52100,18.58000,3.00627,78.44284,49.00000,,20.00000,0.72728,1
202,2788,482.68600,18.58667,3.00669,78.44071,49.00000,,20.00000,0.72722,1
202,2789,482.84799,18.59333,3.00694,78.43911,49.00000,,20.00000,0.72716,1
202,2790,483.01401,18.60000,3.00719,78.43698,50.00000,,20.00000,0.72710,1
202,2791,483.17801,18.60667,3.00761,78.43592,50.00000,,20.00000,0.72704,1
202,2792,483.33701,18.61333,3.00814,78.43486,50.00000,,20.00000,0.72698,1
202,2793,483.50000,18.62000,3.00861,78.43326,50.00000,,20.00000,0.72692,1
202,2794,483.67300,18.62667,3.00905,78.43163,49.00000,,20.00000,0.72686,1
202,2795,483.82901,18.63333,3.00945,78.43054,51.00000,,20.00000,0.72680,1
202,2796,483.98999,18.64000,3.00993,78.42951,51.00000,,20.00000,0.72674,1
202,2797,484.15701,18.64667,3.01035,78.42848,51.00000,,20.00000,0.72668,1
202,2798,484.32101,18.65333,3.01021,78.42742,52.00000,,20.00000,0.72662,1
202,2799,484.48199,18.66000,3.01080,78.42636,49.00000,,20.00000,0.72656,1
202,2800,484.64301,18.66667,3.01104,78.42530,49.00000,,20.00000,0.72650,1
202,2801,484.80801,18.67333,3.01130,78.42318,49.00000,,20.00000,0.72644,1
202,2802,484.97800,18.68000,3.01173,78.41944,49.00000,,20.00000,0.72637,1
202,2803,485.12701,18.68667,3.01213,78.41731,49.00000,,20.00000,0.72632,1
202,2804,485.29401,18.69333,3.01222,78.41518,50.00000,,20.00000,0.72626,1
202,2805,485.45401,18.70000,3.01218,78.41252,50.00000,,20.00000,0.72620,1
202,2806,485.61899,18.70667,3.01244,78.41092,50.00000,,20.00000,0.72614,1
202,2807,485.78400,18.71333,3.01281,78.41039,50.00000,,20.00000,0.72607,1
202,2808,485.94199,18.72000,3.01322,78.41039,50.00000,,20.00000,0.72601,1
202,2809,486.12000,18.72667,3.01350,78.40987,50.00000,,20.00000,0.72595,1
202,2810,486.28000,18.73333,3.01391,78.40988,50.00000,,20.00000,0.72589,1
202,2811,486.44199,18.74000,3.01422,78.40987,50.00000,,20.00000,0.72583,1
202,2812,486.60300,18.74667,3.01458,78.40985,49.00000,,20.00000,0.72577,1
202,2813,486.75699,18.75333,3.01482,78.40936,49.00000,,20.00000,0.72571,1
202,2814,486.92401,18.76000,3.01503,78.40941,50.00000,,20.00000,0.72565,1
202,2815,487.08899,18.76667,3.01523,78.40943,50.00000,,20.00000,0.72559,1
202,2816,487.25500,18.77333,3.01549,78.40944,50.00000,,20.00000,0.72552,1
202,2817,487.41299,18.78000,3.01590,78.40946,50.00000,,20.00000,0.72546,1
202,2818,487.57800,18.78667,3.01627,78.40944,50.00000,,20.00000,0.72540,1
202,2819,487.73999,18.79333,3.01658,78.40889,49.00000,,20.00000,0.72534,1
202,2820,487.89801,18.80000,3.01689,78.40840,49.00000,,20.00000,0.72528,1
202,2821,488.06299,18.80667,3.01720,78.40791,49.00000,,20.00000,0.72522,1
202,2822,488.23300,18.81333,3.01747,78.40739,51.00000,,20.00000,0.72516,1
202,2823,488.38199,18.82000,3.01753,78.40686,51.00000,,20.00000,0.72510,1
202,2824,488.55499,18.82667,3.01786,78.40633,52.00000,,20.00000,0.72503,1
202,2825,488.71799,18.83333,3.01806,78.40581,52.00000,,20.00000,0.72497,1
202,2826,488.88599,18.84000,3.01832,78.40529,49.00000,,20.00000,0.72491,1
202,2827,489.04700,18.84667,3.01863,78.40422,49.00000,,20.00000,0.72485,1
202,2828,489.20599,18.85333,3.01877,78.40370,50.00000,,20.00000,0.72479,1
202,2829,489.37100,18.86000,3.01903,78.40318,50.00000,,20.00000,0.72473,1
202,2830,489.53500,18.86667,3.01940,78.40265,50.00000,,20.00000,0.72466,1
202,2831,489.69901,18.87333,3.01983,78.40213,50.00000,,20.00000,0.72460,1
202,2832,489.86401,18.88000,3.02020,78.40107,50.00000,,20.00000,0.72454,1
202,2833,490.01999,18.88667,3.02062,78.40000,49.00000,,20.00000,0.72448,1
202,2834,490.19299,18.89333,3.02089,78.39948,50.00000,,20.00000,0.72441,1
202,2835,490.35699,18.90000,3.02115,78.39839,50.00000,,20.00000,0.72435,1
202,2836,490.51199,18.90667,3.02151,78.39462,50.00000,,20.00000,0.72429,1
202,2837,490.67499,18.91333,3.02183,78.39306,50.00000,,20.00000,0.72423,1
202,2838,490.84500,18.92000,3.02215,78.39150,50.00000,,20.00000,0.72417,1
202,2839,491.00800,18.92667,3.02241,78.38991,49.00000,,20.00000,0.72410,1
202,2840,491.16400,18.93333,3.02277,78.38832,49.00000,,20.00000,0.72405,1
202,2841,491.32401,18.94000,3.02308,78.38672,51.00000,,20.00000,0.72398,1
202,2842,491.47501,18.94667,3.02327,78.38512,51.00000,,20.00000,0.72393,1
202,2843,491.65900,18.95333,3.02356,78.38352,51.00000,,20.00000,0.72386,1
202,2844,491.82199,18.96000,3.02388,78.38191,49.00000,,20.00000,0.72379,1
202,2845,491.99399,18.96667,3.02432,78.38031,49.00000,,20.00000,0.72373,1
202,2846,492.15302,18.97333,3.02463,78.37817,49.00000,,20.00000,0.72367,1
202,2847,492.31100,18.98000,3.02466,78.37657,50.00000,,20.00000,0.72361,1
202,2848,492.47800,18.98667,3.02475,78.37444,50.00000,,20.00000,0.72354,1
202,2849,492.64301,18.99333,3.02490,78.37124,50.00000,,20.00000,0.72348,1
202,2850,492.80399,19.00000,3.02528,78.36804,50.00000,,20.00000,0.72342,1
202,2851,492.96100,19.00667,3.02541,78.36483,49.00000,,20.00000,0.72336,1
202,2852,493.13000,19.01333,3.02563,78.36267,49.00000,,20.00000,0.72329,1
202,2853,493.29800,19.02000,3.02590,78.36158,50.00000,,20.00000,0.72323,1
202,2854,493.45801,19.02667,3.02610,78.36002,50.00000,,20.00000,0.72317,1
202,2855,493.61600,19.03333,3.02641,78.35846,50.00000,,20.00000,0.72311,1
202,2856,493.78400,19.04000,3.02662,78.35686,50.00000,,20.00000,0.72304,1
202,2857,493.94299,19.04667,3.02693,78.35474,49.00000,,20.00000,0.72298,1
202,2858,494.10800,19.05333,3.02720,78.35153,49.00000,,20.00000,0.72292,1
202,2859,494.27100,19.06000,3.02758,78.34940,50.00000,,20.00000,0.72286,1
202,2860,494.42999,19.06667,3.02772,78.34780,50.00000,,20.00000,0.72279,1
202,2861,494.59900,19.07333,3.02777,78.34674,51.00000,,20.00000,0.72273,1
202,2862,494.76001,19.08000,3.02803,78.34461,51.00000,,20.00000,0.72267,1
202,2863,494.92700,19.08667,3.02813,78.34355,49.00000,,20.00000,0.72260,1
202,2864,495.09500,19.09333,3.02834,78.34196,49.00000,,20.00000,0.72254,1
202,2865,495.24500,19.10000,3.02858,78.34089,50.00000,,20.00000,0.72248,1
202,2866,495.41599,19.10667,3.02886,78.33984,50.00000,,20.00000,0.72241,1
202,2867,495.57999,19.11333,3.02913,78.33878,50.00000,,20.00000,0.72235,1
202,2868,495.74301,19.12000,3.02939,78.33773,52.00000,,20.00000,0.72229,1
202,2869,495.90100,19.12667,3.02953,78.33717,51.00000,,20.00000,0.72223,1
202,2870,496.07300,19.13333,3.02987,78.33608,51.00000,,20.00000,0.72216,1
202,2871,496.22198,19.14000,3.03011,78.33506,49.00000,,20.00000,0.72210,1
202,2872,496.39001,19.14667,3.03027,78.33404,49.00000,,20.00000,0.72204,1
202,2873,496.55099,19.15333,3.03048,78.33352,50.00000,,20.00000,0.72197,1
202,2874,496.72000,19.16000,3.03058,78.33301,50.00000,,20.00000,0.72191,1
202,2875,496.88300,19.16667,3.03074,78.33302,49.00000,,20.00000,0.72185,1
202,2876,497.03500,19.17333,3.03087,78.33246,49.00000,,20.00000,0.72179,1
202,2877,497.20499,19.18000,3.03098,78.33191,49.00000,,20.00000,0.72172,1
202,2878,497.37201,19.18667,3.03102,78.33088,49.00000,,20.00000,0.72166,1
202,2879,497.52899,19.19333,3.03122,78.33039,49.00000,,20.00000,0.72159,1
202,2880,497.69299,19.20000,3.03149,78.32987,50.00000,,20.00000,0.72153,1
202,2881,497.86700,19.20667,3.03184,78.32828,50.00000,,20.00000,0.72146,1
202,2882,498.02701,19.21333,3.03221,78.32722,50.00000,,20.00000,0.72140,1
202,2883,498.18301,19.22000,3.03241,78.32616,50.00000,,20.00000,0.72134,1
202,2884,498.34799,19.22667,3.03274,78.32511,50.00000,,20.00000,0.72127,1
202,2885,498.50800,19.23333,3.03294,78.32458,50.00000,,20.00000,0.72121,1
202,2886,498.67200,19.24000,3.03327,78.32353,51.00000,,20.00000,0.72115,1
202,2887,498.84299,19.24667,3.03355,78.32086,51.00000,,20.00000,0.72108,1
202,2888,499.00500,19.25333,3.03376,78.31927,52.00000,,20.00000,0.72102,1
202,2889,499.16599,19.26000,3.03397,78.31767,49.00000,,20.00000,0.72095,1
202,2890,499.32101,19.26667,3.03428,78.31608,49.00000,,20.00000,0.72089,1
202,2891,499.49301,19.27333,3.03462,78.31448,50.00000,,20.00000,0.72083,1
202,2892,499.65701,19.28000,3.03495,78.31235,50.00000,,20.00000,0.72076,1
202,2893,499.81601,19.28667,3.03510,78.31126,50.00000,,20.00000,0.72070,1
202,2894,499.98099,19.29333,3.03537,78.31070,50.00000,,20.00000,0.72064,1
202,2895,500.14600,19.30000,3.03559,78.30968,49.00000,,20.00000,0.72057,1
202,2896,500.30701,19.30667,3.03580,78.30811,49.00000,,20.00000,0.72051,1
202,2897,500.47299,19.31333,3.03613,78.30437,49.00000,,20.00000,0.72044,1
202,2898,500.64200,19.32000,3.03635,78.30170,51.00000,,20.00000,0.72038,1
202,2899,500.80099,19.32667,3.03673,78.29957,51.00000,,20.00000,0.72031,1
202,2900,500.96500,19.33333,3.03729,78.29744,52.00000,,20.00000,0.72025,1
202,2901,501.12299,19.34000,3.03749,78.29531,52.00000,,20.00000,0.72019,1
202,2902,501.29800,19.34667,3.03767,78.29372,49.00000,,20.00000,0.72012,1
202,2903,501.45300,19.35333,3.03776,78.29159,49.00000,,20.00000,0.72006,1
202,2904,501.61099,19.36000,3.03808,78.29000,49.00000,,20.00000,0.71999,1
202,2905,501.77701,19.36667,3.03847,78.28733,50.00000,,20.00000,0.71993,1
202,2906,501.94199,19.37333,3.03903,78.28521,51.00000,,20.00000,0.71986,1
202,2907,502.10800,19.38000,3.03970,78.28254,50.00000,,20.00000,0.71980,1
202,2908,502.26599,19.38667,3.03991,78.28041,49.00000,,20.00000,0.71973,1
202,2909,502.43799,19.39333,3.04031,78.27828,49.00000,,20.00000,0.71967,1
202,2910,502.59799,19.40000,3.04064,78.27612,49.00000,,20.00000,0.71960,1
202,2911,502.75500,19.40667,3.04084,78.27450,50.00000,,20.00000,0.71954,1
202,2912,502.91699,19.41333,3.04094,78.27240,50.00000,,20.00000,0.71948,1
202,2913,503.07901,19.42000,3.04116,78.27085,50.00000,,20.00000,0.71941,1
202,2914,503.25000,19.42667,3.04145,78.26926,50.00000,,20.00000,0.71934,1
202,2915,503.40799,19.43333,3.04166,78.26820,50.00000,,20.00000,0.71928,1
202,2916,503.57501,19.44000,3.04205,78.26661,49.00000,,20.00000,0.71921,1
202,2917,503.72900,19.44667,3.04259,78.26501,49.00000,,20.00000,0.71915,1
202,2918,503.89801,19.45333,3.04299,78.26127,51.00000,,20.00000,0.71909,1
202,2919,504.06400,19.46000,3.04333,78.25860,51.00000,,20.00000,0.71902,1
202,2920,504.22900,19.46667,3.04372,78.25593,52.00000,,20.00000,0.71895,1
202,2921,504.39001,19.47333,3.04405,78.25326,50.00000,,20.00000,0.71889,1
202,2922,504.55701,19.48000,3.04433,78.25166,49.00000,,20.00000,0.71882,1
202,2923,504.71799,19.48667,3.04455,78.25113,49.00000,,20.00000,0.71876,1
202,2924,504.88901,19.49333,3.04495,78.25061,50.00000,,20.00000,0.71869,1
202,2925,505.05200,19.50000,3.04545,78.25062,50.00000,,20.00000,0.71863,1
202,2926,505.21100,19.50667,3.04595,78.25063,51.00000,,20.00000,0.71856,1
202,2927,505.37601,19.51333,3.04663,78.24954,50.00000,,20.00000,0.71850,1
202,2928,505.54599,19.52000,3.04726,78.24844,50.00000,,20.00000,0.71843,1
202,2929,505.70401,19.52667,3.04770,78.24742,50.00000,,20.00000,0.71837,1
202,2930,505.86401,19.53333,3.04803,78.24586,49.00000,,20.00000,0.71830,1
202,2931,506.03000,19.54000,3.04825,78.24480,49.00000,,20.00000,0.71823,1
202,2932,506.20099,19.54667,3.04866,78.24375,50.00000,,20.00000,0.71817,1
202,2933,506.35999,19.55333,3.04916,78.24216,50.00000,,20.00000,0.71810,1
202,2934,506.52100,19.56000,3.04949,78.24053,50.00000,,20.00000,0.71804,1
202,2935,506.67801,19.56667,3.04981,78.23891,50.00000,,20.00000,0.71797,1
202,2936,506.84500,19.57333,3.05027,78.23735,49.00000,,20.00000,0.71791,1
202,2937,507.01099,19.58000,3.05078,78.23364,49.00000,,20.00000,0.71784,1
202,2938,507.18399,19.58667,3.05142,78.23152,50.00000,,20.00000,0.71777,1
202,2939,507.33701,19.59333,3.05191,78.22939,50.00000,,20.00000,0.71771,1
202,2940,507.50101,19.60000,3.05230,78.22780,50.00000,,20.00000,0.71764,1
202,2941,507.66299,19.60667,3.05287,78.22621,50.00000,,20.00000,0.71758,1
202,2942,507.82101,19.61333,3.05325,78.22409,49.00000,,20.00000,0.71751,1
202,2943,507.98801,19.62000,3.05382,78.22250,49.00000,,20.00000,0.71745,1
202,2944,508.15100,19.62667,3.05439,78.22088,49.00000,,20.00000,0.71738,1
202,2945,508.30600,19.63333,3.05494,78.21871,49.00000,,20.00000,0.71732,1
202,2946,508.48001,19.64000,3.05541,78.21769,50.00000,,20.00000,0.71725,1
202,2947,508.64200,19.64667,3.05597,78.21612,50.00000,,20.00000,0.71718,1
202,2948,508.80801,19.65333,3.05655,78.21453,50.00000,,20.00000,0.71712,1
202,2949,508.97198,19.66000,3.05706,78.21293,51.00000,,20.00000,0.71705,1
202,2950,509.13400,19.66667,3.05774,78.21080,51.00000,,20.00000,0.71698,1
202,2951,509.30301,19.67333,3.05809,78.20918,49.00000,,20.00000,0.71692,1
202,2952,509.46399,19.68000,3.05888,78.20755,49.00000,,20.00000,0.71685,1
202,2953,509.61600,19.68667,3.05954,78.20652,50.00000,,20.00000,0.71679,1
202,2954,509.78400,19.69333,3.06012,78.20657,50.00000,,20.00000,0.71672,1
202,2955,509.95901,19.70000,3.06059,78.20498,50.00000,,20.00000,0.71665,1
202,2956,510.11700,19.70667,3.06121,78.20285,50.00000,,20.00000,0.71658,1
202,2957,510.28000,19.71333,3.06183,78.20072,50.00000,,20.00000,0.71652,1
202,2958,510.44000,19.72000,3.06245,78.19913,50.00000,,20.00000,0.71645,1
202,2959,510.60699,19.72667,3.06292,78.19754,49.00000,,20.00000,0.71639,1
202,2960,510.77301,19.73333,3.06321,78.19596,50.00000,,20.00000,0.71632,1
202,2961,510.93100,19.74000,3.06377,78.19437,50.00000,,20.00000,0.71625,1
202,2962,511.09000,19.74667,3.06467,78.19331,49.00000,,20.00000,0.71619,1
202,2963,511.25101,19.75333,3.06564,78.19280,49.00000,,20.00000,0.71612,1
202,2964,511.42700,19.76000,3.06629,78.19282,49.00000,,20.00000,0.71605,1
202,2965,511.58499,19.76667,3.06708,78.19177,49.00000,,20.00000,0.71599,1
202,2966,511.73801,19.77333,3.06780,78.19071,49.00000,,20.00000,0.71592,1
202,2967,511.90900,19.78000,3.06822,78.18966,51.00000,,20.00000,0.71585,1
202,2968,512.07300,19.78667,3.06908,78.18858,51.00000,,20.00000,0.71579,1
202,2969,512.23102,19.79333,3.06975,78.18589,51.00000,,20.00000,0.71572,1
202,2970,512.39697,19.80000,3.07050,78.18218,52.00000,,20.00000,0.71565,1
202,2971,512.55499,19.80667,3.07130,78.18009,49.00000,,20.00000,0.71559,1
202,2972,512.71997,19.81333,3.07210,78.17582,49.00000,,20.00000,0.71552,1
202,2973,512.88898,19.82000,3.07286,78.17315,50.00000,,20.00000,0.71545,1
202,2974,513.04602,19.82667,3.07359,78.17101,50.00000,,20.00000,0.71539,1
202,2975,513.21198,19.83333,3.07440,78.16888,51.00000,,20.00000,0.71532,1
202,2976,513.38501,19.84000,3.07533,78.16621,51.00000,,20.00000,0.71525,1
202,2977,513.54401,19.84667,3.07636,78.16300,51.00000,,20.00000,0.71518,1
202,2978,513.70801,19.85333,3.07676,78.16033,49.00000,,20.00000,0.71512,1
202,2979,513.87799,19.86000,3.07723,78.15606,49.00000,,20.00000,0.71505,1
202,2980,514.03601,19.86667,3.07820,78.15178,49.00000,,20.00000,0.71498,1
202,2981,514.20300,19.87333,3.07941,78.14751,50.00000,,20.00000,0.71491,1
202,2982,514.36298,19.88000,3.08015,78.14592,50.00000,,20.00000,0.71485,1
202,2983,514.52899,19.88667,3.08125,78.14540,50.00000,,20.00000,0.71478,1
202,2984,514.69397,19.89333,3.08229,78.14434,50.00000,,20.00000,0.71471,1
202,2985,514.85199,19.90000,3.08337,78.14218,49.00000,,20.00000,0.71465,1
202,2986,515.01398,19.90667,3.08423,78.13626,49.00000,,20.00000,0.71458,1
202,2987,515.18799,19.91333,3.08517,78.13309,51.00000,,20.00000,0.71451,1
202,2988,515.35199,19.92000,3.08609,78.13046,51.00000,,20.00000,0.71444,1
202,2989,515.51398,19.92667,3.08718,78.12833,51.00000,,20.00000,0.71437,1
202,2990,515.68298,19.93333,3.08806,78.12566,52.00000,,20.00000,0.71430,1
202,2991,515.83698,19.94000,3.08908,78.12514,49.00000,,20.00000,0.71424,1
202,2992,516.00098,19.94667,3.09017,78.12355,49.00000,,20.00000,0.71417,1
202,2993,516.16498,19.95333,3.09121,78.12142,50.00000,,20.00000,0.71410,1
202,2994,516.33301,19.96000,3.09192,78.11983,49.00000,,20.00000,0.71403,1
202,2995,516.49902,19.96667,3.09239,78.11878,50.00000,,20.00000,0.71396,1
202,2996,516.66101,19.97333,3.09400,78.11665,50.00000,,20.00000,0.71390,1
202,2997,516.81598,19.98000,3.09531,78.10970,50.00000,,20.00000,0.71383,1
202,2998,516.98499,19.98667,3.09578,78.10489,50.00000,,20.00000,0.71376,1
202,2999,517.14801,19.99333,3.09682,78.10116,50.00000,,20.00000,0.71369,1
202,3000,517.30603,20.00000,3.09831,78.10117,49.00000,,20.00000,0.71363,1
202,3001,517.47998,20.00667,3.09948,78.10119,50.00000,,20.00000,0.71356,1
202,3002,517.63702,20.01333,3.10069,78.10117,50.00000,,20.00000,0.71349,1
202,3003,517.80603,20.02000,3.10179,78.10008,50.00000,,20.00000,0.71342,1
202,3004,517.96503,20.02667,3.10277,78.09852,50.00000,,20.00000,0.71335,1
202,3005,518.12799,20.03333,3.10393,78.09696,49.00000,,20.00000,0.71329,1
202,3006,518.30402,20.04000,3.10516,78.09484,49.00000,,20.00000,0.71321,1
202,3007,518.45502,20.04667,3.10670,78.09325,50.00000,,20.00000,0.71315,1
202,3008,518.62500,20.05333,3.10816,78.09059,50.00000,,20.00000,0.71308,1
202,3009,518.78601,20.06000,3.10943,78.08843,50.00000,,20.00000,0.71301,1
202,3010,518.94202,20.06667,3.11074,78.08681,50.00000,,20.00000,0.71295,1
202,3011,519.10699,20.07333,3.11202,78.08311,49.00000,,20.00000,0.71288,1
202,3012,519.27600,20.08000,3.11285,78.08101,49.00000,,20.00000,0.71281,1
202,3013,519.43701,20.08667,3.11389,78.07889,49.00000,,20.00000,0.71274,1
202,3014,519.60602,20.09333,3.11506,78.07783,49.00000,,20.00000,0.71267,1
202,3015,519.76801,20.10000,3.11627,78.07677,49.00000,,20.00000,0.71260,1
202,3016,519.93103,20.10667,3.11766,78.07518,49.00000,,20.00000,0.71253,1
202,3017,520.09003,20.11333,3.11922,78.07359,51.00000,,20.00000,0.71247,1
202,3018,520.26501,20.12000,3.12057,78.06986,51.00000,,20.00000,0.71239,1
202,3019,520.41803,20.12667,3.12183,78.06666,51.00000,,20.00000,0.71233,1
202,3020,520.58899,20.13333,3.12295,78.06346,49.00000,,20.00000,0.71226,1
202,3021,520.74500,20.14000,3.12416,78.06026,49.00000,,20.00000,0.71219,1
202,3022,520.91302,20.14667,3.12556,78.05867,50.00000,,20.00000,0.71212,1
202,3023,521.07300,20.15333,3.12706,78.05869,50.00000,,20.00000,0.71205,1
202,3024,521.23999,20.16000,3.12835,78.05763,50.00000,,20.00000,0.71198,1
202,3025,521.40399,20.16667,3.12871,78.05604,50.00000,,20.00000,0.71191,1
202,3026,521.56702,20.17333,3.13027,78.05387,50.00000,,20.00000,0.71184,1
202,3027,521.73401,20.18000,3.13167,78.05171,49.00000,,20.00000,0.71177,1
202,3028,521.89697,20.18667,3.13324,78.05016,49.00000,,20.00000,0.71171,1
202,3029,522.06299,20.19333,3.13481,78.04860,50.00000,,20.00000,0.71164,1
202,3030,522.21503,20.20000,3.13625,78.04808,50.00000,,20.00000,0.71157,1
202,3031,522.39398,20.20667,3.13767,78.04650,50.00000,,20.00000,0.71150,1
202,3032,522.55200,20.21333,3.13900,78.04491,49.00000,,20.00000,0.71143,1
202,3033,522.70801,20.22000,3.14027,78.04171,50.00000,,20.00000,0.71136,1
202,3034,522.87500,20.22667,3.14173,78.03905,49.00000,,20.00000,0.71129,1
202,3035,523.03900,20.23333,3.14313,78.03692,49.00000,,20.00000,0.71122,1
202,3036,523.20502,20.24000,3.14442,78.03586,51.00000,,20.00000,0.71115,1
202,3037,523.37097,20.24667,3.14583,78.03373,51.00000,,20.00000,0.71108,1
202,3038,523.53400,20.25333,3.14711,78.03214,51.00000,,20.00000,0.71101,1
202,3039,523.70001,20.26000,3.14863,78.03055,52.00000,,20.00000,0.71094,1
202,3040,523.85999,20.26667,3.15014,78.02950,49.00000,,20.00000,0.71088,1
202,3041,524.02802,20.27333,3.15080,78.02791,49.00000,,20.00000,0.71080,1
202,3042,524.18799,20.28000,3.15179,78.02632,51.00000,,20.00000,0.71074,1
202,3043,524.34698,20.28667,3.15342,78.02522,50.00000,,20.00000,0.71067,1
202,3044,524.51703,20.29333,3.15472,78.02360,51.00000,,20.00000,0.71060,1
202,3045,524.68597,20.30000,3.15607,78.02205,51.00000,,20.00000,0.71052,1
202,3046,524.84399,20.30667,3.15723,78.01781,50.00000,,20.00000,0.71046,1
202,3047,525.00800,20.31333,3.15847,78.01408,51.00000,,20.00000,0.71039,1
202,3048,525.17700,20.32000,3.15988,78.01035,49.00000,,20.00000,0.71031,1
202,3049,525.32898,20.32667,3.16115,78.00768,49.00000,,20.00000,0.71025,1
202,3050,525.49597,20.33333,3.16233,78.00663,50.00000,,20.00000,0.71018,1
202,3051,525.66101,20.34000,3.16339,78.00504,50.00000,,20.00000,0.71011,1
202,3052,525.83099,20.34667,3.16464,78.00238,49.00000,,20.00000,0.71004,1
202,3053,525.99500,20.35333,3.16524,77.99757,50.00000,,20.00000,0.70997,1
202,3054,526.15399,20.36000,3.16606,77.99276,49.00000,,20.00000,0.70990,1
202,3055,526.30902,20.36667,3.16687,77.98849,49.00000,,20.00000,0.70983,1
202,3056,526.48401,20.37333,3.16778,77.98529,49.00000,,20.00000,0.70976,1
202,3057,526.64801,20.38000,3.16867,77.98155,51.00000,,20.00000,0.70969,1
202,3058,526.81299,20.38667,3.16962,77.97620,51.00000,,20.00000,0.70962,1
202,3059,526.97900,20.39333,3.17040,77.97086,51.00000,,20.00000,0.70954,1
202,3060,527.13599,20.40000,3.17116,77.96815,49.00000,,20.00000,0.70948,1
202,3061,527.30902,20.40667,3.17190,77.96760,49.00000,,20.00000,0.70940,1
202,3062,527.47498,20.41333,3.17256,77.96497,51.00000,,20.00000,0.70933,1
202,3063,527.63098,20.42000,3.17315,77.96074,51.00000,,20.00000,0.70927,1
202,3064,527.80200,20.42667,3.17348,77.95755,51.00000,,20.00000,0.70919,1
202,3065,527.95697,20.43333,3.17361,77.95489,52.00000,,20.00000,0.70913,1
202,3066,528.12299,20.44000,3.17398,77.95223,52.00000,,20.00000,0.70905,1
202,3067,528.28497,20.44667,3.17435,77.94953,49.00000,,20.00000,0.70898,1
202,3068,528.44598,20.45333,3.17432,77.94469,49.00000,,20.00000,0.70891,1
202,3069,528.62201,20.46000,3.17396,77.94046,50.00000,,20.00000,0.70884,1
202,3070,528.77399,20.46667,3.17437,77.93676,50.00000,,20.00000,0.70877,1
202,3071,528.94598,20.47333,3.17465,77.93624,50.00000,,20.00000,0.70870,1
202,3072,529.10498,20.48000,3.17484,77.93465,49.00000,,20.00000,0.70863,1
202,3073,529.27301,20.48667,3.17435,77.93092,49.00000,,20.00000,0.70856,1
202,3074,529.43298,20.49333,3.17461,77.92610,49.00000,,20.00000,0.70849,1
202,3075,529.59601,20.50000,3.17446,77.92344,50.00000,,20.00000,0.70842,1
202,3076,529.76300,20.50667,3.17415,77.92292,50.00000,,20.00000,0.70835,1
202,3077,529.93701,20.51333,3.17379,77.92076,50.00000,,20.00000,0.70827,1
202,3078,530.09900,20.52000,3.17330,77.91538,50.00000,,20.00000,0.70820,1
202,3079,530.24701,20.52667,3.17243,77.90953,50.00000,,20.00000,0.70814,1
202,3080,530.42401,20.53333,3.17185,77.90476,50.00000,,20.00000,0.70806,1
202,3081,530.58301,20.54000,3.17106,77.90425,49.00000,,20.00000,0.70799,1
202,3082,530.75098,20.54667,3.16988,77.90426,49.00000,,20.00000,0.70792,1
202,3083,530.91400,20.55333,3.16904,77.90213,51.00000,,20.00000,0.70785,1
202,3084,531.07599,20.56000,3.16820,77.89997,51.00000,,20.00000,0.70778,1
202,3085,531.24799,20.56667,3.16732,77.89566,51.00000,,20.00000,0.70770,1
202,3086,531.40900,20.57333,3.16619,77.89357,51.00000,,20.00000,0.70763,1
202,3087,531.57501,20.58000,3.16495,77.88719,49.00000,,20.00000,0.70756,1
202,3088,531.73901,20.58667,3.16399,77.88131,49.00000,,20.00000,0.70749,1
202,3089,531.90399,20.59333,3.16298,77.87812,49.00000,,20.00000,0.70742,1
202,3090,532.06097,20.60000,3.16179,77.87761,50.00000,,20.00000,0.70735,1
202,3091,532.22198,20.60667,3.16025,77.87762,50.00000,,20.00000,0.70728,1
202,3092,532.38702,20.61333,3.15831,77.87604,50.00000,,20.00000,0.70721,1
202,3093,532.55603,20.62000,3.15673,77.87338,49.00000,,20.00000,0.70714,1
202,3094,532.72601,20.62667,3.15544,77.87125,49.00000,,20.00000,0.70706,1
202,3095,532.88501,20.63333,3.15378,77.86859,50.00000,,20.00000,0.70699,1
202,3096,533.04901,20.64000,3.15219,77.86647,50.00000,,20.00000,0.70692,1
202,3097,533.20697,20.64667,3.15082,77.86382,50.00000,,20.00000,0.70685,1
202,3098,533.37201,20.65333,3.14947,77.85848,50.00000,,20.00000,0.70678,1
202,3099,533.53699,20.66000,3.14793,77.85582,49.00000,,20.00000,0.70671,1
202,3100,533.70001,20.66667,3.14646,77.85370,49.00000,,20.00000,0.70664,1
202,3101,533.85797,20.67333,3.14485,77.85208,50.00000,,20.00000,0.70657,1
202,3102,534.02502,20.68000,3.14338,77.84992,50.00000,,20.00000,0.70649,1
202,3103,534.19501,20.68667,3.14186,77.84462,51.00000,,20.00000,0.70642,1
202,3104,534.35400,20.69333,3.14020,77.84039,51.00000,,20.00000,0.70635,1
202,3105,534.51501,20.70000,3.13849,77.83719,49.00000,,20.00000,0.70628,1
202,3106,534.67700,20.70667,3.13701,77.83453,49.00000,,20.00000,0.70621,1
202,3107,534.84100,20.71333,3.13611,77.83188,50.00000,,20.00000,0.70614,1
202,3108,535.01501,20.72000,3.13465,77.82922,50.00000,,20.00000,0.70606,1
202,3109,535.17102,20.72667,3.13328,77.82709,50.00000,,20.00000,0.70599,1
202,3110,535.33502,20.73333,3.13191,77.82550,50.00000,,20.00000,0.70592,1
202,3111,535.49799,20.74000,3.13038,77.82338,50.00000,,20.00000,0.70585,1
202,3112,535.66901,20.74667,3.12845,77.81804,52.00000,,20.00000,0.70577,1
202,3113,535.83002,20.75333,3.12714,77.81377,49.00000,,20.00000,0.70570,1
202,3114,535.98999,20.76000,3.12606,77.80949,49.00000,,20.00000,0.70563,1
202,3115,536.15698,20.76667,3.12534,77.80844,50.00000,,20.00000,0.70556,1
202,3116,536.32800,20.77333,3.12423,77.80846,50.00000,,20.00000,0.70548,1
202,3117,536.48901,20.78000,3.12297,77.80688,50.00000,,20.00000,0.70541,1
202,3118,536.64697,20.78667,3.12241,77.80418,50.00000,,20.00000,0.70534,1
202,3119,536.82001,20.79333,3.12188,77.80041,49.00000,,20.00000,0.70527,1
202,3120,536.97400,20.80000,3.12090,77.79779,49.00000,,20.00000,0.70520,1
202,3121,537.14001,20.80667,3.12001,77.79570,49.00000,,20.00000,0.70513,1
202,3122,537.30902,20.81333,3.11924,77.79358,51.00000,,20.00000,0.70505,1
202,3123,537.46997,20.82000,3.11822,77.78984,51.00000,,20.00000,0.70498,1
202,3124,537.64301,20.82667,3.11722,77.78343,52.00000,,20.00000,0.70490,1
202,3125,537.79700,20.83333,3.11619,77.77809,52.00000,,20.00000,0.70483,1
202,3126,537.96802,20.84000,3.11548,77.77651,49.00000,,20.00000,0.70476,1
202,3127,538.12799,20.84667,3.11521,77.77654,49.00000,,20.00000,0.70469,1
202,3128,538.28900,20.85333,3.11436,77.77604,49.00000,,20.00000,0.70462,1
202,3129,538.45001,20.86000,3.11369,77.77338,50.00000,,20.00000,0.70455,1
202,3130,538.60699,20.86667,3.11289,77.77019,50.00000,,20.00000,0.70448,1
202,3131,538.77600,20.87333,3.11224,77.76700,50.00000,,20.00000,0.70440,1
202,3132,538.94202,20.88000,3.11181,77.76434,50.00000,,20.00000,0.70433,1
202,3133,539.10101,20.88667,3.11119,77.76114,51.00000,,20.00000,0.70426,1
202,3134,539.27002,20.89333,3.11048,77.75848,49.00000,,20.00000,0.70418,1
202,3135,539.43597,20.90000,3.10970,77.75739,50.00000,,20.00000,0.70411,1
202,3136,539.60498,20.90667,3.10881,77.75523,50.00000,,20.00000,0.70403,1
202,3137,539.75702,20.91333,3.10771,77.75207,50.00000,,20.00000,0.70397,1
202,3138,539.92401,20.92000,3.10670,77.74677,50.00000,,20.00000,0.70389,1
202,3139,540.09302,20.92667,3.10582,77.74251,50.00000,,20.00000,0.70382,1
202,3140,540.25800,20.93333,3.10451,77.73931,49.00000,,20.00000,0.70374,1
202,3141,540.41101,20.94000,3.10284,77.73933,49.00000,,20.00000,0.70367,1
202,3142,540.58301,20.94667,3.10143,77.73932,51.00000,,20.00000,0.70360,1
202,3143,540.74402,20.95333,3.09983,77.73769,51.00000,,20.00000,0.70353,1
202,3144,540.91302,20.96000,3.09760,77.73560,51.00000,,20.00000,0.70345,1
202,3145,541.08002,20.96667,3.09572,77.73298,51.00000,,20.00000,0.70338,1
202,3146,541.24701,20.97333,3.09355,77.73032,49.00000,,20.00000,0.70330,1
202,3147,541.40698,20.98000,3.09147,77.72819,49.00000,,20.00000,0.70323,1
202,3148,541.56897,20.98667,3.08888,77.72661,51.00000,,20.00000,0.70316,1
202,3149,541.73798,20.99333,3.08584,77.72556,51.00000,,20.00000,0.70308,1
202,3150,541.89801,21.00000,3.08295,77.72398,52.00000,,20.00000,0.70301,1
202,3151,542.05701,21.00667,3.08006,77.72293,52.00000,,20.00000,0.70294,1
202,3152,542.22498,21.01333,3.07713,77.72135,49.00000,,20.00000,0.70286,1
202,3153,542.39203,21.02000,3.07391,77.72031,49.00000,,20.00000,0.70279,1
202,3154,542.55298,21.02667,3.07062,77.71926,50.00000,,20.00000,0.70272,1
202,3155,542.71002,21.03333,3.06708,77.71767,50.00000,,20.00000,0.70265,1
202,3156,542.87903,21.04000,3.06270,77.71662,50.00000,,20.00000,0.70257,1
202,3157,543.04199,21.04667,3.05888,77.71558,50.00000,,20.00000,0.70250,1
202,3158,543.21399,21.05333,3.05485,77.71399,50.00000,,20.00000,0.70242,1
202,3159,543.37201,21.06000,3.05067,77.71290,49.00000,,20.00000,0.70235,1
202,3160,543.53302,21.06667,3.04656,77.71128,51.00000,,20.00000,0.70228,1
202,3161,543.70398,21.07333,3.04205,77.71027,51.00000,,20.00000,0.70220,1
202,3162,543.86499,21.08000,3.03742,77.71033,52.00000,,20.00000,0.70213,1
202,3163,544.02698,21.08667,3.03260,77.71036,52.00000,,20.00000,0.70206,1
202,3164,544.19702,21.09333,3.02728,77.71038,49.00000,,20.00000,0.70198,1
202,3165,544.34998,21.10000,3.02210,77.70987,49.00000,,20.00000,0.70191,1
202,3166,544.52399,21.10667,3.01707,77.70936,49.00000,,20.00000,0.70183,1
202,3167,544.68402,21.11333,3.01219,77.70831,49.00000,,20.00000,0.70176,1
202,3168,544.84302,21.12000,3.00673,77.70780,51.00000,,20.00000,0.70169,1
202,3169,545.01001,21.12667,3.00087,77.70676,51.00000,,20.00000,0.70161,1
202,3170,545.18500,21.13333,2.99514,77.70625,49.00000,,20.00000,0.70153,1
202,3171,545.33899,21.14000,2.98943,77.70575,49.00000,,20.00000,0.70146,1
202,3172,545.49799,21.14667,2.98356,77.70577,50.00000,,20.00000,0.70139,1
202,3173,545.65802,21.15333,2.97768,77.70580,50.00000,,20.00000,0.70132,1
202,3174,545.82703,21.16000,2.97165,77.70529,50.00000,,20.00000,0.70124,1
202,3175,545.98700,21.16667,2.96542,77.70532,50.00000,,20.00000,0.70117,1
202,3176,546.15601,21.17333,2.95920,77.70531,50.00000,,20.00000,0.70109,1
202,3177,546.31799,21.18000,2.95309,77.70530,49.00000,,20.00000,0.70102,1
202,3178,546.48798,21.18667,2.94676,77.70536,49.00000,,20.00000,0.70094,1
202,3179,546.64001,21.19333,2.93987,77.70541,51.00000,,20.00000,0.70088,1
202,3180,546.81500,21.20000,2.93320,77.70544,51.00000,,20.00000,0.70080,1
202,3181,546.97699,21.20667,2.92650,77.70546,52.00000,,20.00000,0.70072,1
202,3182,547.14001,21.21333,2.91992,77.70549,50.00000,,20.00000,0.70065,1
202,3183,547.30603,21.22000,2.91364,77.70552,50.00000,,20.00000,0.70057,1
202,3184,547.46802,21.22667,2.90682,77.70555,50.00000,,20.00000,0.70050,1
202,3185,547.62799,21.23333,2.89993,77.70558,49.00000,,20.00000,0.70043,1
202,3186,547.79700,21.24000,2.89307,77.70561,51.00000,,20.00000,0.70035,1
202,3187,547.95300,21.24667,2.88617,77.70564,50.00000,,20.00000,0.70028,1
202,3188,548.11902,21.25333,2.87912,77.70567,50.00000,,20.00000,0.70020,1
202,3189,548.28101,21.26000,2.87224,77.70570,51.00000,,20.00000,0.70013,1
202,3190,548.44501,21.26667,2.86536,77.70572,51.00000,,20.00000,0.70006,1
202,3191,548.60797,21.27333,2.85853,77.70575,49.00000,,20.00000,0.69998,1
202,3192,548.77600,21.28000,2.85171,77.70578,49.00000,,20.00000,0.69990,1
202,3193,548.93903,21.28667,2.84471,77.70577,50.00000,,20.00000,0.69983,1
202,3194,549.09698,21.29333,2.83746,77.70576,50.00000,,20.00000,0.69976,1
202,3195,549.27301,21.30000,2.83030,77.70582,49.00000,,20.00000,0.69968,1
202,3196,549.42297,21.30667,2.82315,77.70588,49.00000,,20.00000,0.69961,1
202,3197,549.59998,21.31333,2.81616,77.70591,49.00000,,20.00000,0.69953,1
202,3198,549.75897,21.32000,2.80909,77.70595,49.00000,,20.00000,0.69946,1
202,3199,549.91199,21.32667,2.80258,77.70597,50.00000,,20.00000,0.69939,1
202,3200,550.08197,21.33333,2.79587,77.70597,50.00000,,20.00000,0.69931,1
202,3201,550.24500,21.34000,2.78903,77.70597,50.00000,,20.00000,0.69923,1
202,3202,550.40802,21.34667,2.78207,77.70604,50.00000,,20.00000,0.69916,1
202,3203,550.57898,21.35333,2.77501,77.70611,49.00000,,20.00000,0.69908,1
202,3204,550.71997,21.36000,2.76813,77.70614,49.00000,,20.00000,0.69902,1
202,3205,550.88898,21.36667,2.76135,77.70617,51.00000,,20.00000,0.69894,1
202,3206,551.05701,21.37333,2.75434,77.70620,51.00000,,20.00000,0.69886,1
202,3207,551.22498,21.38000,2.74721,77.70623,52.00000,,20.00000,0.69878,1
202,3208,551.38702,21.38667,2.74041,77.70626,52.00000,,20.00000,0.69871,1
202,3209,551.55200,21.39333,2.73368,77.70629,49.00000,,20.00000,0.69863,1
202,3210,551.70801,21.40000,2.72682,77.70632,49.00000,,20.00000,0.69856,1
202,3211,551.86902,21.40667,2.72026,77.70635,50.00000,,20.00000,0.69849,1
202,3212,552.03802,21.41333,2.71382,77.70639,50.00000,,20.00000,0.69841,1
202,3213,552.20001,21.42000,2.70726,77.70641,50.00000,,20.00000,0.69834,1
202,3214,552.36200,21.42667,2.70098,77.70591,50.00000,,20.00000,0.69826,1
202,3215,552.53198,21.43333,2.69472,77.70539,49.00000,,20.00000,0.69818,1
202,3216,552.68298,21.44000,2.68825,77.70488,51.00000,,20.00000,0.69811,1
202,3217,552.86401,21.44667,2.68207,77.70434,49.00000,,20.00000,0.69803,1
202,3218,553.02002,21.45333,2.67578,77.70434,49.00000,,20.00000,0.69796,1
202,3219,553.18799,21.46000,2.66945,77.70387,50.00000,,20.00000,0.69788,1
202,3220,553.35101,21.46667,2.66335,77.70340,50.00000,,20.00000,0.69781,1
202,3221,553.50800,21.47333,2.65729,77.70344,50.00000,,20.00000,0.69773,1
202,3222,553.66400,21.48000,2.65112,77.70293,50.00000,,20.00000,0.69766,1
202,3223,553.82800,21.48667,2.64501,77.70296,50.00000,,20.00000,0.69759,1
202,3224,553.99500,21.49333,2.63897,77.70246,49.00000,,20.00000,0.69751,1
202,3225,554.16302,21.50000,2.63310,77.70248,49.00000,,20.00000,0.69743,1
202,3226,554.32898,21.50667,2.62729,77.70251,51.00000,,20.00000,0.69735,1
202,3227,554.48602,21.51333,2.62158,77.70200,51.00000,,20.00000,0.69728,1
202,3228,554.65601,21.52000,2.61589,77.70203,52.00000,,20.00000,0.69720,1
202,3229,554.82397,21.52667,2.61043,77.70153,52.00000,,20.00000,0.69712,1
202,3230,554.97400,21.53333,2.60494,77.70157,49.00000,,20.00000,0.69706,1
202,3231,555.14001,21.54000,2.59936,77.70106,49.00000,,20.00000,0.69698,1
202,3232,555.29700,21.54667,2.59370,77.70110,50.00000,,20.00000,0.69691,1
202,3233,555.46899,21.55333,2.58818,77.70113,51.00000,,20.00000,0.69683,1
202,3234,555.63098,21.56000,2.58312,77.70059,51.00000,,20.00000,0.69675,1
202,3235,555.79303,21.56667,2.57800,77.70058,51.00000,,20.00000,0.69668,1
202,3236,555.95898,21.57333,2.57294,77.70011,51.00000,,20.00000,0.69660,1
202,3237,556.11700,21.58000,2.56763,77.70017,49.00000,,20.00000,0.69652,1
202,3238,556.28699,21.58667,2.56246,77.70021,49.00000,,20.00000,0.69645,1
202,3239,556.45203,21.59333,2.55757,77.69970,49.00000,,20.00000,0.69637,1
202,3240,556.61102,21.60000,2.55261,77.69974,50.00000,,20.00000,0.69629,1
202,3241,556.77301,21.60667,2.54760,77.69923,50.00000,,20.00000,0.69622,1
202,3242,556.93402,21.61333,2.54264,77.69926,50.00000,,20.00000,0.69614,1
202,3243,557.09998,21.62000,2.53793,77.69929,50.00000,,20.00000,0.69607,1
202,3244,557.26501,21.62667,2.53304,77.69878,49.00000,,20.00000,0.69599,1
202,3245,557.43201,21.63333,2.52832,77.69881,49.00000,,20.00000,0.69591,1
202,3246,557.59900,21.64000,2.52361,77.69830,51.00000,,20.00000,0.69583,1
202,3247,557.76501,21.64667,2.51913,77.69834,51.00000,,20.00000,0.69576,1
202,3248,557.91602,21.65333,2.51532,77.69837,52.00000,,20.00000,0.69569,1
202,3249,558.07898,21.66000,2.51125,77.69787,51.00000,,20.00000,0.69561,1
202,3250,558.25000,21.66667,2.50748,77.69790,50.00000,,20.00000,0.69553,1
202,3251,558.40900,21.67333,2.50316,77.69737,49.00000,,20.00000,0.69546,1
202,3252,558.57098,21.68000,2.49854,77.69736,49.00000,,20.00000,0.69538,1
202,3253,558.73199,21.68667,2.49423,77.69743,49.00000,,20.00000,0.69531,1
202,3254,558.90100,21.69333,2.48992,77.69697,51.00000,,20.00000,0.69523,1
202,3255,559.05902,21.70000,2.48577,77.69700,51.00000,,20.00000,0.69515,1
202,3256,559.22498,21.70667,2.48199,77.69649,52.00000,,20.00000,0.69507,1
202,3257,559.38898,21.71333,2.47814,77.69652,52.00000,,20.00000,0.69500,1
202,3258,559.54303,21.72000,2.47428,77.69651,49.00000,,20.00000,0.69493,1
202,3259,559.71802,21.72667,2.47045,77.69596,49.00000,,20.00000,0.69484,1
202,3260,559.88898,21.73333,2.46685,77.69603,50.00000,,20.00000,0.69476,1
202,3261,560.04401,21.74000,2.46316,77.69610,50.00000,,20.00000,0.69469,1
202,3262,560.20599,21.74667,2.45966,77.69559,50.00000,,20.00000,0.69461,1
202,3263,560.38098,21.75333,2.45618,77.69563,50.00000,,20.00000,0.69453,1
202,3264,560.53601,21.76000,2.45255,77.69512,49.00000,,20.00000,0.69446,1
202,3265,560.69397,21.76667,2.44898,77.69515,49.00000,,20.00000,0.69438,1
202,3266,560.86603,21.77333,2.44550,77.69518,49.00000,,20.00000,0.69430,1
202,3267,561.02698,21.78000,2.44211,77.69522,49.00000,,20.00000,0.69423,1
202,3268,561.19299,21.78667,2.43867,77.69468,50.00000,,20.00000,0.69415,1
202,3269,561.35303,21.79333,2.43528,77.69467,50.00000,,20.00000,0.69407,1
202,3270,561.51599,21.80000,2.43172,77.69474,50.00000,,20.00000,0.69400,1
202,3271,561.68298,21.80667,2.42869,77.69481,50.00000,,20.00000,0.69392,1
202,3272,561.84998,21.81333,2.42584,77.69484,49.00000,,20.00000,0.69384,1
202,3273,562.00800,21.82000,2.42298,77.69487,49.00000,,20.00000,0.69377,1
202,3274,562.17102,21.82667,2.41947,77.69490,51.00000,,20.00000,0.69369,1
202,3275,562.33197,21.83333,2.41649,77.69436,51.00000,,20.00000,0.69361,1
202,3276,562.50000,21.84000,2.41370,77.69435,52.00000,,20.00000,0.69353,1
202,3277,562.66901,21.84667,2.41085,77.69442,51.00000,,20.00000,0.69345,1
202,3278,562.83099,21.85333,2.40788,77.69448,49.00000,,20.00000,0.69338,1
202,3279,562.98901,21.86000,2.40489,77.69397,49.00000,,20.00000,0.69330,1
202,3280,563.15802,21.86667,2.40198,77.69400,50.00000,,20.00000,0.69322,1
202,3281,563.32898,21.87333,2.39931,77.69403,50.00000,,20.00000,0.69314,1
202,3282,563.48901,21.88000,2.39686,77.69353,50.00000,,20.00000,0.69307,1
202,3283,563.65002,21.88667,2.39435,77.69356,50.00000,,20.00000,0.69299,1
202,3284,563.81500,21.89333,2.39172,77.69359,50.00000,,20.00000,0.69291,1
202,3285,563.98199,21.90000,2.38898,77.69148,52.00000,,20.00000,0.69283,1
202,3286,564.14301,21.90667,2.38618,77.69044,49.00000,,20.00000,0.69276,1
202,3287,564.30402,21.91333,2.38343,77.68886,49.00000,,20.00000,0.69268,1
202,3288,564.46399,21.92000,2.38079,77.68782,49.00000,,20.00000,0.69260,1
202,3289,564.63599,21.92667,2.37836,77.68625,50.00000,,20.00000,0.69252,1
202,3290,564.79999,21.93333,2.37585,77.68521,50.00000,,20.00000,0.69244,1
202,3291,564.96002,21.94000,2.37351,77.68417,50.00000,,20.00000,0.69237,1
202,3292,565.11798,21.94667,2.37117,77.68309,50.00000,,20.00000,0.69229,1
202,3293,565.28802,21.95333,2.36902,77.68201,49.00000,,20.00000,0.69221,1
202,3294,565.45099,21.96000,2.36651,77.68101,51.00000,,20.00000,0.69213,1
202,3295,565.61902,21.96667,2.36424,77.68055,50.00000,,20.00000,0.69205,1
202,3296,565.78400,21.97333,2.36250,77.67951,50.00000,,20.00000,0.69198,1
202,3297,565.93799,21.98000,2.36026,77.67793,51.00000,,20.00000,0.69190,1
202,3298,566.10699,21.98667,2.35800,77.67689,51.00000,,20.00000,0.69182,1
202,3299,566.27002,21.99333,2.35584,77.67585,49.00000,,20.00000,0.69174,1
202,3300,566.43597,22.00000,2.35350,77.67481,49.00000,,20.00000,0.69166,1
202,3301,566.59399,22.00667,2.35145,77.67377,50.00000,,20.00000,0.69159,1
202,3302,566.76599,22.01333,2.34984,77.67219,51.00000,,20.00000,0.69151,1
202,3303,566.92902,22.02000,2.34785,77.67062,51.00000,,20.00000,0.69143,1
202,3304,567.09302,22.02667,2.34552,77.66904,52.00000,,20.00000,0.69135,1
202,3305,567.25403,22.03333,2.34335,77.66747,52.00000,,20.00000,0.69127,1
202,3306,567.41803,22.04000,2.34125,77.66589,52.00000,,20.00000,0.69120,1
202,3307,567.57599,22.04667,2.33926,77.66485,49.00000,,20.00000,0.69112,1
202,3308,567.74200,22.05333,2.33733,77.66328,49.00000,,20.00000,0.69104,1
202,3309,567.91498,22.06000,2.33548,77.66167,50.00000,,20.00000,0.69096,1
202,3310,568.07397,22.06667,2.33349,77.66059,50.00000,,20.00000,0.69088,1
202,3311,568.23602,22.07333,2.33180,77.65958,50.00000,,20.00000,0.69080,1
202,3312,568.39697,22.08000,2.33010,77.65858,50.00000,,20.00000,0.69073,1
202,3313,568.56598,22.08667,2.32842,77.65754,49.00000,,20.00000,0.69065,1
202,3314,568.73199,22.09333,2.32662,77.65650,49.00000,,20.00000,0.69057,1
202,3315,568.89398,22.10000,2.32492,77.65546,51.00000,,20.00000,0.69049,1
202,3316,569.06097,22.10667,2.32330,77.65441,50.00000,,20.00000,0.69041,1
202,3317,569.21802,22.11333,2.32177,77.65391,51.00000,,20.00000,0.69033,1
202,3318,569.38800,22.12000,2.32039,77.65340,51.00000,,20.00000,0.69025,1
202,3319,569.54901,22.12667,2.31887,77.65236,50.00000,,20.00000,0.69017,1
202,3320,569.71503,22.13333,2.31724,77.65186,50.00000,,20.00000,0.69009,1
202,3321,569.88599,22.14000,2.31574,77.65135,50.00000,,20.00000,0.69001,1
202,3322,570.04102,22.14667,2.31409,77.65084,49.00000,,20.00000,0.68994,1
202,3323,570.20697,22.15333,2.31264,77.65033,51.00000,,20.00000,0.68986,1
202,3324,570.37903,22.16000,2.31108,77.64983,51.00000,,20.00000,0.68977,1
202,3325,570.54401,22.16667,2.30951,77.64879,52.00000,,20.00000,0.68969,1
202,3326,570.70001,22.17333,2.30810,77.64771,52.00000,,20.00000,0.68962,1
202,3327,570.86798,22.18000,2.30671,77.64718,49.00000,,20.00000,0.68954,1
202,3328,571.03198,22.18667,2.30543,77.64618,49.00000,,20.00000,0.68946,1
202,3329,571.19000,22.19333,2.30420,77.64518,50.00000,,20.00000,0.68938,1
202,3330,571.36298,22.20000,2.30258,77.64308,50.00000,,20.00000,0.68930,1
202,3331,571.51501,22.20667,2.30104,77.64151,50.00000,,20.00000,0.68923,1
202,3332,571.67798,22.21333,2.29970,77.63939,50.00000,,20.00000,0.68915,1
202,3333,571.83801,22.22000,2.29848,77.63778,50.00000,,20.00000,0.68907,1
202,3334,572.01703,22.22667,2.29734,77.63563,49.00000,,20.00000,0.68898,1
202,3335,572.17999,22.23333,2.29606,77.63355,49.00000,,20.00000,0.68890,1
202,3336,572.33197,22.24000,2.29470,77.63254,51.00000,,20.00000,0.68883,1
202,3337,572.50897,22.24667,2.29332,77.63150,50.00000,,20.00000,0.68875,1
202,3338,572.67603,22.25333,2.29199,77.63046,50.00000,,20.00000,0.68866,1
202,3339,572.84003,22.26000,2.29059,77.62941,50.00000,,20.00000,0.68858,1
202,3340,573.00299,22.26667,2.28931,77.62891,49.00000,,20.00000,0.68851,1
202,3341,573.16302,22.27333,2.28826,77.62841,49.00000,,20.00000,0.68843,1
202,3342,573.33398,22.28000,2.28711,77.62737,49.00000,,20.00000,0.68835,1
202,3343,573.49500,22.28667,2.28612,77.62687,51.00000,,20.00000,0.68827,1
202,3344,573.65399,22.29333,2.28507,77.62637,51.00000,,20.00000,0.68819,1
202,3345,573.82501,22.30000,2.28386,77.62533,52.00000,,20.00000,0.68811,1
202,3346,573.98199,22.30667,2.28280,77.62482,52.00000,,20.00000,0.68803,1
202,3347,574.14801,22.31333,2.28176,77.62378,49.00000,,20.00000,0.68795,1
202,3348,574.31897,22.32000,2.28073,77.62275,49.00000,,20.00000,0.68787,1
202,3349,574.48499,22.32667,2.27957,77.62171,49.00000,,20.00000,0.68779,1
202,3350,574.64099,22.33333,2.27857,77.61957,50.00000,,20.00000,0.68771,1
202,3351,574.79999,22.34000,2.27746,77.61850,50.00000,,20.00000,0.68763,1
202,3352,574.97699,22.34667,2.27638,77.61696,50.00000,,20.00000,0.68755,1
202,3353,575.13000,22.35333,2.27537,77.61596,50.00000,,20.00000,0.68747,1
202,3354,575.28998,22.36000,2.27426,77.61438,50.00000,,20.00000,0.68739,1
202,3355,575.45599,22.36667,2.27346,77.61281,50.00000,,20.00000,0.68731,1
202,3356,575.63000,22.37333,2.27267,77.61123,49.00000,,20.00000,0.68723,1
202,3357,575.79199,22.38000,2.27156,77.61018,49.00000,,20.00000,0.68715,1
202,3358,575.95398,22.38667,2.27057,77.60914,50.00000,,20.00000,0.68707,1
202,3359,576.12402,22.39333,2.26954,77.60810,50.00000,,20.00000,0.68699,1
202,3360,576.29401,22.40000,2.26862,77.60706,49.00000,,20.00000,0.68690,1
202,3361,576.45398,22.40667,2.26763,77.60603,49.00000,,20.00000,0.68683,1
202,3362,576.60999,22.41333,2.26669,77.60499,49.00000,,20.00000,0.68675,1
202,3363,576.77802,22.42000,2.26600,77.60449,49.00000,,20.00000,0.68667,1
202,3364,576.94598,22.42667,2.26532,77.60345,51.00000,,20.00000,0.68659,1
202,3365,577.10303,22.43333,2.26450,77.60242,51.00000,,20.00000,0.68651,1
202,3366,577.27301,22.44000,2.26359,77.60138,52.00000,,20.00000,0.68643,1
202,3367,577.42902,22.44667,2.26259,77.60084,52.00000,,20.00000,0.68635,1
202,3368,577.60400,22.45333,2.26168,77.60029,49.00000,,20.00000,0.68626,1
202,3369,577.76202,22.46000,2.26086,77.59929,49.00000,,20.00000,0.68619,1
202,3370,577.92798,22.46667,2.25999,77.59883,50.00000,,20.00000,0.68610,1
202,3371,578.09998,22.47333,2.25914,77.59779,50.00000,,20.00000,0.68602,1
202,3372,578.25800,22.48000,2.25832,77.59729,51.00000,,20.00000,0.68594,1
202,3373,578.42499,22.48667,2.25746,77.59625,51.00000,,20.00000,0.68586,1
202,3374,578.58899,22.49333,2.25653,77.59521,49.00000,,20.00000,0.68578,1
202,3375,578.75403,22.50000,2.25566,77.59417,50.00000,,20.00000,0.68570,1
202,3376,578.90997,22.50667,2.25502,77.59367,50.00000,,20.00000,0.68562,1
202,3377,579.08197,22.51333,2.25446,77.59264,50.00000,,20.00000,0.68554,1
202,3378,579.24701,22.52000,2.25389,77.59160,50.00000,,20.00000,0.68546,1
202,3379,579.41199,22.52667,2.25326,77.59110,50.00000,,20.00000,0.68537,1
202,3380,579.56897,22.53333,2.25256,77.58899,49.00000,,20.00000,0.68530,1
202,3381,579.73700,22.54000,2.25182,77.58741,49.00000,,20.00000,0.68521,1
202,3382,579.90399,22.54667,2.25120,77.58584,49.00000,,20.00000,0.68513,1
202,3383,580.06702,22.55333,2.25044,77.58426,49.00000,,20.00000,0.68505,1
202,3384,580.23102,22.56000,2.24957,77.58265,49.00000,,20.00000,0.68497,1
202,3385,580.39502,22.56667,2.24877,77.58104,50.00000,,20.00000,0.68489,1
202,3386,580.56702,22.57333,2.24755,77.57950,50.00000,,20.00000,0.68481,1
202,3387,580.73102,22.58000,2.24680,77.57850,52.00000,,20.00000,0.68472,1
202,3388,580.88898,22.58667,2.24592,77.57800,49.00000,,20.00000,0.68465,1
202,3389,581.05798,22.59333,2.24518,77.57750,49.00000,,20.00000,0.68456,1
202,3390,581.21600,22.60000,2.24454,77.57700,50.00000,,20.00000,0.68449,1
202,3391,581.38702,22.60667,2.24398,77.57646,50.00000,,20.00000,0.68440,1
202,3392,581.54700,22.61333,2.24322,77.57539,51.00000,,20.00000,0.68432,1
202,3393,581.71100,22.62000,2.24247,77.57439,51.00000,,20.00000,0.68424,1
202,3394,581.87402,22.62667,2.24202,77.57393,49.00000,,20.00000,0.68416,1
202,3395,582.05298,22.63333,2.24153,77.57290,49.00000,,20.00000,0.68407,1
202,3396,582.20801,22.64000,2.24154,77.57187,49.00000,,20.00000,0.68399,1
202,3397,582.36200,22.64667,2.24090,77.57083,50.00000,,20.00000,0.68392,1
202,3398,582.52802,22.65333,2.23973,77.56818,50.00000,,20.00000,0.68384,1
202,3399,582.69000,22.66000,2.23886,77.56661,50.00000,,20.00000,0.68376,1
202,3400,582.86200,22.66667,2.23824,77.56504,50.00000,,20.00000,0.68367,1
202,3401,583.03101,22.67333,2.23755,77.56343,49.00000,,20.00000,0.68359,1
202,3402,583.19000,22.68000,2.23698,77.56181,49.00000,,20.00000,0.68351,1
202,3403,583.35498,22.68667,2.23629,77.56027,49.00000,,20.00000,0.68343,1
202,3404,583.52698,22.69333,2.23561,77.55873,49.00000,,20.00000,0.68334,1
202,3405,583.68903,22.70000,2.23497,77.55770,50.00000,,20.00000,0.68326,1
202,3406,583.85303,22.70667,2.23422,77.55666,50.00000,,20.00000,0.68318,1
202,3407,584.01398,22.71333,2.23388,77.55509,50.00000,,20.00000,0.68310,1
202,3408,584.18103,22.72000,2.23368,77.55402,50.00000,,20.00000,0.68301,1
202,3409,584.33801,22.72667,2.23261,77.55134,49.00000,,20.00000,0.68294,1
202,3410,584.50702,22.73333,2.23199,77.54927,51.00000,,20.00000,0.68285,1
202,3411,584.67499,22.74000,2.23130,77.54773,50.00000,,20.00000,0.68277,1
202,3412,584.84003,22.74667,2.23079,77.54562,51.00000,,20.00000,0.68269,1
202,3413,585.00598,22.75333,2.23029,77.54405,51.00000,,20.00000,0.68260,1
202,3414,585.16602,22.76000,2.22965,77.54194,51.00000,,20.00000,0.68252,1
202,3415,585.33099,22.76667,2.22914,77.54036,49.00000,,20.00000,0.68244,1
202,3416,585.49799,22.77333,2.22857,77.53825,49.00000,,20.00000,0.68236,1
202,3417,585.66400,22.78000,2.22776,77.53507,50.00000,,20.00000,0.68228,1
202,3418,585.82898,22.78667,2.22695,77.53296,50.00000,,20.00000,0.68219,1
202,3419,585.99402,22.79333,2.22632,77.53032,50.00000,,20.00000,0.68211,1
202,3420,586.15698,22.80000,2.22587,77.52767,50.00000,,20.00000,0.68203,1
202,3421,586.32098,22.80667,2.22535,77.52664,49.00000,,20.00000,0.68195,1
202,3422,586.48401,22.81333,2.22526,77.52560,49.00000,,20.00000,0.68187,1
202,3423,586.65100,22.82000,2.22415,77.52510,49.00000,,20.00000,0.68178,1
202,3424,586.81799,22.82667,2.22334,77.52353,49.00000,,20.00000,0.68170,1
202,3425,586.98102,22.83333,2.22283,77.52245,50.00000,,20.00000,0.68162,1
202,3426,587.14203,22.84000,2.22225,77.52084,50.00000,,20.00000,0.68154,1
202,3427,587.31201,22.84667,2.22187,77.51770,50.00000,,20.00000,0.68145,1
202,3428,587.47601,22.85333,2.22148,77.51563,50.00000,,20.00000,0.68137,1
202,3429,587.64301,22.86000,2.22091,77.51406,49.00000,,20.00000,0.68129,1
202,3430,587.80902,22.86667,2.22022,77.51249,49.00000,,20.00000,0.68120,1
202,3431,587.96503,22.87333,2.21957,77.51092,50.00000,,20.00000,0.68112,1
202,3432,588.13098,22.88000,2.21888,77.50935,49.00000,,20.00000,0.68104,1
202,3433,588.29102,22.88667,2.21825,77.50778,49.00000,,20.00000,0.68096,1
202,3434,588.46198,22.89333,2.21768,77.50567,50.00000,,20.00000,0.68087,1
202,3435,588.62201,22.90000,2.21716,77.50463,50.00000,,20.00000,0.68079,1
202,3436,588.79199,22.90667,2.21684,77.50091,50.00000,,20.00000,0.68071,1
202,3437,588.95502,22.91333,2.21639,77.49558,49.00000,,20.00000,0.68063,1
202,3438,589.13098,22.92000,2.21559,77.49186,49.00000,,20.00000,0.68054,1
202,3439,589.29602,22.92667,2.21514,77.48868,50.00000,,20.00000,0.68046,1
202,3440,589.45099,22.93333,2.21486,77.48818,51.00000,,20.00000,0.68038,1
202,3441,589.61700,22.94000,2.21435,77.48768,52.00000,,20.00000,0.68029,1
202,3442,589.78998,22.94667,2.21385,77.48715,52.00000,,20.00000,0.68021,1
202,3443,589.94800,22.95333,2.21320,77.48555,49.00000,,20.00000,0.68013,1
202,3444,590.11200,22.96000,2.21233,77.48402,49.00000,,20.00000,0.68004,1
202,3445,590.27399,22.96667,2.21157,77.48249,50.00000,,20.00000,0.67996,1
202,3446,590.43597,22.97333,2.21088,77.47932,50.00000,,20.00000,0.67988,1
202,3447,590.59900,22.98000,2.21048,77.47722,50.00000,,20.00000,0.67980,1
202,3448,590.76099,22.98667,2.20978,77.47511,50.00000,,20.00000,0.67972,1
202,3449,590.92401,22.99333,2.20921,77.47247,50.00000,,20.00000,0.67963,1
202,3450,591.09900,23.00000,2.20865,77.47036,49.00000,,20.00000,0.67955,1
202,3451,591.25598,23.00667,2.20801,77.46879,49.00000,,20.00000,0.67947,1
202,3452,591.41803,23.01333,2.20743,77.46722,51.00000,,20.00000,0.67938,1
202,3453,591.59003,23.02000,2.20681,77.46565,51.00000,,20.00000,0.67930,1
202,3454,591.75702,23.02667,2.20600,77.46408,51.00000,,20.00000,0.67921,1
202,3455,591.91998,23.03333,2.20531,77.46251,49.00000,,20.00000,0.67913,1
202,3456,592.07300,23.04000,2.20465,77.46147,49.00000,,20.00000,0.67905,1
202,3457,592.24799,23.04667,2.20410,77.45990,49.00000,,20.00000,0.67896,1
202,3458,592.40900,23.05333,2.20340,77.45457,49.00000,,20.00000,0.67888,1
202,3459,592.58301,23.06000,2.20272,77.45081,51.00000,,20.00000,0.67879,1
202,3460,592.74799,23.06667,2.20257,77.44705,51.00000,,20.00000,0.67871,1
202,3461,592.90802,23.07333,2.20211,77.44497,51.00000,,20.00000,0.67863,1
202,3462,593.08502,23.08000,2.20113,77.44452,51.00000,,20.00000,0.67854,1
202,3463,593.24701,23.08667,2.20008,77.44348,49.00000,,20.00000,0.67846,1
202,3464,593.40302,23.09333,2.19943,77.44138,49.00000,,20.00000,0.67838,1
202,3465,593.57501,23.10000,2.19917,77.43927,49.00000,,20.00000,0.67829,1
202,3466,593.72400,23.10667,2.19863,77.43713,50.00000,,20.00000,0.67822,1
202,3467,593.90399,23.11333,2.19808,77.43499,50.00000,,20.00000,0.67812,1
202,3468,594.06500,23.12000,2.19738,77.43292,50.00000,,20.00000,0.67804,1
202,3469,594.22699,23.12667,2.19668,77.43086,50.00000,,20.00000,0.67796,1
202,3470,594.39899,23.13333,2.19606,77.42553,49.00000,,20.00000,0.67787,1
202,3471,594.55701,23.14000,2.19536,77.42236,49.00000,,20.00000,0.67779,1
202,3472,594.72699,23.14667,2.19479,77.42025,51.00000,,20.00000,0.67771,1
202,3473,594.87903,23.15333,2.19414,77.41869,51.00000,,20.00000,0.67763,1
202,3474,595.05499,23.16000,2.19364,77.41659,51.00000,,20.00000,0.67754,1
202,3475,595.21997,23.16667,2.19307,77.41448,50.00000,,20.00000,0.67745,1
202,3476,595.37402,23.17333,2.19236,77.41237,49.00000,,20.00000,0.67738,1
202,3477,595.53601,23.18000,2.19172,77.41027,50.00000,,20.00000,0.67729,1
202,3478,595.71802,23.18667,2.19081,77.40656,50.00000,,20.00000,0.67720,1
202,3479,595.87500,23.19333,2.18998,77.40285,51.00000,,20.00000,0.67712,1
202,3480,596.03900,23.20000,2.18983,77.39913,51.00000,,20.00000,0.67704,1
202,3481,596.20001,23.20667,2.18949,77.39649,51.00000,,20.00000,0.67695,1
202,3482,596.37097,23.21333,2.18862,77.39653,49.00000,,20.00000,0.67687,1
202,3483,596.53003,23.22000,2.18798,77.39492,49.00000,,20.00000,0.67679,1
202,3484,596.69800,23.22667,2.18729,77.39224,50.00000,,20.00000,0.67670,1
202,3485,596.86700,23.23333,2.18636,77.38857,50.00000,,20.00000,0.67661,1
202,3486,597.02698,23.24000,2.18560,77.38596,50.00000,,20.00000,0.67653,1
202,3487,597.19397,23.24667,2.18479,77.38385,50.00000,,20.00000,0.67645,1
202,3488,597.35498,23.25333,2.18457,77.38282,49.00000,,20.00000,0.67636,1
202,3489,597.52399,23.26000,2.18382,77.38125,49.00000,,20.00000,0.67628,1
202,3490,597.69202,23.26667,2.18301,77.37808,51.00000,,20.00000,0.67619,1
202,3491,597.85999,23.27333,2.18220,77.37222,51.00000,,20.00000,0.67610,1
202,3492,598.01599,23.28000,2.18149,77.36797,50.00000,,20.00000,0.67602,1
202,3493,598.17401,23.28667,2.18066,77.36480,50.00000,,20.00000,0.67594,1
202,3494,598.34698,23.29333,2.17986,77.36484,49.00000,,20.00000,0.67585,1
202,3495,598.50598,23.30000,2.17927,77.36434,49.00000,,20.00000,0.67577,1
202,3496,598.67902,23.30667,2.17865,77.36277,49.00000,,20.00000,0.67568,1
202,3497,598.84198,23.31333,2.17831,77.36013,49.00000,,20.00000,0.67560,1
202,3498,599.01099,23.32000,2.17775,77.35588,49.00000,,20.00000,0.67551,1
202,3499,599.17499,23.32667,2.17699,77.35377,50.00000,,20.00000,0.67543,1
202,3500,599.33502,23.33333,2.17622,77.35056,51.00000,,20.00000,0.67535,1
202,3501,599.50201,23.34000,2.17505,77.34734,51.00000,,20.00000,0.67526,1
202,3502,599.66602,23.34667,2.17386,77.34474,49.00000,,20.00000,0.67518,1
202,3503,599.83698,23.35333,2.17294,77.34214,49.00000,,20.00000,0.67509,1
202,3504,599.99701,23.36000,2.17205,77.33896,50.00000,,20.00000,0.67501,1
202,3505,600.16400,23.36667,2.17123,77.33418,50.00000,,20.00000,0.67492,1
202,3506,600.32397,23.37333,2.17089,77.32993,50.00000,,20.00000,0.67484,1
202,3507,600.48700,23.38000,2.17025,77.32782,49.00000,,20.00000,0.67475,1
202,3508,600.65997,23.38667,2.16945,77.32787,49.00000,,20.00000,0.67466,1
202,3509,600.82300,23.39333,2.16875,77.32684,49.00000,,20.00000,0.67458,1
202,3510,600.98798,23.40000,2.16793,77.32419,50.00000,,20.00000,0.67450,1
202,3511,601.14899,23.40667,2.16711,77.31887,50.00000,,20.00000,0.67441,1
202,3512,601.32001,23.41333,2.16612,77.31569,50.00000,,20.00000,0.67432,1
202,3513,601.48297,23.42000,2.16517,77.31305,50.00000,,20.00000,0.67424,1
202,3514,601.64502,23.42667,2.16447,77.31041,50.00000,,20.00000,0.67416,1
202,3515,601.81201,23.43333,2.16378,77.30937,49.00000,,20.00000,0.67407,1
202,3516,601.98102,23.44000,2.16303,77.30673,49.00000,,20.00000,0.67398,1
202,3517,602.15100,23.44667,2.16222,77.29815,51.00000,,20.00000,0.67389,1
202,3518,602.31403,23.45333,2.16127,77.29171,51.00000,,20.00000,0.67381,1
202,3519,602.47900,23.46000,2.16039,77.29072,52.00000,,20.00000,0.67372,1
202,3520,602.64398,23.46667,2.15969,77.29080,52.00000,,20.00000,0.67364,1
202,3521,602.80603,23.47333,2.15887,77.28923,49.00000,,20.00000,0.67356,1
202,3522,602.97101,23.48000,2.15805,77.28659,49.00000,,20.00000,0.67347,1
202,3523,603.13800,23.48667,2.15717,77.28181,50.00000,,20.00000,0.67338,1
202,3524,603.30200,23.49333,2.15635,77.27753,50.00000,,20.00000,0.67330,1
202,3525,603.46802,23.50000,2.15572,77.27378,50.00000,,20.00000,0.67321,1
202,3526,603.62903,23.50667,2.15477,77.27171,50.00000,,20.00000,0.67313,1
202,3527,603.79602,23.51333,2.15365,77.26965,49.00000,,20.00000,0.67304,1
202,3528,603.96698,23.52000,2.15259,77.26486,49.00000,,20.00000,0.67295,1
202,3529,604.12201,23.52667,2.15230,77.25900,50.00000,,20.00000,0.67287,1
202,3530,604.29700,23.53333,2.15187,77.25422,50.00000,,20.00000,0.67278,1
202,3531,604.45697,23.54000,2.15055,77.25372,50.00000,,20.00000,0.67270,1
202,3532,604.62598,23.54667,2.14943,77.25216,50.00000,,20.00000,0.67261,1
202,3533,604.79199,23.55333,2.14861,77.24898,49.00000,,20.00000,0.67252,1
202,3534,604.94702,23.56000,2.14771,77.24474,49.00000,,20.00000,0.67244,1
202,3535,605.12097,23.56667,2.14691,77.24156,50.00000,,20.00000,0.67235,1
202,3536,605.27600,23.57333,2.14601,77.23892,50.00000,,20.00000,0.67227,1
202,3537,605.45203,23.58000,2.14496,77.23627,52.00000,,20.00000,0.67218,1
202,3538,605.61902,23.58667,2.14402,77.22988,51.00000,,20.00000,0.67209,1
202,3539,605.78101,23.59333,2.14308,77.22456,51.00000,,20.00000,0.67201,1
202,3540,605.95398,23.60000,2.14208,77.22192,49.00000,,20.00000,0.67192,1
202,3541,606.10901,23.60667,2.14112,77.22139,49.00000,,20.00000,0.67184,1
202,3542,606.27899,23.61333,2.14007,77.21871,50.00000,,20.00000,0.67175,1
202,3543,606.43500,23.62000,2.13923,77.21451,50.00000,,20.00000,0.67167,1
202,3544,606.60400,23.62667,2.13829,77.21137,50.00000,,20.00000,0.67158,1
202,3545,606.77197,23.63333,2.13741,77.20873,50.00000,,20.00000,0.67149,1
202,3546,606.93500,23.64000,2.13647,77.20556,51.00000,,20.00000,0.67141,1
202,3547,607.10699,23.64667,2.13553,77.19702,49.00000,,20.00000,0.67132,1
202,3548,607.26599,23.65333,2.13458,77.19117,49.00000,,20.00000,0.67123,1
202,3549,607.43799,23.66000,2.13358,77.19014,50.00000,,20.00000,0.67114,1
202,3550,607.58801,23.66667,2.13243,77.19018,50.00000,,20.00000,0.67107,1
202,3551,607.75702,23.67333,2.13131,77.18862,49.00000,,20.00000,0.67098,1
202,3552,607.92999,23.68000,2.13032,77.18598,49.00000,,20.00000,0.67089,1
202,3553,608.08698,23.68667,2.12942,77.18120,49.00000,,20.00000,0.67080,1
202,3554,608.26501,23.69333,2.12837,77.17480,49.00000,,20.00000,0.67071,1
202,3555,608.41602,23.70000,2.12734,77.16734,50.00000,,20.00000,0.67063,1
202,3556,608.59399,23.70667,2.12648,77.16363,50.00000,,20.00000,0.67054,1
202,3557,608.75201,23.71333,2.12540,77.16368,50.00000,,20.00000,0.67046,1
202,3558,608.91199,23.72000,2.12451,77.16207,50.00000,,20.00000,0.67037,1
202,3559,609.08698,23.72667,2.12346,77.15886,50.00000,,20.00000,0.67028,1
202,3560,609.24701,23.73333,2.12244,77.15466,50.00000,,20.00000,0.67020,1
202,3561,609.40698,23.74000,2.12118,77.15045,50.00000,,20.00000,0.67011,1
202,3562,609.58398,23.74667,2.11964,77.14675,51.00000,,20.00000,0.67002,1
202,3563,609.73297,23.75333,2.11842,77.13874,51.00000,,20.00000,0.66994,1
202,3564,609.90302,23.76000,2.11736,77.13288,51.00000,,20.00000,0.66985,1
202,3565,610.07300,23.76667,2.11642,77.13185,51.00000,,20.00000,0.66976,1
202,3566,610.24103,23.77333,2.11542,77.12975,49.00000,,20.00000,0.66967,1
202,3567,610.40698,23.78000,2.11447,77.12443,49.00000,,20.00000,0.66959,1
202,3568,610.56799,23.78667,2.11358,77.12018,50.00000,,20.00000,0.66950,1
202,3569,610.74902,23.79333,2.11229,77.11701,50.00000,,20.00000,0.66941,1
202,3570,610.89398,23.80000,2.11051,77.11115,50.00000,,20.00000,0.66933,1
202,3571,611.06500,23.80667,2.10945,77.10369,49.00000,,20.00000,0.66924,1
202,3572,611.23499,23.81333,2.10894,77.09999,49.00000,,20.00000,0.66915,1
202,3573,611.39398,23.82000,2.10749,77.09950,49.00000,,20.00000,0.66907,1
202,3574,611.55701,23.82667,2.10587,77.09632,51.00000,,20.00000,0.66898,1
202,3575,611.72803,23.83333,2.10468,77.09043,51.00000,,20.00000,0.66889,1
202,3576,611.89001,23.84000,2.10348,77.08186,52.00000,,20.00000,0.66881,1
202,3577,612.05499,23.84667,2.10223,77.07443,52.00000,,20.00000,0.66872,1
202,3578,612.22601,23.85333,2.10117,77.07344,49.00000,,20.00000,0.66863,1
202,3579,612.39203,23.86000,2.10010,77.07241,50.00000,,20.00000,0.66854,1
202,3580,612.55298,23.86667,2.09877,77.06656,50.00000,,20.00000,0.66846,1
202,3581,612.71802,23.87333,2.09758,77.05749,50.00000,,20.00000,0.66837,1
202,3582,612.88397,23.88000,2.09626,77.05267,51.00000,,20.00000,0.66828,1
202,3583,613.05402,23.88667,2.09526,77.05215,51.00000,,20.00000,0.66819,1
202,3584,613.20801,23.89333,2.09416,77.04956,49.00000,,20.00000,0.66811,1
202,3585,613.37500,23.90000,2.09303,77.04053,49.00000,,20.00000,0.66802,1
202,3586,613.53497,23.90667,2.09171,77.03307,50.00000,,20.00000,0.66794,1
202,3587,613.69702,23.91333,2.09020,77.03097,50.00000,,20.00000,0.66785,1
202,3588,613.86298,23.92000,2.08863,77.02994,50.00000,,20.00000,0.66776,1
202,3589,614.03802,23.92667,2.08721,77.02570,50.00000,,20.00000,0.66767,1
202,3590,614.19897,23.93333,2.08607,77.01984,50.00000,,20.00000,0.66759,1
202,3591,614.36798,23.94000,2.08512,77.01399,50.00000,,20.00000,0.66750,1
202,3592,614.53497,23.94667,2.08411,77.00810,49.00000,,20.00000,0.66741,1
202,3593,614.70001,23.95333,2.08279,77.00220,49.00000,,20.00000,0.66732,1
202,3594,614.85699,23.96000,2.08127,76.99907,51.00000,,20.00000,0.66724,1
202,3595,615.02899,23.96667,2.07990,76.99218,51.00000,,20.00000,0.66714,1
202,3596,615.19000,23.97333,2.07876,76.98526,52.00000,,20.00000,0.66706,1
202,3597,615.35699,23.98000,2.07744,76.98316,50.00000,,20.00000,0.66697,1
202,3598,615.52600,23.98667,2.07606,76.97999,49.00000,,20.00000,0.66688,1
202,3599,615.68903,23.99333,2.07467,76.97089,49.00000,,20.00000,0.66679,1
202,3600,615.84302,24.00000,2.07333,76.96393,51.00000,,20.00000,0.66671,1
202,3601,616.01898,24.00667,2.07203,76.96186,50.00000,,20.00000,0.66662,1
202,3602,616.18103,24.01333,2.07076,76.95872,51.00000,,20.00000,0.66653,1
202,3603,616.34998,24.02000,2.06926,76.94965,51.00000,,20.00000,0.66644,1
202,3604,616.51801,24.02667,2.06776,76.94379,51.00000,,20.00000,0.66635,1
202,3605,616.67902,24.03333,2.06637,76.94062,49.00000,,20.00000,0.66627,1
202,3606,616.85199,24.04000,2.06481,76.93691,50.00000,,20.00000,0.66618,1
202,3607,617.01398,24.04667,2.06323,76.92731,50.00000,,20.00000,0.66609,1
202,3608,617.18402,24.05333,2.06186,76.91986,50.00000,,20.00000,0.66600,1
202,3609,617.34100,24.06000,2.06040,76.91776,50.00000,,20.00000,0.66591,1
202,3610,617.50098,24.06667,2.05918,76.91298,50.00000,,20.00000,0.66583,1
202,3611,617.66101,24.07333,2.05791,76.90820,49.00000,,20.00000,0.66574,1
202,3612,617.83600,24.08000,2.05630,76.90075,49.00000,,20.00000,0.66565,1
202,3613,618.00897,24.08667,2.05474,76.89007,49.00000,,20.00000,0.66556,1
202,3614,618.16602,24.09333,2.05303,76.88744,50.00000,,20.00000,0.66547,1
202,3615,618.33099,24.10000,2.05152,76.88213,50.00000,,20.00000,0.66539,1
202,3616,618.49298,24.10667,2.04988,76.87570,50.00000,,20.00000,0.66530,1
202,3617,618.65997,24.11333,2.04831,76.86875,50.00000,,20.00000,0.66521,1
202,3618,618.81799,24.12000,2.04685,76.85811,49.00000,,20.00000,0.66513,1
202,3619,618.98401,24.12667,2.04527,76.85551,49.00000,,20.00000,0.66504,1
202,3620,619.15399,24.13333,2.04371,76.85020,51.00000,,20.00000,0.66495,1
202,3621,619.32300,24.14000,2.04208,76.84381,50.00000,,20.00000,0.66486,1
202,3622,619.48297,24.14667,2.04062,76.83688,51.00000,,20.00000,0.66477,1
202,3623,619.64801,24.15333,2.03904,76.82728,51.00000,,20.00000,0.66468,1
202,3624,619.82202,24.16000,2.03711,76.82089,51.00000,,20.00000,0.66459,1
202,3625,619.97998,24.16667,2.03546,76.81021,49.00000,,20.00000,0.66450,1
202,3626,620.14697,24.17333,2.03401,76.80758,49.00000,,20.00000,0.66441,1
202,3627,620.30798,24.18000,2.03261,76.80119,50.00000,,20.00000,0.66433,1
202,3628,620.48199,24.18667,2.03099,76.78998,50.00000,,20.00000,0.66423,1
202,3629,620.64301,24.19333,2.02953,76.78359,50.00000,,20.00000,0.66415,1
202,3630,620.80499,24.20000,2.02819,76.77290,50.00000,,20.00000,0.66406,1
202,3631,620.97900,24.20667,2.02675,76.76920,52.00000,,20.00000,0.66397,1
202,3632,621.14001,24.21333,2.02492,76.76174,52.00000,,20.00000,0.66388,1
202,3633,621.31201,24.22000,2.02299,76.75477,49.00000,,20.00000,0.66379,1
202,3634,621.46899,24.22667,2.02115,76.74781,49.00000,,20.00000,0.66370,1
202,3635,621.64203,24.23333,2.01940,76.73663,50.00000,,20.00000,0.66361,1
202,3636,621.80298,24.24000,2.01769,76.73028,50.00000,,20.00000,0.66353,1
202,3637,621.96997,24.24667,2.01611,76.71960,50.00000,,20.00000,0.66344,1
202,3638,622.13702,24.25333,2.01441,76.71697,50.00000,,20.00000,0.66335,1
202,3639,622.30499,24.26000,2.01271,76.71059,49.00000,,20.00000,0.66326,1
202,3640,622.46899,24.26667,2.01100,76.69937,49.00000,,20.00000,0.66317,1
202,3641,622.62701,24.27333,2.00929,76.69406,51.00000,,20.00000,0.66308,1
202,3642,622.80103,24.28000,2.00747,76.68767,51.00000,,20.00000,0.66299,1
202,3643,622.96600,24.28667,2.00552,76.67807,52.00000,,20.00000,0.66290,1
202,3644,623.12799,24.29333,2.00356,76.67276,52.00000,,20.00000,0.66281,1
202,3645,623.29303,24.30000,2.00167,76.66637,49.00000,,20.00000,0.66272,1
202,3646,623.45300,24.30667,2.00008,76.65570,49.00000,,20.00000,0.66264,1
202,3647,623.62299,24.31333,1.99850,76.65307,50.00000,,20.00000,0.66254,1
202,3648,623.79303,24.32000,1.99656,76.64775,50.00000,,20.00000,0.66245,1
202,3649,623.95502,24.32667,1.99460,76.64136,50.00000,,20.00000,0.66237,1
202,3650,624.11603,24.33333,1.99282,76.63601,50.00000,,20.00000,0.66228,1
202,3651,624.28699,24.34000,1.99094,76.63012,50.00000,,20.00000,0.66219,1
202,3652,624.45203,24.34667,1.98898,76.62271,50.00000,,20.00000,0.66210,1
202,3653,624.62402,24.35333,1.98691,76.61690,50.00000,,20.00000,0.66200,1
202,3654,624.77399,24.36000,1.98468,76.61159,49.00000,,20.00000,0.66192,1
202,3655,624.94598,24.36667,1.98280,76.60681,50.00000,,20.00000,0.66183,1
202,3656,625.10999,24.37333,1.98084,76.59936,50.00000,,20.00000,0.66174,1
202,3657,625.27399,24.38000,1.97888,76.59348,49.00000,,20.00000,0.66165,1
202,3658,625.44000,24.38667,1.97692,76.58652,50.00000,,20.00000,0.66156,1
202,3659,625.59497,24.39333,1.97488,76.57588,49.00000,,20.00000,0.66148,1
202,3660,625.77502,24.40000,1.97301,76.57276,49.00000,,20.00000,0.66138,1
202,3661,625.93298,24.40667,1.97097,76.56315,50.00000,,20.00000,0.66130,1
202,3662,626.09497,24.41333,1.96876,76.55355,50.00000,,20.00000,0.66121,1
202,3663,626.26801,24.42000,1.96675,76.55145,50.00000,,20.00000,0.66111,1
202,3664,626.43298,24.42667,1.96466,76.54453,50.00000,,20.00000,0.66102,1
202,3665,626.59998,24.43333,1.96264,76.53815,49.00000,,20.00000,0.66093,1
202,3666,626.75897,24.44000,1.96061,76.52854,49.00000,,20.00000,0.66085,1
202,3667,626.92499,24.44667,1.95865,76.52216,51.00000,,20.00000,0.66076,1
202,3668,627.09698,24.45333,1.95676,76.51470,51.00000,,20.00000,0.66066,1
202,3669,627.25800,24.46000,1.95460,76.50671,52.00000,,20.00000,0.66058,1
202,3670,627.42499,24.46667,1.95233,76.49871,52.00000,,20.00000,0.66049,1
202,3671,627.58801,24.47333,1.95005,76.49072,52.00000,,20.00000,0.66040,1
202,3672,627.75403,24.48000,1.94771,76.48272,49.00000,,20.00000,0.66031,1
202,3673,627.92401,24.48667,1.94551,76.47205,49.00000,,20.00000,0.66021,1
202,3674,628.09003,24.49333,1.94354,76.46402,50.00000,,20.00000,0.66012,1
202,3675,628.25299,24.50000,1.94151,76.45598,50.00000,,20.00000,0.66004,1
202,3676,628.41400,24.50667,1.93929,76.44535,50.00000,,20.00000,0.65995,1
202,3677,628.58398,24.51333,1.93708,76.43739,49.00000,,20.00000,0.65986,1
202,3678,628.75098,24.52000,1.93468,76.42940,49.00000,,20.00000,0.65976,1
202,3679,628.91400,24.52667,1.93246,76.42141,49.00000,,20.00000,0.65968,1
202,3680,629.07898,24.53333,1.93031,76.41342,50.00000,,20.00000,0.65959,1
202,3681,629.24500,24.54000,1.92803,76.40274,51.00000,,20.00000,0.65950,1
202,3682,629.40601,24.54667,1.92562,76.39475,50.00000,,20.00000,0.65941,1
202,3683,629.57397,24.55333,1.92322,76.38676,49.00000,,20.00000,0.65932,1
202,3684,629.75000,24.56000,1.92107,76.37609,49.00000,,20.00000,0.65922,1
202,3685,629.90601,24.56667,1.91872,76.36810,51.00000,,20.00000,0.65913,1
202,3686,630.07202,24.57333,1.91656,76.36011,51.00000,,20.00000,0.65904,1
202,3687,630.22900,24.58000,1.91370,76.35212,52.00000,,20.00000,0.65896,1
202,3688,630.39899,24.58667,1.91130,76.34413,51.00000,,20.00000,0.65887,1
202,3689,630.56000,24.59333,1.90883,76.33346,51.00000,,20.00000,0.65878,1
202,3690,630.73602,24.60000,1.90656,76.32547,49.00000,,20.00000,0.65868,1
202,3691,630.89001,24.60667,1.90413,76.31743,49.00000,,20.00000,0.65860,1
202,3692,631.05902,24.61333,1.90179,76.30672,50.00000,,20.00000,0.65850,1
202,3693,631.23199,24.62000,1.89958,76.29609,50.00000,,20.00000,0.65841,1
202,3694,631.39099,24.62667,1.89716,76.28814,49.00000,,20.00000,0.65832,1
202,3695,631.55902,24.63333,1.89462,76.28015,49.00000,,20.00000,0.65823,1
202,3696,631.71698,24.64000,1.89214,76.26948,49.00000,,20.00000,0.65814,1
202,3697,631.88702,24.64667,1.88979,76.26149,49.00000,,20.00000,0.65805,1
202,3698,632.05298,24.65333,1.88732,76.25349,51.00000,,20.00000,0.65796,1
202,3699,632.21399,24.66000,1.88471,76.24550,51.00000,,20.00000,0.65787,1
202,3700,632.38202,24.66667,1.88224,76.23751,50.00000,,20.00000,0.65778,1
202,3701,632.55200,24.67333,1.87983,76.22683,49.00000,,20.00000,0.65769,1
202,3702,632.72101,24.68000,1.87748,76.21616,49.00000,,20.00000,0.65759,1
202,3703,632.88202,24.68667,1.87506,76.20817,49.00000,,20.00000,0.65751,1
202,3704,633.03900,24.69333,1.87269,76.20018,51.00000,,20.00000,0.65742,1
202,3705,633.21100,24.70000,1.87003,76.18951,51.00000,,20.00000,0.65733,1
202,3706,633.38300,24.70667,1.86732,76.18152,51.00000,,20.00000,0.65723,1
202,3707,633.53400,24.71333,1.86456,76.17352,51.00000,,20.00000,0.65715,1
202,3708,633.71002,24.72000,1.86185,76.16281,49.00000,,20.00000,0.65705,1
202,3709,633.87598,24.72667,1.85887,76.15479,49.00000,,20.00000,0.65696,1
202,3710,634.04102,24.73333,1.85601,76.14683,50.00000,,20.00000,0.65687,1
202,3711,634.20203,24.74000,1.85333,76.13888,50.00000,,20.00000,0.65678,1
202,3712,634.36603,24.74667,1.85091,76.13090,49.00000,,20.00000,0.65669,1
202,3713,634.53998,24.75333,1.84869,76.12023,49.00000,,20.00000,0.65660,1
202,3714,634.69397,24.76000,1.84575,76.10956,49.00000,,20.00000,0.65651,1
202,3715,634.86102,24.76667,1.84301,76.10153,50.00000,,20.00000,0.65642,1
202,3716,635.02399,24.77333,1.84046,76.09351,50.00000,,20.00000,0.65633,1
202,3717,635.19897,24.78000,1.83780,76.08288,51.00000,,20.00000,0.65623,1
202,3718,635.35699,24.78667,1.83511,76.07493,49.00000,,20.00000,0.65615,1
202,3719,635.52399,24.79333,1.83219,76.06694,49.00000,,20.00000,0.65605,1
202,3720,635.67902,24.80000,1.82937,76.05627,49.00000,,20.00000,0.65597,1
202,3721,635.84900,24.80667,1.82658,76.04560,49.00000,,20.00000,0.65587,1
202,3722,636.01501,24.81333,1.82371,76.03493,50.00000,,20.00000,0.65578,1
202,3723,636.18298,24.82000,1.82098,76.02641,50.00000,,20.00000,0.65569,1
202,3724,636.34802,24.82667,1.81824,76.01734,50.00000,,20.00000,0.65560,1
202,3725,636.51202,24.83333,1.81543,76.00824,50.00000,,20.00000,0.65551,1
202,3726,636.67401,24.84000,1.81274,75.99753,50.00000,,20.00000,0.65542,1
202,3727,636.85303,24.84667,1.80983,75.98475,49.00000,,20.00000,0.65532,1
202,3728,637.01001,24.85333,1.80664,75.97359,50.00000,,20.00000,0.65523,1
202,3729,637.17499,24.86000,1.80370,75.96452,50.00000,,20.00000,0.65514,1
202,3730,637.34003,24.86667,1.80083,75.94688,49.00000,,20.00000,0.65505,1
202,3731,637.50201,24.87333,1.79758,75.93621,49.00000,,20.00000,0.65496,1
202,3732,637.67401,24.88000,1.79434,75.92068,49.00000,,20.00000,0.65487,1
202,3733,637.83801,24.88667,1.79166,75.90621,49.00000,,20.00000,0.65477,1
202,3734,637.99902,24.89333,1.78884,75.89022,50.00000,,20.00000,0.65469,1
202,3735,638.17297,24.90000,1.78591,75.87691,50.00000,,20.00000,0.65459,1
202,3736,638.33099,24.90667,1.78259,75.85874,50.00000,,20.00000,0.65450,1
202,3737,638.50201,24.91333,1.77947,75.84646,50.00000,,20.00000,0.65441,1
202,3738,638.65802,24.92000,1.77633,75.82668,49.00000,,20.00000,0.65432,1
202,3739,638.81897,24.92667,1.77363,75.81065,49.00000,,20.00000,0.65423,1
202,3740,638.98901,24.93333,1.77057,75.78872,49.00000,,20.00000,0.65414,1
202,3741,639.15399,24.94000,1.76744,75.78234,50.00000,,20.00000,0.65405,1
202,3742,639.32001,24.94667,1.76419,75.75773,50.00000,,20.00000,0.65395,1
202,3743,639.48297,24.95333,1.76112,75.74652,50.00000,,20.00000,0.65386,1
202,3744,639.65802,24.96000,1.75794,75.72513,49.00000,,20.00000,0.65377,1
202,3745,639.81598,24.96667,1.75504,75.71339,50.00000,,20.00000,0.65368,1
202,3746,639.98199,24.97333,1.75210,75.70004,50.00000,,20.00000,0.65359,1
202,3747,640.14203,24.98000,1.74871,75.68240,50.00000,,20.00000,0.65350,1
202,3748,640.30798,24.98667,1.74538,75.67012,50.00000,,20.00000,0.65340,1
202,3749,640.47302,24.99333,1.74193,75.65673,49.00000,,20.00000,0.65331,1
202,3750,640.64502,25.00000,1.73868,75.64495,49.00000,,20.00000,0.65322,1
202,3751,640.81097,25.00667,1.73542,75.63218,50.00000,,20.00000,0.65312,1
202,3752,640.97101,25.01333,1.73196,75.61725,51.00000,,20.00000,0.65304,1
202,3753,641.13300,25.02000,1.72869,75.60336,50.00000,,20.00000,0.65295,1
202,3754,641.31299,25.02667,1.72545,75.58679,49.00000,,20.00000,0.65285,1
202,3755,641.47998,25.03333,1.72218,75.57666,49.00000,,20.00000,0.65275,1
202,3756,641.64001,25.04000,1.71903,75.56063,49.00000,,20.00000,0.65266,1
202,3757,641.80499,25.04667,1.71576,75.54729,50.00000,,20.00000,0.65257,1
202,3758,641.96198,25.05333,1.71242,75.53287,50.00000,,20.00000,0.65248,1
202,3759,642.12701,25.06000,1.70896,75.52060,52.00000,,20.00000,0.65239,1
202,3760,642.29602,25.06667,1.70569,75.50619,52.00000,,20.00000,0.65230,1
202,3761,642.46100,25.07333,1.70249,75.49391,49.00000,,20.00000,0.65221,1
202,3762,642.61102,25.08000,1.69907,75.48056,49.00000,,20.00000,0.65212,1
202,3763,642.79102,25.08667,1.69556,75.47151,50.00000,,20.00000,0.65202,1
202,3764,642.95099,25.09333,1.69222,75.45709,50.00000,,20.00000,0.65193,1
202,3765,643.12097,25.10000,1.68882,75.44320,50.00000,,20.00000,0.65184,1
202,3766,643.28198,25.10667,1.68529,75.43410,50.00000,,20.00000,0.65175,1
202,3767,643.44098,25.11333,1.68200,75.41588,50.00000,,20.00000,0.65166,1
202,3768,643.62097,25.12000,1.67850,75.40579,49.00000,,20.00000,0.65156,1
202,3769,643.78400,25.12667,1.67477,75.38926,49.00000,,20.00000,0.65147,1
202,3770,643.95001,25.13333,1.67131,75.37912,50.00000,,20.00000,0.65137,1
202,3771,644.11499,25.14000,1.66752,75.36309,50.00000,,20.00000,0.65128,1
202,3772,644.28198,25.14667,1.66387,75.34974,50.00000,,20.00000,0.65119,1
202,3773,644.44397,25.15333,1.66046,75.33639,49.00000,,20.00000,0.65110,1
202,3774,644.61401,25.16000,1.65699,75.32358,49.00000,,20.00000,0.65100,1
202,3775,644.77502,25.16667,1.65339,75.30755,51.00000,,20.00000,0.65091,1
202,3776,644.93799,25.17333,1.64966,75.29366,51.00000,,20.00000,0.65082,1
202,3777,645.10303,25.18000,1.64599,75.27709,51.00000,,20.00000,0.65073,1
202,3778,645.27698,25.18667,1.64253,75.26535,51.00000,,20.00000,0.65063,1
202,3779,645.44299,25.19333,1.63893,75.24986,49.00000,,20.00000,0.65054,1
202,3780,645.60699,25.20000,1.63532,75.23490,50.00000,,20.00000,0.65045,1
202,3781,645.76801,25.20667,1.63159,75.21887,50.00000,,20.00000,0.65036,1
202,3782,645.93701,25.21333,1.62792,75.20553,50.00000,,20.00000,0.65026,1
202,3783,646.10199,25.22000,1.62413,75.18624,50.00000,,20.00000,0.65017,1
202,3784,646.26202,25.22667,1.62014,75.17446,49.00000,,20.00000,0.65008,1
202,3785,646.42999,25.23333,1.61641,75.15794,49.00000,,20.00000,0.64998,1
202,3786,646.60400,25.24000,1.61224,75.14410,51.00000,,20.00000,0.64989,1
202,3787,646.76001,25.24667,1.60831,75.12860,50.00000,,20.00000,0.64980,1
202,3788,646.92603,25.25333,1.60451,75.11472,50.00000,,20.00000,0.64970,1
202,3789,647.08197,25.26000,1.60057,75.09922,50.00000,,20.00000,0.64962,1
202,3790,647.26099,25.26667,1.59666,75.08531,49.00000,,20.00000,0.64952,1
202,3791,647.43201,25.27333,1.59280,75.06870,49.00000,,20.00000,0.64942,1
202,3792,647.57898,25.28000,1.58878,75.05700,50.00000,,20.00000,0.64934,1
202,3793,647.75201,25.28667,1.58480,75.04262,50.00000,,20.00000,0.64924,1
202,3794,647.91998,25.29333,1.58080,75.02981,50.00000,,20.00000,0.64915,1
202,3795,648.08301,25.30000,1.57706,75.01378,49.00000,,20.00000,0.64905,1
202,3796,648.25098,25.30667,1.57325,74.99990,49.00000,,20.00000,0.64896,1
202,3797,648.40802,25.31333,1.56937,74.98441,50.00000,,20.00000,0.64887,1
202,3798,648.58002,25.32000,1.56500,74.97052,50.00000,,20.00000,0.64877,1
202,3799,648.74701,25.32667,1.56106,74.95610,50.00000,,20.00000,0.64868,1
202,3800,648.91101,25.33333,1.55687,74.94114,50.00000,,20.00000,0.64859,1
202,3801,649.07397,25.34000,1.55261,74.92457,50.00000,,20.00000,0.64850,1
202,3802,649.24402,25.34667,1.54855,74.91444,49.00000,,20.00000,0.64840,1
202,3803,649.40997,25.35333,1.54436,74.89841,49.00000,,20.00000,0.64831,1
202,3804,649.58502,25.36000,1.54030,74.88507,51.00000,,20.00000,0.64821,1
202,3805,649.73999,25.36667,1.53615,74.87065,50.00000,,20.00000,0.64812,1
202,3806,649.90601,25.37333,1.53196,74.85838,50.00000,,20.00000,0.64803,1
202,3807,650.06598,25.38000,1.52750,74.84286,50.00000,,20.00000,0.64794,1
202,3808,650.23499,25.38667,1.52311,74.82680,49.00000,,20.00000,0.64784,1
202,3809,650.38800,25.39333,1.51883,74.81082,49.00000,,20.00000,0.64775,1
202,3810,650.56201,25.40000,1.51496,74.79537,50.00000,,20.00000,0.64765,1
202,3811,650.71802,25.40667,1.51087,74.78041,50.00000,,20.00000,0.64757,1
202,3812,650.89502,25.41333,1.50598,74.76493,52.00000,,20.00000,0.64747,1
202,3813,651.05701,25.42000,1.50120,74.74890,52.00000,,20.00000,0.64737,1
202,3814,651.21503,25.42667,1.49692,74.73126,52.00000,,20.00000,0.64729,1
202,3815,651.38800,25.43333,1.49298,74.71578,49.00000,,20.00000,0.64719,1
202,3816,651.54602,25.44000,1.48857,74.69922,49.00000,,20.00000,0.64710,1
202,3817,651.71899,25.44667,1.48437,74.68373,50.00000,,20.00000,0.64700,1
202,3818,651.87903,25.45333,1.48002,74.66878,50.00000,,20.00000,0.64691,1
202,3819,652.03400,25.46000,1.47529,74.65275,50.00000,,20.00000,0.64682,1
202,3820,652.20398,25.46667,1.47026,74.63672,49.00000,,20.00000,0.64673,1
202,3821,652.37701,25.47333,1.46548,74.62069,51.00000,,20.00000,0.64663,1
202,3822,652.54602,25.48000,1.46095,74.60306,50.00000,,20.00000,0.64653,1
202,3823,652.70697,25.48667,1.45654,74.58649,49.00000,,20.00000,0.64644,1
202,3824,652.87299,25.49333,1.45213,74.56506,50.00000,,20.00000,0.64635,1
202,3825,653.03601,25.50000,1.44759,74.54739,50.00000,,20.00000,0.64625,1
202,3826,653.20502,25.50667,1.44299,74.53087,49.00000,,20.00000,0.64616,1
202,3827,653.36603,25.51333,1.43851,74.51113,49.00000,,20.00000,0.64607,1
202,3828,653.52600,25.52000,1.43390,74.49081,49.00000,,20.00000,0.64597,1
202,3829,653.70099,25.52667,1.42905,74.47318,49.00000,,20.00000,0.64588,1
202,3830,653.86499,25.53333,1.42419,74.45930,50.00000,,20.00000,0.64578,1
202,3831,654.02600,25.54000,1.41939,74.43683,50.00000,,20.00000,0.64569,1
202,3832,654.19397,25.54667,1.41465,74.41973,50.00000,,20.00000,0.64559,1
202,3833,654.35797,25.55333,1.40998,74.39995,50.00000,,20.00000,0.64550,1
202,3834,654.52502,25.56000,1.40537,74.38393,50.00000,,20.00000,0.64541,1
202,3835,654.69202,25.56667,1.40050,74.36790,49.00000,,20.00000,0.64531,1
202,3836,654.85699,25.57333,1.39576,74.35188,49.00000,,20.00000,0.64522,1
202,3837,655.02301,25.58000,1.39083,74.33371,50.00000,,20.00000,0.64512,1
202,3838,655.17999,25.58667,1.38582,74.31769,50.00000,,20.00000,0.64503,1
202,3839,655.34900,25.59333,1.38102,74.29898,49.00000,,20.00000,0.64494,1
202,3840,655.51703,25.60000,1.37596,74.28403,49.00000,,20.00000,0.64484,1
202,3841,655.67798,25.60667,1.37095,74.26475,49.00000,,20.00000,0.64475,1
202,3842,655.84399,25.61333,1.36614,74.24546,50.00000,,20.00000,0.64466,1
202,3843,656.01099,25.62000,1.36126,74.22680,50.00000,,20.00000,0.64456,1
202,3844,656.17902,25.62667,1.35626,74.20813,50.00000,,20.00000,0.64446,1
202,3845,656.34100,25.63333,1.35131,74.18675,50.00000,,20.00000,0.64437,1
202,3846,656.50800,25.64000,1.34636,74.16697,49.00000,,20.00000,0.64428,1
202,3847,656.67102,25.64667,1.34122,74.14719,49.00000,,20.00000,0.64418,1
202,3848,656.83197,25.65333,1.33608,74.12790,49.00000,,20.00000,0.64409,1
202,3849,657.00500,25.66000,1.33101,74.10648,51.00000,,20.00000,0.64399,1
202,3850,657.16998,25.66667,1.32593,74.08513,51.00000,,20.00000,0.64390,1
202,3851,657.33099,25.67333,1.32078,74.06378,52.00000,,20.00000,0.64381,1
202,3852,657.49402,25.68000,1.31570,74.04722,52.00000,,20.00000,0.64371,1
202,3853,657.67102,25.68667,1.31050,74.02637,49.00000,,20.00000,0.64361,1
202,3854,657.82898,25.69333,1.30522,74.00498,49.00000,,20.00000,0.64352,1
202,3855,657.99701,25.70000,1.29995,73.98359,50.00000,,20.00000,0.64343,1
202,3856,658.16199,25.70667,1.29422,73.96381,50.00000,,20.00000,0.64333,1
202,3857,658.33600,25.71333,1.28889,73.94082,50.00000,,20.00000,0.64323,1
202,3858,658.48700,25.72000,1.28385,73.92104,50.00000,,20.00000,0.64314,1
202,3859,658.65198,25.72667,1.27876,73.89804,50.00000,,20.00000,0.64305,1
202,3860,658.82300,25.73333,1.27367,73.87827,50.00000,,20.00000,0.64295,1
202,3861,658.99103,25.74000,1.26820,73.85849,50.00000,,20.00000,0.64286,1
202,3862,659.15698,25.74667,1.26221,73.83925,50.00000,,20.00000,0.64276,1
202,3863,659.31799,25.75333,1.25672,73.81786,50.00000,,20.00000,0.64267,1
202,3864,659.48199,25.76000,1.25150,73.79648,50.00000,,20.00000,0.64257,1
202,3865,659.64600,25.76667,1.24627,73.77505,50.00000,,20.00000,0.64248,1
202,3866,659.81702,25.77333,1.24060,73.75523,50.00000,,20.00000,0.64238,1
202,3867,659.97699,25.78000,1.23523,73.73228,49.00000,,20.00000,0.64229,1
202,3868,660.14502,25.78667,1.22969,73.71254,49.00000,,20.00000,0.64219,1
202,3869,660.31201,25.79333,1.22413,73.69276,51.00000,,20.00000,0.64210,1
202,3870,660.47699,25.80000,1.21858,73.67299,51.00000,,20.00000,0.64200,1
202,3871,660.64600,25.80667,1.21284,73.64999,51.00000,,20.00000,0.64191,1
202,3872,660.80200,25.81333,1.20670,73.62753,51.00000,,20.00000,0.64182,1
202,3873,660.97699,25.82000,1.20083,73.60454,49.00000,,20.00000,0.64172,1
202,3874,661.14099,25.82667,1.19501,73.58423,49.00000,,20.00000,0.64162,1
202,3875,661.30499,25.83333,1.18938,73.56123,51.00000,,20.00000,0.64153,1
202,3876,661.46399,25.84000,1.18388,73.53931,51.00000,,20.00000,0.64144,1
202,3877,661.62903,25.84667,1.17825,73.51364,52.00000,,20.00000,0.64134,1
202,3878,661.80298,25.85333,1.17262,73.49333,52.00000,,20.00000,0.64124,1
202,3879,661.96100,25.86000,1.16705,73.47033,49.00000,,20.00000,0.64115,1
202,3880,662.13000,25.86667,1.16161,73.44894,49.00000,,20.00000,0.64105,1
202,3881,662.29602,25.87333,1.15540,73.42756,49.00000,,20.00000,0.64096,1
202,3882,662.46100,25.88000,1.14931,73.40613,50.00000,,20.00000,0.64086,1
202,3883,662.62799,25.88667,1.14323,73.38470,50.00000,,20.00000,0.64077,1
202,3884,662.78998,25.89333,1.13739,73.36336,50.00000,,20.00000,0.64067,1
202,3885,662.96002,25.90000,1.13137,73.34201,50.00000,,20.00000,0.64057,1
202,3886,663.12201,25.90667,1.12528,73.32063,49.00000,,20.00000,0.64048,1
202,3887,663.29102,25.91333,1.11938,73.29925,49.00000,,20.00000,0.64038,1
202,3888,663.45099,25.92000,1.11360,73.27465,49.00000,,20.00000,0.64029,1
202,3889,663.61902,25.92667,1.10757,73.25112,49.00000,,20.00000,0.64019,1
202,3890,663.77899,25.93333,1.10153,73.22920,50.00000,,20.00000,0.64010,1
202,3891,663.95099,25.94000,1.09518,73.20352,50.00000,,20.00000,0.64000,1
202,3892,664.10797,25.94667,1.08913,73.18160,50.00000,,20.00000,0.63991,1
202,3893,664.28198,25.95333,1.08316,73.15700,49.00000,,20.00000,0.63981,1
202,3894,664.44098,25.96000,1.07699,73.13347,49.00000,,20.00000,0.63972,1
202,3895,664.61200,25.96667,1.07076,73.11209,51.00000,,20.00000,0.63962,1
202,3896,664.77802,25.97333,1.06426,73.08749,51.00000,,20.00000,0.63952,1
202,3897,664.93903,25.98000,1.05770,73.06396,52.00000,,20.00000,0.63943,1
202,3898,665.10303,25.98667,1.05178,73.03936,52.00000,,20.00000,0.63934,1
202,3899,665.26300,25.99333,1.04579,73.01579,52.00000,,20.00000,0.63924,1
202,3900,665.43402,26.00000,1.03948,72.99115,49.00000,,20.00000,0.63915,1
202,3901,665.60303,26.00667,1.03298,72.96767,49.00000,,20.00000,0.63905,1
202,3902,665.75800,26.01333,1.02641,72.94311,50.00000,,20.00000,0.63896,1
202,3903,665.92603,26.02000,1.01971,72.91958,50.00000,,20.00000,0.63886,1
202,3904,666.09601,26.02667,1.01333,72.89069,50.00000,,20.00000,0.63876,1
202,3905,666.25403,26.03333,1.00707,72.86449,50.00000,,20.00000,0.63867,1
202,3906,666.42999,26.04000,1.00096,72.83292,49.00000,,20.00000,0.63857,1
202,3907,666.58002,26.04667,0.99456,72.81797,49.00000,,20.00000,0.63848,1
202,3908,666.75201,26.05333,0.98760,72.79337,51.00000,,20.00000,0.63838,1
202,3909,666.92102,26.06000,0.98083,72.76233,50.00000,,20.00000,0.63828,1
202,3910,667.08002,26.06667,0.97424,72.73344,50.00000,,20.00000,0.63819,1
202,3911,667.24597,26.07333,0.96759,72.70561,49.00000,,20.00000,0.63810,1
202,3912,667.41498,26.08000,0.96088,72.67779,49.00000,,20.00000,0.63800,1
202,3913,667.58600,26.08667,0.95416,72.65105,49.00000,,20.00000,0.63790,1
202,3914,667.74701,26.09333,0.94718,72.62645,49.00000,,20.00000,0.63780,1
202,3915,667.91803,26.10000,0.94072,72.59971,49.00000,,20.00000,0.63770,1
202,3916,668.07599,26.10667,0.93406,72.57078,50.00000,,20.00000,0.63761,1
202,3917,668.23602,26.11333,0.92739,72.54614,50.00000,,20.00000,0.63752,1
202,3918,668.39899,26.12000,0.92059,72.51944,50.00000,,20.00000,0.63743,1
202,3919,668.57001,26.12667,0.91381,72.49541,51.00000,,20.00000,0.63733,1
202,3920,668.73297,26.13333,0.90688,72.46920,49.00000,,20.00000,0.63723,1
202,3921,668.91302,26.14000,0.90003,72.44353,49.00000,,20.00000,0.63713,1
202,3922,669.06500,26.14667,0.89322,72.41624,49.00000,,20.00000,0.63704,1
202,3923,669.23700,26.15333,0.88610,72.38892,50.00000,,20.00000,0.63694,1
202,3924,669.40399,26.16000,0.87910,72.35891,49.00000,,20.00000,0.63684,1
202,3925,669.56299,26.16667,0.87216,72.33221,50.00000,,20.00000,0.63675,1
202,3926,669.73297,26.17333,0.86517,72.30390,49.00000,,20.00000,0.63665,1
202,3927,669.89697,26.18000,0.85823,72.27662,49.00000,,20.00000,0.63655,1
202,3928,670.05603,26.18667,0.85083,72.24558,50.00000,,20.00000,0.63646,1
202,3929,670.22601,26.19333,0.84383,72.21455,50.00000,,20.00000,0.63636,1
202,3930,670.39301,26.20000,0.83675,72.18619,50.00000,,20.00000,0.63626,1
202,3931,670.55103,26.20667,0.82967,72.15569,50.00000,,20.00000,0.63617,1
202,3932,670.72998,26.21333,0.82273,72.12734,49.00000,,20.00000,0.63607,1
202,3933,670.88501,26.22000,0.81564,72.09684,49.00000,,20.00000,0.63598,1
202,3934,671.05499,26.22667,0.80850,72.06419,50.00000,,20.00000,0.63588,1
202,3935,671.22498,26.23333,0.80110,72.03584,50.00000,,20.00000,0.63578,1
202,3936,671.38898,26.24000,0.79375,72.00481,51.00000,,20.00000,0.63568,1
202,3937,671.54901,26.24667,0.78653,71.97377,51.00000,,20.00000,0.63559,1
202,3938,671.71301,26.25333,0.77918,71.94542,49.00000,,20.00000,0.63549,1
202,3939,671.87598,26.26000,0.77183,71.91492,50.00000,,20.00000,0.63540,1
202,3940,672.05402,26.26667,0.76455,71.88224,50.00000,,20.00000,0.63530,1
202,3941,672.21600,26.27333,0.75706,71.85385,50.00000,,20.00000,0.63520,1
202,3942,672.37799,26.28000,0.74964,71.82285,49.00000,,20.00000,0.63511,1
202,3943,672.54401,26.28667,0.74222,71.79508,50.00000,,20.00000,0.63501,1
202,3944,672.70898,26.29333,0.73440,71.76405,52.00000,,20.00000,0.63491,1
202,3945,672.87000,26.30000,0.72684,71.73301,52.00000,,20.00000,0.63482,1
202,3946,673.03497,26.30667,0.71941,71.70037,52.00000,,20.00000,0.63472,1
202,3947,673.20099,26.31333,0.71192,71.67202,49.00000,,20.00000,0.63462,1
202,3948,673.37299,26.32000,0.70410,71.64099,49.00000,,20.00000,0.63452,1
202,3949,673.53497,26.32667,0.69621,71.60995,50.00000,,20.00000,0.63443,1
202,3950,673.70001,26.33333,0.68844,71.58159,50.00000,,20.00000,0.63433,1
202,3951,673.86200,26.34000,0.68074,71.55002,50.00000,,20.00000,0.63424,1
202,3952,674.03101,26.34667,0.67311,71.51791,49.00000,,20.00000,0.63414,1
202,3953,674.20001,26.35333,0.66521,71.49010,49.00000,,20.00000,0.63404,1
202,3954,674.37000,26.36000,0.65738,71.45906,49.00000,,20.00000,0.63394,1
202,3955,674.52899,26.36667,0.64966,71.42696,49.00000,,20.00000,0.63385,1
202,3956,674.70300,26.37333,0.64189,71.39485,49.00000,,20.00000,0.63374,1
202,3957,674.85400,26.38000,0.63397,71.36378,50.00000,,20.00000,0.63366,1
202,3958,675.02802,26.38667,0.62588,71.33110,51.00000,,20.00000,0.63355,1
202,3959,675.19299,26.39333,0.61783,71.29958,51.00000,,20.00000,0.63346,1
202,3960,675.35199,26.40000,0.60972,71.26698,51.00000,,20.00000,0.63336,1
202,3961,675.51703,26.40667,0.60142,71.23541,49.00000,,20.00000,0.63327,1
202,3962,675.67902,26.41333,0.59330,71.20277,51.00000,,20.00000,0.63317,1
202,3963,675.84802,26.42000,0.58506,71.17121,51.00000,,20.00000,0.63307,1
202,3964,676.01501,26.42667,0.57746,71.13856,51.00000,,20.00000,0.63297,1
202,3965,676.17297,26.43333,0.56972,71.10699,52.00000,,20.00000,0.63288,1
202,3966,676.34900,26.44000,0.56179,71.07435,52.00000,,20.00000,0.63278,1
202,3967,676.50800,26.44667,0.55321,71.04278,49.00000,,20.00000,0.63268,1
202,3968,676.67902,26.45333,0.54489,71.01014,49.00000,,20.00000,0.63258,1
202,3969,676.84198,26.46000,0.53669,70.97750,50.00000,,20.00000,0.63249,1
202,3970,677.00897,26.46667,0.52837,70.94111,50.00000,,20.00000,0.63239,1
202,3971,677.16901,26.47333,0.51984,70.90793,50.00000,,20.00000,0.63229,1
202,3972,677.33398,26.48000,0.51157,70.87154,50.00000,,20.00000,0.63220,1
202,3973,677.50098,26.48667,0.50330,70.83836,49.00000,,20.00000,0.63210,1
202,3974,677.67603,26.49333,0.49503,70.80194,49.00000,,20.00000,0.63200,1
202,3975,677.82599,26.50000,0.48643,70.76872,50.00000,,20.00000,0.63191,1
202,3976,677.99103,26.50667,0.47795,70.73236,49.00000,,20.00000,0.63181,1
202,3977,678.15802,26.51333,0.46961,70.69493,51.00000,,20.00000,0.63171,1
202,3978,678.33099,26.52000,0.46113,70.66015,51.00000,,20.00000,0.63161,1
202,3979,678.49298,26.52667,0.45278,70.62429,50.00000,,20.00000,0.63151,1
202,3980,678.65997,26.53333,0.44404,70.58628,50.00000,,20.00000,0.63142,1
202,3981,678.82202,26.54000,0.43542,70.54931,50.00000,,20.00000,0.63132,1
202,3982,678.99200,26.54667,0.42668,70.51288,49.00000,,20.00000,0.63122,1
202,3983,679.15698,26.55333,0.41793,70.47545,51.00000,,20.00000,0.63112,1
202,3984,679.31799,26.56000,0.40904,70.43802,50.00000,,20.00000,0.63103,1
202,3985,679.48401,26.56667,0.40016,70.40484,51.00000,,20.00000,0.63093,1
202,3986,679.65601,26.57333,0.39140,70.36684,51.00000,,20.00000,0.63083,1
202,3987,679.82001,26.58000,0.38264,70.32991,49.00000,,20.00000,0.63073,1
202,3988,679.98297,26.58667,0.37381,70.29191,49.00000,,20.00000,0.63063,1
202,3989,680.15399,26.59333,0.36485,70.25498,50.00000,,20.00000,0.63053,1
202,3990,680.31299,26.60000,0.35595,70.21698,50.00000,,20.00000,0.63044,1
202,3991,680.47601,26.60667,0.34718,70.18005,50.00000,,20.00000,0.63034,1
202,3992,680.64697,26.61333,0.33873,70.13186,50.00000,,20.00000,0.63024,1
202,3993,680.80902,26.62000,0.32930,70.10030,50.00000,,20.00000,0.63015,1
202,3994,680.97803,26.62667,0.32007,70.06337,49.00000,,20.00000,0.63005,1
202,3995,681.13300,26.63333,0.31096,70.01893,49.00000,,20.00000,0.62995,1
202,3996,681.30200,26.64000,0.30185,69.98683,49.00000,,20.00000,0.62985,1
202,3997,681.46802,26.64667,0.29287,69.94240,50.00000,,20.00000,0.62976,1
202,3998,681.64697,26.65333,0.28388,69.90490,50.00000,,20.00000,0.62965,1
202,3999,681.79797,26.66000,0.27496,69.86686,50.00000,,20.00000,0.62956,1
202,4000,681.96002,26.66667,0.26583,69.82460,50.00000,,20.00000,0.62946,1
202,4001,682.12701,26.67333,0.25645,69.78664,49.00000,,20.00000,0.62937,1
202,4002,682.29303,26.68000,0.24713,69.74650,49.00000,,20.00000,0.62927,1
202,4003,682.46399,26.68667,0.23793,69.70850,49.00000,,20.00000,0.62917,1
202,4004,682.62201,26.69333,0.22854,69.66621,49.00000,,20.00000,0.62907,1
202,4005,682.78497,26.70000,0.21914,69.62821,50.00000,,20.00000,0.62898,1
202,4006,682.95001,26.70667,0.20968,69.58592,50.00000,,20.00000,0.62888,1
202,4007,683.11603,26.71333,0.20034,69.54792,50.00000,,20.00000,0.62878,1
202,4008,683.28699,26.72000,0.19087,69.50562,51.00000,,20.00000,0.62868,1
202,4009,683.44897,26.72667,0.18146,69.46547,51.00000,,20.00000,0.62858,1
202,4010,683.61401,26.73333,0.17192,69.42479,49.00000,,20.00000,0.62848,1
202,4011,683.78900,26.74000,0.16231,69.38518,49.00000,,20.00000,0.62838,1
202,4012,683.94800,26.74667,0.15283,69.34020,50.00000,,20.00000,0.62828,1
202,4013,684.12097,26.75333,0.14322,69.30167,51.00000,,20.00000,0.62818,1
202,4014,684.28302,26.76000,0.13360,69.25938,52.00000,,20.00000,0.62809,1
202,4015,684.43903,26.76667,0.12404,69.21919,52.00000,,20.00000,0.62799,1
202,4016,684.60699,26.77333,0.11435,69.17364,49.00000,,20.00000,0.62789,1
202,4017,684.77600,26.78000,0.10447,69.13354,49.00000,,20.00000,0.62779,1
202,4018,684.94299,26.78667,9.464055e-002,69.08807,50.00000,,20.00000,0.62769,1
202,4019,685.10602,26.79333,8.461598e-002,69.04793,50.00000,,20.00000,0.62760,1
202,4020,685.27600,26.80000,7.498003e-002,69.00242,50.00000,,20.00000,0.62749,1
202,4021,685.43799,26.80667,6.527526e-002,68.95959,50.00000,,20.00000,0.62740,1
202,4022,685.60199,26.81333,5.556761e-002,68.91408,49.00000,,20.00000,0.62730,1
202,4023,685.76801,26.82000,4.566134e-002,68.87287,49.00000,,20.00000,0.62720,1
202,4024,685.93701,26.82667,3.549108e-002,68.82629,49.00000,,20.00000,0.62710,1
202,4025,686.09497,26.83333,2.557830e-002,68.78722,49.00000,,20.00000,0.62701,1
202,4026,686.26703,26.84000,1.559748e-002,68.74011,50.00000,,20.00000,0.62690,1
202,4027,686.42499,26.84667,5.548055e-003,68.69997,51.00000,,20.00000,0.62681,1
202,4028,686.58698,26.85333,-4.373847e-003,68.65447,51.00000,,20.00000,0.62671,1
202,4029,686.75500,26.86000,-1.429889e-002,68.61433,51.00000,,20.00000,0.62661,1
202,4030,686.91602,26.86667,-2.435755e-002,68.56614,49.00000,,20.00000,0.62652,1
202,4031,687.08398,26.87333,-3.461546e-002,68.52492,49.00000,,20.00000,0.62642,1
202,4032,687.25000,26.88000,-4.468061e-002,68.47834,51.00000,,20.00000,0.62632,1
202,4033,687.41602,26.88667,-5.474894e-002,68.43444,51.00000,,20.00000,0.62622,1
202,4034,687.58002,26.89333,-6.508171e-002,68.38733,52.00000,,20.00000,0.62612,1
202,4035,687.75201,26.90000,-7.535294e-002,68.34343,52.00000,,20.00000,0.62602,1
202,4036,687.90900,26.90667,-8.562631e-002,68.29632,49.00000,,20.00000,0.62592,1
202,4037,688.07098,26.91333,-9.583786e-002,68.25242,49.00000,,20.00000,0.62583,1
202,4038,688.24701,26.92000,-0.10625,68.20208,50.00000,,20.00000,0.62572,1
202,4039,688.40503,26.92667,-0.11673,68.15926,50.00000,,20.00000,0.62563,1
202,4040,688.57202,26.93333,-0.12734,68.11107,50.00000,,20.00000,0.62553,1
202,4041,688.74701,26.94000,-0.13783,68.06502,50.00000,,20.00000,0.62542,1
202,4042,688.90302,26.94667,-0.14825,68.01791,50.00000,,20.00000,0.62533,1
202,4043,689.07300,26.95333,-0.15855,67.97401,49.00000,,20.00000,0.62523,1
202,4044,689.23499,26.96000,-0.16879,67.92367,49.00000,,20.00000,0.62513,1
202,4045,689.40002,26.96667,-0.17916,67.88031,49.00000,,20.00000,0.62503,1
202,4046,689.57599,26.97333,-0.18966,67.83052,51.00000,,20.00000,0.62493,1
202,4047,689.72900,26.98000,-0.20056,67.78662,51.00000,,20.00000,0.62484,1
202,4048,689.89899,26.98667,-0.21133,67.73628,50.00000,,20.00000,0.62473,1
202,4049,690.06403,26.99333,-0.22184,67.69024,50.00000,,20.00000,0.62464,1
202,4050,690.22998,27.00000,-0.23243,67.63508,49.00000,,20.00000,0.62454,1
202,4051,690.39899,27.00667,-0.24327,67.58851,49.00000,,20.00000,0.62443,1
202,4052,690.56403,27.01333,-0.25380,67.53818,51.00000,,20.00000,0.62434,1
202,4053,690.72400,27.02000,-0.26432,67.49213,51.00000,,20.00000,0.62424,1
202,4054,690.88800,27.02667,-0.27492,67.43697,52.00000,,20.00000,0.62414,1
202,4055,691.05603,27.03333,-0.28571,67.39039,51.00000,,20.00000,0.62404,1
202,4056,691.22198,27.04000,-0.29651,67.33952,49.00000,,20.00000,0.62394,1
202,4057,691.39502,27.04667,-0.30738,67.28919,49.00000,,20.00000,0.62384,1
202,4058,691.56000,27.05333,-0.31858,67.23833,49.00000,,20.00000,0.62374,1
202,4059,691.72400,27.06000,-0.32959,67.19228,50.00000,,20.00000,0.62364,1
202,4060,691.88000,27.06667,-0.34040,67.13712,50.00000,,20.00000,0.62355,1
202,4061,692.04602,27.07333,-0.35135,67.09054,50.00000,,20.00000,0.62345,1
202,4062,692.21301,27.08000,-0.36237,67.03539,50.00000,,20.00000,0.62335,1
202,4063,692.38300,27.08667,-0.37326,66.98881,49.00000,,20.00000,0.62324,1
202,4064,692.55402,27.09333,-0.38422,66.93312,49.00000,,20.00000,0.62314,1
202,4065,692.71600,27.10000,-0.39524,66.88225,49.00000,,20.00000,0.62304,1
202,4066,692.87799,27.10667,-0.40627,66.83085,49.00000,,20.00000,0.62295,1
202,4067,693.03302,27.11333,-0.41750,66.78052,50.00000,,20.00000,0.62285,1
202,4068,693.21301,27.12000,-0.42881,66.72751,50.00000,,20.00000,0.62274,1
202,4069,693.37299,27.12667,-0.44004,66.67825,50.00000,,20.00000,0.62265,1
202,4070,693.53601,27.13333,-0.45109,66.62309,49.00000,,20.00000,0.62255,1
202,4071,693.70502,27.14000,-0.46194,66.56525,49.00000,,20.00000,0.62245,1
202,4072,693.87402,27.14667,-0.47313,66.52135,51.00000,,20.00000,0.62235,1
202,4073,694.03998,27.15333,-0.48445,66.46995,50.00000,,20.00000,0.62225,1
202,4074,694.19897,27.16000,-0.49609,66.41855,50.00000,,20.00000,0.62215,1
202,4075,694.36798,27.16667,-0.50736,66.35964,51.00000,,20.00000,0.62205,1
202,4076,694.53101,27.17333,-0.51862,66.29966,51.00000,,20.00000,0.62195,1
202,4077,694.69598,27.18000,-0.52995,66.24665,49.00000,,20.00000,0.62185,1
202,4078,694.85999,27.18667,-0.54116,66.19525,49.00000,,20.00000,0.62175,1
202,4079,695.02301,27.19333,-0.55243,66.14385,50.00000,,20.00000,0.62165,1
202,4080,695.18298,27.20000,-0.56390,66.08279,50.00000,,20.00000,0.62156,1
202,4081,695.35602,27.20667,-0.57526,66.03407,50.00000,,20.00000,0.62145,1
202,4082,695.52197,27.21333,-0.58654,65.97892,50.00000,,20.00000,0.62135,1
202,4083,695.68903,27.22000,-0.59796,65.92429,51.00000,,20.00000,0.62125,1
202,4084,695.84998,27.22667,-0.60945,65.87021,51.00000,,20.00000,0.62116,1
202,4085,696.02197,27.23333,-0.62102,65.81934,49.00000,,20.00000,0.62105,1
202,4086,696.18298,27.24000,-0.63278,65.75882,49.00000,,20.00000,0.62095,1
202,4087,696.34998,27.24667,-0.64461,65.70688,49.00000,,20.00000,0.62085,1
202,4088,696.52100,27.25333,-0.65612,65.64797,50.00000,,20.00000,0.62075,1
202,4089,696.68597,27.26000,-0.66763,65.59550,50.00000,,20.00000,0.62065,1
202,4090,696.84302,27.26667,-0.67933,65.53820,50.00000,,20.00000,0.62056,1
202,4091,697.01001,27.27333,-0.69098,65.48304,49.00000,,20.00000,0.62045,1
202,4092,697.17102,27.28000,-0.70237,65.42574,49.00000,,20.00000,0.62036,1
202,4093,697.34601,27.28667,-0.71410,65.37059,49.00000,,20.00000,0.62025,1
202,4094,697.50702,27.29333,-0.72595,65.31329,51.00000,,20.00000,0.62015,1
202,4095,697.67297,27.30000,-0.73782,65.25813,52.00000,,20.00000,0.62005,1
202,4096,697.83698,27.30667,-0.74955,65.19653,52.00000,,20.00000,0.61995,1
202,4097,698.00201,27.31333,-0.76115,65.14459,49.00000,,20.00000,0.61985,1
202,4098,698.17200,27.32000,-0.77290,65.08408,49.00000,,20.00000,0.61975,1
202,4099,698.33899,27.32667,-0.78458,65.02785,50.00000,,20.00000,0.61965,1
202,4100,698.50702,27.33333,-0.79626,64.97055,49.00000,,20.00000,0.61955,1
202,4101,698.66400,27.34000,-0.80788,64.91379,50.00000,,20.00000,0.61945,1
202,4102,698.82599,27.34667,-0.81930,64.85274,50.00000,,20.00000,0.61936,1
202,4103,698.99298,27.35333,-0.83140,64.79597,50.00000,,20.00000,0.61925,1
202,4104,699.15997,27.36000,-0.84356,64.73063,50.00000,,20.00000,0.61915,1
202,4105,699.32800,27.36667,-0.85533,64.67440,49.00000,,20.00000,0.61905,1
202,4106,699.49597,27.37333,-0.86697,64.61281,49.00000,,20.00000,0.61895,1
202,4107,699.65503,27.38000,-0.87867,64.55497,50.00000,,20.00000,0.61885,1
202,4108,699.82098,27.38667,-0.89059,64.48963,50.00000,,20.00000,0.61875,1
202,4109,699.98999,27.39333,-0.90244,64.43340,50.00000,,20.00000,0.61865,1
202,4110,700.15698,27.40000,-0.91449,64.37182,49.00000,,20.00000,0.61855,1
202,4111,700.31702,27.40667,-0.92628,64.31398,49.00000,,20.00000,0.61845,1
202,4112,700.48499,27.41333,-0.93801,64.25186,49.00000,,20.00000,0.61835,1
202,4113,700.65302,27.42000,-0.94981,64.19241,51.00000,,20.00000,0.61825,1
202,4114,700.81299,27.42667,-0.96174,64.12921,51.00000,,20.00000,0.61815,1
202,4115,700.97400,27.43333,-0.97381,64.06923,52.00000,,20.00000,0.61805,1
202,4116,701.14502,27.44000,-0.98596,64.00603,52.00000,,20.00000,0.61795,1
202,4117,701.31299,27.44667,-0.99811,63.94605,49.00000,,20.00000,0.61785,1
202,4118,701.47900,27.45333,-1.01012,63.88016,49.00000,,20.00000,0.61775,1
202,4119,701.64600,27.46000,-1.02188,63.82125,50.00000,,20.00000,0.61764,1
202,4120,701.81000,27.46667,-1.03377,63.75483,50.00000,,20.00000,0.61754,1
202,4121,701.98199,27.47333,-1.04574,63.69324,51.00000,,20.00000,0.61744,1
202,4122,702.14697,27.48000,-1.05778,63.62629,51.00000,,20.00000,0.61734,1
202,4123,702.31403,27.48667,-1.06982,63.56470,50.00000,,20.00000,0.61724,1
202,4124,702.46899,27.49333,-1.08185,63.49775,49.00000,,20.00000,0.61714,1
202,4125,702.64203,27.50000,-1.09390,63.43616,50.00000,,20.00000,0.61704,1
202,4126,702.80902,27.50667,-1.10595,63.36921,50.00000,,20.00000,0.61694,1
202,4127,702.96997,27.51333,-1.11806,63.30763,50.00000,,20.00000,0.61684,1
202,4128,703.13501,27.52000,-1.13012,63.24067,50.00000,,20.00000,0.61674,1
202,4129,703.29602,27.52667,-1.14204,63.17908,50.00000,,20.00000,0.61664,1
202,4130,703.46899,27.53333,-1.15405,63.10892,49.00000,,20.00000,0.61653,1
202,4131,703.63300,27.54000,-1.16599,63.04572,49.00000,,20.00000,0.61643,1
202,4132,703.79498,27.54667,-1.17779,62.97823,49.00000,,20.00000,0.61634,1
202,4133,703.96503,27.55333,-1.18974,62.91664,49.00000,,20.00000,0.61623,1
202,4134,704.12903,27.56000,-1.20182,62.84540,50.00000,,20.00000,0.61613,1
202,4135,704.29498,27.56667,-1.21410,62.78274,50.00000,,20.00000,0.61603,1
202,4136,704.45502,27.57333,-1.22619,62.71149,50.00000,,20.00000,0.61593,1
202,4137,704.63098,27.58000,-1.23822,62.64723,49.00000,,20.00000,0.61583,1
202,4138,704.79901,27.58667,-1.24979,62.57652,49.00000,,20.00000,0.61572,1
202,4139,704.95502,27.59333,-1.26168,62.51064,49.00000,,20.00000,0.61563,1
202,4140,705.12097,27.60000,-1.27372,62.44262,51.00000,,20.00000,0.61553,1
202,4141,705.28699,27.60667,-1.28576,62.37674,50.00000,,20.00000,0.61543,1
202,4142,705.45801,27.61333,-1.29775,62.30443,51.00000,,20.00000,0.61532,1
202,4143,705.61700,27.62000,-1.30979,62.24177,51.00000,,20.00000,0.61522,1
202,4144,705.78900,27.62667,-1.32172,62.17053,49.00000,,20.00000,0.61512,1
202,4145,705.95099,27.63333,-1.33364,62.10626,49.00000,,20.00000,0.61502,1
202,4146,706.10901,27.64000,-1.34563,62.03127,50.00000,,20.00000,0.61492,1
202,4147,706.29498,27.64667,-1.35746,61.96701,50.00000,,20.00000,0.61481,1
202,4148,706.43903,27.65333,-1.36937,61.89469,50.00000,,20.00000,0.61472,1
202,4149,706.60901,27.66000,-1.38125,61.82774,50.00000,,20.00000,0.61462,1
202,4150,706.76898,27.66667,-1.39305,61.75543,49.00000,,20.00000,0.61452,1
202,4151,706.94202,27.67333,-1.40481,61.68848,52.00000,,20.00000,0.61441,1
202,4152,707.09998,27.68000,-1.41649,61.61348,49.00000,,20.00000,0.61432,1
202,4153,707.27899,27.68667,-1.42840,61.54921,49.00000,,20.00000,0.61421,1
202,4154,707.44098,27.69333,-1.44035,61.47422,50.00000,,20.00000,0.61411,1
202,4155,707.60498,27.70000,-1.45225,61.40994,50.00000,,20.00000,0.61401,1
202,4156,707.77502,27.70667,-1.46396,61.33495,50.00000,,20.00000,0.61390,1
202,4157,707.94000,27.71333,-1.47553,61.26800,50.00000,,20.00000,0.61380,1
202,4158,708.10199,27.72000,-1.48703,61.19408,49.00000,,20.00000,0.61370,1
202,4159,708.26801,27.72667,-1.49822,61.11695,49.00000,,20.00000,0.61360,1
202,4160,708.43298,27.73333,-1.50980,61.05161,51.00000,,20.00000,0.61350,1
202,4161,708.59601,27.74000,-1.52158,60.98412,50.00000,,20.00000,0.61340,1
202,4162,708.76300,27.74667,-1.53298,60.89572,51.00000,,20.00000,0.61330,1
202,4163,708.92999,27.75333,-1.54464,60.84271,51.00000,,20.00000,0.61320,1
202,4164,709.09497,27.76000,-1.55651,60.75110,49.00000,,20.00000,0.61309,1
202,4165,709.25800,27.76667,-1.56824,60.67878,49.00000,,20.00000,0.61299,1
202,4166,709.43402,27.77333,-1.57913,60.61237,50.00000,,20.00000,0.61289,1
202,4167,709.58801,27.78000,-1.58993,60.53308,50.00000,,20.00000,0.61279,1
202,4168,709.75897,27.78667,-1.60108,60.46077,50.00000,,20.00000,0.61269,1
202,4169,709.92200,27.79333,-1.61257,60.39811,51.00000,,20.00000,0.61259,1
202,4170,710.09900,27.80000,-1.62407,60.31400,52.00000,,20.00000,0.61248,1
202,4171,710.25800,27.80667,-1.63529,60.24545,52.00000,,20.00000,0.61238,1
202,4172,710.42102,27.81333,-1.64658,60.16885,49.00000,,20.00000,0.61228,1
202,4173,710.58698,27.82000,-1.65788,60.09547,49.00000,,20.00000,0.61218,1
202,4174,710.75000,27.82667,-1.66872,60.01887,49.00000,,20.00000,0.61208,1
202,4175,710.91101,27.83333,-1.67962,59.94548,50.00000,,20.00000,0.61198,1
202,4176,711.07800,27.84000,-1.69060,59.86888,50.00000,,20.00000,0.61188,1
202,4177,711.24597,27.84667,-1.70145,59.79550,50.00000,,20.00000,0.61177,1
202,4178,711.41602,27.85333,-1.71244,59.71890,50.00000,,20.00000,0.61167,1
202,4179,711.57898,27.86000,-1.72329,59.64498,49.00000,,20.00000,0.61157,1
202,4180,711.75098,27.86667,-1.73409,59.56730,49.00000,,20.00000,0.61146,1
202,4181,711.90198,27.87333,-1.74466,59.49231,51.00000,,20.00000,0.61137,1
202,4182,712.07599,27.88000,-1.75521,59.41624,50.00000,,20.00000,0.61126,1
202,4183,712.24799,27.88667,-1.76562,59.34072,51.00000,,20.00000,0.61116,1
202,4184,712.40503,27.89333,-1.77615,59.26358,51.00000,,20.00000,0.61106,1
202,4185,712.57397,27.90000,-1.78676,59.18698,49.00000,,20.00000,0.61096,1
202,4186,712.73798,27.90667,-1.79690,59.10824,49.00000,,20.00000,0.61085,1
202,4187,712.89801,27.91333,-1.80717,59.03164,49.00000,,20.00000,0.61076,1
202,4188,713.07001,27.92000,-1.81767,58.95290,49.00000,,20.00000,0.61065,1
202,4189,713.23199,27.92667,-1.82789,58.87630,51.00000,,20.00000,0.61055,1
202,4190,713.40198,27.93333,-1.83812,58.79756,51.00000,,20.00000,0.61045,1
202,4191,713.55798,27.94000,-1.84833,58.71881,51.00000,,20.00000,0.61035,1
202,4192,713.72302,27.94667,-1.85782,58.63738,51.00000,,20.00000,0.61025,1
202,4193,713.88800,27.95333,-1.86779,58.56293,49.00000,,20.00000,0.61015,1
202,4194,714.06201,27.96000,-1.87777,58.48204,49.00000,,20.00000,0.61004,1
202,4195,714.22803,27.96667,-1.88755,58.40758,50.00000,,20.00000,0.60994,1
202,4196,714.40002,27.97333,-1.89727,58.32669,50.00000,,20.00000,0.60983,1
202,4197,714.55103,27.98000,-1.90655,58.24955,50.00000,,20.00000,0.60974,1
202,4198,714.72498,27.98667,-1.91601,58.17081,50.00000,,20.00000,0.60963,1
202,4199,714.88800,27.99333,-1.92559,58.09421,50.00000,,20.00000,0.60953,1
202,4200,715.05103,28.00000,-1.93511,58.01546,49.00000,,20.00000,0.60943,1
202,4201,715.22498,28.00667,-1.94465,57.93887,49.00000,,20.00000,0.60932,1
202,4202,715.39099,28.01333,-1.95411,57.86012,51.00000,,20.00000,0.60922,1
202,4203,715.54303,28.02000,-1.96294,57.78137,51.00000,,20.00000,0.60912,1
202,4204,715.71600,28.02667,-1.97202,57.69995,50.00000,,20.00000,0.60902,1
202,4205,715.88599,28.03333,-1.98116,57.62281,49.00000,,20.00000,0.60891,1
202,4206,716.05200,28.04000,-1.98989,57.54192,50.00000,,20.00000,0.60881,1
202,4207,716.21198,28.04667,-1.99842,57.46264,49.00000,,20.00000,0.60871,1
202,4208,716.38098,28.05333,-2.00730,57.38336,49.00000,,20.00000,0.60861,1
202,4209,716.54401,28.06000,-2.01603,57.30193,51.00000,,20.00000,0.60850,1
202,4210,716.71503,28.06667,-2.02459,57.22265,51.00000,,20.00000,0.60840,1
202,4211,716.87903,28.07333,-2.03273,57.14122,51.00000,,20.00000,0.60830,1
202,4212,717.04498,28.08000,-2.04121,57.05712,51.00000,,20.00000,0.60819,1
202,4213,717.20898,28.08667,-2.04936,56.97998,49.00000,,20.00000,0.60809,1
202,4214,717.37903,28.09333,-2.05745,56.89587,49.00000,,20.00000,0.60799,1
202,4215,717.53900,28.10000,-2.06506,56.81445,50.00000,,20.00000,0.60789,1
202,4216,717.70898,28.10667,-2.07255,56.73034,50.00000,,20.00000,0.60778,1
202,4217,717.87402,28.11333,-2.08003,56.64838,50.00000,,20.00000,0.60768,1
202,4218,718.04102,28.12000,-2.08773,56.56427,50.00000,,20.00000,0.60758,1
202,4219,718.20697,28.12667,-2.09535,56.48231,50.00000,,20.00000,0.60747,1
202,4220,718.37201,28.13333,-2.10292,56.39820,49.00000,,20.00000,0.60737,1
202,4221,718.53998,28.14000,-2.10941,56.29050,50.00000,,20.00000,0.60727,1
202,4222,718.70697,28.14667,-2.11624,56.23160,50.00000,,20.00000,0.60716,1
202,4223,718.86298,28.15333,-2.12311,56.15017,50.00000,,20.00000,0.60707,1
202,4224,719.02802,28.16000,-2.12980,56.06607,50.00000,,20.00000,0.60697,1
202,4225,719.20398,28.16667,-2.13605,55.98411,50.00000,,20.00000,0.60686,1
202,4226,719.36200,28.17333,-2.14240,55.89678,49.00000,,20.00000,0.60676,1
202,4227,719.53497,28.18000,-2.14878,55.81267,49.00000,,20.00000,0.60665,1
202,4228,719.70001,28.18667,-2.15515,55.72535,49.00000,,20.00000,0.60655,1
202,4229,719.86603,28.19333,-2.16091,55.64285,51.00000,,20.00000,0.60645,1
202,4230,720.03101,28.20000,-2.16620,55.55713,49.00000,,20.00000,0.60634,1
202,4231,720.19800,28.20667,-2.17177,55.47195,51.00000,,20.00000,0.60624,1
202,4232,720.36700,28.21333,-2.17741,55.38569,52.00000,,20.00000,0.60613,1
202,4233,720.53198,28.22000,-2.18271,55.30319,52.00000,,20.00000,0.60603,1
202,4234,720.70203,28.22667,-2.18775,55.21426,49.00000,,20.00000,0.60593,1
202,4235,720.86499,28.23333,-2.19216,55.13230,49.00000,,20.00000,0.60582,1
202,4236,721.02899,28.24000,-2.19658,55.04497,50.00000,,20.00000,0.60572,1
202,4237,721.20099,28.24667,-2.20109,54.96248,50.00000,,20.00000,0.60562,1
202,4238,721.35901,28.25333,-2.20557,54.87676,51.00000,,20.00000,0.60552,1
202,4239,721.53101,28.26000,-2.20914,54.76852,49.00000,,20.00000,0.60541,1
202,4240,721.70203,28.26667,-2.21311,54.70533,50.00000,,20.00000,0.60530,1
202,4241,721.85699,28.27333,-2.21630,54.59763,50.00000,,20.00000,0.60521,1
202,4242,722.03497,28.28000,-2.21941,54.51191,50.00000,,20.00000,0.60510,1
202,4243,722.19397,28.28667,-2.22275,54.45301,49.00000,,20.00000,0.60500,1
202,4244,722.35999,28.29333,-2.22563,54.34799,50.00000,,20.00000,0.60489,1
202,4245,722.52502,28.30000,-2.22797,54.27246,50.00000,,20.00000,0.60479,1
202,4246,722.69598,28.30667,-2.23019,54.18996,49.00000,,20.00000,0.60469,1
202,4247,722.86200,28.31333,-2.23179,54.08709,49.00000,,20.00000,0.60458,1
202,4248,723.03198,28.32000,-2.23300,54.02551,49.00000,,20.00000,0.60448,1
202,4249,723.19299,28.32667,-2.23438,53.91941,49.00000,,20.00000,0.60438,1
202,4250,723.35400,28.33333,-2.23536,53.83960,51.00000,,20.00000,0.60427,1
202,4251,723.52698,28.34000,-2.23590,53.75442,51.00000,,20.00000,0.60417,1
202,4252,723.69098,28.34667,-2.23634,53.67353,52.00000,,20.00000,0.60406,1
202,4253,723.85400,28.35333,-2.23672,53.58835,52.00000,,20.00000,0.60396,1
202,4254,724.02502,28.36000,-2.23698,53.50479,49.00000,,20.00000,0.60386,1
202,4255,724.19202,28.36667,-2.23642,53.42069,49.00000,,20.00000,0.60375,1
202,4256,724.35199,28.37333,-2.23543,53.33604,49.00000,,20.00000,0.60365,1
202,4257,724.51501,28.38000,-2.23472,53.25086,49.00000,,20.00000,0.60355,1
202,4258,724.68597,28.38667,-2.23363,53.16998,50.00000,,20.00000,0.60344,1
202,4259,724.85699,28.39333,-2.23117,53.08480,51.00000,,20.00000,0.60334,1
202,4260,725.02002,28.40000,-2.22897,53.00391,51.00000,,20.00000,0.60324,1
202,4261,725.18298,28.40667,-2.22657,52.91444,51.00000,,20.00000,0.60313,1
202,4262,725.34802,28.41333,-2.22349,52.83248,49.00000,,20.00000,0.60303,1
202,4263,725.51599,28.42000,-2.22062,52.74569,49.00000,,20.00000,0.60293,1
202,4264,725.69299,28.42667,-2.21750,52.66105,50.00000,,20.00000,0.60281,1
202,4265,725.84900,28.43333,-2.21351,52.57586,50.00000,,20.00000,0.60272,1
202,4266,726.02197,28.44000,-2.20916,52.49068,50.00000,,20.00000,0.60261,1
202,4267,726.19000,28.44667,-2.20458,52.40443,50.00000,,20.00000,0.60250,1
202,4268,726.35199,28.45333,-2.19918,52.32354,50.00000,,20.00000,0.60240,1
202,4269,726.52502,28.46000,-2.19380,52.23837,49.00000,,20.00000,0.60229,1
202,4270,726.69397,28.46667,-2.18807,52.15319,49.00000,,20.00000,0.60219,1
202,4271,726.84998,28.47333,-2.18211,52.06694,50.00000,,20.00000,0.60209,1
202,4272,727.01599,28.48000,-2.17589,51.98605,50.00000,,20.00000,0.60199,1
202,4273,727.18402,28.48667,-2.16873,51.90088,50.00000,,20.00000,0.60188,1
202,4274,727.34900,28.49333,-2.16101,51.81731,50.00000,,20.00000,0.60178,1
202,4275,727.52100,28.50000,-2.15324,51.73481,50.00000,,20.00000,0.60167,1
202,4276,727.68500,28.50667,-2.14490,51.65124,49.00000,,20.00000,0.60157,1
202,4277,727.84998,28.51333,-2.13629,51.56874,49.00000,,20.00000,0.60147,1
202,4278,728.01300,28.52000,-2.12686,51.48517,51.00000,,20.00000,0.60136,1
202,4279,728.19098,28.52667,-2.11732,51.40268,51.00000,,20.00000,0.60125,1
202,4280,728.35999,28.53333,-2.10728,51.32179,52.00000,,20.00000,0.60115,1
202,4281,728.51099,28.54000,-2.09672,51.23821,52.00000,,20.00000,0.60105,1
202,4282,728.68103,28.54667,-2.08511,51.16054,49.00000,,20.00000,0.60094,1
202,4283,728.85303,28.55333,-2.07309,51.07751,49.00000,,20.00000,0.60084,1
202,4284,729.02502,28.56000,-2.06011,50.99984,49.00000,,20.00000,0.60073,1
202,4285,729.18402,28.56667,-2.04669,50.91948,50.00000,,20.00000,0.60063,1
202,4286,729.35199,28.57333,-2.03166,50.84074,50.00000,,20.00000,0.60052,1
202,4287,729.52600,28.58000,-2.01663,50.76360,50.00000,,20.00000,0.60041,1
202,4288,729.69397,28.58667,-2.00035,50.68539,50.00000,,20.00000,0.60031,1
202,4289,729.85400,28.59333,-1.98262,50.60825,49.00000,,20.00000,0.60021,1
202,4290,730.02600,28.60000,-1.96396,50.53004,50.00000,,20.00000,0.60010,1
202,4291,730.19299,28.60667,-1.94364,50.45290,49.00000,,20.00000,0.60000,1
202,4292,730.36401,28.61333,-1.92223,50.37898,49.00000,,20.00000,0.59989,1
202,4293,730.53400,28.62000,-1.89849,50.30024,50.00000,,20.00000,0.59978,1
202,4294,730.70099,28.62667,-1.87420,50.22471,50.00000,,20.00000,0.59968,1
202,4295,730.86200,28.63333,-1.84858,50.14918,50.00000,,20.00000,0.59958,1
202,4296,731.03601,28.64000,-1.82012,50.07901,49.00000,,20.00000,0.59947,1
202,4297,731.20203,28.64667,-1.78897,50.00456,49.00000,,20.00000,0.59936,1
202,4298,731.37500,28.65333,-1.75584,49.93439,49.00000,,20.00000,0.59925,1
202,4299,731.53699,28.66000,-1.71899,49.85994,51.00000,,20.00000,0.59915,1
202,4300,731.70599,28.66667,-1.67948,49.79138,51.00000,,20.00000,0.59904,1
202,4301,731.87000,28.67333,-1.63701,49.72176,52.00000,,20.00000,0.59894,1
202,4302,732.03802,28.68000,-1.59070,49.65588,52.00000,,20.00000,0.59884,1
202,4303,732.20502,28.68667,-1.54124,49.58733,49.00000,,20.00000,0.59873,1
202,4304,732.37201,28.69333,-1.48765,49.52306,49.00000,,20.00000,0.59863,1
202,4305,732.54303,28.70000,-1.43084,49.45826,50.00000,,20.00000,0.59852,1
202,4306,732.71698,28.70667,-1.37012,49.39881,50.00000,,20.00000,0.59841,1
202,4307,732.87000,28.71333,-1.30565,49.33668,51.00000,,20.00000,0.59831,1
202,4308,733.05103,28.72000,-1.23730,49.27778,51.00000,,20.00000,0.59820,1
202,4309,733.22198,28.72667,-1.16501,49.22155,49.00000,,20.00000,0.59809,1
202,4310,733.38898,28.73333,-1.08763,49.16747,49.00000,,20.00000,0.59799,1
202,4311,733.55902,28.74000,-1.00633,49.11070,50.00000,,20.00000,0.59788,1
202,4312,733.72998,28.74667,-0.92157,49.06144,50.00000,,20.00000,0.59777,1
202,4313,733.89600,28.75333,-0.83630,49.01272,50.00000,,20.00000,0.59767,1
202,4314,734.06403,28.76000,-0.75018,48.96668,50.00000,,20.00000,0.59756,1
202,4315,734.24298,28.76667,-0.66288,48.92279,49.00000,,20.00000,0.59745,1
202,4316,734.40399,28.77333,-0.57245,48.88050,49.00000,,20.00000,0.59735,1
202,4317,734.57898,28.78000,-0.47891,48.84304,49.00000,,20.00000,0.59724,1
202,4318,734.75000,28.78667,-0.38410,48.80987,49.00000,,20.00000,0.59713,1
202,4319,734.92200,28.79333,-0.28974,48.77777,50.00000,,20.00000,0.59702,1
202,4320,735.08698,28.80000,-0.19952,48.74674,50.00000,,20.00000,0.59691,1
202,4321,735.26099,28.80667,-0.11311,48.72000,50.00000,,20.00000,0.59680,1
202,4322,735.43298,28.81333,-2.989448e-002,48.69755,50.00000,,20.00000,0.59670,1
202,4323,735.60199,28.82000,4.999307e-002,48.67616,50.00000,,20.00000,0.59659,1
202,4324,735.77600,28.82667,0.12627,48.65908,50.00000,,20.00000,0.59648,1
202,4325,735.95599,28.83333,0.19861,48.64306,51.00000,,20.00000,0.59637,1
202,4326,736.12903,28.84000,0.26822,48.62919,51.00000,,20.00000,0.59626,1
202,4327,736.29498,28.84667,0.33518,48.62015,52.00000,,20.00000,0.59615,1
202,4328,736.46100,28.85333,0.39873,48.60896,52.00000,,20.00000,0.59605,1
202,4329,736.63397,28.86000,0.45984,48.59991,49.00000,,20.00000,0.59594,1
202,4330,736.81097,28.86667,0.51891,48.59087,49.00000,,20.00000,0.59583,1
202,4331,736.98102,28.87333,0.57566,48.58236,49.00000,,20.00000,0.59572,1
202,4332,737.15198,28.88000,0.62934,48.57761,50.00000,,20.00000,0.59561,1
202,4333,737.33002,28.88667,0.68147,48.57285,50.00000,,20.00000,0.59550,1
202,4334,737.50201,28.89333,0.73231,48.56595,50.00000,,20.00000,0.59539,1
202,4335,737.67297,28.90000,0.78096,48.56013,49.00000,,20.00000,0.59528,1
202,4336,737.83899,28.90667,0.82743,48.55912,49.00000,,20.00000,0.59518,1
202,4337,738.01501,28.91333,0.87303,48.55705,49.00000,,20.00000,0.59506,1
202,4338,738.18597,28.92000,0.91727,48.55176,50.00000,,20.00000,0.59496,1
202,4339,738.36603,28.92667,0.95961,48.54755,50.00000,,20.00000,0.59484,1
202,4340,738.53101,28.93333,1.00071,48.54548,50.00000,,20.00000,0.59474,1
202,4341,738.70502,28.94000,1.04038,48.54341,49.00000,,20.00000,0.59463,1
202,4342,738.87000,28.94667,1.07897,48.53866,49.00000,,20.00000,0.59452,1
202,4343,739.05200,28.95333,1.11648,48.53283,51.00000,,20.00000,0.59441,1
202,4344,739.21399,28.96000,1.15288,48.52808,51.00000,,20.00000,0.59430,1
202,4345,739.39001,28.96667,1.18822,48.52762,52.00000,,20.00000,0.59419,1
202,4346,739.55798,28.97333,1.22204,48.52608,52.00000,,20.00000,0.59409,1
202,4347,739.73700,28.98000,1.25492,48.52294,49.00000,,20.00000,0.59397,1
202,4348,739.90802,28.98667,1.28684,48.51979,49.00000,,20.00000,0.59386,1
202,4349,740.08002,28.99333,1.31774,48.51772,49.00000,,20.00000,0.59376,1
202,4350,740.25403,29.00000,1.34824,48.51566,50.00000,,20.00000,0.59365,1
202,4351,740.41901,29.00667,1.37770,48.51359,50.00000,,20.00000,0.59354,1
202,4352,740.59399,29.01333,1.40588,48.51152,50.00000,,20.00000,0.59343,1
202,4353,740.76001,29.02000,1.43337,48.50838,50.00000,,20.00000,0.59332,1
202,4354,740.93500,29.02667,1.46019,48.50524,49.00000,,20.00000,0.59321,1
202,4355,741.11200,29.03333,1.48640,48.50210,49.00000,,20.00000,0.59310,1
202,4356,741.28003,29.04000,1.51199,48.49735,51.00000,,20.00000,0.59299,1
202,4357,741.44800,29.04667,1.53634,48.49313,51.00000,,20.00000,0.59289,1
202,4358,741.61902,29.05333,1.56016,48.49106,51.00000,,20.00000,0.59278,1
202,4359,741.79797,29.06000,1.58303,48.49115,50.00000,,20.00000,0.59267,1
202,4360,741.96802,29.06667,1.60583,48.49123,49.00000,,20.00000,0.59256,1
202,4361,742.13202,29.07333,1.62828,48.49131,49.00000,,20.00000,0.59245,1
202,4362,742.30402,29.08000,1.64937,48.49032,51.00000,,20.00000,0.59234,1
202,4363,742.46997,29.08667,1.67011,48.48879,51.00000,,20.00000,0.59224,1
202,4364,742.64001,29.09333,1.69025,48.48725,52.00000,,20.00000,0.59213,1
202,4365,742.81403,29.10000,1.70998,48.48573,52.00000,,20.00000,0.59202,1
202,4366,742.99402,29.10667,1.72967,48.48420,49.00000,,20.00000,0.59191,1
202,4367,743.15802,29.11333,1.74809,48.48267,49.00000,,20.00000,0.59180,1
202,4368,743.33002,29.12000,1.76611,48.48115,50.00000,,20.00000,0.59169,1
202,4369,743.50098,29.12667,1.78386,48.47962,50.00000,,20.00000,0.59158,1
202,4370,743.66302,29.13333,1.80112,48.47810,50.00000,,20.00000,0.59148,1
202,4371,743.83502,29.14000,1.81778,48.47657,50.00000,,20.00000,0.59137,1
202,4372,744.00403,29.14667,1.83410,48.47398,49.00000,,20.00000,0.59126,1
202,4373,744.17297,29.15333,1.84993,48.47245,49.00000,,20.00000,0.59115,1
202,4374,744.34497,29.16000,1.86523,48.47092,49.00000,,20.00000,0.59105,1
202,4375,744.52197,29.16667,1.88026,48.46940,51.00000,,20.00000,0.59093,1
202,4376,744.67700,29.17333,1.89505,48.46840,50.00000,,20.00000,0.59083,1
202,4377,744.86102,29.18000,1.90962,48.46848,50.00000,,20.00000,0.59072,1
202,4378,745.03497,29.18667,1.92376,48.46803,49.00000,,20.00000,0.59061,1
202,4379,745.19800,29.19333,1.93713,48.46704,49.00000,,20.00000,0.59050,1
202,4380,745.37299,29.20000,1.95045,48.46606,50.00000,,20.00000,0.59039,1
202,4381,745.53802,29.20667,1.96335,48.46346,50.00000,,20.00000,0.59029,1
202,4382,745.70300,29.21333,1.97576,48.46248,51.00000,,20.00000,0.59018,1
202,4383,745.87500,29.22000,1.98791,48.46096,51.00000,,20.00000,0.59007,1
202,4384,746.03802,29.22667,1.99957,48.45944,51.00000,,20.00000,0.58997,1
202,4385,746.21802,29.23333,2.01175,48.45577,50.00000,,20.00000,0.58985,1
202,4386,746.37598,29.24000,2.02263,48.45371,50.00000,,20.00000,0.58975,1
202,4387,746.54999,29.24667,2.03342,48.45111,50.00000,,20.00000,0.58964,1
202,4388,746.72498,29.25333,2.04450,48.44852,50.00000,,20.00000,0.58953,1
202,4389,746.89301,29.26000,2.05507,48.44700,50.00000,,20.00000,0.58942,1
202,4390,747.06201,29.26667,2.06517,48.44655,49.00000,,20.00000,0.58931,1
202,4391,747.22400,29.27333,2.07518,48.44663,49.00000,,20.00000,0.58921,1
202,4392,747.39502,29.28000,2.08453,48.44618,49.00000,,20.00000,0.58910,1
202,4393,747.57001,29.28667,2.09374,48.44627,49.00000,,20.00000,0.58899,1
202,4394,747.74103,29.29333,2.10323,48.44529,50.00000,,20.00000,0.58888,1
202,4395,747.90503,29.30000,2.11236,48.44430,50.00000,,20.00000,0.58877,1
202,4396,748.07703,29.30667,2.12144,48.44332,50.00000,,20.00000,0.58866,1
202,4397,748.24402,29.31333,2.13045,48.44180,50.00000,,20.00000,0.58856,1
202,4398,748.41803,29.32000,2.13857,48.44082,50.00000,,20.00000,0.58845,1
202,4399,748.57599,29.32667,2.14617,48.43983,49.00000,,20.00000,0.58835,1
202,4400,748.74902,29.33333,2.15373,48.43670,49.00000,,20.00000,0.58823,1
202,4401,748.92603,29.34000,2.16173,48.43519,51.00000,,20.00000,0.58812,1
202,4402,749.08502,29.34667,2.16941,48.43367,51.00000,,20.00000,0.58802,1
202,4403,749.25403,29.35333,2.17698,48.43108,51.00000,,20.00000,0.58791,1
202,4404,749.42200,29.36000,2.18475,48.42902,51.00000,,20.00000,0.58780,1
202,4405,749.59497,29.36667,2.19206,48.42751,49.00000,,20.00000,0.58769,1
202,4406,749.76300,29.37333,2.19873,48.42599,49.00000,,20.00000,0.58759,1
202,4407,749.92603,29.38000,2.20531,48.42500,50.00000,,20.00000,0.58748,1
202,4408,750.09900,29.38667,2.21193,48.42402,50.00000,,20.00000,0.58737,1
202,4409,750.26898,29.39333,2.21861,48.42305,50.00000,,20.00000,0.58726,1
202,4410,750.43799,29.40000,2.22473,48.42206,50.00000,,20.00000,0.58715,1
202,4411,750.59601,29.40667,2.23090,48.41947,49.00000,,20.00000,0.58705,1
202,4412,750.77399,29.41333,2.23726,48.41795,50.00000,,20.00000,0.58694,1
202,4413,750.94000,29.42000,2.24303,48.41644,50.00000,,20.00000,0.58683,1
202,4414,751.10999,29.42667,2.24847,48.41492,50.00000,,20.00000,0.58672,1
202,4415,751.27698,29.43333,2.25411,48.41448,50.00000,,20.00000,0.58662,1
202,4416,751.45099,29.44000,2.25977,48.41404,50.00000,,20.00000,0.58651,1
202,4417,751.60999,29.44667,2.26505,48.41306,49.00000,,20.00000,0.58640,1
202,4418,751.77802,29.45333,2.27042,48.41154,49.00000,,20.00000,0.58630,1
202,4419,751.94702,29.46000,2.27544,48.41056,51.00000,,20.00000,0.58619,1
202,4420,752.10999,29.46667,2.28053,48.40958,51.00000,,20.00000,0.58608,1
202,4421,752.28601,29.47333,2.28571,48.40699,52.00000,,20.00000,0.58597,1
202,4422,752.45697,29.48000,2.29061,48.40494,52.00000,,20.00000,0.58586,1
202,4423,752.62701,29.48667,2.29572,48.40343,49.00000,,20.00000,0.58575,1
202,4424,752.78802,29.49333,2.30017,48.40137,49.00000,,20.00000,0.58565,1
202,4425,752.95502,29.50000,2.30472,48.39932,50.00000,,20.00000,0.58554,1
202,4426,753.12500,29.50667,2.30927,48.39781,50.00000,,20.00000,0.58543,1
202,4427,753.29602,29.51333,2.31313,48.39737,50.00000,,20.00000,0.58532,1
202,4428,753.46301,29.52000,2.31761,48.39693,50.00000,,20.00000,0.58521,1
202,4429,753.62500,29.52667,2.32214,48.39649,51.00000,,20.00000,0.58511,1
202,4430,753.79199,29.53333,2.32642,48.39659,51.00000,,20.00000,0.58500,1
202,4431,753.95697,29.54000,2.33062,48.39561,49.00000,,20.00000,0.58490,1
202,4432,754.12598,29.54667,2.33476,48.39464,49.00000,,20.00000,0.58479,1
202,4433,754.29700,29.55333,2.33841,48.39366,50.00000,,20.00000,0.58468,1
202,4434,754.46600,29.56000,2.34221,48.39322,50.00000,,20.00000,0.58457,1
202,4435,754.63000,29.56667,2.34613,48.39224,49.00000,,20.00000,0.58446,1
202,4436,754.79797,29.57333,2.34978,48.39126,49.00000,,20.00000,0.58436,1
202,4437,754.96899,29.58000,2.35289,48.39029,49.00000,,20.00000,0.58425,1
202,4438,755.13397,29.58667,2.35626,48.38878,49.00000,,20.00000,0.58414,1
202,4439,755.29999,29.59333,2.35970,48.38780,51.00000,,20.00000,0.58403,1
202,4440,755.46600,29.60000,2.36342,48.38736,51.00000,,20.00000,0.58393,1
202,4441,755.64203,29.60667,2.36711,48.38693,51.00000,,20.00000,0.58381,1
202,4442,755.80402,29.61333,2.37033,48.38702,51.00000,,20.00000,0.58371,1
202,4443,755.96198,29.62000,2.37313,48.38658,51.00000,,20.00000,0.58361,1
202,4444,756.13599,29.62667,2.37653,48.38668,49.00000,,20.00000,0.58350,1
202,4445,756.30499,29.63333,2.37971,48.38625,49.00000,,20.00000,0.58339,1
202,4446,756.46698,29.64000,2.38287,48.38581,51.00000,,20.00000,0.58328,1
202,4447,756.64398,29.64667,2.38635,48.38537,52.00000,,20.00000,0.58317,1
202,4448,756.80298,29.65333,2.38944,48.38493,52.00000,,20.00000,0.58307,1
202,4449,756.96600,29.66000,2.39218,48.38396,52.00000,,20.00000,0.58296,1
202,4450,757.13300,29.66667,2.39501,48.38351,49.00000,,20.00000,0.58285,1
202,4451,757.30103,29.67333,2.39791,48.38308,49.00000,,20.00000,0.58275,1
202,4452,757.47998,29.68000,2.40070,48.38210,50.00000,,20.00000,0.58263,1
202,4453,757.64697,29.68667,2.40347,48.38166,50.00000,,20.00000,0.58252,1
202,4454,757.80902,29.69333,2.40622,48.38122,50.00000,,20.00000,0.58242,1
202,4455,757.97699,29.70000,2.40919,48.37918,49.00000,,20.00000,0.58231,1
202,4456,758.14301,29.70667,2.41188,48.37767,49.00000,,20.00000,0.58220,1
202,4457,758.31201,29.71333,2.41423,48.37670,49.00000,,20.00000,0.58209,1
202,4458,758.47198,29.72000,2.41663,48.37572,50.00000,,20.00000,0.58199,1
202,4459,758.64099,29.72667,2.41898,48.37314,50.00000,,20.00000,0.58188,1
202,4460,758.80402,29.73333,2.42118,48.37163,52.00000,,20.00000,0.58178,1
202,4461,758.98199,29.74000,2.42369,48.37012,51.00000,,20.00000,0.58166,1
202,4462,759.14801,29.74667,2.42611,48.36861,49.00000,,20.00000,0.58155,1
202,4463,759.31897,29.75333,2.42854,48.36710,49.00000,,20.00000,0.58144,1
202,4464,759.47101,29.76000,2.43085,48.36558,49.00000,,20.00000,0.58135,1
202,4465,759.64301,29.76667,2.43314,48.36461,49.00000,,20.00000,0.58123,1
202,4466,759.82001,29.77333,2.43552,48.36310,50.00000,,20.00000,0.58112,1
202,4467,759.98999,29.78000,2.43789,48.36159,50.00000,,20.00000,0.58101,1
202,4468,760.14899,29.78667,2.43973,48.36062,50.00000,,20.00000,0.58091,1
202,4469,760.32001,29.79333,2.44125,48.35911,50.00000,,20.00000,0.58080,1
202,4470,760.48199,29.80000,2.44387,48.35760,49.00000,,20.00000,0.58069,1
202,4471,760.65198,29.80667,2.44680,48.35609,49.00000,,20.00000,0.58058,1
202,4472,760.81598,29.81333,2.44922,48.35458,50.00000,,20.00000,0.58048,1
202,4473,760.98798,29.82000,2.45152,48.35361,49.00000,,20.00000,0.58037,1
202,4474,761.15601,29.82667,2.45381,48.35210,49.00000,,20.00000,0.58026,1
202,4475,761.32098,29.83333,2.45603,48.35113,50.00000,,20.00000,0.58015,1
202,4476,761.48102,29.84000,2.45823,48.34962,49.00000,,20.00000,0.58005,1
202,4477,761.65399,29.84667,2.46011,48.34865,49.00000,,20.00000,0.57994,1
202,4478,761.81702,29.85333,2.46204,48.34714,51.00000,,20.00000,0.57983,1
202,4479,761.98102,29.86000,2.46369,48.34671,51.00000,,20.00000,0.57972,1
202,4480,762.15900,29.86667,2.46566,48.34574,50.00000,,20.00000,0.57961,1
202,4481,762.32599,29.87333,2.46768,48.34530,50.00000,,20.00000,0.57950,1
202,4482,762.48401,29.88000,2.47023,48.34432,49.00000,,20.00000,0.57940,1
202,4483,762.65100,29.88667,2.47225,48.34335,49.00000,,20.00000,0.57929,1
202,4484,762.82501,29.89333,2.47456,48.34238,51.00000,,20.00000,0.57918,1
202,4485,762.99597,29.90000,2.47659,48.34141,51.00000,,20.00000,0.57907,1
202,4486,763.15503,29.90667,2.47753,48.33937,52.00000,,20.00000,0.57896,1
202,4487,763.33099,29.91333,2.47943,48.33786,52.00000,,20.00000,0.57885,1
202,4488,763.48199,29.92000,2.48183,48.33636,49.00000,,20.00000,0.57875,1
202,4489,763.65399,29.92667,2.48393,48.33485,49.00000,,20.00000,0.57864,1
202,4490,763.81897,29.93333,2.48602,48.33281,50.00000,,20.00000,0.57853,1
202,4491,763.98700,29.94000,2.48797,48.33130,50.00000,,20.00000,0.57843,1
202,4492,764.15302,29.94667,2.48978,48.33033,50.00000,,20.00000,0.57832,1
202,4493,764.32501,29.95333,2.49153,48.32936,50.00000,,20.00000,0.57821,1
202,4494,764.49200,29.96000,2.49334,48.32892,50.00000,,20.00000,0.57810,1
202,4495,764.66199,29.96667,2.49516,48.32849,49.00000,,20.00000,0.57799,1
202,4496,764.82300,29.97333,2.49710,48.32805,49.00000,,20.00000,0.57788,1
202,4497,764.99298,29.98000,2.49892,48.32815,51.00000,,20.00000,0.57777,1
202,4498,765.15900,29.98667,2.50052,48.32772,50.00000,,20.00000,0.57767,1
202,4499,765.32397,29.99333,2.50226,48.32729,50.00000,,20.00000,0.57756,1
202,4500,765.48798,30.00000,2.50406,48.32632,49.00000,,20.00000,0.57745,1
202,4501,765.65900,30.00667,2.50582,48.32588,49.00000,,20.00000,0.57734,1
202,4502,765.82098,30.01333,2.50755,48.32490,49.00000,,20.00000,0.57724,1
202,4503,765.99200,30.02000,2.50917,48.32447,49.00000,,20.00000,0.57712,1
202,4504,766.17297,30.02667,2.51096,48.32351,49.00000,,20.00000,0.57701,1
202,4505,766.33099,30.03333,2.51275,48.32307,50.00000,,20.00000,0.57690,1
202,4506,766.48999,30.04000,2.51441,48.32211,50.00000,,20.00000,0.57680,1
202,4507,766.66602,30.04667,2.51597,48.32168,50.00000,,20.00000,0.57669,1
202,4508,766.81799,30.05333,2.51761,48.32071,50.00000,,20.00000,0.57659,1
202,4509,766.98499,30.06000,2.51900,48.31974,50.00000,,20.00000,0.57648,1
202,4510,767.15802,30.06667,2.52035,48.31931,50.00000,,20.00000,0.57637,1
202,4511,767.31799,30.07333,2.52165,48.31888,50.00000,,20.00000,0.57626,1
202,4512,767.49200,30.08000,2.52307,48.31899,50.00000,,20.00000,0.57615,1
202,4513,767.66101,30.08667,2.52462,48.31856,49.00000,,20.00000,0.57604,1
202,4514,767.82001,30.09333,2.52606,48.31866,49.00000,,20.00000,0.57594,1
202,4515,767.98499,30.10000,2.52753,48.31822,49.00000,,20.00000,0.57583,1
202,4516,768.15601,30.10667,2.52894,48.31779,49.00000,,20.00000,0.57572,1
202,4517,768.32300,30.11333,2.53048,48.31736,50.00000,,20.00000,0.57561,1
202,4518,768.48798,30.12000,2.53188,48.31693,50.00000,,20.00000,0.57550,1
202,4519,768.65698,30.12667,2.53336,48.31650,50.00000,,20.00000,0.57539,1
202,4520,768.82397,30.13333,2.53476,48.31446,50.00000,,20.00000,0.57528,1
202,4521,768.98798,30.14000,2.53630,48.31349,49.00000,,20.00000,0.57518,1
202,4522,769.15198,30.14667,2.53805,48.31252,51.00000,,20.00000,0.57507,1
202,4523,769.31598,30.15333,2.53973,48.31156,51.00000,,20.00000,0.57496,1
202,4524,769.49402,30.16000,2.54124,48.31060,51.00000,,20.00000,0.57485,1
202,4525,769.64502,30.16667,2.54239,48.30963,52.00000,,20.00000,0.57475,1
202,4526,769.81500,30.17333,2.54337,48.30866,52.00000,,20.00000,0.57464,1
202,4527,769.98102,30.18000,2.54449,48.30823,49.00000,,20.00000,0.57453,1
202,4528,770.15302,30.18667,2.54606,48.30726,49.00000,,20.00000,0.57442,1
202,4529,770.32001,30.19333,2.54782,48.30629,50.00000,,20.00000,0.57431,1
202,4530,770.48102,30.20000,2.54907,48.30585,50.00000,,20.00000,0.57421,1
202,4531,770.65698,30.20667,2.55115,48.30489,50.00000,,20.00000,0.57409,1
202,4532,770.82300,30.21333,2.55298,48.30392,50.00000,,20.00000,0.57398,1
202,4533,770.98401,30.22000,2.55445,48.30349,49.00000,,20.00000,0.57388,1
202,4534,771.15198,30.22667,2.55608,48.30253,50.00000,,20.00000,0.57377,1
202,4535,771.31299,30.23333,2.55683,48.30209,50.00000,,20.00000,0.57366,1
202,4536,771.48102,30.24000,2.55846,48.30112,50.00000,,20.00000,0.57355,1
202,4537,771.65100,30.24667,2.55974,48.30069,50.00000,,20.00000,0.57344,1
202,4538,771.81702,30.25333,2.56115,48.29972,50.00000,,20.00000,0.57334,1
202,4539,771.98901,30.26000,2.56265,48.29929,50.00000,,20.00000,0.57322,1
202,4540,772.15900,30.26667,2.56422,48.29885,49.00000,,20.00000,0.57311,1
202,4541,772.32300,30.27333,2.56584,48.29842,49.00000,,20.00000,0.57301,1
202,4542,772.48700,30.28000,2.56717,48.29745,49.00000,,20.00000,0.57290,1
202,4543,772.66101,30.28667,2.56854,48.29703,49.00000,,20.00000,0.57278,1
202,4544,772.82202,30.29333,2.57001,48.29660,51.00000,,20.00000,0.57268,1
202,4545,772.98297,30.30000,2.57141,48.29563,52.00000,,20.00000,0.57257,1
202,4546,773.15100,30.30667,2.57283,48.29519,52.00000,,20.00000,0.57247,1
202,4547,773.32098,30.31333,2.57426,48.29422,49.00000,,20.00000,0.57235,1
202,4548,773.48999,30.32000,2.57561,48.29325,49.00000,,20.00000,0.57224,1
202,4549,773.66101,30.32667,2.57690,48.29282,51.00000,,20.00000,0.57213,1
202,4550,773.82898,30.33333,2.57833,48.29185,51.00000,,20.00000,0.57202,1
202,4551,773.99402,30.34000,2.58003,48.29088,52.00000,,20.00000,0.57191,1
202,4552,774.16498,30.34667,2.58096,48.29046,51.00000,,20.00000,0.57180,1
202,4553,774.32599,30.35333,2.58215,48.28949,49.00000,,20.00000,0.57170,1
202,4554,774.49298,30.36000,2.58365,48.28907,49.00000,,20.00000,0.57159,1
202,4555,774.65302,30.36667,2.58484,48.28918,50.00000,,20.00000,0.57148,1
202,4556,774.82300,30.37333,2.58627,48.28875,50.00000,,20.00000,0.57137,1
202,4557,774.98297,30.38000,2.58782,48.28832,50.00000,,20.00000,0.57127,1
202,4558,775.15002,30.38667,2.58910,48.28842,50.00000,,20.00000,0.57116,1
202,4559,775.32800,30.39333,2.59056,48.28853,50.00000,,20.00000,0.57104,1
202,4560,775.49103,30.40000,2.59190,48.28810,49.00000,,20.00000,0.57094,1
202,4561,775.64899,30.40667,2.59323,48.28820,49.00000,,20.00000,0.57083,1
202,4562,775.82599,30.41333,2.59426,48.28778,49.00000,,20.00000,0.57072,1
202,4563,775.99103,30.42000,2.59532,48.28789,49.00000,,20.00000,0.57061,1
202,4564,776.15399,30.42667,2.59638,48.28746,50.00000,,20.00000,0.57050,1
202,4565,776.32098,30.43333,2.59781,48.28703,50.00000,,20.00000,0.57039,1
202,4566,776.49103,30.44000,2.59918,48.28660,50.00000,,20.00000,0.57028,1
202,4567,776.65302,30.44667,2.60052,48.28456,49.00000,,20.00000,0.57018,1
202,4568,776.81403,30.45333,2.60194,48.28306,49.00000,,20.00000,0.57007,1
202,4569,776.99103,30.46000,2.60319,48.28210,51.00000,,20.00000,0.56995,1
202,4570,777.15002,30.46667,2.60438,48.28060,51.00000,,20.00000,0.56985,1
202,4571,777.31500,30.47333,2.60545,48.27910,52.00000,,20.00000,0.56974,1
202,4572,777.48297,30.48000,2.60681,48.27814,52.00000,,20.00000,0.56963,1
202,4573,777.64899,30.48667,2.60803,48.27663,52.00000,,20.00000,0.56952,1
202,4574,777.81598,30.49333,2.60932,48.27513,49.00000,,20.00000,0.56941,1
202,4575,777.98798,30.50000,2.61077,48.27470,49.00000,,20.00000,0.56930,1
202,4576,778.15100,30.50667,2.61255,48.27373,50.00000,,20.00000,0.56920,1
202,4577,778.32800,30.51333,2.61409,48.27330,50.00000,,20.00000,0.56908,1
202,4578,778.48401,30.52000,2.61550,48.27287,50.00000,,20.00000,0.56898,1
202,4579,778.65698,30.52667,2.61688,48.27244,50.00000,,20.00000,0.56886,1
202,4580,778.81799,30.53333,2.61809,48.27255,49.00000,,20.00000,0.56876,1
202,4581,778.98602,30.54000,2.61888,48.27213,49.00000,,20.00000,0.56865,1
202,4582,779.15399,30.54667,2.61968,48.27224,51.00000,,20.00000,0.56854,1
202,4583,779.31897,30.55333,2.62125,48.27181,51.00000,,20.00000,0.56843,1
202,4584,779.47998,30.56000,2.62261,48.27138,52.00000,,20.00000,0.56832,1
202,4585,779.64301,30.56667,2.62382,48.27095,50.00000,,20.00000,0.56822,1
202,4586,779.82397,30.57333,2.62523,48.27053,49.00000,,20.00000,0.56810,1
202,4587,779.98499,30.58000,2.62666,48.27010,49.00000,,20.00000,0.56799,1
202,4588,780.15302,30.58667,2.62753,48.26967,49.00000,,20.00000,0.56788,1
202,4589,780.31702,30.59333,2.62846,48.26924,49.00000,,20.00000,0.56777,1
202,4590,780.48602,30.60000,2.62969,48.26828,51.00000,,20.00000,0.56766,1
202,4591,780.64899,30.60667,2.63112,48.26785,51.00000,,20.00000,0.56756,1
202,4592,780.82300,30.61333,2.63288,48.26743,52.00000,,20.00000,0.56744,1
202,4593,780.97900,30.62000,2.63422,48.26646,52.00000,,20.00000,0.56734,1
202,4594,781.14801,30.62667,2.63553,48.26603,49.00000,,20.00000,0.56723,1
202,4595,781.31598,30.63333,2.63655,48.26561,49.00000,,20.00000,0.56712,1
202,4596,781.48798,30.64000,2.63743,48.26518,50.00000,,20.00000,0.56701,1
202,4597,781.64697,30.64667,2.63821,48.26475,50.00000,,20.00000,0.56690,1
202,4598,781.81500,30.65333,2.63988,48.26432,50.00000,,20.00000,0.56679,1
202,4599,781.98297,30.66000,2.64162,48.26390,50.00000,,20.00000,0.56668,1
202,4600,782.14697,30.66667,2.64270,48.26401,49.00000,,20.00000,0.56657,1
202,4601,782.31403,30.67333,2.64371,48.26358,49.00000,,20.00000,0.56646,1
202,4602,782.48602,30.68000,2.64504,48.26315,50.00000,,20.00000,0.56635,1
202,4603,782.65100,30.68667,2.64627,48.26272,50.00000,,20.00000,0.56624,1
202,4604,782.81299,30.69333,2.64734,48.26229,50.00000,,20.00000,0.56614,1
202,4605,782.97803,30.70000,2.64821,48.26240,50.00000,,20.00000,0.56603,1
202,4606,783.15900,30.70667,2.64927,48.26198,49.00000,,20.00000,0.56591,1
202,4607,783.32300,30.71333,2.65050,48.26155,49.00000,,20.00000,0.56580,1
202,4608,783.48401,30.72000,2.65172,48.26112,49.00000,,20.00000,0.56569,1
202,4609,783.64801,30.72667,2.65295,48.26069,50.00000,,20.00000,0.56559,1
202,4610,783.81702,30.73333,2.65427,48.26026,49.00000,,20.00000,0.56548,1
202,4611,783.98102,30.74000,2.65564,48.25983,50.00000,,20.00000,0.56537,1
202,4612,784.15601,30.74667,2.65691,48.25941,51.00000,,20.00000,0.56525,1
202,4613,784.32300,30.75333,2.65837,48.25898,51.00000,,20.00000,0.56514,1
202,4614,784.49103,30.76000,2.65946,48.25802,49.00000,,20.00000,0.56503,1
202,4615,784.64899,30.76667,2.66039,48.25759,49.00000,,20.00000,0.56493,1
202,4616,784.82001,30.77333,2.66150,48.25717,49.00000,,20.00000,0.56482,1
202,4617,784.98199,30.78000,2.66273,48.25674,50.00000,,20.00000,0.56471,1
202,4618,785.15399,30.78667,2.66398,48.25632,50.00000,,20.00000,0.56460,1
202,4619,785.31702,30.79333,2.66507,48.25589,51.00000,,20.00000,0.56449,1
202,4620,785.48499,30.80000,2.66596,48.25600,49.00000,,20.00000,0.56438,1
202,4621,785.65002,30.80667,2.66712,48.25558,49.00000,,20.00000,0.56427,1
202,4622,785.81201,30.81333,2.66828,48.25515,50.00000,,20.00000,0.56416,1
202,4623,785.98999,30.82000,2.66956,48.25473,50.00000,,20.00000,0.56404,1
202,4624,786.14899,30.82667,2.67035,48.25430,49.00000,,20.00000,0.56394,1
202,4625,786.31097,30.83333,2.67158,48.25387,50.00000,,20.00000,0.56383,1
202,4626,786.48401,30.84000,2.67270,48.25345,50.00000,,20.00000,0.56372,1
202,4627,786.64801,30.84667,2.67365,48.25249,49.00000,,20.00000,0.56361,1
202,4628,786.81799,30.85333,2.67483,48.25099,50.00000,,20.00000,0.56350,1
202,4629,786.98297,30.86000,2.67586,48.25003,49.00000,,20.00000,0.56339,1
202,4630,787.15100,30.86667,2.67718,48.24907,49.00000,,20.00000,0.56328,1
202,4631,787.31299,30.87333,2.67827,48.24810,51.00000,,20.00000,0.56317,1
202,4632,787.47699,30.88000,2.67915,48.24714,51.00000,,20.00000,0.56306,1
202,4633,787.65002,30.88667,2.68027,48.24671,52.00000,,20.00000,0.56295,1
202,4634,787.81799,30.89333,2.68124,48.24575,52.00000,,20.00000,0.56284,1
202,4635,787.98700,30.90000,2.68228,48.24479,49.00000,,20.00000,0.56273,1
202,4636,788.15302,30.90667,2.68338,48.24437,49.00000,,20.00000,0.56262,1
202,4637,788.31799,30.91333,2.68455,48.24340,49.00000,,20.00000,0.56251,1
202,4638,788.48102,30.92000,2.68572,48.24244,51.00000,,20.00000,0.56240,1
202,4639,788.64899,30.92667,2.68691,48.24202,51.00000,,20.00000,0.56229,1
202,4640,788.81403,30.93333,2.68808,48.24106,51.00000,,20.00000,0.56218,1
202,4641,788.98297,30.94000,2.68920,48.24063,51.00000,,20.00000,0.56207,1
202,4642,789.14502,30.94667,2.69022,48.24021,52.00000,,20.00000,0.56196,1
202,4643,789.32397,30.95333,2.69122,48.23979,49.00000,,20.00000,0.56185,1
202,4644,789.47803,30.96000,2.69229,48.23936,49.00000,,20.00000,0.56174,1
202,4645,789.64600,30.96667,2.69341,48.23947,50.00000,,20.00000,0.56163,1
202,4646,789.81500,30.97333,2.69460,48.23906,50.00000,,20.00000,0.56152,1
202,4647,789.98401,30.98000,2.69506,48.23917,50.00000,,20.00000,0.56141,1
202,4648,790.14398,30.98667,2.69615,48.23928,50.00000,,20.00000,0.56130,1
202,4649,790.30902,30.99333,2.69711,48.23886,50.00000,,20.00000,0.56119,1
202,4650,790.47699,31.00000,2.69838,48.23897,49.00000,,20.00000,0.56108,1
202,4651,790.64099,31.00667,2.69926,48.23908,49.00000,,20.00000,0.56098,1
202,4652,790.81097,31.01333,2.70046,48.23866,51.00000,,20.00000,0.56086,1
202,4653,790.97998,31.02000,2.70085,48.23877,51.00000,,20.00000,0.56075,1
202,4654,791.14301,31.02667,2.70152,48.23834,50.00000,,20.00000,0.56064,1
202,4655,791.31097,31.03333,2.70242,48.23845,49.00000,,20.00000,0.56053,1
202,4656,791.47900,31.04000,2.70317,48.23803,50.00000,,20.00000,0.56042,1
202,4657,791.65100,31.04667,2.70394,48.23761,49.00000,,20.00000,0.56031,1
202,4658,791.81201,31.05333,2.70460,48.23665,49.00000,,20.00000,0.56020,1
202,4659,791.97803,31.06000,2.70535,48.23622,51.00000,,20.00000,0.56009,1
202,4660,792.14301,31.06667,2.70624,48.23580,51.00000,,20.00000,0.55998,1
202,4661,792.31403,31.07333,2.70723,48.23484,52.00000,,20.00000,0.55987,1
202,4662,792.47601,31.08000,2.70855,48.23441,52.00000,,20.00000,0.55976,1
202,4663,792.65100,31.08667,2.70977,48.23399,49.00000,,20.00000,0.55965,1
202,4664,792.81201,31.09333,2.71043,48.23303,49.00000,,20.00000,0.55954,1
202,4665,792.98401,31.10000,2.71106,48.23261,50.00000,,20.00000,0.55943,1
202,4666,793.14301,31.10667,2.71179,48.23218,50.00000,,20.00000,0.55932,1
202,4667,793.31201,31.11333,2.71357,48.23176,50.00000,,20.00000,0.55921,1
202,4668,793.48297,31.12000,2.71485,48.23080,50.00000,,20.00000,0.55909,1
202,4669,793.64398,31.12667,2.71545,48.23037,50.00000,,20.00000,0.55899,1
202,4670,793.81000,31.13333,2.71627,48.22995,49.00000,,20.00000,0.55888,1
202,4671,793.98401,31.14000,2.71727,48.22953,49.00000,,20.00000,0.55876,1
202,4672,794.15100,31.14667,2.71825,48.22911,49.00000,,20.00000,0.55865,1
202,4673,794.31500,31.15333,2.71900,48.22815,49.00000,,20.00000,0.55854,1
202,4674,794.47198,31.16000,2.71980,48.22773,50.00000,,20.00000,0.55844,1
202,4675,794.65302,31.16667,2.72075,48.22731,50.00000,,20.00000,0.55832,1
202,4676,794.80499,31.17333,2.72161,48.22743,50.00000,,20.00000,0.55822,1
202,4677,794.97101,31.18000,2.72266,48.22701,50.00000,,20.00000,0.55811,1
202,4678,795.14600,31.18667,2.72359,48.22659,49.00000,,20.00000,0.55799,1
202,4679,795.29901,31.19333,2.72452,48.22670,49.00000,,20.00000,0.55789,1
202,4680,795.46997,31.20000,2.72522,48.22681,49.00000,,20.00000,0.55778,1
202,4681,795.63898,31.20667,2.72621,48.22639,49.00000,,20.00000,0.55767,1
202,4682,795.80902,31.21333,2.72713,48.22650,50.00000,,20.00000,0.55755,1
202,4683,795.97803,31.22000,2.72761,48.22608,50.00000,,20.00000,0.55744,1
202,4684,796.14502,31.22667,2.72815,48.22619,50.00000,,20.00000,0.55733,1
202,4685,796.30701,31.23333,2.72919,48.22577,51.00000,,20.00000,0.55722,1
202,4686,796.47699,31.24000,2.73040,48.22535,49.00000,,20.00000,0.55711,1
202,4687,796.63898,31.24667,2.73129,48.22493,49.00000,,20.00000,0.55700,1
202,4688,796.80499,31.25333,2.73213,48.22343,50.00000,,20.00000,0.55689,1
202,4689,796.97101,31.26000,2.73318,48.22247,52.00000,,20.00000,0.55678,1
202,4690,797.13898,31.26667,2.73425,48.22098,52.00000,,20.00000,0.55667,1
202,4691,797.31000,31.27333,2.73517,48.22002,52.00000,,20.00000,0.55656,1
202,4692,797.47900,31.28000,2.73602,48.21852,49.00000,,20.00000,0.55644,1
202,4693,797.64398,31.28667,2.73692,48.21703,49.00000,,20.00000,0.55634,1
202,4694,797.80798,31.29333,2.73768,48.21607,50.00000,,20.00000,0.55623,1
202,4695,797.97803,31.30000,2.73846,48.21458,50.00000,,20.00000,0.55611,1
202,4696,798.13702,31.30667,2.73934,48.21362,50.00000,,20.00000,0.55601,1
202,4697,798.29901,31.31333,2.73987,48.21266,50.00000,,20.00000,0.55590,1
202,4698,798.47699,31.32000,2.74046,48.21224,49.00000,,20.00000,0.55578,1
202,4699,798.64001,31.32667,2.74114,48.21182,49.00000,,20.00000,0.55567,1
202,4700,798.81299,31.33333,2.74193,48.21140,50.00000,,20.00000,0.55556,1
202,4701,798.96899,31.34000,2.74251,48.21098,50.00000,,20.00000,0.55546,1
202,4702,799.14301,31.34667,2.74360,48.21057,50.00000,,20.00000,0.55534,1
202,4703,799.30402,31.35333,2.74479,48.21015,51.00000,,20.00000,0.55523,1
202,4704,799.46698,31.36000,2.74540,48.20919,51.00000,,20.00000,0.55512,1
202,4705,799.63702,31.36667,2.74626,48.20877,51.00000,,20.00000,0.55501,1
202,4706,799.79401,31.37333,2.74707,48.20835,49.00000,,20.00000,0.55491,1
202,4707,799.96198,31.38000,2.74747,48.20739,49.00000,,20.00000,0.55480,1
202,4708,800.13702,31.38667,2.74805,48.20697,51.00000,,20.00000,0.55468,1
202,4709,800.30603,31.39333,2.74875,48.20655,51.00000,,20.00000,0.55457,1
202,4710,800.46802,31.40000,2.74995,48.20560,52.00000,,20.00000,0.55446,1
202,4711,800.63397,31.40667,2.75087,48.20518,52.00000,,20.00000,0.55435,1
202,4712,800.80499,31.41333,2.75129,48.20422,49.00000,,20.00000,0.55423,1
202,4713,800.96399,31.42000,2.75174,48.20381,49.00000,,20.00000,0.55413,1
202,4714,801.12903,31.42667,2.75280,48.20285,50.00000,,20.00000,0.55402,1
202,4715,801.29602,31.43333,2.75350,48.20297,50.00000,,20.00000,0.55391,1
202,4716,801.45898,31.44000,2.75411,48.20255,50.00000,,20.00000,0.55380,1
202,4717,801.63501,31.44667,2.75506,48.20214,50.00000,,20.00000,0.55368,1
202,4718,801.79498,31.45333,2.75589,48.20225,50.00000,,20.00000,0.55358,1
202,4719,801.95599,31.46000,2.75642,48.20183,49.00000,,20.00000,0.55347,1
202,4720,802.12598,31.46667,2.75714,48.20141,49.00000,,20.00000,0.55336,1
202,4721,802.29303,31.47333,2.75791,48.20153,50.00000,,20.00000,0.55324,1
202,4722,802.46503,31.48000,2.75863,48.20111,50.00000,,20.00000,0.55313,1
202,4723,802.62799,31.48667,2.75925,48.20068,51.00000,,20.00000,0.55302,1
202,4724,802.78998,31.49333,2.75986,48.20026,50.00000,,20.00000,0.55291,1
202,4725,802.96301,31.50000,2.76073,48.19984,50.00000,,20.00000,0.55280,1
202,4726,803.13202,31.50667,2.76151,48.19995,49.00000,,20.00000,0.55268,1
202,4727,803.29498,31.51333,2.76228,48.19953,49.00000,,20.00000,0.55258,1
202,4728,803.47101,31.52000,2.76294,48.19911,51.00000,,20.00000,0.55246,1
202,4729,803.62903,31.52667,2.76391,48.19869,51.00000,,20.00000,0.55235,1
202,4730,803.79700,31.53333,2.76440,48.19773,52.00000,,20.00000,0.55224,1
202,4731,803.96503,31.54000,2.76496,48.19731,52.00000,,20.00000,0.55213,1
202,4732,804.13599,31.54667,2.76642,48.19689,49.00000,,20.00000,0.55202,1
202,4733,804.30200,31.55333,2.76720,48.19647,49.00000,,20.00000,0.55191,1
202,4734,804.46198,31.56000,2.76832,48.19605,49.00000,,20.00000,0.55180,1
202,4735,804.63702,31.56667,2.76891,48.19563,50.00000,,20.00000,0.55168,1
202,4736,804.79700,31.57333,2.76959,48.19521,50.00000,,20.00000,0.55158,1
202,4737,804.96198,31.58000,2.77000,48.19479,50.00000,,20.00000,0.55147,1
202,4738,805.14001,31.58667,2.77074,48.19437,50.00000,,20.00000,0.55135,1
202,4739,805.29901,31.59333,2.77128,48.19396,49.00000,,20.00000,0.55124,1
202,4740,805.46399,31.60000,2.77198,48.19407,49.00000,,20.00000,0.55113,1
202,4741,805.63202,31.60667,2.77291,48.19366,50.00000,,20.00000,0.55102,1
202,4742,805.79303,31.61333,2.77345,48.19324,50.00000,,20.00000,0.55091,1
202,4743,805.96301,31.62000,2.77403,48.19282,50.00000,,20.00000,0.55080,1
202,4744,806.12799,31.62667,2.77473,48.19240,50.00000,,20.00000,0.55069,1
202,4745,806.29901,31.63333,2.77530,48.19252,49.00000,,20.00000,0.55057,1
202,4746,806.45502,31.64000,2.77620,48.19210,49.00000,,20.00000,0.55047,1
202,4747,806.63202,31.64667,2.77732,48.19168,49.00000,,20.00000,0.55035,1
202,4748,806.79999,31.65333,2.77796,48.19126,50.00000,,20.00000,0.55024,1
202,4749,806.96301,31.66000,2.77851,48.19084,50.00000,,20.00000,0.55013,1
202,4750,807.13098,31.66667,2.77915,48.19037,50.00000,,20.00000,0.55002,1
202,4751,807.30402,31.67333,2.77988,48.18991,50.00000,,20.00000,0.54990,1
202,4752,807.46399,31.68000,2.78057,48.18954,49.00000,,20.00000,0.54979,1
202,4753,807.62598,31.68667,2.78112,48.18917,49.00000,,20.00000,0.54969,1
202,4754,807.79401,31.69333,2.78169,48.18875,50.00000,,20.00000,0.54957,1
202,4755,807.96002,31.70000,2.78240,48.18833,50.00000,,20.00000,0.54946,1
202,4756,808.12799,31.70667,2.78311,48.18791,50.00000,,20.00000,0.54935,1
202,4757,808.30103,31.71333,2.78392,48.18744,49.00000,,20.00000,0.54924,1
202,4758,808.46399,31.72000,2.78455,48.18698,49.00000,,20.00000,0.54913,1
202,4759,808.63202,31.72667,2.78534,48.18660,49.00000,,20.00000,0.54901,1
202,4760,808.79901,31.73333,2.78606,48.18622,49.00000,,20.00000,0.54890,1
202,4761,808.96997,31.74000,2.78664,48.18580,50.00000,,20.00000,0.54879,1
202,4762,809.13898,31.74667,2.78736,48.18539,50.00000,,20.00000,0.54868,1
202,4763,809.30499,31.75333,2.78793,48.18551,49.00000,,20.00000,0.54856,1
202,4764,809.46899,31.76000,2.78856,48.18510,49.00000,,20.00000,0.54845,1
202,4765,809.62903,31.76667,2.78910,48.18468,50.00000,,20.00000,0.54835,1
202,4766,809.80103,31.77333,2.78984,48.18427,50.00000,,20.00000,0.54823,1
202,4767,809.95801,31.78000,2.79059,48.18439,50.00000,,20.00000,0.54813,1
202,4768,810.12201,31.78667,2.79130,48.18397,52.00000,,20.00000,0.54802,1
202,4769,810.28900,31.79333,2.79195,48.18409,52.00000,,20.00000,0.54791,1
202,4770,810.45898,31.80000,2.79253,48.18368,49.00000,,20.00000,0.54779,1
202,4771,810.63501,31.80667,2.79320,48.18380,50.00000,,20.00000,0.54767,1
202,4772,810.79401,31.81333,2.79412,48.18391,50.00000,,20.00000,0.54757,1
202,4773,810.96002,31.82000,2.79483,48.18349,50.00000,,20.00000,0.54746,1
202,4774,811.12402,31.82667,2.79562,48.18361,50.00000,,20.00000,0.54735,1
202,4775,811.29700,31.83333,2.79643,48.18320,49.00000,,20.00000,0.54723,1
202,4776,811.46198,31.84000,2.79707,48.18331,50.00000,,20.00000,0.54712,1
202,4777,811.62500,31.84667,2.79771,48.18289,50.00000,,20.00000,0.54701,1
202,4778,811.79700,31.85333,2.79867,48.18301,50.00000,,20.00000,0.54690,1
202,4779,811.96399,31.86000,2.79932,48.18260,50.00000,,20.00000,0.54679,1
202,4780,812.13397,31.86667,2.79990,48.18165,50.00000,,20.00000,0.54667,1
202,4781,812.29401,31.87333,2.80045,48.18069,50.00000,,20.00000,0.54656,1
202,4782,812.46002,31.88000,2.80079,48.18027,49.00000,,20.00000,0.54645,1
202,4783,812.62500,31.88667,2.80144,48.17986,49.00000,,20.00000,0.54634,1
202,4784,812.79797,31.89333,2.80293,48.17886,51.00000,,20.00000,0.54623,1
202,4785,812.96503,31.90000,2.80350,48.17840,51.00000,,20.00000,0.54611,1
202,4786,813.12799,31.90667,2.80421,48.17749,52.00000,,20.00000,0.54601,1
202,4787,813.29602,31.91333,2.80494,48.17712,51.00000,,20.00000,0.54589,1
202,4788,813.46301,31.92000,2.80544,48.17670,49.00000,,20.00000,0.54578,1
202,4789,813.62598,31.92667,2.80623,48.17628,49.00000,,20.00000,0.54567,1
202,4790,813.79602,31.93333,2.80712,48.17587,50.00000,,20.00000,0.54556,1
202,4791,813.96600,31.94000,2.80823,48.17541,50.00000,,20.00000,0.54544,1
202,4792,814.12799,31.94667,2.80879,48.17441,50.00000,,20.00000,0.54534,1
202,4793,814.29498,31.95333,2.80914,48.17404,49.00000,,20.00000,0.54522,1
202,4794,814.46198,31.96000,2.80987,48.17367,49.00000,,20.00000,0.54511,1
202,4795,814.62500,31.96667,2.81065,48.17325,50.00000,,20.00000,0.54500,1
202,4796,814.79498,31.97333,2.81147,48.17283,50.00000,,20.00000,0.54489,1
202,4797,814.96698,31.98000,2.81206,48.17242,49.00000,,20.00000,0.54477,1
202,4798,815.12598,31.98667,2.81254,48.17195,49.00000,,20.00000,0.54467,1
202,4799,815.29602,31.99333,2.81290,48.17149,49.00000,,20.00000,0.54455,1
202,4800,815.46503,32.00000,2.81349,48.17166,50.00000,,20.00000,0.54444,1
202,4801,815.62598,32.00667,2.81405,48.17129,51.00000,,20.00000,0.54433,1
202,4802,815.79102,32.01333,2.81469,48.17141,52.00000,,20.00000,0.54422,1
202,4803,815.96698,32.02000,2.81561,48.17153,52.00000,,20.00000,0.54410,1
202,4804,816.13397,32.02667,2.81641,48.17165,49.00000,,20.00000,0.54399,1
202,4805,816.29700,32.03333,2.81720,48.17123,49.00000,,20.00000,0.54388,1
202,4806,816.45801,32.04000,2.81769,48.17134,50.00000,,20.00000,0.54377,1
202,4807,816.63898,32.04667,2.81817,48.17147,50.00000,,20.00000,0.54365,1
202,4808,816.79901,32.05333,2.81888,48.17105,49.00000,,20.00000,0.54354,1
202,4809,816.96802,32.06000,2.81969,48.17118,49.00000,,20.00000,0.54343,1
202,4810,817.13202,32.06667,2.82026,48.17076,49.00000,,20.00000,0.54332,1
202,4811,817.29797,32.07333,2.82107,48.17088,49.00000,,20.00000,0.54321,1
202,4812,817.45599,32.08000,2.82169,48.17046,50.00000,,20.00000,0.54310,1
202,4813,817.62903,32.08667,2.82230,48.17058,50.00000,,20.00000,0.54299,1
202,4814,817.80103,32.09333,2.82290,48.17017,49.00000,,20.00000,0.54287,1
202,4815,817.97101,32.10000,2.82342,48.17029,49.00000,,20.00000,0.54276,1
202,4816,818.14203,32.10667,2.82401,48.16987,49.00000,,20.00000,0.54264,1
202,4817,818.29999,32.11333,2.82442,48.16999,49.00000,,20.00000,0.54253,1
202,4818,818.46301,32.12000,2.82514,48.16957,51.00000,,20.00000,0.54243,1
202,4819,818.63800,32.12667,2.82590,48.16916,51.00000,,20.00000,0.54231,1
202,4820,818.79700,32.13333,2.82638,48.16928,49.00000,,20.00000,0.54220,1
202,4821,818.97400,32.14000,2.82700,48.16886,49.00000,,20.00000,0.54208,1
202,4822,819.13800,32.14667,2.82773,48.16898,50.00000,,20.00000,0.54197,1
202,4823,819.30402,32.15333,2.82854,48.16857,50.00000,,20.00000,0.54186,1
202,4824,819.46600,32.16000,2.82911,48.16868,50.00000,,20.00000,0.54175,1
202,4825,819.64001,32.16667,2.82957,48.16876,50.00000,,20.00000,0.54163,1
202,4826,819.80701,32.17333,2.83030,48.16884,50.00000,,20.00000,0.54152,1
202,4827,819.97699,32.18000,2.83120,48.16847,49.00000,,20.00000,0.54141,1
202,4828,820.13397,32.18667,2.83198,48.16863,50.00000,,20.00000,0.54130,1
202,4829,820.30798,32.19333,2.83267,48.16876,50.00000,,20.00000,0.54118,1
202,4830,820.46899,32.20000,2.83301,48.16888,50.00000,,20.00000,0.54108,1
202,4831,820.64301,32.20667,2.83347,48.16901,50.00000,,20.00000,0.54096,1
202,4832,820.80701,32.21333,2.83382,48.16855,49.00000,,20.00000,0.54085,1
202,4833,820.96503,32.22000,2.83431,48.16702,49.00000,,20.00000,0.54074,1
202,4834,821.13397,32.22667,2.83505,48.16665,49.00000,,20.00000,0.54063,1
202,4835,821.30798,32.23333,2.83567,48.16575,51.00000,,20.00000,0.54051,1
202,4836,821.46899,32.24000,2.83639,48.16426,51.00000,,20.00000,0.54040,1
202,4837,821.63599,32.24667,2.83720,48.16331,49.00000,,20.00000,0.54029,1
202,4838,821.80103,32.25333,2.83771,48.16290,49.00000,,20.00000,0.54018,1
202,4839,821.96802,32.26000,2.83830,48.16137,50.00000,,20.00000,0.54007,1
202,4840,822.13501,32.26667,2.83859,48.15984,50.00000,,20.00000,0.53996,1
202,4841,822.29797,32.27333,2.83902,48.15840,50.00000,,20.00000,0.53985,1
202,4842,822.46899,32.28000,2.83962,48.15750,50.00000,,20.00000,0.53973,1
202,4843,822.63501,32.28667,2.84029,48.15601,49.00000,,20.00000,0.53962,1
202,4844,822.79999,32.29333,2.84080,48.15452,49.00000,,20.00000,0.53951,1
202,4845,822.96600,32.30000,2.84123,48.15303,50.00000,,20.00000,0.53940,1
202,4846,823.13501,32.30667,2.84168,48.15154,50.00000,,20.00000,0.53928,1
202,4847,823.30298,32.31333,2.84220,48.15059,50.00000,,20.00000,0.53917,1
202,4848,823.47699,32.32000,2.84274,48.15018,49.00000,,20.00000,0.53905,1
202,4849,823.63599,32.32667,2.84331,48.14923,49.00000,,20.00000,0.53894,1
202,4850,823.80298,32.33333,2.84375,48.14881,49.00000,,20.00000,0.53883,1
202,4851,823.97400,32.34000,2.84436,48.14840,51.00000,,20.00000,0.53872,1
202,4852,824.13898,32.34667,2.84510,48.14852,51.00000,,20.00000,0.53861,1
202,4853,824.30499,32.35333,2.84538,48.14810,50.00000,,20.00000,0.53849,1
202,4854,824.47998,32.36000,2.84563,48.14823,50.00000,,20.00000,0.53838,1
202,4855,824.64301,32.36667,2.84644,48.14835,50.00000,,20.00000,0.53827,1
202,4856,824.81097,32.37333,2.84688,48.14794,50.00000,,20.00000,0.53815,1
202,4857,824.97498,32.38000,2.84732,48.14806,50.00000,,20.00000,0.53804,1
202,4858,825.13397,32.38667,2.84773,48.14818,50.00000,,20.00000,0.53793,1
202,4859,825.30200,32.39333,2.84826,48.14826,50.00000,,20.00000,0.53782,1
202,4860,825.48102,32.40000,2.84874,48.14833,49.00000,,20.00000,0.53770,1
202,4861,825.63800,32.40667,2.84908,48.14850,49.00000,,20.00000,0.53759,1
202,4862,825.81598,32.41333,2.84948,48.14867,50.00000,,20.00000,0.53747,1
202,4863,825.97803,32.42000,2.84991,48.14879,50.00000,,20.00000,0.53737,1
202,4864,826.15100,32.42667,2.85038,48.14891,49.00000,,20.00000,0.53725,1
202,4865,826.32001,32.43333,2.85083,48.14850,49.00000,,20.00000,0.53713,1
202,4866,826.48199,32.44000,2.85126,48.14858,49.00000,,20.00000,0.53703,1
202,4867,826.65698,32.44667,2.85181,48.14812,51.00000,,20.00000,0.53691,1
202,4868,826.80902,32.45333,2.85205,48.14829,51.00000,,20.00000,0.53680,1
202,4869,826.97803,32.46000,2.85258,48.14793,52.00000,,20.00000,0.53669,1
202,4870,827.14600,32.46667,2.85311,48.14752,52.00000,,20.00000,0.53658,1
202,4871,827.31598,32.47333,2.85341,48.14765,49.00000,,20.00000,0.53646,1
202,4872,827.47400,32.48000,2.85383,48.14724,49.00000,,20.00000,0.53636,1
202,4873,827.63702,32.48667,2.85418,48.14677,50.00000,,20.00000,0.53625,1
202,4874,827.81201,32.49333,2.85474,48.14632,50.00000,,20.00000,0.53613,1
202,4875,827.97998,32.50000,2.85526,48.14595,49.00000,,20.00000,0.53601,1
202,4876,828.14697,32.50667,2.85602,48.14612,49.00000,,20.00000,0.53590,1
202,4877,828.31097,32.51333,2.85653,48.14571,49.00000,,20.00000,0.53579,1
202,4878,828.48102,32.52000,2.85714,48.14529,50.00000,,20.00000,0.53568,1
202,4879,828.64600,32.52667,2.85751,48.14488,50.00000,,20.00000,0.53556,1
202,4880,828.82703,32.53333,2.85808,48.14447,50.00000,,20.00000,0.53544,1
202,4881,828.98102,32.54000,2.85849,48.14405,49.00000,,20.00000,0.53534,1
202,4882,829.15302,32.54667,2.85903,48.14418,49.00000,,20.00000,0.53522,1
202,4883,829.31702,32.55333,2.85970,48.14377,49.00000,,20.00000,0.53511,1
202,4884,829.48102,32.56000,2.86029,48.14336,49.00000,,20.00000,0.53500,1
202,4885,829.65100,32.56667,2.86106,48.14295,50.00000,,20.00000,0.53489,1
202,4886,829.80798,32.57333,2.86109,48.14253,50.00000,,20.00000,0.53478,1
202,4887,829.98700,32.58000,2.86128,48.14266,49.00000,,20.00000,0.53466,1
202,4888,830.15399,32.58667,2.86204,48.14225,49.00000,,20.00000,0.53455,1
202,4889,830.32098,32.59333,2.86264,48.14237,50.00000,,20.00000,0.53443,1
202,4890,830.48798,32.60000,2.86294,48.14196,49.00000,,20.00000,0.53432,1
202,4891,830.65399,32.60667,2.86354,48.14209,50.00000,,20.00000,0.53421,1
202,4892,830.81000,32.61333,2.86403,48.14221,50.00000,,20.00000,0.53410,1
202,4893,830.98602,32.62000,2.86474,48.14180,50.00000,,20.00000,0.53398,1
202,4894,831.15900,32.62667,2.86522,48.14193,49.00000,,20.00000,0.53387,1
202,4895,831.31598,32.63333,2.86564,48.14205,49.00000,,20.00000,0.53376,1
202,4896,831.48297,32.64000,2.86632,48.14218,51.00000,,20.00000,0.53365,1
202,4897,831.65100,32.64667,2.86693,48.14230,50.00000,,20.00000,0.53353,1
202,4898,831.82098,32.65333,2.86762,48.14243,50.00000,,20.00000,0.53342,1
202,4899,831.98901,32.66000,2.86808,48.14256,50.00000,,20.00000,0.53330,1
202,4900,832.14801,32.66667,2.86858,48.14263,49.00000,,20.00000,0.53320,1
202,4901,832.31799,32.67333,2.86936,48.14271,49.00000,,20.00000,0.53308,1
202,4902,832.48901,32.68000,2.86990,48.14289,51.00000,,20.00000,0.53297,1
202,4903,832.65198,32.68667,2.87011,48.14306,51.00000,,20.00000,0.53286,1
202,4904,832.82501,32.69333,2.87059,48.14318,50.00000,,20.00000,0.53274,1
202,4905,832.98102,32.70000,2.87100,48.14330,50.00000,,20.00000,0.53263,1
202,4906,833.15802,32.70667,2.87134,48.14343,50.00000,,20.00000,0.53251,1
202,4907,833.32501,32.71333,2.87180,48.14351,50.00000,,20.00000,0.53240,1
202,4908,833.49500,32.72000,2.87227,48.14359,50.00000,,20.00000,0.53229,1
202,4909,833.65002,32.72667,2.87268,48.14376,50.00000,,20.00000,0.53218,1
202,4910,833.82098,32.73333,2.87315,48.14393,49.00000,,20.00000,0.53207,1
202,4911,833.98901,32.74000,2.87361,48.14406,49.00000,,20.00000,0.53195,1
202,4912,834.15503,32.74667,2.87383,48.14418,51.00000,,20.00000,0.53184,1
202,4913,834.32703,32.75333,2.87415,48.14431,51.00000,,20.00000,0.53172,1
202,4914,834.49402,32.76000,2.87453,48.14438,50.00000,,20.00000,0.53161,1
202,4915,834.66498,32.76667,2.87501,48.14446,50.00000,,20.00000,0.53149,1
202,4916,834.82202,32.77333,2.87551,48.14463,49.00000,,20.00000,0.53139,1
202,4917,835.00403,32.78000,2.87610,48.14480,49.00000,,20.00000,0.53126,1
202,4918,835.16602,32.78667,2.87661,48.14493,51.00000,,20.00000,0.53115,1
202,4919,835.32800,32.79333,2.87705,48.14505,51.00000,,20.00000,0.53104,1
202,4920,835.50800,32.80000,2.87733,48.14518,52.00000,,20.00000,0.53092,1
202,4921,835.66400,32.80667,2.87767,48.14530,52.00000,,20.00000,0.53082,1
202,4922,835.83502,32.81333,2.87799,48.14543,49.00000,,20.00000,0.53070,1
202,4923,835.99799,32.82000,2.87851,48.14555,49.00000,,20.00000,0.53059,1
202,4924,836.17297,32.82667,2.87908,48.14568,49.00000,,20.00000,0.53047,1
202,4925,836.33301,32.83333,2.87936,48.14580,50.00000,,20.00000,0.53036,1
202,4926,836.51300,32.84000,2.87979,48.14593,50.00000,,20.00000,0.53024,1
202,4927,836.67499,32.84667,2.88008,48.14606,49.00000,,20.00000,0.53013,1
202,4928,836.83197,32.85333,2.88042,48.14564,49.00000,,20.00000,0.53003,1
202,4929,837.00702,32.86000,2.88091,48.14577,49.00000,,20.00000,0.52991,1
202,4930,837.17798,32.86667,2.88116,48.14591,51.00000,,20.00000,0.52979,1
202,4931,837.33502,32.87333,2.88166,48.14603,51.00000,,20.00000,0.52968,1
202,4932,837.50702,32.88000,2.88229,48.14563,50.00000,,20.00000,0.52957,1
202,4933,837.67200,32.88667,2.88221,48.14575,50.00000,,20.00000,0.52946,1
202,4934,837.83197,32.89333,2.88226,48.14588,49.00000,,20.00000,0.52935,1
202,4935,838.00201,32.90000,2.88289,48.14547,49.00000,,20.00000,0.52923,1
202,4936,838.17499,32.90667,2.88353,48.14561,51.00000,,20.00000,0.52911,1
202,4937,838.34399,32.91333,2.88400,48.14574,51.00000,,20.00000,0.52900,1
202,4938,838.49799,32.92000,2.88395,48.14532,51.00000,,20.00000,0.52890,1
202,4939,838.66803,32.92667,2.88403,48.14545,51.00000,,20.00000,0.52878,1
202,4940,838.83600,32.93333,2.88435,48.14558,49.00000,,20.00000,0.52867,1
202,4941,839.00598,32.94000,2.88482,48.14512,49.00000,,20.00000,0.52855,1
202,4942,839.17700,32.94667,2.88538,48.14520,50.00000,,20.00000,0.52843,1
202,4943,839.33899,32.95333,2.88567,48.14538,50.00000,,20.00000,0.52833,1
202,4944,839.50098,32.96000,2.88619,48.14501,50.00000,,20.00000,0.52822,1
202,4945,839.67200,32.96667,2.88667,48.14514,49.00000,,20.00000,0.52810,1
202,4946,839.84100,32.97333,2.88714,48.14527,49.00000,,20.00000,0.52798,1
202,4947,840.01202,32.98000,2.88762,48.14432,51.00000,,20.00000,0.52787,1
202,4948,840.17798,32.98667,2.88793,48.14333,51.00000,,20.00000,0.52776,1
202,4949,840.34601,32.99333,2.88824,48.14234,50.00000,,20.00000,0.52764,1
202,4950,840.50702,33.00000,2.88876,48.14144,50.00000,,20.00000,0.52753,1
202,4951,840.68201,33.00667,2.88910,48.14055,49.00000,,20.00000,0.52741,1
202,4952,840.83801,33.01333,2.88937,48.13960,49.00000,,20.00000,0.52731,1
202,4953,841.00800,33.02000,2.89001,48.13919,49.00000,,20.00000,0.52719,1
202,4954,841.17798,33.02667,2.89056,48.13825,50.00000,,20.00000,0.52708,1
202,4955,841.34802,33.03333,2.89104,48.13784,50.00000,,20.00000,0.52696,1
202,4956,841.50897,33.04000,2.89133,48.13743,49.00000,,20.00000,0.52685,1
202,4957,841.68701,33.04667,2.89176,48.13703,49.00000,,20.00000,0.52673,1
202,4958,841.83698,33.05333,2.89209,48.13662,49.00000,,20.00000,0.52663,1
202,4959,842.01202,33.06000,2.89251,48.13621,50.00000,,20.00000,0.52651,1
202,4960,842.17700,33.06667,2.89297,48.13581,50.00000,,20.00000,0.52640,1
202,4961,842.35199,33.07333,2.89370,48.13540,50.00000,,20.00000,0.52628,1
202,4962,842.51300,33.08000,2.89430,48.13499,50.00000,,20.00000,0.52617,1
202,4963,842.67603,33.08667,2.89475,48.13458,49.00000,,20.00000,0.52606,1
202,4964,842.84497,33.09333,2.89531,48.13364,49.00000,,20.00000,0.52594,1
202,4965,843.01398,33.10000,2.89578,48.13323,51.00000,,20.00000,0.52583,1
202,4966,843.18298,33.10667,2.89564,48.13283,50.00000,,20.00000,0.52571,1
202,4967,843.35101,33.11333,2.89603,48.13242,50.00000,,20.00000,0.52560,1
202,4968,843.51599,33.12000,2.89665,48.13201,50.00000,,20.00000,0.52549,1
202,4969,843.67401,33.12667,2.89678,48.13213,49.00000,,20.00000,0.52538,1
202,4970,843.85303,33.13333,2.89753,48.13173,49.00000,,20.00000,0.52526,1
202,4971,844.01398,33.14000,2.89805,48.13132,51.00000,,20.00000,0.52515,1
202,4972,844.18597,33.14667,2.89862,48.13091,51.00000,,20.00000,0.52503,1
202,4973,844.35999,33.15333,2.89896,48.13051,52.00000,,20.00000,0.52491,1
202,4974,844.52002,33.16000,2.89972,48.12956,52.00000,,20.00000,0.52481,1
202,4975,844.68597,33.16667,2.89948,48.12911,49.00000,,20.00000,0.52469,1
202,4976,844.85901,33.17333,2.90021,48.12865,49.00000,,20.00000,0.52458,1
202,4977,845.01599,33.18000,2.90041,48.12829,50.00000,,20.00000,0.52447,1
202,4978,845.18500,33.18667,2.90081,48.12794,50.00000,,20.00000,0.52435,1
202,4979,845.35303,33.19333,2.90145,48.12753,50.00000,,20.00000,0.52424,1
202,4980,845.52698,33.20000,2.90163,48.12659,50.00000,,20.00000,0.52412,1
202,4981,845.68298,33.20667,2.90175,48.12619,49.00000,,20.00000,0.52401,1
202,4982,845.85400,33.21333,2.90224,48.12574,49.00000,,20.00000,0.52390,1
202,4983,846.01202,33.22000,2.90260,48.12528,51.00000,,20.00000,0.52379,1
202,4984,846.19098,33.22667,2.90273,48.12546,50.00000,,20.00000,0.52367,1
202,4985,846.35699,33.23333,2.90312,48.12510,50.00000,,20.00000,0.52356,1
202,4986,846.51703,33.24000,2.90334,48.12523,50.00000,,20.00000,0.52345,1
202,4987,846.68799,33.24667,2.90367,48.12482,49.00000,,20.00000,0.52333,1
202,4988,846.85901,33.25333,2.90431,48.12495,49.00000,,20.00000,0.52321,1
202,4989,847.02197,33.26000,2.90470,48.12503,49.00000,,20.00000,0.52310,1
202,4990,847.19000,33.26667,2.90463,48.12458,51.00000,,20.00000,0.52299,1
202,4991,847.35797,33.27333,2.90464,48.12476,51.00000,,20.00000,0.52287,1
202,4992,847.52698,33.28000,2.90496,48.12494,52.00000,,20.00000,0.52276,1
202,4993,847.69598,33.28667,2.90568,48.12507,52.00000,,20.00000,0.52264,1
202,4994,847.85699,33.29333,2.90621,48.12520,49.00000,,20.00000,0.52254,1
202,4995,848.02698,33.30000,2.90623,48.12533,49.00000,,20.00000,0.52242,1
202,4996,848.18597,33.30667,2.90675,48.12546,49.00000,,20.00000,0.52231,1
202,4997,848.35498,33.31333,2.90700,48.12560,50.00000,,20.00000,0.52220,1
202,4998,848.52802,33.32000,2.90758,48.12573,50.00000,,20.00000,0.52208,1
202,4999,848.68500,33.32667,2.90810,48.12586,50.00000,,20.00000,0.52197,1
202,5000,848.85901,33.33333,2.90852,48.12599,49.00000,,20.00000,0.52185,1
202,5001,849.02698,33.34000,2.90900,48.12612,50.00000,,20.00000,0.52174,1
202,5002,849.19202,33.34667,2.90916,48.12625,50.00000,,20.00000,0.52163,1
202,5003,849.35797,33.35333,2.90955,48.12638,50.00000,,20.00000,0.52151,1
202,5004,849.52698,33.36000,2.90996,48.12651,50.00000,,20.00000,0.52140,1
202,5005,849.69897,33.36667,2.91014,48.12664,49.00000,,20.00000,0.52128,1
202,5006,849.86700,33.37333,2.91039,48.12678,49.00000,,20.00000,0.52117,1
202,5007,850.02802,33.38000,2.91077,48.12691,51.00000,,20.00000,0.52106,1
202,5008,850.19397,33.38667,2.91109,48.12703,51.00000,,20.00000,0.52094,1
202,5009,850.35498,33.39333,2.91146,48.12717,51.00000,,20.00000,0.52083,1
202,5010,850.53400,33.40000,2.91191,48.12730,52.00000,,20.00000,0.52071,1
202,5011,850.70001,33.40667,2.91246,48.12690,52.00000,,20.00000,0.52060,1
202,5012,850.85999,33.41333,2.91284,48.12703,49.00000,,20.00000,0.52049,1
202,5013,851.03400,33.42000,2.91319,48.12716,49.00000,,20.00000,0.52037,1
202,5014,851.18903,33.42667,2.91307,48.12730,50.00000,,20.00000,0.52027,1
202,5015,851.36200,33.43333,2.91342,48.12689,50.00000,,20.00000,0.52015,1
202,5016,851.53101,33.44000,2.91414,48.12698,49.00000,,20.00000,0.52003,1
202,5017,851.69702,33.44667,2.91493,48.12707,49.00000,,20.00000,0.51992,1
202,5018,851.86102,33.45333,2.91517,48.12725,49.00000,,20.00000,0.51981,1
202,5019,852.02698,33.46000,2.91564,48.12689,50.00000,,20.00000,0.51969,1
202,5020,852.19800,33.46667,2.91575,48.12702,50.00000,,20.00000,0.51958,1
202,5021,852.36200,33.47333,2.91598,48.12715,50.00000,,20.00000,0.51947,1
202,5022,852.52301,33.48000,2.91636,48.12675,50.00000,,20.00000,0.51936,1
202,5023,852.70001,33.48667,2.91680,48.12684,50.00000,,20.00000,0.51923,1
202,5024,852.86700,33.49333,2.91713,48.12692,49.00000,,20.00000,0.51912,1
202,5025,853.02698,33.50000,2.91758,48.12710,49.00000,,20.00000,0.51901,1
202,5026,853.19000,33.50667,2.91797,48.12674,51.00000,,20.00000,0.51890,1
202,5027,853.37299,33.51333,2.91875,48.12688,51.00000,,20.00000,0.51878,1
202,5028,853.53601,33.52000,2.91930,48.12701,52.00000,,20.00000,0.51866,1
202,5029,853.70001,33.52667,2.91946,48.12661,52.00000,,20.00000,0.51855,1
202,5030,853.86298,33.53333,2.92000,48.12669,49.00000,,20.00000,0.51844,1
202,5031,854.03198,33.54000,2.92034,48.12624,49.00000,,20.00000,0.51833,1
202,5032,854.19598,33.54667,2.92089,48.12643,49.00000,,20.00000,0.51821,1
202,5033,854.37000,33.55333,2.92156,48.12607,50.00000,,20.00000,0.51810,1
202,5034,854.52698,33.56000,2.92232,48.12567,50.00000,,20.00000,0.51799,1
202,5035,854.69397,33.56667,2.92289,48.12580,51.00000,,20.00000,0.51787,1
202,5036,854.85999,33.57333,2.92329,48.12539,49.00000,,20.00000,0.51776,1
202,5037,855.03998,33.58000,2.92359,48.12499,49.00000,,20.00000,0.51764,1
202,5038,855.19897,33.58667,2.92420,48.12512,50.00000,,20.00000,0.51753,1
202,5039,855.37201,33.59333,2.92471,48.12472,50.00000,,20.00000,0.51741,1
202,5040,855.53802,33.60000,2.92519,48.12486,50.00000,,20.00000,0.51730,1
202,5041,855.70697,33.60667,2.92553,48.12446,50.00000,,20.00000,0.51718,1
202,5042,855.86499,33.61333,2.92590,48.12459,49.00000,,20.00000,0.51708,1
202,5043,856.03198,33.62000,2.92639,48.12473,49.00000,,20.00000,0.51696,1
202,5044,856.19598,33.62667,2.92678,48.12433,50.00000,,20.00000,0.51685,1
202,5045,856.36499,33.63333,2.92720,48.12446,49.00000,,20.00000,0.51673,1
202,5046,856.53003,33.64000,2.92728,48.12406,51.00000,,20.00000,0.51662,1
202,5047,856.70203,33.64667,2.92763,48.12420,51.00000,,20.00000,0.51650,1
202,5048,856.85999,33.65333,2.92817,48.12379,49.00000,,20.00000,0.51640,1
202,5049,857.03302,33.66000,2.92876,48.12393,50.00000,,20.00000,0.51628,1
202,5050,857.19897,33.66667,2.92948,48.12402,50.00000,,20.00000,0.51616,1
202,5051,857.36798,33.67333,2.92998,48.12357,50.00000,,20.00000,0.51605,1
202,5052,857.52502,33.68000,2.93035,48.12322,49.00000,,20.00000,0.51594,1
202,5053,857.69598,33.68667,2.93077,48.12340,51.00000,,20.00000,0.51582,1
202,5054,857.85901,33.69333,2.93117,48.12300,51.00000,,20.00000,0.51571,1
202,5055,858.03302,33.70000,2.93168,48.12314,51.00000,,20.00000,0.51559,1
202,5056,858.19397,33.70667,2.93215,48.12273,49.00000,,20.00000,0.51548,1
202,5057,858.35999,33.71333,2.93248,48.12228,49.00000,,20.00000,0.51537,1
202,5058,858.53302,33.72000,2.93291,48.12237,49.00000,,20.00000,0.51525,1
202,5059,858.70099,33.72667,2.93357,48.12201,50.00000,,20.00000,0.51514,1
202,5060,858.86401,33.73333,2.93428,48.12219,50.00000,,20.00000,0.51503,1
202,5061,859.03003,33.74000,2.93485,48.12179,50.00000,,20.00000,0.51491,1
202,5062,859.20001,33.74667,2.93535,48.12192,50.00000,,20.00000,0.51480,1
202,5063,859.37097,33.75333,2.93586,48.12152,49.00000,,20.00000,0.51468,1
202,5064,859.53601,33.76000,2.93634,48.12107,49.00000,,20.00000,0.51457,1
202,5065,859.70099,33.76667,2.93675,48.12063,51.00000,,20.00000,0.51445,1
202,5066,859.87000,33.77333,2.93653,48.12027,51.00000,,20.00000,0.51434,1
202,5067,860.03302,33.78000,2.93677,48.11992,52.00000,,20.00000,0.51423,1
202,5068,860.20203,33.78667,2.93751,48.11951,52.00000,,20.00000,0.51411,1
202,5069,860.36902,33.79333,2.93816,48.11911,49.00000,,20.00000,0.51400,1
202,5070,860.53900,33.80000,2.93875,48.11871,50.00000,,20.00000,0.51388,1
202,5071,860.70300,33.80667,2.93915,48.11831,50.00000,,20.00000,0.51377,1
202,5072,860.87799,33.81333,2.93944,48.11791,51.00000,,20.00000,0.51365,1
202,5073,861.04102,33.82000,2.93984,48.11750,51.00000,,20.00000,0.51354,1
202,5074,861.20099,33.82667,2.94030,48.11763,51.00000,,20.00000,0.51343,1
202,5075,861.37799,33.83333,2.94084,48.11724,49.00000,,20.00000,0.51331,1
202,5076,861.54498,33.84000,2.94133,48.11684,50.00000,,20.00000,0.51319,1
202,5077,861.70697,33.84667,2.94189,48.11643,50.00000,,20.00000,0.51308,1
202,5078,861.87598,33.85333,2.94247,48.11657,50.00000,,20.00000,0.51297,1
202,5079,862.03998,33.86000,2.94296,48.11617,50.00000,,20.00000,0.51285,1
202,5080,862.21002,33.86667,2.94338,48.11578,50.00000,,20.00000,0.51274,1
202,5081,862.37500,33.87333,2.94371,48.11592,49.00000,,20.00000,0.51263,1
202,5082,862.53497,33.88000,2.94426,48.11605,49.00000,,20.00000,0.51252,1
202,5083,862.70697,33.88667,2.94478,48.11566,50.00000,,20.00000,0.51240,1
202,5084,862.86798,33.89333,2.94517,48.11579,50.00000,,20.00000,0.51229,1
202,5085,863.03699,33.90000,2.94560,48.11539,51.00000,,20.00000,0.51217,1
202,5086,863.20001,33.90667,2.94624,48.11552,51.00000,,20.00000,0.51206,1
202,5087,863.37299,33.91333,2.94692,48.11512,49.00000,,20.00000,0.51194,1
202,5088,863.54498,33.92000,2.94760,48.11472,49.00000,,20.00000,0.51183,1
202,5089,863.71198,33.92667,2.94794,48.11485,49.00000,,20.00000,0.51171,1
202,5090,863.88202,33.93333,2.94821,48.11445,49.00000,,20.00000,0.51159,1
202,5091,864.04199,33.94000,2.94860,48.11454,51.00000,,20.00000,0.51148,1
202,5092,864.21002,33.94667,2.94902,48.11409,51.00000,,20.00000,0.51137,1
202,5093,864.38300,33.95333,2.94955,48.11374,52.00000,,20.00000,0.51125,1
202,5094,864.54602,33.96000,2.94995,48.11392,52.00000,,20.00000,0.51114,1
202,5095,864.71198,33.96667,2.95028,48.11352,49.00000,,20.00000,0.51103,1
202,5096,864.87799,33.97333,2.95070,48.11366,49.00000,,20.00000,0.51091,1
202,5097,865.04700,33.98000,2.95105,48.11326,50.00000,,20.00000,0.51080,1
202,5098,865.20898,33.98667,2.95161,48.11335,50.00000,,20.00000,0.51069,1
202,5099,865.38098,33.99333,2.95213,48.11291,50.00000,,20.00000,0.51057,1
202,5100,865.54797,34.00000,2.95263,48.11256,50.00000,,20.00000,0.51045,1
202,5101,865.70599,34.00667,2.95278,48.11220,50.00000,,20.00000,0.51035,1
202,5102,865.87598,34.01333,2.95281,48.11127,49.00000,,20.00000,0.51023,1
202,5103,866.04901,34.02000,2.95317,48.11087,49.00000,,20.00000,0.51011,1
202,5104,866.21698,34.02667,2.95376,48.11047,50.00000,,20.00000,0.51000,1
202,5105,866.38098,34.03333,2.95457,48.11003,50.00000,,20.00000,0.50988,1
202,5106,866.54498,34.04000,2.95522,48.10958,50.00000,,20.00000,0.50977,1
202,5107,866.71399,34.04667,2.95581,48.10869,49.00000,,20.00000,0.50966,1
202,5108,866.87402,34.05333,2.95629,48.10834,49.00000,,20.00000,0.50955,1
202,5109,867.04797,34.06000,2.95650,48.10794,49.00000,,20.00000,0.50943,1
202,5110,867.21198,34.06667,2.95715,48.10754,51.00000,,20.00000,0.50931,1
202,5111,867.38098,34.07333,2.95782,48.10714,52.00000,,20.00000,0.50920,1
202,5112,867.54102,34.08000,2.95830,48.10674,52.00000,,20.00000,0.50909,1
202,5113,867.72198,34.08667,2.95886,48.10634,49.00000,,20.00000,0.50896,1
202,5114,867.88202,34.09333,2.95934,48.10594,49.00000,,20.00000,0.50886,1
202,5115,868.04797,34.10000,2.95992,48.10555,50.00000,,20.00000,0.50874,1
202,5116,868.21899,34.10667,2.96036,48.10515,50.00000,,20.00000,0.50862,1
202,5117,868.38202,34.11333,2.96093,48.10475,50.00000,,20.00000,0.50851,1
202,5118,868.55200,34.12000,2.96144,48.10435,50.00000,,20.00000,0.50840,1
202,5119,868.71100,34.12667,2.96168,48.10395,50.00000,,20.00000,0.50829,1
202,5120,868.88000,34.13333,2.96187,48.10356,49.00000,,20.00000,0.50817,1
202,5121,869.04999,34.14000,2.96223,48.10316,50.00000,,20.00000,0.50805,1
202,5122,869.21698,34.14667,2.96241,48.10330,50.00000,,20.00000,0.50794,1
202,5123,869.38300,34.15333,2.96275,48.10290,50.00000,,20.00000,0.50783,1
202,5124,869.54999,34.16000,2.96350,48.10304,50.00000,,20.00000,0.50771,1
202,5125,869.72101,34.16667,2.96419,48.10313,50.00000,,20.00000,0.50759,1
202,5126,869.87903,34.17333,2.96474,48.10269,49.00000,,20.00000,0.50749,1
202,5127,870.04797,34.18000,2.96517,48.10287,49.00000,,20.00000,0.50737,1
202,5128,870.21698,34.18667,2.96577,48.10252,50.00000,,20.00000,0.50725,1
202,5129,870.39301,34.19333,2.96631,48.10266,50.00000,,20.00000,0.50713,1
202,5130,870.55701,34.20000,2.96681,48.10226,52.00000,,20.00000,0.50702,1
202,5131,870.71802,34.20667,2.96721,48.10186,52.00000,,20.00000,0.50691,1
202,5132,870.88800,34.21333,2.96774,48.10195,49.00000,,20.00000,0.50679,1
202,5133,871.05298,34.22000,2.96832,48.10151,49.00000,,20.00000,0.50668,1
202,5134,871.21698,34.22667,2.96881,48.10116,50.00000,,20.00000,0.50657,1
202,5135,871.38702,34.23333,2.96909,48.10082,50.00000,,20.00000,0.50645,1
202,5136,871.54901,34.24000,2.96934,48.10096,50.00000,,20.00000,0.50634,1
202,5137,871.71698,34.24667,2.96986,48.10056,50.00000,,20.00000,0.50623,1
202,5138,871.88202,34.25333,2.97020,48.10016,49.00000,,20.00000,0.50611,1
202,5139,872.04797,34.26000,2.97046,48.09971,49.00000,,20.00000,0.50600,1
202,5140,872.21698,34.26667,2.97090,48.09980,49.00000,,20.00000,0.50588,1
202,5141,872.39600,34.27333,2.97178,48.09946,49.00000,,20.00000,0.50576,1
202,5142,872.55603,34.28000,2.97227,48.09910,50.00000,,20.00000,0.50565,1
202,5143,872.71802,34.28667,2.97276,48.09870,50.00000,,20.00000,0.50554,1
202,5144,872.88599,34.29333,2.97295,48.09830,49.00000,,20.00000,0.50542,1
202,5145,873.05798,34.30000,2.97308,48.09845,49.00000,,20.00000,0.50531,1
202,5146,873.22699,34.30667,2.97384,48.09805,49.00000,,20.00000,0.50519,1
202,5147,873.39203,34.31333,2.97402,48.09766,49.00000,,20.00000,0.50508,1
202,5148,873.55298,34.32000,2.97483,48.09726,51.00000,,20.00000,0.50497,1
202,5149,873.72498,34.32667,2.97488,48.09686,51.00000,,20.00000,0.50485,1
202,5150,873.88501,34.33333,2.97480,48.09700,51.00000,,20.00000,0.50474,1
202,5151,874.05402,34.34000,2.97491,48.09661,51.00000,,20.00000,0.50462,1
202,5152,874.22198,34.34667,2.97527,48.09675,51.00000,,20.00000,0.50451,1
202,5153,874.39099,34.35333,2.97587,48.09636,49.00000,,20.00000,0.50439,1
202,5154,874.55603,34.36000,2.97638,48.09650,50.00000,,20.00000,0.50428,1
202,5155,874.71899,34.36667,2.97696,48.09610,50.00000,,20.00000,0.50417,1
202,5156,874.88800,34.37333,2.97748,48.09624,50.00000,,20.00000,0.50405,1
202,5157,875.05200,34.38000,2.97782,48.09584,52.00000,,20.00000,0.50394,1
202,5158,875.22101,34.38667,2.97818,48.09599,49.00000,,20.00000,0.50382,1
202,5159,875.39099,34.39333,2.97871,48.09559,49.00000,,20.00000,0.50370,1
202,5160,875.55298,34.40000,2.97880,48.09519,50.00000,,20.00000,0.50359,1
202,5161,875.72498,34.40667,2.97942,48.09533,50.00000,,20.00000,0.50348,1
202,5162,875.88599,34.41333,2.97999,48.09494,50.00000,,20.00000,0.50336,1
202,5163,876.06299,34.42000,2.98047,48.09454,50.00000,,20.00000,0.50324,1
202,5164,876.22302,34.42667,2.98079,48.09468,50.00000,,20.00000,0.50313,1
202,5165,876.38202,34.43333,2.98119,48.09428,49.00000,,20.00000,0.50302,1
202,5166,876.55902,34.44000,2.98167,48.09384,51.00000,,20.00000,0.50290,1
202,5167,876.72400,34.44667,2.98202,48.09393,51.00000,,20.00000,0.50279,1
202,5168,876.89697,34.45333,2.98256,48.09358,51.00000,,20.00000,0.50267,1
202,5169,877.06897,34.46000,2.98318,48.09324,52.00000,,20.00000,0.50255,1
202,5170,877.22198,34.46667,2.98340,48.09338,52.00000,,20.00000,0.50245,1
202,5171,877.39301,34.47333,2.98401,48.09299,49.00000,,20.00000,0.50233,1
202,5172,877.56000,34.48000,2.98445,48.09260,49.00000,,20.00000,0.50222,1
202,5173,877.72101,34.48667,2.98470,48.09269,50.00000,,20.00000,0.50210,1
202,5174,877.88898,34.49333,2.98498,48.09225,49.00000,,20.00000,0.50199,1
202,5175,878.05200,34.50000,2.98515,48.09190,50.00000,,20.00000,0.50188,1
202,5176,878.22198,34.50667,2.98560,48.09156,50.00000,,20.00000,0.50176,1
202,5177,878.38898,34.51333,2.98604,48.09170,50.00000,,20.00000,0.50165,1
202,5178,878.55603,34.52000,2.98624,48.09130,50.00000,,20.00000,0.50153,1
202,5179,878.72101,34.52667,2.98659,48.09090,50.00000,,20.00000,0.50142,1
202,5180,878.89099,34.53333,2.98720,48.09099,50.00000,,20.00000,0.50130,1
202,5181,879.07202,34.54000,2.98721,48.09054,50.00000,,20.00000,0.50118,1
202,5182,879.22400,34.54667,2.98767,48.09020,49.00000,,20.00000,0.50107,1
202,5183,879.40302,34.55333,2.98815,48.09039,50.00000,,20.00000,0.50095,1
202,5184,879.55798,34.56000,2.98797,48.08999,50.00000,,20.00000,0.50084,1
202,5185,879.72400,34.56667,2.98849,48.09013,49.00000,,20.00000,0.50073,1
202,5186,879.89398,34.57333,2.98951,48.09028,49.00000,,20.00000,0.50061,1
202,5187,880.06201,34.58000,2.99020,48.09042,51.00000,,20.00000,0.50050,1
202,5188,880.22998,34.58667,2.98991,48.09002,51.00000,,20.00000,0.50038,1
202,5189,880.39899,34.59333,2.99044,48.09017,50.00000,,20.00000,0.50026,1
202,5190,880.56299,34.60000,2.99079,48.09031,51.00000,,20.00000,0.50015,1
202,5191,880.73297,34.60667,2.99116,48.09045,49.00000,,20.00000,0.50004,1
202,5192,880.89600,34.61333,2.99167,48.09059,49.00000,,20.00000,0.49992,1
202,5193,881.07001,34.62000,2.99189,48.09074,51.00000,,20.00000,0.49980,1
202,5194,881.22699,34.62667,2.99213,48.09087,51.00000,,20.00000,0.49970,1
202,5195,881.39398,34.63333,2.99200,48.09101,52.00000,,20.00000,0.49958,1
202,5196,881.56500,34.64000,2.99188,48.09116,52.00000,,20.00000,0.49946,1
202,5197,881.73602,34.64667,2.99226,48.09130,49.00000,,20.00000,0.49935,1
202,5198,881.90198,34.65333,2.99311,48.09144,49.00000,,20.00000,0.49923,1
202,5199,882.06598,34.66000,2.99362,48.09158,50.00000,,20.00000,0.49912,1
202,5200,882.23602,34.66667,2.99449,48.09172,50.00000,,20.00000,0.49900,1
202,5201,882.40399,34.67333,2.99428,48.09187,50.00000,,20.00000,0.49889,1
202,5202,882.56897,34.68000,2.99463,48.09201,50.00000,,20.00000,0.49877,1
202,5203,882.73798,34.68667,2.99467,48.09215,49.00000,,20.00000,0.49866,1
202,5204,882.89801,34.69333,2.99468,48.09229,49.00000,,20.00000,0.49855,1
202,5205,883.07300,34.70000,2.99491,48.09243,51.00000,,20.00000,0.49843,1
202,5206,883.23602,34.70667,2.99517,48.09258,51.00000,,20.00000,0.49831,1
202,5207,883.40698,34.71333,2.99596,48.09267,52.00000,,20.00000,0.49820,1
202,5208,883.57098,34.72000,2.99655,48.09276,50.00000,,20.00000,0.49808,1
202,5209,883.73999,34.72667,2.99709,48.09295,49.00000,,20.00000,0.49797,1
202,5210,883.90601,34.73333,2.99745,48.09315,49.00000,,20.00000,0.49785,1
202,5211,884.07898,34.74000,2.99718,48.09329,50.00000,,20.00000,0.49773,1
202,5212,884.23700,34.74667,2.99742,48.09344,50.00000,,20.00000,0.49763,1
202,5213,884.40601,34.75333,2.99812,48.09358,51.00000,,20.00000,0.49751,1
202,5214,884.57501,34.76000,2.99866,48.09368,51.00000,,20.00000,0.49739,1
202,5215,884.72803,34.76667,2.99880,48.09378,49.00000,,20.00000,0.49729,1
202,5216,884.90302,34.77333,2.99903,48.09397,49.00000,,20.00000,0.49717,1
202,5217,885.07397,34.78000,2.99917,48.09416,50.00000,,20.00000,0.49705,1
202,5218,885.23700,34.78667,2.99927,48.09430,50.00000,,20.00000,0.49694,1
202,5219,885.40302,34.79333,2.99971,48.09444,50.00000,,20.00000,0.49682,1
202,5220,885.57397,34.80000,2.99984,48.09405,50.00000,,20.00000,0.49671,1
202,5221,885.73798,34.80667,2.99995,48.09419,50.00000,,20.00000,0.49659,1
202,5222,885.91400,34.81333,3.00002,48.09433,49.00000,,20.00000,0.49647,1
202,5223,886.07599,34.82000,3.00028,48.09448,49.00000,,20.00000,0.49636,1
202,5224,886.24799,34.82667,3.00067,48.09409,51.00000,,20.00000,0.49624,1
202,5225,886.40399,34.83333,3.00082,48.09423,51.00000,,20.00000,0.49614,1
202,5226,886.57599,34.84000,3.00112,48.09437,50.00000,,20.00000,0.49602,1
202,5227,886.73798,34.84667,3.00188,48.09452,50.00000,,20.00000,0.49591,1
202,5228,886.91302,34.85333,3.00220,48.09413,50.00000,,20.00000,0.49578,1
202,5229,887.07898,34.86000,3.00264,48.09427,49.00000,,20.00000,0.49567,1
202,5230,887.24298,34.86667,3.00308,48.09441,49.00000,,20.00000,0.49556,1
202,5231,887.40900,34.87333,3.00295,48.09402,51.00000,,20.00000,0.49544,1
202,5232,887.57397,34.88000,3.00314,48.09416,51.00000,,20.00000,0.49533,1
202,5233,887.74500,34.88667,3.00344,48.09431,51.00000,,20.00000,0.49521,1
202,5234,887.91699,34.89333,3.00383,48.09392,51.00000,,20.00000,0.49509,1
202,5235,888.07397,34.90000,3.00415,48.09406,51.00000,,20.00000,0.49499,1
202,5236,888.24298,34.90667,3.00428,48.09420,49.00000,,20.00000,0.49487,1
202,5237,888.40802,34.91333,3.00423,48.09381,49.00000,,20.00000,0.49476,1
202,5238,888.58398,34.92000,3.00422,48.09396,50.00000,,20.00000,0.49463,1
202,5239,888.75598,34.92667,3.00436,48.09410,50.00000,,20.00000,0.49452,1
202,5240,888.91400,34.93333,3.00469,48.09371,50.00000,,20.00000,0.49441,1
202,5241,889.08002,34.94000,3.00513,48.09381,50.00000,,20.00000,0.49429,1
202,5242,889.24103,34.94667,3.00597,48.09391,49.00000,,20.00000,0.49418,1
202,5243,889.41302,34.95333,3.00595,48.09357,49.00000,,20.00000,0.49406,1
202,5244,889.57898,34.96000,3.00598,48.09376,50.00000,,20.00000,0.49395,1
202,5245,889.74298,34.96667,3.00634,48.09390,50.00000,,20.00000,0.49384,1
202,5246,889.91498,34.97333,3.00681,48.09405,50.00000,,20.00000,0.49372,1
202,5247,890.08301,34.98000,3.00710,48.09365,49.00000,,20.00000,0.49360,1
202,5248,890.24500,34.98667,3.00761,48.09374,49.00000,,20.00000,0.49349,1
202,5249,890.41901,34.99333,3.00826,48.09384,49.00000,,20.00000,0.49337,1
202,5250,890.58502,35.00000,3.00854,48.09350,50.00000,,20.00000,0.49326,1
202,5251,890.75299,35.00667,3.00892,48.09369,50.00000,,20.00000,0.49314,1
202,5252,890.91699,35.01333,3.00927,48.09276,51.00000,,20.00000,0.49303,1
202,5253,891.08502,35.02000,3.00957,48.09183,51.00000,,20.00000,0.49291,1
202,5254,891.26001,35.02667,3.00997,48.09144,49.00000,,20.00000,0.49279,1
202,5255,891.41901,35.03333,3.00989,48.09100,49.00000,,20.00000,0.49268,1
202,5256,891.58698,35.04000,3.01018,48.09002,50.00000,,20.00000,0.49257,1
202,5257,891.75299,35.04667,3.01072,48.08968,50.00000,,20.00000,0.49245,1
202,5258,891.92401,35.05333,3.01119,48.08934,50.00000,,20.00000,0.49233,1
202,5259,892.08698,35.06000,3.01179,48.08895,50.00000,,20.00000,0.49222,1
202,5260,892.25702,35.06667,3.01134,48.08856,51.00000,,20.00000,0.49211,1
202,5261,892.42401,35.07333,3.01138,48.08871,51.00000,,20.00000,0.49199,1
202,5262,892.58301,35.08000,3.01155,48.08832,49.00000,,20.00000,0.49188,1
202,5263,892.75403,35.08667,3.01194,48.08793,49.00000,,20.00000,0.49176,1
202,5264,892.92102,35.09333,3.01290,48.08754,50.00000,,20.00000,0.49165,1
202,5265,893.09302,35.10000,3.01354,48.08768,50.00000,,20.00000,0.49153,1
202,5266,893.25800,35.10667,3.01399,48.08729,50.00000,,20.00000,0.49142,1
202,5267,893.42499,35.11333,3.01311,48.08743,50.00000,,20.00000,0.49130,1
202,5268,893.58398,35.12000,3.01328,48.08704,50.00000,,20.00000,0.49119,1
202,5269,893.76898,35.12667,3.01331,48.08719,49.00000,,20.00000,0.49106,1
202,5270,893.92297,35.13333,3.01380,48.08680,51.00000,,20.00000,0.49096,1
202,5271,894.09802,35.14000,3.01429,48.08641,51.00000,,20.00000,0.49084,1
202,5272,894.25897,35.14667,3.01464,48.08655,52.00000,,20.00000,0.49073,1
202,5273,894.42700,35.15333,3.01468,48.08616,52.00000,,20.00000,0.49061,1
202,5274,894.59601,35.16000,3.01448,48.08630,49.00000,,20.00000,0.49049,1
202,5275,894.76898,35.16667,3.01471,48.08591,49.00000,,20.00000,0.49037,1
202,5276,894.93402,35.17333,3.01483,48.08606,51.00000,,20.00000,0.49026,1
202,5277,895.10303,35.18000,3.01529,48.08568,51.00000,,20.00000,0.49014,1
202,5278,895.26599,35.18667,3.01573,48.08530,52.00000,,20.00000,0.49003,1
202,5279,895.42700,35.19333,3.01583,48.08545,52.00000,,20.00000,0.48992,1
