#EXPORTTYPE:                 ;DATA ALL                                 
#FILE:;sta_108.ngb-ss5
#FORMAT:                     ;NETZSCH5                                 
#FTYPE:                      ;ANSI                                     
#IDENTITY:                   ;108                                      
#DECIMAL:                    ;COMMA                                    
#SEPARATOR:                  ;SEMICOLON                                
#MTYPE:                      ;DSC                                      
#INSTRUMENT:                 ;NETZSCH STA 449F5                        
#PROJECT:                    ;Эпсилон Fe2O3 в матрицах                 
#DATE/TIME:                  ;15.12.2020 12:53:30 (UTC+3)              
#CORR. FILE:                 ;                                         
#TEMPCAL:                    ;10 K Al - тигель N2 2020.ngb-ts5         
#SENSITIVITY:                ;10 K Al - тигель - 2020.ngb-es5          
#LABORATORY:;lab_redacted
#OPERATOR:;operator_redacted
#REMARK:                     ;                                         
#SAMPLE:                     ;Матрица М8 - воздух                      
#SAMPLE MASS /mg:            ;8,275                                    
#MATERIAL:                   ;SiO2+Fe2O3                               
#REFERENCE:                  ;пустой тигель                            
#REFERENCE MASS /mg:         ;0                                        
#TYPE OF CRUCIBLE:           ;DSC/TG pan Al                            
#SAMPLE CRUCIBLE MASS /mg:   ;51,508                                   
#REFERENCE CRUCIBLE MASS /mg:;51,29                                    
#DSC RANGE /µV:              ;5000                                     
#TG RANGE /mg:               ;35000                                    
#TAU-R:                      ;---                                      
#CORR. CODE:                 ;000                                      
#EXO:                        ;+1                                       
#RANGE:                      ;40°C....450°C/-10,0....10,0K/min         
#SEGMENT:                    ;S1-3/3                                   
#SEG. 1:                     ;40°C/10,0(K/min)/450°C                   
#SEG. 2:                     ;450°C/00:15/450°C                        
#SEG. 3:                     ;450°C/10,0(K/min)/200°C                  

##Temp./°C;Time/min;DSC/(mW/mg);Mass/%;Gas Flow(purge1)/(ml/min);Gas Flow(protective)/(ml/min);Sensit./(uV/mW);Segment
 47,80900; 0,00000; 2,679938e-002; 99,99713;51,00000;20,00000;1,18347;1
 47,80600; 0,01000; 2,734474e-002; 99,99356;51,00000;20,00000;1,18347;1
 47,77400; 0,02000; 2,734502e-002; 99,99119;50,00000;20,00000;1,18345;1
 47,77800; 0,03000; 2,734498e-002; 99,99005;49,00000;20,00000;1,18345;1
 47,77500; 0,04000; 2,742291e-002; 99,98891;50,00000;20,00000;1,18345;1
 47,75500; 0,05000; 2,750100e-002; 99,98777;50,00000;20,00000;1,18345;1
 47,73500; 0,06000; 2,789071e-002; 99,98541;50,00000;20,00000;1,18344;1
 47,73500; 0,07000; 2,828024e-002; 99,98428;49,00000;20,00000;1,18344;1
 47,71700; 0,08000; 2,866994e-002; 99,98315;49,00000;20,00000;1,18343;1
 47,70100; 0,09000; 2,905963e-002; 99,98201;51,00000;20,00000;1,18343;1
 47,69600; 0,10000; 2,929340e-002; 99,98087;50,00000;20,00000;1,18342;1
 47,67500; 0,11000; 2,929360e-002; 99,98093;50,00000;20,00000;1,18342;1
 47,66400; 0,12000; 2,929370e-002; 99,97980;51,00000;20,00000;1,18341;1
 47,65700; 0,13000; 2,952749e-002; 99,97866;50,00000;20,00000;1,18341;1
 47,63100; 0,14000; 2,976146e-002; 99,97753;51,00000;20,00000;1,18340;1
 47,63100; 0,15000; 3,030683e-002; 99,97640;51,00000;20,00000;1,18340;1
 47,62000; 0,16000; 3,077440e-002; 99,97528;49,00000;20,00000;1,18340;1
 47,58400; 0,17000; 3,085266e-002; 99,97293;50,00000;20,00000;1,18338;1
 47,57500; 0,18000; 3,069693e-002; 99,97178;50,00000;20,00000;1,18338;1
 47,56500; 0,19000; 3,085285e-002; 99,97063;50,00000;20,00000;1,18337;1
 47,55700; 0,20000; 3,124249e-002; 99,96948;49,00000;20,00000;1,18337;1
 47,55000; 0,21000; 3,132047e-002; 99,96832;51,00000;20,00000;1,18337;1
 47,55500; 0,22000; 3,116460e-002; 99,96717;50,00000;20,00000;1,18337;1
 47,53100; 0,23000; 3,124275e-002; 99,96602;50,00000;20,00000;1,18336;1
 47,53000; 0,24000; 3,178814e-002; 99,96368;50,00000;20,00000;1,18336;1
 47,50800; 0,25000; 3,210002e-002; 99,96254;49,00000;20,00000;1,18335;1
 47,49500; 0,26000; 3,225598e-002; 99,95657;51,00000;20,00000;1,18335;1
 47,47300; 0,27000; 3,217829e-002; 99,95544;50,00000;20,00000;1,18334;1
 47,46300; 0,28000; 3,210048e-002; 99,95429;52,00000;20,00000;1,18334;1
 47,44700; 0,29000; 3,217856e-002; 99,95194;50,00000;20,00000;1,18333;1
 47,44700; 0,30000; 3,241230e-002; 99,95080;50,00000;20,00000;1,18333;1
 47,44000; 0,31000; 3,217863e-002; 99,94846;49,00000;20,00000;1,18333;1
 47,42300; 0,32000; 3,210089e-002; 99,94732;50,00000;20,00000;1,18332;1
 47,39900; 0,33000; 3,225697e-002; 99,94618;52,00000;20,00000;1,18331;1
 47,38900; 0,34000; 3,303623e-002; 99,94383;49,00000;20,00000;1,18331;1
 47,38000; 0,35000; 3,319216e-002; 99,94270;50,00000;20,00000;1,18330;1
 47,36700; 0,36000; 3,311438e-002; 99,94035;50,00000;20,00000;1,18330;1
 47,35200; 0,37000; 3,288079e-002; 99,93920;49,00000;20,00000;1,18329;1
 47,34400; 0,38000; 3,295879e-002; 99,93806;49,00000;20,00000;1,18329;1
 47,33600; 0,39000; 3,303679e-002; 99,93571;51,00000;20,00000;1,18329;1
 47,31000; 0,40000; 3,303707e-002; 99,93455;50,00000;20,00000;1,18328;1
 47,30100; 0,41000; 3,311508e-002; 99,93460;52,00000;20,00000;1,18327;1
 47,30200; 0,42000; 3,350466e-002; 99,93466;50,00000;20,00000;1,18327;1
 47,29200; 0,43000; 3,327101e-002; 99,93471;50,00000;20,00000;1,18327;1
 47,28800; 0,44000; 3,342689e-002; 99,93476;51,00000;20,00000;1,18327;1
 47,27700; 0,45000; 3,342701e-002; 99,93482;51,00000;20,00000;1,18326;1
 47,26600; 0,46000; 3,342713e-002; 99,93488;49,00000;20,00000;1,18326;1
 47,24400; 0,47000; 3,327153e-002; 99,93494;50,00000;20,00000;1,18325;1
 47,23100; 0,48000; 3,311583e-002; 99,93500;50,00000;20,00000;1,18325;1
 47,22900; 0,49000; 3,334960e-002; 99,93507;50,00000;20,00000;1,18325;1
 47,22300; 0,50000; 3,342759e-002; 99,93513;49,00000;20,00000;1,18324;1
 47,20600; 0,51000; 3,342777e-002; 99,93518;50,00000;20,00000;1,18324;1
 47,18500; 0,52000; 3,303840e-002; 99,93524;50,00000;20,00000;1,18323;1
 47,18500; 0,53000; 3,280463e-002; 99,93529;51,00000;20,00000;1,18323;1
 47,17700; 0,54000; 3,272679e-002; 99,93535;50,00000;20,00000;1,18323;1
 47,17500; 0,55000; 3,264890e-002; 99,93541;49,00000;20,00000;1,18323;1
 47,14900; 0,56000; 3,249333e-002; 99,93546;51,00000;20,00000;1,18322;1
 47,14500; 0,57000; 3,257129e-002; 99,93552;50,00000;20,00000;1,18321;1
 47,12900; 0,58000; 3,233769e-002; 99,93558;51,00000;20,00000;1,18321;1
 47,13700; 0,59000; 3,179215e-002; 99,93564;50,00000;20,00000;1,18321;1
 47,10100; 0,60000; 3,171460e-002; 99,93570;50,00000;20,00000;1,18320;1
 47,10000; 0,61000; 3,171461e-002; 99,93576;50,00000;20,00000;1,18320;1
 47,10000; 0,62000; 3,155876e-002; 99,93582;49,00000;20,00000;1,18320;1
 47,07100; 0,63000; 3,132529e-002; 99,93586;49,00000;20,00000;1,18319;1
 47,07100; 0,64000; 3,101360e-002; 99,93590;49,00000;20,00000;1,18319;1
 47,05500; 0,65000; 3,077998e-002; 99,93595;52,00000;20,00000;1,18318;1
 47,06400; 0,66000; 3,070197e-002; 99,93599;50,00000;20,00000;1,18318;1
 47,05000; 0,67000; 3,023456e-002; 99,93604;49,00000;20,00000;1,18318;1
 47,05200; 0,68000; 3,031247e-002; 99,93609;50,00000;20,00000;1,18318;1
 47,03100; 0,69000; 3,000097e-002; 99,93613;51,00000;20,00000;1,18317;1
 47,02300; 0,70000; 2,968935e-002; 99,93617;51,00000;20,00000;1,18317;1
 46,99800; 0,71000; 2,953374e-002; 99,93621;49,00000;20,00000;1,18316;1
 47,01800; 0,72000; 2,961147e-002; 99,93627;50,00000;20,00000;1,18317;1
 46,99900; 0,73000; 2,914410e-002; 99,93632;50,00000;20,00000;1,18316;1
 46,99100; 0,74000; 2,852077e-002; 99,93636;49,00000;20,00000;1,18316;1
 46,97100; 0,75000; 2,836511e-002; 99,93640;49,00000;20,00000;1,18315;1
 46,96200; 0,76000; 2,766385e-002; 99,93645;50,00000;20,00000;1,18314;1
 46,97500; 0,77000; 2,727411e-002; 99,93649;50,00000;20,00000;1,18315;1
 46,95500; 0,78000; 2,735221e-002; 99,93653;49,00000;20,00000;1,18314;1
 46,95200; 0,79000; 2,696260e-002; 99,93656;49,00000;20,00000;1,18314;1
 46,93600; 0,80000; 2,641725e-002; 99,93660;50,00000;20,00000;1,18313;1
 46,94500; 0,81000; 2,602754e-002; 99,94992;52,00000;20,00000;1,18314;1
 46,92200; 0,82000; 2,548224e-002; 99,95478;49,00000;20,00000;1,18313;1
 46,93200; 0,83000; 2,524838e-002; 99,95481;49,00000;20,00000;1,18313;1
 46,91600; 0,84000; 2,478094e-002; 99,95605;50,00000;20,00000;1,18313;1
 46,92400; 0,85000; 2,431332e-002; 99,95608;49,00000;20,00000;1,18313;1
 46,91900; 0,86000; 2,361201e-002; 99,95612;49,00000;20,00000;1,18313;1
 46,90100; 0,87000; 2,322251e-002; 99,95615;50,00000;20,00000;1,18312;1
 46,89400; 0,88000; 2,275499e-002; 99,95618;50,00000;20,00000;1,18312;1
 46,89100; 0,89000; 2,252123e-002; 99,95621;51,00000;20,00000;1,18312;1
 46,88200; 0,90000; 2,252130e-002; 99,96591;49,00000;20,00000;1,18311;1
 46,88200; 0,91000; 2,236544e-002; 99,96835;50,00000;20,00000;1,18311;1
 46,87800; 0,92000; 2,111861e-002; 99,96958;50,00000;20,00000;1,18311;1
 46,87600; 0,93000; 2,057312e-002; 99,97201;52,00000;20,00000;1,18311;1
 46,86800; 0,94000; 2,041732e-002; 99,97323;50,00000;20,00000;1,18311;1
 46,87100; 0,95000; 1,994973e-002; 99,97446;50,00000;20,00000;1,18311;1
 46,86600; 0,96000; 1,963805e-002; 99,97568;50,00000;20,00000;1,18311;1
 46,86800; 0,97000; 1,885875e-002; 99,97691;49,00000;20,00000;1,18311;1
 46,85800; 0,98000; 1,800159e-002; 99,97814;50,00000;20,00000;1,18311;1
 46,86100; 0,99000; 1,706642e-002; 99,97937;50,00000;20,00000;1,18311;1
 46,85100; 1,00000; 1,652097e-002; 99,97939;52,00000;20,00000;1,18310;1
 46,84900; 1,01000; 1,636513e-002; 99,98061;50,00000;20,00000;1,18310;1
 46,83900; 1,02000; 1,558589e-002; 99,98184;50,00000;20,00000;1,18310;1
 46,83800; 1,03000; 1,465074e-002; 99,98306;50,00000;20,00000;1,18310;1
 46,84600; 1,04000; 1,449484e-002; 99,98429;52,00000;20,00000;1,18310;1
 46,84500; 1,05000; 1,394934e-002; 99,98551;50,00000;20,00000;1,18310;1
 46,83800; 1,06000; 1,309215e-002; 99,98674;50,00000;20,00000;1,18310;1
 46,82500; 1,07000; 1,262462e-002; 99,98796;50,00000;20,00000;1,18309;1
 46,82000; 1,08000; 1,192328e-002; 99,99160;49,00000;20,00000;1,18309;1
 46,83200; 1,09000; 1,145565e-002; 99,99282;49,00000;20,00000;1,18310;1
 46,82200; 1,10000; 1,067639e-002; 99,99524;50,00000;20,00000;1,18309;1
 46,82500; 1,11000; 9,741223e-003; 99,99590;52,00000;20,00000;1,18309;1
 46,81500; 1,12000; 8,961955e-003; 99,99538;50,00000;20,00000;1,18309;1
 46,82800; 1,13000; 8,728128e-003; 99,99426;49,00000;20,00000;1,18309;1
 46,82500; 1,14000; 8,572276e-003; 99,99500;49,00000;20,00000;1,18309;1
 46,83100; 1,15000; 7,948823e-003; 99,99086;52,00000;20,00000;1,18309;1
 46,82900; 1,16000; 7,169532e-003; 99,99328;49,00000;20,00000;1,18309;1
 46,82300; 1,17000; 5,922668e-003; 99,99449;49,00000;20,00000;1,18309;1
 46,81500; 1,18000; 5,143383e-003; 99,99614;50,00000;20,00000;1,18309;1
 46,81500; 1,19000; 4,675803e-003; 99,99467;49,00000;20,00000;1,18309;1
 46,82200; 1,20000; 3,818563e-003; 99,99272;49,00000;20,00000;1,18309;1
 46,83400; 1,21000; 3,039253e-003; 99,98882;50,00000;20,00000;1,18310;1
 46,83100; 1,22000; 2,805467e-003; 99,98614;50,00000;20,00000;1,18309;1
 46,82900; 1,23000; 1,870313e-003; 99,98529;52,00000;20,00000;1,18309;1
 46,84900; 1,24000; 7,792918e-004; 99,98642;50,00000;20,00000;1,18310;1
 46,84500; 1,25000;-0,000000e+000; 99,98687;50,00000;20,00000;1,18310;1
 46,82800; 1,26000;-1,558594e-004; 99,98748;52,00000;20,00000;1,18309;1
 46,84500; 1,27000;-6,234343e-004; 99,98791;49,00000;20,00000;1,18310;1
 46,85200; 1,28000;-1,480653e-003; 99,98916;49,00000;20,00000;1,18310;1
 46,84100; 1,29000;-2,259952e-003; 99,98870;50,00000;20,00000;1,18310;1
 46,85800; 1,30000;-3,117158e-003; 99,98753;50,00000;20,00000;1,18311;1
 46,84800; 1,31000;-4,286106e-003; 99,98651;50,00000;20,00000;1,18310;1
 46,85700; 1,32000;-5,299171e-003; 99,98308;50,00000;20,00000;1,18310;1
 46,87300; 1,33000;-5,922572e-003; 99,97866;50,00000;20,00000;1,18311;1
 46,86200; 1,34000;-7,013597e-003; 99,97384;52,00000;20,00000;1,18311;1
 46,90000; 1,35000;-7,636934e-003; 99,97055;50,00000;20,00000;1,18312;1
 46,89000; 1,36000;-8,650024e-003; 99,96685;49,00000;20,00000;1,18312;1
 46,90000; 1,37000;-9,585132e-003; 99,96409;50,00000;20,00000;1,18312;1
 46,90400; 1,38000;-1,052025e-002; 99,96091;52,00000;20,00000;1,18312;1
 46,91000; 1,39000;-1,153329e-002; 99,96067;49,00000;20,00000;1,18313;1
 46,91900; 1,40000;-1,223461e-002; 99,95948;50,00000;20,00000;1,18313;1
 46,92000; 1,41000;-1,301388e-002; 99,95830;50,00000;20,00000;1,18313;1
 46,92200; 1,42000;-1,402692e-002; 99,95684;50,00000;20,00000;1,18313;1
 46,94000; 1,43000;-1,519574e-002; 99,95490;49,00000;20,00000;1,18314;1
 46,92600; 1,44000;-1,597508e-002; 99,95246;50,00000;20,00000;1,18313;1
 46,95300; 1,45000;-1,667628e-002; 99,94968;51,00000;20,00000;1,18314;1
 46,95600; 1,46000;-1,753346e-002; 99,94548;49,00000;20,00000;1,18314;1
 46,96800; 1,47000;-1,839058e-002; 99,94225;49,00000;20,00000;1,18315;1
 46,95700; 1,48000;-1,878028e-002; 99,93757;50,00000;20,00000;1,18314;1
 46,98400; 1,49000;-1,971522e-002; 99,93272;51,00000;20,00000;1,18315;1
 46,99100; 1,50000;-2,096199e-002; 99,92785;49,00000;20,00000;1,18316;1
 47,00600; 1,51000;-2,189699e-002; 99,92303;50,00000;20,00000;1,18316;1
 46,99600; 1,52000;-2,314387e-002; 99,91933;50,00000;20,00000;1,18316;1
 47,02100; 1,53000;-2,431256e-002; 99,91593;49,00000;20,00000;1,18317;1
 47,02700; 1,54000;-2,516968e-002; 99,91465;49,00000;20,00000;1,18317;1
 47,03200; 1,55000;-2,540341e-002; 99,91621;51,00000;20,00000;1,18317;1
 47,05300; 1,56000;-2,626041e-002; 99,91761;50,00000;20,00000;1,18318;1
 47,06400; 1,57000;-2,735125e-002; 99,91893;49,00000;20,00000;1,18318;1
 47,07900; 1,58000;-2,844204e-002; 99,92388;50,00000;20,00000;1,18319;1
 47,07900; 1,59000;-2,929920e-002; 99,92748;50,00000;20,00000;1,18319;1
 47,09000; 1,60000;-3,015625e-002; 99,93201;50,00000;20,00000;1,18319;1
 47,11500; 1,61000;-3,101315e-002; 99,93509;49,00000;20,00000;1,18320;1
 47,12400; 1,62000;-3,194813e-002; 99,93918;50,00000;20,00000;1,18321;1
 47,14200; 1,63000;-3,288301e-002; 99,93967;50,00000;20,00000;1,18321;1
 47,16100; 1,64000;-3,483084e-002; 99,94047;50,00000;20,00000;1,18322;1
 47,16500; 1,65000;-3,545417e-002; 99,94152;49,00000;20,00000;1,18322;1
 47,18100; 1,66000;-3,607735e-002; 99,94255;50,00000;20,00000;1,18323;1
 47,18800; 1,67000;-3,779152e-002; 99,94330;52,00000;20,00000;1,18323;1
 47,20200; 1,68000;-3,919392e-002; 99,94362;50,00000;20,00000;1,18324;1
 47,21900; 1,69000;-4,028458e-002; 99,94477;49,00000;20,00000;1,18324;1
 47,24100; 1,70000;-4,067390e-002; 99,94447;50,00000;20,00000;1,18325;1
 47,26100; 1,71000;-4,184241e-002; 99,94529;50,00000;20,00000;1,18326;1
 47,26800; 1,72000;-4,301110e-002; 99,94608;51,00000;20,00000;1,18326;1
 47,29000; 1,73000;-4,355623e-002; 99,94685;50,00000;20,00000;1,18327;1
 47,30900; 1,74000;-4,495848e-002; 99,94758;50,00000;20,00000;1,18328;1
 47,32600; 1,75000;-4,636074e-002; 99,94828;50,00000;20,00000;1,18328;1
 47,34300; 1,76000;-4,784091e-002; 99,95139;49,00000;20,00000;1,18329;1
 47,36400; 1,77000;-4,815225e-002; 99,95336;49,00000;20,00000;1,18330;1
 47,37900; 1,78000;-4,877534e-002; 99,95541;50,00000;20,00000;1,18330;1
 47,40200; 1,79000;-4,994372e-002; 99,95875;51,00000;20,00000;1,18331;1
 47,41700; 1,80000;-5,165761e-002; 99,96087;49,00000;20,00000;1,18332;1
 47,43900; 1,81000;-5,298179e-002; 99,96170;50,00000;20,00000;1,18333;1
 47,44000; 1,82000;-5,430631e-002; 99,96235;50,00000;20,00000;1,18333;1
 47,48000; 1,83000;-5,461727e-002; 99,96269;50,00000;20,00000;1,18334;1
 47,49600; 1,84000;-5,531821e-002; 99,96286;49,00000;20,00000;1,18335;1
 47,51500; 1,85000;-5,726568e-002; 99,96299;50,00000;20,00000;1,18336;1
 47,54900; 1,86000;-5,765462e-002; 99,96198;50,00000;20,00000;1,18337;1
 47,55400; 1,87000;-5,874528e-002; 99,96116;49,00000;20,00000;1,18337;1
 47,57800; 1,88000;-6,006932e-002; 99,96168;49,00000;20,00000;1,18338;1
 47,60800; 1,89000;-6,123739e-002; 99,96224;50,00000;20,00000;1,18339;1
 47,62200; 1,90000;-6,295113e-002; 99,96270;51,00000;20,00000;1,18340;1
 47,63800; 1,91000;-6,357408e-002; 99,96294;49,00000;20,00000;1,18340;1
 47,66300; 1,92000;-6,466430e-002; 99,97016;49,00000;20,00000;1,18341;1
 47,69200; 1,93000;-6,567651e-002; 99,97597;50,00000;20,00000;1,18342;1
 47,71200; 1,94000;-6,692261e-002; 99,97925;50,00000;20,00000;1,18343;1
 47,74600; 1,95000;-6,824629e-002; 99,97887;50,00000;20,00000;1,18344;1
 47,75700; 1,96000;-6,972627e-002; 99,97727;49,00000;20,00000;1,18345;1
 47,78500; 1,97000;-7,034891e-002; 99,97570;50,00000;20,00000;1,18346;1
 47,81700; 1,98000;-7,112723e-002; 99,97544;50,00000;20,00000;1,18347;1
 47,84300; 1,99000;-7,245102e-002; 99,97538;50,00000;20,00000;1,18348;1
 47,86000; 2,00000;-7,354128e-002; 99,97556;49,00000;20,00000;1,18349;1
 47,89800; 2,01000;-7,525426e-002; 99,97704;51,00000;20,00000;1,18350;1
 47,89800; 2,02000;-7,650070e-002; 99,98081;50,00000;20,00000;1,18350;1
 47,94200; 2,03000;-7,751235e-002; 99,98303;52,00000;20,00000;1,18352;1
 47,95400; 2,04000;-7,844687e-002; 99,98968;50,00000;20,00000;1,18352;1
 47,99300; 2,05000;-7,977021e-002; 99,99237;50,00000;20,00000;1,18354;1
 48,02000; 2,06000;-8,062642e-002; 99,99369;50,00000;20,00000;1,18355;1
 48,04900; 2,07000;-8,156046e-002; 99,99623;52,00000;20,00000;1,18356;1
 48,08300; 2,08000;-8,272806e-002; 99,99760;50,00000;20,00000;1,18357;1
 48,11600; 2,09000;-8,397355e-002;100,00015;50,00000;20,00000;1,18358;1
 48,11800; 2,10000;-8,506406e-002;100,00140;50,00000;20,00000;1,18358;1
 48,17500; 2,11000;-8,677623e-002;100,00261;49,00000;20,00000;1,18360;1
 48,21000; 2,12000;-8,825528e-002;100,00506;49,00000;20,00000;1,18362;1
 48,22800; 2,13000;-8,965688e-002;100,01003;50,00000;20,00000;1,18362;1
 48,26500; 2,14000;-9,020109e-002;100,01388;51,00000;20,00000;1,18364;1
 48,28500; 2,15000;-9,183627e-002;100,01659;49,00000;20,00000;1,18365;1
 48,33100; 2,16000;-9,315910e-002;100,01454;49,00000;20,00000;1,18366;1
 48,36000; 2,17000;-9,456029e-002;100,01139;50,00000;20,00000;1,18367;1
 48,39000; 2,18000;-9,463729e-002;100,00830;50,00000;20,00000;1,18369;1
 48,41700; 2,19000;-9,627217e-002;100,00399;50,00000;20,00000;1,18370;1
 48,44700; 2,20000;-9,759537e-002;100,00083;49,00000;20,00000;1,18371;1
 48,48200; 2,21000;-9,884050e-002; 99,99884;50,00000;20,00000;1,18372;1
 48,52900; 2,22000;      -0,10032; 99,99684;50,00000;20,00000;1,18374;1
 48,55000; 2,23000;      -0,10063; 99,99599;49,00000;20,00000;1,18375;1
 48,57600; 2,24000;      -0,10219; 99,99379;49,00000;20,00000;1,18375;1
 48,61100; 2,25000;      -0,10328; 99,99262;51,00000;20,00000;1,18377;1
 48,66500; 2,26000;      -0,10444; 99,99011;49,00000;20,00000;1,18379;1
 48,68700; 2,27000;      -0,10592; 99,98998;49,00000;20,00000;1,18380;1
 48,72500; 2,28000;      -0,10732; 99,98872;50,00000;20,00000;1,18381;1
 48,76200; 2,29000;      -0,10857; 99,98754;50,00000;20,00000;1,18382;1
 48,80100; 2,30000;      -0,11005; 99,98762;49,00000;20,00000;1,18384;1
 48,83400; 2,31000;      -0,11160; 99,98888;49,00000;20,00000;1,18385;1
 48,86800; 2,32000;      -0,11277; 99,98761;50,00000;20,00000;1,18386;1
 48,91100; 2,33000;      -0,11292; 99,98622;50,00000;20,00000;1,18388;1
 48,94100; 2,34000;      -0,11440; 99,98473;49,00000;20,00000;1,18389;1
 48,99200; 2,35000;      -0,11549; 99,98323;49,00000;20,00000;1,18391;1
 49,03000; 2,36000;      -0,11689; 99,98055;51,00000;20,00000;1,18392;1
 49,05400; 2,37000;      -0,11868; 99,98037;50,00000;20,00000;1,18393;1
 49,11500; 2,38000;      -0,12016; 99,97903;51,00000;20,00000;1,18396;1
 49,13900; 2,39000;      -0,12125; 99,97888;50,00000;20,00000;1,18396;1
 49,18600; 2,40000;      -0,12195; 99,97739;50,00000;20,00000;1,18398;1
 49,22100; 2,41000;      -0,12335; 99,97443;50,00000;20,00000;1,18400;1
 49,26400; 2,42000;      -0,12467; 99,97233;49,00000;20,00000;1,18401;1
 49,31000; 2,43000;      -0,12583; 99,96992;50,00000;20,00000;1,18403;1
 49,35000; 2,44000;      -0,12700; 99,97219;50,00000;20,00000;1,18404;1
 49,40500; 2,45000;      -0,12848; 99,97339;50,00000;20,00000;1,18406;1
 49,44900; 2,46000;      -0,12996; 99,97370;49,00000;20,00000;1,18408;1
 49,50300; 2,47000;      -0,13073; 99,97434;51,00000;20,00000;1,18410;1
 49,52400; 2,48000;      -0,13190; 99,97273;50,00000;20,00000;1,18411;1
 49,57700; 2,49000;      -0,13423; 99,96869;52,00000;20,00000;1,18413;1
 49,61500; 2,50000;      -0,13532; 99,96577;49,00000;20,00000;1,18414;1
 49,68100; 2,51000;      -0,13664; 99,96401;50,00000;20,00000;1,18417;1
 49,70600; 2,52000;      -0,13804; 99,96110;50,00000;20,00000;1,18418;1
 49,76600; 2,53000;      -0,13913; 99,95953;52,00000;20,00000;1,18420;1
 49,80400; 2,54000;      -0,14014; 99,95809;49,00000;20,00000;1,18421;1
 49,84900; 2,55000;      -0,14115; 99,95678;50,00000;20,00000;1,18423;1
 49,90000; 2,56000;      -0,14224; 99,95554;50,00000;20,00000;1,18425;1
 49,94900; 2,57000;      -0,14356; 99,95549;49,00000;20,00000;1,18426;1
 49,98100; 2,58000;      -0,14527; 99,95409;49,00000;20,00000;1,18428;1
 50,03300; 2,59000;      -0,14597; 99,95728;49,00000;20,00000;1,18430;1
 50,09000; 2,60000;      -0,14815; 99,95655;51,00000;20,00000;1,18432;1
 50,13400; 2,61000;      -0,14955; 99,95915;49,00000;20,00000;1,18433;1
 50,17800; 2,62000;      -0,15063; 99,95920;49,00000;20,00000;1,18435;1
 50,23800; 2,63000;      -0,15180; 99,95937;50,00000;20,00000;1,18437;1
 50,29900; 2,64000;      -0,15304; 99,96348;50,00000;20,00000;1,18439;1
 50,35100; 2,65000;      -0,15390; 99,96671;50,00000;20,00000;1,18441;1
 50,38400; 2,66000;      -0,15514; 99,97008;49,00000;20,00000;1,18442;1
 50,42900; 2,67000;      -0,15716; 99,96729;50,00000;20,00000;1,18444;1
 50,49500; 2,68000;      -0,15879; 99,96422;50,00000;20,00000;1,18447;1
 50,54100; 2,69000;      -0,16027; 99,96091;49,00000;20,00000;1,18448;1
 50,60000; 2,70000;      -0,16159; 99,95869;49,00000;20,00000;1,18450;1
 50,66000; 2,71000;      -0,16260; 99,95646;51,00000;20,00000;1,18453;1
 50,69400; 2,72000;      -0,16408; 99,95429;50,00000;20,00000;1,18454;1
 50,77100; 2,73000;      -0,16539; 99,95348;49,00000;20,00000;1,18457;1
 50,81400; 2,74000;      -0,16679; 99,95655;50,00000;20,00000;1,18458;1
 50,87500; 2,75000;      -0,16811; 99,95753;50,00000;20,00000;1,18460;1
 50,93000; 2,76000;      -0,16967; 99,95999;50,00000;20,00000;1,18462;1
 50,98100; 2,77000;      -0,17122; 99,96122;49,00000;20,00000;1,18464;1
 51,02100; 2,78000;      -0,17161; 99,96091;50,00000;20,00000;1,18466;1
 51,07800; 2,79000;      -0,17308; 99,96010;50,00000;20,00000;1,18468;1
 51,14000; 2,80000;      -0,17433; 99,95891;50,00000;20,00000;1,18470;1
 51,21300; 2,81000;      -0,17603; 99,96246;49,00000;20,00000;1,18473;1
 51,27000; 2,82000;      -0,17689; 99,96733;51,00000;20,00000;1,18475;1
 51,32800; 2,83000;      -0,17797; 99,97108;50,00000;20,00000;1,18477;1
 51,36800; 2,84000;      -0,17999; 99,96996;52,00000;20,00000;1,18478;1
 51,43700; 2,85000;      -0,18155; 99,96635;49,00000;20,00000;1,18481;1
 51,51400; 2,86000;      -0,18341; 99,96155;50,00000;20,00000;1,18484;1
 51,56500; 2,87000;      -0,18481; 99,95938;50,00000;20,00000;1,18485;1
 51,63300; 2,88000;      -0,18535; 99,95757;52,00000;20,00000;1,18488;1
 51,68000; 2,89000;      -0,18620; 99,95728;49,00000;20,00000;1,18490;1
 51,75200; 2,90000;      -0,18845; 99,95596;50,00000;20,00000;1,18492;1
 51,79600; 2,91000;      -0,19032; 99,95590;50,00000;20,00000;1,18494;1
 51,87100; 2,92000;      -0,19148; 99,95695;49,00000;20,00000;1,18496;1
 51,92300; 2,93000;      -0,19257; 99,95658;51,00000;20,00000;1,18498;1
 51,98200; 2,94000;      -0,19435; 99,95840;50,00000;20,00000;1,18500;1
 52,04200; 2,95000;      -0,19567; 99,95891;52,00000;20,00000;1,18503;1
 52,12600; 2,96000;      -0,19738; 99,95831;49,00000;20,00000;1,18506;1
 52,18000; 2,97000;      -0,19886; 99,95678;49,00000;20,00000;1,18508;1
 52,24000; 2,98000;      -0,20002; 99,95553;50,00000;20,00000;1,18510;1
 52,30800; 2,99000;      -0,20157; 99,95561;49,00000;20,00000;1,18512;1
 52,35700; 3,00000;      -0,20312; 99,95434;49,00000;20,00000;1,18514;1
 52,42600; 3,01000;      -0,20475; 99,95276;49,00000;20,00000;1,18516;1
 52,48500; 3,02000;      -0,20553; 99,95213;50,00000;20,00000;1,18518;1
 52,56400; 3,03000;      -0,20661; 99,95990;49,00000;20,00000;1,18521;1
 52,63700; 3,04000;      -0,20840; 99,96417;49,00000;20,00000;1,18524;1
 52,69500; 3,05000;      -0,21010; 99,96615;50,00000;20,00000;1,18526;1
 52,75400; 3,06000;      -0,21166; 99,96333;50,00000;20,00000;1,18528;1
 52,81700; 3,07000;      -0,21329; 99,95926;52,00000;20,00000;1,18530;1
 52,90000; 3,08000;      -0,21491; 99,95514;49,00000;20,00000;1,18533;1
 52,96700; 3,09000;      -0,21576; 99,95343;50,00000;20,00000;1,18536;1
 53,03100; 3,10000;      -0,21654; 99,95288;50,00000;20,00000;1,18538;1
 53,09500; 3,11000;      -0,21801; 99,95099;49,00000;20,00000;1,18540;1
 53,16100; 3,12000;      -0,21972; 99,94885;49,00000;20,00000;1,18542;1
 53,24300; 3,13000;      -0,22142; 99,94769;50,00000;20,00000;1,18545;1
 53,31800; 3,14000;      -0,22297; 99,94520;50,00000;20,00000;1,18548;1
 53,37800; 3,15000;      -0,22468; 99,94279;49,00000;20,00000;1,18550;1
 53,46800; 3,16000;      -0,22584; 99,94065;50,00000;20,00000;1,18553;1
 53,53300; 3,17000;      -0,22732; 99,94011;50,00000;20,00000;1,18556;1
 53,61600; 3,18000;      -0,22871; 99,94115;52,00000;20,00000;1,18558;1
 53,66300; 3,19000;      -0,23003; 99,94003;50,00000;20,00000;1,18560;1
 53,75200; 3,20000;      -0,23173; 99,94021;50,00000;20,00000;1,18563;1
 53,81200; 3,21000;      -0,23290; 99,93789;50,00000;20,00000;1,18565;1
 53,88700; 3,22000;      -0,23421; 99,93661;50,00000;20,00000;1,18568;1
 53,95900; 3,23000;      -0,23568; 99,93518;49,00000;20,00000;1,18571;1
 54,02700; 3,24000;      -0,23708; 99,93489;50,00000;20,00000;1,18573;1
 54,12400; 3,25000;      -0,23847; 99,93335;50,00000;20,00000;1,18576;1
 54,17800; 3,26000;      -0,24002; 99,93177;50,00000;20,00000;1,18578;1
 54,25200; 3,27000;      -0,24157; 99,93132;49,00000;20,00000;1,18581;1
 54,33500; 3,28000;      -0,24304; 99,93077;50,00000;20,00000;1,18584;1
 54,41000; 3,29000;      -0,24491; 99,93018;52,00000;20,00000;1,18586;1
 54,49300; 3,30000;      -0,24583; 99,93084;49,00000;20,00000;1,18589;1
 54,56700; 3,31000;      -0,24684; 99,93279;49,00000;20,00000;1,18592;1
 54,64100; 3,32000;      -0,24893; 99,93478;50,00000;20,00000;1,18594;1
 54,71900; 3,33000;      -0,25040; 99,93554;49,00000;20,00000;1,18597;1
 54,80000; 3,34000;      -0,25187; 99,93387;49,00000;20,00000;1,18600;1
 54,87600; 3,35000;      -0,25233; 99,93100;49,00000;20,00000;1,18602;1
 54,96300; 3,36000;      -0,25458; 99,92703;50,00000;20,00000;1,18605;1
 55,03300; 3,37000;      -0,25590; 99,92446;49,00000;20,00000;1,18608;1
 55,11900; 3,38000;      -0,25729; 99,92333;49,00000;20,00000;1,18611;1
 55,20300; 3,39000;      -0,25923; 99,92233;50,00000;20,00000;1,18614;1
 55,26700; 3,40000;      -0,26055; 99,92128;51,00000;20,00000;1,18616;1
 55,34100; 3,41000;      -0,26194; 99,92129;49,00000;20,00000;1,18619;1
 55,43400; 3,42000;      -0,26341; 99,92238;50,00000;20,00000;1,18622;1
 55,51500; 3,43000;      -0,26465; 99,92225;50,00000;20,00000;1,18624;1
 55,60100; 3,44000;      -0,26612; 99,92588;50,00000;20,00000;1,18627;1
 55,67700; 3,45000;      -0,26759; 99,92605;49,00000;20,00000;1,18630;1
 55,75600; 3,46000;      -0,26882; 99,92629;50,00000;20,00000;1,18633;1
 55,83300; 3,47000;      -0,27014; 99,92767;50,00000;20,00000;1,18635;1
 55,92100; 3,48000;      -0,27138; 99,92768;50,00000;20,00000;1,18638;1
 56,00100; 3,49000;      -0,27277; 99,92872;49,00000;20,00000;1,18641;1
 56,08900; 3,50000;      -0,27463; 99,92845;51,00000;20,00000;1,18644;1
 56,16500; 3,51000;      -0,27563; 99,92824;51,00000;20,00000;1,18647;1
 56,26500; 3,52000;      -0,27725; 99,93429;50,00000;20,00000;1,18650;1
 56,34900; 3,53000;      -0,27880; 99,93816;50,00000;20,00000;1,18653;1
 56,42400; 3,54000;      -0,28019; 99,94222;50,00000;20,00000;1,18655;1
 56,50900; 3,55000;      -0,28182; 99,94152;50,00000;20,00000;1,18658;1
 56,58500; 3,56000;      -0,28329; 99,93834;49,00000;20,00000;1,18661;1
 56,68100; 3,57000;      -0,28468; 99,93624;50,00000;20,00000;1,18664;1
 56,76000; 3,58000;      -0,28600; 99,93402;50,00000;20,00000;1,18667;1
 56,85200; 3,59000;      -0,28754; 99,93295;49,00000;20,00000;1,18670;1
 56,93700; 3,60000;      -0,28901; 99,93186;49,00000;20,00000;1,18673;1
 57,01700; 3,61000;      -0,29048; 99,93070;50,00000;20,00000;1,18676;1
 57,11600; 3,62000;      -0,29133; 99,92946;51,00000;20,00000;1,18679;1
 57,20000; 3,63000;      -0,29272; 99,93182;49,00000;20,00000;1,18682;1
 57,29100; 3,64000;      -0,29411; 99,93190;50,00000;20,00000;1,18685;1
 57,37400; 3,65000;      -0,29534; 99,93225;50,00000;20,00000;1,18687;1
 57,48200; 3,66000;      -0,29728; 99,93524;50,00000;20,00000;1,18691;1
 57,55200; 3,67000;      -0,29851; 99,93590;49,00000;20,00000;1,18693;1
 57,63200; 3,68000;      -0,29991; 99,93654;51,00000;20,00000;1,18696;1
 57,72800; 3,69000;      -0,30130; 99,93703;50,00000;20,00000;1,18699;1
 57,82300; 3,70000;      -0,30261; 99,93977;49,00000;20,00000;1,18702;1
 57,91400; 3,71000;      -0,30408; 99,94125;49,00000;20,00000;1,18706;1
 58,00400; 3,72000;      -0,30586; 99,94279;51,00000;20,00000;1,18709;1
 58,09500; 3,73000;      -0,30686; 99,94076;50,00000;20,00000;1,18712;1
 58,17400; 3,74000;      -0,30817; 99,94113;51,00000;20,00000;1,18714;1
 58,28100; 3,75000;      -0,30940; 99,94147;50,00000;20,00000;1,18718;1
 58,37400; 3,76000;      -0,31095; 99,94303;50,00000;20,00000;1,18721;1
 58,45700; 3,77000;      -0,31288; 99,94582;50,00000;20,00000;1,18723;1
 58,55200; 3,78000;      -0,31427; 99,94863;49,00000;20,00000;1,18727;1
 58,64500; 3,79000;      -0,31582; 99,95151;49,00000;20,00000;1,18730;1
 58,75300; 3,80000;      -0,31666; 99,95090;52,00000;20,00000;1,18733;1
 58,83000; 3,81000;      -0,31790; 99,94801;50,00000;20,00000;1,18736;1
 58,92300; 3,82000;      -0,31944; 99,94519;49,00000;20,00000;1,18739;1
 59,02000; 3,83000;      -0,32153; 99,94359;49,00000;20,00000;1,18742;1
 59,11300; 3,84000;      -0,32222; 99,94311;52,00000;20,00000;1,18745;1
 59,20500; 3,85000;      -0,32369; 99,94250;50,00000;20,00000;1,18748;1
 59,30300; 3,86000;      -0,32484; 99,94174;49,00000;20,00000;1,18751;1
 59,38600; 3,87000;      -0,32639; 99,94088;50,00000;20,00000;1,18754;1
 59,50100; 3,88000;      -0,32801; 99,94000;50,00000;20,00000;1,18758;1
 59,59900; 3,89000;      -0,32948; 99,93800;49,00000;20,00000;1,18761;1
 59,68800; 3,90000;      -0,33087; 99,93490;49,00000;20,00000;1,18764;1
 59,78200; 3,91000;      -0,33225; 99,93295;51,00000;20,00000;1,18767;1
 59,88100; 3,92000;      -0,33357; 99,93207;49,00000;20,00000;1,18770;1
 59,97300; 3,93000;      -0,33449; 99,92992;49,00000;20,00000;1,18773;1
 60,08500; 3,94000;      -0,33611; 99,93261;50,00000;20,00000;1,18777;1
 60,19200; 3,95000;      -0,33796; 99,93186;50,00000;20,00000;1,18780;1
 60,28900; 3,96000;      -0,33850; 99,93136;52,00000;20,00000;1,18783;1
 60,37600; 3,97000;      -0,34051; 99,93228;50,00000;20,00000;1,18786;1
 60,47800; 3,98000;      -0,34197; 99,93333;50,00000;20,00000;1,18789;1
 60,56200; 3,99000;      -0,34251; 99,93309;50,00000;20,00000;1,18792;1
 60,67300; 4,00000;      -0,34366; 99,93266;49,00000;20,00000;1,18795;1
 60,77700; 4,01000;      -0,34536; 99,93100;51,00000;20,00000;1,18799;1
 60,87400; 4,02000;      -0,34698; 99,92942;50,00000;20,00000;1,18802;1
 60,97500; 4,03000;      -0,34844; 99,92916;52,00000;20,00000;1,18805;1
 61,08900; 4,04000;      -0,34975; 99,92778;49,00000;20,00000;1,18809;1
 61,15600; 4,05000;      -0,35122; 99,92639;51,00000;20,00000;1,18811;1
 61,27700; 4,06000;      -0,35230; 99,92493;50,00000;20,00000;1,18815;1
 61,37900; 4,07000;      -0,35361; 99,92334;52,00000;20,00000;1,18818;1
 61,47600; 4,08000;      -0,35476; 99,92292;49,00000;20,00000;1,18821;1
 61,57700; 4,09000;      -0,35700; 99,92379;50,00000;20,00000;1,18824;1
 61,69400; 4,10000;      -0,35854; 99,92601;50,00000;20,00000;1,18828;1
 61,78700; 4,11000;      -0,35861; 99,92834;49,00000;20,00000;1,18831;1
 61,88600; 4,12000;      -0,36054; 99,93071;49,00000;20,00000;1,18834;1
 61,98000; 4,13000;      -0,36177; 99,93186;50,00000;20,00000;1,18837;1
 62,09700; 4,14000;      -0,36316; 99,93181;51,00000;20,00000;1,18841;1
 62,20100; 4,15000;      -0,36447; 99,92936;49,00000;20,00000;1,18844;1
 62,29700; 4,16000;      -0,36562; 99,92930;51,00000;20,00000;1,18847;1
 62,40400; 4,17000;      -0,36615; 99,92921;50,00000;20,00000;1,18850;1
 62,50200; 4,18000;      -0,36731; 99,92788;51,00000;20,00000;1,18853;1
 62,61500; 4,19000;      -0,36947; 99,92769;49,00000;20,00000;1,18857;1
 62,71500; 4,20000;      -0,37109; 99,92742;50,00000;20,00000;1,18860;1
 62,82500; 4,21000;      -0,37170; 99,92717;50,00000;20,00000;1,18863;1
 62,93600; 4,22000;      -0,37301; 99,92704;49,00000;20,00000;1,18867;1
 63,04100; 4,23000;      -0,37385; 99,92469;49,00000;20,00000;1,18870;1
 63,12900; 4,24000;      -0,37570; 99,92241;51,00000;20,00000;1,18873;1
 63,25600; 4,25000;      -0,37755; 99,92249;51,00000;20,00000;1,18877;1
 63,34100; 4,26000;      -0,37886; 99,92133;51,00000;20,00000;1,18879;1
 63,46400; 4,27000;      -0,38017; 99,92013;50,00000;20,00000;1,18883;1
 63,57000; 4,28000;      -0,38132; 99,91892;51,00000;20,00000;1,18886;1
 63,67000; 4,29000;      -0,38263; 99,91784;49,00000;20,00000;1,18889;1
 63,79300; 4,30000;      -0,38401; 99,91816;49,00000;20,00000;1,18893;1
 63,88000; 4,31000;      -0,38540; 99,91746;50,00000;20,00000;1,18896;1
 64,00100; 4,32000;      -0,38663; 99,91688;50,00000;20,00000;1,18899;1
 64,09900; 4,33000;      -0,38794; 99,91629;50,00000;20,00000;1,18902;1
 64,19800; 4,34000;      -0,38925; 99,91676;49,00000;20,00000;1,18905;1
 64,31000; 4,35000;      -0,38978; 99,91582;50,00000;20,00000;1,18909;1
 64,41800; 4,36000;      -0,39140; 99,91471;51,00000;20,00000;1,18912;1
 64,53500; 4,37000;      -0,39200; 99,91718;49,00000;20,00000;1,18916;1
 64,63600; 4,38000;      -0,39331; 99,91728;50,00000;20,00000;1,18919;1
 64,76300; 4,39000;      -0,39562; 99,91754;52,00000;20,00000;1,18923;1
 64,86000; 4,40000;      -0,39616; 99,91809;50,00000;20,00000;1,18925;1
 64,96100; 4,41000;      -0,39778; 99,91756;49,00000;20,00000;1,18928;1
 65,07100; 4,42000;      -0,39854; 99,91822;50,00000;20,00000;1,18932;1
 65,19000; 4,43000;      -0,39969; 99,91762;50,00000;20,00000;1,18935;1
 65,28800; 4,44000;      -0,40123; 99,91694;49,00000;20,00000;1,18938;1
 65,40000; 4,45000;      -0,40223; 99,91858;50,00000;20,00000;1,18942;1
 65,51800; 4,46000;      -0,40384; 99,91773;50,00000;20,00000;1,18945;1
 65,62500; 4,47000;      -0,40531; 99,91807;49,00000;20,00000;1,18948;1
 65,73500; 4,48000;      -0,40615; 99,91838;50,00000;20,00000;1,18952;1
 65,84200; 4,49000;      -0,40738; 99,91742;50,00000;20,00000;1,18955;1
 65,96700; 4,50000;      -0,40899; 99,91642;50,00000;20,00000;1,18958;1
 66,07400; 4,51000;      -0,40999; 99,91548;49,00000;20,00000;1,18962;1
 66,18100; 4,52000;      -0,41114; 99,91478;50,00000;20,00000;1,18965;1
 66,31000; 4,53000;      -0,41213; 99,91791;50,00000;20,00000;1,18969;1
 66,41000; 4,54000;      -0,41321; 99,92121;50,00000;20,00000;1,18972;1
 66,51700; 4,55000;      -0,41444; 99,92461;49,00000;20,00000;1,18975;1
 66,62400; 4,56000;      -0,41551; 99,92683;50,00000;20,00000;1,18978;1
 66,74900; 4,57000;      -0,41689; 99,93022;51,00000;20,00000;1,18981;1
 66,84500; 4,58000;      -0,41828; 99,92989;49,00000;20,00000;1,18984;1
 66,96400; 4,59000;      -0,41989; 99,92948;49,00000;20,00000;1,18988;1
 67,07500; 4,60000;      -0,42128; 99,92901;50,00000;20,00000;1,18991;1
 67,18900; 4,61000;      -0,42235; 99,92850;49,00000;20,00000;1,18994;1
 67,30700; 4,62000;      -0,42296; 99,92797;49,00000;20,00000;1,18998;1
 67,41300; 4,63000;      -0,42473; 99,92742;49,00000;20,00000;1,19001;1
 67,52900; 4,64000;      -0,42557; 99,92688;50,00000;20,00000;1,19004;1
 67,64500; 4,65000;      -0,42680; 99,92758;49,00000;20,00000;1,19008;1
 67,76400; 4,66000;      -0,42764; 99,92715;49,00000;20,00000;1,19011;1
 67,87200; 4,67000;      -0,42917; 99,92802;51,00000;20,00000;1,19014;1
 67,98900; 4,68000;      -0,43040; 99,92775;50,00000;20,00000;1,19017;1
 68,10100; 4,69000;      -0,43132; 99,92752;49,00000;20,00000;1,19021;1
 68,20900; 4,70000;      -0,43224; 99,92729;50,00000;20,00000;1,19024;1
 68,33300; 4,71000;      -0,43354; 99,92709;49,00000;20,00000;1,19027;1
 68,44600; 4,72000;      -0,43477; 99,92810;50,00000;20,00000;1,19030;1
 68,55500; 4,73000;      -0,43608; 99,92907;49,00000;20,00000;1,19034;1
 68,67500; 4,74000;      -0,43715; 99,92996;50,00000;20,00000;1,19037;1
 68,78000; 4,75000;      -0,43760; 99,93070;50,00000;20,00000;1,19040;1
 68,90600; 4,76000;      -0,43960; 99,93012;49,00000;20,00000;1,19043;1
 69,01900; 4,77000;      -0,44106; 99,93077;49,00000;20,00000;1,19047;1
 69,14800; 4,78000;      -0,44198; 99,93162;51,00000;20,00000;1,19050;1
 69,26400; 4,79000;      -0,44235; 99,93278;51,00000;20,00000;1,19054;1
 69,37200; 4,80000;      -0,44319; 99,93424;50,00000;20,00000;1,19057;1
 69,49000; 4,81000;      -0,44465; 99,93463;49,00000;20,00000;1,19060;1
 69,59400; 4,82000;      -0,44634; 99,93493;50,00000;20,00000;1,19063;1
 69,70200; 4,83000;      -0,44734; 99,93375;49,00000;20,00000;1,19066;1
 69,82400; 4,84000;      -0,44826; 99,93227;49,00000;20,00000;1,19069;1
 69,94800; 4,85000;      -0,44995; 99,92939;49,00000;20,00000;1,19073;1
 70,07300; 4,86000;      -0,45109; 99,92771;50,00000;20,00000;1,19076;1
 70,18200; 4,87000;      -0,45209; 99,92620;49,00000;20,00000;1,19079;1
 70,31000; 4,88000;      -0,45223; 99,92618;49,00000;20,00000;1,19083;1
 70,42800; 4,89000;      -0,45384; 99,92519;51,00000;20,00000;1,19086;1
 70,53400; 4,90000;      -0,45492; 99,92432;51,00000;20,00000;1,19089;1
 70,64200; 4,91000;      -0,45615; 99,92343;49,00000;20,00000;1,19092;1
 70,76800; 4,92000;      -0,45745; 99,92365;50,00000;20,00000;1,19095;1
 70,88200; 4,93000;      -0,45852; 99,92134;50,00000;20,00000;1,19098;1
 71,00700; 4,94000;      -0,45913; 99,92016;49,00000;20,00000;1,19102;1
 71,11400; 4,95000;      -0,45997; 99,91895;49,00000;20,00000;1,19105;1
 71,23900; 4,96000;      -0,46181; 99,91776;50,00000;20,00000;1,19108;1
 71,36000; 4,97000;      -0,46273; 99,91662;50,00000;20,00000;1,19111;1
 71,47800; 4,98000;      -0,46434; 99,91433;49,00000;20,00000;1,19115;1
 71,59000; 4,99000;      -0,46526; 99,91332;50,00000;20,00000;1,19118;1
 71,70900; 5,00000;      -0,46586; 99,91360;50,00000;20,00000;1,19121;1
 71,83500; 5,01000;      -0,46670; 99,91275;52,00000;20,00000;1,19124;1
 71,94800; 5,02000;      -0,46777; 99,91198;49,00000;20,00000;1,19127;1
 72,06300; 5,03000;      -0,46892; 99,91247;49,00000;20,00000;1,19130;1
 72,17500; 5,04000;      -0,47007; 99,91175;50,00000;20,00000;1,19133;1
 72,30400; 5,05000;      -0,47114; 99,91097;49,00000;20,00000;1,19137;1
 72,41700; 5,06000;      -0,47275; 99,91125;49,00000;20,00000;1,19140;1
 72,52500; 5,07000;      -0,47390; 99,91012;51,00000;20,00000;1,19143;1
 72,65400; 5,08000;      -0,47513; 99,90999;50,00000;20,00000;1,19146;1
 72,78000; 5,09000;      -0,47612; 99,90850;49,00000;20,00000;1,19150;1
 72,89300; 5,10000;      -0,47704; 99,90699;49,00000;20,00000;1,19152;1
 73,03100; 5,11000;      -0,47811; 99,90560;52,00000;20,00000;1,19156;1
 73,15600; 5,12000;      -0,47879; 99,90440;49,00000;20,00000;1,19159;1
 73,25800; 5,13000;      -0,47940; 99,90457;49,00000;20,00000;1,19162;1
 73,38700; 5,14000;      -0,48047; 99,90368;50,00000;20,00000;1,19165;1
 73,50500; 5,15000;      -0,48169; 99,90287;50,00000;20,00000;1,19169;1
 73,63600; 5,16000;      -0,48245; 99,90447;49,00000;20,00000;1,19172;1
 73,73700; 5,17000;      -0,48329; 99,90603;51,00000;20,00000;1,19175;1
 73,86100; 5,18000;      -0,48436; 99,90751;50,00000;20,00000;1,19178;1
 73,99200; 5,19000;      -0,48551; 99,91015;52,00000;20,00000;1,19181;1
 74,11100; 5,20000;      -0,48751; 99,91156;49,00000;20,00000;1,19184;1
 74,22900; 5,21000;      -0,48835; 99,91302;50,00000;20,00000;1,19187;1
 74,35600; 5,22000;      -0,48872; 99,91577;50,00000;20,00000;1,19191;1
 74,47600; 5,23000;      -0,48979; 99,91619;49,00000;20,00000;1,19194;1
 74,59400; 5,24000;      -0,49125; 99,91669;50,00000;20,00000;1,19197;1
 74,71300; 5,25000;      -0,49216; 99,91610;50,00000;20,00000;1,19200;1
 74,84400; 5,26000;      -0,49284; 99,91562;50,00000;20,00000;1,19203;1
 74,95400; 5,27000;      -0,49407; 99,91522;49,00000;20,00000;1,19206;1
 75,07800; 5,28000;      -0,49514; 99,91362;49,00000;20,00000;1,19209;1
 75,18700; 5,29000;      -0,49590; 99,91315;51,00000;20,00000;1,19212;1
 75,31200; 5,30000;      -0,49736; 99,91132;51,00000;20,00000;1,19215;1
 75,43800; 5,31000;      -0,49874; 99,90935;49,00000;20,00000;1,19218;1
 75,55600; 5,32000;      -0,49958; 99,90847;49,00000;20,00000;1,19221;1
 75,68200; 5,33000;      -0,50026; 99,90634;51,00000;20,00000;1,19224;1
 75,80300; 5,34000;      -0,50094; 99,90545;50,00000;20,00000;1,19227;1
 75,93500; 5,35000;      -0,50170; 99,90464;49,00000;20,00000;1,19231;1
 76,05100; 5,36000;      -0,50269; 99,90515;50,00000;20,00000;1,19234;1
 76,17200; 5,37000;      -0,50369; 99,90458;50,00000;20,00000;1,19237;1
 76,29600; 5,38000;      -0,50506; 99,90411;49,00000;20,00000;1,19240;1
 76,41900; 5,39000;      -0,50567; 99,90372;49,00000;20,00000;1,19243;1
 76,53500; 5,40000;      -0,50682; 99,90460;51,00000;20,00000;1,19246;1
 76,66000; 5,41000;      -0,50789; 99,90430;50,00000;20,00000;1,19249;1
 76,77300; 5,42000;      -0,50880; 99,90399;49,00000;20,00000;1,19252;1
 76,90300; 5,43000;      -0,50995; 99,90486;49,00000;20,00000;1,19255;1
 77,01900; 5,44000;      -0,51102; 99,90447;51,00000;20,00000;1,19258;1
 77,14300; 5,45000;      -0,51201; 99,90401;49,00000;20,00000;1,19261;1
 77,26000; 5,46000;      -0,51308; 99,90469;49,00000;20,00000;1,19264;1
 77,38600; 5,47000;      -0,51384; 99,90292;50,00000;20,00000;1,19267;1
 77,51400; 5,48000;      -0,51476; 99,90240;50,00000;20,00000;1,19270;1
 77,63800; 5,49000;      -0,51559; 99,90075;50,00000;20,00000;1,19273;1
 77,75300; 5,50000;      -0,51659; 99,90041;50,00000;20,00000;1,19276;1
 77,88000; 5,51000;      -0,51657; 99,89892;50,00000;20,00000;1,19279;1
 78,00000; 5,52000;      -0,51749; 99,89741;52,00000;20,00000;1,19282;1
 78,11700; 5,53000;      -0,51879; 99,89579;49,00000;20,00000;1,19284;1
 78,23900; 5,54000;      -0,51994; 99,89402;49,00000;20,00000;1,19287;1
 78,36500; 5,55000;      -0,52100; 99,89336;50,00000;20,00000;1,19290;1
 78,49500; 5,56000;      -0,52200; 99,89146;52,00000;20,00000;1,19293;1
 78,62700; 5,57000;      -0,52322; 99,89081;49,00000;20,00000;1,19297;1
 78,73700; 5,58000;      -0,52452; 99,89021;50,00000;20,00000;1,19299;1
 78,86400; 5,59000;      -0,52482; 99,88966;50,00000;20,00000;1,19302;1
 78,99200; 5,60000;      -0,52627; 99,88793;49,00000;20,00000;1,19305;1
 79,11600; 5,61000;      -0,52734; 99,88745;49,00000;20,00000;1,19308;1
 79,23900; 5,62000;      -0,52764; 99,88701;51,00000;20,00000;1,19311;1
 79,36500; 5,63000;      -0,52832; 99,88661;49,00000;20,00000;1,19314;1
 79,48700; 5,64000;      -0,52939; 99,88620;49,00000;20,00000;1,19317;1
 79,59900; 5,65000;      -0,53038; 99,88579;50,00000;20,00000;1,19319;1
 79,74400; 5,66000;      -0,53137; 99,88541;52,00000;20,00000;1,19323;1
 79,86100; 5,67000;      -0,53229; 99,88508;50,00000;20,00000;1,19326;1
 79,98000; 5,68000;      -0,53343; 99,88481;49,00000;20,00000;1,19328;1
 80,10200; 5,69000;      -0,53458; 99,88340;50,00000;20,00000;1,19331;1
 80,24300; 5,70000;      -0,53541; 99,88563;50,00000;20,00000;1,19334;1
 80,33900; 5,71000;      -0,53641; 99,88663;49,00000;20,00000;1,19337;1
 80,47300; 5,72000;      -0,53724; 99,88759;50,00000;20,00000;1,19340;1
 80,60400; 5,73000;      -0,53816; 99,88734;50,00000;20,00000;1,19343;1
 80,73000; 5,74000;      -0,53930; 99,88827;52,00000;20,00000;1,19346;1
 80,84400; 5,75000;      -0,54006; 99,88797;50,00000;20,00000;1,19348;1
 80,96400; 5,76000;      -0,54113; 99,88886;50,00000;20,00000;1,19351;1
 81,10200; 5,77000;      -0,54189; 99,88855;50,00000;20,00000;1,19354;1
 81,22400; 5,78000;      -0,54288; 99,88827;52,00000;20,00000;1,19357;1
 81,34900; 5,79000;      -0,54372; 99,88803;50,00000;20,00000;1,19360;1
 81,47400; 5,80000;      -0,54456; 99,88898;50,00000;20,00000;1,19362;1
 81,58200; 5,81000;      -0,54555; 99,88867;50,00000;20,00000;1,19365;1
 81,72200; 5,82000;      -0,54554; 99,88831;50,00000;20,00000;1,19368;1
 81,84800; 5,83000;      -0,54653; 99,88794;49,00000;20,00000;1,19371;1
 81,97600; 5,84000;      -0,54744; 99,88886;50,00000;20,00000;1,19374;1
 82,09900; 5,85000;      -0,54812; 99,88869;52,00000;20,00000;1,19376;1
 82,22100; 5,86000;      -0,54896; 99,88865;50,00000;20,00000;1,19379;1
 82,34300; 5,87000;      -0,55003; 99,88869;49,00000;20,00000;1,19382;1
 82,47000; 5,88000;      -0,55110; 99,88875;50,00000;20,00000;1,19385;1
 82,59100; 5,89000;      -0,55201; 99,88753;52,00000;20,00000;1,19387;1
 82,71000; 5,90000;      -0,55300; 99,88617;49,00000;20,00000;1,19390;1
 82,83900; 5,91000;      -0,55392; 99,88585;49,00000;20,00000;1,19393;1
 82,95500; 5,92000;      -0,55476; 99,88418;50,00000;20,00000;1,19395;1
 83,10000; 5,93000;      -0,55582; 99,88247;49,00000;20,00000;1,19398;1
 83,22900; 5,94000;      -0,55666; 99,88079;49,00000;20,00000;1,19401;1
 83,34700; 5,95000;      -0,55757; 99,87922;49,00000;20,00000;1,19404;1
 83,46900; 5,96000;      -0,55872; 99,87779;52,00000;20,00000;1,19406;1
 83,60600; 5,97000;      -0,55909; 99,87651;50,00000;20,00000;1,19409;1
 83,73300; 5,98000;      -0,55970; 99,87531;49,00000;20,00000;1,19412;1
 83,84300; 5,99000;      -0,56092; 99,87410;50,00000;20,00000;1,19414;1
 83,96600; 6,00000;      -0,56191; 99,87283;52,00000;20,00000;1,19417;1
 84,09700; 6,01000;      -0,56244; 99,87145;50,00000;20,00000;1,19420;1
 84,22600; 6,02000;      -0,56327; 99,87000;49,00000;20,00000;1,19423;1
 84,35200; 6,03000;      -0,56427; 99,86856;50,00000;20,00000;1,19425;1
 84,48200; 6,04000;      -0,56526; 99,86717;50,00000;20,00000;1,19428;1
 84,60100; 6,05000;      -0,56602; 99,86586;49,00000;20,00000;1,19431;1
 84,73200; 6,06000;      -0,56693; 99,86461;49,00000;20,00000;1,19433;1
 84,85200; 6,07000;      -0,56769; 99,86337;51,00000;20,00000;1,19436;1
 84,98100; 6,08000;      -0,56868; 99,86212;51,00000;20,00000;1,19439;1
 85,10300; 6,09000;      -0,56967; 99,86083;51,00000;20,00000;1,19441;1
 85,23000; 6,10000;      -0,57043; 99,85951;49,00000;20,00000;1,19444;1
 85,35600; 6,11000;      -0,57142; 99,85820;50,00000;20,00000;1,19446;1
 85,48700; 6,12000;      -0,57226; 99,85692;50,00000;20,00000;1,19449;1
 85,61400; 6,13000;      -0,57294; 99,85567;49,00000;20,00000;1,19452;1
 85,73000; 6,14000;      -0,57316; 99,85445;50,00000;20,00000;1,19454;1
 85,85800; 6,15000;      -0,57469; 99,85324;50,00000;20,00000;1,19457;1
 85,99400; 6,16000;      -0,57560; 99,85199;50,00000;20,00000;1,19459;1
 86,10700; 6,17000;      -0,57613; 99,85068;49,00000;20,00000;1,19462;1
 86,23700; 6,18000;      -0,57651; 99,84932;51,00000;20,00000;1,19464;1
 86,36600; 6,19000;      -0,57788; 99,84797;50,00000;20,00000;1,19467;1
 86,49400; 6,20000;      -0,57887; 99,84670;51,00000;20,00000;1,19470;1
 86,62700; 6,21000;      -0,58002; 99,84558;49,00000;20,00000;1,19472;1
 86,74900; 6,22000;      -0,58116; 99,84461;49,00000;20,00000;1,19475;1
 86,86900; 6,23000;      -0,58138; 99,84370;51,00000;20,00000;1,19477;1
 86,98900; 6,24000;      -0,58184; 99,84273;51,00000;20,00000;1,19480;1
 87,11000; 6,25000;      -0,58244; 99,84161;49,00000;20,00000;1,19482;1
 87,24100; 6,26000;      -0,58343; 99,84038;50,00000;20,00000;1,19485;1
 87,37100; 6,27000;      -0,58527; 99,83910;50,00000;20,00000;1,19487;1
 87,50900; 6,28000;      -0,58641; 99,83787;49,00000;20,00000;1,19490;1
 87,62500; 6,29000;      -0,58694; 99,83669;49,00000;20,00000;1,19492;1
 87,74100; 6,30000;      -0,58794; 99,83557;50,00000;20,00000;1,19494;1
 87,88100; 6,31000;      -0,58885; 99,83445;51,00000;20,00000;1,19497;1
 88,00100; 6,32000;      -0,58860; 99,83331;49,00000;20,00000;1,19499;1
 88,12700; 6,33000;      -0,58906; 99,83217;50,00000;20,00000;1,19502;1
 88,25700; 6,34000;      -0,58974; 99,83105;50,00000;20,00000;1,19504;1
 88,38300; 6,35000;      -0,59104; 99,82630;51,00000;20,00000;1,19507;1
 88,50300; 6,36000;      -0,59226; 99,82155;49,00000;20,00000;1,19509;1
 88,63500; 6,37000;      -0,59325; 99,81798;50,00000;20,00000;1,19512;1
 88,75700; 6,38000;      -0,59409; 99,81317;50,00000;20,00000;1,19514;1
 88,88700; 6,39000;      -0,59531; 99,81078;50,00000;20,00000;1,19517;1
 89,01600; 6,40000;      -0,59638; 99,80718;49,00000;20,00000;1,19519;1
 89,14600; 6,41000;      -0,59690; 99,80600;51,00000;20,00000;1,19522;1
 89,25600; 6,42000;      -0,59751; 99,80361;50,00000;20,00000;1,19524;1
 89,40100; 6,43000;      -0,59819; 99,80244;49,00000;20,00000;1,19526;1
 89,52100; 6,44000;      -0,59849; 99,80009;50,00000;20,00000;1,19529;1
 89,65100; 6,45000;      -0,59963; 99,79898;50,00000;20,00000;1,19531;1
 89,77200; 6,46000;      -0,60078; 99,79793;50,00000;20,00000;1,19533;1
 89,90600; 6,47000;      -0,60177; 99,79691;49,00000;20,00000;1,19536;1
 90,02700; 6,48000;      -0,60238; 99,79468;50,00000;20,00000;1,19538;1
 90,14500; 6,49000;      -0,60236; 99,79363;50,00000;20,00000;1,19540;1
 90,28700; 6,50000;      -0,60258; 99,79254;50,00000;20,00000;1,19543;1
 90,40200; 6,51000;      -0,60435; 99,79142;49,00000;20,00000;1,19545;1
 90,53300; 6,52000;      -0,60572; 99,79028;51,00000;20,00000;1,19547;1
 90,66300; 6,53000;      -0,60648; 99,78917;51,00000;20,00000;1,19550;1
 90,79200; 6,54000;      -0,60747; 99,78688;51,00000;20,00000;1,19552;1
 90,91100; 6,55000;      -0,60785; 99,78582;49,00000;20,00000;1,19554;1
 91,04400; 6,56000;      -0,60853; 99,78477;50,00000;20,00000;1,19557;1
 91,16500; 6,57000;      -0,60875; 99,78370;50,00000;20,00000;1,19559;1
 91,29700; 6,58000;      -0,60935; 99,78257;52,00000;20,00000;1,19561;1
 91,42000; 6,59000;      -0,61104; 99,78139;49,00000;20,00000;1,19563;1
 91,54600; 6,60000;      -0,61241; 99,78017;50,00000;20,00000;1,19566;1
 91,68500; 6,61000;      -0,61263; 99,77773;50,00000;20,00000;1,19568;1
 91,80800; 6,62000;      -0,61347; 99,77652;49,00000;20,00000;1,19570;1
 91,93200; 6,63000;      -0,61454; 99,77536;49,00000;20,00000;1,19573;1
 92,06600; 6,64000;      -0,61530; 99,77425;50,00000;20,00000;1,19575;1
 92,19300; 6,65000;      -0,61567; 99,77319;51,00000;20,00000;1,19577;1
 92,31700; 6,66000;      -0,61689; 99,77217;49,00000;20,00000;1,19579;1
 92,44200; 6,67000;      -0,61758; 99,76996;49,00000;20,00000;1,19582;1
 92,57400; 6,68000;      -0,61849; 99,76897;50,00000;20,00000;1,19584;1
 92,69700; 6,69000;      -0,61948; 99,76681;50,00000;20,00000;1,19586;1
 92,82400; 6,70000;      -0,61970; 99,76471;49,00000;20,00000;1,19588;1
 92,95800; 6,71000;      -0,62031; 99,76266;49,00000;20,00000;1,19590;1
 93,07700; 6,72000;      -0,62137; 99,76063;50,00000;20,00000;1,19593;1
 93,19700; 6,73000;      -0,62190; 99,75856;50,00000;20,00000;1,19595;1
 93,32500; 6,74000;      -0,62251; 99,75763;49,00000;20,00000;1,19597;1
 93,45600; 6,75000;      -0,62358; 99,75543;49,00000;20,00000;1,19599;1
 93,58000; 6,76000;      -0,62441; 99,75439;51,00000;20,00000;1,19601;1
 93,72000; 6,77000;      -0,62579; 99,75215;50,00000;20,00000;1,19603;1
 93,83100; 6,78000;      -0,62609; 99,75111;49,00000;20,00000;1,19605;1
 93,96400; 6,79000;      -0,62708; 99,75005;50,00000;20,00000;1,19608;1
 94,09600; 6,80000;      -0,62815; 99,74653;50,00000;20,00000;1,19610;1
 94,21700; 6,81000;      -0,62898; 99,74417;50,00000;20,00000;1,19612;1
 94,35000; 6,82000;      -0,62936; 99,74059;49,00000;20,00000;1,19614;1
 94,47600; 6,83000;      -0,63058; 99,73707;50,00000;20,00000;1,19616;1
 94,61600; 6,84000;      -0,63134; 99,73489;50,00000;20,00000;1,19618;1
 94,73300; 6,85000;      -0,63210; 99,73169;50,00000;20,00000;1,19620;1
 94,87200; 6,86000;      -0,63278; 99,72983;49,00000;20,00000;1,19623;1
 94,97400; 6,87000;      -0,63370; 99,72803;51,00000;20,00000;1,19624;1
 95,10500; 6,88000;      -0,63361; 99,72617;50,00000;20,00000;1,19626;1
 95,22800; 6,89000;      -0,63444; 99,72422;52,00000;20,00000;1,19628;1
 95,36200; 6,90000;      -0,63559; 99,72214;50,00000;20,00000;1,19630;1
 95,48300; 6,91000;      -0,63658; 99,71999;50,00000;20,00000;1,19632;1
 95,61400; 6,92000;      -0,63749; 99,71783;50,00000;20,00000;1,19635;1
 95,74100; 6,93000;      -0,63825; 99,71569;51,00000;20,00000;1,19637;1
 95,86900; 6,94000;      -0,63878; 99,71362;50,00000;20,00000;1,19639;1
 96,00000; 6,95000;      -0,63931; 99,71162;50,00000;20,00000;1,19641;1
 96,11600; 6,96000;      -0,64023; 99,70966;50,00000;20,00000;1,19642;1
 96,24900; 6,97000;      -0,64106; 99,70769;49,00000;20,00000;1,19645;1
 96,36600; 6,98000;      -0,64190; 99,70565;49,00000;20,00000;1,19646;1
 96,50100; 6,99000;      -0,64251; 99,70472;50,00000;20,00000;1,19649;1
 96,61200; 7,00000;      -0,64319; 99,70129;50,00000;20,00000;1,19650;1
 96,76500; 7,01000;      -0,64395; 99,69903;49,00000;20,00000;1,19653;1
 96,88400; 7,02000;      -0,64479; 99,69678;49,00000;20,00000;1,19654;1
 97,01100; 7,03000;      -0,64578; 99,69334;50,00000;20,00000;1,19656;1
 97,13200; 7,04000;      -0,64661; 99,69115;49,00000;20,00000;1,19658;1
 97,27200; 7,05000;      -0,64745; 99,68901;49,00000;20,00000;1,19660;1
 97,39400; 7,06000;      -0,64806; 99,68693;49,00000;20,00000;1,19662;1
 97,52300; 7,07000;      -0,64874; 99,68491;50,00000;20,00000;1,19664;1
 97,64600; 7,08000;      -0,64965; 99,68295;49,00000;20,00000;1,19666;1
 97,77600; 7,09000;      -0,65041; 99,67979;49,00000;20,00000;1,19668;1
 97,89300; 7,10000;      -0,65133; 99,67780;51,00000;20,00000;1,19670;1
 98,02200; 7,11000;      -0,65193; 99,67573;50,00000;20,00000;1,19672;1
 98,15700; 7,12000;      -0,65200; 99,67360;49,00000;20,00000;1,19674;1
 98,27300; 7,13000;      -0,65245; 99,67143;50,00000;20,00000;1,19675;1
 98,41000; 7,14000;      -0,65391; 99,66808;50,00000;20,00000;1,19677;1
 98,54300; 7,15000;      -0,65497; 99,66357;50,00000;20,00000;1,19679;1
 98,66300; 7,16000;      -0,65558; 99,65911;49,00000;20,00000;1,19681;1
 98,79000; 7,17000;      -0,65650; 99,65347;50,00000;20,00000;1,19683;1
 98,90600; 7,18000;      -0,65703; 99,64783;50,00000;20,00000;1,19685;1
 99,04900; 7,19000;      -0,65755; 99,64342;49,00000;20,00000;1,19687;1
 99,17300; 7,20000;      -0,65824; 99,63782;50,00000;20,00000;1,19688;1
 99,29800; 7,21000;      -0,65915; 99,63345;50,00000;20,00000;1,19690;1
 99,41900; 7,22000;      -0,65991; 99,63030;50,00000;20,00000;1,19692;1
 99,54100; 7,23000;      -0,66067; 99,62715;51,00000;20,00000;1,19694;1
 99,68100; 7,24000;      -0,66182; 99,62521;50,00000;20,00000;1,19696;1
 99,80400; 7,25000;      -0,66242; 99,62329;50,00000;20,00000;1,19697;1
 99,92300; 7,26000;      -0,66280; 99,62259;50,00000;20,00000;1,19699;1
100,05300; 7,27000;      -0,66364; 99,62068;50,00000;20,00000;1,19701;1
100,18000; 7,28000;      -0,66471; 99,61874;51,00000;20,00000;1,19703;1
100,29900; 7,29000;      -0,66524; 99,61678;50,00000;20,00000;1,19704;1
100,42800; 7,30000;      -0,66523; 99,61482;50,00000;20,00000;1,19706;1
100,57000; 7,31000;      -0,66652; 99,61168;50,00000;20,00000;1,19708;1
100,68100; 7,32000;      -0,66752; 99,60979;49,00000;20,00000;1,19710;1
100,80900; 7,33000;      -0,66805; 99,60671;50,00000;20,00000;1,19711;1
100,93200; 7,34000;      -0,66865; 99,60480;50,00000;20,00000;1,19713;1
101,06100; 7,35000;      -0,66926; 99,60041;51,00000;20,00000;1,19715;1
101,17800; 7,36000;      -0,67079; 99,59721;51,00000;20,00000;1,19716;1
101,33000; 7,37000;      -0,67132; 99,59282;50,00000;20,00000;1,19718;1
101,43800; 7,38000;      -0,67154; 99,58844;50,00000;20,00000;1,19720;1
101,56700; 7,39000;      -0,67184; 99,58528;50,00000;20,00000;1,19721;1
101,68600; 7,40000;      -0,67260; 99,58092;52,00000;20,00000;1,19723;1
101,82900; 7,41000;      -0,67321; 99,57654;50,00000;20,00000;1,19725;1
101,94200; 7,42000;      -0,67474; 99,57212;50,00000;20,00000;1,19726;1
102,07700; 7,43000;      -0,67542; 99,56766;50,00000;20,00000;1,19728;1
102,19200; 7,44000;      -0,67618; 99,56437;50,00000;20,00000;1,19730;1
102,33100; 7,45000;      -0,67648; 99,56109;49,00000;20,00000;1,19731;1
102,45700; 7,46000;      -0,67686; 99,55666;49,00000;20,00000;1,19733;1
102,59200; 7,47000;      -0,67777; 99,55353;52,00000;20,00000;1,19735;1
102,70300; 7,48000;      -0,67823; 99,55052;51,00000;20,00000;1,19736;1
102,84000; 7,49000;      -0,67906; 99,54881;49,00000;20,00000;1,19738;1
102,95700; 7,50000;      -0,67990; 99,54590;50,00000;20,00000;1,19739;1
103,07300; 7,51000;      -0,68074; 99,54294;50,00000;20,00000;1,19741;1
103,21300; 7,52000;      -0,68165; 99,54112;52,00000;20,00000;1,19743;1
103,32500; 7,53000;      -0,68234; 99,53807;49,00000;20,00000;1,19744;1
103,45600; 7,54000;      -0,68302; 99,53614;50,00000;20,00000;1,19746;1
103,58700; 7,55000;      -0,68401; 99,53411;50,00000;20,00000;1,19747;1
103,72200; 7,56000;      -0,68454; 99,53208;50,00000;20,00000;1,19749;1
103,83600; 7,57000;      -0,68454; 99,53013;49,00000;20,00000;1,19750;1
103,97400; 7,58000;      -0,68553; 99,52707;49,00000;20,00000;1,19752;1
104,09500; 7,59000;      -0,68621; 99,52529;52,00000;20,00000;1,19753;1
104,21300; 7,60000;      -0,68690; 99,52350;50,00000;20,00000;1,19755;1
104,33700; 7,61000;      -0,68750; 99,52170;49,00000;20,00000;1,19756;1
104,47500; 7,62000;      -0,68834; 99,51992;51,00000;20,00000;1,19758;1
104,58600; 7,63000;      -0,68903; 99,51686;50,00000;20,00000;1,19759;1
104,71500; 7,64000;      -0,68940; 99,51496;52,00000;20,00000;1,19761;1
104,84700; 7,65000;      -0,68986; 99,51309;50,00000;20,00000;1,19762;1
104,97600; 7,66000;      -0,69123; 99,51127;49,00000;20,00000;1,19764;1
105,10000; 7,67000;      -0,69199; 99,50950;50,00000;20,00000;1,19765;1
105,21600; 7,68000;      -0,69222; 99,50648;50,00000;20,00000;1,19767;1
105,33900; 7,69000;      -0,69275; 99,50462;49,00000;20,00000;1,19768;1
105,46400; 7,70000;      -0,69436; 99,50152;49,00000;20,00000;1,19769;1
105,60200; 7,71000;      -0,69512; 99,49838;50,00000;20,00000;1,19771;1
105,73300; 7,72000;      -0,69565; 99,49638;51,00000;20,00000;1,19773;1
105,85000; 7,73000;      -0,69633; 99,49321;49,00000;20,00000;1,19774;1
105,98100; 7,74000;      -0,69671; 99,48891;49,00000;20,00000;1,19775;1
106,10400; 7,75000;      -0,69709; 99,48592;49,00000;20,00000;1,19777;1
106,23400; 7,76000;      -0,69769; 99,48295;52,00000;20,00000;1,19778;1
106,35300; 7,77000;      -0,69861; 99,47998;50,00000;20,00000;1,19779;1
106,47500; 7,78000;      -0,69868; 99,47710;49,00000;20,00000;1,19781;1
106,60500; 7,79000;      -0,69944; 99,47424;50,00000;20,00000;1,19782;1
106,71200; 7,80000;      -0,70020; 99,47129;50,00000;20,00000;1,19783;1
106,85300; 7,81000;      -0,70058; 99,46827;49,00000;20,00000;1,19785;1
106,98400; 7,82000;      -0,70119; 99,46643;49,00000;20,00000;1,19786;1
107,09900; 7,83000;      -0,70203; 99,46216;49,00000;20,00000;1,19788;1
107,22100; 7,84000;      -0,70271; 99,45787;51,00000;20,00000;1,19789;1
107,35600; 7,85000;      -0,70355; 99,45475;50,00000;20,00000;1,19790;1
107,47400; 7,86000;      -0,70439; 99,45040;49,00000;20,00000;1,19791;1
107,60700; 7,87000;      -0,70477; 99,44484;49,00000;20,00000;1,19793;1
107,73100; 7,88000;      -0,70507; 99,43926;51,00000;20,00000;1,19794;1
107,85200; 7,89000;      -0,70583; 99,43365;51,00000;20,00000;1,19795;1
107,99400; 7,90000;      -0,70659; 99,42687;49,00000;20,00000;1,19797;1
108,10800; 7,91000;      -0,70720; 99,42136;49,00000;20,00000;1,19798;1
108,23600; 7,92000;      -0,70796; 99,41715;50,00000;20,00000;1,19799;1
108,36700; 7,93000;      -0,70834; 99,41299;50,00000;20,00000;1,19801;1
108,48700; 7,94000;      -0,70871; 99,41004;49,00000;20,00000;1,19802;1
108,60400; 7,95000;      -0,70978; 99,40599;49,00000;20,00000;1,19803;1
108,73200; 7,96000;      -0,71032; 99,40323;50,00000;20,00000;1,19804;1
108,85100; 7,97000;      -0,71108; 99,39916;50,00000;20,00000;1,19805;1
108,97800; 7,98000;      -0,71176; 99,39496;49,00000;20,00000;1,19807;1
109,10100; 7,99000;      -0,71268; 99,39066;49,00000;20,00000;1,19808;1
109,22400; 8,00000;      -0,71337; 99,38748;49,00000;20,00000;1,19809;1
109,36500; 8,01000;      -0,71359; 99,38303;52,00000;20,00000;1,19810;1
109,47300; 8,02000;      -0,71420; 99,37852;50,00000;20,00000;1,19811;1
109,62100; 8,03000;      -0,71480; 99,37169;49,00000;20,00000;1,19813;1
109,73800; 8,04000;      -0,71557; 99,36498;49,00000;20,00000;1,19814;1
109,85700; 8,05000;      -0,71633; 99,35948;50,00000;20,00000;1,19815;1
109,99200; 8,06000;      -0,71702; 99,35275;50,00000;20,00000;1,19816;1
110,11100; 8,07000;      -0,71701; 99,34726;49,00000;20,00000;1,19817;1
110,24600; 8,08000;      -0,71731; 99,34303;49,00000;20,00000;1,19819;1
110,36300; 8,09000;      -0,71869; 99,33765;50,00000;20,00000;1,19820;1
110,49400; 8,10000;      -0,71922; 99,33350;50,00000;20,00000;1,19821;1
110,61100; 8,11000;      -0,71952; 99,32937;49,00000;20,00000;1,19822;1
110,73700; 8,12000;      -0,71967; 99,32532;49,00000;20,00000;1,19823;1
110,85300; 8,13000;      -0,72066; 99,32126;49,00000;20,00000;1,19824;1
110,99200; 8,14000;      -0,72104; 99,31716;52,00000;20,00000;1,19825;1
111,10700; 8,15000;      -0,72196; 99,31301;50,00000;20,00000;1,19826;1
111,22700; 8,16000;      -0,72241; 99,30761;49,00000;20,00000;1,19828;1
111,35300; 8,17000;      -0,72294; 99,30218;50,00000;20,00000;1,19829;1
111,48900; 8,18000;      -0,72301; 99,29791;50,00000;20,00000;1,19830;1
111,60400; 8,19000;      -0,72378; 99,29366;50,00000;20,00000;1,19831;1
111,73500; 8,20000;      -0,72477; 99,28588;49,00000;20,00000;1,19832;1
111,85500; 8,21000;      -0,72553; 99,27938;49,00000;20,00000;1,19833;1
111,98500; 8,22000;      -0,72614; 99,27288;50,00000;20,00000;1,19834;1
112,10100; 8,23000;      -0,72668; 99,26519;49,00000;20,00000;1,19835;1
112,22500; 8,24000;      -0,72690; 99,26230;49,00000;20,00000;1,19836;1
112,35000; 8,25000;      -0,72728; 99,25934;49,00000;20,00000;1,19837;1
112,46900; 8,26000;      -0,72743; 99,25749;52,00000;20,00000;1,19838;1
112,59700; 8,27000;      -0,72796; 99,25558;50,00000;20,00000;1,19839;1
112,73000; 8,28000;      -0,72849; 99,25496;49,00000;20,00000;1,19840;1
112,86000; 8,29000;      -0,72964; 99,25204;50,00000;20,00000;1,19841;1
112,97100; 8,30000;      -0,72986; 99,24917;50,00000;20,00000;1,19842;1
113,09700; 8,31000;      -0,73047; 99,24752;50,00000;20,00000;1,19843;1
113,22500; 8,32000;      -0,73085; 99,24469;49,00000;20,00000;1,19844;1
113,34000; 8,33000;      -0,73200; 99,24061;49,00000;20,00000;1,19845;1
113,47100; 8,34000;      -0,73292; 99,23766;50,00000;20,00000;1,19846;1
113,58300; 8,35000;      -0,73299; 99,23460;50,00000;20,00000;1,19847;1
113,71200; 8,36000;      -0,73306; 99,23151;49,00000;20,00000;1,19848;1
113,85200; 8,37000;      -0,73359; 99,22846;49,00000;20,00000;1,19849;1
113,96800; 8,38000;      -0,73412; 99,22664;51,00000;20,00000;1,19850;1
114,10200; 8,39000;      -0,73466; 99,22485;50,00000;20,00000;1,19851;1
114,20900; 8,40000;      -0,73542; 99,22313;49,00000;20,00000;1,19852;1
114,34900; 8,41000;      -0,73611; 99,22142;50,00000;20,00000;1,19853;1
114,46100; 8,42000;      -0,73649; 99,21849;50,00000;20,00000;1,19853;1
114,58300; 8,43000;      -0,73664; 99,20946;51,00000;20,00000;1,19854;1
114,71400; 8,44000;      -0,73709; 99,20528;49,00000;20,00000;1,19855;1
114,84500; 8,45000;      -0,73762; 99,19999;49,00000;20,00000;1,19856;1
114,96300; 8,46000;      -0,73808; 99,19472;50,00000;20,00000;1,19857;1
115,07700; 8,47000;      -0,73877; 99,19060;50,00000;20,00000;1,19858;1
115,20100; 8,48000;      -0,73907; 99,18523;49,00000;20,00000;1,19859;1
115,33300; 8,49000;      -0,73899; 99,17982;50,00000;20,00000;1,19860;1
115,45800; 8,50000;      -0,73952; 99,17437;50,00000;20,00000;1,19860;1
115,58400; 8,51000;      -0,74075; 99,17008;52,00000;20,00000;1,19861;1
115,69800; 8,52000;      -0,74136; 99,16455;50,00000;20,00000;1,19862;1
115,83300; 8,53000;      -0,74220; 99,16032;49,00000;20,00000;1,19863;1
115,95400; 8,54000;      -0,74219; 99,15504;50,00000;20,00000;1,19864;1
116,09100; 8,55000;      -0,74226; 99,14737;50,00000;20,00000;1,19865;1
116,19600; 8,56000;      -0,74311; 99,14090;49,00000;20,00000;1,19865;1
116,31700; 8,57000;      -0,74372; 99,13321;50,00000;20,00000;1,19866;1
116,44400; 8,58000;      -0,74425; 99,12787;50,00000;20,00000;1,19867;1
116,57200; 8,59000;      -0,74478; 99,12369;50,00000;20,00000;1,19868;1
116,69300; 8,60000;      -0,74509; 99,12065;50,00000;20,00000;1,19868;1
116,82200; 8,61000;      -0,74493; 99,11640;50,00000;20,00000;1,19869;1
116,94200; 8,62000;      -0,74523; 99,11226;50,00000;20,00000;1,19870;1
117,06700; 8,63000;      -0,74561; 99,10937;51,00000;20,00000;1,19871;1
117,19600; 8,64000;      -0,74668; 99,10405;50,00000;20,00000;1,19871;1
117,30800; 8,65000;      -0,74729; 99,09994;49,00000;20,00000;1,19872;1
117,44000; 8,66000;      -0,74721; 99,09582;50,00000;20,00000;1,19873;1
117,55300; 8,67000;      -0,74767; 99,09169;50,00000;20,00000;1,19874;1
117,68800; 8,68000;      -0,74782; 99,08751;52,00000;20,00000;1,19874;1
117,80800; 8,69000;      -0,74835; 99,08332;49,00000;20,00000;1,19875;1
117,93400; 8,70000;      -0,74889; 99,07677;50,00000;20,00000;1,19876;1
118,04400; 8,71000;      -0,74919; 99,07142;50,00000;20,00000;1,19876;1
118,18600; 8,72000;      -0,74957; 99,06601;50,00000;20,00000;1,19877;1
118,30400; 8,73000;      -0,75003; 99,05815;50,00000;20,00000;1,19878;1
118,42400; 8,74000;      -0,75033; 99,05266;51,00000;20,00000;1,19878;1
118,54500; 8,75000;      -0,75110; 99,04716;50,00000;20,00000;1,19879;1
118,68300; 8,76000;      -0,75163; 99,04406;51,00000;20,00000;1,19880;1
118,81000; 8,77000;      -0,75209; 99,03974;49,00000;20,00000;1,19880;1
118,92200; 8,78000;      -0,75231; 99,03556;51,00000;20,00000;1,19881;1
119,05600; 8,79000;      -0,75254; 99,03154;50,00000;20,00000;1,19882;1
119,16400; 8,80000;      -0,75292; 99,02754;52,00000;20,00000;1,19882;1
119,29400; 8,81000;      -0,75292; 99,02351;50,00000;20,00000;1,19883;1
119,41700; 8,82000;      -0,75314; 99,01948;49,00000;20,00000;1,19884;1
119,54100; 8,83000;      -0,75376; 99,01667;50,00000;20,00000;1,19884;1
119,65900; 8,84000;      -0,75391; 99,01265;50,00000;20,00000;1,19885;1
119,78100; 8,85000;      -0,75467; 99,00979;50,00000;20,00000;1,19885;1
119,90300; 8,86000;      -0,75505; 99,00569;49,00000;20,00000;1,19886;1
120,02800; 8,87000;      -0,75559; 98,99678;50,00000;20,00000;1,19886;1
120,14500; 8,88000;      -0,75574; 98,99028;52,00000;20,00000;1,19887;1
120,28500; 8,89000;      -0,75589; 98,98376;50,00000;20,00000;1,19888;1
120,39900; 8,90000;      -0,75588; 98,97726;49,00000;20,00000;1,19888;1
120,51600; 8,91000;      -0,75634; 98,97314;51,00000;20,00000;1,19889;1
120,63600; 8,92000;      -0,75657; 98,97139;50,00000;20,00000;1,19889;1
120,76300; 8,93000;      -0,75687; 98,96835;52,00000;20,00000;1,19890;1
120,89400; 8,94000;      -0,75710; 98,96532;49,00000;20,00000;1,19890;1
121,02000; 8,95000;      -0,75748; 98,96244;50,00000;20,00000;1,19891;1
121,14200; 8,96000;      -0,75786; 98,95844;50,00000;20,00000;1,19891;1
121,26100; 8,97000;      -0,75801; 98,95450;50,00000;20,00000;1,19892;1
121,37700; 8,98000;      -0,75886; 98,95059;49,00000;20,00000;1,19892;1
121,49700; 8,99000;      -0,75947; 98,94666;51,00000;20,00000;1,19893;1
121,62100; 9,00000;      -0,75931; 98,94146;50,00000;20,00000;1,19893;1
121,73700; 9,01000;      -0,75939; 98,93738;50,00000;20,00000;1,19894;1
121,87100; 9,02000;      -0,75961; 98,93204;50,00000;20,00000;1,19894;1
121,98800; 9,03000;      -0,76023; 98,92553;51,00000;20,00000;1,19895;1
122,10800; 9,04000;      -0,76030; 98,92023;50,00000;20,00000;1,19895;1
122,23200; 9,05000;      -0,76037; 98,91606;52,00000;20,00000;1,19896;1
122,36200; 9,06000;      -0,76076; 98,91180;50,00000;20,00000;1,19896;1
122,47600; 9,07000;      -0,76106; 98,90875;49,00000;20,00000;1,19896;1
122,61000; 9,08000;      -0,76129; 98,90452;50,00000;20,00000;1,19897;1
122,73600; 9,09000;      -0,76206; 98,90157;50,00000;20,00000;1,19897;1
122,86000; 9,10000;      -0,76244; 98,89864;49,00000;20,00000;1,19898;1
122,97300; 9,11000;      -0,76251; 98,89573;49,00000;20,00000;1,19898;1
123,09100; 9,12000;      -0,76259; 98,89287;51,00000;20,00000;1,19898;1
123,22000; 9,13000;      -0,76243; 98,88998;50,00000;20,00000;1,19899;1
123,34600; 9,14000;      -0,76266; 98,88700;49,00000;20,00000;1,19899;1
123,46600; 9,15000;      -0,76319; 98,88159;50,00000;20,00000;1,19900;1
123,58900; 9,16000;      -0,76335; 98,87739;52,00000;20,00000;1,19900;1
123,71600; 9,17000;      -0,76327; 98,87322;50,00000;20,00000;1,19900;1
123,84100; 9,18000;      -0,76365; 98,86907;49,00000;20,00000;1,19901;1
123,96100; 9,19000;      -0,76380; 98,86376;50,00000;20,00000;1,19901;1
124,08100; 9,20000;      -0,76387; 98,85981;50,00000;20,00000;1,19901;1
124,20400; 9,21000;      -0,76410; 98,85471;49,00000;20,00000;1,19902;1
124,32100; 9,22000;      -0,76441; 98,84958;50,00000;20,00000;1,19902;1
124,44100; 9,23000;      -0,76441; 98,84320;50,00000;20,00000;1,19902;1
124,55800; 9,24000;      -0,76440; 98,83434;52,00000;20,00000;1,19903;1
124,68700; 9,25000;      -0,76479; 98,82541;49,00000;20,00000;1,19903;1
124,80200; 9,26000;      -0,76494; 98,81761;51,00000;20,00000;1,19903;1
124,93700; 9,27000;      -0,76524; 98,81340;50,00000;20,00000;1,19904;1
125,05200; 9,28000;      -0,76532; 98,80926;52,00000;20,00000;1,19904;1
125,17900; 9,29000;      -0,76547; 98,80520;49,00000;20,00000;1,19904;1
125,29900; 9,30000;      -0,76578; 98,79989;50,00000;20,00000;1,19904;1
125,41600; 9,31000;      -0,76555; 98,79087;50,00000;20,00000;1,19905;1
125,54100; 9,32000;      -0,76570; 98,78545;49,00000;20,00000;1,19905;1
125,67000; 9,33000;      -0,76585; 98,77883;51,00000;20,00000;1,19905;1
125,79200; 9,34000;      -0,76585; 98,77347;51,00000;20,00000;1,19905;1
125,93100; 9,35000;      -0,76592; 98,76814;51,00000;20,00000;1,19906;1
126,02700; 9,36000;      -0,76592; 98,76162;49,00000;20,00000;1,19906;1
126,15000; 9,37000;      -0,76607; 98,75639;51,00000;20,00000;1,19906;1
126,27800; 9,38000;      -0,76638; 98,75115;51,00000;20,00000;1,19906;1
126,40700; 9,39000;      -0,76653; 98,74708;50,00000;20,00000;1,19907;1
126,52400; 9,40000;      -0,76669; 98,74301;49,00000;20,00000;1,19907;1
126,64100; 9,41000;      -0,76684; 98,73771;50,00000;20,00000;1,19907;1
126,76600; 9,42000;      -0,76699; 98,73359;50,00000;20,00000;1,19907;1
126,88200; 9,43000;      -0,76730; 98,72939;49,00000;20,00000;1,19907;1
127,01100; 9,44000;      -0,76745; 98,72398;50,00000;20,00000;1,19908;1
127,14300; 9,45000;      -0,76729; 98,71142;51,00000;20,00000;1,19908;1
127,26100; 9,46000;      -0,76752; 98,70252;49,00000;20,00000;1,19908;1
127,37700; 9,47000;      -0,76752; 98,69363;49,00000;20,00000;1,19908;1
127,49700; 9,48000;      -0,76745; 98,69081;49,00000;20,00000;1,19908;1
127,62200; 9,49000;      -0,76768; 98,68920;51,00000;20,00000;1,19908;1
127,74500; 9,50000;      -0,76783; 98,68515;49,00000;20,00000;1,19908;1
127,86600; 9,51000;      -0,76775; 98,67986;49,00000;20,00000;1,19909;1
127,97700; 9,52000;      -0,76760; 98,67210;50,00000;20,00000;1,19909;1
128,11501; 9,53000;      -0,76744; 98,66681;50,00000;20,00000;1,19909;1
128,22701; 9,54000;      -0,76752; 98,66154;50,00000;20,00000;1,19909;1
128,34900; 9,55000;      -0,76767; 98,65620;51,00000;20,00000;1,19909;1
128,47400; 9,56000;      -0,76805; 98,65084;50,00000;20,00000;1,19909;1
128,60400; 9,57000;      -0,76828; 98,64432;52,00000;20,00000;1,19909;1
128,71800; 9,58000;      -0,76813; 98,63910;49,00000;20,00000;1,19909;1
128,84801; 9,59000;      -0,76805; 98,63277;49,00000;20,00000;1,19909;1
128,96400; 9,60000;      -0,76813; 98,62888;51,00000;20,00000;1,19909;1
129,06799; 9,61000;      -0,76790; 98,62378;51,00000;20,00000;1,19909;1
129,19400; 9,62000;      -0,76782; 98,61991;49,00000;20,00000;1,19909;1
129,32100; 9,63000;      -0,76790; 98,60994;50,00000;20,00000;1,19910;1
129,43100; 9,64000;      -0,76782; 98,60230;50,00000;20,00000;1,19910;1
129,56500; 9,65000;      -0,76790; 98,59460;50,00000;20,00000;1,19910;1
129,67700; 9,66000;      -0,76790; 98,58803;49,00000;20,00000;1,19910;1
129,79500; 9,67000;      -0,76797; 98,58501;49,00000;20,00000;1,19910;1
129,92400; 9,68000;      -0,76805; 98,58310;52,00000;20,00000;1,19910;1
130,04900; 9,69000;      -0,76774; 98,57879;49,00000;20,00000;1,19910;1
130,18401; 9,70000;      -0,76782; 98,57343;49,00000;20,00000;1,19910;1
130,30200; 9,71000;      -0,76782; 98,56819;49,00000;20,00000;1,19910;1
130,42101; 9,72000;      -0,76790; 98,56424;51,00000;20,00000;1,19910;1
130,53700; 9,73000;      -0,76805; 98,55914;49,00000;20,00000;1,19910;1
130,64600; 9,74000;      -0,76790; 98,55644;49,00000;20,00000;1,19910;1
130,77400; 9,75000;      -0,76782; 98,55127;50,00000;20,00000;1,19909;1
130,89799; 9,76000;      -0,76798; 98,54723;49,00000;20,00000;1,19909;1
131,01199; 9,77000;      -0,76767; 98,53707;49,00000;20,00000;1,19909;1
131,13600; 9,78000;      -0,76751; 98,53170;49,00000;20,00000;1,19909;1
131,26401; 9,79000;      -0,76721; 98,52510;51,00000;20,00000;1,19909;1
131,38100; 9,80000;      -0,76721; 98,51973;49,00000;20,00000;1,19909;1
131,51100; 9,81000;      -0,76736; 98,51441;49,00000;20,00000;1,19909;1
131,62601; 9,82000;      -0,76721; 98,51038;50,00000;20,00000;1,19909;1
131,75500; 9,83000;      -0,76706; 98,50519;51,00000;20,00000;1,19909;1
131,86700; 9,84000;      -0,76690; 98,50125;49,00000;20,00000;1,19909;1
131,97701; 9,85000;      -0,76690; 98,49730;49,00000;20,00000;1,19909;1
132,11400; 9,86000;      -0,76675; 98,49332;50,00000;20,00000;1,19909;1
132,22200; 9,87000;      -0,76629; 98,48929;50,00000;20,00000;1,19908;1
132,34399; 9,88000;      -0,76629; 98,47919;50,00000;20,00000;1,19908;1
132,46899; 9,89000;      -0,76614; 98,47151;49,00000;20,00000;1,19908;1
132,59399; 9,90000;      -0,76599; 98,46385;51,00000;20,00000;1,19908;1
132,71600; 9,91000;      -0,76576; 98,45739;51,00000;20,00000;1,19908;1
132,81900; 9,92000;      -0,76560; 98,45455;51,00000;20,00000;1,19908;1
132,95399; 9,93000;      -0,76545; 98,44924;50,00000;20,00000;1,19908;1
133,06799; 9,94000;      -0,76568; 98,44389;51,00000;20,00000;1,19907;1
133,19600; 9,95000;      -0,76545; 98,43729;51,00000;20,00000;1,19907;1
133,32100; 9,96000;      -0,76530; 98,43189;51,00000;20,00000;1,19907;1
133,43401; 9,97000;      -0,76499; 98,42651;50,00000;20,00000;1,19907;1
133,56599; 9,98000;      -0,76484; 98,42120;50,00000;20,00000;1,19907;1
133,68900; 9,99000;      -0,76507; 98,40993;50,00000;20,00000;1,19906;1
133,80299;10,00000;      -0,76477; 98,40236;49,00000;20,00000;1,19906;1
133,92300;10,01000;      -0,76446; 98,39605;49,00000;20,00000;1,19906;1
134,04100;10,02000;      -0,76446; 98,39093;52,00000;20,00000;1,19906;1
134,14799;10,03000;      -0,76431; 98,38576;49,00000;20,00000;1,19906;1
134,28101;10,04000;      -0,76400; 98,37573;49,00000;20,00000;1,19905;1
134,40100;10,05000;      -0,76377; 98,36688;50,00000;20,00000;1,19905;1
134,52000;10,06000;      -0,76347; 98,35804;52,00000;20,00000;1,19905;1
134,64500;10,07000;      -0,76324; 98,35163;50,00000;20,00000;1,19905;1
134,75101;10,08000;      -0,76316; 98,35004;49,00000;20,00000;1,19904;1
134,88200;10,09000;      -0,76224; 98,34720;50,00000;20,00000;1,19904;1
134,98900;10,10000;      -0,76240; 98,34192;49,00000;20,00000;1,19904;1
135,13000;10,11000;      -0,76255; 98,33785;49,00000;20,00000;1,19903;1
135,24001;10,12000;      -0,76225; 98,33260;50,00000;20,00000;1,19903;1
135,36400;10,13000;      -0,76194; 98,32739;50,00000;20,00000;1,19903;1
135,48399;10,14000;      -0,76202; 98,32223;52,00000;20,00000;1,19903;1
135,59500;10,15000;      -0,76141; 98,31950;50,00000;20,00000;1,19902;1
135,71899;10,16000;      -0,76110; 98,31557;50,00000;20,00000;1,19902;1
135,84100;10,17000;      -0,76126; 98,30921;50,00000;20,00000;1,19902;1
135,95200;10,18000;      -0,76134; 98,30040;52,00000;20,00000;1,19901;1
136,07401;10,19000;      -0,76049; 98,29521;50,00000;20,00000;1,19901;1
136,20000;10,20000;      -0,76034; 98,28999;50,00000;20,00000;1,19901;1
136,31700;10,21000;      -0,76019; 98,28353;50,00000;20,00000;1,19900;1
136,42999;10,22000;      -0,75981; 98,27945;49,00000;20,00000;1,19900;1
136,55000;10,23000;      -0,75927; 98,27415;49,00000;20,00000;1,19900;1
136,68500;10,24000;      -0,75897; 98,26888;50,00000;20,00000;1,19899;1
136,80099;10,25000;      -0,75897; 98,26486;52,00000;20,00000;1,19899;1
136,92500;10,26000;      -0,75851; 98,25969;49,00000;20,00000;1,19898;1
137,02600;10,27000;      -0,75797; 98,25453;49,00000;20,00000;1,19898;1
137,15500;10,28000;      -0,75805; 98,24696;50,00000;20,00000;1,19898;1
137,27200;10,29000;      -0,75798; 98,23815;51,00000;20,00000;1,19897;1
137,39500;10,30000;      -0,75767; 98,23053;49,00000;20,00000;1,19897;1
137,50800;10,31000;      -0,75722; 98,22411;50,00000;20,00000;1,19896;1
137,63901;10,32000;      -0,75676; 98,22132;50,00000;20,00000;1,19896;1
137,74800;10,33000;      -0,75645; 98,21733;49,00000;20,00000;1,19896;1
137,86900;10,34000;      -0,75599; 98,21214;49,00000;20,00000;1,19895;1
137,99100;10,35000;      -0,75577; 98,20693;51,00000;20,00000;1,19895;1
138,10600;10,36000;      -0,75523; 98,20171;50,00000;20,00000;1,19894;1
138,23000;10,37000;      -0,75477; 98,19528;49,00000;20,00000;1,19894;1
138,34399;10,38000;      -0,75431; 98,19370;50,00000;20,00000;1,19893;1
138,47400;10,39000;      -0,75385; 98,18974;50,00000;20,00000;1,19893;1
138,58900;10,40000;      -0,75378; 98,18457;49,00000;20,00000;1,19892;1
138,69901;10,41000;      -0,75378; 98,17334;49,00000;20,00000;1,19892;1
138,81700;10,42000;      -0,75348; 98,16689;50,00000;20,00000;1,19892;1
138,94099;10,43000;      -0,75333; 98,16284;50,00000;20,00000;1,19891;1
139,07001;10,44000;      -0,75279; 98,15756;49,00000;20,00000;1,19890;1
139,18401;10,45000;      -0,75141; 98,15231;50,00000;20,00000;1,19890;1
139,30299;10,46000;      -0,75134; 98,14831;50,00000;20,00000;1,19889;1
139,42101;10,47000;      -0,75111; 98,14434;52,00000;20,00000;1,19889;1
139,54601;10,48000;      -0,75073; 98,13915;50,00000;20,00000;1,19888;1
139,64700;10,49000;      -0,75066; 98,13516;49,00000;20,00000;1,19888;1
139,78400;10,50000;      -0,75020; 98,13114;50,00000;20,00000;1,19887;1
139,89600;10,51000;      -0,74951; 98,12589;49,00000;20,00000;1,19887;1
140,01601;10,52000;      -0,74921; 98,11944;50,00000;20,00000;1,19886;1
140,14000;10,53000;      -0,74875; 98,11422;50,00000;20,00000;1,19886;1
140,25400;10,54000;      -0,74783; 98,10902;50,00000;20,00000;1,19885;1
140,38400;10,55000;      -0,74752; 98,10021;50,00000;20,00000;1,19885;1
140,47900;10,56000;      -0,74730; 98,09262;49,00000;20,00000;1,19884;1
140,61700;10,57000;      -0,74692; 98,08382;50,00000;20,00000;1,19883;1
140,72800;10,58000;      -0,74661; 98,07986;51,00000;20,00000;1,19883;1
140,85800;10,59000;      -0,74639; 98,07710;49,00000;20,00000;1,19882;1
140,95799;10,60000;      -0,74577; 98,07555;50,00000;20,00000;1,19882;1
141,08299;10,61000;      -0,74516; 98,07278;50,00000;20,00000;1,19881;1
141,20599;10,62000;      -0,74432; 98,06879;49,00000;20,00000;1,19880;1
141,32500;10,63000;      -0,74363; 98,05876;49,00000;20,00000;1,19880;1
141,44099;10,64000;      -0,74294; 98,05235;50,00000;20,00000;1,19879;1
141,55600;10,65000;      -0,74287; 98,04715;50,00000;20,00000;1,19879;1
141,68300;10,66000;      -0,74272; 98,04438;49,00000;20,00000;1,19878;1
141,79700;10,67000;      -0,74203; 98,03918;49,00000;20,00000;1,19877;1
141,91299;10,68000;      -0,74165; 98,03517;51,00000;20,00000;1,19877;1
142,03200;10,69000;      -0,74135; 98,02995;50,00000;20,00000;1,19876;1
142,15500;10,70000;      -0,74074; 98,02595;49,00000;20,00000;1,19875;1
142,27800;10,71000;      -0,73990; 98,02197;50,00000;20,00000;1,19875;1
142,38600;10,72000;      -0,73913; 98,01560;50,00000;20,00000;1,19874;1
142,51199;10,73000;      -0,73867; 98,01167;50,00000;20,00000;1,19873;1
142,62601;10,74000;      -0,73845; 97,99928;49,00000;20,00000;1,19873;1
142,74001;10,75000;      -0,73807; 97,98931;50,00000;20,00000;1,19872;1
142,85800;10,76000;      -0,73753; 97,98054;50,00000;20,00000;1,19871;1
142,98599;10,77000;      -0,73700; 97,97660;50,00000;20,00000;1,19870;1
143,09500;10,78000;      -0,73593; 97,97508;49,00000;20,00000;1,19870;1
143,21100;10,79000;      -0,73570; 97,97233;50,00000;20,00000;1,19869;1
143,33299;10,80000;      -0,73555; 97,96958;52,00000;20,00000;1,19868;1
143,45000;10,81000;      -0,73494; 97,96559;49,00000;20,00000;1,19868;1
143,56799;10,82000;      -0,73425; 97,96037;50,00000;20,00000;1,19867;1
143,68500;10,83000;      -0,73379; 97,95634;50,00000;20,00000;1,19866;1
143,80800;10,84000;      -0,73326; 97,95231;49,00000;20,00000;1,19865;1
143,92400;10,85000;      -0,73257; 97,94710;49,00000;20,00000;1,19864;1
144,04601;10,86000;      -0,73196; 97,94315;50,00000;20,00000;1,19864;1
144,16701;10,87000;      -0,73120; 97,93804;50,00000;20,00000;1,19863;1
144,27100;10,88000;      -0,73066; 97,92934;49,00000;20,00000;1,19862;1
144,39999;10,89000;      -0,72990; 97,92429;49,00000;20,00000;1,19861;1
144,50600;10,90000;      -0,72929; 97,91923;51,00000;20,00000;1,19861;1
144,62300;10,91000;      -0,72876; 97,91414;50,00000;20,00000;1,19860;1
144,74300;10,92000;      -0,72807; 97,90902;49,00000;20,00000;1,19859;1
144,86000;10,93000;      -0,72738; 97,90267;50,00000;20,00000;1,19858;1
144,97600;10,94000;      -0,72715; 97,89632;50,00000;20,00000;1,19857;1
145,09900;10,95000;      -0,72708; 97,88754;50,00000;20,00000;1,19857;1
145,21001;10,96000;      -0,72655; 97,88118;49,00000;20,00000;1,19856;1
145,32600;10,97000;      -0,72540; 97,87480;51,00000;20,00000;1,19855;1
145,44701;10,98000;      -0,72494; 97,86842;50,00000;20,00000;1,19854;1
145,57001;10,99000;      -0,72487; 97,85600;49,00000;20,00000;1,19853;1
145,67500;11,00000;      -0,72380; 97,84598;50,00000;20,00000;1,19852;1
145,80600;11,01000;      -0,72311; 97,83840;50,00000;20,00000;1,19851;1
145,91299;11,02000;      -0,72204; 97,83564;52,00000;20,00000;1,19851;1
146,03600;11,03000;      -0,72151; 97,83288;50,00000;20,00000;1,19850;1
146,15199;11,04000;      -0,72098; 97,82770;50,00000;20,00000;1,19849;1
146,26700;11,05000;      -0,72006; 97,82251;50,00000;20,00000;1,19848;1
146,38800;11,06000;      -0,71960; 97,81732;49,00000;20,00000;1,19847;1
146,50400;11,07000;      -0,71945; 97,81218;49,00000;20,00000;1,19846;1
146,62900;11,08000;      -0,71900; 97,80707;50,00000;20,00000;1,19845;1
146,74100;11,09000;      -0,71816; 97,80321;51,00000;20,00000;1,19844;1
146,84399;11,10000;      -0,71739; 97,79936;49,00000;20,00000;1,19844;1
146,97301;11,11000;      -0,71671; 97,79429;49,00000;20,00000;1,19843;1
147,08600;11,12000;      -0,71610; 97,78557;50,00000;20,00000;1,19842;1
147,19701;11,13000;      -0,71541; 97,78164;52,00000;20,00000;1,19841;1
147,31400;11,14000;      -0,71464; 97,77529;49,00000;20,00000;1,19840;1
147,44200;11,15000;      -0,71404; 97,76896;49,00000;20,00000;1,19839;1
147,55200;11,16000;      -0,71289; 97,76387;50,00000;20,00000;1,19838;1
147,67700;11,17000;      -0,71220; 97,76120;49,00000;20,00000;1,19837;1
147,77000;11,18000;      -0,71197; 97,75732;49,00000;20,00000;1,19836;1
147,89600;11,19000;      -0,71144; 97,75222;50,00000;20,00000;1,19835;1
148,02000;11,20000;      -0,71045; 97,74830;50,00000;20,00000;1,19834;1
148,13600;11,21000;      -0,70968; 97,74437;49,00000;20,00000;1,19833;1
148,24100;11,22000;      -0,70907; 97,74046;49,00000;20,00000;1,19832;1
148,37000;11,23000;      -0,70831; 97,73175;51,00000;20,00000;1,19831;1
148,48199;11,24000;      -0,70755; 97,72304;50,00000;20,00000;1,19830;1
148,59100;11,25000;      -0,70701; 97,71554;49,00000;20,00000;1,19829;1
148,71600;11,26000;      -0,70664; 97,70803;49,00000;20,00000;1,19828;1
148,82001;11,27000;      -0,70587; 97,70653;50,00000;20,00000;1,19827;1
148,94200;11,28000;      -0,70503; 97,70501;50,00000;20,00000;1,19826;1
149,06500;11,29000;      -0,70442; 97,70349;49,00000;20,00000;1,19825;1
149,17599;11,30000;      -0,70404; 97,69955;51,00000;20,00000;1,19824;1
149,28900;11,31000;      -0,70328; 97,69565;50,00000;20,00000;1,19823;1
149,41600;11,32000;      -0,70267; 97,69299;52,00000;20,00000;1,19822;1
149,52100;11,33000;      -0,70114; 97,68915;49,00000;20,00000;1,19821;1
149,63901;11,34000;      -0,70053; 97,68534;51,00000;20,00000;1,19820;1
149,75301;11,35000;      -0,69969; 97,68152;50,00000;20,00000;1,19819;1
149,86600;11,36000;      -0,69885; 97,67890;52,00000;20,00000;1,19818;1
149,98100;11,37000;      -0,69862; 97,67502;49,00000;20,00000;1,19817;1
150,09599;11,38000;      -0,69801; 97,67108;50,00000;20,00000;1,19816;1
150,20599;11,39000;      -0,69740; 97,66104;50,00000;20,00000;1,19815;1
150,33200;11,40000;      -0,69641; 97,65580;49,00000;20,00000;1,19813;1
150,45200;11,41000;      -0,69565; 97,65059;49,00000;20,00000;1,19812;1
150,57300;11,42000;      -0,69550; 97,64663;50,00000;20,00000;1,19811;1
150,68300;11,43000;      -0,69374; 97,64153;51,00000;20,00000;1,19810;1
150,79500;11,44000;      -0,69228; 97,63766;49,00000;20,00000;1,19809;1
150,91000;11,45000;      -0,69244; 97,63379;49,00000;20,00000;1,19808;1
151,02400;11,46000;      -0,69206; 97,62989;51,00000;20,00000;1,19807;1
151,13800;11,47000;      -0,69130; 97,62596;51,00000;20,00000;1,19806;1
151,26700;11,48000;      -0,69054; 97,62202;49,00000;20,00000;1,19804;1
151,36800;11,49000;      -0,68977; 97,61809;50,00000;20,00000;1,19803;1
151,49200;11,50000;      -0,68878; 97,61419;50,00000;20,00000;1,19802;1
151,60800;11,51000;      -0,68756; 97,60552;49,00000;20,00000;1,19801;1
151,72400;11,52000;      -0,68664; 97,59688;49,00000;20,00000;1,19800;1
151,82899;11,53000;      -0,68557; 97,58828;51,00000;20,00000;1,19799;1
151,94800;11,54000;      -0,68557; 97,58211;50,00000;20,00000;1,19798;1
152,05701;11,55000;      -0,68450; 97,57953;51,00000;20,00000;1,19796;1
152,17000;11,56000;      -0,68328; 97,57691;49,00000;20,00000;1,19795;1
152,28500;11,57000;      -0,68267; 97,57425;51,00000;20,00000;1,19794;1
152,39900;11,58000;      -0,68206; 97,57035;50,00000;20,00000;1,19793;1
152,52100;11,59000;      -0,68161; 97,56644;49,00000;20,00000;1,19792;1
152,63499;11,60000;      -0,68077; 97,56253;49,00000;20,00000;1,19790;1
152,74200;11,61000;      -0,67985; 97,55866;50,00000;20,00000;1,19789;1
152,86800;11,62000;      -0,67893; 97,55483;50,00000;20,00000;1,19788;1
152,97600;11,63000;      -0,67802; 97,54981;49,00000;20,00000;1,19787;1
153,09300;11,64000;      -0,67764; 97,54477;50,00000;20,00000;1,19786;1
153,19501;11,65000;      -0,67687; 97,53967;52,00000;20,00000;1,19784;1
153,30901;11,66000;      -0,67580; 97,53210;50,00000;20,00000;1,19783;1
153,43500;11,67000;      -0,67497; 97,52810;49,00000;20,00000;1,19782;1
153,55701;11,68000;      -0,67428; 97,52288;50,00000;20,00000;1,19780;1
153,66400;11,69000;      -0,67321; 97,51768;52,00000;20,00000;1,19779;1
153,78999;11,70000;      -0,67245; 97,51372;50,00000;20,00000;1,19778;1
153,89101;11,71000;      -0,67122; 97,50857;49,00000;20,00000;1,19777;1
154,01500;11,72000;      -0,67054; 97,50343;50,00000;20,00000;1,19775;1
154,12500;11,73000;      -0,66962; 97,49346;50,00000;20,00000;1,19774;1
154,24699;11,74000;      -0,66863; 97,48107;49,00000;20,00000;1,19773;1
154,35899;11,75000;      -0,66771; 97,47111;49,00000;20,00000;1,19772;1
154,47200;11,76000;      -0,66687; 97,46721;52,00000;20,00000;1,19770;1
154,58600;11,77000;      -0,66626; 97,46332;50,00000;20,00000;1,19769;1
154,70399;11,78000;      -0,66550; 97,46187;49,00000;20,00000;1,19768;1
154,81799;11,79000;      -0,66466; 97,45921;49,00000;20,00000;1,19766;1
154,92799;11,80000;      -0,66382; 97,45534;52,00000;20,00000;1,19765;1
155,04100;11,81000;      -0,66290; 97,45148;50,00000;20,00000;1,19764;1
155,15700;11,82000;      -0,66206; 97,44643;49,00000;20,00000;1,19762;1
155,28300;11,83000;      -0,66153; 97,44261;50,00000;20,00000;1,19761;1
155,37500;11,84000;      -0,66077; 97,43760;50,00000;20,00000;1,19760;1
155,50101;11,85000;      -0,66024; 97,43381;50,00000;20,00000;1,19758;1
155,61099;11,86000;      -0,65855; 97,43002;49,00000;20,00000;1,19757;1
155,71700;11,87000;      -0,65748; 97,42499;51,00000;20,00000;1,19756;1
155,83701;11,88000;      -0,65687; 97,41752;50,00000;20,00000;1,19754;1
155,95100;11,89000;      -0,65596; 97,41243;52,00000;20,00000;1,19753;1
156,05499;11,90000;      -0,65535; 97,40733;50,00000;20,00000;1,19752;1
156,18201;11,91000;      -0,65536; 97,40345;51,00000;20,00000;1,19750;1
156,30000;11,92000;      -0,65375; 97,39839;50,00000;20,00000;1,19749;1
156,40100;11,93000;      -0,65275; 97,39453;49,00000;20,00000;1,19747;1
156,51401;11,94000;      -0,65184; 97,39068;50,00000;20,00000;1,19746;1
156,63100;11,95000;      -0,65077; 97,38681;50,00000;20,00000;1,19745;1
156,74800;11,96000;      -0,65054; 97,38292;50,00000;20,00000;1,19743;1
156,85300;11,97000;      -0,64978; 97,37780;50,00000;20,00000;1,19742;1
156,97800;11,98000;      -0,64833; 97,37267;51,00000;20,00000;1,19740;1
157,08701;11,99000;      -0,64718; 97,36753;50,00000;20,00000;1,19739;1
157,19901;12,00000;      -0,64588; 97,35756;52,00000;20,00000;1,19738;1
157,32001;12,01000;      -0,64504; 97,35001;49,00000;20,00000;1,19736;1
157,42599;12,02000;      -0,64466; 97,34249;51,00000;20,00000;1,19735;1
157,55000;12,03000;      -0,64375; 97,33742;51,00000;20,00000;1,19733;1
157,66100;12,04000;      -0,64260; 97,33602;51,00000;20,00000;1,19732;1
157,76700;12,05000;      -0,64168; 97,33345;50,00000;20,00000;1,19730;1
157,88400;12,06000;      -0,64084; 97,33211;50,00000;20,00000;1,19729;1
157,98700;12,07000;      -0,64016; 97,32954;50,00000;20,00000;1,19727;1
158,10699;12,08000;      -0,63924; 97,32574;50,00000;20,00000;1,19726;1
158,21700;12,09000;      -0,63840; 97,32310;49,00000;20,00000;1,19724;1
158,32001;12,10000;      -0,63741; 97,31921;49,00000;20,00000;1,19723;1
158,45100;12,11000;      -0,63672; 97,31530;52,00000;20,00000;1,19721;1
158,55701;12,12000;      -0,63565; 97,31017;49,00000;20,00000;1,19720;1
158,67200;12,13000;      -0,63451; 97,30506;49,00000;20,00000;1,19718;1
158,78300;12,14000;      -0,63359; 97,30118;49,00000;20,00000;1,19717;1
158,90500;12,15000;      -0,63252; 97,29612;51,00000;20,00000;1,19715;1
159,00600;12,16000;      -0,63214; 97,28988;50,00000;20,00000;1,19714;1
159,12801;12,17000;      -0,63100; 97,28487;49,00000;20,00000;1,19712;1
159,23199;12,18000;      -0,63008; 97,28106;50,00000;20,00000;1,19711;1
159,34399;12,19000;      -0,62893; 97,27722;49,00000;20,00000;1,19709;1
159,45900;12,20000;      -0,62817; 97,27336;49,00000;20,00000;1,19708;1
159,56900;12,21000;      -0,62733; 97,26825;50,00000;20,00000;1,19706;1
159,68600;12,22000;      -0,62603; 97,26314;50,00000;20,00000;1,19705;1
159,80000;12,23000;      -0,62511; 97,25803;52,00000;20,00000;1,19703;1
159,91499;12,24000;      -0,62435; 97,25415;50,00000;20,00000;1,19701;1
160,02600;12,25000;      -0,62328; 97,24908;51,00000;20,00000;1,19700;1
160,13200;12,26000;      -0,62229; 97,24526;50,00000;20,00000;1,19698;1
160,25900;12,27000;      -0,62145; 97,24147;49,00000;20,00000;1,19697;1
160,35400;12,28000;      -0,62053; 97,23770;50,00000;20,00000;1,19695;1
160,47400;12,29000;      -0,61962; 97,23397;50,00000;20,00000;1,19694;1
160,58701;12,30000;      -0,61862; 97,23024;50,00000;20,00000;1,19692;1
160,68500;12,31000;      -0,61755; 97,22527;49,00000;20,00000;1,19691;1
160,80000;12,32000;      -0,61664; 97,21907;51,00000;20,00000;1,19689;1
160,91499;12,33000;      -0,61657; 97,21163;51,00000;20,00000;1,19687;1
161,02600;12,34000;      -0,61527; 97,20538;51,00000;20,00000;1,19686;1
161,13699;12,35000;      -0,61427; 97,20035;49,00000;20,00000;1,19684;1
161,25700;12,36000;      -0,61282; 97,19776;50,00000;20,00000;1,19682;1
161,35899;12,37000;      -0,61190; 97,19518;52,00000;20,00000;1,19681;1
161,47000;12,38000;      -0,61137; 97,19017;50,00000;20,00000;1,19679;1
161,58000;12,39000;      -0,61045; 97,18631;49,00000;20,00000;1,19678;1
161,69200;12,40000;      -0,60954; 97,18237;50,00000;20,00000;1,19676;1
161,80600;12,41000;      -0,60847; 97,17838;49,00000;20,00000;1,19674;1
161,91800;12,42000;      -0,60732; 97,17316;49,00000;20,00000;1,19673;1
162,04601;12,43000;      -0,60641; 97,16920;50,00000;20,00000;1,19671;1
162,16200;12,44000;      -0,60565; 97,16532;50,00000;20,00000;1,19669;1
162,26401;12,45000;      -0,60488; 97,16152;49,00000;20,00000;1,19667;1
162,37199;12,46000;      -0,60373; 97,15414;50,00000;20,00000;1,19666;1
162,47701;12,47000;      -0,60297; 97,14919;50,00000;20,00000;1,19664;1
162,59599;12,48000;      -0,60206; 97,14423;50,00000;20,00000;1,19662;1
162,70399;12,49000;      -0,60099; 97,14044;49,00000;20,00000;1,19661;1
162,81200;12,50000;      -0,59945; 97,13664;50,00000;20,00000;1,19659;1
162,92300;12,51000;      -0,59831; 97,13163;50,00000;20,00000;1,19658;1
163,04201;12,52000;      -0,59755; 97,12783;50,00000;20,00000;1,19656;1
163,14999;12,53000;      -0,59671; 97,12404;50,00000;20,00000;1,19654;1
163,25200;12,54000;      -0,59571; 97,12025;50,00000;20,00000;1,19652;1
163,36800;12,55000;      -0,59487; 97,11646;52,00000;20,00000;1,19651;1
163,47900;12,56000;      -0,59380; 97,11388;50,00000;20,00000;1,19649;1
163,59100;12,57000;      -0,59289; 97,11009;49,00000;20,00000;1,19647;1
163,70200;12,58000;      -0,59197; 97,10632;50,00000;20,00000;1,19645;1
163,80901;12,59000;      -0,59144; 97,10134;49,00000;20,00000;1,19644;1
163,91701;12,60000;      -0,58983; 97,09754;49,00000;20,00000;1,19642;1
164,02800;12,61000;      -0,58922; 97,09252;49,00000;20,00000;1,19640;1
164,14000;12,62000;      -0,58854; 97,08750;50,00000;20,00000;1,19639;1
164,25301;12,63000;      -0,58747; 97,08008;49,00000;20,00000;1,19637;1
164,37000;12,64000;      -0,58632; 97,07270;49,00000;20,00000;1,19635;1
164,47200;12,65000;      -0,58525; 97,06534;51,00000;20,00000;1,19633;1
164,57500;12,66000;      -0,58441; 97,06040;51,00000;20,00000;1,19632;1
164,68600;12,67000;      -0,58334; 97,05786;49,00000;20,00000;1,19630;1
164,79900;12,68000;      -0,58265; 97,05650;50,00000;20,00000;1,19628;1
164,91200;12,69000;      -0,58174; 97,05511;50,00000;20,00000;1,19626;1
165,02200;12,70000;      -0,58067; 97,05367;50,00000;20,00000;1,19624;1
165,11900;12,71000;      -0,57975; 97,05216;49,00000;20,00000;1,19623;1
165,24400;12,72000;      -0,57860; 97,04938;50,00000;20,00000;1,19621;1
165,34900;12,73000;      -0,57761; 97,04657;50,00000;20,00000;1,19619;1
165,47800;12,74000;      -0,57670; 97,04376;50,00000;20,00000;1,19617;1
165,58800;12,75000;      -0,57617; 97,04102;49,00000;20,00000;1,19615;1
165,70100;12,76000;      -0,57479; 97,03717;51,00000;20,00000;1,19613;1
165,80800;12,77000;      -0,57395; 97,03460;51,00000;20,00000;1,19611;1
165,91600;12,78000;      -0,57265; 97,02966;50,00000;20,00000;1,19610;1
166,02100;12,79000;      -0,57227; 97,02593;50,00000;20,00000;1,19608;1
166,12900;12,80000;      -0,57143; 97,02216;50,00000;20,00000;1,19606;1
166,23599;12,81000;      -0,56982; 97,01594;50,00000;20,00000;1,19604;1
166,35500;12,82000;      -0,56898; 97,01091;49,00000;20,00000;1,19602;1
166,46800;12,83000;      -0,56837; 97,00709;50,00000;20,00000;1,19600;1
166,57001;12,84000;      -0,56746; 97,00327;50,00000;20,00000;1,19599;1
166,68201;12,85000;      -0,56616; 96,99827;50,00000;20,00000;1,19597;1
166,79201;12,86000;      -0,56516; 96,99448;49,00000;20,00000;1,19595;1
166,89900;12,87000;      -0,56417; 96,98948;50,00000;20,00000;1,19593;1
167,01700;12,88000;      -0,56341; 96,98447;52,00000;20,00000;1,19591;1
167,11400;12,89000;      -0,56264; 96,97946;49,00000;20,00000;1,19589;1
167,22900;12,90000;      -0,56181; 96,97565;49,00000;20,00000;1,19587;1
167,34500;12,91000;      -0,56104; 96,97183;50,00000;20,00000;1,19585;1
167,44701;12,92000;      -0,56082; 96,96679;50,00000;20,00000;1,19584;1
167,55299;12,93000;      -0,55929; 96,96298;49,00000;20,00000;1,19582;1
167,67900;12,94000;      -0,55822; 96,95921;50,00000;20,00000;1,19580;1
167,78400;12,95000;      -0,55692; 96,95543;50,00000;20,00000;1,19578;1
167,87500;12,96000;      -0,55623; 96,95165;49,00000;20,00000;1,19576;1
167,99600;12,97000;      -0,55516; 96,94666;50,00000;20,00000;1,19574;1
168,10899;12,98000;      -0,55424; 96,93922;51,00000;20,00000;1,19572;1
168,20599;12,99000;      -0,55294; 96,93295;50,00000;20,00000;1,19570;1
168,33299;13,00000;      -0,55187; 96,92669;49,00000;20,00000;1,19568;1
168,42999;13,01000;      -0,55065; 96,92163;50,00000;20,00000;1,19566;1
168,54700;13,02000;      -0,54965; 96,91903;50,00000;20,00000;1,19564;1
168,65199;13,03000;      -0,54858; 96,91648;50,00000;20,00000;1,19562;1
168,77499;13,04000;      -0,54805; 96,91276;49,00000;20,00000;1,19560;1
168,86600;13,05000;      -0,54760; 96,90906;50,00000;20,00000;1,19558;1
168,97099;13,06000;      -0,54653; 96,90534;52,00000;20,00000;1,19557;1
169,08099;13,07000;      -0,54468; 96,90159;50,00000;20,00000;1,19555;1
169,19299;13,08000;      -0,54346; 96,89777;49,00000;20,00000;1,19552;1
169,30099;13,09000;      -0,54254; 96,89269;50,00000;20,00000;1,19551;1
169,40900;13,10000;      -0,54178; 96,88999;52,00000;20,00000;1,19549;1
169,52400;13,11000;      -0,54079; 96,88607;49,00000;20,00000;1,19546;1
169,64200;13,12000;      -0,54034; 96,88217;50,00000;20,00000;1,19544;1
169,74200;13,13000;      -0,53957; 96,87467;50,00000;20,00000;1,19542;1
169,85400;13,14000;      -0,53819; 96,86961;49,00000;20,00000;1,19540;1
169,96700;13,15000;      -0,53689; 96,86580;49,00000;20,00000;1,19538;1
170,07401;13,16000;      -0,53667; 96,86202;50,00000;20,00000;1,19536;1
170,18201;13,17000;      -0,53606; 96,85825;50,00000;20,00000;1,19534;1
170,28799;13,18000;      -0,53484; 96,85447;49,00000;20,00000;1,19532;1
170,39301;13,19000;      -0,53276; 96,85067;49,00000;20,00000;1,19530;1
170,50700;13,20000;      -0,53223; 96,84806;51,00000;20,00000;1,19528;1
170,61200;13,21000;      -0,53186; 96,84543;50,00000;20,00000;1,19526;1
170,73000;13,22000;      -0,53094; 96,84279;52,00000;20,00000;1,19524;1
170,82800;13,23000;      -0,52979; 96,84015;50,00000;20,00000;1,19522;1
170,94901;13,24000;      -0,52857; 96,83631;50,00000;20,00000;1,19520;1
171,04601;13,25000;      -0,52773; 96,83368;50,00000;20,00000;1,19518;1
171,16499;13,26000;      -0,52735; 96,83228;49,00000;20,00000;1,19516;1
171,27000;13,27000;      -0,52582; 96,82968;51,00000;20,00000;1,19514;1
171,38000;13,28000;      -0,52505; 96,82709;51,00000;20,00000;1,19512;1
171,48399;13,29000;      -0,52383; 96,82332;51,00000;20,00000;1,19510;1
171,59599;13,30000;      -0,52253; 96,81955;49,00000;20,00000;1,19507;1
171,70200;13,31000;      -0,52122; 96,81579;51,00000;20,00000;1,19505;1
171,80701;13,32000;      -0,51984; 96,81323;52,00000;20,00000;1,19503;1
171,91701;13,33000;      -0,51877; 96,80947;50,00000;20,00000;1,19501;1
172,02800;13,34000;      -0,51832; 96,80330;50,00000;20,00000;1,19499;1
172,13100;13,35000;      -0,51756; 96,79831;50,00000;20,00000;1,19497;1
172,23500;13,36000;      -0,51726; 96,79210;49,00000;20,00000;1,19495;1
172,34500;13,37000;      -0,51595; 96,78708;49,00000;20,00000;1,19493;1
172,46400;13,38000;      -0,51504; 96,78206;50,00000;20,00000;1,19491;1
172,55901;13,39000;      -0,51412; 96,77944;52,00000;20,00000;1,19489;1
172,67500;13,40000;      -0,51328; 96,77684;49,00000;20,00000;1,19486;1
172,77901;13,41000;      -0,51237; 96,77547;49,00000;20,00000;1,19484;1
172,89301;13,42000;      -0,51145; 96,77412;50,00000;20,00000;1,19482;1
172,99600;13,43000;      -0,51045; 96,77400;51,00000;20,00000;1,19480;1
173,10100;13,44000;      -0,50946; 96,77269;49,00000;20,00000;1,19478;1
173,20900;13,45000;      -0,50854; 96,77138;49,00000;20,00000;1,19476;1
173,31900;13,46000;      -0,50716; 96,76885;50,00000;20,00000;1,19473;1
173,41299;13,47000;      -0,50640; 96,76749;49,00000;20,00000;1,19472;1
173,53200;13,48000;      -0,50541; 96,76489;49,00000;20,00000;1,19469;1
173,63499;13,49000;      -0,50449; 96,76226;51,00000;20,00000;1,19467;1
173,74600;13,50000;      -0,50357; 96,75961;50,00000;20,00000;1,19465;1
173,86000;13,51000;      -0,50273; 96,75697;52,00000;20,00000;1,19463;1
173,95900;13,52000;      -0,50236; 96,75434;50,00000;20,00000;1,19461;1
174,07500;13,53000;      -0,50167; 96,75173;51,00000;20,00000;1,19458;1
174,18100;13,54000;      -0,50037; 96,74914;51,00000;20,00000;1,19456;1
174,28200;13,55000;      -0,49922; 96,74656;49,00000;20,00000;1,19454;1
174,39700;13,56000;      -0,49807; 96,74398;50,00000;20,00000;1,19452;1
174,49800;13,57000;      -0,49708; 96,74139;50,00000;20,00000;1,19449;1
174,61301;13,58000;      -0,49577; 96,73878;50,00000;20,00000;1,19447;1
174,70500;13,59000;      -0,49455; 96,73614;50,00000;20,00000;1,19445;1
174,82600;13,60000;      -0,49417; 96,73227;51,00000;20,00000;1,19443;1
174,93900;13,61000;      -0,49326; 96,72959;50,00000;20,00000;1,19440;1
175,03600;13,62000;      -0,49288; 96,72690;51,00000;20,00000;1,19438;1
175,15300;13,63000;      -0,49165; 96,72422;49,00000;20,00000;1,19436;1
175,25900;13,64000;      -0,49050; 96,72155;51,00000;20,00000;1,19434;1
175,36800;13,65000;      -0,48959; 96,71892;51,00000;20,00000;1,19431;1
175,48399;13,66000;      -0,48883; 96,71633;51,00000;20,00000;1,19429;1
175,58299;13,67000;      -0,48760; 96,71013;49,00000;20,00000;1,19427;1
175,68300;13,68000;      -0,48684; 96,70514;50,00000;20,00000;1,19425;1
175,79601;13,69000;      -0,48630; 96,70136;50,00000;20,00000;1,19422;1
175,90300;13,70000;      -0,48554; 96,69755;49,00000;20,00000;1,19420;1
176,01100;13,71000;      -0,48401; 96,69492;49,00000;20,00000;1,19418;1
176,11501;13,72000;      -0,48286; 96,69227;52,00000;20,00000;1,19415;1
176,22501;13,73000;      -0,48171; 96,69082;50,00000;20,00000;1,19413;1
176,33701;13,74000;      -0,48133; 96,68938;49,00000;20,00000;1,19411;1
176,44400;13,75000;      -0,48003; 96,68916;50,00000;20,00000;1,19408;1
176,55299;13,76000;      -0,47934; 96,68775;52,00000;20,00000;1,19406;1
176,65401;13,77000;      -0,47827; 96,68635;49,00000;20,00000;1,19404;1
176,75999;13,78000;      -0,47712; 96,68135;49,00000;20,00000;1,19402;1
176,88100;13,79000;      -0,47628; 96,67636;50,00000;20,00000;1,19399;1
176,97800;13,80000;      -0,47529; 96,67258;50,00000;20,00000;1,19397;1
177,07600;13,81000;      -0,47437; 96,66878;49,00000;20,00000;1,19395;1
177,18600;13,82000;      -0,47353; 96,66740;51,00000;20,00000;1,19392;1
177,30901;13,83000;      -0,47277; 96,66480;50,00000;20,00000;1,19390;1
177,39999;13,84000;      -0,47193; 96,66219;52,00000;20,00000;1,19388;1
177,51100;13,85000;      -0,47070; 96,65958;50,00000;20,00000;1,19385;1
177,61501;13,86000;      -0,47002; 96,65697;50,00000;20,00000;1,19383;1
177,73000;13,87000;      -0,46871; 96,65436;50,00000;20,00000;1,19380;1
177,83400;13,88000;      -0,46772; 96,65174;52,00000;20,00000;1,19378;1
177,93500;13,89000;      -0,46665; 96,64789;50,00000;20,00000;1,19376;1
178,04500;13,90000;      -0,46557; 96,64525;50,00000;20,00000;1,19373;1
178,15601;13,91000;      -0,46481; 96,64261;50,00000;20,00000;1,19371;1
178,26199;13,92000;      -0,46389; 96,63756;49,00000;20,00000;1,19369;1
178,37601;13,93000;      -0,46359; 96,63253;49,00000;20,00000;1,19366;1
178,47400;13,94000;      -0,46221; 96,62751;52,00000;20,00000;1,19364;1
178,57500;13,95000;      -0,46099; 96,62371;49,00000;20,00000;1,19361;1
178,69200;13,96000;      -0,45976; 96,61871;49,00000;20,00000;1,19359;1
178,80000;13,97000;      -0,45977; 96,61371;50,00000;20,00000;1,19356;1
178,90100;13,98000;      -0,45939; 96,61113;50,00000;20,00000;1,19354;1
179,00000;13,99000;      -0,45832; 96,60856;49,00000;20,00000;1,19352;1
179,11700;14,00000;      -0,45655; 96,60720;49,00000;20,00000;1,19349;1
179,22099;14,01000;      -0,45587; 96,60584;50,00000;20,00000;1,19347;1
179,32300;14,02000;      -0,45502; 96,60568;49,00000;20,00000;1,19345;1
179,42799;14,03000;      -0,45411; 96,60433;49,00000;20,00000;1,19342;1
179,54201;14,04000;      -0,45342; 96,60419;50,00000;20,00000;1,19339;1
179,63901;14,05000;      -0,45243; 96,60162;50,00000;20,00000;1,19337;1
179,74600;14,06000;      -0,45112; 96,60026;52,00000;20,00000;1,19335;1
179,85400;14,07000;      -0,44989; 96,59888;50,00000;20,00000;1,19332;1
179,95700;14,08000;      -0,44913; 96,59626;50,00000;20,00000;1,19330;1
180,06700;14,09000;      -0,44837; 96,59483;50,00000;20,00000;1,19327;1
180,17000;14,10000;      -0,44807; 96,59218;49,00000;20,00000;1,19325;1
180,27901;14,11000;      -0,44707; 96,58952;50,00000;20,00000;1,19322;1
180,39400;14,12000;      -0,44577; 96,58808;50,00000;20,00000;1,19320;1
180,49200;14,13000;      -0,44462; 96,58545;50,00000;20,00000;1,19317;1
180,60500;14,14000;      -0,44463; 96,58283;49,00000;20,00000;1,19315;1
180,70200;14,15000;      -0,44363; 96,58020;49,00000;20,00000;1,19313;1
180,80901;14,16000;      -0,44248; 96,57757;50,00000;20,00000;1,19310;1
180,92700;14,17000;      -0,44172; 96,57495;52,00000;20,00000;1,19307;1
181,03101;14,18000;      -0,44073; 96,57233;49,00000;20,00000;1,19305;1
181,12700;14,19000;      -0,44004; 96,56973;50,00000;20,00000;1,19303;1
181,23900;14,20000;      -0,43889; 96,56713;50,00000;20,00000;1,19300;1
181,34300;14,21000;      -0,43789; 96,56454;49,00000;20,00000;1,19297;1
181,45700;14,22000;      -0,43682; 96,56195;49,00000;20,00000;1,19295;1
181,55000;14,23000;      -0,43559; 96,55934;50,00000;20,00000;1,19292;1
181,66400;14,24000;      -0,43483; 96,55673;50,00000;20,00000;1,19290;1
181,76199;14,25000;      -0,43391; 96,55531;49,00000;20,00000;1,19287;1
181,87801;14,26000;      -0,43369; 96,55387;49,00000;20,00000;1,19285;1
181,98399;14,27000;      -0,43262; 96,55241;51,00000;20,00000;1,19282;1
182,07800;14,28000;      -0,43193; 96,55214;51,00000;20,00000;1,19280;1
182,20000;14,29000;      -0,43109; 96,55189;49,00000;20,00000;1,19277;1
182,30600;14,30000;      -0,43017; 96,55045;50,00000;20,00000;1,19274;1
182,41299;14,31000;      -0,42941; 96,54904;50,00000;20,00000;1,19272;1
182,51300;14,32000;      -0,42895; 96,54767;49,00000;20,00000;1,19269;1
182,61900;14,33000;      -0,42780; 96,54632;50,00000;20,00000;1,19267;1
182,72301;14,34000;      -0,42657; 96,54016;50,00000;20,00000;1,19264;1
182,83501;14,35000;      -0,42589; 96,53640;50,00000;20,00000;1,19261;1
182,92900;14,36000;      -0,42489; 96,53262;49,00000;20,00000;1,19259;1
183,03300;14,37000;      -0,42382; 96,52880;50,00000;20,00000;1,19257;1
183,14101;14,38000;      -0,42305; 96,52494;50,00000;20,00000;1,19254;1
183,25301;14,39000;      -0,42206; 96,52348;52,00000;20,00000;1,19251;1
183,36000;14,40000;      -0,42114; 96,52081;50,00000;20,00000;1,19248;1
183,47000;14,41000;      -0,42069; 96,51936;50,00000;20,00000;1,19246;1
183,56799;14,42000;      -0,41977; 96,51670;50,00000;20,00000;1,19243;1
183,67300;14,43000;      -0,41862; 96,51526;49,00000;20,00000;1,19241;1
183,78700;14,44000;      -0,41839; 96,51384;49,00000;20,00000;1,19238;1
183,88800;14,45000;      -0,41724; 96,51122;50,00000;20,00000;1,19235;1
184,00400;14,46000;      -0,41663; 96,50982;50,00000;20,00000;1,19232;1
184,09801;14,47000;      -0,41548; 96,50841;50,00000;20,00000;1,19230;1
184,19701;14,48000;      -0,41510; 96,50576;49,00000;20,00000;1,19228;1
184,31200;14,49000;      -0,41426; 96,50431;50,00000;20,00000;1,19225;1
184,42101;14,50000;      -0,41319; 96,50286;51,00000;20,00000;1,19222;1
184,52699;14,51000;      -0,41212; 96,50143;49,00000;20,00000;1,19219;1
184,63800;14,52000;      -0,41112; 96,49764;50,00000;20,00000;1,19217;1
184,74200;14,53000;      -0,41028; 96,49507;50,00000;20,00000;1,19214;1
184,82899;14,54000;      -0,40936; 96,49250;49,00000;20,00000;1,19212;1
184,93900;14,55000;      -0,40836; 96,48872;49,00000;20,00000;1,19209;1
185,05000;14,56000;      -0,40760; 96,48613;51,00000;20,00000;1,19206;1
185,16600;14,57000;      -0,40660; 96,48354;50,00000;20,00000;1,19203;1
185,25500;14,58000;      -0,40654; 96,48095;49,00000;20,00000;1,19201;1
185,36200;14,59000;      -0,40569; 96,47713;49,00000;20,00000;1,19198;1
185,46500;14,60000;      -0,40462; 96,47450;50,00000;20,00000;1,19195;1
185,57201;14,61000;      -0,40355; 96,47185;49,00000;20,00000;1,19193;1
185,68700;14,62000;      -0,40240; 96,47040;49,00000;20,00000;1,19190;1
185,78900;14,63000;      -0,40186; 96,46775;49,00000;20,00000;1,19187;1
185,89301;14,64000;      -0,40164; 96,46510;50,00000;20,00000;1,19184;1
185,99500;14,65000;      -0,40064; 96,46369;50,00000;20,00000;1,19182;1
186,10800;14,66000;      -0,39965; 96,46108;49,00000;20,00000;1,19179;1
186,20799;14,67000;      -0,39888; 96,45486;50,00000;20,00000;1,19176;1
186,32100;14,68000;      -0,39796; 96,44985;50,00000;20,00000;1,19173;1
186,40900;14,69000;      -0,39673; 96,44483;50,00000;20,00000;1,19171;1
186,52499;14,70000;      -0,39636; 96,43859;51,00000;20,00000;1,19168;1
186,62700;14,71000;      -0,39528; 96,43353;50,00000;20,00000;1,19165;1
186,72900;14,72000;      -0,39429; 96,42966;52,00000;20,00000;1,19163;1
186,84700;14,73000;      -0,39360; 96,42700;49,00000;20,00000;1,19160;1
186,94701;14,74000;      -0,39260; 96,42436;49,00000;20,00000;1,19157;1
187,05299;14,75000;      -0,39192; 96,42293;50,00000;20,00000;1,19154;1
187,15199;14,76000;      -0,39131; 96,42150;49,00000;20,00000;1,19151;1
187,26401;14,77000;      -0,38984; 96,42008;49,00000;20,00000;1,19149;1
187,36700;14,78000;      -0,38900; 96,41866;50,00000;20,00000;1,19146;1
187,47099;14,79000;      -0,38832; 96,41725;51,00000;20,00000;1,19143;1
187,58501;14,80000;      -0,38763; 96,41464;49,00000;20,00000;1,19140;1
187,67900;14,81000;      -0,38686; 96,41324;49,00000;20,00000;1,19137;1
187,78101;14,82000;      -0,38610; 96,41063;51,00000;20,00000;1,19135;1
187,89500;14,83000;      -0,38526; 96,40802;50,00000;20,00000;1,19132;1
187,99800;14,84000;      -0,38449; 96,40539;49,00000;20,00000;1,19129;1
188,10001;14,85000;      -0,38365; 96,40275;50,00000;20,00000;1,19126;1
188,20000;14,86000;      -0,38281; 96,40012;50,00000;20,00000;1,19124;1
188,32201;14,87000;      -0,38212; 96,39872;50,00000;20,00000;1,19120;1
188,41600;14,88000;      -0,38128; 96,39613;49,00000;20,00000;1,19118;1
188,52000;14,89000;      -0,38036; 96,39595;50,00000;20,00000;1,19115;1
188,62399;14,90000;      -0,37959; 96,39457;52,00000;20,00000;1,19112;1
188,72501;14,91000;      -0,37898; 96,39317;50,00000;20,00000;1,19109;1
188,83501;14,92000;      -0,37791; 96,39176;50,00000;20,00000;1,19106;1
188,93700;14,93000;      -0,37722; 96,39035;50,00000;20,00000;1,19104;1
189,04900;14,94000;      -0,37615; 96,38896;52,00000;20,00000;1,19100;1
189,14500;14,95000;      -0,37538; 96,38759;49,00000;20,00000;1,19098;1
189,25500;14,96000;      -0,37454; 96,38622;50,00000;20,00000;1,19095;1
189,35001;14,97000;      -0,37400; 96,38364;50,00000;20,00000;1,19092;1
189,45599;14,98000;      -0,37293; 96,38226;49,00000;20,00000;1,19089;1
189,57100;14,99000;      -0,37216; 96,38086;49,00000;20,00000;1,19086;1
189,65601;15,00000;      -0,37124; 96,37822;51,00000;20,00000;1,19084;1
189,77499;15,01000;      -0,37056; 96,37678;49,00000;20,00000;1,19081;1
189,88300;15,02000;      -0,36964; 96,37413;49,00000;20,00000;1,19078;1
189,97800;15,03000;      -0,36879; 96,37266;49,00000;20,00000;1,19075;1
190,08600;15,04000;      -0,36795; 96,37119;51,00000;20,00000;1,19072;1
190,19901;15,05000;      -0,36695; 96,36852;49,00000;20,00000;1,19069;1
190,29700;15,06000;      -0,36681; 96,36707;49,00000;20,00000;1,19066;1
190,40601;15,07000;      -0,36635; 96,36444;50,00000;20,00000;1,19063;1
190,51300;15,08000;      -0,36551; 96,36305;49,00000;20,00000;1,19060;1
190,61501;15,09000;      -0,36451; 96,36046;49,00000;20,00000;1,19057;1
190,71800;15,10000;      -0,36344; 96,35907;51,00000;20,00000;1,19054;1
190,80400;15,11000;      -0,36267; 96,35526;50,00000;20,00000;1,19052;1
190,93500;15,12000;      -0,36152; 96,35265;51,00000;20,00000;1,19048;1
191,03101;15,13000;      -0,36060; 96,34881;49,00000;20,00000;1,19045;1
191,13300;15,14000;      -0,36068; 96,34617;50,00000;20,00000;1,19043;1
191,23500;15,15000;      -0,36000; 96,34350;51,00000;20,00000;1,19040;1
191,34100;15,16000;      -0,35876; 96,34081;50,00000;20,00000;1,19037;1
191,44701;15,17000;      -0,35792; 96,33931;50,00000;20,00000;1,19034;1
191,55701;15,18000;      -0,35692; 96,33660;50,00000;20,00000;1,19031;1
191,66800;15,19000;      -0,35600; 96,33391;49,00000;20,00000;1,19027;1
191,76700;15,20000;      -0,35493; 96,33245;49,00000;20,00000;1,19025;1
191,87199;15,21000;      -0,35424; 96,32981;50,00000;20,00000;1,19022;1
191,97701;15,22000;      -0,35340; 96,32838;51,00000;20,00000;1,19019;1
192,07700;15,23000;      -0,35286; 96,32575;49,00000;20,00000;1,19016;1
192,18500;15,24000;      -0,35225; 96,32433;50,00000;20,00000;1,19013;1
192,29800;15,25000;      -0,35149; 96,32294;50,00000;20,00000;1,19009;1
192,39101;15,26000;      -0,35072; 96,32156;49,00000;20,00000;1,19007;1
192,50000;15,27000;      -0,34988; 96,32019;49,00000;20,00000;1,19004;1
192,59000;15,28000;      -0,34896; 96,31881;50,00000;20,00000;1,19001;1
192,70799;15,29000;      -0,34796; 96,31743;50,00000;20,00000;1,18997;1
192,80701;15,30000;      -0,34758; 96,31604;49,00000;20,00000;1,18995;1
192,91400;15,31000;      -0,34743; 96,31344;51,00000;20,00000;1,18992;1
193,00900;15,32000;      -0,34636; 96,31205;50,00000;20,00000;1,18989;1
193,12000;15,33000;      -0,34559; 96,31067;51,00000;20,00000;1,18985;1
193,22501;15,34000;      -0,34514; 96,30930;49,00000;20,00000;1,18982;1
193,32201;15,35000;      -0,34352; 96,30794;50,00000;20,00000;1,18980;1
193,43201;15,36000;      -0,34267; 96,30657;49,00000;20,00000;1,18976;1
193,52299;15,37000;      -0,34245; 96,30640;49,00000;20,00000;1,18974;1
193,63499;15,38000;      -0,34161; 96,30621;50,00000;20,00000;1,18970;1
193,73599;15,39000;      -0,34045; 96,30479;50,00000;20,00000;1,18967;1
193,84500;15,40000;      -0,34000; 96,30458;49,00000;20,00000;1,18964;1
193,94600;15,41000;      -0,33931; 96,30438;49,00000;20,00000;1,18961;1
194,04800;15,42000;      -0,33846; 96,30419;51,00000;20,00000;1,18958;1
194,15700;15,43000;      -0,33754; 96,30403;50,00000;20,00000;1,18955;1
194,25500;15,44000;      -0,33685; 96,30387;49,00000;20,00000;1,18952;1
194,36099;15,45000;      -0,33616; 96,30372;50,00000;20,00000;1,18949;1
194,45799;15,46000;      -0,33524; 96,30355;50,00000;20,00000;1,18946;1
194,56599;15,47000;      -0,33471; 96,30336;50,00000;20,00000;1,18943;1
194,66000;15,48000;      -0,33379; 96,30315;51,00000;20,00000;1,18940;1
194,77800;15,49000;      -0,33310; 96,30291;50,00000;20,00000;1,18937;1
194,87300;15,50000;      -0,33225; 96,30267;50,00000;20,00000;1,18934;1
194,98599;15,51000;      -0,33219; 96,30243;49,00000;20,00000;1,18930;1
195,08701;15,52000;      -0,33157; 96,30220;51,00000;20,00000;1,18927;1
195,18800;15,53000;      -0,33003; 96,30194;51,00000;20,00000;1,18924;1
195,28900;15,54000;      -0,32934; 96,30169;51,00000;20,00000;1,18921;1
195,40300;15,55000;      -0,32819; 96,30148;50,00000;20,00000;1,18918;1
195,50400;15,56000;      -0,32773; 96,30128;50,00000;20,00000;1,18915;1
195,60500;15,57000;      -0,32689; 96,30110;49,00000;20,00000;1,18912;1
195,70200;15,58000;      -0,32643; 96,30090;49,00000;20,00000;1,18909;1
195,80600;15,59000;      -0,32559; 96,30065;50,00000;20,00000;1,18906;1
195,92599;15,60000;      -0,32498; 96,30039;50,00000;20,00000;1,18902;1
196,01801;15,61000;      -0,32421; 96,30014;49,00000;20,00000;1,18899;1
196,13400;15,62000;      -0,32321; 96,29987;49,00000;20,00000;1,18896;1
196,23100;15,63000;      -0,32244; 96,29962;51,00000;20,00000;1,18893;1
196,32600;15,64000;      -0,32144; 96,29941;50,00000;20,00000;1,18890;1
196,44200;15,65000;      -0,32083; 96,29920;49,00000;20,00000;1,18886;1
196,53700;15,66000;      -0,31999; 96,29901;50,00000;20,00000;1,18883;1
196,64400;15,67000;      -0,31937; 96,29879;50,00000;20,00000;1,18880;1
196,74800;15,68000;      -0,31861; 96,29853;49,00000;20,00000;1,18877;1
196,85800;15,69000;      -0,31800; 96,29828;50,00000;20,00000;1,18873;1
196,95799;15,70000;      -0,31715; 96,29805;50,00000;20,00000;1,18870;1
197,06799;15,71000;      -0,31646; 96,29781;52,00000;20,00000;1,18867;1
197,16400;15,72000;      -0,31554; 96,29759;49,00000;20,00000;1,18864;1
197,26601;15,73000;      -0,31446; 96,29745;51,00000;20,00000;1,18861;1
197,37000;15,74000;      -0,31439; 96,29732;50,00000;20,00000;1,18857;1
197,47501;15,75000;      -0,31394; 96,29718;51,00000;20,00000;1,18854;1
197,57800;15,76000;      -0,31317; 96,29704;49,00000;20,00000;1,18851;1
197,67500;15,77000;      -0,31194; 96,29568;50,00000;20,00000;1,18848;1
197,77901;15,78000;      -0,31117; 96,29550;50,00000;20,00000;1,18845;1
197,87700;15,79000;      -0,31032; 96,29530;49,00000;20,00000;1,18842;1
197,98399;15,80000;      -0,30940; 96,29511;49,00000;20,00000;1,18838;1
198,09000;15,81000;      -0,30856; 96,29489;52,00000;20,00000;1,18835;1
198,19501;15,82000;      -0,30849; 96,29349;49,00000;20,00000;1,18832;1
198,29201;15,83000;      -0,30772; 96,29207;49,00000;20,00000;1,18829;1
198,39301;15,84000;      -0,30711; 96,28943;49,00000;20,00000;1,18825;1
198,51100;15,85000;      -0,30665; 96,28681;51,00000;20,00000;1,18822;1
198,61501;15,86000;      -0,30588; 96,28421;49,00000;20,00000;1,18818;1
198,70200;15,87000;      -0,30496; 96,28158;50,00000;20,00000;1,18816;1
198,81100;15,88000;      -0,30388; 96,27896;50,00000;20,00000;1,18812;1
198,91100;15,89000;      -0,30304; 96,27516;50,00000;20,00000;1,18809;1
199,01500;15,90000;      -0,30235; 96,27134;49,00000;20,00000;1,18806;1
199,12000;15,91000;      -0,30204; 96,26753;51,00000;20,00000;1,18802;1
199,22600;15,92000;      -0,30143; 96,26373;52,00000;20,00000;1,18799;1
199,32700;15,93000;      -0,30028; 96,25869;50,00000;20,00000;1,18796;1
199,42799;15,94000;      -0,29904; 96,25368;49,00000;20,00000;1,18792;1
199,53799;15,95000;      -0,29905; 96,24870;50,00000;20,00000;1,18789;1
199,62900;15,96000;      -0,29820; 96,24368;51,00000;20,00000;1,18786;1
199,73500;15,97000;      -0,29744; 96,23868;50,00000;20,00000;1,18783;1
199,84000;15,98000;      -0,29667; 96,23493;50,00000;20,00000;1,18779;1
199,93201;15,99000;      -0,29621; 96,23116;50,00000;20,00000;1,18776;1
200,04100;16,00000;      -0,29544; 96,22974;49,00000;20,00000;1,18773;1
200,14101;16,01000;      -0,29460; 96,22832;49,00000;20,00000;1,18770;1
200,25101;16,02000;      -0,29360; 96,22691;51,00000;20,00000;1,18766;1
200,35899;16,03000;      -0,29291; 96,22668;49,00000;20,00000;1,18762;1
200,44901;16,04000;      -0,29222; 96,22524;49,00000;20,00000;1,18760;1
200,54700;16,05000;      -0,29129; 96,22504;50,00000;20,00000;1,18756;1
200,66100;16,06000;      -0,29076; 96,22363;50,00000;20,00000;1,18753;1
200,76700;16,07000;      -0,29007; 96,22225;49,00000;20,00000;1,18749;1
200,86200;16,08000;      -0,28938; 96,21966;50,00000;20,00000;1,18746;1
200,96300;16,09000;      -0,28876; 96,21824;50,00000;20,00000;1,18743;1
201,07300;16,10000;      -0,28800; 96,21561;50,00000;20,00000;1,18739;1
201,17200;16,11000;      -0,28699; 96,21418;49,00000;20,00000;1,18736;1
201,27400;16,12000;      -0,28654; 96,21149;51,00000;20,00000;1,18733;1
201,37601;16,13000;      -0,28592; 96,20760;50,00000;20,00000;1,18729;1
201,48801;16,14000;      -0,28500; 96,20495;51,00000;20,00000;1,18726;1
201,59000;16,15000;      -0,28431; 96,20110;50,00000;20,00000;1,18722;1
201,68300;16,16000;      -0,28315; 96,19730;50,00000;20,00000;1,18719;1
201,79500;16,17000;      -0,28246; 96,19472;50,00000;20,00000;1,18715;1
201,89000;16,18000;      -0,28154; 96,19211;49,00000;20,00000;1,18712;1
202,00000;16,19000;      -0,28092; 96,18829;50,00000;20,00000;1,18709;1
202,09900;16,20000;      -0,28070; 96,18448;50,00000;20,00000;1,18705;1
202,19600;16,21000;      -0,27993; 96,18184;49,00000;20,00000;1,18702;1
202,30400;16,22000;      -0,27901; 96,17921;49,00000;20,00000;1,18698;1
202,41200;16,23000;      -0,27824; 96,17664;50,00000;20,00000;1,18695;1
202,49899;16,24000;      -0,27739; 96,17407;50,00000;20,00000;1,18692;1
202,61000;16,25000;      -0,27693; 96,17145;52,00000;20,00000;1,18688;1
202,71100;16,26000;      -0,27647; 96,17003;50,00000;20,00000;1,18685;1
202,81599;16,27000;      -0,27571; 96,16860;50,00000;20,00000;1,18681;1
202,91800;16,28000;      -0,27486; 96,16712;49,00000;20,00000;1,18678;1
203,01500;16,29000;      -0,27417; 96,16686;50,00000;20,00000;1,18675;1
203,13000;16,30000;      -0,27363; 96,16542;50,00000;20,00000;1,18671;1
203,22701;16,31000;      -0,27310; 96,16521;50,00000;20,00000;1,18668;1
203,32899;16,32000;      -0,27295; 96,16505;49,00000;20,00000;1,18664;1
203,43600;16,33000;      -0,27195; 96,16369;49,00000;20,00000;1,18660;1
203,52600;16,34000;      -0,27102; 96,16351;51,00000;20,00000;1,18657;1
203,63499;16,35000;      -0,27025; 96,16210;51,00000;20,00000;1,18654;1
203,73399;16,36000;      -0,26956; 96,16069;51,00000;20,00000;1,18650;1
203,84399;16,37000;      -0,26910; 96,15925;50,00000;20,00000;1,18647;1
203,94299;16,38000;      -0,26833; 96,15782;50,00000;20,00000;1,18643;1
204,04201;16,39000;      -0,26756; 96,15646;50,00000;20,00000;1,18640;1
204,15401;16,40000;      -0,26687; 96,15392;49,00000;20,00000;1,18636;1
204,23700;16,41000;      -0,26626; 96,15264;49,00000;20,00000;1,18633;1
204,34500;16,42000;      -0,26564; 96,15014;50,00000;20,00000;1,18629;1
204,43700;16,43000;      -0,26511; 96,14879;50,00000;20,00000;1,18626;1
204,54201;16,44000;      -0,26426; 96,14618;50,00000;20,00000;1,18623;1
204,65300;16,45000;      -0,26357; 96,14476;50,00000;20,00000;1,18619;1
204,74800;16,46000;      -0,26319; 96,14208;52,00000;20,00000;1,18616;1
204,85300;16,47000;      -0,26273; 96,14061;50,00000;20,00000;1,18612;1
204,95799;16,48000;      -0,26204; 96,13800;49,00000;20,00000;1,18608;1
205,05701;16,49000;      -0,26142; 96,13659;50,00000;20,00000;1,18605;1
205,16200;16,50000;      -0,26081; 96,13515;49,00000;20,00000;1,18601;1
205,26199;16,51000;      -0,26012; 96,13251;49,00000;20,00000;1,18598;1
205,37199;16,52000;      -0,25919; 96,13107;50,00000;20,00000;1,18594;1
205,46600;16,53000;      -0,25835; 96,12840;50,00000;20,00000;1,18591;1
205,57100;16,54000;      -0,25750; 96,12572;49,00000;20,00000;1,18587;1
205,67200;16,55000;      -0,25704; 96,12430;49,00000;20,00000;1,18584;1
205,78400;16,56000;      -0,25697; 96,12169;50,00000;20,00000;1,18580;1
205,87801;16,57000;      -0,25566; 96,11915;50,00000;20,00000;1,18576;1
205,97800;16,58000;      -0,25481; 96,11783;49,00000;20,00000;1,18573;1
206,07899;16,59000;      -0,25474; 96,11528;49,00000;20,00000;1,18569;1
206,17700;16,60000;      -0,25358; 96,11392;50,00000;20,00000;1,18566;1
206,28101;16,61000;      -0,25304; 96,11375;50,00000;20,00000;1,18562;1
206,37801;16,62000;      -0,25266; 96,11230;49,00000;20,00000;1,18559;1
206,48199;16,63000;      -0,25205; 96,11085;50,00000;20,00000;1,18555;1
206,59200;16,64000;      -0,25120; 96,10945;50,00000;20,00000;1,18551;1
206,69099;16,65000;      -0,25051; 96,10803;50,00000;20,00000;1,18548;1
206,78799;16,66000;      -0,24981; 96,10657;49,00000;20,00000;1,18544;1
206,89500;16,67000;      -0,24904; 96,10512;50,00000;20,00000;1,18541;1
206,99899;16,68000;      -0,24843; 96,10370;50,00000;20,00000;1,18537;1
207,10699;16,69000;      -0,24782; 96,10109;52,00000;20,00000;1,18533;1
207,20500;16,70000;      -0,24712; 96,09970;50,00000;20,00000;1,18530;1
207,29300;16,71000;      -0,24658; 96,09948;49,00000;20,00000;1,18527;1
207,40601;16,72000;      -0,24613; 96,09807;50,00000;20,00000;1,18523;1
207,50500;16,73000;      -0,24543; 96,09791;50,00000;20,00000;1,18519;1
207,60899;16,74000;      -0,24490; 96,09654;49,00000;20,00000;1,18515;1
207,70799;16,75000;      -0,24428; 96,09634;51,00000;20,00000;1,18512;1
207,81200;16,76000;      -0,24343; 96,09614;50,00000;20,00000;1,18508;1
207,91100;16,77000;      -0,24274; 96,09594;50,00000;20,00000;1,18504;1
208,01500;16,78000;      -0,24220; 96,09570;49,00000;20,00000;1,18501;1
208,11301;16,79000;      -0,24167; 96,09545;51,00000;20,00000;1,18497;1
208,21899;16,80000;      -0,24113; 96,09522;51,00000;20,00000;1,18493;1
208,32100;16,81000;      -0,24051; 96,09498;50,00000;20,00000;1,18490;1
208,42500;16,82000;      -0,23982; 96,09478;49,00000;20,00000;1,18486;1
208,52800;16,83000;      -0,23921; 96,09458;50,00000;20,00000;1,18482;1
208,62601;16,84000;      -0,23836; 96,09436;50,00000;20,00000;1,18479;1
208,73300;16,85000;      -0,23743; 96,09415;49,00000;20,00000;1,18475;1
208,83299;16,86000;      -0,23713; 96,09395;49,00000;20,00000;1,18471;1
208,93201;16,87000;      -0,23566; 96,09252;51,00000;20,00000;1,18468;1
209,03500;16,88000;      -0,23566; 96,09231;51,00000;20,00000;1,18464;1
209,14000;16,89000;      -0,23544; 96,09217;49,00000;20,00000;1,18460;1
209,23399;16,90000;      -0,23443; 96,09081;49,00000;20,00000;1,18457;1
209,33400;16,91000;      -0,23374; 96,09060;51,00000;20,00000;1,18453;1
209,43600;16,92000;      -0,23359; 96,08917;51,00000;20,00000;1,18449;1
209,54700;16,93000;      -0,23305; 96,08894;49,00000;20,00000;1,18445;1
209,64200;16,94000;      -0,23252; 96,08871;49,00000;20,00000;1,18442;1
209,75000;16,95000;      -0,23167; 96,08731;50,00000;20,00000;1,18438;1
209,85500;16,96000;      -0,23090; 96,08710;50,00000;20,00000;1,18434;1
209,94200;16,97000;      -0,23020; 96,08567;49,00000;20,00000;1,18431;1
210,04601;16,98000;      -0,22935; 96,08548;50,00000;20,00000;1,18427;1
210,14700;16,99000;      -0,22835; 96,08406;50,00000;20,00000;1,18423;1
210,25900;17,00000;      -0,22812; 96,08382;50,00000;20,00000;1,18419;1
210,36200;17,01000;      -0,22774; 96,08360;49,00000;20,00000;1,18415;1
210,46100;17,02000;      -0,22712; 96,08219;50,00000;20,00000;1,18412;1
210,56100;17,03000;      -0,22596; 96,08198;51,00000;20,00000;1,18408;1
210,65601;17,04000;      -0,22543; 96,08056;50,00000;20,00000;1,18404;1
210,75900;17,05000;      -0,22473; 96,08037;49,00000;20,00000;1,18401;1
210,87000;17,06000;      -0,22412; 96,07896;50,00000;20,00000;1,18396;1
210,96001;17,07000;      -0,22350; 96,07878;50,00000;20,00000;1,18393;1
211,06500;17,08000;      -0,22296; 96,07857;50,00000;20,00000;1,18389;1
211,16800;17,09000;      -0,22242; 96,07712;49,00000;20,00000;1,18385;1
211,27400;17,10000;      -0,22212; 96,07688;51,00000;20,00000;1,18381;1
211,37801;17,11000;      -0,22213; 96,07665;50,00000;20,00000;1,18377;1
211,47501;17,12000;      -0,22136; 96,07638;50,00000;20,00000;1,18374;1
211,57300;17,13000;      -0,22074; 96,07613;50,00000;20,00000;1,18370;1
211,67700;17,14000;      -0,22012; 96,07475;51,00000;20,00000;1,18366;1
211,79500;17,15000;      -0,21951; 96,07460;50,00000;20,00000;1,18362;1
211,87700;17,16000;      -0,21874; 96,07443;52,00000;20,00000;1,18359;1
211,98000;17,17000;      -0,21828; 96,07306;50,00000;20,00000;1,18355;1
212,07899;17,18000;      -0,21750; 96,07291;49,00000;20,00000;1,18351;1
212,18800;17,19000;      -0,21712; 96,07276;50,00000;20,00000;1,18347;1
212,28500;17,20000;      -0,21650; 96,07140;50,00000;20,00000;1,18343;1
212,37700;17,21000;      -0,21573; 96,07122;49,00000;20,00000;1,18340;1
212,48199;17,22000;      -0,21535; 96,06741;51,00000;20,00000;1,18336;1
212,58400;17,23000;      -0,21481; 96,06369;50,00000;20,00000;1,18332;1
212,69099;17,24000;      -0,21373; 96,05996;50,00000;20,00000;1,18328;1
212,77800;17,25000;      -0,21319; 96,05619;50,00000;20,00000;1,18325;1
212,87700;17,26000;      -0,21257; 96,05361;50,00000;20,00000;1,18321;1
212,98399;17,27000;      -0,21219; 96,04979;50,00000;20,00000;1,18317;1
213,07700;17,28000;      -0,21173; 96,04712;51,00000;20,00000;1,18313;1
213,19099;17,29000;      -0,21080; 96,04444;51,00000;20,00000;1,18309;1
213,28999;17,30000;      -0,21042; 96,04180;49,00000;20,00000;1,18305;1
213,38901;17,31000;      -0,20965; 96,03915;50,00000;20,00000;1,18301;1
213,48900;17,32000;      -0,20903; 96,03655;50,00000;20,00000;1,18297;1
213,59801;17,33000;      -0,20833; 96,03517;49,00000;20,00000;1,18293;1
213,69099;17,34000;      -0,20780; 96,03375;49,00000;20,00000;1,18290;1
213,79601;17,35000;      -0,20765; 96,03232;50,00000;20,00000;1,18286;1
213,89200;17,36000;      -0,20726; 96,03089;50,00000;20,00000;1,18282;1
214,00000;17,37000;      -0,20665; 96,03064;50,00000;20,00000;1,18278;1
214,09900;17,38000;      -0,20595; 96,02918;49,00000;20,00000;1,18274;1
214,21100;17,39000;      -0,20495; 96,02901;51,00000;20,00000;1,18270;1
214,29201;17,40000;      -0,20456; 96,02884;51,00000;20,00000;1,18267;1
214,40300;17,41000;      -0,20402; 96,02864;51,00000;20,00000;1,18262;1
214,50500;17,42000;      -0,20348; 96,02843;49,00000;20,00000;1,18258;1
214,60400;17,43000;      -0,20279; 96,02822;49,00000;20,00000;1,18254;1
214,70599;17,44000;      -0,20287; 96,02802;50,00000;20,00000;1,18250;1
214,81200;17,45000;      -0,20280; 96,02783;49,00000;20,00000;1,18246;1
214,90700;17,46000;      -0,20234; 96,02761;49,00000;20,00000;1,18243;1
215,00301;17,47000;      -0,20196; 96,02738;49,00000;20,00000;1,18239;1
215,11200;17,48000;      -0,20150; 96,02720;50,00000;20,00000;1,18235;1
215,20799;17,49000;      -0,20088; 96,02701;50,00000;20,00000;1,18231;1
215,31799;17,50000;      -0,19995; 96,02677;49,00000;20,00000;1,18227;1
215,40900;17,51000;      -0,19949; 96,02654;51,00000;20,00000;1,18223;1
215,51700;17,52000;      -0,19856; 96,02632;51,00000;20,00000;1,18219;1
215,61800;17,53000;      -0,19787; 96,02608;51,00000;20,00000;1,18215;1
215,72501;17,54000;      -0,19779; 96,02586;49,00000;20,00000;1,18211;1
215,82001;17,55000;      -0,19772; 96,02569;49,00000;20,00000;1,18207;1
215,90500;17,56000;      -0,19679; 96,02552;50,00000;20,00000;1,18203;1
216,02600;17,57000;      -0,19579; 96,02538;49,00000;20,00000;1,18199;1
216,11900;17,58000;      -0,19548; 96,02521;50,00000;20,00000;1,18195;1
216,21201;17,59000;      -0,19564; 96,02501;49,00000;20,00000;1,18191;1
216,32899;17,60000;      -0,19487; 96,02482;50,00000;20,00000;1,18187;1
216,41901;17,61000;      -0,19386; 96,02463;50,00000;20,00000;1,18183;1
216,52299;17,62000;      -0,19324; 96,02442;50,00000;20,00000;1,18179;1
216,62300;17,63000;      -0,19302; 96,02420;49,00000;20,00000;1,18175;1
216,71600;17,64000;      -0,19240; 96,02403;50,00000;20,00000;1,18171;1
216,82300;17,65000;      -0,19139; 96,02384;51,00000;20,00000;1,18167;1
216,93100;17,66000;      -0,19070; 96,02362;51,00000;20,00000;1,18163;1
217,02200;17,67000;      -0,19039; 96,02340;49,00000;20,00000;1,18159;1
217,12700;17,68000;      -0,19001; 96,02319;50,00000;20,00000;1,18155;1
217,23199;17,69000;      -0,18947; 96,02300;49,00000;20,00000;1,18151;1
217,33299;17,70000;      -0,18877; 96,02281;50,00000;20,00000;1,18147;1
217,42101;17,71000;      -0,18815; 96,02260;49,00000;20,00000;1,18143;1
217,53400;17,72000;      -0,18769; 96,02240;50,00000;20,00000;1,18139;1
217,62801;17,73000;      -0,18723; 96,02226;50,00000;20,00000;1,18135;1
217,73100;17,74000;      -0,18685; 96,02210;49,00000;20,00000;1,18131;1
217,82001;17,75000;      -0,18631; 96,02189;49,00000;20,00000;1,18127;1
217,93500;17,76000;      -0,18569; 96,02166;51,00000;20,00000;1,18123;1
218,03300;17,77000;      -0,18499; 96,02140;50,00000;20,00000;1,18119;1
218,13100;17,78000;      -0,18484; 96,01990;49,00000;20,00000;1,18115;1
218,23599;17,79000;      -0,18485; 96,01962;49,00000;20,00000;1,18110;1
218,34599;17,80000;      -0,18392; 96,01939;50,00000;20,00000;1,18106;1
218,43900;17,81000;      -0,18330; 96,01917;52,00000;20,00000;1,18102;1
218,53799;17,82000;      -0,18284; 96,01778;49,00000;20,00000;1,18098;1
218,63600;17,83000;      -0,18261; 96,01762;49,00000;20,00000;1,18094;1
218,74600;17,84000;      -0,18215; 96,01622;50,00000;20,00000;1,18090;1
218,84599;17,85000;      -0,18145; 96,01603;50,00000;20,00000;1,18086;1
218,93600;17,86000;      -0,18075; 96,01582;49,00000;20,00000;1,18082;1
219,03999;17,87000;      -0,18014; 96,01437;49,00000;20,00000;1,18078;1
219,14301;17,88000;      -0,17999; 96,01412;51,00000;20,00000;1,18073;1
219,24400;17,89000;      -0,17952; 96,01393;50,00000;20,00000;1,18069;1
219,35001;17,90000;      -0,17867; 96,01254;52,00000;20,00000;1,18065;1
219,45300;17,91000;      -0,17798; 96,01237;50,00000;20,00000;1,18061;1
219,54601;17,92000;      -0,17728; 96,01100;50,00000;20,00000;1,18057;1
219,64700;17,93000;      -0,17697; 96,01087;50,00000;20,00000;1,18053;1
219,73900;17,94000;      -0,17667; 96,01074;49,00000;20,00000;1,18049;1
219,84900;17,95000;      -0,17636; 96,00940;49,00000;20,00000;1,18044;1
219,93800;17,96000;      -0,17590; 96,00923;50,00000;20,00000;1,18041;1
220,04601;17,97000;      -0,17528; 96,00906;50,00000;20,00000;1,18036;1
220,14000;17,98000;      -0,17474; 96,00775;49,00000;20,00000;1,18032;1
220,23801;17,99000;      -0,17428; 96,00766;49,00000;20,00000;1,18028;1
220,34200;18,00000;      -0,17366; 96,00632;51,00000;20,00000;1,18024;1
220,43300;18,01000;      -0,17312; 96,00617;50,00000;20,00000;1,18020;1
220,53700;18,02000;      -0,17250; 96,00599;52,00000;20,00000;1,18016;1
220,63400;18,03000;      -0,17196; 96,00455;50,00000;20,00000;1,18012;1
220,73500;18,04000;      -0,17188; 96,00430;50,00000;20,00000;1,18008;1
220,83600;18,05000;      -0,17142; 96,00405;50,00000;20,00000;1,18004;1
220,94600;18,06000;      -0,17080; 96,00259;51,00000;20,00000;1,17999;1
221,04401;18,07000;      -0,17026; 96,00238;50,00000;20,00000;1,17995;1
221,14600;18,08000;      -0,16980; 96,00099;50,00000;20,00000;1,17991;1
221,24500;18,09000;      -0,16918; 96,00080;50,00000;20,00000;1,17987;1
221,34000;18,10000;      -0,16879; 96,00062;50,00000;20,00000;1,17983;1
221,45200;18,11000;      -0,16802; 95,99926;49,00000;20,00000;1,17978;1
221,54100;18,12000;      -0,16795; 95,99908;51,00000;20,00000;1,17974;1
221,64301;18,13000;      -0,16780; 95,99889;50,00000;20,00000;1,17970;1
221,73199;18,14000;      -0,16702; 95,99754;52,00000;20,00000;1,17966;1
221,84900;18,15000;      -0,16695; 95,99739;50,00000;20,00000;1,17961;1
221,93700;18,16000;      -0,16688; 95,99596;50,00000;20,00000;1,17958;1
222,04100;18,17000;      -0,16602; 95,99573;50,00000;20,00000;1,17953;1
222,14200;18,18000;      -0,16517; 95,99550;52,00000;20,00000;1,17949;1
222,24699;18,19000;      -0,16455; 95,99410;50,00000;20,00000;1,17944;1
222,35400;18,20000;      -0,16417; 95,99393;50,00000;20,00000;1,17940;1
222,44299;18,21000;      -0,16394; 95,99375;50,00000;20,00000;1,17936;1
222,53799;18,22000;      -0,16363; 95,99236;50,00000;20,00000;1,17932;1
222,63901;18,23000;      -0,16332; 95,99223;49,00000;20,00000;1,17928;1
222,73801;18,24000;      -0,16278; 95,99085;51,00000;20,00000;1,17924;1
222,83701;18,25000;      -0,16247; 95,99063;50,00000;20,00000;1,17919;1
222,95200;18,26000;      -0,16201; 95,99038;52,00000;20,00000;1,17915;1
223,03700;18,27000;      -0,16178; 95,98891;49,00000;20,00000;1,17911;1
223,14799;18,28000;      -0,16148; 95,98861;51,00000;20,00000;1,17906;1
223,24200;18,29000;      -0,16086; 95,98832;50,00000;20,00000;1,17902;1
223,35300;18,30000;      -0,16031; 95,98684;52,00000;20,00000;1,17897;1
223,45399;18,31000;      -0,15977; 95,98657;49,00000;20,00000;1,17893;1
223,55200;18,32000;      -0,15939; 95,98634;49,00000;20,00000;1,17889;1
223,65500;18,33000;      -0,15877; 95,98612;50,00000;20,00000;1,17884;1
223,75000;18,34000;      -0,15815; 95,98588;49,00000;20,00000;1,17880;1
223,86200;18,35000;      -0,15753; 95,98566;49,00000;20,00000;1,17876;1
223,96001;18,36000;      -0,15722; 95,98546;49,00000;20,00000;1,17871;1
224,06000;18,37000;      -0,15684; 95,98524;51,00000;20,00000;1,17867;1
224,15601;18,38000;      -0,15629; 95,98503;49,00000;20,00000;1,17863;1
224,25101;18,39000;      -0,15575; 95,98488;49,00000;20,00000;1,17859;1
224,35600;18,40000;      -0,15552; 95,98472;50,00000;20,00000;1,17854;1
224,45200;18,41000;      -0,15537; 95,98451;52,00000;20,00000;1,17850;1
224,56599;18,42000;      -0,15428; 95,98430;50,00000;20,00000;1,17845;1
224,65199;18,43000;      -0,15405; 95,98409;49,00000;20,00000;1,17842;1
224,75700;18,44000;      -0,15382; 95,98388;50,00000;20,00000;1,17837;1
224,85699;18,45000;      -0,15344; 95,98367;50,00000;20,00000;1,17833;1
224,96100;18,46000;      -0,15227; 95,98343;49,00000;20,00000;1,17828;1
225,05299;18,47000;      -0,15188; 95,98319;49,00000;20,00000;1,17824;1
225,16299;18,48000;      -0,15189; 95,98302;51,00000;20,00000;1,17819;1
225,26100;18,49000;      -0,15166; 95,98285;50,00000;20,00000;1,17815;1
225,35699;18,50000;      -0,15128; 95,98264;49,00000;20,00000;1,17811;1
225,45900;18,51000;      -0,15081; 95,98241;49,00000;20,00000;1,17806;1
225,54900;18,52000;      -0,15050; 95,98095;51,00000;20,00000;1,17802;1
225,66701;18,53000;      -0,15035; 95,98068;50,00000;20,00000;1,17797;1
225,77000;18,54000;      -0,14966; 95,98041;52,00000;20,00000;1,17793;1
225,86600;18,55000;      -0,14927; 95,98021;50,00000;20,00000;1,17789;1
225,96001;18,56000;      -0,14873; 95,97881;50,00000;20,00000;1,17784;1
226,06100;18,57000;      -0,14811; 95,97865;50,00000;20,00000;1,17780;1
226,15601;18,58000;      -0,14748; 95,97847;49,00000;20,00000;1,17776;1
226,26401;18,59000;      -0,14718; 95,97826;50,00000;20,00000;1,17771;1
226,36501;18,60000;      -0,14687; 95,97683;50,00000;20,00000;1,17767;1
226,46600;18,61000;      -0,14641; 95,97661;52,00000;20,00000;1,17762;1
226,56500;18,62000;      -0,14649; 95,97636;49,00000;20,00000;1,17758;1
226,65900;18,63000;      -0,14626; 95,97613;50,00000;20,00000;1,17754;1
226,76900;18,64000;      -0,14603; 95,97477;50,00000;20,00000;1,17749;1
226,86600;18,65000;      -0,14557; 95,97462;51,00000;20,00000;1,17745;1
226,96201;18,66000;      -0,14502; 95,97445;51,00000;20,00000;1,17740;1
227,06100;18,67000;      -0,14401; 95,97307;50,00000;20,00000;1,17736;1
227,16000;18,68000;      -0,14300; 95,97289;50,00000;20,00000;1,17731;1
227,26601;18,69000;      -0,14308; 95,97270;50,00000;20,00000;1,17727;1
227,35600;18,70000;      -0,14285; 95,97249;49,00000;20,00000;1,17723;1
227,46201;18,71000;      -0,14270; 95,97102;51,00000;20,00000;1,17718;1
227,56000;18,72000;      -0,14208; 95,97077;50,00000;20,00000;1,17714;1
227,66499;18,73000;      -0,14193; 95,97058;50,00000;20,00000;1,17709;1
227,76900;18,74000;      -0,14170; 95,97042;50,00000;20,00000;1,17704;1
227,86600;18,75000;      -0,14139; 95,96903;50,00000;20,00000;1,17700;1
227,96001;18,76000;      -0,14116; 95,96886;50,00000;20,00000;1,17696;1
228,06000;18,77000;      -0,14085; 95,96869;51,00000;20,00000;1,17691;1
228,16000;18,78000;      -0,14015; 95,96727;51,00000;20,00000;1,17687;1
228,26199;18,79000;      -0,13898; 95,96705;49,00000;20,00000;1,17682;1
228,35800;18,80000;      -0,13868; 95,96686;50,00000;20,00000;1,17678;1
228,46300;18,81000;      -0,13868; 95,96665;50,00000;20,00000;1,17673;1
228,55901;18,82000;      -0,13822; 95,96526;49,00000;20,00000;1,17669;1
228,66200;18,83000;      -0,13759; 95,96507;49,00000;20,00000;1,17664;1
228,75800;18,84000;      -0,13729; 95,96485;50,00000;20,00000;1,17660;1
228,86700;18,85000;      -0,13721; 95,96464;50,00000;20,00000;1,17655;1
228,96700;18,86000;      -0,13636; 95,96324;50,00000;20,00000;1,17650;1
229,06000;18,87000;      -0,13558; 95,96302;50,00000;20,00000;1,17646;1
229,15900;18,88000;      -0,13527; 95,96279;51,00000;20,00000;1,17642;1
229,25800;18,89000;      -0,13488; 95,96141;51,00000;20,00000;1,17637;1
229,36099;18,90000;      -0,13465; 95,96125;51,00000;20,00000;1,17633;1
229,47200;18,91000;      -0,13427; 95,96106;49,00000;20,00000;1,17628;1
229,55400;18,92000;      -0,13396; 95,96087;49,00000;20,00000;1,17624;1
229,66200;18,93000;      -0,13365; 95,95950;50,00000;20,00000;1,17619;1
229,76300;18,94000;      -0,13311; 95,95935;49,00000;20,00000;1,17614;1
229,85699;18,95000;      -0,13264; 95,95917;49,00000;20,00000;1,17610;1
229,95000;18,96000;      -0,13194; 95,95774;50,00000;20,00000;1,17606;1
230,05600;18,97000;      -0,13148; 95,95509;50,00000;20,00000;1,17601;1
230,15601;18,98000;      -0,13132; 95,95371;50,00000;20,00000;1,17596;1
230,26801;18,99000;      -0,13094; 95,95110;49,00000;20,00000;1,17591;1
230,35001;19,00000;      -0,13071; 95,94967;51,00000;20,00000;1,17588;1
230,46500;19,01000;      -0,13095; 95,94825;51,00000;20,00000;1,17582;1
230,55099;19,02000;      -0,13056; 95,94683;51,00000;20,00000;1,17578;1
230,66600;19,03000;      -0,13025; 95,94660;49,00000;20,00000;1,17573;1
230,75400;19,04000;      -0,12971; 95,94516;49,00000;20,00000;1,17569;1
230,86000;19,05000;      -0,12916; 95,94497;50,00000;20,00000;1,17564;1
230,96100;19,06000;      -0,12878; 95,94357;49,00000;20,00000;1,17559;1
231,05200;19,07000;      -0,12839; 95,94342;49,00000;20,00000;1,17555;1
231,15900;19,08000;      -0,12808; 95,94206;49,00000;20,00000;1,17550;1
231,25500;19,09000;      -0,12754; 95,94187;50,00000;20,00000;1,17546;1
231,35201;19,10000;      -0,12762; 95,94046;50,00000;20,00000;1,17541;1
231,45599;19,11000;      -0,12723; 95,94025;49,00000;20,00000;1,17537;1
231,55800;19,12000;      -0,12700; 95,93880;49,00000;20,00000;1,17532;1
231,65199;19,13000;      -0,12654; 95,93856;50,00000;20,00000;1,17527;1
231,75400;19,14000;      -0,12584; 95,93837;50,00000;20,00000;1,17523;1
231,85699;19,15000;      -0,12506; 95,93698;49,00000;20,00000;1,17518;1
231,96001;19,16000;      -0,12475; 95,93677;49,00000;20,00000;1,17513;1
232,05200;19,17000;      -0,12475; 95,93536;50,00000;20,00000;1,17509;1
232,15601;19,18000;      -0,12429; 95,93516;50,00000;20,00000;1,17504;1
232,25400;19,19000;      -0,12382; 95,93497;49,00000;20,00000;1,17499;1
232,35800;19,20000;      -0,12375; 95,93359;49,00000;20,00000;1,17495;1
232,45799;19,21000;      -0,12344; 95,93340;49,00000;20,00000;1,17490;1
232,54700;19,22000;      -0,12274; 95,93199;50,00000;20,00000;1,17486;1
232,64700;19,23000;      -0,12266; 95,93183;49,00000;20,00000;1,17481;1
232,75000;19,24000;      -0,12235; 95,93046;49,00000;20,00000;1,17476;1
232,85899;19,25000;      -0,12220; 95,93024;49,00000;20,00000;1,17471;1
232,94299;19,26000;      -0,12197; 95,92999;51,00000;20,00000;1,17467;1
233,04601;19,27000;      -0,12119; 95,92852;50,00000;20,00000;1,17462;1
233,15900;19,28000;      -0,12057; 95,92823;52,00000;20,00000;1,17457;1
233,25800;19,29000;      -0,12010; 95,92673;50,00000;20,00000;1,17452;1
233,35600;19,30000;      -0,12003; 95,92648;50,00000;20,00000;1,17448;1
233,45599;19,31000;      -0,11980; 95,92626;49,00000;20,00000;1,17443;1
233,55800;19,32000;      -0,11949; 95,92487;50,00000;20,00000;1,17438;1
233,65100;19,33000;      -0,11918; 95,92470;49,00000;20,00000;1,17434;1
233,75999;19,34000;      -0,11871; 95,92331;50,00000;20,00000;1,17429;1
233,85600;19,35000;      -0,11833; 95,92314;50,00000;20,00000;1,17424;1
233,95399;19,36000;      -0,11802; 95,92177;49,00000;20,00000;1,17420;1
234,05600;19,37000;      -0,11755; 95,92158;49,00000;20,00000;1,17415;1
234,14101;19,38000;      -0,11716; 95,92018;51,00000;20,00000;1,17411;1
234,25200;19,39000;      -0,11685; 95,91882;50,00000;20,00000;1,17405;1
234,35001;19,40000;      -0,11646; 95,91866;49,00000;20,00000;1,17401;1
234,45100;19,41000;      -0,11608; 95,91726;49,00000;20,00000;1,17396;1
234,55200;19,42000;      -0,11530; 95,91586;50,00000;20,00000;1,17391;1
234,64101;19,43000;      -0,11538; 95,91446;50,00000;20,00000;1,17387;1
234,74699;19,44000;      -0,11546; 95,91426;49,00000;20,00000;1,17382;1
234,85100;19,45000;      -0,11484; 95,91284;49,00000;20,00000;1,17377;1
234,94299;19,46000;      -0,11437; 95,91257;49,00000;20,00000;1,17372;1
235,04601;19,47000;      -0,11414; 95,91109;50,00000;20,00000;1,17367;1
235,14999;19,48000;      -0,11399; 95,91088;49,00000;20,00000;1,17362;1
235,25101;19,49000;      -0,11313; 95,90946;49,00000;20,00000;1,17358;1
235,35100;19,50000;      -0,11243; 95,90925;49,00000;20,00000;1,17353;1
235,45399;19,51000;      -0,11243; 95,90786;51,00000;20,00000;1,17348;1
235,55200;19,52000;      -0,11220; 95,90771;50,00000;20,00000;1,17343;1
235,64900;19,53000;      -0,11236; 95,90635;49,00000;20,00000;1,17339;1
235,74300;19,54000;      -0,11213; 95,90620;49,00000;20,00000;1,17334;1
235,84300;19,55000;      -0,11182; 95,90486;51,00000;20,00000;1,17329;1
235,92599;19,56000;      -0,11104; 95,90471;50,00000;20,00000;1,17325;1
236,04100;19,57000;      -0,11049; 95,90336;49,00000;20,00000;1,17320;1
236,14999;19,58000;      -0,11018; 95,90320;50,00000;20,00000;1,17314;1
236,23300;19,59000;      -0,11019; 95,90179;50,00000;20,00000;1,17310;1
236,33701;19,60000;      -0,10980; 95,90159;50,00000;20,00000;1,17305;1
236,43800;19,61000;      -0,10918; 95,90018;50,00000;20,00000;1,17300;1
236,53300;19,62000;      -0,10839; 95,89992;49,00000;20,00000;1,17296;1
236,63400;19,63000;      -0,10824; 95,89845;51,00000;20,00000;1,17291;1
236,74300;19,64000;      -0,10809; 95,89706;50,00000;20,00000;1,17286;1
236,84399;19,65000;      -0,10762; 95,89569;49,00000;20,00000;1,17281;1
236,93401;19,66000;      -0,10739; 95,89429;49,00000;20,00000;1,17276;1
237,03799;19,67000;      -0,10747; 95,89290;51,00000;20,00000;1,17271;1
237,13300;19,68000;      -0,10740; 95,89151;50,00000;20,00000;1,17267;1
237,23000;19,69000;      -0,10740; 95,89132;49,00000;20,00000;1,17262;1
237,33701;19,70000;      -0,10678; 95,88992;50,00000;20,00000;1,17257;1
237,43500;19,71000;      -0,10608; 95,88848;50,00000;20,00000;1,17252;1
237,53200;19,72000;      -0,10577; 95,88583;50,00000;20,00000;1,17247;1
237,62900;19,73000;      -0,10538; 95,88443;50,00000;20,00000;1,17242;1
237,72900;19,74000;      -0,10467; 95,88183;51,00000;20,00000;1,17237;1
237,84200;19,75000;      -0,10428; 95,87920;50,00000;20,00000;1,17232;1
237,92900;19,76000;      -0,10390; 95,87658;52,00000;20,00000;1,17228;1
238,03300;19,77000;      -0,10398; 95,87518;51,00000;20,00000;1,17222;1
238,13200;19,78000;      -0,10390; 95,87377;49,00000;20,00000;1,17218;1
238,23300;19,79000;      -0,10257; 95,87115;51,00000;20,00000;1,17213;1
238,32500;19,80000;      -0,10265; 95,86976;50,00000;20,00000;1,17208;1
238,42599;19,81000;      -0,10258; 95,86837;51,00000;20,00000;1,17203;1
238,52400;19,82000;      -0,10235; 95,86698;50,00000;20,00000;1,17198;1
238,62601;19,83000;      -0,10196; 95,86680;50,00000;20,00000;1,17193;1
238,73199;19,84000;      -0,10133; 95,86538;50,00000;20,00000;1,17188;1
238,83099;19,85000;      -0,10110; 95,86396;49,00000;20,00000;1,17183;1
238,92500;19,86000;      -0,10087; 95,86376;49,00000;20,00000;1,17178;1
239,02600;19,87000;      -0,10056; 95,86232;50,00000;20,00000;1,17173;1
239,12300;19,88000;      -0,10033; 95,86086;52,00000;20,00000;1,17169;1
239,22000;19,89000;-9,978103e-002; 95,85945;50,00000;20,00000;1,17164;1
239,33099;19,90000;-9,923487e-002; 95,85802;49,00000;20,00000;1,17158;1
239,42999;19,91000;-9,908164e-002; 95,85656;50,00000;20,00000;1,17153;1
239,53400;19,92000;-9,884992e-002; 95,85512;50,00000;20,00000;1,17148;1
239,62801;19,93000;-9,846035e-002; 95,85490;51,00000;20,00000;1,17143;1
239,72800;19,94000;-9,807100e-002; 95,85350;50,00000;20,00000;1,17138;1
239,83000;19,95000;-9,776042e-002; 95,85210;50,00000;20,00000;1,17133;1
239,92500;19,96000;-9,752823e-002; 95,85188;50,00000;20,00000;1,17129;1
240,03000;19,97000;-9,721773e-002; 95,85165;49,00000;20,00000;1,17123;1
240,12500;19,98000;-9,674935e-002; 95,85029;49,00000;20,00000;1,17119;1
240,21800;19,99000;-9,675320e-002; 95,85014;49,00000;20,00000;1,17114;1
240,33200;20,00000;-9,652174e-002; 95,84996;52,00000;20,00000;1,17108;1
240,42599;20,01000;-9,613197e-002; 95,84857;50,00000;20,00000;1,17104;1
240,51801;20,02000;-9,566335e-002; 95,84837;49,00000;20,00000;1,17099;1
240,61700;20,03000;-9,543120e-002; 95,84697;50,00000;20,00000;1,17094;1
240,72301;20,04000;-9,496310e-002; 95,84676;51,00000;20,00000;1,17089;1
240,82201;20,05000;-9,480965e-002; 95,84533;51,00000;20,00000;1,17084;1
240,92000;20,06000;-9,434116e-002; 95,84390;50,00000;20,00000;1,17079;1
241,02100;20,07000;-9,403026e-002; 95,84367;50,00000;20,00000;1,17074;1
241,12199;20,08000;-9,403436e-002; 95,84225;50,00000;20,00000;1,17068;1
241,22301;20,09000;-9,380218e-002; 95,84083;50,00000;20,00000;1,17063;1
241,32100;20,10000;-9,349110e-002; 95,84061;49,00000;20,00000;1,17058;1
241,41701;20,11000;-9,317992e-002; 95,83919;49,00000;20,00000;1,17054;1
241,52400;20,12000;-9,271162e-002; 95,83778;51,00000;20,00000;1,17048;1
241,62000;20,13000;-9,247916e-002; 95,83638;50,00000;20,00000;1,17043;1
241,72301;20,14000;-9,201064e-002; 95,83499;49,00000;20,00000;1,17038;1
241,81599;20,15000;-9,146289e-002; 95,83361;49,00000;20,00000;1,17033;1
241,92101;20,16000;-9,130950e-002; 95,83223;50,00000;20,00000;1,17028;1
242,00600;20,17000;-9,131288e-002; 95,83083;52,00000;20,00000;1,17024;1
242,11400;20,18000;-9,108080e-002; 95,82942;49,00000;20,00000;1,17018;1
242,22200;20,19000;-9,076991e-002; 95,82800;49,00000;20,00000;1,17013;1
242,31200;20,20000;-9,014309e-002; 95,82658;50,00000;20,00000;1,17008;1
242,41299;20,21000;-8,928027e-002; 95,82516;50,00000;20,00000;1,17003;1
242,51500;20,22000;-8,889023e-002; 95,82254;49,00000;20,00000;1,16998;1
242,61600;20,23000;-8,818489e-002; 95,82114;49,00000;20,00000;1,16993;1
242,71001;20,24000;-8,834614e-002; 95,81974;50,00000;20,00000;1,16988;1
242,81400;20,25000;-8,795610e-002; 95,81714;50,00000;20,00000;1,16982;1
242,91100;20,26000;-8,772339e-002; 95,81575;49,00000;20,00000;1,16977;1
243,01401;20,27000;-8,678151e-002; 95,81436;49,00000;20,00000;1,16972;1
243,10100;20,28000;-8,710012e-002; 95,81296;49,00000;20,00000;1,16968;1
243,20700;20,29000;-8,702535e-002; 95,81156;52,00000;20,00000;1,16962;1
243,31599;20,30000;-8,687185e-002; 95,81018;50,00000;20,00000;1,16957;1
243,40401;20,31000;-8,687522e-002; 95,80879;49,00000;20,00000;1,16952;1
243,50500;20,32000;-8,624839e-002; 95,80861;50,00000;20,00000;1,16947;1
243,59801;20,33000;-8,538467e-002; 95,80842;50,00000;20,00000;1,16942;1
243,71201;20,34000;-8,499475e-002; 95,80701;49,00000;20,00000;1,16936;1
243,78999;20,35000;-8,483998e-002; 95,80679;49,00000;20,00000;1,16932;1
243,90700;20,36000;-8,374044e-002; 95,80656;50,00000;20,00000;1,16926;1
244,00700;20,37000;-8,382301e-002; 95,80633;50,00000;20,00000;1,16921;1
244,10001;20,38000;-8,390532e-002; 95,80611;49,00000;20,00000;1,16916;1
244,20700;20,39000;-8,390930e-002; 95,80592;49,00000;20,00000;1,16911;1
244,30701;20,40000;-8,343983e-002; 95,80574;49,00000;20,00000;1,16905;1
244,39999;20,41000;-8,304893e-002; 95,80436;51,00000;20,00000;1,16901;1
244,49699;20,42000;-8,281590e-002; 95,80419;49,00000;20,00000;1,16895;1
244,59599;20,43000;-8,250405e-002; 95,80402;49,00000;20,00000;1,16890;1
244,69901;20,44000;-8,258671e-002; 95,80262;50,00000;20,00000;1,16885;1
244,79500;20,45000;-8,219583e-002; 95,80241;50,00000;20,00000;1,16880;1
244,89301;20,46000;-8,156833e-002; 95,80099;50,00000;20,00000;1,16875;1
245,00101;20,47000;-8,125670e-002; 95,80079;49,00000;20,00000;1,16869;1
245,09500;20,48000;-8,110233e-002; 95,79939;50,00000;20,00000;1,16864;1
245,19701;20,49000;-8,047485e-002; 95,79922;50,00000;20,00000;1,16859;1
245,29401;20,50000;-8,055725e-002; 95,79785;50,00000;20,00000;1,16854;1
245,38699;20,51000;-8,048170e-002; 95,79769;49,00000;20,00000;1,16849;1
245,49300;20,52000;-7,993317e-002; 95,79633;50,00000;20,00000;1,16844;1
245,58400;20,53000;-7,954188e-002; 95,79376;51,00000;20,00000;1,16839;1
245,69400;20,54000;-7,954582e-002; 95,79118;49,00000;20,00000;1,16833;1
245,77699;20,55000;-7,875961e-002; 95,78857;49,00000;20,00000;1,16829;1
245,87900;20,56000;-7,852646e-002; 95,78595;50,00000;20,00000;1,16823;1
245,98599;20,57000;-7,821455e-002; 95,78332;50,00000;20,00000;1,16818;1
246,08299;20,58000;-7,806010e-002; 95,78068;50,00000;20,00000;1,16813;1
246,18500;20,59000;-7,774797e-002; 95,77804;49,00000;20,00000;1,16807;1
246,28400;20,60000;-7,727783e-002; 95,77661;50,00000;20,00000;1,16802;1
246,38499;20,61000;-7,712348e-002; 95,77398;50,00000;20,00000;1,16797;1
246,48100;20,62000;-7,704789e-002; 95,77255;50,00000;20,00000;1,16792;1
246,58200;20,63000;-7,657774e-002; 95,77113;49,00000;20,00000;1,16786;1
246,68401;20,64000;-7,579178e-002; 95,76850;51,00000;20,00000;1,16781;1
246,78500;20,65000;-7,555839e-002; 95,76709;49,00000;20,00000;1,16775;1
246,88100;20,66000;-7,556167e-002; 95,76447;52,00000;20,00000;1,16770;1
246,98199;20,67000;-7,517034e-002; 95,76306;49,00000;20,00000;1,16765;1
247,08099;20,68000;-7,446305e-002; 95,76164;50,00000;20,00000;1,16760;1
247,17700;20,69000;-7,407146e-002; 95,76023;50,00000;20,00000;1,16755;1
247,28101;20,70000;-7,399600e-002; 95,75882;49,00000;20,00000;1,16749;1
247,38400;20,71000;-7,392050e-002; 95,75862;49,00000;20,00000;1,16744;1
247,47701;20,72000;-7,360772e-002; 95,75843;50,00000;20,00000;1,16739;1
247,57600;20,73000;-7,290021e-002; 95,75703;50,00000;20,00000;1,16733;1
247,68201;20,74000;-7,266678e-002; 95,75684;50,00000;20,00000;1,16728;1
247,77100;20,75000;-7,243277e-002; 95,75664;49,00000;20,00000;1,16723;1
247,87700;20,76000;-7,212032e-002; 95,75642;51,00000;20,00000;1,16717;1
247,97099;20,77000;-7,180744e-002; 95,75619;51,00000;20,00000;1,16712;1
248,08200;20,78000;-7,157409e-002; 95,75595;51,00000;20,00000;1,16706;1
248,17101;20,79000;-7,126100e-002; 95,75572;49,00000;20,00000;1,16702;1
248,28101;20,80000;-7,094857e-002; 95,75550;49,00000;20,00000;1,16696;1
248,38100;20,81000;-7,047776e-002; 95,75530;50,00000;20,00000;1,16690;1
248,47800;20,82000;-7,008583e-002; 95,75514;51,00000;20,00000;1,16685;1
248,57401;20,83000;-6,969384e-002; 95,75500;50,00000;20,00000;1,16680;1
248,67101;20,84000;-6,969696e-002; 95,75487;50,00000;20,00000;1,16675;1
248,77600;20,85000;-6,914716e-002; 95,75474;50,00000;20,00000;1,16669;1
248,85899;20,86000;-6,930786e-002; 95,75457;50,00000;20,00000;1,16665;1
248,95700;20,87000;-6,907391e-002; 95,75436;49,00000;20,00000;1,16659;1
249,06500;20,88000;-6,836603e-002; 95,75413;50,00000;20,00000;1,16654;1
249,16400;20,89000;-6,805300e-002; 95,75389;52,00000;20,00000;1,16648;1
249,27901;20,90000;-6,750332e-002; 95,75368;49,00000;20,00000;1,16642;1
249,37100;20,91000;-6,703191e-002; 95,75348;49,00000;20,00000;1,16637;1
249,46300;20,92000;-6,735098e-002; 95,75207;50,00000;20,00000;1,16632;1
249,55499;20,93000;-6,695858e-002; 95,75188;52,00000;20,00000;1,16627;1
249,66299;20,94000;-6,640854e-002; 95,75170;50,00000;20,00000;1,16621;1
249,77299;20,95000;-6,657006e-002; 95,75030;49,00000;20,00000;1,16615;1
249,86501;20,96000;-6,625665e-002; 95,75011;50,00000;20,00000;1,16610;1
249,95200;20,97000;-6,594306e-002; 95,74872;50,00000;20,00000;1,16606;1
250,06100;20,98000;-6,578826e-002; 95,74855;49,00000;20,00000;1,16600;1
250,16400;20,99000;-6,515882e-002; 95,74718;49,00000;20,00000;1,16594;1
250,25900;21,00000;-6,508263e-002; 95,74702;50,00000;20,00000;1,16589;1
250,35001;21,01000;-6,445273e-002; 95,74566;51,00000;20,00000;1,16584;1
250,45799;21,02000;-6,406055e-002; 95,74552;49,00000;20,00000;1,16578;1
250,54900;21,03000;-6,398419e-002; 95,74416;49,00000;20,00000;1,16573;1
250,64999;21,04000;-6,343356e-002; 95,74277;50,00000;20,00000;1,16568;1
250,74001;21,05000;-6,311984e-002; 95,74256;52,00000;20,00000;1,16563;1
250,84700;21,06000;-6,320211e-002; 95,74112;49,00000;20,00000;1,16557;1
250,95000;21,07000;-6,304696e-002; 95,74089;49,00000;20,00000;1,16551;1
251,05200;21,08000;-6,312909e-002; 95,73945;50,00000;20,00000;1,16546;1
251,15100;21,09000;-6,249913e-002; 95,73924;50,00000;20,00000;1,16540;1
251,25600;21,10000;-6,186928e-002; 95,73784;49,00000;20,00000;1,16534;1
251,34000;21,11000;-6,115966e-002; 95,73764;49,00000;20,00000;1,16530;1
251,44800;21,12000;-6,100452e-002; 95,73624;51,00000;20,00000;1,16524;1
251,53999;21,13000;-6,116542e-002; 95,73604;50,00000;20,00000;1,16519;1
251,64999;21,14000;-6,077294e-002; 95,73463;49,00000;20,00000;1,16513;1
251,75400;21,15000;-6,030112e-002; 95,73323;50,00000;20,00000;1,16507;1
251,83900;21,16000;-6,046182e-002; 95,73304;50,00000;20,00000;1,16502;1
251,94099;21,17000;-5,983160e-002; 95,73165;50,00000;20,00000;1,16497;1
252,04100;21,18000;-5,959700e-002; 95,72906;49,00000;20,00000;1,16491;1
252,14799;21,19000;-5,936257e-002; 95,72767;49,00000;20,00000;1,16485;1
252,23599;21,20000;-5,904844e-002; 95,72507;50,00000;20,00000;1,16480;1
252,33800;21,21000;-5,873467e-002; 95,72368;50,00000;20,00000;1,16475;1
252,43900;21,22000;-5,834169e-002; 95,72229;50,00000;20,00000;1,16469;1
252,53500;21,23000;-5,834435e-002; 95,72089;50,00000;20,00000;1,16464;1
252,63800;21,24000;-5,810971e-002; 95,71948;50,00000;20,00000;1,16458;1
252,73199;21,25000;-5,732058e-002; 95,71804;51,00000;20,00000;1,16453;1
252,83000;21,26000;-5,661068e-002; 95,71661;51,00000;20,00000;1,16447;1
252,93900;21,27000;-5,669281e-002; 95,71640;50,00000;20,00000;1,16441;1
253,04601;21,28000;-5,669571e-002; 95,71501;51,00000;20,00000;1,16435;1
253,13699;21,29000;-5,590630e-002; 95,71363;50,00000;20,00000;1,16430;1
253,23300;21,30000;-5,559210e-002; 95,71226;49,00000;20,00000;1,16425;1
253,32001;21,31000;-5,535684e-002; 95,71208;50,00000;20,00000;1,16420;1
253,42400;21,32000;-5,488441e-002; 95,70947;50,00000;20,00000;1,16414;1
253,53999;21,33000;-5,441225e-002; 95,70563;50,00000;20,00000;1,16408;1
253,62700;21,34000;-5,417689e-002; 95,70179;50,00000;20,00000;1,16403;1
253,72800;21,35000;-5,410032e-002; 95,69915;49,00000;20,00000;1,16397;1
253,83501;21,36000;-5,386546e-002; 95,69653;50,00000;20,00000;1,16391;1
253,92400;21,37000;-5,386776e-002; 95,69392;52,00000;20,00000;1,16386;1
254,02699;21,38000;-5,339511e-002; 95,69131;50,00000;20,00000;1,16381;1
254,13300;21,39000;-5,308093e-002; 95,68872;49,00000;20,00000;1,16375;1
254,22701;21,40000;-5,252874e-002; 95,68734;50,00000;20,00000;1,16369;1
254,32500;21,41000;-5,245199e-002; 95,68593;52,00000;20,00000;1,16364;1
254,40900;21,42000;-5,221641e-002; 95,68331;50,00000;20,00000;1,16359;1
254,52800;21,43000;-5,214018e-002; 95,68191;50,00000;20,00000;1,16352;1
254,63100;21,44000;-5,166731e-002; 95,67931;50,00000;20,00000;1,16347;1
254,72501;21,45000;-5,159041e-002; 95,67792;50,00000;20,00000;1,16341;1
254,82001;21,46000;-5,127578e-002; 95,67655;49,00000;20,00000;1,16336;1
254,91299;21,47000;-5,072330e-002; 95,67639;49,00000;20,00000;1,16331;1
255,01401;21,48000;-5,048802e-002; 95,67501;51,00000;20,00000;1,16325;1
255,12199;21,49000;-5,009435e-002; 95,67481;51,00000;20,00000;1,16319;1
255,20799;21,50000;-4,985865e-002; 95,67339;49,00000;20,00000;1,16314;1
255,31500;21,51000;-4,938562e-002; 95,67317;49,00000;20,00000;1,16308;1
255,42101;21,52000;-4,922962e-002; 95,67175;50,00000;20,00000;1,16302;1
255,51500;21,53000;-4,883548e-002; 95,67154;51,00000;20,00000;1,16297;1
255,61400;21,54000;-4,828286e-002; 95,67012;49,00000;20,00000;1,16291;1
255,71300;21,55000;-4,804733e-002; 95,66871;49,00000;20,00000;1,16285;1
255,81300;21,56000;-4,789111e-002; 95,66611;50,00000;20,00000;1,16280;1
255,92101;21,57000;-4,757646e-002; 95,66473;50,00000;20,00000;1,16274;1
256,01001;21,58000;-4,734064e-002; 95,66214;49,00000;20,00000;1,16269;1
256,11301;21,59000;-4,702582e-002; 95,66075;49,00000;20,00000;1,16263;1
256,19800;21,60000;-4,615543e-002; 95,65814;51,00000;20,00000;1,16258;1
256,30499;21,61000;-4,599923e-002; 95,65555;50,00000;20,00000;1,16252;1
256,42200;21,62000;-4,584324e-002; 95,65177;49,00000;20,00000;1,16245;1
256,51199;21,63000;-4,584527e-002; 95,64919;49,00000;20,00000;1,16240;1
256,58801;21,64000;-4,537106e-002; 95,64662;50,00000;20,00000;1,16236;1
256,70200;21,65000;-4,473900e-002; 95,64284;51,00000;20,00000;1,16229;1
256,80701;21,66000;-4,466199e-002; 95,64147;49,00000;20,00000;1,16223;1
256,89301;21,67000;-4,434655e-002; 95,63884;49,00000;20,00000;1,16218;1
256,99301;21,68000;-4,355538e-002; 95,63740;50,00000;20,00000;1,16212;1
257,10001;21,69000;-4,371636e-002; 95,63595;50,00000;20,00000;1,16206;1
257,19699;21,70000;-4,348043e-002; 95,63450;49,00000;20,00000;1,16201;1
257,31100;21,71000;-4,324483e-002; 95,63307;50,00000;20,00000;1,16194;1
257,40201;21,72000;-4,285002e-002; 95,63045;51,00000;20,00000;1,16189;1
257,49899;21,73000;-4,269337e-002; 95,62905;51,00000;20,00000;1,16183;1
257,59698;21,74000;-4,221928e-002; 95,62766;49,00000;20,00000;1,16178;1
257,69699;21,75000;-4,166583e-002; 95,62626;49,00000;20,00000;1,16172;1
257,79501;21,76000;-4,142975e-002; 95,62486;50,00000;20,00000;1,16166;1
257,89999;21,77000;-4,151129e-002; 95,62345;50,00000;20,00000;1,16160;1
257,99701;21,78000;-4,087828e-002; 95,62324;49,00000;20,00000;1,16155;1
258,09000;21,79000;-4,040390e-002; 95,62182;49,00000;20,00000;1,16149;1
258,19601;21,80000;-4,032665e-002; 95,62162;50,00000;20,00000;1,16143;1
258,30499;21,81000;-4,032884e-002; 95,62142;50,00000;20,00000;1,16137;1
258,38800;21,82000;-4,009233e-002; 95,62122;50,00000;20,00000;1,16132;1
258,49600;21,83000;-3,945933e-002; 95,62105;50,00000;20,00000;1,16126;1
258,59299;21,84000;-3,890545e-002; 95,62088;51,00000;20,00000;1,16120;1
258,69299;21,85000;-3,843098e-002; 95,62071;50,00000;20,00000;1,16114;1
258,79001;21,86000;-3,851225e-002; 95,61932;50,00000;20,00000;1,16109;1
258,88901;21,87000;-3,827593e-002; 95,61911;49,00000;20,00000;1,16103;1
258,97800;21,88000;-3,780115e-002; 95,61888;51,00000;20,00000;1,16098;1
259,09100;21,89000;-3,764445e-002; 95,61744;51,00000;20,00000;1,16091;1
259,19601;21,90000;-3,780528e-002; 95,61600;49,00000;20,00000;1,16085;1
259,29001;21,91000;-3,740993e-002; 95,61578;49,00000;20,00000;1,16080;1
259,39600;21,92000;-3,693534e-002; 95,61439;50,00000;20,00000;1,16073;1
259,49301;21,93000;-3,685771e-002; 95,61422;50,00000;20,00000;1,16068;1
259,58401;21,94000;-3,654164e-002; 95,61286;50,00000;20,00000;1,16063;1
259,68201;21,95000;-3,582846e-002; 95,61150;49,00000;20,00000;1,16057;1
259,78500;21,96000;-3,567143e-002; 95,61136;51,00000;20,00000;1,16051;1
259,88501;21,97000;-3,543487e-002; 95,61000;50,00000;20,00000;1,16045;1
259,97900;21,98000;-3,511874e-002; 95,60863;50,00000;20,00000;1,16039;1
260,07599;21,99000;-3,480263e-002; 95,60727;49,00000;20,00000;1,16034;1
260,17999;22,00000;-3,448661e-002; 95,60590;51,00000;20,00000;1,16028;1
260,26999;22,01000;-3,401138e-002; 95,60450;50,00000;20,00000;1,16022;1
260,36899;22,02000;-3,385415e-002; 95,60310;52,00000;20,00000;1,16017;1
260,48199;22,03000;-3,401503e-002; 95,60292;50,00000;20,00000;1,16010;1
260,57501;22,04000;-3,314238e-002; 95,60151;50,00000;20,00000;1,16004;1
260,66699;22,05000;-3,282600e-002; 95,60009;50,00000;20,00000;1,15999;1
260,77200;22,06000;-3,250980e-002; 95,59869;50,00000;20,00000;1,15993;1
260,87399;22,07000;-3,251149e-002; 95,59607;49,00000;20,00000;1,15987;1
260,97101;22,08000;-3,219512e-002; 95,59466;51,00000;20,00000;1,15981;1
261,07300;22,09000;-3,203779e-002; 95,59205;50,00000;20,00000;1,15975;1
261,17001;22,10000;-3,116485e-002; 95,59066;50,00000;20,00000;1,15969;1
261,27100;22,11000;-3,045090e-002; 95,58927;50,00000;20,00000;1,15963;1
261,37000;22,12000;-3,029342e-002; 95,58668;50,00000;20,00000;1,15958;1
261,46100;22,13000;-2,997676e-002; 95,58529;50,00000;20,00000;1,15952;1
261,56601;22,14000;-2,966030e-002; 95,58390;51,00000;20,00000;1,15946;1
261,67001;22,15000;-2,958236e-002; 95,58251;51,00000;20,00000;1,15940;1
261,76001;22,16000;-2,926561e-002; 95,58113;49,00000;20,00000;1,15934;1
261,86600;22,17000;-2,894908e-002; 95,57978;50,00000;20,00000;1,15928;1
261,96799;22,18000;-2,847339e-002; 95,57964;50,00000;20,00000;1,15922;1
262,05399;22,19000;-2,831557e-002; 95,57949;50,00000;20,00000;1,15917;1
262,15100;22,20000;-2,752155e-002; 95,57812;49,00000;20,00000;1,15911;1
262,25000;22,21000;-2,744341e-002; 95,57793;50,00000;20,00000;1,15905;1
262,35800;22,22000;-2,744493e-002; 95,57774;50,00000;20,00000;1,15899;1
262,45300;22,23000;-2,633251e-002; 95,57635;50,00000;20,00000;1,15893;1
262,56201;22,24000;-2,593619e-002; 95,57375;49,00000;20,00000;1,15887;1
262,64999;22,25000;-2,585780e-002; 95,57237;51,00000;20,00000;1,15881;1
262,74399;22,26000;-2,593862e-002; 95,56979;50,00000;20,00000;1,15876;1
262,85101;22,27000;-2,586048e-002; 95,56841;51,00000;20,00000;1,15869;1
262,94800;22,28000;-2,530475e-002; 95,56704;49,00000;20,00000;1,15864;1
263,04901;22,29000;-2,514692e-002; 95,56445;49,00000;20,00000;1,15858;1
263,14200;22,30000;-2,506855e-002; 95,56307;50,00000;20,00000;1,15852;1
263,24500;22,31000;-2,483112e-002; 95,56169;50,00000;20,00000;1,15846;1
263,34201;22,32000;-2,427523e-002; 95,56031;49,00000;20,00000;1,15840;1
263,44000;22,33000;-2,395808e-002; 95,55770;49,00000;20,00000;1,15834;1
263,53601;22,34000;-2,364088e-002; 95,55629;50,00000;20,00000;1,15828;1
263,64600;22,35000;-2,340342e-002; 95,55488;50,00000;20,00000;1,15822;1
263,73801;22,36000;-2,300650e-002; 95,55347;49,00000;20,00000;1,15816;1
263,84500;22,37000;-2,284855e-002; 95,55206;51,00000;20,00000;1,15810;1
263,93500;22,38000;-2,261078e-002; 95,54943;50,00000;20,00000;1,15804;1
264,03400;22,39000;-2,181575e-002; 95,54801;52,00000;20,00000;1,15798;1
264,14200;22,40000;-2,157810e-002; 95,54661;49,00000;20,00000;1,15792;1
264,24899;22,41000;-2,173856e-002; 95,54522;49,00000;20,00000;1,15785;1
264,33200;22,42000;-2,173951e-002; 95,54385;50,00000;20,00000;1,15780;1
264,44199;22,43000;-2,118330e-002; 95,54369;50,00000;20,00000;1,15774;1
264,52701;22,44000;-2,086568e-002; 95,54233;50,00000;20,00000;1,15769;1
264,63199;22,45000;-2,070754e-002; 95,54095;49,00000;20,00000;1,15762;1
264,72800;22,46000;-2,062893e-002; 95,53956;49,00000;20,00000;1,15756;1
264,83499;22,47000;-2,007251e-002; 95,53815;50,00000;20,00000;1,15750;1
264,92700;22,48000;-1,951588e-002; 95,53552;49,00000;20,00000;1,15744;1
265,02600;22,49000;-1,927791e-002; 95,53412;49,00000;20,00000;1,15738;1
265,14200;22,50000;-1,888076e-002; 95,53273;50,00000;20,00000;1,15731;1
265,22601;22,51000;-1,864258e-002; 95,53132;52,00000;20,00000;1,15726;1
265,32001;22,52000;-1,856383e-002; 95,52992;51,00000;20,00000;1,15721;1
265,43100;22,53000;-1,848524e-002; 95,52852;49,00000;20,00000;1,15714;1
265,52802;22,54000;-1,808777e-002; 95,52953;49,00000;20,00000;1,15708;1
265,62601;22,55000;-1,745122e-002; 95,53053;50,00000;20,00000;1,15702;1
265,72800;22,56000;-1,681463e-002; 95,53277;52,00000;20,00000;1,15696;1
265,82700;22,57000;-1,673582e-002; 95,53380;50,00000;20,00000;1,15690;1
265,92700;22,58000;-1,657730e-002; 95,53484;49,00000;20,00000;1,15684;1
266,01801;22,59000;-1,578108e-002; 95,53710;50,00000;20,00000;1,15678;1
266,12399;22,60000;-1,554284e-002; 95,53816;50,00000;20,00000;1,15672;1
266,22101;22,61000;-1,554364e-002; 95,53922;49,00000;20,00000;1,15666;1
266,31500;22,62000;-1,546470e-002; 95,53907;49,00000;20,00000;1,15660;1
266,41699;22,63000;-1,506694e-002; 95,54013;50,00000;20,00000;1,15654;1
266,51001;22,64000;-1,498796e-002; 95,54118;52,00000;20,00000;1,15648;1
266,61600;22,65000;-1,427125e-002; 95,54224;50,00000;20,00000;1,15641;1
266,70901;22,66000;-1,427195e-002; 95,54329;49,00000;20,00000;1,15636;1
266,80801;22,67000;-1,387403e-002; 95,54314;51,00000;20,00000;1,15630;1
266,91000;22,68000;-1,355582e-002; 95,54419;50,00000;20,00000;1,15623;1
267,00299;22,69000;-1,315777e-002; 95,54401;52,00000;20,00000;1,15618;1
267,09900;22,70000;-1,283945e-002; 95,54381;49,00000;20,00000;1,15612;1
267,20599;22,71000;-1,236166e-002; 95,54480;49,00000;20,00000;1,15605;1
267,29999;22,72000;-1,172423e-002; 95,54456;50,00000;20,00000;1,15599;1
267,41101;22,73000;-1,148564e-002; 95,54432;50,00000;20,00000;1,15592;1
267,50500;22,74000;-1,140645e-002; 95,54408;49,00000;20,00000;1,15587;1
267,61099;22,75000;-1,092848e-002; 95,54387;49,00000;20,00000;1,15580;1
267,70901;22,76000;-1,068973e-002; 95,54368;51,00000;20,00000;1,15574;1
267,80801;22,77000;-1,053074e-002; 95,54351;51,00000;20,00000;1,15568;1
267,90900;22,78000;-1,005261e-002; 95,54335;49,00000;20,00000;1,15562;1
268,00000;22,79000;-9,494596e-003; 95,54321;49,00000;20,00000;1,15556;1
268,10001;22,80000;-9,495104e-003; 95,54307;50,00000;20,00000;1,15550;1
268,19901;22,81000;-9,256224e-003; 95,54294;51,00000;20,00000;1,15544;1
268,30301;22,82000;-8,698144e-003; 95,53917;51,00000;20,00000;1,15537;1
268,38501;22,83000;-8,459118e-003; 95,53538;49,00000;20,00000;1,15532;1
268,49701;22,84000;-8,220204e-003; 95,53159;50,00000;20,00000;1,15525;1
268,58899;22,85000;-8,060988e-003; 95,52899;50,00000;20,00000;1,15520;1
268,69199;22,86000;-7,981618e-003; 95,52638;49,00000;20,00000;1,15513;1
268,79401;22,87000;-7,902237e-003; 95,52377;49,00000;20,00000;1,15507;1
268,88699;22,88000;-7,423686e-003; 95,52236;49,00000;20,00000;1,15501;1
268,99200;22,89000;-6,785474e-003; 95,51975;51,00000;20,00000;1,15494;1
269,09201;22,90000;-6,546340e-003; 95,51835;49,00000;20,00000;1,15488;1
269,18600;22,91000;-6,067648e-003; 95,51816;49,00000;20,00000;1,15482;1
269,29599;22,92000;-5,588955e-003; 95,51677;49,00000;20,00000;1,15475;1
269,38400;22,93000;-5,269838e-003; 95,51297;52,00000;20,00000;1,15470;1
269,48499;22,94000;-5,429826e-003; 95,50796;50,00000;20,00000;1,15464;1
269,58801;22,95000;-5,190565e-003; 95,50417;49,00000;20,00000;1,15457;1
269,68799;22,96000;-4,312395e-003; 95,50039;49,00000;20,00000;1,15451;1
269,78201;22,97000;-4,552206e-003; 95,49659;50,00000;20,00000;1,15445;1
269,87701;22,98000;-4,232971e-003; 95,49278;50,00000;20,00000;1,15439;1
269,98099;22,99000;-3,993594e-003; 95,49016;49,00000;20,00000;1,15433;1
270,07599;23,00000;-3,754173e-003; 95,48753;49,00000;20,00000;1,15427;1
270,18500;23,01000;-3,195230e-003; 95,48490;51,00000;20,00000;1,15420;1
270,28601;23,02000;-2,636210e-003; 95,48227;50,00000;20,00000;1,15413;1
270,38101;23,03000;-1,837453e-003; 95,47965;49,00000;20,00000;1,15407;1
270,47900;23,04000;-1,917445e-003; 95,47705;49,00000;20,00000;1,15401;1
270,58600;23,05000;-1,757761e-003; 95,47448;50,00000;20,00000;1,15394;1
270,68201;23,06000;-1,598048e-003; 95,47313;51,00000;20,00000;1,15388;1
270,77301;23,07000;-8,789702e-004; 95,47057;49,00000;20,00000;1,15383;1
270,87799;23,08000;-5,593769e-004; 95,46921;49,00000;20,00000;1,15376;1
270,96701;23,09000;-3,196594e-004; 95,46783;50,00000;20,00000;1,15370;1
271,06500;23,10000;-0,000000e+000; 95,46642;50,00000;20,00000;1,15364;1
271,17401;23,11000; 7,193154e-004; 95,46500;49,00000;20,00000;1,15357;1
271,27802;23,12000; 6,394279e-004; 95,46356;49,00000;20,00000;1,15351;1
271,37100;23,13000; 8,792583e-004; 95,46092;50,00000;20,00000;1,15345;1
271,47501;23,14000; 1,199057e-003; 95,45950;50,00000;20,00000;1,15338;1
271,57401;23,15000; 1,518888e-003; 95,45811;50,00000;20,00000;1,15332;1
271,67899;23,16000; 1,838760e-003; 95,45673;49,00000;20,00000;1,15325;1
271,77200;23,17000; 1,838855e-003; 95,45537;49,00000;20,00000;1,15319;1
271,86899;23,18000; 2,078816e-003; 95,45401;50,00000;20,00000;1,15313;1
271,96701;23,19000; 2,478722e-003; 95,45265;51,00000;20,00000;1,15307;1
272,06601;23,20000; 2,958637e-003; 95,45006;49,00000;20,00000;1,15301;1
272,16101;23,21000; 3,358629e-003; 95,44868;49,00000;20,00000;1,15295;1
272,26801;23,22000; 3,598743e-003; 95,44729;50,00000;20,00000;1,15288;1
272,36801;23,23000; 3,998825e-003; 95,44588;50,00000;20,00000;1,15282;1
272,45801;23,24000; 4,318945e-003; 95,44447;50,00000;20,00000;1,15276;1
272,56299;23,25000; 5,199033e-003; 95,44305;49,00000;20,00000;1,15269;1
272,66901;23,26000; 5,119348e-003; 95,44164;50,00000;20,00000;1,15262;1
272,76501;23,27000; 5,119621e-003; 95,44022;50,00000;20,00000;1,15256;1
272,86099;23,28000; 5,279890e-003; 95,43882;50,00000;20,00000;1,15250;1
272,96701;23,29000; 5,520210e-003; 95,43863;49,00000;20,00000;1,15243;1
273,06500;23,30000; 5,760533e-003; 95,43726;49,00000;20,00000;1,15237;1
273,16699;23,31000; 5,920883e-003; 95,43709;50,00000;20,00000;1,15230;1
273,25699;23,32000; 6,321259e-003; 95,43693;52,00000;20,00000;1,15225;1
273,35901;23,33000; 6,481659e-003; 95,43556;49,00000;20,00000;1,15218;1
273,45599;23,34000; 6,882133e-003; 95,43417;49,00000;20,00000;1,15212;1
273,55399;23,35000; 6,962539e-003; 95,43400;50,00000;20,00000;1,15206;1
273,66199;23,36000; 6,882924e-003; 95,43263;50,00000;20,00000;1,15199;1
273,76300;23,37000; 7,523620e-003; 95,43007;51,00000;20,00000;1,15192;1
273,85501;23,38000; 7,924220e-003; 95,42751;49,00000;20,00000;1,15186;1
273,94199;23,39000; 8,324837e-003; 95,42495;49,00000;20,00000;1,15181;1
274,04501;23,40000; 8,805624e-003; 95,42359;50,00000;20,00000;1,15174;1
274,15302;23,41000; 9,366549e-003; 95,42103;50,00000;20,00000;1,15167;1
274,25101;23,42000; 9,367062e-003; 95,41846;49,00000;20,00000;1,15161;1
274,34601;23,43000; 9,207433e-003; 95,41711;49,00000;20,00000;1,15155;1
274,43900;23,44000; 9,528187e-003; 95,41455;50,00000;20,00000;1,15149;1
274,54199;23,45000; 9,608812e-003; 95,41319;52,00000;20,00000;1,15142;1
274,63599;23,46000; 1,000971e-002; 95,41181;50,00000;20,00000;1,15136;1
274,73300;23,47000; 1,057083e-002; 95,41040;49,00000;20,00000;1,15130;1
274,84201;23,48000; 1,089182e-002; 95,40899;51,00000;20,00000;1,15123;1
274,94299;23,49000; 1,121281e-002; 95,40759;51,00000;20,00000;1,15116;1
275,03900;23,50000; 1,153380e-002; 95,40619;51,00000;20,00000;1,15110;1
275,14001;23,51000; 1,185486e-002; 95,40482;49,00000;20,00000;1,15103;1
275,23801;23,52000; 1,225603e-002; 95,40347;49,00000;20,00000;1,15097;1
275,33401;23,53000; 1,297768e-002; 95,40212;50,00000;20,00000;1,15091;1
275,43399;23,54000; 1,289830e-002; 95,40079;50,00000;20,00000;1,15084;1
275,53201;23,55000; 1,305925e-002; 95,39824;49,00000;20,00000;1,15078;1
275,62399;23,56000; 1,322017e-002; 95,39687;49,00000;20,00000;1,15072;1
275,72000;23,57000; 1,370165e-002; 95,39549;50,00000;20,00000;1,15066;1
275,82901;23,58000; 1,402302e-002; 95,39410;52,00000;20,00000;1,15058;1
275,92899;23,59000; 1,426423e-002; 95,39149;50,00000;20,00000;1,15052;1
276,02301;23,60000; 1,514653e-002; 95,39008;49,00000;20,00000;1,15046;1
276,12500;23,61000; 1,538784e-002; 95,38626;51,00000;20,00000;1,15039;1
276,22800;23,62000; 1,546889e-002; 95,38245;50,00000;20,00000;1,15032;1
276,32599;23,63000; 1,603083e-002; 95,37865;52,00000;20,00000;1,15026;1
276,42499;23,64000; 1,651269e-002; 95,37485;49,00000;20,00000;1,15020;1
276,52100;23,65000; 1,667391e-002; 95,37105;49,00000;20,00000;1,15013;1
276,62799;23,66000; 1,691543e-002; 95,36725;50,00000;20,00000;1,15006;1
276,70801;23,67000; 1,707655e-002; 95,36342;50,00000;20,00000;1,15001;1
276,82401;23,68000; 1,691732e-002; 95,35959;50,00000;20,00000;1,14993;1
276,92499;23,69000; 1,772011e-002; 95,35698;49,00000;20,00000;1,14987;1
277,02802;23,70000; 1,820227e-002; 95,35559;50,00000;20,00000;1,14980;1
277,11700;23,71000; 1,868434e-002; 95,35423;51,00000;20,00000;1,14974;1
277,22501;23,72000; 1,876569e-002; 95,35290;50,00000;20,00000;1,14967;1
277,31699;23,73000; 1,876668e-002; 95,35278;49,00000;20,00000;1,14961;1
277,41101;23,74000; 1,908850e-002; 95,35145;51,00000;20,00000;1,14955;1
277,50500;23,75000; 2,005203e-002; 95,35131;50,00000;20,00000;1,14949;1
277,61200;23,76000; 2,021368e-002; 95,35116;51,00000;20,00000;1,14942;1
277,70901;23,77000; 1,997415e-002; 95,35099;51,00000;20,00000;1,14935;1
277,80301;23,78000; 2,085767e-002; 95,34960;49,00000;20,00000;1,14929;1
277,90799;23,79000; 2,085893e-002; 95,34821;50,00000;20,00000;1,14922;1
278,01099;23,80000; 2,118109e-002; 95,34682;50,00000;20,00000;1,14915;1
278,10599;23,81000; 2,150319e-002; 95,34542;50,00000;20,00000;1,14909;1
278,20200;23,82000; 2,166486e-002; 95,34402;49,00000;20,00000;1,14903;1
278,30600;23,83000; 2,206738e-002; 95,34262;50,00000;20,00000;1,14896;1
278,40201;23,84000; 2,303160e-002; 95,34002;50,00000;20,00000;1,14889;1
278,51401;23,85000; 2,319359e-002; 95,33863;50,00000;20,00000;1,14882;1
278,60001;23,86000; 2,303422e-002; 95,33725;49,00000;20,00000;1,14876;1
278,70300;23,87000; 2,335665e-002; 95,33587;49,00000;20,00000;1,14869;1
278,79999;23,88000; 2,367903e-002; 95,33329;51,00000;20,00000;1,14863;1
278,91101;23,89000; 2,392137e-002; 95,33193;50,00000;20,00000;1,14856;1
278,99200;23,90000; 2,400277e-002; 95,33057;51,00000;20,00000;1,14850;1
279,09900;23,91000; 2,448594e-002; 95,32800;49,00000;20,00000;1,14843;1
279,19800;23,92000; 2,480849e-002; 95,32663;50,00000;20,00000;1,14837;1
279,29099;23,93000; 2,505070e-002; 95,32647;50,00000;20,00000;1,14830;1
279,39999;23,94000; 2,561436e-002; 95,32509;50,00000;20,00000;1,14823;1
279,48901;23,95000; 2,609748e-002; 95,32491;49,00000;20,00000;1,14817;1
279,59201;23,96000; 2,642026e-002; 95,32352;49,00000;20,00000;1,14810;1
279,69800;23,97000; 2,666282e-002; 95,32336;50,00000;20,00000;1,14803;1
279,79199;23,98000; 2,674459e-002; 95,32320;50,00000;20,00000;1,14797;1
279,89099;23,99000; 2,738868e-002; 95,32305;50,00000;20,00000;1,14790;1
279,98700;24,00000; 2,787215e-002; 95,32291;49,00000;20,00000;1,14784;1
280,08701;24,01000; 2,779345e-002; 95,32276;49,00000;20,00000;1,14777;1
280,18500;24,02000; 2,803603e-002; 95,32262;51,00000;20,00000;1,14771;1
280,28500;24,03000; 2,892138e-002; 95,32247;50,00000;20,00000;1,14764;1
280,37900;24,04000; 2,924433e-002; 95,32231;49,00000;20,00000;1,14758;1
280,47900;24,05000; 2,948708e-002; 95,32215;49,00000;20,00000;1,14751;1
280,57999;24,06000; 2,964952e-002; 95,32200;49,00000;20,00000;1,14744;1
280,68701;24,07000; 3,029423e-002; 95,32186;50,00000;20,00000;1,14737;1
280,77399;24,08000; 3,093865e-002; 95,32051;51,00000;20,00000;1,14731;1
280,87100;24,09000; 3,086004e-002; 95,32035;49,00000;20,00000;1,14725;1
280,96899;24,10000; 3,094219e-002; 95,31897;49,00000;20,00000;1,14718;1
281,07001;24,11000; 3,094402e-002; 95,31879;50,00000;20,00000;1,14711;1
281,17999;24,12000; 3,134791e-002; 95,31741;50,00000;20,00000;1,14704;1
281,27399;24,13000; 3,151041e-002; 95,31605;49,00000;20,00000;1,14698;1
281,37299;24,14000; 3,191419e-002; 95,31589;49,00000;20,00000;1,14691;1
281,46301;24,15000; 3,223745e-002; 95,31453;49,00000;20,00000;1,14685;1
281,56601;24,16000; 3,288258e-002; 95,31316;50,00000;20,00000;1,14678;1
281,66400;24,17000; 3,312568e-002; 95,31299;52,00000;20,00000;1,14671;1
281,76901;24,18000; 3,369058e-002; 95,31161;50,00000;20,00000;1,14664;1
281,87000;24,19000; 3,401424e-002; 95,31022;49,00000;20,00000;1,14657;1
281,95599;24,20000; 3,393555e-002; 95,31002;51,00000;20,00000;1,14652;1
282,06500;24,21000; 3,417900e-002; 95,30862;51,00000;20,00000;1,14644;1
282,16400;24,22000; 3,482440e-002; 95,30723;52,00000;20,00000;1,14637;1
282,27200;24,23000; 3,498748e-002; 95,30704;49,00000;20,00000;1,14630;1
282,36301;24,24000; 3,547198e-002; 95,30566;49,00000;20,00000;1,14624;1
282,46399;24,25000; 3,571542e-002; 95,30428;50,00000;20,00000;1,14617;1
282,55600;24,26000; 3,595870e-002; 95,30412;50,00000;20,00000;1,14611;1
282,66199;24,27000; 3,644366e-002; 95,30154;49,00000;20,00000;1,14604;1
282,76801;24,28000; 3,644595e-002; 95,29896;49,00000;20,00000;1,14596;1
282,85501;24,29000; 3,652829e-002; 95,29639;49,00000;20,00000;1,14591;1
282,95801;24,30000; 3,685238e-002; 95,29502;50,00000;20,00000;1,14584;1
283,05499;24,31000; 3,733732e-002; 95,29246;50,00000;20,00000;1,14577;1
283,15601;24,32000; 3,790287e-002; 95,28870;49,00000;20,00000;1,14570;1
283,25800;24,33000; 3,838804e-002; 95,28494;51,00000;20,00000;1,14563;1
283,35101;24,34000; 3,887307e-002; 95,28119;50,00000;20,00000;1,14557;1
283,44800;24,35000; 3,887531e-002; 95,27742;52,00000;20,00000;1,14550;1
283,53900;24,36000; 3,895791e-002; 95,27363;50,00000;20,00000;1,14544;1
283,64401;24,37000; 3,936283e-002; 95,26983;49,00000;20,00000;1,14537;1
283,75500;24,38000; 3,968745e-002; 95,26724;49,00000;20,00000;1,14529;1
283,84399;24,39000; 4,001158e-002; 95,26584;50,00000;20,00000;1,14523;1
283,94501;24,40000; 4,017502e-002; 95,26446;49,00000;20,00000;1,14516;1
284,04401;24,41000; 4,066050e-002; 95,26309;50,00000;20,00000;1,14509;1
284,14700;24,42000; 4,130717e-002; 95,26173;50,00000;20,00000;1,14502;1
284,24500;24,43000; 4,147064e-002; 95,26037;50,00000;20,00000;1,14496;1
284,33600;24,44000; 4,171450e-002; 95,25899;50,00000;20,00000;1,14489;1
284,43701;24,45000; 4,187809e-002; 95,25761;49,00000;20,00000;1,14482;1
284,54001;24,46000; 4,204176e-002; 95,25502;51,00000;20,00000;1,14475;1
284,64401;24,47000; 4,236656e-002; 95,25363;50,00000;20,00000;1,14468;1
284,73599;24,48000; 4,317439e-002; 95,25223;51,00000;20,00000;1,14462;1
284,83801;24,49000; 4,333815e-002; 95,25084;51,00000;20,00000;1,14455;1
284,94000;24,50000; 4,342137e-002; 95,24946;49,00000;20,00000;1,14448;1
285,04001;24,51000; 4,366568e-002; 95,24931;50,00000;20,00000;1,14441;1
285,13800;24,52000; 4,399053e-002; 95,24916;50,00000;20,00000;1,14434;1
285,23401;24,53000; 4,455709e-002; 95,24781;52,00000;20,00000;1,14428;1
285,33801;24,54000; 4,480162e-002; 95,24766;50,00000;20,00000;1,14420;1
285,42001;24,55000; 4,456209e-002; 95,24750;50,00000;20,00000;1,14415;1
285,53201;24,56000; 4,529039e-002; 95,24733;50,00000;20,00000;1,14407;1
285,63300;24,57000; 4,553494e-002; 95,24718;50,00000;20,00000;1,14400;1
285,73801;24,58000; 4,586022e-002; 95,24581;49,00000;20,00000;1,14393;1
285,82401;24,59000; 4,610441e-002; 95,24565;49,00000;20,00000;1,14387;1
285,91800;24,60000; 4,642947e-002; 95,24428;50,00000;20,00000;1,14380;1
286,03101;24,61000; 4,659387e-002; 95,24170;52,00000;20,00000;1,14372;1
286,12701;24,62000; 4,699967e-002; 95,23913;52,00000;20,00000;1,14366;1
286,22198;24,63000; 4,748610e-002; 95,23535;50,00000;20,00000;1,14359;1
286,33099;24,64000; 4,789238e-002; 95,23277;50,00000;20,00000;1,14352;1
286,41800;24,65000; 4,805617e-002; 95,23018;51,00000;20,00000;1,14346;1
286,51001;24,66000; 4,789759e-002; 95,22757;51,00000;20,00000;1,14339;1
286,62399;24,67000; 4,814283e-002; 95,22496;49,00000;20,00000;1,14331;1
286,72299;24,68000; 4,887154e-002; 95,22235;50,00000;20,00000;1,14324;1
286,83301;24,69000; 4,927808e-002; 95,21976;50,00000;20,00000;1,14317;1
286,91800;24,70000; 4,944194e-002; 95,21719;50,00000;20,00000;1,14311;1
287,02100;24,71000; 4,968703e-002; 95,21464;50,00000;20,00000;1,14304;1
287,12201;24,72000; 5,041608e-002; 95,21210;49,00000;20,00000;1,14297;1
287,20901;24,73000; 5,066077e-002; 95,20956;51,00000;20,00000;1,14290;1
287,31601;24,74000; 5,082543e-002; 95,20702;50,00000;20,00000;1,14283;1
287,40900;24,75000; 5,098968e-002; 95,20084;52,00000;20,00000;1,14277;1
287,51099;24,76000; 5,099286e-002; 95,19588;49,00000;20,00000;1,14269;1
287,61099;24,77000; 5,156081e-002; 95,18972;49,00000;20,00000;1,14262;1
287,70401;24,78000; 5,196722e-002; 95,18234;51,00000;20,00000;1,14256;1
287,80600;24,79000; 5,237396e-002; 95,17737;50,00000;20,00000;1,14249;1
287,89401;24,80000; 5,253819e-002; 95,17358;51,00000;20,00000;1,14243;1
287,99600;24,81000; 5,294503e-002; 95,17098;49,00000;20,00000;1,14235;1
288,10501;24,82000; 5,327143e-002; 95,16836;50,00000;20,00000;1,14228;1
288,20200;24,83000; 5,327461e-002; 95,16694;50,00000;20,00000;1,14221;1
288,30600;24,84000; 5,327801e-002; 95,16552;50,00000;20,00000;1,14214;1
288,40399;24,85000; 5,360414e-002; 95,16411;50,00000;20,00000;1,14207;1
288,50400;24,86000; 5,425331e-002; 95,16272;50,00000;20,00000;1,14200;1
288,60501;24,87000; 5,482186e-002; 95,16135;50,00000;20,00000;1,14193;1
288,70801;24,88000; 5,522906e-002; 95,15880;50,00000;20,00000;1,14185;1
288,80499;24,89000; 5,555536e-002; 95,15625;49,00000;20,00000;1,14179;1
288,89301;24,90000; 5,555838e-002; 95,15370;49,00000;20,00000;1,14172;1
288,99301;24,91000; 5,556180e-002; 95,15114;49,00000;20,00000;1,14165;1
289,09201;24,92000; 5,572673e-002; 95,14977;51,00000;20,00000;1,14158;1
289,19601;24,93000; 5,589185e-002; 95,14597;50,00000;20,00000;1,14151;1
289,29999;24,94000; 5,638009e-002; 95,14457;49,00000;20,00000;1,14144;1
289,39301;24,95000; 5,670645e-002; 95,14198;50,00000;20,00000;1,14137;1
289,49301;24,96000; 5,719466e-002; 95,14060;50,00000;20,00000;1,14130;1
289,60101;24,97000; 5,776401e-002; 95,13924;50,00000;20,00000;1,14122;1
289,68799;24,98000; 5,817109e-002; 95,13788;49,00000;20,00000;1,14116;1
289,79700;24,99000; 5,890221e-002; 95,13652;49,00000;20,00000;1,14109;1
289,88699;25,00000; 5,930952e-002; 95,13395;50,00000;20,00000;1,14102;1
289,98401;25,01000; 5,931309e-002; 95,13257;50,00000;20,00000;1,14095;1
290,08899;25,02000; 5,939778e-002; 95,12999;49,00000;20,00000;1,14088;1
290,19400;25,03000; 5,940165e-002; 95,12862;49,00000;20,00000;1,14080;1
290,28799;25,04000; 5,964760e-002; 95,12483;50,00000;20,00000;1,14074;1
290,39001;25,05000; 5,965139e-002; 95,12227;51,00000;20,00000;1,14066;1
290,48001;25,06000; 5,981641e-002; 95,11971;50,00000;20,00000;1,14060;1
290,58701;25,07000; 6,022459e-002; 95,11716;49,00000;20,00000;1,14052;1
290,68100;25,08000; 6,055149e-002; 95,11580;49,00000;20,00000;1,14046;1
290,77899;25,09000; 6,112113e-002; 95,11323;50,00000;20,00000;1,14039;1
290,88000;25,10000; 6,169096e-002; 95,11067;52,00000;20,00000;1,14032;1
290,98300;25,11000; 6,209922e-002; 95,10933;50,00000;20,00000;1,14024;1
291,07901;25,12000; 6,186036e-002; 95,10678;49,00000;20,00000;1,14017;1
291,17801;25,13000; 6,218767e-002; 95,10544;50,00000;20,00000;1,14010;1
291,26599;25,14000; 6,243371e-002; 95,10288;50,00000;20,00000;1,14004;1
291,36401;25,15000; 6,268018e-002; 95,10153;49,00000;20,00000;1,13997;1
291,48099;25,16000; 6,284654e-002; 95,09897;49,00000;20,00000;1,13989;1
291,57199;25,17000; 6,341635e-002; 95,09760;50,00000;20,00000;1,13982;1
291,66501;25,18000; 6,382451e-002; 95,09622;51,00000;20,00000;1,13976;1
291,76801;25,19000; 6,423313e-002; 95,09485;50,00000;20,00000;1,13968;1
291,86301;25,20000; 6,488420e-002; 95,09347;49,00000;20,00000;1,13961;1
291,97101;25,21000; 6,480769e-002; 95,09330;50,00000;20,00000;1,13954;1
292,07401;25,22000; 6,513555e-002; 95,09193;50,00000;20,00000;1,13946;1
292,16101;25,23000; 6,570554e-002; 95,09177;52,00000;20,00000;1,13940;1
292,26801;25,24000; 6,595274e-002; 95,09041;49,00000;20,00000;1,13932;1
292,36401;25,25000; 6,579488e-002; 95,08906;49,00000;20,00000;1,13925;1
292,45999;25,26000; 6,644633e-002; 95,08771;50,00000;20,00000;1,13919;1
292,56601;25,27000; 6,693641e-002; 95,08758;50,00000;20,00000;1,13911;1
292,65900;25,28000; 6,718317e-002; 95,08624;49,00000;20,00000;1,13904;1
292,76099;25,29000; 6,743035e-002; 95,08488;49,00000;20,00000;1,13897;1
292,84698;25,30000; 6,775782e-002; 95,08351;50,00000;20,00000;1,13891;1
292,95801;25,31000; 6,792450e-002; 95,08212;51,00000;20,00000;1,13883;1
293,05600;25,32000; 6,809064e-002; 95,08074;51,00000;20,00000;1,13876;1
293,16400;25,33000; 6,850016e-002; 95,07813;49,00000;20,00000;1,13868;1
293,25101;25,34000; 6,898977e-002; 95,07673;49,00000;20,00000;1,13862;1
293,35501;25,35000; 6,915629e-002; 95,07534;51,00000;20,00000;1,13854;1
293,46301;25,36000; 6,972792e-002; 95,07397;50,00000;20,00000;1,13846;1
293,55899;25,37000; 6,981316e-002; 95,07262;49,00000;20,00000;1,13839;1
293,66000;25,38000; 6,981764e-002; 95,07127;49,00000;20,00000;1,13832;1
293,74500;25,39000; 7,030741e-002; 95,06993;50,00000;20,00000;1,13826;1
293,85101;25,40000; 7,039315e-002; 95,06859;50,00000;20,00000;1,13818;1
293,95099;25,41000; 7,055965e-002; 95,06725;49,00000;20,00000;1,13811;1
294,05301;25,42000; 7,137439e-002; 95,06591;49,00000;20,00000;1,13804;1
294,14700;25,43000; 7,178377e-002; 95,06577;50,00000;20,00000;1,13797;1
294,24100;25,44000; 7,203114e-002; 95,06561;50,00000;20,00000;1,13790;1
294,34100;25,45000; 7,211677e-002; 95,06424;49,00000;20,00000;1,13783;1
294,44400;25,46000; 7,236462e-002; 95,06406;49,00000;20,00000;1,13775;1
294,54599;25,47000; 7,301767e-002; 95,06267;49,00000;20,00000;1,13768;1
294,64801;25,48000; 7,310347e-002; 95,06250;51,00000;20,00000;1,13760;1
294,74899;25,49000; 7,351345e-002; 95,06114;50,00000;20,00000;1,13753;1
294,83701;25,50000; 7,424710e-002; 95,06099;49,00000;20,00000;1,13747;1
294,94601;25,51000; 7,409016e-002; 95,05964;49,00000;20,00000;1,13739;1
295,04099;25,52000; 7,409467e-002; 95,05709;50,00000;20,00000;1,13732;1
295,14001;25,53000; 7,442366e-002; 95,05454;50,00000;20,00000;1,13724;1
295,23401;25,54000; 7,450922e-002; 95,05199;49,00000;20,00000;1,13718;1
295,33899;25,55000; 7,483857e-002; 95,05066;49,00000;20,00000;1,13710;1
295,43500;25,56000; 7,532971e-002; 95,04811;50,00000;20,00000;1,13703;1
295,53101;25,57000; 7,565873e-002; 95,04555;50,00000;20,00000;1,13696;1
295,62900;25,58000; 7,590679e-002; 95,04420;49,00000;20,00000;1,13689;1
295,72699;25,59000; 7,607377e-002; 95,04163;49,00000;20,00000;1,13682;1
295,83499;25,60000; 7,664683e-002; 95,04027;49,00000;20,00000;1,13674;1
295,92801;25,61000; 7,721920e-002; 95,03892;51,00000;20,00000;1,13667;1
296,02899;25,62000; 7,722423e-002; 95,03758;50,00000;20,00000;1,13659;1
296,12799;25,63000; 7,755366e-002; 95,03504;49,00000;20,00000;1,13652;1
296,22400;25,64000; 7,763958e-002; 95,03249;49,00000;20,00000;1,13645;1
296,31601;25,65000; 7,764420e-002; 95,02993;50,00000;20,00000;1,13638;1
296,41800;25,66000; 7,773046e-002; 95,02736;50,00000;20,00000;1,13631;1
296,52301;25,67000; 7,830374e-002; 95,02479;49,00000;20,00000;1,13623;1
296,62201;25,68000; 7,847106e-002; 95,02221;49,00000;20,00000;1,13616;1
296,72000;25,69000; 7,880065e-002; 95,01964;50,00000;20,00000;1,13609;1
296,82101;25,70000; 7,921161e-002; 95,01706;50,00000;20,00000;1,13601;1
296,91101;25,71000; 7,937855e-002; 95,01447;50,00000;20,00000;1,13595;1
297,01401;25,72000; 7,970853e-002; 95,01187;49,00000;20,00000;1,13587;1
297,12201;25,73000; 8,012000e-002; 95,00927;49,00000;20,00000;1,13579;1
297,22198;25,74000; 8,044991e-002; 95,00788;51,00000;20,00000;1,13572;1
297,31500;25,75000; 8,045478e-002; 95,00650;51,00000;20,00000;1,13565;1
297,42599;25,76000; 8,070416e-002; 95,00635;49,00000;20,00000;1,13557;1
297,51501;25,77000; 8,135840e-002; 95,00621;49,00000;20,00000;1,13550;1
297,61600;25,78000; 8,152615e-002; 95,00486;50,00000;20,00000;1,13543;1
297,70999;25,79000; 8,161234e-002; 95,00472;52,00000;20,00000;1,13536;1
297,81799;25,80000; 8,202415e-002; 95,00458;50,00000;20,00000;1,13528;1
297,91400;25,81000; 8,202928e-002; 95,00443;49,00000;20,00000;1,13521;1
298,00601;25,82000; 8,203421e-002; 95,00307;50,00000;20,00000;1,13514;1
298,10999;25,83000; 8,228345e-002; 95,00171;50,00000;20,00000;1,13506;1
298,21301;25,84000; 8,245146e-002; 95,00156;50,00000;20,00000;1,13498;1
298,31201;25,85000; 8,286299e-002; 95,00020;49,00000;20,00000;1,13491;1
298,40399;25,86000; 8,335542e-002; 94,99882;49,00000;20,00000;1,13484;1
298,50299;25,87000; 8,401082e-002; 94,99745;51,00000;20,00000;1,13477;1
298,60999;25,88000; 8,434171e-002; 94,99610;51,00000;20,00000;1,13469;1
298,71899;25,89000; 8,442899e-002; 94,99477;49,00000;20,00000;1,13461;1
298,79999;25,90000; 8,467727e-002; 94,99224;49,00000;20,00000;1,13455;1
298,90601;25,91000; 8,476443e-002; 94,99092;50,00000;20,00000;1,13447;1
298,99399;25,92000; 8,493187e-002; 94,98960;52,00000;20,00000;1,13440;1
299,09601;25,93000; 8,542524e-002; 94,98825;50,00000;20,00000;1,13433;1
299,19400;25,94000; 8,559331e-002; 94,98688;49,00000;20,00000;1,13426;1
299,29199;25,95000; 8,576140e-002; 94,98549;50,00000;20,00000;1,13418;1
299,40302;25,96000; 8,601155e-002; 94,98411;50,00000;20,00000;1,13410;1
299,50299;25,97000; 8,658633e-002; 94,98274;50,00000;20,00000;1,13402;1
299,59799;25,98000; 8,675436e-002; 94,98137;49,00000;20,00000;1,13395;1
299,68900;25,99000; 8,724743e-002; 94,98001;49,00000;20,00000;1,13389;1
299,80099;26,00000; 8,725388e-002; 94,97867;52,00000;20,00000;1,13380;1
299,89401;26,01000; 8,782849e-002; 94,97731;50,00000;20,00000;1,13373;1
299,99100;26,02000; 8,783411e-002; 94,97596;49,00000;20,00000;1,13366;1
300,09100;26,03000; 8,800258e-002; 94,97461;51,00000;20,00000;1,13358;1
300,19400;26,04000; 8,808991e-002; 94,97326;50,00000;20,00000;1,13351;1
300,29300;26,05000; 8,825836e-002; 94,97192;52,00000;20,00000;1,13343;1
300,38699;26,06000; 8,858925e-002; 94,97057;49,00000;20,00000;1,13336;1
300,48499;26,07000; 8,859499e-002; 94,96922;49,00000;20,00000;1,13329;1
300,58499;26,08000; 8,868223e-002; 94,96664;50,00000;20,00000;1,13321;1
300,68301;26,09000; 8,925754e-002; 94,96525;50,00000;20,00000;1,13314;1
300,78900;26,10000; 8,926381e-002; 94,96386;49,00000;20,00000;1,13306;1
300,88901;26,11000; 8,959524e-002; 94,96247;49,00000;20,00000;1,13299;1
300,98901;26,12000; 9,000810e-002; 94,96109;50,00000;20,00000;1,13291;1
301,09100;26,13000; 9,009559e-002; 94,95971;52,00000;20,00000;1,13283;1
301,18799;26,14000; 9,042696e-002; 94,95834;50,00000;20,00000;1,13276;1
301,28101;26,15000; 9,100233e-002; 94,95697;49,00000;20,00000;1,13269;1
301,38800;26,16000; 9,117163e-002; 94,95560;51,00000;20,00000;1,13261;1
301,48999;26,17000; 9,134063e-002; 94,95423;50,00000;20,00000;1,13253;1
301,58701;26,18000; 9,175361e-002; 94,95287;51,00000;20,00000;1,13246;1
301,68900;26,19000; 9,200410e-002; 94,95152;49,00000;20,00000;1,13238;1
301,78299;26,20000; 9,233557e-002; 94,94895;49,00000;20,00000;1,13231;1
301,87799;26,21000; 9,242286e-002; 94,94758;50,00000;20,00000;1,13224;1
301,98599;26,22000; 9,267383e-002; 94,94620;50,00000;20,00000;1,13216;1
302,08099;26,23000; 9,292404e-002; 94,94359;49,00000;20,00000;1,13209;1
302,18399;26,24000; 9,358200e-002; 94,93977;49,00000;20,00000;1,13201;1
302,28699;26,25000; 9,399572e-002; 94,93597;51,00000;20,00000;1,13193;1
302,39600;26,26000; 9,392112e-002; 94,93219;50,00000;20,00000;1,13185;1
302,48700;26,27000; 9,384538e-002; 94,92965;49,00000;20,00000;1,13178;1
302,58401;26,28000; 9,409588e-002; 94,92712;49,00000;20,00000;1,13171;1
302,67700;26,29000; 9,426470e-002; 94,92459;50,00000;20,00000;1,13164;1
302,77899;26,30000; 9,459707e-002; 94,92206;51,00000;20,00000;1,13156;1
302,87701;26,31000; 9,492922e-002; 94,92073;51,00000;20,00000;1,13148;1
302,97800;26,32000; 9,518014e-002; 94,91939;49,00000;20,00000;1,13141;1
303,07300;26,33000; 9,551219e-002; 94,91806;49,00000;20,00000;1,13133;1
303,17700;26,34000; 9,576338e-002; 94,91674;50,00000;20,00000;1,13126;1
303,27200;26,35000; 9,601401e-002; 94,91421;49,00000;20,00000;1,13118;1
303,37299;26,36000; 9,602054e-002; 94,91167;49,00000;20,00000;1,13111;1
303,45801;26,37000; 9,635211e-002; 94,90911;49,00000;20,00000;1,13104;1
303,56400;26,38000; 9,692964e-002; 94,90535;50,00000;20,00000;1,13096;1
303,67499;26,39000; 9,734454e-002; 94,90280;50,00000;20,00000;1,13088;1
303,76801;26,40000; 9,783985e-002; 94,90025;49,00000;20,00000;1,13080;1
303,85901;26,41000; 9,833508e-002; 94,89771;49,00000;20,00000;1,13074;1
303,96500;26,42000; 9,826059e-002; 94,89518;49,00000;20,00000;1,13065;1
304,06100;26,43000; 9,843006e-002; 94,89265;52,00000;20,00000;1,13058;1
304,15601;26,44000; 9,851793e-002; 94,89013;51,00000;20,00000;1,13051;1
304,26099;26,45000; 9,885118e-002; 94,88759;49,00000;20,00000;1,13043;1
304,35001;26,46000; 9,910183e-002; 94,88624;49,00000;20,00000;1,13036;1
304,44800;26,47000; 9,935312e-002; 94,88368;50,00000;20,00000;1,13029;1
304,55399;26,48000; 9,952341e-002; 94,88232;50,00000;20,00000;1,13020;1
304,65900;26,49000; 9,969366e-002; 94,87976;50,00000;20,00000;1,13012;1
304,75299;26,50000;       0,10003; 94,87842;49,00000;20,00000;1,13005;1
304,85400;26,51000; 9,995164e-002; 94,87587;50,00000;20,00000;1,12997;1
304,94601;26,52000;       0,10012; 94,87453;50,00000;20,00000;1,12990;1
305,04401;26,53000;       0,10037; 94,87197;49,00000;20,00000;1,12983;1
305,14700;26,54000;       0,10038; 94,87061;49,00000;20,00000;1,12975;1
305,24899;26,55000;       0,10088; 94,86925;49,00000;20,00000;1,12967;1
305,34799;26,56000;       0,10145; 94,86790;52,00000;20,00000;1,12959;1
305,45001;26,57000;       0,10171; 94,86778;50,00000;20,00000;1,12952;1
305,55099;26,58000;       0,10163; 94,86768;49,00000;20,00000;1,12944;1
305,63501;26,59000;       0,10156; 94,86636;50,00000;20,00000;1,12937;1
305,73401;26,60000;       0,10173; 94,86625;50,00000;20,00000;1,12930;1
305,83899;26,61000;       0,10190; 94,86613;52,00000;20,00000;1,12922;1
305,93701;26,62000;       0,10223; 94,86479;51,00000;20,00000;1,12914;1
306,03699;26,63000;       0,10265; 94,86464;49,00000;20,00000;1,12906;1
306,13199;26,64000;       0,10282; 94,86328;50,00000;20,00000;1,12899;1
306,23099;26,65000;       0,10331; 94,86313;50,00000;20,00000;1,12891;1
306,33801;26,66000;       0,10365; 94,86179;50,00000;20,00000;1,12883;1
306,43900;26,67000;       0,10357; 94,86047;49,00000;20,00000;1,12875;1
306,53101;26,68000;       0,10374; 94,85915;49,00000;20,00000;1,12868;1
306,62299;26,69000;       0,10416; 94,85542;51,00000;20,00000;1,12861;1
306,72900;26,70000;       0,10416; 94,85169;51,00000;20,00000;1,12853;1
306,81900;26,71000;       0,10450; 94,84796;49,00000;20,00000;1,12846;1
306,92700;26,72000;       0,10459; 94,84542;51,00000;20,00000;1,12837;1
307,01700;26,73000;       0,10476; 94,84167;51,00000;20,00000;1,12830;1
307,11801;26,74000;       0,10517; 94,83791;50,00000;20,00000;1,12823;1
307,21899;26,75000;       0,10526; 94,83536;52,00000;20,00000;1,12815;1
307,31799;26,76000;       0,10527; 94,83282;50,00000;20,00000;1,12807;1
307,42200;26,77000;       0,10560; 94,82907;50,00000;20,00000;1,12799;1
307,50900;26,78000;       0,10594; 94,82653;50,00000;20,00000;1,12792;1
307,61700;26,79000;       0,10627; 94,82519;50,00000;20,00000;1,12784;1
307,70099;26,80000;       0,10644; 94,82384;49,00000;20,00000;1,12777;1
307,81500;26,81000;       0,10686; 94,82249;51,00000;20,00000;1,12768;1
307,91299;26,82000;       0,10711; 94,82233;50,00000;20,00000;1,12761;1
308,01001;26,83000;       0,10736; 94,82096;52,00000;20,00000;1,12753;1
308,10501;26,84000;       0,10762; 94,82082;50,00000;20,00000;1,12746;1
308,21899;26,85000;       0,10795; 94,82068;50,00000;20,00000;1,12737;1
308,30899;26,86000;       0,10812; 94,82054;51,00000;20,00000;1,12730;1
308,40201;26,87000;       0,10854; 94,82040;51,00000;20,00000;1,12723;1
308,50101;26,88000;       0,10895; 94,81905;49,00000;20,00000;1,12715;1
308,61301;26,89000;       0,10913; 94,81892;50,00000;20,00000;1,12706;1
308,71301;26,90000;       0,10922; 94,81757;50,00000;20,00000;1,12698;1
308,79401;26,91000;       0,10979; 94,81621;50,00000;20,00000;1,12692;1
308,90601;26,92000;       0,11005; 94,81486;50,00000;20,00000;1,12683;1
308,99701;26,93000;       0,11006; 94,81352;49,00000;20,00000;1,12676;1
309,10800;26,94000;       0,11023; 94,81217;51,00000;20,00000;1,12667;1
309,20700;26,95000;       0,11024; 94,81083;50,00000;20,00000;1,12660;1
309,29099;26,96000;       0,11049; 94,80950;50,00000;20,00000;1,12653;1
309,40799;26,97000;       0,11107; 94,80819;50,00000;20,00000;1,12644;1
309,49100;26,98000;       0,11116; 94,80565;49,00000;20,00000;1,12637;1
309,59100;26,99000;       0,11125; 94,80189;51,00000;20,00000;1,12630;1
309,69601;27,00000;       0,11134; 94,79814;50,00000;20,00000;1,12621;1
309,78900;27,01000;       0,11184; 94,79558;52,00000;20,00000;1,12614;1
309,89700;27,02000;       0,11225; 94,79303;50,00000;20,00000;1,12605;1
309,99500;27,03000;       0,11251; 94,79047;50,00000;20,00000;1,12598;1
310,08301;27,04000;       0,11284; 94,78792;50,00000;20,00000;1,12591;1
310,19299;27,05000;       0,11310; 94,78536;50,00000;20,00000;1,12582;1
310,28400;27,06000;       0,11318; 94,78281;49,00000;20,00000;1,12575;1
310,39600;27,07000;       0,11319; 94,78025;49,00000;20,00000;1,12566;1
310,48199;27,08000;       0,11361; 94,77769;50,00000;20,00000;1,12559;1
310,58600;27,09000;       0,11427; 94,77514;50,00000;20,00000;1,12551;1
310,69199;27,10000;       0,11428; 94,77380;49,00000;20,00000;1,12543;1
310,78000;27,11000;       0,11470; 94,77247;49,00000;20,00000;1,12536;1
310,88599;27,12000;       0,11487; 94,77114;50,00000;20,00000;1,12527;1
310,98099;27,13000;       0,11488; 94,76981;51,00000;20,00000;1,12520;1
311,07901;27,14000;       0,11521; 94,76968;50,00000;20,00000;1,12512;1
311,17801;27,15000;       0,11539; 94,76834;52,00000;20,00000;1,12504;1
311,27899;27,16000;       0,11548; 94,76700;50,00000;20,00000;1,12496;1
311,37900;27,17000;       0,11548; 94,76567;50,00000;20,00000;1,12488;1
311,47699;27,18000;       0,11574; 94,76434;50,00000;20,00000;1,12481;1
311,57300;27,19000;       0,11632; 94,76301;49,00000;20,00000;1,12473;1
311,67300;27,20000;       0,11649; 94,76167;49,00000;20,00000;1,12465;1
311,77100;27,21000;       0,11683; 94,75791;49,00000;20,00000;1,12457;1
311,87100;27,22000;       0,11684; 94,75535;50,00000;20,00000;1,12449;1
311,96799;27,23000;       0,11725; 94,75280;49,00000;20,00000;1,12442;1
312,07199;27,24000;       0,11718; 94,74903;49,00000;20,00000;1,12433;1
312,17700;27,25000;       0,11752; 94,74769;49,00000;20,00000;1,12425;1
312,26001;27,26000;       0,11785; 94,74512;51,00000;20,00000;1,12418;1
312,36899;27,27000;       0,11827; 94,74255;50,00000;20,00000;1,12410;1
312,46600;27,28000;       0,11885; 94,73998;49,00000;20,00000;1,12402;1
312,56699;27,29000;       0,11886; 94,73862;49,00000;20,00000;1,12394;1
312,67499;27,30000;       0,11904; 94,73727;49,00000;20,00000;1,12385;1
312,76801;27,31000;       0,11921; 94,73591;51,00000;20,00000;1,12378;1
312,86099;27,32000;       0,11938; 94,73456;50,00000;20,00000;1,12371;1
312,96701;27,33000;       0,11947; 94,73322;49,00000;20,00000;1,12362;1
313,06799;27,34000;       0,11964; 94,73188;49,00000;20,00000;1,12354;1
313,16299;27,35000;       0,11973; 94,73053;50,00000;20,00000;1,12346;1
313,26300;27,36000;       0,12015; 94,72918;50,00000;20,00000;1,12338;1
313,36200;27,37000;       0,12041; 94,72662;49,00000;20,00000;1,12331;1
313,46701;27,38000;       0,12058; 94,72528;49,00000;20,00000;1,12322;1
313,56299;27,39000;       0,12084; 94,72273;49,00000;20,00000;1,12314;1
313,65701;27,40000;       0,12125; 94,72017;51,00000;20,00000;1,12307;1
313,76199;27,41000;       0,12126; 94,71881;50,00000;20,00000;1,12299;1
313,85599;27,42000;       0,12127; 94,71622;49,00000;20,00000;1,12291;1
313,95700;27,43000;       0,12120; 94,71485;49,00000;20,00000;1,12283;1
314,07001;27,44000;       0,12145; 94,71227;49,00000;20,00000;1,12274;1
314,16299;27,45000;       0,12179; 94,70971;52,00000;20,00000;1,12266;1
314,26401;27,46000;       0,12196; 94,70838;50,00000;20,00000;1,12258;1
314,36401;27,47000;       0,12255; 94,70585;49,00000;20,00000;1,12250;1
314,45001;27,48000;       0,12288; 94,70333;49,00000;20,00000;1,12243;1
314,55600;27,49000;       0,12314; 94,70201;50,00000;20,00000;1,12235;1
314,65500;27,50000;       0,12323; 94,70070;50,00000;20,00000;1,12227;1
314,75500;27,51000;       0,12332; 94,69940;49,00000;20,00000;1,12219;1
314,85199;27,52000;       0,12333; 94,69810;49,00000;20,00000;1,12211;1
314,95001;27,53000;       0,12358; 94,69680;50,00000;20,00000;1,12203;1
315,04401;27,54000;       0,12384; 94,69428;50,00000;20,00000;1,12195;1
315,13599;27,55000;       0,12418; 94,69295;50,00000;20,00000;1,12188;1
315,24200;27,56000;       0,12435; 94,69161;49,00000;20,00000;1,12179;1
315,34601;27,57000;       0,12452; 94,69027;51,00000;20,00000;1,12171;1
315,44400;27,58000;       0,12470; 94,68891;51,00000;20,00000;1,12163;1
315,53799;27,59000;       0,12471; 94,68753;51,00000;20,00000;1,12156;1
315,63800;27,60000;       0,12496; 94,68615;49,00000;20,00000;1,12148;1
315,74301;27,61000;       0,12505; 94,68476;49,00000;20,00000;1,12139;1
315,84500;27,62000;       0,12547; 94,68338;50,00000;20,00000;1,12131;1
315,95099;27,63000;       0,12581; 94,68200;50,00000;20,00000;1,12122;1
316,04599;27,64000;       0,12648; 94,68063;49,00000;20,00000;1,12114;1
316,14600;27,65000;       0,12682; 94,67927;49,00000;20,00000;1,12106;1
316,24399;27,66000;       0,12715; 94,67792;50,00000;20,00000;1,12098;1
316,34500;27,67000;       0,12708; 94,67536;50,00000;20,00000;1,12090;1
316,44299;27,68000;       0,12693; 94,67160;50,00000;20,00000;1,12082;1
316,54700;27,69000;       0,12702; 94,66786;50,00000;20,00000;1,12074;1
316,64801;27,70000;       0,12711; 94,66414;51,00000;20,00000;1,12066;1
316,73801;27,71000;       0,12745; 94,66044;50,00000;20,00000;1,12058;1
316,84399;27,72000;       0,12770; 94,65674;51,00000;20,00000;1,12050;1
316,92700;27,73000;       0,12788; 94,65423;51,00000;20,00000;1,12043;1
317,02600;27,74000;       0,12797; 94,65051;49,00000;20,00000;1,12035;1
317,13199;27,75000;       0,12814; 94,64678;49,00000;20,00000;1,12026;1
317,23199;27,76000;       0,12815; 94,64424;50,00000;20,00000;1,12018;1
317,32300;27,77000;       0,12849; 94,64289;51,00000;20,00000;1,12011;1
317,42899;27,78000;       0,12932; 94,64154;51,00000;20,00000;1,12002;1
317,52701;27,79000;       0,12991; 94,64020;49,00000;20,00000;1,11994;1
317,62500;27,80000;       0,12975; 94,64008;50,00000;20,00000;1,11986;1
317,73300;27,81000;       0,12976; 94,63877;50,00000;20,00000;1,11977;1
317,82700;27,82000;       0,12977; 94,63868;50,00000;20,00000;1,11970;1
317,91901;27,83000;       0,12986; 94,63859;50,00000;20,00000;1,11962;1
318,01199;27,84000;       0,13037; 94,63849;51,00000;20,00000;1,11954;1
318,11899;27,85000;       0,13070; 94,63719;50,00000;20,00000;1,11946;1
318,21100;27,86000;       0,13071; 94,63708;51,00000;20,00000;1,11938;1
318,31699;27,87000;       0,13056; 94,63575;51,00000;20,00000;1,11930;1
318,41400;27,88000;       0,13082; 94,63443;50,00000;20,00000;1,11922;1
318,50601;27,89000;       0,13165; 94,63310;51,00000;20,00000;1,11914;1
318,61700;27,90000;       0,13182; 94,63176;50,00000;20,00000;1,11905;1
318,70099;27,91000;       0,13175; 94,63040;51,00000;20,00000;1,11898;1
318,80600;27,92000;       0,13184; 94,62782;49,00000;20,00000;1,11889;1
318,91501;27,93000;       0,13185; 94,62645;50,00000;20,00000;1,11881;1
319,01001;27,94000;       0,13194; 94,62507;50,00000;20,00000;1,11873;1
319,11301;27,95000;       0,13270; 94,62371;49,00000;20,00000;1,11864;1
319,21600;27,96000;       0,13271; 94,62116;49,00000;20,00000;1,11856;1
319,31100;27,97000;       0,13280; 94,61982;49,00000;20,00000;1,11848;1
319,40900;27,98000;       0,13272; 94,61849;51,00000;20,00000;1,11840;1
319,50500;27,99000;       0,13282; 94,61594;50,00000;20,00000;1,11832;1
319,60699;28,00000;       0,13324; 94,61340;49,00000;20,00000;1,11824;1
319,71301;28,01000;       0,13350; 94,61207;49,00000;20,00000;1,11815;1
319,80499;28,02000;       0,13408; 94,60953;49,00000;20,00000;1,11807;1
319,90900;28,03000;       0,13426; 94,60820;51,00000;20,00000;1,11799;1
320,00299;28,04000;       0,13460; 94,60566;50,00000;20,00000;1,11791;1
320,09601;28,05000;       0,13452; 94,60433;49,00000;20,00000;1,11783;1
320,20801;28,06000;       0,13462; 94,60299;49,00000;20,00000;1,11774;1
320,30099;28,07000;       0,13487; 94,60044;50,00000;20,00000;1,11766;1
320,40100;28,08000;       0,13521; 94,59548;50,00000;20,00000;1,11758;1
320,50101;28,09000;       0,13539; 94,59174;49,00000;20,00000;1,11750;1
320,60599;28,10000;       0,13548; 94,58920;49,00000;20,00000;1,11741;1
320,69299;28,11000;       0,13549; 94,58545;49,00000;20,00000;1,11734;1
320,79199;28,12000;       0,13633; 94,58169;50,00000;20,00000;1,11726;1
320,90100;28,13000;       0,13683; 94,57915;50,00000;20,00000;1,11717;1
321,00000;28,14000;       0,13676; 94,57540;49,00000;20,00000;1,11709;1
321,09399;28,15000;       0,13652; 94,57286;49,00000;20,00000;1,11701;1
321,19699;28,16000;       0,13653; 94,57032;49,00000;20,00000;1,11692;1
321,29099;28,17000;       0,13679; 94,56777;52,00000;20,00000;1,11684;1
321,39099;28,18000;       0,13754; 94,56521;49,00000;20,00000;1,11676;1
321,48999;28,19000;       0,13797; 94,56385;49,00000;20,00000;1,11668;1
321,59500;28,20000;       0,13773; 94,56249;50,00000;20,00000;1,11659;1
321,69800;28,21000;       0,13807; 94,56356;50,00000;20,00000;1,11651;1
321,79700;28,22000;       0,13833; 94,56464;50,00000;20,00000;1,11642;1
321,89700;28,23000;       0,13850; 94,56451;49,00000;20,00000;1,11634;1
321,98199;28,24000;       0,13851; 94,56438;49,00000;20,00000;1,11627;1
322,09399;28,25000;       0,13885; 94,56304;50,00000;20,00000;1,11618;1
322,19000;28,26000;       0,13928; 94,56292;50,00000;20,00000;1,11610;1
322,29300;28,27000;       0,13929; 94,56038;49,00000;20,00000;1,11601;1
322,39499;28,28000;       0,13938; 94,55784;49,00000;20,00000;1,11593;1
322,48401;28,29000;       0,13997; 94,55531;49,00000;20,00000;1,11585;1
322,58600;28,30000;       0,14047; 94,55399;52,00000;20,00000;1,11577;1
322,68500;28,31000;       0,14073; 94,55145;50,00000;20,00000;1,11568;1
322,78601;28,32000;       0,14116; 94,54891;49,00000;20,00000;1,11560;1
322,88599;28,33000;       0,14100; 94,54637;50,00000;20,00000;1,11552;1
322,98499;28,34000;       0,14076; 94,54261;50,00000;20,00000;1,11543;1
323,07999;28,35000;       0,14069; 94,54007;52,00000;20,00000;1,11535;1
323,18500;28,36000;       0,14103; 94,53752;49,00000;20,00000;1,11527;1
323,28101;28,37000;       0,14129; 94,53496;49,00000;20,00000;1,11519;1
323,38101;28,38000;       0,14147; 94,53361;50,00000;20,00000;1,11510;1
323,48901;28,39000;       0,14181; 94,53226;50,00000;20,00000;1,11501;1
323,57599;28,40000;       0,14215; 94,53091;49,00000;20,00000;1,11494;1
323,68399;28,41000;       0,14233; 94,52955;49,00000;20,00000;1,11485;1
323,78201;28,42000;       0,14217; 94,52700;50,00000;20,00000;1,11477;1
323,88699;28,43000;       0,14227; 94,52566;52,00000;20,00000;1,11468;1
323,98001;28,44000;       0,14252; 94,52433;50,00000;20,00000;1,11460;1
324,08801;28,45000;       0,14287; 94,52181;49,00000;20,00000;1,11451;1
324,17200;28,46000;       0,14312; 94,51929;51,00000;20,00000;1,11444;1
324,28400;28,47000;       0,14330; 94,51678;50,00000;20,00000;1,11434;1
324,37601;28,48000;       0,14373; 94,51426;52,00000;20,00000;1,11427;1
324,46899;28,49000;       0,14431; 94,51172;49,00000;20,00000;1,11419;1
324,57300;28,50000;       0,14399; 94,50919;49,00000;20,00000;1,11410;1
324,67499;28,51000;       0,14467; 94,50786;50,00000;20,00000;1,11401;1
324,77301;28,52000;       0,14484; 94,50532;50,00000;20,00000;1,11393;1
324,87500;28,53000;       0,14494; 94,50279;49,00000;20,00000;1,11385;1
324,97000;28,54000;       0,14470; 94,50025;49,00000;20,00000;1,11377;1
325,06500;28,55000;       0,14479; 94,49650;50,00000;20,00000;1,11369;1
325,17200;28,56000;       0,14522; 94,49396;52,00000;20,00000;1,11360;1
325,27100;28,57000;       0,14548; 94,49022;50,00000;20,00000;1,11351;1
325,36899;28,58000;       0,14541; 94,48648;49,00000;20,00000;1,11343;1
325,46399;28,59000;       0,14567; 94,48395;51,00000;20,00000;1,11335;1
325,56799;28,60000;       0,14593; 94,48021;51,00000;20,00000;1,11326;1
325,66199;28,61000;       0,14610; 94,47769;51,00000;20,00000;1,11318;1
325,76901;28,62000;       0,14628; 94,47516;49,00000;20,00000;1,11309;1
325,85901;28,63000;       0,14637; 94,47384;49,00000;20,00000;1,11301;1
325,95801;28,64000;       0,14671; 94,47251;50,00000;20,00000;1,11293;1
326,06201;28,65000;       0,14664; 94,47239;49,00000;20,00000;1,11284;1
326,16400;28,66000;       0,14732; 94,47106;49,00000;20,00000;1,11276;1
326,25500;28,67000;       0,14758; 94,46971;49,00000;20,00000;1,11268;1
326,35999;28,68000;       0,14759; 94,46837;51,00000;20,00000;1,11259;1
326,45499;28,69000;       0,14735; 94,46703;50,00000;20,00000;1,11251;1
326,56799;28,70000;       0,14769; 94,46570;49,00000;20,00000;1,11241;1
326,66000;28,71000;       0,14787; 94,46316;49,00000;20,00000;1,11234;1
326,75400;28,72000;       0,14821; 94,46183;50,00000;20,00000;1,11226;1
326,85400;28,73000;       0,14831; 94,45931;52,00000;20,00000;1,11217;1
326,95801;28,74000;       0,14832; 94,45800;50,00000;20,00000;1,11208;1
327,06000;28,75000;       0,14916; 94,45548;49,00000;20,00000;1,11200;1
327,14801;28,76000;       0,14925; 94,45417;50,00000;20,00000;1,11192;1
327,25000;28,77000;       0,14935; 94,45167;50,00000;20,00000;1,11183;1
327,35101;28,78000;       0,14944; 94,44917;49,00000;20,00000;1,11175;1
327,45200;28,79000;       0,14962; 94,44667;49,00000;20,00000;1,11166;1
327,54001;28,80000;       0,14979; 94,44536;50,00000;20,00000;1,11159;1
327,64099;28,81000;       0,15014; 94,44284;50,00000;20,00000;1,11150;1
327,73499;28,82000;       0,15048; 94,44032;49,00000;20,00000;1,11142;1
327,85599;28,83000;       0,15049; 94,43779;49,00000;20,00000;1,11132;1
327,93399;28,84000;       0,15050; 94,43646;49,00000;20,00000;1,11125;1
328,03699;28,85000;       0,15076; 94,43390;51,00000;20,00000;1,11116;1
328,13599;28,86000;       0,15103; 94,43135;50,00000;20,00000;1,11108;1
328,24100;28,87000;       0,15112; 94,43000;49,00000;20,00000;1,11099;1
328,34698;28,88000;       0,15113; 94,42745;49,00000;20,00000;1,11090;1
328,44000;28,89000;       0,15156; 94,42490;50,00000;20,00000;1,11082;1
328,54001;28,90000;       0,15174; 94,42236;50,00000;20,00000;1,11073;1
328,63599;28,91000;       0,15166; 94,41982;49,00000;20,00000;1,11065;1
328,74200;28,92000;       0,15209; 94,41728;49,00000;20,00000;1,11056;1
328,83600;28,93000;       0,15244; 94,41231;50,00000;20,00000;1,11048;1
328,93701;28,94000;       0,15253; 94,40733;50,00000;20,00000;1,11039;1
329,03900;28,95000;       0,15271; 94,40357;49,00000;20,00000;1,11030;1
329,13599;28,96000;       0,15289; 94,39982;49,00000;20,00000;1,11022;1
329,25000;28,97000;       0,15307; 94,39730;49,00000;20,00000;1,11012;1
329,33701;28,98000;       0,15324; 94,39478;51,00000;20,00000;1,11005;1
329,43399;28,99000;       0,15334; 94,39226;50,00000;20,00000;1,10996;1
329,52899;29,00000;       0,15385; 94,38974;49,00000;20,00000;1,10988;1
329,63000;29,01000;       0,15377; 94,38841;49,00000;20,00000;1,10980;1
329,73001;29,02000;       0,15379; 94,38585;50,00000;20,00000;1,10971;1
329,83701;29,03000;       0,15413; 94,38329;50,00000;20,00000;1,10962;1
329,93600;29,04000;       0,15456; 94,38195;51,00000;20,00000;1,10953;1
330,03101;29,05000;       0,15457; 94,37941;49,00000;20,00000;1,10945;1
330,14401;29,06000;       0,15467; 94,37810;50,00000;20,00000;1,10935;1
330,22400;29,07000;       0,15484; 94,37679;50,00000;20,00000;1,10928;1
330,33099;29,08000;       0,15577; 94,37427;49,00000;20,00000;1,10919;1
330,42200;29,09000;       0,15586; 94,37296;49,00000;20,00000;1,10911;1
330,53699;29,10000;       0,15563; 94,37043;49,00000;20,00000;1,10901;1
330,62201;29,11000;       0,15572; 94,36911;52,00000;20,00000;1,10894;1
330,72699;29,12000;       0,15532; 94,36658;51,00000;20,00000;1,10885;1
330,82501;29,13000;       0,15591; 94,36407;49,00000;20,00000;1,10877;1
330,92801;29,14000;       0,15626; 94,36155;49,00000;20,00000;1,10868;1
331,02100;29,15000;       0,15627; 94,35902;50,00000;20,00000;1,10860;1
331,11801;29,16000;       0,15620; 94,35649;51,00000;20,00000;1,10851;1
331,22101;29,17000;       0,15671; 94,35515;51,00000;20,00000;1,10842;1
331,31699;29,18000;       0,15664; 94,35259;49,00000;20,00000;1,10834;1
331,42200;29,19000;       0,15674; 94,35004;50,00000;20,00000;1,10825;1
331,53101;29,20000;       0,15683; 94,34871;50,00000;20,00000;1,10815;1
331,61600;29,21000;       0,15717; 94,34618;50,00000;20,00000;1,10808;1
331,72800;29,22000;       0,15769; 94,34488;49,00000;20,00000;1,10798;1
331,81799;29,23000;       0,15787; 94,34238;49,00000;20,00000;1,10790;1
331,91599;29,24000;       0,15788; 94,33747;51,00000;20,00000;1,10782;1
332,01001;29,25000;       0,15806; 94,33374;51,00000;20,00000;1,10774;1
332,10599;29,26000;       0,15823; 94,33002;49,00000;20,00000;1,10765;1
332,22101;29,27000;       0,15850; 94,32629;49,00000;20,00000;1,10755;1
332,31201;29,28000;       0,15884; 94,32254;50,00000;20,00000;1,10747;1
332,40500;29,29000;       0,15935; 94,31880;51,00000;20,00000;1,10739;1
332,51300;29,30000;       0,15962; 94,31507;51,00000;20,00000;1,10730;1
332,61200;29,31000;       0,15988; 94,31255;50,00000;20,00000;1,10721;1
332,70901;29,32000;       0,16014; 94,31003;50,00000;20,00000;1,10713;1
332,80301;29,33000;       0,16015; 94,30871;50,00000;20,00000;1,10705;1
332,90799;29,34000;       0,16017; 94,30740;50,00000;20,00000;1,10696;1
333,00400;29,35000;       0,16035; 94,30607;49,00000;20,00000;1,10687;1
333,10300;29,36000;       0,16027; 94,30472;49,00000;20,00000;1,10679;1
333,20001;29,37000;       0,16045; 94,30337;51,00000;20,00000;1,10670;1
333,30899;29,38000;       0,16055; 94,30082;51,00000;20,00000;1,10661;1
333,41400;29,39000;       0,16090; 94,29828;49,00000;20,00000;1,10651;1
333,50400;29,40000;       0,16141; 94,29696;51,00000;20,00000;1,10644;1
333,60599;29,41000;       0,16134; 94,29446;50,00000;20,00000;1,10635;1
333,70599;29,42000;       0,16152; 94,29196;52,00000;20,00000;1,10626;1
333,79501;29,43000;       0,16161; 94,28945;50,00000;20,00000;1,10618;1
333,90100;29,44000;       0,16188; 94,28695;49,00000;20,00000;1,10609;1
333,99399;29,45000;       0,16230; 94,28564;49,00000;20,00000;1,10601;1
334,09601;29,46000;       0,16265; 94,28311;50,00000;20,00000;1,10592;1
334,19901;29,47000;       0,16283; 94,28178;50,00000;20,00000;1,10583;1
334,29300;29,48000;       0,16284; 94,27924;49,00000;20,00000;1,10574;1
334,39401;29,49000;       0,16286; 94,27790;49,00000;20,00000;1,10566;1
334,50101;29,50000;       0,16295; 94,27537;50,00000;20,00000;1,10556;1
334,59201;29,51000;       0,16338; 94,27405;50,00000;20,00000;1,10548;1
334,69699;29,52000;       0,16406; 94,27154;49,00000;20,00000;1,10539;1
334,79599;29,53000;       0,16408; 94,26905;51,00000;20,00000;1,10530;1
334,89499;29,54000;       0,16417; 94,26779;50,00000;20,00000;1,10522;1
334,98801;29,55000;       0,16427; 94,26532;52,00000;20,00000;1,10513;1
335,07700;29,56000;       0,16428; 94,26285;50,00000;20,00000;1,10505;1
335,17899;29,57000;       0,16504; 94,26037;49,00000;20,00000;1,10497;1
335,27600;29,58000;       0,16539; 94,25907;49,00000;20,00000;1,10488;1
335,37900;29,59000;       0,16582; 94,25776;50,00000;20,00000;1,10479;1
335,47601;29,60000;       0,16567; 94,25644;49,00000;20,00000;1,10470;1
335,57501;29,61000;       0,16576; 94,25509;49,00000;20,00000;1,10462;1
335,67200;29,62000;       0,16578; 94,25375;50,00000;20,00000;1,10453;1
335,77899;29,63000;       0,16579; 94,25241;50,00000;20,00000;1,10444;1
335,87900;29,64000;       0,16597; 94,24986;50,00000;20,00000;1,10435;1
335,98401;29,65000;       0,16665; 94,24612;50,00000;20,00000;1,10426;1
336,07700;29,66000;       0,16667; 94,24239;51,00000;20,00000;1,10417;1
336,16901;29,67000;       0,16676; 94,23985;50,00000;20,00000;1,10409;1
336,27200;29,68000;       0,16686; 94,23612;52,00000;20,00000;1,10400;1
336,37799;29,69000;       0,16754; 94,23360;50,00000;20,00000;1,10391;1
336,47900;29,70000;       0,16789; 94,22987;49,00000;20,00000;1,10382;1
336,57199;29,71000;       0,16773; 94,22857;49,00000;20,00000;1,10374;1
336,66599;29,72000;       0,16775; 94,22608;50,00000;20,00000;1,10365;1
336,77701;29,73000;       0,16801; 94,22359;52,00000;20,00000;1,10355;1
336,86099;29,74000;       0,16811; 94,22109;50,00000;20,00000;1,10348;1
336,96600;29,75000;       0,16812; 94,21979;50,00000;20,00000;1,10339;1
337,05701;29,76000;       0,16855; 94,21727;50,00000;20,00000;1,10331;1
337,16501;29,77000;       0,16882; 94,21595;50,00000;20,00000;1,10321;1
337,25699;29,78000;       0,16891; 94,21340;49,00000;20,00000;1,10313;1
337,36801;29,79000;       0,16926; 94,21207;51,00000;20,00000;1,10303;1
337,46100;29,80000;       0,16978; 94,20952;50,00000;20,00000;1,10295;1
337,56400;29,81000;       0,16962; 94,20819;52,00000;20,00000;1,10285;1
337,66501;29,82000;       0,16964; 94,20566;50,00000;20,00000;1,10276;1
337,76001;29,83000;       0,16965; 94,20314;49,00000;20,00000;1,10268;1
337,86499;29,84000;       0,16975; 94,20183;50,00000;20,00000;1,10259;1
337,95599;29,85000;       0,17010; 94,20052;50,00000;20,00000;1,10251;1
338,05899;29,86000;       0,17011; 94,19922;52,00000;20,00000;1,10241;1
338,16101;29,87000;       0,17037; 94,19669;50,00000;20,00000;1,10232;1
338,24799;29,88000;       0,17055; 94,19537;50,00000;20,00000;1,10225;1
338,35999;29,89000;       0,17090; 94,19405;50,00000;20,00000;1,10215;1
338,45999;29,90000;       0,17092; 94,19274;50,00000;20,00000;1,10206;1
338,55600;29,91000;       0,17135; 94,18901;49,00000;20,00000;1,10197;1
338,65100;29,92000;       0,17153; 94,18649;49,00000;20,00000;1,10189;1
338,75500;29,93000;       0,17138; 94,18519;50,00000;20,00000;1,10179;1
338,85199;29,94000;       0,17131; 94,18269;52,00000;20,00000;1,10171;1
338,95099;29,95000;       0,17124; 94,18018;50,00000;20,00000;1,10162;1
339,04700;29,96000;       0,17158; 94,17766;50,00000;20,00000;1,10153;1
339,14899;29,97000;       0,17202; 94,17394;51,00000;20,00000;1,10144;1
339,24301;29,98000;       0,17228; 94,17021;51,00000;20,00000;1,10136;1
339,34900;29,99000;       0,17246; 94,16649;51,00000;20,00000;1,10126;1
339,44501;30,00000;       0,17256; 94,16276;50,00000;20,00000;1,10118;1
339,54800;30,01000;       0,17274; 94,15783;50,00000;20,00000;1,10108;1
339,64001;30,02000;       0,17259; 94,15409;50,00000;20,00000;1,10100;1
339,73801;30,03000;       0,17277; 94,15034;49,00000;20,00000;1,10091;1
339,84000;30,04000;       0,17287; 94,14779;49,00000;20,00000;1,10082;1
339,94800;30,05000;       0,17322; 94,14525;49,00000;20,00000;1,10073;1
340,04901;30,06000;       0,17332; 94,14392;51,00000;20,00000;1,10063;1
340,14301;30,07000;       0,17341; 94,14259;51,00000;20,00000;1,10055;1
340,24100;30,08000;       0,17359; 94,14006;49,00000;20,00000;1,10046;1
340,34000;30,09000;       0,17378; 94,13874;51,00000;20,00000;1,10037;1
340,44501;30,10000;       0,17388; 94,13621;50,00000;20,00000;1,10028;1
340,54099;30,11000;       0,17414; 94,13368;52,00000;20,00000;1,10019;1
340,63901;30,12000;       0,17424; 94,13115;50,00000;20,00000;1,10010;1
340,74701;30,13000;       0,17450; 94,12864;50,00000;20,00000;1,10001;1
340,84000;30,14000;       0,17469; 94,12614;50,00000;20,00000;1,09992;1
340,93799;30,15000;       0,17504; 94,12364;50,00000;20,00000;1,09983;1
341,03900;30,16000;       0,17480; 94,11994;49,00000;20,00000;1,09974;1
341,12900;30,17000;       0,17489; 94,11745;49,00000;20,00000;1,09966;1
341,23199;30,18000;       0,17516; 94,11496;51,00000;20,00000;1,09957;1
341,33499;30,19000;       0,17568; 94,11125;50,00000;20,00000;1,09948;1
341,42599;30,20000;       0,17611; 94,10874;49,00000;20,00000;1,09939;1
341,52701;30,21000;       0,17629; 94,10622;49,00000;20,00000;1,09930;1
341,62201;30,22000;       0,17639; 94,10369;50,00000;20,00000;1,09922;1
341,73099;30,23000;       0,17641; 94,09995;51,00000;20,00000;1,09912;1
341,83099;30,24000;       0,17651; 94,09741;51,00000;20,00000;1,09903;1
341,92499;30,25000;       0,17702; 94,09608;50,00000;20,00000;1,09894;1
342,02399;30,26000;       0,17704; 94,09355;50,00000;20,00000;1,09885;1
342,13300;30,27000;       0,17714; 94,09224;50,00000;20,00000;1,09876;1
342,22699;30,28000;       0,17707; 94,08973;49,00000;20,00000;1,09867;1
342,32599;30,29000;       0,17750; 94,08844;49,00000;20,00000;1,09858;1
342,42099;30,30000;       0,17751; 94,08594;49,00000;20,00000;1,09849;1
342,51999;30,31000;       0,17753; 94,08464;50,00000;20,00000;1,09840;1
342,61899;30,32000;       0,17780; 94,07971;50,00000;20,00000;1,09832;1
342,72101;30,33000;       0,17789; 94,07719;49,00000;20,00000;1,09822;1
342,81500;30,34000;       0,17824; 94,07346;49,00000;20,00000;1,09814;1
342,91699;30,35000;       0,17868; 94,07094;51,00000;20,00000;1,09804;1
343,02499;30,36000;       0,17870; 94,06843;51,00000;20,00000;1,09795;1
343,11801;30,37000;       0,17879; 94,06591;50,00000;20,00000;1,09786;1
343,21100;30,38000;       0,17881; 94,06340;50,00000;20,00000;1,09778;1
343,31299;30,39000;       0,17891; 94,06089;50,00000;20,00000;1,09768;1
343,41800;30,40000;       0,17909; 94,05838;50,00000;20,00000;1,09759;1
343,50900;30,41000;       0,17944; 94,05586;49,00000;20,00000;1,09751;1
343,60901;30,42000;       0,17962; 94,05454;49,00000;20,00000;1,09742;1
343,71600;30,43000;       0,17964; 94,05203;50,00000;20,00000;1,09732;1
343,81100;30,44000;       0,17957; 94,04953;50,00000;20,00000;1,09723;1
343,91000;30,45000;       0,17958; 94,04703;50,00000;20,00000;1,09714;1
344,01300;30,46000;       0,17977; 94,04573;49,00000;20,00000;1,09705;1
344,09698;30,47000;       0,17978; 94,04321;50,00000;20,00000;1,09697;1
344,20001;30,48000;       0,17996; 94,03947;51,00000;20,00000;1,09688;1
344,30499;30,49000;       0,18082; 94,03693;51,00000;20,00000;1,09678;1
344,41299;30,50000;       0,18100; 94,03440;49,00000;20,00000;1,09668;1
344,50900;30,51000;       0,18127; 94,03186;49,00000;20,00000;1,09659;1
344,60199;30,52000;       0,18145; 94,02934;50,00000;20,00000;1,09651;1
344,71201;30,53000;       0,18164; 94,02562;50,00000;20,00000;1,09641;1
344,79700;30,54000;       0,18165; 94,02310;51,00000;20,00000;1,09633;1
344,90399;30,55000;       0,18167; 94,01938;50,00000;20,00000;1,09623;1
345,00299;30,56000;       0,18176; 94,01687;50,00000;20,00000;1,09614;1
345,10599;30,57000;       0,18186; 94,01436;50,00000;20,00000;1,09605;1
345,19601;30,58000;       0,18171; 94,01186;50,00000;20,00000;1,09597;1
345,30701;30,59000;       0,18173; 94,00939;49,00000;20,00000;1,09586;1
345,39499;30,60000;       0,18199; 94,00812;50,00000;20,00000;1,09578;1
345,49500;30,61000;       0,18209; 94,00564;52,00000;20,00000;1,09569;1
345,58600;30,62000;       0,18253; 94,00316;50,00000;20,00000;1,09561;1
345,68500;30,63000;       0,18279; 94,00066;49,00000;20,00000;1,09552;1
345,79099;30,64000;       0,18289; 93,99937;49,00000;20,00000;1,09542;1
345,88800;30,65000;       0,18299; 93,99565;50,00000;20,00000;1,09533;1
345,98901;30,66000;       0,18326; 93,99193;52,00000;20,00000;1,09524;1
346,08099;30,67000;       0,18344; 93,98819;49,00000;20,00000;1,09515;1
346,17899;30,68000;       0,18354; 93,98446;49,00000;20,00000;1,09506;1
346,28900;30,69000;       0,18390; 93,98196;50,00000;20,00000;1,09496;1
346,39200;30,70000;       0,18417; 93,97825;50,00000;20,00000;1,09487;1
346,48099;30,71000;       0,18426; 93,97453;49,00000;20,00000;1,09479;1
346,57700;30,72000;       0,18436; 93,97202;49,00000;20,00000;1,09470;1
346,67499;30,73000;       0,18438; 93,96951;50,00000;20,00000;1,09461;1
346,77499;30,74000;       0,18456; 93,96821;52,00000;20,00000;1,09452;1
346,89001;30,75000;       0,18483; 93,96691;50,00000;20,00000;1,09441;1
346,97800;30,76000;       0,18510; 93,96439;49,00000;20,00000;1,09433;1
347,07101;30,77000;       0,18528; 93,96308;51,00000;20,00000;1,09424;1
347,17200;30,78000;       0,18538; 93,96055;51,00000;20,00000;1,09415;1
347,27701;30,79000;       0,18557; 93,95802;51,00000;20,00000;1,09405;1
347,37500;30,80000;       0,18575; 93,95549;49,00000;20,00000;1,09396;1
347,47900;30,81000;       0,18577; 93,95416;49,00000;20,00000;1,09387;1
347,57700;30,82000;       0,18578; 93,95164;50,00000;20,00000;1,09378;1
347,67801;30,83000;       0,18580; 93,94911;50,00000;20,00000;1,09368;1
347,76901;30,84000;       0,18598; 93,94658;49,00000;20,00000;1,09360;1
347,87900;30,85000;       0,18625; 93,94405;51,00000;20,00000;1,09350;1
347,97198;30,86000;       0,18644; 93,94152;49,00000;20,00000;1,09341;1
348,07501;30,87000;       0,18645; 93,93899;52,00000;20,00000;1,09331;1
348,17700;30,88000;       0,18638; 93,93649;50,00000;20,00000;1,09322;1
348,28201;30,89000;       0,18674; 93,93399;50,00000;20,00000;1,09312;1
348,36801;30,90000;       0,18692; 93,93149;50,00000;20,00000;1,09304;1
348,47000;30,91000;       0,18685; 93,92901;51,00000;20,00000;1,09295;1
348,56799;30,92000;       0,18704; 93,92653;51,00000;20,00000;1,09286;1
348,66800;30,93000;       0,18739; 93,92404;49,00000;20,00000;1,09276;1
348,76199;30,94000;       0,18749; 93,92154;50,00000;20,00000;1,09268;1
348,86301;30,95000;       0,18776; 93,91903;50,00000;20,00000;1,09258;1
348,96100;30,96000;       0,18777; 93,91772;50,00000;20,00000;1,09249;1
349,06201;30,97000;       0,18821; 93,91641;49,00000;20,00000;1,09240;1
349,16199;30,98000;       0,18848; 93,91630;49,00000;20,00000;1,09231;1
349,26700;30,99000;       0,18875; 93,91498;50,00000;20,00000;1,09221;1
349,35599;31,00000;       0,18877; 93,91367;52,00000;20,00000;1,09213;1
349,46899;31,01000;       0,18861; 93,91116;50,00000;20,00000;1,09202;1
349,55600;31,02000;       0,18897; 93,90987;50,00000;20,00000;1,09194;1
349,66101;31,03000;       0,18907; 93,90857;51,00000;20,00000;1,09184;1
349,76099;31,04000;       0,18967; 93,90607;50,00000;20,00000;1,09175;1
349,85101;31,05000;       0,18994; 93,90475;52,00000;20,00000;1,09166;1
349,95300;31,06000;       0,18979; 93,90222;50,00000;20,00000;1,09157;1
350,05801;31,07000;       0,18981; 93,90090;50,00000;20,00000;1,09147;1
350,16101;31,08000;       0,19008; 93,89838;50,00000;20,00000;1,09138;1
350,26199;31,09000;       0,19069; 93,89708;50,00000;20,00000;1,09128;1
350,35300;31,10000;       0,19078; 93,89458;49,00000;20,00000;1,09120;1
350,45901;31,11000;       0,19097; 93,89331;49,00000;20,00000;1,09110;1
350,54700;31,12000;       0,19107; 93,89203;50,00000;20,00000;1,09101;1
350,64899;31,13000;       0,19100; 93,88955;50,00000;20,00000;1,09092;1
350,75201;31,14000;       0,19136; 93,88828;49,00000;20,00000;1,09082;1
350,84399;31,15000;       0,19154; 93,88700;49,00000;20,00000;1,09074;1
350,94699;31,16000;       0,19122; 93,88574;51,00000;20,00000;1,09064;1
351,04401;31,17000;       0,19124; 93,88326;50,00000;20,00000;1,09055;1
351,13699;31,18000;       0,19134; 93,88198;51,00000;20,00000;1,09046;1
351,23599;31,19000;       0,19144; 93,88068;51,00000;20,00000;1,09037;1
351,33099;31,20000;       0,19171; 93,87696;50,00000;20,00000;1,09028;1
351,44199;31,21000;       0,19189; 93,87444;50,00000;20,00000;1,09018;1
351,53799;31,22000;       0,19216; 93,87191;50,00000;20,00000;1,09009;1
351,63800;31,23000;       0,19235; 93,86938;50,00000;20,00000;1,08999;1
351,73801;31,24000;       0,19262; 93,86565;49,00000;20,00000;1,08990;1
351,83499;31,25000;       0,19272; 93,86312;50,00000;20,00000;1,08981;1
351,93301;31,26000;       0,19291; 93,85938;50,00000;20,00000;1,08972;1
352,04199;31,27000;       0,19318; 93,85687;50,00000;20,00000;1,08961;1
352,13901;31,28000;       0,19311; 93,85314;49,00000;20,00000;1,08952;1
352,23700;31,29000;       0,19287; 93,85063;49,00000;20,00000;1,08943;1
352,33301;31,30000;       0,19331; 93,84812;51,00000;20,00000;1,08934;1
352,43500;31,31000;       0,19333; 93,84681;50,00000;20,00000;1,08924;1
352,52802;31,32000;       0,19351; 93,84430;52,00000;20,00000;1,08916;1
352,64001;31,33000;       0,19446; 93,84180;49,00000;20,00000;1,08905;1
352,73700;31,34000;       0,19465; 93,83929;50,00000;20,00000;1,08896;1
352,82401;31,35000;       0,19458; 93,83678;51,00000;20,00000;1,08888;1
352,93301;31,36000;       0,19485; 93,83428;50,00000;20,00000;1,08877;1
353,03101;31,37000;       0,19478; 93,83178;49,00000;20,00000;1,08868;1
353,12601;31,38000;       0,19437; 93,83047;49,00000;20,00000;1,08859;1
353,22501;31,39000;       0,19439; 93,82796;50,00000;20,00000;1,08850;1
353,33401;31,40000;       0,19416; 93,82545;50,00000;20,00000;1,08840;1
353,42401;31,41000;       0,19476; 93,82052;50,00000;20,00000;1,08831;1
353,52802;31,42000;       0,19504; 93,81680;49,00000;20,00000;1,08821;1
353,62799;31,43000;       0,19531; 93,81310;50,00000;20,00000;1,08812;1
353,72400;31,44000;       0,19583; 93,80940;51,00000;20,00000;1,08803;1
353,82300;31,45000;       0,19576; 93,80450;50,00000;20,00000;1,08793;1
353,92599;31,46000;       0,19620; 93,80081;49,00000;20,00000;1,08784;1
354,01300;31,47000;       0,19630; 93,79712;49,00000;20,00000;1,08775;1
354,11801;31,48000;       0,19649; 93,79463;49,00000;20,00000;1,08766;1
354,21399;31,49000;       0,19634; 93,79333;52,00000;20,00000;1,08756;1
354,31201;31,50000;       0,19627; 93,79197;50,00000;20,00000;1,08747;1
354,41101;31,51000;       0,19637; 93,79061;49,00000;20,00000;1,08738;1
354,52200;31,52000;       0,19673; 93,78933;50,00000;20,00000;1,08727;1
354,62000;31,53000;       0,19717; 93,78805;50,00000;20,00000;1,08718;1
354,72000;31,54000;       0,19727; 93,78549;49,00000;20,00000;1,08708;1
354,81601;31,55000;       0,19704; 93,78294;49,00000;20,00000;1,08699;1
354,91599;31,56000;       0,19722; 93,78170;49,00000;20,00000;1,08690;1
355,01901;31,57000;       0,19758; 93,77923;51,00000;20,00000;1,08680;1
355,10400;31,58000;       0,19751; 93,77670;50,00000;20,00000;1,08672;1
355,20599;31,59000;       0,19761; 93,77424;50,00000;20,00000;1,08662;1
355,31100;31,60000;       0,19797; 93,77176;49,00000;20,00000;1,08652;1
355,40900;31,61000;       0,19765; 93,76921;51,00000;20,00000;1,08643;1
355,51099;31,62000;       0,19749; 93,76666;51,00000;20,00000;1,08633;1
355,61401;31,63000;       0,19760; 93,76419;51,00000;20,00000;1,08624;1
355,70001;31,64000;       0,19804; 93,76173;49,00000;20,00000;1,08615;1
355,80600;31,65000;       0,19831; 93,76044;49,00000;20,00000;1,08605;1
355,90399;31,66000;       0,19841; 93,75795;50,00000;20,00000;1,08596;1
356,00900;31,67000;       0,19851; 93,75546;50,00000;20,00000;1,08586;1
356,10400;31,68000;       0,19870; 93,75294;49,00000;20,00000;1,08577;1
356,19800;31,69000;       0,19889; 93,75042;49,00000;20,00000;1,08568;1
356,29401;31,70000;       0,19882; 93,74796;49,00000;20,00000;1,08559;1
356,39499;31,71000;       0,19909; 93,74429;50,00000;20,00000;1,08549;1
356,50101;31,72000;       0,19928; 93,74178;50,00000;20,00000;1,08539;1
356,59201;31,73000;       0,19947; 93,73927;49,00000;20,00000;1,08530;1
356,69501;31,74000;       0,19914; 93,73556;50,00000;20,00000;1,08520;1
356,80399;31,75000;       0,19908; 93,73303;51,00000;20,00000;1,08510;1
356,89401;31,76000;       0,19935; 93,72929;50,00000;20,00000;1,08501;1
356,98599;31,77000;       0,19971; 93,72562;52,00000;20,00000;1,08493;1
357,08701;31,78000;       0,19989; 93,72316;50,00000;20,00000;1,08483;1
357,19400;31,79000;       0,19991; 93,71942;49,00000;20,00000;1,08473;1
357,28699;31,80000;       0,20035; 93,71687;50,00000;20,00000;1,08464;1
357,38901;31,81000;       0,20063; 93,71440;50,00000;20,00000;1,08454;1
357,49100;31,82000;       0,20064; 93,71190;52,00000;20,00000;1,08444;1
357,58301;31,83000;       0,20075; 93,70935;49,00000;20,00000;1,08435;1
357,69000;31,84000;       0,20111; 93,70688;50,00000;20,00000;1,08425;1
357,78400;31,85000;       0,20112; 93,70561;50,00000;20,00000;1,08416;1
357,88199;31,86000;       0,20114; 93,70305;50,00000;20,00000;1,08407;1
357,98499;31,87000;       0,20116; 93,69928;50,00000;20,00000;1,08397;1
358,09100;31,88000;       0,20101; 93,69682;49,00000;20,00000;1,08387;1
358,18799;31,89000;       0,20111; 93,69435;51,00000;20,00000;1,08377;1
358,28400;31,90000;       0,20121; 93,69185;51,00000;20,00000;1,08368;1
358,38000;31,91000;       0,20157; 93,68815;50,00000;20,00000;1,08359;1
358,48401;31,92000;       0,20176; 93,68687;49,00000;20,00000;1,08349;1
358,57901;31,93000;       0,20203; 93,68554;49,00000;20,00000;1,08340;1
358,68500;31,94000;       0,20230; 93,68421;49,00000;20,00000;1,08330;1
358,77100;31,95000;       0,20232; 93,68175;51,00000;20,00000;1,08321;1
358,87701;31,96000;       0,20242; 93,68048;51,00000;20,00000;1,08311;1
358,98099;31,97000;       0,20244; 93,67918;49,00000;20,00000;1,08301;1
359,07901;31,98000;       0,20246; 93,67666;49,00000;20,00000;1,08292;1
359,17801;31,99000;       0,20256; 93,67536;50,00000;20,00000;1,08282;1
359,27701;32,00000;       0,20275; 93,67402;50,00000;20,00000;1,08273;1
359,37900;32,01000;       0,20251; 93,67147;49,00000;20,00000;1,08263;1
359,47299;32,02000;       0,20262; 93,67021;49,00000;20,00000;1,08254;1
359,57999;32,03000;       0,20289; 93,66773;49,00000;20,00000;1,08243;1
359,67099;32,04000;       0,20299; 93,66517;50,00000;20,00000;1,08235;1
359,77301;32,05000;       0,20301; 93,66142;50,00000;20,00000;1,08225;1
359,88800;32,06000;       0,20371; 93,65897;50,00000;20,00000;1,08214;1
359,97101;32,07000;       0,20305; 93,65528;50,00000;20,00000;1,08206;1
360,07101;32,08000;       0,20315; 93,64793;49,00000;20,00000;1,08196;1
360,17200;32,09000;       0,20342; 93,64187;51,00000;20,00000;1,08186;1
360,25900;32,10000;       0,20361; 93,63459;50,00000;20,00000;1,08178;1
360,36700;32,11000;       0,20389; 93,62845;51,00000;20,00000;1,08167;1
360,46899;32,12000;       0,20425; 93,62472;51,00000;20,00000;1,08157;1
360,56100;32,13000;       0,20460; 93,62106;50,00000;20,00000;1,08149;1
360,66699;32,14000;       0,20445; 93,61862;50,00000;20,00000;1,08138;1
360,75500;32,15000;       0,20447; 93,61732;50,00000;20,00000;1,08130;1
360,85501;32,16000;       0,20449; 93,61602;50,00000;20,00000;1,08120;1
360,95801;32,17000;       0,20485; 93,61590;51,00000;20,00000;1,08110;1
361,05899;32,18000;       0,20521; 93,61453;49,00000;20,00000;1,08100;1
361,16699;32,19000;       0,20548; 93,61195;50,00000;20,00000;1,08090;1
361,26401;32,20000;       0,20567; 93,61068;50,00000;20,00000;1,08080;1
361,36200;32,21000;       0,20569; 93,60821;50,00000;20,00000;1,08071;1
361,46600;32,22000;       0,20571; 93,60571;49,00000;20,00000;1,08061;1
361,56100;32,23000;       0,20564; 93,60320;50,00000;20,00000;1,08052;1
361,65399;32,24000;       0,20583; 93,60190;49,00000;20,00000;1,08042;1
361,75900;32,25000;       0,20593; 93,59935;49,00000;20,00000;1,08032;1
361,86499;32,26000;       0,20612; 93,59559;51,00000;20,00000;1,08022;1
361,96500;32,27000;       0,20640; 93,59433;50,00000;20,00000;1,08012;1
362,05499;32,28000;       0,20659; 93,59186;49,00000;20,00000;1,08003;1
362,15701;32,29000;       0,20635; 93,58932;49,00000;20,00000;1,07994;1
362,26001;32,30000;       0,20628; 93,58800;50,00000;20,00000;1,07983;1
362,36600;32,31000;       0,20656; 93,58556;51,00000;20,00000;1,07973;1
362,45300;32,32000;       0,20623; 93,58308;52,00000;20,00000;1,07965;1
362,54901;32,33000;       0,20676; 93,58058;50,00000;20,00000;1,07955;1
362,65201;32,34000;       0,20747; 93,57574;50,00000;20,00000;1,07945;1
362,75400;32,35000;       0,20714; 93,57331;50,00000;20,00000;1,07935;1
362,84100;32,36000;       0,20716; 93,57079;50,00000;20,00000;1,07927;1
362,94000;32,37000;       0,20743; 93,56828;50,00000;20,00000;1,07917;1
363,04901;32,38000;       0,20771; 93,56464;49,00000;20,00000;1,07907;1
363,14401;32,39000;       0,20773; 93,56341;51,00000;20,00000;1,07897;1
363,23901;32,40000;       0,20792; 93,56091;50,00000;20,00000;1,07888;1
363,33301;32,41000;       0,20794; 93,55962;50,00000;20,00000;1,07879;1
363,43701;32,42000;       0,20813; 93,55711;50,00000;20,00000;1,07869;1
363,54099;32,43000;       0,20806; 93,55455;49,00000;20,00000;1,07858;1
363,64001;32,44000;       0,20791; 93,55320;50,00000;20,00000;1,07849;1
363,74100;32,45000;       0,20784; 93,55072;51,00000;20,00000;1,07839;1
363,83600;32,46000;       0,20812; 93,54946;50,00000;20,00000;1,07830;1
363,94699;32,47000;       0,20822; 93,54818;52,00000;20,00000;1,07819;1
364,03699;32,48000;       0,20832; 93,54568;50,00000;20,00000;1,07810;1
364,13300;32,49000;       0,20834; 93,54439;50,00000;20,00000;1,07800;1
364,23300;32,50000;       0,20819; 93,54186;50,00000;20,00000;1,07791;1
364,34500;32,51000;       0,20830; 93,54056;52,00000;20,00000;1,07780;1
364,43500;32,52000;       0,20831; 93,53813;50,00000;20,00000;1,07771;1
364,52802;32,53000;       0,20850; 93,53692;49,00000;20,00000;1,07762;1
364,62299;32,54000;       0,20852; 93,53561;50,00000;20,00000;1,07752;1
364,72101;32,55000;       0,20888; 93,53430;50,00000;20,00000;1,07743;1
364,82700;32,56000;       0,20907; 93,53304;49,00000;20,00000;1,07732;1
364,92700;32,57000;       0,20935; 93,53051;49,00000;20,00000;1,07723;1
365,02802;32,58000;       0,20971; 93,52915;49,00000;20,00000;1,07713;1
365,13101;32,59000;       0,20973; 93,52789;50,00000;20,00000;1,07702;1
365,23499;32,60000;       0,20958; 93,52665;51,00000;20,00000;1,07692;1
365,32001;32,61000;       0,20985; 93,52412;49,00000;20,00000;1,07684;1
365,43100;32,62000;       0,20979; 93,52161;49,00000;20,00000;1,07673;1
365,51901;32,63000;       0,20963; 93,52039;49,00000;20,00000;1,07664;1
365,61899;32,64000;       0,20982; 93,51797;49,00000;20,00000;1,07654;1
365,71701;32,65000;       0,20984; 93,51670;51,00000;20,00000;1,07645;1
365,81699;32,66000;       0,21021; 93,51421;51,00000;20,00000;1,07635;1
365,91299;32,67000;       0,21031; 93,51170;49,00000;20,00000;1,07625;1
366,00900;32,68000;       0,21041; 93,50672;50,00000;20,00000;1,07616;1
366,12399;32,69000;       0,21044; 93,50296;50,00000;20,00000;1,07605;1
366,22101;32,70000;       0,21054; 93,49929;50,00000;20,00000;1,07595;1
366,31201;32,71000;       0,21064; 93,49562;49,00000;20,00000;1,07586;1
366,41699;32,72000;       0,21092; 93,49193;49,00000;20,00000;1,07576;1
366,51599;32,73000;       0,21128; 93,48824;49,00000;20,00000;1,07566;1
366,61301;32,74000;       0,21130; 93,48456;50,00000;20,00000;1,07556;1
366,70901;32,75000;       0,21141; 93,48205;50,00000;20,00000;1,07547;1
366,81000;32,76000;       0,21151; 93,48074;50,00000;20,00000;1,07537;1
366,90201;32,77000;       0,21230; 93,47950;51,00000;20,00000;1,07528;1
367,00601;32,78000;       0,21241; 93,47706;50,00000;20,00000;1,07517;1
367,10999;32,79000;       0,21234; 93,47454;51,00000;20,00000;1,07507;1
367,20599;32,80000;       0,21227; 93,47201;52,00000;20,00000;1,07498;1
367,29901;32,81000;       0,21272; 93,47076;49,00000;20,00000;1,07488;1
367,40100;32,82000;       0,21266; 93,46827;50,00000;20,00000;1,07478;1
367,50400;32,83000;       0,21233; 93,46573;50,00000;20,00000;1,07468;1
367,59601;32,84000;       0,21235; 93,46205;50,00000;20,00000;1,07459;1
367,70099;32,85000;       0,21220; 93,45958;50,00000;20,00000;1,07449;1
367,80701;32,86000;       0,21222; 93,45703;49,00000;20,00000;1,07438;1
367,89801;32,87000;       0,21207; 93,45568;50,00000;20,00000;1,07429;1
368,00400;32,88000;       0,21252; 93,45443;50,00000;20,00000;1,07419;1
368,10800;32,89000;       0,21279; 93,45199;50,00000;20,00000;1,07408;1
368,19800;32,90000;       0,21307; 93,44951;49,00000;20,00000;1,07399;1
368,29300;32,91000;       0,21335; 93,44824;50,00000;20,00000;1,07390;1
368,39899;32,92000;       0,21371; 93,44576;51,00000;20,00000;1,07379;1
368,49301;32,93000;       0,21373; 93,44323;50,00000;20,00000;1,07370;1
368,59299;32,94000;       0,21392; 93,44190;52,00000;20,00000;1,07360;1
368,69101;32,95000;       0,21394; 93,43944;50,00000;20,00000;1,07350;1
368,79501;32,96000;       0,21388; 93,43699;50,00000;20,00000;1,07340;1
368,90601;32,97000;       0,21424; 93,43330;50,00000;20,00000;1,07329;1
368,98700;32,98000;       0,21434; 93,42962;51,00000;20,00000;1,07321;1
369,08600;32,99000;       0,21445; 93,42715;49,00000;20,00000;1,07311;1
369,19199;33,00000;       0,21447; 93,42345;49,00000;20,00000;1,07300;1
369,27899;33,01000;       0,21457; 93,42095;50,00000;20,00000;1,07292;1
369,38800;33,02000;       0,21485; 93,41730;50,00000;20,00000;1,07281;1
369,48001;33,03000;       0,21487; 93,41485;49,00000;20,00000;1,07272;1
369,57999;33,04000;       0,21489; 93,41232;49,00000;20,00000;1,07262;1
369,67999;33,05000;       0,21517; 93,40978;50,00000;20,00000;1,07252;1
369,78299;33,06000;       0,21528; 93,40733;51,00000;20,00000;1,07241;1
369,88199;33,07000;       0,21538; 93,40482;51,00000;20,00000;1,07231;1
369,97400;33,08000;       0,21531; 93,40227;49,00000;20,00000;1,07222;1
370,07999;33,09000;       0,21559; 93,39980;50,00000;20,00000;1,07212;1
370,18301;33,10000;       0,21570; 93,39855;50,00000;20,00000;1,07201;1
370,28601;33,11000;       0,21581; 93,39722;51,00000;20,00000;1,07191;1
370,37799;33,12000;       0,21574; 93,39590;50,00000;20,00000;1,07182;1
370,47699;33,13000;       0,21576; 93,39467;49,00000;20,00000;1,07172;1
370,57901;33,14000;       0,21595; 93,39343;49,00000;20,00000;1,07162;1
370,66699;33,15000;       0,21588; 93,39093;50,00000;20,00000;1,07153;1
370,77499;33,16000;       0,21616; 93,38964;50,00000;20,00000;1,07142;1
370,87799;33,17000;       0,21644; 93,38835;49,00000;20,00000;1,07132;1
370,97198;33,18000;       0,21663; 93,38703;49,00000;20,00000;1,07122;1
371,08401;33,19000;       0,21631; 93,38450;50,00000;20,00000;1,07111;1
371,16501;33,20000;       0,21659; 93,38329;51,00000;20,00000;1,07103;1
371,27301;33,21000;       0,21669; 93,38209;50,00000;20,00000;1,07092;1
371,35901;33,22000;       0,21637; 93,38084;49,00000;20,00000;1,07084;1
371,46899;33,23000;       0,21639; 93,37839;49,00000;20,00000;1,07073;1
371,56000;33,24000;       0,21641; 93,37712;50,00000;20,00000;1,07063;1
371,65900;33,25000;       0,21651; 93,37460;51,00000;20,00000;1,07053;1
371,74899;33,26000;       0,21679; 93,37207;50,00000;20,00000;1,07044;1
371,87000;33,27000;       0,21682; 93,36961;49,00000;20,00000;1,07032;1
371,95300;33,28000;       0,21700; 93,36835;50,00000;20,00000;1,07024;1
372,06201;33,29000;       0,21763; 93,36581;50,00000;20,00000;1,07013;1
372,16599;33,30000;       0,21791; 93,36329;50,00000;20,00000;1,07002;1
372,25800;33,31000;       0,21776; 93,36086;49,00000;20,00000;1,06993;1
372,35300;33,32000;       0,21778; 93,35961;50,00000;20,00000;1,06984;1
372,44699;33,33000;       0,21797; 93,35711;50,00000;20,00000;1,06974;1
372,54901;33,34000;       0,21816; 93,35466;50,00000;20,00000;1,06964;1
372,64499;33,35000;       0,21835; 93,35218;50,00000;20,00000;1,06954;1
372,75601;33,36000;       0,21846; 93,34963;49,00000;20,00000;1,06943;1
372,85300;33,37000;       0,21857; 93,34706;51,00000;20,00000;1,06933;1
372,95200;33,38000;       0,21850; 93,34578;51,00000;20,00000;1,06923;1
373,05301;33,39000;       0,21861; 93,34331;52,00000;20,00000;1,06913;1
373,15601;33,40000;       0,21863; 93,34080;51,00000;20,00000;1,06903;1
373,25900;33,41000;       0,21882; 93,33831;50,00000;20,00000;1,06892;1
373,35400;33,42000;       0,21910; 93,33703;50,00000;20,00000;1,06883;1
373,44800;33,43000;       0,21912; 93,33571;50,00000;20,00000;1,06873;1
373,54901;33,44000;       0,21923; 93,33439;52,00000;20,00000;1,06863;1
373,65500;33,45000;       0,21917; 93,33315;49,00000;20,00000;1,06852;1
373,74899;33,46000;       0,21910; 93,33070;50,00000;20,00000;1,06843;1
373,84799;33,47000;       0,21912; 93,32942;50,00000;20,00000;1,06833;1
373,94901;33,48000;       0,21949; 93,32331;50,00000;20,00000;1,06822;1
374,05200;33,49000;       0,21951; 93,31963;50,00000;20,00000;1,06812;1
374,14301;33,50000;       0,21978; 93,31349;51,00000;20,00000;1,06803;1
374,24500;33,51000;       0,21998; 93,30857;50,00000;20,00000;1,06793;1
374,34698;33,52000;       0,21983; 93,30374;51,00000;20,00000;1,06782;1
374,43500;33,53000;       0,21985; 93,29891;51,00000;20,00000;1,06773;1
374,53799;33,54000;       0,22004; 93,29642;49,00000;20,00000;1,06763;1
374,63400;33,55000;       0,22032; 93,29392;50,00000;20,00000;1,06753;1
374,73499;33,56000;       0,22025; 93,29269;51,00000;20,00000;1,06743;1
374,82599;33,57000;       0,22019; 93,29141;49,00000;20,00000;1,06734;1
374,92899;33,58000;       0,22029; 93,28887;49,00000;20,00000;1,06723;1
375,03299;33,59000;       0,22066; 93,28763;50,00000;20,00000;1,06713;1
375,14099;33,60000;       0,22060; 93,28517;50,00000;20,00000;1,06702;1
375,23300;33,61000;       0,22079; 93,28263;50,00000;20,00000;1,06692;1
375,32101;33,62000;       0,22064; 93,28009;50,00000;20,00000;1,06683;1
375,43600;33,63000;       0,22057; 93,27763;51,00000;20,00000;1,06672;1
375,53000;33,64000;       0,22111; 93,27518;50,00000;20,00000;1,06662;1
375,63599;33,65000;       0,22157; 93,27270;51,00000;20,00000;1,06651;1
375,72900;33,66000;       0,22176; 93,27021;51,00000;20,00000;1,06642;1
375,82700;33,67000;       0,22213; 93,26772;49,00000;20,00000;1,06632;1
375,92300;33,68000;       0,22232; 93,26519;51,00000;20,00000;1,06622;1
376,02802;33,69000;       0,22234; 93,26266;50,00000;20,00000;1,06611;1
376,12500;33,70000;       0,22210; 93,26021;52,00000;20,00000;1,06601;1
376,22900;33,71000;       0,22195; 93,25777;49,00000;20,00000;1,06591;1
376,33200;33,72000;       0,22215; 93,25530;50,00000;20,00000;1,06580;1
376,42001;33,73000;       0,22191; 93,25282;50,00000;20,00000;1,06571;1
376,52200;33,74000;       0,22193; 93,25034;50,00000;20,00000;1,06561;1
376,61700;33,75000;       0,22203; 93,24782;49,00000;20,00000;1,06551;1
376,72198;33,76000;       0,22223; 93,24530;51,00000;20,00000;1,06541;1
376,82401;33,77000;       0,22277; 93,24406;50,00000;20,00000;1,06530;1
376,91699;33,78000;       0,22288; 93,24282;52,00000;20,00000;1,06521;1
377,01300;33,79000;       0,22290; 93,24033;49,00000;20,00000;1,06511;1
377,12601;33,80000;       0,22309; 93,23905;51,00000;20,00000;1,06499;1
377,21799;33,81000;       0,22277; 93,23657;50,00000;20,00000;1,06490;1
377,31601;33,82000;       0,22314; 93,23404;51,00000;20,00000;1,06480;1
377,41000;33,83000;       0,22316; 93,22911;51,00000;20,00000;1,06470;1
377,51901;33,84000;       0,22327; 93,22547;50,00000;20,00000;1,06459;1
377,61600;33,85000;       0,22372; 93,22303;49,00000;20,00000;1,06449;1
377,70901;33,86000;       0,22383; 93,21930;50,00000;20,00000;1,06440;1
377,81100;33,87000;       0,22368; 93,21678;50,00000;20,00000;1,06429;1
377,91199;33,88000;       0,22387; 93,21433;51,00000;20,00000;1,06419;1
378,00400;33,89000;       0,22415; 93,21187;49,00000;20,00000;1,06409;1
378,11099;33,90000;       0,22435; 93,20938;50,00000;20,00000;1,06398;1
378,21100;33,91000;       0,22454; 93,20688;50,00000;20,00000;1,06388;1
378,31000;33,92000;       0,22465; 93,20561;49,00000;20,00000;1,06378;1
378,41299;33,93000;       0,22476; 93,20310;51,00000;20,00000;1,06367;1
378,50699;33,94000;       0,22461; 93,20059;50,00000;20,00000;1,06358;1
378,60501;33,95000;       0,22471; 93,19936;52,00000;20,00000;1,06348;1
378,69800;33,96000;       0,22508; 93,19814;50,00000;20,00000;1,06338;1
378,80099;33,97000;       0,22545; 93,19568;50,00000;20,00000;1,06328;1
378,90601;33,98000;       0,22521; 93,19442;50,00000;20,00000;1,06317;1
378,99899;33,99000;       0,22523; 93,19195;50,00000;20,00000;1,06307;1
379,09500;34,00000;       0,22543; 93,19064;49,00000;20,00000;1,06297;1
379,19299;34,01000;       0,22580; 93,18811;49,00000;20,00000;1,06287;1
379,29099;34,02000;       0,22625; 93,18685;50,00000;20,00000;1,06277;1
379,39999;34,03000;       0,22601; 93,18558;50,00000;20,00000;1,06266;1
379,50201;34,04000;       0,22630; 93,18306;50,00000;20,00000;1,06256;1
379,60501;34,05000;       0,22667; 93,18177;49,00000;20,00000;1,06245;1
379,70200;34,06000;       0,22651; 93,18049;51,00000;20,00000;1,06235;1
379,79599;34,07000;       0,22662; 93,17796;50,00000;20,00000;1,06225;1
379,89700;34,08000;       0,22664; 93,17544;52,00000;20,00000;1,06215;1
379,99600;34,09000;       0,22675; 93,17300;50,00000;20,00000;1,06205;1
380,09500;34,10000;       0,22686; 93,17056;50,00000;20,00000;1,06194;1
380,19601;34,11000;       0,22680; 93,16803;50,00000;20,00000;1,06184;1
380,30099;34,12000;       0,22717; 93,16188;50,00000;20,00000;1,06173;1
380,38699;34,13000;       0,22710; 93,15582;49,00000;20,00000;1,06164;1
380,49799;34,14000;       0,22712; 93,14977;50,00000;20,00000;1,06153;1
380,59100;34,15000;       0,22740; 93,14369;50,00000;20,00000;1,06143;1
380,69199;34,16000;       0,22777; 93,14002;50,00000;20,00000;1,06133;1
380,78201;34,17000;       0,22779; 93,13636;50,00000;20,00000;1,06123;1
380,88699;34,18000;       0,22756; 93,13386;49,00000;20,00000;1,06113;1
380,98401;34,19000;       0,22758; 93,13136;51,00000;20,00000;1,06103;1
381,07999;34,20000;       0,22777; 93,13134;50,00000;20,00000;1,06093;1
381,17899;34,21000;       0,22788; 93,12890;52,00000;20,00000;1,06082;1
381,28201;34,22000;       0,22817; 93,12761;49,00000;20,00000;1,06072;1
381,38000;34,23000;       0,22836; 93,12512;50,00000;20,00000;1,06062;1
381,48099;34,24000;       0,22847; 93,12383;50,00000;20,00000;1,06051;1
381,57800;34,25000;       0,22849; 93,12128;50,00000;20,00000;1,06041;1
381,68600;34,26000;       0,22895; 93,11874;49,00000;20,00000;1,06030;1
381,78000;34,27000;       0,22897; 93,11267;50,00000;20,00000;1,06020;1
381,87601;34,28000;       0,22908; 93,10902;50,00000;20,00000;1,06010;1
381,98401;34,29000;       0,22928; 93,10413;50,00000;20,00000;1,05999;1
382,08200;34,30000;       0,22904; 93,10045;50,00000;20,00000;1,05989;1
382,17801;34,31000;       0,22915; 93,09556;49,00000;20,00000;1,05979;1
382,27100;34,32000;       0,22943; 93,09184;50,00000;20,00000;1,05969;1
382,37100;34,33000;       0,22971; 93,08812;50,00000;20,00000;1,05959;1
382,47400;34,34000;       0,22991; 93,08569;51,00000;20,00000;1,05948;1
382,57800;34,35000;       0,23002; 93,08326;49,00000;20,00000;1,05937;1
382,67401;34,36000;       0,22987; 93,07955;49,00000;20,00000;1,05927;1
382,76700;34,37000;       0,23067; 93,07704;51,00000;20,00000;1,05918;1
382,87201;34,38000;       0,23070; 93,07462;50,00000;20,00000;1,05907;1
382,95901;34,39000;       0,23020; 93,07218;49,00000;20,00000;1,05898;1
383,06400;34,40000;       0,23118; 93,06849;49,00000;20,00000;1,05887;1
383,16901;34,41000;       0,23085; 93,06599;50,00000;20,00000;1,05876;1
383,25900;34,42000;       0,23096; 93,06227;50,00000;20,00000;1,05866;1
383,37000;34,43000;       0,23081; 93,06214;50,00000;20,00000;1,05855;1
383,46500;34,44000;       0,23075; 93,06081;49,00000;20,00000;1,05845;1
383,57199;34,45000;       0,23094; 93,05955;50,00000;20,00000;1,05834;1
383,66800;34,46000;       0,23158; 93,05831;51,00000;20,00000;1,05824;1
383,76599;34,47000;       0,23151; 93,05704;50,00000;20,00000;1,05814;1
383,86600;34,48000;       0,23136; 93,05577;49,00000;20,00000;1,05803;1
383,96500;34,49000;       0,23138; 93,05451;49,00000;20,00000;1,05793;1
384,06799;34,50000;       0,23158; 93,05321;49,00000;20,00000;1,05782;1
384,16000;34,51000;       0,23221; 93,05191;52,00000;20,00000;1,05773;1
384,25601;34,52000;       0,23215; 93,05067;50,00000;20,00000;1,05763;1
384,36200;34,53000;       0,23243; 93,04945;49,00000;20,00000;1,05751;1
384,46301;34,54000;       0,23237; 93,04697;49,00000;20,00000;1,05741;1
384,56400;34,55000;       0,23204; 93,04570;50,00000;20,00000;1,05730;1
384,65201;34,56000;       0,23215; 93,04444;50,00000;20,00000;1,05721;1
384,76001;34,57000;       0,23226; 93,04314;49,00000;20,00000;1,05710;1
384,85199;34,58000;       0,23246; 93,04186;49,00000;20,00000;1,05700;1
384,96100;34,59000;       0,23248; 93,03823;49,00000;20,00000;1,05689;1
385,05399;34,60000;       0,23285; 93,03702;50,00000;20,00000;1,05679;1
385,14001;34,61000;       0,23261; 93,03450;49,00000;20,00000;1,05670;1
385,25201;34,62000;       0,23281; 93,03200;49,00000;20,00000;1,05658;1
385,34500;34,63000;       0,23379; 93,03077;49,00000;20,00000;1,05649;1
385,45001;34,64000;       0,23373; 93,02833;50,00000;20,00000;1,05638;1
385,54700;34,65000;       0,23349; 93,02585;52,00000;20,00000;1,05627;1
385,64801;34,66000;       0,23351; 93,02336;50,00000;20,00000;1,05617;1
385,74701;34,67000;       0,23389; 93,02089;49,00000;20,00000;1,05606;1
385,84399;34,68000;       0,23452; 93,01837;50,00000;20,00000;1,05596;1
385,95099;34,69000;       0,23454; 93,01586;50,00000;20,00000;1,05585;1
386,03799;34,70000;       0,23457; 93,01344;49,00000;20,00000;1,05576;1
386,14099;34,71000;       0,23441; 93,00981;49,00000;20,00000;1,05565;1
386,23901;34,72000;       0,23461; 93,00493;49,00000;20,00000;1,05555;1
386,34201;34,73000;       0,23481; 92,99762;50,00000;20,00000;1,05544;1
386,43500;34,74000;       0,23527; 92,99151;50,00000;20,00000;1,05534;1
386,53201;34,75000;       0,23625; 92,98414;49,00000;20,00000;1,05524;1
386,63901;34,76000;       0,23593; 92,97919;49,00000;20,00000;1,05513;1
386,74100;34,77000;       0,23569; 92,97553;50,00000;20,00000;1,05502;1
386,83899;34,78000;       0,23598; 92,97309;52,00000;20,00000;1,05492;1
386,94101;34,79000;       0,23635; 92,97182;51,00000;20,00000;1,05481;1
387,03699;34,80000;       0,23663; 92,97055;49,00000;20,00000;1,05471;1
387,13199;34,81000;       0,23674; 92,96808;49,00000;20,00000;1,05461;1
387,23499;34,82000;       0,23703; 92,96678;50,00000;20,00000;1,05450;1
387,33499;34,83000;       0,23697; 92,96427;52,00000;20,00000;1,05439;1
387,43399;34,84000;       0,23708; 92,96185;50,00000;20,00000;1,05429;1
387,53201;34,85000;       0,23736; 92,95942;49,00000;20,00000;1,05419;1
387,62701;34,86000;       0,23739; 92,95691;50,00000;20,00000;1,05409;1
387,72900;34,87000;       0,23741; 92,95319;50,00000;20,00000;1,05398;1
387,82599;34,88000;       0,23805; 92,94956;49,00000;20,00000;1,05388;1
387,93399;34,89000;       0,23807; 92,94594;49,00000;20,00000;1,05376;1
388,02200;34,90000;       0,23792; 92,94227;49,00000;20,00000;1,05367;1
388,12500;34,91000;       0,23794; 92,93860;52,00000;20,00000;1,05356;1
388,21600;34,92000;       0,23831; 92,93493;52,00000;20,00000;1,05347;1
388,32401;34,93000;       0,23860; 92,93122;49,00000;20,00000;1,05335;1
388,41699;34,94000;       0,23871; 92,92751;50,00000;20,00000;1,05325;1
388,52100;34,95000;       0,23900; 92,92387;50,00000;20,00000;1,05314;1
388,61499;34,96000;       0,23946; 92,92143;51,00000;20,00000;1,05304;1
388,71201;34,97000;       0,23957; 92,91774;51,00000;20,00000;1,05294;1
388,82199;34,98000;       0,23977; 92,91528;49,00000;20,00000;1,05282;1
388,92001;34,99000;       0,23997; 92,91160;50,00000;20,00000;1,05272;1
389,00601;35,00000;       0,24008; 92,90908;50,00000;20,00000;1,05263;1
389,11600;35,01000;       0,24037; 92,90658;50,00000;20,00000;1,05251;1
389,21301;35,02000;       0,24048; 92,90417;49,00000;20,00000;1,05241;1
389,31100;35,03000;       0,24042; 92,90176;49,00000;20,00000;1,05231;1
389,40399;35,04000;       0,24070; 92,89808;50,00000;20,00000;1,05221;1
389,50299;35,05000;       0,24064; 92,89560;52,00000;20,00000;1,05210;1
389,60300;35,06000;       0,24075; 92,89312;50,00000;20,00000;1,05200;1
389,70901;35,07000;       0,24086; 92,89179;49,00000;20,00000;1,05188;1
389,80301;35,08000;       0,24132; 92,89045;51,00000;20,00000;1,05178;1
389,91000;35,09000;       0,24170; 92,88800;50,00000;20,00000;1,05167;1
390,01099;35,10000;       0,24173; 92,88676;52,00000;20,00000;1,05156;1
390,11301;35,11000;       0,24175; 92,88424;49,00000;20,00000;1,05146;1
390,20200;35,12000;       0,24204; 92,88294;50,00000;20,00000;1,05136;1
390,30099;35,13000;       0,24206; 92,88172;50,00000;20,00000;1,05126;1
390,41000;35,14000;       0,24217; 92,87930;50,00000;20,00000;1,05114;1
390,50699;35,15000;       0,24229; 92,87803;50,00000;20,00000;1,05104;1
390,59201;35,16000;       0,24266; 92,87676;49,00000;20,00000;1,05095;1
390,70200;35,17000;       0,24312; 92,87670;50,00000;20,00000;1,05083;1
390,80399;35,18000;       0,24315; 92,87659;50,00000;20,00000;1,05072;1
390,89700;35,19000;       0,24343; 92,87528;50,00000;20,00000;1,05062;1
391,00400;35,20000;       0,24355; 92,87405;49,00000;20,00000;1,05051;1
391,10599;35,21000;       0,24366; 92,87405;51,00000;20,00000;1,05040;1
391,19901;35,22000;       0,24412; 92,87282;49,00000;20,00000;1,05030;1
391,29599;35,23000;       0,24450; 92,87159;51,00000;20,00000;1,05020;1
391,38800;35,24000;       0,24461; 92,86796;49,00000;20,00000;1,05010;1
391,49701;35,25000;       0,24508; 92,86550;49,00000;20,00000;1,04998;1
391,57800;35,26000;       0,24536; 92,86182;49,00000;20,00000;1,04990;1
391,68399;35,27000;       0,24556; 92,85939;50,00000;20,00000;1,04978;1
391,78101;35,28000;       0,24559; 92,85694;50,00000;20,00000;1,04968;1
391,88300;35,29000;       0,24561; 92,85445;49,00000;20,00000;1,04957;1
391,98599;35,30000;       0,24581; 92,85076;49,00000;20,00000;1,04946;1
392,08899;35,31000;       0,24628; 92,84587;50,00000;20,00000;1,04935;1
392,18900;35,32000;       0,24657; 92,84216;50,00000;20,00000;1,04924;1
392,27899;35,33000;       0,24641; 92,83845;49,00000;20,00000;1,04915;1
392,37900;35,34000;       0,24653; 92,83362;49,00000;20,00000;1,04904;1
392,47800;35,35000;       0,24664; 92,82999;50,00000;20,00000;1,04893;1
392,57401;35,36000;       0,24737; 92,82748;51,00000;20,00000;1,04883;1
392,67499;35,37000;       0,24774; 92,82497;51,00000;20,00000;1,04872;1
392,77899;35,38000;       0,24751; 92,82375;49,00000;20,00000;1,04861;1
392,87299;35,39000;       0,24753; 92,82132;49,00000;20,00000;1,04851;1
392,97699;35,40000;       0,24791; 92,82007;50,00000;20,00000;1,04840;1
393,07800;35,41000;       0,24829; 92,81763;52,00000;20,00000;1,04829;1
393,17401;35,42000;       0,24866; 92,81639;50,00000;20,00000;1,04819;1
393,25699;35,43000;       0,24877; 92,81388;49,00000;20,00000;1,04810;1
393,35999;35,44000;       0,24897; 92,81137;49,00000;20,00000;1,04799;1
393,47101;35,45000;       0,24953; 92,80893;50,00000;20,00000;1,04787;1
393,56799;35,46000;       0,24991; 92,80648;49,00000;20,00000;1,04777;1
393,67801;35,47000;       0,25037; 92,80400;49,00000;20,00000;1,04765;1
393,76599;35,48000;       0,25075; 92,80152;49,00000;20,00000;1,04755;1
393,86801;35,49000;       0,25069; 92,79906;51,00000;20,00000;1,04745;1
393,96399;35,50000;       0,25124; 92,79656;50,00000;20,00000;1,04734;1
394,06100;35,51000;       0,25100; 92,79526;51,00000;20,00000;1,04724;1
394,16400;35,52000;       0,25120; 92,79282;49,00000;20,00000;1,04713;1
394,26599;35,53000;       0,25114; 92,79038;49,00000;20,00000;1,04702;1
394,35999;35,54000;       0,25143; 92,78790;51,00000;20,00000;1,04692;1
394,46600;35,55000;       0,25199; 92,78542;52,00000;20,00000;1,04680;1
394,56799;35,56000;       0,25219; 92,78295;49,00000;20,00000;1,04669;1
394,66101;35,57000;       0,25292; 92,78165;49,00000;20,00000;1,04659;1
394,75601;35,58000;       0,25321; 92,77913;50,00000;20,00000;1,04649;1
394,86200;35,59000;       0,25403; 92,77550;50,00000;20,00000;1,04638;1
394,96301;35,60000;       0,25441; 92,77307;49,00000;20,00000;1,04627;1
395,05899;35,61000;       0,25434; 92,76934;49,00000;20,00000;1,04616;1
395,15100;35,62000;       0,25437; 92,76682;49,00000;20,00000;1,04607;1
395,26401;35,63000;       0,25448; 92,76439;51,00000;20,00000;1,04594;1
395,36200;35,64000;       0,25469; 92,76075;50,00000;20,00000;1,04584;1
395,45599;35,65000;       0,25480; 92,75707;49,00000;20,00000;1,04574;1
395,55499;35,66000;       0,25518; 92,75460;49,00000;20,00000;1,04563;1
395,65100;35,67000;       0,25608; 92,75214;51,00000;20,00000;1,04553;1
395,75699;35,68000;       0,25673; 92,74963;51,00000;20,00000;1,04541;1
395,85699;35,69000;       0,25693; 92,74712;50,00000;20,00000;1,04530;1
395,95001;35,70000;       0,25722; 92,74348;49,00000;20,00000;1,04520;1
396,05301;35,71000;       0,25751; 92,74105;50,00000;20,00000;1,04509;1
396,14899;35,72000;       0,25798; 92,73859;50,00000;20,00000;1,04499;1
396,25800;35,73000;       0,25827; 92,73614;49,00000;20,00000;1,04487;1
396,34399;35,74000;       0,25918; 92,73247;49,00000;20,00000;1,04478;1
396,44800;35,75000;       0,25921; 92,73119;50,00000;20,00000;1,04467;1
396,54700;35,76000;       0,25915; 92,72869;50,00000;20,00000;1,04456;1
396,63901;35,77000;       0,26023; 92,72746;50,00000;20,00000;1,04446;1
396,74600;35,78000;       0,26017; 92,72502;49,00000;20,00000;1,04434;1
396,84100;35,79000;       0,26020; 92,72252;49,00000;20,00000;1,04424;1
396,94901;35,80000;       0,26023; 92,72003;51,00000;20,00000;1,04412;1
397,04599;35,81000;       0,26087; 92,71873;51,00000;20,00000;1,04402;1
397,14499;35,82000;       0,26116; 92,71619;49,00000;20,00000;1,04391;1
397,25601;35,83000;       0,26155; 92,71366;49,00000;20,00000;1,04379;1
397,34100;35,84000;       0,26192; 92,71122;50,00000;20,00000;1,04370;1
397,45200;35,85000;       0,26248; 92,71001;50,00000;20,00000;1,04358;1
397,54599;35,86000;       0,26295; 92,70751;49,00000;20,00000;1,04348;1
397,64899;35,87000;       0,26342; 92,70501;50,00000;20,00000;1,04337;1
397,73999;35,88000;       0,26336; 92,70380;50,00000;20,00000;1,04327;1
397,84299;35,89000;       0,26383; 92,70139;50,00000;20,00000;1,04316;1
397,93500;35,90000;       0,26412; 92,70012;50,00000;20,00000;1,04306;1
398,03400;35,91000;       0,26432; 92,69764;49,00000;20,00000;1,04295;1
398,15100;35,92000;       0,26479; 92,69517;49,00000;20,00000;1,04282;1
398,23999;35,93000;       0,26517; 92,69263;52,00000;20,00000;1,04272;1
398,33801;35,94000;       0,26626; 92,69010;50,00000;20,00000;1,04262;1
398,43701;35,95000;       0,26717; 92,68767;49,00000;20,00000;1,04251;1
398,54999;35,96000;       0,26712; 92,68404;49,00000;20,00000;1,04239;1
398,63501;35,97000;       0,26714; 92,67796;50,00000;20,00000;1,04229;1
398,74200;35,98000;       0,26726; 92,67310;51,00000;20,00000;1,04218;1
398,83600;35,99000;       0,26728; 92,66824;51,00000;20,00000;1,04208;1
398,93301;36,00000;       0,26802; 92,66212;50,00000;20,00000;1,04197;1
399,02600;36,01000;       0,26822; 92,65721;50,00000;20,00000;1,04187;1
399,13400;36,02000;       0,26887; 92,65478;50,00000;20,00000;1,04175;1
399,22900;36,03000;       0,26996; 92,65234;49,00000;20,00000;1,04165;1
399,33301;36,04000;       0,27026; 92,64986;49,00000;20,00000;1,04153;1
399,43500;36,05000;       0,27011; 92,64980;50,00000;20,00000;1,04142;1
399,53000;36,06000;       0,27075; 92,64854;52,00000;20,00000;1,04132;1
399,63000;36,07000;       0,27123; 92,64845;50,00000;20,00000;1,04121;1
399,73499;36,08000;       0,27170; 92,64715;49,00000;20,00000;1,04110;1
399,82599;36,09000;       0,27208; 92,64715;50,00000;20,00000;1,04100;1
399,92700;36,10000;       0,27237; 92,64595;51,00000;20,00000;1,04089;1
400,02701;36,11000;       0,27267; 92,64467;51,00000;20,00000;1,04078;1
400,12601;36,12000;       0,27296; 92,64338;49,00000;20,00000;1,04067;1
400,22501;36,13000;       0,27343; 92,64218;49,00000;20,00000;1,04056;1
400,31900;36,14000;       0,27470; 92,63976;50,00000;20,00000;1,04046;1
400,41400;36,15000;       0,27499; 92,63850;50,00000;20,00000;1,04036;1
400,52701;36,16000;       0,27529; 92,63604;49,00000;20,00000;1,04023;1
400,61801;36,17000;       0,27594; 92,62994;49,00000;20,00000;1,04013;1
400,72501;36,18000;       0,27748; 92,62623;52,00000;20,00000;1,04002;1
400,81400;36,19000;       0,27768; 92,62252;50,00000;20,00000;1,03992;1
400,91699;36,20000;       0,27744; 92,61888;49,00000;20,00000;1,03981;1
401,01901;36,21000;       0,27765; 92,61283;50,00000;20,00000;1,03969;1
401,11801;36,22000;       0,27848; 92,60795;51,00000;20,00000;1,03959;1
401,20901;36,23000;       0,27877; 92,60428;51,00000;20,00000;1,03949;1
401,32001;36,24000;       0,27916; 92,60062;49,00000;20,00000;1,03936;1
401,41699;36,25000;       0,28007; 92,59812;49,00000;20,00000;1,03926;1
401,51001;36,26000;       0,28081; 92,59562;50,00000;20,00000;1,03916;1
401,60699;36,27000;       0,28173; 92,59321;49,00000;20,00000;1,03905;1
401,70901;36,28000;       0,28238; 92,59080;49,00000;20,00000;1,03894;1
401,81400;36,29000;       0,28312; 92,58836;49,00000;20,00000;1,03882;1
401,90900;36,30000;       0,28386; 92,58593;51,00000;20,00000;1,03872;1
402,00699;36,31000;       0,28398; 92,58470;50,00000;20,00000;1,03861;1
402,09399;36,32000;       0,28400; 92,58222;49,00000;20,00000;1,03852;1
402,19501;36,33000;       0,28466; 92,58095;49,00000;20,00000;1,03840;1
402,29999;36,34000;       0,28504; 92,57853;50,00000;20,00000;1,03829;1
402,39801;36,35000;       0,28543; 92,57729;51,00000;20,00000;1,03818;1
402,49600;36,36000;       0,28626; 92,57476;49,00000;20,00000;1,03807;1
402,60199;36,37000;       0,28682; 92,57222;49,00000;20,00000;1,03796;1
402,70001;36,38000;       0,28765; 92,57099;50,00000;20,00000;1,03785;1
402,80701;36,39000;       0,28830; 92,56977;50,00000;20,00000;1,03773;1
402,89999;36,40000;       0,28869; 92,56851;49,00000;20,00000;1,03763;1
402,99600;36,41000;       0,28925; 92,56724;49,00000;20,00000;1,03752;1
403,09500;36,42000;       0,29017; 92,56598;51,00000;20,00000;1,03742;1
403,20499;36,43000;       0,29163; 92,56468;50,00000;20,00000;1,03729;1
403,29999;36,44000;       0,29183; 92,56338;52,00000;20,00000;1,03719;1
403,39899;36,45000;       0,29213; 92,55976;49,00000;20,00000;1,03708;1
403,49799;36,46000;       0,29225; 92,55615;49,00000;20,00000;1,03697;1
403,59100;36,47000;       0,29317; 92,55372;52,00000;20,00000;1,03687;1
403,69299;36,48000;       0,29364; 92,55128;50,00000;20,00000;1,03676;1
403,78799;36,49000;       0,29385; 92,54884;49,00000;20,00000;1,03665;1
403,89001;36,50000;       0,29460; 92,54636;50,00000;20,00000;1,03654;1
403,98401;36,51000;       0,29569; 92,54388;50,00000;20,00000;1,03644;1
404,08499;36,52000;       0,29644; 92,54147;49,00000;20,00000;1,03632;1
404,18100;36,53000;       0,29780; 92,53905;49,00000;20,00000;1,03622;1
404,28601;36,54000;       0,29846; 92,53297;50,00000;20,00000;1,03610;1
404,38199;36,55000;       0,29902; 92,52809;51,00000;20,00000;1,03600;1
404,48001;36,56000;       0,29985; 92,52320;49,00000;20,00000;1,03589;1
404,57901;36,57000;       0,30086; 92,51707;49,00000;20,00000;1,03578;1
404,68100;36,58000;       0,30170; 92,51214;49,00000;20,00000;1,03567;1
404,78201;36,59000;       0,30253; 92,50851;51,00000;20,00000;1,03555;1
404,88101;36,60000;       0,30256; 92,50608;51,00000;20,00000;1,03545;1
404,97101;36,61000;       0,30322; 92,50355;49,00000;20,00000;1,03535;1
405,08499;36,62000;       0,30388; 92,50224;49,00000;20,00000;1,03522;1
405,18301;36,63000;       0,30480; 92,50103;50,00000;20,00000;1,03511;1
405,27701;36,64000;       0,30608; 92,49860;50,00000;20,00000;1,03501;1
405,37601;36,65000;       0,30736; 92,49612;49,00000;20,00000;1,03490;1
405,48099;36,66000;       0,30802; 92,49365;49,00000;20,00000;1,03478;1
405,57901;36,67000;       0,30903; 92,49118;50,00000;20,00000;1,03467;1
405,67899;36,68000;       0,30960; 92,48866;50,00000;20,00000;1,03456;1
405,77701;36,69000;       0,30998; 92,48614;49,00000;20,00000;1,03445;1
405,88101;36,70000;       0,31100; 92,48370;49,00000;20,00000;1,03434;1
405,97699;36,71000;       0,31192; 92,48127;50,00000;20,00000;1,03423;1
406,08301;36,72000;       0,31267; 92,47880;51,00000;20,00000;1,03411;1
406,17801;36,73000;       0,31297; 92,47755;50,00000;20,00000;1,03401;1
406,27899;36,74000;       0,31434; 92,47630;49,00000;20,00000;1,03390;1
406,37799;36,75000;       0,31563; 92,47501;50,00000;20,00000;1,03379;1
406,47299;36,76000;       0,31646; 92,47372;50,00000;20,00000;1,03368;1
406,57700;36,77000;       0,31757; 92,47250;50,00000;20,00000;1,03357;1
406,67200;36,78000;       0,31885; 92,47128;49,00000;20,00000;1,03346;1
406,77499;36,79000;       0,31897; 92,46760;49,00000;20,00000;1,03335;1
406,87900;36,80000;       0,31981; 92,46272;50,00000;20,00000;1,03323;1
406,97501;36,81000;       0,32083; 92,46026;50,00000;20,00000;1,03312;1
407,07800;36,82000;       0,32202; 92,45656;49,00000;20,00000;1,03301;1
407,17099;36,83000;       0,32357; 92,45286;49,00000;20,00000;1,03291;1
407,26801;36,84000;       0,32423; 92,45044;49,00000;20,00000;1,03280;1
407,37100;36,85000;       0,32489; 92,44802;51,00000;20,00000;1,03268;1
407,46899;36,86000;       0,32573; 92,44551;50,00000;20,00000;1,03258;1
407,56601;36,87000;       0,32692; 92,44421;49,00000;20,00000;1,03247;1
407,67401;36,88000;       0,32794; 92,44179;50,00000;20,00000;1,03235;1
407,77200;36,89000;       0,32905; 92,43937;50,00000;20,00000;1,03224;1
407,87000;36,90000;       0,32998; 92,43570;49,00000;20,00000;1,03213;1
407,96399;36,91000;       0,33108; 92,43323;50,00000;20,00000;1,03202;1
408,06400;36,92000;       0,33157; 92,42957;49,00000;20,00000;1,03191;1
408,17099;36,93000;       0,33294; 92,42707;49,00000;20,00000;1,03179;1
408,26801;36,94000;       0,33423; 92,42456;50,00000;20,00000;1,03169;1
408,36600;36,95000;       0,33543; 92,42214;49,00000;20,00000;1,03158;1
408,45999;36,96000;       0,33645; 92,41972;49,00000;20,00000;1,03147;1
408,56799;36,97000;       0,33765; 92,41727;49,00000;20,00000;1,03135;1
408,66501;36,98000;       0,33929; 92,41482;51,00000;20,00000;1,03124;1
408,76401;36,99000;       0,33986; 92,41237;50,00000;20,00000;1,03113;1
408,85999;37,00000;       0,34053; 92,40988;49,00000;20,00000;1,03102;1
408,95999;37,01000;       0,34181; 92,40738;50,00000;20,00000;1,03091;1
409,05600;37,02000;       0,34373; 92,40496;50,00000;20,00000;1,03081;1
409,15799;37,03000;       0,34475; 92,40254;51,00000;20,00000;1,03069;1
409,25900;37,04000;       0,34577; 92,40007;49,00000;20,00000;1,03058;1
409,36200;37,05000;       0,34724; 92,39883;49,00000;20,00000;1,03046;1
409,46399;37,06000;       0,34862; 92,39759;49,00000;20,00000;1,03035;1
409,55399;37,07000;       0,34955; 92,39631;50,00000;20,00000;1,03025;1
409,65201;37,08000;       0,35066; 92,39624;49,00000;20,00000;1,03014;1
409,75299;37,09000;       0,35178; 92,39625;49,00000;20,00000;1,03003;1
409,85001;37,10000;       0,35307; 92,39504;49,00000;20,00000;1,02992;1
409,95300;37,11000;       0,35409; 92,39496;51,00000;20,00000;1,02980;1
410,05600;37,12000;       0,35592; 92,39365;50,00000;20,00000;1,02969;1
410,14401;37,13000;       0,35784; 92,39122;49,00000;20,00000;1,02959;1
410,25500;37,14000;       0,35886; 92,39000;49,00000;20,00000;1,02946;1
410,35400;37,15000;       0,35980; 92,38754;50,00000;20,00000;1,02935;1
410,45901;37,16000;       0,36020; 92,38630;51,00000;20,00000;1,02924;1
410,55099;37,17000;       0,36131; 92,38385;49,00000;20,00000;1,02913;1
410,64401;37,18000;       0,36287; 92,38137;49,00000;20,00000;1,02903;1
410,74600;37,19000;       0,36461; 92,38009;50,00000;20,00000;1,02891;1
410,84698;37,20000;       0,36627; 92,37769;50,00000;20,00000;1,02880;1
410,94699;37,21000;       0,36783; 92,37286;49,00000;20,00000;1,02869;1
411,04501;37,22000;       0,36885; 92,36920;49,00000;20,00000;1,02858;1
411,14301;37,23000;       0,37015; 92,36554;49,00000;20,00000;1,02847;1
411,24799;37,24000;       0,37172; 92,36189;51,00000;20,00000;1,02835;1
411,33701;37,25000;       0,37337; 92,35818;50,00000;20,00000;1,02825;1
411,44101;37,26000;       0,37439; 92,35447;49,00000;20,00000;1,02813;1
411,53601;37,27000;       0,37542; 92,34963;49,00000;20,00000;1,02803;1
411,64200;37,28000;       0,37744; 92,34479;49,00000;20,00000;1,02791;1
411,74799;37,29000;       0,37936; 92,34112;52,00000;20,00000;1,02779;1
411,84000;37,30000;       0,38102; 92,33624;50,00000;20,00000;1,02768;1
411,93799;37,31000;       0,38231; 92,33258;49,00000;20,00000;1,02757;1
412,03799;37,32000;       0,38361; 92,32889;50,00000;20,00000;1,02746;1
412,14301;37,33000;       0,38464; 92,32398;50,00000;20,00000;1,02734;1
412,23499;37,34000;       0,38594; 92,32157;50,00000;20,00000;1,02724;1
412,32999;37,35000;       0,38724; 92,31794;49,00000;20,00000;1,02713;1
412,43301;37,36000;       0,38863; 92,31544;49,00000;20,00000;1,02702;1
412,53699;37,37000;       0,39029; 92,30931;50,00000;20,00000;1,02690;1
412,64001;37,38000;       0,39159; 92,30449;50,00000;20,00000;1,02678;1
412,73901;37,39000;       0,39262; 92,29967;49,00000;20,00000;1,02667;1
412,82599;37,40000;       0,39481; 92,29481;49,00000;20,00000;1,02657;1
412,93399;37,41000;       0,39656; 92,29116;50,00000;20,00000;1,02645;1
413,02600;37,42000;       0,39822; 92,28752;52,00000;20,00000;1,02635;1
413,12799;37,43000;       0,39925; 92,28503;50,00000;20,00000;1,02623;1
413,22800;37,44000;       0,40083; 92,28134;49,00000;20,00000;1,02612;1
413,32401;37,45000;       0,40249; 92,27771;49,00000;20,00000;1,02601;1
413,42001;37,46000;       0,40406; 92,27530;50,00000;20,00000;1,02590;1
413,53400;37,47000;       0,40555; 92,27164;49,00000;20,00000;1,02577;1
413,62299;37,48000;       0,40738; 92,26797;49,00000;20,00000;1,02567;1
413,72101;37,49000;       0,40896; 92,26430;49,00000;20,00000;1,02556;1
413,82401;37,50000;       0,41116; 92,26060;50,00000;20,00000;1,02545;1
413,92200;37,51000;       0,41327; 92,25689;50,00000;20,00000;1,02534;1
414,02701;37,52000;       0,41404; 92,25328;50,00000;20,00000;1,02522;1
414,11700;37,53000;       0,41579; 92,24965;49,00000;20,00000;1,02512;1
414,22198;37,54000;       0,41782; 92,24600;50,00000;20,00000;1,02500;1
414,32001;37,55000;       0,41921; 92,24354;51,00000;20,00000;1,02489;1
414,41501;37,56000;       0,42078; 92,24109;51,00000;20,00000;1,02478;1
414,52100;37,57000;       0,42272; 92,23980;49,00000;20,00000;1,02466;1
414,62000;37,58000;       0,42412; 92,23851;49,00000;20,00000;1,02455;1
414,71201;37,59000;       0,42677; 92,23729;50,00000;20,00000;1,02444;1
414,81601;37,60000;       0,42763; 92,23727;51,00000;20,00000;1,02432;1
414,92001;37,61000;       0,42894; 92,23596;51,00000;20,00000;1,02421;1
415,01599;37,62000;       0,43052; 92,23586;49,00000;20,00000;1,02410;1
415,12799;37,63000;       0,43255; 92,23585;50,00000;20,00000;1,02397;1
415,22000;37,64000;       0,43467; 92,23585;50,00000;20,00000;1,02387;1
415,31900;37,65000;       0,43625; 92,23582;50,00000;20,00000;1,02375;1
415,41800;37,66000;       0,43773; 92,23579;49,00000;20,00000;1,02364;1
415,51099;37,67000;       0,43931; 92,23334;51,00000;20,00000;1,02354;1
415,62201;37,68000;       0,44108; 92,23207;50,00000;20,00000;1,02341;1
415,71399;37,69000;       0,44274; 92,22959;52,00000;20,00000;1,02331;1
415,81100;37,70000;       0,44450; 92,22839;51,00000;20,00000;1,02320;1
415,91299;37,71000;       0,44609; 92,22599;49,00000;20,00000;1,02308;1
416,01199;37,72000;       0,44794; 92,22476;51,00000;20,00000;1,02297;1
416,10599;37,73000;       0,44970; 92,22352;50,00000;20,00000;1,02286;1
416,20999;37,74000;       0,45128; 92,22107;51,00000;20,00000;1,02274;1
416,31000;37,75000;       0,45268; 92,21978;51,00000;20,00000;1,02263;1
416,40302;37,76000;       0,45417; 92,21365;50,00000;20,00000;1,02252;1
416,51199;37,77000;       0,45594; 92,21003;50,00000;20,00000;1,02240;1
416,60501;37,78000;       0,45779; 92,20640;50,00000;20,00000;1,02229;1
416,71301;37,79000;       0,45929; 92,20275;50,00000;20,00000;1,02217;1
416,80499;37,80000;       0,46105; 92,19909;49,00000;20,00000;1,02207;1
416,90500;37,81000;       0,46246; 92,19665;51,00000;20,00000;1,02195;1
417,00299;37,82000;       0,46413; 92,19296;50,00000;20,00000;1,02184;1
417,10001;37,83000;       0,46599; 92,18806;51,00000;20,00000;1,02173;1
417,20801;37,84000;       0,46794; 92,18324;49,00000;20,00000;1,02161;1
417,29599;37,85000;       0,46943; 92,17962;49,00000;20,00000;1,02151;1
417,39899;37,86000;       0,47102; 92,17592;51,00000;20,00000;1,02139;1
417,50201;37,87000;       0,47269; 92,17101;50,00000;20,00000;1,02127;1
417,60001;37,88000;       0,47437; 92,16739;49,00000;20,00000;1,02116;1
417,69299;37,89000;       0,47587; 92,16376;49,00000;20,00000;1,02105;1
417,80099;37,90000;       0,47746; 92,16009;50,00000;20,00000;1,02093;1
417,89801;37,91000;       0,47896; 92,15642;50,00000;20,00000;1,02082;1
417,99899;37,92000;       0,48009; 92,15275;50,00000;20,00000;1,02070;1
418,09900;37,93000;       0,48186; 92,15026;50,00000;20,00000;1,02059;1
418,20499;37,94000;       0,48328; 92,14656;51,00000;20,00000;1,02047;1
418,29199;37,95000;       0,48450; 92,14417;50,00000;20,00000;1,02037;1
418,39301;37,96000;       0,48537; 92,14179;50,00000;20,00000;1,02025;1
418,49301;37,97000;       0,48705; 92,13815;49,00000;20,00000;1,02014;1
418,58499;37,98000;       0,48863; 92,13571;49,00000;20,00000;1,02003;1
418,69299;37,99000;       0,49014; 92,13328;50,00000;20,00000;1,01991;1
418,78699;38,00000;       0,49173; 92,12959;51,00000;20,00000;1,01980;1
418,88901;38,01000;       0,49341; 92,12591;49,00000;20,00000;1,01969;1
418,98599;38,02000;       0,49491; 92,12351;49,00000;20,00000;1,01958;1
419,07901;38,03000;       0,49542; 92,11749;50,00000;20,00000;1,01947;1
419,17801;38,04000;       0,49656; 92,11142;50,00000;20,00000;1,01936;1
419,28601;38,05000;       0,49806; 92,10534;50,00000;20,00000;1,01923;1
419,37201;38,06000;       0,49974; 92,09925;49,00000;20,00000;1,01913;1
419,48901;38,07000;       0,50125; 92,09434;49,00000;20,00000;1,01900;1
419,58600;38,08000;       0,50239; 92,09064;50,00000;20,00000;1,01889;1
419,67801;38,09000;       0,50417; 92,08702;50,00000;20,00000;1,01878;1
419,77600;38,10000;       0,50540; 92,08462;49,00000;20,00000;1,01867;1
419,87799;38,11000;       0,50654; 92,08093;49,00000;20,00000;1,01855;1
419,97699;38,12000;       0,50750; 92,07725;50,00000;20,00000;1,01844;1
420,07599;38,13000;       0,50783; 92,07364;50,00000;20,00000;1,01833;1
420,17499;38,14000;       0,50907; 92,06882;49,00000;20,00000;1,01821;1
420,26501;38,15000;       0,51030; 92,06637;49,00000;20,00000;1,01811;1
420,37799;38,16000;       0,51217; 92,06273;50,00000;20,00000;1,01798;1
420,47501;38,17000;       0,51250; 92,05907;50,00000;20,00000;1,01787;1
420,56601;38,18000;       0,51319; 92,05536;50,00000;20,00000;1,01776;1
420,66901;38,19000;       0,51470; 92,05166;49,00000;20,00000;1,01765;1
420,76901;38,20000;       0,51575; 92,04562;49,00000;20,00000;1,01753;1
420,87399;38,21000;       0,51663; 92,04199;50,00000;20,00000;1,01741;1
420,96799;38,22000;       0,51768; 92,03951;50,00000;20,00000;1,01730;1
421,06799;38,23000;       0,51873; 92,03462;49,00000;20,00000;1,01719;1
421,17001;38,24000;       0,51961; 92,03094;49,00000;20,00000;1,01707;1
421,27899;38,25000;       0,52031; 92,02722;50,00000;20,00000;1,01694;1
421,37900;38,26000;       0,52118; 92,02472;51,00000;20,00000;1,01683;1
421,46899;38,27000;       0,52205; 92,02110;49,00000;20,00000;1,01673;1
421,56699;38,28000;       0,52293; 92,01869;49,00000;20,00000;1,01661;1
421,67300;38,29000;       0,52326; 92,01625;50,00000;20,00000;1,01649;1
421,76999;38,30000;       0,52350; 92,01380;51,00000;20,00000;1,01638;1
421,86700;38,31000;       0,52401; 92,01014;51,00000;20,00000;1,01627;1
421,97299;38,32000;       0,52462; 92,00765;49,00000;20,00000;1,01615;1
422,06799;38,33000;       0,52549; 92,00516;49,00000;20,00000;1,01604;1
422,16400;38,34000;       0,52655; 92,00154;50,00000;20,00000;1,01593;1
422,27100;38,35000;       0,52743; 91,99915;50,00000;20,00000;1,01580;1
422,37000;38,36000;       0,52776; 91,99667;49,00000;20,00000;1,01569;1
422,46201;38,37000;       0,52863; 91,99299;49,00000;20,00000;1,01558;1
422,56299;38,38000;       0,52842; 91,99059;50,00000;20,00000;1,01547;1
422,65799;38,39000;       0,52930; 91,98214;51,00000;20,00000;1,01536;1
422,76300;38,40000;       0,52945; 91,97487;50,00000;20,00000;1,01523;1
422,86301;38,41000;       0,52978; 91,96759;49,00000;20,00000;1,01512;1
422,95999;38,42000;       0,53039; 91,96151;49,00000;20,00000;1,01501;1
423,05399;38,43000;       0,53035; 91,95781;50,00000;20,00000;1,01490;1
423,16101;38,44000;       0,53051; 91,95410;52,00000;20,00000;1,01477;1
423,26199;38,45000;       0,53148; 91,95291;50,00000;20,00000;1,01466;1
423,35699;38,46000;       0,53081; 91,95170;49,00000;20,00000;1,01455;1
423,45901;38,47000;       0,53105; 91,95046;49,00000;20,00000;1,01443;1
423,55600;38,48000;       0,53147; 91,94801;50,00000;20,00000;1,01432;1
423,66000;38,49000;       0,53126; 91,94556;49,00000;20,00000;1,01420;1
423,75900;38,50000;       0,53105; 91,94308;49,00000;20,00000;1,01408;1
423,85699;38,51000;       0,53111; 91,93939;49,00000;20,00000;1,01397;1
423,95499;38,52000;       0,53108; 91,93700;51,00000;20,00000;1,01386;1
424,05399;38,53000;       0,53123; 91,93461;50,00000;20,00000;1,01374;1
424,14801;38,54000;       0,53138; 91,93096;49,00000;20,00000;1,01363;1
424,25101;38,55000;       0,53153; 91,92852;49,00000;20,00000;1,01351;1
424,34698;38,56000;       0,53150; 91,92607;49,00000;20,00000;1,01340;1
424,45001;38,57000;       0,53138; 91,92357;50,00000;20,00000;1,01328;1
424,55499;38,58000;       0,53153; 91,91987;52,00000;20,00000;1,01316;1
424,64999;38,59000;       0,53159; 91,91746;50,00000;20,00000;1,01305;1
424,74500;38,60000;       0,53147; 91,91143;49,00000;20,00000;1,01294;1
424,84900;38,61000;       0,53098; 91,90895;50,00000;20,00000;1,01282;1
424,94901;38,62000;       0,53086; 91,90527;50,00000;20,00000;1,01270;1
425,05200;38,63000;       0,53065; 91,90167;50,00000;20,00000;1,01258;1
425,14200;38,64000;       0,53007; 91,89929;49,00000;20,00000;1,01248;1
425,23901;38,65000;       0,52976; 91,89684;50,00000;20,00000;1,01237;1
425,33200;38,66000;       0,52955; 91,89440;50,00000;20,00000;1,01226;1
425,44501;38,67000;       0,52916; 91,89196;50,00000;20,00000;1,01213;1
425,54901;38,68000;       0,52822; 91,88948;50,00000;20,00000;1,01201;1
425,63800;38,69000;       0,52782; 91,88578;49,00000;20,00000;1,01190;1
425,73700;38,70000;       0,52752; 91,88338;50,00000;20,00000;1,01179;1
425,83899;38,71000;       0,52685; 91,88099;51,00000;20,00000;1,01167;1
425,93500;38,72000;       0,52590; 91,87736;52,00000;20,00000;1,01156;1
426,03799;38,73000;       0,52578; 91,87373;49,00000;20,00000;1,01144;1
426,13199;38,74000;       0,52557; 91,87010;50,00000;20,00000;1,01133;1
426,22699;38,75000;       0,52526; 91,86762;50,00000;20,00000;1,01122;1
426,32700;38,76000;       0,52432; 91,86394;50,00000;20,00000;1,01110;1
426,43201;38,77000;       0,52383; 91,86154;49,00000;20,00000;1,01098;1
426,52899;38,78000;       0,52344; 91,86034;49,00000;20,00000;1,01087;1
426,62299;38,79000;       0,52285; 91,85910;50,00000;20,00000;1,01076;1
426,73199;38,80000;       0,52246; 91,85908;50,00000;20,00000;1,01063;1
426,82800;38,81000;       0,52152; 91,85786;50,00000;20,00000;1,01052;1
426,92700;38,82000;       0,52103; 91,85782;49,00000;20,00000;1,01040;1
427,02600;38,83000;       0,51999; 91,85657;51,00000;20,00000;1,01029;1
427,12201;38,84000;       0,51877; 91,85541;50,00000;20,00000;1,01018;1
427,20999;38,85000;       0,51810; 91,85423;52,00000;20,00000;1,01007;1
427,31500;38,86000;       0,51752; 91,85176;51,00000;20,00000;1,00995;1
427,41000;38,87000;       0,51685; 91,84807;49,00000;20,00000;1,00984;1
427,51599;38,88000;       0,51572; 91,84567;50,00000;20,00000;1,00972;1
427,62100;38,89000;       0,51469; 91,84326;50,00000;20,00000;1,00960;1
427,71500;38,90000;       0,51447; 91,83719;49,00000;20,00000;1,00949;1
427,81699;38,91000;       0,51362; 91,83114;49,00000;20,00000;1,00937;1
427,91101;38,92000;       0,51258; 91,82510;50,00000;20,00000;1,00926;1
428,01901;38,93000;       0,51182; 91,81903;50,00000;20,00000;1,00913;1
428,09500;38,94000;       0,51104; 91,81416;50,00000;20,00000;1,00904;1
428,20200;38,95000;       0,51001; 91,81056;50,00000;20,00000;1,00892;1
428,31299;38,96000;       0,50916; 91,80816;51,00000;20,00000;1,00879;1
428,39999;38,97000;       0,50803; 91,80449;50,00000;20,00000;1,00869;1
428,50201;38,98000;       0,50671; 91,80083;52,00000;20,00000;1,00857;1
428,60501;38,99000;       0,50586; 91,79838;49,00000;20,00000;1,00845;1
428,70599;39,00000;       0,50528; 91,79469;49,00000;20,00000;1,00833;1
428,80801;39,01000;       0,50461; 91,79099;51,00000;20,00000;1,00821;1
428,89801;39,02000;       0,50356; 91,78739;51,00000;20,00000;1,00810;1
429,00299;39,03000;       0,50253; 91,78499;49,00000;20,00000;1,00798;1
429,09100;39,04000;       0,50148; 91,78254;49,00000;20,00000;1,00788;1
429,20499;39,05000;       0,50054; 91,78009;50,00000;20,00000;1,00774;1
429,30301;39,06000;       0,49968; 91,77644;50,00000;20,00000;1,00763;1
429,40201;39,07000;       0,49855; 91,77275;50,00000;20,00000;1,00751;1
429,49500;39,08000;       0,49769; 91,76664;49,00000;20,00000;1,00740;1
429,59698;39,09000;       0,49738; 91,76305;50,00000;20,00000;1,00728;1
429,70099;39,10000;       0,49671; 91,75825;51,00000;20,00000;1,00716;1
429,79001;39,11000;       0,49520; 91,75457;50,00000;20,00000;1,00706;1
429,89499;39,12000;       0,49389; 91,75210;49,00000;20,00000;1,00693;1
429,98700;39,13000;       0,49349; 91,74971;49,00000;20,00000;1,00683;1
430,09399;39,14000;       0,49263; 91,74612;51,00000;20,00000;1,00670;1
430,18399;39,15000;       0,49039; 91,74368;50,00000;20,00000;1,00660;1
430,29300;39,16000;       0,48972; 91,74004;52,00000;20,00000;1,00647;1
430,38300;39,17000;       0,48877; 91,73760;49,00000;20,00000;1,00636;1
430,48499;39,18000;       0,48736; 91,73390;50,00000;20,00000;1,00624;1
430,58801;39,19000;       0,48632; 91,73142;50,00000;20,00000;1,00612;1
430,68900;39,20000;       0,48610; 91,72904;50,00000;20,00000;1,00600;1
430,78400;39,21000;       0,48515; 91,72665;49,00000;20,00000;1,00589;1
430,87701;39,22000;       0,48300; 91,72421;49,00000;20,00000;1,00578;1
430,98001;39,23000;       0,48223; 91,72178;50,00000;20,00000;1,00566;1
431,08301;39,24000;       0,48238; 91,71935;49,00000;20,00000;1,00554;1
431,18100;39,25000;       0,48070; 91,71446;49,00000;20,00000;1,00542;1
431,27600;39,26000;       0,47965; 91,71199;49,00000;20,00000;1,00531;1
431,37701;39,27000;       0,47879; 91,70840;51,00000;20,00000;1,00519;1
431,47699;39,28000;       0,47848; 91,70481;50,00000;20,00000;1,00508;1
431,57401;39,29000;       0,47697; 91,70239;52,00000;20,00000;1,00496;1
431,66599;39,30000;       0,47565; 91,69754;50,00000;20,00000;1,00485;1
431,76801;39,31000;       0,47442; 91,69270;50,00000;20,00000;1,00473;1
431,87100;39,32000;       0,47337; 91,68783;50,00000;20,00000;1,00461;1
431,97400;39,33000;       0,47233; 91,68294;49,00000;20,00000;1,00449;1
432,05899;39,34000;       0,47109; 91,67814;49,00000;20,00000;1,00439;1
432,16400;39,35000;       0,47023; 91,67575;50,00000;20,00000;1,00427;1
432,25201;39,36000;       0,46955; 91,67326;50,00000;20,00000;1,00416;1
432,36700;39,37000;       0,46869; 91,67198;50,00000;20,00000;1,00403;1
432,45901;39,38000;       0,46746; 91,66959;49,00000;20,00000;1,00392;1
432,57300;39,39000;       0,46633; 91,66721;50,00000;20,00000;1,00378;1
432,65799;39,40000;       0,46490; 91,66357;50,00000;20,00000;1,00368;1
432,75900;39,41000;       0,46385; 91,66116;51,00000;20,00000;1,00357;1
432,85699;39,42000;       0,46317; 91,65874;49,00000;20,00000;1,00345;1
432,95001;39,43000;       0,46212; 91,65507;50,00000;20,00000;1,00334;1
433,05099;39,44000;       0,46098; 91,65259;50,00000;20,00000;1,00322;1
433,15399;39,45000;       0,45975; 91,64898;50,00000;20,00000;1,00310;1
433,24799;39,46000;       0,45888; 91,64656;49,00000;20,00000;1,00299;1
433,35400;39,47000;       0,45784; 91,64411;50,00000;20,00000;1,00286;1
433,45901;39,48000;       0,45697; 91,64045;50,00000;20,00000;1,00274;1
433,55600;39,49000;       0,45611; 91,63801;50,00000;20,00000;1,00262;1
433,65399;39,50000;       0,45542; 91,63433;49,00000;20,00000;1,00251;1
433,75500;39,51000;       0,45419; 91,63186;49,00000;20,00000;1,00239;1
433,84000;39,52000;       0,45378; 91,62828;51,00000;20,00000;1,00229;1
433,95200;39,53000;       0,45236; 91,62590;50,00000;20,00000;1,00216;1
434,04401;39,54000;       0,45112; 91,62467;52,00000;20,00000;1,00205;1
434,14099;39,55000;       0,45007; 91,62343;49,00000;20,00000;1,00193;1
434,24500;39,56000;       0,44911; 91,62220;50,00000;20,00000;1,00181;1
434,34900;39,57000;       0,44834; 91,62213;51,00000;20,00000;1,00169;1
434,44101;39,58000;       0,44756; 91,62086;50,00000;20,00000;1,00158;1
434,55200;39,59000;       0,44661; 91,62088;49,00000;20,00000;1,00145;1
434,63800;39,60000;       0,44555; 91,62091;50,00000;20,00000;1,00134;1
434,74100;39,61000;       0,44477; 91,62086;50,00000;20,00000;1,00122;1
434,83899;39,62000;       0,44473; 91,62082;50,00000;20,00000;1,00111;1
434,94400;39,63000;       0,44322; 91,62085;50,00000;20,00000;1,00098;1
435,03101;39,64000;       0,44198; 91,61967;49,00000;20,00000;1,00088;1
435,13000;39,65000;       0,44093; 91,61964;51,00000;20,00000;1,00076;1
435,23801;39,66000;       0,44043; 91,61479;50,00000;20,00000;1,00063;1
435,33701;39,67000;       0,44030; 91,60994;51,00000;20,00000;1,00051;1
435,43799;39,68000;       0,43887; 91,60505;49,00000;20,00000;1,00039;1
435,52701;39,69000;       0,43754; 91,60015;49,00000;20,00000;1,00029;1
435,63300;39,70000;       0,43667; 91,59656;51,00000;20,00000;1,00016;1
435,73099;39,71000;       0,43598; 91,59296;50,00000;20,00000;1,00005;1
435,83301;39,72000;       0,43475; 91,58813;49,00000;20,00000;0,99993;1
435,92700;39,73000;       0,43415; 91,58571;49,00000;20,00000;0,99981;1
436,02499;39,74000;       0,43309; 91,58208;50,00000;20,00000;0,99970;1
436,12399;39,75000;       0,43204; 91,57841;50,00000;20,00000;0,99958;1
436,22000;39,76000;       0,43098; 91,57473;50,00000;20,00000;0,99947;1
436,32101;39,77000;       0,43029; 91,57115;49,00000;20,00000;0,99935;1
436,42899;39,78000;       0,42915; 91,56877;51,00000;20,00000;0,99922;1
436,51099;39,79000;       0,42855; 91,56514;51,00000;20,00000;0,99912;1
436,61801;39,80000;       0,42805; 91,56028;49,00000;20,00000;0,99899;1
436,70999;39,81000;       0,42717; 91,55542;49,00000;20,00000;0,99888;1
436,81699;39,82000;       0,42704; 91,55173;49,00000;20,00000;0,99876;1
436,91901;39,83000;       0,42645; 91,54561;50,00000;20,00000;0,99863;1
437,01599;39,84000;       0,42529; 91,53838;51,00000;20,00000;0,99852;1
437,12299;39,85000;       0,42452; 91,53236;49,00000;20,00000;0,99839;1
437,20700;39,86000;       0,42327; 91,52625;49,00000;20,00000;0,99829;1
437,30801;39,87000;       0,42203; 91,52135;50,00000;20,00000;0,99817;1
437,42300;39,88000;       0,42134; 91,51776;50,00000;20,00000;0,99803;1
437,51001;39,89000;       0,42065; 91,51658;50,00000;20,00000;0,99793;1
437,61600;39,90000;       0,41978; 91,51417;49,00000;20,00000;0,99780;1
437,71100;39,91000;       0,41973; 91,51296;49,00000;20,00000;0,99769;1
437,80399;39,92000;       0,41876; 91,51055;50,00000;20,00000;0,99758;1
437,90500;39,93000;       0,41780; 91,50810;50,00000;20,00000;0,99746;1
438,00101;39,94000;       0,41748; 91,50563;49,00000;20,00000;0,99734;1
438,10101;39,95000;       0,41716; 91,50203;49,00000;20,00000;0,99723;1
438,19901;39,96000;       0,41609; 91,49964;49,00000;20,00000;0,99711;1
438,30899;39,97000;       0,41476; 91,49600;52,00000;20,00000;0,99698;1
438,40100;39,98000;       0,41361; 91,49115;50,00000;20,00000;0,99687;1
438,50299;39,99000;       0,41412; 91,48751;49,00000;20,00000;0,99675;1
438,59299;40,00000;       0,41361; 91,48504;49,00000;20,00000;0,99664;1
438,70001;40,01000;       0,41292; 91,48136;50,00000;20,00000;0,99651;1
438,79300;40,02000;       0,41204; 91,47533;50,00000;20,00000;0,99640;1
438,89700;40,03000;       0,41098; 91,47171;49,00000;20,00000;0,99627;1
438,99301;40,04000;       0,40983; 91,46804;49,00000;20,00000;0,99616;1
439,10101;40,05000;       0,40923; 91,46437;49,00000;20,00000;0,99603;1
439,20599;40,06000;       0,40882; 91,46193;50,00000;20,00000;0,99591;1
439,29700;40,07000;       0,40794; 91,45823;50,00000;20,00000;0,99580;1
439,40399;40,08000;       0,40771; 91,45576;49,00000;20,00000;0,99567;1
439,50000;40,09000;       0,40684; 91,45339;51,00000;20,00000;0,99555;1
439,58801;40,10000;       0,40632; 91,44860;50,00000;20,00000;0,99545;1
439,69000;40,11000;       0,40619; 91,44494;51,00000;20,00000;0,99533;1
439,78900;40,12000;       0,40457; 91,44127;51,00000;20,00000;0,99521;1
439,88901;40,13000;       0,40406; 91,43768;49,00000;20,00000;0,99509;1
439,99100;40,14000;       0,40318; 91,43649;49,00000;20,00000;0,99497;1
440,08801;40,15000;       0,40267; 91,43405;51,00000;20,00000;0,99485;1
440,18799;40,16000;       0,40217; 91,43162;50,00000;20,00000;0,99473;1
440,29001;40,17000;       0,40157; 91,42919;52,00000;20,00000;0,99461;1
440,38400;40,18000;       0,40124; 91,42672;50,00000;20,00000;0,99449;1
440,48901;40,19000;       0,40083; 91,42425;50,00000;20,00000;0,99437;1
440,58099;40,20000;       0,40013; 91,42308;50,00000;20,00000;0,99426;1
440,68100;40,21000;       0,39898; 91,42311;50,00000;20,00000;0,99414;1
440,78201;40,22000;       0,39828; 91,42068;49,00000;20,00000;0,99402;1
440,87500;40,23000;       0,39749; 91,41945;49,00000;20,00000;0,99391;1
440,98700;40,24000;       0,39662; 91,41822;51,00000;20,00000;0,99377;1
441,07700;40,25000;       0,39666; 91,41695;50,00000;20,00000;0,99366;1
441,18301;40,26000;       0,39653; 91,41448;52,00000;20,00000;0,99354;1
441,28299;40,27000;       0,39602; 91,41090;49,00000;20,00000;0,99342;1
441,37000;40,28000;       0,39559; 91,40854;50,00000;20,00000;0,99331;1
441,47501;40,29000;       0,39481; 91,40613;51,00000;20,00000;0,99319;1
441,57101;40,30000;       0,39393; 91,40372;50,00000;20,00000;0,99307;1
441,66599;40,31000;       0,39351; 91,40008;49,00000;20,00000;0,99296;1
441,76599;40,32000;       0,39365; 91,39519;50,00000;20,00000;0,99284;1
441,87000;40,33000;       0,39323; 91,39030;50,00000;20,00000;0,99271;1
441,97101;40,34000;       0,39245; 91,38550;50,00000;20,00000;0,99259;1
442,06799;40,35000;       0,39193; 91,38071;50,00000;20,00000;0,99247;1
442,16501;40,36000;       0,39105; 91,37584;49,00000;20,00000;0,99236;1
442,26999;40,37000;       0,39045; 91,37339;51,00000;20,00000;0,99223;1
442,35101;40,38000;       0,38975; 91,37101;50,00000;20,00000;0,99213;1
442,45001;40,39000;       0,38951; 91,36984;50,00000;20,00000;0,99201;1
442,56299;40,40000;       0,38920; 91,36862;49,00000;20,00000;0,99188;1
442,65799;40,41000;       0,38840; 91,36739;49,00000;20,00000;0,99176;1
442,75699;40,42000;       0,38780; 91,36737;50,00000;20,00000;0,99164;1
442,85901;40,43000;       0,38729; 91,36611;51,00000;20,00000;0,99152;1
442,95700;40,44000;       0,38659; 91,36606;49,00000;20,00000;0,99140;1
443,05301;40,45000;       0,38589; 91,36489;49,00000;20,00000;0,99129;1
443,15399;40,46000;       0,38557; 91,36372;50,00000;20,00000;0,99116;1
443,24500;40,47000;       0,38496; 91,36250;50,00000;20,00000;0,99105;1
443,35400;40,48000;       0,38455; 91,36007;50,00000;20,00000;0,99092;1
443,44901;40,49000;       0,38385; 91,35885;49,00000;20,00000;0,99081;1
443,54901;40,50000;       0,38352; 91,35641;49,00000;20,00000;0,99069;1
443,64499;40,51000;       0,38319; 91,35518;50,00000;20,00000;0,99057;1
443,74899;40,52000;       0,38268; 91,35274;50,00000;20,00000;0,99045;1
443,85300;40,53000;       0,38227; 91,35151;50,00000;20,00000;0,99032;1
443,94299;40,54000;       0,38156; 91,34907;49,00000;20,00000;0,99021;1
444,04800;40,55000;       0,38096; 91,34542;49,00000;20,00000;0,99009;1
444,15100;40,56000;       0,38045; 91,34300;50,00000;20,00000;0,98996;1
444,24600;40,57000;       0,38003; 91,34057;52,00000;20,00000;0,98985;1
444,34500;40,58000;       0,37942; 91,33815;50,00000;20,00000;0,98973;1
444,44601;40,59000;       0,37909; 91,33574;49,00000;20,00000;0,98960;1
444,53799;40,60000;       0,37895; 91,33331;49,00000;20,00000;0,98949;1
444,63800;40,61000;       0,37835; 91,33090;50,00000;20,00000;0,98937;1
444,74399;40,62000;       0,37830; 91,32848;52,00000;20,00000;0,98924;1
444,83899;40,63000;       0,37835; 91,32607;51,00000;20,00000;0,98913;1
444,93701;40,64000;       0,37792; 91,32365;49,00000;20,00000;0,98901;1
445,03101;40,65000;       0,37694; 91,32123;49,00000;20,00000;0,98890;1
445,13101;40,66000;       0,37606; 91,31882;50,00000;20,00000;0,98878;1
445,23700;40,67000;       0,37517; 91,31641;50,00000;20,00000;0,98865;1
445,32700;40,68000;       0,37484; 91,31398;49,00000;20,00000;0,98854;1
445,42999;40,69000;       0,37442; 91,31155;49,00000;20,00000;0,98841;1
445,52399;40,70000;       0,37446; 91,30912;50,00000;20,00000;0,98830;1
445,62701;40,71000;       0,37367; 91,30669;51,00000;20,00000;0,98818;1
445,73099;40,72000;       0,37288; 91,30426;51,00000;20,00000;0,98805;1
445,83099;40,73000;       0,37283; 91,30183;49,00000;20,00000;0,98793;1
445,91901;40,74000;       0,37269; 91,29940;49,00000;20,00000;0,98782;1
446,02899;40,75000;       0,37236; 91,29819;51,00000;20,00000;0,98769;1
446,12201;40,76000;       0,37213; 91,29576;51,00000;20,00000;0,98758;1
446,21799;40,77000;       0,37114; 91,29454;52,00000;20,00000;0,98746;1
446,32999;40,78000;       0,37063; 91,29213;50,00000;20,00000;0,98732;1
446,42099;40,79000;       0,37058; 91,28972;50,00000;20,00000;0,98721;1
446,52499;40,80000;       0,37035; 91,28730;50,00000;20,00000;0,98709;1
446,60599;40,81000;       0,37010; 91,28488;50,00000;20,00000;0,98699;1
446,71301;40,82000;       0,36950; 91,28246;49,00000;20,00000;0,98686;1
446,81601;40,83000;       0,36908; 91,28124;49,00000;20,00000;0,98673;1
446,91800;40,84000;       0,36838; 91,27881;50,00000;20,00000;0,98661;1
447,01300;40,85000;       0,36842; 91,27637;50,00000;20,00000;0,98649;1
447,11099;40,86000;       0,36837; 91,27392;49,00000;20,00000;0,98638;1
447,21399;40,87000;       0,36823; 91,27148;49,00000;20,00000;0,98625;1
447,31400;40,88000;       0,36800; 91,27025;51,00000;20,00000;0,98613;1
447,41501;40,89000;       0,36767; 91,26781;50,00000;20,00000;0,98601;1
447,51501;40,90000;       0,36725; 91,26538;51,00000;20,00000;0,98588;1
447,61301;40,91000;       0,36710; 91,26296;49,00000;20,00000;0,98577;1
447,71201;40,92000;       0,36631; 91,26055;50,00000;20,00000;0,98564;1
447,81601;40,93000;       0,36607; 91,25814;50,00000;20,00000;0,98552;1
447,90201;40,94000;       0,36546; 91,25572;50,00000;20,00000;0,98541;1
448,00299;40,95000;       0,36541; 91,25453;50,00000;20,00000;0,98529;1
448,10901;40,96000;       0,36461; 91,25215;49,00000;20,00000;0,98516;1
448,20200;40,97000;       0,36409; 91,25104;50,00000;20,00000;0,98505;1
448,30399;40,98000;       0,36367; 91,24879;50,00000;20,00000;0,98492;1
448,41000;40,99000;       0,36381; 91,24782;50,00000;20,00000;0,98480;1
448,45300;40,99583;       0,36383; 91,24805;49,00000;20,00000;0,98474;1
448,95901;41,04583;       0,36153; 91,55472;49,00000;20,00000;0,98413;2
449,41800;41,09583;       0,35921; 91,54765;50,00000;20,00000;0,98357;2
449,82800;41,14583;       0,35901; 91,54245;51,00000;20,00000;0,98307;2
450,17801;41,19583;       0,35823; 91,53282;50,00000;20,00000;0,98264;2
450,49301;41,24583;       0,35978; 91,52195;49,00000;20,00000;0,98225;2
450,77399;41,29583;       0,36094; 91,51202;49,00000;20,00000;0,98191;2
451,00000;41,34583;       0,36226; 91,50906;49,00000;20,00000;0,98163;2
451,20099;41,39583;       0,36367; 91,50462;50,00000;20,00000;0,98139;2
451,36899;41,44583;       0,36450; 91,49392;50,00000;20,00000;0,98118;2
451,52600;41,49583;       0,36504; 91,48663;50,00000;20,00000;0,98099;2
451,64401;41,54583;       0,36481; 91,48398;50,00000;20,00000;0,98084;2
451,74100;41,59583;       0,36457; 91,47995;52,00000;20,00000;0,98073;2
451,82199;41,64583;       0,36329; 91,47215;50,00000;20,00000;0,98063;2
451,88901;41,69583;       0,36313; 91,46304;50,00000;20,00000;0,98054;2
451,95099;41,74583;       0,36213; 91,45383;50,00000;20,00000;0,98047;2
451,98801;41,79583;       0,36167; 91,44695;50,00000;20,00000;0,98042;2
452,03299;41,84583;       0,36094; 91,42430;51,00000;20,00000;0,98037;2
452,06201;41,89583;       0,35992; 91,41125;50,00000;20,00000;0,98033;2
452,08499;41,94583;       0,35984; 91,40783;50,00000;20,00000;0,98030;2
452,10001;41,99583;       0,36003; 91,39954;51,00000;20,00000;0,98029;2
452,11801;42,04583;       0,35919; 91,38883;50,00000;20,00000;0,98026;2
452,14099;42,09583;       0,36024; 91,37690;51,00000;20,00000;0,98024;2
452,15302;42,14583;       0,36071; 91,36497;50,00000;20,00000;0,98022;2
452,17300;42,19583;       0,36129; 91,36151;50,00000;20,00000;0,98020;2
452,19601;42,24583;       0,36158; 91,35443;49,00000;20,00000;0,98017;2
452,21899;42,29583;       0,36253; 91,34493;49,00000;20,00000;0,98014;2
452,23199;42,34583;       0,36432; 91,33544;51,00000;20,00000;0,98012;2
452,26001;42,39583;       0,36537; 91,32235;52,00000;20,00000;0,98009;2
452,28101;42,44583;       0,36604; 91,31168;49,00000;20,00000;0,98006;2
452,30499;42,49583;       0,36718; 91,30344;49,00000;20,00000;0,98003;2
452,33301;42,54583;       0,36851; 91,29040;50,00000;20,00000;0,98000;2
452,37900;42,59583;       0,36928; 91,27254;49,00000;20,00000;0,97994;2
452,39999;42,64583;       0,37005; 91,25829;49,00000;20,00000;0,97992;2
452,43201;42,69583;       0,37213; 91,25494;49,00000;20,00000;0,97988;2
452,47400;42,74583;       0,37309; 91,24921;51,00000;20,00000;0,97983;2
452,50900;42,79583;       0,37424; 91,24109;50,00000;20,00000;0,97978;2
452,55600;42,84583;       0,37454; 91,23418;49,00000;20,00000;0,97973;2
452,59698;42,89583;       0,37597; 91,23210;50,00000;20,00000;0,97968;2
452,63901;42,94583;       0,37628; 91,23123;50,00000;20,00000;0,97962;2
452,67300;42,99583;       0,37695; 91,22794;51,00000;20,00000;0,97958;2
452,71899;43,04583;       0,37725; 91,22345;50,00000;20,00000;0,97953;2
452,76099;43,09583;       0,37784; 91,20809;50,00000;20,00000;0,97947;2
452,79999;43,14583;       0,37870; 91,19756;51,00000;20,00000;0,97943;2
452,85101;43,19583;       0,37863; 91,18944;50,00000;20,00000;0,97936;2
452,88400;43,24583;       0,37903; 91,18978;51,00000;20,00000;0,97932;2
452,93100;43,29583;       0,37914; 91,18647;51,00000;20,00000;0,97927;2
452,97299;43,34583;       0,37945; 91,18074;50,00000;20,00000;0,97921;2
453,00000;43,39583;       0,37899; 91,17377;50,00000;20,00000;0,97918;2
453,03101;43,44583;       0,37966; 91,16316;50,00000;20,00000;0,97914;2
453,07700;43,49583;       0,37968; 91,15374;50,00000;20,00000;0,97909;2
453,08801;43,54583;       0,37959; 91,14551;51,00000;20,00000;0,97907;2
453,12201;43,59583;       0,37942; 91,13847;50,00000;20,00000;0,97903;2
453,15100;43,64583;       0,37915; 91,13020;49,00000;20,00000;0,97900;2
453,16800;43,69583;       0,37888; 91,12432;49,00000;20,00000;0,97897;2
453,18301;43,74583;       0,37879; 91,12205;50,00000;20,00000;0,97896;2
453,20200;43,79583;       0,37890; 91,11735;52,00000;20,00000;0,97893;2
453,21701;43,84583;       0,37853; 91,11262;49,00000;20,00000;0,97891;2
453,23001;43,89583;       0,37881; 91,10426;49,00000;20,00000;0,97890;2
453,23901;43,94583;       0,37844; 91,09587;49,00000;20,00000;0,97889;2
453,24600;43,99583;       0,37835; 91,08747;50,00000;20,00000;0,97888;2
453,24500;44,04583;       0,37835; 91,08146;52,00000;20,00000;0,97888;2
453,26501;44,09583;       0,37845; 91,08028;51,00000;20,00000;0,97886;2
453,25400;44,14583;       0,37826; 91,08029;49,00000;20,00000;0,97887;2
453,25299;44,19583;       0,37807; 91,08030;49,00000;20,00000;0,97887;2
453,24301;44,24583;       0,37816; 91,07911;50,00000;20,00000;0,97888;2
453,24500;44,29583;       0,37769; 91,07671;50,00000;20,00000;0,97888;2
453,22800;44,34583;       0,37740; 91,07311;51,00000;20,00000;0,97890;2
453,23001;44,39583;       0,37797; 91,06952;49,00000;20,00000;0,97890;2
453,22400;44,44583;       0,37778; 91,06472;49,00000;20,00000;0,97891;2
453,21799;44,49583;       0,37777; 91,05389;49,00000;20,00000;0,97891;2
453,21899;44,54583;       0,37787; 91,04791;49,00000;20,00000;0,97891;2
453,19699;44,59583;       0,37767; 91,04313;50,00000;20,00000;0,97894;2
453,17700;44,64583;       0,37870; 91,03713;50,00000;20,00000;0,97896;2
453,17001;44,69583;       0,37879; 91,03357;50,00000;20,00000;0,97897;2
453,15399;44,74583;       0,37831; 91,03243;49,00000;20,00000;0,97899;2
453,13800;44,79583;       0,37802; 91,03251;49,00000;20,00000;0,97901;2
453,12601;44,84583;       0,37858; 91,03138;49,00000;20,00000;0,97903;2
453,10501;44,89583;       0,37847; 91,02782;50,00000;20,00000;0,97905;2
453,08401;44,94583;       0,37875; 91,02547;50,00000;20,00000;0,97908;2
453,07199;44,99583;       0,37893; 91,02193;51,00000;20,00000;0,97909;2
453,06500;45,04583;       0,37864; 91,01840;50,00000;20,00000;0,97910;2
453,03799;45,09583;       0,37853; 91,01124;49,00000;20,00000;0,97913;2
453,02701;45,14583;       0,37909; 91,00527;51,00000;20,00000;0,97915;2
452,99899;45,19583;       0,37870; 91,00051;49,00000;20,00000;0,97918;2
452,98499;45,24583;       0,37860; 90,99215;50,00000;20,00000;0,97920;2
452,96399;45,29583;       0,37869; 90,98620;52,00000;20,00000;0,97923;2
452,94400;45,34583;       0,37896; 90,97783;49,00000;20,00000;0,97925;2
452,92300;45,39583;       0,37876; 90,97067;50,00000;20,00000;0,97928;2
452,89899;45,44583;       0,37941; 90,96714;49,00000;20,00000;0,97931;2
452,88400;45,49583;       0,37959; 90,96723;50,00000;20,00000;0,97932;2
452,86301;45,54583;       0,37977; 90,96612;50,00000;20,00000;0,97935;2
452,85300;45,59583;       0,37986; 90,96258;50,00000;20,00000;0,97936;2
452,81900;45,64583;       0,37956; 90,96026;50,00000;20,00000;0,97940;2
452,81000;45,69583;       0,37974; 90,95673;51,00000;20,00000;0,97941;2
452,78799;45,74583;       0,37983; 90,95561;49,00000;20,00000;0,97944;2
452,76099;45,79583;       0,37991; 90,95570;49,00000;20,00000;0,97947;2
452,74301;45,84583;       0,37981; 90,95337;49,00000;20,00000;0,97950;2
452,73099;45,89583;       0,38037; 90,94863;50,00000;20,00000;0,97951;2
452,70499;45,94583;       0,37998; 90,94025;50,00000;20,00000;0,97954;2
452,69199;45,99583;       0,38044; 90,93430;51,00000;20,00000;0,97956;2
452,68100;46,04583;       0,38062; 90,93198;51,00000;20,00000;0,97957;2
452,64700;46,09583;       0,38080; 90,92844;49,00000;20,00000;0,97961;2
452,63699;46,14583;       0,38013; 90,92369;49,00000;20,00000;0,97963;2
452,61301;46,19583;       0,38050; 90,91049;49,00000;20,00000;0,97966;2
452,59399;46,24583;       0,38058; 90,89970;49,00000;20,00000;0,97968;2
452,57599;46,29583;       0,38001; 90,89254;49,00000;20,00000;0,97970;2
452,56299;46,34583;       0,38085; 90,89022;50,00000;20,00000;0,97972;2
452,53799;46,39583;       0,38103; 90,88669;50,00000;20,00000;0,97975;2
452,52100;46,44583;       0,38045; 90,88074;50,00000;20,00000;0,97977;2
452,49100;46,49583;       0,38053; 90,87479;50,00000;20,00000;0,97981;2
452,47699;46,54583;       0,38072; 90,86885;50,00000;20,00000;0,97982;2
452,46100;46,59583;       0,38061; 90,86653;49,00000;20,00000;0,97984;2
452,43201;46,64583;       0,38013; 90,86662;50,00000;20,00000;0,97988;2
452,41101;46,69583;       0,38078; 90,86672;51,00000;20,00000;0,97990;2
452,40399;46,74583;       0,38087; 90,86682;50,00000;20,00000;0,97991;2
452,36899;46,79583;       0,38095; 90,86690;50,00000;20,00000;0,97996;2
452,35501;46,84583;       0,38094; 90,86458;52,00000;20,00000;0,97997;2
452,33801;46,89583;       0,38065; 90,86226;51,00000;20,00000;0,97999;2
452,31500;46,94583;       0,38054; 90,85872;49,00000;20,00000;0,98002;2
452,29800;46,99583;       0,38007; 90,85639;50,00000;20,00000;0,98004;2
452,27499;47,04583;       0,38147; 90,85407;50,00000;20,00000;0,98007;2
452,26300;47,09583;       0,38080; 90,85054;50,00000;20,00000;0,98009;2
452,24301;47,14583;       0,38042; 90,84701;50,00000;20,00000;0,98011;2
452,22101;47,19583;       0,38041; 90,84106;50,00000;20,00000;0,98014;2
452,19400;47,24583;       0,38030; 90,82786;49,00000;20,00000;0,98017;2
452,18301;47,29583;       0,38067; 90,81830;49,00000;20,00000;0,98018;2
452,15900;47,34583;       0,38056; 90,81357;49,00000;20,00000;0,98021;2
452,13400;47,39583;       0,38074; 90,81125;49,00000;20,00000;0,98024;2
452,10999;47,44583;       0,38054; 90,80771;50,00000;20,00000;0,98027;2
452,08499;47,49583;       0,38090; 90,80297;49,00000;20,00000;0,98030;2
452,07501;47,54583;       0,38062; 90,80186;49,00000;20,00000;0,98032;2
452,05801;47,59583;       0,38033; 90,80195;49,00000;20,00000;0,98034;2
452,03299;47,64583;       0,38079; 90,80204;50,00000;20,00000;0,98037;2
452,01999;47,69583;       0,38069; 90,80214;49,00000;20,00000;0,98038;2
451,99301;47,74583;       0,38086; 90,80223;49,00000;20,00000;0,98042;2
451,97198;47,79583;       0,38076; 90,80231;50,00000;20,00000;0,98044;2
451,95901;47,84583;       0,38084; 90,80241;50,00000;20,00000;0,98046;2
451,94000;47,89583;       0,38046; 90,80129;50,00000;20,00000;0,98048;2
451,91501;47,94583;       0,38082; 90,79533;50,00000;20,00000;0,98051;2
451,89801;47,99583;       0,38016; 90,78575;50,00000;20,00000;0,98053;2
451,88599;48,04583;       0,38015; 90,78100;50,00000;20,00000;0,98055;2
451,86200;48,09583;       0,38014; 90,77746;50,00000;20,00000;0,98058;2
451,85300;48,14583;       0,37995; 90,77272;52,00000;20,00000;0,98059;2
451,82401;48,19583;       0,38003; 90,76796;50,00000;20,00000;0,98062;2
451,80701;48,24583;       0,37983; 90,76684;51,00000;20,00000;0,98064;2
451,79501;48,29583;       0,37954; 90,76572;49,00000;20,00000;0,98066;2
451,77701;48,34583;       0,37972; 90,76339;50,00000;20,00000;0,98068;2
451,75500;48,39583;       0,37953; 90,76106;49,00000;20,00000;0,98071;2
451,73199;48,44583;       0,37980; 90,75872;49,00000;20,00000;0,98074;2
451,72299;48,49583;       0,38017; 90,75639;49,00000;20,00000;0,98075;2
451,70001;48,54583;       0,38053; 90,75527;49,00000;20,00000;0,98078;2
451,68100;48,59583;       0,37996; 90,75535;51,00000;20,00000;0,98080;2
451,66901;48,64583;       0,37986; 90,75544;50,00000;20,00000;0,98081;2
451,65100;48,69583;       0,38023; 90,75551;52,00000;20,00000;0,98084;2
451,62799;48,74583;       0,38003; 90,75558;52,00000;20,00000;0,98086;2
451,62399;48,79583;       0,37993; 90,75446;49,00000;20,00000;0,98087;2
451,60001;48,84583;       0,37992; 90,75334;49,00000;20,00000;0,98090;2
451,58099;48,89583;       0,38010; 90,75221;50,00000;20,00000;0,98092;2
451,56100;48,94583;       0,38047; 90,75107;50,00000;20,00000;0,98095;2
451,55200;48,99583;       0,38037; 90,74993;52,00000;20,00000;0,98096;2
451,53699;49,04583;       0,37980; 90,74880;50,00000;20,00000;0,98098;2
451,51901;49,09583;       0,37988; 90,74766;50,00000;20,00000;0,98100;2
451,50000;49,14583;       0,38006; 90,74653;49,00000;20,00000;0,98102;2
451,49399;49,19583;       0,38015; 90,74418;50,00000;20,00000;0,98103;2
451,47699;49,24583;       0,37996; 90,74424;51,00000;20,00000;0,98105;2
451,45401;49,29583;       0,37976; 90,74431;51,00000;20,00000;0,98108;2
451,44901;49,34583;       0,38004; 90,74318;50,00000;20,00000;0,98108;2
451,43900;49,39583;       0,38041; 90,74205;51,00000;20,00000;0,98110;2
451,41199;49,44583;       0,38002; 90,74091;52,00000;20,00000;0,98113;2
451,39600;49,49583;       0,37954; 90,73252;49,00000;20,00000;0,98115;2
451,38300;49,54583;       0,38029; 90,72172;49,00000;20,00000;0,98116;2
451,36700;49,59583;       0,37991; 90,71576;50,00000;20,00000;0,98118;2
451,35199;49,64583;       0,37971; 90,70980;50,00000;20,00000;0,98120;2
451,33200;49,69583;       0,37970; 90,70382;51,00000;20,00000;0,98123;2
451,31500;49,74583;       0,37922; 90,70268;50,00000;20,00000;0,98125;2
451,30600;49,79583;       0,37978; 90,70274;49,00000;20,00000;0,98126;2
451,28500;49,84583;       0,38005; 90,70281;49,00000;20,00000;0,98128;2
451,28000;49,89583;       0,37930; 90,69925;49,00000;20,00000;0,98129;2
451,26401;49,94583;       0,37995; 90,69569;49,00000;20,00000;0,98131;2
451,25299;49,99583;       0,37919; 90,69333;49,00000;20,00000;0,98132;2
451,23801;50,04583;       0,37994; 90,68976;50,00000;20,00000;0,98134;2
451,22000;50,09583;       0,37984; 90,68619;52,00000;20,00000;0,98136;2
451,21799;50,14583;       0,37946; 90,68263;51,00000;20,00000;0,98137;2
451,20300;50,19583;       0,37973; 90,68027;49,00000;20,00000;0,98138;2
451,18799;50,24583;       0,37954; 90,67790;49,00000;20,00000;0,98140;2
451,17700;50,29583;       0,37972; 90,67554;49,00000;20,00000;0,98142;2
451,16901;50,34583;       0,37962; 90,67319;50,00000;20,00000;0,98143;2
451,15500;50,39583;       0,37924; 90,66962;51,00000;20,00000;0,98144;2
451,13800;50,44583;       0,37998; 90,66726;50,00000;20,00000;0,98146;2
451,12601;50,49583;       0,37960; 90,66369;50,00000;20,00000;0,98148;2
451,11301;50,54583;       0,38025; 90,66134;52,00000;20,00000;0,98149;2
451,10800;50,59583;       0,37922; 90,65778;49,00000;20,00000;0,98150;2
451,09100;50,64583;       0,37968; 90,65541;50,00000;20,00000;0,98152;2
451,07199;50,69583;       0,37958; 90,65546;49,00000;20,00000;0,98155;2
451,05801;50,74583;       0,37967; 90,65551;49,00000;20,00000;0,98156;2
451,05801;50,79583;       0,37985; 90,65557;50,00000;20,00000;0,98156;2
451,05701;50,84583;       0,37919; 90,65563;50,00000;20,00000;0,98156;2
451,03201;50,89583;       0,37928; 90,65568;50,00000;20,00000;0,98159;2
451,01901;50,94583;       0,37965; 90,65573;49,00000;20,00000;0,98161;2
451,00900;50,99583;       0,37945; 90,65457;49,00000;20,00000;0,98162;2
450,99600;51,04583;       0,37907; 90,65342;49,00000;20,00000;0,98164;2
450,99701;51,09583;       0,37954; 90,65226;49,00000;20,00000;0,98164;2
450,97501;51,14583;       0,37953; 90,64989;49,00000;20,00000;0,98166;2
450,96701;51,19583;       0,37990; 90,63906;50,00000;20,00000;0,98167;2
450,95999;51,24583;       0,37906; 90,63428;51,00000;20,00000;0,98168;2
450,94299;51,29583;       0,37980; 90,63071;52,00000;20,00000;0,98170;2
450,94299;51,34583;       0,37989; 90,62834;50,00000;20,00000;0,98170;2
450,91699;51,39583;       0,37875; 90,62597;50,00000;20,00000;0,98173;2
450,91199;51,44583;       0,37931; 90,62600;49,00000;20,00000;0,98174;2
450,90201;51,49583;       0,37912; 90,62605;49,00000;20,00000;0,98175;2
450,90799;51,54583;       0,37912; 90,62610;50,00000;20,00000;0,98175;2
450,88800;51,59583;       0,37930; 90,62493;50,00000;20,00000;0,98177;2
450,87900;51,64583;       0,37920; 90,62134;50,00000;20,00000;0,98178;2
450,87100;51,69583;       0,37958; 90,61051;50,00000;20,00000;0,98179;2
450,86499;51,74583;       0,38004; 90,60452;52,00000;20,00000;0,98180;2
450,85999;51,79583;       0,37920; 90,60215;49,00000;20,00000;0,98180;2
450,83899;51,84583;       0,37947; 90,60220;49,00000;20,00000;0,98183;2
450,83401;51,89583;       0,37928; 90,60225;49,00000;20,00000;0,98184;2
450,81900;51,94583;       0,37889; 90,60109;49,00000;20,00000;0,98185;2
450,80801;51,99583;       0,37908; 90,59872;49,00000;20,00000;0,98187;2
450,79700;52,04583;       0,37907; 90,59756;49,00000;20,00000;0,98188;2
450,79099;52,09583;       0,37860; 90,59520;50,00000;20,00000;0,98189;2
450,78201;52,14583;       0,37906; 90,59283;51,00000;20,00000;0,98190;2
450,76199;52,19583;       0,37915; 90,59045;51,00000;20,00000;0,98192;2
450,75800;52,24583;       0,37952; 90,59049;50,00000;20,00000;0,98193;2
450,74899;52,29583;       0,37914; 90,59053;50,00000;20,00000;0,98194;2
450,73599;52,34583;       0,37923; 90,58815;51,00000;20,00000;0,98196;2
450,74399;52,39583;       0,37923; 90,58336;50,00000;20,00000;0,98195;2
450,72400;52,44583;       0,37969; 90,57493;50,00000;20,00000;0,98197;2
450,72400;52,49583;       0,37904; 90,56892;51,00000;20,00000;0,98197;2
450,70700;52,54583;       0,37894; 90,56654;52,00000;20,00000;0,98199;2
450,70499;52,59583;       0,37912; 90,56658;50,00000;20,00000;0,98199;2
450,69699;52,64583;       0,37856; 90,56541;49,00000;20,00000;0,98200;2
450,69501;52,69583;       0,37912; 90,56302;49,00000;20,00000;0,98201;2
450,67300;52,74583;       0,37845; 90,56063;49,00000;20,00000;0,98203;2
450,68100;52,79583;       0,37874; 90,55704;49,00000;20,00000;0,98202;2
450,66599;52,84583;       0,37863; 90,55465;49,00000;20,00000;0,98204;2
450,66800;52,89583;       0,37929; 90,55468;50,00000;20,00000;0,98204;2
450,65399;52,94583;       0,37844; 90,55471;49,00000;20,00000;0,98206;2
450,65500;52,99583;       0,37882; 90,55354;49,00000;20,00000;0,98206;2
450,64801;53,04583;       0,37994; 90,55236;49,00000;20,00000;0,98206;2
450,63501;53,09583;       0,37975; 90,54756;49,00000;20,00000;0,98208;2
450,62900;53,14583;       0,37937; 90,53310;51,00000;20,00000;0,98209;2
450,63101;53,19583;       0,37946; 90,52468;49,00000;20,00000;0,98208;2
450,60699;53,24583;       0,37898; 90,51625;50,00000;20,00000;0,98211;2
450,60101;53,29583;       0,37898; 90,51266;50,00000;20,00000;0,98212;2
450,60501;53,34583;       0,37945; 90,51269;49,00000;20,00000;0,98212;2
450,58801;53,39583;       0,37926; 90,51272;50,00000;20,00000;0,98214;2
450,58401;53,44583;       0,37907; 90,51275;49,00000;20,00000;0,98214;2
450,58099;53,49583;       0,37897; 90,51278;51,00000;20,00000;0,98215;2
450,57599;53,54583;       0,37878; 90,51281;50,00000;20,00000;0,98215;2
450,57001;53,59583;       0,37896; 90,53096;50,00000;20,00000;0,98216;2
450,55701;53,64583;       0,37915; 90,53945;51,00000;20,00000;0,98218;2
450,56000;53,69583;       0,37887; 90,54310;50,00000;20,00000;0,98217;2
450,54901;53,74583;       0,37924; 90,54434;50,00000;20,00000;0,98218;2
450,54800;53,79583;       0,37895; 90,53470;49,00000;20,00000;0,98219;2
450,53699;53,84583;       0,37895; 90,52747;50,00000;20,00000;0,98220;2
450,52899;53,89583;       0,37829; 90,52145;50,00000;20,00000;0,98221;2
450,52802;53,94583;       0,37895; 90,51544;50,00000;20,00000;0,98221;2
450,52899;53,99583;       0,37866; 90,51305;51,00000;20,00000;0,98221;2
450,51300;54,04583;       0,37894; 90,51307;51,00000;20,00000;0,98223;2
450,50900;54,09583;       0,37875; 90,51309;50,00000;20,00000;0,98223;2
450,51099;54,14583;       0,37922; 90,51312;50,00000;20,00000;0,98223;2
450,50699;54,19583;       0,37894; 90,51314;50,00000;20,00000;0,98224;2
450,49799;54,24583;       0,37827; 90,51316;50,00000;20,00000;0,98225;2
450,48801;54,29583;       0,37883; 90,51076;50,00000;20,00000;0,98226;2
450,49100;54,34583;       0,37912; 90,50837;50,00000;20,00000;0,98226;2
450,48300;54,39583;       0,37939; 90,50597;49,00000;20,00000;0,98227;2
450,48099;54,44583;       0,37864; 90,50358;50,00000;20,00000;0,98227;2
450,47900;54,49583;       0,37883; 90,50118;52,00000;20,00000;0,98227;2
450,47198;54,54583;       0,37864; 90,49274;52,00000;20,00000;0,98228;2
450,46600;54,59583;       0,37863; 90,48551;50,00000;20,00000;0,98229;2
450,46701;54,64583;       0,37826; 90,48070;49,00000;20,00000;0,98229;2
450,45401;54,69583;       0,37835; 90,47709;49,00000;20,00000;0,98230;2
450,44901;54,74583;       0,37834; 90,47349;49,00000;20,00000;0,98231;2
450,45300;54,79583;       0,37797; 90,46868;49,00000;20,00000;0,98230;2
450,44299;54,84583;       0,37862; 90,46628;49,00000;20,00000;0,98231;2
450,44299;54,89583;       0,37909; 90,46510;50,00000;20,00000;0,98231;2
450,43799;54,94583;       0,37881; 90,46511;51,00000;20,00000;0,98232;2
450,42300;54,99583;       0,37824; 90,46512;49,00000;20,00000;0,98234;2
450,42700;55,04583;       0,37843; 90,46514;49,00000;20,00000;0,98233;2
450,42700;55,09583;       0,37805; 90,46517;49,00000;20,00000;0,98233;2
450,42999;55,14583;       0,37834; 90,46519;50,00000;20,00000;0,98233;2
450,41800;55,19583;       0,37833; 90,46521;50,00000;20,00000;0,98235;2
450,41400;55,24583;       0,37870; 90,46523;50,00000;20,00000;0,98235;2
450,40302;55,29583;       0,37842; 90,46525;49,00000;20,00000;0,98236;2
450,40399;55,34583;       0,37842; 90,46407;50,00000;20,00000;0,98236;2
450,39499;55,39583;       0,37841; 90,46289;50,00000;20,00000;0,98237;2
450,39401;55,44583;       0,37813; 90,46170;49,00000;20,00000;0,98237;2
450,38400;55,49583;       0,37803; 90,46051;50,00000;20,00000;0,98239;2
450,37500;55,54583;       0,37775; 90,45811;50,00000;20,00000;0,98240;2
450,38101;55,59583;       0,37822; 90,45692;50,00000;20,00000;0,98239;2
450,37399;55,64583;       0,37812; 90,45573;50,00000;20,00000;0,98240;2
450,37500;55,69583;       0,37803; 90,45454;49,00000;20,00000;0,98240;2
450,36401;55,74583;       0,37859; 90,45213;49,00000;20,00000;0,98241;2
450,36899;55,79583;       0,37849; 90,45094;50,00000;20,00000;0,98241;2
450,35999;55,84583;       0,37840; 90,44733;52,00000;20,00000;0,98242;2
450,35901;55,89583;       0,37858; 90,44009;50,00000;20,00000;0,98242;2
450,35901;55,94583;       0,37877; 90,43769;49,00000;20,00000;0,98242;2
450,35300;55,99750;       0,37877; 90,43770;50,00000;20,00000;0,98242;2
450,34500;56,00750;       0,37858; 90,85838;50,00000;20,00000;0,98243;3
450,34900;56,01750;       0,37858; 90,85718;51,00000;20,00000;0,98243;3
450,34100;56,02750;       0,37867; 90,85719;50,00000;20,00000;0,98244;3
450,33801;56,03750;       0,37857; 90,85600;50,00000;20,00000;0,98244;3
450,34299;56,04750;       0,37858; 90,85602;50,00000;20,00000;0,98244;3
450,33401;56,05750;       0,37829; 90,85605;49,00000;20,00000;0,98245;3
450,33499;56,06750;       0,37782; 90,85487;49,00000;20,00000;0,98245;3
450,32401;56,07750;       0,37782; 90,85250;50,00000;20,00000;0,98246;3
450,30899;56,08750;       0,37772; 90,85133;51,00000;20,00000;0,98248;3
450,30499;56,09750;       0,37753; 90,84897;51,00000;20,00000;0,98248;3
450,29401;56,10750;       0,37743; 90,84782;49,00000;20,00000;0,98250;3
450,27301;56,11750;       0,37714; 90,84667;50,00000;20,00000;0,98252;3
450,25400;56,12750;       0,37722; 90,84554;51,00000;20,00000;0,98255;3
450,24600;56,13750;       0,37778; 90,84564;49,00000;20,00000;0,98256;3
450,22601;56,14750;       0,37815; 90,84453;49,00000;20,00000;0,98258;3
450,19800;56,15750;       0,37851; 90,84462;50,00000;20,00000;0,98261;3
450,16901;56,16750;       0,37859; 90,84352;50,00000;20,00000;0,98265;3
450,16000;56,17750;       0,37924; 90,84364;49,00000;20,00000;0,98266;3
450,13199;56,18750;       0,37942; 90,84256;49,00000;20,00000;0,98269;3
450,10800;56,19750;       0,37969; 90,84269;51,00000;20,00000;0,98272;3
450,07101;56,20750;       0,38032; 90,84162;49,00000;20,00000;0,98277;3
450,04800;56,21750;       0,38050; 90,84177;49,00000;20,00000;0,98280;3
450,00900;56,22750;       0,38095; 90,84072;50,00000;20,00000;0,98285;3
449,97800;56,23750;       0,38141; 90,84089;51,00000;20,00000;0,98288;3
449,94400;56,24750;       0,38289; 90,84106;49,00000;20,00000;0,98292;3
449,90500;56,25750;       0,38334; 90,84003;49,00000;20,00000;0,98297;3
449,86700;56,26750;       0,38360; 90,83901;50,00000;20,00000;0,98302;3
449,82599;56,27750;       0,38396; 90,83799;50,00000;20,00000;0,98307;3
449,78201;56,28750;       0,38431; 90,83698;50,00000;20,00000;0,98312;3
449,75201;56,29750;       0,38505; 90,83719;50,00000;20,00000;0,98316;3
449,69299;56,30750;       0,38633; 90,83618;51,00000;20,00000;0,98323;3
449,65100;56,31750;       0,38697; 90,83518;50,00000;20,00000;0,98328;3
449,60999;56,32750;       0,38780; 90,83541;52,00000;20,00000;0,98333;3
449,56601;56,33750;       0,38806; 90,83443;50,00000;20,00000;0,98339;3
449,51501;56,34750;       0,38803; 90,83345;51,00000;20,00000;0,98345;3
449,46399;56,35750;       0,38866; 90,83248;50,00000;20,00000;0,98351;3
449,40500;56,36750;       0,38929; 90,83030;52,00000;20,00000;0,98358;3
449,36301;56,37750;       0,39049; 90,82814;50,00000;20,00000;0,98363;3
449,31000;56,38750;       0,39093; 90,82719;50,00000;20,00000;0,98370;3
449,25500;56,39750;       0,39128; 90,82503;50,00000;20,00000;0,98377;3
449,19601;56,40750;       0,39219; 90,82409;49,00000;20,00000;0,98384;3
449,14099;56,41750;       0,39291; 90,82315;49,00000;20,00000;0,98390;3
449,07401;56,42750;       0,39363; 90,82221;51,00000;20,00000;0,98399;3
449,02802;56,43750;       0,39370; 90,82129;51,00000;20,00000;0,98404;3
448,96301;56,44750;       0,39376; 90,82037;49,00000;20,00000;0,98412;3
448,90701;56,45750;       0,39430; 90,81946;50,00000;20,00000;0,98419;3
448,83899;56,46750;       0,39473; 90,81855;50,00000;20,00000;0,98427;3
448,77701;56,47750;       0,39554; 90,81884;52,00000;20,00000;0,98435;3
448,69699;56,48750;       0,39607; 90,81793;49,00000;20,00000;0,98445;3
448,64899;56,49750;       0,39660; 90,81825;50,00000;20,00000;0,98450;3
448,58099;56,50750;       0,39741; 90,81857;50,00000;20,00000;0,98459;3
448,52200;56,51750;       0,39804; 90,81768;49,00000;20,00000;0,98466;3
448,43701;56,52750;       0,39800; 90,81799;49,00000;20,00000;0,98476;3
448,37201;56,53750;       0,39834; 90,81711;50,00000;20,00000;0,98484;3
448,31000;56,54750;       0,39897; 90,81745;51,00000;20,00000;0,98492;3
448,23700;56,55750;       0,39940; 90,81657;49,00000;20,00000;0,98501;3
448,16599;56,56750;       0,39983; 90,81570;49,00000;20,00000;0,98509;3
448,09000;56,57750;       0,40082; 90,81603;49,00000;20,00000;0,98519;3
448,01999;56,58750;       0,40088; 90,81516;51,00000;20,00000;0,98527;3
447,94800;56,59750;       0,40150; 90,81429;49,00000;20,00000;0,98536;3
447,87799;56,60750;       0,40193; 90,81464;49,00000;20,00000;0,98544;3
447,81699;56,61750;       0,40228; 90,81379;50,00000;20,00000;0,98552;3
447,73099;56,62750;       0,40280; 90,81293;50,00000;20,00000;0,98562;3
447,65399;56,63750;       0,40360; 90,81329;49,00000;20,00000;0,98572;3
447,57599;56,64750;       0,40450; 90,81244;49,00000;20,00000;0,98581;3
447,49399;56,65750;       0,40474; 90,81283;51,00000;20,00000;0,98591;3
447,41901;56,66750;       0,40507; 90,81205;50,00000;20,00000;0,98600;3
447,34698;56,67750;       0,40532; 90,81245;49,00000;20,00000;0,98609;3
447,27600;56,68750;       0,40566; 90,81282;50,00000;20,00000;0,98618;3
447,19400;56,69750;       0,40627; 90,81316;51,00000;20,00000;0,98627;3
447,11801;56,70750;       0,40707; 90,81347;50,00000;20,00000;0,98637;3
447,03299;56,71750;       0,40740; 90,81381;49,00000;20,00000;0,98647;3
446,94101;56,72750;       0,40820; 90,81418;50,00000;20,00000;0,98658;3
446,86499;56,73750;       0,40872; 90,81458;50,00000;20,00000;0,98667;3
446,79199;56,74750;       0,40878; 90,81497;49,00000;20,00000;0,98676;3
446,70801;56,75750;       0,40930; 90,81536;50,00000;20,00000;0,98686;3
446,61401;56,76750;       0,41037; 90,81575;49,00000;20,00000;0,98698;3
446,53799;56,77750;       0,41080; 90,81616;51,00000;20,00000;0,98707;3
446,45200;56,78750;       0,41076; 90,81535;51,00000;20,00000;0,98718;3
446,36200;56,79750;       0,41136; 90,81575;51,00000;20,00000;0,98728;3
446,28400;56,80750;       0,41207; 90,81615;50,00000;20,00000;0,98738;3
446,19101;56,81750;       0,41202; 90,81534;51,00000;20,00000;0,98749;3
446,10599;56,82750;       0,41207; 90,81574;50,00000;20,00000;0,98760;3
446,02899;56,83750;       0,41278; 90,81614;52,00000;20,00000;0,98769;3
445,94101;56,84750;       0,41386; 90,81534;50,00000;20,00000;0,98780;3
445,85999;56,85750;       0,41475; 90,81575;50,00000;20,00000;0,98789;3
445,77100;56,86750;       0,41554; 90,81494;50,00000;20,00000;0,98800;3
445,67499;56,87750;       0,41568; 90,81535;49,00000;20,00000;0,98812;3
445,60001;56,88750;       0,41630; 90,81577;49,00000;20,00000;0,98821;3
445,50800;56,89750;       0,41672; 90,81498;50,00000;20,00000;0,98832;3
445,42001;56,90750;       0,41714; 90,81418;51,00000;20,00000;0,98843;3
445,32599;56,91750;       0,41737; 90,81218;50,00000;20,00000;0,98854;3
445,23801;56,92750;       0,41770; 90,81139;49,00000;20,00000;0,98865;3
445,16000;56,93750;       0,41812; 90,81061;51,00000;20,00000;0,98874;3
445,05801;56,94750;       0,41891; 90,80981;51,00000;20,00000;0,98886;3
444,97699;56,95750;       0,41971; 90,80902;51,00000;20,00000;0,98896;3
444,88300;56,96750;       0,42059; 90,80823;50,00000;20,00000;0,98908;3
444,79999;56,97750;       0,42139; 90,80866;50,00000;20,00000;0,98918;3
444,71100;56,98750;       0,42218; 90,80788;50,00000;20,00000;0,98928;3
444,62000;56,99750;       0,42344; 90,80710;49,00000;20,00000;0,98939;3
444,53101;57,00750;       0,42330; 90,80632;49,00000;20,00000;0,98950;3
444,43100;57,01750;       0,42390; 90,80675;50,00000;20,00000;0,98962;3
444,34201;57,02750;       0,42451; 90,80596;51,00000;20,00000;0,98973;3
444,24701;57,03750;       0,42483; 90,80518;49,00000;20,00000;0,98985;3
444,16800;57,04750;       0,42591; 90,80562;49,00000;20,00000;0,98994;3
444,07101;57,05750;       0,42660; 90,80484;50,00000;20,00000;0,99006;3
443,98401;57,06750;       0,42684; 90,80527;52,00000;20,00000;0,99016;3
443,89401;57,07750;       0,42707; 90,80570;51,00000;20,00000;0,99027;3
443,79099;57,08750;       0,42748; 90,80491;49,00000;20,00000;0,99040;3
443,70599;57,09750;       0,42837; 90,80534;50,00000;20,00000;0,99050;3
443,62100;57,10750;       0,42916; 90,80578;50,00000;20,00000;0,99060;3
443,52802;57,11750;       0,42995; 90,80621;49,00000;20,00000;0,99071;3
443,43399;57,12750;       0,43027; 90,80664;49,00000;20,00000;0,99083;3
443,34799;57,13750;       0,43116; 90,80707;49,00000;20,00000;0,99093;3
443,24600;57,14750;       0,43175; 90,80629;52,00000;20,00000;0,99105;3
443,16800;57,15750;       0,43246; 90,80552;50,00000;20,00000;0,99115;3
443,07101;57,16750;       0,43334; 90,80475;49,00000;20,00000;0,99126;3
442,97299;57,17750;       0,43375; 90,80397;49,00000;20,00000;0,99138;3
442,87799;57,18750;       0,43444; 90,80200;52,00000;20,00000;0,99150;3
442,79901;57,19750;       0,43524; 90,80123;50,00000;20,00000;0,99159;3
442,69101;57,20750;       0,43593; 90,80046;49,00000;20,00000;0,99172;3
442,60999;57,21750;       0,43691; 90,80089;49,00000;20,00000;0,99182;3
442,50699;57,22750;       0,43769; 90,80012;50,00000;20,00000;0,99194;3
442,42200;57,23750;       0,43811; 90,79935;50,00000;20,00000;0,99205;3
442,32599;57,24750;       0,43917; 90,79858;49,00000;20,00000;0,99216;3
442,24100;57,25750;       0,43968; 90,79781;49,00000;20,00000;0,99226;3
442,14001;57,26750;       0,44037; 90,79704;51,00000;20,00000;0,99239;3
442,05301;57,27750;       0,44172; 90,79749;50,00000;20,00000;0,99249;3
441,95499;57,28750;       0,44241; 90,79672;49,00000;20,00000;0,99261;3
441,85699;57,29750;       0,44245; 90,79595;49,00000;20,00000;0,99273;3
441,76300;57,30750;       0,44286; 90,79518;49,00000;20,00000;0,99284;3
441,67999;57,31750;       0,44347; 90,79442;52,00000;20,00000;0,99294;3
441,58301;57,32750;       0,44416; 90,79486;49,00000;20,00000;0,99306;3
441,48700;57,33750;       0,44485; 90,79409;49,00000;20,00000;0,99317;3
441,39899;57,34750;       0,44610; 90,79332;50,00000;20,00000;0,99328;3
441,29901;57,35750;       0,44689; 90,79255;50,00000;20,00000;0,99340;3
441,20801;57,36750;       0,44721; 90,79179;49,00000;20,00000;0,99351;3
441,12000;57,37750;       0,44772; 90,79103;49,00000;20,00000;0,99361;3
441,02100;57,38750;       0,44868; 90,79147;49,00000;20,00000;0,99373;3
440,92099;57,39750;       0,44937; 90,79070;50,00000;20,00000;0,99385;3
440,82901;57,40750;       0,45025; 90,78993;50,00000;20,00000;0,99396;3
440,73999;57,41750;       0,45085; 90,79038;49,00000;20,00000;0,99407;3
440,64499;57,42750;       0,45117; 90,79081;49,00000;20,00000;0,99418;3
440,55200;57,43750;       0,45177; 90,79004;51,00000;20,00000;0,99429;3
440,46899;57,44750;       0,45293; 90,79048;51,00000;20,00000;0,99439;3
440,36301;57,45750;       0,45417; 90,79092;49,00000;20,00000;0,99452;3
440,28400;57,46750;       0,45496; 90,79136;49,00000;20,00000;0,99461;3
440,18100;57,47750;       0,45555; 90,79180;50,00000;20,00000;0,99474;3
440,09698;57,48750;       0,45634; 90,79103;50,00000;20,00000;0,99484;3
439,99701;57,49750;       0,45684; 90,79147;49,00000;20,00000;0,99496;3
439,89200;57,50750;       0,45678; 90,79190;49,00000;20,00000;0,99508;3
439,81299;57,51750;       0,45776; 90,79114;49,00000;20,00000;0,99518;3
439,72400;57,52750;       0,45854; 90,79037;50,00000;20,00000;0,99529;3
439,62500;57,53750;       0,45923; 90,79081;50,00000;20,00000;0,99540;3
439,53299;57,54750;       0,45955; 90,79007;49,00000;20,00000;0,99551;3
439,43799;57,55750;       0,45996; 90,79055;49,00000;20,00000;0,99563;3
439,35400;57,56750;       0,46195; 90,78978;51,00000;20,00000;0,99573;3
439,25500;57,57750;       0,46291; 90,78901;51,00000;20,00000;0,99585;3
439,16599;57,58750;       0,46240; 90,78944;49,00000;20,00000;0,99595;3
439,07700;57,59750;       0,46226; 90,78866;49,00000;20,00000;0,99606;3
438,98700;57,60750;       0,46304; 90,78789;50,00000;20,00000;0,99617;3
438,88300;57,61750;       0,46409; 90,78833;50,00000;20,00000;0,99629;3
438,80200;57,62750;       0,46507; 90,78755;51,00000;20,00000;0,99639;3
438,70999;57,63750;       0,46511; 90,78798;49,00000;20,00000;0,99650;3
438,61600;57,64750;       0,46533; 90,78717;49,00000;20,00000;0,99661;3
438,52600;57,65750;       0,46649; 90,78635;50,00000;20,00000;0,99672;3
438,43399;57,66750;       0,46708; 90,78679;50,00000;20,00000;0,99683;3
438,33600;57,67750;       0,46786; 90,78601;49,00000;20,00000;0,99694;3
438,25000;57,68750;       0,46874; 90,78523;49,00000;20,00000;0,99705;3
438,15302;57,69750;       0,46951; 90,78567;50,00000;20,00000;0,99716;3
438,07199;57,70750;       0,47002; 90,78489;52,00000;20,00000;0,99726;3
437,97299;57,71750;       0,47006; 90,78531;50,00000;20,00000;0,99738;3
437,88501;57,72750;       0,47093; 90,78454;49,00000;20,00000;0,99748;3
437,79999;57,73750;       0,47153; 90,78376;51,00000;20,00000;0,99758;3
437,70599;57,74750;       0,47194; 90,78420;50,00000;20,00000;0,99770;3
437,61301;57,75750;       0,47272; 90,78342;52,00000;20,00000;0,99781;3
437,51999;57,76750;       0,47350; 90,78264;50,00000;20,00000;0,99792;3
437,42700;57,77750;       0,47437; 90,78307;49,00000;20,00000;0,99803;3
437,33401;57,78750;       0,47469; 90,78229;50,00000;20,00000;0,99814;3
437,25101;57,79750;       0,47501; 90,78272;50,00000;20,00000;0,99824;3
437,15701;57,80750;       0,47560; 90,78315;49,00000;20,00000;0,99835;3
437,06601;57,81750;       0,47638; 90,78240;49,00000;20,00000;0,99846;3
436,98300;57,82750;       0,47689; 90,78287;50,00000;20,00000;0,99856;3
436,88599;57,83750;       0,47730; 90,78330;51,00000;20,00000;0,99867;3
436,79300;57,84750;       0,47734; 90,78373;51,00000;20,00000;0,99878;3
436,70999;57,85750;       0,47747; 90,78416;49,00000;20,00000;0,99888;3
436,61700;57,86750;       0,47807; 90,78459;51,00000;20,00000;0,99899;3
436,52399;57,87750;       0,47894; 90,78501;50,00000;20,00000;0,99910;3
436,43399;57,88750;       0,47944; 90,78423;52,00000;20,00000;0,99921;3
436,34601;57,89750;       0,48013; 90,78462;50,00000;20,00000;0,99932;3
436,25500;57,90750;       0,48100; 90,78379;50,00000;20,00000;0,99942;3
436,16501;57,91750;       0,48168; 90,78422;50,00000;20,00000;0,99953;3
436,08600;57,92750;       0,48155; 90,78466;50,00000;20,00000;0,99962;3
435,97800;57,93750;       0,48158; 90,78387;49,00000;20,00000;0,99975;3
435,89600;57,94750;       0,48254; 90,78430;49,00000;20,00000;0,99985;3
435,80499;57,95750;       0,48314; 90,78352;49,00000;20,00000;0,99996;3
435,70999;57,96750;       0,48354; 90,78394;52,00000;20,00000;1,00007;3
435,61401;57,97750;       0,48395; 90,78316;50,00000;20,00000;1,00019;3
435,53799;57,98750;       0,48437; 90,78359;49,00000;20,00000;1,00028;3
435,45099;57,99750;       0,48459; 90,78281;51,00000;20,00000;1,00038;3
435,35501;58,00750;       0,48482; 90,78203;50,00000;20,00000;1,00049;3
435,26501;58,01750;       0,48569; 90,78246;52,00000;20,00000;1,00060;3
435,17200;58,02750;       0,48591; 90,78168;50,00000;20,00000;1,00071;3
435,07700;58,03750;       0,48650; 90,78211;50,00000;20,00000;1,00082;3
434,99200;58,04750;       0,48673; 90,78133;50,00000;20,00000;1,00092;3
434,89700;58,05750;       0,48741; 90,78176;50,00000;20,00000;1,00104;3
434,80899;58,06750;       0,48763; 90,78098;49,00000;20,00000;1,00114;3
434,72101;58,07750;       0,48758; 90,78140;49,00000;20,00000;1,00124;3
434,62799;58,08750;       0,48799; 90,78061;50,00000;20,00000;1,00136;3
434,54501;58,09750;       0,48859; 90,78103;50,00000;20,00000;1,00145;3
434,44800;58,10750;       0,48927; 90,78024;50,00000;20,00000;1,00157;3
434,37100;58,11750;       0,48977; 90,78066;49,00000;20,00000;1,00166;3
434,27802;58,12750;       0,48981; 90,77987;49,00000;20,00000;1,00177;3
434,19000;58,13750;       0,48994; 90,78029;50,00000;20,00000;1,00187;3
434,10300;58,14750;       0,49081; 90,77950;51,00000;20,00000;1,00198;3
434,00800;58,15750;       0,49113; 90,77992;49,00000;20,00000;1,00209;3
433,92099;58,16750;       0,49108; 90,77914;50,00000;20,00000;1,00219;3
433,84201;58,17750;       0,49131; 90,77957;50,00000;20,00000;1,00229;3
433,74701;58,18750;       0,49162; 90,77878;49,00000;20,00000;1,00240;3
433,64700;58,19750;       0,49193; 90,77919;50,00000;20,00000;1,00252;3
433,56799;58,20750;       0,49253; 90,77841;50,00000;20,00000;1,00261;3
433,47800;58,21750;       0,49266; 90,77884;50,00000;20,00000;1,00272;3
433,38800;58,22750;       0,49298; 90,77805;50,00000;20,00000;1,00282;3
433,30200;58,23750;       0,49348; 90,77848;49,00000;20,00000;1,00292;3
433,20901;58,24750;       0,49407; 90,77770;49,00000;20,00000;1,00303;3
433,11801;58,25750;       0,49438; 90,77812;51,00000;20,00000;1,00314;3
433,02399;58,26750;       0,49488; 90,77855;51,00000;20,00000;1,00325;3
432,94501;58,27750;       0,49492; 90,77777;50,00000;20,00000;1,00335;3
432,85001;58,28750;       0,49505; 90,77821;50,00000;20,00000;1,00346;3
432,76001;58,29750;       0,49546; 90,77863;50,00000;20,00000;1,00356;3
432,66199;58,30750;       0,49559; 90,77785;50,00000;20,00000;1,00368;3
432,57199;58,31750;       0,49572; 90,77829;49,00000;20,00000;1,00379;3
432,48401;58,32750;       0,49594; 90,77872;50,00000;20,00000;1,00389;3
432,39600;58,33750;       0,49653; 90,77795;50,00000;20,00000;1,00399;3
432,30200;58,34750;       0,49740; 90,77837;50,00000;20,00000;1,00410;3
432,20599;58,35750;       0,49716; 90,77759;50,00000;20,00000;1,00422;3
432,12100;58,36750;       0,49729; 90,77802;49,00000;20,00000;1,00432;3
432,03601;58,37750;       0,49742; 90,77725;50,00000;20,00000;1,00442;3
431,94000;58,38750;       0,49755; 90,77768;51,00000;20,00000;1,00453;3
431,85001;58,39750;       0,49759; 90,77690;51,00000;20,00000;1,00464;3
431,75900;58,40750;       0,49791; 90,77734;49,00000;20,00000;1,00474;3
431,66299;58,41750;       0,49831; 90,77777;49,00000;20,00000;1,00486;3
431,57401;58,42750;       0,49835; 90,77699;50,00000;20,00000;1,00496;3
431,48001;58,43750;       0,49857; 90,77742;50,00000;20,00000;1,00507;3
431,39801;58,44750;       0,49889; 90,77664;52,00000;20,00000;1,00517;3
431,30701;58,45750;       0,49920; 90,77707;50,00000;20,00000;1,00528;3
431,20300;58,46750;       0,49951; 90,77629;50,00000;20,00000;1,00540;3
431,13000;58,47750;       0,49992; 90,77672;50,00000;20,00000;1,00548;3
431,03000;58,48750;       0,49986; 90,77594;50,00000;20,00000;1,00560;3
430,94299;58,49750;       0,49972; 90,77637;49,00000;20,00000;1,00570;3
430,85699;58,50750;       0,49985; 90,77559;51,00000;20,00000;1,00581;3
430,75601;58,51750;       0,50007; 90,77602;50,00000;20,00000;1,00592;3
430,67001;58,52750;       0,50039; 90,77524;51,00000;20,00000;1,00602;3
430,57800;58,53750;       0,50024; 90,77568;49,00000;20,00000;1,00613;3
430,49301;58,54750;       0,50038; 90,77491;49,00000;20,00000;1,00623;3
430,39899;58,55750;       0,50078; 90,77533;50,00000;20,00000;1,00634;3
430,29401;58,56750;       0,50200; 90,77455;51,00000;20,00000;1,00647;3
430,21701;58,57750;       0,50232; 90,77499;51,00000;20,00000;1,00656;3
430,13101;58,58750;       0,50209; 90,77422;50,00000;20,00000;1,00666;3
430,03299;58,59750;       0,50221; 90,77465;50,00000;20,00000;1,00677;3
429,94299;58,60750;       0,50198; 90,77508;50,00000;20,00000;1,00688;3
429,85001;58,61750;       0,50183; 90,77431;50,00000;20,00000;1,00699;3
429,75800;58,62750;       0,50205; 90,77475;49,00000;20,00000;1,00710;3
429,66199;58,63750;       0,50236; 90,77397;51,00000;20,00000;1,00721;3
429,57001;58,64750;       0,50277; 90,77440;50,00000;20,00000;1,00732;3
429,48499;58,65750;       0,50336; 90,77363;52,00000;20,00000;1,00742;3
429,39600;58,66750;       0,50312; 90,77407;50,00000;20,00000;1,00752;3
429,29999;58,67750;       0,50297; 90,77329;50,00000;20,00000;1,00763;3
429,21399;58,68750;       0,50302; 90,77373;51,00000;20,00000;1,00773;3
429,11700;58,69750;       0,50351; 90,77296;50,00000;20,00000;1,00785;3
429,01999;58,70750;       0,50418; 90,77340;52,00000;20,00000;1,00796;3
428,92801;58,71750;       0,50440; 90,77384;50,00000;20,00000;1,00807;3
428,84698;58,72750;       0,50454; 90,77308;50,00000;20,00000;1,00816;3
428,74200;58,73750;       0,50484; 90,77351;50,00000;20,00000;1,00829;3
428,65302;58,74750;       0,50461; 90,77395;50,00000;20,00000;1,00839;3
428,56299;58,75750;       0,50437; 90,77440;49,00000;20,00000;1,00849;3
428,46799;58,76750;       0,50450; 90,77483;51,00000;20,00000;1,00861;3
428,37000;58,77750;       0,50490; 90,77527;50,00000;20,00000;1,00872;3
428,28601;58,78750;       0,50476; 90,77571;50,00000;20,00000;1,00882;3
428,18600;58,79750;       0,50488; 90,77616;49,00000;20,00000;1,00894;3
428,10501;58,80750;       0,50502; 90,77660;49,00000;20,00000;1,00903;3
428,00101;58,81750;       0,50514; 90,77704;51,00000;20,00000;1,00915;3
427,91501;58,82750;       0,50527; 90,77748;50,00000;20,00000;1,00925;3
427,81100;58,83750;       0,50540; 90,77793;52,00000;20,00000;1,00937;3
427,72699;58,84750;       0,50571; 90,77838;49,00000;20,00000;1,00947;3
427,63599;58,85750;       0,50548; 90,77883;50,00000;20,00000;1,00958;3
427,53699;58,86750;       0,50578; 90,77927;50,00000;20,00000;1,00969;3
427,43500;58,87750;       0,50618; 90,77971;50,00000;20,00000;1,00981;3
427,34500;58,88750;       0,50713; 90,78016;49,00000;20,00000;1,00992;3
427,25500;58,89750;       0,50699; 90,78061;49,00000;20,00000;1,01002;3
427,16299;58,90750;       0,50684; 90,78106;50,00000;20,00000;1,01013;3
427,06699;58,91750;       0,50688; 90,78150;50,00000;20,00000;1,01024;3
426,96799;58,92750;       0,50709; 90,78194;49,00000;20,00000;1,01036;3
426,88199;58,93750;       0,50695; 90,78239;49,00000;20,00000;1,01046;3
426,79001;58,94750;       0,50681; 90,78284;50,00000;20,00000;1,01056;3
426,69199;58,95750;       0,50702; 90,78328;51,00000;20,00000;1,01068;3
426,59900;58,96750;       0,50724; 90,78373;51,00000;20,00000;1,01079;3
426,49701;58,97750;       0,50727; 90,78417;49,00000;20,00000;1,01091;3
426,41400;58,98750;       0,50777; 90,78462;50,00000;20,00000;1,01100;3
426,31400;58,99750;       0,50790; 90,78507;50,00000;20,00000;1,01112;3
426,22501;59,00750;       0,50821; 90,78551;50,00000;20,00000;1,01122;3
426,12500;59,01750;       0,50824; 90,78475;49,00000;20,00000;1,01134;3
426,04001;59,02750;       0,50819; 90,78520;49,00000;20,00000;1,01144;3
425,94601;59,03750;       0,50814; 90,78564;50,00000;20,00000;1,01155;3
425,84399;59,04750;       0,50835; 90,78609;50,00000;20,00000;1,01166;3
425,76001;59,05750;       0,50830; 90,78534;49,00000;20,00000;1,01176;3
425,65799;59,06750;       0,50824; 90,78579;49,00000;20,00000;1,01188;3
425,55600;59,07750;       0,50873; 90,78624;49,00000;20,00000;1,01200;3
425,46301;59,08750;       0,50922; 90,78549;51,00000;20,00000;1,01211;3
425,37500;59,09750;       0,50944; 90,78595;50,00000;20,00000;1,01221;3
425,27701;59,10750;       0,50930; 90,78640;49,00000;20,00000;1,01232;3
425,18500;59,11750;       0,50970; 90,78686;50,00000;20,00000;1,01243;3
425,08401;59,12750;       0,50982; 90,78611;50,00000;20,00000;1,01255;3
424,98700;59,13750;       0,50949; 90,78414;52,00000;20,00000;1,01266;3
424,88400;59,14750;       0,50961; 90,78218;49,00000;20,00000;1,01278;3
424,79401;59,15750;       0,51047; 90,77901;49,00000;20,00000;1,01288;3
424,70200;59,16750;       0,51014; 90,77706;50,00000;20,00000;1,01299;3
424,61401;59,17750;       0,50982; 90,77631;50,00000;20,00000;1,01309;3
424,50500;59,18750;       0,51012; 90,77555;50,00000;20,00000;1,01322;3
424,41199;59,19750;       0,51070; 90,77480;49,00000;20,00000;1,01333;3
424,31400;59,20750;       0,51074; 90,77404;49,00000;20,00000;1,01344;3
424,21701;59,21750;       0,51068; 90,77329;51,00000;20,00000;1,01355;3
424,12399;59,22750;       0,51063; 90,77254;51,00000;20,00000;1,01366;3
424,03601;59,23750;       0,51057; 90,77179;49,00000;20,00000;1,01376;3
423,93399;59,24750;       0,51070; 90,77224;49,00000;20,00000;1,01388;3
423,84100;59,25750;       0,51101; 90,77148;49,00000;20,00000;1,01399;3
423,74301;59,26750;       0,51122; 90,77074;52,00000;20,00000;1,01410;3
423,65201;59,27750;       0,51144; 90,77120;50,00000;20,00000;1,01421;3
423,54901;59,28750;       0,51147; 90,77045;49,00000;20,00000;1,01433;3
423,45401;59,29750;       0,51151; 90,77092;50,00000;20,00000;1,01444;3
423,35400;59,30750;       0,51190; 90,77017;50,00000;20,00000;1,01455;3
423,25299;59,31750;       0,51203; 90,77064;50,00000;20,00000;1,01467;3
423,16101;59,32750;       0,51188; 90,76990;49,00000;20,00000;1,01477;3
423,06299;59,33750;       0,51201; 90,77037;49,00000;20,00000;1,01489;3
422,96301;59,34750;       0,51195; 90,77083;51,00000;20,00000;1,01500;3
422,86200;59,35750;       0,51198; 90,77130;50,00000;20,00000;1,01512;3
422,77200;59,36750;       0,51265; 90,77176;49,00000;20,00000;1,01522;3
422,66000;59,37750;       0,51322; 90,77100;49,00000;20,00000;1,01535;3
422,57199;59,38750;       0,51326; 90,77146;49,00000;20,00000;1,01545;3
422,48401;59,39750;       0,51321; 90,77193;52,00000;20,00000;1,01556;3
422,39200;59,40750;       0,51334; 90,77118;49,00000;20,00000;1,01566;3
422,28601;59,41750;       0,51364; 90,77164;49,00000;20,00000;1,01578;3
422,19101;59,42750;       0,51395; 90,77090;50,00000;20,00000;1,01589;3
422,08899;59,43750;       0,51398; 90,77137;50,00000;20,00000;1,01601;3
421,98999;59,44750;       0,51392; 90,77063;49,00000;20,00000;1,01613;3
421,88501;59,45750;       0,51404; 90,77110;49,00000;20,00000;1,01625;3
421,79501;59,46750;       0,51408; 90,77157;50,00000;20,00000;1,01635;3
421,69601;59,47750;       0,51393; 90,77083;50,00000;20,00000;1,01646;3
421,59900;59,48750;       0,51424; 90,77129;49,00000;20,00000;1,01658;3
421,48901;59,49750;       0,51436; 90,77054;49,00000;20,00000;1,01670;3
421,40900;59,50750;       0,51494; 90,77105;49,00000;20,00000;1,01679;3
421,30701;59,51750;       0,51461; 90,77036;51,00000;20,00000;1,01691;3
421,21399;59,52750;       0,51465; 90,76958;51,00000;20,00000;1,01702;3
421,11099;59,53750;       0,51495; 90,76879;49,00000;20,00000;1,01714;3
421,00699;59,54750;       0,51507; 90,76806;49,00000;20,00000;1,01726;3
420,91400;59,55750;       0,51529; 90,76733;50,00000;20,00000;1,01736;3
420,80499;59,56750;       0,51577; 90,76780;50,00000;20,00000;1,01749;3
420,70700;59,57750;       0,51599; 90,76706;49,00000;20,00000;1,01760;3
420,60699;59,58750;       0,51593; 90,76632;49,00000;20,00000;1,01772;3
420,51801;59,59750;       0,51579; 90,76684;49,00000;20,00000;1,01782;3
420,40799;59,60750;       0,51563; 90,76614;50,00000;20,00000;1,01795;3
420,32501;59,61750;       0,51622; 90,76656;49,00000;20,00000;1,01804;3
420,22198;59,62750;       0,51661; 90,76578;49,00000;20,00000;1,01816;3
420,12399;59,63750;       0,51664; 90,76508;49,00000;20,00000;1,01827;3
420,02600;59,64750;       0,51677; 90,76560;50,00000;20,00000;1,01838;3
419,92200;59,65750;       0,51689; 90,76482;52,00000;20,00000;1,01850;3
419,82401;59,66750;       0,51683; 90,76404;50,00000;20,00000;1,01862;3
419,71701;59,67750;       0,51704; 90,76455;49,00000;20,00000;1,01874;3
419,62299;59,68750;       0,51726; 90,76386;50,00000;20,00000;1,01885;3
419,52802;59,69750;       0,51747; 90,76309;50,00000;20,00000;1,01895;3
419,43100;59,70750;       0,51769; 90,76232;52,00000;20,00000;1,01907;3
419,32101;59,71750;       0,51808; 90,76161;50,00000;20,00000;1,01919;3
419,22699;59,72750;       0,51811; 90,76213;49,00000;20,00000;1,01930;3
419,13501;59,73750;       0,51797; 90,76136;50,00000;20,00000;1,01941;3
419,02600;59,74750;       0,51818; 90,76058;50,00000;20,00000;1,01953;3
418,93201;59,75750;       0,51830; 90,76110;49,00000;20,00000;1,01964;3
418,82599;59,76750;       0,51869; 90,76041;49,00000;20,00000;1,01976;3
418,73300;59,77750;       0,51873; 90,75964;49,00000;20,00000;1,01987;3
418,63400;59,78750;       0,51876; 90,76007;50,00000;20,00000;1,01998;3
418,53000;59,79750;       0,51897; 90,75933;52,00000;20,00000;1,02010;3
418,42899;59,80750;       0,51918; 90,75860;50,00000;20,00000;1,02021;3
418,33701;59,81750;       0,51904; 90,75787;49,00000;20,00000;1,02032;3
418,23401;59,82750;       0,51961; 90,75713;51,00000;20,00000;1,02044;3
418,12900;59,83750;       0,51991; 90,75640;50,00000;20,00000;1,02056;3
418,03900;59,84750;       0,52031; 90,75567;52,00000;20,00000;1,02066;3
417,92700;59,85750;       0,52052; 90,75615;50,00000;20,00000;1,02079;3
417,83899;59,86750;       0,52065; 90,75542;50,00000;20,00000;1,02089;3
417,73099;59,87750;       0,52040; 90,75469;50,00000;20,00000;1,02101;3
417,63101;59,88750;       0,52044; 90,75400;50,00000;20,00000;1,02112;3
417,53699;59,89750;       0,52065; 90,75331;49,00000;20,00000;1,02123;3
417,42499;59,90750;       0,52086; 90,75374;49,00000;20,00000;1,02136;3
417,32599;59,91750;       0,52107; 90,75297;50,00000;20,00000;1,02147;3
417,23901;59,92750;       0,52129; 90,75229;51,00000;20,00000;1,02157;3
417,13300;59,93750;       0,52114; 90,75282;50,00000;20,00000;1,02169;3
417,03500;59,94750;       0,52135; 90,75204;49,00000;20,00000;1,02180;3
416,92801;59,95750;       0,52156; 90,75247;49,00000;20,00000;1,02192;3
416,82901;59,96750;       0,52169; 90,75178;51,00000;20,00000;1,02204;3
416,73001;59,97750;       0,52217; 90,75231;50,00000;20,00000;1,02215;3
416,63199;59,98750;       0,52229; 90,75274;49,00000;20,00000;1,02226;3
416,52600;59,99750;       0,52277; 90,75318;50,00000;20,00000;1,02238;3
416,43600;60,00750;       0,52317; 90,75371;50,00000;20,00000;1,02248;3
416,32401;60,01750;       0,52338; 90,75423;50,00000;20,00000;1,02261;3
416,23300;60,02750;       0,52341; 90,75466;50,00000;20,00000;1,02272;3
416,12701;60,03750;       0,52353; 90,75510;50,00000;20,00000;1,02284;3
416,03000;60,04750;       0,52347; 90,75558;51,00000;20,00000;1,02295;3
415,92899;60,05750;       0,52396; 90,75606;50,00000;20,00000;1,02306;3
415,82101;60,06750;       0,52425; 90,75654;50,00000;20,00000;1,02318;3
415,72400;60,07750;       0,52438; 90,75702;50,00000;20,00000;1,02329;3
415,62799;60,08750;       0,52423; 90,75750;49,00000;20,00000;1,02340;3
415,52802;60,09750;       0,52408; 90,75799;49,00000;20,00000;1,02352;3
415,42801;60,10750;       0,52421; 90,75726;51,00000;20,00000;1,02363;3
415,32199;60,11750;       0,52441; 90,75775;50,00000;20,00000;1,02375;3
415,21701;60,12750;       0,52435; 90,75823;49,00000;20,00000;1,02387;3
415,11700;60,13750;       0,52430; 90,75755;49,00000;20,00000;1,02398;3
415,01501;60,14750;       0,52451; 90,75807;50,00000;20,00000;1,02410;3
414,91400;60,15750;       0,52472; 90,75851;50,00000;20,00000;1,02421;3
414,82101;60,16750;       0,52511; 90,75774;50,00000;20,00000;1,02432;3
414,71899;60,17750;       0,52541; 90,75826;49,00000;20,00000;1,02443;3
414,61600;60,18750;       0,52544; 90,75879;49,00000;20,00000;1,02455;3
414,51700;60,19750;       0,52557; 90,75802;50,00000;20,00000;1,02466;3
414,42200;60,20750;       0,52578; 90,75847;50,00000;20,00000;1,02477;3
414,31100;60,21750;       0,52572; 90,75900;49,00000;20,00000;1,02490;3
414,20099;60,22750;       0,52547; 90,75832;49,00000;20,00000;1,02502;3
414,10599;60,23750;       0,52596; 90,75876;51,00000;20,00000;1,02513;3
414,00201;60,24750;       0,52671; 90,75920;51,00000;20,00000;1,02525;3
413,90900;60,25750;       0,52683; 90,75853;49,00000;20,00000;1,02535;3
413,80499;60,26750;       0,52686; 90,75905;49,00000;20,00000;1,02547;3
413,70200;60,27750;       0,52671; 90,75828;50,00000;20,00000;1,02558;3
413,60001;60,28750;       0,52683; 90,75872;51,00000;20,00000;1,02570;3
413,50201;60,29750;       0,52696; 90,75921;51,00000;20,00000;1,02581;3
413,39499;60,30750;       0,52716; 90,75848;49,00000;20,00000;1,02593;3
413,29401;60,31750;       0,52738; 90,75775;49,00000;20,00000;1,02605;3
413,19101;60,32750;       0,52767; 90,75703;50,00000;20,00000;1,02616;3
413,09698;60,33750;       0,52780; 90,75509;49,00000;20,00000;1,02627;3
412,99899;60,34750;       0,52774; 90,75437;49,00000;20,00000;1,02638;3
412,89700;60,35750;       0,52786; 90,75243;49,00000;20,00000;1,02649;3
412,79501;60,36750;       0,52789; 90,75171;51,00000;20,00000;1,02661;3
412,69400;60,37750;       0,52793; 90,75099;50,00000;20,00000;1,02672;3
412,59299;60,38750;       0,52796; 90,75032;49,00000;20,00000;1,02684;3
412,48199;60,39750;       0,52888; 90,74964;50,00000;20,00000;1,02696;3
412,38101;60,40750;       0,52882; 90,74888;50,00000;20,00000;1,02708;3
412,28101;60,41750;       0,52885; 90,74811;52,00000;20,00000;1,02719;3
412,17999;60,42750;       0,52870; 90,74743;50,00000;20,00000;1,02730;3
412,08401;60,43750;       0,52874; 90,74796;49,00000;20,00000;1,02741;3
411,98001;60,44750;       0,52922; 90,74719;50,00000;20,00000;1,02753;3
411,87299;60,45750;       0,52916; 90,74642;50,00000;20,00000;1,02765;3
411,77701;60,46750;       0,52946; 90,74575;49,00000;20,00000;1,02776;3
411,67599;60,47750;       0,52976; 90,74507;49,00000;20,00000;1,02787;3
411,56699;60,48750;       0,52987; 90,74550;50,00000;20,00000;1,02799;3
411,47198;60,49750;       0,53009; 90,74473;51,00000;20,00000;1,02810;3
411,37000;60,50750;       0,53048; 90,74404;50,00000;20,00000;1,02821;3
411,27600;60,51750;       0,53078; 90,74336;49,00000;20,00000;1,02832;3
411,17700;60,52750;       0,53090; 90,74259;49,00000;20,00000;1,02843;3
411,07001;60,53750;       0,53111; 90,74304;51,00000;20,00000;1,02855;3
410,97000;60,54750;       0,53096; 90,74231;50,00000;20,00000;1,02866;3
410,86200;60,55750;       0,53108; 90,74159;49,00000;20,00000;1,02878;3
410,76501;60,56750;       0,53156; 90,74087;49,00000;20,00000;1,02889;3
410,66699;60,57750;       0,53159; 90,74137;50,00000;20,00000;1,02900;3
410,55899;60,58750;       0,53189; 90,74064;50,00000;20,00000;1,02912;3
410,45901;60,59750;       0,53201; 90,74113;49,00000;20,00000;1,02924;3
410,35400;60,60750;       0,53177; 90,74041;49,00000;20,00000;1,02935;3
410,25699;60,61750;       0,53225; 90,74090;51,00000;20,00000;1,02946;3
410,15302;60,62750;       0,53300; 90,74138;50,00000;20,00000;1,02958;3
410,05200;60,63750;       0,53303; 90,74187;49,00000;20,00000;1,02969;3
409,94601;60,64750;       0,53261; 90,74236;49,00000;20,00000;1,02981;3
409,85501;60,65750;       0,53256; 90,74285;50,00000;20,00000;1,02991;3
409,74701;60,66750;       0,53294; 90,74334;51,00000;20,00000;1,03003;3
409,64301;60,67750;       0,53315; 90,74383;49,00000;20,00000;1,03015;3
409,53699;60,68750;       0,53327; 90,74431;49,00000;20,00000;1,03027;3
409,43799;60,69750;       0,53303; 90,74480;50,00000;20,00000;1,03038;3
409,33499;60,70750;       0,53333; 90,74408;50,00000;20,00000;1,03049;3
409,23599;60,71750;       0,53444; 90,74457;49,00000;20,00000;1,03060;3
409,14001;60,72750;       0,53474; 90,74385;49,00000;20,00000;1,03071;3
409,03000;60,73750;       0,53432; 90,74434;50,00000;20,00000;1,03083;3
408,92499;60,74750;       0,53426; 90,74361;50,00000;20,00000;1,03095;3
408,82999;60,75750;       0,53438; 90,74411;49,00000;20,00000;1,03106;3
408,73599;60,76750;       0,53468; 90,74339;49,00000;20,00000;1,03116;3
408,61600;60,77750;       0,53452; 90,74387;49,00000;20,00000;1,03130;3
408,52200;60,78750;       0,53456; 90,74316;51,00000;20,00000;1,03140;3
408,42099;60,79750;       0,53468; 90,74365;50,00000;20,00000;1,03151;3
408,31900;60,80750;       0,53489; 90,74292;49,00000;20,00000;1,03163;3
408,20901;60,81750;       0,53491; 90,74339;50,00000;20,00000;1,03175;3
408,11301;60,82750;       0,53504; 90,74267;50,00000;20,00000;1,03186;3
408,01901;60,83750;       0,53516; 90,74195;50,00000;20,00000;1,03196;3
407,92599;60,84750;       0,53511; 90,74243;49,00000;20,00000;1,03207;3
407,81799;60,85750;       0,53549; 90,74171;49,00000;20,00000;1,03219;3
407,71799;60,86750;       0,53561; 90,74219;50,00000;20,00000;1,03230;3
407,60699;60,87750;       0,53591; 90,74147;50,00000;20,00000;1,03242;3
407,51199;60,88750;       0,53594; 90,74196;49,00000;20,00000;1,03253;3
407,40900;60,89750;       0,53606; 90,74123;49,00000;20,00000;1,03264;3
407,30301;60,90750;       0,53591; 90,74051;51,00000;20,00000;1,03276;3
407,21201;60,91750;       0,53675; 90,74100;50,00000;20,00000;1,03286;3
407,10800;60,92750;       0,53669; 90,74029;52,00000;20,00000;1,03298;3
407,00500;60,93750;       0,53717; 90,74078;49,00000;20,00000;1,03309;3
406,89899;60,94750;       0,53710; 90,74006;50,00000;20,00000;1,03321;3
406,79199;60,95750;       0,53722; 90,74055;50,00000;20,00000;1,03333;3
406,69800;60,96750;       0,53708; 90,73984;50,00000;20,00000;1,03343;3
406,58600;60,97750;       0,53719; 90,74033;49,00000;20,00000;1,03356;3
406,48801;60,98750;       0,53758; 90,73962;50,00000;20,00000;1,03367;3
406,38599;60,99750;       0,53761; 90,73891;50,00000;20,00000;1,03378;3
406,28101;61,00750;       0,53782; 90,73940;49,00000;20,00000;1,03390;3
406,17899;61,01750;       0,53785; 90,73868;49,00000;20,00000;1,03401;3
406,07401;61,02750;       0,53770; 90,73917;50,00000;20,00000;1,03412;3
405,97400;61,03750;       0,53791; 90,73845;50,00000;20,00000;1,03424;3
405,86899;61,04750;       0,53820; 90,73894;51,00000;20,00000;1,03435;3
405,77399;61,05750;       0,53824; 90,73822;49,00000;20,00000;1,03446;3
405,66501;61,06750;       0,53809; 90,73750;50,00000;20,00000;1,03458;3
405,56900;61,07750;       0,53812; 90,73798;50,00000;20,00000;1,03468;3
405,45901;61,08750;       0,53824; 90,73726;50,00000;20,00000;1,03481;3
405,37299;61,09750;       0,53890; 90,73776;49,00000;20,00000;1,03490;3
405,26401;61,10750;       0,53910; 90,73704;50,00000;20,00000;1,03502;3
405,15500;61,11750;       0,53886; 90,73752;50,00000;20,00000;1,03514;3
405,06000;61,12750;       0,53863; 90,73680;50,00000;20,00000;1,03525;3
404,95200;61,13750;       0,53937; 90,73608;49,00000;20,00000;1,03537;3
404,85101;61,14750;       0,54002; 90,73656;51,00000;20,00000;1,03548;3
404,75500;61,15750;       0,53952; 90,73584;50,00000;20,00000;1,03558;3
404,66400;61,16750;       0,53938; 90,73634;52,00000;20,00000;1,03569;3
404,55600;61,17750;       0,53932; 90,73562;50,00000;20,00000;1,03580;3
404,45001;61,18750;       0,53952; 90,73611;50,00000;20,00000;1,03592;3
404,34399;61,19750;       0,53991; 90,73539;50,00000;20,00000;1,03604;3
404,23700;61,20750;       0,53994; 90,73589;51,00000;20,00000;1,03616;3
404,13800;61,21750;       0,53988; 90,73517;51,00000;20,00000;1,03627;3
404,03500;61,22750;       0,54000; 90,73445;50,00000;20,00000;1,03638;3
403,93201;61,23750;       0,54038; 90,73494;50,00000;20,00000;1,03649;3
403,84100;61,24750;       0,54042; 90,73423;50,00000;20,00000;1,03659;3
403,73300;61,25750;       0,54062; 90,73351;49,00000;20,00000;1,03671;3
403,62299;61,26750;       0,54092; 90,73157;49,00000;20,00000;1,03683;3
403,52802;61,27750;       0,54113; 90,72965;51,00000;20,00000;1,03694;3
403,43100;61,28750;       0,54125; 90,72773;51,00000;20,00000;1,03705;3
403,32101;61,29750;       0,54145; 90,72579;49,00000;20,00000;1,03717;3
403,21500;61,30750;       0,54166; 90,72506;49,00000;20,00000;1,03728;3
403,12601;61,31750;       0,54170; 90,72434;50,00000;20,00000;1,03738;3
403,01999;61,32750;       0,54164; 90,72240;52,00000;20,00000;1,03750;3
402,91901;61,33750;       0,54193; 90,72167;50,00000;20,00000;1,03761;3
402,82501;61,34750;       0,54233; 90,72095;50,00000;20,00000;1,03771;3
402,72501;61,35750;       0,54245; 90,72144;50,00000;20,00000;1,03782;3
402,62000;61,36750;       0,54238; 90,72071;50,00000;20,00000;1,03794;3
402,51801;61,37750;       0,54224; 90,71999;49,00000;20,00000;1,03805;3
402,42200;61,38750;       0,54236; 90,71928;49,00000;20,00000;1,03816;3
402,31699;61,39750;       0,54257; 90,71857;51,00000;20,00000;1,03827;3
402,21100;61,40750;       0,54259; 90,71785;50,00000;20,00000;1,03839;3
402,10800;61,41750;       0,54262; 90,71714;49,00000;20,00000;1,03850;3
401,99799;61,42750;       0,54247; 90,71643;50,00000;20,00000;1,03862;3
401,89999;61,43750;       0,54242; 90,71571;50,00000;20,00000;1,03873;3
401,79599;61,44750;       0,54245; 90,71621;51,00000;20,00000;1,03884;3
401,69901;61,45750;       0,54283; 90,71550;49,00000;20,00000;1,03895;3
401,59201;61,46750;       0,54313; 90,71478;49,00000;20,00000;1,03907;3
401,48599;61,47750;       0,54307; 90,71406;50,00000;20,00000;1,03918;3
401,38501;61,48750;       0,54310; 90,71334;49,00000;20,00000;1,03929;3
401,28699;61,49750;       0,54322; 90,71263;49,00000;20,00000;1,03940;3
401,18701;61,50750;       0,54360; 90,71312;49,00000;20,00000;1,03951;3
401,08200;61,51750;       0,54408; 90,71361;51,00000;20,00000;1,03962;3
400,97699;61,52750;       0,54402; 90,71290;50,00000;20,00000;1,03974;3
400,87399;61,53750;       0,54387; 90,71339;49,00000;20,00000;1,03985;3
400,77200;61,54750;       0,54372; 90,71388;50,00000;20,00000;1,03996;3
400,66501;61,55750;       0,54393; 90,71437;51,00000;20,00000;1,04008;3
400,56900;61,56750;       0,54405; 90,71486;50,00000;20,00000;1,04019;3
400,46600;61,57750;       0,54443; 90,71535;52,00000;20,00000;1,04030;3
400,36499;61,58750;       0,54464; 90,71584;50,00000;20,00000;1,04041;3
400,26300;61,59750;       0,54476; 90,71634;50,00000;20,00000;1,04052;3
400,16501;61,60750;       0,54479; 90,71683;50,00000;20,00000;1,04063;3
400,05600;61,61750;       0,54446; 90,71732;49,00000;20,00000;1,04075;3
399,95499;61,62750;       0,54467; 90,71781;49,00000;20,00000;1,04086;3
399,84900;61,63750;       0,54523; 90,71830;51,00000;20,00000;1,04097;3
399,75400;61,64750;       0,54544; 90,71879;50,00000;20,00000;1,04108;3
399,65100;61,65750;       0,54565; 90,71928;49,00000;20,00000;1,04119;3
399,54501;61,66750;       0,54586; 90,71977;50,00000;20,00000;1,04130;3
399,44601;61,67750;       0,54562; 90,72027;51,00000;20,00000;1,04141;3
399,35001;61,68750;       0,54574; 90,72076;50,00000;20,00000;1,04152;3
399,23199;61,69750;       0,54577; 90,72125;49,00000;20,00000;1,04164;3
399,13800;61,70750;       0,54562; 90,72175;50,00000;20,00000;1,04175;3
399,03299;61,71750;       0,54556; 90,72224;50,00000;20,00000;1,04186;3
398,93201;61,72750;       0,54586; 90,72274;50,00000;20,00000;1,04197;3
398,83301;61,73750;       0,54616; 90,72323;50,00000;20,00000;1,04208;3
398,72800;61,74750;       0,54619; 90,72373;51,00000;20,00000;1,04219;3
398,61899;61,75750;       0,54648; 90,72421;50,00000;20,00000;1,04231;3
398,51901;61,76750;       0,54677; 90,72470;52,00000;20,00000;1,04242;3
398,41599;61,77750;       0,54689; 90,72519;51,00000;20,00000;1,04253;3
398,32101;61,78750;       0,54702; 90,72568;49,00000;20,00000;1,04264;3
398,22000;61,79750;       0,54678; 90,72617;51,00000;20,00000;1,04275;3
398,11899;61,80750;       0,54681; 90,72666;50,00000;20,00000;1,04286;3
398,01300;61,81750;       0,54702; 90,72715;49,00000;20,00000;1,04297;3
397,91800;61,82750;       0,54732; 90,72764;50,00000;20,00000;1,04307;3
397,80600;61,83750;       0,54752; 90,72813;50,00000;20,00000;1,04320;3
397,70801;61,84750;       0,54728; 90,72863;50,00000;20,00000;1,04330;3
397,60800;61,85750;       0,54740; 90,72913;49,00000;20,00000;1,04341;3
397,50601;61,86750;       0,54699; 90,72962;49,00000;20,00000;1,04352;3
397,39001;61,87750;       0,54772; 90,73011;50,00000;20,00000;1,04365;3
397,29099;61,88750;       0,54784; 90,73061;51,00000;20,00000;1,04375;3
397,19699;61,89750;       0,54779; 90,73111;49,00000;20,00000;1,04386;3
397,08600;61,90750;       0,54808; 90,73159;51,00000;20,00000;1,04398;3
396,99100;61,91750;       0,54820; 90,73208;50,00000;20,00000;1,04408;3
396,88101;61,92750;       0,54840; 90,73258;52,00000;20,00000;1,04420;3
396,79401;61,93750;       0,54818; 90,73308;50,00000;20,00000;1,04429;3
396,68201;61,94750;       0,54829; 90,73357;50,00000;20,00000;1,04441;3
396,57901;61,95750;       0,54859; 90,73407;50,00000;20,00000;1,04452;3
396,47299;61,96750;       0,54844; 90,73457;50,00000;20,00000;1,04464;3
396,37000;61,97750;       0,54864; 90,73506;49,00000;20,00000;1,04475;3
396,26199;61,98750;       0,54876; 90,73556;49,00000;20,00000;1,04487;3
396,16501;61,99750;       0,54870; 90,73605;52,00000;20,00000;1,04497;3
396,05801;62,00750;       0,54882; 90,73654;50,00000;20,00000;1,04509;3
395,96500;62,01750;       0,54903; 90,73703;49,00000;20,00000;1,04519;3
395,85901;62,02750;       0,54897; 90,73752;49,00000;20,00000;1,04530;3
395,76001;62,03750;       0,54909; 90,73801;52,00000;20,00000;1,04541;3
395,65399;62,04750;       0,54930; 90,73851;50,00000;20,00000;1,04552;3
395,55801;62,05750;       0,54924; 90,73900;49,00000;20,00000;1,04563;3
395,44901;62,06750;       0,54962; 90,73949;49,00000;20,00000;1,04574;3
395,34500;62,07750;       0,54956; 90,73999;50,00000;20,00000;1,04586;3
395,25000;62,08750;       0,54951; 90,74048;49,00000;20,00000;1,04596;3
395,14099;62,09750;       0,54971; 90,74097;49,00000;20,00000;1,04608;3
395,03500;62,10750;       0,54965; 90,74147;50,00000;20,00000;1,04619;3
394,94601;62,11750;       0,54969; 90,74197;50,00000;20,00000;1,04629;3
394,83701;62,12750;       0,54989; 90,74247;49,00000;20,00000;1,04640;3
394,72601;62,13750;       0,55000; 90,74296;49,00000;20,00000;1,04652;3
394,62701;62,14750;       0,55013; 90,74345;50,00000;20,00000;1,04663;3
394,52600;62,15750;       0,55007; 90,74395;51,00000;20,00000;1,04674;3
394,42200;62,16750;       0,55063; 90,74323;49,00000;20,00000;1,04685;3
394,31900;62,17750;       0,55074; 90,74372;49,00000;20,00000;1,04696;3
394,22699;62,18750;       0,55060; 90,74421;50,00000;20,00000;1,04706;3
394,10800;62,19750;       0,55027; 90,74470;50,00000;20,00000;1,04719;3
394,02100;62,20750;       0,55049; 90,74520;50,00000;20,00000;1,04728;3
393,91501;62,21750;       0,55069; 90,74449;49,00000;20,00000;1,04739;3
393,81601;62,22750;       0,55090; 90,74377;51,00000;20,00000;1,04750;3
393,70999;62,23750;       0,55093; 90,74064;50,00000;20,00000;1,04762;3
393,59698;62,24750;       0,55139; 90,73750;49,00000;20,00000;1,04774;3
393,50500;62,25750;       0,55125; 90,73438;49,00000;20,00000;1,04783;3
393,40100;62,26750;       0,55084; 90,73245;51,00000;20,00000;1,04795;3
393,29800;62,27750;       0,55096; 90,73053;50,00000;20,00000;1,04806;3
393,19501;62,28750;       0,55090; 90,72981;49,00000;20,00000;1,04817;3
393,09698;62,29750;       0,55085; 90,72910;50,00000;20,00000;1,04827;3
392,99600;62,30750;       0,55079; 90,72718;50,00000;20,00000;1,04838;3
392,88901;62,31750;       0,55108; 90,72646;50,00000;20,00000;1,04850;3
392,77899;62,32750;       0,55120; 90,72574;49,00000;20,00000;1,04861;3
392,68900;62,33750;       0,55141; 90,72503;49,00000;20,00000;1,04871;3
392,57800;62,34750;       0,55135; 90,72552;52,00000;20,00000;1,04883;3
392,48199;62,35750;       0,55191; 90,72480;50,00000;20,00000;1,04893;3
392,38000;62,36750;       0,55220; 90,72530;49,00000;20,00000;1,04904;3
392,27600;62,37750;       0,55249; 90,72458;51,00000;20,00000;1,04915;3
392,17300;62,38750;       0,55244; 90,72507;50,00000;20,00000;1,04926;3
392,07800;62,39750;       0,55265; 90,72556;51,00000;20,00000;1,04936;3
391,96799;62,40750;       0,55241; 90,72485;49,00000;20,00000;1,04948;3
391,87000;62,41750;       0,55253; 90,72534;50,00000;20,00000;1,04958;3
391,76901;62,42750;       0,55256; 90,72463;50,00000;20,00000;1,04969;3
391,66000;62,43750;       0,55259; 90,72513;49,00000;20,00000;1,04981;3
391,56201;62,44750;       0,55253; 90,72442;49,00000;20,00000;1,04991;3
391,45001;62,45750;       0,55264; 90,72492;50,00000;20,00000;1,05003;3
391,35599;62,46750;       0,55250; 90,72420;50,00000;20,00000;1,05013;3
391,24301;62,47750;       0,55244; 90,72349;49,00000;20,00000;1,05025;3
391,14801;62,48750;       0,55221; 90,72398;49,00000;20,00000;1,05035;3
391,04599;62,49750;       0,55224; 90,72326;50,00000;20,00000;1,05046;3
390,94601;62,50750;       0,55254; 90,72255;50,00000;20,00000;1,05057;3
390,84698;62,51750;       0,55257; 90,72305;50,00000;20,00000;1,05067;3
390,74100;62,52750;       0,55330; 90,72233;49,00000;20,00000;1,05079;3
390,63300;62,53750;       0,55350; 90,72282;50,00000;20,00000;1,05090;3
390,53400;62,54750;       0,55327; 90,72211;50,00000;20,00000;1,05101;3
390,42801;62,55750;       0,55339; 90,72261;49,00000;20,00000;1,05112;3
390,33499;62,56750;       0,55325; 90,72189;49,00000;20,00000;1,05122;3
390,22601;62,57750;       0,55292; 90,72239;51,00000;20,00000;1,05134;3
390,12500;62,58750;       0,55296; 90,72167;50,00000;20,00000;1,05144;3
390,01999;62,59750;       0,55386; 90,72095;49,00000;20,00000;1,05155;3
389,91599;62,60750;       0,55398; 90,72144;49,00000;20,00000;1,05166;3
389,82501;62,61750;       0,55437; 90,72073;51,00000;20,00000;1,05176;3
389,72198;62,62750;       0,55413; 90,72123;50,00000;20,00000;1,05187;3
389,61499;62,63750;       0,55407; 90,72051;49,00000;20,00000;1,05198;3
389,51199;62,64750;       0,55393; 90,71979;50,00000;20,00000;1,05209;3
389,40601;62,65750;       0,55387; 90,72028;50,00000;20,00000;1,05221;3
389,30801;62,66750;       0,55373; 90,71957;50,00000;20,00000;1,05231;3
389,20999;62,67750;       0,55394; 90,72006;49,00000;20,00000;1,05241;3
389,10300;62,68750;       0,55396; 90,71935;49,00000;20,00000;1,05253;3
389,00800;62,69750;       0,55409; 90,71864;51,00000;20,00000;1,05263;3
388,90100;62,70750;       0,55411; 90,71914;51,00000;20,00000;1,05274;3
388,78799;62,71750;       0,55431; 90,71842;49,00000;20,00000;1,05286;3
388,68799;62,72750;       0,55452; 90,71891;49,00000;20,00000;1,05297;3
388,59500;62,73750;       0,55456; 90,71941;51,00000;20,00000;1,05306;3
388,49301;62,74750;       0,55450; 90,71870;50,00000;20,00000;1,05317;3
388,38599;62,75750;       0,55444; 90,71919;49,00000;20,00000;1,05329;3
388,28201;62,76750;       0,55473; 90,71967;50,00000;20,00000;1,05340;3
388,17999;62,77750;       0,55476; 90,72017;50,00000;20,00000;1,05350;3
388,08600;62,78750;       0,55471; 90,72066;50,00000;20,00000;1,05360;3
387,98099;62,79750;       0,55483; 90,72116;50,00000;20,00000;1,05371;3
387,88000;62,80750;       0,55503; 90,72044;49,00000;20,00000;1,05382;3
387,77399;62,81750;       0,55532; 90,72094;50,00000;20,00000;1,05393;3
387,66901;62,82750;       0,55527; 90,72143;50,00000;20,00000;1,05404;3
387,57199;62,83750;       0,55530; 90,72072;49,00000;20,00000;1,05414;3
387,46600;62,84750;       0,55542; 90,72122;49,00000;20,00000;1,05426;3
387,36301;62,85750;       0,55536; 90,72052;51,00000;20,00000;1,05437;3
387,26401;62,86750;       0,55557; 90,72102;50,00000;20,00000;1,05447;3
387,15500;62,87750;       0,55559; 90,72152;52,00000;20,00000;1,05458;3
387,04901;62,88750;       0,55580; 90,72081;50,00000;20,00000;1,05470;3
386,94601;62,89750;       0,55583; 90,72130;50,00000;20,00000;1,05480;3
386,84399;62,90750;       0,55603; 90,72059;50,00000;20,00000;1,05491;3
386,74399;62,91750;       0,55624; 90,72108;49,00000;20,00000;1,05502;3
386,64099;62,92750;       0,55627; 90,72036;49,00000;20,00000;1,05513;3
386,53900;62,93750;       0,55665; 90,72085;50,00000;20,00000;1,05523;3
386,44699;62,94750;       0,55677; 90,72013;50,00000;20,00000;1,05533;3
386,33600;62,95750;       0,55680; 90,72062;50,00000;20,00000;1,05545;3
386,24301;62,96750;       0,55692; 90,72111;49,00000;20,00000;1,05554;3
386,13199;62,97750;       0,55730; 90,72039;51,00000;20,00000;1,05566;3
386,03400;62,98750;       0,55698; 90,72089;51,00000;20,00000;1,05576;3
385,94000;62,99750;       0,55693; 90,72018;51,00000;20,00000;1,05586;3
385,82599;63,00750;       0,55678; 90,72066;49,00000;20,00000;1,05598;3
385,72699;63,01750;       0,55699; 90,72116;50,00000;20,00000;1,05609;3
385,62701;63,02750;       0,55710; 90,72045;50,00000;20,00000;1,05619;3
385,53101;63,03750;       0,55705; 90,72094;49,00000;20,00000;1,05629;3
385,42001;63,04750;       0,55655; 90,72144;49,00000;20,00000;1,05641;3
385,32199;63,05750;       0,55641; 90,72073;50,00000;20,00000;1,05651;3
385,21399;63,06750;       0,55653; 90,72122;50,00000;20,00000;1,05662;3
385,10999;63,07750;       0,55699; 90,72051;50,00000;20,00000;1,05673;3
385,01099;63,08750;       0,55720; 90,72101;49,00000;20,00000;1,05684;3
384,91299;63,09750;       0,55732; 90,72150;49,00000;20,00000;1,05694;3
384,80399;63,10750;       0,55744; 90,72079;52,00000;20,00000;1,05705;3
384,70300;63,11750;       0,55747; 90,72128;50,00000;20,00000;1,05716;3
384,60300;63,12750;       0,55732; 90,72057;49,00000;20,00000;1,05726;3
384,50299;63,13750;       0,55771; 90,72106;50,00000;20,00000;1,05737;3
384,39099;63,14750;       0,55773; 90,71913;50,00000;20,00000;1,05748;3
384,29599;63,15750;       0,55794; 90,71841;49,00000;20,00000;1,05758;3
384,19901;63,16750;       0,55824; 90,71770;49,00000;20,00000;1,05768;3
384,10101;63,17750;       0,55836; 90,71578;49,00000;20,00000;1,05779;3
383,99500;63,18750;       0,55830; 90,71506;50,00000;20,00000;1,05790;3
383,88699;63,19750;       0,55841; 90,71435;50,00000;20,00000;1,05801;3
383,78699;63,20750;       0,55862; 90,71365;49,00000;20,00000;1,05811;3
383,68500;63,21750;       0,55865; 90,71294;49,00000;20,00000;1,05822;3
383,57700;63,22750;       0,55859; 90,71223;51,00000;20,00000;1,05833;3
383,47101;63,23750;       0,55853; 90,71273;50,00000;20,00000;1,05844;3
383,37799;63,24750;       0,55918; 90,71202;49,00000;20,00000;1,05854;3
383,26300;63,25750;       0,55894; 90,71130;50,00000;20,00000;1,05866;3
383,16199;63,26750;       0,55845; 90,71058;50,00000;20,00000;1,05877;3
383,06500;63,27750;       0,55944; 90,70987;50,00000;20,00000;1,05887;3
382,97299;63,28750;       0,55948; 90,70916;49,00000;20,00000;1,05896;3
382,86401;63,29750;       0,55924; 90,70964;49,00000;20,00000;1,05908;3
382,75800;63,30750;       0,55918; 90,70892;50,00000;20,00000;1,05919;3
382,66800;63,31750;       0,55940; 90,70821;50,00000;20,00000;1,05928;3
382,56201;63,32750;       0,55951; 90,70750;49,00000;20,00000;1,05939;3
382,45801;63,33750;       0,55963; 90,70678;49,00000;20,00000;1,05950;3
382,34900;63,34750;       0,56000; 90,70607;51,00000;20,00000;1,05961;3
382,24899;63,35750;       0,56021; 90,70656;50,00000;20,00000;1,05972;3
382,15302;63,36750;       0,56016; 90,70585;49,00000;20,00000;1,05981;3
382,05099;63,37750;       0,56019; 90,70514;50,00000;20,00000;1,05992;3
381,94601;63,38750;       0,56039; 90,70442;50,00000;20,00000;1,06003;3
381,84698;63,39750;       0,56077; 90,70492;50,00000;20,00000;1,06013;3
381,74200;63,40750;       0,56089; 90,70421;49,00000;20,00000;1,06024;3
381,63901;63,41750;       0,56109; 90,70471;50,00000;20,00000;1,06035;3
381,53500;63,42750;       0,56121; 90,70400;50,00000;20,00000;1,06046;3
381,42599;63,43750;       0,56115; 90,70449;49,00000;20,00000;1,06057;3
381,31900;63,44750;       0,56135; 90,70498;49,00000;20,00000;1,06068;3
381,23199;63,45750;       0,56139; 90,70548;49,00000;20,00000;1,06077;3
381,13901;63,46750;       0,56125; 90,70598;51,00000;20,00000;1,06087;3
381,03000;63,47750;       0,56146; 90,70648;50,00000;20,00000;1,06098;3
380,92099;63,48750;       0,56209; 90,70576;49,00000;20,00000;1,06109;3
380,81201;63,49750;       0,56177; 90,70505;50,00000;20,00000;1,06120;3
380,70801;63,50750;       0,56145; 90,70435;50,00000;20,00000;1,06131;3
380,62000;63,51750;       0,56141; 90,70248;50,00000;20,00000;1,06140;3
380,50900;63,52750;       0,56152; 90,70186;49,00000;20,00000;1,06152;3
380,40100;63,53750;       0,56155; 90,70114;49,00000;20,00000;1,06163;3
380,30200;63,54750;       0,56210; 90,70034;50,00000;20,00000;1,06173;3
380,20099;63,55750;       0,56187; 90,69958;50,00000;20,00000;1,06183;3
380,10599;63,56750;       0,56182; 90,69886;50,00000;20,00000;1,06193;3
379,98801;63,57750;       0,56193; 90,69814;49,00000;20,00000;1,06205;3
379,91000;63,58750;       0,56223; 90,69744;51,00000;20,00000;1,06214;3
379,79800;63,59750;       0,56235; 90,69673;50,00000;20,00000;1,06225;3
379,69501;63,60750;       0,56246; 90,69606;49,00000;20,00000;1,06236;3
379,58499;63,61750;       0,56240; 90,69539;50,00000;20,00000;1,06247;3
379,48700;63,62750;       0,56226; 90,69463;50,00000;20,00000;1,06257;3
379,38199;63,63750;       0,56247; 90,69388;50,00000;20,00000;1,06268;3
379,28000;63,64750;       0,56302; 90,69437;50,00000;20,00000;1,06278;3
379,18201;63,65750;       0,56348; 90,69366;49,00000;20,00000;1,06288;3
379,08301;63,66750;       0,56334; 90,69295;50,00000;20,00000;1,06299;3
378,97400;63,67750;       0,56337; 90,69224;50,00000;20,00000;1,06310;3
378,87701;63,68750;       0,56341; 90,69157;50,00000;20,00000;1,06320;3
378,77200;63,69750;       0,56352; 90,69095;50,00000;20,00000;1,06331;3
378,66299;63,70750;       0,56364; 90,69024;51,00000;20,00000;1,06342;3
378,56500;63,71750;       0,56384; 90,68944;50,00000;20,00000;1,06352;3
378,46201;63,72750;       0,56370; 90,68989;51,00000;20,00000;1,06362;3
378,35999;63,73750;       0,56364; 90,69039;51,00000;20,00000;1,06373;3
378,25800;63,74750;       0,56376; 90,68967;50,00000;20,00000;1,06383;3
378,15701;63,75750;       0,56397; 90,69017;50,00000;20,00000;1,06394;3
378,05099;63,76750;       0,56391; 90,69071;51,00000;20,00000;1,06405;3
377,95901;63,77750;       0,56412; 90,69129;49,00000;20,00000;1,06414;3
377,84601;63,78750;       0,56432; 90,69179;49,00000;20,00000;1,06426;3
377,73700;63,79750;       0,56478; 90,69220;50,00000;20,00000;1,06437;3
377,64301;63,80750;       0,56490; 90,69265;50,00000;20,00000;1,06446;3
377,54199;63,81750;       0,56502; 90,69315;50,00000;20,00000;1,06457;3
377,44299;63,82750;       0,56531; 90,69365;49,00000;20,00000;1,06467;3
377,34601;63,83750;       0,56552; 90,69414;50,00000;20,00000;1,06477;3
377,23099;63,84750;       0,56546; 90,69463;51,00000;20,00000;1,06489;3
377,13101;63,85750;       0,56540; 90,69517;51,00000;20,00000;1,06499;3
377,03101;63,86750;       0,56561; 90,69571;51,00000;20,00000;1,06509;3
376,92899;63,87750;       0,56529; 90,69616;49,00000;20,00000;1,06519;3
376,82800;63,88750;       0,56515; 90,69662;51,00000;20,00000;1,06530;3
376,72699;63,89750;       0,56501; 90,69711;52,00000;20,00000;1,06540;3
376,62201;63,90750;       0,56495; 90,69760;50,00000;20,00000;1,06551;3
376,51801;63,91750;       0,56507; 90,69809;49,00000;20,00000;1,06561;3
376,42099;63,92750;       0,56571; 90,69858;50,00000;20,00000;1,06571;3
376,31900;63,93750;       0,56583; 90,69911;50,00000;20,00000;1,06582;3
376,22198;63,94750;       0,56586; 90,69968;50,00000;20,00000;1,06592;3
376,12201;63,95750;       0,56572; 90,70018;49,00000;20,00000;1,06602;3
376,01599;63,96750;       0,56575; 90,70059;49,00000;20,00000;1,06613;3
375,91800;63,97750;       0,56570; 90,70105;51,00000;20,00000;1,06623;3
375,81299;63,98750;       0,56547; 90,70155;50,00000;20,00000;1,06633;3
375,70499;63,99750;       0,56567; 90,70205;49,00000;20,00000;1,06644;3
375,60901;64,00750;       0,56588; 90,70255;49,00000;20,00000;1,06654;3
375,50101;64,01750;       0,56590; 90,70309;49,00000;20,00000;1,06665;3
375,39700;64,02750;       0,56611; 90,70366;51,00000;20,00000;1,06676;3
375,29901;64,03750;       0,56605; 90,70416;51,00000;20,00000;1,06686;3
375,19501;64,04750;       0,56617; 90,70457;49,00000;20,00000;1,06696;3
375,09601;64,05750;       0,56707; 90,70503;49,00000;20,00000;1,06706;3
374,99899;64,06750;       0,56719; 90,70553;50,00000;20,00000;1,06716;3
374,88800;64,07750;       0,56687; 90,70603;50,00000;20,00000;1,06727;3
374,78601;64,08750;       0,56699; 90,70653;49,00000;20,00000;1,06738;3
374,68100;64,09750;       0,56702; 90,70702;49,00000;20,00000;1,06748;3
374,57999;64,10750;       0,56722; 90,70756;49,00000;20,00000;1,06759;3
374,48499;64,11750;       0,56682; 90,70811;50,00000;20,00000;1,06768;3
374,37799;64,12750;       0,56685; 90,70857;50,00000;20,00000;1,06779;3
374,27301;64,13750;       0,56688; 90,70902;49,00000;20,00000;1,06790;3
374,16101;64,14750;       0,56682; 90,70952;49,00000;20,00000;1,06801;3
374,06799;64,15750;       0,56720; 90,71002;50,00000;20,00000;1,06810;3
373,97000;64,16750;       0,56750; 90,71051;51,00000;20,00000;1,06820;3
373,85901;64,17750;       0,56744; 90,71100;49,00000;20,00000;1,06832;3
373,76901;64,18750;       0,56748; 90,71154;49,00000;20,00000;1,06841;3
373,66199;64,19750;       0,56768; 90,71208;49,00000;20,00000;1,06852;3
373,56500;64,20750;       0,56806; 90,71254;50,00000;20,00000;1,06861;3
373,45099;64,21750;       0,56834; 90,71299;50,00000;20,00000;1,06873;3
373,35101;64,22750;       0,56855; 90,71348;51,00000;20,00000;1,06883;3
373,25101;64,23750;       0,56815; 90,71398;49,00000;20,00000;1,06893;3
373,14899;64,24750;       0,56783; 90,71448;50,00000;20,00000;1,06903;3
373,04901;64,25750;       0,56787; 90,71497;50,00000;20,00000;1,06913;3
372,94299;64,26750;       0,56815; 90,71551;50,00000;20,00000;1,06924;3
372,84799;64,27750;       0,56853; 90,71609;49,00000;20,00000;1,06934;3
372,74100;64,28750;       0,56865; 90,71658;49,00000;20,00000;1,06945;3
372,63599;64,29750;       0,56902; 90,71700;50,00000;20,00000;1,06955;3
372,53699;64,30750;       0,56906; 90,71745;52,00000;20,00000;1,06965;3
372,44101;64,31750;       0,56883; 90,71795;51,00000;20,00000;1,06975;3
372,33099;64,32750;       0,56869; 90,71845;49,00000;20,00000;1,06986;3
372,23099;64,33750;       0,56881; 90,71894;49,00000;20,00000;1,06996;3
372,12299;64,34750;       0,56884; 90,71943;51,00000;20,00000;1,07007;3
372,02600;64,35750;       0,56904; 90,71997;50,00000;20,00000;1,07017;3
371,92899;64,36750;       0,56916; 90,72051;49,00000;20,00000;1,07026;3
371,82300;64,37750;       0,56928; 90,72096;49,00000;20,00000;1,07037;3
371,72699;64,38750;       0,56914; 90,72021;50,00000;20,00000;1,07047;3
371,61899;64,39750;       0,56986; 90,72071;50,00000;20,00000;1,07057;3
371,51599;64,40750;       0,57006; 90,72120;50,00000;20,00000;1,07068;3
371,41299;64,41750;       0,57026; 90,72170;50,00000;20,00000;1,07078;3
371,31299;64,42750;       0,57021; 90,72220;49,00000;20,00000;1,07088;3
371,21100;64,43750;       0,57041; 90,72152;50,00000;20,00000;1,07098;3
371,10901;64,44750;       0,57045; 90,72206;50,00000;20,00000;1,07109;3
371,01099;64,45750;       0,57048; 90,72251;50,00000;20,00000;1,07118;3
370,91101;64,46750;       0,57034; 90,72296;49,00000;20,00000;1,07128;3
370,80200;64,47750;       0,57045; 90,72224;49,00000;20,00000;1,07139;3
370,70499;64,48750;       0,57049; 90,72273;49,00000;20,00000;1,07149;3
370,60599;64,49750;       0,57052; 90,72323;50,00000;20,00000;1,07159;3
370,50699;64,50750;       0,57056; 90,72373;52,00000;20,00000;1,07169;3
370,39899;64,51750;       0,57050; 90,72306;50,00000;20,00000;1,07180;3
370,29901;64,52750;       0,57053; 90,72363;49,00000;20,00000;1,07190;3
370,19699;64,53750;       0,57091; 90,72413;49,00000;20,00000;1,07200;3
370,08899;64,54750;       0,57102; 90,72454;50,00000;20,00000;1,07211;3
369,99100;64,55750;       0,57097; 90,72500;50,00000;20,00000;1,07221;3
369,89401;64,56750;       0,57100; 90,72429;52,00000;20,00000;1,07230;3
369,78900;64,57750;       0,57112; 90,72479;50,00000;20,00000;1,07241;3
369,68799;64,58750;       0,57158; 90,72528;49,00000;20,00000;1,07251;3
369,57501;64,59750;       0,57152; 90,72578;50,00000;20,00000;1,07262;3
369,48801;64,60750;       0,57122; 90,72512;50,00000;20,00000;1,07271;3
369,37601;64,61750;       0,57124; 90,72567;50,00000;20,00000;1,07282;3
369,27899;64,62750;       0,57154; 90,72612;49,00000;20,00000;1,07292;3
369,17200;64,63750;       0,57174; 90,72415;51,00000;20,00000;1,07302;3
369,06400;64,64750;       0,57185; 90,72102;49,00000;20,00000;1,07313;3
368,96701;64,65750;       0,57154; 90,71909;50,00000;20,00000;1,07323;3
368,87100;64,66750;       0,57175; 90,71597;52,00000;20,00000;1,07332;3
368,77802;64,67750;       0,57179; 90,71405;50,00000;20,00000;1,07342;3
368,66000;64,68750;       0,57155; 90,71215;49,00000;20,00000;1,07353;3
368,56400;64,69750;       0,57193; 90,71148;51,00000;20,00000;1,07363;3
368,46301;64,70750;       0,57248; 90,71073;50,00000;20,00000;1,07373;3
368,36499;64,71750;       0,57242; 90,70998;49,00000;20,00000;1,07383;3
368,25699;64,72750;       0,57220; 90,70927;49,00000;20,00000;1,07393;3
368,16800;64,73750;       0,57223; 90,70857;50,00000;20,00000;1,07402;3
368,05200;64,74750;       0,57217; 90,70786;50,00000;20,00000;1,07414;3
367,94800;64,75750;       0,57255; 90,70835;50,00000;20,00000;1,07424;3
367,83701;64,76750;       0,57266; 90,70768;49,00000;20,00000;1,07435;3
367,74600;64,77750;       0,57287; 90,70705;49,00000;20,00000;1,07444;3
367,64401;64,78750;       0,57316; 90,70755;51,00000;20,00000;1,07454;3
367,54901;64,79750;       0,57328; 90,70676;50,00000;20,00000;1,07464;3
367,44000;64,80750;       0,57339; 90,70601;50,00000;20,00000;1,07474;3
367,34698;64,81750;       0,57360; 90,70651;49,00000;20,00000;1,07484;3
367,23999;64,82750;       0,57380; 90,70581;49,00000;20,00000;1,07494;3
367,13699;64,83750;       0,57375; 90,70510;50,00000;20,00000;1,07505;3
367,02301;64,84750;       0,57369; 90,70560;51,00000;20,00000;1,07516;3
366,92001;64,85750;       0,57381; 90,70493;51,00000;20,00000;1,07526;3
366,82300;64,86750;       0,57401; 90,70426;49,00000;20,00000;1,07536;3
366,72400;64,87750;       0,57387; 90,70472;49,00000;20,00000;1,07545;3
366,62000;64,88750;       0,57416; 90,70396;50,00000;20,00000;1,07556;3
366,52200;64,89750;       0,57420; 90,70324;50,00000;20,00000;1,07565;3
366,42300;64,90750;       0,57423; 90,70374;49,00000;20,00000;1,07575;3
366,33401;64,91750;       0,57444; 90,70304;50,00000;20,00000;1,07584;3
366,21500;64,92750;       0,57472; 90,70232;49,00000;20,00000;1,07596;3
366,10599;64,93750;       0,57475; 90,70285;50,00000;20,00000;1,07606;3
366,00900;64,94750;       0,57470; 90,70219;50,00000;20,00000;1,07616;3
365,91000;64,95750;       0,57464; 90,70265;50,00000;20,00000;1,07626;3
365,80600;64,96750;       0,57510; 90,70190;49,00000;20,00000;1,07636;3
365,71399;64,97750;       0,57531; 90,70240;51,00000;20,00000;1,07645;3
365,60400;64,98750;       0,57534; 90,70290;50,00000;20,00000;1,07656;3
365,50101;64,99750;       0,57537; 90,70339;51,00000;20,00000;1,07666;3
365,39899;65,00750;       0,57532; 90,70389;51,00000;20,00000;1,07676;3
365,29800;65,01750;       0,57544; 90,70443;49,00000;20,00000;1,07686;3
365,19299;65,02750;       0,57581; 90,70501;50,00000;20,00000;1,07696;3
365,09601;65,03750;       0,57644; 90,70551;51,00000;20,00000;1,07706;3
364,98599;65,04750;       0,57621; 90,70471;50,00000;20,00000;1,07717;3
364,89001;65,05750;       0,57599; 90,70516;49,00000;20,00000;1,07726;3
364,79099;65,06750;       0,57568; 90,70445;50,00000;20,00000;1,07736;3
364,69299;65,07750;       0,57572; 90,70494;50,00000;20,00000;1,07746;3
364,59299;65,08750;       0,57566; 90,70423;50,00000;20,00000;1,07755;3
364,48901;65,09750;       0,57612; 90,70473;50,00000;20,00000;1,07766;3
364,38300;65,10750;       0,57650; 90,70406;49,00000;20,00000;1,07776;3
364,27399;65,11750;       0,57652; 90,70460;49,00000;20,00000;1,07787;3
364,17801;65,12750;       0,57673; 90,70385;51,00000;20,00000;1,07796;3
364,07700;65,13750;       0,57668; 90,70432;50,00000;20,00000;1,07806;3
363,98001;65,14750;       0,57688; 90,70361;49,00000;20,00000;1,07815;3
363,87399;65,15750;       0,57691; 90,70412;49,00000;20,00000;1,07826;3
363,76401;65,16750;       0,57720; 90,70340;49,00000;20,00000;1,07837;3
363,65701;65,17750;       0,57731; 90,70390;50,00000;20,00000;1,07847;3
363,55600;65,18750;       0,57734; 90,70322;51,00000;20,00000;1,07857;3
363,46399;65,19750;       0,57772; 90,70376;50,00000;20,00000;1,07866;3
363,36700;65,20750;       0,57759; 90,70302;49,00000;20,00000;1,07875;3
363,25201;65,21750;       0,57813; 90,70226;49,00000;20,00000;1,07887;3
363,15900;65,22750;       0,57816; 90,70276;50,00000;20,00000;1,07896;3
363,06201;65,23750;       0,57811; 90,70206;50,00000;20,00000;1,07905;3
362,94800;65,24750;       0,57805; 90,70255;49,00000;20,00000;1,07916;3
362,84601;65,25750;       0,57800; 90,70183;49,00000;20,00000;1,07926;3
362,74600;65,26750;       0,57854; 90,70237;50,00000;20,00000;1,07936;3
362,64899;65,27750;       0,57858; 90,70174;50,00000;20,00000;1,07946;3
362,54501;65,28750;       0,57835; 90,70224;50,00000;20,00000;1,07956;3
362,45200;65,29750;       0,57848; 90,70146;50,00000;20,00000;1,07965;3
362,34100;65,30750;       0,57893; 90,70070;49,00000;20,00000;1,07976;3
362,22699;65,31750;       0,57879; 90,69878;51,00000;20,00000;1,07987;3
362,13199;65,32750;       0,57882; 90,69807;50,00000;20,00000;1,07996;3
362,04001;65,33750;       0,57894; 90,69737;52,00000;20,00000;1,08005;3
361,92999;65,34750;       0,57872; 90,69666;50,00000;20,00000;1,08016;3
361,83499;65,35750;       0,57935; 90,69600;49,00000;20,00000;1,08025;3
361,72000;65,36750;       0,57912; 90,69533;50,00000;20,00000;1,08036;3
361,62100;65,37750;       0,57915; 90,69457;50,00000;20,00000;1,08046;3
361,52100;65,38750;       0,57919; 90,69382;51,00000;20,00000;1,08055;3
361,41501;65,39750;       0,57956; 90,69311;49,00000;20,00000;1,08066;3
361,32700;65,40750;       0,58036; 90,69361;49,00000;20,00000;1,08074;3
361,21301;65,41750;       0,58056; 90,69289;50,00000;20,00000;1,08085;3
361,11099;65,42750;       0,58042; 90,69218;50,00000;20,00000;1,08095;3
361,01700;65,43750;       0,58020; 90,69272;49,00000;20,00000;1,08104;3
360,91000;65,44750;       0,58023; 90,69084;49,00000;20,00000;1,08115;3
360,81500;65,45750;       0,58035; 90,69009;50,00000;20,00000;1,08124;3
360,71100;65,46750;       0,58055; 90,68813;51,00000;20,00000;1,08134;3
360,60199;65,47750;       0,58075; 90,68742;50,00000;20,00000;1,08145;3
360,50699;65,48750;       0,58070; 90,68550;52,00000;20,00000;1,08154;3
360,39999;65,49750;       0,58056; 90,68480;49,00000;20,00000;1,08164;3
360,29700;65,50750;       0,58068; 90,68409;49,00000;20,00000;1,08174;3
360,19400;65,51750;       0,58080; 90,68342;51,00000;20,00000;1,08184;3
360,09299;65,52750;       0,58092; 90,68279;50,00000;20,00000;1,08194;3
359,99500;65,53750;       0,58112; 90,68329;49,00000;20,00000;1,08203;3
359,88501;65,54750;       0,58132; 90,68249;49,00000;20,00000;1,08214;3
359,78000;65,55750;       0,58152; 90,68174;49,00000;20,00000;1,08224;3
359,69000;65,56750;       0,58198; 90,68224;50,00000;20,00000;1,08233;3
359,59299;65,57750;       0,58245; 90,68153;50,00000;20,00000;1,08242;3
359,48300;65,58750;       0,58273; 90,68081;49,00000;20,00000;1,08253;3
359,38300;65,59750;       0,58268; 90,68009;49,00000;20,00000;1,08262;3
359,28000;65,60750;       0,58254; 90,67942;50,00000;20,00000;1,08272;3
359,18301;65,61750;       0,58240; 90,67996;50,00000;20,00000;1,08282;3
359,08099;65,62750;       0,58226; 90,67921;50,00000;20,00000;1,08291;3
358,97900;65,63750;       0,58238; 90,67846;49,00000;20,00000;1,08301;3
358,87799;65,64750;       0,58276; 90,67776;49,00000;20,00000;1,08311;3
358,78101;65,65750;       0,58271; 90,67827;50,00000;20,00000;1,08320;3
358,66800;65,66750;       0,58265; 90,67756;51,00000;20,00000;1,08331;3
358,56201;65,67750;       0,58293; 90,67686;52,00000;20,00000;1,08341;3
358,45401;65,68750;       0,58288; 90,67619;50,00000;20,00000;1,08352;3
358,36301;65,69750;       0,58291; 90,67674;49,00000;20,00000;1,08361;3
358,24500;65,70750;       0,58294; 90,67599;50,00000;20,00000;1,08372;3
358,15399;65,71750;       0,58289; 90,67524;50,00000;20,00000;1,08381;3
358,04700;65,72750;       0,58326; 90,67574;50,00000;20,00000;1,08391;3
357,95599;65,73750;       0,58355; 90,67503;49,00000;20,00000;1,08400;3
357,84900;65,74750;       0,58384; 90,67553;49,00000;20,00000;1,08410;3
357,74301;65,75750;       0,58421; 90,67481;50,00000;20,00000;1,08420;3
357,64801;65,76750;       0,58450; 90,67532;50,00000;20,00000;1,08429;3
357,54700;65,77750;       0,58419; 90,67581;50,00000;20,00000;1,08439;3
357,43399;65,78750;       0,58397; 90,67631;49,00000;20,00000;1,08450;3
357,34299;65,79750;       0,58375; 90,67681;49,00000;20,00000;1,08458;3
357,23599;65,80750;       0,58429; 90,67731;51,00000;20,00000;1,08469;3
357,13199;65,81750;       0,58449; 90,67781;50,00000;20,00000;1,08479;3
357,03699;65,82750;       0,58453; 90,67831;52,00000;20,00000;1,08488;3
356,92999;65,83750;       0,58481; 90,67881;49,00000;20,00000;1,08498;3
356,82501;65,84750;       0,58510; 90,67931;49,00000;20,00000;1,08508;3
356,72601;65,85750;       0,58522; 90,67981;50,00000;20,00000;1,08517;3
356,62399;65,86750;       0,58508; 90,68030;52,00000;20,00000;1,08527;3
356,52301;65,87750;       0,58537; 90,67959;50,00000;20,00000;1,08537;3
356,42200;65,88750;       0,58497; 90,68009;49,00000;20,00000;1,08547;3
356,32401;65,89750;       0,58535; 90,68059;49,00000;20,00000;1,08556;3
356,22198;65,90750;       0,58572; 90,67988;50,00000;20,00000;1,08566;3
356,11200;65,91750;       0,58558; 90,68037;50,00000;20,00000;1,08576;3
356,01700;65,92750;       0,58553; 90,67845;49,00000;20,00000;1,08585;3
355,90799;65,93750;       0,58590; 90,67652;49,00000;20,00000;1,08596;3
355,81500;65,94750;       0,58619; 90,67459;50,00000;20,00000;1,08604;3
355,71600;65,95750;       0,58648; 90,67267;50,00000;20,00000;1,08614;3
355,61401;65,96750;       0,58677; 90,67196;50,00000;20,00000;1,08624;3
355,52100;65,97750;       0,58689; 90,67004;49,00000;20,00000;1,08632;3
355,41599;65,98750;       0,58709; 90,66934;49,00000;20,00000;1,08642;3
355,31000;65,99750;       0,58703; 90,66742;49,00000;20,00000;1,08652;3
355,20099;66,00750;       0,58706; 90,66671;52,00000;20,00000;1,08663;3
355,09299;66,01750;       0,58709; 90,66601;51,00000;20,00000;1,08673;3
355,00299;66,02750;       0,58705; 90,66530;49,00000;20,00000;1,08682;3
354,89200;66,03750;       0,58750; 90,66458;50,00000;20,00000;1,08692;3
354,79401;66,04750;       0,58770; 90,66387;50,00000;20,00000;1,08701;3
354,69901;66,05750;       0,58765; 90,66316;50,00000;20,00000;1,08710;3
354,59500;66,06750;       0,58735; 90,66245;49,00000;20,00000;1,08720;3
354,50299;66,07750;       0,58823; 90,66174;50,00000;20,00000;1,08729;3
354,39401;66,08750;       0,58784; 90,66103;50,00000;20,00000;1,08739;3
354,28299;66,09750;       0,58795; 90,65911;50,00000;20,00000;1,08750;3
354,19199;66,10750;       0,58807; 90,65840;50,00000;20,00000;1,08759;3
354,07401;66,11750;       0,58801; 90,65889;49,00000;20,00000;1,08770;3
353,98700;66,12750;       0,58780; 90,65818;51,00000;20,00000;1,08778;3
353,88501;66,13750;       0,58834; 90,65868;50,00000;20,00000;1,08788;3
353,78299;66,14750;       0,58863; 90,65796;52,00000;20,00000;1,08797;3
353,68100;66,15750;       0,58917; 90,65846;51,00000;20,00000;1,08807;3
353,58701;66,16750;       0,58946; 90,65895;50,00000;20,00000;1,08816;3
353,47601;66,17750;       0,58965; 90,65945;50,00000;20,00000;1,08826;3
353,37799;66,18750;       0,58969; 90,65994;51,00000;20,00000;1,08836;3
353,28000;66,19750;       0,58964; 90,66044;50,00000;20,00000;1,08845;3
353,17099;66,20750;       0,58984; 90,66093;49,00000;20,00000;1,08855;3
353,07800;66,21750;       0,58962; 90,66143;49,00000;20,00000;1,08864;3
352,97501;66,22750;       0,58957; 90,66193;50,00000;20,00000;1,08874;3
352,87601;66,23750;       0,59003; 90,66242;50,00000;20,00000;1,08883;3
352,77100;66,24750;       0,59006; 90,66291;50,00000;20,00000;1,08893;3
352,66501;66,25750;       0,59000; 90,66341;49,00000;20,00000;1,08903;3
352,56900;66,26750;       0,58995; 90,66390;49,00000;20,00000;1,08912;3
352,47601;66,27750;       0,58991; 90,66440;51,00000;20,00000;1,08921;3
352,36700;66,28750;       0,58994; 90,66489;50,00000;20,00000;1,08931;3
352,26999;66,29750;       0,59005; 90,66538;52,00000;20,00000;1,08940;3
352,16501;66,30750;       0,59042; 90,66588;49,00000;20,00000;1,08950;3
352,07001;66,31750;       0,59055; 90,66637;49,00000;20,00000;1,08959;3
351,96500;66,32750;       0,59075; 90,66687;52,00000;20,00000;1,08969;3
351,86499;66,33750;       0,59095; 90,66737;50,00000;20,00000;1,08978;3
351,76501;66,34750;       0,59098; 90,66786;49,00000;20,00000;1,08987;3
351,66000;66,35750;       0,59101; 90,66835;49,00000;20,00000;1,08997;3
351,55801;66,36750;       0,59138; 90,66885;50,00000;20,00000;1,09007;3
351,46399;66,37750;       0,59151; 90,66934;50,00000;20,00000;1,09016;3
351,35999;66,38750;       0,59154; 90,66984;49,00000;20,00000;1,09025;3
351,25699;66,39750;       0,59149; 90,67033;49,00000;20,00000;1,09035;3
351,16101;66,40750;       0,59152; 90,67083;50,00000;20,00000;1,09044;3
351,05899;66,41750;       0,59181; 90,67133;51,00000;20,00000;1,09054;3
350,95700;66,42750;       0,59167; 90,67182;50,00000;20,00000;1,09063;3
350,85699;66,43750;       0,59179; 90,67232;49,00000;20,00000;1,09072;3
350,75000;66,44750;       0,59233; 90,67281;49,00000;20,00000;1,09082;3
350,64700;66,45750;       0,59244; 90,67330;49,00000;20,00000;1,09092;3
350,54700;66,46750;       0,59239; 90,67378;51,00000;20,00000;1,09101;3
350,45200;66,47750;       0,59251; 90,67427;51,00000;20,00000;1,09110;3
350,36499;66,48750;       0,59289; 90,67476;49,00000;20,00000;1,09118;3
350,25601;66,49750;       0,59292; 90,67524;49,00000;20,00000;1,09129;3
350,16000;66,50750;       0,59270; 90,67573;50,00000;20,00000;1,09138;3
350,06299;66,51750;       0,59249; 90,67622;50,00000;20,00000;1,09147;3
349,95999;66,52750;       0,59311; 90,67672;49,00000;20,00000;1,09156;3
349,85800;66,53750;       0,59356; 90,67723;50,00000;20,00000;1,09166;3
349,75500;66,54750;       0,59360; 90,67773;50,00000;20,00000;1,09175;3
349,64999;66,55750;       0,59354; 90,67823;50,00000;20,00000;1,09185;3
349,54300;66,56750;       0,59366; 90,67874;50,00000;20,00000;1,09195;3
349,44299;66,57750;       0,59369; 90,67924;50,00000;20,00000;1,09204;3
349,33899;66,58750;       0,59372; 90,67974;49,00000;20,00000;1,09214;3
349,23901;66,59750;       0,59376; 90,68024;51,00000;20,00000;1,09223;3
349,14301;66,60750;       0,59396; 90,68074;50,00000;20,00000;1,09232;3
349,03601;66,61750;       0,59425; 90,68123;51,00000;20,00000;1,09242;3
348,94101;66,62750;       0,59437; 90,68173;52,00000;20,00000;1,09251;3
348,83099;66,63750;       0,59473; 90,68102;50,00000;20,00000;1,09261;3
348,73401;66,64750;       0,59502; 90,68151;50,00000;20,00000;1,09270;3
348,63199;66,65750;       0,59522; 90,68201;51,00000;20,00000;1,09280;3
348,53201;66,66750;       0,59526; 90,68251;50,00000;20,00000;1,09289;3
348,43500;66,67750;       0,59538; 90,68301;49,00000;20,00000;1,09298;3
348,32101;66,68750;       0,59549; 90,68350;49,00000;20,00000;1,09309;3
348,22699;66,69750;       0,59536; 90,68278;50,00000;20,00000;1,09317;3
348,13199;66,70750;       0,59556; 90,68328;50,00000;20,00000;1,09326;3
348,02701;66,71750;       0,59551; 90,68377;50,00000;20,00000;1,09336;3
347,92499;66,72750;       0,59554; 90,68427;49,00000;20,00000;1,09345;3
347,82999;66,73750;       0,59575; 90,68476;50,00000;20,00000;1,09354;3
347,72299;66,74750;       0,59611; 90,68405;51,00000;20,00000;1,09364;3
347,62500;66,75750;       0,59615; 90,68455;50,00000;20,00000;1,09373;3
347,53101;66,76750;       0,59593; 90,68505;49,00000;20,00000;1,09382;3
347,42300;66,77750;       0,59596; 90,68434;49,00000;20,00000;1,09392;3
347,31100;66,78750;       0,59607; 90,68242;49,00000;20,00000;1,09402;3
347,21201;66,79750;       0,59670; 90,67928;52,00000;20,00000;1,09411;3
347,11401;66,80750;       0,59682; 90,67736;50,00000;20,00000;1,09420;3
347,01700;66,81750;       0,59677; 90,67424;49,00000;20,00000;1,09429;3
346,92801;66,82750;       0,59698; 90,67353;49,00000;20,00000;1,09437;3
346,82001;66,83750;       0,59751; 90,67161;50,00000;20,00000;1,09447;3
346,70901;66,84750;       0,59746; 90,67089;49,00000;20,00000;1,09458;3
346,60699;66,85750;       0,59732; 90,66897;49,00000;20,00000;1,09467;3
346,51599;66,86750;       0,59719; 90,66827;49,00000;20,00000;1,09475;3
346,40500;66,87750;       0,59730; 90,66756;51,00000;20,00000;1,09486;3
346,31299;66,88750;       0,59751; 90,66685;50,00000;20,00000;1,09494;3
346,20200;66,89750;       0,59779; 90,66614;49,00000;20,00000;1,09504;3
346,10501;66,90750;       0,59774; 90,66542;49,00000;20,00000;1,09513;3
346,00500;66,91750;       0,59811; 90,66471;49,00000;20,00000;1,09522;3
345,89700;66,92750;       0,59848; 90,66400;51,00000;20,00000;1,09532;3
345,80301;66,93750;       0,59860; 90,66329;51,00000;20,00000;1,09541;3
345,70300;66,94750;       0,59847; 90,66258;49,00000;20,00000;1,09550;3
345,60400;66,95750;       0,59884; 90,66187;49,00000;20,00000;1,09559;3
345,49799;66,96750;       0,59904; 90,66116;50,00000;20,00000;1,09569;3
345,39700;66,97750;       0,59890; 90,66044;50,00000;20,00000;1,09578;3
345,29300;66,98750;       0,59885; 90,65973;49,00000;20,00000;1,09588;3
345,19000;66,99750;       0,59914; 90,66023;49,00000;20,00000;1,09597;3
345,09799;67,00750;       0,59917; 90,65952;49,00000;20,00000;1,09606;3
344,99100;67,01750;       0,59971; 90,66002;50,00000;20,00000;1,09615;3
344,89401;67,02750;       0,60050; 90,65931;49,00000;20,00000;1,09624;3
344,78601;67,03750;       0,60036; 90,65980;49,00000;20,00000;1,09634;3
344,68701;67,04750;       0,60023; 90,66030;49,00000;20,00000;1,09643;3
344,58899;67,05750;       0,60043; 90,66080;51,00000;20,00000;1,09652;3
344,48300;67,06750;       0,60038; 90,66129;50,00000;20,00000;1,09662;3
344,39001;67,07750;       0,60084; 90,66179;49,00000;20,00000;1,09670;3
344,28699;67,08750;       0,60095; 90,66229;49,00000;20,00000;1,09680;3
344,18399;67,09750;       0,60082; 90,66278;50,00000;20,00000;1,09689;3
344,07800;67,10750;       0,60060; 90,66328;49,00000;20,00000;1,09699;3
343,98099;67,11750;       0,60088; 90,66378;50,00000;20,00000;1,09708;3
343,88599;67,12750;       0,60101; 90,66428;49,00000;20,00000;1,09716;3
343,77802;67,13750;       0,60095; 90,66477;50,00000;20,00000;1,09726;3
343,67499;67,14750;       0,60124; 90,66526;50,00000;20,00000;1,09736;3
343,58099;67,15750;       0,60127; 90,66576;49,00000;20,00000;1,09744;3
343,47299;67,16750;       0,60164; 90,66626;49,00000;20,00000;1,09754;3
343,38199;67,17750;       0,60185; 90,66676;49,00000;20,00000;1,09762;3
343,27701;67,18750;       0,60188; 90,66726;51,00000;20,00000;1,09772;3
343,17300;67,19750;       0,60166; 90,66776;49,00000;20,00000;1,09781;3
343,06799;67,20750;       0,60177; 90,66825;49,00000;20,00000;1,09791;3
342,96701;67,21750;       0,60172; 90,66875;50,00000;20,00000;1,09800;3
342,87399;67,22750;       0,60210; 90,66925;50,00000;20,00000;1,09808;3
342,76501;67,23750;       0,60238; 90,66974;52,00000;20,00000;1,09818;3
342,66599;67,24750;       0,60250; 90,67024;50,00000;20,00000;1,09827;3
342,57700;67,25750;       0,60262; 90,67074;49,00000;20,00000;1,09835;3
342,46600;67,26750;       0,60324; 90,67124;50,00000;20,00000;1,09845;3
342,35999;67,27750;       0,60344; 90,67173;50,00000;20,00000;1,09855;3
342,26199;67,28750;       0,60347; 90,67224;49,00000;20,00000;1,09864;3
342,16000;67,29750;       0,60350; 90,67274;49,00000;20,00000;1,09873;3
342,05801;67,30750;       0,60379; 90,67324;49,00000;20,00000;1,09882;3
341,96399;67,31750;       0,60399; 90,67375;52,00000;20,00000;1,09891;3
341,85901;67,32750;       0,60428; 90,67425;49,00000;20,00000;1,09900;3
341,74701;67,33750;       0,60447; 90,67475;49,00000;20,00000;1,09910;3
341,64499;67,34750;       0,60493; 90,67526;49,00000;20,00000;1,09920;3
341,54700;67,35750;       0,60496; 90,67577;51,00000;20,00000;1,09929;3
341,44299;67,36750;       0,60474; 90,67627;51,00000;20,00000;1,09938;3
341,33701;67,37750;       0,60477; 90,67677;49,00000;20,00000;1,09947;3
341,24100;67,38750;       0,60439; 90,67727;49,00000;20,00000;1,09956;3
341,14200;67,39750;       0,60501; 90,67776;50,00000;20,00000;1,09965;3
341,03299;67,40750;       0,60529; 90,67825;50,00000;20,00000;1,09975;3
340,94299;67,41750;       0,60558; 90,67876;49,00000;20,00000;1,09983;3
340,84399;67,42750;       0,60553; 90,67926;49,00000;20,00000;1,09992;3
340,73001;67,43750;       0,60548; 90,67854;50,00000;20,00000;1,10002;3
340,63501;67,44750;       0,60543; 90,67904;51,00000;20,00000;1,10011;3
340,53299;67,45750;       0,60572; 90,67953;50,00000;20,00000;1,10020;3
340,43201;67,46750;       0,60592; 90,67882;49,00000;20,00000;1,10029;3
340,32999;67,47750;       0,60603; 90,67931;49,00000;20,00000;1,10038;3
340,23700;67,48750;       0,60599; 90,67981;51,00000;20,00000;1,10047;3
340,13901;67,49750;       0,60611; 90,67910;51,00000;20,00000;1,10055;3
340,03000;67,50750;       0,60656; 90,67959;49,00000;20,00000;1,10065;3
339,92899;67,51750;       0,60667; 90,68008;49,00000;20,00000;1,10074;3
339,82700;67,52750;       0,60679; 90,67938;50,00000;20,00000;1,10083;3
339,73700;67,53750;       0,60683; 90,67987;50,00000;20,00000;1,10091;3
339,62201;67,54750;       0,60686; 90,68037;49,00000;20,00000;1,10102;3
339,53101;67,55750;       0,60690; 90,67966;49,00000;20,00000;1,10110;3
339,42999;67,56750;       0,60726; 90,68017;49,00000;20,00000;1,10119;3
339,33301;67,57750;       0,60764; 90,68067;50,00000;20,00000;1,10128;3
339,21899;67,58750;       0,60783; 90,67997;50,00000;20,00000;1,10138;3
339,11801;67,59750;       0,60795; 90,68047;49,00000;20,00000;1,10147;3
339,01599;67,60750;       0,60790; 90,68098;51,00000;20,00000;1,10156;3
338,90601;67,61750;       0,60834; 90,68147;51,00000;20,00000;1,10166;3
338,81100;67,62750;       0,60838; 90,68076;51,00000;20,00000;1,10174;3
338,71301;67,63750;       0,60833; 90,68126;49,00000;20,00000;1,10183;3
338,61200;67,64750;       0,60845; 90,67934;49,00000;20,00000;1,10192;3
338,51099;67,65750;       0,60874; 90,67742;50,00000;20,00000;1,10201;3
338,41299;67,66750;       0,60885; 90,67429;50,00000;20,00000;1,10210;3
338,29901;67,67750;       0,60913; 90,67116;49,00000;20,00000;1,10220;3
338,22198;67,68750;       0,60935; 90,66924;49,00000;20,00000;1,10227;3
338,10699;67,69750;       0,60929; 90,66853;50,00000;20,00000;1,10237;3
338,00400;67,70750;       0,60932; 90,66660;50,00000;20,00000;1,10246;3
337,90399;67,71750;       0,60961; 90,66590;50,00000;20,00000;1,10255;3
337,81201;67,72750;       0,60965; 90,66520;49,00000;20,00000;1,10263;3
337,70401;67,73750;       0,60976; 90,66449;51,00000;20,00000;1,10273;3
337,60501;67,74750;       0,61005; 90,66379;50,00000;20,00000;1,10282;3
337,49399;67,75750;       0,61024; 90,66429;52,00000;20,00000;1,10292;3
337,39499;67,76750;       0,61061; 90,66359;50,00000;20,00000;1,10301;3
337,29199;67,77750;       0,61056; 90,66288;49,00000;20,00000;1,10310;3
337,19000;67,78750;       0,61076; 90,66218;50,00000;20,00000;1,10319;3
337,08600;67,79750;       0,61079; 90,66147;50,00000;20,00000;1,10328;3
336,99200;67,80750;       0,61117; 90,66196;51,00000;20,00000;1,10336;3
336,88300;67,81750;       0,61153; 90,66125;49,00000;20,00000;1,10346;3
336,78601;67,82750;       0,61157; 90,66053;50,00000;20,00000;1,10355;3
336,69199;67,83750;       0,61144; 90,65983;50,00000;20,00000;1,10363;3
336,58899;67,84750;       0,61172; 90,65912;50,00000;20,00000;1,10372;3
336,48801;67,85750;       0,61200; 90,65962;49,00000;20,00000;1,10381;3
336,38400;67,86750;       0,61212; 90,65892;51,00000;20,00000;1,10390;3
336,28400;67,87750;       0,61241; 90,65821;50,00000;20,00000;1,10399;3
336,16901;67,88750;       0,61293; 90,65749;52,00000;20,00000;1,10409;3
336,07300;67,89750;       0,61297; 90,65679;50,00000;20,00000;1,10418;3
335,98001;67,90750;       0,61292; 90,65729;49,00000;20,00000;1,10426;3
335,88599;67,91750;       0,61330; 90,65658;50,00000;20,00000;1,10434;3
335,76999;67,92750;       0,61391; 90,65707;50,00000;20,00000;1,10444;3
335,66299;67,93750;       0,61410; 90,65756;52,00000;20,00000;1,10454;3
335,58301;67,94750;       0,61381; 90,65685;49,00000;20,00000;1,10461;3
335,47299;67,95750;       0,61393; 90,65735;50,00000;20,00000;1,10471;3
335,37799;67,96750;       0,61380; 90,65785;50,00000;20,00000;1,10479;3
335,27600;67,97750;       0,61408; 90,65835;50,00000;20,00000;1,10488;3
335,17200;67,98750;       0,61420; 90,65884;49,00000;20,00000;1,10497;3
335,06699;67,99750;       0,61423; 90,65934;51,00000;20,00000;1,10506;3
334,97000;68,00750;       0,61443; 90,65984;50,00000;20,00000;1,10515;3
334,86401;68,01750;       0,61438; 90,66034;52,00000;20,00000;1,10524;3
334,76801;68,02750;       0,61442; 90,66084;50,00000;20,00000;1,10533;3
334,67200;68,03750;       0,61487; 90,66134;50,00000;20,00000;1,10541;3
334,56900;68,04750;       0,61532; 90,66184;50,00000;20,00000;1,10550;3
334,46701;68,05750;       0,61585; 90,66233;51,00000;20,00000;1,10559;3
334,35699;68,06750;       0,61622; 90,66283;51,00000;20,00000;1,10569;3
334,26700;68,07750;       0,61651; 90,66334;49,00000;20,00000;1,10577;3
334,16199;68,08750;       0,61646; 90,66384;50,00000;20,00000;1,10586;3
334,05801;68,09750;       0,61641; 90,66434;50,00000;20,00000;1,10595;3
333,95901;68,10750;       0,61619; 90,66484;49,00000;20,00000;1,10604;3
333,85599;68,11750;       0,61622; 90,66533;49,00000;20,00000;1,10613;3
333,75101;68,12750;       0,61626; 90,66583;50,00000;20,00000;1,10622;3
333,65799;68,13750;       0,61663; 90,66633;52,00000;20,00000;1,10630;3
333,55600;68,14750;       0,61699; 90,66683;50,00000;20,00000;1,10639;3
333,45200;68,15750;       0,61753; 90,66732;50,00000;20,00000;1,10648;3
333,34500;68,16750;       0,61747; 90,66782;51,00000;20,00000;1,10657;3
333,25800;68,17750;       0,61726; 90,66832;51,00000;20,00000;1,10665;3
333,16000;68,18750;       0,61730; 90,66882;51,00000;20,00000;1,10674;3
333,04300;68,19750;       0,61724; 90,66931;49,00000;20,00000;1,10684;3
332,95300;68,20750;       0,61720; 90,66981;50,00000;20,00000;1,10692;3
332,85699;68,21750;       0,61749; 90,67031;50,00000;20,00000;1,10700;3
332,74500;68,22750;       0,61760; 90,67081;49,00000;20,00000;1,10710;3
332,64999;68,23750;       0,61813; 90,67010;49,00000;20,00000;1,10718;3
332,54099;68,24750;       0,61850; 90,67061;50,00000;20,00000;1,10728;3
332,44601;68,25750;       0,61887; 90,67111;51,00000;20,00000;1,10736;3
332,34299;68,26750;       0,61907; 90,67162;49,00000;20,00000;1,10745;3
332,23801;68,27750;       0,61927; 90,67091;49,00000;20,00000;1,10754;3
332,13501;68,28750;       0,61972; 90,67141;50,00000;20,00000;1,10763;3
332,03799;68,29750;       0,62000; 90,67192;52,00000;20,00000;1,10771;3
331,92999;68,30750;       0,61987; 90,67120;50,00000;20,00000;1,10781;3
331,83301;68,31750;       0,61957; 90,67170;49,00000;20,00000;1,10789;3
331,73199;68,32750;       0,62010; 90,67099;50,00000;20,00000;1,10798;3
331,63599;68,33750;       0,61981; 90,67149;50,00000;20,00000;1,10806;3
331,53299;68,34750;       0,61992; 90,67198;49,00000;20,00000;1,10815;3
331,42801;68,35750;       0,62037; 90,67127;49,00000;20,00000;1,10824;3
331,33200;68,36750;       0,62057; 90,67177;51,00000;20,00000;1,10833;3
331,23401;68,37750;       0,62069; 90,67227;50,00000;20,00000;1,10841;3
331,13000;68,38750;       0,62106; 90,67156;49,00000;20,00000;1,10850;3
331,03601;68,39750;       0,62101; 90,67206;49,00000;20,00000;1,10858;3
330,92099;68,40750;       0,62121; 90,67256;51,00000;20,00000;1,10868;3
330,83099;68,41750;       0,62141; 90,67185;50,00000;20,00000;1,10876;3
330,72501;68,42750;       0,62169; 90,67236;49,00000;20,00000;1,10885;3
330,62399;68,43750;       0,62198; 90,67044;49,00000;20,00000;1,10894;3
330,51300;68,44750;       0,62201; 90,66731;50,00000;20,00000;1,10903;3
330,42099;68,45750;       0,62221; 90,66417;49,00000;20,00000;1,10911;3
330,31799;68,46750;       0,62241; 90,66225;49,00000;20,00000;1,10920;3
330,22400;68,47750;       0,62245; 90,66032;50,00000;20,00000;1,10928;3
330,13400;68,48750;       0,62257; 90,65840;51,00000;20,00000;1,10936;3
330,02100;68,49750;       0,62318; 90,65768;50,00000;20,00000;1,10946;3
329,93399;68,50750;       0,62314; 90,65697;49,00000;20,00000;1,10953;3
329,82001;68,51750;       0,62283; 90,65626;49,00000;20,00000;1,10963;3
329,72601;68,52750;       0,62271; 90,65555;51,00000;20,00000;1,10971;3
329,62601;68,53750;       0,62316; 90,65485;51,00000;20,00000;1,10980;3
329,52100;68,54750;       0,62344; 90,65414;51,00000;20,00000;1,10989;3
329,41400;68,55750;       0,62388; 90,65343;50,00000;20,00000;1,10998;3
329,31900;68,56750;       0,62376; 90,65273;50,00000;20,00000;1,11006;3
329,22198;68,57750;       0,62371; 90,65202;50,00000;20,00000;1,11015;3
329,10800;68,58750;       0,62390; 90,65010;49,00000;20,00000;1,11024;3
329,01700;68,59750;       0,62394; 90,64940;51,00000;20,00000;1,11032;3
328,91199;68,60750;       0,62456; 90,64870;50,00000;20,00000;1,11041;3
328,81201;68,61750;       0,62484; 90,64799;50,00000;20,00000;1,11050;3
328,70901;68,62750;       0,62454; 90,64729;49,00000;20,00000;1,11059;3
328,60199;68,63750;       0,62466; 90,64659;51,00000;20,00000;1,11068;3
328,50601;68,64750;       0,62502; 90,64588;50,00000;20,00000;1,11076;3
328,39600;68,65750;       0,62530; 90,64517;51,00000;20,00000;1,11085;3
328,29501;68,66750;       0,62525; 90,64446;49,00000;20,00000;1,11094;3
328,20499;68,67750;       0,62529; 90,64497;50,00000;20,00000;1,11102;3
328,10101;68,68750;       0,62533; 90,64426;50,00000;20,00000;1,11111;3
327,99600;68,69750;       0,62594; 90,64355;49,00000;20,00000;1,11120;3
327,89499;68,70750;       0,62573; 90,64405;49,00000;20,00000;1,11128;3
327,79599;68,71750;       0,62634; 90,64334;50,00000;20,00000;1,11137;3
327,69901;68,72750;       0,62663; 90,64263;51,00000;20,00000;1,11145;3
327,58499;68,73750;       0,62674; 90,64312;50,00000;20,00000;1,11155;3
327,49600;68,74750;       0,62686; 90,64362;50,00000;20,00000;1,11162;3
327,39899;68,75750;       0,62640; 90,64291;49,00000;20,00000;1,11171;3
327,29700;68,76750;       0,62685; 90,64341;51,00000;20,00000;1,11179;3
327,18900;68,77750;       0,62738; 90,64390;51,00000;20,00000;1,11189;3
327,09698;68,78750;       0,62742; 90,64441;49,00000;20,00000;1,11196;3
326,99100;68,79750;       0,62778; 90,64492;50,00000;20,00000;1,11205;3
326,88800;68,80750;       0,62748; 90,64543;50,00000;20,00000;1,11214;3
326,78500;68,81750;       0,62751; 90,64593;49,00000;20,00000;1,11223;3
326,67999;68,82750;       0,62796; 90,64643;49,00000;20,00000;1,11232;3
326,57599;68,83750;       0,62833; 90,64572;50,00000;20,00000;1,11241;3
326,48001;68,84750;       0,62853; 90,64622;50,00000;20,00000;1,11249;3
326,37701;68,85750;       0,62914; 90,64672;49,00000;20,00000;1,11258;3
326,28500;68,86750;       0,62943; 90,64601;49,00000;20,00000;1,11265;3
326,17801;68,87750;       0,62930; 90,64651;50,00000;20,00000;1,11274;3
326,08401;68,88750;       0,62950; 90,64580;52,00000;20,00000;1,11282;3
325,97800;68,89750;       0,62970; 90,64630;49,00000;20,00000;1,11291;3
325,87299;68,90750;       0,62956; 90,64559;49,00000;20,00000;1,11300;3
325,78299;68,91750;       0,62969; 90,64609;50,00000;20,00000;1,11308;3
325,67001;68,92750;       0,62963; 90,64659;49,00000;20,00000;1,11317;3
325,57101;68,93750;       0,63000; 90,64588;49,00000;20,00000;1,11326;3
325,47800;68,94750;       0,63037; 90,64639;49,00000;20,00000;1,11334;3
325,36899;68,95750;       0,63056; 90,64447;51,00000;20,00000;1,11343;3
325,26700;68,96750;       0,63076; 90,64375;50,00000;20,00000;1,11352;3
325,17099;68,97750;       0,63138; 90,64304;49,00000;20,00000;1,11360;3
325,06601;68,98750;       0,63158; 90,64233;49,00000;20,00000;1,11369;3
324,97800;68,99750;       0,63195; 90,64163;51,00000;20,00000;1,11376;3
324,86801;69,00750;       0,63239; 90,64091;51,00000;20,00000;1,11385;3
324,76801;69,01750;       0,63259; 90,64141;51,00000;20,00000;1,11394;3
324,67001;69,02750;       0,63222; 90,64070;50,00000;20,00000;1,11402;3
324,56400;69,03750;       0,63208; 90,63999;50,00000;20,00000;1,11411;3
324,47198;69,04750;       0,63229; 90,63928;50,00000;20,00000;1,11419;3
324,36301;69,05750;       0,63257; 90,63856;49,00000;20,00000;1,11428;3
324,27200;69,06750;       0,63343; 90,63665;51,00000;20,00000;1,11435;3
324,16800;69,07750;       0,63355; 90,63594;50,00000;20,00000;1,11444;3
324,06601;69,08750;       0,63334; 90,63402;50,00000;20,00000;1,11453;3
323,96701;69,09750;       0,63304; 90,63331;49,00000;20,00000;1,11461;3
323,85699;69,10750;       0,63340; 90,63260;51,00000;20,00000;1,11470;3
323,76700;69,11750;       0,63402; 90,63189;51,00000;20,00000;1,11478;3
323,67001;69,12750;       0,63414; 90,63118;51,00000;20,00000;1,11486;3
323,55499;69,13750;       0,63408; 90,62926;49,00000;20,00000;1,11496;3
323,46701;69,14750;       0,63388; 90,62855;50,00000;20,00000;1,11503;3
323,36200;69,15750;       0,63374; 90,62906;50,00000;20,00000;1,11512;3
323,26501;69,16750;       0,63370; 90,62835;49,00000;20,00000;1,11520;3
323,15399;69,17750;       0,63398; 90,62764;49,00000;20,00000;1,11529;3
323,05200;69,18750;       0,63409; 90,62693;51,00000;20,00000;1,11538;3
322,95999;69,19750;       0,63446; 90,62622;50,00000;20,00000;1,11545;3
322,85999;69,20750;       0,63491; 90,62552;49,00000;20,00000;1,11554;3
322,76501;69,21750;       0,63520; 90,62481;51,00000;20,00000;1,11562;3
322,64301;69,22750;       0,63580; 90,62409;51,00000;20,00000;1,11572;3
322,56000;69,23750;       0,63584; 90,62339;51,00000;20,00000;1,11579;3
322,45200;69,24750;       0,63563; 90,62268;49,00000;20,00000;1,11588;3
322,35501;69,25750;       0,63574; 90,62197;50,00000;20,00000;1,11596;3
322,24399;69,26750;       0,63594; 90,62246;50,00000;20,00000;1,11605;3
322,15701;69,27750;       0,63582; 90,62176;49,00000;20,00000;1,11612;3
322,05301;69,28750;       0,63593; 90,62225;49,00000;20,00000;1,11621;3
321,95200;69,29750;       0,63646; 90,62154;49,00000;20,00000;1,11629;3
321,85101;69,30750;       0,63674; 90,62204;50,00000;20,00000;1,11638;3
321,75400;69,31750;       0,63695; 90,62254;49,00000;20,00000;1,11646;3
321,65399;69,32750;       0,63723; 90,62304;49,00000;20,00000;1,11654;3
321,54599;69,33750;       0,63718; 90,62354;51,00000;20,00000;1,11663;3
321,44800;69,34750;       0,63721; 90,62404;51,00000;20,00000;1,11671;3
321,34201;69,35750;       0,63807; 90,62454;49,00000;20,00000;1,11680;3
321,25601;69,36750;       0,63787; 90,62505;49,00000;20,00000;1,11687;3
321,14999;69,37750;       0,63765; 90,62555;50,00000;20,00000;1,11696;3
321,03500;69,38750;       0,63751; 90,62605;50,00000;20,00000;1,11706;3
320,94101;69,39750;       0,63788; 90,62655;50,00000;20,00000;1,11713;3
320,84299;69,40750;       0,63792; 90,62706;50,00000;20,00000;1,11722;3
320,73700;69,41750;       0,63812; 90,62756;50,00000;20,00000;1,11730;3
320,64200;69,42750;       0,63881; 90,62807;50,00000;20,00000;1,11738;3
320,54599;69,43750;       0,63910; 90,62857;49,00000;20,00000;1,11746;3
320,43100;69,44750;       0,63921; 90,62907;50,00000;20,00000;1,11756;3
320,32800;69,45750;       0,63924; 90,62957;50,00000;20,00000;1,11764;3
320,23099;69,46750;       0,63920; 90,63008;51,00000;20,00000;1,11772;3
320,13501;69,47750;       0,63932; 90,63058;50,00000;20,00000;1,11780;3
320,02899;69,48750;       0,63976; 90,63108;49,00000;20,00000;1,11789;3
319,92499;69,49750;       0,64012; 90,63158;50,00000;20,00000;1,11797;3
319,83600;69,50750;       0,64041; 90,63208;50,00000;20,00000;1,11805;3
319,72299;69,51750;       0,64044; 90,63137;49,00000;20,00000;1,11814;3
319,63000;69,52750;       0,64073; 90,63188;51,00000;20,00000;1,11822;3
319,52701;69,53750;       0,64093; 90,63238;50,00000;20,00000;1,11830;3
319,42599;69,54750;       0,64096; 90,62926;50,00000;20,00000;1,11839;3
319,32700;69,55750;       0,64116; 90,62614;50,00000;20,00000;1,11847;3
319,21399;69,56750;       0,64136; 90,62180;51,00000;20,00000;1,11856;3
319,11600;69,57750;       0,64131; 90,61867;50,00000;20,00000;1,11864;3
319,02100;69,58750;       0,64168; 90,61434;52,00000;20,00000;1,11872;3
318,92801;69,59750;       0,64171; 90,61121;50,00000;20,00000;1,11879;3
318,82800;69,60750;       0,64175; 90,60688;49,00000;20,00000;1,11888;3
318,71399;69,61750;       0,64153; 90,60374;50,00000;20,00000;1,11897;3
318,61801;69,62750;       0,64206; 90,60183;50,00000;20,00000;1,11905;3
318,52301;69,63750;       0,64218; 90,59992;49,00000;20,00000;1,11913;3
318,42599;69,64750;       0,64263; 90,59921;49,00000;20,00000;1,11921;3
318,31201;69,65750;       0,64266; 90,59850;50,00000;20,00000;1,11930;3
318,21600;69,66750;       0,64303; 90,59900;50,00000;20,00000;1,11938;3
318,11499;69,67750;       0,64306; 90,59950;50,00000;20,00000;1,11946;3
318,00800;69,68750;       0,64326; 90,59879;49,00000;20,00000;1,11955;3
317,92401;69,69750;       0,64355; 90,59929;50,00000;20,00000;1,11962;3
317,81000;69,70750;       0,64366; 90,59978;52,00000;20,00000;1,11971;3
317,70999;69,71750;       0,64378; 90,60027;50,00000;20,00000;1,11979;3
317,62299;69,72750;       0,64382; 90,60077;49,00000;20,00000;1,11986;3
317,51901;69,73750;       0,64385; 90,60126;50,00000;20,00000;1,11995;3
317,42300;69,74750;       0,64414; 90,60176;50,00000;20,00000;1,12003;3
317,32001;69,75750;       0,64409; 90,60225;49,00000;20,00000;1,12011;3
317,21701;69,76750;       0,64412; 90,60275;49,00000;20,00000;1,12019;3
317,12201;69,77750;       0,64474; 90,60326;49,00000;20,00000;1,12027;3
317,01599;69,78750;       0,64502; 90,60376;50,00000;20,00000;1,12036;3
316,90900;69,79750;       0,64488; 90,60426;50,00000;20,00000;1,12044;3
316,81799;69,80750;       0,64509; 90,60478;49,00000;20,00000;1,12052;3
316,71701;69,81750;       0,64512; 90,60528;50,00000;20,00000;1,12060;3
316,60101;69,82750;       0,64515; 90,60577;52,00000;20,00000;1,12069;3
316,50400;69,83750;       0,64568; 90,60627;50,00000;20,00000;1,12077;3
316,41000;69,84750;       0,64630; 90,60678;49,00000;20,00000;1,12085;3
316,31000;69,85750;       0,64650; 90,60727;50,00000;20,00000;1,12093;3
316,20999;69,86750;       0,64637; 90,60777;50,00000;20,00000;1,12101;3
316,10800;69,87750;       0,64624; 90,60827;49,00000;20,00000;1,12109;3
316,01300;69,88750;       0,64611; 90,60878;49,00000;20,00000;1,12117;3
315,91101;69,89750;       0,64664; 90,60928;50,00000;20,00000;1,12125;3
315,80099;69,90750;       0,64700; 90,60977;50,00000;20,00000;1,12134;3
315,69901;69,91750;       0,64695; 90,61027;49,00000;20,00000;1,12143;3
315,60999;69,92750;       0,64707; 90,61077;49,00000;20,00000;1,12150;3
315,50400;69,93750;       0,64768; 90,61127;51,00000;20,00000;1,12158;3
315,41501;69,94750;       0,64764; 90,61177;51,00000;20,00000;1,12166;3
315,30499;69,95750;       0,64767; 90,61227;49,00000;20,00000;1,12174;3
315,20499;69,96750;       0,64779; 90,61277;49,00000;20,00000;1,12182;3
315,09900;69,97750;       0,64807; 90,61206;50,00000;20,00000;1,12191;3
315,00000;69,98750;       0,64827; 90,61256;50,00000;20,00000;1,12199;3
314,91000;69,99750;       0,64872; 90,61307;49,00000;20,00000;1,12206;3
314,79700;70,00750;       0,64916; 90,61236;49,00000;20,00000;1,12215;3
314,70099;70,01750;       0,64928; 90,61285;50,00000;20,00000;1,12223;3
314,60001;70,02750;       0,64948; 90,61214;50,00000;20,00000;1,12231;3
314,49500;70,03750;       0,64959; 90,61264;49,00000;20,00000;1,12240;3
314,40500;70,04750;       0,64947; 90,61193;49,00000;20,00000;1,12247;3
314,30301;70,05750;       0,64967; 90,61244;51,00000;20,00000;1,12255;3
314,20300;70,06750;       0,64987; 90,61173;50,00000;20,00000;1,12263;3
314,09500;70,07750;       0,65007; 90,61223;52,00000;20,00000;1,12272;3
314,00101;70,08750;       0,65019; 90,61152;50,00000;20,00000;1,12279;3
313,89700;70,09750;       0,64981; 90,61203;50,00000;20,00000;1,12288;3
313,79001;70,10750;       0,65025; 90,61132;50,00000;20,00000;1,12296;3
313,70099;70,11750;       0,65021; 90,61183;50,00000;20,00000;1,12303;3
313,59000;70,12750;       0,65024; 90,61112;52,00000;20,00000;1,12312;3
313,48901;70,13750;       0,65044; 90,61162;50,00000;20,00000;1,12320;3
313,39301;70,14750;       0,65073; 90,61091;50,00000;20,00000;1,12328;3
313,28699;70,15750;       0,65117; 90,61141;50,00000;20,00000;1,12337;3
313,19199;70,16750;       0,65129; 90,60829;49,00000;20,00000;1,12344;3
313,09601;70,17750;       0,65141; 90,60637;51,00000;20,00000;1,12352;3
312,98599;70,18750;       0,65152; 90,60445;50,00000;20,00000;1,12361;3
312,88800;70,19750;       0,65180; 90,60254;52,00000;20,00000;1,12368;3
312,79099;70,20750;       0,65217; 90,60063;50,00000;20,00000;1,12376;3
312,68799;70,21750;       0,65237; 90,59871;50,00000;20,00000;1,12384;3
312,58301;70,22750;       0,65240; 90,59800;50,00000;20,00000;1,12393;3
312,48901;70,23750;       0,65244; 90,59729;51,00000;20,00000;1,12400;3
312,38599;70,24750;       0,65264; 90,59658;51,00000;20,00000;1,12408;3
312,28699;70,25750;       0,65308; 90,59588;50,00000;20,00000;1,12416;3
312,18900;70,26750;       0,65345; 90,59517;50,00000;20,00000;1,12424;3
312,08200;70,27750;       0,65348; 90,59446;50,00000;20,00000;1,12433;3
311,98700;70,28750;       0,65344; 90,59375;49,00000;20,00000;1,12440;3
311,88101;70,29750;       0,65364; 90,59304;51,00000;20,00000;1,12449;3
311,78000;70,30750;       0,65383; 90,59233;50,00000;20,00000;1,12457;3
311,68500;70,31750;       0,65387; 90,59162;52,00000;20,00000;1,12464;3
311,59100;70,32750;       0,65383; 90,59092;50,00000;20,00000;1,12472;3
311,48001;70,33750;       0,65378; 90,59021;49,00000;20,00000;1,12480;3
311,38800;70,34750;       0,65398; 90,58950;50,00000;20,00000;1,12488;3
311,27802;70,35750;       0,65409; 90,59000;51,00000;20,00000;1,12496;3
311,17899;70,36750;       0,65421; 90,58930;51,00000;20,00000;1,12504;3
311,07999;70,37750;       0,65433; 90,58859;49,00000;20,00000;1,12512;3
310,97800;70,38750;       0,65461; 90,58789;50,00000;20,00000;1,12520;3
310,88599;70,39750;       0,65498; 90,58718;50,00000;20,00000;1,12527;3
310,76901;70,40750;       0,65534; 90,58768;49,00000;20,00000;1,12537;3
310,67599;70,41750;       0,65529; 90,58818;49,00000;20,00000;1,12544;3
310,57599;70,42750;       0,65533; 90,58748;50,00000;20,00000;1,12552;3
310,47601;70,43750;       0,65536; 90,58797;52,00000;20,00000;1,12560;3
310,37299;70,44750;       0,65556; 90,58847;49,00000;20,00000;1,12568;3
310,27600;70,45750;       0,65544; 90,58897;49,00000;20,00000;1,12576;3
310,18399;70,46750;       0,65580; 90,58947;50,00000;20,00000;1,12583;3
310,07901;70,47750;       0,65633; 90,58997;52,00000;20,00000;1,12591;3
309,96701;70,48750;       0,65710; 90,59047;50,00000;20,00000;1,12600;3
309,88199;70,49750;       0,65714; 90,59097;49,00000;20,00000;1,12607;3
309,77499;70,50750;       0,65611; 90,59148;50,00000;20,00000;1,12615;3
309,66800;70,51750;       0,65647; 90,59198;50,00000;20,00000;1,12623;3
309,57401;70,52750;       0,65700; 90,59249;49,00000;20,00000;1,12631;3
309,47501;70,53750;       0,65728; 90,59300;49,00000;20,00000;1,12639;3
309,36401;70,54750;       0,65788; 90,59350;51,00000;20,00000;1,12647;3
309,26700;70,55750;       0,65800; 90,59401;50,00000;20,00000;1,12655;3
309,15601;70,56750;       0,65779; 90,59451;49,00000;20,00000;1,12664;3
309,06500;70,57750;       0,65767; 90,59501;49,00000;20,00000;1,12671;3
308,96500;70,58750;       0,65778; 90,59551;50,00000;20,00000;1,12679;3
308,86499;70,59750;       0,65839; 90,59601;52,00000;20,00000;1,12686;3
308,76599;70,60750;       0,65826; 90,59651;49,00000;20,00000;1,12694;3
308,66299;70,61750;       0,65805; 90,59701;49,00000;20,00000;1,12702;3
308,56699;70,62750;       0,65817; 90,59751;50,00000;20,00000;1,12710;3
308,45901;70,63750;       0,65870; 90,59800;49,00000;20,00000;1,12718;3
308,36200;70,64750;       0,65882; 90,59850;49,00000;20,00000;1,12726;3
308,26801;70,65750;       0,65902; 90,59900;49,00000;20,00000;1,12733;3
308,16000;70,66750;       0,65913; 90,59950;51,00000;20,00000;1,12742;3
308,06900;70,67750;       0,65917; 90,59999;51,00000;20,00000;1,12749;3
307,95499;70,68750;       0,65937; 90,60049;49,00000;20,00000;1,12758;3
307,87799;70,69750;       0,65966; 90,60099;50,00000;20,00000;1,12764;3
307,76700;70,70750;       0,65953; 90,60150;51,00000;20,00000;1,12772;3
307,67099;70,71750;       0,65989; 90,60200;50,00000;20,00000;1,12780;3
307,56100;70,72750;       0,66025; 90,60250;49,00000;20,00000;1,12788;3
307,45599;70,73750;       0,66045; 90,60301;50,00000;20,00000;1,12796;3
307,36200;70,74750;       0,66057; 90,60352;50,00000;20,00000;1,12804;3
307,26001;70,75750;       0,66085; 90,60403;49,00000;20,00000;1,12812;3
307,15399;70,76750;       0,66105; 90,60453;49,00000;20,00000;1,12820;3
307,05301;70,77750;       0,66092; 90,60504;51,00000;20,00000;1,12828;3
306,95700;70,78750;       0,66112; 90,60555;50,00000;20,00000;1,12835;3
306,85300;70,79750;       0,66107; 90,60605;52,00000;20,00000;1,12843;3
306,74500;70,80750;       0,66127; 90,60655;50,00000;20,00000;1,12852;3
306,65601;70,81750;       0,66155; 90,60706;50,00000;20,00000;1,12858;3
306,54599;70,82750;       0,66175; 90,60756;50,00000;20,00000;1,12867;3
306,44601;70,83750;       0,66162; 90,60806;52,00000;20,00000;1,12875;3
306,34799;70,84750;       0,66191; 90,60856;50,00000;20,00000;1,12882;3
306,25101;70,85750;       0,66227; 90,60906;50,00000;20,00000;1,12890;3
306,14999;70,86750;       0,66255; 90,60955;50,00000;20,00000;1,12898;3
306,04800;70,87750;       0,66226; 90,61005;50,00000;20,00000;1,12905;3
305,95300;70,88750;       0,66238; 90,60934;49,00000;20,00000;1,12913;3
305,84601;70,89750;       0,66258; 90,60983;51,00000;20,00000;1,12921;3
305,75400;70,90750;       0,66278; 90,61034;50,00000;20,00000;1,12928;3
305,65500;70,91750;       0,66314; 90,61084;52,00000;20,00000;1,12936;3
305,55099;70,92750;       0,66326; 90,61013;49,00000;20,00000;1,12944;3
305,45300;70,93750;       0,66354; 90,61064;51,00000;20,00000;1,12951;3
305,34601;70,94750;       0,66382; 90,61114;50,00000;20,00000;1,12960;3
305,25201;70,95750;       0,66427; 90,61044;52,00000;20,00000;1,12967;3
305,13599;70,96750;       0,66430; 90,61094;50,00000;20,00000;1,12976;3
305,04901;70,97750;       0,66434; 90,60902;50,00000;20,00000;1,12982;3
304,93900;70,98750;       0,66437; 90,60711;50,00000;20,00000;1,12991;3
304,85101;70,99750;       0,66441; 90,60398;50,00000;20,00000;1,12998;3
304,74701;71,00750;       0,66469; 90,60206;50,00000;20,00000;1,13006;3
304,64099;71,01750;       0,66473; 90,60015;51,00000;20,00000;1,13014;3
304,55099;71,02750;       0,66493; 90,59944;51,00000;20,00000;1,13021;3
304,45001;71,03750;       0,66521; 90,59753;51,00000;20,00000;1,13028;3
304,33401;71,04750;       0,66557; 90,59682;49,00000;20,00000;1,13037;3
304,24899;71,05750;       0,66569; 90,59611;51,00000;20,00000;1,13044;3
304,14001;71,06750;       0,66556; 90,59540;51,00000;20,00000;1,13052;3
304,04199;71,07750;       0,66519; 90,59591;51,00000;20,00000;1,13060;3
303,94800;71,08750;       0,66564; 90,59521;49,00000;20,00000;1,13067;3
303,84299;71,09750;       0,66575; 90,59451;50,00000;20,00000;1,13075;3
303,74200;71,10750;       0,66628; 90,59381;50,00000;20,00000;1,13082;3
303,63901;71,11750;       0,66631; 90,59431;49,00000;20,00000;1,13090;3
303,52899;71,12750;       0,66602; 90,59361;49,00000;20,00000;1,13099;3
303,43500;71,13750;       0,66728; 90,59411;51,00000;20,00000;1,13106;3
303,32501;71,14750;       0,66748; 90,59340;50,00000;20,00000;1,13114;3
303,23801;71,15750;       0,66760; 90,59391;49,00000;20,00000;1,13121;3
303,13501;71,16750;       0,66755; 90,59440;49,00000;20,00000;1,13129;3
303,03400;71,17750;       0,66735; 90,59490;50,00000;20,00000;1,13136;3
302,94101;71,18750;       0,66722; 90,59541;51,00000;20,00000;1,13143;3
302,83499;71,19750;       0,66758; 90,59591;49,00000;20,00000;1,13152;3
302,73199;71,20750;       0,66778; 90,59641;49,00000;20,00000;1,13159;3
302,62601;71,21750;       0,66765; 90,59691;50,00000;20,00000;1,13167;3
302,53699;71,22750;       0,66786; 90,59741;49,00000;20,00000;1,13174;3
302,43799;71,23750;       0,66806; 90,59791;49,00000;20,00000;1,13182;3
302,32700;71,24750;       0,66825; 90,59841;51,00000;20,00000;1,13190;3
302,23700;71,25750;       0,66854; 90,59891;50,00000;20,00000;1,13197;3
302,13699;71,26750;       0,66857; 90,59942;52,00000;20,00000;1,13204;3
302,02600;71,27750;       0,66852; 90,59991;49,00000;20,00000;1,13213;3
301,93201;71,28750;       0,66881; 90,60041;51,00000;20,00000;1,13220;3
301,82800;71,29750;       0,66909; 90,60092;50,00000;20,00000;1,13228;3
301,74301;71,30750;       0,66921; 90,60143;49,00000;20,00000;1,13234;3
301,63101;71,31750;       0,66916; 90,60193;49,00000;20,00000;1,13243;3
301,52899;71,32750;       0,66944; 90,60244;50,00000;20,00000;1,13250;3
301,43201;71,33750;       0,66981; 90,60295;50,00000;20,00000;1,13258;3
301,32001;71,34750;       0,66959; 90,60345;50,00000;20,00000;1,13266;3
301,21799;71,35750;       0,66963; 90,60396;51,00000;20,00000;1,13274;3
301,12500;71,36750;       0,67008; 90,60326;50,00000;20,00000;1,13281;3
301,02100;71,37750;       0,67011; 90,60376;52,00000;20,00000;1,13289;3
300,92401;71,38750;       0,67031; 90,60427;49,00000;20,00000;1,13296;3
300,82800;71,39750;       0,67027; 90,60477;51,00000;20,00000;1,13303;3
300,71201;71,40750;       0,67046; 90,60406;50,00000;20,00000;1,13312;3
300,62000;71,41750;       0,67083; 90,60456;52,00000;20,00000;1,13319;3
300,52399;71,42750;       0,67070; 90,60506;49,00000;20,00000;1,13326;3
300,41699;71,43750;       0,67114; 90,60435;49,00000;20,00000;1,13334;3
300,31900;71,44750;       0,67126; 90,60485;50,00000;20,00000;1,13341;3
300,22400;71,45750;       0,67147; 90,60535;49,00000;20,00000;1,13349;3
300,11401;71,46750;       0,67158; 90,60585;49,00000;20,00000;1,13357;3
300,03299;71,47750;       0,67138; 90,60515;49,00000;20,00000;1,13363;3
299,92001;71,48750;       0,67141; 90,60564;52,00000;20,00000;1,13371;3
299,81299;71,49750;       0,67169; 90,60614;49,00000;20,00000;1,13379;3
299,72198;71,50750;       0,67181; 90,60543;49,00000;20,00000;1,13386;3
299,62299;71,51750;       0,67193; 90,60594;50,00000;20,00000;1,13393;3
299,53000;71,52750;       0,67213; 90,60644;52,00000;20,00000;1,13400;3
299,41699;71,53750;       0,67225; 90,60576;49,00000;20,00000;1,13409;3
299,31900;71,54750;       0,67228; 90,60509;49,00000;20,00000;1,13416;3
299,22400;71,55750;       0,67240; 90,60438;50,00000;20,00000;1,13423;3
299,12100;71,56750;       0,67252; 90,60368;50,00000;20,00000;1,13431;3
299,02600;71,57750;       0,67248; 90,60294;49,00000;20,00000;1,13438;3
298,92001;71,58750;       0,67268; 90,60220;50,00000;20,00000;1,13446;3
298,82001;71,59750;       0,67279; 90,60270;50,00000;20,00000;1,13453;3
298,71500;71,60750;       0,67324; 90,60200;52,00000;20,00000;1,13461;3
298,61401;71,61750;       0,67344; 90,60129;50,00000;20,00000;1,13469;3
298,51300;71,62750;       0,67323; 90,59940;49,00000;20,00000;1,13476;3
298,41901;71,63750;       0,67351; 90,59752;51,00000;20,00000;1,13483;3
298,32300;71,64750;       0,67379; 90,59561;49,00000;20,00000;1,13490;3
298,22501;71,65750;       0,67367; 90,59370;49,00000;20,00000;1,13498;3
298,11600;71,66750;       0,67370; 90,59173;50,00000;20,00000;1,13506;3
298,01001;71,67750;       0,67382; 90,59098;50,00000;20,00000;1,13513;3
297,92001;71,68750;       0,67402; 90,58907;50,00000;20,00000;1,13520;3
297,82800;71,69750;       0,67415; 90,58837;50,00000;20,00000;1,13527;3
297,72299;71,70750;       0,67418; 90,58645;50,00000;20,00000;1,13535;3
297,61801;71,71750;       0,67511; 90,58577;52,00000;20,00000;1,13542;3
297,51999;71,72750;       0,67474; 90,58389;50,00000;20,00000;1,13550;3
297,42599;71,73750;       0,67470; 90,58315;49,00000;20,00000;1,13557;3
297,31299;71,74750;       0,67497; 90,58120;49,00000;20,00000;1,13565;3
297,22101;71,75750;       0,67542; 90,58050;52,00000;20,00000;1,13572;3
297,12299;71,76750;       0,67554; 90,57980;50,00000;20,00000;1,13579;3
297,01801;71,77750;       0,67574; 90,57909;50,00000;20,00000;1,13587;3
296,90799;71,78750;       0,67561; 90,57841;49,00000;20,00000;1,13595;3
296,82199;71,79750;       0,67557; 90,57895;50,00000;20,00000;1,13601;3
296,72000;71,80750;       0,67561; 90,57826;49,00000;20,00000;1,13609;3
296,61700;71,81750;       0,67573; 90,57876;49,00000;20,00000;1,13616;3
296,50699;71,82750;       0,67592; 90,57801;51,00000;20,00000;1,13624;3
296,41800;71,83750;       0,67580; 90,57847;51,00000;20,00000;1,13631;3
296,31500;71,84750;       0,67624; 90,57777;49,00000;20,00000;1,13638;3
296,22198;71,85750;       0,67653; 90,57706;50,00000;20,00000;1,13645;3
296,12299;71,86750;       0,67640; 90,57756;51,00000;20,00000;1,13653;3
296,01401;71,87750;       0,67668; 90,57689;51,00000;20,00000;1,13661;3
295,91599;71,88750;       0,67680; 90,57622;49,00000;20,00000;1,13668;3
295,81900;71,89750;       0,67692; 90,57552;49,00000;20,00000;1,13675;3
295,71500;71,90750;       0,67720; 90,57482;50,00000;20,00000;1,13682;3
295,60999;71,91750;       0,67707; 90,57408;49,00000;20,00000;1,13690;3
295,51801;71,92750;       0,67727; 90,57455;49,00000;20,00000;1,13697;3
295,41000;71,93750;       0,67706; 90,57384;49,00000;20,00000;1,13705;3
295,31601;71,94750;       0,67678; 90,57434;51,00000;20,00000;1,13712;3
295,20300;71,95750;       0,67706; 90,57363;49,00000;20,00000;1,13720;3
295,11801;71,96750;       0,67742; 90,57418;49,00000;20,00000;1,13726;3
295,02100;71,97750;       0,67730; 90,57472;49,00000;20,00000;1,13733;3
294,91000;71,98750;       0,67750; 90,57397;52,00000;20,00000;1,13741;3
294,80399;71,99750;       0,67777; 90,57444;49,00000;20,00000;1,13749;3
294,70901;72,00750;       0,67798; 90,57374;49,00000;20,00000;1,13756;3
294,60599;72,01750;       0,67834; 90,57424;50,00000;20,00000;1,13763;3
294,51099;72,02750;       0,67854; 90,57353;50,00000;20,00000;1,13770;3
294,40900;72,03750;       0,67866; 90,57286;50,00000;20,00000;1,13778;3
294,31500;72,04750;       0,67853; 90,57340;49,00000;20,00000;1,13785;3
294,21301;72,05750;       0,67849; 90,57269;51,00000;20,00000;1,13792;3
294,10501;72,06750;       0,67852; 90,57199;50,00000;20,00000;1,13800;3
294,00699;72,07750;       0,67856; 90,57245;52,00000;20,00000;1,13807;3
293,91000;72,08750;       0,67885; 90,57171;50,00000;20,00000;1,13814;3
293,81201;72,09750;       0,67888; 90,57101;51,00000;20,00000;1,13821;3
293,70099;72,10750;       0,67892; 90,57150;50,00000;20,00000;1,13829;3
293,60400;72,11750;       0,67936; 90,57080;49,00000;20,00000;1,13836;3
293,51700;72,12750;       0,67940; 90,57134;50,00000;20,00000;1,13842;3
293,40601;72,13750;       0,67952; 90,57188;50,00000;20,00000;1,13850;3
293,30701;72,14750;       0,68004; 90,57116;50,00000;20,00000;1,13857;3
293,21201;72,15750;       0,68049; 90,57165;50,00000;20,00000;1,13864;3
293,10999;72,16750;       0,68044; 90,57212;51,00000;20,00000;1,13872;3
293,01901;72,17750;       0,68032; 90,57259;50,00000;20,00000;1,13878;3
292,91699;72,18750;       0,68044; 90,57309;52,00000;20,00000;1,13886;3
292,80399;72,19750;       0,68023; 90,57359;49,00000;20,00000;1,13894;3
292,70801;72,20750;       0,68027; 90,57410;51,00000;20,00000;1,13901;3
292,61200;72,21750;       0,68072; 90,57465;50,00000;20,00000;1,13908;3
292,51199;72,22750;       0,68051; 90,57519;51,00000;20,00000;1,13915;3
292,40601;72,23750;       0,68046; 90,57566;51,00000;20,00000;1,13922;3
292,30399;72,24750;       0,68074; 90,57612;50,00000;20,00000;1,13930;3
292,20499;72,25750;       0,68086; 90,57663;50,00000;20,00000;1,13937;3
292,10800;72,26750;       0,68074; 90,57714;50,00000;20,00000;1,13944;3
292,00299;72,27750;       0,68102; 90,57765;49,00000;20,00000;1,13951;3
291,90100;72,28750;       0,68122; 90,57819;49,00000;20,00000;1,13959;3
291,80200;72,29750;       0,68150; 90,57873;50,00000;20,00000;1,13966;3
291,70200;72,30750;       0,68146; 90,57923;51,00000;20,00000;1,13973;3
291,60400;72,31750;       0,68150; 90,57974;49,00000;20,00000;1,13980;3
291,50000;72,32750;       0,68145; 90,58021;49,00000;20,00000;1,13987;3
291,39899;72,33750;       0,68157; 90,58067;50,00000;20,00000;1,13995;3
291,29800;72,34750;       0,68169; 90,58117;52,00000;20,00000;1,14002;3
291,19699;72,35750;       0,68181; 90,58168;49,00000;20,00000;1,14009;3
291,10800;72,36750;       0,68217; 90,58218;49,00000;20,00000;1,14015;3
291,00101;72,37750;       0,68221; 90,58272;50,00000;20,00000;1,14023;3
290,89600;72,38750;       0,68233; 90,58326;50,00000;20,00000;1,14030;3
290,79999;72,39750;       0,68229; 90,58376;49,00000;20,00000;1,14037;3
290,70599;72,40750;       0,68216; 90,58427;49,00000;20,00000;1,14044;3
290,59299;72,41750;       0,68228; 90,58474;51,00000;20,00000;1,14052;3
290,49701;72,42750;       0,68272; 90,58521;50,00000;20,00000;1,14059;3
290,39700;72,43750;       0,68308; 90,58571;49,00000;20,00000;1,14066;3
290,29800;72,44750;       0,68320; 90,58622;49,00000;20,00000;1,14073;3
290,19101;72,45750;       0,68316; 90,58671;51,00000;20,00000;1,14081;3
290,09500;72,46750;       0,68320; 90,58725;51,00000;20,00000;1,14087;3
289,99799;72,47750;       0,68332; 90,58779;49,00000;20,00000;1,14094;3
289,90399;72,48750;       0,68360; 90,58704;50,00000;20,00000;1,14101;3
289,79599;72,49750;       0,68372; 90,58750;50,00000;20,00000;1,14109;3
289,69901;72,50750;       0,68392; 90,58800;50,00000;20,00000;1,14115;3
289,60501;72,51750;       0,68461; 90,58851;49,00000;20,00000;1,14122;3
289,49799;72,52750;       0,68440; 90,58659;50,00000;20,00000;1,14130;3
289,40399;72,53750;       0,68420; 90,58351;51,00000;20,00000;1,14136;3
289,29901;72,54750;       0,68423; 90,57921;49,00000;20,00000;1,14144;3
289,19501;72,55750;       0,68403; 90,57608;49,00000;20,00000;1,14151;3
289,10599;72,56750;       0,68399; 90,57295;50,00000;20,00000;1,14157;3
289,00299;72,57750;       0,68427; 90,56979;51,00000;20,00000;1,14165;3
288,90100;72,58750;       0,68431; 90,56784;49,00000;20,00000;1,14172;3
288,80600;72,59750;       0,68427; 90,56472;49,00000;20,00000;1,14179;3
288,70300;72,60750;       0,68447; 90,56281;50,00000;20,00000;1,14186;3
288,60599;72,61750;       0,68483; 90,56090;50,00000;20,00000;1,14193;3
288,50201;72,62750;       0,68527; 90,55903;50,00000;20,00000;1,14200;3
288,40302;72,63750;       0,68555; 90,55715;51,00000;20,00000;1,14207;3
288,29199;72,64750;       0,68542; 90,55641;50,00000;20,00000;1,14215;3
288,20200;72,65750;       0,68563; 90,55567;52,00000;20,00000;1,14221;3
288,10001;72,66750;       0,68583; 90,55617;49,00000;20,00000;1,14228;3
287,99600;72,67750;       0,68554; 90,55667;51,00000;20,00000;1,14235;3
287,90302;72,68750;       0,68574; 90,55597;50,00000;20,00000;1,14242;3
287,80301;72,69750;       0,68562; 90,55648;52,00000;20,00000;1,14249;3
287,69699;72,70750;       0,68558; 90,55698;50,00000;20,00000;1,14256;3
287,59601;72,71750;       0,68553; 90,55752;50,00000;20,00000;1,14263;3
287,49600;72,72750;       0,68573; 90,55686;50,00000;20,00000;1,14270;3
287,39600;72,73750;       0,68585; 90,55733;50,00000;20,00000;1,14277;3
287,29901;72,74750;       0,68614; 90,55659;49,00000;20,00000;1,14284;3
287,19601;72,75750;       0,68577; 90,55588;49,00000;20,00000;1,14291;3
287,09601;72,76750;       0,68581; 90,55517;51,00000;20,00000;1,14298;3
286,99500;72,77750;       0,68617; 90,55446;49,00000;20,00000;1,14305;3
286,90302;72,78750;       0,68637; 90,55379;49,00000;20,00000;1,14312;3
286,79700;72,79750;       0,68593; 90,55311;50,00000;20,00000;1,14319;3
286,70599;72,80750;       0,68597; 90,55120;51,00000;20,00000;1,14326;3
286,60199;72,81750;       0,68625; 90,55049;49,00000;20,00000;1,14333;3
286,50400;72,82750;       0,68661; 90,54974;50,00000;20,00000;1,14340;3
286,39801;72,83750;       0,68673; 90,54900;50,00000;20,00000;1,14347;3
286,30499;72,84750;       0,68661; 90,54829;49,00000;20,00000;1,14353;3
286,20300;72,85750;       0,68673; 90,54759;49,00000;20,00000;1,14360;3
286,10501;72,86750;       0,68677; 90,54688;51,00000;20,00000;1,14367;3
286,00101;72,87750;       0,68664; 90,54620;50,00000;20,00000;1,14374;3
285,90100;72,88750;       0,68692; 90,54554;52,00000;20,00000;1,14381;3
285,81100;72,89750;       0,68721; 90,54480;50,00000;20,00000;1,14388;3
285,70200;72,90750;       0,68708; 90,54406;51,00000;20,00000;1,14395;3
285,60300;72,91750;       0,68688; 90,54456;50,00000;20,00000;1,14402;3
285,50101;72,92750;       0,68692; 90,54386;49,00000;20,00000;1,14409;3
285,40500;72,93750;       0,68696; 90,54437;50,00000;20,00000;1,14416;3
285,29901;72,94750;       0,68716; 90,54488;50,00000;20,00000;1,14423;3
285,19901;72,95750;       0,68728; 90,54539;50,00000;20,00000;1,14430;3
285,09799;72,96750;       0,68732; 90,54594;49,00000;20,00000;1,14437;3
284,99701;72,97750;       0,68776; 90,54649;49,00000;20,00000;1,14444;3
284,89801;72,98750;       0,68780; 90,54695;51,00000;20,00000;1,14451;3
284,78201;72,99750;       0,68759; 90,54741;52,00000;20,00000;1,14459;3
284,69699;73,00750;       0,68787; 90,54792;49,00000;20,00000;1,14465;3
284,59900;73,01750;       0,68783; 90,54842;51,00000;20,00000;1,14471;3
284,50000;73,02750;       0,68795; 90,54892;50,00000;20,00000;1,14478;3
284,39801;73,03750;       0,68807; 90,54946;51,00000;20,00000;1,14485;3
284,29401;73,04750;       0,68779; 90,54999;49,00000;20,00000;1,14492;3
284,19699;73,05750;       0,68815; 90,55050;50,00000;20,00000;1,14499;3
284,10999;73,06750;       0,68844; 90,55100;50,00000;20,00000;1,14505;3
283,98999;73,07750;       0,68847; 90,55147;49,00000;20,00000;1,14513;3
283,89001;73,08750;       0,68835; 90,55194;49,00000;20,00000;1,14520;3
283,79300;73,09750;       0,68831; 90,55245;50,00000;20,00000;1,14527;3
283,70300;73,10750;       0,68843; 90,55296;50,00000;20,00000;1,14533;3
283,59601;73,11750;       0,68839; 90,55345;49,00000;20,00000;1,14540;3
283,48801;73,12750;       0,68842; 90,55398;49,00000;20,00000;1,14547;3
283,39899;73,13750;       0,68863; 90,55451;50,00000;20,00000;1,14553;3
283,30099;73,14750;       0,68835; 90,55499;52,00000;20,00000;1,14560;3
283,20401;73,15750;       0,68831; 90,55546;49,00000;20,00000;1,14567;3
283,10501;73,16750;       0,68875; 90,55596;49,00000;20,00000;1,14573;3
282,98901;73,17750;       0,68894; 90,55646;50,00000;20,00000;1,14581;3
282,89801;73,18750;       0,68899; 90,55697;49,00000;20,00000;1,14588;3
282,79599;73,19750;       0,68911; 90,55748;49,00000;20,00000;1,14595;3
282,70099;73,20750;       0,68915; 90,55798;49,00000;20,00000;1,14601;3
282,59900;73,21750;       0,68927; 90,55852;51,00000;20,00000;1,14608;3
282,49301;73,22750;       0,68922; 90,55906;51,00000;20,00000;1,14615;3
282,39899;73,23750;       0,68910; 90,55953;49,00000;20,00000;1,14621;3
282,30099;73,24750;       0,68906; 90,56000;49,00000;20,00000;1,14628;3
282,19601;73,25750;       0,68902; 90,56050;51,00000;20,00000;1,14635;3
282,09799;73,26750;       0,68922; 90,56101;51,00000;20,00000;1,14642;3
281,99399;73,27750;       0,68958; 90,56151;49,00000;20,00000;1,14649;3
281,89499;73,28750;       0,68962; 90,56084;50,00000;20,00000;1,14656;3
281,79599;73,29750;       0,68974; 90,56138;50,00000;20,00000;1,14662;3
281,69699;73,30750;       0,69011; 90,56188;49,00000;20,00000;1,14669;3
281,59299;73,31750;       0,69022; 90,56118;49,00000;20,00000;1,14676;3
281,50601;73,32750;       0,69035; 90,56165;51,00000;20,00000;1,14682;3
281,39999;73,33750;       0,69055; 90,56211;50,00000;20,00000;1,14689;3
281,30399;73,34750;       0,69051; 90,56141;52,00000;20,00000;1,14696;3
281,19901;73,35750;       0,69039; 90,56192;49,00000;20,00000;1,14703;3
281,09799;73,36750;       0,69026; 90,56243;51,00000;20,00000;1,14709;3
280,99100;73,37750;       0,69030; 90,56176;50,00000;20,00000;1,14717;3
280,89001;73,38750;       0,69066; 90,56231;52,00000;20,00000;1,14723;3
280,79700;73,39750;       0,69078; 90,56278;50,00000;20,00000;1,14730;3
280,69299;73,40750;       0,69066; 90,56203;49,00000;20,00000;1,14737;3
280,59698;73,41750;       0,69078; 90,56253;50,00000;20,00000;1,14743;3
280,49799;73,42750;       0,69074; 90,56182;50,00000;20,00000;1,14750;3
280,40799;73,43750;       0,69095; 90,56233;49,00000;20,00000;1,14756;3
280,29800;73,44750;       0,69099; 90,56283;49,00000;20,00000;1,14763;3
280,20200;73,45750;       0,69087; 90,56212;50,00000;20,00000;1,14770;3
280,09399;73,46750;       0,69090; 90,56266;52,00000;20,00000;1,14777;3
279,99500;73,47750;       0,69110; 90,56320;49,00000;20,00000;1,14783;3
279,90201;73,48750;       0,69107; 90,56247;50,00000;20,00000;1,14790;3
279,80499;73,49750;       0,69111; 90,56294;50,00000;20,00000;1,14796;3
279,70001;73,50750;       0,69107; 90,56344;51,00000;20,00000;1,14803;3
279,59299;73,51750;       0,69110; 90,56273;51,00000;20,00000;1,14810;3
279,50201;73,52750;       0,69139; 90,56323;50,00000;20,00000;1,14816;3
279,40100;73,53750;       0,69175; 90,56136;50,00000;20,00000;1,14823;3
279,30399;73,54750;       0,69195; 90,55827;50,00000;20,00000;1,14830;3
279,20200;73,55750;       0,69175; 90,55636;49,00000;20,00000;1,14836;3
279,09399;73,56750;       0,69146; 90,55445;49,00000;20,00000;1,14844;3
279,00601;73,57750;       0,69151; 90,55371;49,00000;20,00000;1,14849;3
278,90399;73,58750;       0,69147; 90,55177;51,00000;20,00000;1,14856;3
278,79300;73,59750;       0,69175; 90,55106;49,00000;20,00000;1,14864;3
278,70099;73,60750;       0,69179; 90,55035;49,00000;20,00000;1,14870;3
278,59500;73,61750;       0,69199; 90,54965;51,00000;20,00000;1,14877;3
278,49799;73,62750;       0,69195; 90,54898;50,00000;20,00000;1,14883;3
278,40500;73,63750;       0,69199; 90,54952;52,00000;20,00000;1,14889;3
278,30099;73,64750;       0,69219; 90,54878;49,00000;20,00000;1,14896;3
278,20001;73,65750;       0,69215; 90,54804;50,00000;20,00000;1,14903;3
278,10199;73,66750;       0,69219; 90,54733;50,00000;20,00000;1,14909;3
277,99600;73,67750;       0,69223; 90,54662;50,00000;20,00000;1,14916;3
277,90900;73,68750;       0,69212; 90,54471;49,00000;20,00000;1,14922;3
277,80301;73,69750;       0,69215; 90,54280;49,00000;20,00000;1,14929;3
277,70001;73,70750;       0,69219; 90,54210;50,00000;20,00000;1,14936;3
277,60800;73,71750;       0,69208; 90,54145;50,00000;20,00000;1,14942;3
277,50400;73,72750;       0,69228; 90,54079;49,00000;20,00000;1,14949;3
277,39099;73,73750;       0,69359; 90,54005;49,00000;20,00000;1,14956;3
277,29099;73,74750;       0,69436; 90,53931;50,00000;20,00000;1,14963;3
277,19199;73,75750;       0,69400; 90,53862;52,00000;20,00000;1,14969;3
277,09900;73,76750;       0,69380; 90,53792;50,00000;20,00000;1,14975;3
276,99399;73,77750;       0,69368; 90,53842;50,00000;20,00000;1,14982;3
276,88599;73,78750;       0,69380; 90,53774;50,00000;20,00000;1,14989;3
276,79501;73,79750;       0,69392; 90,53708;50,00000;20,00000;1,14995;3
276,70001;73,80750;       0,69404; 90,53518;49,00000;20,00000;1,15002;3
276,59299;73,81750;       0,69368; 90,53447;49,00000;20,00000;1,15009;3
276,48901;73,82750;       0,69372; 90,53373;50,00000;20,00000;1,15015;3
276,39099;73,83750;       0,69376; 90,53299;50,00000;20,00000;1,15022;3
276,29700;73,84750;       0,69364; 90,53229;50,00000;20,00000;1,15028;3
276,19699;73,85750;       0,69376; 90,53158;49,00000;20,00000;1,15034;3
276,08701;73,86750;       0,69372; 90,53207;49,00000;20,00000;1,15042;3
275,99899;73,87750;       0,69401; 90,53140;52,00000;20,00000;1,15047;3
275,89401;73,88750;       0,69396; 90,53073;50,00000;20,00000;1,15054;3
275,80301;73,89750;       0,69401; 90,52999;49,00000;20,00000;1,15060;3
275,70300;73,90750;       0,69373; 90,52925;50,00000;20,00000;1,15067;3
275,60101;73,91750;       0,69361; 90,52855;50,00000;20,00000;1,15073;3
275,49600;73,92750;       0,69365; 90,52905;50,00000;20,00000;1,15080;3
275,39499;73,93750;       0,69377; 90,52955;49,00000;20,00000;1,15087;3
275,29401;73,94750;       0,69357; 90,52884;50,00000;20,00000;1,15093;3
275,19901;73,95750;       0,69361; 90,52934;50,00000;20,00000;1,15099;3
275,10999;73,96750;       0,69342; 90,52989;50,00000;20,00000;1,15105;3
275,00699;73,97750;       0,69362; 90,53042;49,00000;20,00000;1,15112;3
274,89999;73,98750;       0,69390; 90,53088;49,00000;20,00000;1,15119;3
274,80701;73,99750;       0,69410; 90,53135;50,00000;20,00000;1,15125;3
274,70001;74,00750;       0,69414; 90,53185;51,00000;20,00000;1,15132;3
274,59601;74,01750;       0,69402; 90,53235;51,00000;20,00000;1,15139;3
274,50900;74,02750;       0,69382; 90,53287;49,00000;20,00000;1,15144;3
274,41599;74,03750;       0,69387; 90,53342;49,00000;20,00000;1,15150;3
274,30499;74,04750;       0,69390; 90,53396;50,00000;20,00000;1,15157;3
274,19501;74,05750;       0,69402; 90,53446;50,00000;20,00000;1,15164;3
274,09698;74,06750;       0,69382; 90,53497;49,00000;20,00000;1,15171;3
273,99799;74,07750;       0,69403; 90,53545;50,00000;20,00000;1,15177;3
273,90302;74,08750;       0,69415; 90,53593;50,00000;20,00000;1,15183;3
273,79599;74,09750;       0,69427; 90,53522;50,00000;20,00000;1,15190;3
273,69800;74,10750;       0,69431; 90,53573;50,00000;20,00000;1,15196;3
273,59698;74,11750;       0,69419; 90,53623;50,00000;20,00000;1,15203;3
273,49399;74,12750;       0,69415; 90,53555;50,00000;20,00000;1,15210;3
273,40500;74,13750;       0,69412; 90,53608;51,00000;20,00000;1,15215;3
273,29999;74,14750;       0,69447; 90,53656;50,00000;20,00000;1,15222;3
273,20901;74,15750;       0,69452; 90,53582;52,00000;20,00000;1,15228;3
273,10199;74,16750;       0,69472; 90,53632;49,00000;20,00000;1,15235;3
273,00299;74,17750;       0,69460; 90,53683;50,00000;20,00000;1,15241;3
272,90302;74,18750;       0,69464; 90,53613;51,00000;20,00000;1,15247;3
272,80399;74,19750;       0,69468; 90,53664;51,00000;20,00000;1,15254;3
272,69699;74,20750;       0,69456; 90,53593;49,00000;20,00000;1,15261;3
272,59500;74,21750;       0,69476; 90,53647;49,00000;20,00000;1,15267;3
272,50900;74,22750;       0,69465; 90,53701;50,00000;20,00000;1,15273;3
272,40701;74,23750;       0,69437; 90,53628;50,00000;20,00000;1,15279;3
272,29999;74,24750;       0,69441; 90,53674;49,00000;20,00000;1,15286;3
272,19901;74,25750;       0,69453; 90,53725;49,00000;20,00000;1,15292;3
272,10300;74,26750;       0,69449; 90,53655;50,00000;20,00000;1,15298;3
272,00299;74,27750;       0,69470; 90,53705;51,00000;20,00000;1,15305;3
271,90900;74,28750;       0,69474; 90,53639;50,00000;20,00000;1,15311;3
271,80200;74,29750;       0,69454; 90,53572;49,00000;20,00000;1,15318;3
271,70200;74,30750;       0,69450; 90,53502;49,00000;20,00000;1,15324;3
271,59698;74,31750;       0,69462; 90,53553;50,00000;20,00000;1,15331;3
271,50800;74,32750;       0,69459; 90,53479;51,00000;20,00000;1,15336;3
271,40100;74,33750;       0,69471; 90,53526;50,00000;20,00000;1,15343;3
271,30200;74,34750;       0,69483; 90,53456;49,00000;20,00000;1,15349;3
271,20099;74,35750;       0,69479; 90,53506;49,00000;20,00000;1,15356;3
271,09601;74,36750;       0,69483; 90,53435;50,00000;20,00000;1,15362;3
271,00400;74,37750;       0,69495; 90,53489;50,00000;20,00000;1,15368;3
270,90601;74,38750;       0,69516; 90,53423;49,00000;20,00000;1,15374;3
270,80899;74,39750;       0,69544; 90,53470;49,00000;20,00000;1,15380;3
270,70499;74,40750;       0,69524; 90,53396;49,00000;20,00000;1,15387;3
270,59698;74,41750;       0,69552; 90,53447;50,00000;20,00000;1,15394;3
270,50000;74,42750;       0,69548; 90,53377;49,00000;20,00000;1,15400;3
270,40302;74,43750;       0,69576; 90,53428;49,00000;20,00000;1,15406;3
270,29901;74,44750;       0,69564; 90,53358;49,00000;20,00000;1,15413;3
270,20001;74,45750;       0,69553; 90,53408;51,00000;20,00000;1,15419;3
270,09900;74,46750;       0,69541; 90,53342;51,00000;20,00000;1,15425;3
270,00601;74,47750;       0,69553; 90,53396;49,00000;20,00000;1,15431;3
269,90302;74,48750;       0,69549; 90,53443;49,00000;20,00000;1,15437;3
269,79099;74,49750;       0,69545; 90,53369;50,00000;20,00000;1,15444;3
269,70599;74,50750;       0,69558; 90,53419;50,00000;20,00000;1,15450;3
269,60001;74,51750;       0,69562; 90,53470;52,00000;20,00000;1,15456;3
269,51001;74,52750;       0,69559; 90,53399;49,00000;20,00000;1,15462;3
269,39899;74,53750;       0,69546; 90,53452;50,00000;20,00000;1,15469;3
269,30701;74,54750;       0,69535; 90,53505;50,00000;20,00000;1,15475;3
269,21201;74,55750;       0,69555; 90,53556;50,00000;20,00000;1,15481;3
269,10599;74,56750;       0,69583; 90,53607;49,00000;20,00000;1,15487;3
269,00699;74,57750;       0,69604; 90,53653;49,00000;20,00000;1,15493;3
268,90601;74,58750;       0,69600; 90,53580;49,00000;20,00000;1,15500;3
268,81500;74,59750;       0,69556; 90,53631;52,00000;20,00000;1,15505;3
268,70499;74,60750;       0,69576; 90,53682;50,00000;20,00000;1,15512;3
268,60699;74,61750;       0,69581; 90,53612;49,00000;20,00000;1,15518;3
268,50900;74,62750;       0,69617; 90,53666;49,00000;20,00000;1,15524;3
268,39899;74,63750;       0,69629; 90,53721;50,00000;20,00000;1,15531;3
268,30600;74,64750;       0,69609; 90,53647;51,00000;20,00000;1,15537;3
268,20999;74,65750;       0,69582; 90,53694;51,00000;20,00000;1,15543;3
268,10199;74,66750;       0,69586; 90,53744;50,00000;20,00000;1,15550;3
268,01599;74,67750;       0,69670; 90,53674;50,00000;20,00000;1,15555;3
267,90302;74,68750;       0,69634; 90,53725;50,00000;20,00000;1,15562;3
267,80899;74,69750;       0,69623; 90,53654;50,00000;20,00000;1,15568;3
267,70200;74,70750;       0,69627; 90,53705;49,00000;20,00000;1,15574;3
267,60901;74,71750;       0,69615; 90,53760;49,00000;20,00000;1,15580;3
267,50699;74,72750;       0,69603; 90,53694;51,00000;20,00000;1,15587;3
267,41101;74,73750;       0,69600; 90,53620;52,00000;20,00000;1,15592;3
267,29599;74,74750;       0,69596; 90,53545;49,00000;20,00000;1,15600;3
267,20300;74,75750;       0,69568; 90,53475;50,00000;20,00000;1,15605;3
267,10599;74,76750;       0,69565; 90,53405;50,00000;20,00000;1,15611;3
267,01300;74,77750;       0,69577; 90,53335;50,00000;20,00000;1,15617;3
266,91501;74,78750;       0,69597; 90,53268;51,00000;20,00000;1,15623;3
266,80701;74,79750;       0,69593; 90,53322;49,00000;20,00000;1,15630;3
266,70200;74,80750;       0,69589; 90,53251;50,00000;20,00000;1,15636;3
266,60501;74,81750;       0,69586; 90,53302;49,00000;20,00000;1,15642;3
266,50900;74,82750;       0,69598; 90,53229;50,00000;20,00000;1,15648;3
266,41101;74,83750;       0,69603; 90,53155;50,00000;20,00000;1,15654;3
266,30899;74,84750;       0,69607; 90,53206;51,00000;20,00000;1,15660;3
266,20999;74,85750;       0,69571; 90,53136;50,00000;20,00000;1,15666;3
266,10999;74,86750;       0,69552; 90,53187;50,00000;20,00000;1,15672;3
266,00000;74,87750;       0,69556; 90,53120;50,00000;20,00000;1,15679;3
265,90500;74,88750;       0,69552; 90,53054;49,00000;20,00000;1,15685;3
265,81100;74,89750;       0,69628; 90,52981;51,00000;20,00000;1,15691;3
265,70700;74,90750;       0,69617; 90,52908;50,00000;20,00000;1,15697;3
265,60501;74,91750;       0,69597; 90,52958;51,00000;20,00000;1,15703;3
265,50400;74,92750;       0,69585; 90,52888;51,00000;20,00000;1,15709;3
265,39999;74,93750;       0,69581; 90,52818;50,00000;20,00000;1,15716;3
265,30200;74,94750;       0,69586; 90,52748;50,00000;20,00000;1,15722;3
265,20901;74,95750;       0,69582; 90,52798;50,00000;20,00000;1,15727;3
265,10800;74,96750;       0,69571; 90,52731;50,00000;20,00000;1,15733;3
265,00601;74,97750;       0,69575; 90,52664;49,00000;20,00000;1,15740;3
264,90601;74,98750;       0,69563; 90,52711;50,00000;20,00000;1,15746;3
264,80399;74,99750;       0,69552; 90,52636;50,00000;20,00000;1,15752;3
264,71301;75,00750;       0,69532; 90,52445;49,00000;20,00000;1,15757;3
264,61200;75,01750;       0,69529; 90,52374;49,00000;20,00000;1,15764;3
264,51801;75,02750;       0,69501; 90,52304;49,00000;20,00000;1,15769;3
264,41699;75,03750;       0,69530; 90,52238;51,00000;20,00000;1,15775;3
264,31299;75,04750;       0,69526; 90,52170;50,00000;20,00000;1,15782;3
264,20099;75,05750;       0,69538; 90,52099;52,00000;20,00000;1,15788;3
264,12000;75,06750;       0,69535; 90,52029;51,00000;20,00000;1,15793;3
264,01501;75,07750;       0,69563; 90,51957;50,00000;20,00000;1,15800;3
263,91299;75,08750;       0,69575; 90,51884;50,00000;20,00000;1,15806;3
263,81100;75,09750;       0,69571; 90,51935;50,00000;20,00000;1,15812;3
263,71201;75,10750;       0,69592; 90,51866;49,00000;20,00000;1,15818;3
263,60501;75,11750;       0,69612; 90,51676;49,00000;20,00000;1,15824;3
263,51001;75,12750;       0,69592; 90,51610;50,00000;20,00000;1,15830;3
263,40399;75,13750;       0,69589; 90,51423;50,00000;20,00000;1,15836;3
263,29599;75,14750;       0,69561; 90,51228;49,00000;20,00000;1,15843;3
263,20801;75,15750;       0,69582; 90,51034;49,00000;20,00000;1,15848;3
263,11099;75,16750;       0,69594; 90,50843;49,00000;20,00000;1,15854;3
263,00101;75,17750;       0,69566; 90,50651;51,00000;20,00000;1,15860;3
262,89999;75,18750;       0,69539; 90,50460;50,00000;20,00000;1,15867;3
262,81799;75,19750;       0,69552; 90,50390;49,00000;20,00000;1,15871;3
262,70700;75,20750;       0,69595; 90,50198;49,00000;20,00000;1,15878;3
262,60699;75,21750;       0,69600; 90,50009;49,00000;20,00000;1,15884;3
262,50601;75,22750;       0,69596; 90,49942;52,00000;20,00000;1,15890;3
262,42499;75,23750;       0,69553; 90,49747;50,00000;20,00000;1,15895;3
262,31201;75,24750;       0,69549; 90,49673;49,00000;20,00000;1,15902;3
262,22501;75,25750;       0,69530; 90,49481;50,00000;20,00000;1,15907;3
262,12100;75,26750;       0,69535; 90,49531;50,00000;20,00000;1,15913;3
262,01001;75,27750;       0,69523; 90,49461;50,00000;20,00000;1,15920;3
261,92599;75,28750;       0,69536; 90,49515;49,00000;20,00000;1,15925;3
261,82101;75,29750;       0,69540; 90,49448;49,00000;20,00000;1,15931;3
261,71899;75,30750;       0,69552; 90,49498;50,00000;20,00000;1,15937;3
261,62399;75,31750;       0,69533; 90,49548;51,00000;20,00000;1,15942;3
261,52701;75,32750;       0,69521; 90,49596;49,00000;20,00000;1,15948;3
261,42599;75,33750;       0,69534; 90,49643;49,00000;20,00000;1,15954;3
261,32001;75,34750;       0,69514; 90,49694;49,00000;20,00000;1,15960;3
261,22299;75,35750;       0,69542; 90,49745;51,00000;20,00000;1,15966;3
261,12601;75,36750;       0,69523; 90,49796;51,00000;20,00000;1,15972;3
261,02399;75,37750;       0,69535; 90,49850;49,00000;20,00000;1,15978;3
260,92599;75,38750;       0,69532; 90,49905;49,00000;20,00000;1,15984;3
260,82501;75,39750;       0,69528; 90,49953;50,00000;20,00000;1,15990;3
260,71301;75,40750;       0,69516; 90,50000;50,00000;20,00000;1,15996;3
260,61499;75,41750;       0,69497; 90,50050;50,00000;20,00000;1,16002;3
260,51099;75,42750;       0,69493; 90,50100;49,00000;20,00000;1,16008;3
260,42999;75,43750;       0,69522; 90,50151;49,00000;20,00000;1,16013;3
260,33899;75,44750;       0,69511; 90,50202;50,00000;20,00000;1,16018;3
260,22800;75,45750;       0,69523; 90,50252;50,00000;20,00000;1,16025;3
260,11899;75,46750;       0,69519; 90,50185;50,00000;20,00000;1,16031;3
260,02301;75,47750;       0,69516; 90,50239;49,00000;20,00000;1,16037;3
259,92001;75,48750;       0,69528; 90,50166;50,00000;20,00000;1,16043;3
259,82700;75,49750;       0,69525; 90,50214;51,00000;20,00000;1,16048;3
259,72299;75,50750;       0,69513; 90,50143;51,00000;20,00000;1,16054;3
259,63101;75,51750;       0,69502; 90,50194;49,00000;20,00000;1,16060;3
259,52399;75,52750;       0,69483; 90,50123;49,00000;20,00000;1,16066;3
259,42999;75,53750;       0,69495; 90,50177;50,00000;20,00000;1,16072;3
259,33200;75,54750;       0,69484; 90,50111;50,00000;20,00000;1,16077;3
259,22101;75,55750;       0,69520; 90,50040;49,00000;20,00000;1,16084;3
259,12799;75,56750;       0,69572; 90,50090;50,00000;20,00000;1,16089;3
259,03500;75,57750;       0,69577; 90,50018;50,00000;20,00000;1,16095;3
258,93201;75,58750;       0,69533; 90,50065;50,00000;20,00000;1,16101;3
258,82700;75,59750;       0,69498; 90,49994;50,00000;20,00000;1,16107;3
258,72601;75,60750;       0,69487; 90,49924;49,00000;20,00000;1,16112;3
258,63199;75,61750;       0,69499; 90,49975;51,00000;20,00000;1,16118;3
258,52899;75,62750;       0,69504; 90,49908;50,00000;20,00000;1,16124;3
258,44000;75,63750;       0,69469; 90,49842;52,00000;20,00000;1,16129;3
258,32901;75,64750;       0,69473; 90,49890;51,00000;20,00000;1,16136;3
258,22699;75,65750;       0,69469; 90,49816;49,00000;20,00000;1,16141;3
258,11700;75,66750;       0,69465; 90,49867;50,00000;20,00000;1,16148;3
258,03201;75,67750;       0,69470; 90,49798;50,00000;20,00000;1,16153;3
257,92999;75,68750;       0,69491; 90,49727;52,00000;20,00000;1,16159;3
257,82199;75,69750;       0,69471; 90,49777;50,00000;20,00000;1,16165;3
257,73901;75,70750;       0,69476; 90,49707;50,00000;20,00000;1,16170;3
257,63000;75,71750;       0,69465; 90,49641;50,00000;20,00000;1,16176;3
257,54001;75,72750;       0,69461; 90,49574;50,00000;20,00000;1,16181;3
257,42401;75,73750;       0,69473; 90,49500;49,00000;20,00000;1,16188;3
257,32800;75,74750;       0,69478; 90,49427;50,00000;20,00000;1,16193;3
257,22601;75,75750;       0,69474; 90,49356;51,00000;20,00000;1,16199;3
257,13300;75,76750;       0,69471; 90,49286;50,00000;20,00000;1,16204;3
257,03299;75,77750;       0,69444; 90,49215;52,00000;20,00000;1,16210;3
256,93799;75,78750;       0,69457; 90,49148;50,00000;20,00000;1,16216;3
256,84601;75,79750;       0,69493; 90,49081;51,00000;20,00000;1,16221;3
256,73300;75,80750;       0,69505; 90,49132;50,00000;20,00000;1,16227;3
256,63599;75,81750;       0,69494; 90,49061;51,00000;20,00000;1,16233;3
256,52802;75,82750;       0,69482; 90,48988;49,00000;20,00000;1,16239;3
256,43500;75,83750;       0,69479; 90,49035;50,00000;20,00000;1,16244;3
256,34100;75,84750;       0,69468; 90,48965;50,00000;20,00000;1,16250;3
256,23999;75,85750;       0,69441; 90,48894;50,00000;20,00000;1,16256;3
256,14401;75,86750;       0,69422; 90,48824;49,00000;20,00000;1,16261;3
256,04199;75,87750;       0,69410; 90,48879;49,00000;20,00000;1,16267;3
255,93900;75,88750;       0,69423; 90,48813;51,00000;20,00000;1,16273;3
255,83900;75,89750;       0,69451; 90,48739;50,00000;20,00000;1,16278;3
255,73300;75,90750;       0,69455; 90,48787;49,00000;20,00000;1,16284;3
255,63699;75,91750;       0,69452; 90,48717;49,00000;20,00000;1,16290;3
255,53900;75,92750;       0,69457; 90,48647;50,00000;20,00000;1,16295;3
255,43900;75,93750;       0,69445; 90,48578;51,00000;20,00000;1,16301;3
255,33701;75,94750;       0,69410; 90,48629;51,00000;20,00000;1,16307;3
255,23900;75,95750;       0,69431; 90,48559;49,00000;20,00000;1,16312;3
255,13400;75,96750;       0,69411; 90,48493;50,00000;20,00000;1,16318;3
255,03200;75,97750;       0,69400; 90,48549;50,00000;20,00000;1,16324;3
254,93900;75,98750;       0,69381; 90,48476;50,00000;20,00000;1,16329;3
254,82100;75,99750;       0,69409; 90,48402;50,00000;20,00000;1,16336;3
254,73700;76,00750;       0,69437; 90,48332;51,00000;20,00000;1,16341;3
254,62801;76,01750;       0,69394; 90,48262;50,00000;20,00000;1,16347;3
254,53200;76,02750;       0,69375; 90,48192;50,00000;20,00000;1,16352;3
254,43401;76,03750;       0,69380; 90,48243;49,00000;20,00000;1,16358;3
254,33400;76,04750;       0,69408; 90,48173;49,00000;20,00000;1,16363;3
254,23500;76,05750;       0,69436; 90,48103;50,00000;20,00000;1,16369;3
254,12801;76,06750;       0,69433; 90,48033;51,00000;20,00000;1,16375;3
254,04100;76,07750;       0,69430; 90,48084;49,00000;20,00000;1,16380;3
253,94000;76,08750;       0,69427; 90,48015;49,00000;20,00000;1,16385;3
253,82500;76,09750;       0,69391; 90,47945;50,00000;20,00000;1,16392;3
253,73199;76,10750;       0,69356; 90,47875;50,00000;20,00000;1,16397;3
253,62801;76,11750;       0,69345; 90,47926;50,00000;20,00000;1,16403;3
253,53101;76,12750;       0,69350; 90,47856;50,00000;20,00000;1,16408;3
253,42900;76,13750;       0,69354; 90,47786;49,00000;20,00000;1,16414;3
253,33099;76,14750;       0,69335; 90,47715;50,00000;20,00000;1,16420;3
253,23599;76,15750;       0,69340; 90,47765;50,00000;20,00000;1,16425;3
253,14000;76,16750;       0,69360; 90,47695;49,00000;20,00000;1,16430;3
253,03700;76,17750;       0,69349; 90,47625;49,00000;20,00000;1,16436;3
252,94400;76,18750;       0,69354; 90,47676;49,00000;20,00000;1,16441;3
252,83501;76,19750;       0,69358; 90,47605;51,00000;20,00000;1,16447;3
252,73399;76,20750;       0,69339; 90,47535;51,00000;20,00000;1,16453;3
252,64000;76,21750;       0,69344; 90,47465;49,00000;20,00000;1,16458;3
252,53799;76,22750;       0,69325; 90,47515;49,00000;20,00000;1,16464;3
252,44099;76,23750;       0,69306; 90,47445;50,00000;20,00000;1,16469;3
252,34200;76,24750;       0,69318; 90,47374;50,00000;20,00000;1,16474;3
252,24699;76,25750;       0,69323; 90,47304;51,00000;20,00000;1,16480;3
252,14301;76,26750;       0,69312; 90,47355;49,00000;20,00000;1,16485;3
252,04800;76,27750;       0,69316; 90,47285;49,00000;20,00000;1,16491;3
251,94600;76,28750;       0,69313; 90,47336;50,00000;20,00000;1,16496;3
251,84599;76,29750;       0,69294; 90,47267;50,00000;20,00000;1,16502;3
251,73900;76,30750;       0,69298; 90,47317;49,00000;20,00000;1,16508;3
251,64101;76,31750;       0,69295; 90,47368;49,00000;20,00000;1,16513;3
251,54300;76,32750;       0,69316; 90,47419;50,00000;20,00000;1,16519;3
251,44501;76,33750;       0,69320; 90,47471;51,00000;20,00000;1,16524;3
251,34900;76,34750;       0,69301; 90,47522;51,00000;20,00000;1,16529;3
251,24001;76,35750;       0,69282; 90,47573;49,00000;20,00000;1,16535;3
251,14301;76,36750;       0,69279; 90,47624;49,00000;20,00000;1,16541;3
251,04500;76,37750;       0,69276; 90,47676;50,00000;20,00000;1,16546;3
250,94099;76,38750;       0,69272; 90,47727;51,00000;20,00000;1,16552;3
250,83900;76,39750;       0,69261; 90,47777;51,00000;20,00000;1,16557;3
250,73801;76,40750;       0,69258; 90,47828;49,00000;20,00000;1,16563;3
250,64600;76,41750;       0,69271; 90,47879;49,00000;20,00000;1,16568;3
250,53700;76,42750;       0,69291; 90,47929;50,00000;20,00000;1,16574;3
250,44600;76,43750;       0,69272; 90,47980;50,00000;20,00000;1,16579;3
250,34900;76,44750;       0,69285; 90,48031;49,00000;20,00000;1,16584;3
250,24600;76,45750;       0,69250; 90,48082;49,00000;20,00000;1,16590;3
250,14301;76,46750;       0,69246; 90,48133;49,00000;20,00000;1,16595;3
250,04500;76,47750;       0,69243; 90,48184;50,00000;20,00000;1,16600;3
249,94701;76,48750;       0,69216; 90,48235;50,00000;20,00000;1,16606;3
249,84100;76,49750;       0,69189; 90,48286;49,00000;20,00000;1,16612;3
249,74500;76,50750;       0,69234; 90,48336;50,00000;20,00000;1,16617;3
249,64301;76,51750;       0,69238; 90,48387;50,00000;20,00000;1,16622;3
249,55600;76,52750;       0,69220; 90,48438;51,00000;20,00000;1,16627;3
249,44099;76,53750;       0,69224; 90,48488;51,00000;20,00000;1,16633;3
249,35300;76,54750;       0,69221; 90,48539;50,00000;20,00000;1,16638;3
249,25301;76,55750;       0,69210; 90,48590;50,00000;20,00000;1,16643;3
249,14600;76,56750;       0,69206; 90,48761;50,00000;20,00000;1,16649;3
249,04100;76,57750;       0,69203; 90,48933;50,00000;20,00000;1,16655;3
248,96001;76,58750;       0,69161; 90,49105;49,00000;20,00000;1,16659;3
248,85001;76,59750;       0,69142; 90,49156;49,00000;20,00000;1,16665;3
248,74800;76,60750;       0,69138; 90,49327;50,00000;20,00000;1,16671;3
248,65199;76,61750;       0,69119; 90,49378;50,00000;20,00000;1,16676;3
248,55499;76,62750;       0,69124; 90,49429;49,00000;20,00000;1,16681;3
248,44901;76,63750;       0,69113; 90,49480;49,00000;20,00000;1,16687;3
248,35699;76,64750;       0,69110; 90,49411;50,00000;20,00000;1,16692;3
248,25301;76,65750;       0,69115; 90,49220;51,00000;20,00000;1,16697;3
248,15100;76,66750;       0,69104; 90,49030;50,00000;20,00000;1,16703;3
248,05600;76,67750;       0,69093; 90,48839;49,00000;20,00000;1,16708;3
247,94200;76,68750;       0,69097; 90,48648;50,00000;20,00000;1,16714;3
247,85001;76,69750;       0,69078; 90,48457;50,00000;20,00000;1,16719;3
247,75800;76,70750;       0,69067; 90,48267;50,00000;20,00000;1,16724;3
247,64999;76,71750;       0,69080; 90,48196;49,00000;20,00000;1,16729;3
247,55701;76,72750;       0,69093; 90,48126;49,00000;20,00000;1,16734;3
247,45599;76,73750;       0,69105; 90,48055;50,00000;20,00000;1,16740;3
247,35100;76,74750;       0,69102; 90,47985;50,00000;20,00000;1,16745;3
247,26199;76,75750;       0,69091; 90,47915;50,00000;20,00000;1,16750;3
247,15700;76,76750;       0,69096; 90,47844;49,00000;20,00000;1,16756;3
247,06000;76,77750;       0,69077; 90,47774;49,00000;20,00000;1,16761;3
246,96800;76,78750;       0,69058; 90,47705;51,00000;20,00000;1,16766;3
246,85699;76,79750;       0,69063; 90,47635;49,00000;20,00000;1,16772;3
246,76199;76,80750;       0,69052; 90,47565;49,00000;20,00000;1,16777;3
246,65800;76,81750;       0,69001; 90,47495;50,00000;20,00000;1,16782;3
246,56000;76,82750;       0,68982; 90,47304;50,00000;20,00000;1,16787;3
246,45300;76,83750;       0,68979; 90,47234;50,00000;20,00000;1,16793;3
246,36501;76,84750;       0,68992; 90,47285;49,00000;20,00000;1,16798;3
246,26300;76,85750;       0,68997; 90,47216;49,00000;20,00000;1,16803;3
246,16600;76,86750;       0,69018; 90,47267;50,00000;20,00000;1,16808;3
246,06300;76,87750;       0,68999; 90,47197;50,00000;20,00000;1,16814;3
245,95900;76,88750;       0,69011; 90,47248;50,00000;20,00000;1,16819;3
245,86501;76,89750;       0,69016; 90,47299;49,00000;20,00000;1,16824;3
245,75900;76,90750;       0,69036; 90,47350;51,00000;20,00000;1,16830;3
245,66100;76,91750;       0,69033; 90,47400;50,00000;20,00000;1,16835;3
245,55600;76,92750;       0,69030; 90,47451;49,00000;20,00000;1,16840;3
245,46899;76,93750;       0,69004; 90,47502;49,00000;20,00000;1,16845;3
245,37300;76,94750;       0,68993; 90,47432;49,00000;20,00000;1,16850;3
245,26100;76,95750;       0,68966; 90,47483;51,00000;20,00000;1,16856;3
245,17400;76,96750;       0,68955; 90,47413;49,00000;20,00000;1,16860;3
245,06500;76,97750;       0,68952; 90,47464;49,00000;20,00000;1,16866;3
244,96300;76,98750;       0,68941; 90,47394;50,00000;20,00000;1,16871;3
244,86200;76,99750;       0,68930; 90,47444;50,00000;20,00000;1,16876;3
244,76700;77,00750;       0,68903; 90,47374;50,00000;20,00000;1,16881;3
244,67400;77,01750;       0,68861; 90,47425;49,00000;20,00000;1,16886;3
244,57300;77,02750;       0,68897; 90,47355;51,00000;20,00000;1,16892;3
244,47200;77,03750;       0,68886; 90,47285;50,00000;20,00000;1,16897;3
244,36400;77,04750;       0,68875; 90,47336;52,00000;20,00000;1,16902;3
244,28000;77,05750;       0,68880; 90,47266;50,00000;20,00000;1,16907;3
244,17200;77,06750;       0,68853; 90,47318;50,00000;20,00000;1,16912;3
244,07201;77,07750;       0,68882; 90,47248;51,00000;20,00000;1,16918;3
243,96700;77,08750;       0,68895; 90,47178;50,00000;20,00000;1,16923;3
243,87399;77,09750;       0,68868; 90,47109;49,00000;20,00000;1,16928;3
243,76300;77,10750;       0,68857; 90,47159;50,00000;20,00000;1,16934;3
243,67000;77,11750;       0,68846; 90,47089;50,00000;20,00000;1,16938;3
243,57201;77,12750;       0,68843; 90,47019;50,00000;20,00000;1,16943;3
243,47701;77,13750;       0,68817; 90,47070;50,00000;20,00000;1,16948;3
243,37300;77,14750;       0,68805; 90,46999;50,00000;20,00000;1,16954;3
243,27699;77,15750;       0,68795; 90,46929;51,00000;20,00000;1,16959;3
243,17700;77,16750;       0,68807; 90,46980;51,00000;20,00000;1,16964;3
243,08400;77,17750;       0,68781; 90,46910;51,00000;20,00000;1,16969;3
242,97501;77,18750;       0,68786; 90,46719;49,00000;20,00000;1,16974;3
242,87399;77,19750;       0,68759; 90,46649;51,00000;20,00000;1,16979;3
242,78600;77,20750;       0,68748; 90,46579;50,00000;20,00000;1,16984;3
242,67900;77,21750;       0,68769; 90,46509;52,00000;20,00000;1,16989;3
242,58200;77,22750;       0,68758; 90,46319;49,00000;20,00000;1,16994;3
242,48000;77,23750;       0,68771; 90,46249;50,00000;20,00000;1,16999;3
242,38200;77,24750;       0,68776; 90,46180;50,00000;20,00000;1,17004;3
242,28200;77,25750;       0,68765; 90,46111;50,00000;20,00000;1,17010;3
242,17400;77,26750;       0,68746; 90,46041;49,00000;20,00000;1,17015;3
242,07600;77,27750;       0,68727; 90,45971;50,00000;20,00000;1,17020;3
241,97701;77,28750;       0,68748; 90,45901;50,00000;20,00000;1,17025;3
241,87500;77,29750;       0,68721; 90,45952;51,00000;20,00000;1,17030;3
241,78799;77,30750;       0,68703; 90,45882;49,00000;20,00000;1,17035;3
241,67900;77,31750;       0,68676; 90,45934;49,00000;20,00000;1,17040;3
241,59200;77,32750;       0,68665; 90,45863;51,00000;20,00000;1,17045;3
241,46899;77,33750;       0,68646; 90,45913;50,00000;20,00000;1,17051;3
241,37100;77,34750;       0,68651; 90,45963;52,00000;20,00000;1,17056;3
241,29401;77,35750;       0,68625; 90,45894;51,00000;20,00000;1,17060;3
241,18800;77,36750;       0,68622; 90,45944;50,00000;20,00000;1,17065;3
241,09200;77,37750;       0,68627; 90,45873;50,00000;20,00000;1,17070;3
240,99001;77,38750;       0,68624; 90,45802;50,00000;20,00000;1,17075;3
240,89700;77,39750;       0,68613; 90,45853;49,00000;20,00000;1,17080;3
240,78900;77,40750;       0,68602; 90,45782;49,00000;20,00000;1,17085;3
240,68900;77,41750;       0,68568; 90,45833;50,00000;20,00000;1,17090;3
240,60400;77,42750;       0,68557; 90,45764;50,00000;20,00000;1,17095;3
240,50700;77,43750;       0,68554; 90,45694;49,00000;20,00000;1,17099;3
240,39600;77,44750;       0,68551; 90,45624;49,00000;20,00000;1,17105;3
240,28999;77,45750;       0,68540; 90,45554;49,00000;20,00000;1,17110;3
240,19600;77,46750;       0,68545; 90,45485;51,00000;20,00000;1,17115;3
240,09399;77,47750;       0,68550; 90,45415;50,00000;20,00000;1,17120;3
239,99699;77,48750;       0,68571; 90,45346;49,00000;20,00000;1,17125;3
239,89400;77,49750;       0,68521; 90,45276;50,00000;20,00000;1,17130;3
239,80000;77,50750;       0,68518; 90,45206;50,00000;20,00000;1,17135;3
239,69400;77,51750;       0,68507; 90,45136;50,00000;20,00000;1,17140;3
239,59500;77,52750;       0,68504; 90,45066;50,00000;20,00000;1,17145;3
239,50800;77,53750;       0,68494; 90,44997;49,00000;20,00000;1,17149;3
239,39900;77,54750;       0,68475; 90,44806;49,00000;20,00000;1,17155;3
239,29500;77,55750;       0,68448; 90,44615;50,00000;20,00000;1,17160;3
239,19099;77,56750;       0,68437; 90,44304;50,00000;20,00000;1,17165;3
239,10201;77,57750;       0,68435; 90,44113;49,00000;20,00000;1,17170;3
239,00500;77,58750;       0,68432; 90,43922;49,00000;20,00000;1,17174;3
238,89301;77,59750;       0,68421; 90,43610;49,00000;20,00000;1,17180;3
238,80200;77,60750;       0,68395; 90,43420;51,00000;20,00000;1,17185;3
238,71001;77,61750;       0,68400; 90,43230;50,00000;20,00000;1,17189;3
238,60400;77,62750;       0,68428; 90,43038;49,00000;20,00000;1,17194;3
238,49400;77,63750;       0,68425; 90,42847;49,00000;20,00000;1,17200;3
238,40800;77,64750;       0,68399; 90,42657;49,00000;20,00000;1,17204;3
238,30099;77,65750;       0,68364; 90,42587;52,00000;20,00000;1,17209;3
238,20700;77,66750;       0,68338; 90,42517;50,00000;20,00000;1,17214;3
238,10001;77,67750;       0,68335; 90,42447;49,00000;20,00000;1,17219;3
238,00999;77,68750;       0,68340; 90,42377;50,00000;20,00000;1,17224;3
237,91299;77,69750;       0,68345; 90,42428;50,00000;20,00000;1,17228;3
237,80800;77,70750;       0,68342; 90,42358;50,00000;20,00000;1,17234;3
237,70399;77,71750;       0,68339; 90,42409;49,00000;20,00000;1,17239;3
237,60500;77,72750;       0,68321; 90,42461;49,00000;20,00000;1,17244;3
237,51100;77,73750;       0,68302; 90,42512;49,00000;20,00000;1,17248;3
237,41100;77,74750;       0,68300; 90,42564;52,00000;20,00000;1,17253;3
237,30701;77,75750;       0,68297; 90,42614;50,00000;20,00000;1,17258;3
237,20399;77,76750;       0,68302; 90,42665;49,00000;20,00000;1,17263;3
237,10699;77,77750;       0,68299; 90,42717;49,00000;20,00000;1,17268;3
237,00999;77,78750;       0,68280; 90,42769;50,00000;20,00000;1,17273;3
236,91701;77,79750;       0,68270; 90,42820;52,00000;20,00000;1,17277;3
236,79900;77,80750;       0,68259; 90,42870;51,00000;20,00000;1,17283;3
236,70799;77,81750;       0,68256; 90,42921;49,00000;20,00000;1,17287;3
236,60899;77,82750;       0,68238; 90,42972;50,00000;20,00000;1,17292;3
236,51199;77,83750;       0,68227; 90,43023;50,00000;20,00000;1,17297;3
236,41400;77,84750;       0,68240; 90,43074;50,00000;20,00000;1,17302;3
236,31300;77,85750;       0,68229; 90,43125;49,00000;20,00000;1,17306;3
236,20500;77,86750;       0,68203; 90,43175;51,00000;20,00000;1,17312;3
236,12300;77,87750;       0,68153; 90,43226;50,00000;20,00000;1,17316;3
236,00900;77,88750;       0,68126; 90,43277;50,00000;20,00000;1,17321;3
235,92000;77,89750;       0,68132; 90,43327;50,00000;20,00000;1,17325;3
235,81799;77,90750;       0,68129; 90,43378;49,00000;20,00000;1,17330;3
235,72000;77,91750;       0,68095; 90,43429;50,00000;20,00000;1,17335;3
235,62199;77,92750;       0,68092; 90,43480;51,00000;20,00000;1,17340;3
235,52499;77,93750;       0,68066; 90,43531;50,00000;20,00000;1,17344;3
235,41901;77,94750;       0,68063; 90,43581;52,00000;20,00000;1,17350;3
235,31799;77,95750;       0,68044; 90,43632;50,00000;20,00000;1,17354;3
235,22900;77,96750;       0,68042; 90,43683;50,00000;20,00000;1,17359;3
235,12601;77,97750;       0,68031; 90,43734;50,00000;20,00000;1,17364;3
235,02499;77,98750;       0,68020; 90,43785;50,00000;20,00000;1,17368;3
234,92500;77,99750;       0,68033; 90,43835;49,00000;20,00000;1,17373;3
234,82800;78,00750;       0,68046; 90,43886;49,00000;20,00000;1,17378;3
234,73199;78,01750;       0,68036; 90,43937;50,00000;20,00000;1,17382;3
234,63200;78,02750;       0,68017; 90,43988;50,00000;20,00000;1,17387;3
234,53400;78,03750;       0,68007; 90,44039;49,00000;20,00000;1,17392;3
234,43300;78,04750;       0,67972; 90,44090;49,00000;20,00000;1,17397;3
234,33701;78,05750;       0,67993; 90,44143;50,00000;20,00000;1,17401;3
234,23100;78,06750;       0,68006; 90,44195;51,00000;20,00000;1,17406;3
234,12700;78,07750;       0,67948; 90,44246;50,00000;20,00000;1,17411;3
234,02100;78,08750;       0,67938; 90,44298;49,00000;20,00000;1,17416;3
233,92500;78,09750;       0,67896; 90,44349;49,00000;20,00000;1,17421;3
233,82201;78,10750;       0,67909; 90,44400;50,00000;20,00000;1,17426;3
233,72600;78,11750;       0,67890; 90,44450;50,00000;20,00000;1,17430;3
233,62900;78,12750;       0,67895; 90,44501;49,00000;20,00000;1,17435;3
233,53999;78,13750;       0,67909; 90,44552;49,00000;20,00000;1,17439;3
233,44200;78,14750;       0,67922; 90,44603;50,00000;20,00000;1,17444;3
233,33299;78,15750;       0,67911; 90,44653;50,00000;20,00000;1,17449;3
233,23000;78,16750;       0,67885; 90,44704;49,00000;20,00000;1,17454;3
233,14000;78,17750;       0,67890; 90,44756;49,00000;20,00000;1,17458;3
233,03300;78,18750;       0,67895; 90,44808;49,00000;20,00000;1,17463;3
232,94000;78,19750;       0,67900; 90,44860;51,00000;20,00000;1,17467;3
232,82201;78,20750;       0,67905; 90,44911;50,00000;20,00000;1,17473;3
232,73500;78,21750;       0,67910; 90,44962;49,00000;20,00000;1,17477;3
232,63600;78,22750;       0,67853; 90,44893;49,00000;20,00000;1,17482;3
232,53000;78,23750;       0,67834; 90,44943;50,00000;20,00000;1,17487;3
232,43201;78,24750;       0,67832; 90,44993;51,00000;20,00000;1,17491;3
232,33600;78,25750;       0,67813; 90,45044;49,00000;20,00000;1,17496;3
232,24600;78,26750;       0,67803; 90,44974;49,00000;20,00000;1,17500;3
232,14200;78,27750;       0,67785; 90,45025;50,00000;20,00000;1,17505;3
232,04800;78,28750;       0,67766; 90,45076;50,00000;20,00000;1,17509;3
231,93700;78,29750;       0,67748; 90,45007;49,00000;20,00000;1,17514;3
231,84399;78,30750;       0,67729; 90,45059;49,00000;20,00000;1,17519;3
231,74001;78,31750;       0,67735; 90,45111;49,00000;20,00000;1,17523;3
231,63800;78,32750;       0,67747; 90,45041;51,00000;20,00000;1,17528;3
231,53500;78,33750;       0,67745; 90,45092;50,00000;20,00000;1,17533;3
231,43300;78,34750;       0,67742; 90,45143;49,00000;20,00000;1,17538;3
231,34500;78,35750;       0,67685; 90,45074;49,00000;20,00000;1,17542;3
231,24600;78,36750;       0,67659; 90,45126;50,00000;20,00000;1,17546;3
231,14500;78,37750;       0,67656; 90,45177;51,00000;20,00000;1,17551;3
231,03600;78,38750;       0,67653; 90,45227;49,00000;20,00000;1,17556;3
230,93201;78,39750;       0,67642; 90,44916;49,00000;20,00000;1,17561;3
230,84801;78,40750;       0,67672; 90,44605;50,00000;20,00000;1,17565;3
230,74100;78,41750;       0,67645; 90,44294;50,00000;20,00000;1,17570;3
230,64999;78,42750;       0,67572; 90,43983;49,00000;20,00000;1,17574;3
230,53300;78,43750;       0,67577; 90,43791;49,00000;20,00000;1,17579;3
230,43500;78,44750;       0,67598; 90,43600;50,00000;20,00000;1,17584;3
230,35100;78,45750;       0,67603; 90,43531;50,00000;20,00000;1,17587;3
230,25500;78,46750;       0,67585; 90,43341;49,00000;20,00000;1,17592;3
230,14200;78,47750;       0,67559; 90,43270;49,00000;20,00000;1,17597;3
230,04800;78,48750;       0,67548; 90,43200;49,00000;20,00000;1,17601;3
229,94000;78,49750;       0,67546; 90,43131;51,00000;20,00000;1,17606;3
229,85300;78,50750;       0,67512; 90,43062;50,00000;20,00000;1,17610;3
229,75200;78,51750;       0,67502; 90,42992;49,00000;20,00000;1,17615;3
229,64700;78,52750;       0,67460; 90,42922;50,00000;20,00000;1,17620;3
229,55000;78,53750;       0,67441; 90,42852;50,00000;20,00000;1,17624;3
229,44501;78,54750;       0,67454; 90,42541;50,00000;20,00000;1,17629;3
229,34700;78,55750;       0,67460; 90,42351;49,00000;20,00000;1,17633;3
229,25600;78,56750;       0,67457; 90,42161;49,00000;20,00000;1,17637;3
229,15601;78,57750;       0,67439; 90,41971;50,00000;20,00000;1,17642;3
229,05000;78,58750;       0,67428; 90,41780;50,00000;20,00000;1,17647;3
228,94600;78,59750;       0,67410; 90,41710;49,00000;20,00000;1,17651;3
228,83900;78,60750;       0,67376; 90,41519;49,00000;20,00000;1,17656;3
228,75400;78,61750;       0,67350; 90,41328;51,00000;20,00000;1,17660;3
228,65401;78,62750;       0,67324; 90,41258;50,00000;20,00000;1,17665;3
228,55800;78,63750;       0,67337; 90,41188;49,00000;20,00000;1,17669;3
228,46500;78,64750;       0,67358; 90,40997;50,00000;20,00000;1,17673;3
228,36099;78,65750;       0,67348; 90,40927;50,00000;20,00000;1,17678;3
228,25999;78,66750;       0,67337; 90,40737;50,00000;20,00000;1,17682;3
228,15900;78,67750;       0,67311; 90,40667;50,00000;20,00000;1,17687;3
228,05701;78,68750;       0,67301; 90,40598;49,00000;20,00000;1,17691;3
227,96100;78,69750;       0,67283; 90,40528;50,00000;20,00000;1,17696;3
227,85500;78,70750;       0,67296; 90,40458;50,00000;20,00000;1,17700;3
227,75900;78,71750;       0,67309; 90,40388;50,00000;20,00000;1,17705;3
227,66600;78,72750;       0,67307; 90,40439;49,00000;20,00000;1,17709;3
227,56200;78,73750;       0,67304; 90,40369;51,00000;20,00000;1,17714;3
227,46700;78,74750;       0,67262; 90,40420;50,00000;20,00000;1,17718;3
227,36700;78,75750;       0,67252; 90,40470;49,00000;20,00000;1,17722;3
227,27000;78,76750;       0,67218; 90,40521;49,00000;20,00000;1,17727;3
227,16800;78,77750;       0,67223; 90,40572;50,00000;20,00000;1,17731;3
227,07300;78,78750;       0,67205; 90,40623;50,00000;20,00000;1,17735;3
226,97501;78,79750;       0,67179; 90,40674;50,00000;20,00000;1,17740;3
226,86900;78,80750;       0,67177; 90,40725;49,00000;20,00000;1,17744;3
226,77499;78,81750;       0,67166; 90,40776;50,00000;20,00000;1,17749;3
226,67599;78,82750;       0,67164; 90,40706;50,00000;20,00000;1,17753;3
226,57800;78,83750;       0,67138; 90,40757;50,00000;20,00000;1,17757;3
226,46899;78,84750;       0,67120; 90,40687;49,00000;20,00000;1,17762;3
226,37801;78,85750;       0,67133; 90,40617;50,00000;20,00000;1,17766;3
226,28600;78,86750;       0,67131; 90,40668;51,00000;20,00000;1,17770;3
226,17599;78,87750;       0,67104; 90,40598;51,00000;20,00000;1,17775;3
226,08400;78,88750;       0,67040; 90,40528;49,00000;20,00000;1,17779;3
225,98599;78,89750;       0,67037; 90,40459;50,00000;20,00000;1,17783;3
225,88400;78,90750;       0,67050; 90,40510;50,00000;20,00000;1,17788;3
225,78200;78,91750;       0,67071; 90,40440;50,00000;20,00000;1,17792;3
225,67400;78,92750;       0,67045; 90,40370;51,00000;20,00000;1,17797;3
225,58299;78,93750;       0,67043; 90,40180;49,00000;20,00000;1,17801;3
225,48700;78,94750;       0,67009; 90,39989;50,00000;20,00000;1,17805;3
225,39000;78,95750;       0,66983; 90,39919;50,00000;20,00000;1,17809;3
225,28900;78,96750;       0,66996; 90,39728;50,00000;20,00000;1,17814;3
225,19400;78,97750;       0,66986; 90,39658;49,00000;20,00000;1,17818;3
225,08800;78,98750;       0,66968; 90,39588;51,00000;20,00000;1,17823;3
224,99001;78,99750;       0,66973; 90,39519;50,00000;20,00000;1,17827;3
224,89101;79,00750;       0,66971; 90,39449;52,00000;20,00000;1,17831;3
224,79401;79,01750;       0,66984; 90,39380;51,00000;20,00000;1,17835;3
224,69099;79,02750;       0,66966; 90,39190;50,00000;20,00000;1,17840;3
224,60001;79,03750;       0,66932; 90,38999;51,00000;20,00000;1,17844;3
224,48700;79,04750;       0,66914; 90,38929;51,00000;20,00000;1,17849;3
224,38699;79,05750;       0,66896; 90,38737;49,00000;20,00000;1,17853;3
224,29900;79,06750;       0,66901; 90,38667;49,00000;20,00000;1,17857;3
224,19901;79,07750;       0,66907; 90,38597;50,00000;20,00000;1,17861;3
224,10800;79,08750;       0,66889; 90,38407;50,00000;20,00000;1,17865;3
224,00400;79,09750;       0,66871; 90,38336;49,00000;20,00000;1,17869;3
223,90199;79,10750;       0,66860; 90,38266;49,00000;20,00000;1,17874;3
223,79900;79,11750;       0,66866; 90,38197;50,00000;20,00000;1,17878;3
223,71201;79,12750;       0,66864; 90,38127;51,00000;20,00000;1,17882;3
223,60699;79,13750;       0,66845; 90,38058;50,00000;20,00000;1,17887;3
223,50600;79,14750;       0,66827; 90,37988;52,00000;20,00000;1,17891;3
223,39999;79,15750;       0,66793; 90,37918;49,00000;20,00000;1,17895;3
223,31000;79,16750;       0,66776; 90,37727;50,00000;20,00000;1,17899;3
223,21001;79,17750;       0,66758; 90,37658;51,00000;20,00000;1,17904;3
223,11000;79,18750;       0,66755; 90,37467;49,00000;20,00000;1,17908;3
223,01500;79,19750;       0,66745; 90,37277;49,00000;20,00000;1,17912;3
222,91400;79,20750;       0,66782; 90,37086;49,00000;20,00000;1,17916;3
222,80800;79,21750;       0,66724; 90,36895;50,00000;20,00000;1,17921;3
222,71001;79,22750;       0,66738; 90,36825;49,00000;20,00000;1,17925;3
222,61099;79,23750;       0,66720; 90,36635;49,00000;20,00000;1,17929;3
222,52800;79,24750;       0,66710; 90,36566;49,00000;20,00000;1,17933;3
222,41400;79,25750;       0,66715; 90,36496;50,00000;20,00000;1,17937;3
222,31300;79,26750;       0,66681; 90,36547;50,00000;20,00000;1,17942;3
222,22099;79,27750;       0,66632; 90,36599;49,00000;20,00000;1,17946;3
222,10899;79,28750;       0,66622; 90,36529;49,00000;20,00000;1,17950;3
222,01601;79,29750;       0,66612; 90,36581;49,00000;20,00000;1,17954;3
221,92000;79,30750;       0,66617; 90,36632;50,00000;20,00000;1,17958;3
221,81799;79,31750;       0,66607; 90,36684;51,00000;20,00000;1,17963;3
221,72600;79,32750;       0,66566; 90,36736;49,00000;20,00000;1,17966;3
221,60800;79,33750;       0,66555; 90,36666;49,00000;20,00000;1,17971;3
221,51601;79,34750;       0,66506; 90,36717;50,00000;20,00000;1,17975;3
221,42200;79,35750;       0,66512; 90,36649;50,00000;20,00000;1,17979;3
221,31799;79,36750;       0,66501; 90,36700;49,00000;20,00000;1,17983;3
221,21400;79,37750;       0,66515; 90,36629;49,00000;20,00000;1,17988;3
221,11301;79,38750;       0,66481; 90,36680;50,00000;20,00000;1,17992;3
221,02600;79,39750;       0,66455; 90,36611;50,00000;20,00000;1,17996;3
220,92799;79,40750;       0,66516; 90,36541;50,00000;20,00000;1,18000;3
220,82201;79,41750;       0,66482; 90,36591;49,00000;20,00000;1,18004;3
220,72701;79,42750;       0,66456; 90,36521;49,00000;20,00000;1,18008;3
220,62801;79,43750;       0,66438; 90,36452;49,00000;20,00000;1,18012;3
220,52800;79,44750;       0,66412; 90,36382;52,00000;20,00000;1,18016;3
220,42599;79,45750;       0,66410; 90,36433;51,00000;20,00000;1,18021;3
220,33400;79,46750;       0,66416; 90,36363;51,00000;20,00000;1,18024;3
220,23500;79,47750;       0,66398; 90,36294;49,00000;20,00000;1,18029;3
220,13100;79,48750;       0,66403; 90,36224;50,00000;20,00000;1,18033;3
220,02800;79,49750;       0,66385; 90,36154;50,00000;20,00000;1,18037;3
219,93700;79,50750;       0,66328; 90,36205;51,00000;20,00000;1,18041;3
219,83099;79,51750;       0,66326; 90,36135;50,00000;20,00000;1,18045;3
219,73500;79,52750;       0,66347; 90,36065;50,00000;20,00000;1,18049;3
219,63901;79,53750;       0,66337; 90,35995;50,00000;20,00000;1,18053;3
219,54500;79,54750;       0,66280; 90,36046;50,00000;20,00000;1,18057;3
219,44200;79,55750;       0,66270; 90,35976;49,00000;20,00000;1,18061;3
219,34399;79,56750;       0,66276; 90,35665;51,00000;20,00000;1,18065;3
219,23900;79,57750;       0,66273; 90,35475;50,00000;20,00000;1,18070;3
219,14400;79,58750;       0,66240; 90,35164;52,00000;20,00000;1,18073;3
219,03900;79,59750;       0,66237; 90,34974;50,00000;20,00000;1,18078;3
218,95599;79,60750;       0,66259; 90,34785;49,00000;20,00000;1,18081;3
218,83600;79,61750;       0,66256; 90,34594;51,00000;20,00000;1,18086;3
218,73199;79,62750;       0,66238; 90,34403;50,00000;20,00000;1,18090;3
218,64400;79,63750;       0,66228; 90,34213;52,00000;20,00000;1,18094;3
218,53799;79,64750;       0,66218; 90,34022;49,00000;20,00000;1,18098;3
218,44800;79,65750;       0,66185; 90,33952;50,00000;20,00000;1,18102;3
218,34900;79,66750;       0,66191; 90,33761;50,00000;20,00000;1,18106;3
218,24899;79,67750;       0,66157; 90,33570;50,00000;20,00000;1,18110;3
218,15300;79,68750;       0,66131; 90,33500;50,00000;20,00000;1,18114;3
218,05901;79,69750;       0,66114; 90,33430;51,00000;20,00000;1,18118;3
217,95000;79,70750;       0,66096; 90,33360;50,00000;20,00000;1,18122;3
217,86000;79,71750;       0,66086; 90,33411;51,00000;20,00000;1,18126;3
217,75200;79,72750;       0,66052; 90,33342;51,00000;20,00000;1,18130;3
217,65900;79,73750;       0,66042; 90,33394;49,00000;20,00000;1,18134;3
217,55901;79,74750;       0,66017; 90,33445;51,00000;20,00000;1,18138;3
217,45599;79,75750;       0,65991; 90,33496;50,00000;20,00000;1,18142;3
217,35400;79,76750;       0,66004; 90,33547;51,00000;20,00000;1,18146;3
217,25600;79,77750;       0,66010; 90,33598;51,00000;20,00000;1,18150;3
217,16701;79,78750;       0,65984; 90,33650;50,00000;20,00000;1,18153;3
217,06700;79,79750;       0,65990; 90,33702;50,00000;20,00000;1,18157;3
216,95799;79,80750;       0,65995; 90,33753;50,00000;20,00000;1,18162;3
216,86000;79,81750;       0,65993; 90,33804;50,00000;20,00000;1,18166;3
216,75700;79,82750;       0,65975; 90,33856;49,00000;20,00000;1,18170;3
216,66400;79,83750;       0,65958; 90,33907;51,00000;20,00000;1,18173;3
216,55901;79,84750;       0,65947; 90,33958;50,00000;20,00000;1,18178;3
216,46700;79,85750;       0,65945; 90,34009;49,00000;20,00000;1,18181;3
216,36301;79,86750;       0,65927; 90,34060;49,00000;20,00000;1,18185;3
216,26900;79,87750;       0,65925; 90,34111;50,00000;20,00000;1,18189;3
216,16701;79,88750;       0,65939; 90,34163;50,00000;20,00000;1,18193;3
216,07800;79,89750;       0,65898; 90,34215;51,00000;20,00000;1,18197;3
215,96201;79,90750;       0,65856; 90,34266;51,00000;20,00000;1,18201;3
215,86200;79,91750;       0,65807; 90,34196;50,00000;20,00000;1,18205;3
215,77299;79,92750;       0,65805; 90,34248;50,00000;20,00000;1,18209;3
215,67000;79,93750;       0,65803; 90,34179;50,00000;20,00000;1,18213;3
215,57001;79,94750;       0,65809; 90,34230;49,00000;20,00000;1,18217;3
215,46899;79,95750;       0,65791; 90,34160;49,00000;20,00000;1,18221;3
215,36800;79,96750;       0,65781; 90,34211;50,00000;20,00000;1,18225;3
215,27299;79,97750;       0,65779; 90,34142;50,00000;20,00000;1,18228;3
215,18201;79,98750;       0,65769; 90,34194;49,00000;20,00000;1,18232;3
215,07100;79,99750;       0,65751; 90,34124;49,00000;20,00000;1,18236;3
214,96899;80,00750;       0,65733; 90,34055;51,00000;20,00000;1,18240;3
214,87900;80,01750;       0,65661; 90,34107;50,00000;20,00000;1,18244;3
214,76900;80,02750;       0,65651; 90,34037;52,00000;20,00000;1,18248;3
214,67700;80,03750;       0,65625; 90,34089;50,00000;20,00000;1,18252;3
214,57899;80,04750;       0,65623; 90,34020;50,00000;20,00000;1,18255;3
214,46899;80,05750;       0,65590; 90,33950;50,00000;20,00000;1,18260;3
214,37399;80,06750;       0,65596; 90,34000;50,00000;20,00000;1,18263;3
214,27400;80,07750;       0,65593; 90,33930;49,00000;20,00000;1,18267;3
214,18300;80,08750;       0,65591; 90,33739;50,00000;20,00000;1,18271;3
214,08701;80,09750;       0,65597; 90,33549;50,00000;20,00000;1,18274;3
213,98900;80,10750;       0,65587; 90,33357;50,00000;20,00000;1,18278;3
213,88499;80,11750;       0,65546; 90,33166;49,00000;20,00000;1,18282;3
213,78700;80,12750;       0,65505; 90,32976;51,00000;20,00000;1,18286;3
213,69400;80,13750;       0,65511; 90,32786;50,00000;20,00000;1,18290;3
213,59100;80,14750;       0,65509; 90,32716;52,00000;20,00000;1,18294;3
213,48599;80,15750;       0,65460; 90,32646;50,00000;20,00000;1,18298;3
213,39999;80,16750;       0,65481; 90,32577;50,00000;20,00000;1,18301;3
213,29201;80,17750;       0,65487; 90,32388;50,00000;20,00000;1,18305;3
213,19901;80,18750;       0,65477; 90,32319;51,00000;20,00000;1,18309;3
213,08800;80,19750;       0,65459; 90,32249;51,00000;20,00000;1,18313;3
212,98801;80,20750;       0,65449; 90,32180;50,00000;20,00000;1,18317;3
212,88600;80,21750;       0,65431; 90,32111;50,00000;20,00000;1,18321;3
212,79100;80,22750;       0,65383; 90,32041;50,00000;20,00000;1,18324;3
212,70100;80,23750;       0,65373; 90,31972;49,00000;20,00000;1,18328;3
212,59500;80,24750;       0,65363; 90,31902;49,00000;20,00000;1,18332;3
212,49001;80,25750;       0,65376; 90,31833;50,00000;20,00000;1,18336;3
212,39799;80,26750;       0,65374; 90,31764;52,00000;20,00000;1,18339;3
212,29900;80,27750;       0,65357; 90,31695;50,00000;20,00000;1,18343;3
212,19600;80,28750;       0,65339; 90,31626;49,00000;20,00000;1,18347;3
212,09599;80,29750;       0,65314; 90,31678;50,00000;20,00000;1,18350;3
211,99699;80,30750;       0,65319; 90,31609;51,00000;20,00000;1,18354;3
211,88300;80,31750;       0,65294; 90,31660;51,00000;20,00000;1,18359;3
211,80000;80,32750;       0,65268; 90,31590;50,00000;20,00000;1,18362;3
211,68800;80,33750;       0,65243; 90,31641;50,00000;20,00000;1,18366;3
211,60800;80,34750;       0,65233; 90,31692;50,00000;20,00000;1,18369;3
211,50600;80,35750;       0,65200; 90,31743;49,00000;20,00000;1,18373;3
211,40199;80,36750;       0,65190; 90,31794;49,00000;20,00000;1,18377;3
211,30499;80,37750;       0,65204; 90,31845;50,00000;20,00000;1,18380;3
211,20300;80,38750;       0,65186; 90,31897;51,00000;20,00000;1,18384;3
211,11099;80,39750;       0,65192; 90,31949;49,00000;20,00000;1,18387;3
211,00101;80,40750;       0,65174; 90,32000;49,00000;20,00000;1,18392;3
210,89500;80,41750;       0,65180; 90,32051;50,00000;20,00000;1,18395;3
210,80901;80,42750;       0,65147; 90,32102;52,00000;20,00000;1,18399;3
210,70900;80,43750;       0,65106; 90,32152;50,00000;20,00000;1,18402;3
210,60800;80,44750;       0,65112; 90,32203;49,00000;20,00000;1,18406;3
210,52299;80,45750;       0,65079; 90,32255;50,00000;20,00000;1,18409;3
210,42900;80,46750;       0,65077; 90,32306;50,00000;20,00000;1,18413;3
210,31000;80,47750;       0,65082; 90,32357;49,00000;20,00000;1,18417;3
210,21100;80,48750;       0,65065; 90,32409;49,00000;20,00000;1,18421;3
210,11200;80,49750;       0,65039; 90,32340;51,00000;20,00000;1,18424;3
210,01700;80,50750;       0,65014; 90,32392;50,00000;20,00000;1,18428;3
209,91701;80,51750;       0,65004; 90,32323;49,00000;20,00000;1,18432;3
209,82201;80,52750;       0,64979; 90,32375;50,00000;20,00000;1,18435;3
209,71100;80,53750;       0,64977; 90,32305;50,00000;20,00000;1,18439;3
209,61700;80,54750;       0,64990; 90,32356;50,00000;20,00000;1,18443;3
209,51700;80,55750;       0,64965; 90,32287;49,00000;20,00000;1,18446;3
209,41901;80,56750;       0,64971; 90,32338;49,00000;20,00000;1,18450;3
209,31799;80,57750;       0,64953; 90,32269;50,00000;20,00000;1,18454;3
209,22501;80,58750;       0,64936; 90,32320;50,00000;20,00000;1,18457;3
209,12399;80,59750;       0,64934; 90,32250;49,00000;20,00000;1,18461;3
209,02000;80,60750;       0,64924; 90,32302;49,00000;20,00000;1,18464;3
208,93100;80,61750;       0,64907; 90,32233;51,00000;20,00000;1,18468;3
208,82201;80,62750;       0,64904; 90,32284;50,00000;20,00000;1,18472;3
208,71500;80,63750;       0,64840; 90,32214;49,00000;20,00000;1,18476;3
208,63100;80,64750;       0,64792; 90,32266;50,00000;20,00000;1,18479;3
208,53200;80,65750;       0,64782; 90,32197;51,00000;20,00000;1,18482;3
208,42900;80,66750;       0,64788; 90,32248;50,00000;20,00000;1,18486;3
208,32800;80,67750;       0,64793; 90,32178;49,00000;20,00000;1,18489;3
208,22301;80,68750;       0,64822; 90,32108;50,00000;20,00000;1,18493;3
208,12601;80,69750;       0,64805; 90,32160;50,00000;20,00000;1,18497;3
208,03900;80,70750;       0,64811; 90,32090;50,00000;20,00000;1,18500;3
207,93500;80,71750;       0,64778; 90,32142;50,00000;20,00000;1,18504;3
207,84500;80,72750;       0,64761; 90,32074;50,00000;20,00000;1,18507;3
207,73199;80,73750;       0,64727; 90,32125;51,00000;20,00000;1,18511;3
207,62601;80,74750;       0,64694; 90,32056;51,00000;20,00000;1,18515;3
207,53000;80,75750;       0,64692; 90,32107;51,00000;20,00000;1,18518;3
207,42999;80,76750;       0,64675; 90,32038;49,00000;20,00000;1,18522;3
207,33099;80,77750;       0,64673; 90,32088;51,00000;20,00000;1,18525;3
207,24001;80,78750;       0,64632; 90,32019;50,00000;20,00000;1,18528;3
207,14999;80,79750;       0,64615; 90,32070;49,00000;20,00000;1,18532;3
207,03900;80,80750;       0,64644; 90,32121;50,00000;20,00000;1,18536;3
206,94099;80,81750;       0,64611; 90,32172;50,00000;20,00000;1,18539;3
206,84399;80,82750;       0,64593; 90,32224;50,00000;20,00000;1,18542;3
206,74500;80,83750;       0,64584; 90,32276;49,00000;20,00000;1,18546;3
206,65100;80,84750;       0,64551; 90,32327;49,00000;20,00000;1,18549;3
206,53799;80,85750;       0,64525; 90,32379;50,00000;20,00000;1,18553;3
206,44299;80,86750;       0,64523; 90,32310;52,00000;20,00000;1,18557;3
206,34801;80,87750;       0,64506; 90,32361;50,00000;20,00000;1,18560;3
206,24500;80,88750;       0,64520; 90,32413;49,00000;20,00000;1,18564;3
206,14000;80,89750;       0,64510; 90,32222;51,00000;20,00000;1,18567;3
206,05600;80,90750;       0,64477; 90,32032;50,00000;20,00000;1,18570;3
205,94701;80,91750;       0,64421; 90,31842;51,00000;20,00000;1,18574;3
205,84900;80,92750;       0,64395; 90,31772;50,00000;20,00000;1,18577;3
205,75600;80,93750;       0,64394; 90,31582;50,00000;20,00000;1,18581;3
205,65199;80,94750;       0,64407; 90,31514;50,00000;20,00000;1,18584;3
205,55200;80,95750;       0,64405; 90,31324;49,00000;20,00000;1,18588;3
205,44600;80,96750;       0,64411; 90,31255;49,00000;20,00000;1,18592;3
205,35500;80,97750;       0,64371; 90,31065;50,00000;20,00000;1,18595;3
205,24600;80,98750;       0,64384; 90,30995;52,00000;20,00000;1,18598;3
205,15300;80,99750;       0,64359; 90,30805;50,00000;20,00000;1,18602;3

