#EXPORTTYPE:                 ;DATA ALL                                         
#FILE:;sta_201.ngb-ss5
#FORMAT:                     ;NETZSCH5                                         
#FTYPE:                      ;ANSI                                             
#IDENTITY:                   ;201                                              
#DECIMAL:                    ;COMMA                                            
#SEPARATOR:                  ;SEMICOLON                                        
#MTYPE:                      ;DSC                                              
#INSTRUMENT:                 ;NETZSCH STA 449F5                                
#PROJECT:                    ;Эпсилон                                          
#DATE/TIME:                  ;14.10.2021 14:56:55 (UTC+3)                      
#CORR. FILE:                 ;                                                 
#TEMPCAL:                    ;25 К Al2O3 - тигель N2 - 2021.ngb-ts5            
#SENSITIVITY:                ;25 K Al2О3 - тигель N2 - 2021.ngb-es5            
#LABORATORY:;lab_redacted
#OPERATOR:;operator_redacted
#REMARK:                     ;                                                 
#SAMPLE:                     ;Нитрат железа                                    
#SAMPLE MASS /mg:            ;19,144                                           
#MATERIAL:                   ;Другое                                           
#REFERENCE:                  ;пустой тигель                                    
#REFERENCE MASS /mg:         ;0                                                
#TYPE OF CRUCIBLE:           ;DSC/TG pan Al2O3                                 
#SAMPLE CRUCIBLE MASS /mg:   ;211,734                                          
#REFERENCE CRUCIBLE MASS /mg:;202,414                                          
#DSC RANGE /µV:              ;5000                                             
#TG RANGE /mg:               ;35000                                            
#TAU-R:                      ;---                                              
#CORR. CODE:                 ;000                                              
#EXO:                        ;+1                                               
#RANGE:                      ;23°C/25,0(K/min)/800°C                           
#SEGMENT:                    ;S1/1                                             
#SEG. 1:                     ;23°C/25,0(K/min)/800°C                           

##Temp./°C;Time/min;DSC/(mW/mg);Mass/%;Gas Flow(purge1)/(ml/min);Gas Flow(protective)/(ml/min);Sensit./(uV/mW)
 22,00900; 0,00000;-1,136964e-002;100,00043;50,00000;20,00000;0,72908
 21,99500; 0,00667;-1,164303e-002;100,00015;49,00000;20,00000;0,72907
 21,98900; 0,01333;-1,180705e-002; 99,99905;49,00000;20,00000;0,72907
 22,01800; 0,02000;-1,186154e-002; 99,99700;49,00000;20,00000;0,72908
 22,00100; 0,02667;-1,191630e-002; 99,99448;50,00000;20,00000;0,72908
 22,01200; 0,03333;-1,191624e-002; 99,99223;50,00000;20,00000;0,72908
 22,01800; 0,04000;-1,186154e-002; 99,99068;49,00000;20,00000;0,72908
 22,01800; 0,04667;-1,186154e-002; 99,98988;49,00000;20,00000;0,72908
 22,00600; 0,05333;-1,180695e-002; 99,98964;49,00000;20,00000;0,72908
 22,02200; 0,06000;-1,169753e-002; 99,98961;50,00000;20,00000;0,72908
 22,01500; 0,06667;-1,158825e-002; 99,98962;50,00000;20,00000;0,72908
 22,01600; 0,07333;-1,142426e-002; 99,98962;50,00000;20,00000;0,72908
 22,00300; 0,08000;-1,126035e-002; 99,98962;50,00000;20,00000;0,72908
 22,02000; 0,08667;-1,126025e-002; 99,98962;49,00000;20,00000;0,72908
 22,00900; 0,09333;-1,136964e-002; 99,98963;49,00000;20,00000;0,72908
 22,00700; 0,10000;-1,142431e-002; 99,98963;50,00000;20,00000;0,72908
 22,01100; 0,10667;-1,147895e-002; 99,98964;50,00000;20,00000;0,72908
 21,99500; 0,11333;-1,147904e-002; 99,98962;50,00000;20,00000;0,72907
 22,00300; 0,12000;-1,147900e-002; 99,98920;50,00000;20,00000;0,72908
 21,99100; 0,12667;-1,153373e-002; 99,98784;50,00000;20,00000;0,72907
 22,01500; 0,13333;-1,147893e-002; 99,98582;49,00000;20,00000;0,72908
 22,00600; 0,14000;-1,158830e-002; 99,98405;49,00000;20,00000;0,72908
 22,02000; 0,14667;-1,158822e-002; 99,98294;49,00000;20,00000;0,72908
 22,01500; 0,15333;-1,164291e-002; 99,98233;50,00000;20,00000;0,72908
 22,01700; 0,16000;-1,169756e-002; 99,98213;50,00000;20,00000;0,72908
 22,00400; 0,16667;-1,164298e-002; 99,98213;50,00000;20,00000;0,72908
 21,99700; 0,17333;-1,169768e-002; 99,98206;50,00000;20,00000;0,72907
 22,02100; 0,18000;-1,158822e-002; 99,98185;49,00000;20,00000;0,72908
 22,01200; 0,18667;-1,164293e-002; 99,98164;49,00000;20,00000;0,72908
 22,01400; 0,19333;-1,175224e-002; 99,98157;50,00000;20,00000;0,72908
 22,01500; 0,20000;-1,175224e-002; 99,98157;50,00000;20,00000;0,72908
 22,00900; 0,20667;-1,169761e-002; 99,98157;49,00000;20,00000;0,72908
 22,00800; 0,21333;-1,169762e-002; 99,98158;49,00000;20,00000;0,72908
 22,02300; 0,22000;-1,147888e-002; 99,98159;49,00000;20,00000;0,72908
 22,00400; 0,22667;-1,142433e-002; 99,98159;49,00000;20,00000;0,72908
 21,99200; 0,23333;-1,153372e-002; 99,98159;50,00000;20,00000;0,72907
 21,99100; 0,24000;-1,164305e-002; 99,98134;50,00000;20,00000;0,72907
 22,00400; 0,24667;-1,169764e-002; 99,98015;50,00000;20,00000;0,72908
 21,99700; 0,25333;-1,164302e-002; 99,97759;50,00000;20,00000;0,72907
 22,00800; 0,26000;-1,158829e-002; 99,97395;49,00000;20,00000;0,72908
 22,00800; 0,26667;-1,164295e-002; 99,96990;49,00000;20,00000;0,72908
 22,02000; 0,27333;-1,175221e-002; 99,96617;51,00000;20,00000;0,72908
 22,02300; 0,28000;-1,191617e-002; 99,96348;51,00000;20,00000;0,72908
 22,03200; 0,28667;-1,208010e-002; 99,96189;52,00000;20,00000;0,72909
 22,03000; 0,29333;-1,213478e-002; 99,96102;52,00000;20,00000;0,72909
 22,03000; 0,30000;-1,213478e-002; 99,96074;49,00000;20,00000;0,72909
 22,02100; 0,30667;-1,197085e-002; 99,96074;49,00000;20,00000;0,72908
 22,02000; 0,31333;-1,191619e-002; 99,96072;50,00000;20,00000;0,72908
 22,02300; 0,32000;-1,186151e-002; 99,96050;50,00000;20,00000;0,72908
 22,02600; 0,32667;-1,180683e-002; 99,95988;50,00000;20,00000;0,72908
 22,03200; 0,33333;-1,202544e-002; 99,95909;52,00000;20,00000;0,72909
 22,03200; 0,34000;-1,213476e-002; 99,95855;49,00000;20,00000;0,72909
 22,03700; 0,34667;-1,213474e-002; 99,95835;49,00000;20,00000;0,72909
 22,03200; 0,35333;-1,224409e-002; 99,95832;50,00000;20,00000;0,72909
 22,03100; 0,36000;-1,235342e-002; 99,95832;50,00000;20,00000;0,72909
 22,04000; 0,36667;-1,235336e-002; 99,95828;50,00000;20,00000;0,72909
 22,03900; 0,37333;-1,235337e-002; 99,95800;50,00000;20,00000;0,72909
 22,03400; 0,38000;-1,246272e-002; 99,95731;50,00000;20,00000;0,72909
 22,03100; 0,38667;-1,262672e-002; 99,95624;49,00000;20,00000;0,72909
 22,05700; 0,39333;-1,273588e-002; 99,95501;49,00000;20,00000;0,72910
 22,04000; 0,40000;-1,268133e-002; 99,95400;51,00000;20,00000;0,72909
 22,05200; 0,40667;-1,268125e-002; 99,95869;51,00000;20,00000;0,72909
 22,04500; 0,41333;-1,262663e-002; 99,95857;51,00000;20,00000;0,72909
 22,06400; 0,42000;-1,273584e-002; 99,95857;49,00000;20,00000;0,72910
 22,04600; 0,42667;-1,284527e-002; 99,95857;49,00000;20,00000;0,72909
 22,04500; 0,43333;-1,295460e-002; 99,95857;49,00000;20,00000;0,72909
 22,04900; 0,44000;-1,311856e-002; 99,95853;50,00000;20,00000;0,72909
 22,05800; 0,44667;-1,333714e-002; 99,95832;50,00000;20,00000;0,72910
 22,05700; 0,45333;-1,344646e-002; 99,95785;51,00000;20,00000;0,72910
 22,05200; 0,46000;-1,355582e-002; 99,95712;51,00000;20,00000;0,72909
 22,05400; 0,46667;-1,366513e-002; 99,95621;51,00000;20,00000;0,72909
 22,06600; 0,47333;-1,388369e-002; 99,95510;49,00000;20,00000;0,72910
 22,07200; 0,48000;-1,404763e-002; 99,95353;49,00000;20,00000;0,72910
 22,05800; 0,48667;-1,426636e-002; 99,95159;50,00000;20,00000;0,72910
 22,06300; 0,49333;-1,443031e-002; 99,94999;50,00000;20,00000;0,72910
 22,07500; 0,50000;-1,453954e-002; 99,94691;50,00000;20,00000;0,72910
 22,08300; 0,50667;-1,464881e-002; 99,94465;49,00000;20,00000;0,72911
 22,10400; 0,51333;-1,470331e-002; 99,94176;50,00000;20,00000;0,72911
 22,10000; 0,52000;-1,503130e-002; 99,93890;49,00000;20,00000;0,72911
 22,10000; 0,52667;-1,535925e-002; 99,93738;49,00000;20,00000;0,72911
 22,11100; 0,53333;-1,557780e-002; 99,93635;50,00000;20,00000;0,72912
 22,11500; 0,54000;-1,579641e-002; 99,93789;51,00000;20,00000;0,72912
 22,10100; 0,54667;-1,590584e-002; 99,93826;51,00000;20,00000;0,72911
 22,11700; 0,55333;-1,590571e-002; 99,93801;51,00000;20,00000;0,72912
 22,11100; 0,56000;-1,601508e-002; 99,93650;49,00000;20,00000;0,72912
 22,12900; 0,56667;-1,612425e-002; 99,93457;50,00000;20,00000;0,72912
 22,12600; 0,57333;-1,634291e-002; 99,93309;50,00000;20,00000;0,72912
 22,13100; 0,58000;-1,672548e-002; 99,93124;51,00000;20,00000;0,72912
 22,14700; 0,58667;-1,694398e-002; 99,93000;51,00000;20,00000;0,72913
 22,13800; 0,59333;-1,694405e-002; 99,93065;49,00000;20,00000;0,72912
 22,14300; 0,60000;-1,787320e-002; 99,92936;49,00000;20,00000;0,72913
 22,14500; 0,60667;-1,787318e-002; 99,92780;49,00000;20,00000;0,72913
 22,17400; 0,61333;-1,787292e-002; 99,92570;50,00000;20,00000;0,72914
 22,16600; 0,62000;-1,814628e-002; 99,92429;50,00000;20,00000;0,72914
 22,17000; 0,62667;-1,847419e-002; 99,92305;50,00000;20,00000;0,72914
 22,16400; 0,63333;-1,885685e-002; 99,92137;50,00000;20,00000;0,72913
 22,19700; 0,64000;-1,896585e-002; 99,92018;49,00000;20,00000;0,72915
 22,19300; 0,64667;-1,918452e-002; 99,91724;49,00000;20,00000;0,72914
 22,18600; 0,65333;-1,934855e-002; 99,91543;49,00000;20,00000;0,72914
 22,19500; 0,66000;-1,967641e-002; 99,91568;50,00000;20,00000;0,72915
 22,21600; 0,66667;-1,994948e-002; 99,91727;50,00000;20,00000;0,72915
 22,22000; 0,67333;-2,027738e-002; 99,91757;52,00000;20,00000;0,72915
 22,22900; 0,68000;-2,060522e-002; 99,91636;49,00000;20,00000;0,72916
 22,22700; 0,68667;-2,087852e-002; 99,91521;49,00000;20,00000;0,72916
 22,23300; 0,69333;-2,126105e-002; 99,91555;49,00000;20,00000;0,72916
 22,24100; 0,70000;-2,158890e-002; 99,91714;49,00000;20,00000;0,72916
 22,25000; 0,70667;-2,180742e-002; 99,91821;50,00000;20,00000;0,72917
 22,26200; 0,71333;-2,208057e-002; 99,91876;50,00000;20,00000;0,72917
 22,27800; 0,72000;-2,213505e-002; 99,91931;51,00000;20,00000;0,72918
 22,27600; 0,72667;-2,295489e-002; 99,92038;51,00000;20,00000;0,72917
 22,28700; 0,73333;-2,333734e-002; 99,92145;49,00000;20,00000;0,72918
 22,28500; 0,74000;-2,361063e-002; 99,92304;49,00000;20,00000;0,72918
 22,29600; 0,74667;-2,388378e-002; 99,92725;50,00000;20,00000;0,72918
 22,32100; 0,75333;-2,410209e-002; 99,92885;50,00000;20,00000;0,72919
 22,30900; 0,76000;-2,459412e-002; 99,92992;50,00000;20,00000;0,72919
 22,33200; 0,76667;-2,508572e-002; 99,93152;50,00000;20,00000;0,72920
 22,33800; 0,77333;-2,535890e-002; 99,93260;49,00000;20,00000;0,72920
 22,34900; 0,78000;-2,557738e-002; 99,93419;49,00000;20,00000;0,72920
 22,36000; 0,78667;-2,595980e-002; 99,93527;49,00000;20,00000;0,72921
 22,36300; 0,79333;-2,656094e-002; 99,93686;50,00000;20,00000;0,72921
 22,38200; 0,80000;-2,688860e-002; 99,93794;50,00000;20,00000;0,72921
 22,37900; 0,80667;-2,727120e-002; 99,93950;50,00000;20,00000;0,72921
 22,38400; 0,81333;-2,776300e-002; 99,94039;50,00000;20,00000;0,72921
 22,40500; 0,82000;-2,814526e-002; 99,93837;50,00000;20,00000;0,72922
 22,41300; 0,82667;-2,847306e-002; 99,93924;49,00000;20,00000;0,72922
 22,43400; 0,83333;-2,901926e-002; 99,93956;51,00000;20,00000;0,72923
 22,44700; 0,84000;-2,956557e-002; 99,94051;51,00000;20,00000;0,72924
 22,45000; 0,84667;-2,983878e-002; 99,94367;52,00000;20,00000;0,72924
 22,47100; 0,85333;-3,016636e-002; 99,94635;52,00000;20,00000;0,72925
 22,47100; 0,86000;-3,060356e-002; 99,94848;49,00000;20,00000;0,72925
 22,49000; 0,86667;-3,104046e-002; 99,95057;50,00000;20,00000;0,72925
 22,50500; 0,87333;-3,158671e-002; 99,95161;50,00000;20,00000;0,72926
 22,51700; 0,88000;-3,191441e-002; 99,95164;50,00000;20,00000;0,72926
 22,52300; 0,88667;-3,235150e-002; 99,95221;50,00000;20,00000;0,72926
 22,54200; 0,89333;-3,267908e-002; 99,95269;50,00000;20,00000;0,72927
 22,55000; 0,90000;-3,278825e-002; 99,95288;49,00000;20,00000;0,72927
 22,55300; 0,90667;-3,322537e-002; 99,95329;49,00000;20,00000;0,72927
 22,58600; 0,91333;-3,398988e-002; 99,95305;50,00000;20,00000;0,72929
 22,59700; 0,92000;-3,470008e-002; 99,95340;50,00000;20,00000;0,72929
 22,61800; 0,92667;-3,491830e-002; 99,95392;50,00000;20,00000;0,72930
 22,62300; 0,93333;-3,513680e-002; 99,95617;50,00000;20,00000;0,72930
 22,63200; 0,94000;-3,546451e-002; 99,95691;50,00000;20,00000;0,72930
 22,65400; 0,94667;-3,590128e-002; 99,95815;50,00000;20,00000;0,72931
 22,66600; 0,95333;-3,644751e-002; 99,96093;49,00000;20,00000;0,72932
 22,67800; 0,96000;-3,715765e-002; 99,96217;49,00000;20,00000;0,72932
 22,70100; 0,96667;-3,797688e-002; 99,96346;51,00000;20,00000;0,72933
 22,70600; 0,97333;-3,841393e-002; 99,96478;51,00000;20,00000;0,72933
 22,71700; 0,98000;-3,934264e-002; 99,96615;52,00000;20,00000;0,72933
 22,73800; 0,98667;-4,005258e-002; 99,96703;52,00000;20,00000;0,72934
 22,75800; 0,99333;-4,010682e-002; 99,97106;49,00000;20,00000;0,72935
 22,76100; 1,00000;-4,081710e-002; 99,97393;49,00000;20,00000;0,72935
 22,77300; 1,00667;-4,119935e-002; 99,97589;50,00000;20,00000;0,72935
 22,78700; 1,01333;-4,169082e-002; 99,97685;50,00000;20,00000;0,72936
 22,81400; 1,02000;-4,250987e-002; 99,97537;50,00000;20,00000;0,72937
 22,82800; 1,02667;-4,289205e-002; 99,97377;50,00000;20,00000;0,72937
 22,86100; 1,03333;-4,360166e-002; 99,97325;49,00000;20,00000;0,72939
 22,87700; 1,04000;-4,409305e-002; 99,97328;51,00000;20,00000;0,72939
 22,87300; 1,04667;-4,453025e-002; 99,97427;49,00000;20,00000;0,72939
 22,90500; 1,05333;-4,518519e-002; 99,97455;49,00000;20,00000;0,72940
 22,93400; 1,06000;-4,578554e-002; 99,97412;50,00000;20,00000;0,72941
 22,95200; 1,06667;-4,622223e-002; 99,97304;50,00000;20,00000;0,72942
 22,97300; 1,07333;-4,671347e-002; 99,97242;49,00000;20,00000;0,72943
 22,98500; 1,08000;-4,671319e-002; 99,97128;50,00000;20,00000;0,72943
 23,02300; 1,08667;-4,698549e-002; 99,97439;49,00000;20,00000;0,72944
 23,04000; 1,09333;-4,758606e-002; 99,97615;49,00000;20,00000;0,72945
 23,06400; 1,10000;-4,862353e-002; 99,97823;51,00000;20,00000;0,72946
 23,08700; 1,10667;-4,944247e-002; 99,97758;51,00000;20,00000;0,72947
 23,10400; 1,11333;-5,037080e-002; 99,97621;51,00000;20,00000;0,72947
 23,11300; 1,12000;-5,091690e-002; 99,97556;51,00000;20,00000;0,72948
 23,14800; 1,12667;-5,124380e-002; 99,97597;51,00000;20,00000;0,72949
 23,15400; 1,13333;-5,173533e-002; 99,97614;49,00000;20,00000;0,72949
 23,16800; 1,14000;-5,233590e-002; 99,97746;49,00000;20,00000;0,72950
 23,19600; 1,14667;-5,304536e-002; 99,97780;50,00000;20,00000;0,72951
 23,22200; 1,15333;-5,386411e-002; 99,97775;52,00000;20,00000;0,72952
 23,24600; 1,16000;-5,457364e-002; 99,97860;52,00000;20,00000;0,72952
 23,27200; 1,16667;-5,495534e-002; 99,97846;49,00000;20,00000;0,72953
 23,30900; 1,17333;-5,550060e-002; 99,98012;50,00000;20,00000;0,72955
 23,32100; 1,18000;-5,610116e-002; 99,98215;50,00000;20,00000;0,72955
 23,33800; 1,18667;-5,659232e-002; 99,98443;50,00000;20,00000;0,72956
 23,37000; 1,19333;-5,719230e-002; 99,98357;50,00000;20,00000;0,72957
 23,38900; 1,20000;-5,784726e-002; 99,98151;50,00000;20,00000;0,72958
 23,40400; 1,20667;-5,872082e-002; 99,97978;49,00000;20,00000;0,72958
 23,43700; 1,21333;-5,882910e-002; 99,97945;49,00000;20,00000;0,72959
 23,47700; 1,22000;-5,921030e-002; 99,97900;49,00000;20,00000;0,72961
 23,48000; 1,22667;-5,992030e-002; 99,97843;49,00000;20,00000;0,72961
 23,51700; 1,23333;-6,079313e-002; 99,97828;49,00000;20,00000;0,72962
 23,53500; 1,24000;-6,155728e-002; 99,97812;50,00000;20,00000;0,72963
 23,58100; 1,24667;-6,221132e-002; 99,97807;50,00000;20,00000;0,72965
 23,60700; 1,25333;-6,270208e-002; 99,97926;50,00000;20,00000;0,72965
 23,62200; 1,26000;-6,330243e-002; 99,97951;50,00000;20,00000;0,72966
 23,64600; 1,26667;-6,417556e-002; 99,97917;49,00000;20,00000;0,72967
 23,68000; 1,27333;-6,488450e-002; 99,97756;49,00000;20,00000;0,72968
 23,70200; 1,28000;-6,564842e-002; 99,97624;51,00000;20,00000;0,72969
 23,73500; 1,28667;-6,646657e-002; 99,98003;51,00000;20,00000;0,72970
 23,77700; 1,29333;-6,717519e-002; 99,98286;52,00000;20,00000;0,72972
 23,79600; 1,30000;-6,772070e-002; 99,98325;52,00000;20,00000;0,72972
 23,83100; 1,30667;-6,842949e-002; 99,98111;49,00000;20,00000;0,72974
 23,85300; 1,31333;-6,913870e-002; 99,97938;49,00000;20,00000;0,72974
 23,88200; 1,32000;-6,979305e-002; 99,97840;50,00000;20,00000;0,72975
 23,90600; 1,32667;-7,044755e-002; 99,97815;50,00000;20,00000;0,72976
 23,96100; 1,33333;-7,115556e-002; 99,97774;50,00000;20,00000;0,72978
 23,98400; 1,34000;-7,181006e-002; 99,97691;50,00000;20,00000;0,72979
 24,02400; 1,34667;-7,213629e-002; 99,97688;49,00000;20,00000;0,72980
 24,05900; 1,35333;-7,246269e-002; 99,97663;49,00000;20,00000;0,72982
 24,08000; 1,36000;-7,295339e-002; 99,97652;51,00000;20,00000;0,72982
 24,11100; 1,36667;-7,366214e-002; 99,97743;51,00000;20,00000;0,72984
 24,14600; 1,37333;-7,453454e-002; 99,98031;52,00000;20,00000;0,72985
 24,18100; 1,38000;-7,529770e-002; 99,98260;52,00000;20,00000;0,72986
 24,21600; 1,38667;-7,600624e-002; 99,98129;49,00000;20,00000;0,72987
 24,25500; 1,39333;-7,665999e-002; 99,97958;49,00000;20,00000;0,72989
 24,28700; 1,40000;-7,725938e-002; 99,98001;49,00000;20,00000;0,72990
 24,30600; 1,40667;-7,791386e-002; 99,98242;49,00000;20,00000;0,72991
 24,34700; 1,41333;-7,862207e-002; 99,98198;50,00000;20,00000;0,72992
 24,38800; 1,42000;-7,927566e-002; 99,98128;50,00000;20,00000;0,72994
 24,42000; 1,42667;-7,982038e-002; 99,98038;51,00000;20,00000;0,72995
 24,46100; 1,43333;-8,047392e-002; 99,98307;51,00000;20,00000;0,72996
 24,51000; 1,44000;-8,118172e-002; 99,98468;49,00000;20,00000;0,72998
 24,52700; 1,44667;-8,183616e-002; 99,98366;49,00000;20,00000;0,72998
 24,57900; 1,45333;-8,243459e-002; 99,98210;50,00000;20,00000;0,73000
 24,61800; 1,46000;-8,303352e-002; 99,98164;50,00000;20,00000;0,73002
 24,65800; 1,46667;-8,325026e-002; 99,98184;50,00000;20,00000;0,73003
 24,70000; 1,47333;-8,434032e-002; 99,98066;50,00000;20,00000;0,73005
 24,73700; 1,48000;-8,488467e-002; 99,98016;49,00000;20,00000;0,73006
 24,77600; 1,48667;-8,537433e-002; 99,98336;49,00000;20,00000;0,73007
 24,80300; 1,49333;-8,608282e-002; 99,98596;51,00000;20,00000;0,73008
 24,85200; 1,50000;-8,673578e-002; 99,99005;50,00000;20,00000;0,73010
 24,90200; 1,50667;-8,744324e-002; 99,99040;50,00000;20,00000;0,73012
 24,93700; 1,51333;-8,809673e-002; 99,98697;50,00000;20,00000;0,73013
 24,96300; 1,52000;-8,885976e-002; 99,98493;49,00000;20,00000;0,73014
 25,02400; 1,52667;-8,973040e-002; 99,98634;49,00000;20,00000;0,73016
 25,06200; 1,53333;-9,060200e-002; 99,98702;49,00000;20,00000;0,73018
 25,10700; 1,54000;-9,081832e-002; 99,98604;49,00000;20,00000;0,73019
 25,15900; 1,54667;-9,119805e-002; 99,98774;50,00000;20,00000;0,73021
 25,19700; 1,55333;-9,196041e-002; 99,99122;50,00000;20,00000;0,73022
 25,25900; 1,56000;-9,283081e-002; 99,99133;50,00000;20,00000;0,73025
 25,28800; 1,56667;-9,342980e-002; 99,98799;50,00000;20,00000;0,73026
 25,33800; 1,57333;-9,408238e-002; 99,98625;50,00000;20,00000;0,73028
 25,36900; 1,58000;-9,500867e-002; 99,98797;50,00000;20,00000;0,73029
 25,42500; 1,58667;-9,571547e-002; 99,98895;50,00000;20,00000;0,73031
 25,47300; 1,59333;-9,620435e-002; 99,99288;50,00000;20,00000;0,73032
 25,52500; 1,60000;-9,674757e-002; 99,99453;50,00000;20,00000;0,73034
 25,56300; 1,60667;-9,729143e-002; 99,99150;49,00000;20,00000;0,73036
 25,64100; 1,61333;-9,777882e-002; 99,98978;49,00000;20,00000;0,73038
 25,67500; 1,62000;-9,837738e-002; 99,99143;49,00000;20,00000;0,73040
 25,71200; 1,62667;-9,903035e-002; 99,99209;49,00000;20,00000;0,73041
 25,76100; 1,63333;-9,962816e-002; 99,99156;50,00000;20,00000;0,73043
 25,81300; 1,64000;      -0,10012; 99,99133;50,00000;20,00000;0,73044
 25,87200; 1,64667;      -0,10082; 99,99096;50,00000;20,00000;0,73047
 25,92500; 1,65333;      -0,10142; 99,99482;49,00000;20,00000;0,73048
 25,96700; 1,66000;      -0,10196; 99,99676;49,00000;20,00000;0,73050
 26,03500; 1,66667;      -0,10251; 99,99421;51,00000;20,00000;0,73052
 26,07800; 1,67333;      -0,10310; 99,99278;51,00000;20,00000;0,73054
 26,11300; 1,68000;      -0,10365; 99,99228;52,00000;20,00000;0,73055
 26,18500; 1,68667;      -0,10419; 99,99204;52,00000;20,00000;0,73058
 26,22300; 1,69333;      -0,10484; 99,99410;52,00000;20,00000;0,73059
 26,28800; 1,70000;      -0,10538; 99,99702;49,00000;20,00000;0,73061
 26,35200; 1,70667;      -0,10598; 99,99626;49,00000;20,00000;0,73064
 26,40300; 1,71333;      -0,10652; 99,99198;50,00000;20,00000;0,73065
 26,46500; 1,72000;      -0,10718; 99,98944;50,00000;20,00000;0,73068
 26,51300; 1,72667;      -0,10777; 99,98861;50,00000;20,00000;0,73069
 26,57500; 1,73333;      -0,10815; 99,98889;51,00000;20,00000;0,73072
 26,62700; 1,74000;      -0,10858; 99,99129;49,00000;20,00000;0,73073
 26,68500; 1,74667;      -0,10918; 99,99472;49,00000;20,00000;0,73075
 26,75000; 1,75333;      -0,10978; 99,99440;50,00000;20,00000;0,73078
 26,80100; 1,76000;      -0,11038; 99,99085;50,00000;20,00000;0,73080
 26,86400; 1,76667;      -0,11075; 99,98982;50,00000;20,00000;0,73082
 26,91500; 1,77333;      -0,11135; 99,98912;50,00000;20,00000;0,73084
 26,98700; 1,78000;      -0,11195; 99,98787;49,00000;20,00000;0,73086
 27,06300; 1,78667;      -0,11254; 99,98789;49,00000;20,00000;0,73089
 27,11100; 1,79333;      -0,11308; 99,98982;50,00000;20,00000;0,73091
 27,16800; 1,80000;      -0,11363; 99,99361;50,00000;20,00000;0,73093
 27,24000; 1,80667;      -0,11411; 99,99379;51,00000;20,00000;0,73095
 27,28000; 1,81333;      -0,11471; 99,99007;51,00000;20,00000;0,73097
 27,34400; 1,82000;      -0,11476; 99,98643;49,00000;20,00000;0,73099
 27,40500; 1,82667;      -0,11541; 99,98445;49,00000;20,00000;0,73101
 27,49100; 1,83333;      -0,11595; 99,98587;50,00000;20,00000;0,73104
 27,56100; 1,84000;      -0,11644; 99,98674;50,00000;20,00000;0,73107
 27,61100; 1,84667;      -0,11682; 99,98935;50,00000;20,00000;0,73108
 27,69000; 1,85333;      -0,11730; 99,98862;50,00000;20,00000;0,73111
 27,76300; 1,86000;      -0,11785; 99,98455;50,00000;20,00000;0,73114
 27,82700; 1,86667;      -0,11828; 99,98226;50,00000;20,00000;0,73116
 27,88200; 1,87333;      -0,11882; 99,98364;49,00000;20,00000;0,73118
 27,94700; 1,88000;      -0,11920; 99,98427;49,00000;20,00000;0,73120
 28,01300; 1,88667;      -0,11930; 99,98768;50,00000;20,00000;0,73123
 28,09100; 1,89333;      -0,12028; 99,98873;50,00000;20,00000;0,73125
 28,16600; 1,90000;      -0,12071; 99,98501;49,00000;20,00000;0,73128
 28,24400; 1,90667;      -0,12109; 99,98093;49,00000;20,00000;0,73131
 28,31200; 1,91333;      -0,12141; 99,97924;49,00000;20,00000;0,73133
 28,37800; 1,92000;      -0,12168; 99,98153;49,00000;20,00000;0,73135
 28,45900; 1,92667;      -0,12211; 99,98351;49,00000;20,00000;0,73138
 28,52000; 1,93333;      -0,12227; 99,98717;51,00000;20,00000;0,73140
 28,58300; 1,94000;      -0,12254; 99,98709;51,00000;20,00000;0,73143
 28,66600; 1,94667;      -0,12319; 99,98304;51,00000;20,00000;0,73146
 28,72600; 1,95333;      -0,12384; 99,98029;49,00000;20,00000;0,73148
 28,81300; 1,96000;      -0,12427; 99,98267;49,00000;20,00000;0,73151
 28,89700; 1,96667;      -0,12426; 99,98239;51,00000;20,00000;0,73154
 28,96600; 1,97333;      -0,12431; 99,98005;51,00000;20,00000;0,73156
 29,04700; 1,98000;      -0,12496; 99,98408;52,00000;20,00000;0,73159
 29,11000; 1,98667;      -0,12578; 99,98712;52,00000;20,00000;0,73161
 29,20200; 1,99333;      -0,12583; 99,98384;49,00000;20,00000;0,73164
 29,27400; 2,00000;      -0,12615; 99,98048;49,00000;20,00000;0,73167
 29,34600; 2,00667;      -0,12636; 99,98018;50,00000;20,00000;0,73170
 29,43600; 2,01333;      -0,12636; 99,98091;50,00000;20,00000;0,73173
 29,51800; 2,02000;      -0,12690; 99,98329;50,00000;20,00000;0,73176
 29,59100; 2,02667;      -0,12771; 99,98580;50,00000;20,00000;0,73178
 29,68800; 2,03333;      -0,12808; 99,98370;50,00000;20,00000;0,73182
 29,74500; 2,04000;      -0,12797; 99,98055;49,00000;20,00000;0,73184
 29,83200; 2,04667;      -0,12797; 99,98197;49,00000;20,00000;0,73187
 29,92300; 2,05333;      -0,12840; 99,98631;51,00000;20,00000;0,73190
 29,99900; 2,06000;      -0,12894; 99,98626;51,00000;20,00000;0,73192
 30,08200; 2,06667;      -0,12898; 99,98193;52,00000;20,00000;0,73195
 30,18900; 2,07333;      -0,12887; 99,97813;49,00000;20,00000;0,73199
 30,25900; 2,08000;      -0,12914; 99,97858;50,00000;20,00000;0,73202
 30,35300; 2,08667;      -0,12919; 99,98334;49,00000;20,00000;0,73205
 30,44200; 2,09333;      -0,12923; 99,98350;49,00000;20,00000;0,73208
 30,52300; 2,10000;      -0,12961; 99,97957;50,00000;20,00000;0,73211
 30,61000; 2,10667;      -0,12993; 99,97626;50,00000;20,00000;0,73214
 30,70800; 2,11333;      -0,13031; 99,97466;51,00000;20,00000;0,73217
 30,78800; 2,12000;      -0,13047; 99,97536;51,00000;20,00000;0,73220
 30,88700; 2,12667;      -0,13046; 99,97465;49,00000;20,00000;0,73224
 30,95600; 2,13333;      -0,13073; 99,97497;49,00000;20,00000;0,73226
 31,04300; 2,14000;      -0,13094; 99,97451;49,00000;20,00000;0,73229
 31,13900; 2,14667;      -0,13082; 99,97580;50,00000;20,00000;0,73232
 31,23400; 2,15333;      -0,13109; 99,97472;50,00000;20,00000;0,73236
 31,32600; 2,16000;      -0,13130; 99,97189;49,00000;20,00000;0,73239
 31,43000; 2,16667;      -0,13173; 99,96951;49,00000;20,00000;0,73242
 31,51500; 2,17333;      -0,13189; 99,96714;49,00000;20,00000;0,73245
 31,62600; 2,18000;      -0,13177; 99,96952;49,00000;20,00000;0,73249
 31,70300; 2,18667;      -0,13188; 99,97149;50,00000;20,00000;0,73252
 31,82900; 2,19333;      -0,13203; 99,96892;50,00000;20,00000;0,73256
 31,90500; 2,20000;      -0,13203; 99,96547;50,00000;20,00000;0,73259
 32,01000; 2,20667;      -0,13213; 99,96426;50,00000;20,00000;0,73263
 32,09900; 2,21333;      -0,13240; 99,96420;49,00000;20,00000;0,73266
 32,20600; 2,22000;      -0,13250; 99,96317;51,00000;20,00000;0,73269
 32,30100; 2,22667;      -0,13249; 99,96319;51,00000;20,00000;0,73273
 32,38400; 2,23333;      -0,13249; 99,96165;51,00000;20,00000;0,73276
 32,50400; 2,24000;      -0,13253; 99,95956;52,00000;20,00000;0,73280
 32,59800; 2,24667;      -0,13247; 99,95899;52,00000;20,00000;0,73283
 32,68100; 2,25333;      -0,13252; 99,96047;49,00000;20,00000;0,73286
 32,80400; 2,26000;      -0,13252; 99,96143;49,00000;20,00000;0,73290
 32,89800; 2,26667;      -0,13251; 99,95874;50,00000;20,00000;0,73293
 33,00000; 2,27333;      -0,13261; 99,95709;50,00000;20,00000;0,73297
 33,10700; 2,28000;      -0,13250; 99,96171;50,00000;20,00000;0,73301
 33,20000; 2,28667;      -0,13249; 99,96474;50,00000;20,00000;0,73304
 33,30200; 2,29333;      -0,13248; 99,96251;49,00000;20,00000;0,73307
 33,42700; 2,30000;      -0,13253; 99,95927;49,00000;20,00000;0,73312
 33,53500; 2,30667;      -0,13247; 99,95932;51,00000;20,00000;0,73315
 33,62800; 2,31333;      -0,13236; 99,96067;50,00000;20,00000;0,73319
 33,72400; 2,32000;      -0,13230; 99,96054;50,00000;20,00000;0,73322
 33,83400; 2,32667;      -0,13240; 99,95976;50,00000;20,00000;0,73326
 33,93500; 2,33333;      -0,13244; 99,95935;49,00000;20,00000;0,73329
 34,05000; 2,34000;      -0,13233; 99,95883;49,00000;20,00000;0,73333
 34,16900; 2,34667;      -0,13221; 99,96036;50,00000;20,00000;0,73337
 34,26700; 2,35333;      -0,13199; 99,96079;50,00000;20,00000;0,73341
 34,37200; 2,36000;      -0,13182; 99,95799;51,00000;20,00000;0,73344
 34,48800; 2,36667;      -0,13170; 99,95609;51,00000;20,00000;0,73348
 34,60300; 2,37333;      -0,13153; 99,95720;50,00000;20,00000;0,73352
 34,72000; 2,38000;      -0,13136; 99,95620;50,00000;20,00000;0,73356
 34,83600; 2,38667;      -0,13130; 99,95528;49,00000;20,00000;0,73360
 34,95700; 2,39333;      -0,13135; 99,95763;49,00000;20,00000;0,73364
 35,06100; 2,40000;      -0,13118; 99,96014;50,00000;20,00000;0,73368
 35,17900; 2,40667;      -0,13079; 99,95808;50,00000;20,00000;0,73372
 35,30200; 2,41333;      -0,13084; 99,95506;49,00000;20,00000;0,73376
 35,40600; 2,42000;      -0,13100; 99,95412;52,00000;20,00000;0,73380
 35,52400; 2,42667;      -0,13099; 99,95417;49,00000;20,00000;0,73384
 35,63900; 2,43333;      -0,13076; 99,95465;49,00000;20,00000;0,73388
 35,76300; 2,44000;      -0,13043; 99,95821;50,00000;20,00000;0,73392
 35,87700; 2,44667;      -0,13010; 99,95865;50,00000;20,00000;0,73396
 36,01300; 2,45333;      -0,12987; 99,95495;50,00000;20,00000;0,73401
 36,11300; 2,46000;      -0,12992; 99,95182;50,00000;20,00000;0,73404
 36,24800; 2,46667;      -0,12986; 99,95023;50,00000;20,00000;0,73409
 36,35600; 2,47333;      -0,12964; 99,95066;49,00000;20,00000;0,73412
 36,47700; 2,48000;      -0,12957; 99,94946;49,00000;20,00000;0,73416
 36,61500; 2,48667;      -0,12940; 99,94915;51,00000;20,00000;0,73421
 36,74600; 2,49333;      -0,12907; 99,95135;51,00000;20,00000;0,73426
 36,85100; 2,50000;      -0,12890; 99,95360;51,00000;20,00000;0,73429
 36,99700; 2,50667;      -0,12867; 99,95129;51,00000;20,00000;0,73434
 37,12000; 2,51333;      -0,12840; 99,94704;49,00000;20,00000;0,73438
 37,25200; 2,52000;      -0,12839; 99,94399;49,00000;20,00000;0,73443
 37,36900; 2,52667;      -0,12827; 99,94573;50,00000;20,00000;0,73447
 37,49400; 2,53333;      -0,12810; 99,94692;51,00000;20,00000;0,73451
 37,60900; 2,54000;      -0,12777; 99,94647;51,00000;20,00000;0,73455
 37,76600; 2,54667;      -0,12760; 99,94751;49,00000;20,00000;0,73460
 37,88400; 2,55333;      -0,12743; 99,94797;49,00000;20,00000;0,73464
 38,00900; 2,56000;      -0,12731; 99,94423;50,00000;20,00000;0,73469
 38,14400; 2,56667;      -0,12730; 99,94050;50,00000;20,00000;0,73473
 38,28000; 2,57333;      -0,12730; 99,93891;50,00000;20,00000;0,73478
 38,41300; 2,58000;      -0,12718; 99,94104;50,00000;20,00000;0,73482
 38,55300; 2,58667;      -0,12695; 99,94013;50,00000;20,00000;0,73487
 38,66800; 2,59333;      -0,12668; 99,93821;49,00000;20,00000;0,73491
 38,81300; 2,60000;      -0,12656; 99,93685;49,00000;20,00000;0,73496
 38,94000; 2,60667;      -0,12623; 99,93918;50,00000;20,00000;0,73500
 39,08600; 2,61333;      -0,12611; 99,94051;50,00000;20,00000;0,73505
 39,21700; 2,62000;      -0,12621; 99,93930;51,00000;20,00000;0,73509
 39,35000; 2,62667;      -0,12615; 99,93549;51,00000;20,00000;0,73514
 39,48300; 2,63333;      -0,12603; 99,93319;49,00000;20,00000;0,73518
 39,61500; 2,64000;      -0,12592; 99,93183;49,00000;20,00000;0,73523
 39,75900; 2,64667;      -0,12580; 99,93248;50,00000;20,00000;0,73528
 39,90200; 2,65333;      -0,12563; 99,93161;49,00000;20,00000;0,73533
 40,05300; 2,66000;      -0,12551; 99,93032;51,00000;20,00000;0,73538
 40,18100; 2,66667;      -0,12556; 99,92911;51,00000;20,00000;0,73542
 40,31600; 2,67333;      -0,12599; 99,92639;51,00000;20,00000;0,73546
 40,45900; 2,68000;      -0,12592; 99,92472;51,00000;20,00000;0,73551
 40,60000; 2,68667;      -0,12602; 99,92612;52,00000;20,00000;0,73556
 40,75100; 2,69333;      -0,12580; 99,92797;49,00000;20,00000;0,73561
 40,88400; 2,70000;      -0,12601; 99,92877;50,00000;20,00000;0,73565
 41,02500; 2,70667;      -0,12600; 99,92541;50,00000;20,00000;0,73570
 41,19200; 2,71333;      -0,12621; 99,92159;50,00000;20,00000;0,73576
 41,32000; 2,72000;      -0,12620; 99,91888;50,00000;20,00000;0,73580
 41,46400; 2,72667;      -0,12624; 99,91778;49,00000;20,00000;0,73585
 41,61300; 2,73333;      -0,12651; 99,91775;49,00000;20,00000;0,73590
 41,75900; 2,74000;      -0,12666; 99,91668;51,00000;20,00000;0,73595
 41,90400; 2,74667;      -0,12676; 99,91612;51,00000;20,00000;0,73600
 42,05600; 2,75333;      -0,12713; 99,91505;51,00000;20,00000;0,73605
 42,20300; 2,76000;      -0,12777; 99,91607;52,00000;20,00000;0,73610
 42,34200; 2,76667;      -0,12858; 99,91816;52,00000;20,00000;0,73614
 42,50700; 2,77333;      -0,12862; 99,91924;49,00000;20,00000;0,73620
 42,65000; 2,78000;      -0,12932; 99,91618;51,00000;20,00000;0,73624
 42,80000; 2,78667;      -0,12985; 99,91265;51,00000;20,00000;0,73629
 42,95000; 2,79333;      -0,13076; 99,91020;52,00000;20,00000;0,73634
 43,09700; 2,80000;      -0,13140; 99,90933;52,00000;20,00000;0,73639
 43,25500; 2,80667;      -0,13215; 99,91106;49,00000;20,00000;0,73644
 43,40900; 2,81333;      -0,13311; 99,91067;49,00000;20,00000;0,73650
 43,54800; 2,82000;      -0,13413; 99,90975;49,00000;20,00000;0,73654
 43,71200; 2,82667;      -0,13488; 99,90883;50,00000;20,00000;0,73660
 43,87600; 2,83333;      -0,13568; 99,90846;50,00000;20,00000;0,73665
 44,01800; 2,84000;      -0,13708; 99,90963;50,00000;20,00000;0,73670
 44,17700; 2,84667;      -0,13853; 99,91028;49,00000;20,00000;0,73675
 44,33100; 2,85333;      -0,13971; 99,90887;49,00000;20,00000;0,73680
 44,49800; 2,86000;      -0,14132; 99,90542;51,00000;20,00000;0,73686
 44,64900; 2,86667;      -0,14310; 99,90309;51,00000;20,00000;0,73691
 44,81700; 2,87333;      -0,14498; 99,90246;51,00000;20,00000;0,73696
 44,95800; 2,88000;      -0,14692; 99,90451;50,00000;20,00000;0,73701
 45,12500; 2,88667;      -0,14896; 99,90447;49,00000;20,00000;0,73706
 45,27100; 2,89333;      -0,15090; 99,90226;49,00000;20,00000;0,73711
 45,43500; 2,90000;      -0,15332; 99,90098;49,00000;20,00000;0,73716
 45,60100; 2,90667;      -0,15590; 99,89958;49,00000;20,00000;0,73722
 45,75700; 2,91333;      -0,15849; 99,89813;49,00000;20,00000;0,73727
 45,92900; 2,92000;      -0,16166; 99,89724;50,00000;20,00000;0,73733
 46,09300; 2,92667;      -0,16511; 99,90062;51,00000;20,00000;0,73738
 46,25800; 2,93333;      -0,16823; 99,90253;49,00000;20,00000;0,73743
 46,42000; 2,94000;      -0,17211; 99,90186;49,00000;20,00000;0,73749
 46,57500; 2,94667;      -0,17572; 99,89849;50,00000;20,00000;0,73754
 46,73700; 2,95333;      -0,17998; 99,89547;50,00000;20,00000;0,73759
 46,90500; 2,96000;      -0,18461; 99,89331;50,00000;20,00000;0,73764
 47,09200; 2,96667;      -0,18989; 99,89212;50,00000;20,00000;0,73771
 47,26400; 2,97333;      -0,19490; 99,89097;49,00000;20,00000;0,73776
 47,42700; 2,98000;      -0,20088; 99,88947;49,00000;20,00000;0,73781
 47,60400; 2,98667;      -0,20681; 99,88821;51,00000;20,00000;0,73787
 47,77300; 2,99333;      -0,21332; 99,88773;51,00000;20,00000;0,73793
 47,94700; 3,00000;      -0,22060; 99,88696;51,00000;20,00000;0,73798
 48,09900; 3,00667;      -0,22825; 99,88633;49,00000;20,00000;0,73803
 48,26000; 3,01333;      -0,23612; 99,88576;49,00000;20,00000;0,73809
 48,43900; 3,02000;      -0,24485; 99,88520;49,00000;20,00000;0,73814
 48,59800; 3,02667;      -0,25390; 99,88567;49,00000;20,00000;0,73819
 48,77100; 3,03333;      -0,26381; 99,88719;49,00000;20,00000;0,73825
 48,94200; 3,04000;      -0,27470; 99,88764;50,00000;20,00000;0,73831
 49,09800; 3,04667;      -0,28569; 99,88804;50,00000;20,00000;0,73836
 49,28000; 3,05333;      -0,29776; 99,88574;50,00000;20,00000;0,73842
 49,44200; 3,06000;      -0,31052; 99,88283;49,00000;20,00000;0,73847
 49,61900; 3,06667;      -0,32426; 99,88142;50,00000;20,00000;0,73852
 49,80200; 3,07333;      -0,33929; 99,88054;50,00000;20,00000;0,73858
 49,97300; 3,08000;      -0,35486; 99,88023;50,00000;20,00000;0,73864
 50,14800; 3,08667;      -0,37220; 99,87999;50,00000;20,00000;0,73869
 50,31500; 3,09333;      -0,39052; 99,87931;49,00000;20,00000;0,73875
 50,50400; 3,10000;      -0,41114; 99,87818;49,00000;20,00000;0,73881
 50,66400; 3,10667;      -0,43372; 99,87762;49,00000;20,00000;0,73886
 50,84600; 3,11333;      -0,45774; 99,87657;51,00000;20,00000;0,73892
 51,02300; 3,12000;      -0,48332; 99,87553;50,00000;20,00000;0,73898
 51,18700; 3,12667;      -0,51208; 99,87499;50,00000;20,00000;0,73903
 51,37400; 3,13333;      -0,54320; 99,87388;49,00000;20,00000;0,73909
 51,54400; 3,14000;      -0,57735; 99,87379;49,00000;20,00000;0,73914
 51,73000; 3,14667;      -0,61510; 99,87578;49,00000;20,00000;0,73920
 51,90600; 3,15333;      -0,65597; 99,87679;49,00000;20,00000;0,73926
 52,09000; 3,16000;      -0,70033; 99,87741;51,00000;20,00000;0,73932
 52,26600; 3,16667;      -0,75068; 99,87608;51,00000;20,00000;0,73937
 52,45000; 3,17333;      -0,80705; 99,87385;49,00000;20,00000;0,73943
 52,61200; 3,18000;      -0,86708; 99,87170;49,00000;20,00000;0,73948
 52,78900; 3,18667;      -0,93006; 99,86956;50,00000;20,00000;0,73954
 52,96800; 3,19333;      -0,99530; 99,86843;50,00000;20,00000;0,73959
 53,14900; 3,20000;      -1,06268; 99,86779;50,00000;20,00000;0,73965
 53,32600; 3,20667;      -1,13242; 99,86712;50,00000;20,00000;0,73971
 53,50400; 3,21333;      -1,20614; 99,86647;50,00000;20,00000;0,73976
 53,69000; 3,22000;      -1,28227; 99,86587;49,00000;20,00000;0,73982
 53,86600; 3,22667;      -1,36130; 99,86482;49,00000;20,00000;0,73988
 54,04700; 3,23333;      -1,44155; 99,86489;50,00000;20,00000;0,73994
 54,22900; 3,24000;      -1,52314; 99,86448;50,00000;20,00000;0,73999
 54,39800; 3,24667;      -1,60548; 99,86458;50,00000;20,00000;0,74005
 54,58100; 3,25333;      -1,68860; 99,86462;49,00000;20,00000;0,74010
 54,75700; 3,26000;      -1,77182; 99,86515;49,00000;20,00000;0,74016
 54,94800; 3,26667;      -1,85572; 99,86466;49,00000;20,00000;0,74022
 55,14200; 3,27333;      -1,93837; 99,86428;51,00000;20,00000;0,74028
 55,31200; 3,28000;      -2,01940; 99,86614;51,00000;20,00000;0,74033
 55,49300; 3,28667;      -2,10031; 99,86762;52,00000;20,00000;0,74039
 55,66500; 3,29333;      -2,18310; 99,86917;49,00000;20,00000;0,74044
 55,84600; 3,30000;      -2,26721; 99,87021;49,00000;20,00000;0,74050
 56,03000; 3,30667;      -2,35185; 99,86967;50,00000;20,00000;0,74056
 56,20100; 3,31333;      -2,43627; 99,86859;50,00000;20,00000;0,74061
 56,38700; 3,32000;      -2,51840; 99,86806;50,00000;20,00000;0,74067
 56,58000; 3,32667;      -2,59965; 99,86861;50,00000;20,00000;0,74073
 56,74300; 3,33333;      -2,67936; 99,86974;50,00000;20,00000;0,74078
 56,92800; 3,34000;      -2,75764; 99,87146;49,00000;20,00000;0,74084
 57,11700; 3,34667;      -2,83482; 99,87164;50,00000;20,00000;0,74090
 57,28500; 3,35333;      -2,91186; 99,87234;50,00000;20,00000;0,74095
 57,46900; 3,36000;      -2,98833; 99,87247;50,00000;20,00000;0,74101
 57,64300; 3,36667;      -3,06474; 99,87254;50,00000;20,00000;0,74106
 57,83800; 3,37333;      -3,14058; 99,87311;50,00000;20,00000;0,74112
 58,02000; 3,38000;      -3,21546; 99,87316;49,00000;20,00000;0,74118
 58,19700; 3,38667;      -3,28883; 99,87329;49,00000;20,00000;0,74123
 58,39100; 3,39333;      -3,36023; 99,87458;49,00000;20,00000;0,74129
 58,57900; 3,40000;      -3,43001; 99,87545;51,00000;20,00000;0,74135
 58,73700; 3,40667;      -3,49853; 99,87636;52,00000;20,00000;0,74140
 58,92100; 3,41333;      -3,56550; 99,87934;52,00000;20,00000;0,74146
 59,10800; 3,42000;      -3,63058; 99,88174;49,00000;20,00000;0,74151
 59,29200; 3,42667;      -3,69259; 99,88406;49,00000;20,00000;0,74157
 59,47900; 3,43333;      -3,75168; 99,88477;49,00000;20,00000;0,74163
 59,65500; 3,44000;      -3,80890; 99,88388;50,00000;20,00000;0,74168
 59,85200; 3,44667;      -3,86468; 99,88248;50,00000;20,00000;0,74174
 60,03100; 3,45333;      -3,91877; 99,88109;50,00000;20,00000;0,74180
 60,22300; 3,46000;      -3,97266; 99,88026;49,00000;20,00000;0,74186
 60,40200; 3,46667;      -4,02490; 99,88002;50,00000;20,00000;0,74191
 60,59300; 3,47333;      -4,07636; 99,87985;50,00000;20,00000;0,74197
 60,77700; 3,48000;      -4,12643; 99,88029;50,00000;20,00000;0,74203
 60,96200; 3,48667;      -4,17499; 99,88082;50,00000;20,00000;0,74208
 61,14500; 3,49333;      -4,22236; 99,88089;50,00000;20,00000;0,74214
 61,32000; 3,50000;      -4,26770; 99,88151;49,00000;20,00000;0,74219
 61,50800; 3,50667;      -4,31209; 99,88264;49,00000;20,00000;0,74225
 61,69100; 3,51333;      -4,35445; 99,88371;51,00000;20,00000;0,74231
 61,87000; 3,52000;      -4,39520; 99,88420;51,00000;20,00000;0,74236
 62,06000; 3,52667;      -4,43442; 99,88465;52,00000;20,00000;0,74242
 62,25800; 3,53333;      -4,47201; 99,88510;52,00000;20,00000;0,74248
 62,43300; 3,54000;      -4,50792; 99,88555;49,00000;20,00000;0,74253
 62,61600; 3,54667;      -4,54214; 99,88550;49,00000;20,00000;0,74259
 62,81600; 3,55333;      -4,57569; 99,88548;49,00000;20,00000;0,74265
 62,99600; 3,56000;      -4,60723; 99,88599;50,00000;20,00000;0,74270
 63,18200; 3,56667;      -4,63633; 99,88548;50,00000;20,00000;0,74276
 63,37200; 3,57333;      -4,66377; 99,88551;49,00000;20,00000;0,74281
 63,55100; 3,58000;      -4,68859; 99,88557;49,00000;20,00000;0,74287
 63,75100; 3,58667;      -4,71058; 99,88567;49,00000;20,00000;0,74293
 63,93600; 3,59333;      -4,72900; 99,88579;50,00000;20,00000;0,74298
 64,11400; 3,60000;      -4,74126; 99,88643;50,00000;20,00000;0,74304
 64,30000; 3,60667;      -4,74734; 99,88702;50,00000;20,00000;0,74309
 64,48700; 3,61333;      -4,74886; 99,88701;50,00000;20,00000;0,74315
 64,69000; 3,62000;      -4,74734; 99,88743;49,00000;20,00000;0,74321
 64,86500; 3,62667;      -4,74207; 99,88621;49,00000;20,00000;0,74326
 65,06800; 3,63333;      -4,73171; 99,88598;51,00000;20,00000;0,74332
 65,26000; 3,64000;      -4,71532; 99,88571;51,00000;20,00000;0,74338
 65,45300; 3,64667;      -4,69292; 99,88495;51,00000;20,00000;0,74344
 65,65400; 3,65333;      -4,66376; 99,88482;51,00000;20,00000;0,74350
 65,84100; 3,66000;      -4,63039; 99,88478;51,00000;20,00000;0,74356
 66,03900; 3,66667;      -4,59096; 99,88480;49,00000;20,00000;0,74361
 66,21800; 3,67333;      -4,54669; 99,88382;49,00000;20,00000;0,74367
 66,41500; 3,68000;      -4,49869; 99,88335;50,00000;20,00000;0,74373
 66,60100; 3,68667;      -4,44826; 99,88339;50,00000;20,00000;0,74378
 66,79700; 3,69333;      -4,39680; 99,88290;52,00000;20,00000;0,74384
 66,99300; 3,70000;      -4,34636; 99,88290;49,00000;20,00000;0,74390
 67,18600; 3,70667;      -4,29680; 99,88235;49,00000;20,00000;0,74395
 67,37800; 3,71333;      -4,24864; 99,88234;49,00000;20,00000;0,74401
 67,57300; 3,72000;      -4,20203; 99,88182;50,00000;20,00000;0,74407
 67,77500; 3,72667;      -4,15607; 99,88076;50,00000;20,00000;0,74413
 67,95100; 3,73333;      -4,11181; 99,88017;49,00000;20,00000;0,74418
 68,15600; 3,74000;      -4,06837; 99,88109;49,00000;20,00000;0,74424
 68,35300; 3,74667;      -4,02629; 99,88091;50,00000;20,00000;0,74430
 68,55400; 3,75333;      -3,98448; 99,88069;50,00000;20,00000;0,74436
 68,75300; 3,76000;      -3,94401; 99,88047;50,00000;20,00000;0,74442
 68,95700; 3,76667;      -3,90472; 99,88026;50,00000;20,00000;0,74448
 69,14900; 3,77333;      -3,86637; 99,88005;50,00000;20,00000;0,74453
 69,34500; 3,78000;      -3,82898; 99,87984;50,00000;20,00000;0,74459
 69,54900; 3,78667;      -3,79180; 99,87965;50,00000;20,00000;0,74465
 69,75900; 3,79333;      -3,75563; 99,87948;50,00000;20,00000;0,74471
 69,95300; 3,80000;      -3,72067; 99,87936;50,00000;20,00000;0,74477
 70,15300; 3,80667;      -3,68549; 99,87875;51,00000;20,00000;0,74483
 70,34000; 3,81333;      -3,65136; 99,87815;51,00000;20,00000;0,74488
 70,55400; 3,82000;      -3,61810; 99,87702;50,00000;20,00000;0,74494
 70,75400; 3,82667;      -3,58556; 99,87641;49,00000;20,00000;0,74500
 70,94800; 3,83333;      -3,55341; 99,87525;49,00000;20,00000;0,74506
 71,15300; 3,84000;      -3,52151; 99,87409;50,00000;20,00000;0,74512
 71,35200; 3,84667;      -3,49012; 99,86982;50,00000;20,00000;0,74517
 71,55600; 3,85333;      -3,46011; 99,86656;49,00000;20,00000;0,74523
 71,76400; 3,86000;      -3,42978; 99,86432;49,00000;20,00000;0,74529
 71,96100; 3,86667;      -3,40043; 99,86208;50,00000;20,00000;0,74535
 72,16700; 3,87333;      -3,37086; 99,85982;50,00000;20,00000;0,74541
 72,36900; 3,88000;      -3,34215; 99,85757;52,00000;20,00000;0,74547
 72,58400; 3,88667;      -3,31392; 99,85538;52,00000;20,00000;0,74553
 72,77800; 3,89333;      -3,28604; 99,85320;52,00000;20,00000;0,74559
 72,98200; 3,90000;      -3,25884; 99,85099;49,00000;20,00000;0,74564
 73,18900; 3,90667;      -3,23170; 99,84980;50,00000;20,00000;0,74570
 73,39300; 3,91333;      -3,20537; 99,84649;50,00000;20,00000;0,74576
 73,60300; 3,92000;      -3,17882; 99,84371;50,00000;20,00000;0,74582
 73,81300; 3,92667;      -3,15276; 99,84147;51,00000;20,00000;0,74588
 74,01800; 3,93333;      -3,12766; 99,83877;51,00000;20,00000;0,74594
 74,22700; 3,94000;      -3,10257; 99,83612;51,00000;20,00000;0,74600
 74,43000; 3,94667;      -3,07755; 99,83454;49,00000;20,00000;0,74606
 74,63200; 3,95333;      -3,05322; 99,83189;49,00000;20,00000;0,74612
 74,83100; 3,96000;      -3,02922; 99,82867;50,00000;20,00000;0,74617
 75,04800; 3,96667;      -3,00547; 99,82593;50,00000;20,00000;0,74624
 75,26100; 3,97333;      -2,98184; 99,82215;49,00000;20,00000;0,74630
 75,47200; 3,98000;      -2,95917; 99,81735;49,00000;20,00000;0,74636
 75,67900; 3,98667;      -2,93636; 99,81362;49,00000;20,00000;0,74641
 75,88300; 3,99333;      -2,91376; 99,81046;49,00000;20,00000;0,74647
 76,10100; 4,00000;      -2,89179; 99,80527;49,00000;20,00000;0,74653
 76,28300; 4,00667;      -2,87013; 99,80110;50,00000;20,00000;0,74658
 76,51100; 4,01333;      -2,84880; 99,79636;50,00000;20,00000;0,74665
 76,72200; 4,02000;      -2,82803; 99,79265;50,00000;20,00000;0,74671
 76,92700; 4,02667;      -2,80710; 99,78735;50,00000;20,00000;0,74677
 77,15100; 4,03333;      -2,78622; 99,78364;50,00000;20,00000;0,74683
 77,34500; 4,04000;      -2,76616; 99,77689;49,00000;20,00000;0,74688
 77,56100; 4,04667;      -2,74662; 99,77331;51,00000;20,00000;0,74694
 77,77500; 4,05333;      -2,72688; 99,76605;52,00000;20,00000;0,74700
 77,98000; 4,06000;      -2,70778; 99,75930;52,00000;20,00000;0,74706
 78,18700; 4,06667;      -2,68891; 99,75408;49,00000;20,00000;0,74712
 78,39700; 4,07333;      -2,67029; 99,74989;49,00000;20,00000;0,74718
 78,62200; 4,08000;      -2,65172; 99,74676;49,00000;20,00000;0,74724
 78,83500; 4,08667;      -2,63343; 99,74317;50,00000;20,00000;0,74730
 79,04800; 4,09333;      -2,61600; 99,73598;50,00000;20,00000;0,74736
 79,25500; 4,10000;      -2,59804; 99,72988;50,00000;20,00000;0,74742
 79,45100; 4,10667;      -2,58042; 99,72639;50,00000;20,00000;0,74747
 79,66500; 4,11333;      -2,56347; 99,72496;49,00000;20,00000;0,74753
 79,89000; 4,12000;      -2,54663; 99,72142;49,00000;20,00000;0,74759
 80,10500; 4,12667;      -2,53022; 99,71423;51,00000;20,00000;0,74765
 80,30900; 4,13333;      -2,51367; 99,70758;51,00000;20,00000;0,74771
 80,52000; 4,14000;      -2,49775; 99,69937;51,00000;20,00000;0,74777
 80,74200; 4,14667;      -2,48241; 99,69481;52,00000;20,00000;0,74783
 80,94300; 4,15333;      -2,46667; 99,69178;49,00000;20,00000;0,74788
 81,15700; 4,16000;      -2,45139; 99,68560;49,00000;20,00000;0,74794
 81,38600; 4,16667;      -2,43664; 99,68047;49,00000;20,00000;0,74801
 81,60000; 4,17333;      -2,42185; 99,67172;49,00000;20,00000;0,74806
 81,81300; 4,18000;      -2,40739; 99,66560;50,00000;20,00000;0,74812
 82,02100; 4,18667;      -2,39304; 99,65533;50,00000;20,00000;0,74818
 82,23500; 4,19333;      -2,37906; 99,64720;50,00000;20,00000;0,74824
 82,45000; 4,20000;      -2,36508; 99,64429;49,00000;20,00000;0,74830
 82,66700; 4,20667;      -2,35142; 99,63610;49,00000;20,00000;0,74836
 82,87900; 4,21333;      -2,33877; 99,62581;49,00000;20,00000;0,74841
 83,10300; 4,22000;      -2,32559; 99,61757;50,00000;20,00000;0,74847
 83,31500; 4,22667;      -2,31242; 99,61456;50,00000;20,00000;0,74853
 83,52700; 4,23333;      -2,29984; 99,60271;50,00000;20,00000;0,74859
 83,76000; 4,24000;      -2,28751; 99,59452;50,00000;20,00000;0,74865
 83,96300; 4,24667;      -2,27510; 99,58477;49,00000;20,00000;0,74871
 84,19300; 4,25333;      -2,26315; 99,57715;49,00000;20,00000;0,74877
 84,40300; 4,26000;      -2,25201; 99,56747;51,00000;20,00000;0,74883
 84,62000; 4,26667;      -2,24045; 99,55625;51,00000;20,00000;0,74889
 84,83300; 4,27333;      -2,22937; 99,54868;50,00000;20,00000;0,74894
 85,05400; 4,28000;      -2,21828; 99,53902;50,00000;20,00000;0,74900
 85,26500; 4,28667;      -2,20700; 99,52778;49,00000;20,00000;0,74906
 85,49600; 4,29333;      -2,19665; 99,51812;49,00000;20,00000;0,74912
 85,70100; 4,30000;      -2,18628; 99,50689;49,00000;20,00000;0,74918
 85,92800; 4,30667;      -2,17615; 99,49411;49,00000;20,00000;0,74924
 86,14600; 4,31333;      -2,16604; 99,48291;50,00000;20,00000;0,74929
 86,35400; 4,32000;      -2,15604; 99,47171;50,00000;20,00000;0,74935
 86,58200; 4,32667;      -2,14624; 99,46053;50,00000;20,00000;0,74941
 86,80300; 4,33333;      -2,13703; 99,44727;51,00000;20,00000;0,74947
 87,01300; 4,34000;      -2,12783; 99,43560;49,00000;20,00000;0,74953
 87,23800; 4,34667;      -2,11868; 99,42449;49,00000;20,00000;0,74959
 87,45200; 4,35333;      -2,10974; 99,40818;50,00000;20,00000;0,74964
 87,67700; 4,36000;      -2,10144; 99,39553;50,00000;20,00000;0,74970
 87,87900; 4,36667;      -2,09321; 99,37974;50,00000;20,00000;0,74976
 88,10700; 4,37333;      -2,08539; 99,36340;50,00000;20,00000;0,74982
 88,32200; 4,38000;      -2,07742; 99,34707;50,00000;20,00000;0,74987
 88,55600; 4,38667;      -2,06944; 99,33079;50,00000;20,00000;0,74993
 88,75800; 4,39333;      -2,06169; 99,31138;50,00000;20,00000;0,74999
 88,98000; 4,40000;      -2,05463; 99,29509;50,00000;20,00000;0,75005
 89,19800; 4,40667;      -2,04756; 99,27880;50,00000;20,00000;0,75010
 89,43100; 4,41333;      -2,04070; 99,26091;50,00000;20,00000;0,75016
 89,63400; 4,42000;      -2,03386; 99,24406;49,00000;20,00000;0,75022
 89,86000; 4,42667;      -2,02706; 99,22777;49,00000;20,00000;0,75028
 90,08100; 4,43333;      -2,02085; 99,20729;49,00000;20,00000;0,75033
 90,30900; 4,44000;      -2,01485; 99,18992;49,00000;20,00000;0,75039
 90,51800; 4,44667;      -2,00870; 99,17047;49,00000;20,00000;0,75045
 90,75600; 4,45333;      -2,00259; 99,15679;50,00000;20,00000;0,75051
 90,96300; 4,46000;      -1,99703; 99,13791;50,00000;20,00000;0,75056
 91,19600; 4,46667;      -1,99172; 99,12168;51,00000;20,00000;0,75062
 91,40800; 4,47333;      -1,98653; 99,10546;51,00000;20,00000;0,75068
 91,62500; 4,48000;      -1,98145; 99,08768;49,00000;20,00000;0,75074
 91,85100; 4,48667;      -1,97651; 99,07095;49,00000;20,00000;0,75079
 92,07300; 4,49333;      -1,97143; 99,05527;50,00000;20,00000;0,75085
 92,29000; 4,50000;      -1,96693; 99,03857;50,00000;20,00000;0,75091
 92,52000; 4,50667;      -1,96263; 99,02294;51,00000;20,00000;0,75097
 92,73000; 4,51333;      -1,95835; 99,00783;51,00000;20,00000;0,75102
 92,94800; 4,52000;      -1,95417; 98,99221;49,00000;20,00000;0,75108
 93,17300; 4,52667;      -1,95015; 98,97604;50,00000;20,00000;0,75113
 93,39900; 4,53333;      -1,94623; 98,96250;50,00000;20,00000;0,75119
 93,61600; 4,54000;      -1,94280; 98,94328;50,00000;20,00000;0,75125
 93,84100; 4,54667;      -1,93984; 98,93139;50,00000;20,00000;0,75130
 94,04200; 4,55333;      -1,93711; 98,91475;50,00000;20,00000;0,75136
 94,27900; 4,56000;      -1,93420; 98,89915;49,00000;20,00000;0,75142
 94,50400; 4,56667;      -1,93103; 98,88247;49,00000;20,00000;0,75147
 94,71400; 4,57333;      -1,92797; 98,86682;51,00000;20,00000;0,75153
 94,93800; 4,58000;      -1,92523; 98,85019;51,00000;20,00000;0,75158
 95,18000; 4,58667;      -1,92316; 98,83464;52,00000;20,00000;0,75165
 95,38500; 4,59333;      -1,92112; 98,81806;52,00000;20,00000;0,75170
 95,60900; 4,60000;      -1,91912; 98,80204;49,00000;20,00000;0,75175
 95,83000; 4,60667;      -1,91712; 98,78604;49,00000;20,00000;0,75181
 96,04400; 4,61333;      -1,91534; 98,77003;49,00000;20,00000;0,75186
 96,26500; 4,62000;      -1,91404; 98,75084;49,00000;20,00000;0,75192
 96,48300; 4,62667;      -1,91363; 98,73317;51,00000;20,00000;0,75197
 96,71300; 4,63333;      -1,91274; 98,71654;51,00000;20,00000;0,75203
 96,94600; 4,64000;      -1,91111; 98,69730;50,00000;20,00000;0,75209
 97,16200; 4,64667;      -1,90970; 98,67966;49,00000;20,00000;0,75214
 97,38600; 4,65333;      -1,90961; 98,65789;50,00000;20,00000;0,75220
 97,60500; 4,66000;      -1,90937; 98,64244;49,00000;20,00000;0,75225
 97,82900; 4,66667;      -1,90896; 98,62443;50,00000;20,00000;0,75231
 98,04900; 4,67333;      -1,90856; 98,60174;50,00000;20,00000;0,75237
 98,26500; 4,68000;      -1,90821; 98,58012;49,00000;20,00000;0,75242
 98,47800; 4,68667;      -1,90818; 98,55955;49,00000;20,00000;0,75247
 98,70800; 4,69333;      -1,90830; 98,54261;50,00000;20,00000;0,75253
 98,91800; 4,70000;      -1,90827; 98,51832;50,00000;20,00000;0,75258
 99,13900; 4,70667;      -1,90914; 98,49923;51,00000;20,00000;0,75264
 99,36900; 4,71333;      -1,91027; 98,47700;51,00000;20,00000;0,75269
 99,59500; 4,72000;      -1,91119; 98,45474;49,00000;20,00000;0,75275
 99,80600; 4,72667;      -1,91206; 98,43196;49,00000;20,00000;0,75280
100,04200; 4,73333;      -1,91318; 98,41188;49,00000;20,00000;0,75286
100,25600; 4,74000;      -1,91511; 98,38920;49,00000;20,00000;0,75291
100,46700; 4,74667;      -1,91673; 98,36752;50,00000;20,00000;0,75296
100,70200; 4,75333;      -1,91817; 98,34219;50,00000;20,00000;0,75302
100,91300; 4,76000;      -1,91989; 98,32205;50,00000;20,00000;0,75307
101,16000; 4,76667;      -1,92201; 98,29931;50,00000;20,00000;0,75313
101,36300; 4,77333;      -1,92432; 98,27511;50,00000;20,00000;0,75318
101,58700; 4,78000;      -1,92677; 98,25200;50,00000;20,00000;0,75324
101,80600; 4,78667;      -1,92928; 98,22784;50,00000;20,00000;0,75329
102,02500; 4,79333;      -1,93179; 98,20160;50,00000;20,00000;0,75334
102,25200; 4,80000;      -1,93498; 98,17798;50,00000;20,00000;0,75340
102,45800; 4,80667;      -1,93798; 98,15279;49,00000;20,00000;0,75345
102,68500; 4,81333;      -1,94111; 98,12813;49,00000;20,00000;0,75350
102,91100; 4,82000;      -1,94468; 98,10450;49,00000;20,00000;0,75356
103,12500; 4,82667;      -1,94846; 98,07877;49,00000;20,00000;0,75361
103,33600; 4,83333;      -1,95203; 98,05305;51,00000;20,00000;0,75366
103,57100; 4,84000;      -1,95590; 98,02839;51,00000;20,00000;0,75372
103,79700; 4,84667;      -1,95962; 98,00064;50,00000;20,00000;0,75377
104,01100; 4,85333;      -1,96377; 97,97605;49,00000;20,00000;0,75382
104,22400; 4,86000;      -1,96802; 97,94783;49,00000;20,00000;0,75387
104,43500; 4,86667;      -1,97233; 97,91907;50,00000;20,00000;0,75392
104,65700; 4,87333;      -1,97727; 97,89236;50,00000;20,00000;0,75398
104,88000; 4,88000;      -1,98199; 97,86354;50,00000;20,00000;0,75403
105,10500; 4,88667;      -1,98687; 97,83471;50,00000;20,00000;0,75408
105,32900; 4,89333;      -1,99191; 97,80536;50,00000;20,00000;0,75414
105,54500; 4,90000;      -1,99721; 97,77497;50,00000;20,00000;0,75419
105,75900; 4,90667;      -2,00252; 97,74615;50,00000;20,00000;0,75424
105,98500; 4,91333;      -2,00819; 97,71471;50,00000;20,00000;0,75429
106,21100; 4,92000;      -2,01423; 97,68326;50,00000;20,00000;0,75434
106,42900; 4,92667;      -2,02006; 97,65189;49,00000;20,00000;0,75440
106,64400; 4,93333;      -2,02611; 97,62210;49,00000;20,00000;0,75445
106,87000; 4,94000;      -2,03220; 97,58917;51,00000;20,00000;0,75450
107,08600; 4,94667;      -2,03829; 97,55939;51,00000;20,00000;0,75455
107,30700; 4,95333;      -2,04497; 97,52646;52,00000;20,00000;0,75460
107,52500; 4,96000;      -2,05180; 97,49666;51,00000;20,00000;0,75465
107,73700; 4,96667;      -2,05895; 97,46377;49,00000;20,00000;0,75470
107,96500; 4,97333;      -2,06620; 97,43402;49,00000;20,00000;0,75476
108,18400; 4,98000;      -2,07356; 97,40112;49,00000;20,00000;0,75481
108,40500; 4,98667;      -2,08091; 97,36666;49,00000;20,00000;0,75486
108,62000; 4,99333;      -2,08859; 97,33326;50,00000;20,00000;0,75491
108,84100; 5,00000;      -2,09636; 97,29882;50,00000;20,00000;0,75496
109,05400; 5,00667;      -2,10430; 97,26543;50,00000;20,00000;0,75501
109,27300; 5,01333;      -2,11218; 97,23099;50,00000;20,00000;0,75506
109,50000; 5,02000;      -2,12075; 97,19292;50,00000;20,00000;0,75511
109,72000; 5,02667;      -2,12894; 97,15800;50,00000;20,00000;0,75516
109,93000; 5,03333;      -2,13757; 97,12467;50,00000;20,00000;0,75521
110,14700; 5,04000;      -2,14629; 97,09029;50,00000;20,00000;0,75526
110,36300; 5,04667;      -2,15507; 97,05224;49,00000;20,00000;0,75531
110,57100; 5,05333;      -2,16400; 97,01469;49,00000;20,00000;0,75536
110,81300; 5,06000;      -2,17329; 96,97557;49,00000;20,00000;0,75541
111,02400; 5,06667;      -2,18270; 96,93904;50,00000;20,00000;0,75546
111,24000; 5,07333;      -2,19205; 96,90093;50,00000;20,00000;0,75551
111,44900; 5,08000;      -2,20156; 96,86341;50,00000;20,00000;0,75556
111,67400; 5,08667;      -2,21154; 96,82433;49,00000;20,00000;0,75561
111,90800; 5,09333;      -2,22220; 96,78472;49,00000;20,00000;0,75566
112,11400; 5,10000;      -2,23245; 96,74408;49,00000;20,00000;0,75571
112,32700; 5,10667;      -2,24238; 96,70447;49,00000;20,00000;0,75576
112,54700; 5,11333;      -2,25315; 96,66330;51,00000;20,00000;0,75581
112,76300; 5,12000;      -2,26391; 96,62321;51,00000;20,00000;0,75586
112,98100; 5,12667;      -2,27489; 96,57996;51,00000;20,00000;0,75591
113,19600; 5,13333;      -2,28603; 96,53980;51,00000;20,00000;0,75595
113,42000; 5,14000;      -2,29731; 96,49652;49,00000;20,00000;0,75600
113,64900; 5,14667;      -2,30881; 96,45638;49,00000;20,00000;0,75606
113,85900; 5,15333;      -2,32042; 96,40843;50,00000;20,00000;0,75610
114,06700; 5,16000;      -2,33208; 96,36781;50,00000;20,00000;0,75615
114,29500; 5,16667;      -2,34383; 96,32461;50,00000;20,00000;0,75620
114,51300; 5,17333;      -2,35575; 96,27933;50,00000;20,00000;0,75625
114,72500; 5,18000;      -2,36867; 96,23143;50,00000;20,00000;0,75630
114,93500; 5,18667;      -2,38149; 96,18822;49,00000;20,00000;0,75634
115,15400; 5,19333;      -2,39435; 96,14237;49,00000;20,00000;0,75639
115,37000; 5,20000;      -2,40716; 96,09441;50,00000;20,00000;0,75644
115,60000; 5,20667;      -2,42006; 96,04541;50,00000;20,00000;0,75649
115,82000; 5,21333;      -2,43355; 95,99851;50,00000;20,00000;0,75654
116,02400; 5,22000;      -2,44715; 95,94693;50,00000;20,00000;0,75658
116,25000; 5,22667;      -2,46074; 95,89641;49,00000;20,00000;0,75663
116,46100; 5,23333;      -2,47481; 95,83337;49,00000;20,00000;0,75668
116,68700; 5,24000;      -2,48897; 95,78340;51,00000;20,00000;0,75673
116,89100; 5,24667;      -2,50336; 95,73186;51,00000;20,00000;0,75677
117,11600; 5,25333;      -2,51783; 95,67927;52,00000;20,00000;0,75682
117,32300; 5,26000;      -2,53211; 95,62769;51,00000;20,00000;0,75687
117,54300; 5,26667;      -2,54685; 95,57506;49,00000;20,00000;0,75692
117,76500; 5,27333;      -2,56164; 95,52405;50,00000;20,00000;0,75697
117,98300; 5,28000;      -2,57674; 95,46574;50,00000;20,00000;0,75701
118,19600; 5,28667;      -2,59201; 95,41682;50,00000;20,00000;0,75706
118,41100; 5,29333;      -2,60733; 95,36217;50,00000;20,00000;0,75711
118,63200; 5,30000;      -2,62285; 95,30908;50,00000;20,00000;0,75715
118,83900; 5,30667;      -2,63869; 95,25128;49,00000;20,00000;0,75720
119,05200; 5,31333;      -2,65495; 95,19457;49,00000;20,00000;0,75724
119,27200; 5,32000;      -2,67094; 95,13678;49,00000;20,00000;0,75729
119,48500; 5,32667;      -2,68736; 95,08001;50,00000;20,00000;0,75734
119,70700; 5,33333;      -2,70397; 95,01801;50,00000;20,00000;0,75739
119,93200; 5,34000;      -2,72079; 94,96020;50,00000;20,00000;0,75743
120,13400; 5,34667;      -2,73774; 94,89822;50,00000;20,00000;0,75748
120,35200; 5,35333;      -2,75488; 94,83625;50,00000;20,00000;0,75752
120,57300; 5,36000;      -2,77180; 94,77326;49,00000;20,00000;0,75757
120,78900; 5,36667;      -2,78889; 94,71393;49,00000;20,00000;0,75762
120,99700; 5,37333;      -2,80671; 94,64834;51,00000;20,00000;0,75766
121,21600; 5,38000;      -2,82506; 94,58901;51,00000;20,00000;0,75771
121,42700; 5,38667;      -2,84309; 94,52340;51,00000;20,00000;0,75775
121,63800; 5,39333;      -2,86096; 94,46142;51,00000;20,00000;0,75780
121,85800; 5,40000;      -2,87887; 94,39420;49,00000;20,00000;0,75784
122,08000; 5,40667;      -2,89715; 94,33012;49,00000;20,00000;0,75789
122,30300; 5,41333;      -2,91574; 94,26188;50,00000;20,00000;0,75794
122,50900; 5,42000;      -2,93445; 94,19471;50,00000;20,00000;0,75798
122,72200; 5,42667;      -2,95389; 94,12389;50,00000;20,00000;0,75803
122,93700; 5,43333;      -2,97353; 94,05620;52,00000;20,00000;0,75807
123,15400; 5,44000;      -2,99317; 93,98694;49,00000;20,00000;0,75812
123,36400; 5,44667;      -3,01297; 93,91871;49,00000;20,00000;0,75816
123,58700; 5,45333;      -3,03339; 93,84627;50,00000;20,00000;0,75821
123,79500; 5,46000;      -3,05414; 93,77381;50,00000;20,00000;0,75825
124,01800; 5,46667;      -3,07618; 93,70036;50,00000;20,00000;0,75830
124,23400; 5,47333;      -3,09849; 93,63213;50,00000;20,00000;0,75834
124,44600; 5,48000;      -3,12133; 93,55554;49,00000;20,00000;0,75839
124,67300; 5,48667;      -3,14415; 93,48210;49,00000;20,00000;0,75843
124,88000; 5,49333;      -3,16725; 93,40708;51,00000;20,00000;0,75847
125,08800; 5,50000;      -3,19066; 93,33103;51,00000;20,00000;0,75852
125,30600; 5,50667;      -3,21459; 93,25607;51,00000;20,00000;0,75856
125,51900; 5,51333;      -3,23809; 93,18005;52,00000;20,00000;0,75861
125,73300; 5,52000;      -3,26107; 93,10243;52,00000;20,00000;0,75865
125,95200; 5,52667;      -3,28347; 93,02742;49,00000;20,00000;0,75870
126,16700; 5,53333;      -3,30623; 92,94511;49,00000;20,00000;0,75874
126,38100; 5,54000;      -3,32920; 92,86752;50,00000;20,00000;0,75878
126,59800; 5,54667;      -3,35233; 92,78471;50,00000;20,00000;0,75883
126,80100; 5,55333;      -3,37583; 92,70086;51,00000;20,00000;0,75887
127,01600; 5,56000;      -3,39911; 92,61543;50,00000;20,00000;0,75891
127,23500; 5,56667;      -3,42249; 92,52894;51,00000;20,00000;0,75896
127,44800; 5,57333;      -3,44634; 92,43931;49,00000;20,00000;0,75900
127,66600; 5,58000;      -3,47092; 92,35177;49,00000;20,00000;0,75904
127,87800; 5,58667;      -3,49545; 91,62383;50,00000;20,00000;0,75909
128,09399; 5,59333;      -3,52066; 91,35348;50,00000;20,00000;0,75913
128,29900; 5,60000;      -3,54709; 91,25551;50,00000;20,00000;0,75917
128,52400; 5,60667;      -3,57422; 91,15545;50,00000;20,00000;0,75922
128,73700; 5,61333;      -3,60300; 91,05225;49,00000;20,00000;0,75926
128,94299; 5,62000;      -3,63125; 90,94180;49,00000;20,00000;0,75930
129,16000; 5,62667;      -3,65796; 90,84126;49,00000;20,00000;0,75934
129,35800; 5,63333;      -3,68359; 90,74692;51,00000;20,00000;0,75938
129,58099; 5,64000;      -3,70888; 90,64943;51,00000;20,00000;0,75943
129,80099; 5,64667;      -3,73386; 90,53674;51,00000;20,00000;0,75947
130,03000; 5,65333;      -3,75824; 90,43294;52,00000;20,00000;0,75952
130,23100; 5,66000;      -3,78297; 90,31667;49,00000;20,00000;0,75956
130,44400; 5,66667;      -3,80710; 90,23960;51,00000;20,00000;0,75960
130,66600; 5,67333;      -3,83180; 90,14425;51,00000;20,00000;0,75964
130,87500; 5,68000;      -3,85719; 90,03793;51,00000;20,00000;0,75968
131,09000; 5,68667;      -3,88300; 89,92482;52,00000;20,00000;0,75973
131,29900; 5,69333;      -3,90802; 89,80335;52,00000;20,00000;0,75977
131,50900; 5,70000;      -3,93288; 89,70643;50,00000;20,00000;0,75981
131,73000; 5,70667;      -3,95767; 89,58651;50,00000;20,00000;0,75985
131,94200; 5,71333;      -3,98253; 89,46503;50,00000;20,00000;0,75989
132,15700; 5,72000;      -4,00716; 89,35713;50,00000;20,00000;0,75993
132,36900; 5,72667;      -4,03185; 89,25446;50,00000;20,00000;0,75998
132,58299; 5,73333;      -4,05675; 89,14446;50,00000;20,00000;0,76002
132,78600; 5,74000;      -4,08150; 89,03394;49,00000;20,00000;0,76006
133,01500; 5,74667;      -4,10627; 88,92447;49,00000;20,00000;0,76010
133,22701; 5,75333;      -4,13111; 88,80141;49,00000;20,00000;0,76014
133,43600; 5,76000;      -4,15600; 88,69456;49,00000;20,00000;0,76018
133,64999; 5,76667;      -4,18120; 88,55586;50,00000;20,00000;0,76022
133,86700; 5,77333;      -4,20723; 88,43439;50,00000;20,00000;0,76027
134,07001; 5,78000;      -4,23401; 88,31554;50,00000;20,00000;0,76030
134,28300; 5,78667;      -4,26136; 88,19302;50,00000;20,00000;0,76035
134,51199; 5,79333;      -4,28920; 88,08774;49,00000;20,00000;0,76039
134,70599; 5,80000;      -4,31866; 87,96570;49,00000;20,00000;0,76043
134,92500; 5,80667;      -4,34798; 87,84941;51,00000;20,00000;0,76047
135,14799; 5,81333;      -4,37739; 87,72326;51,00000;20,00000;0,76051
135,35201; 5,82000;      -4,40741; 87,59033;52,00000;20,00000;0,76055
135,56900; 5,82667;      -4,43719; 87,46939;52,00000;20,00000;0,76059
135,77800; 5,83333;      -4,46688; 87,34583;49,00000;20,00000;0,76063
135,98900; 5,84000;      -4,49682; 87,21337;49,00000;20,00000;0,76067
136,20000; 5,84667;      -4,52703; 87,08142;50,00000;20,00000;0,76071
136,41299; 5,85333;      -4,55796; 86,95786;50,00000;20,00000;0,76075
136,63400; 5,86000;      -4,58888; 86,83273;50,00000;20,00000;0,76079
136,84599; 5,86667;      -4,61954; 86,68878;50,00000;20,00000;0,76083
137,06300; 5,87333;      -4,65004; 86,56416;49,00000;20,00000;0,76087
137,26700; 5,88000;      -4,68039; 86,44372;49,00000;20,00000;0,76091
137,48000; 5,88667;      -4,71094; 86,30447;49,00000;20,00000;0,76095
137,69000; 5,89333;      -4,74144; 86,16887;49,00000;20,00000;0,76099
137,91299; 5,90000;      -4,77177; 86,03586;50,00000;20,00000;0,76103
138,12300; 5,90667;      -4,80200; 85,89867;50,00000;20,00000;0,76107
138,33501; 5,91333;      -4,83176; 85,76253;50,00000;20,00000;0,76111
138,56100; 5,92000;      -4,86097; 85,62798;50,00000;20,00000;0,76115
138,76300; 5,92667;      -4,89015; 85,48717;49,00000;20,00000;0,76119
138,97800; 5,93333;      -4,92409; 85,34167;49,00000;20,00000;0,76123
139,18401; 5,94000;      -4,95897; 85,18937;51,00000;20,00000;0,76126
139,39799; 5,94667;      -4,98677; 85,04177;50,00000;20,00000;0,76130
139,61600; 5,95333;      -5,01368; 84,89417;51,00000;20,00000;0,76134
139,82899; 5,96000;      -5,04059; 84,75963;51,00000;20,00000;0,76138
140,03999; 5,96667;      -5,08576; 84,62667;51,00000;20,00000;0,76142
140,24600; 5,97333;      -5,13733; 84,46604;49,00000;20,00000;0,76146
140,46400; 5,98000;      -5,17061; 84,29445;50,00000;20,00000;0,76150
140,67101; 5,98667;      -5,19605; 84,13174;50,00000;20,00000;0,76153
140,88200; 5,99333;      -5,22258; 83,97422;50,00000;20,00000;0,76157
141,09000; 6,00000;      -5,25105; 83,81722;50,00000;20,00000;0,76161
141,30499; 6,00667;      -5,28150; 83,67227;50,00000;20,00000;0,76165
141,51199; 6,01333;      -5,31352; 83,52470;52,00000;20,00000;0,76169
141,72900; 6,02000;      -5,37064; 83,37919;52,00000;20,00000;0,76173
141,94099; 6,02667;      -5,42824; 83,19294;49,00000;20,00000;0,76176
142,15199; 6,03333;      -5,45334; 82,99935;50,00000;20,00000;0,76180
142,36501; 6,04000;      -5,47509; 82,86426;50,00000;20,00000;0,76184
142,57700; 6,04667;      -5,50056; 82,70991;50,00000;20,00000;0,76188
142,78300; 6,05333;      -5,52655; 82,54875;50,00000;20,00000;0,76191
142,99200; 6,06000;      -5,55562; 82,38599;49,00000;20,00000;0,76195
143,21001; 6,06667;      -5,58222; 82,23419;49,00000;20,00000;0,76199
143,42799; 6,07333;      -5,60945; 82,08449;49,00000;20,00000;0,76203
143,63901; 6,08000;      -5,70791; 81,95517;50,00000;20,00000;0,76207
143,84599; 6,08667;      -5,90196; 81,77729;50,00000;20,00000;0,76210
144,05701; 6,09333;      -6,05514; 81,37429;51,00000;20,00000;0,76214
144,26601; 6,10000;      -6,14589; 81,00578;51,00000;20,00000;0,76218
144,47800; 6,10667;      -6,20226; 80,74018;49,00000;20,00000;0,76221
144,68800; 6,11333;      -6,24301; 80,50801;49,00000;20,00000;0,76225
144,89301; 6,12000;      -6,27644; 80,32703;50,00000;20,00000;0,76229
145,09900; 6,12667;      -6,31012; 80,13089;49,00000;20,00000;0,76232
145,31799; 6,13333;      -6,34666; 79,93110;49,00000;20,00000;0,76236
145,51801; 6,14000;      -6,38464; 79,73077;51,00000;20,00000;0,76239
145,73399; 6,14667;      -6,42358; 79,52884;51,00000;20,00000;0,76243
145,94099; 6,15333;      -6,47042; 79,35041;51,00000;20,00000;0,76247
146,15700; 6,16000;      -6,52180; 79,13287;49,00000;20,00000;0,76250
146,36501; 6,16667;      -6,55604; 78,92473;49,00000;20,00000;0,76254
146,57201; 6,17333;      -6,58657; 78,71969;49,00000;20,00000;0,76258
146,78101; 6,18000;      -6,61604; 78,51780;50,00000;20,00000;0,76261
146,99001; 6,18667;      -6,64186; 78,32581;50,00000;20,00000;0,76265
147,20399; 6,19333;      -6,69254; 78,14897;50,00000;20,00000;0,76268
147,41901; 6,20000;      -6,77452; 77,93510;49,00000;20,00000;0,76272
147,61099; 6,20667;      -6,82585; 77,66951;49,00000;20,00000;0,76275
147,82001; 6,21333;      -6,85881; 77,44776;51,00000;20,00000;0,76279
148,03999; 6,22000;      -6,88606; 77,23646;51,00000;20,00000;0,76283
148,25000; 6,22667;      -6,94096; 77,04449;51,00000;20,00000;0,76286
148,45900; 6,23333;      -7,03247; 76,83580;51,00000;20,00000;0,76290
148,65401; 6,24000;      -7,10948; 76,56026;49,00000;20,00000;0,76293
148,88400; 6,24667;      -7,17703; 76,29362;49,00000;20,00000;0,76297
149,08400; 6,25333;      -7,24806; 76,04056;51,00000;20,00000;0,76300
149,28300; 6,26000;      -7,33173; 75,77704;51,00000;20,00000;0,76303
149,48900; 6,26667;      -7,40279; 75,52136;52,00000;20,00000;0,76307
149,70599; 6,27333;      -7,44265; 75,25314;52,00000;20,00000;0,76310
149,91701; 6,28000;      -7,46743; 75,03558;49,00000;20,00000;0,76314
150,12399; 6,28667;      -7,49686; 74,82115;49,00000;20,00000;0,76317
150,32300; 6,29333;      -7,55669; 74,58687;50,00000;20,00000;0,76321
150,53999; 6,30000;      -7,61314; 74,34215;50,00000;20,00000;0,76324
150,74400; 6,30667;      -7,66575; 74,08960;50,00000;20,00000;0,76328
150,95599; 6,31333;      -7,72252; 73,82502;50,00000;20,00000;0,76331
151,16100; 6,32000;      -7,78055; 73,55679;49,00000;20,00000;0,76335
151,36501; 6,32667;      -7,84212; 73,27288;49,00000;20,00000;0,76338
151,58200; 6,33333;      -7,88013; 73,03077;51,00000;20,00000;0,76341
151,78999; 6,34000;      -7,90713; 72,79701;51,00000;20,00000;0,76345
151,99001; 6,34667;      -7,92898; 72,55750;52,00000;20,00000;0,76348
152,19901; 6,35333;      -7,95180; 72,31852;50,00000;20,00000;0,76351
152,40900; 6,36000;      -7,98323; 72,07066;49,00000;20,00000;0,76355
152,62300; 6,36667;      -8,02483; 71,83220;49,00000;20,00000;0,76358
152,82100; 6,37333;      -8,06635; 71,59583;51,00000;20,00000;0,76362
153,03700; 6,38000;      -8,08894; 71,35163;51,00000;20,00000;0,76365
153,23801; 6,38667;      -8,11485; 71,12519;51,00000;20,00000;0,76368
153,44200; 6,39333;      -8,14649; 70,88570;52,00000;20,00000;0,76372
153,66299; 6,40000;      -8,18421; 70,65613;49,00000;20,00000;0,76375
153,85400; 6,40667;      -8,23136; 70,41505;49,00000;20,00000;0,76378
154,06500; 6,41333;      -8,26496; 70,13584;49,00000;20,00000;0,76381
154,27499; 6,42000;      -8,29413; 69,90572;50,00000;20,00000;0,76385
154,48900; 6,42667;      -8,32794; 69,66150;50,00000;20,00000;0,76388
154,69400; 6,43333;      -8,35810; 69,41988;50,00000;20,00000;0,76391
154,89200; 6,44000;      -8,38478; 69,16729;50,00000;20,00000;0,76395
155,11000; 6,44667;      -8,41492; 68,91052;49,00000;20,00000;0,76398
155,31799; 6,45333;      -8,45978; 68,68614;49,00000;20,00000;0,76401
155,52400; 6,46000;      -8,52379; 68,41737;51,00000;20,00000;0,76405
155,73700; 6,46667;      -8,64375; 68,13711;51,00000;20,00000;0,76408
155,94400; 6,47333;      -8,76579; 67,82708;50,00000;20,00000;0,76411
156,13300; 6,48000;      -8,85985; 67,47210;49,00000;20,00000;0,76414
156,34500; 6,48667;      -8,91558; 67,15160;49,00000;20,00000;0,76417
156,56799; 6,49333;      -8,92800; 66,82639;49,00000;20,00000;0,76421
156,78101; 6,50000;      -8,92459; 66,54873;49,00000;20,00000;0,76424
156,97400; 6,50667;      -8,93718; 66,31130;50,00000;20,00000;0,76427
157,18800; 6,51333;      -9,04321; 66,06552;50,00000;20,00000;0,76430
157,39101; 6,52000;      -9,16339; 65,73407;50,00000;20,00000;0,76434
157,58200; 6,52667;      -9,25178; 65,34933;50,00000;20,00000;0,76437
157,80701; 6,53333;      -9,31731; 64,98548;50,00000;20,00000;0,76440
158,02100; 6,54000;      -9,38380; 64,65662;50,00000;20,00000;0,76443
158,21600; 6,54667;      -9,43744; 64,29487;50,00000;20,00000;0,76446
158,43401; 6,55333;      -9,47379; 63,95297;50,00000;20,00000;0,76450
158,62700; 6,56000;      -9,50548; 63,65129;50,00000;20,00000;0,76452
158,83000; 6,56667;      -9,51031; 63,30624;49,00000;20,00000;0,76456
159,04401; 6,57333;      -9,48468; 62,98156;49,00000;20,00000;0,76459
159,26401; 6,58000;      -9,45597; 62,71223;50,00000;20,00000;0,76462
159,45100; 6,58667;      -9,43571; 62,45178;49,00000;20,00000;0,76465
159,67101; 6,59333;      -9,41685; 62,18506;50,00000;20,00000;0,76468
159,87700; 6,60000;      -9,40448; 61,90789;50,00000;20,00000;0,76471
160,09200; 6,60667;      -9,40993; 61,65475;50,00000;20,00000;0,76475
160,28200; 6,61333;      -9,51229; 61,40735;50,00000;20,00000;0,76477
160,50500; 6,62000;      -9,62500; 61,06749;49,00000;20,00000;0,76481
160,71201; 6,62667;      -9,70303; 60,68062;49,00000;20,00000;0,76484
160,91400; 6,63333;      -9,75361; 60,31516;51,00000;20,00000;0,76487
161,12801; 6,64000;      -9,77733; 59,93926;51,00000;20,00000;0,76490
161,33400; 6,64667;      -9,77683; 59,60723;52,00000;20,00000;0,76493
161,54201; 6,65333;      -9,76035; 59,31386;52,00000;20,00000;0,76496
161,74899; 6,66000;      -9,73625; 59,02937;49,00000;20,00000;0,76499
161,95500; 6,66667;      -9,71691; 58,76003;49,00000;20,00000;0,76502
162,17000; 6,67333;      -9,69182; 58,48390;50,00000;20,00000;0,76505
162,37500; 6,68000;      -9,66456; 58,23283;50,00000;20,00000;0,76508
162,57899; 6,68667;      -9,63314; 57,98541;50,00000;20,00000;0,76511
162,77901; 6,69333;      -9,58600; 57,72649;50,00000;20,00000;0,76514
163,00600; 6,70000;      -9,53507; 57,50412;50,00000;20,00000;0,76517
163,20799; 6,70667;      -9,49606; 57,28905;49,00000;20,00000;0,76520
163,41800; 6,71333;      -9,46413; 57,07554;50,00000;20,00000;0,76523
163,62801; 6,72000;      -9,42350; 56,85942;49,00000;20,00000;0,76526
163,84399; 6,72667;      -9,38156; 56,64123;50,00000;20,00000;0,76529
164,05800; 6,73333;      -9,33890; 56,42096;50,00000;20,00000;0,76533
164,25500; 6,74000;      -9,29831; 56,22157;49,00000;20,00000;0,76535
164,46300; 6,74667;      -9,26087; 56,00912;49,00000;20,00000;0,76538
164,67300; 6,75333;      -9,22766; 55,80449;49,00000;20,00000;0,76541
164,88300; 6,76000;      -9,19590; 55,58052;49,00000;20,00000;0,76544
165,10400; 6,76667;      -9,15986; 55,37378;51,00000;20,00000;0,76547
165,31200; 6,77333;      -9,11719; 55,17331;51,00000;20,00000;0,76550
165,52499; 6,78000;      -9,07284; 54,97075;51,00000;20,00000;0,76553
165,73300; 6,78667;      -9,03574; 54,78962;51,00000;20,00000;0,76556
165,93600; 6,79333;      -9,01011; 54,56357;49,00000;20,00000;0,76559
166,16100; 6,80000;      -8,99137; 54,34744;49,00000;20,00000;0,76562
166,35899; 6,80667;      -8,96304; 54,11144;49,00000;20,00000;0,76565
166,57300; 6,81333;      -8,91512; 53,90208;50,00000;20,00000;0,76568
166,78600; 6,82000;      -8,85658; 53,71047;52,00000;20,00000;0,76571
167,00000; 6,82667;      -8,79696; 53,53871;52,00000;20,00000;0,76574
167,21100; 6,83333;      -8,74334; 53,37216;49,00000;20,00000;0,76577
167,42700; 6,84000;      -8,69158; 53,19726;49,00000;20,00000;0,76580
167,63499; 6,84667;      -8,65395; 53,01607;49,00000;20,00000;0,76583
167,84700; 6,85333;      -8,63712; 52,83384;50,00000;20,00000;0,76586
168,06000; 6,86000;      -8,61072; 52,64167;50,00000;20,00000;0,76588
168,27800; 6,86667;      -8,58198; 52,45733;50,00000;20,00000;0,76591
168,49400; 6,87333;      -8,55132; 52,21762;50,00000;20,00000;0,76594
168,70500; 6,88000;      -8,52020; 52,06670;50,00000;20,00000;0,76597
168,92101; 6,88667;      -8,49958; 51,84318;49,00000;20,00000;0,76600
169,13699; 6,89333;      -8,47002; 51,65204;51,00000;20,00000;0,76603
169,34399; 6,90000;      -8,42118; 51,43739;51,00000;20,00000;0,76606
169,56100; 6,90667;      -8,36603; 51,26922;52,00000;20,00000;0,76609
169,78400; 6,91333;      -8,31342; 51,12299;52,00000;20,00000;0,76612
170,00000; 6,92000;      -8,26582; 50,95639;52,00000;20,00000;0,76615
170,21300; 6,92667;      -8,21907; 50,78457;49,00000;20,00000;0,76617
170,42101; 6,93333;      -8,17415; 50,62893;50,00000;20,00000;0,76620
170,63699; 6,94000;      -8,13598; 50,47799;51,00000;20,00000;0,76623
170,85300; 6,94667;      -8,09661; 50,28890;51,00000;20,00000;0,76626
171,08000; 6,95333;      -8,05922; 50,13793;51,00000;20,00000;0,76629
171,29700; 6,96000;      -8,02371; 49,96032;51,00000;20,00000;0,76632
171,50999; 6,96667;      -7,99144; 49,77906;51,00000;20,00000;0,76635
171,72099; 6,97333;      -7,96203; 49,61086;49,00000;20,00000;0,76637
171,94701; 6,98000;      -7,94446; 49,43797;49,00000;20,00000;0,76640
172,16800; 6,98667;      -7,93231; 49,23375;50,00000;20,00000;0,76643
172,37801; 6,99333;      -7,92449; 49,04049;50,00000;20,00000;0,76646
172,59100; 7,00000;      -7,94344; 48,83261;49,00000;20,00000;0,76649
172,80000; 7,00667;      -7,98933; 48,59547;50,00000;20,00000;0,76651
173,02901; 7,01333;      -8,06384; 48,31287;49,00000;20,00000;0,76654
173,24500; 7,02000;      -8,19663; 47,99946;49,00000;20,00000;0,76657
173,46600; 7,02667;      -8,41390; 47,64165;51,00000;20,00000;0,76660
173,67999; 7,03333;      -8,70185; 47,14594;51,00000;20,00000;0,76663
173,89301; 7,04000;      -9,01635; 46,48780;51,00000;20,00000;0,76665
174,11000; 7,04667;      -9,32069; 45,70116;51,00000;20,00000;0,76668
174,33099; 7,05333;      -9,57214; 44,84140;49,00000;20,00000;0,76671
174,53900; 7,06000;      -9,76480; 43,98218;49,00000;20,00000;0,76673
174,75400; 7,06667;      -9,95214; 43,21176;49,00000;20,00000;0,76676
174,97200; 7,07333;     -10,22751; 42,50039;51,00000;20,00000;0,76679
175,18401; 7,08000;     -10,55894; 41,72843;51,00000;20,00000;0,76681
175,39101; 7,08667;     -10,88308; 40,83530;51,00000;20,00000;0,76684
175,60699; 7,09333;     -11,21000; 39,80690;49,00000;20,00000;0,76687
175,82001; 7,10000;     -11,49163; 38,61763;49,00000;20,00000;0,76689
176,03400; 7,10667;     -11,68803; 37,49106;50,00000;20,00000;0,76692
176,22400; 7,11333;     -11,80204; 36,52276;50,00000;20,00000;0,76694
176,43600; 7,12000;     -11,84991; 35,69393;50,00000;20,00000;0,76697
176,65100; 7,12667;     -11,84551; 34,98993;50,00000;20,00000;0,76700
176,85800; 7,13333;     -11,80069; 34,39771;50,00000;20,00000;0,76702
177,07401; 7,14000;     -11,72407; 33,86504;49,00000;20,00000;0,76705
177,27600; 7,14667;     -11,62316; 33,41437;49,00000;20,00000;0,76707
177,49200; 7,15333;     -11,50385; 33,00810;50,00000;20,00000;0,76710
177,69800; 7,16000;     -11,37282; 32,64361;50,00000;20,00000;0,76712
177,90800; 7,16667;     -11,23338; 32,32874;51,00000;20,00000;0,76715
178,11700; 7,17333;     -11,08911; 32,05617;49,00000;20,00000;0,76717
178,33800; 7,18000;     -10,94063; 31,78830;49,00000;20,00000;0,76720
178,54601; 7,18667;     -10,79105; 31,55699;49,00000;20,00000;0,76722
178,75200; 7,19333;     -10,64028; 31,32567;49,00000;20,00000;0,76725
178,96201; 7,20000;     -10,48998; 31,12830;49,00000;20,00000;0,76727
179,17900; 7,20667;     -10,34046; 30,93457;51,00000;20,00000;0,76730
179,39999; 7,21333;     -10,19214; 30,76955;51,00000;20,00000;0,76733
179,60400; 7,22000;     -10,04391; 30,60819;51,00000;20,00000;0,76735
179,82800; 7,22667;      -9,89602; 30,47031;51,00000;20,00000;0,76738
180,03000; 7,23333;      -9,74865; 30,34549;49,00000;20,00000;0,76740
180,25301; 7,24000;      -9,60276; 30,21596;50,00000;20,00000;0,76743
180,47900; 7,24667;      -9,45853; 30,10732;50,00000;20,00000;0,76745
180,68600; 7,25333;      -9,31632; 29,99032;50,00000;20,00000;0,76748
180,90300; 7,26000;      -9,17623; 29,89160;50,00000;20,00000;0,76750
181,12199; 7,26667;      -9,03865; 29,80489;50,00000;20,00000;0,76753
181,33701; 7,27333;      -8,90362; 29,69885;49,00000;20,00000;0,76755
181,55800; 7,28000;      -8,77155; 29,61162;50,00000;20,00000;0,76758
181,77699; 7,28667;      -8,64272; 29,51080;50,00000;20,00000;0,76760
181,98199; 7,29333;      -8,51578; 29,41623;50,00000;20,00000;0,76762
182,19901; 7,30000;      -8,39158; 29,34411;50,00000;20,00000;0,76765
182,43401; 7,30667;      -8,26940; 29,27408;50,00000;20,00000;0,76768
182,65401; 7,31333;      -8,14922; 29,19359;49,00000;20,00000;0,76770
182,87100; 7,32000;      -8,03206; 29,12982;49,00000;20,00000;0,76772
183,08099; 7,32667;      -7,91663; 29,05298;50,00000;20,00000;0,76775
183,30600; 7,33333;      -7,80259; 28,98712;50,00000;20,00000;0,76777
183,53200; 7,34000;      -7,69063; 28,92490;51,00000;20,00000;0,76780
183,75301; 7,34667;      -7,58092; 28,85274;51,00000;20,00000;0,76782
183,96800; 7,35333;      -7,47263; 28,79677;49,00000;20,00000;0,76785
184,18800; 7,36000;      -7,36621; 28,74183;49,00000;20,00000;0,76787
184,41701; 7,36667;      -7,26108; 28,66914;49,00000;20,00000;0,76790
184,65300; 7,37333;      -7,15746; 28,62308;50,00000;20,00000;0,76792
184,86099; 7,38000;      -7,05506; 28,55769;50,00000;20,00000;0,76794
185,08600; 7,38667;      -6,95427; 28,48447;50,00000;20,00000;0,76797
185,31400; 7,39333;      -6,85467; 28,44729;49,00000;20,00000;0,76799
185,53000; 7,40000;      -6,75618; 28,38399;49,00000;20,00000;0,76802
185,76300; 7,40667;      -6,65898; 28,33688;49,00000;20,00000;0,76804
185,98000; 7,41333;      -6,56336; 28,27775;49,00000;20,00000;0,76806
186,21100; 7,42000;      -6,46908; 28,23743;50,00000;20,00000;0,76809
186,42400; 7,42667;      -6,37535; 28,18404;50,00000;20,00000;0,76811
186,66299; 7,43333;      -6,28289; 28,14110;50,00000;20,00000;0,76814
186,87900; 7,44000;      -6,19145; 28,09657;50,00000;20,00000;0,76816
187,10800; 7,44667;      -6,10140; 28,04891;49,00000;20,00000;0,76818
187,32401; 7,45333;      -6,01225; 27,99287;49,00000;20,00000;0,76821
187,56599; 7,46000;      -5,92407; 27,95251;51,00000;20,00000;0,76823
187,79500; 7,46667;      -5,83715; 27,91842;51,00000;20,00000;0,76826
188,02299; 7,47333;      -5,75055; 27,87336;51,00000;20,00000;0,76828
188,24400; 7,48000;      -5,66531; 27,82466;51,00000;20,00000;0,76830
188,46001; 7,48667;      -5,58086; 27,77961;51,00000;20,00000;0,76832
188,70799; 7,49333;      -5,49779; 27,74657;49,00000;20,00000;0,76835
188,91400; 7,50000;      -5,41538; 27,70359;49,00000;20,00000;0,76837
189,15100; 7,50667;      -5,33399; 27,66636;50,00000;20,00000;0,76839
189,38600; 7,51333;      -5,25370; 27,62704;50,00000;20,00000;0,76842
189,61099; 7,52000;      -5,17419; 27,58197;52,00000;20,00000;0,76844
189,83900; 7,52667;      -5,09583; 27,55363;49,00000;20,00000;0,76846
190,06500; 7,53333;      -5,01800; 27,52320;49,00000;20,00000;0,76849
190,28999; 7,54000;      -4,94100; 27,48181;50,00000;20,00000;0,76851
190,52299; 7,54667;      -4,86504; 27,44407;50,00000;20,00000;0,76853
190,74500; 7,55333;      -4,78986; 27,41155;50,00000;20,00000;0,76855
190,97200; 7,56000;      -4,71537; 27,37067;50,00000;20,00000;0,76858
191,21100; 7,56667;      -4,64154; 27,34129;49,00000;20,00000;0,76860
191,42900; 7,57333;      -4,56888; 27,31033;49,00000;20,00000;0,76862
191,66299; 7,58000;      -4,49735; 27,27833;51,00000;20,00000;0,76864
191,88699; 7,58667;      -4,42650; 27,23484;51,00000;20,00000;0,76867
192,11900; 7,59333;      -4,35623; 27,19235;51,00000;20,00000;0,76869
192,34599; 7,60000;      -4,28668; 27,18800;51,00000;20,00000;0,76871
192,57700; 7,60667;      -4,21808; 27,16752;51,00000;20,00000;0,76873
192,81200; 7,61333;      -4,15035; 27,14598;49,00000;20,00000;0,76876
193,03200; 7,62000;      -4,08342; 27,12232;49,00000;20,00000;0,76878
193,26500; 7,62667;      -4,01674; 27,10546;49,00000;20,00000;0,76880
193,49800; 7,63333;      -3,95137; 27,08650;52,00000;20,00000;0,76882
193,73100; 7,64000;      -3,88687; 27,07329;52,00000;20,00000;0,76884
193,95799; 7,64667;      -3,82254; 27,05380;52,00000;20,00000;0,76886
194,18500; 7,65333;      -3,75936; 27,03693;49,00000;20,00000;0,76888
194,42300; 7,66000;      -3,69706; 27,01692;49,00000;20,00000;0,76891
194,65199; 7,66667;      -3,63476; 26,99586;50,00000;20,00000;0,76893
194,88200; 7,67333;      -3,57376; 26,97477;50,00000;20,00000;0,76895
195,11700; 7,68000;      -3,51349; 26,95786;50,00000;20,00000;0,76897
195,34599; 7,68667;      -3,45349; 26,93789;49,00000;20,00000;0,76899
195,58099; 7,69333;      -3,39436; 26,92106;49,00000;20,00000;0,76901
195,81400; 7,70000;      -3,33582; 26,90107;49,00000;20,00000;0,76903
196,04100; 7,70667;      -3,27779; 26,88003;50,00000;20,00000;0,76905
196,26300; 7,71333;      -3,22128; 26,85482;50,00000;20,00000;0,76907
196,50700; 7,72000;      -3,16470; 26,83275;50,00000;20,00000;0,76910
196,72600; 7,72667;      -3,10918; 26,80597;50,00000;20,00000;0,76912
196,96201; 7,73333;      -3,05402; 26,78023;50,00000;20,00000;0,76914
197,19400; 7,74000;      -2,99922; 26,75344;50,00000;20,00000;0,76916
197,42400; 7,74667;      -2,94546; 26,72769;50,00000;20,00000;0,76918
197,66299; 7,75333;      -2,89181; 26,70090;51,00000;20,00000;0,76920
197,88100; 7,76000;      -2,83905; 26,67515;50,00000;20,00000;0,76922
198,12500; 7,76667;      -2,78732; 26,64576;50,00000;20,00000;0,76924
198,35899; 7,77333;      -2,73632; 26,62263;50,00000;20,00000;0,76926
198,57899; 7,78000;      -2,68517; 26,59586;50,00000;20,00000;0,76928
198,82401; 7,78667;      -2,63490; 26,57011;50,00000;20,00000;0,76930
199,04800; 7,79333;      -2,58510; 26,54488;50,00000;20,00000;0,76932
199,26300; 7,80000;      -2,53578; 26,52283;50,00000;20,00000;0,76934
199,50500; 7,80667;      -2,48733; 26,49765;49,00000;20,00000;0,76936
199,75301; 7,81333;      -2,43909; 26,47557;51,00000;20,00000;0,76938
199,97099; 7,82000;      -2,39174; 26,45035;51,00000;20,00000;0,76940
200,20599; 7,82667;      -2,34491; 26,42827;52,00000;20,00000;0,76942
200,43600; 7,83333;      -2,29834; 26,40306;52,00000;20,00000;0,76943
200,66901; 7,84000;      -2,25250; 26,38098;49,00000;20,00000;0,76945
200,90100; 7,84667;      -2,20738; 26,35839;49,00000;20,00000;0,76947
201,14799; 7,85333;      -2,16258; 26,33372;49,00000;20,00000;0,76949
201,35899; 7,86000;      -2,11851; 26,31270;50,00000;20,00000;0,76951
201,59500; 7,86667;      -2,07469; 26,29167;51,00000;20,00000;0,76953
201,82700; 7,87333;      -2,03145; 26,26646;51,00000;20,00000;0,76955
202,05600; 7,88000;      -1,98889; 26,24444;49,00000;20,00000;0,76957
202,28400; 7,88667;      -1,94679; 26,21929;49,00000;20,00000;0,76958
202,52000; 7,89333;      -1,90506; 26,19463;50,00000;20,00000;0,76960
202,74899; 7,90000;      -1,86421; 26,17049;50,00000;20,00000;0,76962
202,97600; 7,90667;      -1,82362; 26,14636;50,00000;20,00000;0,76964
203,20900; 7,91333;      -1,78329; 26,12484;50,00000;20,00000;0,76966
203,44400; 7,92000;      -1,74364; 26,10279;49,00000;20,00000;0,76968
203,67101; 7,92667;      -1,70425; 26,08022;49,00000;20,00000;0,76969
203,89600; 7,93333;      -1,66564; 26,05974;49,00000;20,00000;0,76971
204,13499; 7,94000;      -1,62754; 26,03978;51,00000;20,00000;0,76973
204,36000; 7,94667;      -1,58982; 26,01982;51,00000;20,00000;0,76975
204,59900; 7,95333;      -1,55219; 25,99306;51,00000;20,00000;0,76976
204,83299; 7,96000;      -1,51519; 25,98042;51,00000;20,00000;0,76978
205,05800; 7,96667;      -1,47851; 25,96046;49,00000;20,00000;0,76980
205,28600; 7,97333;      -1,44275; 25,93423;49,00000;20,00000;0,76982
205,52200; 7,98000;      -1,40710; 25,91373;50,00000;20,00000;0,76983
205,75800; 7,98667;      -1,37192; 25,89165;52,00000;20,00000;0,76985
205,98399; 7,99333;      -1,33679; 25,86756;52,00000;20,00000;0,76987
206,21300; 8,00000;      -1,30213; 25,85026;52,00000;20,00000;0,76989
206,44600; 8,00667;      -1,26820; 25,83084;49,00000;20,00000;0,76990
206,68201; 8,01333;      -1,23479; 25,81246;49,00000;20,00000;0,76992
206,90100; 8,02000;      -1,20148; 25,78728;50,00000;20,00000;0,76993
207,13300; 8,02667;      -1,16884; 25,76942;50,00000;20,00000;0,76995
207,37399; 8,03333;      -1,13616; 25,74633;50,00000;20,00000;0,76997
207,60600; 8,04000;      -1,10404; 25,72794;50,00000;20,00000;0,76999
207,83600; 8,04667;      -1,07224; 25,70903;49,00000;20,00000;0,77000
208,06400; 8,05333;      -1,04080; 25,69274;49,00000;20,00000;0,77002
208,29500; 8,06000;      -1,00968; 25,67224;51,00000;20,00000;0,77003
208,53700; 8,06667;      -0,97917; 25,65593;51,00000;20,00000;0,77005
208,76801; 8,07333;      -0,94908; 25,63553;52,00000;20,00000;0,77007
208,98000; 8,08000;      -0,91946; 25,61931;52,00000;20,00000;0,77008
209,21300; 8,08667;      -0,89031; 25,59888;49,00000;20,00000;0,77010
209,44000; 8,09333;      -0,86131; 25,58264;49,00000;20,00000;0,77011
209,67700; 8,10000;      -0,83258; 25,56482;51,00000;20,00000;0,77013
209,89799; 8,10667;      -0,80358; 25,54909;51,00000;20,00000;0,77014
210,12900; 8,11333;      -0,77562; 25,53076;52,00000;20,00000;0,77016
210,36099; 8,12000;      -0,74756; 25,51243;52,00000;20,00000;0,77017
210,58600; 8,12667;      -0,72017; 25,49410;49,00000;20,00000;0,77019
210,80499; 8,13333;      -0,69284; 25,47785;49,00000;20,00000;0,77020
211,04201; 8,14000;      -0,66618; 25,46003;50,00000;20,00000;0,77022
211,27200; 8,14667;      -0,63978; 25,44430;50,00000;20,00000;0,77023
211,50400; 8,15333;      -0,61390; 25,42596;50,00000;20,00000;0,77025
211,72800; 8,16000;      -0,58796; 25,41284;50,00000;20,00000;0,77026
211,96201; 8,16667;      -0,56244; 25,39451;49,00000;20,00000;0,77028
212,18600; 8,17333;      -0,53750; 25,38137;49,00000;20,00000;0,77029
212,41400; 8,18000;      -0,51245; 25,36302;51,00000;20,00000;0,77031
212,64400; 8,18667;      -0,48750; 25,34683;51,00000;20,00000;0,77032
212,87100; 8,19333;      -0,46333; 25,32907;52,00000;20,00000;0,77033
213,09100; 8,20000;      -0,43927; 25,31285;52,00000;20,00000;0,77035
213,32700; 8,20667;      -0,41572; 25,29610;49,00000;20,00000;0,77036
213,54201; 8,21333;      -0,39238; 25,28197;49,00000;20,00000;0,77038
213,78101; 8,22000;      -0,36930; 25,26366;50,00000;20,00000;0,77039
213,99800; 8,22667;      -0,34617; 25,24743;50,00000;20,00000;0,77040
214,23500; 8,23333;      -0,32289; 25,23017;51,00000;20,00000;0,77042
214,46300; 8,24000;      -0,30131; 25,21604;51,00000;20,00000;0,77043
214,68201; 8,24667;      -0,27927; 25,19825;51,00000;20,00000;0,77044
214,90800; 8,25333;      -0,25718; 25,18200;49,00000;20,00000;0,77046
215,13600; 8,26000;      -0,23535; 25,16784;49,00000;20,00000;0,77047
215,36099; 8,26667;      -0,21424; 25,15060;50,00000;20,00000;0,77048
215,59900; 8,27333;      -0,19329; 25,13651;50,00000;20,00000;0,77050
215,82800; 8,28000;      -0,17260; 25,11977;50,00000;20,00000;0,77051
216,04300; 8,28667;      -0,15191; 25,10149;50,00000;20,00000;0,77052
216,27100; 8,29333;      -0,13163; 25,08948;49,00000;20,00000;0,77054
216,49899; 8,30000;      -0,11130; 25,07277;50,00000;20,00000;0,77055
216,71500; 8,30667;-9,205992e-002; 25,05658;50,00000;20,00000;0,77056
216,93900; 8,31333;-7,266410e-002; 25,04404;52,00000;20,00000;0,77057
217,16701; 8,32000;-5,373436e-002; 25,03360;52,00000;20,00000;0,77059
217,40100; 8,32667;-3,439149e-002; 25,02107;49,00000;20,00000;0,77060
217,61600; 8,33333;-1,535958e-002; 25,01115;49,00000;20,00000;0,77061
217,83900; 8,34000; 3,206326e-003; 25,00228;49,00000;20,00000;0,77062
218,06700; 8,34667; 2,146136e-002; 24,98975;49,00000;20,00000;0,77063
218,29201; 8,35333; 3,981925e-002; 24,97984;50,00000;20,00000;0,77065
218,50900; 8,36000; 5,786634e-002; 24,97097;50,00000;20,00000;0,77066
218,74100; 8,36667; 7,534399e-002; 24,95842;49,00000;20,00000;0,77067
218,96300; 8,37333; 9,276946e-002; 24,94221;49,00000;20,00000;0,77068
219,18300; 8,38000;       0,11019; 24,93600;49,00000;20,00000;0,77069
219,40601; 8,38667;       0,12746; 24,92143;50,00000;20,00000;0,77070
219,63200; 8,39333;       0,14406; 24,90578;50,00000;20,00000;0,77072
219,84500; 8,40000;       0,16014; 24,89274;50,00000;20,00000;0,77073
220,08299; 8,40667;       0,17663; 24,87970;50,00000;20,00000;0,77074
220,30099; 8,41333;       0,19318; 24,86406;49,00000;20,00000;0,77075
220,52100; 8,42000;       0,20936; 24,84843;49,00000;20,00000;0,77076
220,74300; 8,42667;       0,22523; 24,83541;51,00000;20,00000;0,77077
220,96700; 8,43333;       0,24099; 24,82345;51,00000;20,00000;0,77078
221,18700; 8,44000;       0,25655; 24,80680;51,00000;20,00000;0,77079
221,40199; 8,44667;       0,27211; 24,79638;50,00000;20,00000;0,77080
221,61700; 8,45333;       0,28684; 24,78073;50,00000;20,00000;0,77081
221,84200; 8,46000;       0,30157; 24,77297;49,00000;20,00000;0,77082
222,06900; 8,46667;       0,31558; 24,75737;49,00000;20,00000;0,77083
222,27800; 8,47333;       0,33021; 24,74694;49,00000;20,00000;0,77084
222,51300; 8,48000;       0,34489; 24,73545;50,00000;20,00000;0,77085
222,74001; 8,48667;       0,35915; 24,72030;50,00000;20,00000;0,77087
222,95700; 8,49333;       0,37310; 24,70940;50,00000;20,00000;0,77088
223,16901; 8,50000;       0,38701; 24,69432;50,00000;20,00000;0,77088
223,40199; 8,50667;       0,40086; 24,68339;50,00000;20,00000;0,77089
223,61400; 8,51333;       0,41424; 24,66829;50,00000;20,00000;0,77090
223,84000; 8,52000;       0,42747; 24,65476;50,00000;20,00000;0,77091
224,06200; 8,52667;       0,44044; 24,64125;50,00000;20,00000;0,77092
224,28600; 8,53333;       0,45325; 24,62773;50,00000;20,00000;0,77093
224,48900; 8,54000;       0,46638; 24,61684;50,00000;20,00000;0,77094
224,71100; 8,54667;       0,47945; 24,60646;49,00000;20,00000;0,77095
224,93401; 8,55333;       0,49190; 24,59087;49,00000;20,00000;0,77096
225,14900; 8,56000;       0,50425; 24,58308;50,00000;20,00000;0,77097
225,37199; 8,56667;       0,51665; 24,56432;50,00000;20,00000;0,77098
225,58501; 8,57333;       0,52895; 24,55659;49,00000;20,00000;0,77099
225,79800; 8,58000;       0,54099; 24,54572;49,00000;20,00000;0,77100
226,02100; 8,58667;       0,55271; 24,53377;49,00000;20,00000;0,77101
226,23801; 8,59333;       0,56392; 24,52496;49,00000;20,00000;0,77101
226,46300; 8,60000;       0,57544; 24,50830;51,00000;20,00000;0,77102
226,68401; 8,60667;       0,58717; 24,50159;51,00000;20,00000;0,77103
226,89700; 8,61333;       0,59864; 24,49226;51,00000;20,00000;0,77104
227,11400; 8,62000;       0,60969; 24,47721;51,00000;20,00000;0,77105
227,33701; 8,62667;       0,62044; 24,47052;49,00000;20,00000;0,77106
227,54201; 8,63333;       0,63113; 24,46017;49,00000;20,00000;0,77106
227,75101; 8,64000;       0,64172; 24,44877;50,00000;20,00000;0,77107
227,97900; 8,64667;       0,65241; 24,44050;50,00000;20,00000;0,77108
228,18900; 8,65333;       0,66290; 24,42804;49,00000;20,00000;0,77109
228,41000; 8,66000;       0,67338; 24,41977;49,00000;20,00000;0,77110
228,63300; 8,66667;       0,68381; 24,41097;49,00000;20,00000;0,77110
228,84801; 8,67333;       0,69414; 24,40163;49,00000;20,00000;0,77111
229,05600; 8,68000;       0,70385; 24,39229;50,00000;20,00000;0,77112
229,27200; 8,68667;       0,71341; 24,38407;50,00000;20,00000;0,77113
229,49100; 8,69333;       0,72301; 24,37585;50,00000;20,00000;0,77113
229,70599; 8,70000;       0,73272; 24,36552;50,00000;20,00000;0,77114
229,91499; 8,70667;       0,74248; 24,35518;50,00000;20,00000;0,77115
230,12199; 8,71333;       0,75214; 24,34641;49,00000;20,00000;0,77116
230,34500; 8,72000;       0,76107; 24,33711;49,00000;20,00000;0,77116
230,55701; 8,72667;       0,77026; 24,32938;51,00000;20,00000;0,77117
230,77800; 8,73333;       0,77884; 24,31694;51,00000;20,00000;0,77118
230,99500; 8,74000;       0,78787; 24,30870;51,00000;20,00000;0,77118
231,19501; 8,74667;       0,79706; 24,29836;52,00000;20,00000;0,77119
231,41600; 8,75333;       0,80605; 24,29061;49,00000;20,00000;0,77120
231,62100; 8,76000;       0,81462; 24,28181;50,00000;20,00000;0,77120
231,85001; 8,76667;       0,82329; 24,27255;50,00000;20,00000;0,77121
232,05499; 8,77333;       0,83166; 24,26224;50,00000;20,00000;0,77122
232,26300; 8,78000;       0,84002; 24,25191;50,00000;20,00000;0,77122
232,48700; 8,78667;       0,84854; 24,24158;49,00000;20,00000;0,77123
232,69099; 8,79333;       0,85649; 24,23125;49,00000;20,00000;0,77123
232,91000; 8,80000;       0,86419; 24,22092;50,00000;20,00000;0,77124
233,11900; 8,80667;       0,87224; 24,21060;50,00000;20,00000;0,77125
233,33400; 8,81333;       0,88014; 24,20029;50,00000;20,00000;0,77125
233,53900; 8,82000;       0,88799; 24,18997;50,00000;20,00000;0,77126
233,74600; 8,82667;       0,89584; 24,17965;50,00000;20,00000;0,77126
233,96300; 8,83333;       0,90353; 24,16932;49,00000;20,00000;0,77127
234,17900; 8,84000;       0,91081; 24,15900;49,00000;20,00000;0,77128
234,38499; 8,84667;       0,91809; 24,14869;51,00000;20,00000;0,77128
234,60699; 8,85333;       0,92552; 24,13943;51,00000;20,00000;0,77129
234,80800; 8,86000;       0,93264; 24,12599;52,00000;20,00000;0,77129
235,01300; 8,86667;       0,93977; 24,11723;52,00000;20,00000;0,77130
235,22000; 8,87333;       0,94684; 24,11108;49,00000;20,00000;0,77130
235,43600; 8,88000;       0,95386; 24,10237;49,00000;20,00000;0,77131
235,64200; 8,88667;       0,96093; 24,09365;50,00000;20,00000;0,77131
235,85201; 8,89333;       0,96790; 24,08333;50,00000;20,00000;0,77132
236,06599; 8,90000;       0,97436; 24,07249;50,00000;20,00000;0,77132
236,27699; 8,90667;       0,98117; 24,06636;52,00000;20,00000;0,77133
236,49300; 8,91333;       0,98793; 24,05605;51,00000;20,00000;0,77133
236,69400; 8,92000;       0,99475; 24,04679;49,00000;20,00000;0,77134
236,90199; 8,92667;       1,00151; 24,04068;49,00000;20,00000;0,77134
237,11400; 8,93333;       1,00760; 24,03038;49,00000;20,00000;0,77135
237,31500; 8,94000;       1,01364; 24,02114;50,00000;20,00000;0,77135
237,53200; 8,94667;       1,01973; 24,01499;50,00000;20,00000;0,77135
237,72301; 8,95333;       1,02634; 24,00466;50,00000;20,00000;0,77136
237,94400; 8,96000;       1,03269; 24,00223;50,00000;20,00000;0,77136
238,16100; 8,96667;       1,03893; 23,99614;49,00000;20,00000;0,77137
238,35201; 8,97333;       1,04502; 23,98479;49,00000;20,00000;0,77137
238,56799; 8,98000;       1,05075; 23,98181;51,00000;20,00000;0,77137
238,77699; 8,98667;       1,05648; 23,97570;51,00000;20,00000;0,77138
238,98100; 8,99333;       1,06211; 23,96437;52,00000;20,00000;0,77138
239,18800; 9,00000;       1,06784; 23,96141;52,00000;20,00000;0,77139
239,39400; 9,00667;       1,07388; 23,95636;52,00000;20,00000;0,77139
239,59300; 9,01333;       1,07919; 23,94869;49,00000;20,00000;0,77139
239,79700; 9,02000;       1,08482; 23,93841;51,00000;20,00000;0,77140
240,00600; 9,02667;       1,09050; 23,92917;51,00000;20,00000;0,77140
240,21600; 9,03333;       1,09571; 23,92305;50,00000;20,00000;0,77140
240,41800; 9,04000;       1,10108; 23,91276;50,00000;20,00000;0,77141
240,63499; 9,04667;       1,10634; 23,90352;50,00000;20,00000;0,77141
240,83099; 9,05333;       1,11166; 23,89742;50,00000;20,00000;0,77141
241,03400; 9,06000;       1,11698; 23,88710;49,00000;20,00000;0,77142
241,24100; 9,06667;       1,12229; 23,87678;49,00000;20,00000;0,77142
241,44400; 9,07333;       1,12741; 23,86914;50,00000;20,00000;0,77142
241,65900; 9,08000;       1,13252; 23,86045;50,00000;20,00000;0,77142
241,86501; 9,08667;       1,13757; 23,85122;49,00000;20,00000;0,77143
242,06599; 9,09333;       1,14248; 23,84095;49,00000;20,00000;0,77143
242,26401; 9,10000;       1,14728; 23,83434;49,00000;20,00000;0,77143
242,46700; 9,10667;       1,15208; 23,82147;49,00000;20,00000;0,77144
242,67200; 9,11333;       1,15703; 23,81904;49,00000;20,00000;0,77144
242,87300; 9,12000;       1,16199; 23,81033;51,00000;20,00000;0,77144
243,07800; 9,12667;       1,16679; 23,79954;51,00000;20,00000;0,77144
243,27800; 9,13333;       1,17128; 23,78560;51,00000;20,00000;0,77144
243,48599; 9,14000;       1,17562; 23,78208;49,00000;20,00000;0,77145
243,69200; 9,14667;       1,18021; 23,77543;49,00000;20,00000;0,77145
243,89600; 9,15333;       1,18470; 23,76675;51,00000;20,00000;0,77145
244,09599; 9,16000;       1,18956; 23,75703;51,00000;20,00000;0,77145
244,29700; 9,16667;       1,19446; 23,75094;51,00000;20,00000;0,77146
244,50200; 9,17333;       1,19885; 23,74119;52,00000;20,00000;0,77146
244,70200; 9,18000;       1,20308; 23,73092;52,00000;20,00000;0,77146
244,90401; 9,18667;       1,20737; 23,72535;49,00000;20,00000;0,77146
245,11301; 9,19333;       1,21160; 23,71560;49,00000;20,00000;0,77146
245,31000; 9,20000;       1,21584; 23,70533;50,00000;20,00000;0,77146
245,50600; 9,20667;       1,22012; 23,69975;50,00000;20,00000;0,77147
245,71300; 9,21333;       1,22425; 23,69051;50,00000;20,00000;0,77147
245,92000; 9,22000;       1,22812; 23,68440;50,00000;20,00000;0,77147
246,12399; 9,22667;       1,23210; 23,67516;49,00000;20,00000;0,77147
246,32201; 9,23333;       1,23623; 23,66906;49,00000;20,00000;0,77147
246,53500; 9,24000;       1,24036; 23,65983;49,00000;20,00000;0,77147
246,72600; 9,24667;       1,24434; 23,65373;49,00000;20,00000;0,77147
246,93201; 9,25333;       1,24831; 23,64396;50,00000;20,00000;0,77147
247,13600; 9,26000;       1,25229; 23,63367;50,00000;20,00000;0,77147
247,33099; 9,26667;       1,25621; 23,62815;50,00000;20,00000;0,77148
247,52200; 9,27333;       1,26009; 23,61897;50,00000;20,00000;0,77148
247,72800; 9,28000;       1,26375; 23,61290;49,00000;20,00000;0,77148
247,92999; 9,28667;       1,26732; 23,60316;49,00000;20,00000;0,77148
248,12500; 9,29333;       1,27109; 23,59290;51,00000;20,00000;0,77148
248,32500; 9,30000;       1,27480; 23,58785;51,00000;20,00000;0,77148
248,52901; 9,30667;       1,27852; 23,58123;52,00000;20,00000;0,77148
248,72800; 9,31333;       1,28198; 23,57253;52,00000;20,00000;0,77148
248,93201; 9,32000;       1,28565; 23,56278;49,00000;20,00000;0,77148
249,12900; 9,32667;       1,28932; 23,55669;49,00000;20,00000;0,77148
249,33701; 9,33333;       1,29298; 23,54692;50,00000;20,00000;0,77148
249,52299; 9,34000;       1,29655; 23,53663;50,00000;20,00000;0,77148
249,72900; 9,34667;       1,29985; 23,53110;50,00000;20,00000;0,77148
249,92900; 9,35333;       1,30337; 23,52140;50,00000;20,00000;0,77148
250,12000; 9,36000;       1,30714; 23,51115;49,00000;20,00000;0,77148
250,32100; 9,36667;       1,31055; 23,50560;50,00000;20,00000;0,77148
250,51900; 9,37333;       1,31401; 23,49640;50,00000;20,00000;0,77148
250,71899; 9,38000;       1,31742; 23,49033;50,00000;20,00000;0,77148
250,91100; 9,38667;       1,32057; 23,48061;50,00000;20,00000;0,77148
251,11301; 9,39333;       1,32383; 23,47036;50,00000;20,00000;0,77148
251,30000; 9,40000;       1,32703; 23,46481;49,00000;20,00000;0,77148
251,50200; 9,40667;       1,33018; 23,45507;49,00000;20,00000;0,77148
251,69800; 9,41333;       1,33333; 23,44479;50,00000;20,00000;0,77148
251,89999; 9,42000;       1,33664; 23,43921;50,00000;20,00000;0,77148
252,10100; 9,42667;       1,33959; 23,42945;51,00000;20,00000;0,77148
252,30200; 9,43333;       1,34248; 23,42439;51,00000;20,00000;0,77148
252,50900; 9,44000;       1,34558; 23,42143;51,00000;20,00000;0,77147
252,69901; 9,44667;       1,34873; 23,40956;49,00000;20,00000;0,77147
252,89301; 9,45333;       1,35189; 23,40396;49,00000;20,00000;0,77147
253,09599; 9,46000;       1,35499; 23,39842;50,00000;20,00000;0,77147
253,29201; 9,46667;       1,35778; 23,38871;50,00000;20,00000;0,77147
253,49400; 9,47333;       1,36052; 23,37843;50,00000;20,00000;0,77147
253,68100; 9,48000;       1,36352; 23,37339;50,00000;20,00000;0,77147
253,89600; 9,48667;       1,36636; 23,37044;51,00000;20,00000;0,77147
254,08000; 9,49333;       1,36915; 23,35862;51,00000;20,00000;0,77147
254,28799; 9,50000;       1,37221; 23,35308;49,00000;20,00000;0,77146
254,46700; 9,50667;       1,37515; 23,34753;50,00000;20,00000;0,77146
254,66000; 9,51333;       1,37810; 23,33833;50,00000;20,00000;0,77146
254,86301; 9,52000;       1,38094; 23,33226;50,00000;20,00000;0,77146
255,06000; 9,52667;       1,38374; 23,32251;50,00000;20,00000;0,77146
255,25101; 9,53333;       1,38648; 23,31745;49,00000;20,00000;0,77146
255,45200; 9,54000;       1,38927; 23,31454;49,00000;20,00000;0,77145
255,63800; 9,54667;       1,39196; 23,30275;51,00000;20,00000;0,77145
255,82800; 9,55333;       1,39470; 23,29667;51,00000;20,00000;0,77145
256,03601; 9,56000;       1,39744; 23,28691;51,00000;20,00000;0,77145
256,23001; 9,56667;       1,40018; 23,28185;51,00000;20,00000;0,77145
256,42401; 9,57333;       1,40298; 23,27894;51,00000;20,00000;0,77144
256,61200; 9,58000;       1,40541; 23,26662;49,00000;20,00000;0,77144
256,81000; 9,58667;       1,40774; 23,26158;49,00000;20,00000;0,77144
257,00299; 9,59333;       1,41038; 23,25863;50,00000;20,00000;0,77144
257,20099; 9,60000;       1,41302; 23,24680;51,00000;20,00000;0,77143
257,40100; 9,60667;       1,41560; 23,24124;52,00000;20,00000;0,77143
257,59100; 9,61333;       1,41861; 23,23568;52,00000;20,00000;0,77143
257,78299; 9,62000;       1,42135; 23,22647;52,00000;20,00000;0,77143
257,98001; 9,62667;       1,42399; 23,22039;49,00000;20,00000;0,77142
258,17499; 9,63333;       1,42627; 23,21065;50,00000;20,00000;0,77142
258,36499; 9,64000;       1,42854; 23,20559;50,00000;20,00000;0,77142
258,56500; 9,64667;       1,43098; 23,20262;50,00000;20,00000;0,77142
258,75500; 9,65333;       1,43331; 23,19083;50,00000;20,00000;0,77141
258,94800; 9,66000;       1,43579; 23,18322;50,00000;20,00000;0,77141
259,13599; 9,66667;       1,43854; 23,17140;49,00000;20,00000;0,77141
259,33301; 9,67333;       1,44082; 23,17003;51,00000;20,00000;0,77140
259,52301; 9,68000;       1,44284; 23,16343;51,00000;20,00000;0,77140
259,72501; 9,68667;       1,44537; 23,15423;52,00000;20,00000;0,77140
259,90701; 9,69333;       1,44776; 23,14659;52,00000;20,00000;0,77140
260,09799; 9,70000;       1,45009; 23,13790;49,00000;20,00000;0,77139
260,29700; 9,70667;       1,45237; 23,13182;49,00000;20,00000;0,77139
260,48599; 9,71333;       1,45475; 23,12261;49,00000;20,00000;0,77138
260,68399; 9,72000;       1,45698; 23,11757;49,00000;20,00000;0,77138
260,86801; 9,72667;       1,45905; 23,11149;51,00000;20,00000;0,77138
261,06601; 9,73333;       1,46118; 23,10227;51,00000;20,00000;0,77137
261,25800; 9,74000;       1,46356; 23,09723;49,00000;20,00000;0,77137
261,45801; 9,74667;       1,46615; 23,09114;50,00000;20,00000;0,77137
261,64600; 9,75333;       1,46853; 23,08085;50,00000;20,00000;0,77136
261,82999; 9,76000;       1,47076; 23,07839;50,00000;20,00000;0,77136
262,03000; 9,76667;       1,47289; 23,07234;50,00000;20,00000;0,77136
262,22601; 9,77333;       1,47486; 23,06108;50,00000;20,00000;0,77135
262,41800; 9,78000;       1,47662; 23,05815;49,00000;20,00000;0,77135
262,59900; 9,78667;       1,47854; 23,05208;49,00000;20,00000;0,77134
262,78500; 9,79333;       1,48072; 23,04131;49,00000;20,00000;0,77134
262,97501; 9,80000;       1,48311; 23,03628;49,00000;20,00000;0,77134
263,18100; 9,80667;       1,48544; 23,03020;51,00000;20,00000;0,77133
263,35800; 9,81333;       1,48788; 23,02097;51,00000;20,00000;0,77133
263,55701; 9,82000;       1,48995; 23,01488;51,00000;20,00000;0,77132
263,74701; 9,82667;       1,49192; 23,00461;51,00000;20,00000;0,77132
263,94000; 9,83333;       1,49395; 23,00214;49,00000;20,00000;0,77131
264,13699; 9,84000;       1,49597; 22,99602;49,00000;20,00000;0,77131
264,32300; 9,84667;       1,49810; 22,98474;51,00000;20,00000;0,77130
264,51801; 9,85333;       1,50012; 22,98182;51,00000;20,00000;0,77130
264,70200; 9,86000;       1,50199; 22,97679;52,00000;20,00000;0,77129
264,89499; 9,86667;       1,50412; 22,96914;51,00000;20,00000;0,77129
265,08499; 9,87333;       1,50620; 22,95888;49,00000;20,00000;0,77128
265,27899; 9,88000;       1,50827; 22,95646;49,00000;20,00000;0,77128
265,46500; 9,88667;       1,51040; 22,95142;50,00000;20,00000;0,77127
265,65302; 9,89333;       1,51243; 22,94377;50,00000;20,00000;0,77127
265,84399; 9,90000;       1,51430; 22,93349;50,00000;20,00000;0,77126
266,03201; 9,90667;       1,51606; 22,93105;50,00000;20,00000;0,77126
266,23499; 9,91333;       1,51814; 22,92601;50,00000;20,00000;0,77125
266,42300; 9,92000;       1,52027; 22,91834;49,00000;20,00000;0,77125
266,60800; 9,92667;       1,52224; 22,90912;49,00000;20,00000;0,77124
266,80099; 9,93333;       1,52417; 22,90408;49,00000;20,00000;0,77124
266,98999; 9,94000;       1,52604; 22,89799;49,00000;20,00000;0,77123
267,18100; 9,94667;       1,52796; 22,88874;50,00000;20,00000;0,77123
267,36899; 9,95333;       1,52988; 22,88367;50,00000;20,00000;0,77122
267,55399; 9,96000;       1,53186; 22,87865;50,00000;20,00000;0,77122
267,74600; 9,96667;       1,53378; 22,87259;49,00000;20,00000;0,77121
267,94000; 9,97333;       1,53570; 22,86336;49,00000;20,00000;0,77120
268,13101; 9,98000;       1,53783; 22,85831;51,00000;20,00000;0,77120
268,31601; 9,98667;       1,53976; 22,85379;50,00000;20,00000;0,77119
268,51199; 9,99333;       1,54096; 22,84823;52,00000;20,00000;0,77119
268,69601;10,00000;       1,54283; 22,84162;51,00000;20,00000;0,77118
268,87701;10,00667;       1,54486; 22,83814;51,00000;20,00000;0,77118
269,07300;10,01333;       1,54678; 22,83101;49,00000;20,00000;0,77117
269,26300;10,02000;       1,54860; 22,82596;49,00000;20,00000;0,77116
269,44901;10,02667;       1,55058; 22,81931;50,00000;20,00000;0,77116
269,64200;10,03333;       1,55245; 22,81424;50,00000;20,00000;0,77115
269,82999;10,04000;       1,55433; 22,80922;50,00000;20,00000;0,77114
270,01599;10,04667;       1,55625; 22,80317;50,00000;20,00000;0,77114
270,20200;10,05333;       1,55807; 22,79656;49,00000;20,00000;0,77113
270,39200;10,06000;       1,55943; 22,78629;49,00000;20,00000;0,77112
270,57700;10,06667;       1,56048; 22,78385;49,00000;20,00000;0,77112
270,76501;10,07333;       1,56266; 22,77880;49,00000;20,00000;0,77111
270,96100;10,08000;       1,56464; 22,77115;50,00000;20,00000;0,77110
271,15100;10,08667;       1,56651; 22,76089;50,00000;20,00000;0,77110
271,32599;10,09333;       1,56833; 22,75846;50,00000;20,00000;0,77109
271,51199;10,10000;       1,57000; 22,75342;50,00000;20,00000;0,77109
271,70599;10,10667;       1,57136; 22,74734;49,00000;20,00000;0,77108
271,88300;10,11333;       1,57298; 22,74072;49,00000;20,00000;0,77107
272,08200;10,12000;       1,57475; 22,73044;50,00000;20,00000;0,77106
272,26599;10,12667;       1,57652; 22,72800;50,00000;20,00000;0,77106
272,45401;10,13333;       1,57824; 22,72712;51,00000;20,00000;0,77105
272,64600;10,14000;       1,58012; 22,71942;51,00000;20,00000;0,77104
272,82901;10,14667;       1,58189; 22,71015;49,00000;20,00000;0,77104
273,01599;10,15333;       1,58361; 22,70407;49,00000;20,00000;0,77103
273,20801;10,16000;       1,58528; 22,70269;50,00000;20,00000;0,77102
273,39999;10,16667;       1,58695; 22,69920;50,00000;20,00000;0,77101
273,58701;10,17333;       1,58856; 22,69413;51,00000;20,00000;0,77101
273,77100;10,18000;       1,59029; 22,68489;51,00000;20,00000;0,77100
273,96500;10,18667;       1,59196; 22,67879;51,00000;20,00000;0,77099
274,14499;10,19333;       1,59342; 22,67740;51,00000;20,00000;0,77098
274,33401;10,20000;       1,59504; 22,67391;49,00000;20,00000;0,77098
274,52100;10,20667;       1,59707; 22,66467;49,00000;20,00000;0,77097
274,70599;10,21333;       1,59869; 22,65753;50,00000;20,00000;0,77096
274,89999;10,22000;       1,60025; 22,65715;50,00000;20,00000;0,77095
275,07901;10,22667;       1,60192; 22,65363;50,00000;20,00000;0,77094
275,26700;10,23333;       1,60349; 22,64286;50,00000;20,00000;0,77094
275,45099;10,24000;       1,60501; 22,63731;50,00000;20,00000;0,77093
275,64499;10,24667;       1,60668; 22,63382;49,00000;20,00000;0,77092
275,82001;10,25333;       1,60814; 22,62667;49,00000;20,00000;0,77091
276,01001;10,26000;       1,60976; 22,62161;51,00000;20,00000;0,77090
276,20499;10,26667;       1,61138; 22,61603;52,00000;20,00000;0,77090
276,38501;10,27333;       1,61305; 22,60626;52,00000;20,00000;0,77089
276,56799;10,28000;       1,61462; 22,60120;49,00000;20,00000;0,77088
276,76401;10,28667;       1,61619; 22,59823;49,00000;20,00000;0,77087
276,94101;10,29333;       1,61771; 22,59108;49,00000;20,00000;0,77086
277,13699;10,30000;       1,61943; 22,58079;49,00000;20,00000;0,77085
277,31699;10,30667;       1,62095; 22,57573;50,00000;20,00000;0,77085
277,49399;10,31333;       1,62247; 22,57537;50,00000;20,00000;0,77084
277,69601;10,32000;       1,62409; 22,56927;50,00000;20,00000;0,77083
277,87100;10,32667;       1,62576; 22,56055;50,00000;20,00000;0,77082
278,06500;10,33333;       1,62738; 22,55181;50,00000;20,00000;0,77081
278,24301;10,34000;       1,62869; 22,54985;50,00000;20,00000;0,77080
278,42700;10,34667;       1,63006; 22,54325;50,00000;20,00000;0,77079
278,61499;10,35333;       1,63142; 22,53509;50,00000;20,00000;0,77078
278,80499;10,36000;       1,63284; 22,52638;50,00000;20,00000;0,77077
278,98801;10,36667;       1,63446; 22,52446;50,00000;20,00000;0,77077
279,15900;10,37333;       1,63608; 22,51784;49,00000;20,00000;0,77076
279,35199;10,38000;       1,63770; 22,50964;49,00000;20,00000;0,77075
279,52802;10,38667;       1,63870; 22,50091;49,00000;20,00000;0,77074
279,73199;10,39333;       1,64033; 22,49897;49,00000;20,00000;0,77073
279,91501;10,40000;       1,64210; 22,49234;50,00000;20,00000;0,77072
280,09100;10,40667;       1,64362; 22,48413;50,00000;20,00000;0,77071
280,28299;10,41333;       1,64509; 22,47539;49,00000;20,00000;0,77070
280,46301;10,42000;       1,64651; 22,47395;49,00000;20,00000;0,77069
280,65201;10,42667;       1,64818; 22,47101;51,00000;20,00000;0,77068
280,82999;10,43333;       1,64981; 22,45867;51,00000;20,00000;0,77067
281,00900;10,44000;       1,65122; 22,45360;52,00000;20,00000;0,77066
281,20001;10,44667;       1,65269; 22,45114;52,00000;20,00000;0,77065
281,38800;10,45333;       1,65406; 22,44607;52,00000;20,00000;0,77064
281,57001;10,46000;       1,65547; 22,43891;49,00000;20,00000;0,77063
281,74799;10,46667;       1,65679; 22,43070;49,00000;20,00000;0,77062
281,94800;10,47333;       1,65810; 22,42562;50,00000;20,00000;0,77061
282,12500;10,48000;       1,65947; 22,42055;50,00000;20,00000;0,77060
282,30600;10,48667;       1,66099; 22,41287;50,00000;20,00000;0,77059
282,49600;10,49333;       1,66241; 22,40414;50,00000;20,00000;0,77058
282,67599;10,50000;       1,66377; 22,40221;49,00000;20,00000;0,77057
282,85800;10,50667;       1,66514; 22,39765;49,00000;20,00000;0,77056
283,04700;10,51333;       1,66651; 22,39310;51,00000;20,00000;0,77055
283,22800;10,52000;       1,66803; 22,38280;51,00000;20,00000;0,77054
283,41400;10,52667;       1,66940; 22,37717;50,00000;20,00000;0,77053
283,60199;10,53333;       1,67087; 22,37207;50,00000;20,00000;0,77052
283,78400;10,54000;       1,67218; 22,36703;49,00000;20,00000;0,77051
283,96399;10,54667;       1,67345; 22,36042;49,00000;20,00000;0,77050
284,14899;10,55333;       1,67471; 22,35640;51,00000;20,00000;0,77049
284,32700;10,56000;       1,67603; 22,34977;51,00000;20,00000;0,77048
284,51401;10,56667;       1,67745; 22,34470;52,00000;20,00000;0,77047
284,70001;10,57333;       1,67882; 22,33808;52,00000;20,00000;0,77046
284,88000;10,58000;       1,68034; 22,33145;49,00000;20,00000;0,77045
285,06100;10,58667;       1,68192; 22,32639;49,00000;20,00000;0,77044
285,23499;10,59333;       1,68328; 22,32132;50,00000;20,00000;0,77043
285,41800;10,60000;       1,68460; 22,31625;50,00000;20,00000;0,77042
285,60199;10,60667;       1,68587; 22,30957;50,00000;20,00000;0,77040
285,79501;10,61333;       1,68718; 22,30551;50,00000;20,00000;0,77039
285,98001;10,62000;       1,68866; 22,30046;50,00000;20,00000;0,77038
286,14999;10,62667;       1,69008; 22,29227;49,00000;20,00000;0,77037
286,34000;10,63333;       1,69114; 22,28666;49,00000;20,00000;0,77036
286,52899;10,64000;       1,69225; 22,28521;50,00000;20,00000;0,77035
286,70700;10,64667;       1,69346; 22,27906;50,00000;20,00000;0,77034
286,88599;10,65333;       1,69488; 22,27349;50,00000;20,00000;0,77033
287,07901;10,66000;       1,69631; 22,26688;49,00000;20,00000;0,77031
287,25201;10,66667;       1,69778; 22,26129;49,00000;20,00000;0,77030
287,43701;10,67333;       1,69915; 22,25987;49,00000;20,00000;0,77029
287,60999;10,68000;       1,70047; 22,25637;51,00000;20,00000;0,77028
287,79599;10,68667;       1,70174; 22,25128;51,00000;20,00000;0,77027
287,98099;10,69333;       1,70300; 22,24568;51,00000;20,00000;0,77026
288,16800;10,70000;       1,70412; 22,23850;51,00000;20,00000;0,77025
288,34500;10,70667;       1,70502; 22,23498;49,00000;20,00000;0,77023
288,53000;10,71333;       1,70624; 22,23460;50,00000;20,00000;0,77022
288,71399;10,72000;       1,70756; 22,23105;50,00000;20,00000;0,77021
288,89600;10,72667;       1,70898; 22,22176;50,00000;20,00000;0,77020
289,07599;10,73333;       1,71046; 22,21670;50,00000;20,00000;0,77019
289,25299;10,74000;       1,71178; 22,21374;50,00000;20,00000;0,77017
289,45200;10,74667;       1,71310; 22,21022;49,00000;20,00000;0,77016
289,62000;10,75333;       1,71437; 22,19939;50,00000;20,00000;0,77015
289,79999;10,76000;       1,71558; 22,19535;50,00000;20,00000;0,77014
289,98999;10,76667;       1,71680; 22,19235;50,00000;20,00000;0,77013
290,16699;10,77333;       1,71776; 22,18935;50,00000;20,00000;0,77011
290,35501;10,78000;       1,71888; 22,18269;49,00000;20,00000;0,77010
290,53201;10,78667;       1,71994; 22,17708;49,00000;20,00000;0,77009
290,72101;10,79333;       1,72110; 22,17408;49,00000;20,00000;0,77008
290,89801;10,80000;       1,72248; 22,17057;51,00000;20,00000;0,77006
291,08499;10,80667;       1,72375; 22,16601;51,00000;20,00000;0,77005
291,25699;10,81333;       1,72481; 22,15885;50,00000;20,00000;0,77004
291,43701;10,82000;       1,72629; 22,15429;50,00000;20,00000;0,77003
291,61600;10,82667;       1,72761; 22,15391;50,00000;20,00000;0,77001
291,79800;10,83333;       1,72847; 22,15141;50,00000;20,00000;0,77000
291,98599;10,84000;       1,72907; 22,14577;50,00000;20,00000;0,76999
292,16199;10,84667;       1,73049; 22,14070;50,00000;20,00000;0,76997
292,33801;10,85333;       1,73192; 22,13354;50,00000;20,00000;0,76996
292,53201;10,86000;       1,73314; 22,12896;49,00000;20,00000;0,76995
292,71600;10,86667;       1,73431; 22,12753;49,00000;20,00000;0,76994
292,89301;10,87333;       1,73563; 22,12296;50,00000;20,00000;0,76992
293,07199;10,88000;       1,73680; 22,11840;50,00000;20,00000;0,76991
293,25800;10,88667;       1,73755; 22,11175;50,00000;20,00000;0,76990
293,42700;10,89333;       1,73856; 22,10614;50,00000;20,00000;0,76988
293,60300;10,90000;       1,73958; 22,10210;50,00000;20,00000;0,76987
293,79199;10,90667;       1,74116; 22,09701;49,00000;20,00000;0,76986
293,98599;10,91333;       1,74228; 22,09137;49,00000;20,00000;0,76984
294,14999;10,92000;       1,74329; 22,08468;51,00000;20,00000;0,76983
294,32999;10,92667;       1,74436; 22,08274;51,00000;20,00000;0,76982
294,51599;10,93333;       1,74553; 22,08185;50,00000;20,00000;0,76980
294,70099;10,94000;       1,74660; 22,07781;50,00000;20,00000;0,76979
294,88101;10,94667;       1,74761; 22,07271;49,00000;20,00000;0,76978
295,05301;10,95333;       1,74867; 22,06605;49,00000;20,00000;0,76976
295,23901;10,96000;       1,74969; 22,06044;50,00000;20,00000;0,76975
295,41800;10,96667;       1,75071; 22,05745;50,00000;20,00000;0,76973
295,59601;10,97333;       1,75177; 22,05392;50,00000;20,00000;0,76972
295,77399;10,98000;       1,75284; 22,04465;49,00000;20,00000;0,76971
295,95801;10,98667;       1,75411; 22,03851;49,00000;20,00000;0,76969
296,13199;10,99333;       1,75528; 22,03707;49,00000;20,00000;0,76968
296,31699;11,00000;       1,75578; 22,03354;50,00000;20,00000;0,76967
296,50400;11,00667;       1,75680; 22,02898;50,00000;20,00000;0,76965
296,67599;11,01333;       1,75802; 22,02180;50,00000;20,00000;0,76964
296,85300;11,02000;       1,75883; 22,01723;50,00000;20,00000;0,76962
297,03201;11,02667;       1,75985; 22,01682;49,00000;20,00000;0,76961
297,20700;11,03333;       1,76086; 22,01432;49,00000;20,00000;0,76960
297,39301;11,04000;       1,76188; 22,00874;51,00000;20,00000;0,76958
297,56699;11,04667;       1,76305; 22,00524;51,00000;20,00000;0,76957
297,74899;11,05333;       1,76433; 22,00172;52,00000;20,00000;0,76955
297,92200;11,06000;       1,76534; 21,99506;52,00000;20,00000;0,76954
298,11099;11,06667;       1,76631; 21,98945;52,00000;20,00000;0,76952
298,27899;11,07333;       1,76738; 21,98645;49,00000;20,00000;0,76951
298,46201;11,08000;       1,76840; 21,98292;49,00000;20,00000;0,76949
298,63901;11,08667;       1,76915; 21,97834;50,00000;20,00000;0,76948
298,81500;11,09333;       1,76996; 21,97115;50,00000;20,00000;0,76947
299,00101;11,10000;       1,77083; 21,96656;50,00000;20,00000;0,76945
299,18600;11,10667;       1,77185; 21,96613;49,00000;20,00000;0,76943
299,36200;11,11333;       1,77276; 21,96361;49,00000;20,00000;0,76942
299,53601;11,12000;       1,77362; 21,95801;49,00000;20,00000;0,76941
299,71799;11,12667;       1,77454; 21,95451;50,00000;20,00000;0,76939
299,90100;11,13333;       1,77571; 21,94993;50,00000;20,00000;0,76937
300,07199;11,14000;       1,77673; 21,94482;50,00000;20,00000;0,76936
300,25201;11,14667;       1,77760; 21,94075;50,00000;20,00000;0,76935
300,43701;11,15333;       1,77856; 21,93721;49,00000;20,00000;0,76933
300,62100;11,16000;       1,77969; 21,93420;49,00000;20,00000;0,76931
300,79501;11,16667;       1,78081; 21,93067;49,00000;20,00000;0,76930
300,97101;11,17333;       1,78178; 21,92400;51,00000;20,00000;0,76928
301,14999;11,18000;       1,78259; 21,91734;51,00000;20,00000;0,76927
301,32599;11,18667;       1,78330; 21,91538;51,00000;20,00000;0,76925
301,50201;11,19333;       1,78416; 21,91446;49,00000;20,00000;0,76924
301,68799;11,20000;       1,78503; 21,91040;49,00000;20,00000;0,76922
301,85501;11,20667;       1,78584; 21,90530;50,00000;20,00000;0,76921
302,04199;11,21333;       1,78666; 21,90176;50,00000;20,00000;0,76919
302,21100;11,22000;       1,78747; 21,89610;51,00000;20,00000;0,76918
302,40302;11,22667;       1,78823; 21,89149;51,00000;20,00000;0,76916
302,57501;11,23333;       1,78915; 21,89007;51,00000;20,00000;0,76914
302,75299;11,24000;       1,79007; 21,88762;51,00000;20,00000;0,76913
302,93100;11,24667;       1,79072; 21,88409;49,00000;20,00000;0,76911
303,10501;11,25333;       1,79149; 21,88056;49,00000;20,00000;0,76910
303,28299;11,26000;       1,79225; 21,87808;50,00000;20,00000;0,76908
303,45499;11,26667;       1,79316; 21,87560;50,00000;20,00000;0,76907
303,63599;11,27333;       1,79398; 21,86841;49,00000;20,00000;0,76905
303,81400;11,28000;       1,79469; 21,86174;50,00000;20,00000;0,76903
303,98499;11,28667;       1,79525; 21,85977;49,00000;20,00000;0,76902
304,17001;11,29333;       1,79565; 21,85990;49,00000;20,00000;0,76900
304,34500;11,30000;       1,79672; 21,85790;49,00000;20,00000;0,76899
304,51801;11,30667;       1,79800; 21,85433;51,00000;20,00000;0,76897
304,69699;11,31333;       1,79882; 21,85029;51,00000;20,00000;0,76895
304,87399;11,32000;       1,79932; 21,84522;51,00000;20,00000;0,76894
305,06299;11,32667;       1,79967; 21,83959;49,00000;20,00000;0,76892
305,23099;11,33333;       1,80044; 21,83292;49,00000;20,00000;0,76890
305,40399;11,34000;       1,80156; 21,82938;50,00000;20,00000;0,76889
305,58401;11,34667;       1,80202; 21,82950;50,00000;20,00000;0,76887
305,76099;11,35333;       1,80263; 21,82909;51,00000;20,00000;0,76885
305,93701;11,36000;       1,80313; 21,82659;51,00000;20,00000;0,76884
306,11600;11,36667;       1,80390; 21,82044;49,00000;20,00000;0,76882
306,29199;11,37333;       1,80487; 21,81690;49,00000;20,00000;0,76880
306,47601;11,38000;       1,80569; 21,81337;50,00000;20,00000;0,76879
306,64200;11,38667;       1,80609; 21,80564;50,00000;20,00000;0,76877
306,81500;11,39333;       1,80644; 21,80001;50,00000;20,00000;0,76875
306,99200;11,40000;       1,80746; 21,79907;50,00000;20,00000;0,76874
307,18799;11,40667;       1,80839; 21,79866;49,00000;20,00000;0,76872
307,35300;11,41333;       1,80884; 21,79613;49,00000;20,00000;0,76870
307,52701;11,42000;       1,80929; 21,78994;49,00000;20,00000;0,76869
307,70999;11,42667;       1,81001; 21,78643;50,00000;20,00000;0,76867
307,88000;11,43333;       1,81083; 21,78291;50,00000;20,00000;0,76865
308,06000;11,44000;       1,81159; 21,77885;51,00000;20,00000;0,76863
308,24100;11,44667;       1,81231; 21,77374;51,00000;20,00000;0,76862
308,40601;11,45333;       1,81292; 21,76916;50,00000;20,00000;0,76860
308,58899;11,46000;       1,81353; 21,76822;50,00000;20,00000;0,76858
308,76001;11,46667;       1,81424; 21,76520;49,00000;20,00000;0,76857
308,93600;11,47333;       1,81491; 21,76165;51,00000;20,00000;0,76855
309,12299;11,48000;       1,81547; 21,75863;51,00000;20,00000;0,76853
309,29700;11,48667;       1,81598; 21,75404;51,00000;20,00000;0,76851
309,46301;11,49333;       1,81648; 21,74837;52,00000;20,00000;0,76850
309,64200;11,50000;       1,81694; 21,74375;49,00000;20,00000;0,76848
309,82300;11,50667;       1,81750; 21,74338;49,00000;20,00000;0,76846
309,99799;11,51333;       1,81811; 21,74195;49,00000;20,00000;0,76844
310,17401;11,52000;       1,81888; 21,73893;50,00000;20,00000;0,76842
310,33899;11,52667;       1,81970; 21,73486;50,00000;20,00000;0,76841
310,52600;11,53333;       1,81969; 21,73185;50,00000;20,00000;0,76839
310,70200;11,54000;       1,82020; 21,72935;50,00000;20,00000;0,76837
310,87399;11,54667;       1,82076; 21,72685;49,00000;20,00000;0,76835
311,03500;11,55333;       1,82132; 21,72069;49,00000;20,00000;0,76834
311,22000;11,56000;       1,82183; 21,71557;51,00000;20,00000;0,76832
311,39700;11,56667;       1,82250; 21,71305;49,00000;20,00000;0,76830
311,58301;11,57333;       1,82296; 21,71315;50,00000;20,00000;0,76828
311,75299;11,58000;       1,82347; 21,71167;50,00000;20,00000;0,76826
311,93100;11,58667;       1,82382; 21,70916;49,00000;20,00000;0,76824
312,11099;11,59333;       1,82418; 21,70614;49,00000;20,00000;0,76823
312,28601;11,60000;       1,82458; 21,70365;49,00000;20,00000;0,76821
312,45200;11,60667;       1,82514; 21,70060;49,00000;20,00000;0,76819
312,62399;11,61333;       1,82550; 21,69808;50,00000;20,00000;0,76817
312,80301;11,62000;       1,82596; 21,69352;50,00000;20,00000;0,76815
312,97400;11,62667;       1,82636; 21,68791;52,00000;20,00000;0,76813
313,14999;11,63333;       1,82667; 21,68330;52,00000;20,00000;0,76812
313,32300;11,64000;       1,82718; 21,68287;49,00000;20,00000;0,76810
313,51099;11,64667;       1,82806; 21,68297;49,00000;20,00000;0,76808
313,68301;11,65333;       1,82898; 21,68203;50,00000;20,00000;0,76806
313,86099;11,66000;       1,82934; 21,67953;50,00000;20,00000;0,76804
314,02802;11,66667;       1,82949; 21,67442;50,00000;20,00000;0,76802
314,20999;11,67333;       1,82948; 21,67141;50,00000;20,00000;0,76800
314,36801;11,68000;       1,83019; 21,66892;49,00000;20,00000;0,76799
314,54401;11,68667;       1,83066; 21,66640;49,00000;20,00000;0,76797
314,71899;11,69333;       1,83091; 21,66387;50,00000;20,00000;0,76795
314,89001;11,70000;       1,83137; 21,66139;50,00000;20,00000;0,76793
315,07700;11,70667;       1,83199; 21,65839;50,00000;20,00000;0,76791
315,24301;11,71333;       1,83245; 21,65380;50,00000;20,00000;0,76789
315,42401;11,72000;       1,83275; 21,64970;49,00000;20,00000;0,76787
315,59100;11,72667;       1,83311; 21,64769;49,00000;20,00000;0,76785
315,76099;11,73333;       1,83367; 21,64731;51,00000;20,00000;0,76783
315,93701;11,74000;       1,83413; 21,64535;51,00000;20,00000;0,76781
316,11899;11,74667;       1,83444; 21,64285;51,00000;20,00000;0,76779
316,27899;11,75333;       1,83454; 21,63929;52,00000;20,00000;0,76778
316,45599;11,76000;       1,83463; 21,63730;52,00000;20,00000;0,76776
316,64001;11,76667;       1,83484; 21,63531;49,00000;20,00000;0,76774
316,81500;11,77333;       1,83520; 21,63332;50,00000;20,00000;0,76772
316,97800;11,78000;       1,83566; 21,63028;50,00000;20,00000;0,76770
317,15900;11,78667;       1,83596; 21,62776;50,00000;20,00000;0,76768
317,33499;11,79333;       1,83627; 21,62525;50,00000;20,00000;0,76766
317,50900;11,80000;       1,83658; 21,62062;51,00000;20,00000;0,76764
317,68201;11,80667;       1,83689; 21,61651;51,00000;20,00000;0,76762
317,85901;11,81333;       1,83735; 21,61298;49,00000;20,00000;0,76760
318,01999;11,82000;       1,83786; 21,61258;49,00000;20,00000;0,76758
318,20499;11,82667;       1,83807; 21,61267;50,00000;20,00000;0,76756
318,38300;11,83333;       1,83822; 21,61172;50,00000;20,00000;0,76754
318,55301;11,84000;       1,83847; 21,60816;49,00000;20,00000;0,76752
318,72601;11,84667;       1,83883; 21,60303;49,00000;20,00000;0,76750
318,90201;11,85333;       1,83914; 21,60052;49,00000;20,00000;0,76748
319,07901;11,86000;       1,83940; 21,59800;49,00000;20,00000;0,76746
319,24500;11,86667;       1,83970; 21,59549;49,00000;20,00000;0,76744
319,42401;11,87333;       1,84006; 21,59298;50,00000;20,00000;0,76742
319,58801;11,88000;       1,84047; 21,58890;50,00000;20,00000;0,76740
319,76700;11,88667;       1,84078; 21,58482;50,00000;20,00000;0,76738
319,94000;11,89333;       1,84114; 21,58229;50,00000;20,00000;0,76736
320,11099;11,90000;       1,84145; 21,58238;49,00000;20,00000;0,76734
320,30200;11,90667;       1,84177; 21,58039;49,00000;20,00000;0,76732
320,46301;11,91333;       1,84212; 21,57836;50,00000;20,00000;0,76730
320,63400;11,92000;       1,84222; 21,57425;52,00000;20,00000;0,76728
320,81100;11,92667;       1,84227; 21,57228;52,00000;20,00000;0,76726
320,98199;11,93333;       1,84248; 21,57031;49,00000;20,00000;0,76724
321,15900;11,94000;       1,84284; 21,56831;49,00000;20,00000;0,76721
321,32901;11,94667;       1,84330; 21,56631;50,00000;20,00000;0,76719
321,50800;11,95333;       1,84372; 21,56432;50,00000;20,00000;0,76717
321,68201;11,96000;       1,84393; 21,56233;50,00000;20,00000;0,76715
321,84799;11,96667;       1,84413; 21,55929;50,00000;20,00000;0,76713
322,01901;11,97333;       1,84434; 21,55678;50,00000;20,00000;0,76711
322,19000;11,98000;       1,84449; 21,55374;49,00000;20,00000;0,76709
322,37100;11,98667;       1,84470; 21,54915;49,00000;20,00000;0,76707
322,54300;11,99333;       1,84506; 21,54504;51,00000;20,00000;0,76705
322,71301;12,00000;       1,84542; 21,54198;51,00000;20,00000;0,76703
322,87399;12,00667;       1,84552; 21,54212;52,00000;20,00000;0,76701
323,04999;12,01333;       1,84568; 21,54225;52,00000;20,00000;0,76699
323,22699;12,02000;       1,84594; 21,54078;52,00000;20,00000;0,76696
323,38501;12,02667;       1,84609; 21,53878;49,00000;20,00000;0,76694
323,57101;12,03333;       1,84630; 21,53678;51,00000;20,00000;0,76692
323,74500;12,04000;       1,84682; 21,53478;51,00000;20,00000;0,76690
323,91000;12,04667;       1,84702; 21,53172;52,00000;20,00000;0,76688
324,08801;12,05333;       1,84713; 21,52920;52,00000;20,00000;0,76686
324,26700;12,06000;       1,84739; 21,52720;49,00000;20,00000;0,76684
324,43799;12,06667;       1,84754; 21,52416;50,00000;20,00000;0,76681
324,60199;12,07333;       1,84744; 21,52268;50,00000;20,00000;0,76679
324,77499;12,08000;       1,84749; 21,52069;50,00000;20,00000;0,76677
324,95401;12,08667;       1,84754; 21,51922;50,00000;20,00000;0,76675
325,12500;12,09333;       1,84780; 21,51775;50,00000;20,00000;0,76673
325,28900;12,10000;       1,84806; 21,51471;49,00000;20,00000;0,76671
325,45700;12,10667;       1,84868; 21,50903;49,00000;20,00000;0,76669
325,63501;12,11333;       1,84915; 21,50492;51,00000;20,00000;0,76666
325,80899;12,12000;       1,84957; 21,50191;51,00000;20,00000;0,76664
325,98401;12,12667;       1,84983; 21,50204;52,00000;20,00000;0,76662
326,14200;12,13333;       1,84988; 21,50213;52,00000;20,00000;0,76660
326,31500;12,14000;       1,85009; 21,50169;49,00000;20,00000;0,76658
326,49100;12,14667;       1,85025; 21,49969;49,00000;20,00000;0,76655
326,66901;12,15333;       1,85056; 21,49821;51,00000;20,00000;0,76653
326,84299;12,16000;       1,85067; 21,49465;51,00000;20,00000;0,76651
327,00601;12,16667;       1,85088; 21,49266;52,00000;20,00000;0,76649
327,17999;12,17333;       1,85119; 21,48962;52,00000;20,00000;0,76647
327,34799;12,18000;       1,85155; 21,48398;49,00000;20,00000;0,76644
327,51099;12,18667;       1,85166; 21,47987;49,00000;20,00000;0,76642
327,68701;12,19333;       1,85171; 21,47680;49,00000;20,00000;0,76640
327,85699;12,20000;       1,85182; 21,47691;50,00000;20,00000;0,76638
328,03299;12,20667;       1,85219; 21,47702;50,00000;20,00000;0,76636
328,20499;12,21333;       1,85229; 21,47553;50,00000;20,00000;0,76633
328,37900;12,22000;       1,85250; 21,47352;49,00000;20,00000;0,76631
328,54999;12,22667;       1,85266; 21,47152;49,00000;20,00000;0,76629
328,72501;12,23333;       1,85298; 21,46951;49,00000;20,00000;0,76626
328,88800;12,24000;       1,85355; 21,46751;51,00000;20,00000;0,76624
329,07101;12,24667;       1,85376; 21,46656;52,00000;20,00000;0,76622
329,23401;12,25333;       1,85402; 21,46456;52,00000;20,00000;0,76620
329,39899;12,26000;       1,85444; 21,46151;49,00000;20,00000;0,76618
329,57700;12,26667;       1,85460; 21,45794;49,00000;20,00000;0,76615
329,74301;12,27333;       1,85466; 21,45593;50,00000;20,00000;0,76613
329,91699;12,28000;       1,85476; 21,45340;50,00000;20,00000;0,76611
330,08899;12,28667;       1,85503; 21,44930;52,00000;20,00000;0,76608
330,26801;12,29333;       1,85566; 21,44572;52,00000;20,00000;0,76606
330,43600;12,30000;       1,85571; 21,44264;49,00000;20,00000;0,76604
330,60501;12,30667;       1,85603; 21,44164;49,00000;20,00000;0,76601
330,77899;12,31333;       1,85624; 21,44175;49,00000;20,00000;0,76599
330,94400;12,32000;       1,85656; 21,44134;50,00000;20,00000;0,76597
331,12100;12,32667;       1,85687; 21,43934;50,00000;20,00000;0,76594
331,29401;12,33333;       1,85709; 21,43785;50,00000;20,00000;0,76592
331,45801;12,34000;       1,85719; 21,43585;50,00000;20,00000;0,76590
331,63101;12,34667;       1,85741; 21,43437;49,00000;20,00000;0,76587
331,80301;12,35333;       1,85752; 21,43236;49,00000;20,00000;0,76585
331,96201;12,36000;       1,85767; 21,43140;51,00000;20,00000;0,76583
332,14899;12,36667;       1,85815; 21,42991;51,00000;20,00000;0,76580
332,31601;12,37333;       1,85836; 21,42791;52,00000;20,00000;0,76578
332,48901;12,38000;       1,85858; 21,42640;49,00000;20,00000;0,76576
332,64600;12,38667;       1,85889; 21,42489;49,00000;20,00000;0,76574
332,82300;12,39333;       1,85916; 21,42291;49,00000;20,00000;0,76571
332,99200;12,40000;       1,85948; 21,42040;49,00000;20,00000;0,76569
333,17001;12,40667;       1,85969; 21,41892;49,00000;20,00000;0,76566
333,33899;12,41333;       1,85980; 21,41482;50,00000;20,00000;0,76564
333,50299;12,42000;       1,85996; 21,41229;50,00000;20,00000;0,76562
333,67899;12,42667;       1,86038; 21,41081;50,00000;20,00000;0,76559
333,84601;12,43333;       1,86070; 21,40985;50,00000;20,00000;0,76557
334,01199;12,44000;       1,86081; 21,40888;50,00000;20,00000;0,76555
334,18900;12,44667;       1,86108; 21,40740;50,00000;20,00000;0,76552
334,35400;12,45333;       1,86129; 21,40591;50,00000;20,00000;0,76550
334,52701;12,46000;       1,86156; 21,40285;50,00000;20,00000;0,76547
334,69901;12,46667;       1,86224; 21,39928;49,00000;20,00000;0,76545
334,86600;12,47333;       1,86240; 21,39623;49,00000;20,00000;0,76542
335,03900;12,48000;       1,86267; 21,39370;50,00000;20,00000;0,76540
335,20099;12,48667;       1,86289; 21,39221;50,00000;20,00000;0,76538
335,37399;12,49333;       1,86305; 21,39226;50,00000;20,00000;0,76535
335,54901;12,50000;       1,86321; 21,39127;50,00000;20,00000;0,76533
335,71899;12,50667;       1,86348; 21,38929;50,00000;20,00000;0,76530
335,88300;12,51333;       1,86380; 21,38731;50,00000;20,00000;0,76528
336,04999;12,52000;       1,86407; 21,38530;49,00000;20,00000;0,76526
336,22601;12,52667;       1,86428; 21,38329;49,00000;20,00000;0,76523
336,39001;12,53333;       1,86450; 21,38180;51,00000;20,00000;0,76521
336,56699;12,54000;       1,86477; 21,38031;51,00000;20,00000;0,76518
336,73300;12,54667;       1,86498; 21,37830;52,00000;20,00000;0,76516
336,90399;12,55333;       1,86504; 21,37629;52,00000;20,00000;0,76513
337,07001;12,56000;       1,86536; 21,37376;49,00000;20,00000;0,76511
337,24200;12,56667;       1,86568; 21,37174;49,00000;20,00000;0,76508
337,41000;12,57333;       1,86595; 21,36970;50,00000;20,00000;0,76506
337,57901;12,58000;       1,86622; 21,36558;50,00000;20,00000;0,76503
337,75400;12,58667;       1,86654; 21,36203;50,00000;20,00000;0,76501
337,91901;12,59333;       1,86655; 21,35848;50,00000;20,00000;0,76498
338,08499;12,60000;       1,86672; 21,35700;50,00000;20,00000;0,76496
338,25400;12,60667;       1,86709; 21,35708;49,00000;20,00000;0,76493
338,42700;12,61333;       1,86752; 21,35716;50,00000;20,00000;0,76491
338,58701;12,62000;       1,86783; 21,35672;50,00000;20,00000;0,76489
338,76401;12,62667;       1,86795; 21,35680;50,00000;20,00000;0,76486
338,92999;12,63333;       1,86817; 21,35583;50,00000;20,00000;0,76483
339,10001;12,64000;       1,86838; 21,35433;50,00000;20,00000;0,76481
339,26599;12,64667;       1,86860; 21,35284;49,00000;20,00000;0,76478
339,43799;12,65333;       1,86877; 21,35186;49,00000;20,00000;0,76476
339,61099;12,66000;       1,86914; 21,34828;50,00000;20,00000;0,76473
339,78101;12,66667;       1,86936; 21,34522;50,00000;20,00000;0,76471
339,95001;12,67333;       1,86958; 21,34320;51,00000;20,00000;0,76468
340,11700;12,68000;       1,86985; 21,34015;51,00000;20,00000;0,76466
340,28201;12,68667;       1,87012; 21,33811;49,00000;20,00000;0,76463
340,44901;12,69333;       1,87044; 21,33608;49,00000;20,00000;0,76461
340,62500;12,70000;       1,87061; 21,33514;49,00000;20,00000;0,76458
340,78699;12,70667;       1,87145; 21,33315;49,00000;20,00000;0,76456
340,95300;12,71333;       1,87167; 21,33166;50,00000;20,00000;0,76453
341,12601;12,72000;       1,87168; 21,32755;50,00000;20,00000;0,76450
341,29700;12,72667;       1,87190; 21,32395;52,00000;20,00000;0,76448
341,46399;12,73333;       1,87207; 21,32035;49,00000;20,00000;0,76445
341,63300;12,74000;       1,87239; 21,31728;49,00000;20,00000;0,76443
341,81699;12,74667;       1,87278; 21,31682;49,00000;20,00000;0,76440
341,97900;12,75333;       1,87305; 21,31689;50,00000;20,00000;0,76437
342,14600;12,76000;       1,87332; 21,31696;50,00000;20,00000;0,76435
342,31000;12,76667;       1,87354; 21,31651;50,00000;20,00000;0,76432
342,48999;12,77333;       1,87386; 21,31554;50,00000;20,00000;0,76430
342,64499;12,78000;       1,87403; 21,31403;49,00000;20,00000;0,76427
342,81601;12,78667;       1,87430; 21,31253;49,00000;20,00000;0,76425
342,99899;12,79333;       1,87468; 21,31103;51,00000;20,00000;0,76422
343,16000;12,80000;       1,87495; 21,30949;51,00000;20,00000;0,76419
343,32901;12,80667;       1,87507; 21,30848;52,00000;20,00000;0,76417
343,50500;12,81333;       1,87529; 21,30648;52,00000;20,00000;0,76414
343,66800;12,82000;       1,87551; 21,30448;49,00000;20,00000;0,76411
343,84100;12,82667;       1,87568; 21,30298;49,00000;20,00000;0,76409
344,00699;12,83333;       1,87642; 21,30043;49,00000;20,00000;0,76406
344,17401;12,84000;       1,87659; 21,29841;49,00000;20,00000;0,76403
344,35199;12,84667;       1,87677; 21,29691;51,00000;20,00000;0,76401
344,51401;12,85333;       1,87699; 21,29594;50,00000;20,00000;0,76398
344,68399;12,86000;       1,87716; 21,29445;49,00000;20,00000;0,76395
344,85101;12,86667;       1,87727; 21,29296;50,00000;20,00000;0,76393
345,01700;12,87333;       1,87749; 21,29147;50,00000;20,00000;0,76390
345,17599;12,88000;       1,87782; 21,28995;50,00000;20,00000;0,76388
345,35101;12,88667;       1,87799; 21,28843;50,00000;20,00000;0,76385
345,51401;12,89333;       1,87821; 21,28697;50,00000;20,00000;0,76382
345,68500;12,90000;       1,87843; 21,28341;49,00000;20,00000;0,76379
345,85901;12,90667;       1,87871; 21,27982;49,00000;20,00000;0,76377
346,02499;12,91333;       1,87904; 21,27623;49,00000;20,00000;0,76374
346,18201;12,92000;       1,87936; 21,27369;50,00000;20,00000;0,76371
346,35800;12,92667;       1,87938; 21,27271;50,00000;20,00000;0,76369
346,52600;12,93333;       1,87950; 21,27225;51,00000;20,00000;0,76366
346,69400;12,94000;       1,87961; 21,27231;51,00000;20,00000;0,76363
346,86401;12,94667;       1,87973; 21,27185;49,00000;20,00000;0,76360
347,03201;12,95333;       1,87985; 21,27086;49,00000;20,00000;0,76358
347,20599;12,96000;       1,88034; 21,26988;49,00000;20,00000;0,76355
347,36499;12,96667;       1,88061; 21,26837;51,00000;20,00000;0,76352
347,54300;12,97333;       1,88079; 21,26686;51,00000;20,00000;0,76349
347,70599;12,98000;       1,88101; 21,26588;52,00000;20,00000;0,76347
347,87299;12,98667;       1,88123; 21,26385;52,00000;20,00000;0,76344
348,04800;12,99333;       1,88125; 21,26127;49,00000;20,00000;0,76341
348,22000;13,00000;       1,88132; 21,25974;49,00000;20,00000;0,76338
348,37100;13,00667;       1,88143; 21,25722;50,00000;20,00000;0,76336
348,54599;13,01333;       1,88166; 21,25418;50,00000;20,00000;0,76333
348,71500;13,02000;       1,88215; 21,25268;50,00000;20,00000;0,76330
348,88699;13,02667;       1,88248; 21,25065;50,00000;20,00000;0,76327
349,04700;13,03333;       1,88260; 21,24966;49,00000;20,00000;0,76325
349,21500;13,04000;       1,88282; 21,24815;49,00000;20,00000;0,76322
349,39301;13,04667;       1,88284; 21,24664;49,00000;20,00000;0,76319
349,56400;13,05333;       1,88291; 21,24513;51,00000;20,00000;0,76316
349,73001;13,06000;       1,88303; 21,24415;51,00000;20,00000;0,76314
349,88901;13,06667;       1,88341; 21,24317;52,00000;20,00000;0,76311
350,05399;13,07333;       1,88353; 21,24164;52,00000;20,00000;0,76308
350,22900;13,08000;       1,88386; 21,24064;49,00000;20,00000;0,76305
350,39499;13,08667;       1,88398; 21,23865;49,00000;20,00000;0,76302
350,56201;13,09333;       1,88421; 21,23718;49,00000;20,00000;0,76300
350,72501;13,10000;       1,88438; 21,23567;49,00000;20,00000;0,76297
350,88800;13,10667;       1,88440; 21,23468;49,00000;20,00000;0,76294
351,06500;13,11333;       1,88442; 21,23318;50,00000;20,00000;0,76291
351,23401;13,12000;       1,88454; 21,23167;50,00000;20,00000;0,76288
351,39401;13,12667;       1,88471; 21,23016;50,00000;20,00000;0,76286
351,57199;13,13333;       1,88484; 21,22760;49,00000;20,00000;0,76283
351,73300;13,14000;       1,88506; 21,22505;49,00000;20,00000;0,76280
351,89999;13,14667;       1,88565; 21,22250;49,00000;20,00000;0,76277
352,07199;13,15333;       1,88578; 21,21996;50,00000;20,00000;0,76274
352,23700;13,16000;       1,88580; 21,21793;50,00000;20,00000;0,76271
352,39700;13,16667;       1,88592; 21,21747;50,00000;20,00000;0,76269
352,56601;13,17333;       1,88609; 21,21753;49,00000;20,00000;0,76266
352,73199;13,18000;       1,88621; 21,21706;49,00000;20,00000;0,76263
352,90399;13,18667;       1,88644; 21,21607;51,00000;20,00000;0,76260
353,07901;13,19333;       1,88667; 21,21508;50,00000;20,00000;0,76257
353,24301;13,20000;       1,88680; 21,21357;50,00000;20,00000;0,76254
353,40900;13,20667;       1,88687; 21,21207;50,00000;20,00000;0,76251
353,57700;13,21333;       1,88699; 21,21110;49,00000;20,00000;0,76248
353,73199;13,22000;       1,88701; 21,20960;49,00000;20,00000;0,76246
353,90201;13,22667;       1,88713; 21,20810;50,00000;20,00000;0,76243
354,07401;13,23333;       1,88731; 21,20660;50,00000;20,00000;0,76240
354,23099;13,24000;       1,88753; 21,20509;51,00000;20,00000;0,76237
354,40302;13,24667;       1,88766; 21,20358;51,00000;20,00000;0,76234
354,57300;13,25333;       1,88773; 21,20155;49,00000;20,00000;0,76231
354,73599;13,26000;       1,88791; 21,19951;49,00000;20,00000;0,76228
354,90399;13,26667;       1,88814; 21,19800;50,00000;20,00000;0,76225
355,07401;13,27333;       1,88821; 21,19700;50,00000;20,00000;0,76222
355,24100;13,28000;       1,88828; 21,19548;50,00000;20,00000;0,76220
355,40900;13,28667;       1,88846; 21,19396;50,00000;20,00000;0,76217
355,57599;13,29333;       1,88853; 21,19297;49,00000;20,00000;0,76214
355,75000;13,30000;       1,88871; 21,19145;50,00000;20,00000;0,76211
355,91299;13,30667;       1,88905; 21,19046;49,00000;20,00000;0,76208
356,07800;13,31333;       1,88933; 21,18946;49,00000;20,00000;0,76205
356,25000;13,32000;       1,88951; 21,18848;50,00000;20,00000;0,76202
356,42300;13,32667;       1,88932; 21,18749;50,00000;20,00000;0,76199
356,57300;13,33333;       1,88939; 21,18597;50,00000;20,00000;0,76196
356,74701;13,34000;       1,88962; 21,18237;50,00000;20,00000;0,76193
356,91599;13,34667;       1,88975; 21,17981;49,00000;20,00000;0,76190
357,08801;13,35333;       1,88988; 21,17777;49,00000;20,00000;0,76187
357,25201;13,36000;       1,89005; 21,17521;51,00000;20,00000;0,76184
357,41101;13,36667;       1,89012; 21,17317;51,00000;20,00000;0,76181
357,58899;13,37333;       1,89036; 21,17270;52,00000;20,00000;0,76178
357,75201;13,38000;       1,89043; 21,17222;52,00000;20,00000;0,76175
357,92200;13,38667;       1,89051; 21,17175;52,00000;20,00000;0,76172
358,08600;13,39333;       1,89068; 21,17076;49,00000;20,00000;0,76169
358,25299;13,40000;       1,89065; 21,16976;49,00000;20,00000;0,76166
358,42300;13,40667;       1,89068; 21,16825;50,00000;20,00000;0,76163
358,58600;13,41333;       1,89091; 21,16725;50,00000;20,00000;0,76160
358,75201;13,42000;       1,89109; 21,16573;50,00000;20,00000;0,76157
358,92700;13,42667;       1,89111; 21,16473;51,00000;20,00000;0,76154
359,09399;13,43333;       1,89119; 21,16322;51,00000;20,00000;0,76151
359,26001;13,44000;       1,89126; 21,16223;49,00000;20,00000;0,76148
359,42599;13,44667;       1,89144; 21,16176;49,00000;20,00000;0,76145
359,57999;13,45333;       1,89157; 21,16129;50,00000;20,00000;0,76142
359,75400;13,46000;       1,89164; 21,16031;50,00000;20,00000;0,76139
359,92499;13,46667;       1,89167; 21,15879;49,00000;20,00000;0,76136
360,08499;13,47333;       1,89169; 21,15780;49,00000;20,00000;0,76133
360,26001;13,48000;       1,89166; 21,15680;49,00000;20,00000;0,76130
360,41101;13,48667;       1,89163; 21,15580;49,00000;20,00000;0,76127
360,58899;13,49333;       1,89181; 21,15323;49,00000;20,00000;0,76124
360,75800;13,50000;       1,89205; 21,15170;50,00000;20,00000;0,76120
360,93100;13,50667;       1,89202; 21,15018;50,00000;20,00000;0,76117
361,08899;13,51333;       1,89215; 21,14657;49,00000;20,00000;0,76114
361,26401;13,52000;       1,89223; 21,14454;49,00000;20,00000;0,76111
361,42499;13,52667;       1,89225; 21,14250;50,00000;20,00000;0,76108
361,59100;13,53333;       1,89222; 21,14099;50,00000;20,00000;0,76105
361,74701;13,54000;       1,89235; 21,13948;51,00000;20,00000;0,76102
361,92401;13,54667;       1,89253; 21,13797;51,00000;20,00000;0,76099
362,08200;13,55333;       1,89255; 21,13645;51,00000;20,00000;0,76096
362,26099;13,56000;       1,89269; 21,13337;51,00000;20,00000;0,76093
362,41501;13,56667;       1,89281; 21,13029;49,00000;20,00000;0,76090
362,58200;13,57333;       1,89284; 21,12772;49,00000;20,00000;0,76087
362,74500;13,58000;       1,89291; 21,12463;50,00000;20,00000;0,76084
362,92300;13,58667;       1,89284; 21,12311;50,00000;20,00000;0,76080
363,08600;13,59333;       1,89302; 21,12263;50,00000;20,00000;0,76077
363,25000;13,60000;       1,89320; 21,12162;50,00000;20,00000;0,76074
363,41599;13,60667;       1,89338; 21,12009;49,00000;20,00000;0,76071
363,58600;13,61333;       1,89346; 21,11856;49,00000;20,00000;0,76068
363,76300;13,62000;       1,89349; 21,11651;51,00000;20,00000;0,76064
363,92599;13,62667;       1,89352; 21,11499;51,00000;20,00000;0,76061
364,09399;13,63333;       1,89360; 21,11348;52,00000;20,00000;0,76058
364,25299;13,64000;       1,89352; 21,11197;52,00000;20,00000;0,76055
364,41699;13,64667;       1,89354; 21,11150;49,00000;20,00000;0,76052
364,57999;13,65333;       1,89367; 21,11103;49,00000;20,00000;0,76049
364,74301;13,66000;       1,89390; 21,11004;51,00000;20,00000;0,76046
364,91800;13,66667;       1,89404; 21,10852;51,00000;20,00000;0,76043
365,07599;13,67333;       1,89406; 21,10543;52,00000;20,00000;0,76039
365,25101;13,68000;       1,89409; 21,10286;52,00000;20,00000;0,76036
365,41000;13,68667;       1,89412; 21,10081;49,00000;20,00000;0,76033
365,57501;13,69333;       1,89420; 21,09928;49,00000;20,00000;0,76030
365,75000;13,70000;       1,89433; 21,09828;50,00000;20,00000;0,76027
365,91800;13,70667;       1,89441; 21,09676;50,00000;20,00000;0,76023
366,08200;13,71333;       1,89444; 21,09523;50,00000;20,00000;0,76020
366,24799;13,72000;       1,89447; 21,09372;50,00000;20,00000;0,76017
366,41101;13,72667;       1,89465; 21,09272;50,00000;20,00000;0,76014
366,57700;13,73333;       1,89468; 21,09173;49,00000;20,00000;0,76011
366,73599;13,74000;       1,89481; 21,09022;49,00000;20,00000;0,76008
366,90601;13,74667;       1,89484; 21,08922;51,00000;20,00000;0,76004
367,07401;13,75333;       1,89476; 21,08666;52,00000;20,00000;0,76001
367,23499;13,76000;       1,89463; 21,08409;52,00000;20,00000;0,75998
367,40302;13,76667;       1,89481; 21,08152;49,00000;20,00000;0,75995
367,56699;13,77333;       1,89484; 21,07948;49,00000;20,00000;0,75991
367,73499;13,78000;       1,89492; 21,07743;49,00000;20,00000;0,75988
367,90100;13,78667;       1,89527; 21,07591;49,00000;20,00000;0,75985
368,06900;13,79333;       1,89524; 21,07596;50,00000;20,00000;0,75982
368,22900;13,80000;       1,89511; 21,07548;50,00000;20,00000;0,75978
368,39899;13,80667;       1,89498; 21,07552;50,00000;20,00000;0,75975
368,55899;13,81333;       1,89512; 21,07504;50,00000;20,00000;0,75972
368,72800;13,82000;       1,89525; 21,07403;50,00000;20,00000;0,75969
368,89801;13,82667;       1,89539; 21,07303;49,00000;20,00000;0,75965
369,06299;13,83333;       1,89547; 21,07202;49,00000;20,00000;0,75962
369,22501;13,84000;       1,89560; 21,07101;50,00000;20,00000;0,75959
369,39899;13,84667;       1,89553; 21,07000;50,00000;20,00000;0,75955
369,56299;13,85333;       1,89551; 21,06899;50,00000;20,00000;0,75952
369,73001;13,86000;       1,89548; 21,06799;49,00000;20,00000;0,75949
369,89499;13,86667;       1,89556; 21,06542;49,00000;20,00000;0,75946
370,06000;13,87333;       1,89570; 21,06390;49,00000;20,00000;0,75942
370,22501;13,88000;       1,89562; 21,06237;50,00000;20,00000;0,75939
370,38599;13,88667;       1,89586; 21,05876;50,00000;20,00000;0,75936
370,55200;13,89333;       1,89610; 21,05670;50,00000;20,00000;0,75933
370,72601;13,90000;       1,89608; 21,05517;49,00000;20,00000;0,75929
370,89301;13,90667;       1,89606; 21,05416;49,00000;20,00000;0,75926
371,05499;13,91333;       1,89604; 21,05264;51,00000;20,00000;0,75922
371,23001;13,92000;       1,89602; 21,05111;51,00000;20,00000;0,75919
371,37799;13,92667;       1,89604; 21,04958;52,00000;20,00000;0,75916
371,55499;13,93333;       1,89613; 21,04858;52,00000;20,00000;0,75912
371,71201;13,94000;       1,89616; 21,04706;52,00000;20,00000;0,75909
371,89301;13,94667;       1,89635; 21,04554;49,00000;20,00000;0,75906
372,04401;13,95333;       1,89643; 21,04454;49,00000;20,00000;0,75903
372,21399;13,96000;       1,89662; 21,04146;50,00000;20,00000;0,75899
372,37299;13,96667;       1,89675; 21,03889;50,00000;20,00000;0,75896
372,53699;13,97333;       1,89684; 21,03632;50,00000;20,00000;0,75893
372,70099;13,98000;       1,89682; 21,03427;50,00000;20,00000;0,75889
372,87601;13,98667;       1,89680; 21,03169;49,00000;20,00000;0,75886
373,03000;13,99333;       1,89693; 21,03119;49,00000;20,00000;0,75883
373,21100;14,00000;       1,89708; 21,03018;51,00000;20,00000;0,75879
373,37500;14,00667;       1,89705; 21,02916;49,00000;20,00000;0,75875
373,53601;14,01333;       1,89708; 21,02762;50,00000;20,00000;0,75872
373,70599;14,02000;       1,89717; 21,02661;50,00000;20,00000;0,75869
373,87601;14,02667;       1,89721; 21,02508;49,00000;20,00000;0,75865
374,04001;14,03333;       1,89718; 21,02355;49,00000;20,00000;0,75862
374,20099;14,04000;       1,89711; 21,02202;49,00000;20,00000;0,75859
374,37399;14,04667;       1,89709; 21,02050;49,00000;20,00000;0,75855
374,53299;14,05333;       1,89654; 21,02002;51,00000;20,00000;0,75852
374,70001;14,06000;       1,89674; 21,01955;51,00000;20,00000;0,75848
374,85800;14,06667;       1,89698; 21,01855;51,00000;20,00000;0,75845
375,01999;14,07333;       1,89727; 21,01755;51,00000;20,00000;0,75842
375,19101;14,08000;       1,89731; 21,01655;49,00000;20,00000;0,75838
375,35501;14,08667;       1,89734; 21,01293;49,00000;20,00000;0,75835
375,51801;14,09333;       1,89742; 21,01139;50,00000;20,00000;0,75831
375,68600;14,10000;       1,89746; 21,00985;50,00000;20,00000;0,75828
375,84698;14,10667;       1,89759; 21,00832;50,00000;20,00000;0,75825
376,02200;14,11333;       1,89768; 21,00730;52,00000;20,00000;0,75821
376,18701;14,12000;       1,89788; 21,00576;49,00000;20,00000;0,75817
376,35300;14,12667;       1,89796; 21,00475;49,00000;20,00000;0,75814
376,51999;14,13333;       1,89800; 21,00322;50,00000;20,00000;0,75810
376,68701;14,14000;       1,89788; 21,00222;50,00000;20,00000;0,75807
376,84698;14,14667;       1,89796; 21,00123;50,00000;20,00000;0,75804
377,00400;14,15333;       1,89799; 21,00023;50,00000;20,00000;0,75800
377,17099;14,16000;       1,89808; 20,99923;49,00000;20,00000;0,75797
377,33200;14,16667;       1,89811; 20,99770;49,00000;20,00000;0,75793
377,49701;14,17333;       1,89814; 20,99460;49,00000;20,00000;0,75790
377,67099;14,18000;       1,89813; 20,99255;51,00000;20,00000;0,75786
377,82800;14,18667;       1,89811; 20,99049;51,00000;20,00000;0,75783
378,00400;14,19333;       1,89820; 20,98843;52,00000;20,00000;0,75779
378,16501;14,20000;       1,89839; 20,98585;49,00000;20,00000;0,75776
378,32501;14,20667;       1,89853; 20,98485;49,00000;20,00000;0,75772
378,49301;14,21333;       1,89867; 20,98489;50,00000;20,00000;0,75769
378,66299;14,22000;       1,89876; 20,98441;50,00000;20,00000;0,75765
378,82199;14,22667;       1,89879; 20,98393;50,00000;20,00000;0,75762
378,97900;14,23333;       1,89877; 20,98240;51,00000;20,00000;0,75759
379,14801;14,24000;       1,89871; 20,98140;49,00000;20,00000;0,75755
379,31000;14,24667;       1,89869; 20,98040;49,00000;20,00000;0,75751
379,48199;14,25333;       1,89873; 20,97887;49,00000;20,00000;0,75748
379,64301;14,26000;       1,89871; 20,97787;50,00000;20,00000;0,75744
379,80200;14,26667;       1,89890; 20,97634;50,00000;20,00000;0,75741
379,96301;14,27333;       1,89893; 20,97533;50,00000;20,00000;0,75737
380,13101;14,28000;       1,89897; 20,97432;50,00000;20,00000;0,75734
380,29999;14,28667;       1,89901; 20,97331;49,00000;20,00000;0,75730
380,47000;14,29333;       1,89915; 20,97229;49,00000;20,00000;0,75727
380,62500;14,30000;       1,89929; 20,97128;50,00000;20,00000;0,75723
380,79599;14,30667;       1,89944; 20,96765;50,00000;20,00000;0,75720
380,95999;14,31333;       1,89958; 20,96612;52,00000;20,00000;0,75716
381,12500;14,32000;       1,89967; 20,96458;52,00000;20,00000;0,75712
381,28900;14,32667;       1,89981; 20,96305;49,00000;20,00000;0,75709
381,45999;14,33333;       1,89995; 20,96204;49,00000;20,00000;0,75705
381,61801;14,34000;       1,89999; 20,96103;49,00000;20,00000;0,75702
381,78601;14,34667;       1,89940; 20,96003;51,00000;20,00000;0,75698
381,93900;14,35333;       1,89937; 20,95850;51,00000;20,00000;0,75695
382,11401;14,36000;       1,89978; 20,95749;51,00000;20,00000;0,75691
382,28201;14,36667;       1,90009; 20,95649;51,00000;20,00000;0,75687
382,43100;14,37333;       1,90022; 20,95547;51,00000;20,00000;0,75684
382,59900;14,38000;       1,90021; 20,95394;49,00000;20,00000;0,75680
382,76999;14,38667;       1,90036; 20,95292;49,00000;20,00000;0,75677
382,93301;14,39333;       1,90045; 20,95138;50,00000;20,00000;0,75673
383,09698;14,40000;       1,90054; 20,95035;50,00000;20,00000;0,75669
383,27200;14,40667;       1,90063; 20,94881;49,00000;20,00000;0,75666
383,43399;14,41333;       1,90062; 20,94675;49,00000;20,00000;0,75662
383,59799;14,42000;       1,90076; 20,94312;49,00000;20,00000;0,75658
383,76300;14,42667;       1,90090; 20,94055;49,00000;20,00000;0,75655
383,92700;14,43333;       1,90110; 20,93797;50,00000;20,00000;0,75651
384,09201;14,44000;       1,90130; 20,93592;50,00000;20,00000;0,75647
384,25201;14,44667;       1,90128; 20,93492;50,00000;20,00000;0,75644
384,41699;14,45333;       1,90122; 20,93443;50,00000;20,00000;0,75640
384,57700;14,46000;       1,90125; 20,93394;50,00000;20,00000;0,75637
384,74100;14,46667;       1,90134; 20,93345;49,00000;20,00000;0,75633
384,90500;14,47333;       1,90133; 20,93295;51,00000;20,00000;0,75629
385,07800;14,48000;       1,90132; 20,93194;51,00000;20,00000;0,75626
385,24399;14,48667;       1,90141; 20,93092;51,00000;20,00000;0,75622
385,40701;14,49333;       1,90161; 20,92990;52,00000;20,00000;0,75618
385,56799;14,50000;       1,90170; 20,92888;49,00000;20,00000;0,75615
385,74100;14,50667;       1,90164; 20,92787;49,00000;20,00000;0,75611
385,89200;14,51333;       1,90173; 20,92685;50,00000;20,00000;0,75607
386,06400;14,52000;       1,90161; 20,92583;50,00000;20,00000;0,75603
386,23801;14,52667;       1,90171; 20,92482;50,00000;20,00000;0,75600
386,39801;14,53333;       1,90175; 20,92380;50,00000;20,00000;0,75596
386,55600;14,54000;       1,90194; 20,92279;49,00000;20,00000;0,75592
386,72501;14,54667;       1,90204; 20,92177;49,00000;20,00000;0,75589
386,88501;14,55333;       1,90213; 20,92024;49,00000;20,00000;0,75585
387,05099;14,56000;       1,90228; 20,91922;51,00000;20,00000;0,75581
387,22000;14,56667;       1,90243; 20,91821;51,00000;20,00000;0,75577
387,37799;14,57333;       1,90241; 20,91720;52,00000;20,00000;0,75574
387,54599;14,58000;       1,90256; 20,91566;49,00000;20,00000;0,75570
387,70901;14,58667;       1,90292; 20,91517;49,00000;20,00000;0,75566
387,87399;14,59333;       1,90291; 20,91416;51,00000;20,00000;0,75563
388,03400;14,60000;       1,90289; 20,91315;51,00000;20,00000;0,75559
388,20200;14,60667;       1,90288; 20,91214;51,00000;20,00000;0,75555
388,36200;14,61333;       1,90297; 20,91165;52,00000;20,00000;0,75551
388,52301;14,62000;       1,90307; 20,91063;52,00000;20,00000;0,75548
388,69000;14,62667;       1,90316; 20,91014;49,00000;20,00000;0,75544
388,86099;14,63333;       1,90326; 20,90913;49,00000;20,00000;0,75540
389,01901;14,64000;       1,90335; 20,90864;50,00000;20,00000;0,75536
389,19000;14,64667;       1,90350; 20,90762;50,00000;20,00000;0,75533
389,34000;14,65333;       1,90370; 20,90661;50,00000;20,00000;0,75529
389,51001;14,66000;       1,90385; 20,90611;49,00000;20,00000;0,75525
389,67300;14,66667;       1,90389; 20,90510;49,00000;20,00000;0,75521
389,84601;14,67333;       1,90399; 20,90460;49,00000;20,00000;0,75517
390,00201;14,68000;       1,90408; 20,90358;50,00000;20,00000;0,75514
390,16901;14,68667;       1,90423; 20,90309;50,00000;20,00000;0,75510
390,34100;14,69333;       1,90438; 20,90155;51,00000;20,00000;0,75506
390,49399;14,70000;       1,90442; 20,90001;50,00000;20,00000;0,75503
390,66101;14,70667;       1,90452; 20,89899;50,00000;20,00000;0,75499
390,82700;14,71333;       1,90461; 20,89797;50,00000;20,00000;0,75495
390,98599;14,72000;       1,90465; 20,89695;49,00000;20,00000;0,75491
391,15799;14,72667;       1,90449; 20,89594;49,00000;20,00000;0,75487
391,32999;14,73333;       1,90470; 20,89492;51,00000;20,00000;0,75483
391,48199;14,74000;       1,90489; 20,89391;51,00000;20,00000;0,75480
391,63901;14,74667;       1,90493; 20,89289;51,00000;20,00000;0,75476
391,80701;14,75333;       1,90503; 20,89188;51,00000;20,00000;0,75472
391,97900;14,76000;       1,90524; 20,89086;49,00000;20,00000;0,75468
392,13599;14,76667;       1,90544; 20,88932;49,00000;20,00000;0,75464
392,30399;14,77333;       1,90559; 20,88777;50,00000;20,00000;0,75460
392,47101;14,78000;       1,90564; 20,88623;50,00000;20,00000;0,75456
392,62701;14,78667;       1,90578; 20,88468;50,00000;20,00000;0,75453
392,79599;14,79333;       1,90599; 20,88314;50,00000;20,00000;0,75449
392,96799;14,80000;       1,90609; 20,88108;50,00000;20,00000;0,75445
393,12399;14,80667;       1,90613; 20,87954;50,00000;20,00000;0,75441
393,29099;14,81333;       1,90612; 20,87904;50,00000;20,00000;0,75437
393,45300;14,82000;       1,90622; 20,87854;50,00000;20,00000;0,75433
393,61700;14,82667;       1,90632; 20,87752;50,00000;20,00000;0,75429
393,78201;14,83333;       1,90642; 20,87755;50,00000;20,00000;0,75426
393,94501;14,84000;       1,90662; 20,87705;49,00000;20,00000;0,75422
394,11401;14,84667;       1,90672; 20,87656;49,00000;20,00000;0,75418
394,27200;14,85333;       1,90666; 20,87553;50,00000;20,00000;0,75414
394,43399;14,86000;       1,90681; 20,87504;50,00000;20,00000;0,75410
394,60599;14,86667;       1,90691; 20,87402;51,00000;20,00000;0,75406
394,77200;14,87333;       1,90712; 20,87301;51,00000;20,00000;0,75402
394,93399;14,88000;       1,90721; 20,87252;49,00000;20,00000;0,75398
395,08099;14,88667;       1,90730; 20,87150;49,00000;20,00000;0,75395
395,25101;14,89333;       1,90735; 20,87048;50,00000;20,00000;0,75391
395,42499;14,90000;       1,90740; 20,86999;50,00000;20,00000;0,75386
395,58099;14,90667;       1,90750; 20,86896;50,00000;20,00000;0,75383
395,75201;14,91333;       1,90771; 20,86794;50,00000;20,00000;0,75379
395,90900;14,92000;       1,90796; 20,86692;50,00000;20,00000;0,75375
396,07901;14,92667;       1,90822; 20,86642;51,00000;20,00000;0,75371
396,23801;14,93333;       1,90843; 20,86539;51,00000;20,00000;0,75367
396,40500;14,94000;       1,90842; 20,86437;49,00000;20,00000;0,75363
396,57599;14,94667;       1,90858; 20,86231;49,00000;20,00000;0,75359
396,73300;14,95333;       1,90873; 20,86077;50,00000;20,00000;0,75355
396,89801;14,96000;       1,90883; 20,85922;50,00000;20,00000;0,75351
397,05099;14,96667;       1,90892; 20,85820;50,00000;20,00000;0,75347
397,23300;14,97333;       1,90909; 20,85718;50,00000;20,00000;0,75343
397,39099;14,98000;       1,90934; 20,85564;49,00000;20,00000;0,75339
397,55499;14,98667;       1,90950; 20,85409;51,00000;20,00000;0,75335
397,71399;14,99333;       1,90949; 20,85307;51,00000;20,00000;0,75331
397,87601;15,00000;       1,90964; 20,85204;51,00000;20,00000;0,75327
398,04800;15,00667;       1,90969; 20,85050;51,00000;20,00000;0,75323
398,21100;15,01333;       1,90974; 20,84999;52,00000;20,00000;0,75319
398,37601;15,02000;       1,90990; 20,84897;49,00000;20,00000;0,75315
398,54501;15,02667;       1,91005; 20,84794;49,00000;20,00000;0,75311
398,70599;15,03333;       1,91026; 20,84745;50,00000;20,00000;0,75307
398,86099;15,04000;       1,91041; 20,84643;52,00000;20,00000;0,75303
399,03900;15,04667;       1,91062; 20,84542;52,00000;20,00000;0,75299
399,18600;15,05333;       1,91082; 20,84492;52,00000;20,00000;0,75295
399,35699;15,06000;       1,91103; 20,84390;49,00000;20,00000;0,75291
399,51801;15,06667;       1,91119; 20,84288;49,00000;20,00000;0,75287
399,68100;15,07333;       1,91129; 20,84238;50,00000;20,00000;0,75283
399,84500;15,08000;       1,91144; 20,84135;50,00000;20,00000;0,75279
400,01501;15,08667;       1,91171; 20,84032;50,00000;20,00000;0,75275
400,17801;15,09333;       1,91186; 20,83981;50,00000;20,00000;0,75271
400,34399;15,10000;       1,91213; 20,83931;49,00000;20,00000;0,75267
400,51599;15,10667;       1,91213; 20,83829;49,00000;20,00000;0,75263
400,66901;15,11333;       1,91223; 20,83779;50,00000;20,00000;0,75259
400,82599;15,12000;       1,91243; 20,83676;50,00000;20,00000;0,75255
400,99600;15,12667;       1,91254; 20,83626;51,00000;20,00000;0,75251
401,16699;15,13333;       1,91270; 20,83524;51,00000;20,00000;0,75247
401,32599;15,14000;       1,91280; 20,83473;49,00000;20,00000;0,75243
401,49899;15,14667;       1,91296; 20,83423;49,00000;20,00000;0,75238
401,65100;15,15333;       1,91306; 20,83373;49,00000;20,00000;0,75235
401,81500;15,16000;       1,91321; 20,83376;49,00000;20,00000;0,75230
401,97699;15,16667;       1,91348; 20,83326;51,00000;20,00000;0,75226
402,15100;15,17333;       1,91369; 20,83329;51,00000;20,00000;0,75222
402,30499;15,18000;       1,91390; 20,83332;51,00000;20,00000;0,75218
402,47101;15,18667;       1,91411; 20,83335;51,00000;20,00000;0,75214
402,62500;15,19333;       1,91421; 20,83233;49,00000;20,00000;0,75210
402,79999;15,20000;       1,91437; 20,83131;49,00000;20,00000;0,75206
402,95099;15,20667;       1,91436; 20,83081;50,00000;20,00000;0,75202
403,13000;15,21333;       1,91447; 20,83032;50,00000;20,00000;0,75198
403,28299;15,22000;       1,91468; 20,82930;49,00000;20,00000;0,75194
403,44400;15,22667;       1,91510; 20,82880;49,00000;20,00000;0,75190
403,60599;15,23333;       1,91542; 20,82830;49,00000;20,00000;0,75186
403,76999;15,24000;       1,91568; 20,82727;49,00000;20,00000;0,75181
403,94400;15,24667;       1,91632; 20,82678;49,00000;20,00000;0,75177
404,10699;15,25333;       1,91659; 20,82628;51,00000;20,00000;0,75173
404,26099;15,26000;       1,91663; 20,82526;52,00000;20,00000;0,75169
404,42599;15,26667;       1,91658; 20,82424;52,00000;20,00000;0,75165
404,57999;15,27333;       1,91679; 20,82269;49,00000;20,00000;0,75161
404,75800;15,28000;       1,91695; 20,82166;49,00000;20,00000;0,75156
404,91400;15,28667;       1,91705; 20,82063;51,00000;20,00000;0,75152
405,08301;15,29333;       1,91727; 20,81960;51,00000;20,00000;0,75148
405,25201;15,30000;       1,91733; 20,81857;52,00000;20,00000;0,75144
405,40799;15,30667;       1,91748; 20,81754;52,00000;20,00000;0,75140
405,57300;15,31333;       1,91780; 20,81652;49,00000;20,00000;0,75136
405,74799;15,32000;       1,91802; 20,81549;49,00000;20,00000;0,75131
405,90201;15,32667;       1,91844; 20,81447;50,00000;20,00000;0,75127
406,05899;15,33333;       1,91870; 20,81292;50,00000;20,00000;0,75123
406,23499;15,34000;       1,91892; 20,81189;50,00000;20,00000;0,75119
406,39600;15,34667;       1,91913; 20,81087;50,00000;20,00000;0,75115
406,55499;15,35333;       1,91934; 20,80932;50,00000;20,00000;0,75111
406,72000;15,36000;       1,91961; 20,80829;49,00000;20,00000;0,75106
406,88599;15,36667;       1,91983; 20,80727;49,00000;20,00000;0,75102
407,04800;15,37333;       1,92009; 20,80572;51,00000;20,00000;0,75098
407,21100;15,38000;       1,92025; 20,80469;51,00000;20,00000;0,75094
407,37900;15,38667;       1,92031; 20,80315;50,00000;20,00000;0,75089
407,54199;15,39333;       1,92079; 20,80213;50,00000;20,00000;0,75085
407,69901;15,40000;       1,92100; 20,80110;50,00000;20,00000;0,75081
407,86200;15,40667;       1,92121; 20,80007;49,00000;20,00000;0,75077
408,02701;15,41333;       1,92137; 20,79957;49,00000;20,00000;0,75073
408,19699;15,42000;       1,92165; 20,79906;51,00000;20,00000;0,75068
408,35800;15,42667;       1,92191; 20,79803;51,00000;20,00000;0,75064
408,52399;15,43333;       1,92218; 20,79753;51,00000;20,00000;0,75060
408,68600;15,44000;       1,92245; 20,79650;51,00000;20,00000;0,75056
408,84299;15,44667;       1,92250; 20,79599;51,00000;20,00000;0,75052
409,01300;15,45333;       1,92267; 20,79496;49,00000;20,00000;0,75047
409,17599;15,46000;       1,92278; 20,79446;49,00000;20,00000;0,75043
409,34100;15,46667;       1,92294; 20,79394;50,00000;20,00000;0,75039
409,50601;15,47333;       1,92300; 20,79343;50,00000;20,00000;0,75034
409,66901;15,48000;       1,92300; 20,79291;49,00000;20,00000;0,75030
409,84000;15,48667;       1,92349; 20,79188;49,00000;20,00000;0,75026
410,00201;15,49333;       1,92370; 20,79136;49,00000;20,00000;0,75021
410,16800;15,50000;       1,92371; 20,79086;49,00000;20,00000;0,75017
410,33600;15,50667;       1,92387; 20,79035;50,00000;20,00000;0,75013
410,48901;15,51333;       1,92424; 20,78932;50,00000;20,00000;0,75009
410,65799;15,52000;       1,92446; 20,78881;50,00000;20,00000;0,75004
410,82401;15,52667;       1,92463; 20,78831;50,00000;20,00000;0,75000
410,99200;15,53333;       1,92479; 20,78781;49,00000;20,00000;0,74995
411,14401;15,54000;       1,92506; 20,78730;49,00000;20,00000;0,74991
411,30701;15,54667;       1,92543; 20,78628;51,00000;20,00000;0,74987
411,47101;15,55333;       1,92570; 20,78577;50,00000;20,00000;0,74983
411,64600;15,56000;       1,92614; 20,78526;51,00000;20,00000;0,74978
411,79800;15,56667;       1,92651; 20,78475;51,00000;20,00000;0,74974
411,96899;15,57333;       1,92684; 20,78372;49,00000;20,00000;0,74969
412,13800;15,58000;       1,92717; 20,78319;49,00000;20,00000;0,74965
412,29700;15,58667;       1,92738; 20,78318;50,00000;20,00000;0,74961
412,45901;15,59333;       1,92749; 20,78271;50,00000;20,00000;0,74956
412,61801;15,60000;       1,92755; 20,78224;49,00000;20,00000;0,74952
412,77499;15,60667;       1,92765; 20,78175;49,00000;20,00000;0,74948
412,94199;15,61333;       1,92803; 20,78125;50,00000;20,00000;0,74944
413,10300;15,62000;       1,92841; 20,78075;49,00000;20,00000;0,74939
413,26700;15,62667;       1,92858; 20,78024;50,00000;20,00000;0,74935
413,42899;15,63333;       1,92858; 20,77973;50,00000;20,00000;0,74931
413,59399;15,64000;       1,92875; 20,77922;49,00000;20,00000;0,74926
413,76599;15,64667;       1,92903; 20,77871;49,00000;20,00000;0,74922
413,92700;15,65333;       1,92935; 20,77820;49,00000;20,00000;0,74917
414,08401;15,66000;       1,92956; 20,77769;50,00000;20,00000;0,74913
414,24799;15,66667;       1,92984; 20,77770;51,00000;20,00000;0,74909
414,42001;15,67333;       1,93012; 20,77719;51,00000;20,00000;0,74904
414,58499;15,68000;       1,93034; 20,77720;52,00000;20,00000;0,74900
414,74899;15,68667;       1,93061; 20,77722;49,00000;20,00000;0,74895
414,90900;15,69333;       1,93093; 20,77668;49,00000;20,00000;0,74891
415,06900;15,70000;       1,93126; 20,77615;50,00000;20,00000;0,74887
415,23801;15,70667;       1,93153; 20,77620;50,00000;20,00000;0,74882
415,39200;15,71333;       1,93180; 20,77573;50,00000;20,00000;0,74878
415,55099;15,72000;       1,93191; 20,77574;50,00000;20,00000;0,74874
415,72699;15,72667;       1,93204; 20,77523;49,00000;20,00000;0,74869
415,88901;15,73333;       1,93226; 20,77368;50,00000;20,00000;0,74864
416,05301;15,74000;       1,93237; 20,77209;50,00000;20,00000;0,74860
416,21500;15,74667;       1,93259; 20,77103;50,00000;20,00000;0,74856
416,38400;15,75333;       1,93287; 20,76950;50,00000;20,00000;0,74851
416,53500;15,76000;       1,93308; 20,76797;49,00000;20,00000;0,74847
416,71500;15,76667;       1,93331; 20,76694;49,00000;20,00000;0,74842
416,86899;15,77333;       1,93369; 20,76539;51,00000;20,00000;0,74838
417,04099;15,78000;       1,93402; 20,76385;51,00000;20,00000;0,74833
417,19901;15,78667;       1,93429; 20,76282;51,00000;20,00000;0,74829
417,35501;15,79333;       1,93456; 20,76179;52,00000;20,00000;0,74825
417,52399;15,80000;       1,93490; 20,76130;52,00000;20,00000;0,74820
417,68799;15,80667;       1,93528; 20,76079;49,00000;20,00000;0,74815
417,84399;15,81333;       1,93544; 20,76029;49,00000;20,00000;0,74811
418,00800;15,82000;       1,93566; 20,75978;50,00000;20,00000;0,74807
418,17401;15,82667;       1,93584; 20,75927;50,00000;20,00000;0,74802
418,34299;15,83333;       1,93606; 20,75877;50,00000;20,00000;0,74798
418,50000;15,84000;       1,93628; 20,75826;50,00000;20,00000;0,74793
418,65900;15,84667;       1,93655; 20,75722;49,00000;20,00000;0,74789
418,82999;15,85333;       1,93689; 20,75668;49,00000;20,00000;0,74784
418,99200;15,86000;       1,93716; 20,75614;50,00000;20,00000;0,74780
419,16199;15,86667;       1,93739; 20,75514;50,00000;20,00000;0,74775
419,32199;15,87333;       1,93745; 20,75466;50,00000;20,00000;0,74771
419,48300;15,88000;       1,93762; 20,75416;49,00000;20,00000;0,74766
419,64801;15,88667;       1,93790; 20,75313;50,00000;20,00000;0,74762
419,80600;15,89333;       1,93844; 20,75262;49,00000;20,00000;0,74757
419,96600;15,90000;       1,93877; 20,75158;51,00000;20,00000;0,74753
420,13501;15,90667;       1,93894; 20,75107;51,00000;20,00000;0,74748
420,31201;15,91333;       1,93923; 20,75004;52,00000;20,00000;0,74743
420,46600;15,92000;       1,93934; 20,74953;52,00000;20,00000;0,74739
420,63199;15,92667;       1,93957; 20,74849;49,00000;20,00000;0,74734
420,79199;15,93333;       1,93979; 20,74799;49,00000;20,00000;0,74730
420,95599;15,94000;       1,94034; 20,74696;50,00000;20,00000;0,74725
421,11600;15,94667;       1,94045; 20,74593;50,00000;20,00000;0,74721
421,28000;15,95333;       1,94068; 20,74542;49,00000;20,00000;0,74716
421,44601;15,96000;       1,94112; 20,74439;52,00000;20,00000;0,74712
421,60400;15,96667;       1,94145; 20,74384;49,00000;20,00000;0,74707
421,78000;15,97333;       1,94179; 20,74278;49,00000;20,00000;0,74702
421,94000;15,98000;       1,94196; 20,74230;50,00000;20,00000;0,74698
422,09900;15,98667;       1,94218; 20,74130;50,00000;20,00000;0,74693
422,26199;15,99333;       1,94246; 20,74079;49,00000;20,00000;0,74689
422,42700;16,00000;       1,94268; 20,74028;49,00000;20,00000;0,74684
422,59000;16,00667;       1,94286; 20,73977;49,00000;20,00000;0,74680
422,75800;16,01333;       1,94309; 20,73925;49,00000;20,00000;0,74675
422,92300;16,02000;       1,94331; 20,73927;50,00000;20,00000;0,74670
423,07999;16,02667;       1,94348; 20,73876;50,00000;20,00000;0,74666
423,24799;16,03333;       1,94382; 20,73877;50,00000;20,00000;0,74661
423,40799;16,04000;       1,94447; 20,73878;50,00000;20,00000;0,74656
423,57300;16,04667;       1,94481; 20,73827;50,00000;20,00000;0,74652
423,73499;16,05333;       1,94498; 20,73829;50,00000;20,00000;0,74647
423,90302;16,06000;       1,94526; 20,73778;50,00000;20,00000;0,74642
424,06400;16,06667;       1,94544; 20,73780;50,00000;20,00000;0,74638
424,22501;16,07333;       1,94561; 20,73729;49,00000;20,00000;0,74633
424,38000;16,08000;       1,94578; 20,73727;50,00000;20,00000;0,74629
424,54800;16,08667;       1,94617; 20,73673;50,00000;20,00000;0,74624
424,72000;16,09333;       1,94662; 20,73626;50,00000;20,00000;0,74619
424,88501;16,10000;       1,94684; 20,73578;50,00000;20,00000;0,74615
425,03900;16,10667;       1,94712; 20,73526;50,00000;20,00000;0,74610
425,20700;16,11333;       1,94746; 20,73476;50,00000;20,00000;0,74605
425,37000;16,12000;       1,94774; 20,73425;49,00000;20,00000;0,74601
425,52499;16,12667;       1,94823; 20,73371;49,00000;20,00000;0,74596
425,70099;16,13333;       1,94831; 20,73265;51,00000;20,00000;0,74591
425,85501;16,14000;       1,94837; 20,73217;51,00000;20,00000;0,74587
426,02200;16,14667;       1,94855; 20,73169;52,00000;20,00000;0,74582
426,18399;16,15333;       1,94888; 20,73118;51,00000;20,00000;0,74577
426,34900;16,16000;       1,94917; 20,73015;49,00000;20,00000;0,74573
426,51199;16,16667;       1,94950; 20,72965;49,00000;20,00000;0,74568
426,67099;16,17333;       1,94994; 20,72914;50,00000;20,00000;0,74564
426,83899;16,18000;       1,95018; 20,72863;50,00000;20,00000;0,74559
426,99399;16,18667;       1,95051; 20,72812;50,00000;20,00000;0,74554
427,16699;16,19333;       1,95080; 20,72709;50,00000;20,00000;0,74549
427,32199;16,20000;       1,95118; 20,72658;49,00000;20,00000;0,74545
427,49399;16,20667;       1,95158; 20,72607;50,00000;20,00000;0,74540
427,64600;16,21333;       1,95196; 20,72557;50,00000;20,00000;0,74535
427,82101;16,22000;       1,95236; 20,72454;50,00000;20,00000;0,74530
427,97299;16,22667;       1,95242; 20,72402;50,00000;20,00000;0,74526
428,13501;16,23333;       1,95281; 20,72299;50,00000;20,00000;0,74521
428,31000;16,24000;       1,95316; 20,72245;49,00000;20,00000;0,74516
428,47000;16,24667;       1,95360; 20,72139;49,00000;20,00000;0,74512
428,62900;16,25333;       1,95399; 20,72039;50,00000;20,00000;0,74507
428,79300;16,26000;       1,95417; 20,71991;50,00000;20,00000;0,74502
428,95401;16,26667;       1,95461; 20,71888;50,00000;20,00000;0,74498
429,12601;16,27333;       1,95485; 20,71837;49,00000;20,00000;0,74493
429,27499;16,28000;       1,95518; 20,71734;50,00000;20,00000;0,74488
429,44400;16,28667;       1,95531; 20,71683;50,00000;20,00000;0,74483
429,61301;16,29333;       1,95592; 20,71633;50,00000;20,00000;0,74478
429,76599;16,30000;       1,95630; 20,71581;50,00000;20,00000;0,74474
429,93701;16,30667;       1,95649; 20,71530;49,00000;20,00000;0,74469
430,09201;16,31333;       1,95687; 20,71479;49,00000;20,00000;0,74464
430,26599;16,32000;       1,95717; 20,71428;49,00000;20,00000;0,74459
430,42599;16,32667;       1,95751; 20,71377;50,00000;20,00000;0,74455
430,58600;16,33333;       1,95774; 20,71326;50,00000;20,00000;0,74450
430,75500;16,34000;       1,95824; 20,71275;50,00000;20,00000;0,74445
430,91299;16,34667;       1,95863; 20,71172;49,00000;20,00000;0,74440
431,06799;16,35333;       1,95891; 20,71170;49,00000;20,00000;0,74436
431,23999;16,36000;       1,95921; 20,71064;50,00000;20,00000;0,74431
431,40701;16,36667;       1,95960; 20,70964;50,00000;20,00000;0,74426
431,56799;16,37333;       1,95999; 20,70916;52,00000;20,00000;0,74421
431,72501;16,38000;       1,96038; 20,70812;52,00000;20,00000;0,74416
431,89700;16,38667;       1,96084; 20,70710;49,00000;20,00000;0,74411
432,05600;16,39333;       1,96134; 20,70606;49,00000;20,00000;0,74407
432,21500;16,40000;       1,96184; 20,70503;49,00000;20,00000;0,74402
432,37900;16,40667;       1,96239; 20,70452;50,00000;20,00000;0,74397
432,54199;16,41333;       1,96284; 20,70349;50,00000;20,00000;0,74392
432,70901;16,42000;       1,96319; 20,70246;50,00000;20,00000;0,74387
432,87399;16,42667;       1,96358; 20,70142;49,00000;20,00000;0,74382
433,03500;16,43333;       1,96398; 20,70040;49,00000;20,00000;0,74378
433,19699;16,44000;       1,96486; 20,69989;50,00000;20,00000;0,74373
433,35300;16,44667;       1,96525; 20,69938;50,00000;20,00000;0,74368
433,51901;16,45333;       1,96548; 20,69887;50,00000;20,00000;0,74363
433,68301;16,46000;       1,96556; 20,69836;50,00000;20,00000;0,74358
433,85300;16,46667;       1,96564; 20,69834;49,00000;20,00000;0,74353
434,00400;16,47333;       1,96597; 20,69779;49,00000;20,00000;0,74349
434,17899;16,48000;       1,96654; 20,69783;51,00000;20,00000;0,74344
434,33899;16,48667;       1,96693; 20,69787;51,00000;20,00000;0,74339
434,50699;16,49333;       1,96776; 20,69736;51,00000;20,00000;0,74334
434,66101;16,50000;       1,96821; 20,69737;51,00000;20,00000;0,74329
434,82999;16,50667;       1,96882; 20,69738;49,00000;20,00000;0,74324
434,98599;16,51333;       1,96911; 20,69735;49,00000;20,00000;0,74319
435,16101;16,52000;       1,96936; 20,69733;50,00000;20,00000;0,74314
435,32001;16,52667;       1,96986; 20,69738;50,00000;20,00000;0,74309
435,47800;16,53333;       1,97057; 20,69742;50,00000;20,00000;0,74305
435,64801;16,54000;       1,97119; 20,69744;49,00000;20,00000;0,74300
435,80801;16,54667;       1,97164; 20,69746;49,00000;20,00000;0,74295
435,96201;16,55333;       1,97182; 20,69695;49,00000;20,00000;0,74290
436,13101;16,56000;       1,97222; 20,69696;49,00000;20,00000;0,74285
436,29999;16,56667;       1,97295; 20,69646;50,00000;20,00000;0,74280
436,45300;16,57333;       1,97345; 20,69647;50,00000;20,00000;0,74275
436,61899;16,58000;       1,97412; 20,69593;49,00000;20,00000;0,74270
436,78299;16,58667;       1,97468; 20,69591;49,00000;20,00000;0,74265
436,94101;16,59333;       1,97523; 20,69543;49,00000;20,00000;0,74260
437,10699;16,60000;       1,97563; 20,69495;51,00000;20,00000;0,74255
437,27600;16,60667;       1,97593; 20,69496;52,00000;20,00000;0,74250
437,43399;16,61333;       1,97649; 20,69445;52,00000;20,00000;0,74246
437,60101;16,62000;       1,97700; 20,69394;49,00000;20,00000;0,74240
437,75699;16,62667;       1,97766; 20,69340;49,00000;20,00000;0,74236
437,92599;16,63333;       1,97818; 20,69338;49,00000;20,00000;0,74231
438,07999;16,64000;       1,97884; 20,69290;50,00000;20,00000;0,74226
438,24799;16,64667;       1,97956; 20,69242;50,00000;20,00000;0,74221
438,40900;16,65333;       1,98045; 20,69190;50,00000;20,00000;0,74216
438,57501;16,66000;       1,98096; 20,69191;49,00000;20,00000;0,74211
438,74301;16,66667;       1,98136; 20,69139;50,00000;20,00000;0,74206
438,90399;16,67333;       1,98193; 20,69087;50,00000;20,00000;0,74201
439,07800;16,68000;       1,98250; 20,69036;50,00000;20,00000;0,74195
439,23300;16,68667;       1,98305; 20,69037;50,00000;20,00000;0,74191
439,39499;16,69333;       1,98367; 20,68986;50,00000;20,00000;0,74186
439,55899;16,70000;       1,98440; 20,68936;49,00000;20,00000;0,74181
439,71701;16,70667;       1,98517; 20,68885;49,00000;20,00000;0,74176
439,88000;16,71333;       1,98584; 20,68887;51,00000;20,00000;0,74171
440,03799;16,72000;       1,98613; 20,68837;51,00000;20,00000;0,74166
440,20700;16,72667;       1,98702; 20,68839;50,00000;20,00000;0,74161
440,36600;16,73333;       1,98764; 20,68788;50,00000;20,00000;0,74156
440,53101;16,74000;       1,98831; 20,68787;50,00000;20,00000;0,74151
440,68201;16,74667;       1,98871; 20,68785;50,00000;20,00000;0,74146
440,85599;16,75333;       1,98917; 20,68789;50,00000;20,00000;0,74141
441,01599;16,76000;       1,99000; 20,68740;50,00000;20,00000;0,74136
441,17499;16,76667;       1,99083; 20,68740;50,00000;20,00000;0,74131
441,35101;16,77333;       1,99146; 20,68740;49,00000;20,00000;0,74126
441,51099;16,78000;       1,99213; 20,68741;49,00000;20,00000;0,74121
441,67700;16,78667;       1,99286; 20,68741;49,00000;20,00000;0,74115
441,84100;16,79333;       1,99332; 20,68690;50,00000;20,00000;0,74110
442,00500;16,80000;       1,99389; 20,68691;50,00000;20,00000;0,74105
442,16199;16,80667;       1,99461; 20,68691;49,00000;20,00000;0,74100
442,32700;16,81333;       1,99534; 20,68640;49,00000;20,00000;0,74095
442,49100;16,82000;       1,99613; 20,68641;51,00000;20,00000;0,74090
442,65701;16,82667;       1,99680; 20,68589;51,00000;20,00000;0,74085
442,82001;16,83333;       1,99769; 20,68590;52,00000;20,00000;0,74080
442,98599;16,84000;       1,99853; 20,68539;52,00000;20,00000;0,74075
443,14401;16,84667;       1,99893; 20,68540;49,00000;20,00000;0,74070
443,30801;16,85333;       1,99929; 20,68487;49,00000;20,00000;0,74065
443,46899;16,86000;       2,00028; 20,68485;49,00000;20,00000;0,74060
443,63199;16,86667;       2,00171; 20,68437;50,00000;20,00000;0,74055
443,79700;16,87333;       2,00266; 20,68441;50,00000;20,00000;0,74049
443,95700;16,88000;       2,00333; 20,68390;50,00000;20,00000;0,74044
444,11700;16,88667;       2,00401; 20,68338;49,00000;20,00000;0,74039
444,28699;16,89333;       2,00453; 20,68339;49,00000;20,00000;0,74034
444,45300;16,90000;       2,00532; 20,68288;50,00000;20,00000;0,74029
444,60599;16,90667;       2,00609; 20,68288;50,00000;20,00000;0,74024
444,78000;16,91333;       2,00699; 20,68237;50,00000;20,00000;0,74019
444,93900;16,92000;       2,00772; 20,68238;50,00000;20,00000;0,74014
445,10101;16,92667;       2,00861; 20,68186;49,00000;20,00000;0,74008
445,26901;16,93333;       2,00962; 20,68187;49,00000;20,00000;0,74003
445,42999;16,94000;       2,01062; 20,68135;51,00000;20,00000;0,73998
445,59299;16,94667;       2,01146; 20,68083;51,00000;20,00000;0,73993
445,75601;16,95333;       2,01246; 20,68083;51,00000;20,00000;0,73988
445,92300;16,96000;       2,01336; 20,68031;51,00000;20,00000;0,73983
446,08899;16,96667;       2,01420; 20,67976;50,00000;20,00000;0,73977
446,25699;16,97333;       2,01510; 20,67921;49,00000;20,00000;0,73972
446,41599;16,98000;       2,01594; 20,67872;50,00000;20,00000;0,73967
446,57501;16,98667;       2,01672; 20,67824;50,00000;20,00000;0,73962
446,74899;16,99333;       2,01757; 20,67773;50,00000;20,00000;0,73956
446,90100;17,00000;       2,01830; 20,67721;49,00000;20,00000;0,73952
447,07300;17,00667;       2,01899; 20,67670;49,00000;20,00000;0,73946
447,23001;17,01333;       2,01955; 20,67615;49,00000;20,00000;0,73941
447,39700;17,02000;       2,02056; 20,67561;49,00000;20,00000;0,73936
447,55899;17,02667;       2,02194; 20,67564;50,00000;20,00000;0,73931
447,72198;17,03333;       2,02305; 20,67516;50,00000;20,00000;0,73925
447,89499;17,04000;       2,02374; 20,67465;49,00000;20,00000;0,73920
448,04700;17,04667;       2,02420; 20,67414;49,00000;20,00000;0,73915
448,21500;17,05333;       2,02516; 20,67416;50,00000;20,00000;0,73910
448,37601;17,06000;       2,02632; 20,67365;50,00000;20,00000;0,73905
448,53400;17,06667;       2,02732; 20,67315;52,00000;20,00000;0,73900
448,69601;17,07333;       2,02833; 20,67265;51,00000;20,00000;0,73894
448,86301;17,08000;       2,02939; 20,67266;49,00000;20,00000;0,73889
449,01099;17,08667;       2,03028; 20,67215;49,00000;20,00000;0,73884
449,18399;17,09333;       2,03119; 20,67165;50,00000;20,00000;0,73879
449,35199;17,10000;       2,03214; 20,67166;50,00000;20,00000;0,73873
449,50299;17,10667;       2,03303; 20,67115;50,00000;20,00000;0,73868
449,67300;17,11333;       2,03410; 20,67064;50,00000;20,00000;0,73863
449,82999;17,12000;       2,03505; 20,67013;49,00000;20,00000;0,73858
449,99301;17,12667;       2,03600; 20,66959;49,00000;20,00000;0,73853
450,15799;17,13333;       2,03696; 20,66905;50,00000;20,00000;0,73847
450,32300;17,14000;       2,03797; 20,66858;50,00000;20,00000;0,73842
450,47900;17,14667;       2,03892; 20,66810;50,00000;20,00000;0,73837
450,64499;17,15333;       2,04004; 20,66759;50,00000;20,00000;0,73832
450,80701;17,16000;       2,04153; 20,66708;49,00000;20,00000;0,73826
450,96899;17,16667;       2,04259; 20,66656;49,00000;20,00000;0,73821
451,13101;17,17333;       2,04344; 20,66605;51,00000;20,00000;0,73816
451,29901;17,18000;       2,04435; 20,66553;51,00000;20,00000;0,73810
451,46701;17,18667;       2,04520; 20,66502;52,00000;20,00000;0,73805
451,61801;17,19333;       2,04598; 20,66450;52,00000;20,00000;0,73800
451,78400;17,20000;       2,04694; 20,66398;49,00000;20,00000;0,73795
451,95300;17,20667;       2,04796; 20,66347;49,00000;20,00000;0,73789
452,11099;17,21333;       2,04913; 20,66295;49,00000;20,00000;0,73784
452,29001;17,22000;       2,05042; 20,66243;50,00000;20,00000;0,73778
452,44501;17,22667;       2,05148; 20,66244;50,00000;20,00000;0,73773
452,60101;17,23333;       2,05249; 20,66192;50,00000;20,00000;0,73768
452,77301;17,24000;       2,05356; 20,66138;49,00000;20,00000;0,73763
452,93500;17,24667;       2,05474; 20,66084;49,00000;20,00000;0,73757
453,09698;17,25333;       2,05586; 20,66036;50,00000;20,00000;0,73752
453,26001;17,26000;       2,05703; 20,65988;50,00000;20,00000;0,73747
453,42099;17,26667;       2,05826; 20,65937;50,00000;20,00000;0,73741
453,58099;17,27333;       2,05927; 20,65886;50,00000;20,00000;0,73736
453,74600;17,28000;       2,06034; 20,65887;49,00000;20,00000;0,73731
453,90900;17,28667;       2,06135; 20,65836;49,00000;20,00000;0,73725
454,06900;17,29333;       2,06242; 20,65785;51,00000;20,00000;0,73720
454,24301;17,30000;       2,06350; 20,65786;51,00000;20,00000;0,73714
454,39200;17,30667;       2,06477; 20,65735;51,00000;20,00000;0,73710
454,56201;17,31333;       2,06612; 20,65684;50,00000;20,00000;0,73704
454,71899;17,32000;       2,06729; 20,65685;50,00000;20,00000;0,73699
454,88400;17,32667;       2,06842; 20,65634;50,00000;20,00000;0,73693
455,04700;17,33333;       2,06959; 20,65583;50,00000;20,00000;0,73688
455,21100;17,34000;       2,07050; 20,65584;50,00000;20,00000;0,73683
455,37201;17,34667;       2,07163; 20,65533;50,00000;20,00000;0,73677
455,53699;17,35333;       2,07275; 20,65531;51,00000;20,00000;0,73672
455,70001;17,36000;       2,07388; 20,65476;50,00000;20,00000;0,73666
455,86499;17,36667;       2,07506; 20,65480;49,00000;20,00000;0,73661
456,01901;17,37333;       2,07618; 20,65485;50,00000;20,00000;0,73656
456,19101;17,38000;       2,07747; 20,65433;50,00000;20,00000;0,73650
456,34399;17,38667;       2,07870; 20,65434;49,00000;20,00000;0,73645
456,51700;17,39333;       2,07994; 20,65434;49,00000;20,00000;0,73639
456,67801;17,40000;       2,08107; 20,65380;49,00000;20,00000;0,73634
456,84201;17,40667;       2,08236; 20,65377;49,00000;20,00000;0,73629
457,00601;17,41333;       2,08387; 20,65380;49,00000;20,00000;0,73623
457,17200;17,42000;       2,08500; 20,65332;51,00000;20,00000;0,73618
457,33499;17,42667;       2,08613; 20,65332;51,00000;20,00000;0,73612
457,50201;17,43333;       2,08747; 20,65281;49,00000;20,00000;0,73607
457,66101;17,44000;       2,08860; 20,65177;49,00000;20,00000;0,73601
457,82401;17,44667;       2,08978; 20,65126;50,00000;20,00000;0,73596
457,98901;17,45333;       2,09080; 20,65075;50,00000;20,00000;0,73590
458,14600;17,46000;       2,09193; 20,64972;50,00000;20,00000;0,73585
458,31799;17,46667;       2,09328; 20,64918;50,00000;20,00000;0,73579
458,47400;17,47333;       2,09489; 20,64864;49,00000;20,00000;0,73574
458,63699;17,48000;       2,09630; 20,64763;49,00000;20,00000;0,73569
458,79199;17,48667;       2,09693; 20,64714;50,00000;20,00000;0,73564
458,96500;17,49333;       2,09845; 20,64662;50,00000;20,00000;0,73558
459,13501;17,50000;       2,09981; 20,64610;50,00000;20,00000;0,73552
459,29800;17,50667;       2,10115; 20,64558;50,00000;20,00000;0,73547
459,46201;17,51333;       2,10272; 20,64451;49,00000;20,00000;0,73541
459,62100;17,52000;       2,10417; 20,64397;49,00000;20,00000;0,73536
459,78400;17,52667;       2,10541; 20,64349;51,00000;20,00000;0,73530
459,94400;17,53333;       2,10671; 20,64301;51,00000;20,00000;0,73525
460,11099;17,54000;       2,10801; 20,64250;52,00000;20,00000;0,73519
460,27200;17,54667;       2,10914; 20,64199;52,00000;20,00000;0,73514
460,42700;17,55333;       2,11037; 20,64147;49,00000;20,00000;0,73509
460,59799;17,56000;       2,11157; 20,64095;49,00000;20,00000;0,73503
460,76999;17,56667;       2,11287; 20,64044;50,00000;20,00000;0,73497
460,92999;17,57333;       2,11428; 20,63992;50,00000;20,00000;0,73492
461,09100;17,58000;       2,11557; 20,63993;50,00000;20,00000;0,73486
461,24701;17,58667;       2,11692; 20,63942;52,00000;20,00000;0,73481
461,42001;17,59333;       2,11833; 20,63943;49,00000;20,00000;0,73475
461,57800;17,60000;       2,11963; 20,63944;49,00000;20,00000;0,73470
461,73801;17,60667;       2,12081; 20,63893;50,00000;20,00000;0,73464
461,90601;17,61333;       2,12217; 20,63894;50,00000;20,00000;0,73459
462,06500;17,62000;       2,12347; 20,63895;50,00000;20,00000;0,73453
462,23599;17,62667;       2,12477; 20,63841;50,00000;20,00000;0,73447
462,39700;17,63333;       2,12634; 20,63838;49,00000;20,00000;0,73442
462,54501;17,64000;       2,12779; 20,63790;49,00000;20,00000;0,73437
462,72000;17,64667;       2,12932; 20,63794;49,00000;20,00000;0,73431
462,89099;17,65333;       2,13085; 20,63743;51,00000;20,00000;0,73425
463,04599;17,66000;       2,13198; 20,63743;51,00000;20,00000;0,73420
463,20499;17,66667;       2,13344; 20,63691;52,00000;20,00000;0,73414
463,37799;17,67333;       2,13475; 20,63692;49,00000;20,00000;0,73408
463,54099;17,68000;       2,13616; 20,63641;49,00000;20,00000;0,73403
463,70001;17,68667;       2,13757; 20,63589;50,00000;20,00000;0,73397
463,86801;17,69333;       2,13904; 20,63590;50,00000;20,00000;0,73392
464,02100;17,70000;       2,14044; 20,63540;50,00000;20,00000;0,73386
464,19601;17,70667;       2,14186; 20,63541;51,00000;20,00000;0,73380
464,35400;17,71333;       2,14322; 20,63491;51,00000;20,00000;0,73375
464,50699;17,72000;       2,14467; 20,63492;49,00000;20,00000;0,73370
464,67200;17,72667;       2,14620; 20,63441;50,00000;20,00000;0,73364
464,83600;17,73333;       2,14767; 20,63441;50,00000;20,00000;0,73358
464,99799;17,74000;       2,14913; 20,63438;50,00000;20,00000;0,73353
465,17300;17,74667;       2,15051; 20,63435;50,00000;20,00000;0,73347
465,32999;17,75333;       2,15197; 20,63387;50,00000;20,00000;0,73342
465,50000;17,76000;       2,15382; 20,63391;49,00000;20,00000;0,73336
465,65701;17,76667;       2,15567; 20,63392;49,00000;20,00000;0,73330
465,82501;17,77333;       2,15703; 20,63393;49,00000;20,00000;0,73324
465,98099;17,78000;       2,15839; 20,63394;49,00000;20,00000;0,73319
466,14499;17,78667;       2,15942; 20,63395;51,00000;20,00000;0,73313
466,31201;17,79333;       2,16106; 20,63395;51,00000;20,00000;0,73308
466,47400;17,80000;       2,16286; 20,63396;51,00000;20,00000;0,73302
466,64301;17,80667;       2,16439; 20,63397;51,00000;20,00000;0,73296
466,79901;17,81333;       2,16602; 20,63398;49,00000;20,00000;0,73291
466,96600;17,82000;       2,16766; 20,63400;49,00000;20,00000;0,73285
467,12500;17,82667;       2,16885; 20,63401;50,00000;20,00000;0,73279
467,28699;17,83333;       2,17044; 20,63402;51,00000;20,00000;0,73274
467,44901;17,84000;       2,17207; 20,63403;50,00000;20,00000;0,73268
467,61401;17,84667;       2,17382; 20,63404;50,00000;20,00000;0,73262
467,77399;17,85333;       2,17551; 20,63401;50,00000;20,00000;0,73257
467,95001;17,86000;       2,17689; 20,63399;50,00000;20,00000;0,73251
468,10400;17,86667;       2,17840; 20,63403;49,00000;20,00000;0,73245
468,26501;17,87333;       2,18004; 20,63408;49,00000;20,00000;0,73240
468,42700;17,88000;       2,18168; 20,63409;50,00000;20,00000;0,73234
468,59500;17,88667;       2,18359; 20,63410;50,00000;20,00000;0,73228
468,75699;17,89333;       2,18540; 20,63411;50,00000;20,00000;0,73223
468,91599;17,90000;       2,18714; 20,63408;50,00000;20,00000;0,73217
469,07800;17,90667;       2,18894; 20,63405;49,00000;20,00000;0,73211
469,25400;17,91333;       2,19065; 20,63409;49,00000;20,00000;0,73205
469,41299;17,92000;       2,19223; 20,63413;51,00000;20,00000;0,73200
469,57401;17,92667;       2,19393; 20,63413;51,00000;20,00000;0,73194
469,74600;17,93333;       2,19552; 20,63414;52,00000;20,00000;0,73188
469,90201;17,94000;       2,19699; 20,63414;50,00000;20,00000;0,73183
470,06500;17,94667;       2,19869; 20,63415;49,00000;20,00000;0,73177
470,23801;17,95333;       2,20056; 20,63416;49,00000;20,00000;0,73171
470,38599;17,96000;       2,20224; 20,63417;49,00000;20,00000;0,73166
470,56000;17,96667;       2,20395; 20,63418;49,00000;20,00000;0,73159
470,72101;17,97333;       2,20587; 20,63419;50,00000;20,00000;0,73154
470,88501;17,98000;       2,20778; 20,63420;50,00000;20,00000;0,73148
471,03799;17,98667;       2,20936; 20,63421;51,00000;20,00000;0,73143
471,21500;17,99333;       2,21070; 20,63422;52,00000;20,00000;0,73136
471,38000;18,00000;       2,21251; 20,63423;49,00000;20,00000;0,73131
471,53299;18,00667;       2,21463; 20,63424;49,00000;20,00000;0,73125
471,70001;18,01333;       2,21661; 20,63422;50,00000;20,00000;0,73119
471,85001;18,02000;       2,21852; 20,63420;50,00000;20,00000;0,73114
472,02899;18,02667;       2,22040; 20,63425;50,00000;20,00000;0,73108
472,19299;18,03333;       2,22232; 20,63429;50,00000;20,00000;0,73102
472,35001;18,04000;       2,22396; 20,63429;49,00000;20,00000;0,73096
472,51300;18,04667;       2,22566; 20,63430;49,00000;20,00000;0,73090
472,67700;18,05333;       2,22753; 20,63431;49,00000;20,00000;0,73085
472,84299;18,06000;       2,22967; 20,63432;49,00000;20,00000;0,73079
473,00800;18,06667;       2,23122; 20,63433;50,00000;20,00000;0,73073
473,16800;18,07333;       2,23292; 20,63434;50,00000;20,00000;0,73067
473,33401;18,08000;       2,23468; 20,63435;50,00000;20,00000;0,73061
473,49301;18,08667;       2,23665; 20,63436;50,00000;20,00000;0,73056
473,65601;18,09333;       2,23847; 20,63437;50,00000;20,00000;0,73050
473,81500;18,10000;       2,24033; 20,63438;49,00000;20,00000;0,73044
473,98300;18,10667;       2,24237; 20,63439;49,00000;20,00000;0,73038
474,14401;18,11333;       2,24440; 20,63439;51,00000;20,00000;0,73032
474,31400;18,12000;       2,24633; 20,63388;51,00000;20,00000;0,73026
474,47699;18,12667;       2,24837; 20,63385;52,00000;20,00000;0,73021
474,63901;18,13333;       2,25019; 20,63382;52,00000;20,00000;0,73015
474,80301;18,14000;       2,25217; 20,63386;49,00000;20,00000;0,73009
474,97000;18,14667;       2,25432; 20,63389;50,00000;20,00000;0,73003
475,13000;18,15333;       2,25619; 20,63390;49,00000;20,00000;0,72997
475,29999;18,16000;       2,25801; 20,63391;49,00000;20,00000;0,72991
475,46201;18,16667;       2,25989; 20,63392;50,00000;20,00000;0,72985
475,62500;18,17333;       2,26181; 20,63341;52,00000;20,00000;0,72979
475,78601;18,18000;       2,26374; 20,63343;52,00000;20,00000;0,72974
475,94299;18,18667;       2,26594; 20,63344;49,00000;20,00000;0,72968
476,10699;18,19333;       2,26787; 20,63346;49,00000;20,00000;0,72962
476,27301;18,20000;       2,26986; 20,63347;49,00000;20,00000;0,72956
476,43100;18,20667;       2,27189; 20,63348;50,00000;20,00000;0,72950
476,60001;18,21333;       2,27383; 20,63349;50,00000;20,00000;0,72944
476,74799;18,22000;       2,27580; 20,63298;50,00000;20,00000;0,72939
476,92899;18,22667;       2,27786; 20,63299;50,00000;20,00000;0,72932
477,09201;18,23333;       2,27968; 20,63300;49,00000;20,00000;0,72927
477,25601;18,24000;       2,28167; 20,63299;49,00000;20,00000;0,72921
477,41199;18,24667;       2,28349; 20,63297;49,00000;20,00000;0,72915
477,56299;18,25333;       2,28535; 20,63301;49,00000;20,00000;0,72910
477,73801;18,26000;       2,28730; 20,63305;50,00000;20,00000;0,72903
477,89899;18,26667;       2,28940; 20,63254;51,00000;20,00000;0,72897
478,06400;18,27333;       2,29155; 20,63255;51,00000;20,00000;0,72891
478,23099;18,28000;       2,29366; 20,63255;51,00000;20,00000;0,72885
478,38599;18,28667;       2,29580; 20,63252;49,00000;20,00000;0,72880
478,55701;18,29333;       2,29786; 20,63249;50,00000;20,00000;0,72874
478,72000;18,30000;       2,29985; 20,63253;50,00000;20,00000;0,72868
478,88901;18,30667;       2,30196; 20,63256;49,00000;20,00000;0,72861
479,04599;18,31333;       2,30400; 20,63204;50,00000;20,00000;0,72856
479,22101;18,32000;       2,30611; 20,63205;50,00000;20,00000;0,72849
479,38300;18,32667;       2,30750; 20,63206;50,00000;20,00000;0,72843
479,54700;18,33333;       2,30972; 20,63207;50,00000;20,00000;0,72837
479,70200;18,34000;       2,31198; 20,63208;49,00000;20,00000;0,72832
479,87000;18,34667;       2,31414; 20,63210;49,00000;20,00000;0,72826
480,02802;18,35333;       2,31602; 20,63211;50,00000;20,00000;0,72820
480,19400;18,36000;       2,31786; 20,63160;50,00000;20,00000;0,72814
480,35501;18,36667;       2,32007; 20,63161;50,00000;20,00000;0,72808
480,51901;18,37333;       2,32212; 20,63162;50,00000;20,00000;0,72802
480,68701;18,38000;       2,32401; 20,63163;49,00000;20,00000;0,72796
480,84601;18,38667;       2,32601; 20,63164;49,00000;20,00000;0,72790
481,00900;18,39333;       2,32795; 20,63165;49,00000;20,00000;0,72784
481,17001;18,40000;       2,33000; 20,63162;50,00000;20,00000;0,72778
481,33701;18,40667;       2,33195; 20,63108;50,00000;20,00000;0,72772
481,50601;18,41333;       2,33390; 20,63060;50,00000;20,00000;0,72766
481,66501;18,42000;       2,33579; 20,63011;50,00000;20,00000;0,72760
481,82101;18,42667;       2,33772; 20,62959;49,00000;20,00000;0,72754
482,00299;18,43333;       2,33958; 20,62856;49,00000;20,00000;0,72748
482,15799;18,44000;       2,34130; 20,62805;49,00000;20,00000;0,72742
482,31699;18,44667;       2,34291; 20,62753;51,00000;20,00000;0,72736
482,48801;18,45333;       2,34460; 20,62703;51,00000;20,00000;0,72730
482,64401;18,46000;       2,34632; 20,62704;51,00000;20,00000;0,72724
482,80701;18,46667;       2,34821; 20,62653;51,00000;20,00000;0,72718
482,97299;18,47333;       2,34989; 20,62602;49,00000;20,00000;0,72712
483,14001;18,48000;       2,35168; 20,62603;49,00000;20,00000;0,72706
483,28699;18,48667;       2,35311; 20,62552;49,00000;20,00000;0,72700
483,46399;18,49333;       2,35469; 20,62553;50,00000;20,00000;0,72694
483,62900;18,50000;       2,35626; 20,62503;50,00000;20,00000;0,72688
483,79001;18,50667;       2,35799; 20,62504;50,00000;20,00000;0,72682
483,94400;18,51333;       2,36010; 20,62502;49,00000;20,00000;0,72676
484,11099;18,52000;       2,36183; 20,62448;49,00000;20,00000;0,72670
484,27399;18,52667;       2,36302; 20,62452;50,00000;20,00000;0,72664
484,43799;18,53333;       2,36404; 20,62404;50,00000;20,00000;0,72658
484,60400;18,54000;       2,36561; 20,62405;50,00000;20,00000;0,72651
484,76199;18,54667;       2,36723; 20,62406;50,00000;20,00000;0,72645
484,94000;18,55333;       2,36876; 20,62355;50,00000;20,00000;0,72639
485,09000;18,56000;       2,37026; 20,62356;49,00000;20,00000;0,72633
485,25800;18,56667;       2,37129; 20,62305;49,00000;20,00000;0,72627
485,41400;18,57333;       2,37257; 20,62306;50,00000;20,00000;0,72621
485,58099;18,58000;       2,37387; 20,62307;50,00000;20,00000;0,72615
485,74301;18,58667;       2,37533; 20,62256;51,00000;20,00000;0,72609
485,91299;18,59333;       2,37686; 20,62257;51,00000;20,00000;0,72603
486,06799;18,60000;       2,37793; 20,62206;51,00000;20,00000;0,72597
486,23901;18,60667;       2,37869; 20,62207;51,00000;20,00000;0,72590
486,39499;18,61333;       2,37976; 20,62208;49,00000;20,00000;0,72585
486,56400;18,62000;       2,38073; 20,62157;49,00000;20,00000;0,72578
486,72900;18,62667;       2,38192; 20,62154;50,00000;20,00000;0,72572
486,88400;18,63333;       2,38294; 20,62100;51,00000;20,00000;0,72566
487,05301;18,64000;       2,38391; 20,62103;52,00000;20,00000;0,72560
487,22501;18,64667;       2,38484; 20,62107;52,00000;20,00000;0,72553
487,38400;18,65333;       2,38520; 20,62056;49,00000;20,00000;0,72547
487,55099;18,66000;       2,38585; 20,62057;49,00000;20,00000;0,72541
487,70700;18,66667;       2,38675; 20,62006;50,00000;20,00000;0,72535
487,87100;18,67333;       2,38767; 20,62006;50,00000;20,00000;0,72529
488,03799;18,68000;       2,38843; 20,62007;50,00000;20,00000;0,72523
488,19901;18,68667;       2,38863; 20,61956;50,00000;20,00000;0,72517
488,37201;18,69333;       2,38879; 20,61957;49,00000;20,00000;0,72510
488,53000;18,70000;       2,38898; 20,61905;49,00000;20,00000;0,72504
488,69501;18,70667;       2,38924; 20,61906;49,00000;20,00000;0,72498
488,85800;18,71333;       2,38972; 20,61907;50,00000;20,00000;0,72492
489,02100;18,72000;       2,39009; 20,61856;50,00000;20,00000;0,72486
489,18701;18,72667;       2,39035; 20,61858;51,00000;20,00000;0,72480
489,33600;18,73333;       2,39059; 20,61806;51,00000;20,00000;0,72474
489,51700;18,74000;       2,39093; 20,61804;51,00000;20,00000;0,72467
489,67200;18,74667;       2,39079; 20,61802;49,00000;20,00000;0,72461
489,84100;18,75333;       2,39067; 20,61754;49,00000;20,00000;0,72455
490,00000;18,76000;       2,39054; 20,61758;51,00000;20,00000;0,72449
490,16400;18,76667;       2,39036; 20,61759;51,00000;20,00000;0,72443
490,32999;18,77333;       2,39007; 20,61760;52,00000;20,00000;0,72436
490,49701;18,78000;       2,38979; 20,61709;52,00000;20,00000;0,72430
490,65201;18,78667;       2,38916; 20,61707;49,00000;20,00000;0,72424
490,82001;18,79333;       2,38865; 20,61704;49,00000;20,00000;0,72418
490,98599;18,80000;       2,38815; 20,61709;50,00000;20,00000;0,72411
491,14899;18,80667;       2,38780; 20,61714;50,00000;20,00000;0,72405
491,30600;18,81333;       2,38745; 20,61715;50,00000;20,00000;0,72399
491,47501;18,82000;       2,38650; 20,61716;50,00000;20,00000;0,72393
491,63400;18,82667;       2,38566; 20,61717;50,00000;20,00000;0,72387
491,80099;18,83333;       2,38499; 20,61719;49,00000;20,00000;0,72380
491,96500;18,84000;       2,38398; 20,61720;49,00000;20,00000;0,72374
492,12299;18,84667;       2,38297; 20,61722;51,00000;20,00000;0,72368
492,29300;18,85333;       2,38219; 20,61724;50,00000;20,00000;0,72361
492,44299;18,86000;       2,38128; 20,61726;52,00000;20,00000;0,72356
492,61301;18,86667;       2,38028; 20,61728;50,00000;20,00000;0,72349
492,76801;18,87333;       2,37893; 20,61729;49,00000;20,00000;0,72343
492,93399;18,88000;       2,37765; 20,61731;49,00000;20,00000;0,72337
493,09799;18,88667;       2,37626; 20,61732;49,00000;20,00000;0,72331
493,26501;18,89333;       2,37477; 20,61733;51,00000;20,00000;0,72324
493,42599;18,90000;       2,37320; 20,61730;51,00000;20,00000;0,72318
493,59399;18,90667;       2,37160; 20,61728;52,00000;20,00000;0,72312
493,75299;18,91333;       2,37009; 20,61733;52,00000;20,00000;0,72306
493,91901;18,92000;       2,36859; 20,61738;49,00000;20,00000;0,72299
494,08200;18,92667;       2,36698; 20,61739;49,00000;20,00000;0,72293
494,23999;18,93333;       2,36525; 20,61741;49,00000;20,00000;0,72287
494,40302;18,94000;       2,36352; 20,61742;50,00000;20,00000;0,72281
494,56400;18,94667;       2,36174; 20,61743;50,00000;20,00000;0,72274
494,73099;18,95333;       2,35980; 20,61744;50,00000;20,00000;0,72268
494,89600;18,96000;       2,35752; 20,61745;50,00000;20,00000;0,72262
495,06500;18,96667;       2,35548; 20,61746;49,00000;20,00000;0,72255
495,22900;18,97333;       2,35331; 20,61748;49,00000;20,00000;0,72249
495,38000;18,98000;       2,35124; 20,61749;50,00000;20,00000;0,72243
495,55200;18,98667;       2,34914; 20,61750;50,00000;20,00000;0,72236
495,71301;18,99333;       2,34702; 20,61751;50,00000;20,00000;0,72230
495,86801;19,00000;       2,34451; 20,61752;50,00000;20,00000;0,72224
496,05200;19,00667;       2,34237; 20,61754;49,00000;20,00000;0,72217
496,20200;19,01333;       2,34008; 20,61751;49,00000;20,00000;0,72211
496,36801;19,02000;       2,33769; 20,61749;50,00000;20,00000;0,72205
496,53299;19,02667;       2,33520; 20,61753;49,00000;20,00000;0,72198
496,69101;19,03333;       2,33263; 20,61758;51,00000;20,00000;0,72192
496,85800;19,04000;       2,33014; 20,61759;50,00000;20,00000;0,72186
497,02899;19,04667;       2,32765; 20,61761;50,00000;20,00000;0,72179
497,18500;19,05333;       2,32514; 20,61762;51,00000;20,00000;0,72173
497,35001;19,06000;       2,32247; 20,61764;49,00000;20,00000;0,72166
497,50800;19,06667;       2,32002; 20,61766;49,00000;20,00000;0,72160
497,66599;19,07333;       2,31740; 20,61768;50,00000;20,00000;0,72154
497,84100;19,08000;       2,31469; 20,61770;50,00000;20,00000;0,72147
497,99500;19,08667;       2,31185; 20,61772;50,00000;20,00000;0,72141
498,16101;19,09333;       2,30901; 20,61774;50,00000;20,00000;0,72135
498,32401;19,10000;       2,30623; 20,61776;49,00000;20,00000;0,72128
498,48001;19,10667;       2,30350; 20,61777;49,00000;20,00000;0,72122
498,63901;19,11333;       2,30066; 20,61779;50,00000;20,00000;0,72116
498,80801;19,12000;       2,29783; 20,61780;50,00000;20,00000;0,72110
498,97299;19,12667;       2,29500; 20,61778;50,00000;20,00000;0,72103
499,13599;19,13333;       2,29210; 20,61776;50,00000;20,00000;0,72097
499,30200;19,14000;       2,28927; 20,61781;49,00000;20,00000;0,72090
499,46201;19,14667;       2,28648; 20,61785;49,00000;20,00000;0,72084
499,62299;19,15333;       2,28375; 20,61787;50,00000;20,00000;0,72078
499,79199;19,16000;       2,28037; 20,61788;50,00000;20,00000;0,72071
499,95200;19,16667;       2,27709; 20,61790;50,00000;20,00000;0,72065
500,11899;19,17333;       2,27414; 20,61788;51,00000;20,00000;0,72058
500,27600;19,18000;       2,27157; 20,61787;51,00000;20,00000;0,72052
500,44501;19,18667;       2,26879; 20,61791;50,00000;20,00000;0,72045
500,59201;19,19333;       2,26577; 20,61796;50,00000;20,00000;0,72040
500,77100;19,20000;       2,26306; 20,61798;50,00000;20,00000;0,72032
500,93500;19,20667;       2,26016; 20,61800;51,00000;20,00000;0,72026
501,08801;19,21333;       2,25725; 20,61801;51,00000;20,00000;0,72020
501,25500;19,22000;       2,25436; 20,61803;52,00000;20,00000;0,72013
501,41599;19,22667;       2,25135; 20,61804;52,00000;20,00000;0,72007
501,57999;19,23333;       2,24828; 20,61806;49,00000;20,00000;0,72001
501,74301;19,24000;       2,24511; 20,61808;49,00000;20,00000;0,71994
501,91101;19,24667;       2,24205; 20,61809;50,00000;20,00000;0,71987
502,06799;19,25333;       2,23942; 20,61811;50,00000;20,00000;0,71981
502,22900;19,26000;       2,23679; 20,61812;50,00000;20,00000;0,71975
502,39801;19,26667;       2,23401; 20,61814;50,00000;20,00000;0,71968
502,55701;19,27333;       2,23105; 20,61816;50,00000;20,00000;0,71962
502,72400;19,28000;       2,22804; 20,61818;49,00000;20,00000;0,71955
502,88199;19,28667;       2,22519; 20,61816;49,00000;20,00000;0,71949
503,04599;19,29333;       2,22234; 20,61814;51,00000;20,00000;0,71943
503,20599;19,30000;       2,21949; 20,61819;51,00000;20,00000;0,71936
503,37601;19,30667;       2,21660; 20,61824;52,00000;20,00000;0,71929
503,53900;19,31333;       2,21358; 20,61826;52,00000;20,00000;0,71923
503,69800;19,32000;       2,21068; 20,61827;49,00000;20,00000;0,71917
503,86200;19,32667;       2,20783; 20,61829;49,00000;20,00000;0,71910
504,01901;19,33333;       2,20503; 20,61831;49,00000;20,00000;0,71904
504,19699;19,34000;       2,20270; 20,61833;49,00000;20,00000;0,71897
504,34601;19,34667;       2,20011; 20,61835;51,00000;20,00000;0,71891
504,51099;19,35333;       2,19753; 20,61837;52,00000;20,00000;0,71884
504,67099;19,36000;       2,19479; 20,61839;52,00000;20,00000;0,71878
504,83801;19,36667;       2,19195; 20,61841;49,00000;20,00000;0,71871
504,99701;19,37333;       2,18914; 20,61843;52,00000;20,00000;0,71865
505,15399;19,38000;       2,18656; 20,61844;49,00000;20,00000;0,71859
505,33099;19,38667;       2,18406; 20,61846;50,00000;20,00000;0,71851
505,48199;19,39333;       2,18175; 20,61847;50,00000;20,00000;0,71845
505,64999;19,40000;       2,17918; 20,61845;50,00000;20,00000;0,71839
505,82001;19,40667;       2,17650; 20,61843;50,00000;20,00000;0,71832
505,97299;19,41333;       2,17397; 20,61848;49,00000;20,00000;0,71826
506,14401;19,42000;       2,17151; 20,61853;49,00000;20,00000;0,71819
506,30301;19,42667;       2,16904; 20,61855;51,00000;20,00000;0,71813
506,46399;19,43333;       2,16668; 20,61857;51,00000;20,00000;0,71806
506,63000;19,44000;       2,16472; 20,61859;52,00000;20,00000;0,71799
506,78699;19,44667;       2,16236; 20,61860;50,00000;20,00000;0,71793
506,95401;19,45333;       2,16000; 20,61862;49,00000;20,00000;0,71786
507,11801;19,46000;       2,15765; 20,61863;49,00000;20,00000;0,71780
507,28201;19,46667;       2,15524; 20,61864;51,00000;20,00000;0,71773
507,44199;19,47333;       2,15315; 20,61865;51,00000;20,00000;0,71767
507,61499;19,48000;       2,15092; 20,61867;52,00000;20,00000;0,71760
507,78101;19,48667;       2,14845; 20,61869;52,00000;20,00000;0,71753
507,93500;19,49333;       2,14614; 20,61870;49,00000;20,00000;0,71747
508,09601;19,50000;       2,14417; 20,61873;50,00000;20,00000;0,71740
508,26001;19,50667;       2,14237; 20,61875;50,00000;20,00000;0,71734
508,42801;19,51333;       2,13974; 20,61875;50,00000;20,00000;0,71727
508,58099;19,52000;       2,13764; 20,61874;50,00000;20,00000;0,71721
508,74100;19,52667;       2,13550; 20,61879;50,00000;20,00000;0,71714
508,90201;19,53333;       2,13358; 20,61884;49,00000;20,00000;0,71708
509,07199;19,54000;       2,13151; 20,61886;49,00000;20,00000;0,71701
509,23199;19,54667;       2,12948; 20,61888;50,00000;20,00000;0,71694
509,39999;19,55333;       2,12790; 20,61890;50,00000;20,00000;0,71688
509,55499;19,56000;       2,12603; 20,61888;50,00000;20,00000;0,71681
509,72000;19,56667;       2,12417; 20,61887;50,00000;20,00000;0,71675
509,88800;19,57333;       2,12248; 20,61893;49,00000;20,00000;0,71668
510,04199;19,58000;       2,12072; 20,61898;49,00000;20,00000;0,71662
510,20001;19,58667;       2,11891; 20,61899;49,00000;20,00000;0,71655
510,37000;19,59333;       2,11706; 20,61901;49,00000;20,00000;0,71648
510,53500;19,60000;       2,11520; 20,61903;50,00000;20,00000;0,71641
510,69800;19,60667;       2,11345; 20,61904;50,00000;20,00000;0,71635
510,86401;19,61333;       2,11192; 20,61906;50,00000;20,00000;0,71628
511,02301;19,62000;       2,11039; 20,61908;50,00000;20,00000;0,71622
511,18399;19,62667;       2,10869; 20,61906;50,00000;20,00000;0,71615
511,35001;19,63333;       2,10700; 20,61905;49,00000;20,00000;0,71608
511,51199;19,64000;       2,10541; 20,61910;50,00000;20,00000;0,71602
511,67899;19,64667;       2,10383; 20,61916;50,00000;20,00000;0,71595
511,83401;19,65333;       2,10223; 20,61918;49,00000;20,00000;0,71589
511,99500;19,66000;       2,10098; 20,61921;49,00000;20,00000;0,71582
512,15900;19,66667;       2,09967; 20,61923;49,00000;20,00000;0,71575
512,31799;19,67333;       2,09825; 20,61922;49,00000;20,00000;0,71569
512,48401;19,68000;       2,09683; 20,61920;50,00000;20,00000;0,71562
512,64697;19,68667;       2,09547; 20,61925;50,00000;20,00000;0,71555
512,80902;19,69333;       2,09410; 20,61929;50,00000;20,00000;0,71549
512,97601;19,70000;       2,09269; 20,61931;50,00000;20,00000;0,71542
513,14301;19,70667;       2,09150; 20,61932;49,00000;20,00000;0,71535
513,30603;19,71333;       2,09030; 20,61933;49,00000;20,00000;0,71528
513,47101;19,72000;       2,08910; 20,61935;49,00000;20,00000;0,71521
513,63098;19,72667;       2,08779; 20,61937;51,00000;20,00000;0,71515
513,79498;19,73333;       2,08648; 20,61939;51,00000;20,00000;0,71508
513,96198;19,74000;       2,08529; 20,61942;51,00000;20,00000;0,71501
514,11102;19,74667;       2,08402; 20,61944;50,00000;20,00000;0,71495
514,28302;19,75333;       2,08278; 20,61947;49,00000;20,00000;0,71488
514,43597;19,76000;       2,08157; 20,61949;49,00000;20,00000;0,71482
514,59802;19,76667;       2,08037; 20,61951;50,00000;20,00000;0,71475
514,76202;19,77333;       2,07984; 20,61901;50,00000;20,00000;0,71468
514,92798;19,78000;       2,07887; 20,61903;49,00000;20,00000;0,71461
515,09399;19,78667;       2,07767; 20,61901;49,00000;20,00000;0,71455
515,25299;19,79333;       2,07669; 20,61899;49,00000;20,00000;0,71448
515,42297;19,80000;       2,07550; 20,61904;50,00000;20,00000;0,71441
515,58600;19,80667;       2,07453; 20,61909;50,00000;20,00000;0,71434
515,73999;19,81333;       2,07360; 20,61910;50,00000;20,00000;0,71428
515,91199;19,82000;       2,07263; 20,61912;50,00000;20,00000;0,71421
516,07001;19,82667;       2,07170; 20,61913;50,00000;20,00000;0,71414
516,24298;19,83333;       2,07074; 20,61915;49,00000;20,00000;0,71407
516,40198;19,84000;       2,06982; 20,61865;49,00000;20,00000;0,71400
516,55902;19,84667;       2,06889; 20,61866;51,00000;20,00000;0,71394
516,72198;19,85333;       2,06819; 20,61868;51,00000;20,00000;0,71387
516,89697;19,86000;       2,06751; 20,61870;51,00000;20,00000;0,71380
517,04999;19,86667;       2,06680; 20,61872;52,00000;20,00000;0,71374
517,21301;19,87333;       2,06588; 20,61873;49,00000;20,00000;0,71367
517,37598;19,88000;       2,06501; 20,61875;49,00000;20,00000;0,71360
517,54602;19,88667;       2,06404; 20,61877;50,00000;20,00000;0,71353
517,70697;19,89333;       2,06323; 20,61878;50,00000;20,00000;0,71346
517,87799;19,90000;       2,06232; 20,61825;50,00000;20,00000;0,71339
518,03302;19,90667;       2,06161; 20,61823;52,00000;20,00000;0,71333
518,19299;19,91333;       2,06086; 20,61829;49,00000;20,00000;0,71326
518,36200;19,92000;       2,06028; 20,61834;49,00000;20,00000;0,71319
518,51202;19,92667;       2,05968; 20,61835;50,00000;20,00000;0,71313
518,68500;19,93333;       2,05910; 20,61837;50,00000;20,00000;0,71305
518,85498;19,94000;       2,05841; 20,61838;50,00000;20,00000;0,71298
519,01501;19,94667;       2,05766; 20,61840;50,00000;20,00000;0,71292
519,17902;19,95333;       2,05707; 20,61841;49,00000;20,00000;0,71285
519,34302;19,96000;       2,05727; 20,61843;49,00000;20,00000;0,71278
519,50598;19,96667;       2,05635; 20,61793;51,00000;20,00000;0,71271
519,66803;19,97333;       2,05582; 20,61795;51,00000;20,00000;0,71264
519,83002;19,98000;       2,05529; 20,61796;52,00000;20,00000;0,71258
519,98999;19,98667;       2,05470; 20,61798;52,00000;20,00000;0,71251
520,15900;19,99333;       2,05434; 20,61800;49,00000;20,00000;0,71244
520,32599;20,00000;       2,05376; 20,61803;49,00000;20,00000;0,71237
520,47998;20,00667;       2,05328; 20,61805;49,00000;20,00000;0,71230
520,64697;20,01333;       2,05258; 20,61803;50,00000;20,00000;0,71223
520,80402;20,02000;       2,05188; 20,61802;51,00000;20,00000;0,71217
520,97400;20,02667;       2,05119; 20,61808;51,00000;20,00000;0,71209
521,13000;20,03333;       2,05132; 20,61760;49,00000;20,00000;0,71203
521,30200;20,04000;       2,05086; 20,61762;49,00000;20,00000;0,71196
521,46002;20,04667;       2,05049; 20,61764;50,00000;20,00000;0,71189
521,62903;20,05333;       2,04991; 20,61766;50,00000;20,00000;0,71182
521,78198;20,06000;       2,04915; 20,61765;50,00000;20,00000;0,71175
521,95099;20,06667;       2,04885; 20,61763;50,00000;20,00000;0,71168
522,11603;20,07333;       2,04866; 20,61769;50,00000;20,00000;0,71161
522,27502;20,08000;       2,04829; 20,61774;50,00000;20,00000;0,71155
522,44000;20,08667;       2,04799; 20,61776;49,00000;20,00000;0,71148
522,60797;20,09333;       2,04780; 20,61778;51,00000;20,00000;0,71141
522,76801;20,10000;       2,04754; 20,61728;51,00000;20,00000;0,71134
522,92499;20,10667;       2,04723; 20,61730;52,00000;20,00000;0,71127
523,08600;20,11333;       2,04681; 20,61732;52,00000;20,00000;0,71120
523,26001;20,12000;       2,04663; 20,61734;52,00000;20,00000;0,71113
523,42401;20,12667;       2,04644; 20,61735;49,00000;20,00000;0,71106
523,57599;20,13333;       2,04629; 20,61737;50,00000;20,00000;0,71100
523,75299;20,14000;       2,04600; 20,61738;51,00000;20,00000;0,71092
523,90900;20,14667;       2,04563; 20,61740;51,00000;20,00000;0,71085
524,08301;20,15333;       2,04556; 20,61742;49,00000;20,00000;0,71078
524,23297;20,16000;       2,04530; 20,61691;49,00000;20,00000;0,71072
524,39899;20,16667;       2,04500; 20,61693;49,00000;20,00000;0,71065
524,57001;20,17333;       2,04487; 20,61692;50,00000;20,00000;0,71057
524,72699;20,18000;       2,04461; 20,61691;50,00000;20,00000;0,71051
524,89301;20,18667;       2,04425; 20,61696;50,00000;20,00000;0,71044
525,05701;20,19333;       2,04406; 20,61702;50,00000;20,00000;0,71037
525,21899;20,20000;       2,04387; 20,61704;49,00000;20,00000;0,71030
525,37903;20,20667;       2,04373; 20,61706;49,00000;20,00000;0,71023
525,53601;20,21333;       2,04358; 20,61708;51,00000;20,00000;0,71016
525,70099;20,22000;       2,04345; 20,61710;51,00000;20,00000;0,71009
525,87500;20,22667;       2,04333; 20,61660;52,00000;20,00000;0,71002
526,03302;20,23333;       2,04318; 20,61661;52,00000;20,00000;0,70995
526,19800;20,24000;       2,04305; 20,61663;49,00000;20,00000;0,70988
526,36499;20,24667;       2,04298; 20,61612;49,00000;20,00000;0,70981
526,52802;20,25333;       2,04312; 20,61509;50,00000;20,00000;0,70974
526,68701;20,26000;       2,04337; 20,61407;50,00000;20,00000;0,70967
526,85901;20,26667;       2,04319; 20,61357;50,00000;20,00000;0,70960
527,02100;20,27333;       2,04300; 20,61254;50,00000;20,00000;0,70953
527,17499;20,28000;       2,04285; 20,61203;50,00000;20,00000;0,70946
527,33600;20,28667;       2,04266; 20,61149;50,00000;20,00000;0,70939
527,51099;20,29333;       2,04265; 20,61095;50,00000;20,00000;0,70932
527,67700;20,30000;       2,04240; 20,61049;50,00000;20,00000;0,70925
527,84100;20,30667;       2,04272; 20,61054;50,00000;20,00000;0,70918
527,99902;20,31333;       2,04275; 20,61004;50,00000;20,00000;0,70911
528,16498;20,32000;       2,04261; 20,61006;49,00000;20,00000;0,70904
528,33099;20,32667;       2,04248; 20,60956;49,00000;20,00000;0,70896
528,48602;20,33333;       2,04239; 20,60959;51,00000;20,00000;0,70890
528,64899;20,34000;       2,04254; 20,60961;51,00000;20,00000;0,70883
528,81299;20,34667;       2,04263; 20,60910;51,00000;20,00000;0,70876
528,97601;20,35333;       2,04261; 20,60912;52,00000;20,00000;0,70869
529,14502;20,36000;       2,04271; 20,60914;52,00000;20,00000;0,70861
529,30798;20,36667;       2,04257; 20,60916;49,00000;20,00000;0,70854
529,47101;20,37333;       2,04255; 20,60866;49,00000;20,00000;0,70847
529,63000;20,38000;       2,04258; 20,60867;49,00000;20,00000;0,70840
529,79700;20,38667;       2,04256; 20,60869;51,00000;20,00000;0,70833
529,96301;20,39333;       2,04254; 20,60819;51,00000;20,00000;0,70826
530,13000;20,40000;       2,04247; 20,60817;51,00000;20,00000;0,70819
530,29401;20,40667;       2,04251; 20,60815;49,00000;20,00000;0,70812
530,45001;20,41333;       2,04264; 20,60820;49,00000;20,00000;0,70805
530,61700;20,42000;       2,04274; 20,60773;49,00000;20,00000;0,70798
530,78497;20,42667;       2,04278; 20,60775;50,00000;20,00000;0,70790
530,94397;20,43333;       2,04264; 20,60777;50,00000;20,00000;0,70784
531,10901;20,44000;       2,04262; 20,60779;49,00000;20,00000;0,70776
531,27698;20,44667;       2,04261; 20,60726;49,00000;20,00000;0,70769
531,43799;20,45333;       2,04258; 20,60724;49,00000;20,00000;0,70762
531,60400;20,46000;       2,04251; 20,60729;49,00000;20,00000;0,70755
531,75800;20,46667;       2,04259; 20,60735;49,00000;20,00000;0,70748
531,92798;20,47333;       2,04281; 20,60685;50,00000;20,00000;0,70741
532,09698;20,48000;       2,04285; 20,60687;50,00000;20,00000;0,70734
532,25500;20,48667;       2,04299; 20,60690;50,00000;20,00000;0,70727
532,41498;20,49333;       2,04308; 20,60692;50,00000;20,00000;0,70720
532,57800;20,50000;       2,04323; 20,60642;49,00000;20,00000;0,70713
532,74103;20,50667;       2,04309; 20,60644;49,00000;20,00000;0,70705
532,90198;20,51333;       2,04324; 20,60642;51,00000;20,00000;0,70698
533,07703;20,52000;       2,04341; 20,60640;51,00000;20,00000;0,70691
533,23602;20,52667;       2,04344; 20,60594;51,00000;20,00000;0,70684
533,40399;20,53333;       2,04371; 20,60599;51,00000;20,00000;0,70677
533,56299;20,54000;       2,04391; 20,60601;49,00000;20,00000;0,70670
533,72302;20,54667;       2,04400; 20,60603;49,00000;20,00000;0,70663
533,88599;20,55333;       2,04415; 20,60552;50,00000;20,00000;0,70655
534,06097;20,56000;       2,04442; 20,60551;50,00000;20,00000;0,70648
534,21802;20,56667;       2,04451; 20,60549;50,00000;20,00000;0,70641
534,39099;20,57333;       2,04473; 20,60554;50,00000;20,00000;0,70633
534,55402;20,58000;       2,04482; 20,60559;49,00000;20,00000;0,70626
534,70502;20,58667;       2,04501; 20,60509;49,00000;20,00000;0,70620
534,87402;20,59333;       2,04523; 20,60511;51,00000;20,00000;0,70612
535,04901;20,60000;       2,04556; 20,60513;50,00000;20,00000;0,70605
535,21002;20,60667;       2,04571; 20,60515;50,00000;20,00000;0,70597
535,37201;20,61333;       2,04586; 20,60464;50,00000;20,00000;0,70590
535,52698;20,62000;       2,04595; 20,60466;49,00000;20,00000;0,70584
535,70001;20,62667;       2,04605; 20,60469;49,00000;20,00000;0,70576
535,86102;20,63333;       2,04603; 20,60471;51,00000;20,00000;0,70569
536,02399;20,64000;       2,04641; 20,60420;51,00000;20,00000;0,70562
536,18701;20,64667;       2,04679; 20,60422;52,00000;20,00000;0,70555
536,35699;20,65333;       2,04689; 20,60424;52,00000;20,00000;0,70547
536,51898;20,66000;       2,04710; 20,60426;49,00000;20,00000;0,70540
536,68201;20,66667;       2,04748; 20,60376;49,00000;20,00000;0,70533
536,84601;20,67333;       2,04780; 20,60375;50,00000;20,00000;0,70525
537,01099;20,68000;       2,04790; 20,60374;50,00000;20,00000;0,70518
537,17297;20,68667;       2,04822; 20,60380;50,00000;20,00000;0,70511
537,33301;20,69333;       2,04837; 20,60333;49,00000;20,00000;0,70504
537,49799;20,70000;       2,04841; 20,60335;49,00000;20,00000;0,70497
537,66101;20,70667;       2,04879; 20,60337;49,00000;20,00000;0,70490
537,82501;20,71333;       2,04906; 20,60339;51,00000;20,00000;0,70482
537,99902;20,72000;       2,04934; 20,60289;50,00000;20,00000;0,70475
538,15601;20,72667;       2,04943; 20,60292;50,00000;20,00000;0,70468
538,31799;20,73333;       2,04963; 20,60294;50,00000;20,00000;0,70460
538,48199;20,74000;       2,04985; 20,60297;49,00000;20,00000;0,70453
538,64099;20,74667;       2,05022; 20,60247;49,00000;20,00000;0,70446
538,80402;20,75333;       2,05037; 20,60249;51,00000;20,00000;0,70439
538,96698;20,76000;       2,05058; 20,60251;51,00000;20,00000;0,70432
539,13397;20,76667;       2,05074; 20,60252;52,00000;20,00000;0,70424
539,30402;20,77333;       2,05091; 20,60202;52,00000;20,00000;0,70417
539,47198;20,78000;       2,05107; 20,60205;52,00000;20,00000;0,70409
539,63098;20,78667;       2,05122; 20,60203;49,00000;20,00000;0,70402
539,78802;20,79333;       2,05153; 20,60202;49,00000;20,00000;0,70395
539,95398;20,80000;       2,05192; 20,60155;50,00000;20,00000;0,70388
540,11700;20,80667;       2,05213; 20,60161;50,00000;20,00000;0,70381
540,28302;20,81333;       2,05252; 20,60163;49,00000;20,00000;0,70373
540,45398;20,82000;       2,05274; 20,60165;49,00000;20,00000;0,70366
540,61102;20,82667;       2,05294; 20,60167;49,00000;20,00000;0,70359
540,77698;20,83333;       2,05333; 20,60169;50,00000;20,00000;0,70351
540,94299;20,84000;       2,05360; 20,60172;50,00000;20,00000;0,70344
541,10901;20,84667;       2,05393; 20,60174;50,00000;20,00000;0,70336
541,26300;20,85333;       2,05408; 20,60177;50,00000;20,00000;0,70329
541,43103;20,86000;       2,05446; 20,60179;49,00000;20,00000;0,70322
541,58899;20,86667;       2,05478; 20,60181;49,00000;20,00000;0,70315
541,75598;20,87333;       2,05506; 20,60184;51,00000;20,00000;0,70307
541,91998;20,88000;       2,05510; 20,60185;51,00000;20,00000;0,70300
542,08502;20,88667;       2,05532; 20,60187;51,00000;20,00000;0,70293
542,25500;20,89333;       2,05560; 20,60189;51,00000;20,00000;0,70285
542,41901;20,90000;       2,05593; 20,60188;51,00000;20,00000;0,70278
542,58099;20,90667;       2,05625; 20,60187;49,00000;20,00000;0,70270
542,74402;20,91333;       2,05664; 20,60193;49,00000;20,00000;0,70263
542,90399;20,92000;       2,05719; 20,60199;50,00000;20,00000;0,70256
543,06799;20,92667;       2,05740; 20,60201;50,00000;20,00000;0,70249
543,23297;20,93333;       2,05756; 20,60204;49,00000;20,00000;0,70241
543,39301;20,94000;       2,05772; 20,60206;49,00000;20,00000;0,70234
543,56299;20,94667;       2,05811; 20,60205;49,00000;20,00000;0,70226
543,72400;20,95333;       2,05838; 20,60203;49,00000;20,00000;0,70219
543,89099;20,96000;       2,05860; 20,60209;50,00000;20,00000;0,70212
544,04602;20,96667;       2,05880; 20,60214;50,00000;20,00000;0,70205
544,22803;20,97333;       2,05910; 20,60216;49,00000;20,00000;0,70196
544,38702;20,98000;       2,05920; 20,60219;49,00000;20,00000;0,70189
544,53998;20,98667;       2,05940; 20,60220;51,00000;20,00000;0,70182
544,71399;20,99333;       2,05974; 20,60223;51,00000;20,00000;0,70175
544,87500;21,00000;       2,06001; 20,60225;52,00000;20,00000;0,70167
545,03699;21,00667;       2,06040; 20,60227;52,00000;20,00000;0,70160
545,20398;21,01333;       2,06073; 20,60230;49,00000;20,00000;0,70152
545,36902;21,02000;       2,06095; 20,60232;49,00000;20,00000;0,70145
545,52802;21,02667;       2,06111; 20,60234;50,00000;20,00000;0,70138
545,69897;21,03333;       2,06133; 20,60237;50,00000;20,00000;0,70130
545,85999;21,04000;       2,06172; 20,60239;50,00000;20,00000;0,70123
546,02301;21,04667;       2,06222; 20,60241;50,00000;20,00000;0,70115
546,18500;21,05333;       2,06249; 20,60243;49,00000;20,00000;0,70108
546,35303;21,06000;       2,06277; 20,60242;49,00000;20,00000;0,70101
546,51501;21,06667;       2,06305; 20,60241;50,00000;20,00000;0,70093
546,68500;21,07333;       2,06350; 20,60247;50,00000;20,00000;0,70085
546,84802;21,08000;       2,06389; 20,60253;50,00000;20,00000;0,70078
547,00897;21,08667;       2,06422; 20,60256;50,00000;20,00000;0,70071
547,17499;21,09333;       2,06461; 20,60259;49,00000;20,00000;0,70063
547,33099;21,10000;       2,06505; 20,60262;49,00000;20,00000;0,70056
547,48499;21,10667;       2,06525; 20,60264;51,00000;20,00000;0,70049
547,65802;21,11333;       2,06554; 20,60266;51,00000;20,00000;0,70041
547,82501;21,12000;       2,06594; 20,60269;51,00000;20,00000;0,70034
547,99298;21,12667;       2,06616; 20,60270;51,00000;20,00000;0,70026
548,15302;21,13333;       2,06643; 20,60272;51,00000;20,00000;0,70019
548,31897;21,14000;       2,06683; 20,60275;49,00000;20,00000;0,70011
548,48798;21,14667;       2,06722; 20,60277;49,00000;20,00000;0,70004
548,64502;21,15333;       2,06783; 20,60280;50,00000;20,00000;0,69996
548,81500;21,16000;       2,06823; 20,60282;50,00000;20,00000;0,69989
548,96997;21,16667;       2,06844; 20,60285;49,00000;20,00000;0,69982
549,13397;21,17333;       2,06861; 20,60283;49,00000;20,00000;0,69974
549,30402;21,18000;       2,06889; 20,60282;49,00000;20,00000;0,69966
549,46698;21,18667;       2,06940; 20,60288;50,00000;20,00000;0,69959
549,63098;21,19333;       2,06979; 20,60293;50,00000;20,00000;0,69951
549,80103;21,20000;       2,07002; 20,60296;50,00000;20,00000;0,69944
549,96899;21,20667;       2,07036; 20,60246;50,00000;20,00000;0,69936
550,13000;21,21333;       2,07069; 20,60249;49,00000;20,00000;0,69929
550,28802;21,22000;       2,07091; 20,60251;49,00000;20,00000;0,69921
550,44501;21,22667;       2,07175; 20,60254;49,00000;20,00000;0,69914
550,61401;21,23333;       2,07215; 20,60257;51,00000;20,00000;0,69906
550,78497;21,24000;       2,07238; 20,60260;51,00000;20,00000;0,69899
550,94397;21,24667;       2,07271; 20,60262;50,00000;20,00000;0,69891
551,10199;21,25333;       2,07304; 20,60264;50,00000;20,00000;0,69884
551,27502;21,26000;       2,07333; 20,60214;50,00000;20,00000;0,69876
551,44000;21,26667;       2,07373; 20,60217;50,00000;20,00000;0,69869
551,59900;21,27333;       2,07412; 20,60219;50,00000;20,00000;0,69861
551,76398;21,28000;       2,07451; 20,60221;50,00000;20,00000;0,69854
551,92798;21,28667;       2,07474; 20,60220;49,00000;20,00000;0,69846
552,09497;21,29333;       2,07508; 20,60219;51,00000;20,00000;0,69838
552,26501;21,30000;       2,07548; 20,60225;49,00000;20,00000;0,69831
552,42798;21,30667;       2,07599; 20,60178;49,00000;20,00000;0,69823
552,58197;21,31333;       2,07626; 20,60181;50,00000;20,00000;0,69816
552,75201;21,32000;       2,07655; 20,60183;50,00000;20,00000;0,69808
552,91400;21,32667;       2,07689; 20,60186;50,00000;20,00000;0,69801
553,08600;21,33333;       2,07735; 20,60186;49,00000;20,00000;0,69793
553,24402;21,34000;       2,07802; 20,60185;49,00000;20,00000;0,69786
553,39801;21,34667;       2,07829; 20,60191;49,00000;20,00000;0,69778
553,56897;21,35333;       2,07853; 20,60144;50,00000;20,00000;0,69771
553,73401;21,36000;       2,07887; 20,60147;50,00000;20,00000;0,69763
553,90198;21,36667;       2,07910; 20,60149;50,00000;20,00000;0,69755
554,06897;21,37333;       2,07950; 20,60151;50,00000;20,00000;0,69747
554,23401;21,38000;       2,07996; 20,60153;50,00000;20,00000;0,69740
554,39600;21,38667;       2,08035; 20,60156;50,00000;20,00000;0,69732
554,55603;21,39333;       2,08092; 20,60158;50,00000;20,00000;0,69725
554,71997;21,40000;       2,08154; 20,60108;50,00000;20,00000;0,69717
554,89301;21,40667;       2,08195; 20,60111;49,00000;20,00000;0,69709
555,04797;21,41333;       2,08245; 20,60113;51,00000;20,00000;0,69702
555,21802;21,42000;       2,08286; 20,60115;49,00000;20,00000;0,69694
555,38599;21,42667;       2,08298; 20,60170;49,00000;20,00000;0,69686
555,54999;21,43333;       2,08315; 20,60173;50,00000;20,00000;0,69679
555,71100;21,44000;       2,08337; 20,60176;50,00000;20,00000;0,69671
555,87201;21,44667;       2,08383; 20,60175;49,00000;20,00000;0,69664
556,03699;21,45333;       2,08434; 20,60175;49,00000;20,00000;0,69656
556,20099;21,46000;       2,08497; 20,60234;49,00000;20,00000;0,69649
556,36401;21,46667;       2,08554; 20,60240;49,00000;20,00000;0,69641
556,51898;21,47333;       2,08581; 20,60242;49,00000;20,00000;0,69634
556,69299;21,48000;       2,08623; 20,60297;51,00000;20,00000;0,69626
556,85999;21,48667;       2,08675; 20,60352;51,00000;20,00000;0,69618
557,02100;21,49333;       2,08709; 20,60406;50,00000;20,00000;0,69610
557,18402;21,50000;       2,08760; 20,60460;49,00000;20,00000;0,69603
557,35797;21,50667;       2,08790; 20,60567;49,00000;20,00000;0,69595
557,52502;21,51333;       2,08808; 20,60622;50,00000;20,00000;0,69587
557,68103;21,52000;       2,08835; 20,60676;51,00000;20,00000;0,69580
557,84100;21,52667;       2,08904; 20,60731;51,00000;20,00000;0,69572
558,01398;21,53333;       2,08962; 20,60786;51,00000;20,00000;0,69564
558,17700;21,54000;       2,08997; 20,60841;49,00000;20,00000;0,69556
558,34003;21,54667;       2,09037; 20,60895;49,00000;20,00000;0,69549
558,50201;21,55333;       2,09059; 20,60950;50,00000;20,00000;0,69541
558,66998;21,56000;       2,09140; 20,61001;50,00000;20,00000;0,69533
558,83899;21,56667;       2,09199; 20,61053;49,00000;20,00000;0,69525
558,99701;21,57333;       2,09221; 20,61059;49,00000;20,00000;0,69518
559,16302;21,58000;       2,09256; 20,61117;49,00000;20,00000;0,69510
559,32501;21,58667;       2,09296; 20,61120;49,00000;20,00000;0,69503
559,49500;21,59333;       2,09343; 20,61175;49,00000;20,00000;0,69495
559,65997;21,60000;       2,09395; 20,61178;51,00000;20,00000;0,69487
559,81299;21,60667;       2,09422; 20,61180;51,00000;20,00000;0,69480
559,98401;21,61333;       2,09452; 20,61235;49,00000;20,00000;0,69472
560,15302;21,62000;       2,09505; 20,61238;49,00000;20,00000;0,69464
560,31097;21,62667;       2,09556; 20,61241;50,00000;20,00000;0,69456
560,47601;21,63333;       2,09602; 20,61243;49,00000;20,00000;0,69449
560,64398;21,64000;       2,09643; 20,61246;51,00000;20,00000;0,69441
560,80499;21,64667;       2,09654; 20,61249;52,00000;20,00000;0,69433
560,97400;21,65333;       2,09701; 20,61252;52,00000;20,00000;0,69425
561,13000;21,66000;       2,09729; 20,61254;49,00000;20,00000;0,69418
561,30103;21,66667;       2,09800; 20,61257;49,00000;20,00000;0,69410
561,46100;21,67333;       2,09851; 20,61256;49,00000;20,00000;0,69402
561,63098;21,68000;       2,09921; 20,61255;50,00000;20,00000;0,69394
561,79700;21,68667;       2,09979; 20,61262;50,00000;20,00000;0,69387
561,95502;21,69333;       2,09996; 20,61268;49,00000;20,00000;0,69379
562,12000;21,70000;       2,10026; 20,61271;49,00000;20,00000;0,69371
562,28003;21,70667;       2,10054; 20,61273;49,00000;20,00000;0,69364
562,45001;21,71333;       2,10119; 20,61276;49,00000;20,00000;0,69356
562,61298;21,72000;       2,10159; 20,61275;50,00000;20,00000;0,69348
562,78101;21,72667;       2,10201; 20,61273;50,00000;20,00000;0,69340
562,94598;21,73333;       2,10247; 20,61279;50,00000;20,00000;0,69332
563,11401;21,74000;       2,10289; 20,61285;50,00000;20,00000;0,69324
563,28003;21,74667;       2,10335; 20,61287;49,00000;20,00000;0,69316
563,43500;21,75333;       2,10381; 20,61290;49,00000;20,00000;0,69309
563,61298;21,76000;       2,10429; 20,61293;51,00000;20,00000;0,69301
563,77802;21,76667;       2,10476; 20,61296;51,00000;20,00000;0,69293
563,93597;21,77333;       2,10533; 20,61298;52,00000;20,00000;0,69285
564,09497;21,78000;       2,10585; 20,61301;49,00000;20,00000;0,69278
564,26703;21,78667;       2,10627; 20,61301;49,00000;20,00000;0,69270
564,42603;21,79333;       2,10679; 20,61301;49,00000;20,00000;0,69262
564,59601;21,80000;       2,10721; 20,61308;50,00000;20,00000;0,69254
564,75403;21,80667;       2,10738; 20,61314;50,00000;20,00000;0,69247
564,91699;21,81333;       2,10767; 20,61317;49,00000;20,00000;0,69239
565,08301;21,82000;       2,10791; 20,61320;49,00000;20,00000;0,69231
565,24597;21,82667;       2,10843; 20,61323;49,00000;20,00000;0,69223
565,41602;21,83333;       2,10891; 20,61322;49,00000;20,00000;0,69215
565,57800;21,84000;       2,10926; 20,61217;51,00000;20,00000;0,69207
565,73999;21,84667;       2,10984; 20,61119;51,00000;20,00000;0,69200
565,89899;21,85333;       2,11025; 20,61021;49,00000;20,00000;0,69192
566,07001;21,86000;       2,11067; 20,60920;49,00000;20,00000;0,69184
566,23499;21,86667;       2,11108; 20,60818;49,00000;20,00000;0,69176
566,39899;21,87333;       2,11143; 20,60717;49,00000;20,00000;0,69168
566,56403;21,88000;       2,11179; 20,60667;50,00000;20,00000;0,69160
566,72699;21,88667;       2,11237; 20,60618;50,00000;20,00000;0,69153
566,88599;21,89333;       2,11324; 20,60568;50,00000;20,00000;0,69145
567,05499;21,90000;       2,11401; 20,60519;50,00000;20,00000;0,69137
567,22101;21,90667;       2,11465; 20,60470;49,00000;20,00000;0,69129
567,38501;21,91333;       2,11483; 20,60472;50,00000;20,00000;0,69121
567,55103;21,92000;       2,11519; 20,60423;50,00000;20,00000;0,69113
567,72198;21,92667;       2,11562; 20,60427;50,00000;20,00000;0,69105
567,87402;21,93333;       2,11590; 20,60378;49,00000;20,00000;0,69098
568,04102;21,94000;       2,11643; 20,60381;49,00000;20,00000;0,69090
568,19897;21,94667;       2,11689; 20,60381;49,00000;20,00000;0,69082
568,36200;21,95333;       2,11730; 20,60328;50,00000;20,00000;0,69074
568,53302;21,96000;       2,11779; 20,60335;50,00000;20,00000;0,69066
568,70502;21,96667;       2,11844; 20,60289;52,00000;20,00000;0,69058
568,86200;21,97333;       2,11919; 20,60292;52,00000;20,00000;0,69050
569,02698;21,98000;       2,11973; 20,60295;49,00000;20,00000;0,69042
569,19202;21,98667;       2,12014; 20,60246;49,00000;20,00000;0,69034
569,35400;21,99333;       2,12061; 20,60249;50,00000;20,00000;0,69027
569,51300;22,00000;       2,12114; 20,60199;51,00000;20,00000;0,69019
569,68799;22,00667;       2,12174; 20,60203;51,00000;20,00000;0,69011
569,84900;22,01333;       2,12244; 20,60206;49,00000;20,00000;0,69003
570,01398;22,02000;       2,12303; 20,60156;49,00000;20,00000;0,68995
570,18298;22,02667;       2,12346; 20,60159;49,00000;20,00000;0,68987
570,33600;22,03333;       2,12380; 20,60162;50,00000;20,00000;0,68979
570,50299;22,04000;       2,12416; 20,60113;50,00000;20,00000;0,68971
570,67297;22,04667;       2,12436; 20,60115;50,00000;20,00000;0,68963
570,83600;22,05333;       2,12466; 20,60066;50,00000;20,00000;0,68955
571,00098;22,06000;       2,12571; 20,60065;49,00000;20,00000;0,68947
571,17902;22,06667;       2,12638; 20,60064;49,00000;20,00000;0,68939
571,33099;22,07333;       2,12666; 20,60018;51,00000;20,00000;0,68931
571,49597;22,08000;       2,12714; 20,60025;51,00000;20,00000;0,68923
571,65900;22,08667;       2,12733; 20,59976;52,00000;20,00000;0,68916
571,82800;22,09333;       2,12764; 20,59979;52,00000;20,00000;0,68907
571,99103;22,10000;       2,12800; 20,59982;49,00000;20,00000;0,68900
572,15503;22,10667;       2,12859; 20,59933;51,00000;20,00000;0,68892
572,32202;22,11333;       2,12924; 20,59936;49,00000;20,00000;0,68884
572,48102;22,12000;       2,12965; 20,59938;52,00000;20,00000;0,68876
572,65198;22,12667;       2,13008; 20,59889;52,00000;20,00000;0,68868
572,81702;22,13333;       2,13045; 20,59892;52,00000;20,00000;0,68860
572,97803;22,14000;       2,13098; 20,59843;49,00000;20,00000;0,68852
573,14801;22,14667;       2,13181; 20,59847;49,00000;20,00000;0,68844
573,30499;22,15333;       2,13211; 20,59850;50,00000;20,00000;0,68836
573,47302;22,16000;       2,13265; 20,59801;50,00000;20,00000;0,68828
573,63098;22,16667;       2,13283; 20,59804;49,00000;20,00000;0,68820
573,79797;22,17333;       2,13325; 20,59804;49,00000;20,00000;0,68812
573,96399;22,18000;       2,13385; 20,59752;49,00000;20,00000;0,68804
574,13501;22,18667;       2,13434; 20,59758;50,00000;20,00000;0,68796
574,28699;22,19333;       2,13468; 20,59765;51,00000;20,00000;0,68788
574,45502;22,20000;       2,13575; 20,59715;51,00000;20,00000;0,68780
574,62701;22,20667;       2,13613; 20,59719;52,00000;20,00000;0,68772
574,78998;22,21333;       2,13649; 20,59722;49,00000;20,00000;0,68764
574,95599;22,22000;       2,13680; 20,59721;49,00000;20,00000;0,68756
575,10999;22,22667;       2,13761; 20,59669;50,00000;20,00000;0,68748
575,28198;22,23333;       2,13810; 20,59675;50,00000;20,00000;0,68740
575,44897;22,24000;       2,13859; 20,59681;51,00000;20,00000;0,68732
575,61499;22,24667;       2,13919; 20,59684;50,00000;20,00000;0,68724
575,78302;22,25333;       2,13996; 20,59687;49,00000;20,00000;0,68715
575,94800;22,26000;       2,14062; 20,59691;50,00000;20,00000;0,68707
576,09900;22,26667;       2,14126; 20,59694;50,00000;20,00000;0,68700
576,27600;22,27333;       2,14159; 20,59697;50,00000;20,00000;0,68691
576,43103;22,28000;       2,14176; 20,59700;50,00000;20,00000;0,68684
576,60303;22,28667;       2,14220; 20,59703;49,00000;20,00000;0,68675
576,76501;22,29333;       2,14285; 20,59706;49,00000;20,00000;0,68667
576,93103;22,30000;       2,14404; 20,59709;51,00000;20,00000;0,68659
577,10199;22,30667;       2,14482; 20,59712;51,00000;20,00000;0,68651
577,26398;22,31333;       2,14483; 20,59715;51,00000;20,00000;0,68643
577,43103;22,32000;       2,14497; 20,59718;51,00000;20,00000;0,68635
577,59198;22,32667;       2,14551; 20,59670;50,00000;20,00000;0,68627
577,76099;22,33333;       2,14635; 20,59670;49,00000;20,00000;0,68619
577,91400;22,34000;       2,14699; 20,59670;51,00000;20,00000;0,68611
578,08197;22,34667;       2,14771; 20,59677;51,00000;20,00000;0,68603
578,24103;22,35333;       2,14819; 20,59684;51,00000;20,00000;0,68595
578,41302;22,36000;       2,14840; 20,59634;50,00000;20,00000;0,68587
578,57397;22,36667;       2,14882; 20,59637;50,00000;20,00000;0,68579
578,74701;22,37333;       2,14949; 20,59641;50,00000;20,00000;0,68570
578,91400;22,38000;       2,14998; 20,59592;50,00000;20,00000;0,68562
579,07300;22,38667;       2,15058; 20,59595;50,00000;20,00000;0,68554
579,22998;22,39333;       2,15111; 20,59598;49,00000;20,00000;0,68546
579,40601;22,40000;       2,15173; 20,59602;49,00000;20,00000;0,68538
579,56097;22,40667;       2,15232; 20,59553;49,00000;20,00000;0,68530
579,72803;22,41333;       2,15304; 20,59556;50,00000;20,00000;0,68522
579,89502;22,42000;       2,15371; 20,59559;51,00000;20,00000;0,68514
580,06201;22,42667;       2,15432; 20,59509;52,00000;20,00000;0,68505
580,22400;22,43333;       2,15486; 20,59512;52,00000;20,00000;0,68497
580,39801;22,44000;       2,15536; 20,59515;49,00000;20,00000;0,68489
580,56201;22,44667;       2,15579; 20,59515;49,00000;20,00000;0,68481
580,72198;22,45333;       2,15633; 20,59463;50,00000;20,00000;0,68473
580,89001;22,46000;       2,15735; 20,59469;52,00000;20,00000;0,68465
581,04901;22,46667;       2,15812; 20,59476;52,00000;20,00000;0,68457
581,21503;22,47333;       2,15826; 20,59428;52,00000;20,00000;0,68449
581,38000;22,48000;       2,15852; 20,59431;49,00000;20,00000;0,68440
581,54498;22,48667;       2,15936; 20,59434;49,00000;20,00000;0,68432
581,71198;22,49333;       2,15985; 20,59437;50,00000;20,00000;0,68424
581,87598;22,50000;       2,16052; 20,59389;50,00000;20,00000;0,68416
582,04303;22,50667;       2,16113; 20,59392;50,00000;20,00000;0,68408
582,20300;22,51333;       2,16196; 20,59395;50,00000;20,00000;0,68400
582,37097;22,52000;       2,16281; 20,59347;49,00000;20,00000;0,68391
582,53400;22,52667;       2,16306; 20,59350;49,00000;20,00000;0,68383
582,69501;22,53333;       2,16331; 20,59353;51,00000;20,00000;0,68375
582,86499;22,54000;       2,16399; 20,59357;51,00000;20,00000;0,68367
583,03198;22,54667;       2,16448; 20,59309;51,00000;20,00000;0,68359
583,19299;22,55333;       2,16491; 20,59312;51,00000;20,00000;0,68351
583,35797;22,56000;       2,16558; 20,59313;49,00000;20,00000;0,68342
583,51703;22,56667;       2,16641; 20,59261;49,00000;20,00000;0,68334
583,68103;22,57333;       2,16720; 20,59268;51,00000;20,00000;0,68326
583,84003;22,58000;       2,16780; 20,59275;51,00000;20,00000;0,68318
584,01398;22,58667;       2,16842; 20,59226;51,00000;20,00000;0,68310
584,17700;22,59333;       2,16915; 20,59229;51,00000;20,00000;0,68302
584,34497;22,60000;       2,16965; 20,59232;49,00000;20,00000;0,68293
584,50598;22,60667;       2,17025; 20,59232;49,00000;20,00000;0,68285
584,67499;22,61333;       2,17093; 20,59179;50,00000;20,00000;0,68277
584,83899;22,62000;       2,17148; 20,59186;50,00000;20,00000;0,68269
585,00403;22,62667;       2,17197; 20,59193;49,00000;20,00000;0,68260
585,17401;22,63333;       2,17253; 20,59144;49,00000;20,00000;0,68252
585,33301;22,64000;       2,17308; 20,59147;50,00000;20,00000;0,68244
585,50000;22,64667;       2,17370; 20,59151;50,00000;20,00000;0,68236
585,66400;22,65333;       2,17431; 20,59155;50,00000;20,00000;0,68228
585,83002;22,66000;       2,17492; 20,59106;52,00000;20,00000;0,68219
585,99701;22,66667;       2,17542; 20,59110;52,00000;20,00000;0,68211
586,15601;22,67333;       2,17602; 20,59110;49,00000;20,00000;0,68203
586,31403;22,68000;       2,17663; 20,59057;49,00000;20,00000;0,68195
586,48297;22,68667;       2,17725; 20,59065;49,00000;20,00000;0,68187
586,66199;22,69333;       2,17788; 20,59072;51,00000;20,00000;0,68178
586,82098;22,70000;       2,17843; 20,59075;51,00000;20,00000;0,68170
586,97900;22,70667;       2,17874; 20,59026;51,00000;20,00000;0,68162
587,15100;22,71333;       2,17966; 20,59030;51,00000;20,00000;0,68153
587,31000;22,72000;       2,17992; 20,59030;49,00000;20,00000;0,68145
587,47400;22,72667;       2,18059; 20,58977;49,00000;20,00000;0,68137
587,64600;22,73333;       2,18145; 20,58984;50,00000;20,00000;0,68128
587,80701;22,74000;       2,18270; 20,58991;50,00000;20,00000;0,68120
587,97400;22,74667;       2,18315; 20,58995;49,00000;20,00000;0,68112
588,13397;22,75333;       2,18364; 20,58946;49,00000;20,00000;0,68104
588,31201;22,76000;       2,18422; 20,58950;49,00000;20,00000;0,68095
588,46802;22,76667;       2,18476; 20,58954;50,00000;20,00000;0,68087
588,62903;22,77333;       2,18531; 20,58958;50,00000;20,00000;0,68079
588,79797;22,78000;       2,18617; 20,58909;52,00000;20,00000;0,68071
588,95099;22,78667;       2,18695; 20,58913;52,00000;20,00000;0,68063
589,12701;22,79333;       2,18764; 20,58917;49,00000;20,00000;0,68054
589,28802;22,80000;       2,18837; 20,58920;49,00000;20,00000;0,68046
589,45502;22,80667;       2,18893; 20,58923;50,00000;20,00000;0,68037
589,62201;22,81333;       2,18955; 20,58927;50,00000;20,00000;0,68029
589,78699;22,82000;       2,18982; 20,58931;50,00000;20,00000;0,68021
589,95099;22,82667;       2,19038; 20,58934;51,00000;20,00000;0,68013
590,11102;22,83333;       2,19152; 20,58934;49,00000;20,00000;0,68004
590,28101;22,84000;       2,19203; 20,58933;50,00000;20,00000;0,67996
590,44897;22,84667;       2,19283; 20,58941;50,00000;20,00000;0,67987
590,61298;22,85333;       2,19345; 20,58948;50,00000;20,00000;0,67979
590,77197;22,86000;       2,19418; 20,58952;50,00000;20,00000;0,67971
590,94702;22,86667;       2,19511; 20,58956;50,00000;20,00000;0,67962
591,10602;22,87333;       2,19578; 20,58959;49,00000;20,00000;0,67954
591,26398;22,88000;       2,19639; 20,58963;49,00000;20,00000;0,67946
591,43799;22,88667;       2,19673; 20,58967;51,00000;20,00000;0,67937
591,59900;22,89333;       2,19723; 20,58971;51,00000;20,00000;0,67929
591,76599;22,90000;       2,19768; 20,58975;52,00000;20,00000;0,67921
591,92902;22,90667;       2,19859; 20,58979;52,00000;20,00000;0,67913
592,09198;22,91333;       2,19933; 20,58982;49,00000;20,00000;0,67904
592,25598;22,92000;       2,19983; 20,58986;49,00000;20,00000;0,67896
592,41901;22,92667;       2,20051; 20,58990;50,00000;20,00000;0,67888
592,59003;22,93333;       2,20120; 20,58994;50,00000;20,00000;0,67879
592,75000;22,94000;       2,20188; 20,58998;51,00000;20,00000;0,67871
592,91199;22,94667;       2,20255; 20,59051;51,00000;20,00000;0,67863
593,08002;22,95333;       2,20324; 20,59103;49,00000;20,00000;0,67854
593,23999;22,96000;       2,20392; 20,59110;49,00000;20,00000;0,67846
593,41400;22,96667;       2,20467; 20,59170;50,00000;20,00000;0,67837
593,57300;22,97333;       2,20535; 20,59174;50,00000;20,00000;0,67829
593,73602;22,98000;       2,20603; 20,59229;50,00000;20,00000;0,67821
593,91302;22,98667;       2,20685; 20,59234;50,00000;20,00000;0,67812
594,07098;22,99333;       2,20770; 20,59237;49,00000;20,00000;0,67804
594,22803;23,00000;       2,20819; 20,59241;49,00000;20,00000;0,67796
594,40100;23,00667;       2,20901; 20,59245;51,00000;20,00000;0,67787
594,56097;23,01333;       2,20986; 20,59248;51,00000;20,00000;0,67779
594,72998;23,02000;       2,21050; 20,59252;52,00000;20,00000;0,67770
594,90399;23,02667;       2,21108; 20,59256;50,00000;20,00000;0,67762
595,05402;23,03333;       2,21180; 20,59259;49,00000;20,00000;0,67754
595,22400;23,04000;       2,21226; 20,59262;49,00000;20,00000;0,67745
595,39398;23,04667;       2,21272; 20,59266;51,00000;20,00000;0,67737
595,56097;23,05333;       2,21359; 20,59269;51,00000;20,00000;0,67728
595,72998;23,06000;       2,21434; 20,59270;52,00000;20,00000;0,67719
595,88898;23,06667;       2,21507; 20,59217;52,00000;20,00000;0,67711
596,04602;23,07333;       2,21575; 20,59225;49,00000;20,00000;0,67703
596,22498;23,08000;       2,21640; 20,59232;49,00000;20,00000;0,67694
596,38000;23,08667;       2,21725; 20,59236;49,00000;20,00000;0,67686
596,54700;23,09333;       2,21794; 20,59239;50,00000;20,00000;0,67678
596,71899;23,10000;       2,21870; 20,59243;50,00000;20,00000;0,67669
596,87903;23,10667;       2,21950; 20,59243;50,00000;20,00000;0,67661
597,04797;23,11333;       2,22031; 20,59243;50,00000;20,00000;0,67652
597,21002;23,12000;       2,22094; 20,59251;49,00000;20,00000;0,67644
597,37701;23,12667;       2,22128; 20,59259;49,00000;20,00000;0,67635
597,53198;23,13333;       2,22201; 20,59210;51,00000;20,00000;0,67627
597,70203;23,14000;       2,22336; 20,59214;51,00000;20,00000;0,67619
597,87201;23,14667;       2,22382; 20,59218;50,00000;20,00000;0,67610
598,03900;23,15333;       2,22452; 20,59222;49,00000;20,00000;0,67601
598,20599;23,16000;       2,22509; 20,59225;49,00000;20,00000;0,67593
598,36200;23,16667;       2,22559; 20,59229;51,00000;20,00000;0,67585
598,53003;23,17333;       2,22635; 20,59233;51,00000;20,00000;0,67576
598,69598;23,18000;       2,22698; 20,59237;52,00000;20,00000;0,67568
598,86401;23,18667;       2,22774; 20,59240;52,00000;20,00000;0,67559
599,02197;23,19333;       2,22836; 20,59244;49,00000;20,00000;0,67551
599,19897;23,20000;       2,22913; 20,59196;49,00000;20,00000;0,67542
599,36603;23,20667;       2,23001; 20,59200;49,00000;20,00000;0,67533
599,52197;23,21333;       2,23063; 20,59204;50,00000;20,00000;0,67525
599,68402;23,22000;       2,23126; 20,59205;50,00000;20,00000;0,67517
599,85101;23,22667;       2,23189; 20,59206;49,00000;20,00000;0,67508
600,01501;23,23333;       2,23259; 20,59214;49,00000;20,00000;0,67500
600,17200;23,24000;       2,23339; 20,59222;49,00000;20,00000;0,67492
600,34302;23,24667;       2,23444; 20,59226;49,00000;20,00000;0,67483
600,51001;23,25333;       2,23514; 20,59230;51,00000;20,00000;0,67474
600,66803;23,26000;       2,23571; 20,59181;50,00000;20,00000;0,67466
600,84302;23,26667;       2,23660; 20,59185;50,00000;20,00000;0,67457
601,00598;23,27333;       2,23723; 20,59189;50,00000;20,00000;0,67449
601,16699;23,28000;       2,23786; 20,59192;49,00000;20,00000;0,67440
601,34198;23,28667;       2,23828; 20,59196;51,00000;20,00000;0,67431
601,50098;23,29333;       2,23926; 20,59200;51,00000;20,00000;0,67423
601,66699;23,30000;       2,24020; 20,59204;51,00000;20,00000;0,67414
601,82898;23,30667;       2,24077; 20,59208;51,00000;20,00000;0,67406
602,00098;23,31333;       2,24124; 20,59212;51,00000;20,00000;0,67397
602,16199;23,32000;       2,24194; 20,59216;49,00000;20,00000;0,67389
602,32800;23,32667;       2,24287; 20,59168;49,00000;20,00000;0,67380
602,49103;23,33333;       2,24345; 20,59168;50,00000;20,00000;0,67372
602,65997;23,34000;       2,24421; 20,59168;50,00000;20,00000;0,67363
602,82202;23,34667;       2,24526; 20,59176;49,00000;20,00000;0,67355
602,99200;23,35333;       2,24632; 20,59184;49,00000;20,00000;0,67346
603,15900;23,36000;       2,24709; 20,59188;50,00000;20,00000;0,67337
603,31201;23,36667;       2,24777; 20,59192;51,00000;20,00000;0,67329
603,48999;23,37333;       2,24855; 20,59196;51,00000;20,00000;0,67320
603,65100;23,38000;       2,24877; 20,59200;50,00000;20,00000;0,67312
603,80902;23,38667;       2,24922; 20,59204;49,00000;20,00000;0,67304
603,97900;23,39333;       2,25017; 20,59156;49,00000;20,00000;0,67295
604,14899;23,40000;       2,25141; 20,59160;50,00000;20,00000;0,67286
604,31598;23,40667;       2,25194; 20,59165;50,00000;20,00000;0,67277
604,47498;23,41333;       2,25263; 20,59169;52,00000;20,00000;0,67269
604,63800;23,42000;       2,25356; 20,59174;52,00000;20,00000;0,67260
604,79797;23,42667;       2,25426; 20,59178;49,00000;20,00000;0,67252
604,96399;23,43333;       2,25478; 20,59183;49,00000;20,00000;0,67244
605,12402;23,44000;       2,25554; 20,59187;50,00000;20,00000;0,67235
605,29797;23,44667;       2,25637; 20,59187;50,00000;20,00000;0,67226
605,46002;23,45333;       2,25707; 20,59135;50,00000;20,00000;0,67218
605,62799;23,46000;       2,25778; 20,59143;50,00000;20,00000;0,67209
605,79498;23,46667;       2,25855; 20,59151;49,00000;20,00000;0,67200
605,96100;23,47333;       2,25943; 20,59155;49,00000;20,00000;0,67192
606,12201;23,48000;       2,26025; 20,59159;51,00000;20,00000;0,67183
606,28302;23,48667;       2,26112; 20,59163;50,00000;20,00000;0,67175
606,45398;23,49333;       2,26178; 20,59164;50,00000;20,00000;0,67166
606,61499;23,50000;       2,26248; 20,59164;50,00000;20,00000;0,67157
606,78699;23,50667;       2,26320; 20,59172;49,00000;20,00000;0,67148
606,95599;23,51333;       2,26403; 20,59180;49,00000;20,00000;0,67140
607,11298;23,52000;       2,26478; 20,59132;49,00000;20,00000;0,67131
607,28198;23,52667;       2,26561; 20,59137;51,00000;20,00000;0,67123
607,44202;23,53333;       2,26625; 20,59141;51,00000;20,00000;0,67114
607,60901;23,54000;       2,26667; 20,59145;52,00000;20,00000;0,67106
607,76099;23,54667;       2,26741; 20,59149;52,00000;20,00000;0,67098
607,94000;23,55333;       2,26868; 20,59153;49,00000;20,00000;0,67088
608,10901;23,56000;       2,26987; 20,59157;49,00000;20,00000;0,67079
608,27399;23,56667;       2,27063; 20,59161;49,00000;20,00000;0,67071
608,43500;23,57333;       2,27134; 20,59165;50,00000;20,00000;0,67062
608,60400;23,58000;       2,27211; 20,59170;49,00000;20,00000;0,67053
608,77002;23,58667;       2,27282; 20,59122;49,00000;20,00000;0,67045
608,92999;23,59333;       2,27352; 20,59126;49,00000;20,00000;0,67036
609,09399;23,60000;       2,27441; 20,59131;49,00000;20,00000;0,67028
609,25702;23,60667;       2,27518; 20,59131;50,00000;20,00000;0,67019
609,43201;23,61333;       2,27590; 20,59132;50,00000;20,00000;0,67010
609,58301;23,62000;       2,27671; 20,59140;50,00000;20,00000;0,67002
609,75897;23,62667;       2,27756; 20,59148;49,00000;20,00000;0,66993
609,91602;23,63333;       2,27825; 20,59152;49,00000;20,00000;0,66985
610,09302;23,64000;       2,27917; 20,59157;51,00000;20,00000;0,66975
610,25201;23,64667;       2,27993; 20,59162;51,00000;20,00000;0,66967
610,41901;23,65333;       2,28058; 20,59166;51,00000;20,00000;0,66958
610,57898;23,66000;       2,28123; 20,59171;50,00000;20,00000;0,66950
610,74402;23,66667;       2,28212; 20,59176;50,00000;20,00000;0,66941
610,90802;23,67333;       2,28277; 20,59180;50,00000;20,00000;0,66932
611,06201;23,68000;       2,28340; 20,59184;50,00000;20,00000;0,66924
611,24402;23,68667;       2,28415; 20,59189;50,00000;20,00000;0,66915
611,40698;23,69333;       2,28533; 20,59194;50,00000;20,00000;0,66906
611,57001;23,70000;       2,28670; 20,59198;49,00000;20,00000;0,66897
611,72900;23,70667;       2,28728; 20,59202;49,00000;20,00000;0,66889
611,89801;23,71333;       2,28777; 20,59206;51,00000;20,00000;0,66880
612,06799;23,72000;       2,28861; 20,59207;51,00000;20,00000;0,66871
612,22900;23,72667;       2,28938; 20,59208;50,00000;20,00000;0,66863
612,39600;23,73333;       2,29016; 20,59216;50,00000;20,00000;0,66854
612,56097;23,74000;       2,29111; 20,59224;49,00000;20,00000;0,66845
612,72400;23,74667;       2,29194; 20,59228;49,00000;20,00000;0,66837
612,89203;23,75333;       2,29273; 20,59232;49,00000;20,00000;0,66828
613,06097;23,76000;       2,29339; 20,59236;49,00000;20,00000;0,66819
613,22198;23,76667;       2,29422; 20,59241;50,00000;20,00000;0,66810
613,38898;23,77333;       2,29500; 20,59245;51,00000;20,00000;0,66801
613,55798;23,78000;       2,29608; 20,59250;49,00000;20,00000;0,66792
613,71002;23,78667;       2,29720; 20,59254;49,00000;20,00000;0,66784
613,88702;23,79333;       2,29794; 20,59259;50,00000;20,00000;0,66775
614,04498;23,80000;       2,29864; 20,59263;50,00000;20,00000;0,66767
614,21002;23,80667;       2,29942; 20,59267;50,00000;20,00000;0,66758
614,38202;23,81333;       2,30015; 20,59272;50,00000;20,00000;0,66749
614,54401;23,82000;       2,30105; 20,59276;49,00000;20,00000;0,66740
614,72101;23,82667;       2,30209; 20,59280;49,00000;20,00000;0,66731
614,87201;23,83333;       2,30302; 20,59281;49,00000;20,00000;0,66723
615,03998;23,84000;       2,30381; 20,59282;49,00000;20,00000;0,66714
615,21198;23,84667;       2,30472; 20,59291;50,00000;20,00000;0,66705
615,37299;23,85333;       2,30573; 20,59300;50,00000;20,00000;0,66696
615,53003;23,86000;       2,30656; 20,59304;49,00000;20,00000;0,66688
615,69202;23,86667;       2,30745; 20,59309;49,00000;20,00000;0,66679
615,86102;23,87333;       2,30824; 20,59313;50,00000;20,00000;0,66670
616,02802;23,88000;       2,30897; 20,59314;50,00000;20,00000;0,66661
616,20203;23,88667;       2,30995; 20,59314;50,00000;20,00000;0,66652
616,35303;23,89333;       2,31088; 20,59322;51,00000;20,00000;0,66644
616,53101;23,90000;       2,31145; 20,59330;50,00000;20,00000;0,66635
616,69598;23,90667;       2,31217; 20,59335;50,00000;20,00000;0,66626
616,86499;23,91333;       2,31302; 20,59339;50,00000;20,00000;0,66617
617,02197;23,92000;       2,31391; 20,59343;50,00000;20,00000;0,66608
617,19202;23,92667;       2,31501; 20,59296;50,00000;20,00000;0,66599
617,35498;23,93333;       2,31609; 20,59301;50,00000;20,00000;0,66591
617,52301;23,94000;       2,31718; 20,59306;50,00000;20,00000;0,66582
617,68701;23,94667;       2,31826; 20,59307;49,00000;20,00000;0,66573
617,84497;23,95333;       2,31861; 20,59308;49,00000;20,00000;0,66565
618,01001;23,96000;       2,31952; 20,59316;49,00000;20,00000;0,66556
618,17700;23,96667;       2,32085; 20,59325;49,00000;20,00000;0,66547
618,34497;23,97333;       2,32194; 20,59329;50,00000;20,00000;0,66538
618,51398;23,98000;       2,32279; 20,59334;50,00000;20,00000;0,66529
618,67603;23,98667;       2,32375; 20,59338;49,00000;20,00000;0,66520
618,83600;23,99333;       2,32429; 20,59339;49,00000;20,00000;0,66512
619,01099;24,00000;       2,32468; 20,59340;50,00000;20,00000;0,66502
619,17102;24,00667;       2,32582; 20,59349;50,00000;20,00000;0,66494
619,33301;24,01333;       2,32690; 20,59305;51,00000;20,00000;0,66485
619,50000;24,02000;       2,32775; 20,59310;52,00000;20,00000;0,66476
619,66199;24,02667;       2,32854; 20,59315;49,00000;20,00000;0,66467
619,81897;24,03333;       2,32949; 20,59319;49,00000;20,00000;0,66459
620,00299;24,04000;       2,33050; 20,59324;50,00000;20,00000;0,66449
620,15997;24,04667;       2,33139; 20,59328;50,00000;20,00000;0,66441
620,33301;24,05333;       2,33220; 20,59333;50,00000;20,00000;0,66431
620,49200;24,06000;       2,33310; 20,59337;50,00000;20,00000;0,66423
620,65198;24,06667;       2,33382; 20,59341;49,00000;20,00000;0,66414
620,82397;24,07333;       2,33474; 20,59346;50,00000;20,00000;0,66405
620,99701;24,08000;       2,33573; 20,59351;50,00000;20,00000;0,66396
621,15997;24,08667;       2,33664; 20,59355;50,00000;20,00000;0,66387
621,32501;24,09333;       2,33773; 20,59360;50,00000;20,00000;0,66378
621,48297;24,10000;       2,33869; 20,59364;50,00000;20,00000;0,66370
621,65198;24,10667;       2,33967; 20,59313;49,00000;20,00000;0,66361
621,81799;24,11333;       2,34011; 20,59314;49,00000;20,00000;0,66352
621,98499;24,12000;       2,34060; 20,59323;51,00000;20,00000;0,66343
622,14697;24,12667;       2,34151; 20,59331;51,00000;20,00000;0,66334
622,31403;24,13333;       2,34285; 20,59336;52,00000;20,00000;0,66325
622,47998;24,14000;       2,34401; 20,59341;52,00000;20,00000;0,66316
622,64301;24,14667;       2,34516; 20,59345;49,00000;20,00000;0,66307
622,81097;24,15333;       2,34554; 20,59350;49,00000;20,00000;0,66298
622,97803;24,16000;       2,34688; 20,59354;50,00000;20,00000;0,66289
623,13898;24,16667;       2,34779; 20,59359;50,00000;20,00000;0,66281
623,31097;24,17333;       2,34860; 20,59364;50,00000;20,00000;0,66271
623,47601;24,18000;       2,34963; 20,59368;49,00000;20,00000;0,66262
623,63800;24,18667;       2,35061; 20,59373;49,00000;20,00000;0,66254
623,80701;24,19333;       2,35153; 20,59378;49,00000;20,00000;0,66245
623,96899;24,20000;       2,35238; 20,59330;50,00000;20,00000;0,66236
624,13898;24,20667;       2,35325; 20,59335;50,00000;20,00000;0,66227
624,29797;24,21333;       2,35410; 20,59340;50,00000;20,00000;0,66218
624,46600;24,22000;       2,35514; 20,59341;50,00000;20,00000;0,66209
624,63599;24,22667;       2,35613; 20,59342;49,00000;20,00000;0,66200
624,79401;24,23333;       2,35710; 20,59350;49,00000;20,00000;0,66191
624,96399;24,24000;       2,35797; 20,59359;50,00000;20,00000;0,66182
625,13098;24,24667;       2,35883; 20,59364;51,00000;20,00000;0,66173
625,29498;24,25333;       2,35993; 20,59369;49,00000;20,00000;0,66164
625,45599;24,26000;       2,36096; 20,59375;49,00000;20,00000;0,66155
625,63000;24,26667;       2,36202; 20,59328;49,00000;20,00000;0,66146
625,77600;24,27333;       2,36387; 20,59333;50,00000;20,00000;0,66138
625,94800;24,28000;       2,36535; 20,59286;50,00000;20,00000;0,66129
626,12000;24,28667;       2,36671; 20,59239;50,00000;20,00000;0,66119
626,27802;24,29333;       2,36780; 20,59191;50,00000;20,00000;0,66111
626,44702;24,30000;       2,36813; 20,59196;49,00000;20,00000;0,66102
626,61298;24,30667;       2,36887; 20,59148;50,00000;20,00000;0,66093
626,78003;24,31333;       2,36974; 20,59101;50,00000;20,00000;0,66084
626,94598;24,32000;       2,37085; 20,59106;50,00000;20,00000;0,66075
627,11200;24,32667;       2,37202; 20,59111;50,00000;20,00000;0,66066
627,27698;24,33333;       2,37330; 20,59060;50,00000;20,00000;0,66057
627,43402;24,34000;       2,37445; 20,59061;49,00000;20,00000;0,66048
627,60498;24,34667;       2,37527; 20,59069;49,00000;20,00000;0,66039
627,77600;24,35333;       2,37627; 20,59078;51,00000;20,00000;0,66030
627,94501;24,36000;       2,37720; 20,59083;51,00000;20,00000;0,66020
628,09900;24,36667;       2,37805; 20,59035;51,00000;20,00000;0,66012
628,26398;24,37333;       2,37898; 20,59040;49,00000;20,00000;0,66003
628,43597;24,38000;       2,37998; 20,59042;50,00000;20,00000;0,65994
628,59998;24,38667;       2,38036; 20,59043;50,00000;20,00000;0,65985
628,76501;24,39333;       2,38099; 20,59052;50,00000;20,00000;0,65976
628,92902;24,40000;       2,38185; 20,59008;50,00000;20,00000;0,65967
629,09698;24,40667;       2,38309; 20,59013;49,00000;20,00000;0,65958
629,26398;24,41333;       2,38408; 20,59019;49,00000;20,00000;0,65949
629,42401;24,42000;       2,38519; 20,59024;50,00000;20,00000;0,65940
629,58899;24,42667;       2,38636; 20,59029;50,00000;20,00000;0,65931
629,75201;24,43333;       2,38783; 20,59034;50,00000;20,00000;0,65922
629,91699;24,44000;       2,38894; 20,59038;50,00000;20,00000;0,65913
630,09003;24,44667;       2,38989; 20,58991;49,00000;20,00000;0,65903
630,25299;24,45333;       2,39051; 20,58996;49,00000;20,00000;0,65895
630,42499;24,46000;       2,39218; 20,59001;51,00000;20,00000;0,65885
630,59003;24,46667;       2,39275; 20,59006;51,00000;20,00000;0,65876
630,75500;24,47333;       2,39320; 20,59012;52,00000;20,00000;0,65867
630,90900;24,48000;       2,39448; 20,59017;52,00000;20,00000;0,65859
631,07098;24,48667;       2,39577; 20,58970;49,00000;20,00000;0,65850
631,23901;24,49333;       2,39634; 20,58971;49,00000;20,00000;0,65841
631,41101;24,50000;       2,39759; 20,58972;49,00000;20,00000;0,65831
631,57300;24,50667;       2,39864; 20,58982;50,00000;20,00000;0,65822
631,74799;24,51333;       2,39972; 20,58991;50,00000;20,00000;0,65813
631,90698;24,52000;       2,40076; 20,58996;50,00000;20,00000;0,65804
632,07098;24,52667;       2,40188; 20,58949;49,00000;20,00000;0,65795
632,23199;24,53333;       2,40287; 20,58954;50,00000;20,00000;0,65786
632,39697;24,54000;       2,40380; 20,58959;50,00000;20,00000;0,65777
632,57001;24,54667;       2,40476; 20,58964;50,00000;20,00000;0,65768
632,73401;24,55333;       2,40569; 20,58916;50,00000;20,00000;0,65759
632,90198;24,56000;       2,40657; 20,58921;50,00000;20,00000;0,65750
633,06598;24,56667;       2,40763; 20,58874;49,00000;20,00000;0,65741
633,23102;24,57333;       2,40869; 20,58827;49,00000;20,00000;0,65731
633,39301;24,58000;       2,40974; 20,58832;51,00000;20,00000;0,65723
633,56299;24,58667;       2,41075; 20,58785;51,00000;20,00000;0,65713
633,72803;24,59333;       2,41194; 20,58791;51,00000;20,00000;0,65704
633,89001;24,60000;       2,41311; 20,58796;51,00000;20,00000;0,65695
634,05902;24,60667;       2,41430; 20,58745;49,00000;20,00000;0,65686
634,21802;24,61333;       2,41529; 20,58747;49,00000;20,00000;0,65677
634,38702;24,62000;       2,41618; 20,58755;49,00000;20,00000;0,65668
634,55499;24,62667;       2,41670; 20,58712;50,00000;20,00000;0,65659
634,72198;24,63333;       2,41813; 20,58717;50,00000;20,00000;0,65649
634,88300;24,64000;       2,41931; 20,58721;49,00000;20,00000;0,65641
635,04999;24,64667;       2,42044; 20,58675;49,00000;20,00000;0,65631
635,22699;24,65333;       2,42110; 20,58628;50,00000;20,00000;0,65622
635,38599;24,66000;       2,42197; 20,58581;50,00000;20,00000;0,65613
635,54303;24,66667;       2,42314; 20,58534;50,00000;20,00000;0,65604
635,71198;24,67333;       2,42446; 20,58435;50,00000;20,00000;0,65595
635,87799;24,68000;       2,42571; 20,58388;50,00000;20,00000;0,65586
636,03601;24,68667;       2,42725; 20,58341;50,00000;20,00000;0,65577
636,21198;24,69333;       2,42821; 20,58294;49,00000;20,00000;0,65567
636,37402;24,70000;       2,42909; 20,58247;50,00000;20,00000;0,65558
636,53802;24,70667;       2,42991; 20,58252;50,00000;20,00000;0,65549
636,71399;24,71333;       2,43070; 20,58205;50,00000;20,00000;0,65540
636,87000;24,72000;       2,43175; 20,58154;49,00000;20,00000;0,65531
637,03601;24,72667;       2,43270; 20,58103;49,00000;20,00000;0,65522
637,20203;24,73333;       2,43383; 20,58060;50,00000;20,00000;0,65513
637,36902;24,74000;       2,43502; 20,58069;50,00000;20,00000;0,65503
637,53802;24,74667;       2,43628; 20,58022;50,00000;20,00000;0,65494
637,70099;24,75333;       2,43747; 20,57976;50,00000;20,00000;0,65485
637,86902;24,76000;       2,43849; 20,57981;49,00000;20,00000;0,65476
638,02197;24,76667;       2,43917; 20,57930;50,00000;20,00000;0,65467
638,19897;24,77333;       2,43990; 20,57932;50,00000;20,00000;0,65457
638,35901;24,78000;       2,44078; 20,57942;50,00000;20,00000;0,65449
638,52100;24,78667;       2,44184; 20,57952;50,00000;20,00000;0,65440
638,68799;24,79333;       2,44292; 20,57905;50,00000;20,00000;0,65430
638,84900;24,80000;       2,44398; 20,57910;49,00000;20,00000;0,65421
639,01801;24,80667;       2,44513; 20,57916;51,00000;20,00000;0,65412
639,18298;24,81333;       2,44620; 20,57921;51,00000;20,00000;0,65403
639,35199;24,82000;       2,44753; 20,57926;52,00000;20,00000;0,65394
639,51001;24,82667;       2,44871; 20,57931;52,00000;20,00000;0,65385
639,68103;24,83333;       2,44973; 20,57932;52,00000;20,00000;0,65375
639,85303;24,84000;       2,45070; 20,57933;49,00000;20,00000;0,65366
640,01703;24,84667;       2,45171; 20,57942;49,00000;20,00000;0,65357
640,18103;24,85333;       2,45279; 20,57951;50,00000;20,00000;0,65348
640,35303;24,86000;       2,45400; 20,57957;50,00000;20,00000;0,65338
640,50897;24,86667;       2,45518; 20,57962;49,00000;20,00000;0,65329
640,68402;24,87333;       2,45634; 20,57968;49,00000;20,00000;0,65320
640,83600;24,88000;       2,45763; 20,57969;49,00000;20,00000;0,65311
641,00598;24,88667;       2,45872; 20,57971;49,00000;20,00000;0,65302
641,18298;24,89333;       2,45976; 20,57981;50,00000;20,00000;0,65292
641,33398;24,90000;       2,46100; 20,57990;50,00000;20,00000;0,65283
641,49902;24,90667;       2,46214; 20,57995;50,00000;20,00000;0,65274
641,67401;24,91333;       2,46324; 20,58001;50,00000;20,00000;0,65264
641,83600;24,92000;       2,46437; 20,58006;49,00000;20,00000;0,65255
641,99701;24,92667;       2,46544; 20,58012;49,00000;20,00000;0,65246
642,16998;24,93333;       2,46654; 20,58017;50,00000;20,00000;0,65237
642,33002;24,94000;       2,46761; 20,58023;50,00000;20,00000;0,65228
642,50000;24,94667;       2,46877; 20,58029;50,00000;20,00000;0,65218
642,65997;24,95333;       2,46929; 20,58034;50,00000;20,00000;0,65209
642,82800;24,96000;       2,47050; 20,58040;49,00000;20,00000;0,65200
642,98999;24,96667;       2,47225; 20,58045;49,00000;20,00000;0,65191
643,15399;24,97333;       2,47296; 20,58051;50,00000;20,00000;0,65182
643,32599;24,98000;       2,47400; 20,58057;50,00000;20,00000;0,65172
643,49298;24,98667;       2,47558; 20,58062;49,00000;20,00000;0,65163
643,65100;24,99333;       2,47695; 20,58064;49,00000;20,00000;0,65154
643,81799;25,00000;       2,47798; 20,58065;49,00000;20,00000;0,65145
643,97803;25,00667;       2,47899; 20,58074;49,00000;20,00000;0,65136
644,15698;25,01333;       2,47999; 20,58084;50,00000;20,00000;0,65126
644,32300;25,02000;       2,48113; 20,58090;50,00000;20,00000;0,65116
644,48199;25,02667;       2,48239; 20,58095;49,00000;20,00000;0,65108
644,65198;25,03333;       2,48343; 20,58101;49,00000;20,00000;0,65098
644,80499;25,04000;       2,48443; 20,58107;49,00000;20,00000;0,65090
644,97699;25,04667;       2,48535; 20,58113;49,00000;20,00000;0,65080
645,14502;25,05333;       2,48626; 20,58118;51,00000;20,00000;0,65070
645,30798;25,06000;       2,48734; 20,58124;51,00000;20,00000;0,65061
645,47101;25,06667;       2,48861; 20,58129;51,00000;20,00000;0,65052
645,64203;25,07333;       2,48959; 20,58135;49,00000;20,00000;0,65043
645,80103;25,08000;       2,49085; 20,58141;49,00000;20,00000;0,65034
645,97900;25,08667;       2,49179; 20,58146;50,00000;20,00000;0,65024
646,12903;25,09333;       2,49278; 20,58152;50,00000;20,00000;0,65015
646,30402;25,10000;       2,49414; 20,58157;50,00000;20,00000;0,65005
646,46698;25,10667;       2,49560; 20,58159;49,00000;20,00000;0,64996
646,63599;25,11333;       2,49713; 20,58160;51,00000;20,00000;0,64987
646,79797;25,12000;       2,49778; 20,58170;49,00000;20,00000;0,64978
646,96698;25,12667;       2,49907; 20,58179;49,00000;20,00000;0,64968
647,13202;25,13333;       2,50028; 20,58185;50,00000;20,00000;0,64959
647,29401;25,14000;       2,50155; 20,58138;50,00000;20,00000;0,64950
647,46600;25,14667;       2,50254; 20,58143;50,00000;20,00000;0,64940
647,63300;25,15333;       2,50352; 20,58149;49,00000;20,00000;0,64931
647,79401;25,16000;       2,50448; 20,58154;49,00000;20,00000;0,64922
647,96002;25,16667;       2,50545; 20,58160;50,00000;20,00000;0,64912
648,13202;25,17333;       2,50656; 20,58166;50,00000;20,00000;0,64903
648,29102;25,18000;       2,50765; 20,58171;51,00000;20,00000;0,64894
648,45398;25,18667;       2,50886; 20,58125;52,00000;20,00000;0,64884
648,62598;25,19333;       2,51034; 20,58131;49,00000;20,00000;0,64875
648,79199;25,20000;       2,51157; 20,58136;49,00000;20,00000;0,64865
648,95502;25,20667;       2,51278; 20,58142;50,00000;20,00000;0,64856
649,11798;25,21333;       2,51412; 20,58148;50,00000;20,00000;0,64847
649,29102;25,22000;       2,51530; 20,58150;50,00000;20,00000;0,64837
649,45001;25,22667;       2,51657; 20,58152;51,00000;20,00000;0,64828
649,62097;25,23333;       2,51780; 20,58110;49,00000;20,00000;0,64819
649,77899;25,24000;       2,51889; 20,58119;49,00000;20,00000;0,64810
649,93903;25,24667;       2,51979; 20,58125;50,00000;20,00000;0,64801
650,11499;25,25333;       2,52110; 20,58131;50,00000;20,00000;0,64791
650,27698;25,26000;       2,52232; 20,58137;50,00000;20,00000;0,64782
650,43799;25,26667;       2,52292; 20,58138;49,00000;20,00000;0,64772
650,61700;25,27333;       2,52436; 20,58088;49,00000;20,00000;0,64762
650,77002;25,28000;       2,52575; 20,58097;49,00000;20,00000;0,64754
650,94397;25,28667;       2,52675; 20,58107;51,00000;20,00000;0,64744
651,10101;25,29333;       2,52789; 20,58113;51,00000;20,00000;0,64735
651,27100;25,30000;       2,52931; 20,58119;52,00000;20,00000;0,64725
651,44000;25,30667;       2,53043; 20,58125;52,00000;20,00000;0,64716
651,60101;25,31333;       2,53152; 20,58131;49,00000;20,00000;0,64707
651,76398;25,32000;       2,53262; 20,58085;49,00000;20,00000;0,64697
651,92999;25,32667;       2,53379; 20,58091;50,00000;20,00000;0,64688
652,10101;25,33333;       2,53504; 20,58097;50,00000;20,00000;0,64678
652,26703;25,34000;       2,53608; 20,58103;50,00000;20,00000;0,64669
652,42200;25,34667;       2,53735; 20,58108;52,00000;20,00000;0,64660
652,58801;25,35333;       2,53865; 20,58114;49,00000;20,00000;0,64651
652,76001;25,36000;       2,53995; 20,58119;49,00000;20,00000;0,64641
652,93103;25,36667;       2,54114; 20,58073;50,00000;20,00000;0,64631
653,09497;25,37333;       2,54230; 20,58078;50,00000;20,00000;0,64622
653,26398;25,38000;       2,54355; 20,58081;50,00000;20,00000;0,64612
653,43201;25,38667;       2,54472; 20,58083;49,00000;20,00000;0,64603
653,58099;25,39333;       2,54574; 20,58093;49,00000;20,00000;0,64594
653,75598;25,40000;       2,54693; 20,58103;49,00000;20,00000;0,64584
653,91302;25,40667;       2,54802; 20,58057;51,00000;20,00000;0,64575
654,08197;25,41333;       2,54933; 20,58063;51,00000;20,00000;0,64566
654,24500;25,42000;       2,55050; 20,58069;50,00000;20,00000;0,64557
654,40802;25,42667;       2,55148; 20,58075;50,00000;20,00000;0,64547
654,58398;25,43333;       2,55268; 20,58081;50,00000;20,00000;0,64537
654,74701;25,44000;       2,55416; 20,58086;50,00000;20,00000;0,64528
654,90802;25,44667;       2,55557; 20,58092;50,00000;20,00000;0,64519
655,08099;25,45333;       2,55676; 20,58045;50,00000;20,00000;0,64509
655,24500;25,46000;       2,55812; 20,58051;50,00000;20,00000;0,64500
655,41699;25,46667;       2,55950; 20,58057;50,00000;20,00000;0,64490
655,58197;25,47333;       2,56080; 20,58064;50,00000;20,00000;0,64480
655,73700;25,48000;       2,56158; 20,58070;50,00000;20,00000;0,64472
655,90198;25,48667;       2,56239; 20,58076;50,00000;20,00000;0,64462
656,06702;25,49333;       2,56338; 20,58027;50,00000;20,00000;0,64453
656,23199;25,50000;       2,56456; 20,58029;49,00000;20,00000;0,64443
656,39398;25,50667;       2,56567; 20,58039;49,00000;20,00000;0,64434
656,56799;25,51333;       2,56712; 20,58049;49,00000;20,00000;0,64424
656,72998;25,52000;       2,56860; 20,58055;51,00000;20,00000;0,64415
656,89697;25,52667;       2,56991; 20,58061;51,00000;20,00000;0,64405
657,05902;25,53333;       2,57108; 20,58067;52,00000;20,00000;0,64396
657,23297;25,54000;       2,57241; 20,58021;52,00000;20,00000;0,64386
657,39502;25,54667;       2,57334; 20,58027;49,00000;20,00000;0,64377
657,55701;25,55333;       2,57426; 20,58033;49,00000;20,00000;0,64368
657,71600;25,56000;       2,57543; 20,58039;50,00000;20,00000;0,64359
657,88599;25,56667;       2,57650; 20,58045;50,00000;20,00000;0,64349
658,05701;25,57333;       2,57782; 20,58052;50,00000;20,00000;0,64339
658,22302;25,58000;       2,57913; 20,58058;49,00000;20,00000;0,64330
658,38599;25,58667;       2,58056; 20,58064;49,00000;20,00000;0,64320
658,55298;25,59333;       2,58200; 20,58070;50,00000;20,00000;0,64311
658,71600;25,60000;       2,58312; 20,58076;50,00000;20,00000;0,64301
658,88202;25,60667;       2,58437; 20,58078;50,00000;20,00000;0,64292
659,04797;25,61333;       2,58556; 20,58080;50,00000;20,00000;0,64282
659,21802;25,62000;       2,58688; 20,58090;50,00000;20,00000;0,64273
659,37402;25,62667;       2,58817; 20,58101;49,00000;20,00000;0,64264
659,54797;25,63333;       2,58938; 20,58107;49,00000;20,00000;0,64254
659,71002;25,64000;       2,59062; 20,58061;50,00000;20,00000;0,64244
659,87201;25,64667;       2,59174; 20,58067;50,00000;20,00000;0,64235
660,03900;25,65333;       2,59287; 20,58070;50,00000;20,00000;0,64225
660,20300;25,66000;       2,59362; 20,58072;49,00000;20,00000;0,64216
660,36902;25,66667;       2,59500; 20,58082;50,00000;20,00000;0,64207
660,53998;25,67333;       2,59658; 20,58092;50,00000;20,00000;0,64197
660,70599;25,68000;       2,59814; 20,58098;50,00000;20,00000;0,64187
660,87097;25,68667;       2,59896; 20,58104;50,00000;20,00000;0,64178
661,03802;25,69333;       2,60022; 20,58057;50,00000;20,00000;0,64168
661,19800;25,70000;       2,60177; 20,58063;50,00000;20,00000;0,64159
661,37000;25,70667;       2,60317; 20,58070;50,00000;20,00000;0,64149
661,53101;25,71333;       2,60423; 20,58076;50,00000;20,00000;0,64140
661,70599;25,72000;       2,60532; 20,58082;50,00000;20,00000;0,64130
661,86102;25,72667;       2,60624; 20,58089;50,00000;20,00000;0,64121
662,03003;25,73333;       2,60751; 20,58095;49,00000;20,00000;0,64111
662,19098;25,74000;       2,60888; 20,58101;49,00000;20,00000;0,64102
662,35797;25,74667;       2,61020; 20,58054;50,00000;20,00000;0,64092
662,52899;25,75333;       2,61154; 20,58060;50,00000;20,00000;0,64082
662,68903;25,76000;       2,61285; 20,58066;51,00000;20,00000;0,64073
662,86902;25,76667;       2,61408; 20,58068;51,00000;20,00000;0,64063
663,02899;25,77333;       2,61533; 20,58070;49,00000;20,00000;0,64053
663,20203;25,78000;       2,61661; 20,58080;49,00000;20,00000;0,64043
663,36298;25,78667;       2,61786; 20,58090;50,00000;20,00000;0,64034
663,52100;25,79333;       2,61916; 20,58043;50,00000;20,00000;0,64025
663,69501;25,80000;       2,62026; 20,58050;50,00000;20,00000;0,64015
663,85797;25,80667;       2,62145; 20,58057;51,00000;20,00000;0,64006
664,02698;25,81333;       2,62272; 20,58063;49,00000;20,00000;0,63996
664,18799;25,82000;       2,62404; 20,58069;49,00000;20,00000;0,63987
664,34998;25,82667;       2,62523; 20,58075;49,00000;20,00000;0,63977
664,52100;25,83333;       2,62639; 20,58082;50,00000;20,00000;0,63967
664,68597;25,84000;       2,62746; 20,58088;50,00000;20,00000;0,63958
664,85303;25,84667;       2,62867; 20,58042;50,00000;20,00000;0,63948
665,01801;25,85333;       2,63006; 20,58049;50,00000;20,00000;0,63939
665,18298;25,86000;       2,63126; 20,58055;49,00000;20,00000;0,63929
665,34802;25,86667;       2,63253; 20,58062;49,00000;20,00000;0,63920
665,51099;25,87333;       2,63379; 20,58068;50,00000;20,00000;0,63910
665,67798;25,88000;       2,63531; 20,58071;51,00000;20,00000;0,63900
665,84198;25,88667;       2,63689; 20,58073;51,00000;20,00000;0,63891
666,00598;25,89333;       2,63822; 20,58031;49,00000;20,00000;0,63881
666,17297;25,90000;       2,63874; 20,58041;49,00000;20,00000;0,63872
666,34698;25,90667;       2,63984; 20,58047;49,00000;20,00000;0,63862
666,51398;25,91333;       2,64118; 20,58053;50,00000;20,00000;0,63852
666,67200;25,92000;       2,64243; 20,58059;50,00000;20,00000;0,63843
666,83801;25,92667;       2,64371; 20,58065;50,00000;20,00000;0,63833
667,01801;25,93333;       2,64501; 20,58072;50,00000;20,00000;0,63823
667,17297;25,94000;       2,64695; 20,58078;50,00000;20,00000;0,63814
667,33398;25,94667;       2,64821; 20,58032;50,00000;20,00000;0,63804
667,50897;25,95333;       2,64919; 20,58039;50,00000;20,00000;0,63794
667,67200;25,96000;       2,65052; 20,58045;50,00000;20,00000;0,63785
667,83301;25,96667;       2,65235; 20,58052;50,00000;20,00000;0,63775
668,00598;25,97333;       2,65370; 20,58058;50,00000;20,00000;0,63765
668,16602;25,98000;       2,65434; 20,58064;49,00000;20,00000;0,63756
668,33197;25,98667;       2,65543; 20,58071;49,00000;20,00000;0,63746
668,50299;25,99333;       2,65691; 20,58021;50,00000;20,00000;0,63736
668,65997;26,00000;       2,65854; 20,58024;50,00000;20,00000;0,63727
668,83698;26,00667;       2,65953; 20,58034;51,00000;20,00000;0,63717
668,99500;26,01333;       2,66098; 20,58044;50,00000;20,00000;0,63708
669,16400;26,02000;       2,66233; 20,58051;50,00000;20,00000;0,63698
669,32703;26,02667;       2,66366; 20,58057;50,00000;20,00000;0,63689
669,49701;26,03333;       2,66508; 20,58063;50,00000;20,00000;0,63679
669,65399;26,04000;       2,66628; 20,58069;49,00000;20,00000;0,63670
669,83099;26,04667;       2,66733; 20,58024;51,00000;20,00000;0,63659
669,99799;26,05333;       2,66862; 20,58030;51,00000;20,00000;0,63649
670,15997;26,06000;       2,67002; 20,58037;51,00000;20,00000;0,63640
670,32599;26,06667;       2,67136; 20,57991;51,00000;20,00000;0,63630
670,48602;26,07333;       2,67269; 20,57945;49,00000;20,00000;0,63621
670,65601;26,08000;       2,67405; 20,57900;49,00000;20,00000;0,63611
670,82300;26,08667;       2,67540; 20,57854;50,00000;20,00000;0,63601
670,99103;26,09333;       2,67681; 20,57809;50,00000;20,00000;0,63592
671,15198;26,10000;       2,67809; 20,57815;49,00000;20,00000;0,63582
671,31097;26,10667;       2,67929; 20,57765;49,00000;20,00000;0,63573
671,48297;26,11333;       2,68053; 20,57716;49,00000;20,00000;0,63563
671,65399;26,12000;       2,68158; 20,57727;49,00000;20,00000;0,63553
671,82001;26,12667;       2,68261; 20,57738;51,00000;20,00000;0,63543
671,97498;26,13333;       2,68400; 20,57692;51,00000;20,00000;0,63534
672,14203;26,14000;       2,68548; 20,57699;51,00000;20,00000;0,63524
672,30603;26,14667;       2,68676; 20,57705;49,00000;20,00000;0,63515
672,47699;26,15333;       2,68807; 20,57656;49,00000;20,00000;0,63505
672,64301;26,16000;       2,68942; 20,57658;49,00000;20,00000;0,63495
672,80701;26,16667;       2,69064; 20,57668;51,00000;20,00000;0,63485
672,98102;26,17333;       2,69195; 20,57626;51,00000;20,00000;0,63475
673,14099;26,18000;       2,69342; 20,57632;51,00000;20,00000;0,63466
673,31598;26,18667;       2,69467; 20,57639;51,00000;20,00000;0,63456
673,47302;26,19333;       2,69613; 20,57593;49,00000;20,00000;0,63446
673,64001;26,20000;       2,69748; 20,57600;49,00000;20,00000;0,63437
673,81000;26,20667;       2,69891; 20,57606;50,00000;20,00000;0,63427
673,96997;26,21333;       2,70025; 20,57613;50,00000;20,00000;0,63417
674,13898;26,22000;       2,70168; 20,57567;49,00000;20,00000;0,63407
674,30499;26,22667;       2,70329; 20,57574;49,00000;20,00000;0,63398
674,47400;26,23333;       2,70472; 20,57581;50,00000;20,00000;0,63388
674,63501;26,24000;       2,70607; 20,57535;50,00000;20,00000;0,63378
674,80200;26,24667;       2,70674; 20,57542;50,00000;20,00000;0,63369
674,96802;26,25333;       2,70816; 20,57549;52,00000;20,00000;0,63359
675,13202;26,26000;       2,70976; 20,57556;52,00000;20,00000;0,63349
675,30603;26,26667;       2,71102; 20,57507;49,00000;20,00000;0,63339
675,45898;26,27333;       2,71228; 20,57510;49,00000;20,00000;0,63330
675,62500;26,28000;       2,71371; 20,57521;49,00000;20,00000;0,63320
675,79498;26,28667;       2,71521; 20,57479;49,00000;20,00000;0,63310
675,95203;26,29333;       2,71661; 20,57486;51,00000;20,00000;0,63301
676,12299;26,30000;       2,71799; 20,57493;51,00000;20,00000;0,63291
676,29303;26,30667;       2,71930; 20,57499;50,00000;20,00000;0,63281
676,45599;26,31333;       2,72078; 20,57454;49,00000;20,00000;0,63271
676,62097;26,32000;       2,72246; 20,57460;50,00000;20,00000;0,63262
676,78699;26,32667;       2,72401; 20,57467;50,00000;20,00000;0,63252
676,94897;26,33333;       2,72568; 20,57421;50,00000;20,00000;0,63242
677,12097;26,34000;       2,72732; 20,57428;49,00000;20,00000;0,63232
677,28699;26,34667;       2,72868; 20,57435;50,00000;20,00000;0,63223
677,44897;26,35333;       2,73023; 20,57441;49,00000;20,00000;0,63213
677,61902;26,36000;       2,73155; 20,57395;51,00000;20,00000;0,63203
677,78699;26,36667;       2,73292; 20,57402;51,00000;20,00000;0,63193
677,95502;26,37333;       2,73379; 20,57408;52,00000;20,00000;0,63183
678,11902;26,38000;       2,73490; 20,57359;52,00000;20,00000;0,63173
678,28699;26,38667;       2,73647; 20,57361;49,00000;20,00000;0,63164
678,44800;26,39333;       2,73795; 20,57372;49,00000;20,00000;0,63154
678,61603;26,40000;       2,73952; 20,57383;50,00000;20,00000;0,63144
678,78302;26,40667;       2,74108; 20,57338;50,00000;20,00000;0,63134
678,95099;26,41333;       2,74265; 20,57345;51,00000;20,00000;0,63124
679,10999;26,42000;       2,74425; 20,57351;51,00000;20,00000;0,63115
679,27399;26,42667;       2,74575; 20,57306;49,00000;20,00000;0,63105
679,45203;26,43333;       2,74734; 20,57313;49,00000;20,00000;0,63095
679,60999;26,44000;       2,74882; 20,57320;50,00000;20,00000;0,63086
679,77899;26,44667;       2,75033; 20,57327;50,00000;20,00000;0,63076
679,93903;26,45333;       2,75176; 20,57282;50,00000;20,00000;0,63066
680,10101;26,46000;       2,75319; 20,57289;50,00000;20,00000;0,63056
680,26501;26,46667;       2,75443; 20,57296;49,00000;20,00000;0,63047
680,43903;26,47333;       2,75596; 20,57250;49,00000;20,00000;0,63037
680,60498;26,48000;       2,75727; 20,57257;51,00000;20,00000;0,63027
680,76801;26,48667;       2,75864; 20,57263;51,00000;20,00000;0,63017
680,93701;26,49333;       2,76041; 20,57266;52,00000;20,00000;0,63007
681,10797;26,50000;       2,76186; 20,57216;52,00000;20,00000;0,62997
681,27002;26,50667;       2,76330; 20,57227;49,00000;20,00000;0,62987
681,43799;26,51333;       2,76493; 20,57238;49,00000;20,00000;0,62977
681,59698;26,52000;       2,76592; 20,57193;50,00000;20,00000;0,62968
681,77100;26,52667;       2,76688; 20,57200;50,00000;20,00000;0,62958
681,93103;26,53333;       2,76799; 20,57207;51,00000;20,00000;0,62948
682,09802;26,54000;       2,76982; 20,57210;51,00000;20,00000;0,62938
682,25800;26,54667;       2,77150; 20,57212;49,00000;20,00000;0,62929
682,43500;26,55333;       2,77298; 20,57171;49,00000;20,00000;0,62918
682,59998;26,56000;       2,77417; 20,57182;49,00000;20,00000;0,62909
682,76801;26,56667;       2,77556; 20,57189;50,00000;20,00000;0,62899
682,93799;26,57333;       2,77740; 20,57196;50,00000;20,00000;0,62888
683,09497;26,58000;       2,77863; 20,57203;50,00000;20,00000;0,62879
683,24799;26,58667;       2,77973; 20,57210;50,00000;20,00000;0,62870
683,42603;26,59333;       2,78115; 20,57217;49,00000;20,00000;0,62859
683,59302;26,60000;       2,78254; 20,57224;49,00000;20,00000;0,62850
683,75897;26,60667;       2,78399; 20,57231;51,00000;20,00000;0,62840
683,92297;26,61333;       2,78525; 20,57238;51,00000;20,00000;0,62830
684,09302;26,62000;       2,78608; 20,57245;52,00000;20,00000;0,62820
684,25598;26,62667;       2,78784; 20,57252;49,00000;20,00000;0,62810
684,41998;26,63333;       2,78948; 20,57259;49,00000;20,00000;0,62800
684,58899;26,64000;       2,79107; 20,57266;49,00000;20,00000;0,62790
684,75598;26,64667;       2,79240; 20,57273;49,00000;20,00000;0,62780
684,92102;26,65333;       2,79385; 20,57276;51,00000;20,00000;0,62771
685,08398;26,66000;       2,79530; 20,57279;51,00000;20,00000;0,62761
685,25000;26,66667;       2,79656; 20,57290;49,00000;20,00000;0,62751
685,42499;26,67333;       2,79804; 20,57301;49,00000;20,00000;0,62741
685,58600;26,68000;       2,79955; 20,57307;50,00000;20,00000;0,62731
685,75000;26,68667;       2,80094; 20,57314;50,00000;20,00000;0,62721
685,91602;26,69333;       2,80145; 20,57321;50,00000;20,00000;0,62711
686,08801;26,70000;       2,80305; 20,57328;50,00000;20,00000;0,62701
686,25598;26,70667;       2,80509; 20,57334;50,00000;20,00000;0,62691
686,41803;26,71333;       2,80673; 20,57289;49,00000;20,00000;0,62681
686,58899;26,72000;       2,80807; 20,57296;49,00000;20,00000;0,62671
686,74902;26,72667;       2,80920; 20,57303;51,00000;20,00000;0,62662
686,91803;26,73333;       2,81048; 20,57311;49,00000;20,00000;0,62652
687,08502;26,74000;       2,81194; 20,57318;50,00000;20,00000;0,62642
687,25201;26,74667;       2,81322; 20,57274;50,00000;20,00000;0,62632
687,40802;26,75333;       2,81453; 20,57281;49,00000;20,00000;0,62622
687,57397;26,76000;       2,81587; 20,57289;49,00000;20,00000;0,62612
687,73602;26,76667;       2,81713; 20,57292;50,00000;20,00000;0,62603
687,90399;26,77333;       2,81841; 20,57296;51,00000;20,00000;0,62593
688,06897;26,78000;       2,81974; 20,57255;51,00000;20,00000;0,62583
688,23602;26,78667;       2,82121; 20,57266;49,00000;20,00000;0,62573
688,40002;26,79333;       2,82248; 20,57273;49,00000;20,00000;0,62563
688,57098;26,80000;       2,82383; 20,57280;49,00000;20,00000;0,62553
688,73798;26,80667;       2,82550; 20,57235;50,00000;20,00000;0,62543
688,90601;26,81333;       2,82665; 20,57243;50,00000;20,00000;0,62533
689,06000;26,82000;       2,82783; 20,57250;50,00000;20,00000;0,62524
689,22803;26,82667;       2,82918; 20,57257;50,00000;20,00000;0,62514
689,39801;26,83333;       2,83079; 20,57264;49,00000;20,00000;0,62503
689,56299;26,84000;       2,83264; 20,57219;49,00000;20,00000;0,62494
689,73499;26,84667;       2,83419; 20,57225;50,00000;20,00000;0,62483
689,89502;26,85333;       2,83494; 20,57232;50,00000;20,00000;0,62474
690,06702;26,86000;       2,83637; 20,57239;50,00000;20,00000;0,62463
690,23401;26,86667;       2,83784; 20,57194;50,00000;20,00000;0,62453
690,39502;26,87333;       2,83918; 20,57201;49,00000;20,00000;0,62444
690,56702;26,88000;       2,84041; 20,57209;49,00000;20,00000;0,62433
690,72803;26,88667;       2,84238; 20,57216;51,00000;20,00000;0,62424
690,89398;26,89333;       2,84399; 20,57223;51,00000;20,00000;0,62414
691,05603;26,90000;       2,84488; 20,57178;52,00000;20,00000;0,62404
691,22601;26,90667;       2,84566; 20,57185;52,00000;20,00000;0,62394
691,39301;26,91333;       2,84739; 20,57192;49,00000;20,00000;0,62384
691,56500;26,92000;       2,84882; 20,57200;49,00000;20,00000;0,62374
691,72803;26,92667;       2,85010; 20,57207;49,00000;20,00000;0,62364
691,88599;26,93333;       2,85149; 20,57162;50,00000;20,00000;0,62354
692,06702;26,94000;       2,85301; 20,57169;50,00000;20,00000;0,62343
692,22601;26,94667;       2,85396; 20,57177;50,00000;20,00000;0,62334
692,38501;26,95333;       2,85498; 20,57184;49,00000;20,00000;0,62324
692,54797;26,96000;       2,85638; 20,57139;49,00000;20,00000;0,62314
692,72198;26,96667;       2,85808; 20,57147;50,00000;20,00000;0,62304
692,88397;26,97333;       2,85942; 20,57154;50,00000;20,00000;0,62294
693,05103;26,98000;       2,86078; 20,57162;50,00000;20,00000;0,62284
693,21698;26,98667;       2,86226; 20,57169;50,00000;20,00000;0,62274
693,38599;26,99333;       2,86388; 20,57124;49,00000;20,00000;0,62264
693,54797;27,00000;       2,86459; 20,57131;49,00000;20,00000;0,62254
693,71301;27,00667;       2,86600; 20,57138;51,00000;20,00000;0,62244
693,88098;27,01333;       2,86833; 20,57145;51,00000;20,00000;0,62234
694,05798;27,02000;       2,86978; 20,57100;51,00000;20,00000;0,62224
694,21802;27,02667;       2,87022; 20,57108;52,00000;20,00000;0,62214
694,38202;27,03333;       2,87170; 20,57114;52,00000;20,00000;0,62204
694,54199;27,04000;       2,87311; 20,57121;49,00000;20,00000;0,62194
694,71503;27,04667;       2,87398; 20,57128;49,00000;20,00000;0,62184
694,88202;27,05333;       2,87579; 20,57083;49,00000;20,00000;0,62174
695,04700;27,06000;       2,87759; 20,57089;50,00000;20,00000;0,62164
695,22803;27,06667;       2,87925; 20,57096;49,00000;20,00000;0,62153
695,39398;27,07333;       2,88055; 20,57103;49,00000;20,00000;0,62143
695,55701;27,08000;       2,88210; 20,57111;49,00000;20,00000;0,62133
695,72198;27,08667;       2,88339; 20,57066;50,00000;20,00000;0,62123
695,88599;27,09333;       2,88481; 20,57074;50,00000;20,00000;0,62113
696,04999;27,10000;       2,88624; 20,57081;50,00000;20,00000;0,62103
696,21301;27,10667;       2,88702; 20,57089;50,00000;20,00000;0,62094
696,37903;27,11333;       2,88812; 20,57044;49,00000;20,00000;0,62084
696,54999;27,12000;       2,88938; 20,57051;49,00000;20,00000;0,62073
696,71503;27,12667;       2,89093; 20,57059;51,00000;20,00000;0,62063
696,88501;27,13333;       2,89250; 20,57066;51,00000;20,00000;0,62053
697,03998;27,14000;       2,89403; 20,57073;51,00000;20,00000;0,62044
697,22198;27,14667;       2,89557; 20,57029;52,00000;20,00000;0,62033
697,38000;27,15333;       2,89698; 20,57036;52,00000;20,00000;0,62023
697,54700;27,16000;       2,89835; 20,57044;49,00000;20,00000;0,62013
697,71100;27,16667;       2,89965; 20,57052;49,00000;20,00000;0,62003
697,87598;27,17333;       2,90095; 20,57007;50,00000;20,00000;0,61993
698,04498;27,18000;       2,90253; 20,57015;50,00000;20,00000;0,61983
698,20099;27,18667;       2,90380; 20,57023;49,00000;20,00000;0,61973
698,37000;27,19333;       2,90493; 20,57030;49,00000;20,00000;0,61963
698,53302;27,20000;       2,90603; 20,57038;49,00000;20,00000;0,61953
698,70697;27,20667;       2,90749; 20,56993;49,00000;20,00000;0,61943
698,86603;27,21333;       2,90885; 20,57001;50,00000;20,00000;0,61933
699,03497;27,22000;       2,91004; 20,57008;50,00000;20,00000;0,61923
699,20502;27,22667;       2,91142; 20,57016;50,00000;20,00000;0,61913
699,37097;27,23333;       2,91260; 20,56971;50,00000;20,00000;0,61903
699,53101;27,24000;       2,91409; 20,56977;49,00000;20,00000;0,61893
699,69702;27,24667;       2,91566; 20,56984;49,00000;20,00000;0,61883
699,87097;27,25333;       2,91731; 20,56992;51,00000;20,00000;0,61872
700,03900;27,26000;       2,91876; 20,56999;51,00000;20,00000;0,61862
700,21399;27,26667;       2,91971; 20,56954;52,00000;20,00000;0,61851
700,37903;27,27333;       2,92057; 20,56962;52,00000;20,00000;0,61841
700,53497;27,28000;       2,92154; 20,56969;49,00000;20,00000;0,61832
700,69501;27,28667;       2,92322; 20,56977;49,00000;20,00000;0,61822
700,86700;27,29333;       2,92481; 20,56985;50,00000;20,00000;0,61812
701,03302;27,30000;       2,92613; 20,56940;50,00000;20,00000;0,61802
701,20203;27,30667;       2,92758; 20,56947;50,00000;20,00000;0,61791
701,36700;27,31333;       2,92909; 20,56955;52,00000;20,00000;0,61781
701,53900;27,32000;       2,93055; 20,56963;49,00000;20,00000;0,61771
701,70502;27,32667;       2,93193; 20,56970;49,00000;20,00000;0,61761
701,86499;27,33333;       2,93330; 20,56978;50,00000;20,00000;0,61751
702,02698;27,34000;       2,93474; 20,56986;50,00000;20,00000;0,61741
702,19897;27,34667;       2,93620; 20,56994;50,00000;20,00000;0,61731
702,36798;27,35333;       2,93766; 20,57002;50,00000;20,00000;0,61720
702,52197;27,36000;       2,93907; 20,57009;49,00000;20,00000;0,61711
702,69098;27,36667;       2,94053; 20,57017;49,00000;20,00000;0,61701
702,86102;27,37333;       2,94161; 20,57025;51,00000;20,00000;0,61690
703,02301;27,38000;       2,94285; 20,57032;51,00000;20,00000;0,61681
703,19702;27,38667;       2,94420; 20,57040;52,00000;20,00000;0,61670
703,36102;27,39333;       2,94552; 20,57048;52,00000;20,00000;0,61660
703,52197;27,40000;       2,94670; 20,57055;49,00000;20,00000;0,61650
703,68701;27,40667;       2,94795; 20,57063;49,00000;20,00000;0,61640
703,85699;27,41333;       2,94922; 20,57071;50,00000;20,00000;0,61630
704,02002;27,42000;       2,95054; 20,57078;50,00000;20,00000;0,61620
704,19000;27,42667;       2,95194; 20,57085;51,00000;20,00000;0,61609
704,35699;27,43333;       2,95372; 20,57093;52,00000;20,00000;0,61599
704,52899;27,44000;       2,95526; 20,57100;49,00000;20,00000;0,61589
704,69000;27,44667;       2,95677; 20,57108;49,00000;20,00000;0,61579
704,85797;27,45333;       2,95791; 20,57115;50,00000;20,00000;0,61569
705,02301;27,46000;       2,95898; 20,57071;50,00000;20,00000;0,61559
705,19299;27,46667;       2,96051; 20,57079;50,00000;20,00000;0,61548
705,35699;27,47333;       2,96184; 20,57087;49,00000;20,00000;0,61538
705,52600;27,48000;       2,96311; 20,57095;49,00000;20,00000;0,61528
705,68201;27,48667;       2,96441; 20,57103;49,00000;20,00000;0,61518
705,85400;27,49333;       2,96557; 20,57111;50,00000;20,00000;0,61508
706,01898;27,50000;       2,96664; 20,57067;51,00000;20,00000;0,61498
706,17700;27,50667;       2,96781; 20,57074;51,00000;20,00000;0,61488
706,34698;27,51333;       2,96916; 20,57082;49,00000;20,00000;0,61478
706,51599;27,52000;       2,97082; 20,57090;49,00000;20,00000;0,61467
706,68298;27,52667;       2,97249; 20,57098;50,00000;20,00000;0,61457
706,84998;27,53333;       2,97376; 20,57106;50,00000;20,00000;0,61447
707,00598;27,54000;       2,97454; 20,57062;51,00000;20,00000;0,61437
707,18201;27,54667;       2,97636; 20,57070;51,00000;20,00000;0,61427
707,34100;27,55333;       2,97787; 20,57078;50,00000;20,00000;0,61417
707,50201;27,56000;       2,97926; 20,57086;49,00000;20,00000;0,61407
707,67200;27,56667;       2,98067; 20,57093;50,00000;20,00000;0,61397
707,84198;27,57333;       2,98183; 20,57101;50,00000;20,00000;0,61386
708,00598;27,58000;       2,98316; 20,57056;50,00000;20,00000;0,61376
708,18103;27,58667;       2,98440; 20,57064;50,00000;20,00000;0,61365
708,34100;27,59333;       2,98572; 20,57072;49,00000;20,00000;0,61356
708,50800;27,60000;       2,98700; 20,57079;49,00000;20,00000;0,61345
708,67499;27,60667;       2,98853; 20,57087;51,00000;20,00000;0,61335
708,84302;27,61333;       2,98988; 20,57042;51,00000;20,00000;0,61325
709,01001;27,62000;       2,99116; 20,57050;52,00000;20,00000;0,61315
709,17798;27,62667;       2,99257; 20,57058;52,00000;20,00000;0,61304
709,34399;27,63333;       2,99398; 20,57066;49,00000;20,00000;0,61294
709,50702;27,64000;       2,99545; 20,57074;49,00000;20,00000;0,61284
709,66803;27,64667;       2,99684; 20,57082;50,00000;20,00000;0,61274
709,83899;27,65333;       2,99826; 20,57038;50,00000;20,00000;0,61264
710,00500;27,66000;       2,99961; 20,57046;52,00000;20,00000;0,61254
710,16998;27,66667;       3,00095; 20,57054;52,00000;20,00000;0,61243
710,33301;27,67333;       3,00229; 20,57062;49,00000;20,00000;0,61233
710,50800;27,68000;       3,00288; 20,57070;49,00000;20,00000;0,61223
710,66498;27,68667;       3,00426; 20,57078;50,00000;20,00000;0,61213
710,83398;27,69333;       3,00614; 20,57034;50,00000;20,00000;0,61203
710,99701;27,70000;       3,00761; 20,57042;50,00000;20,00000;0,61193
711,16498;27,70667;       3,00871; 20,57050;50,00000;20,00000;0,61182
711,34003;27,71333;       3,01015; 20,57058;49,00000;20,00000;0,61172
711,49597;27,72000;       3,01173; 20,57066;49,00000;20,00000;0,61162
711,66101;27,72667;       3,01301; 20,57021;51,00000;20,00000;0,61152
711,82501;27,73333;       3,01403; 20,57029;51,00000;20,00000;0,61142
712,00299;27,74000;       3,01548; 20,57037;51,00000;20,00000;0,61131
712,16302;27,74667;       3,01694; 20,57045;51,00000;20,00000;0,61121
712,33197;27,75333;       3,01863; 20,57053;51,00000;20,00000;0,61110
712,49799;27,76000;       3,01992; 20,57061;49,00000;20,00000;0,61100
712,66101;27,76667;       3,02146; 20,57017;49,00000;20,00000;0,61090
712,82800;27,77333;       3,02295; 20,57024;51,00000;20,00000;0,61080
712,99298;27,78000;       3,02443; 20,57032;52,00000;20,00000;0,61070
713,16302;27,78667;       3,02580; 20,57040;52,00000;20,00000;0,61059
713,32703;27,79333;       3,02715; 20,57048;49,00000;20,00000;0,61049
713,50098;27,80000;       3,02859; 20,57004;49,00000;20,00000;0,61038
713,66901;27,80667;       3,03015; 20,57012;50,00000;20,00000;0,61028
713,83099;27,81333;       3,03143; 20,57021;50,00000;20,00000;0,61018
713,99200;27,82000;       3,03336; 20,57030;50,00000;20,00000;0,61008
714,15503;27,82667;       3,03563; 20,57038;49,00000;20,00000;0,60998
714,31299;27,83333;       3,03729; 20,57047;49,00000;20,00000;0,60988
714,48199;27,84000;       3,03879; 20,57003;49,00000;20,00000;0,60978
714,64801;27,84667;       3,04002; 20,57011;50,00000;20,00000;0,60968
714,81897;27,85333;       3,04139; 20,57019;50,00000;20,00000;0,60957
714,98297;27,86000;       3,04295; 20,57027;50,00000;20,00000;0,60947
715,14899;27,86667;       3,04437; 20,57034;50,00000;20,00000;0,60937
715,32202;27,87333;       3,04576; 20,57042;49,00000;20,00000;0,60926
715,48700;27,88000;       3,04699; 20,56998;50,00000;20,00000;0,60916
715,64899;27,88667;       3,04821; 20,57006;51,00000;20,00000;0,60906
715,82098;27,89333;       3,04926; 20,57014;51,00000;20,00000;0,60895
715,97803;27,90000;       3,05041; 20,57022;50,00000;20,00000;0,60885
716,15503;27,90667;       3,05167; 20,57030;50,00000;20,00000;0,60875
716,31799;27,91333;       3,05303; 20,56987;50,00000;20,00000;0,60864
716,48401;27,92000;       3,05453; 20,56995;50,00000;20,00000;0,60854
716,64600;27,92667;       3,05601; 20,57003;50,00000;20,00000;0,60844
716,81201;27,93333;       3,05712; 20,57011;50,00000;20,00000;0,60834
716,97803;27,94000;       3,05849; 20,57019;50,00000;20,00000;0,60824
717,14697;27,94667;       3,05987; 20,57027;49,00000;20,00000;0,60813
717,31598;27,95333;       3,06144; 20,56983;49,00000;20,00000;0,60803
717,48700;27,96000;       3,06289; 20,56991;51,00000;20,00000;0,60792
717,64801;27,96667;       3,06425; 20,57000;51,00000;20,00000;0,60782
717,80798;27,97333;       3,06567; 20,56955;52,00000;20,00000;0,60772
717,97198;27,98000;       3,06683; 20,56911;52,00000;20,00000;0,60762
718,14398;27,98667;       3,06790; 20,56868;52,00000;20,00000;0,60751
718,31299;27,99333;       3,06895; 20,56824;49,00000;20,00000;0,60741
718,47601;28,00000;       3,07038; 20,56832;50,00000;20,00000;0,60731
718,64502;28,00667;       3,07209; 20,56788;51,00000;20,00000;0,60720
718,80103;28,01333;       3,07357; 20,56744;51,00000;20,00000;0,60711
718,97998;28,02000;       3,07479; 20,56753;51,00000;20,00000;0,60700
719,14203;28,02667;       3,07621; 20,56709;49,00000;20,00000;0,60689
719,29700;28,03333;       3,07756; 20,56717;49,00000;20,00000;0,60680
719,47400;28,04000;       3,07903; 20,56725;50,00000;20,00000;0,60669
719,63800;28,04667;       3,08047; 20,56681;50,00000;20,00000;0,60659
719,79901;28,05333;       3,08177; 20,56689;50,00000;20,00000;0,60649
719,97803;28,06000;       3,08325; 20,56697;50,00000;20,00000;0,60638
720,14001;28,06667;       3,08475; 20,56705;49,00000;20,00000;0,60628
720,30402;28,07333;       3,08619; 20,56661;49,00000;20,00000;0,60617
720,47400;28,08000;       3,08765; 20,56670;51,00000;20,00000;0,60607
720,63599;28,08667;       3,08895; 20,56679;51,00000;20,00000;0,60597
720,79901;28,09333;       3,09039; 20,56635;52,00000;20,00000;0,60587
720,96698;28,10000;       3,09177; 20,56644;52,00000;20,00000;0,60576
721,12903;28,10667;       3,09314; 20,56652;51,00000;20,00000;0,60566
721,29901;28,11333;       3,09454; 20,56660;49,00000;20,00000;0,60555
721,46100;28,12000;       3,09584; 20,56669;49,00000;20,00000;0,60545
721,63202;28,12667;       3,09685; 20,56625;51,00000;20,00000;0,60535
721,79102;28,13333;       3,09854; 20,56633;51,00000;20,00000;0,60525
721,96899;28,14000;       3,10016; 20,56642;52,00000;20,00000;0,60514
722,13300;28,14667;       3,10161; 20,56651;49,00000;20,00000;0,60504
722,29199;28,15333;       3,10291; 20,56607;49,00000;20,00000;0,60494
722,45502;28,16000;       3,10422; 20,56615;50,00000;20,00000;0,60484
722,62402;28,16667;       3,10555; 20,56624;50,00000;20,00000;0,60473
722,79102;28,17333;       3,10694; 20,56632;50,00000;20,00000;0,60463
722,95599;28,18000;       3,10826; 20,56588;50,00000;20,00000;0,60452
723,11902;28,18667;       3,10964; 20,56596;49,00000;20,00000;0,60442
723,29199;28,19333;       3,11118; 20,56603;49,00000;20,00000;0,60431
723,45801;28,20000;       3,11251; 20,56611;51,00000;20,00000;0,60421
723,63800;28,20667;       3,11322; 20,56567;51,00000;20,00000;0,60410
723,79102;28,21333;       3,11490; 20,56575;51,00000;20,00000;0,60400
723,96698;28,22000;       3,11665; 20,56584;51,00000;20,00000;0,60389
724,14203;28,22667;       3,11840; 20,56593;51,00000;20,00000;0,60378
724,28699;28,23333;       3,11966; 20,56548;49,00000;20,00000;0,60369
724,44702;28,24000;       3,12084; 20,56557;51,00000;20,00000;0,60359
724,63397;28,24667;       3,12204; 20,56566;51,00000;20,00000;0,60348
724,79401;28,25333;       3,12321; 20,56575;51,00000;20,00000;0,60338
724,95502;28,26000;       3,12466; 20,56531;51,00000;20,00000;0,60328
725,12402;28,26667;       3,12626; 20,56539;51,00000;20,00000;0,60317
725,28302;28,27333;       3,12777; 20,56548;49,00000;20,00000;0,60307
725,45502;28,28000;       3,12925; 20,56556;49,00000;20,00000;0,60296
725,62201;28,28667;       3,13065; 20,56512;50,00000;20,00000;0,60286
725,79498;28,29333;       3,13214; 20,56520;50,00000;20,00000;0,60275
725,95300;28,30000;       3,13351; 20,56528;50,00000;20,00000;0,60265
726,13000;28,30667;       3,13501; 20,56537;49,00000;20,00000;0,60254
726,28998;28,31333;       3,13659; 20,56493;49,00000;20,00000;0,60244
726,45801;28,32000;       3,13800; 20,56501;49,00000;20,00000;0,60234
726,61902;28,32667;       3,13945; 20,56509;50,00000;20,00000;0,60224
726,79199;28,33333;       3,14101; 20,56518;51,00000;20,00000;0,60213
726,95801;28,34000;       3,14248; 20,56526;49,00000;20,00000;0,60202
727,13098;28,34667;       3,14397; 20,56483;49,00000;20,00000;0,60192
727,29401;28,35333;       3,14536; 20,56491;49,00000;20,00000;0,60181
727,45398;28,36000;       3,14668; 20,56500;49,00000;20,00000;0,60171
727,62402;28,36667;       3,14817; 20,56509;51,00000;20,00000;0,60161
727,78003;28,37333;       3,14961; 20,56465;50,00000;20,00000;0,60151
727,95203;28,38000;       3,15097; 20,56474;50,00000;20,00000;0,60140
728,11902;28,38667;       3,15204; 20,56483;50,00000;20,00000;0,60130
728,28101;28,39333;       3,15297; 20,56492;50,00000;20,00000;0,60120
728,45300;28,40000;       3,15440; 20,56448;50,00000;20,00000;0,60109
728,61401;28,40667;       3,15599; 20,56457;50,00000;20,00000;0,60099
728,77802;28,41333;       3,15773; 20,56465;50,00000;20,00000;0,60088
728,95099;28,42000;       3,15936; 20,56474;49,00000;20,00000;0,60078
729,11298;28,42667;       3,16089; 20,56430;49,00000;20,00000;0,60067
729,28601;28,43333;       3,16225; 20,56439;50,00000;20,00000;0,60057
729,45099;28,44000;       3,16380; 20,56447;50,00000;20,00000;0,60046
729,61499;28,44667;       3,16540; 20,56456;52,00000;20,00000;0,60036
729,78198;28,45333;       3,16695; 20,56465;52,00000;20,00000;0,60025
729,93799;28,46000;       3,16839; 20,56473;49,00000;20,00000;0,60016
730,11401;28,46667;       3,16997; 20,56482;49,00000;20,00000;0,60005
730,27802;28,47333;       3,17138; 20,56491;50,00000;20,00000;0,59994
730,44202;28,48000;       3,17279; 20,56499;50,00000;20,00000;0,59984
730,61499;28,48667;       3,17430; 20,56507;52,00000;20,00000;0,59973
730,77698;28,49333;       3,17570; 20,56516;52,00000;20,00000;0,59963
730,95300;28,50000;       3,17702; 20,56524;49,00000;20,00000;0,59952
731,10901;28,50667;       3,17853; 20,56533;49,00000;20,00000;0,59942
731,28400;28,51333;       3,18011; 20,56541;50,00000;20,00000;0,59931
731,44501;28,52000;       3,18112; 20,56550;50,00000;20,00000;0,59921
731,61102;28,52667;       3,18234; 20,56559;50,00000;20,00000;0,59910
731,77600;28,53333;       3,18362; 20,56515;50,00000;20,00000;0,59900
731,94897;28,54000;       3,18513; 20,56524;49,00000;20,00000;0,59889
732,11700;28,54667;       3,18676; 20,56533;49,00000;20,00000;0,59879
732,26801;28,55333;       3,18826; 20,56541;49,00000;20,00000;0,59869
732,44397;28,56000;       3,18972; 20,56497;51,00000;20,00000;0,59858
732,61298;28,56667;       3,19102; 20,56454;51,00000;20,00000;0,59847
732,78101;28,57333;       3,19225; 20,56410;51,00000;20,00000;0,59837
732,94202;28,58000;       3,19359; 20,56366;49,00000;20,00000;0,59827
733,11902;28,58667;       3,19525; 20,56323;49,00000;20,00000;0,59816
733,27600;28,59333;       3,19684; 20,56228;51,00000;20,00000;0,59806
733,44501;28,60000;       3,19854; 20,56184;51,00000;20,00000;0,59795
733,60602;28,60667;       3,20015; 20,56193;51,00000;20,00000;0,59785
733,77698;28,61333;       3,20166; 20,56150;50,00000;20,00000;0,59774
733,94000;28,62000;       3,20321; 20,56106;49,00000;20,00000;0,59764
734,10602;28,62667;       3,20491; 20,56063;50,00000;20,00000;0,59753
734,27100;28,63333;       3,20620; 20,56071;50,00000;20,00000;0,59743
734,44000;28,64000;       3,20777; 20,56027;50,00000;20,00000;0,59732
734,60901;28,64667;       3,20935; 20,55984;50,00000;20,00000;0,59722
734,78003;28,65333;       3,20999; 20,55992;49,00000;20,00000;0,59711
734,94397;28,66000;       3,21142; 20,55949;49,00000;20,00000;0,59701
735,11401;28,66667;       3,21280; 20,55905;51,00000;20,00000;0,59690
735,27301;28,67333;       3,21420; 20,55862;51,00000;20,00000;0,59680
735,44702;28,68000;       3,21573; 20,55819;52,00000;20,00000;0,59669
735,60797;28,68667;       3,21721; 20,55775;52,00000;20,00000;0,59659
735,76898;28,69333;       3,21870; 20,55784;49,00000;20,00000;0,59648
735,93799;28,70000;       3,22021; 20,55740;49,00000;20,00000;0,59638
736,11102;28,70667;       3,22200; 20,55697;51,00000;20,00000;0,59627
736,27802;28,71333;       3,22378; 20,55654;51,00000;20,00000;0,59616
736,43903;28,72000;       3,22506; 20,55610;52,00000;20,00000;0,59606
736,60699;28,72667;       3,22597; 20,55619;52,00000;20,00000;0,59595
736,77802;28,73333;       3,22743; 20,55576;49,00000;20,00000;0,59585
736,94000;28,74000;       3,22885; 20,55532;49,00000;20,00000;0,59574
737,10602;28,74667;       3,23103; 20,55541;50,00000;20,00000;0,59564
737,27002;28,75333;       3,23253; 20,55498;50,00000;20,00000;0,59554
737,44397;28,76000;       3,23373; 20,55455;50,00000;20,00000;0,59543
737,60498;28,76667;       3,23522; 20,55464;50,00000;20,00000;0,59532
737,77002;28,77333;       3,23685; 20,55421;49,00000;20,00000;0,59522
737,92603;28,78000;       3,23860; 20,55430;49,00000;20,00000;0,59512
738,10101;28,78667;       3,23947; 20,55439;50,00000;20,00000;0,59501
738,26898;28,79333;       3,24038; 20,55448;51,00000;20,00000;0,59490
738,42902;28,80000;       3,24201; 20,55404;49,00000;20,00000;0,59480
738,59998;28,80667;       3,24367; 20,55413;49,00000;20,00000;0,59469
738,77802;28,81333;       3,24536; 20,55422;50,00000;20,00000;0,59458
738,93201;28,82000;       3,24676; 20,55431;49,00000;20,00000;0,59448
739,10303;28,82667;       3,24836; 20,55440;51,00000;20,00000;0,59438
739,26300;28,83333;       3,25045; 20,55450;51,00000;20,00000;0,59427
739,43103;28,84000;       3,25198; 20,55407;49,00000;20,00000;0,59417
739,58899;28,84667;       3,25333; 20,55416;49,00000;20,00000;0,59407
739,76898;28,85333;       3,25496; 20,55426;50,00000;20,00000;0,59395
739,92200;28,86000;       3,25630; 20,55382;50,00000;20,00000;0,59386
740,09003;28,86667;       3,25775; 20,55391;50,00000;20,00000;0,59375
740,25403;28,87333;       3,25906; 20,55399;50,00000;20,00000;0,59365
740,43103;28,88000;       3,26075; 20,55356;50,00000;20,00000;0,59353
740,59497;28,88667;       3,26247; 20,55365;49,00000;20,00000;0,59343
740,76599;28,89333;       3,26407; 20,55321;51,00000;20,00000;0,59332
740,92798;28,90000;       3,26565; 20,55330;51,00000;20,00000;0,59322
741,09302;28,90667;       3,26716; 20,55287;52,00000;20,00000;0,59311
741,26599;28,91333;       3,26851; 20,55296;51,00000;20,00000;0,59300
741,42902;28,92000;       3,26982; 20,55305;51,00000;20,00000;0,59290
741,59497;28,92667;       3,27127; 20,55261;49,00000;20,00000;0,59279
741,75800;28,93333;       3,27265; 20,55270;51,00000;20,00000;0,59269
741,93500;28,94000;       3,27415; 20,55227;51,00000;20,00000;0,59258
742,09802;28,94667;       3,27579; 20,55236;51,00000;20,00000;0,59247
742,26398;28,95333;       3,27719; 20,55192;51,00000;20,00000;0,59237
742,42902;28,96000;       3,27871; 20,55201;49,00000;20,00000;0,59226
742,59601;28,96667;       3,28010; 20,55210;49,00000;20,00000;0,59216
742,76703;28,97333;       3,28172; 20,55167;50,00000;20,00000;0,59205
742,93201;28,98000;       3,28337; 20,55176;50,00000;20,00000;0,59194
743,10303;28,98667;       3,28506; 20,55185;49,00000;20,00000;0,59184
743,26398;28,99333;       3,28643; 20,55194;49,00000;20,00000;0,59173
743,43201;29,00000;       3,28804; 20,55151;49,00000;20,00000;0,59163
743,59900;29,00667;       3,28970; 20,55161;51,00000;20,00000;0,59152
743,75702;29,01333;       3,29127; 20,55170;51,00000;20,00000;0,59142
743,92798;29,02000;       3,29242; 20,55179;52,00000;20,00000;0,59131
744,09302;29,02667;       3,29388; 20,55188;52,00000;20,00000;0,59121
744,25702;29,03333;       3,29595; 20,55197;49,00000;20,00000;0,59110
744,42297;29,04000;       3,29755; 20,55206;49,00000;20,00000;0,59100
744,59198;29,04667;       3,29902; 20,55215;50,00000;20,00000;0,59089
744,76099;29,05333;       3,30064; 20,55171;52,00000;20,00000;0,59078
744,93597;29,06000;       3,30221; 20,55181;52,00000;20,00000;0,59067
745,09802;29,06667;       3,30352; 20,55189;49,00000;20,00000;0,59057
745,26099;29,07333;       3,30478; 20,55198;49,00000;20,00000;0,59046
745,43103;29,08000;       3,30627; 20,55155;50,00000;20,00000;0,59035
745,59802;29,08667;       3,30747; 20,55164;50,00000;20,00000;0,59025
745,76599;29,09333;       3,30902; 20,55173;50,00000;20,00000;0,59014
745,92798;29,10000;       3,31067; 20,55182;49,00000;20,00000;0,59004
746,09998;29,10667;       3,31230; 20,55139;49,00000;20,00000;0,58993
746,26599;29,11333;       3,31364; 20,55148;49,00000;20,00000;0,58982
746,43402;29,12000;       3,31533; 20,55157;50,00000;20,00000;0,58971
746,59998;29,12667;       3,31700; 20,55114;51,00000;20,00000;0,58961
746,75702;29,13333;       3,31845; 20,55123;52,00000;20,00000;0,58951
746,93103;29,14000;       3,31981; 20,55133;49,00000;20,00000;0,58940
747,09998;29,14667;       3,32150; 20,55090;49,00000;20,00000;0,58929
747,25897;29,15333;       3,32309; 20,55099;50,00000;20,00000;0,58919
747,42999;29,16000;       3,32465; 20,55108;50,00000;20,00000;0,58908
747,59497;29,16667;       3,32620; 20,55065;52,00000;20,00000;0,58897
747,76001;29,17333;       3,32774; 20,55074;52,00000;20,00000;0,58887
747,93500;29,18000;       3,32912; 20,55083;49,00000;20,00000;0,58876
748,10199;29,18667;       3,33080; 20,55040;49,00000;20,00000;0,58865
748,26001;29,19333;       3,33219; 20,55049;50,00000;20,00000;0,58855
748,42999;29,20000;       3,33355; 20,55058;50,00000;20,00000;0,58844
748,59998;29,20667;       3,33518; 20,55068;50,00000;20,00000;0,58833
748,76300;29,21333;       3,33679; 20,55025;50,00000;20,00000;0,58823
748,92999;29,22000;       3,33834; 20,55034;49,00000;20,00000;0,58812
749,09698;29,22667;       3,34003; 20,55043;49,00000;20,00000;0,58801
749,26202;29,23333;       3,34165; 20,55000;51,00000;20,00000;0,58791
749,42798;29,24000;       3,34347; 20,55009;51,00000;20,00000;0,58780
749,60101;29,24667;       3,34451; 20,55018;50,00000;20,00000;0,58769
749,77002;29,25333;       3,34580; 20,55027;50,00000;20,00000;0,58758
749,94000;29,26000;       3,34764; 20,54984;50,00000;20,00000;0,58747
750,10101;29,26667;       3,34966; 20,54994;50,00000;20,00000;0,58737
750,26099;29,27333;       3,35167; 20,55003;50,00000;20,00000;0,58727
750,43298;29,28000;       3,35284; 20,55013;51,00000;20,00000;0,58716
750,59900;29,28667;       3,35419; 20,55022;50,00000;20,00000;0,58705
750,76202;29,29333;       3,35587; 20,55031;50,00000;20,00000;0,58695
750,92999;29,30000;       3,35744; 20,55041;50,00000;20,00000;0,58684
751,09698;29,30667;       3,35907; 20,55050;50,00000;20,00000;0,58673
751,26202;29,31333;       3,36042; 20,55060;50,00000;20,00000;0,58663
751,42902;29,32000;       3,36206; 20,55069;50,00000;20,00000;0,58652
751,59802;29,32667;       3,36376; 20,55079;50,00000;20,00000;0,58641
751,75897;29,33333;       3,36538; 20,55088;49,00000;20,00000;0,58631
751,92603;29,34000;       3,36674; 20,55098;49,00000;20,00000;0,58620
752,09601;29,34667;       3,36805; 20,55107;51,00000;20,00000;0,58609
752,25403;29,35333;       3,36938; 20,55116;52,00000;20,00000;0,58599
752,42700;29,36000;       3,37069; 20,55126;52,00000;20,00000;0,58588
752,59399;29,36667;       3,37199; 20,55136;49,00000;20,00000;0,58577
752,76300;29,37333;       3,37343; 20,55145;49,00000;20,00000;0,58566
752,92499;29,38000;       3,37485; 20,55155;49,00000;20,00000;0,58556
753,09698;29,38667;       3,37644; 20,55165;50,00000;20,00000;0,58545
753,25403;29,39333;       3,37818; 20,55174;52,00000;20,00000;0,58535
753,41602;29,40000;       3,37987; 20,55183;52,00000;20,00000;0,58524
753,58600;29,40667;       3,38165; 20,55193;49,00000;20,00000;0,58514
753,75800;29,41333;       3,38345; 20,55203;49,00000;20,00000;0,58502
753,92499;29,42000;       3,38509; 20,55212;50,00000;20,00000;0,58492
754,08002;29,42667;       3,38662; 20,55221;50,00000;20,00000;0,58482
754,25299;29,43333;       3,38829; 20,55230;50,00000;20,00000;0,58471
754,42700;29,44000;       3,38989; 20,55240;49,00000;20,00000;0,58459
754,59198;29,44667;       3,39085; 20,55249;49,00000;20,00000;0,58449
754,75897;29,45333;       3,39222; 20,55259;50,00000;20,00000;0,58438
754,92700;29,46000;       3,39380; 20,55268;51,00000;20,00000;0,58427
755,08801;29,46667;       3,39522; 20,55278;52,00000;20,00000;0,58417
755,24701;29,47333;       3,39671; 20,55287;52,00000;20,00000;0,58407
755,42297;29,48000;       3,39832; 20,55297;49,00000;20,00000;0,58395
755,59302;29,48667;       3,40005; 20,55307;50,00000;20,00000;0,58385
755,75702;29,49333;       3,40182; 20,55316;50,00000;20,00000;0,58374
755,91498;29,50000;       3,40358; 20,55325;50,00000;20,00000;0,58364
756,08801;29,50667;       3,40532; 20,55335;50,00000;20,00000;0,58353
756,25897;29,51333;       3,40685; 20,55345;49,00000;20,00000;0,58342
756,42798;29,52000;       3,40837; 20,55354;49,00000;20,00000;0,58331
756,58600;29,52667;       3,40972; 20,55364;49,00000;20,00000;0,58321
756,75403;29,53333;       3,41110; 20,55373;50,00000;20,00000;0,58310
756,91302;29,54000;       3,41287; 20,55383;50,00000;20,00000;0,58300
757,08899;29,54667;       3,41469; 20,55393;50,00000;20,00000;0,58288
757,24701;29,55333;       3,41625; 20,55403;50,00000;20,00000;0,58278
757,42102;29,56000;       3,41807; 20,55413;49,00000;20,00000;0,58267
757,58398;29,56667;       3,41971; 20,55423;49,00000;20,00000;0,58256
757,74597;29,57333;       3,42053; 20,55432;51,00000;20,00000;0,58246
757,90997;29,58000;       3,42231; 20,55441;51,00000;20,00000;0,58235
758,07898;29,58667;       3,42398; 20,55451;49,00000;20,00000;0,58224
758,25299;29,59333;       3,42546; 20,55461;49,00000;20,00000;0,58213
758,42499;29,60000;       3,42700; 20,55471;50,00000;20,00000;0,58202
758,57800;29,60667;       3,42840; 20,55480;50,00000;20,00000;0,58192
758,74799;29,61333;       3,43090; 20,55490;50,00000;20,00000;0,58181
758,91302;29,62000;       3,43262; 20,55499;50,00000;20,00000;0,58171
759,08002;29,62667;       3,43422; 20,55509;49,00000;20,00000;0,58160
759,24799;29,63333;       3,43582; 20,55519;50,00000;20,00000;0,58149
759,41699;29,64000;       3,43736; 20,55528;50,00000;20,00000;0,58138
759,57898;29,64667;       3,43887; 20,55538;50,00000;20,00000;0,58128
759,75403;29,65333;       3,44063; 20,55495;50,00000;20,00000;0,58116
759,90997;29,66000;       3,44233; 20,55504;50,00000;20,00000;0,58106
760,08301;29,66667;       3,44402; 20,55514;49,00000;20,00000;0,58095
760,25500;29,67333;       3,44564; 20,55524;49,00000;20,00000;0,58084
760,41901;29,68000;       3,44729; 20,55533;51,00000;20,00000;0,58073
760,57800;29,68667;       3,44886; 20,55543;51,00000;20,00000;0,58063
760,74799;29,69333;       3,45027; 20,55552;50,00000;20,00000;0,58052
760,91602;29,70000;       3,45140; 20,55562;49,00000;20,00000;0,58041
761,08301;29,70667;       3,45286; 20,55572;50,00000;20,00000;0,58030
761,25201;29,71333;       3,45454; 20,55529;50,00000;20,00000;0,58020
761,41998;29,72000;       3,45636; 20,55539;50,00000;20,00000;0,58009
761,58502;29,72667;       3,45809; 20,55548;50,00000;20,00000;0,57998
761,74597;29,73333;       3,45982; 20,55558;50,00000;20,00000;0,57988
761,91998;29,74000;       3,46131; 20,55568;49,00000;20,00000;0,57976
762,08301;29,74667;       3,46311; 20,55525;50,00000;20,00000;0,57966
762,25000;29,75333;       3,46486; 20,55483;50,00000;20,00000;0,57955
762,41602;29,76000;       3,46646; 20,55440;50,00000;20,00000;0,57944
762,58197;29,76667;       3,46814; 20,55398;50,00000;20,00000;0,57934
762,75299;29,77333;       3,46983; 20,55355;50,00000;20,00000;0,57922
762,91998;29,78000;       3,47110; 20,55313;49,00000;20,00000;0,57912
763,08398;29,78667;       3,47270; 20,55270;49,00000;20,00000;0,57901
763,25500;29,79333;       3,47419; 20,55228;51,00000;20,00000;0,57890
763,41101;29,80000;       3,47576; 20,55186;50,00000;20,00000;0,57880
763,58600;29,80667;       3,47740; 20,55144;51,00000;20,00000;0,57869
763,74799;29,81333;       3,47907; 20,55154;51,00000;20,00000;0,57858
763,90802;29,82000;       3,48072; 20,55112;49,00000;20,00000;0,57848
764,08502;29,82667;       3,48252; 20,55122;50,00000;20,00000;0,57836
764,23798;29,83333;       3,48408; 20,55079;50,00000;20,00000;0,57826
764,40802;29,84000;       3,48571; 20,55089;50,00000;20,00000;0,57815
764,57501;29,84667;       3,48733; 20,55046;49,00000;20,00000;0,57804
764,74402;29,85333;       3,48888; 20,55003;49,00000;20,00000;0,57793
764,91998;29,86000;       3,49061; 20,54961;51,00000;20,00000;0,57782
765,08698;29,86667;       3,49230; 20,54918;50,00000;20,00000;0,57771
765,24902;29,87333;       3,49383; 20,54876;50,00000;20,00000;0,57761
765,41498;29,88000;       3,49531; 20,54886;50,00000;20,00000;0,57750
765,59100;29,88667;       3,49703; 20,54844;49,00000;20,00000;0,57739
765,74200;29,89333;       3,49915; 20,54802;49,00000;20,00000;0,57729
765,90601;29,90000;       3,50097; 20,54760;51,00000;20,00000;0,57718
766,07001;29,90667;       3,50203; 20,54717;51,00000;20,00000;0,57707
766,23901;29,91333;       3,50366; 20,54727;52,00000;20,00000;0,57696
766,41302;29,92000;       3,50545; 20,54685;52,00000;20,00000;0,57685
766,57898;29,92667;       3,50707; 20,54642;49,00000;20,00000;0,57674
766,75098;29,93333;       3,50858; 20,54652;49,00000;20,00000;0,57663
766,91498;29,94000;       3,51020; 20,54609;50,00000;20,00000;0,57653
767,07800;29,94667;       3,51174; 20,54567;50,00000;20,00000;0,57642
767,24597;29,95333;       3,51351; 20,54576;50,00000;20,00000;0,57631
767,41602;29,96000;       3,51564; 20,54534;50,00000;20,00000;0,57620
767,58099;29,96667;       3,51754; 20,54544;49,00000;20,00000;0,57609
767,75201;29,97333;       3,51919; 20,54502;49,00000;20,00000;0,57598
767,91400;29,98000;       3,52087; 20,54460;50,00000;20,00000;0,57588
768,07898;29,98667;       3,52256; 20,54366;50,00000;20,00000;0,57577
768,24298;29,99333;       3,52418; 20,54323;50,00000;20,00000;0,57566
768,40997;30,00000;       3,52582; 20,54282;50,00000;20,00000;0,57555
768,58099;30,00667;       3,52747; 20,54240;49,00000;20,00000;0,57544
768,74701;30,01333;       3,52868; 20,54145;49,00000;20,00000;0,57533
768,89600;30,02000;       3,53032; 20,54102;50,00000;20,00000;0,57524
769,07800;30,02667;       3,53208; 20,54060;51,00000;20,00000;0,57512
769,24902;30,03333;       3,53367; 20,54018;49,00000;20,00000;0,57501
769,41498;30,04000;       3,53537; 20,53976;49,00000;20,00000;0,57490
769,57703;30,04667;       3,53706; 20,53933;49,00000;20,00000;0,57479
769,74902;30,05333;       3,53886; 20,53839;50,00000;20,00000;0,57468
769,90802;30,06000;       3,54061; 20,53796;50,00000;20,00000;0,57458
770,07703;30,06667;       3,54212; 20,53754;50,00000;20,00000;0,57447
770,24701;30,07333;       3,54363; 20,53712;50,00000;20,00000;0,57436
770,40997;30,08000;       3,54547; 20,53669;49,00000;20,00000;0,57425
770,57800;30,08667;       3,54767; 20,53627;49,00000;20,00000;0,57414
770,75403;30,09333;       3,54942; 20,53585;50,00000;20,00000;0,57403
770,91101;30,10000;       3,55096; 20,53543;50,00000;20,00000;0,57393
771,07397;30,10667;       3,55203; 20,53501;50,00000;20,00000;0,57382
771,24902;30,11333;       3,55301; 20,53459;49,00000;20,00000;0,57371
771,40900;30,12000;       3,55422; 20,53469;49,00000;20,00000;0,57360
771,58099;30,12667;       3,55616; 20,53426;51,00000;20,00000;0,57349
771,74902;30,13333;       3,55837; 20,53436;51,00000;20,00000;0,57338
771,90698;30,14000;       3,56075; 20,53446;52,00000;20,00000;0,57328
772,08301;30,14667;       3,56292; 20,53456;52,00000;20,00000;0,57316
772,24701;30,15333;       3,56366; 20,53414;49,00000;20,00000;0,57305
772,41602;30,16000;       3,56518; 20,53425;49,00000;20,00000;0,57294
772,57703;30,16667;       3,56722; 20,53435;49,00000;20,00000;0,57284
772,74902;30,17333;       3,56889; 20,53446;50,00000;20,00000;0,57273
772,90698;30,18000;       3,57058; 20,53456;50,00000;20,00000;0,57262
773,07300;30,18667;       3,57209; 20,53466;49,00000;20,00000;0,57252
773,23798;30,19333;       3,57388; 20,53476;49,00000;20,00000;0,57241
773,41199;30,20000;       3,57577; 20,53486;49,00000;20,00000;0,57229
773,57898;30,20667;       3,57736; 20,53496;49,00000;20,00000;0,57219
773,74402;30,21333;       3,57915; 20,53506;50,00000;20,00000;0,57208
773,90601;30,22000;       3,58064; 20,53463;50,00000;20,00000;0,57197
774,08099;30,22667;       3,58248; 20,53474;50,00000;20,00000;0,57186
774,25000;30,23333;       3,58414; 20,53432;49,00000;20,00000;0,57175
774,41302;30,24000;       3,58572; 20,53442;49,00000;20,00000;0,57164
774,57898;30,24667;       3,58702; 20,53400;49,00000;20,00000;0,57153
774,74103;30,25333;       3,58832; 20,53410;50,00000;20,00000;0,57143
774,91101;30,26000;       3,58992; 20,53368;51,00000;20,00000;0,57132
775,07098;30,26667;       3,59156; 20,53378;51,00000;20,00000;0,57121
775,24500;30,27333;       3,59318; 20,53336;50,00000;20,00000;0,57110
775,41302;30,28000;       3,59499; 20,53347;49,00000;20,00000;0,57099
775,57703;30,28667;       3,59643; 20,53305;49,00000;20,00000;0,57088
775,74701;30,29333;       3,59776; 20,53263;50,00000;20,00000;0,57077
775,91400;30,30000;       3,59922; 20,53273;50,00000;20,00000;0,57066
776,07001;30,30667;       3,60084; 20,53231;49,00000;20,00000;0,57056
776,23700;30,31333;       3,60251; 20,53242;49,00000;20,00000;0,57045
776,40997;30,32000;       3,60427; 20,53200;51,00000;20,00000;0,57034
776,57397;30,32667;       3,60599; 20,53210;49,00000;20,00000;0,57023
776,73999;30,33333;       3,60759; 20,53167;50,00000;20,00000;0,57012
776,90503;30,34000;       3,60925; 20,53125;50,00000;20,00000;0,57001
777,08197;30,34667;       3,61090; 20,53135;49,00000;20,00000;0,56990
777,24799;30,35333;       3,61263; 20,53093;49,00000;20,00000;0,56979
777,41400;30,36000;       3,61458; 20,53103;50,00000;20,00000;0,56968
777,57800;30,36667;       3,61638; 20,53061;50,00000;20,00000;0,56957
777,74597;30,37333;       3,61820; 20,53019;52,00000;20,00000;0,56946
777,91400;30,38000;       3,61988; 20,53029;52,00000;20,00000;0,56935
778,08502;30,38667;       3,62136; 20,52987;49,00000;20,00000;0,56924
778,24103;30,39333;       3,62306; 20,52944;49,00000;20,00000;0,56914
778,42499;30,40000;       3,62467; 20,52955;50,00000;20,00000;0,56902
778,58398;30,40667;       3,62639; 20,52913;50,00000;20,00000;0,56891
778,75098;30,41333;       3,62800; 20,52923;50,00000;20,00000;0,56880
778,91498;30,42000;       3,62966; 20,52881;50,00000;20,00000;0,56869
779,08002;30,42667;       3,63148; 20,52892;49,00000;20,00000;0,56859
779,25000;30,43333;       3,63324; 20,52850;49,00000;20,00000;0,56847
779,41998;30,44000;       3,63486; 20,52861;50,00000;20,00000;0,56836
779,58301;30,44667;       3,63646; 20,52871;50,00000;20,00000;0,56826
779,74402;30,45333;       3,63805; 20,52881;50,00000;20,00000;0,56815
779,91400;30,46000;       3,63988; 20,52839;50,00000;20,00000;0,56804
780,08301;30,46667;       3,64200; 20,52850;49,00000;20,00000;0,56793
780,25299;30,47333;       3,64377; 20,52861;49,00000;20,00000;0,56782
780,41498;30,48000;       3,64536; 20,52871;51,00000;20,00000;0,56771
780,57501;30,48667;       3,64618; 20,52881;51,00000;20,00000;0,56761
780,74500;30,49333;       3,64766; 20,52891;52,00000;20,00000;0,56749
780,91199;30,50000;       3,64942; 20,52902;52,00000;20,00000;0,56738
781,08301;30,50667;       3,65120; 20,52912;49,00000;20,00000;0,56727
781,25299;30,51333;       3,65318; 20,52923;49,00000;20,00000;0,56716
781,41302;30,52000;       3,65484; 20,52933;49,00000;20,00000;0,56706
781,58197;30,52667;       3,65689; 20,52943;50,00000;20,00000;0,56694
781,74701;30,53333;       3,65823; 20,52954;50,00000;20,00000;0,56684
781,91699;30,54000;       3,66000; 20,52965;50,00000;20,00000;0,56672
782,08099;30,54667;       3,66168; 20,52975;49,00000;20,00000;0,56662
782,24200;30,55333;       3,66356; 20,52985;49,00000;20,00000;0,56651
782,41803;30,56000;       3,66537; 20,52996;49,00000;20,00000;0,56640
782,57898;30,56667;       3,66704; 20,53006;50,00000;20,00000;0,56629
782,74902;30,57333;       3,66868; 20,53016;50,00000;20,00000;0,56618
782,90997;30,58000;       3,67028; 20,53027;50,00000;20,00000;0,56607
783,08502;30,58667;       3,67201; 20,53037;49,00000;20,00000;0,56596
783,25098;30,59333;       3,67363; 20,53047;49,00000;20,00000;0,56585
783,41901;30,60000;       3,67562; 20,53058;51,00000;20,00000;0,56574
783,58698;30,60667;       3,67760; 20,53068;50,00000;20,00000;0,56563
783,74902;30,61333;       3,67935; 20,53078;50,00000;20,00000;0,56552
783,91901;30,62000;       3,68043; 20,53089;50,00000;20,00000;0,56541
784,08600;30,62667;       3,68136; 20,53100;49,00000;20,00000;0,56530
784,25598;30,63333;       3,68322; 20,53110;50,00000;20,00000;0,56519
784,41400;30,64000;       3,68495; 20,53121;50,00000;20,00000;0,56508
784,58301;30,64667;       3,68688; 20,53132;50,00000;20,00000;0,56497
784,74500;30,65333;       3,68884; 20,53143;50,00000;20,00000;0,56486
784,92297;30,66000;       3,69074; 20,53102;49,00000;20,00000;0,56475
785,07397;30,66667;       3,69231; 20,53113;49,00000;20,00000;0,56465
785,24500;30,67333;       3,69396; 20,53123;50,00000;20,00000;0,56454
785,40302;30,68000;       3,69577; 20,53134;50,00000;20,00000;0,56443
785,57501;30,68667;       3,69750; 20,53145;50,00000;20,00000;0,56432
785,74799;30,69333;       3,69924; 20,53104;50,00000;20,00000;0,56420
785,90698;30,70000;       3,70084; 20,53114;49,00000;20,00000;0,56410
786,07397;30,70667;       3,70220; 20,53124;50,00000;20,00000;0,56399
786,24200;30,71333;       3,70363; 20,53083;50,00000;20,00000;0,56388
786,40900;30,72000;       3,70521; 20,53093;51,00000;20,00000;0,56377
786,57300;30,72667;       3,70705; 20,53104;52,00000;20,00000;0,56366
786,74200;30,73333;       3,70884; 20,53062;52,00000;20,00000;0,56355
786,91101;30,74000;       3,71064; 20,53073;49,00000;20,00000;0,56344
787,08002;30,74667;       3,71271; 20,53084;49,00000;20,00000;0,56333
787,24500;30,75333;       3,71435; 20,53094;50,00000;20,00000;0,56322
787,40601;30,76000;       3,71604; 20,53052;50,00000;20,00000;0,56311
787,57300;30,76667;       3,71698; 20,53063;50,00000;20,00000;0,56300
787,74597;30,77333;       3,71859; 20,53074;50,00000;20,00000;0,56289
787,91602;30,78000;       3,72025; 20,53032;49,00000;20,00000;0,56277
788,07300;30,78667;       3,72150; 20,53043;49,00000;20,00000;0,56267
788,24200;30,79333;       3,72337; 20,53053;50,00000;20,00000;0,56256
788,40399;30,80000;       3,72557; 20,53011;50,00000;20,00000;0,56245
788,58099;30,80667;       3,72669; 20,53022;50,00000;20,00000;0,56234
788,75201;30,81333;       3,72865; 20,53033;50,00000;20,00000;0,56222
788,90900;30,82000;       3,73026; 20,52991;49,00000;20,00000;0,56212
789,07898;30,82667;       3,73114; 20,53002;49,00000;20,00000;0,56201
789,24298;30,83333;       3,73278; 20,53013;51,00000;20,00000;0,56190
789,40900;30,84000;       3,73486; 20,53024;51,00000;20,00000;0,56179
789,57703;30,84667;       3,73673; 20,52982;51,00000;20,00000;0,56168
789,73700;30,85333;       3,73843; 20,52993;49,00000;20,00000;0,56157
789,90900;30,86000;       3,74004; 20,53003;49,00000;20,00000;0,56146
790,07703;30,86667;       3,74156; 20,52962;50,00000;20,00000;0,56135
790,24799;30,87333;       3,74288; 20,52973;50,00000;20,00000;0,56123
790,41302;30,88000;       3,74482; 20,52984;50,00000;20,00000;0,56113
790,58099;30,88667;       3,74669; 20,52942;49,00000;20,00000;0,56101
790,73999;30,89333;       3,74825; 20,52953;49,00000;20,00000;0,56091
790,90601;30,90000;       3,74991; 20,52964;51,00000;20,00000;0,56080
791,07501;30,90667;       3,75158; 20,52922;50,00000;20,00000;0,56069
791,23798;30,91333;       3,75230; 20,52933;50,00000;20,00000;0,56058
791,41400;30,92000;       3,75400; 20,52943;50,00000;20,00000;0,56046
791,58002;30,92667;       3,75573; 20,52954;49,00000;20,00000;0,56035
791,74902;30,93333;       3,75755; 20,52913;49,00000;20,00000;0,56024
791,90900;30,94000;       3,75911; 20,52924;51,00000;20,00000;0,56014
792,08502;30,94667;       3,76082; 20,52935;51,00000;20,00000;0,56002
792,24103;30,95333;       3,76251; 20,52894;51,00000;20,00000;0,55992
792,40198;30,96000;       3,76422; 20,52904;51,00000;20,00000;0,55981
792,56500;30,96667;       3,76602; 20,52915;51,00000;20,00000;0,55970
792,74799;30,97333;       3,76768; 20,52874;49,00000;20,00000;0,55958
792,90503;30,98000;       3,76910; 20,52884;49,00000;20,00000;0,55948
793,08197;30,98667;       3,77067; 20,52895;50,00000;20,00000;0,55936
793,24402;30,99333;       3,77239; 20,52906;50,00000;20,00000;0,55925
793,40900;31,00000;       3,77413; 20,52864;49,00000;20,00000;0,55914
793,57703;31,00667;       3,77580; 20,52875;49,00000;20,00000;0,55903
793,74298;31,01333;       3,77726; 20,52885;49,00000;20,00000;0,55892
793,91302;31,02000;       3,77909; 20,52844;50,00000;20,00000;0,55881
794,08698;31,02667;       3,78073; 20,52856;50,00000;20,00000;0,55869
794,24298;31,03333;       3,78243; 20,52866;50,00000;20,00000;0,55859
794,40601;31,04000;       3,78408; 20,52825;49,00000;20,00000;0,55848
794,57898;31,04667;       3,78572; 20,52837;49,00000;20,00000;0,55837
794,74298;31,05333;       3,78745; 20,52848;49,00000;20,00000;0,55826
794,89899;31,06000;       3,78916; 20,52807;49,00000;20,00000;0,55816
795,07300;31,06667;       3,79080; 20,52818;51,00000;20,00000;0,55804
795,23700;31,07333;       3,79246; 20,52830;51,00000;20,00000;0,55793

