#EXPORTTYPE:                 ;DATA ALL                                          
#FILE:;sta_200.ngb-ss5
#FORMAT:                     ;NETZSCH5                                          
#FTYPE:                      ;ANSI                                              
#IDENTITY:                   ;200                                               
#DECIMAL:                    ;COMMA                                             
#SEPARATOR:                  ;SEMICOLON                                         
#MTYPE:                      ;DSC                                               
#INSTRUMENT:                 ;NETZSCH STA 449F5                                 
#PROJECT:                    ;Эпсилон                                           
#DATE/TIME:                  ;07.10.2021 14:19:41 (UTC+3)                       
#CORR. FILE:                 ;                                                  
#TEMPCAL:                    ;15 К Al2O3 - тигель N2 - 2021.ngb-ts5             
#SENSITIVITY:                ;15 K Al2О3 - тигель N2 - 2021.ngb-es5             
#LABORATORY:;lab_redacted
#OPERATOR:;operator_redacted
#REMARK:                     ;                                                  
#SAMPLE:                     ;Сульфат Железа (II)                               
#SAMPLE MASS /mg:            ;20,316                                            
#MATERIAL:                   ;Другое                                            
#REFERENCE:                  ;пустой тигель                                     
#REFERENCE MASS /mg:         ;0                                                 
#TYPE OF CRUCIBLE:           ;DSC/TG pan Al2O3                                  
#SAMPLE CRUCIBLE MASS /mg:   ;211,764                                           
#REFERENCE CRUCIBLE MASS /mg:;202,414                                           
#DSC RANGE /µV:              ;5000                                              
#TG RANGE /mg:               ;35000                                             
#TAU-R:                      ;---                                               
#CORR. CODE:                 ;000                                               
#EXO:                        ;+1                                                
#RANGE:                      ;30°C/15,0(K/min)/800°C                            
#SEGMENT:                    ;S1/1                                              
#SEG. 1:                     ;30°C/15,0(K/min)/800°C                            

##Temp./°C;Time/min;DSC/(mW/mg);Mass/%;Gas Flow(purge1)/(ml/min);Gas Flow(protective)/(ml/min);Sensit./(uV/mW)
 28,08600; 0,00000;-8,676093e-002;99,83006;51,00000;20,00000;0,83711
 28,10400; 0,00667;-8,685026e-002;99,83186;52,00000;20,00000;0,83712
 28,11400; 0,01333;-8,680519e-002;99,83189;51,00000;20,00000;0,83712
 28,11400; 0,02000;-8,680519e-002;99,83241;49,00000;20,00000;0,83712
 28,12900; 0,02667;-8,676001e-002;99,83294;49,00000;20,00000;0,83712
 28,13700; 0,03333;-8,671498e-002;99,83347;50,00000;20,00000;0,83712
 28,17700; 0,04000;-8,671414e-002;99,83401;50,00000;20,00000;0,83713
 28,16400; 0,04667;-8,671440e-002;99,83454;50,00000;20,00000;0,83713
 28,18500; 0,05333;-8,675882e-002;99,83507;50,00000;20,00000;0,83713
 28,19600; 0,06000;-8,680345e-002;99,83560;49,00000;20,00000;0,83714
 28,20600; 0,06667;-8,680324e-002;99,83613;49,00000;20,00000;0,83714
 28,22700; 0,07333;-8,689251e-002;99,83665;49,00000;20,00000;0,83714
 28,23600; 0,08000;-8,684746e-002;99,83665;50,00000;20,00000;0,83714
 28,24900; 0,08667;-8,680233e-002;99,83711;50,00000;20,00000;0,83715
 28,27800; 0,09333;-8,684657e-002;99,83761;50,00000;20,00000;0,83715
 28,28700; 0,10000;-8,689124e-002;99,83814;50,00000;20,00000;0,83715
 28,29800; 0,10667;-8,702558e-002;99,83818;49,00000;20,00000;0,83716
 28,31300; 0,11333;-8,707012e-002;99,83871;49,00000;20,00000;0,83716
 28,32800; 0,12000;-8,702494e-002;99,83923;49,00000;20,00000;0,83716
 28,33300; 0,12667;-8,697998e-002;99,83976;51,00000;20,00000;0,83716
 28,34200; 0,13333;-8,693493e-002;99,84028;51,00000;20,00000;0,83717
 28,34800; 0,14000;-8,693481e-002;99,84031;52,00000;20,00000;0,83717
 28,38100; 0,14667;-8,693411e-002;99,84084;52,00000;20,00000;0,83717
 28,36300; 0,15333;-8,693449e-002;99,84137;49,00000;20,00000;0,83717
 28,39000; 0,16000;-8,688906e-002;99,84190;49,00000;20,00000;0,83718
 28,40400; 0,16667;-8,693362e-002;99,84243;50,00000;20,00000;0,83718
 28,40600; 0,17333;-8,684386e-002;99,84297;50,00000;20,00000;0,83718
 28,44600; 0,18000;-8,670844e-002;99,84350;50,00000;20,00000;0,83719
 28,44900; 0,18667;-8,652895e-002;99,84354;50,00000;20,00000;0,83719
 28,45500; 0,19333;-8,643911e-002;99,84408;51,00000;20,00000;0,83719
 28,46700; 0,20000;-8,652857e-002;99,84461;49,00000;20,00000;0,83719
 28,47900; 0,20667;-8,652832e-002;99,84515;49,00000;20,00000;0,83719
 28,51300; 0,21333;-8,648275e-002;99,84568;50,00000;20,00000;0,83720
 28,51500; 0,22000;-8,661728e-002;99,84622;50,00000;20,00000;0,83720
 28,54500; 0,22667;-8,666150e-002;99,84626;50,00000;20,00000;0,83721
 28,52800; 0,23333;-8,657214e-002;99,84678;50,00000;20,00000;0,83720
 28,55500; 0,24000;-8,652672e-002;99,84731;50,00000;20,00000;0,83721
 28,56000; 0,24667;-8,666118e-002;99,84784;49,00000;20,00000;0,83721
 28,57500; 0,25333;-8,670572e-002;99,84788;49,00000;20,00000;0,83721
 28,59400; 0,26000;-8,666046e-002;99,84842;51,00000;20,00000;0,83722
 28,61400; 0,26667;-8,652548e-002;99,84846;51,00000;20,00000;0,83722
 28,61500; 0,27333;-8,657031e-002;99,84851;52,00000;20,00000;0,83722
 28,63600; 0,28000;-8,656987e-002;99,84855;52,00000;20,00000;0,83723
 28,65700; 0,28667;-8,652458e-002;99,84908;49,00000;20,00000;0,83723
 28,66800; 0,29333;-8,652434e-002;99,84912;49,00000;20,00000;0,83723
 28,66900; 0,30000;-8,638976e-002;99,84915;50,00000;20,00000;0,83723
 28,68400; 0,30667;-8,638944e-002;99,84919;50,00000;20,00000;0,83724
 28,69600; 0,31333;-8,629948e-002;99,84923;51,00000;20,00000;0,83724
 28,70900; 0,32000;-8,620950e-002;99,84927;51,00000;20,00000;0,83724
 28,72300; 0,32667;-8,620921e-002;99,84932;49,00000;20,00000;0,83724
 28,74600; 0,33333;-8,625358e-002;99,84936;49,00000;20,00000;0,83725
 28,76200; 0,34000;-8,625324e-002;99,84940;49,00000;20,00000;0,83725
 28,76500; 0,34667;-8,643260e-002;99,84944;49,00000;20,00000;0,83725
 28,78000; 0,35333;-8,634257e-002;99,84948;50,00000;20,00000;0,83726
 28,80000; 0,36000;-8,634216e-002;99,84951;50,00000;20,00000;0,83726
 28,79800; 0,36667;-8,625249e-002;99,84954;50,00000;20,00000;0,83726
 28,80700; 0,37333;-8,616260e-002;99,84958;50,00000;20,00000;0,83726
 28,82600; 0,38000;-8,616220e-002;99,84962;49,00000;20,00000;0,83726
 28,84500; 0,38667;-8,616180e-002;99,84966;49,00000;20,00000;0,83727
 28,85900; 0,39333;-8,620636e-002;99,84970;51,00000;20,00000;0,83727
 28,85600; 0,40000;-8,611672e-002;99,84973;51,00000;20,00000;0,83727
 28,87500; 0,40667;-8,607147e-002;99,84978;51,00000;20,00000;0,83727
 28,88900; 0,41333;-8,602632e-002;99,84982;51,00000;20,00000;0,83728
 28,91700; 0,42000;-8,593604e-002;99,84986;49,00000;20,00000;0,83728
 28,92300; 0,42667;-8,589106e-002;99,84990;49,00000;20,00000;0,83728
 28,93100; 0,43333;-8,593574e-002;99,85092;51,00000;20,00000;0,83729
 28,94700; 0,44000;-8,606996e-002;99,85195;51,00000;20,00000;0,83729
 28,96100; 0,44667;-8,615937e-002;99,85346;52,00000;20,00000;0,83729
 28,96400; 0,45333;-8,620416e-002;99,85545;52,00000;20,00000;0,83729
 28,98000; 0,46000;-8,624868e-002;99,85688;52,00000;20,00000;0,83730
 29,00500; 0,46667;-8,620331e-002;99,85872;49,00000;20,00000;0,83730
 29,02000; 0,47333;-8,606844e-002;99,86059;49,00000;20,00000;0,83730
 29,03000; 0,48000;-8,615793e-002;99,86206;50,00000;20,00000;0,83731
 29,05100; 0,48667;-8,611264e-002;99,86309;50,00000;20,00000;0,83731
 29,05500; 0,49333;-8,611256e-002;99,86411;50,00000;20,00000;0,83731
 29,08100; 0,50000;-8,611202e-002;99,86464;50,00000;20,00000;0,83732
 29,07900; 0,50667;-8,602237e-002;99,86566;49,00000;20,00000;0,83732
 29,07900; 0,51333;-8,615692e-002;99,86619;51,00000;20,00000;0,83732
 29,11800; 0,52000;-8,629065e-002;99,86619;51,00000;20,00000;0,83732
 29,11700; 0,52667;-8,629066e-002;99,86659;51,00000;20,00000;0,83732
 29,13900; 0,53333;-8,620050e-002;99,86647;50,00000;20,00000;0,83733
 29,16200; 0,54000;-8,615518e-002;99,86640;49,00000;20,00000;0,83733
 29,16600; 0,54667;-8,615509e-002;99,86688;49,00000;20,00000;0,83733
 29,18600; 0,55333;-8,615467e-002;99,86686;51,00000;20,00000;0,83734
 29,18900; 0,56000;-8,615461e-002;99,86673;51,00000;20,00000;0,83734
 29,21000; 0,56667;-8,606447e-002;99,86638;52,00000;20,00000;0,83734
 29,22600; 0,57333;-8,606414e-002;99,86588;52,00000;20,00000;0,83735
 29,24800; 0,58000;-8,610854e-002;99,86541;49,00000;20,00000;0,83735
 29,26500; 0,58667;-8,619788e-002;99,86513;49,00000;20,00000;0,83735
 29,28600; 0,59333;-8,619744e-002;99,86507;49,00000;20,00000;0,83736
 29,29200; 0,60000;-8,619732e-002;99,86510;50,00000;20,00000;0,83736
 29,30100; 0,60667;-8,619712e-002;99,86514;50,00000;20,00000;0,83736
 29,31800; 0,61333;-8,615193e-002;99,86517;49,00000;20,00000;0,83736
 29,32400; 0,62000;-8,610695e-002;99,86516;49,00000;20,00000;0,83737
 29,35700; 0,62667;-8,615111e-002;99,86511;49,00000;20,00000;0,83737
 29,36600; 0,63333;-8,624062e-002;99,86506;49,00000;20,00000;0,83737
 29,37900; 0,64000;-8,624034e-002;99,86500;51,00000;20,00000;0,83738
 29,38100; 0,64667;-8,619546e-002;99,86489;50,00000;20,00000;0,83738
 29,41400; 0,65333;-8,628446e-002;99,86469;50,00000;20,00000;0,83738
 29,42300; 0,66000;-8,623943e-002;99,86445;49,00000;20,00000;0,83739
 29,43600; 0,66667;-8,614947e-002;99,86423;49,00000;20,00000;0,83739
 29,46200; 0,67333;-8,623862e-002;99,86410;51,00000;20,00000;0,83739
 29,46900; 0,68000;-8,628332e-002;99,86401;51,00000;20,00000;0,83739
 29,48700; 0,68667;-8,632778e-002;99,86386;51,00000;20,00000;0,83740
 29,49200; 0,69333;-8,659675e-002;99,86356;51,00000;20,00000;0,83740
 29,51300; 0,70000;-8,664117e-002;99,86311;51,00000;20,00000;0,83740
 29,53200; 0,70667;-8,668561e-002;99,86266;49,00000;20,00000;0,83741
 29,55900; 0,71333;-8,664021e-002;99,86231;49,00000;20,00000;0,83741
 29,57100; 0,72000;-8,677448e-002;99,86210;50,00000;20,00000;0,83742
 29,58500; 0,72667;-8,681903e-002;99,86201;50,00000;20,00000;0,83742
 29,58300; 0,73333;-8,695361e-002;99,86184;49,00000;20,00000;0,83742
 29,60000; 0,74000;-8,708779e-002;99,86139;49,00000;20,00000;0,83742
 29,62800; 0,74667;-8,717689e-002;99,86126;49,00000;20,00000;0,83743
 29,65400; 0,75333;-8,726602e-002;99,86064;49,00000;20,00000;0,83743
 29,67300; 0,76000;-8,735532e-002;99,86014;49,00000;20,00000;0,83744
 29,67900; 0,76667;-8,735519e-002;99,86064;50,00000;20,00000;0,83744
 29,68500; 0,77333;-8,739990e-002;99,86046;50,00000;20,00000;0,83744
 29,70700; 0,78000;-8,735460e-002;99,86046;50,00000;20,00000;0,83744
 29,73900; 0,78667;-8,744361e-002;99,86023;49,00000;20,00000;0,83745
 29,75400; 0,79333;-8,762266e-002;99,85948;49,00000;20,00000;0,83745
 29,78400; 0,80000;-8,753235e-002;99,85933;51,00000;20,00000;0,83746
 29,80000; 0,80667;-8,753201e-002;99,85937;51,00000;20,00000;0,83746
 29,81200; 0,81333;-8,798018e-002;99,86019;52,00000;20,00000;0,83746
 29,83000; 0,82000;-8,793495e-002;99,86071;52,00000;20,00000;0,83747
 29,84900; 0,82667;-8,788971e-002;99,86173;49,00000;20,00000;0,83747
 29,87000; 0,83333;-8,779958e-002;99,86272;49,00000;20,00000;0,83748
 29,88100; 0,84000;-8,811324e-002;99,86363;50,00000;20,00000;0,83748
 29,89900; 0,84667;-8,820254e-002;99,86397;50,00000;20,00000;0,83748
 29,92100; 0,85333;-8,833659e-002;99,86475;49,00000;20,00000;0,83749
 29,94800; 0,86000;-8,838086e-002;99,86550;49,00000;20,00000;0,83749
 29,95700; 0,86667;-8,833583e-002;99,86573;49,00000;20,00000;0,83749
 29,97100; 0,87333;-8,860457e-002;99,86593;49,00000;20,00000;0,83750
 30,00100; 0,88000;-8,882813e-002;99,86566;50,00000;20,00000;0,83750
 30,02200; 0,88667;-8,878285e-002;99,86591;50,00000;20,00000;0,83751
 30,04000; 0,89333;-8,909633e-002;99,86525;50,00000;20,00000;0,83751
 30,05000; 0,90000;-8,909612e-002;99,86520;50,00000;20,00000;0,83751
 30,07400; 0,90667;-8,918528e-002;99,86521;49,00000;20,00000;0,83752
 30,09500; 0,91333;-8,914000e-002;99,86475;49,00000;20,00000;0,83752
 30,11300; 0,92000;-8,909478e-002;99,86474;49,00000;20,00000;0,83752
 30,12300; 0,92667;-8,940844e-002;99,86468;51,00000;20,00000;0,83753
 30,14500; 0,93333;-8,954248e-002;99,86460;51,00000;20,00000;0,83753
 30,17100; 0,94000;-8,981094e-002;99,86453;52,00000;20,00000;0,83754
 30,19400; 0,94667;-8,990013e-002;99,86449;52,00000;20,00000;0,83754
 30,20100; 0,95333;-9,007933e-002;99,86445;49,00000;20,00000;0,83754
 30,21800; 0,96000;-9,012379e-002;99,86434;50,00000;20,00000;0,83755
 30,24500; 0,96667;-9,016805e-002;99,86463;50,00000;20,00000;0,83755
 30,26300; 0,97333;-9,025733e-002;99,86431;50,00000;20,00000;0,83755
 30,28500; 0,98000;-9,048104e-002;99,86392;50,00000;20,00000;0,83756
 30,30800; 0,98667;-9,065989e-002;99,86346;50,00000;20,00000;0,83756
 30,31700; 0,99333;-9,079420e-002;99,86345;50,00000;20,00000;0,83757
 30,34900; 1,00000;-9,083834e-002;99,86294;49,00000;20,00000;0,83757
 30,37700; 1,00667;-9,097224e-002;99,86296;49,00000;20,00000;0,83758
 30,38700; 1,01333;-9,110653e-002;99,86257;50,00000;20,00000;0,83758
 30,41200; 1,02000;-9,128533e-002;99,86277;50,00000;20,00000;0,83758
 30,44000; 1,02667;-9,141922e-002;99,86254;49,00000;20,00000;0,83759
 30,44300; 1,03333;-9,146399e-002;99,86327;49,00000;20,00000;0,83759
 30,48200; 1,04000;-9,159764e-002;99,86390;49,00000;20,00000;0,83760
 30,48200; 1,04667;-9,182181e-002;99,86438;49,00000;20,00000;0,83760
 30,52300; 1,05333;-9,200024e-002;99,86426;49,00000;20,00000;0,83761
 30,53900; 1,06000;-9,208956e-002;99,86507;50,00000;20,00000;0,83761
 30,56900; 1,06667;-9,222340e-002;99,86539;50,00000;20,00000;0,83762
 30,58100; 1,07333;-9,240247e-002;99,86527;50,00000;20,00000;0,83762
 30,61100; 1,08000;-9,249147e-002;99,86570;50,00000;20,00000;0,83762
 30,63300; 1,08667;-9,262548e-002;99,86621;50,00000;20,00000;0,83763
 30,66000; 1,09333;-9,284906e-002;99,86633;49,00000;20,00000;0,83763
 30,67500; 1,10000;-9,307289e-002;99,86702;50,00000;20,00000;0,83764
 30,69100; 1,10667;-9,329669e-002;99,86723;50,00000;20,00000;0,83764
 30,72100; 1,11333;-9,343052e-002;99,86748;52,00000;20,00000;0,83765
 30,74900; 1,12000;-9,347473e-002;99,86826;49,00000;20,00000;0,83765
 30,76400; 1,12667;-9,383305e-002;99,86857;49,00000;20,00000;0,83766
 30,78400; 1,13333;-9,410159e-002;99,86886;50,00000;20,00000;0,83766
 30,79700; 1,14000;-9,432545e-002;99,86906;50,00000;20,00000;0,83766
 30,83600; 1,14667;-9,436940e-002;99,86914;50,00000;20,00000;0,83767
 30,85700; 1,15333;-9,445860e-002;99,86956;50,00000;20,00000;0,83767
 30,86900; 1,16000;-9,454799e-002;99,87080;50,00000;20,00000;0,83768
 30,89900; 1,16667;-9,477146e-002;99,87095;49,00000;20,00000;0,83768
 30,92700; 1,17333;-9,490532e-002;99,87154;49,00000;20,00000;0,83769
 30,95400; 1,18000;-9,503919e-002;99,87214;51,00000;20,00000;0,83769
 30,98800; 1,18667;-9,521774e-002;99,87238;51,00000;20,00000;0,83770
 31,00300; 1,19333;-9,535188e-002;99,87282;52,00000;20,00000;0,83770
 31,02800; 1,20000;-9,557547e-002;99,87293;52,00000;20,00000;0,83771
 31,05100; 1,20667;-9,615772e-002;99,87310;52,00000;20,00000;0,83771
 31,07600; 1,21333;-9,620197e-002;99,87375;49,00000;20,00000;0,83772
 31,09400; 1,22000;-9,633604e-002;99,87383;49,00000;20,00000;0,83772
 31,12900; 1,22667;-9,660421e-002;99,87432;49,00000;20,00000;0,83773
 31,13400; 1,23333;-9,682823e-002;99,87426;50,00000;20,00000;0,83773
 31,18200; 1,24000;-9,709609e-002;99,87469;50,00000;20,00000;0,83774
 31,20400; 1,24667;-9,731972e-002;99,87464;50,00000;20,00000;0,83774
 31,21900; 1,25333;-9,745385e-002;99,87498;49,00000;20,00000;0,83775
 31,24300; 1,26000;-9,745329e-002;99,87463;49,00000;20,00000;0,83775
 31,27100; 1,26667;-9,781125e-002;99,87451;49,00000;20,00000;0,83776
 31,30000; 1,27333;-9,790023e-002;99,87372;50,00000;20,00000;0,83776
 31,33700; 1,28000;-9,807867e-002;99,87592;50,00000;20,00000;0,83777
 31,37400; 1,28667;-9,839159e-002;99,87633;50,00000;20,00000;0,83778
 31,39400; 1,29333;-9,857042e-002;99,87649;50,00000;20,00000;0,83778
 31,40800; 1,30000;-9,879421e-002;99,87736;49,00000;20,00000;0,83778
 31,44700; 1,30667;-9,933119e-002;99,87788;49,00000;20,00000;0,83779
 31,47500; 1,31333;-9,942018e-002;99,87845;51,00000;20,00000;0,83780
 31,49500; 1,32000;-9,955418e-002;99,87899;51,00000;20,00000;0,83780
 31,51700; 1,32667;-9,977777e-002;99,87941;51,00000;20,00000;0,83781
 31,54400; 1,33333;-9,995643e-002;99,87967;51,00000;20,00000;0,83781
 31,57000; 1,34000;      -0,10009;99,87985;51,00000;20,00000;0,83782
 31,61200; 1,34667;      -0,10027;99,88106;49,00000;20,00000;0,83782
 31,64600; 1,35333;      -0,10036;99,88335;51,00000;20,00000;0,83783
 31,65700; 1,36000;      -0,10063;99,88473;51,00000;20,00000;0,83783
 31,67000; 1,36667;      -0,10139;99,88656;52,00000;20,00000;0,83784
 31,72500; 1,37333;      -0,10152;99,88730;51,00000;20,00000;0,83785
 31,74400; 1,38000;      -0,10170;99,88644;49,00000;20,00000;0,83785
 31,77500; 1,38667;      -0,10188;99,88548;49,00000;20,00000;0,83786
 31,79600; 1,39333;      -0,10219;99,88490;49,00000;20,00000;0,83786
 31,83700; 1,40000;      -0,10237;99,88469;50,00000;20,00000;0,83787
 31,85900; 1,40667;      -0,10264;99,88438;50,00000;20,00000;0,83787
 31,89900; 1,41333;      -0,10300;99,88409;50,00000;20,00000;0,83788
 31,93300; 1,42000;      -0,10340;99,88492;49,00000;20,00000;0,83789
 31,96500; 1,42667;      -0,10353;99,88499;49,00000;20,00000;0,83789
 31,98800; 1,43333;      -0,10380;99,88531;49,00000;20,00000;0,83790
 32,02300; 1,44000;      -0,10380;99,88532;50,00000;20,00000;0,83791
 32,04900; 1,44667;      -0,10398;99,88585;50,00000;20,00000;0,83791
 32,07800; 1,45333;      -0,10456;99,88571;52,00000;20,00000;0,83792
 32,08900; 1,46000;      -0,10496;99,88577;49,00000;20,00000;0,83792
 32,13300; 1,46667;      -0,10519;99,88651;49,00000;20,00000;0,83793
 32,18000; 1,47333;      -0,10536;99,88610;49,00000;20,00000;0,83794
 32,20400; 1,48000;      -0,10559;99,88572;49,00000;20,00000;0,83794
 32,24400; 1,48667;      -0,10568;99,88648;50,00000;20,00000;0,83795
 32,27200; 1,49333;      -0,10590;99,88841;50,00000;20,00000;0,83796
 32,30600; 1,50000;      -0,10603;99,88996;50,00000;20,00000;0,83796
 32,33300; 1,50667;      -0,10670;99,89105;50,00000;20,00000;0,83797
 32,36800; 1,51333;      -0,10693;99,89160;50,00000;20,00000;0,83797
 32,39700; 1,52000;      -0,10706;99,89066;50,00000;20,00000;0,83798
 32,43100; 1,52667;      -0,10724;99,88975;49,00000;20,00000;0,83799
 32,47300; 1,53333;      -0,10746;99,88845;50,00000;20,00000;0,83800
 32,51100; 1,54000;      -0,10804;99,88867;50,00000;20,00000;0,83800
 32,51400; 1,54667;      -0,10840;99,88835;49,00000;20,00000;0,83800
 32,55400; 1,55333;      -0,10867;99,88841;49,00000;20,00000;0,83801
 32,60900; 1,56000;      -0,10862;99,88836;49,00000;20,00000;0,83802
 32,62500; 1,56667;      -0,10889;99,88828;49,00000;20,00000;0,83803
 32,67400; 1,57333;      -0,10921;99,88874;51,00000;20,00000;0,83803
 32,69600; 1,58000;      -0,10938;99,88928;50,00000;20,00000;0,83804
 32,73300; 1,58667;      -0,10956;99,88937;50,00000;20,00000;0,83805
 32,76600; 1,59333;      -0,10983;99,88994;49,00000;20,00000;0,83805
 32,80000; 1,60000;      -0,11014;99,89093;49,00000;20,00000;0,83806
 32,84300; 1,60667;      -0,11050;99,89134;49,00000;20,00000;0,83807
 32,86700; 1,61333;      -0,11090;99,89113;51,00000;20,00000;0,83807
 32,90200; 1,62000;      -0,11122;99,89037;51,00000;20,00000;0,83808
 32,94800; 1,62667;      -0,11162;99,89012;52,00000;20,00000;0,83809
 32,98500; 1,63333;      -0,11175;99,89004;52,00000;20,00000;0,83810
 33,02700; 1,64000;      -0,11175;99,89168;49,00000;20,00000;0,83810
 33,05400; 1,64667;      -0,11188;99,89252;49,00000;20,00000;0,83811
 33,08600; 1,65333;      -0,11215;99,89340;50,00000;20,00000;0,83812
 33,10700; 1,66000;      -0,11300;99,89316;50,00000;20,00000;0,83812
 33,15600; 1,66667;      -0,11341;99,89368;50,00000;20,00000;0,83813
 33,19800; 1,67333;      -0,11363;99,89351;50,00000;20,00000;0,83814
 33,21900; 1,68000;      -0,11363;99,89420;49,00000;20,00000;0,83814
 33,27600; 1,68667;      -0,11407;99,89539;49,00000;20,00000;0,83815
 33,30200; 1,69333;      -0,11448;99,89669;50,00000;20,00000;0,83816
 33,35600; 1,70000;      -0,11474;99,89812;50,00000;20,00000;0,83817
 33,37800; 1,70667;      -0,11515;99,89866;50,00000;20,00000;0,83817
 33,42200; 1,71333;      -0,11550;99,89769;50,00000;20,00000;0,83818
 33,44200; 1,72000;      -0,11577;99,89611;50,00000;20,00000;0,83819
 33,49900; 1,72667;      -0,11586;99,89586;50,00000;20,00000;0,83820
 33,53000; 1,73333;      -0,11604;99,89555;49,00000;20,00000;0,83820
 33,58200; 1,74000;      -0,11653;99,89523;49,00000;20,00000;0,83821
 33,61300; 1,74667;      -0,11698;99,89544;51,00000;20,00000;0,83822
 33,65000; 1,75333;      -0,11729;99,89516;50,00000;20,00000;0,83823
 33,69100; 1,76000;      -0,11756;99,89487;51,00000;20,00000;0,83823
 33,74000; 1,76667;      -0,11791;99,89403;51,00000;20,00000;0,83824
 33,76300; 1,77333;      -0,11818;99,89354;49,00000;20,00000;0,83825
 33,82400; 1,78000;      -0,11858;99,89295;49,00000;20,00000;0,83826
 33,85900; 1,78667;      -0,11885;99,89431;50,00000;20,00000;0,83827
 33,90100; 1,79333;      -0,11921;99,89427;50,00000;20,00000;0,83828
 33,95000; 1,80000;      -0,11948;99,89386;50,00000;20,00000;0,83829
 33,99100; 1,80667;      -0,11983;99,89456;52,00000;20,00000;0,83829
 34,02500; 1,81333;      -0,12015;99,89488;49,00000;20,00000;0,83830
 34,07200; 1,82000;      -0,12037;99,89624;49,00000;20,00000;0,83831
 34,11000; 1,82667;      -0,12068;99,89957;50,00000;20,00000;0,83832
 34,15300; 1,83333;      -0,12095;99,90190;50,00000;20,00000;0,83832
 34,19200; 1,84000;      -0,12122;99,90321;50,00000;20,00000;0,83833
 34,23700; 1,84667;      -0,12153;99,90154;50,00000;20,00000;0,83834
 34,28300; 1,85333;      -0,12189;99,90033;50,00000;20,00000;0,83835
 34,31800; 1,86000;      -0,12215;99,89907;49,00000;20,00000;0,83836
 34,36600; 1,86667;      -0,12265;99,89876;51,00000;20,00000;0,83837
 34,40400; 1,87333;      -0,12287;99,89894;51,00000;20,00000;0,83837
 34,46000; 1,88000;      -0,12314;99,90165;52,00000;20,00000;0,83838
 34,50100; 1,88667;      -0,12358;99,90201;52,00000;20,00000;0,83839
 34,53800; 1,89333;      -0,12403;99,90244;49,00000;20,00000;0,83840
 34,58400; 1,90000;      -0,12448;99,90189;49,00000;20,00000;0,83841
 34,62200; 1,90667;      -0,12492;99,90174;49,00000;20,00000;0,83842
 34,66900; 1,91333;      -0,12532;99,90195;50,00000;20,00000;0,83843
 34,71300; 1,92000;      -0,12577;99,90151;50,00000;20,00000;0,83843
 34,76200; 1,92667;      -0,12604;99,90095;52,00000;20,00000;0,83844
 34,81600; 1,93333;      -0,12644;99,90081;49,00000;20,00000;0,83845
 34,84100; 1,94000;      -0,12657;99,90017;49,00000;20,00000;0,83846
 34,91000; 1,94667;      -0,12680;99,90009;50,00000;20,00000;0,83847
 34,96200; 1,95333;      -0,12711;99,90259;50,00000;20,00000;0,83848
 34,99900; 1,96000;      -0,12773;99,90529;50,00000;20,00000;0,83849
 35,05000; 1,96667;      -0,12800;99,90778;50,00000;20,00000;0,83850
 35,08300; 1,97333;      -0,12831;99,90842;50,00000;20,00000;0,83851
 35,12800; 1,98000;      -0,12863;99,90701;49,00000;20,00000;0,83851
 35,17200; 1,98667;      -0,12894;99,90545;49,00000;20,00000;0,83852
 35,22700; 1,99333;      -0,12938;99,90376;51,00000;20,00000;0,83853
 35,27400; 2,00000;      -0,12983;99,90295;51,00000;20,00000;0,83854
 35,31500; 2,00667;      -0,13014;99,90258;52,00000;20,00000;0,83855
 35,36500; 2,01333;      -0,13014;99,90218;49,00000;20,00000;0,83856
 35,42200; 2,02000;      -0,13077;99,90325;49,00000;20,00000;0,83857
 35,46400; 2,02667;      -0,13112;99,90337;49,00000;20,00000;0,83858
 35,51200; 2,03333;      -0,13135;99,90256;50,00000;20,00000;0,83859
 35,56300; 2,04000;      -0,13152;99,90378;50,00000;20,00000;0,83860
 35,62200; 2,04667;      -0,13188;99,90403;50,00000;20,00000;0,83861
 35,65700; 2,05333;      -0,13219;99,90420;50,00000;20,00000;0,83862
 35,69400; 2,06000;      -0,13246;99,90323;50,00000;20,00000;0,83862
 35,76000; 2,06667;      -0,13286;99,90266;50,00000;20,00000;0,83864
 35,82400; 2,07333;      -0,13340;99,90259;50,00000;20,00000;0,83865
 35,86400; 2,08000;      -0,13416;99,90560;50,00000;20,00000;0,83866
 35,91700; 2,08667;      -0,13424;99,90682;50,00000;20,00000;0,83867
 35,96500; 2,09333;      -0,13456;99,90863;50,00000;20,00000;0,83868
 36,01500; 2,10000;      -0,13518;99,90843;49,00000;20,00000;0,83868
 36,05900; 2,10667;      -0,13563;99,90666;49,00000;20,00000;0,83869
 36,10600; 2,11333;      -0,13594;99,90527;50,00000;20,00000;0,83870
 36,17700; 2,12000;      -0,13625;99,90521;50,00000;20,00000;0,83872
 36,22500; 2,12667;      -0,13670;99,90456;52,00000;20,00000;0,83872
 36,27600; 2,13333;      -0,13723;99,90445;52,00000;20,00000;0,83873
 36,33000; 2,14000;      -0,13763;99,90394;52,00000;20,00000;0,83874
 36,38400; 2,14667;      -0,13812;99,90400;49,00000;20,00000;0,83876
 36,44000; 2,15333;      -0,13844;99,90411;49,00000;20,00000;0,83877
 36,48800; 2,16000;      -0,13861;99,90376;51,00000;20,00000;0,83878
 36,54300; 2,16667;      -0,13870;99,90391;51,00000;20,00000;0,83879
 36,59200; 2,17333;      -0,13915;99,90554;50,00000;20,00000;0,83880
 36,65700; 2,18000;      -0,13946;99,90573;50,00000;20,00000;0,83881
 36,70200; 2,18667;      -0,13986;99,90596;50,00000;20,00000;0,83882
 36,75600; 2,19333;      -0,14035;99,90623;50,00000;20,00000;0,83883
 36,81800; 2,20000;      -0,14080;99,90648;50,00000;20,00000;0,83884
 36,86000; 2,20667;      -0,14129;99,90615;50,00000;20,00000;0,83885
 36,91100; 2,21333;      -0,14173;99,90570;50,00000;20,00000;0,83886
 36,98100; 2,22000;      -0,14209;99,90514;49,00000;20,00000;0,83887
 37,02800; 2,22667;      -0,14240;99,90698;49,00000;20,00000;0,83888
 37,10100; 2,23333;      -0,14276;99,90880;51,00000;20,00000;0,83889
 37,14200; 2,24000;      -0,14316;99,90961;51,00000;20,00000;0,83890
 37,20100; 2,24667;      -0,14356;99,91039;52,00000;20,00000;0,83891
 37,26000; 2,25333;      -0,14387;99,90875;52,00000;20,00000;0,83892
 37,33200; 2,26000;      -0,14418;99,90672;52,00000;20,00000;0,83894
 37,38200; 2,26667;      -0,14458;99,90584;49,00000;20,00000;0,83895
 37,44300; 2,27333;      -0,14485;99,90559;51,00000;20,00000;0,83896
 37,48700; 2,28000;      -0,14530;99,90588;51,00000;20,00000;0,83897
 37,54400; 2,28667;      -0,14570;99,90616;51,00000;20,00000;0,83898
 37,60900; 2,29333;      -0,14610;99,90584;52,00000;20,00000;0,83899
 37,66800; 2,30000;      -0,14650;99,90593;52,00000;20,00000;0,83900
 37,72300; 2,30667;      -0,14686;99,90502;49,00000;20,00000;0,83901
 37,78300; 2,31333;      -0,14726;99,90459;50,00000;20,00000;0,83902
 37,84400; 2,32000;      -0,14761;99,90510;50,00000;20,00000;0,83903
 37,90100; 2,32667;      -0,14801;99,90653;50,00000;20,00000;0,83904
 37,96200; 2,33333;      -0,14841;99,90638;50,00000;20,00000;0,83905
 38,01900; 2,34000;      -0,14886;99,90962;49,00000;20,00000;0,83907
 38,08700; 2,34667;      -0,14922;99,91136;49,00000;20,00000;0,83908
 38,15600; 2,35333;      -0,14962;99,91316;49,00000;20,00000;0,83909
 38,20700; 2,36000;      -0,14993;99,91209;51,00000;20,00000;0,83910
 38,27700; 2,36667;      -0,15019;99,91010;51,00000;20,00000;0,83911
 38,33300; 2,37333;      -0,15073;99,90814;51,00000;20,00000;0,83912
 38,38500; 2,38000;      -0,15104;99,90767;50,00000;20,00000;0,83913
 38,47000; 2,38667;      -0,15135;99,90725;49,00000;20,00000;0,83915
 38,51300; 2,39333;      -0,15198;99,90842;51,00000;20,00000;0,83916
 38,58700; 2,40000;      -0,15233;99,90925;51,00000;20,00000;0,83917
 38,64600; 2,40667;      -0,15264;99,90971;51,00000;20,00000;0,83918
 38,70200; 2,41333;      -0,15295;99,91313;51,00000;20,00000;0,83919
 38,75300; 2,42000;      -0,15331;99,91593;51,00000;20,00000;0,83920
 38,82000; 2,42667;      -0,15371;99,91801;49,00000;20,00000;0,83922
 38,87900; 2,43333;      -0,15416;99,91692;49,00000;20,00000;0,83923
 38,95600; 2,44000;      -0,15491;99,91477;50,00000;20,00000;0,83924
 39,01900; 2,44667;      -0,15500;99,91270;50,00000;20,00000;0,83925
 39,09400; 2,45333;      -0,15509;99,91226;49,00000;20,00000;0,83927
 39,15100; 2,46000;      -0,15531;99,91192;49,00000;20,00000;0,83928
 39,19900; 2,46667;      -0,15567;99,91205;49,00000;20,00000;0,83929
 39,27100; 2,47333;      -0,15629;99,91210;50,00000;20,00000;0,83930
 39,33800; 2,48000;      -0,15669;99,91158;51,00000;20,00000;0,83931
 39,41200; 2,48667;      -0,15714;99,91145;51,00000;20,00000;0,83933
 39,47700; 2,49333;      -0,15749;99,91129;49,00000;20,00000;0,83934
 39,54700; 2,50000;      -0,15785;99,91215;49,00000;20,00000;0,83935
 39,60600; 2,50667;      -0,15829;99,91352;49,00000;20,00000;0,83936
 39,66700; 2,51333;      -0,15869;99,91341;49,00000;20,00000;0,83937
 39,75300; 2,52000;      -0,15918;99,91328;51,00000;20,00000;0,83939
 39,81500; 2,52667;      -0,15958;99,91315;51,00000;20,00000;0,83940
 39,88000; 2,53333;      -0,16003;99,91308;49,00000;20,00000;0,83941
 39,94400; 2,54000;      -0,16025;99,91307;49,00000;20,00000;0,83943
 40,03000; 2,54667;      -0,16056;99,91462;50,00000;20,00000;0,83944
 40,08300; 2,55333;      -0,16092;99,91867;50,00000;20,00000;0,83945
 40,14600; 2,56000;      -0,16109;99,92175;50,00000;20,00000;0,83946
 40,23300; 2,56667;      -0,16145;99,92133;50,00000;20,00000;0,83948
 40,28200; 2,57333;      -0,16207;99,91936;49,00000;20,00000;0,83949
 40,35000; 2,58000;      -0,16229;99,91787;49,00000;20,00000;0,83950
 40,44100; 2,58667;      -0,16251;99,91842;49,00000;20,00000;0,83952
 40,50900; 2,59333;      -0,16282;99,91862;51,00000;20,00000;0,83953
 40,56900; 2,60000;      -0,16318;99,91994;51,00000;20,00000;0,83954
 40,63500; 2,60667;      -0,16362;99,91979;51,00000;20,00000;0,83955
 40,70000; 2,61333;      -0,16411;99,92002;49,00000;20,00000;0,83957
 40,75900; 2,62000;      -0,16456;99,92057;51,00000;20,00000;0,83958
 40,86200; 2,62667;      -0,16496;99,92047;51,00000;20,00000;0,83960
 40,91500; 2,63333;      -0,16540;99,91981;51,00000;20,00000;0,83960
 40,98500; 2,64000;      -0,16567;99,91917;52,00000;20,00000;0,83962
 41,07100; 2,64667;      -0,16602;99,91861;52,00000;20,00000;0,83963
 41,14100; 2,65333;      -0,16638;99,91817;49,00000;20,00000;0,83965
 41,21800; 2,66000;      -0,16687;99,91840;49,00000;20,00000;0,83966
 41,27000; 2,66667;      -0,16718;99,91823;50,00000;20,00000;0,83967
 41,35100; 2,67333;      -0,16727;99,91899;50,00000;20,00000;0,83968
 41,41500; 2,68000;      -0,16740;99,92155;50,00000;20,00000;0,83970
 41,49500; 2,68667;      -0,16789;99,92294;50,00000;20,00000;0,83971
 41,56900; 2,69333;      -0,16842;99,92375;49,00000;20,00000;0,83972
 41,65500; 2,70000;      -0,16869;99,92260;49,00000;20,00000;0,83974
 41,71900; 2,70667;      -0,16909;99,92054;50,00000;20,00000;0,83975
 41,79800; 2,71333;      -0,16953;99,91906;50,00000;20,00000;0,83977
 41,87400; 2,72000;      -0,17006;99,91913;50,00000;20,00000;0,83978
 41,95200; 2,72667;      -0,17042;99,91874;50,00000;20,00000;0,83979
 42,01300; 2,73333;      -0,17073;99,92031;49,00000;20,00000;0,83981
 42,09200; 2,74000;      -0,17113;99,92037;49,00000;20,00000;0,83982
 42,18400; 2,74667;      -0,17153;99,92040;51,00000;20,00000;0,83984
 42,24200; 2,75333;      -0,17193;99,91988;51,00000;20,00000;0,83985
 42,32100; 2,76000;      -0,17237;99,91932;52,00000;20,00000;0,83986
 42,40600; 2,76667;      -0,17241;99,91922;52,00000;20,00000;0,83988
 42,48000; 2,77333;      -0,17272;99,91959;49,00000;20,00000;0,83989
 42,56200; 2,78000;      -0,17321;99,91946;49,00000;20,00000;0,83991
 42,63300; 2,78667;      -0,17361;99,92232;50,00000;20,00000;0,83992
 42,71900; 2,79333;      -0,17406;99,92425;50,00000;20,00000;0,83993
 42,79800; 2,80000;      -0,17450;99,92625;49,00000;20,00000;0,83995
 42,87500; 2,80667;      -0,17490;99,92536;49,00000;20,00000;0,83996
 42,94800; 2,81333;      -0,17526;99,92354;49,00000;20,00000;0,83998
 43,03400; 2,82000;      -0,17565;99,92173;49,00000;20,00000;0,83999
 43,09700; 2,82667;      -0,17605;99,92044;49,00000;20,00000;0,84000
 43,19300; 2,83333;      -0,17632;99,92013;51,00000;20,00000;0,84002
 43,26700; 2,84000;      -0,17663;99,92032;51,00000;20,00000;0,84003
 43,33900; 2,84667;      -0,17685;99,92002;49,00000;20,00000;0,84005
 43,42400; 2,85333;      -0,17720;99,91975;49,00000;20,00000;0,84006
 43,50100; 2,86000;      -0,17769;99,91997;49,00000;20,00000;0,84007
 43,58100; 2,86667;      -0,17809;99,92068;50,00000;20,00000;0,84009
 43,66300; 2,87333;      -0,17845;99,92039;50,00000;20,00000;0,84010
 43,74000; 2,88000;      -0,17876;99,92254;50,00000;20,00000;0,84012
 43,81700; 2,88667;      -0,17902;99,92317;50,00000;20,00000;0,84013
 43,90600; 2,89333;      -0,17942;99,92279;50,00000;20,00000;0,84015
 43,97500; 2,90000;      -0,17987;99,92241;50,00000;20,00000;0,84016
 44,08000; 2,90667;      -0,18035;99,92208;50,00000;20,00000;0,84018
 44,14200; 2,91333;      -0,18084;99,92230;50,00000;20,00000;0,84019
 44,23100; 2,92000;      -0,18138;99,92649;49,00000;20,00000;0,84021
 44,31000; 2,92667;      -0,18169;99,92868;49,00000;20,00000;0,84022
 44,38700; 2,93333;      -0,18168;99,93031;49,00000;20,00000;0,84023
 44,46800; 2,94000;      -0,18186;99,92892;50,00000;20,00000;0,84025
 44,56600; 2,94667;      -0,18226;99,92701;50,00000;20,00000;0,84027
 44,64600; 2,95333;      -0,18261;99,92509;51,00000;20,00000;0,84028
 44,72400; 2,96000;      -0,18301;99,92320;51,00000;20,00000;0,84029
 44,80400; 2,96667;      -0,18377;99,92280;49,00000;20,00000;0,84031
 44,90600; 2,97333;      -0,18421;99,92240;49,00000;20,00000;0,84033
 44,97700; 2,98000;      -0,18434;99,92246;49,00000;20,00000;0,84034
 45,06200; 2,98667;      -0,18483;99,92347;49,00000;20,00000;0,84035
 45,14800; 2,99333;      -0,18518;99,92294;51,00000;20,00000;0,84037
 45,24400; 3,00000;      -0,18581;99,92336;51,00000;20,00000;0,84039
 45,32200; 3,00667;      -0,18616;99,92375;49,00000;20,00000;0,84040
 45,41200; 3,01333;      -0,18651;99,92316;49,00000;20,00000;0,84042
 45,50100; 3,02000;      -0,18705;99,92313;50,00000;20,00000;0,84043
 45,59500; 3,02667;      -0,18749;99,92319;50,00000;20,00000;0,84045
 45,67800; 3,03333;      -0,18784;99,92333;50,00000;20,00000;0,84046
 45,76300; 3,04000;      -0,18820;99,92251;50,00000;20,00000;0,84048
 45,84200; 3,04667;      -0,18815;99,92215;49,00000;20,00000;0,84049
 45,93300; 3,05333;      -0,18846;99,92271;49,00000;20,00000;0,84051
 46,03100; 3,06000;      -0,18917;99,92520;49,00000;20,00000;0,84052
 46,11700; 3,06667;      -0,18957;99,92674;51,00000;20,00000;0,84054
 46,19400; 3,07333;      -0,18997;99,92790;51,00000;20,00000;0,84055
 46,31100; 3,08000;      -0,19010;99,92773;52,00000;20,00000;0,84057
 46,37300; 3,08667;      -0,19054;99,92671;49,00000;20,00000;0,84058
 46,47000; 3,09333;      -0,19107;99,92624;49,00000;20,00000;0,84060
 46,54800; 3,10000;      -0,19143;99,92673;50,00000;20,00000;0,84061
 46,63000; 3,10667;      -0,19196;99,92710;50,00000;20,00000;0,84063
 46,72500; 3,11333;      -0,19263;99,92734;51,00000;20,00000;0,84065
 46,81700; 3,12000;      -0,19303;99,92748;51,00000;20,00000;0,84066
 46,91200; 3,12667;      -0,19365;99,92659;49,00000;20,00000;0,84068
 46,99700; 3,13333;      -0,19409;99,92568;49,00000;20,00000;0,84069
 47,08800; 3,14000;      -0,19449;99,92527;50,00000;20,00000;0,84071
 47,18000; 3,14667;      -0,19484;99,92733;50,00000;20,00000;0,84073
 47,27600; 3,15333;      -0,19515;99,92843;50,00000;20,00000;0,84074
 47,37000; 3,16000;      -0,19555;99,92858;50,00000;20,00000;0,84076
 47,45700; 3,16667;      -0,19590;99,92777;49,00000;20,00000;0,84077
 47,54400; 3,17333;      -0,19630;99,92744;49,00000;20,00000;0,84079
 47,64300; 3,18000;      -0,19670;99,92758;49,00000;20,00000;0,84081
 47,73200; 3,18667;      -0,19714;99,92724;51,00000;20,00000;0,84082
 47,83000; 3,19333;      -0,19754;99,92696;51,00000;20,00000;0,84084
 47,92600; 3,20000;      -0,19785;99,92725;50,00000;20,00000;0,84085
 48,01600; 3,20667;      -0,19825;99,92908;49,00000;20,00000;0,84087
 48,10300; 3,21333;      -0,19869;99,93138;49,00000;20,00000;0,84088
 48,18300; 3,22000;      -0,19878;99,93264;49,00000;20,00000;0,84090
 48,29700; 3,22667;      -0,19917;99,93383;50,00000;20,00000;0,84092
 48,38500; 3,23333;      -0,19993;99,93253;51,00000;20,00000;0,84093
 48,48500; 3,24000;      -0,20046;99,93075;51,00000;20,00000;0,84095
 48,57400; 3,24667;      -0,20050;99,92900;49,00000;20,00000;0,84097
 48,66600; 3,25333;      -0,20054;99,92875;49,00000;20,00000;0,84098
 48,76300; 3,26000;      -0,20099;99,92904;50,00000;20,00000;0,84100
 48,86800; 3,26667;      -0,20147;99,92888;50,00000;20,00000;0,84102
 48,95200; 3,27333;      -0,20192;99,92876;50,00000;20,00000;0,84103
 49,04800; 3,28000;      -0,20200;99,92917;50,00000;20,00000;0,84105
 49,14000; 3,28667;      -0,20267;99,92909;50,00000;20,00000;0,84106
 49,24200; 3,29333;      -0,20289;99,92753;49,00000;20,00000;0,84108
 49,32500; 3,30000;      -0,20288;99,92695;49,00000;20,00000;0,84109
 49,43600; 3,30667;      -0,20324;99,92733;51,00000;20,00000;0,84111
 49,52500; 3,31333;      -0,20341;99,93013;50,00000;20,00000;0,84113
 49,60900; 3,32000;      -0,20381;99,93089;50,00000;20,00000;0,84114
 49,72000; 3,32667;      -0,20412;99,93061;49,00000;20,00000;0,84116
 49,81700; 3,33333;      -0,20451;99,92980;49,00000;20,00000;0,84118
 49,91700; 3,34000;      -0,20482;99,92999;49,00000;20,00000;0,84119
 50,01300; 3,34667;      -0,20518;99,92975;49,00000;20,00000;0,84121
 50,11700; 3,35333;      -0,20557;99,93105;49,00000;20,00000;0,84123
 50,20800; 3,36000;      -0,20584;99,93242;50,00000;20,00000;0,84124
 50,30500; 3,36667;      -0,20610;99,93382;50,00000;20,00000;0,84126
 50,41200; 3,37333;      -0,20619;99,93522;51,00000;20,00000;0,84128
 50,50200; 3,38000;      -0,20627;99,93510;49,00000;20,00000;0,84129
 50,58700; 3,38667;      -0,20649;99,93344;49,00000;20,00000;0,84131
 50,70600; 3,39333;      -0,20667;99,93176;49,00000;20,00000;0,84133
 50,81300; 3,40000;      -0,20684;99,93109;50,00000;20,00000;0,84135
 50,89900; 3,40667;      -0,20719;99,93096;50,00000;20,00000;0,84136
 50,99900; 3,41333;      -0,20737;99,93091;50,00000;20,00000;0,84138
 51,10000; 3,42000;      -0,20772;99,93092;50,00000;20,00000;0,84139
 51,20500; 3,42667;      -0,20794;99,93096;49,00000;20,00000;0,84141
 51,29800; 3,43333;      -0,20816;99,93100;49,00000;20,00000;0,84143
 51,39400; 3,44000;      -0,20838;99,93103;50,00000;20,00000;0,84144
 51,49100; 3,44667;      -0,20864;99,93055;50,00000;20,00000;0,84146
 51,60100; 3,45333;      -0,20890;99,93056;50,00000;20,00000;0,84148
 51,70400; 3,46000;      -0,20908;99,93057;50,00000;20,00000;0,84149
 51,79500; 3,46667;      -0,20925;99,93205;49,00000;20,00000;0,84151
 51,89500; 3,47333;      -0,20952;99,93248;49,00000;20,00000;0,84153
 51,99400; 3,48000;      -0,20974;99,93235;51,00000;20,00000;0,84154
 52,10500; 3,48667;      -0,21000;99,93216;51,00000;20,00000;0,84156
 52,20400; 3,49333;      -0,21031;99,93247;52,00000;20,00000;0,84158
 52,32000; 3,50000;      -0,21053;99,93236;52,00000;20,00000;0,84160
 52,40700; 3,50667;      -0,21066;99,93529;49,00000;20,00000;0,84161
 52,52800; 3,51333;      -0,21079;99,93678;49,00000;20,00000;0,84163
 52,60500; 3,52000;      -0,21092;99,93872;50,00000;20,00000;0,84164
 52,70900; 3,52667;      -0,21122;99,93957;50,00000;20,00000;0,84166
 52,83300; 3,53333;      -0,21153;99,93834;50,00000;20,00000;0,84168
 52,92400; 3,54000;      -0,21171;99,93849;50,00000;20,00000;0,84170
 53,03500; 3,54667;      -0,21201;99,94258;52,00000;20,00000;0,84171
 53,15000; 3,55333;      -0,21223;99,94675;52,00000;20,00000;0,84173
 53,25800; 3,56000;      -0,21245;99,95204;49,00000;20,00000;0,84175
 53,35600; 3,56667;      -0,21271;99,95499;49,00000;20,00000;0,84177
 53,45800; 3,57333;      -0,21293;99,95410;50,00000;20,00000;0,84178
 53,56100; 3,58000;      -0,21315;99,95278;50,00000;20,00000;0,84180
 53,66800; 3,58667;      -0,21333;99,95148;50,00000;20,00000;0,84182
 53,77400; 3,59333;      -0,21350;99,95064;50,00000;20,00000;0,84184
 53,86700; 3,60000;      -0,21367;99,95124;49,00000;20,00000;0,84185
 53,97300; 3,60667;      -0,21380;99,95129;49,00000;20,00000;0,84187
 54,08500; 3,61333;      -0,21407;99,95182;51,00000;20,00000;0,84189
 54,19800; 3,62000;      -0,21433;99,95188;51,00000;20,00000;0,84190
 54,29900; 3,62667;      -0,21441;99,95243;51,00000;20,00000;0,84192
 54,39900; 3,63333;      -0,21472;99,95147;51,00000;20,00000;0,84194
 54,49500; 3,64000;      -0,21499;99,94994;51,00000;20,00000;0,84195
 54,61900; 3,64667;      -0,21503;99,94837;49,00000;20,00000;0,84197
 54,72500; 3,65333;      -0,21529;99,94677;49,00000;20,00000;0,84199
 54,84300; 3,66000;      -0,21555;99,94521;50,00000;20,00000;0,84201
 54,94800; 3,66667;      -0,21582;99,94371;51,00000;20,00000;0,84203
 55,04900; 3,67333;      -0,21599;99,94228;51,00000;20,00000;0,84204
 55,15300; 3,68000;      -0,21607;99,94088;49,00000;20,00000;0,84206
 55,26700; 3,68667;      -0,21616;99,94050;49,00000;20,00000;0,84208
 55,37900; 3,69333;      -0,21638;99,93969;50,00000;20,00000;0,84209
 55,48300; 3,70000;      -0,21660;99,93944;50,00000;20,00000;0,84211
 55,58900; 3,70667;      -0,21677;99,93922;50,00000;20,00000;0,84213
 55,69200; 3,71333;      -0,21703;99,93852;50,00000;20,00000;0,84214
 55,79500; 3,72000;      -0,21725;99,94023;50,00000;20,00000;0,84216
 55,91500; 3,72667;      -0,21743;99,93989;49,00000;20,00000;0,84218
 56,01000; 3,73333;      -0,21760;99,93943;51,00000;20,00000;0,84220
 56,12200; 3,74000;      -0,21777;99,93840;51,00000;20,00000;0,84221
 56,23300; 3,74667;      -0,21804;99,93786;51,00000;20,00000;0,84223
 56,37000; 3,75333;      -0,21821;99,93737;52,00000;20,00000;0,84225
 56,46000; 3,76000;      -0,21861;99,93649;52,00000;20,00000;0,84227
 56,57100; 3,76667;      -0,21851;99,93569;49,00000;20,00000;0,84228
 56,67400; 3,77333;      -0,21878;99,93539;49,00000;20,00000;0,84230
 56,78900; 3,78000;      -0,21899;99,93505;49,00000;20,00000;0,84232
 56,90300; 3,78667;      -0,21917;99,93513;50,00000;20,00000;0,84234
 57,00100; 3,79333;      -0,21943;99,93516;50,00000;20,00000;0,84235
 57,12800; 3,80000;      -0,21965;99,93469;50,00000;20,00000;0,84237
 57,24100; 3,80667;      -0,21996;99,93474;49,00000;20,00000;0,84239
 57,34500; 3,81333;      -0,22022;99,93583;49,00000;20,00000;0,84241
 57,46600; 3,82000;      -0,22039;99,93700;50,00000;20,00000;0,84243
 57,57100; 3,82667;      -0,22048;99,93772;50,00000;20,00000;0,84244
 57,68100; 3,83333;      -0,22052;99,93894;50,00000;20,00000;0,84246
 57,78500; 3,84000;      -0,22051;99,93968;49,00000;20,00000;0,84248
 57,90900; 3,84667;      -0,22073;99,93894;49,00000;20,00000;0,84249
 58,02100; 3,85333;      -0,22113;99,93867;49,00000;20,00000;0,84251
 58,12600; 3,86000;      -0,22126;99,93785;49,00000;20,00000;0,84253
 58,23100; 3,86667;      -0,22139;99,93647;49,00000;20,00000;0,84255
 58,35300; 3,87333;      -0,22156;99,93553;50,00000;20,00000;0,84256
 58,47200; 3,88000;      -0,22182;99,93460;50,00000;20,00000;0,84258
 58,59500; 3,88667;      -0,22209;99,93427;50,00000;20,00000;0,84260
 58,69800; 3,89333;      -0,22239;99,93406;50,00000;20,00000;0,84262
 58,80700; 3,90000;      -0,22257;99,93395;49,00000;20,00000;0,84263
 58,93100; 3,90667;      -0,22274;99,93391;49,00000;20,00000;0,84265
 59,02400; 3,91333;      -0,22296;99,93384;51,00000;20,00000;0,84267
 59,14400; 3,92000;      -0,22309;99,93369;51,00000;20,00000;0,84269
 59,25200; 3,92667;      -0,22331;99,93339;51,00000;20,00000;0,84270
 59,36500; 3,93333;      -0,22352;99,93346;51,00000;20,00000;0,84272
 59,48500; 3,94000;      -0,22365;99,93298;49,00000;20,00000;0,84274
 59,61300; 3,94667;      -0,22378;99,93302;49,00000;20,00000;0,84276
 59,73400; 3,95333;      -0,22396;99,93268;50,00000;20,00000;0,84278
 59,84000; 3,96000;      -0,22417;99,93246;50,00000;20,00000;0,84279
 59,95200; 3,96667;      -0,22417;99,93280;50,00000;20,00000;0,84281
 60,05700; 3,97333;      -0,22421;99,93267;49,00000;20,00000;0,84283
 60,18300; 3,98000;      -0,22438;99,93304;49,00000;20,00000;0,84285
 60,30000; 3,98667;      -0,22442;99,93289;49,00000;20,00000;0,84286
 60,41000; 3,99333;      -0,22455;99,93226;51,00000;20,00000;0,84288
 60,52100; 4,00000;      -0,22473;99,93213;51,00000;20,00000;0,84290
 60,63800; 4,00667;      -0,22503;99,93197;51,00000;20,00000;0,84292
 60,75300; 4,01333;      -0,22530;99,93176;50,00000;20,00000;0,84293
 60,87400; 4,02000;      -0,22565;99,93302;49,00000;20,00000;0,84295
 60,99200; 4,02667;      -0,22586;99,93375;49,00000;20,00000;0,84297
 61,09700; 4,03333;      -0,22608;99,93399;51,00000;20,00000;0,84298
 61,22900; 4,04000;      -0,22626;99,93374;51,00000;20,00000;0,84300
 61,33700; 4,04667;      -0,22639;99,93398;52,00000;20,00000;0,84302
 61,45500; 4,05333;      -0,22665;99,93376;52,00000;20,00000;0,84304
 61,58400; 4,06000;      -0,22682;99,93415;49,00000;20,00000;0,84306
 61,70100; 4,06667;      -0,22713;99,93415;49,00000;20,00000;0,84308
 61,80900; 4,07333;      -0,22726;99,93420;50,00000;20,00000;0,84309
 61,91200; 4,08000;      -0,22743;99,93472;50,00000;20,00000;0,84311
 62,02800; 4,08667;      -0,22752;99,93417;50,00000;20,00000;0,84312
 62,15600; 4,09333;      -0,22773;99,93402;50,00000;20,00000;0,84314
 62,26900; 4,10000;      -0,22777;99,93382;50,00000;20,00000;0,84316
 62,40400; 4,10667;      -0,22781;99,93362;49,00000;20,00000;0,84318
 62,50100; 4,11333;      -0,22790;99,93395;49,00000;20,00000;0,84319
 62,63300; 4,12000;      -0,22798;99,93529;51,00000;20,00000;0,84321
 62,74600; 4,12667;      -0,22811;99,93615;51,00000;20,00000;0,84323
 62,86200; 4,13333;      -0,22837;99,93702;50,00000;20,00000;0,84325
 62,98400; 4,14000;      -0,22881;99,93742;49,00000;20,00000;0,84327
 63,10800; 4,14667;      -0,22912;99,93832;49,00000;20,00000;0,84328
 63,21600; 4,15333;      -0,22938;99,93876;49,00000;20,00000;0,84330
 63,33900; 4,16000;      -0,22947;99,93824;51,00000;20,00000;0,84332
 63,45900; 4,16667;      -0,22951;99,93774;52,00000;20,00000;0,84334
 63,57400; 4,17333;      -0,22950;99,93726;52,00000;20,00000;0,84335
 63,69400; 4,18000;      -0,22972;99,93726;49,00000;20,00000;0,84337
 63,81200; 4,18667;      -0,23007;99,93773;49,00000;20,00000;0,84339
 63,92600; 4,19333;      -0,23029;99,93765;50,00000;20,00000;0,84341
 64,04400; 4,20000;      -0,23051;99,93747;50,00000;20,00000;0,84342
 64,17100; 4,20667;      -0,23077;99,93723;50,00000;20,00000;0,84344
 64,30300; 4,21333;      -0,23103;99,93700;49,00000;20,00000;0,84346
 64,41500; 4,22000;      -0,23134;99,93728;49,00000;20,00000;0,84348
 64,54600; 4,22667;      -0,23151;99,93713;49,00000;20,00000;0,84350
 64,65000; 4,23333;      -0,23120;99,93661;49,00000;20,00000;0,84351
 64,79000; 4,24000;      -0,23123;99,93615;50,00000;20,00000;0,84353
 64,89500; 4,24667;      -0,23150;99,93571;50,00000;20,00000;0,84355
 65,01400; 4,25333;      -0,23172;99,93576;50,00000;20,00000;0,84356
 65,13400; 4,26000;      -0,23207;99,93582;50,00000;20,00000;0,84358
 65,26600; 4,26667;      -0,23251;99,93586;49,00000;20,00000;0,84360
 65,37700; 4,27333;      -0,23246;99,93540;49,00000;20,00000;0,84362
 65,49200; 4,28000;      -0,23236;99,93542;51,00000;20,00000;0,84363
 65,61100; 4,28667;      -0,23240;99,93544;50,00000;20,00000;0,84365
 65,75500; 4,29333;      -0,23271;99,93547;51,00000;20,00000;0,84367
 65,86100; 4,30000;      -0,23293;99,93552;49,00000;20,00000;0,84369
 65,97800; 4,30667;      -0,23315;99,93561;49,00000;20,00000;0,84370
 66,09900; 4,31333;      -0,23314;99,93521;50,00000;20,00000;0,84372
 66,22600; 4,32000;      -0,23309;99,93481;50,00000;20,00000;0,84374
 66,34600; 4,32667;      -0,23300;99,93488;50,00000;20,00000;0,84375
 66,46200; 4,33333;      -0,23313;99,93443;49,00000;20,00000;0,84377
 66,58000; 4,34000;      -0,23335;99,93444;49,00000;20,00000;0,84379
 66,71300; 4,34667;      -0,23370;99,93443;51,00000;20,00000;0,84381
 66,83400; 4,35333;      -0,23400;99,93440;51,00000;20,00000;0,84382
 66,95700; 4,36000;      -0,23431;99,93391;50,00000;20,00000;0,84384
 67,07400; 4,36667;      -0,23462;99,93491;50,00000;20,00000;0,84386
 67,20500; 4,37333;      -0,23466;99,93495;49,00000;20,00000;0,84388
 67,32900; 4,38000;      -0,23465;99,93453;49,00000;20,00000;0,84389
 67,44000; 4,38667;      -0,23469;99,93465;50,00000;20,00000;0,84391
 67,56500; 4,39333;      -0,23495;99,93479;50,00000;20,00000;0,84393
 67,69600; 4,40000;      -0,23508;99,93495;52,00000;20,00000;0,84395
 67,81500; 4,40667;      -0,23521;99,93511;52,00000;20,00000;0,84396
 67,92700; 4,41333;      -0,23529;99,93525;49,00000;20,00000;0,84398
 68,05200; 4,42000;      -0,23542;99,93538;49,00000;20,00000;0,84400
 68,18000; 4,42667;      -0,23555;99,93549;50,00000;20,00000;0,84401
 68,30500; 4,43333;      -0,23568;99,93560;50,00000;20,00000;0,84403
 68,42600; 4,44000;      -0,23581;99,93570;50,00000;20,00000;0,84405
 68,55000; 4,44667;      -0,23589;99,93585;50,00000;20,00000;0,84406
 68,66700; 4,45333;      -0,23598;99,93555;49,00000;20,00000;0,84408
 68,80500; 4,46000;      -0,23642;99,93578;49,00000;20,00000;0,84410
 68,91900; 4,46667;      -0,23681;99,93603;51,00000;20,00000;0,84412
 69,02800; 4,47333;      -0,23694;99,93622;51,00000;20,00000;0,84413
 69,15700; 4,48000;      -0,23694;99,93585;50,00000;20,00000;0,84415
 69,28500; 4,48667;      -0,23702;99,93540;50,00000;20,00000;0,84417
 69,40600; 4,49333;      -0,23702;99,93540;49,00000;20,00000;0,84418
 69,54900; 4,50000;      -0,23701;99,93495;49,00000;20,00000;0,84420
 69,66200; 4,50667;      -0,23705;99,93507;50,00000;20,00000;0,84422
 69,79400; 4,51333;      -0,23722;99,93479;50,00000;20,00000;0,84424
 69,90900; 4,52000;      -0,23731;99,93504;52,00000;20,00000;0,84425
 70,03400; 4,52667;      -0,23766;99,93480;52,00000;20,00000;0,84427
 70,14700; 4,53333;      -0,23779;99,93503;49,00000;20,00000;0,84428
 70,28100; 4,54000;      -0,23787;99,93472;49,00000;20,00000;0,84430
 70,40400; 4,54667;      -0,23809;99,93488;49,00000;20,00000;0,84432
 70,53800; 4,55333;      -0,23849;99,93456;50,00000;20,00000;0,84434
 70,66000; 4,56000;      -0,23879;99,93528;50,00000;20,00000;0,84435
 70,77600; 4,56667;      -0,23883;99,93654;50,00000;20,00000;0,84437
 70,90800; 4,57333;      -0,23883;99,93735;50,00000;20,00000;0,84439
 71,02600; 4,58000;      -0,23891;99,93821;49,00000;20,00000;0,84440
 71,14200; 4,58667;      -0,23891;99,93956;51,00000;20,00000;0,84442
 71,27400; 4,59333;      -0,23895;99,94036;50,00000;20,00000;0,84444
 71,39000; 4,60000;      -0,23903;99,94109;50,00000;20,00000;0,84445
 71,52000; 4,60667;      -0,23912;99,94127;50,00000;20,00000;0,84447
 71,64200; 4,61333;      -0,23933;99,94141;49,00000;20,00000;0,84449
 71,77500; 4,62000;      -0,23942;99,94107;49,00000;20,00000;0,84450
 71,90400; 4,62667;      -0,23963;99,94077;50,00000;20,00000;0,84452
 72,03100; 4,63333;      -0,23972;99,94054;51,00000;20,00000;0,84454
 72,15400; 4,64000;      -0,23985;99,94037;52,00000;20,00000;0,84455
 72,26200; 4,64667;      -0,24007;99,94023;52,00000;20,00000;0,84457
 72,40400; 4,65333;      -0,24037;99,94060;49,00000;20,00000;0,84459
 72,52300; 4,66000;      -0,24050;99,94048;49,00000;20,00000;0,84460
 72,64900; 4,66667;      -0,24041;99,94083;49,00000;20,00000;0,84462
 72,76300; 4,67333;      -0,24036;99,94116;50,00000;20,00000;0,84463
 72,89300; 4,68000;      -0,24040;99,94095;50,00000;20,00000;0,84465
 73,02700; 4,68667;      -0,24088;99,94119;50,00000;20,00000;0,84467
 73,13900; 4,69333;      -0,24101;99,94139;50,00000;20,00000;0,84468
 73,28300; 4,70000;      -0,24092;99,94108;49,00000;20,00000;0,84470
 73,39600; 4,70667;      -0,24096;99,94128;49,00000;20,00000;0,84472
 73,53600; 4,71333;      -0,24095;99,94103;50,00000;20,00000;0,84474
 73,66100; 4,72000;      -0,24121;99,94080;50,00000;20,00000;0,84475
 73,77900; 4,72667;      -0,24121;99,94112;50,00000;20,00000;0,84477
 73,91300; 4,73333;      -0,24129;99,94105;49,00000;20,00000;0,84479
 74,03800; 4,74000;      -0,24147;99,94150;49,00000;20,00000;0,84480
 74,14000; 4,74667;      -0,24169;99,94144;51,00000;20,00000;0,84481
 74,28600; 4,75333;      -0,24190;99,94185;51,00000;20,00000;0,84483
 74,40800; 4,76000;      -0,24203;99,94172;52,00000;20,00000;0,84485
 74,52800; 4,76667;      -0,24216;99,94204;52,00000;20,00000;0,84486
 74,65400; 4,77333;      -0,24229;99,94184;52,00000;20,00000;0,84488
 74,79000; 4,78000;      -0,24246;99,94208;49,00000;20,00000;0,84490
 74,91400; 4,78667;      -0,24263;99,94229;49,00000;20,00000;0,84491
 75,04300; 4,79333;      -0,24272;99,94201;50,00000;20,00000;0,84493
 75,17700; 4,80000;      -0,24276;99,94274;50,00000;20,00000;0,84495
 75,29900; 4,80667;      -0,24284;99,94252;50,00000;20,00000;0,84496
 75,42400; 4,81333;      -0,24284;99,94285;50,00000;20,00000;0,84498
 75,56800; 4,82000;      -0,24297;99,94324;49,00000;20,00000;0,84500
 75,68200; 4,82667;      -0,24305;99,94367;49,00000;20,00000;0,84501
 75,80100; 4,83333;      -0,24314;99,94411;50,00000;20,00000;0,84503
 75,92900; 4,84000;      -0,24318;99,94454;50,00000;20,00000;0,84504
 76,06000; 4,84667;      -0,24344;99,94495;50,00000;20,00000;0,84506
 76,18700; 4,85333;      -0,24348;99,94535;50,00000;20,00000;0,84508
 76,31000; 4,86000;      -0,24361;99,94575;50,00000;20,00000;0,84509
 76,44600; 4,86667;      -0,24365;99,94617;49,00000;20,00000;0,84511
 76,56200; 4,87333;      -0,24382;99,94612;49,00000;20,00000;0,84512
 76,69000; 4,88000;      -0,24399;99,94657;51,00000;20,00000;0,84514
 76,82300; 4,88667;      -0,24399;99,94703;52,00000;20,00000;0,84516
 76,94300; 4,89333;      -0,24407;99,94702;52,00000;20,00000;0,84517
 77,07100; 4,90000;      -0,24407;99,94703;52,00000;20,00000;0,84519
 77,19900; 4,90667;      -0,24397;99,94754;49,00000;20,00000;0,84520
 77,32300; 4,91333;      -0,24419;99,94755;50,00000;20,00000;0,84522
 77,44700; 4,92000;      -0,24468;99,94754;50,00000;20,00000;0,84523
 77,56400; 4,92667;      -0,24485;99,94799;50,00000;20,00000;0,84525
 77,70600; 4,93333;      -0,24480;99,94790;52,00000;20,00000;0,84527
 77,83500; 4,94000;      -0,24484;99,94828;49,00000;20,00000;0,84528
 77,95900; 4,94667;      -0,24488;99,94866;49,00000;20,00000;0,84530
 78,08400; 4,95333;      -0,24496;99,94854;50,00000;20,00000;0,84531
 78,21300; 4,96000;      -0,24505;99,94893;50,00000;20,00000;0,84533
 78,35100; 4,96667;      -0,24513;99,94937;50,00000;20,00000;0,84535
 78,47300; 4,97333;      -0,24535;99,94984;50,00000;20,00000;0,84536
 78,59500; 4,98000;      -0,24526;99,95031;49,00000;20,00000;0,84538
 78,72000; 4,98667;      -0,24516;99,95080;49,00000;20,00000;0,84539
 78,85900; 4,99333;      -0,24565;99,95128;51,00000;20,00000;0,84541
 78,98300; 5,00000;      -0,24564;99,95324;51,00000;20,00000;0,84542
 79,10000; 5,00667;      -0,24564;99,95470;51,00000;20,00000;0,84544
 79,23500; 5,01333;      -0,24572;99,95615;51,00000;20,00000;0,84545
 79,36900; 5,02000;      -0,24567;99,95759;51,00000;20,00000;0,84547
 79,47900; 5,02667;      -0,24580;99,95903;49,00000;20,00000;0,84548
 79,63000; 5,03333;      -0,24589;99,96001;50,00000;20,00000;0,84550
 79,74800; 5,04000;      -0,24597;99,96051;50,00000;20,00000;0,84552
 79,87200; 5,04667;      -0,24606;99,96053;50,00000;20,00000;0,84553
 80,00300; 5,05333;      -0,24627;99,96104;50,00000;20,00000;0,84555
 80,12500; 5,06000;      -0,24640;99,96101;49,00000;20,00000;0,84556
 80,25000; 5,06667;      -0,24649;99,96094;49,00000;20,00000;0,84558
 80,39400; 5,07333;      -0,24653;99,96037;50,00000;20,00000;0,84559
 80,52000; 5,08000;      -0,24652;99,96032;50,00000;20,00000;0,84561
 80,64000; 5,08667;      -0,24647;99,95979;50,00000;20,00000;0,84562
 80,78300; 5,09333;      -0,24660;99,95929;50,00000;20,00000;0,84564
 80,90400; 5,10000;      -0,24691;99,95928;49,00000;20,00000;0,84565
 81,02700; 5,10667;      -0,24695;99,95926;49,00000;20,00000;0,84567
 81,15300; 5,11333;      -0,24703;99,95923;49,00000;20,00000;0,84568
 81,29700; 5,12000;      -0,24707;99,95921;51,00000;20,00000;0,84570
 81,41900; 5,12667;      -0,24720;99,95917;51,00000;20,00000;0,84571
 81,55200; 5,13333;      -0,24720;99,95914;52,00000;20,00000;0,84573
 81,67100; 5,14000;      -0,24706;99,95961;52,00000;20,00000;0,84574
 81,81400; 5,14667;      -0,24705;99,95961;49,00000;20,00000;0,84576
 81,93400; 5,15333;      -0,24714;99,95963;49,00000;20,00000;0,84577
 82,06600; 5,16000;      -0,24722;99,96017;50,00000;20,00000;0,84579
 82,19600; 5,16667;      -0,24740;99,96025;50,00000;20,00000;0,84580
 82,32400; 5,17333;      -0,24739;99,96035;51,00000;20,00000;0,84582
 82,44400; 5,18000;      -0,24739;99,96094;51,00000;20,00000;0,84583
 82,57300; 5,18667;      -0,24752;99,96102;51,00000;20,00000;0,84585
 82,70500; 5,19333;      -0,24747;99,96108;49,00000;20,00000;0,84586
 82,83100; 5,20000;      -0,24742;99,96114;49,00000;20,00000;0,84588
 82,96400; 5,20667;      -0,24746;99,96073;50,00000;20,00000;0,84589
 83,09700; 5,21333;      -0,24745;99,96084;50,00000;20,00000;0,84591
 83,21400; 5,22000;      -0,24745;99,96048;49,00000;20,00000;0,84592
 83,34400; 5,22667;      -0,24745;99,96013;49,00000;20,00000;0,84594
 83,47400; 5,23333;      -0,24749;99,95976;49,00000;20,00000;0,84595
 83,59400; 5,24000;      -0,24748;99,95985;49,00000;20,00000;0,84597
 83,72900; 5,24667;      -0,24748;99,95943;49,00000;20,00000;0,84598
 83,85900; 5,25333;      -0,24765;99,95898;50,00000;20,00000;0,84600
 83,98900; 5,26000;      -0,24782;99,95849;50,00000;20,00000;0,84601
 84,11200; 5,26667;      -0,24795;99,95800;50,00000;20,00000;0,84602
 84,24700; 5,27333;      -0,24795;99,95754;50,00000;20,00000;0,84604
 84,38300; 5,28000;      -0,24799;99,95709;49,00000;20,00000;0,84605
 84,50700; 5,28667;      -0,24798;99,95666;49,00000;20,00000;0,84607
 84,63900; 5,29333;      -0,24785;99,95626;51,00000;20,00000;0,84608
 84,76900; 5,30000;      -0,24784;99,95587;51,00000;20,00000;0,84610
 84,88600; 5,30667;      -0,24793;99,95548;52,00000;20,00000;0,84611
 85,02100; 5,31333;      -0,24797;99,95511;52,00000;20,00000;0,84613
 85,15500; 5,32000;      -0,24796;99,95473;49,00000;20,00000;0,84614
 85,28100; 5,32667;      -0,24791;99,95432;49,00000;20,00000;0,84616
 85,40800; 5,33333;      -0,24796;99,95390;50,00000;20,00000;0,84617
 85,53400; 5,34000;      -0,24795;99,95347;50,00000;20,00000;0,84618
 85,67300; 5,34667;      -0,24804;99,95304;50,00000;20,00000;0,84620
 85,80100; 5,35333;      -0,24794;99,95261;50,00000;20,00000;0,84621
 85,93100; 5,36000;      -0,24789;99,95216;49,00000;20,00000;0,84623
 86,05300; 5,36667;      -0,24789;99,95170;49,00000;20,00000;0,84624
 86,18900; 5,37333;      -0,24784;99,95124;51,00000;20,00000;0,84626
 86,32000; 5,38000;      -0,24779;99,95080;51,00000;20,00000;0,84627
 86,46400; 5,38667;      -0,24783;99,95039;52,00000;20,00000;0,84629
 86,57900; 5,39333;      -0,24783;99,95003;52,00000;20,00000;0,84630
 86,70700; 5,40000;      -0,24791;99,94970;49,00000;20,00000;0,84631
 86,84100; 5,40667;      -0,24800;99,94938;49,00000;20,00000;0,84633
 86,96500; 5,41333;      -0,24791;99,94905;49,00000;20,00000;0,84634
 87,09000; 5,42000;      -0,24790;99,94871;49,00000;20,00000;0,84635
 87,22900; 5,42667;      -0,24781;99,94836;50,00000;20,00000;0,84637
 87,35600; 5,43333;      -0,24780;99,94802;50,00000;20,00000;0,84638
 87,48200; 5,44000;      -0,24789;99,94766;50,00000;20,00000;0,84640
 87,61200; 5,44667;      -0,24793;99,94729;50,00000;20,00000;0,84641
 87,73400; 5,45333;      -0,24793;99,94689;49,00000;20,00000;0,84642
 87,87900; 5,46000;      -0,24797;99,94649;49,00000;20,00000;0,84644
 88,00400; 5,46667;      -0,24801;99,94613;49,00000;20,00000;0,84645
 88,13400; 5,47333;      -0,24800;99,94578;50,00000;20,00000;0,84647
 88,25600; 5,48000;      -0,24809;99,94544;50,00000;20,00000;0,84648
 88,40600; 5,48667;      -0,24817;99,94512;49,00000;20,00000;0,84649
 88,51300; 5,49333;      -0,24826;99,94480;49,00000;20,00000;0,84651
 88,64800; 5,50000;      -0,24834;99,94448;49,00000;20,00000;0,84652
 88,77900; 5,50667;      -0,24838;99,94417;51,00000;20,00000;0,84653
 88,90600; 5,51333;      -0,24824;99,94384;51,00000;20,00000;0,84655
 89,04700; 5,52000;      -0,24820;99,94347;50,00000;20,00000;0,84656
 89,15500; 5,52667;      -0,24810;99,94306;50,00000;20,00000;0,84657
 89,29900; 5,53333;      -0,24819;99,94262;49,00000;20,00000;0,84659
 89,43500; 5,54000;      -0,24840;99,94218;49,00000;20,00000;0,84660
 89,56600; 5,54667;      -0,24849;99,94174;51,00000;20,00000;0,84662
 89,69600; 5,55333;      -0,24857;99,94133;51,00000;20,00000;0,84663
 89,82700; 5,56000;      -0,24861;99,94096;51,00000;20,00000;0,84664
 89,95700; 5,56667;      -0,24861;99,94062;52,00000;20,00000;0,84666
 90,09100; 5,57333;      -0,24870;99,94030;52,00000;20,00000;0,84667
 90,21200; 5,58000;      -0,24869;99,93999;49,00000;20,00000;0,84668
 90,34500; 5,58667;      -0,24895;99,93967;49,00000;20,00000;0,84670
 90,47100; 5,59333;      -0,24908;99,93934;50,00000;20,00000;0,84671
 90,61600; 5,60000;      -0,24921;99,93900;50,00000;20,00000;0,84672
 90,72800; 5,60667;      -0,24934;99,93864;50,00000;20,00000;0,84674
 90,86700; 5,61333;      -0,24934;99,93829;50,00000;20,00000;0,84675
 91,00100; 5,62000;      -0,24951;99,93798;49,00000;20,00000;0,84676
 91,12700; 5,62667;      -0,24973;99,93768;49,00000;20,00000;0,84678
 91,26000; 5,63333;      -0,24990;99,93738;51,00000;20,00000;0,84679
 91,38100; 5,64000;      -0,25008;99,93710;50,00000;20,00000;0,84680
 91,51700; 5,64667;      -0,25029;99,93681;50,00000;20,00000;0,84682
 91,65800; 5,65333;      -0,25047;99,93654;49,00000;20,00000;0,84683
 91,76600; 5,66000;      -0,25051;99,93629;49,00000;20,00000;0,84684
 91,89800; 5,66667;      -0,25055;99,93605;49,00000;20,00000;0,84685
 92,03600; 5,67333;      -0,25068;99,93578;49,00000;20,00000;0,84687
 92,16900; 5,68000;      -0,25103;99,93550;49,00000;20,00000;0,84688
 92,28800; 5,68667;      -0,25120;99,93521;51,00000;20,00000;0,84689
 92,41600; 5,69333;      -0,25169;99,93492;51,00000;20,00000;0,84691
 92,55800; 5,70000;      -0,25208;99,93462;49,00000;20,00000;0,84692
 92,68200; 5,70667;      -0,25234;99,93433;49,00000;20,00000;0,84693
 92,81500; 5,71333;      -0,25278;99,93406;50,00000;20,00000;0,84695
 92,94100; 5,72000;      -0,25309;99,93382;50,00000;20,00000;0,84696
 93,07200; 5,72667;      -0,25353;99,93359;50,00000;20,00000;0,84697
 93,20000; 5,73333;      -0,25401;99,93336;50,00000;20,00000;0,84698
 93,33600; 5,74000;      -0,25463;99,93310;49,00000;20,00000;0,84700
 93,44500; 5,74667;      -0,25498;99,93279;49,00000;20,00000;0,84701
 93,58400; 5,75333;      -0,25555;99,93244;49,00000;20,00000;0,84702
 93,72100; 5,76000;      -0,25617;99,93209;49,00000;20,00000;0,84703
 93,87000; 5,76667;      -0,25674;99,93178;50,00000;20,00000;0,84705
 93,98300; 5,77333;      -0,25758;99,93151;50,00000;20,00000;0,84706
 94,11100; 5,78000;      -0,25838;99,93129;49,00000;20,00000;0,84707
 94,24400; 5,78667;      -0,25917;99,93109;49,00000;20,00000;0,84709
 94,36000; 5,79333;      -0,26027;99,93089;49,00000;20,00000;0,84710
 94,50900; 5,80000;      -0,26116;99,93066;49,00000;20,00000;0,84711
 94,62300; 5,80667;      -0,26226;99,93041;51,00000;20,00000;0,84712
 94,75600; 5,81333;      -0,26394;99,93017;51,00000;20,00000;0,84713
 94,89300; 5,82000;      -0,26531;99,92991;52,00000;20,00000;0,84715
 95,01300; 5,82667;      -0,26655;99,92962;52,00000;20,00000;0,84716
 95,14700; 5,83333;      -0,26788;99,92882;49,00000;20,00000;0,84717
 95,28500; 5,84000;      -0,26982;99,92752;49,00000;20,00000;0,84718
 95,41200; 5,84667;      -0,27190;99,92623;50,00000;20,00000;0,84720
 95,54200; 5,85333;      -0,27389;99,92497;50,00000;20,00000;0,84721
 95,67100; 5,86000;      -0,27610;99,92372;50,00000;20,00000;0,84722
 95,80400; 5,86667;      -0,27854;99,92296;52,00000;20,00000;0,84723
 95,93200; 5,87333;      -0,28137;99,92171;49,00000;20,00000;0,84725
 96,06800; 5,88000;      -0,28425;99,92098;49,00000;20,00000;0,84726
 96,19500; 5,88667;      -0,28748;99,91929;50,00000;20,00000;0,84727
 96,32300; 5,89333;      -0,29076;99,91760;50,00000;20,00000;0,84728
 96,44800; 5,90000;      -0,29408;99,91591;50,00000;20,00000;0,84729
 96,58100; 5,90667;      -0,29788;99,91372;50,00000;20,00000;0,84731
 96,71200; 5,91333;      -0,30200;99,91202;49,00000;20,00000;0,84732
 96,84100; 5,92000;      -0,30638;99,90981;49,00000;20,00000;0,84733
 96,97300; 5,92667;      -0,31112;99,90857;49,00000;20,00000;0,84734
 97,09700; 5,93333;      -0,31586;99,90683;51,00000;20,00000;0,84735
 97,22900; 5,94000;      -0,32069;99,90457;51,00000;20,00000;0,84737
 97,36500; 5,94667;      -0,32596;99,90281;50,00000;20,00000;0,84738
 97,50100; 5,95333;      -0,33136;99,90106;49,00000;20,00000;0,84739
 97,62300; 5,96000;      -0,33685;99,89982;50,00000;20,00000;0,84740
 97,75400; 5,96667;      -0,34314;99,89765;50,00000;20,00000;0,84741
 97,89500; 5,97333;      -0,34911;99,89552;50,00000;20,00000;0,84743
 98,01000; 5,98000;      -0,35549;99,89342;49,00000;20,00000;0,84744
 98,14300; 5,98667;      -0,36253;99,89034;51,00000;20,00000;0,84745
 98,26800; 5,99333;      -0,36922;99,88772;52,00000;20,00000;0,84746
 98,38700; 6,00000;      -0,37621;99,88360;52,00000;20,00000;0,84747
 98,52700; 6,00667;      -0,38334;99,87945;49,00000;20,00000;0,84748
 98,66000; 6,01333;      -0,39074;99,87576;49,00000;20,00000;0,84749
 98,79200; 6,02000;      -0,39862;99,87107;49,00000;20,00000;0,84751
 98,92100; 6,02667;      -0,40708;99,86542;50,00000;20,00000;0,84752
 99,05500; 6,03333;      -0,41558;99,84452;50,00000;20,00000;0,84753
 99,16900; 6,04000;      -0,42413;99,83939;50,00000;20,00000;0,84754
 99,31800; 6,04667;      -0,43267;99,83087;50,00000;20,00000;0,84755
 99,44100; 6,05333;      -0,44224;99,82435;49,00000;20,00000;0,84756
 99,56100; 6,06000;      -0,45255;99,81583;49,00000;20,00000;0,84757
 99,69000; 6,06667;      -0,46283;99,80928;51,00000;20,00000;0,84758
 99,82100; 6,07333;      -0,47341;99,80074;51,00000;20,00000;0,84760
 99,95200; 6,08000;      -0,48399;99,79072;52,00000;20,00000;0,84761
100,08600; 6,08667;      -0,49506;99,78415;52,00000;20,00000;0,84762
100,21400; 6,09333;      -0,50635;99,77563;50,00000;20,00000;0,84763
100,33100; 6,10000;      -0,51858;99,76466;49,00000;20,00000;0,84764
100,47500; 6,10667;      -0,53111;99,74875;49,00000;20,00000;0,84765
100,58300; 6,11333;      -0,54319;99,73924;51,00000;20,00000;0,84766
100,73200; 6,12000;      -0,55603;99,72430;51,00000;20,00000;0,84767
100,85500; 6,12667;      -0,56963;99,70789;52,00000;20,00000;0,84769
100,98500; 6,13333;      -0,58340;99,69250;52,00000;20,00000;0,84770
101,10800; 6,14000;      -0,59739;99,67369;52,00000;20,00000;0,84771
101,24900; 6,14667;      -0,61173;99,65343;49,00000;20,00000;0,84772
101,36500; 6,15333;      -0,62635;99,62579;49,00000;20,00000;0,84773
101,48500; 6,16000;      -0,64202;99,60458;50,00000;20,00000;0,84774
101,61600; 6,16667;      -0,65725;99,58188;50,00000;20,00000;0,84775
101,75100; 6,17333;      -0,67292;99,55621;50,00000;20,00000;0,84776
101,86800; 6,18000;      -0,68913;99,53152;50,00000;20,00000;0,84777
102,00300; 6,18667;      -0,70555;99,50337;49,00000;20,00000;0,84778
102,13100; 6,19333;      -0,72277;99,47817;49,00000;20,00000;0,84779
102,24700; 6,20000;      -0,73986;99,45151;51,00000;20,00000;0,84780
102,38000; 6,20667;      -0,75731;99,42435;51,00000;20,00000;0,84781
102,51100; 6,21333;      -0,77488;99,39469;52,00000;20,00000;0,84782
102,64000; 6,22000;      -0,79312;99,36650;50,00000;20,00000;0,84783
102,76700; 6,22667;      -0,81092;99,33781;49,00000;20,00000;0,84785
102,88500; 6,23333;      -0,82960;99,31059;50,00000;20,00000;0,84785
103,02700; 6,24000;      -0,84828;99,28091;49,00000;20,00000;0,84787
103,15800; 6,24667;      -0,86700;99,25569;49,00000;20,00000;0,84788
103,27800; 6,25333;      -0,88613;99,22657;51,00000;20,00000;0,84789
103,41200; 6,26000;      -0,90543;99,19894;51,00000;20,00000;0,84790
103,53400; 6,26667;      -0,92530;99,17182;52,00000;20,00000;0,84791
103,64300; 6,27333;      -0,94491;99,14420;52,00000;20,00000;0,84792
103,79400; 6,28000;      -0,96452;99,11559;49,00000;20,00000;0,84793
103,91800; 6,28667;      -0,98506;99,08847;49,00000;20,00000;0,84794
104,03500; 6,29333;      -1,00533;99,06136;50,00000;20,00000;0,84795
104,16500; 6,30000;      -1,02551;99,03427;50,00000;20,00000;0,84796
104,29500; 6,30667;      -1,04636;99,00472;50,00000;20,00000;0,84797
104,41000; 6,31333;      -1,06699;98,97663;50,00000;20,00000;0,84798
104,53400; 6,32000;      -1,08805;98,94557;49,00000;20,00000;0,84799
104,67600; 6,32667;      -1,10938;98,91547;50,00000;20,00000;0,84800
104,79100; 6,33333;      -1,13076;98,88438;50,00000;20,00000;0,84801
104,92300; 6,34000;      -1,15223;98,85378;50,00000;20,00000;0,84802
105,05000; 6,34667;      -1,17369;98,82223;50,00000;20,00000;0,84803
105,17800; 6,35333;      -1,19551;98,78971;50,00000;20,00000;0,84804
105,30300; 6,36000;      -1,21746;98,75574;49,00000;20,00000;0,84805
105,42300; 6,36667;      -1,23989;98,72522;49,00000;20,00000;0,84806
105,54900; 6,37333;      -1,26229;98,68977;49,00000;20,00000;0,84807
105,67200; 6,38000;      -1,28503;98,65678;49,00000;20,00000;0,84808
105,80500; 6,38667;      -1,30791;98,62231;49,00000;20,00000;0,84809
105,92600; 6,39333;      -1,33079;98,58786;50,00000;20,00000;0,84810
106,05900; 6,40000;      -1,35384;98,55195;50,00000;20,00000;0,84811
106,16600; 6,40667;      -1,37694;98,51900;50,00000;20,00000;0,84811
106,30200; 6,41333;      -1,40008;98,48014;49,00000;20,00000;0,84813
106,42500; 6,42000;      -1,42389;98,44521;49,00000;20,00000;0,84813
106,54400; 6,42667;      -1,44774;98,40633;50,00000;20,00000;0,84814
106,67000; 6,43333;      -1,47172;98,36843;50,00000;20,00000;0,84815
106,80500; 6,44000;      -1,49579;98,33052;50,00000;20,00000;0,84816
106,91800; 6,44667;      -1,52017;98,29460;52,00000;20,00000;0,84817
107,04800; 6,45333;      -1,54451;98,25377;49,00000;20,00000;0,84818
107,16900; 6,46000;      -1,56871;98,21642;49,00000;20,00000;0,84819
107,30300; 6,46667;      -1,59282;98,17960;50,00000;20,00000;0,84820
107,41800; 6,47333;      -1,61742;98,14231;50,00000;20,00000;0,84821
107,53000; 6,48000;      -1,64202;98,10158;50,00000;20,00000;0,84822
107,65800; 6,48667;      -1,66640;98,06378;50,00000;20,00000;0,84823
107,77600; 6,49333;      -1,69068;98,02300;50,00000;20,00000;0,84824
107,90800; 6,50000;      -1,71515;97,98514;49,00000;20,00000;0,84825
108,01900; 6,50667;      -1,73957;97,94430;49,00000;20,00000;0,84825
108,15500; 6,51333;      -1,76421;97,90642;51,00000;20,00000;0,84826
108,27800; 6,52000;      -1,78889;97,86560;51,00000;20,00000;0,84827
108,40000; 6,52667;      -1,81291;97,82579;52,00000;20,00000;0,84828
108,52600; 6,53333;      -1,83689;97,78501;52,00000;20,00000;0,84829
108,63700; 6,54000;      -1,86095;97,74474;49,00000;20,00000;0,84830
108,76400; 6,54667;      -1,88484;97,70349;50,00000;20,00000;0,84831
108,89200; 6,55333;      -1,90854;97,66126;50,00000;20,00000;0,84832
109,00400; 6,56000;      -1,93194;97,62002;51,00000;20,00000;0,84832
109,13600; 6,56667;      -1,95499;97,57779;51,00000;20,00000;0,84833
109,24500; 6,57333;      -1,97803;97,53654;51,00000;20,00000;0,84834
109,36700; 6,58000;      -2,00072;97,49379;52,00000;20,00000;0,84835
109,50200; 6,58667;      -2,02380;97,44855;49,00000;20,00000;0,84836
109,61200; 6,59333;      -2,04685;97,40773;49,00000;20,00000;0,84837
109,74200; 6,60000;      -2,06913;97,36445;49,00000;20,00000;0,84838
109,86600; 6,60667;      -2,09129;97,32168;50,00000;20,00000;0,84839
109,98600; 6,61333;      -2,11358;97,27645;50,00000;20,00000;0,84839
110,11100; 6,62000;      -2,13564;97,23321;50,00000;20,00000;0,84840
110,22700; 6,62667;      -2,15745;97,18507;50,00000;20,00000;0,84841
110,35100; 6,63333;      -2,17925;97,14038;49,00000;20,00000;0,84842
110,47300; 6,64000;      -2,20078;97,09422;49,00000;20,00000;0,84843
110,59100; 6,64667;      -2,22187;97,04068;51,00000;20,00000;0,84844
110,71700; 6,65333;      -2,24274;96,99550;51,00000;20,00000;0,84845
110,82600; 6,66000;      -2,26339;96,94045;51,00000;20,00000;0,84845
110,95300; 6,66667;      -2,28417;96,89130;51,00000;20,00000;0,84846
111,07900; 6,67333;      -2,30491;96,84117;49,00000;20,00000;0,84847
111,19800; 6,68000;      -2,32551;96,79843;49,00000;20,00000;0,84848
111,32500; 6,68667;      -2,34624;96,74782;49,00000;20,00000;0,84849
111,43900; 6,69333;      -2,36654;96,69969;51,00000;20,00000;0,84849
111,55500; 6,70000;      -2,38665;96,64959;52,00000;20,00000;0,84850
111,67900; 6,70667;      -2,40646;96,60587;49,00000;20,00000;0,84851
111,80100; 6,71333;      -2,42639;96,55967;49,00000;20,00000;0,84852
111,91900; 6,72000;      -2,44611;96,50805;49,00000;20,00000;0,84853
112,05200; 6,72667;      -2,46547;96,45693;49,00000;20,00000;0,84854
112,16000; 6,73333;      -2,48474;96,41074;50,00000;20,00000;0,84854
112,28600; 6,74000;      -2,50401;96,36064;50,00000;20,00000;0,84855
112,40800; 6,74667;      -2,52333;96,30956;50,00000;20,00000;0,84856
112,52700; 6,75333;      -2,54247;96,25946;49,00000;20,00000;0,84857
112,63900; 6,76000;      -2,56126;96,20984;49,00000;20,00000;0,84857
112,76000; 6,76667;      -2,58017;96,15676;51,00000;20,00000;0,84858
112,88900; 6,77333;      -2,59922;96,10760;51,00000;20,00000;0,84859
113,01100; 6,78000;      -2,61800;96,05696;51,00000;20,00000;0,84860
113,12400; 6,78667;      -2,63644;96,00484;52,00000;20,00000;0,84861
113,24500; 6,79333;      -2,65482;95,95371;49,00000;20,00000;0,84861
113,37700; 6,80000;      -2,67307;95,90161;49,00000;20,00000;0,84862
113,48700; 6,80667;      -2,69146;95,85048;49,00000;20,00000;0,84863
113,60700; 6,81333;      -2,70918;95,80083;49,00000;20,00000;0,84864
113,72800; 6,82000;      -2,72703;95,74724;51,00000;20,00000;0,84864
113,85500; 6,82667;      -2,74497;95,69514;51,00000;20,00000;0,84865
113,97700; 6,83333;      -2,76295;95,64405;49,00000;20,00000;0,84866
114,09000; 6,84000;      -2,78081;95,59198;51,00000;20,00000;0,84867
114,20500; 6,84667;      -2,79857;95,53795;49,00000;20,00000;0,84868
114,32400; 6,85333;      -2,81620;95,48737;49,00000;20,00000;0,84868
114,45200; 6,86000;      -2,83366;95,43285;50,00000;20,00000;0,84869
114,57100; 6,86667;      -2,85084;95,38081;50,00000;20,00000;0,84870
114,68100; 6,87333;      -2,86781;95,32681;49,00000;20,00000;0,84871
114,80500; 6,88000;      -2,88478;95,27626;49,00000;20,00000;0,84871
114,91600; 6,88667;      -2,90188;95,21929;49,00000;20,00000;0,84872
115,03600; 6,89333;      -2,91880;95,16820;49,00000;20,00000;0,84873
115,15200; 6,90000;      -2,93568;95,11119;49,00000;20,00000;0,84873
115,27900; 6,90667;      -2,95251;95,05713;50,00000;20,00000;0,84874
115,40400; 6,91333;      -2,96903;95,00160;50,00000;20,00000;0,84875
115,51600; 6,92000;      -2,98515;94,94706;50,00000;20,00000;0,84876
115,63200; 6,92667;      -3,00079;94,89252;49,00000;20,00000;0,84876
115,74600; 6,93333;      -3,01687;94,83895;49,00000;20,00000;0,84877
115,86700; 6,94000;      -3,03286;94,78437;50,00000;20,00000;0,84878
115,99500; 6,94667;      -3,04885;94,73076;51,00000;20,00000;0,84879
116,11800; 6,95333;      -3,06484;94,67372;51,00000;20,00000;0,84879
116,23400; 6,96000;      -3,08021;94,61867;50,00000;20,00000;0,84880
116,34300; 6,96667;      -3,09541;94,56313;50,00000;20,00000;0,84881
116,47200; 6,97333;      -3,11051;94,50956;49,00000;20,00000;0,84881
116,58200; 6,98000;      -3,12540;94,45254;49,00000;20,00000;0,84882
116,71300; 6,98667;      -3,14024;94,39847;50,00000;20,00000;0,84883
116,82500; 6,99333;      -3,15494;94,34292;50,00000;20,00000;0,84883
116,93900; 7,00000;      -3,16956;94,28834;50,00000;20,00000;0,84884
117,06400; 7,00667;      -3,18405;94,23376;50,00000;20,00000;0,84885
117,18300; 7,01333;      -3,19849;94,17770;49,00000;20,00000;0,84886
117,30400; 7,02000;      -3,21297;94,12164;49,00000;20,00000;0,84886
117,42100; 7,02667;      -3,22679;94,06706;50,00000;20,00000;0,84887
117,53800; 7,03333;      -3,24017;94,01247;50,00000;20,00000;0,84888
117,65800; 7,04000;      -3,25412;93,95642;50,00000;20,00000;0,84888
117,78000; 7,04667;      -3,26817;93,90036;49,00000;20,00000;0,84889
117,90100; 7,05333;      -3,28185;93,84579;49,00000;20,00000;0,84890
118,01100; 7,06000;      -3,29528;93,78728;49,00000;20,00000;0,84890
118,13800; 7,06667;      -3,30879;93,73270;51,00000;20,00000;0,84891
118,24900; 7,07333;      -3,32225;93,67417;51,00000;20,00000;0,84892
118,36900; 7,08000;      -3,33563;93,61957;51,00000;20,00000;0,84892
118,49400; 7,08667;      -3,34892;93,56101;51,00000;20,00000;0,84893
118,61200; 7,09333;      -3,36216;93,50638;49,00000;20,00000;0,84894
118,72700; 7,10000;      -3,37532;93,45174;49,00000;20,00000;0,84894
118,85100; 7,10667;      -3,38817;93,39415;50,00000;20,00000;0,84895
118,97800; 7,11333;      -3,40106;93,33856;50,00000;20,00000;0,84896
119,08900; 7,12000;      -3,41328;93,28102;49,00000;20,00000;0,84896
119,21600; 7,12667;      -3,42586;93,22549;49,00000;20,00000;0,84897
119,32500; 7,13333;      -3,43853;93,16801;51,00000;20,00000;0,84898
119,44100; 7,14000;      -3,45098;93,11249;49,00000;20,00000;0,84898
119,55500; 7,14667;      -3,46343;93,05498;50,00000;20,00000;0,84899
119,67300; 7,15333;      -3,47566;92,99940;50,00000;20,00000;0,84899
119,79500; 7,16000;      -3,48788;92,94183;49,00000;20,00000;0,84900
119,92100; 7,16667;      -3,50015;92,88228;49,00000;20,00000;0,84901
120,03700; 7,17333;      -3,51207;92,82765;49,00000;20,00000;0,84901
120,15300; 7,18000;      -3,52394;92,76909;49,00000;20,00000;0,84902
120,27200; 7,18667;      -3,53568;92,71055;51,00000;20,00000;0,84903
120,39500; 7,19333;      -3,54733;92,65104;51,00000;20,00000;0,84903
120,52000; 7,20000;      -3,55871;92,59648;49,00000;20,00000;0,84904
120,62300; 7,20667;      -3,57015;92,53797;49,00000;20,00000;0,84905
120,73900; 7,21333;      -3,58158;92,47944;50,00000;20,00000;0,84905
120,85700; 7,22000;      -3,59274;92,42383;50,00000;20,00000;0,84906
120,99100; 7,22667;      -3,60417;92,36623;50,00000;20,00000;0,84906
121,09700; 7,23333;      -3,61556;92,30517;50,00000;20,00000;0,84907
121,22400; 7,24000;      -3,62681;92,23573;49,00000;20,00000;0,84908
121,34600; 7,24667;      -3,63788;92,17468;49,00000;20,00000;0,84908
121,45900; 7,25333;      -3,64891;92,11906;49,00000;20,00000;0,84909
121,58800; 7,26000;      -3,65994;92,06397;50,00000;20,00000;0,84909
121,70500; 7,26667;      -3,67093;92,00105;50,00000;20,00000;0,84910
121,81500; 7,27333;      -3,68183;91,94208;50,00000;20,00000;0,84911
121,93000; 7,28000;      -3,69286;91,88508;49,00000;20,00000;0,84911
122,04000; 7,28667;      -3,70363;91,82411;49,00000;20,00000;0,84912
122,16100; 7,29333;      -3,71439;91,76704;49,00000;20,00000;0,84912
122,28400; 7,30000;      -3,72503;91,70651;51,00000;20,00000;0,84913
122,41500; 7,30667;      -3,73566;91,65384;51,00000;20,00000;0,84914
122,51300; 7,31333;      -3,74656;91,59032;51,00000;20,00000;0,84914
122,63700; 7,32000;      -3,75737;91,53566;49,00000;20,00000;0,84915
122,76200; 7,32667;      -3,76804;91,47460;49,00000;20,00000;0,84915
122,88300; 7,33333;      -3,77867;91,41746;50,00000;20,00000;0,84916
122,99800; 7,34000;      -3,78922;91,35640;50,00000;20,00000;0,84916
123,12400; 7,34667;      -3,79950;91,29930;50,00000;20,00000;0,84917
123,23800; 7,35333;      -3,80991;91,23827;50,00000;20,00000;0,84918
123,35600; 7,36000;      -3,82041;91,18118;50,00000;20,00000;0,84918
123,47300; 7,36667;      -3,83078;91,11769;49,00000;20,00000;0,84919
123,59000; 7,37333;      -3,84097;91,06254;50,00000;20,00000;0,84919
123,71000; 7,38000;      -3,85138;90,99754;50,00000;20,00000;0,84920
123,83100; 7,38667;      -3,86161;90,94040;50,00000;20,00000;0,84920
123,95800; 7,39333;      -3,87153;90,87884;50,00000;20,00000;0,84921
124,06700; 7,40000;      -3,88146;90,82171;50,00000;20,00000;0,84922
124,19000; 7,40667;      -3,89152;90,75817;49,00000;20,00000;0,84922
124,30900; 7,41333;      -3,90149;90,69905;49,00000;20,00000;0,84923
124,42500; 7,42000;      -3,91128;90,63499;51,00000;20,00000;0,84923
124,55100; 7,42667;      -3,92107;90,57733;51,00000;20,00000;0,84924
124,67000; 7,43333;      -3,93082;90,51180;51,00000;20,00000;0,84924
124,79000; 7,44000;      -3,94056;90,45417;51,00000;20,00000;0,84925
124,92500; 7,44667;      -3,95035;90,38872;49,00000;20,00000;0,84925
125,02900; 7,45333;      -3,95962;90,32967;49,00000;20,00000;0,84926
125,13400; 7,46000;      -3,96875;90,26570;50,00000;20,00000;0,84926
125,24900; 7,46667;      -3,97783;90,20662;50,00000;20,00000;0,84927
125,39000; 7,47333;      -3,98674;90,14260;50,00000;20,00000;0,84928
125,50000; 7,48000;      -3,99591;90,08350;50,00000;20,00000;0,84928
125,62700; 7,48667;      -4,00490;90,01949;49,00000;20,00000;0,84929
125,73300; 7,49333;      -4,01333;89,96043;50,00000;20,00000;0,84929
125,85600; 7,50000;      -4,02223;89,89645;50,00000;20,00000;0,84930
125,97500; 7,50667;      -4,03119;89,83739;50,00000;20,00000;0,84930
126,09000; 7,51333;      -4,03978;89,77340;50,00000;20,00000;0,84931
126,20800; 7,52000;      -4,04781;89,71431;50,00000;20,00000;0,84931
126,32100; 7,52667;      -4,05588;89,65029;49,00000;20,00000;0,84932
126,45100; 7,53333;      -4,06425;89,59117;49,00000;20,00000;0,84932
126,56600; 7,54000;      -4,07250;89,52713;51,00000;20,00000;0,84933
126,68800; 7,54667;      -4,08021;89,46803;51,00000;20,00000;0,84933
126,80900; 7,55333;      -4,08757;89,40400;52,00000;20,00000;0,84934
126,92200; 7,56000;      -4,09506;89,34489;52,00000;20,00000;0,84934
127,03300; 7,56667;      -4,10256;89,28083;49,00000;20,00000;0,84935
127,16200; 7,57333;      -4,10983;89,22611;49,00000;20,00000;0,84935
127,28500; 7,58000;      -4,11701;89,16498;50,00000;20,00000;0,84936
127,40900; 7,58667;      -4,12370;89,10829;50,00000;20,00000;0,84936
127,52400; 7,59333;      -4,13049;89,05111;50,00000;20,00000;0,84937
127,64600; 7,60000;      -4,13701;88,99739;50,00000;20,00000;0,84937
127,76100; 7,60667;      -4,14335;88,93879;49,00000;20,00000;0,84938
127,87700; 7,61333;      -4,14965;88,88610;50,00000;20,00000;0,84938
127,99700; 7,62000;      -4,15560;88,82551;50,00000;20,00000;0,84939
128,12199; 7,62667;      -4,16115;88,76983;50,00000;20,00000;0,84939
128,23801; 7,63333;      -4,16661;88,70429;50,00000;20,00000;0,84939
128,35500; 7,64000;      -4,17207;88,64466;50,00000;20,00000;0,84940
128,47200; 7,64667;      -4,17735;88,57616;49,00000;20,00000;0,84940
128,60699; 7,65333;      -4,18254;88,51356;49,00000;20,00000;0,84941
128,71500; 7,66000;      -4,18698;88,44308;49,00000;20,00000;0,84941
128,83299; 7,66667;      -4,19147;88,37605;49,00000;20,00000;0,84942
128,96300; 7,67333;      -4,19556;88,30555;50,00000;20,00000;0,84942
129,07300; 7,68000;      -4,19960;88,24244;50,00000;20,00000;0,84943
129,20399; 7,68667;      -4,20325;88,17247;50,00000;20,00000;0,84943
129,32201; 7,69333;      -4,20681;88,11234;50,00000;20,00000;0,84944
129,43600; 7,70000;      -4,21015;88,04382;50,00000;20,00000;0,84944
129,55299; 7,70667;      -4,21340;87,98417;49,00000;20,00000;0,84945
129,68700; 7,71333;      -4,21620;87,91860;49,00000;20,00000;0,84945
129,80000; 7,72000;      -4,21923;87,86090;51,00000;20,00000;0,84945
129,91901; 7,72667;      -4,22199;87,79533;52,00000;20,00000;0,84946
130,04300; 7,73333;      -4,22378;87,73764;52,00000;20,00000;0,84946
130,16299; 7,74000;      -4,22566;87,67208;49,00000;20,00000;0,84947
130,28500; 7,74667;      -4,22763;87,61489;49,00000;20,00000;0,84947
130,40199; 7,75333;      -4,22933;87,53260;50,00000;20,00000;0,84948
130,52100; 7,76000;      -4,23086;87,48179;50,00000;20,00000;0,84948
130,63699; 7,76667;      -4,23150;87,41226;50,00000;20,00000;0,84948
130,76500; 7,77333;      -4,23197;87,36979;50,00000;20,00000;0,84949
130,89600; 7,78000;      -4,23256;87,29434;49,00000;20,00000;0,84949
131,00101; 7,78667;      -4,23303;87,24103;49,00000;20,00000;0,84950
131,13499; 7,79333;      -4,23323;87,17839;49,00000;20,00000;0,84950
131,25301; 7,80000;      -4,23334;87,11923;49,00000;20,00000;0,84951
131,36600; 7,80667;      -4,23310;87,05416;50,00000;20,00000;0,84951
131,49001; 7,81333;      -4,23255;86,99793;50,00000;20,00000;0,84951
131,61000; 7,82000;      -4,23195;86,93481;50,00000;20,00000;0,84952
131,73300; 7,82667;      -4,23030;86,88448;50,00000;20,00000;0,84952
131,86000; 7,83333;      -4,22877;86,82333;49,00000;20,00000;0,84953
131,97701; 7,84000;      -4,22707;86,76761;49,00000;20,00000;0,84953
132,08900; 7,84667;      -4,22511;86,70943;51,00000;20,00000;0,84953
132,22200; 7,85333;      -4,22248;86,65321;51,00000;20,00000;0,84954
132,32700; 7,86000;      -4,22008;86,59256;52,00000;20,00000;0,84954
132,46201; 7,86667;      -4,21731;86,53928;52,00000;20,00000;0,84955
132,57800; 7,87333;      -4,21425;86,47910;52,00000;20,00000;0,84955
132,69600; 7,88000;      -4,21104;86,42584;49,00000;20,00000;0,84955
132,81900; 7,88667;      -4,20775;86,36568;49,00000;20,00000;0,84956
132,94501; 7,89333;      -4,20384;86,31241;50,00000;20,00000;0,84956
133,05800; 7,90000;      -4,20011;86,25518;50,00000;20,00000;0,84957
133,17999; 7,90667;      -4,19625;86,20042;50,00000;20,00000;0,84957
133,30400; 7,91333;      -4,19163;86,14367;50,00000;20,00000;0,84957
133,42599; 7,92000;      -4,18710;86,09036;49,00000;20,00000;0,84958
133,55000; 7,92667;      -4,18236;86,03016;49,00000;20,00000;0,84958
133,66701; 7,93333;      -4,17703;85,97831;49,00000;20,00000;0,84958
133,78900; 7,94000;      -4,17176;85,92154;49,00000;20,00000;0,84959
133,91800; 7,94667;      -4,16665;85,86969;50,00000;20,00000;0,84959
134,03900; 7,95333;      -4,16120;85,81292;50,00000;20,00000;0,84960
134,15700; 7,96000;      -4,15557;85,76354;50,00000;20,00000;0,84960
134,28600; 7,96667;      -4,14980;85,70827;49,00000;20,00000;0,84960
134,40300; 7,97333;      -4,14316;85,65743;49,00000;20,00000;0,84961
134,52499; 7,98000;      -4,13669;85,60067;49,00000;20,00000;0,84961
134,64500; 7,98667;      -4,12946;85,55129;51,00000;20,00000;0,84961
134,76900; 7,99333;      -4,12238;85,49601;51,00000;20,00000;0,84962
134,88499; 8,00000;      -4,11533;85,44516;52,00000;20,00000;0,84962
135,02299; 8,00667;      -4,10837;85,39233;52,00000;20,00000;0,84962
135,13901; 8,01333;      -4,10084;85,34149;49,00000;20,00000;0,84963
135,26300; 8,02000;      -4,09322;85,28867;49,00000;20,00000;0,84963
135,37199; 8,02667;      -4,08578;85,24176;50,00000;20,00000;0,84963
135,49899; 8,03333;      -4,07799;85,18990;50,00000;20,00000;0,84964
135,63200; 8,04000;      -4,07001;85,14295;50,00000;20,00000;0,84964
135,74400; 8,04667;      -4,06187;85,09107;50,00000;20,00000;0,84964
135,87500; 8,05333;      -4,05359;85,04409;50,00000;20,00000;0,84965
136,00200; 8,06000;      -4,04446;84,99317;50,00000;20,00000;0,84965
136,12300; 8,06667;      -4,03530;84,94716;49,00000;20,00000;0,84965
136,23700; 8,07333;      -4,02596;84,89822;49,00000;20,00000;0,84966
136,37700; 8,08000;      -4,01671;84,85124;50,00000;20,00000;0,84966
136,50301; 8,08667;      -4,00754;84,80032;50,00000;20,00000;0,84966
136,61900; 8,09333;      -3,99825;84,75433;50,00000;20,00000;0,84967
136,74100; 8,10000;      -3,98886;84,70540;50,00000;20,00000;0,84967
136,87500; 8,10667;      -3,97881;84,65943;49,00000;20,00000;0,84967
136,99800; 8,11333;      -3,96868;84,61099;49,00000;20,00000;0,84968
137,10899; 8,12000;      -3,95832;84,56549;50,00000;20,00000;0,84968
137,23801; 8,12667;      -3,94761;84,51702;50,00000;20,00000;0,84968
137,36700; 8,13333;      -3,93681;84,47051;51,00000;20,00000;0,84969
137,49800; 8,14000;      -3,92601;84,42253;51,00000;20,00000;0,84969
137,62199; 8,14667;      -3,91477;84,37654;49,00000;20,00000;0,84969
137,74600; 8,15333;      -3,90358;84,32860;50,00000;20,00000;0,84969
137,86501; 8,16000;      -3,89243;84,28363;50,00000;20,00000;0,84970
137,98801; 8,16667;      -3,88101;84,23669;50,00000;20,00000;0,84970
138,10800; 8,17333;      -3,86876;84,19465;49,00000;20,00000;0,84970
138,24001; 8,18000;      -3,85668;84,14767;51,00000;20,00000;0,84971
138,36200; 8,18667;      -3,84464;84,10563;52,00000;20,00000;0,84971
138,48700; 8,19333;      -3,83252;84,06259;52,00000;20,00000;0,84971
138,60699; 8,20000;      -3,81978;84,02150;49,00000;20,00000;0,84971
138,74500; 8,20667;      -3,80686;83,97843;49,00000;20,00000;0,84972
138,86301; 8,21333;      -3,79381;83,93734;50,00000;20,00000;0,84972
138,99001; 8,22000;      -3,78023;83,89428;50,00000;20,00000;0,84972
139,11700; 8,22667;      -3,76661;83,85321;50,00000;20,00000;0,84973
139,24899; 8,23333;      -3,75312;83,81018;50,00000;20,00000;0,84973
139,36099; 8,24000;      -3,73936;83,76912;49,00000;20,00000;0,84973
139,48500; 8,24667;      -3,72477;83,72608;49,00000;20,00000;0,84973
139,61099; 8,25333;      -3,71061;83,68894;49,00000;20,00000;0,84974
139,74800; 8,26000;      -3,69597;83,64687;49,00000;20,00000;0,84974
139,86900; 8,26667;      -3,68138;83,60976;50,00000;20,00000;0,84974
139,99100; 8,27333;      -3,66674;83,56772;50,00000;20,00000;0,84974
140,10600; 8,28000;      -3,65153;83,53207;50,00000;20,00000;0,84975
140,24500; 8,28667;      -3,63530;83,49344;50,00000;20,00000;0,84975
140,36400; 8,29333;      -3,61977;83,45628;50,00000;20,00000;0,84975
140,49200; 8,30000;      -3,60421;83,41813;49,00000;20,00000;0,84975
140,62801; 8,30667;      -3,58829;83,38294;51,00000;20,00000;0,84976
140,74200; 8,31333;      -3,57202;83,34480;51,00000;20,00000;0,84976
140,87900; 8,32000;      -3,55508;83,30912;51,00000;20,00000;0,84976
140,99100; 8,32667;      -3,53801;83,27146;52,00000;20,00000;0,84976
141,12300; 8,33333;      -3,52099;83,23921;52,00000;20,00000;0,84976
141,25700; 8,34000;      -3,50370;83,20203;49,00000;20,00000;0,84977
141,38000; 8,34667;      -3,48588;83,16878;49,00000;20,00000;0,84977
141,50700; 8,35333;      -3,46775;83,12372;50,00000;20,00000;0,84977
141,63600; 8,36000;      -3,44962;83,09145;50,00000;20,00000;0,84977
141,76199; 8,36667;      -3,43097;83,05965;50,00000;20,00000;0,84978
141,88400; 8,37333;      -3,41196;83,02687;50,00000;20,00000;0,84978
142,02901; 8,38000;      -3,39299;82,99363;49,00000;20,00000;0,84978
142,14799; 8,38667;      -3,37393;82,96236;49,00000;20,00000;0,84978
142,27600; 8,39333;      -3,35457;82,93059;50,00000;20,00000;0,84978
142,39999; 8,40000;      -3,33454;82,90226;50,00000;20,00000;0,84979
142,52200; 8,40667;      -3,31474;82,87097;51,00000;20,00000;0,84979
142,66499; 8,41333;      -3,29453;82,84117;50,00000;20,00000;0,84979
142,79800; 8,42000;      -3,27402;82,81137;50,00000;20,00000;0,84979
142,91299; 8,42667;      -3,25351;82,78304;49,00000;20,00000;0,84979
143,03600; 8,43333;      -3,23286;82,75420;49,00000;20,00000;0,84980
143,16000; 8,44000;      -3,21151;82,72683;49,00000;20,00000;0,84980
143,31100; 8,44667;      -3,18998;82,69943;51,00000;20,00000;0,84980
143,43900; 8,45333;      -3,16850;82,67203;51,00000;20,00000;0,84980
143,55701; 8,46000;      -3,14640;82,64514;52,00000;20,00000;0,84980
143,69000; 8,46667;      -3,12447;82,62170;52,00000;20,00000;0,84981
143,81700; 8,47333;      -3,10255;82,59233;49,00000;20,00000;0,84981
143,95500; 8,48000;      -3,08049;82,56689;49,00000;20,00000;0,84981
144,08600; 8,48667;      -3,05786;82,54490;50,00000;20,00000;0,84981
144,22200; 8,49333;      -3,03492;82,52199;50,00000;20,00000;0,84981
144,33900; 8,50000;      -3,01162;82,49713;50,00000;20,00000;0,84981
144,46300; 8,50667;      -2,98820;82,47521;50,00000;20,00000;0,84982
144,59900; 8,51333;      -2,96459;82,45524;50,00000;20,00000;0,84982
144,71899; 8,52000;      -2,94139;82,43527;49,00000;20,00000;0,84982
144,86501; 8,52667;      -2,91778;82,41530;49,00000;20,00000;0,84982
144,99200; 8,53333;      -2,89370;82,39977;50,00000;20,00000;0,84982
145,11099; 8,54000;      -2,86983;82,38474;50,00000;20,00000;0,84982
145,24001; 8,54667;      -2,84592;82,36971;50,00000;20,00000;0,84982
145,37199; 8,55333;      -2,82170;82,35469;50,00000;20,00000;0,84983
145,50400; 8,56000;      -2,79721;82,34161;49,00000;20,00000;0,84983
145,62700; 8,56667;      -2,77273;82,32461;49,00000;20,00000;0,84983
145,76199; 8,57333;      -2,74797;82,30518;49,00000;20,00000;0,84983
145,88901; 8,58000;      -2,72291;82,28526;50,00000;20,00000;0,84983
146,00700; 8,58667;      -2,69794;82,26482;51,00000;20,00000;0,84983
146,13800; 8,59333;      -2,67280;82,24092;51,00000;20,00000;0,84983
146,27800; 8,60000;      -2,64743;82,21748;51,00000;20,00000;0,84983
146,39799; 8,60667;      -2,62219;82,19550;51,00000;20,00000;0,84984
146,54201; 8,61333;      -2,59651;82,17253;49,00000;20,00000;0,84984
146,66499; 8,62000;      -2,57084;82,15102;49,00000;20,00000;0,84984
146,80099; 8,62667;      -2,54525;82,13492;50,00000;20,00000;0,84984
146,93100; 8,63333;      -2,51953;82,11537;50,00000;20,00000;0,84984
147,06500; 8,64000;      -2,49345;82,09976;50,00000;20,00000;0,84984
147,20300; 8,64667;      -2,46702;82,08316;49,00000;20,00000;0,84984
147,32500; 8,65333;      -2,44077;82,06953;49,00000;20,00000;0,84984
147,47099; 8,66000;      -2,41439;82,05690;50,00000;20,00000;0,84984
147,60699; 8,66667;      -2,38748;82,04234;50,00000;20,00000;0,84985
147,71600; 8,67333;      -2,36047;82,03269;50,00000;20,00000;0,84985
147,86501; 8,68000;      -2,33360;82,02404;50,00000;20,00000;0,84985
147,98000; 8,68667;      -2,30669;82,01197;49,00000;20,00000;0,84985
148,10899; 8,69333;      -2,27973;82,00380;49,00000;20,00000;0,84985
148,24699; 8,70000;      -2,25238;81,99413;49,00000;20,00000;0,84985
148,38499; 8,70667;      -2,22533;81,98395;49,00000;20,00000;0,84985
148,51900; 8,71333;      -2,19820;81,97622;51,00000;20,00000;0,84985
148,64101; 8,72000;      -2,17080;81,97096;51,00000;20,00000;0,84985
148,78200; 8,72667;      -2,14345;81,96571;51,00000;20,00000;0,84985
148,92000; 8,73333;      -2,11609;81,95801;51,00000;20,00000;0,84985
149,04800; 8,74000;      -2,08856;81,94932;51,00000;20,00000;0,84985
149,16901; 8,74667;      -2,06116;81,94752;49,00000;20,00000;0,84985
149,31200; 8,75333;      -2,03372;81,94521;49,00000;20,00000;0,84986
149,44400; 8,76000;      -2,00637;81,93798;50,00000;20,00000;0,84986
149,58000; 8,76667;      -1,97941;81,93030;51,00000;20,00000;0,84986
149,71800; 8,77333;      -1,95250;81,92754;52,00000;20,00000;0,84986
149,83600; 8,78000;      -1,92585;81,92379;52,00000;20,00000;0,84986
149,97400; 8,78667;      -1,89912;81,92003;49,00000;20,00000;0,84986
150,10100; 8,79333;      -1,87256;81,91773;49,00000;20,00000;0,84986
150,24699; 8,80000;      -1,84609;81,91542;50,00000;20,00000;0,84986
150,37000; 8,80667;      -1,81998;81,91065;50,00000;20,00000;0,84986
150,51900; 8,81333;      -1,79404;81,90491;50,00000;20,00000;0,84986
150,64799; 8,82000;      -1,76836;81,90017;50,00000;20,00000;0,84986
150,77000; 8,82667;      -1,74317;81,89936;49,00000;20,00000;0,84986
150,90401; 8,83333;      -1,71768;81,89855;49,00000;20,00000;0,84986
151,04300; 8,84000;      -1,69240;81,89625;49,00000;20,00000;0,84986
151,18600; 8,84667;      -1,66730;81,89346;49,00000;20,00000;0,84986
151,30600; 8,85333;      -1,64282;81,88969;50,00000;20,00000;0,84986
151,44299; 8,86000;      -1,61790;81,88742;50,00000;20,00000;0,84986
151,58600; 8,86667;      -1,59395;81,88465;50,00000;20,00000;0,84986
151,71899; 8,87333;      -1,56982;81,88189;49,00000;20,00000;0,84986
151,83099; 8,88000;      -1,54565;81,87621;49,00000;20,00000;0,84986
151,97800; 8,88667;      -1,52219;81,87052;49,00000;20,00000;0,84986
152,09900; 8,89333;      -1,49864;81,86726;51,00000;20,00000;0,84986
152,24100; 8,90000;      -1,47513;81,86646;51,00000;20,00000;0,84986
152,38300; 8,90667;      -1,45206;81,86616;52,00000;20,00000;0,84986
152,51900; 8,91333;      -1,42957;81,86587;52,00000;20,00000;0,84986
152,63800; 8,92000;      -1,40717;81,86412;49,00000;20,00000;0,84986
152,76900; 8,92667;      -1,38472;81,86237;49,00000;20,00000;0,84986
152,91000; 8,93333;      -1,36254;81,86013;50,00000;20,00000;0,84986
153,03999; 8,94000;      -1,34067;81,85787;50,00000;20,00000;0,84986
153,17101; 8,94667;      -1,31928;81,85608;50,00000;20,00000;0,84986
153,30600; 8,95333;      -1,29798;81,85379;50,00000;20,00000;0,84986
153,44600; 8,96000;      -1,27739;81,85153;49,00000;20,00000;0,84986
153,57401; 8,96667;      -1,25623;81,84975;49,00000;20,00000;0,84986
153,71201; 8,97333;      -1,23577;81,84597;50,00000;20,00000;0,84986
153,84399; 8,98000;      -1,21513;81,84368;50,00000;20,00000;0,84986
153,98300; 8,98667;      -1,19511;81,84138;52,00000;20,00000;0,84986
154,12399; 8,99333;      -1,17576;81,84007;49,00000;20,00000;0,84986
154,25000; 9,00000;      -1,15614;81,83878;49,00000;20,00000;0,84986
154,39000; 9,00667;      -1,13666;81,83701;50,00000;20,00000;0,84985
154,52299; 9,01333;      -1,11743;81,83524;49,00000;20,00000;0,84985
154,65199; 9,02000;      -1,09866;81,83399;49,00000;20,00000;0,84985
154,79300; 9,02667;      -1,07996;81,83275;51,00000;20,00000;0,84985
154,92500; 9,03333;      -1,06158;81,83153;51,00000;20,00000;0,84985
155,05701; 9,04000;      -1,04307;81,82983;51,00000;20,00000;0,84985
155,17700; 9,04667;      -1,02482;81,82812;51,00000;20,00000;0,84985
155,31400; 9,05333;      -1,00750;81,82639;49,00000;20,00000;0,84985
155,45000; 9,06000;      -0,99066;81,82464;49,00000;20,00000;0,84985
155,58400; 9,06667;      -0,97325;81,82288;49,00000;20,00000;0,84985
155,71600; 9,07333;      -0,95589;81,82164;50,00000;20,00000;0,84985
155,85100; 9,08000;      -0,93883;81,81843;50,00000;20,00000;0,84985
155,99300; 9,08667;      -0,92218;81,81619;50,00000;20,00000;0,84985
156,11900; 9,09333;      -0,90574;81,81347;50,00000;20,00000;0,84984
156,25400; 9,10000;      -0,88935;81,81124;49,00000;20,00000;0,84984
156,37700; 9,10667;      -0,87353;81,80949;49,00000;20,00000;0,84984
156,52600; 9,11333;      -0,85797;81,80872;50,00000;20,00000;0,84984
156,65900; 9,12000;      -0,84229;81,80845;50,00000;20,00000;0,84984
156,78900; 9,12667;      -0,82660;81,80817;50,00000;20,00000;0,84984
156,92500; 9,13333;      -0,81118;81,80791;49,00000;20,00000;0,84984
157,06000; 9,14000;      -0,79589;81,80665;49,00000;20,00000;0,84984
157,18900; 9,14667;      -0,78113;81,80539;49,00000;20,00000;0,84984
157,33400; 9,15333;      -0,76638;81,80414;49,00000;20,00000;0,84983
157,45000; 9,16000;      -0,75171;81,80289;50,00000;20,00000;0,84983
157,59500; 9,16667;      -0,73717;81,80162;50,00000;20,00000;0,84983
157,73900; 9,17333;      -0,72316;81,80037;50,00000;20,00000;0,84983
157,87399; 9,18000;      -0,70946;81,79913;50,00000;20,00000;0,84983
158,00200; 9,18667;      -0,69577;81,79694;50,00000;20,00000;0,84983
158,13300; 9,19333;      -0,68202;81,79525;49,00000;20,00000;0,84983
158,25800; 9,20000;      -0,66837;81,79355;49,00000;20,00000;0,84983
158,39700; 9,20667;      -0,65507;81,79183;50,00000;20,00000;0,84982
158,52400; 9,21333;      -0,64212;81,79011;50,00000;20,00000;0,84982
158,67400; 9,22000;      -0,62913;81,78838;49,00000;20,00000;0,84982
158,80499; 9,22667;      -0,61641;81,78667;52,00000;20,00000;0,84982
158,93800; 9,23333;      -0,60373;81,78545;49,00000;20,00000;0,84982
159,05701; 9,24000;      -0,59113;81,78374;49,00000;20,00000;0,84982
159,20300; 9,24667;      -0,57858;81,78251;50,00000;20,00000;0,84981
159,33200; 9,25333;      -0,56657;81,78126;50,00000;20,00000;0,84981
159,46899; 9,26000;      -0,55464;81,78002;50,00000;20,00000;0,84981
159,61400; 9,26667;      -0,54284;81,77735;50,00000;20,00000;0,84981
159,74100; 9,27333;      -0,53122;81,77568;49,00000;20,00000;0,84981
159,86301; 9,28000;      -0,51960;81,77349;49,00000;20,00000;0,84981
159,99001; 9,28667;      -0,50815;81,77227;50,00000;20,00000;0,84980
160,14000; 9,29333;      -0,49680;81,77055;50,00000;20,00000;0,84980
160,27901; 9,30000;      -0,48535;81,76882;49,00000;20,00000;0,84980
160,40401; 9,30667;      -0,47448;81,76710;51,00000;20,00000;0,84980
160,54300; 9,31333;      -0,46330;81,76590;49,00000;20,00000;0,84980
160,68201; 9,32000;      -0,45256;81,76474;50,00000;20,00000;0,84979
160,80800; 9,32667;      -0,44183;81,76309;50,00000;20,00000;0,84979
160,93201; 9,33333;      -0,43118;81,76192;50,00000;20,00000;0,84979
161,06300; 9,34000;      -0,42062;81,75977;50,00000;20,00000;0,84979
161,19901; 9,34667;      -0,41054;81,75665;51,00000;20,00000;0,84979
161,33600; 9,35333;      -0,40047;81,75401;52,00000;20,00000;0,84978
161,46600; 9,36000;      -0,39022;81,75184;52,00000;20,00000;0,84978
161,59399; 9,36667;      -0,38010;81,74918;49,00000;20,00000;0,84978
161,73199; 9,37333;      -0,37055;81,74801;49,00000;20,00000;0,84978
161,87500; 9,38000;      -0,36083;81,74733;50,00000;20,00000;0,84978
161,99100; 9,38667;      -0,35107;81,74616;50,00000;20,00000;0,84977
162,12700; 9,39333;      -0,34165;81,74450;50,00000;20,00000;0,84977
162,25700; 9,40000;      -0,33268;81,74283;50,00000;20,00000;0,84977
162,39700; 9,40667;      -0,32349;81,74115;49,00000;20,00000;0,84977
162,52699; 9,41333;      -0,31430;81,73948;49,00000;20,00000;0,84976
162,66499; 9,42000;      -0,30524;81,73782;51,00000;20,00000;0,84976
162,79700; 9,42667;      -0,29614;81,73618;51,00000;20,00000;0,84976
162,92101; 9,43333;      -0,28735;81,73553;51,00000;20,00000;0,84976
163,05499; 9,44000;      -0,27877;81,73489;52,00000;20,00000;0,84975
163,19501; 9,44667;      -0,27020;81,73424;49,00000;20,00000;0,84975
163,31300; 9,45333;      -0,26198;81,73309;49,00000;20,00000;0,84975
163,44501; 9,46000;      -0,25363;81,73196;50,00000;20,00000;0,84975
163,58099; 9,46667;      -0,24506;81,73033;50,00000;20,00000;0,84974
163,71600; 9,47333;      -0,23688;81,72670;52,00000;20,00000;0,84974
163,84801; 9,48000;      -0,22897;81,72504;52,00000;20,00000;0,84974
163,97501; 9,48667;      -0,22080;81,72339;49,00000;20,00000;0,84974
164,11600; 9,49333;      -0,21280;81,72175;49,00000;20,00000;0,84973
164,24800; 9,50000;      -0,20498;81,72062;50,00000;20,00000;0,84973
164,37000; 9,50667;      -0,19746;81,71949;50,00000;20,00000;0,84973
164,51199; 9,51333;      -0,18982;81,71790;50,00000;20,00000;0,84972
164,63901; 9,52000;      -0,18217;81,71679;50,00000;20,00000;0,84972
164,75600; 9,52667;      -0,17484;81,71517;49,00000;20,00000;0,84972
164,89600; 9,53333;      -0,16750;81,71257;49,00000;20,00000;0,84972
165,02901; 9,54000;      -0,16017;81,71047;49,00000;20,00000;0,84971
165,15601; 9,54667;      -0,15327;81,70836;51,00000;20,00000;0,84971
165,29300; 9,55333;      -0,14629;81,70624;51,00000;20,00000;0,84971
165,42400; 9,56000;      -0,13913;81,70460;52,00000;20,00000;0,84970
165,56000; 9,56667;      -0,13232;81,70297;52,00000;20,00000;0,84970
165,68300; 9,57333;      -0,12552;81,70237;49,00000;20,00000;0,84970
165,81400; 9,58000;      -0,11871;81,70227;50,00000;20,00000;0,84970
165,94200; 9,58667;      -0,11235;81,70166;50,00000;20,00000;0,84969
166,07899; 9,59333;      -0,10576;81,70105;51,00000;20,00000;0,84969
166,20300; 9,60000;-9,882465e-002;81,69995;51,00000;20,00000;0,84969
166,33800; 9,60667;-9,219545e-002;81,69885;51,00000;20,00000;0,84968
166,46400; 9,61333;-8,596395e-002;81,69775;51,00000;20,00000;0,84968
166,59700; 9,62000;-7,977663e-002;81,69617;49,00000;20,00000;0,84968
166,72600; 9,62667;-7,336825e-002;81,69508;49,00000;20,00000;0,84967
166,85500; 9,63333;-6,704823e-002;81,69398;50,00000;20,00000;0,84967
166,98900; 9,64000;-6,081657e-002;81,69287;50,00000;20,00000;0,84967
167,10600; 9,64667;-5,493841e-002;81,69175;50,00000;20,00000;0,84966
167,25000; 9,65333;-4,892767e-002;81,69066;49,00000;20,00000;0,84966
167,37801; 9,66000;-4,304945e-002;81,69055;49,00000;20,00000;0,84966
167,51300; 9,66667;-3,743638e-002;81,68946;49,00000;20,00000;0,84965
167,63800; 9,67333;-3,182326e-002;81,68886;49,00000;20,00000;0,84965
167,76601; 9,68000;-2,616589e-002;81,68779;50,00000;20,00000;0,84965
167,89799; 9,68667;-2,037589e-002;81,68671;51,00000;20,00000;0,84964
168,02699; 9,69333;-1,454164e-002;81,68563;50,00000;20,00000;0,84964
168,14700; 9,70000;-9,149334e-003;81,68355;50,00000;20,00000;0,84964
168,28600; 9,70667;-3,712790e-003;81,68244;49,00000;20,00000;0,84963
168,41701; 9,71333; 1,547002e-003;81,68084;49,00000;20,00000;0,84963
168,54900; 9,72000; 7,160442e-003;81,67974;51,00000;20,00000;0,84962
168,68100; 9,72667; 1,237613e-002;81,67866;51,00000;20,00000;0,84962
168,81200; 9,73333; 1,719405e-002;81,67711;52,00000;20,00000;0,84962
168,93500; 9,74000; 2,254243e-002;81,67606;52,00000;20,00000;0,84961
169,06200; 9,74667; 2,758144e-002;81,67501;49,00000;20,00000;0,84961
169,18600; 9,75333; 3,266469e-002;81,67346;49,00000;20,00000;0,84961
169,31599; 9,76000; 3,721759e-002;81,67288;50,00000;20,00000;0,84960
169,44901; 9,76667; 4,230094e-002;81,67184;50,00000;20,00000;0,84960
169,58099; 9,77333; 4,716334e-002;81,67080;50,00000;20,00000;0,84959
169,70399; 9,78000; 5,193736e-002;81,66974;50,00000;20,00000;0,84959
169,83501; 9,78667; 5,649043e-002;81,66868;49,00000;20,00000;0,84959
169,95000; 9,79333; 6,104351e-002;81,66761;49,00000;20,00000;0,84958
170,09599; 9,80000; 6,572931e-002;81,66655;51,00000;20,00000;0,84958
170,22099; 9,80667; 7,050351e-002;81,66550;51,00000;20,00000;0,84958
170,35400; 9,81333; 7,514517e-002;81,66445;50,00000;20,00000;0,84957
170,47099; 9,82000; 7,978684e-002;81,66343;50,00000;20,00000;0,84957
170,60300; 9,82667; 8,385394e-002;81,66142;49,00000;20,00000;0,84956
170,73000; 9,83333; 8,805369e-002;81,65941;49,00000;20,00000;0,84956
170,85500; 9,84000; 9,238608e-002;81,65739;49,00000;20,00000;0,84956
170,97099; 9,84667; 9,663008e-002;81,65538;49,00000;20,00000;0,84955
171,11400; 9,85333;       0,10092;81,65386;50,00000;20,00000;0,84955
171,23900; 9,86000;       0,10530;81,65183;50,00000;20,00000;0,84954
171,36700; 9,86667;       0,10950;81,65078;50,00000;20,00000;0,84954
171,49300; 9,87333;       0,11339;81,65025;50,00000;20,00000;0,84953
171,62601; 9,88000;       0,11728;81,64922;49,00000;20,00000;0,84953
171,74500; 9,88667;       0,12095;81,64772;50,00000;20,00000;0,84953
171,86501; 9,89333;       0,12506;81,64670;50,00000;20,00000;0,84952
172,00700; 9,90000;       0,12913;81,64521;50,00000;20,00000;0,84952
172,12601; 9,90667;       0,13279;81,64421;50,00000;20,00000;0,84951
172,25400; 9,91333;       0,13651;81,64271;50,00000;20,00000;0,84951
172,36700; 9,92000;       0,14040;81,64171;49,00000;20,00000;0,84951
172,50400; 9,92667;       0,14425;81,64020;49,00000;20,00000;0,84950
172,62801; 9,93333;       0,14792;81,63967;50,00000;20,00000;0,84950
172,75301; 9,94000;       0,15154;81,63865;50,00000;20,00000;0,84949
172,88699; 9,94667;       0,15481;81,63761;50,00000;20,00000;0,84949
173,00500; 9,95333;       0,15826;81,63657;50,00000;20,00000;0,84948
173,14000; 9,96000;       0,16180;81,63507;49,00000;20,00000;0,84948
173,25999; 9,96667;       0,16534;81,63259;49,00000;20,00000;0,84947
173,39000; 9,97333;       0,16870;81,63108;49,00000;20,00000;0,84947
173,50900; 9,98000;       0,17206;81,63006;51,00000;20,00000;0,84946
173,64200; 9,98667;       0,17542;81,62855;52,00000;20,00000;0,84946
173,76900; 9,99333;       0,17865;81,62754;51,00000;20,00000;0,84946
173,89400;10,00000;       0,18197;81,62653;51,00000;20,00000;0,84945
174,02100;10,00667;       0,18519;81,62503;51,00000;20,00000;0,84945
174,14400;10,01333;       0,18825;81,62403;49,00000;20,00000;0,84944
174,26601;10,02000;       0,19116;81,62304;50,00000;20,00000;0,84944
174,39600;10,02667;       0,19413;81,62203;50,00000;20,00000;0,84943
174,52400;10,03333;       0,19713;81,62102;50,00000;20,00000;0,84943
174,64500;10,04000;       0,20023;81,62005;49,00000;20,00000;0,84942
174,75999;10,04667;       0,20324;81,61907;52,00000;20,00000;0,84942
174,89600;10,05333;       0,20616;81,61758;49,00000;20,00000;0,84941
175,02499;10,06000;       0,20868;81,61609;49,00000;20,00000;0,84941
175,14400;10,06667;       0,21164;81,61509;50,00000;20,00000;0,84940
175,26401;10,07333;       0,21447;81,61410;50,00000;20,00000;0,84940
175,39999;10,08000;       0,21726;81,61065;50,00000;20,00000;0,84939
175,51900;10,08667;       0,22009;81,60769;50,00000;20,00000;0,84939
175,64400;10,09333;       0,22279;81,60523;49,00000;20,00000;0,84938
175,76700;10,10000;       0,22540;81,60276;49,00000;20,00000;0,84938
175,89200;10,10667;       0,22783;81,60129;49,00000;20,00000;0,84937
176,01900;10,11333;       0,23040;81,60080;51,00000;20,00000;0,84937
176,13901;10,12000;       0,23296;81,59982;51,00000;20,00000;0,84936
176,26700;10,12667;       0,23557;81,59934;52,00000;20,00000;0,84936
176,39101;10,13333;       0,23832;81,59886;52,00000;20,00000;0,84935
176,51100;10,14000;       0,24106;81,59837;49,00000;20,00000;0,84935
176,63400;10,14667;       0,24323;81,59738;49,00000;20,00000;0,84934
176,75800;10,15333;       0,24575;81,59593;50,00000;20,00000;0,84934
176,88000;10,16000;       0,24827;81,59496;50,00000;20,00000;0,84933
177,00999;10,16667;       0,25061;81,59398;51,00000;20,00000;0,84933
177,13699;10,17333;       0,25287;81,59301;51,00000;20,00000;0,84932
177,25301;10,18000;       0,25522;81,59155;49,00000;20,00000;0,84932
177,37801;10,18667;       0,25761;81,58960;49,00000;20,00000;0,84931
177,49699;10,19333;       0,25986;81,58814;49,00000;20,00000;0,84931
177,62399;10,20000;       0,26199;81,58669;50,00000;20,00000;0,84930
177,75000;10,20667;       0,26420;81,58376;50,00000;20,00000;0,84930
177,87300;10,21333;       0,26646;81,58182;50,00000;20,00000;0,84929
177,98801;10,22000;       0,26858;81,58036;49,00000;20,00000;0,84928
178,11700;10,22667;       0,27075;81,57889;49,00000;20,00000;0,84928
178,22800;10,23333;       0,27287;81,57795;49,00000;20,00000;0,84927
178,36700;10,24000;       0,27486;81,57650;49,00000;20,00000;0,84927
178,47701;10,24667;       0,27686;81,57502;50,00000;20,00000;0,84926
178,60800;10,25333;       0,27889;81,57404;50,00000;20,00000;0,84926
178,72800;10,26000;       0,28088;81,57059;50,00000;20,00000;0,84925
178,86000;10,26667;       0,28310;81,56814;50,00000;20,00000;0,84925
178,98199;10,27333;       0,28518;81,56571;49,00000;20,00000;0,84924
179,09599;10,28000;       0,28717;81,56329;49,00000;20,00000;0,84924
179,22701;10,28667;       0,28925;81,56187;51,00000;20,00000;0,84923
179,33701;10,29333;       0,29115;81,56094;51,00000;20,00000;0,84922
179,46100;10,30000;       0,29283;81,56049;52,00000;20,00000;0,84922
179,57899;10,30667;       0,29474;81,55953;52,00000;20,00000;0,84921
179,70500;10,31333;       0,29673;81,55806;49,00000;20,00000;0,84921
179,82500;10,32000;       0,29863;81,55658;49,00000;20,00000;0,84920
179,95300;10,32667;       0,30054;81,55510;50,00000;20,00000;0,84920
180,08600;10,33333;       0,30248;81,55362;50,00000;20,00000;0,84919
180,20700;10,34000;       0,30439;81,55165;50,00000;20,00000;0,84918
180,31300;10,34667;       0,30581;81,55072;50,00000;20,00000;0,84918
180,44701;10,35333;       0,30753;81,55030;49,00000;20,00000;0,84917
180,55400;10,36000;       0,30926;81,54936;49,00000;20,00000;0,84917
180,67599;10,36667;       0,31085;81,54841;51,00000;20,00000;0,84916
180,81300;10,37333;       0,31285;81,54599;51,00000;20,00000;0,84915
180,92799;10,38000;       0,31484;81,54307;52,00000;20,00000;0,84915
181,04500;10,38667;       0,31608;81,54115;50,00000;20,00000;0,84914
181,16701;10,39333;       0,31781;81,53974;49,00000;20,00000;0,84914
181,29601;10,40000;       0,31958;81,53881;49,00000;20,00000;0,84913
181,39500;10,40667;       0,32144;81,53739;51,00000;20,00000;0,84913
181,52901;10,41333;       0,32321;81,53596;51,00000;20,00000;0,84912
181,64999;10,42000;       0,32494;81,53451;52,00000;20,00000;0,84911
181,76401;10,42667;       0,32662;81,53160;52,00000;20,00000;0,84911
181,88699;10,43333;       0,32821;81,52918;49,00000;20,00000;0,84910
182,01700;10,44000;       0,32967;81,52674;49,00000;20,00000;0,84909
182,13600;10,44667;       0,33122;81,52432;50,00000;20,00000;0,84909
182,25600;10,45333;       0,33269;81,52240;50,00000;20,00000;0,84908
182,37601;10,46000;       0,33424;81,52197;50,00000;20,00000;0,84908
182,49500;10,46667;       0,33583;81,52155;50,00000;20,00000;0,84907
182,61700;10,47333;       0,33743;81,52064;50,00000;20,00000;0,84906
182,72000;10,48000;       0,33911;81,51922;49,00000;20,00000;0,84906
182,85001;10,48667;       0,34057;81,51681;50,00000;20,00000;0,84905
182,97501;10,49333;       0,34221;81,51391;50,00000;20,00000;0,84904
183,09100;10,50000;       0,34376;81,51197;52,00000;20,00000;0,84904
183,21100;10,50667;       0,34522;81,51053;50,00000;20,00000;0,84903
183,32899;10,51333;       0,34673;81,50909;49,00000;20,00000;0,84903
183,46100;10,52000;       0,34806;81,50717;49,00000;20,00000;0,84902
183,57500;10,52667;       0,34948;81,50574;49,00000;20,00000;0,84901
183,69299;10,53333;       0,35103;81,50382;49,00000;20,00000;0,84901
183,81000;10,54000;       0,35245;81,50193;51,00000;20,00000;0,84900
183,92101;10,54667;       0,35391;81,49955;51,00000;20,00000;0,84899
184,04601;10,55333;       0,35533;81,49714;49,00000;20,00000;0,84899
184,17799;10,56000;       0,35661;81,49473;49,00000;20,00000;0,84898
184,28101;10,56667;       0,35790;81,49133;49,00000;20,00000;0,84898
184,40199;10,57333;       0,35927;81,48793;50,00000;20,00000;0,84897
184,53500;10,58000;       0,36060;81,48501;50,00000;20,00000;0,84896
184,63800;10,58667;       0,36206;81,48309;50,00000;20,00000;0,84896
184,77400;10,59333;       0,36348;81,48314;50,00000;20,00000;0,84895
184,88699;10,60000;       0,36503;81,48271;49,00000;20,00000;0,84894
185,00900;10,60667;       0,36650;81,48179;49,00000;20,00000;0,84894
185,11600;10,61333;       0,36796;81,48038;51,00000;20,00000;0,84893
185,23599;10,62000;       0,36933;81,47850;51,00000;20,00000;0,84892
185,35899;10,62667;       0,37075;81,47712;50,00000;20,00000;0,84892
185,47400;10,63333;       0,37195;81,47571;50,00000;20,00000;0,84891
185,58701;10,64000;       0,37328;81,47329;49,00000;20,00000;0,84890
185,71500;10,64667;       0,37470;81,47137;49,00000;20,00000;0,84890
185,82800;10,65333;       0,37607;81,46948;49,00000;20,00000;0,84889
185,95000;10,66000;       0,37749;81,46660;51,00000;20,00000;0,84888
186,06300;10,66667;       0,37895;81,46469;51,00000;20,00000;0,84888
186,18900;10,67333;       0,38033;81,46279;51,00000;20,00000;0,84887
186,30200;10,68000;       0,38166;81,46139;51,00000;20,00000;0,84886
186,42200;10,68667;       0,38317;81,46048;51,00000;20,00000;0,84885
186,53500;10,69333;       0,38450;81,45907;49,00000;20,00000;0,84885
186,64799;10,70000;       0,38587;81,45666;49,00000;20,00000;0,84884
186,77699;10,70667;       0,38725;81,45475;50,00000;20,00000;0,84883
186,89000;10,71333;       0,38844;81,45284;50,00000;20,00000;0,84883
187,01300;10,72000;       0,38964;81,44944;49,00000;20,00000;0,84882
187,13300;10,72667;       0,39088;81,44605;49,00000;20,00000;0,84881
187,24200;10,73333;       0,39212;81,44270;49,00000;20,00000;0,84881
187,35899;10,74000;       0,39341;81,43984;49,00000;20,00000;0,84880
187,46700;10,74667;       0,39479;81,43942;50,00000;20,00000;0,84879
187,60201;10,75333;       0,39607;81,43948;50,00000;20,00000;0,84879
187,70799;10,76000;       0,39740;81,43953;50,00000;20,00000;0,84878
187,83501;10,76667;       0,39887;81,43812;50,00000;20,00000;0,84877
187,95100;10,77333;       0,39998;81,43672;49,00000;20,00000;0,84876
188,06799;10,78000;       0,40126;81,43483;49,00000;20,00000;0,84876
188,17599;10,78667;       0,40250;81,43343;51,00000;20,00000;0,84875
188,29500;10,79333;       0,40401;81,43202;51,00000;20,00000;0,84874
188,40800;10,80000;       0,40539;81,42962;52,00000;20,00000;0,84874
188,53900;10,80667;       0,40663;81,42771;51,00000;20,00000;0,84873
188,65401;10,81333;       0,40778;81,42579;49,00000;20,00000;0,84872
188,75999;10,82000;       0,40903;81,42290;49,00000;20,00000;0,84871
188,89200;10,82667;       0,41040;81,42100;50,00000;20,00000;0,84871
188,99699;10,83333;       0,41178;81,41958;50,00000;20,00000;0,84870
189,11600;10,84000;       0,41320;81,41767;50,00000;20,00000;0,84869
189,23700;10,84667;       0,41462;81,41629;50,00000;20,00000;0,84868
189,35300;10,85333;       0,41608;81,41197;51,00000;20,00000;0,84868
189,46400;10,86000;       0,41732;81,40715;52,00000;20,00000;0,84867
189,57401;10,86667;       0,41861;81,40330;49,00000;20,00000;0,84866
189,69501;10,87333;       0,41985;81,40143;49,00000;20,00000;0,84866
189,80701;10,88000;       0,42105;81,40152;50,00000;20,00000;0,84865
189,92999;10,88667;       0,42234;81,40160;50,00000;20,00000;0,84864
190,03600;10,89333;       0,42371;81,40167;50,00000;20,00000;0,84863
190,15100;10,90000;       0,42509;81,40027;50,00000;20,00000;0,84863
190,28200;10,90667;       0,42637;81,39838;50,00000;20,00000;0,84862
190,38800;10,91333;       0,42757;81,39500;49,00000;20,00000;0,84861
190,49699;10,92000;       0,42882;81,39308;49,00000;20,00000;0,84860
190,61900;10,92667;       0,43041;81,39119;51,00000;20,00000;0,84860
190,73700;10,93333;       0,43192;81,38880;51,00000;20,00000;0,84859
190,85201;10,94000;       0,43303;81,38689;52,00000;20,00000;0,84858
190,97400;10,94667;       0,43414;81,38547;52,00000;20,00000;0,84857
191,08600;10,95333;       0,43543;81,38456;49,00000;20,00000;0,84857
191,20300;10,96000;       0,43694;81,38267;49,00000;20,00000;0,84856
191,31500;10,96667;       0,43831;81,38127;49,00000;20,00000;0,84855
191,42999;10,97333;       0,43947;81,37839;51,00000;20,00000;0,84854
191,54401;10,98000;       0,44111;81,37502;51,00000;20,00000;0,84854
191,67000;10,98667;       0,44235;81,37264;52,00000;20,00000;0,84853
191,77200;10,99333;       0,44320;81,36977;52,00000;20,00000;0,84852
191,89999;11,00000;       0,44462;81,36840;49,00000;20,00000;0,84851
192,00200;11,00667;       0,44617;81,36850;49,00000;20,00000;0,84850
192,11900;11,01333;       0,44759;81,36861;50,00000;20,00000;0,84850
192,22900;11,02000;       0,44875;81,36772;50,00000;20,00000;0,84849
192,33800;11,02667;       0,45008;81,36633;50,00000;20,00000;0,84848
192,46899;11,03333;       0,45141;81,36492;50,00000;20,00000;0,84847
192,57100;11,04000;       0,45270;81,36354;50,00000;20,00000;0,84847
192,68300;11,04667;       0,45403;81,36214;49,00000;20,00000;0,84846
192,80600;11,05333;       0,45532;81,36073;49,00000;20,00000;0,84845
192,91800;11,06000;       0,45669;81,35882;51,00000;20,00000;0,84844
193,04601;11,06667;       0,45798;81,35692;51,00000;20,00000;0,84843
193,14500;11,07333;       0,45940;81,35551;52,00000;20,00000;0,84843
193,26199;11,08000;       0,46082;81,35214;52,00000;20,00000;0,84842
193,38400;11,08667;       0,46224;81,34975;50,00000;20,00000;0,84841
193,49400;11,09333;       0,46353;81,34638;49,00000;20,00000;0,84840
193,61000;11,10000;       0,46482;81,34400;49,00000;20,00000;0,84839
193,71700;11,10667;       0,46629;81,33962;51,00000;20,00000;0,84839
193,83701;11,11333;       0,46771;81,33574;51,00000;20,00000;0,84838
193,95399;11,12000;       0,46895;81,33189;51,00000;20,00000;0,84837
194,06700;11,12667;       0,47019;81,33100;51,00000;20,00000;0,84836
194,17999;11,13333;       0,47153;81,33108;51,00000;20,00000;0,84835
194,29401;11,14000;       0,47286;81,33116;49,00000;20,00000;0,84835
194,40800;11,14667;       0,47415;81,33027;49,00000;20,00000;0,84834
194,52200;11,15333;       0,47539;81,32888;50,00000;20,00000;0,84833
194,63100;11,16000;       0,47681;81,32602;50,00000;20,00000;0,84832
194,74899;11,16667;       0,47810;81,32219;50,00000;20,00000;0,84831
194,86000;11,17333;       0,47948;81,32031;50,00000;20,00000;0,84831
194,96600;11,18000;       0,48081;81,31893;49,00000;20,00000;0,84830
195,08299;11,18667;       0,48197;81,31755;49,00000;20,00000;0,84829
195,20200;11,19333;       0,48330;81,31617;50,00000;20,00000;0,84828
195,30800;11,20000;       0,48463;81,31479;50,00000;20,00000;0,84827
195,41901;11,20667;       0,48592;81,31339;50,00000;20,00000;0,84826
195,53400;11,21333;       0,48756;81,31150;50,00000;20,00000;0,84826
195,64301;11,22000;       0,48907;81,31007;49,00000;20,00000;0,84825
195,76500;11,22667;       0,49041;81,30815;49,00000;20,00000;0,84824
195,88200;11,23333;       0,49147;81,30675;50,00000;20,00000;0,84823
195,98599;11,24000;       0,49263;81,30189;50,00000;20,00000;0,84822
196,10800;11,24667;       0,49396;81,29753;51,00000;20,00000;0,84821
196,22701;11,25333;       0,49538;81,29365;51,00000;20,00000;0,84821
196,32600;11,26000;       0,49703;81,29274;50,00000;20,00000;0,84820
196,45100;11,26667;       0,49836;81,29281;51,00000;20,00000;0,84819
196,55600;11,27333;       0,49960;81,29290;49,00000;20,00000;0,84818
196,67999;11,28000;       0,50107;81,29298;49,00000;20,00000;0,84817
196,77901;11,28667;       0,50245;81,29209;50,00000;20,00000;0,84816
196,90100;11,29333;       0,50378;81,29070;50,00000;20,00000;0,84815
197,00500;11,30000;       0,50520;81,28930;49,00000;20,00000;0,84815
197,11501;11,30667;       0,50663;81,28593;50,00000;20,00000;0,84814
197,24300;11,31333;       0,50800;81,28456;49,00000;20,00000;0,84813
197,34300;11,32000;       0,50929;81,28269;49,00000;20,00000;0,84812
197,45300;11,32667;       0,51067;81,28031;50,00000;20,00000;0,84811
197,56400;11,33333;       0,51209;81,27842;50,00000;20,00000;0,84810
197,68900;11,34000;       0,51347;81,27701;50,00000;20,00000;0,84809
197,78600;11,34667;       0,51476;81,27560;50,00000;20,00000;0,84809
197,91200;11,35333;       0,51618;81,27419;49,00000;20,00000;0,84808
198,02400;11,36000;       0,51747;81,27278;49,00000;20,00000;0,84807
198,12801;11,36667;       0,51810;81,27188;49,00000;20,00000;0,84806
198,24699;11,37333;       0,51996;81,27049;51,00000;20,00000;0,84805
198,36400;11,38000;       0,52147;81,26959;51,00000;20,00000;0,84804
198,46100;11,38667;       0,52272;81,26821;52,00000;20,00000;0,84803
198,57899;11,39333;       0,52410;81,26781;52,00000;20,00000;0,84803
198,68900;11,40000;       0,52556;81,26642;50,00000;20,00000;0,84802
198,79900;11,40667;       0,52707;81,26551;50,00000;20,00000;0,84801
198,91299;11,41333;       0,52854;81,26065;50,00000;20,00000;0,84800
199,02699;11,42000;       0,52992;81,25726;50,00000;20,00000;0,84799
199,13699;11,42667;       0,53139;81,25389;51,00000;20,00000;0,84798
199,25000;11,43333;       0,53277;81,25200;51,00000;20,00000;0,84797
199,36200;11,44000;       0,53406;81,25157;52,00000;20,00000;0,84796
199,48000;11,44667;       0,53552;81,25164;49,00000;20,00000;0,84795
199,58900;11,45333;       0,53695;81,25122;49,00000;20,00000;0,84795
199,70300;11,46000;       0,53828;81,25032;50,00000;20,00000;0,84794
199,80400;11,46667;       0,53961;81,24892;50,00000;20,00000;0,84793
199,92000;11,47333;       0,54086;81,24752;50,00000;20,00000;0,84792
200,03400;11,48000;       0,54202;81,24612;50,00000;20,00000;0,84791
200,14700;11,48667;       0,54335;81,24470;50,00000;20,00000;0,84790
200,25101;11,49333;       0,54482;81,24327;49,00000;20,00000;0,84789
200,37100;11,50000;       0,54624;81,24134;49,00000;20,00000;0,84788
200,48300;11,50667;       0,54789;81,23945;51,00000;20,00000;0,84787
200,59700;11,51333;       0,54931;81,23707;51,00000;20,00000;0,84786
200,70500;11,52000;       0,55073;81,23419;51,00000;20,00000;0,84786
200,81700;11,52667;       0,55207;81,23279;51,00000;20,00000;0,84785
200,92599;11,53333;       0,55336;81,23089;49,00000;20,00000;0,84784
201,04100;11,54000;       0,55465;81,22998;49,00000;20,00000;0,84783
201,14700;11,54667;       0,55598;81,22857;51,00000;20,00000;0,84782
201,25900;11,55333;       0,55745;81,22766;52,00000;20,00000;0,84781
201,37900;11,56000;       0,55910;81,22625;52,00000;20,00000;0,84780
201,48199;11,56667;       0,56056;81,22534;49,00000;20,00000;0,84779
201,59599;11,57333;       0,56137;81,22443;49,00000;20,00000;0,84778
201,70300;11,58000;       0,56297;81,22303;49,00000;20,00000;0,84777
201,82300;11,58667;       0,56453;81,22066;50,00000;20,00000;0,84776
201,92400;11,59333;       0,56604;81,21680;50,00000;20,00000;0,84775
202,03300;11,60000;       0,56755;81,21441;50,00000;20,00000;0,84774
202,13901;11,60667;       0,56893;81,21150;50,00000;20,00000;0,84774
202,25800;11,61333;       0,57040;81,20957;49,00000;20,00000;0,84773
202,37700;11,62000;       0,57182;81,20914;49,00000;20,00000;0,84772
202,48700;11,62667;       0,57329;81,20920;51,00000;20,00000;0,84771
202,59599;11,63333;       0,57454;81,20875;51,00000;20,00000;0,84770
202,70399;11,64000;       0,57600;81,20880;52,00000;20,00000;0,84769
202,81400;11,64667;       0,57725;81,20786;52,00000;20,00000;0,84768
202,93700;11,65333;       0,57850;81,20693;52,00000;20,00000;0,84767
203,05200;11,66000;       0,58028;81,20551;49,00000;20,00000;0,84766
203,15401;11,66667;       0,58183;81,20313;50,00000;20,00000;0,84765
203,26401;11,67333;       0,58335;81,20125;50,00000;20,00000;0,84764
203,36400;11,68000;       0,58464;81,19986;52,00000;20,00000;0,84763
203,49200;11,68667;       0,58593;81,19847;52,00000;20,00000;0,84762
203,58501;11,69333;       0,58722;81,19658;49,00000;20,00000;0,84761
203,70200;11,70000;       0,58856;81,19520;49,00000;20,00000;0,84760
203,81100;11,70667;       0,58998;81,19382;50,00000;20,00000;0,84759
203,90800;11,71333;       0,59154;81,19291;50,00000;20,00000;0,84758
204,03600;11,72000;       0,59305;81,19149;50,00000;20,00000;0,84757
204,14200;11,72667;       0,59443;81,19007;50,00000;20,00000;0,84756
204,24500;11,73333;       0,59590;81,18866;49,00000;20,00000;0,84755
204,35001;11,74000;       0,59737;81,18726;49,00000;20,00000;0,84755
204,47600;11,74667;       0,59884;81,18585;51,00000;20,00000;0,84753
204,59500;11,75333;       0,60040;81,18494;51,00000;20,00000;0,84752
204,69200;11,76000;       0,60195;81,18355;52,00000;20,00000;0,84752
204,78900;11,76667;       0,60338;81,18215;52,00000;20,00000;0,84751
204,90199;11,77333;       0,60472;81,18024;49,00000;20,00000;0,84750
205,01401;11,78000;       0,60618;81,17586;49,00000;20,00000;0,84749
205,13400;11,78667;       0,60752;81,17295;49,00000;20,00000;0,84748
205,24500;11,79333;       0,60899;81,17003;49,00000;20,00000;0,84747
205,34700;11,80000;       0,61068;81,16808;51,00000;20,00000;0,84746
205,47000;11,80667;       0,61224;81,16762;51,00000;20,00000;0,84745
205,57300;11,81333;       0,61371;81,16720;51,00000;20,00000;0,84744
205,69000;11,82000;       0,61509;81,16680;49,00000;20,00000;0,84743
205,78999;11,82667;       0,61625;81,16639;49,00000;20,00000;0,84742
205,89799;11,83333;       0,61768;81,16549;49,00000;20,00000;0,84741
206,01401;11,84000;       0,61915;81,16458;50,00000;20,00000;0,84740
206,11400;11,84667;       0,62070;81,16318;50,00000;20,00000;0,84739
206,22400;11,85333;       0,62204;81,16177;50,00000;20,00000;0,84738
206,34000;11,86000;       0,62342;81,16084;49,00000;20,00000;0,84737
206,44400;11,86667;       0,62489;81,15942;50,00000;20,00000;0,84736
206,55600;11,87333;       0,62641;81,15849;49,00000;20,00000;0,84735
206,67000;11,88000;       0,62779;81,15706;51,00000;20,00000;0,84734
206,77699;11,88667;       0,62921;81,15614;50,00000;20,00000;0,84733
206,88901;11,89333;       0,63055;81,15471;49,00000;20,00000;0,84732
206,99100;11,90000;       0,63189;81,15181;49,00000;20,00000;0,84731
207,10400;11,90667;       0,63336;81,14989;49,00000;20,00000;0,84730
207,21500;11,91333;       0,63483;81,14845;49,00000;20,00000;0,84729
207,33400;11,92000;       0,63634;81,14701;51,00000;20,00000;0,84728
207,43800;11,92667;       0,63786;81,14610;51,00000;20,00000;0,84727
207,53799;11,93333;       0,63924;81,14470;49,00000;20,00000;0,84726
207,65199;11,94000;       0,64066;81,14378;49,00000;20,00000;0,84725
207,76801;11,94667;       0,64214;81,14237;49,00000;20,00000;0,84724
207,86501;11,95333;       0,64369;81,14095;50,00000;20,00000;0,84723
207,98500;11,96000;       0,64521;81,13954;50,00000;20,00000;0,84721
208,08501;11,96667;       0,64672;81,13566;50,00000;20,00000;0,84721
208,19600;11,97333;       0,64842;81,13129;50,00000;20,00000;0,84719
208,31400;11,98000;       0,65002;81,12790;49,00000;20,00000;0,84718
208,41600;11,98667;       0,65127;81,12599;49,00000;20,00000;0,84717
208,52000;11,99333;       0,65269;81,12505;51,00000;20,00000;0,84716
208,63100;12,00000;       0,65443;81,12460;51,00000;20,00000;0,84715
208,74400;12,00667;       0,65573;81,12466;52,00000;20,00000;0,84714
208,85300;12,01333;       0,65711;81,12423;49,00000;20,00000;0,84713
208,96400;12,02000;       0,65862;81,12280;49,00000;20,00000;0,84712
209,07800;12,02667;       0,66027;81,12138;50,00000;20,00000;0,84711
209,17300;12,03333;       0,66188;81,12045;50,00000;20,00000;0,84710
209,28700;12,04000;       0,66317;81,11903;50,00000;20,00000;0,84709
209,40300;12,04667;       0,66420;81,11762;52,00000;20,00000;0,84708
209,51199;12,05333;       0,66558;81,11620;52,00000;20,00000;0,84707
209,60699;12,06000;       0,66718;81,11479;49,00000;20,00000;0,84706
209,72000;12,06667;       0,66870;81,11386;49,00000;20,00000;0,84705
209,82899;12,07333;       0,67026;81,11243;50,00000;20,00000;0,84704
209,94099;12,08000;       0,67186;81,10904;50,00000;20,00000;0,84703
210,05200;12,08667;       0,67311;81,10712;50,00000;20,00000;0,84702
210,16000;12,09333;       0,67445;81,10520;50,00000;20,00000;0,84701
210,26401;12,10000;       0,67601;81,10377;49,00000;20,00000;0,84700
210,37000;12,10667;       0,67744;81,10233;49,00000;20,00000;0,84699
210,48599;12,11333;       0,67891;81,10137;51,00000;20,00000;0,84697
210,59000;12,12000;       0,68052;81,09995;51,00000;20,00000;0,84696
210,71001;12,12667;       0,68203;81,09854;50,00000;20,00000;0,84695
210,81200;12,13333;       0,68350;81,09713;50,00000;20,00000;0,84694
210,92101;12,14000;       0,68502;81,09522;49,00000;20,00000;0,84693
211,02100;12,14667;       0,68667;81,08988;49,00000;20,00000;0,84692
211,13300;12,15333;       0,68828;81,08600;51,00000;20,00000;0,84691
211,23199;12,16000;       0,68988;81,08260;51,00000;20,00000;0,84690
211,35500;12,16667;       0,69118;81,08216;52,00000;20,00000;0,84689
211,46300;12,17333;       0,69234;81,08172;52,00000;20,00000;0,84688
211,56300;12,18000;       0,69372;81,08128;49,00000;20,00000;0,84687
211,67300;12,18667;       0,69537;81,08083;49,00000;20,00000;0,84686
211,78600;12,19333;       0,69711;81,07940;50,00000;20,00000;0,84685
211,88800;12,20000;       0,69876;81,07750;50,00000;20,00000;0,84684
211,99300;12,20667;       0,70027;81,07609;49,00000;20,00000;0,84682
212,10500;12,21333;       0,70161;81,07465;49,00000;20,00000;0,84681
212,20799;12,22000;       0,70291;81,07321;49,00000;20,00000;0,84680
212,32600;12,22667;       0,70434;81,07176;49,00000;20,00000;0,84679
212,43201;12,23333;       0,70581;81,07032;50,00000;20,00000;0,84678
212,54700;12,24000;       0,70719;81,06889;50,00000;20,00000;0,84677
212,64500;12,24667;       0,70862;81,06648;50,00000;20,00000;0,84676
212,75400;12,25333;       0,71005;81,06359;49,00000;20,00000;0,84675
212,87100;12,26000;       0,71152;81,06218;49,00000;20,00000;0,84674
212,96600;12,26667;       0,71317;81,06077;49,00000;20,00000;0,84673
213,06599;12,27333;       0,71478;81,05935;50,00000;20,00000;0,84672
213,18800;12,28000;       0,71630;81,05792;50,00000;20,00000;0,84670
213,29500;12,28667;       0,71773;81,05650;50,00000;20,00000;0,84669
213,39500;12,29333;       0,71929;81,05507;49,00000;20,00000;0,84668
213,50600;12,30000;       0,72067;81,05413;49,00000;20,00000;0,84667
213,61800;12,30667;       0,72206;81,05270;49,00000;20,00000;0,84666
213,71800;12,31333;       0,72348;81,04982;50,00000;20,00000;0,84665
213,82800;12,32000;       0,72496;81,04546;50,00000;20,00000;0,84664
213,92799;12,32667;       0,72648;81,04255;49,00000;20,00000;0,84663
214,03200;12,33333;       0,72795;81,03963;49,00000;20,00000;0,84662
214,15500;12,34000;       0,72947;81,03818;50,00000;20,00000;0,84660
214,25800;12,34667;       0,73125;81,03820;50,00000;20,00000;0,84659
214,37399;12,35333;       0,73273;81,03774;50,00000;20,00000;0,84658
214,47301;12,36000;       0,73411;81,03778;50,00000;20,00000;0,84657
214,58701;12,36667;       0,73550;81,03734;49,00000;20,00000;0,84656
214,68700;12,37333;       0,73684;81,03642;49,00000;20,00000;0,84655
214,80000;12,38000;       0,73840;81,03500;49,00000;20,00000;0,84654
214,90300;12,38667;       0,73987;81,03358;49,00000;20,00000;0,84652
215,00800;12,39333;       0,74135;81,03120;49,00000;20,00000;0,84651
215,10001;12,40000;       0,74282;81,02980;51,00000;20,00000;0,84650
215,22400;12,40667;       0,74425;81,02838;51,00000;20,00000;0,84649
215,32401;12,41333;       0,74581;81,02742;49,00000;20,00000;0,84648
215,42500;12,42000;       0,74733;81,02595;49,00000;20,00000;0,84647
215,53900;12,42667;       0,74867;81,02447;50,00000;20,00000;0,84646
215,66701;12,43333;       0,75015;81,02301;50,00000;20,00000;0,84644
215,76401;12,44000;       0,75153;81,02204;50,00000;20,00000;0,84643
215,87700;12,44667;       0,75318;81,02111;50,00000;20,00000;0,84642
215,97900;12,45333;       0,75483;81,01969;49,00000;20,00000;0,84641
216,08299;12,46000;       0,75622;81,01828;49,00000;20,00000;0,84640
216,17799;12,46667;       0,75756;81,01736;51,00000;20,00000;0,84639
216,29500;12,47333;       0,75899;81,01692;50,00000;20,00000;0,84638
216,39999;12,48000;       0,76055;81,01647;50,00000;20,00000;0,84637
216,50900;12,48667;       0,76212;81,01551;49,00000;20,00000;0,84635
216,60800;12,49333;       0,76359;81,01453;49,00000;20,00000;0,84634
216,73199;12,50000;       0,76498;81,01356;49,00000;20,00000;0,84633
216,83200;12,50667;       0,76637;81,01261;51,00000;20,00000;0,84632
216,93500;12,51333;       0,76780;81,01216;51,00000;20,00000;0,84631
217,05400;12,52000;       0,76923;81,01169;52,00000;20,00000;0,84629
217,15199;12,52667;       0,77061;81,01073;52,00000;20,00000;0,84628
217,25900;12,53333;       0,77204;81,00976;49,00000;20,00000;0,84627
217,37300;12,54000;       0,77334;81,00928;49,00000;20,00000;0,84626
217,48300;12,54667;       0,77468;81,00585;50,00000;20,00000;0,84625
217,58800;12,55333;       0,77629;81,00391;50,00000;20,00000;0,84624
217,69299;12,56000;       0,77781;81,00199;50,00000;20,00000;0,84622
217,82001;12,56667;       0,77947;80,99959;50,00000;20,00000;0,84621
217,90300;12,57333;       0,78103;80,99767;50,00000;20,00000;0,84620
217,99500;12,58000;       0,78232;80,99674;50,00000;20,00000;0,84619
218,11900;12,58667;       0,78380;80,99632;50,00000;20,00000;0,84618
218,22501;12,59333;       0,78523;80,99588;50,00000;20,00000;0,84617
218,32201;12,60000;       0,78671;80,99494;50,00000;20,00000;0,84615
218,44200;12,60667;       0,78792;80,99399;50,00000;20,00000;0,84614
218,54201;12,61333;       0,78926;80,99256;49,00000;20,00000;0,84613
218,64400;12,62000;       0,79096;80,98964;49,00000;20,00000;0,84612
218,74899;12,62667;       0,79279;80,98821;51,00000;20,00000;0,84611
218,86700;12,63333;       0,79435;80,98677;51,00000;20,00000;0,84609
218,96100;12,64000;       0,79583;80,98483;51,00000;20,00000;0,84608
219,07600;12,64667;       0,79708;80,98288;51,00000;20,00000;0,84607
219,17799;12,65333;       0,79829;80,98143;49,00000;20,00000;0,84606
219,28600;12,66000;       0,79959;80,97997;49,00000;20,00000;0,84605
219,39799;12,66667;       0,80107;80,97852;50,00000;20,00000;0,84603
219,50500;12,67333;       0,80259;80,97708;50,00000;20,00000;0,84602
219,60500;12,68000;       0,80411;80,97613;49,00000;20,00000;0,84601
219,72000;12,68667;       0,80563;80,97370;49,00000;20,00000;0,84600
219,81799;12,69333;       0,80702;80,97078;49,00000;20,00000;0,84599
219,92700;12,70000;       0,80832;80,96888;50,00000;20,00000;0,84597
220,02299;12,70667;       0,80979;80,96648;50,00000;20,00000;0,84596
220,13800;12,71333;       0,81154;80,96407;50,00000;20,00000;0,84595
220,24100;12,72000;       0,81275;80,96312;49,00000;20,00000;0,84594
220,34100;12,72667;       0,81378;80,96217;49,00000;20,00000;0,84593
220,45599;12,73333;       0,81534;80,96122;49,00000;20,00000;0,84591
220,55600;12,74000;       0,81682;80,95977;49,00000;20,00000;0,84590
220,67101;12,74667;       0,81825;80,95833;49,00000;20,00000;0,84589
220,76401;12,75333;       0,81968;80,95688;51,00000;20,00000;0,84588
220,88100;12,76000;       0,82130;80,95545;51,00000;20,00000;0,84586
220,98801;12,76667;       0,82277;80,95402;49,00000;20,00000;0,84585
221,08600;12,77333;       0,82420;80,95258;49,00000;20,00000;0,84584
221,18600;12,78000;       0,82564;80,95212;50,00000;20,00000;0,84583
221,29601;12,78667;       0,82711;80,95165;50,00000;20,00000;0,84582
221,41499;12,79333;       0,82855;80,95020;50,00000;20,00000;0,84580
221,50500;12,80000;       0,82980;80,94921;49,00000;20,00000;0,84579
221,61900;12,80667;       0,83119;80,94773;49,00000;20,00000;0,84578
221,72600;12,81333;       0,83294;80,94578;49,00000;20,00000;0,84577
221,84000;12,82000;       0,83437;80,94433;49,00000;20,00000;0,84575
221,94299;12,82667;       0,83571;80,94286;50,00000;20,00000;0,84574
222,04201;12,83333;       0,83710;80,94189;50,00000;20,00000;0,84573
222,16100;12,84000;       0,83854;80,93993;49,00000;20,00000;0,84572
222,26100;12,84667;       0,83992;80,93847;49,00000;20,00000;0,84570
222,37199;12,85333;       0,84105;80,93702;49,00000;20,00000;0,84569
222,47301;12,86000;       0,84235;80,93557;49,00000;20,00000;0,84568
222,58299;12,86667;       0,84378;80,93411;49,00000;20,00000;0,84567
222,68700;12,87333;       0,84521;80,93315;50,00000;20,00000;0,84565
222,78900;12,88000;       0,84709;80,93168;50,00000;20,00000;0,84564
222,90100;12,88667;       0,84853;80,93071;50,00000;20,00000;0,84563
223,00500;12,89333;       0,84983;80,92976;50,00000;20,00000;0,84562
223,11400;12,90000;       0,85122;80,92831;50,00000;20,00000;0,84560
223,21500;12,90667;       0,85247;80,92685;50,00000;20,00000;0,84559
223,32500;12,91333;       0,85386;80,92441;50,00000;20,00000;0,84558
223,43201;12,92000;       0,85516;80,92197;50,00000;20,00000;0,84556
223,53900;12,92667;       0,85642;80,91953;49,00000;20,00000;0,84555
223,64301;12,93333;       0,85785;80,91711;49,00000;20,00000;0,84554
223,75000;12,94000;       0,85929;80,91519;49,00000;20,00000;0,84553
223,84801;12,94667;       0,86063;80,91425;50,00000;20,00000;0,84551
223,95799;12,95333;       0,86193;80,91380;49,00000;20,00000;0,84550
224,05099;12,96000;       0,86341;80,91383;50,00000;20,00000;0,84549
224,16701;12,96667;       0,86485;80,91286;50,00000;20,00000;0,84548
224,26700;12,97333;       0,86646;80,91140;50,00000;20,00000;0,84546
224,38200;12,98000;       0,86803;80,91043;49,00000;20,00000;0,84545
224,48900;12,98667;       0,86942;80,90897;49,00000;20,00000;0,84544
224,59000;12,99333;       0,87076;80,90800;51,00000;20,00000;0,84543
224,69000;13,00000;       0,87206;80,90654;51,00000;20,00000;0,84541
224,80000;13,00667;       0,87345;80,90559;52,00000;20,00000;0,84540
224,90700;13,01333;       0,87471;80,90465;52,00000;20,00000;0,84539
225,00600;13,02000;       0,87606;80,90368;49,00000;20,00000;0,84537
225,12000;13,02667;       0,87754;80,90222;49,00000;20,00000;0,84536
225,21700;13,03333;       0,87888;80,90125;49,00000;20,00000;0,84535
225,33200;13,04000;       0,88005;80,89832;50,00000;20,00000;0,84533
225,43401;13,04667;       0,88135;80,89637;50,00000;20,00000;0,84532
225,53999;13,05333;       0,88265;80,89492;52,00000;20,00000;0,84531
225,63901;13,06000;       0,88400;80,89347;49,00000;20,00000;0,84530
225,75400;13,06667;       0,88530;80,89252;49,00000;20,00000;0,84528
225,85201;13,07333;       0,88660;80,89106;50,00000;20,00000;0,84527
225,95799;13,08000;       0,88813;80,88961;50,00000;20,00000;0,84526
226,06200;13,08667;       0,88965;80,88867;50,00000;20,00000;0,84524
226,16100;13,09333;       0,89091;80,88723;50,00000;20,00000;0,84523
226,27000;13,10000;       0,89212;80,88627;49,00000;20,00000;0,84522
226,37500;13,10667;       0,89351;80,88480;49,00000;20,00000;0,84521
226,48399;13,11333;       0,89491;80,88384;51,00000;20,00000;0,84519
226,59000;13,12000;       0,89616;80,88189;51,00000;20,00000;0,84518
226,69701;13,12667;       0,89756;80,88045;52,00000;20,00000;0,84517
226,79300;13,13333;       0,89890;80,87901;52,00000;20,00000;0,84515
226,90401;13,14000;       0,90025;80,87462;49,00000;20,00000;0,84514
226,99500;13,14667;       0,90168;80,87170;49,00000;20,00000;0,84513
227,11099;13,15333;       0,90308;80,86878;49,00000;20,00000;0,84511
227,21201;13,16000;       0,90447;80,86683;50,00000;20,00000;0,84510
227,31000;13,16667;       0,90568;80,86635;52,00000;20,00000;0,84509
227,42700;13,17333;       0,90699;80,86587;52,00000;20,00000;0,84507
227,53200;13,18000;       0,90838;80,86539;49,00000;20,00000;0,84506
227,63100;13,18667;       0,90990;80,86490;49,00000;20,00000;0,84505
227,73700;13,19333;       0,91129;80,86442;50,00000;20,00000;0,84503
227,84500;13,20000;       0,91269;80,86295;50,00000;20,00000;0,84502
227,95100;13,20667;       0,91399;80,86198;50,00000;20,00000;0,84501
228,06300;13,21333;       0,91525;80,86102;50,00000;20,00000;0,84499
228,16000;13,22000;       0,91633;80,85958;49,00000;20,00000;0,84498
228,26199;13,22667;       0,91772;80,85864;49,00000;20,00000;0,84497
228,36800;13,23333;       0,91911;80,85769;51,00000;20,00000;0,84495
228,46500;13,24000;       0,92068;80,85624;51,00000;20,00000;0,84494
228,56900;13,24667;       0,92203;80,85528;51,00000;20,00000;0,84493
228,68100;13,25333;       0,92329;80,85383;52,00000;20,00000;0,84491
228,78799;13,26000;       0,92460;80,85287;52,00000;20,00000;0,84490
228,88300;13,26667;       0,92581;80,85093;49,00000;20,00000;0,84489
228,99699;13,27333;       0,92698;80,84801;49,00000;20,00000;0,84487
229,08900;13,28000;       0,92828;80,84705;50,00000;20,00000;0,84486
229,19000;13,28667;       0,92945;80,84559;52,00000;20,00000;0,84485
229,31400;13,29333;       0,93063;80,84415;52,00000;20,00000;0,84483
229,40700;13,30000;       0,93188;80,84318;49,00000;20,00000;0,84482
229,50999;13,30667;       0,93319;80,84222;49,00000;20,00000;0,84481
229,60800;13,31333;       0,93480;80,84075;49,00000;20,00000;0,84479
229,72000;13,32000;       0,93606;80,83977;50,00000;20,00000;0,84478
229,82401;13,32667;       0,93723;80,83781;50,00000;20,00000;0,84477
229,94000;13,33333;       0,93863;80,83684;50,00000;20,00000;0,84475
230,03500;13,34000;       0,94015;80,83538;50,00000;20,00000;0,84474
230,13800;13,34667;       0,94150;80,83344;49,00000;20,00000;0,84473
230,24200;13,35333;       0,94272;80,83149;49,00000;20,00000;0,84471
230,34000;13,36000;       0,94393;80,83002;51,00000;20,00000;0,84470
230,46001;13,36667;       0,94524;80,82708;52,00000;20,00000;0,84468
230,55000;13,37333;       0,94654;80,82414;52,00000;20,00000;0,84467
230,66299;13,38000;       0,94780;80,82170;52,00000;20,00000;0,84466
230,77400;13,38667;       0,94902;80,81928;49,00000;20,00000;0,84464
230,86600;13,39333;       0,95023;80,81784;49,00000;20,00000;0,84463
230,97000;13,40000;       0,95149;80,81739;51,00000;20,00000;0,84462
231,06500;13,40667;       0,95289;80,81693;51,00000;20,00000;0,84460
231,17300;13,41333;       0,95424;80,81645;52,00000;20,00000;0,84459
231,27600;13,42000;       0,95554;80,81597;52,00000;20,00000;0,84458
231,38901;13,42667;       0,95672;80,81499;49,00000;20,00000;0,84456
231,49200;13,43333;       0,95784;80,81401;49,00000;20,00000;0,84455
231,59399;13,44000;       0,95924;80,81254;50,00000;20,00000;0,84453
231,70000;13,44667;       0,96068;80,81156;50,00000;20,00000;0,84452
231,79900;13,45333;       0,96198;80,81060;50,00000;20,00000;0,84451
231,91299;13,46000;       0,96320;80,80915;50,00000;20,00000;0,84449
232,01500;13,46667;       0,96441;80,80819;49,00000;20,00000;0,84448
232,10699;13,47333;       0,96563;80,80625;49,00000;20,00000;0,84446
232,21100;13,48000;       0,96685;80,80529;51,00000;20,00000;0,84445
232,31799;13,48667;       0,96802;80,80382;50,00000;20,00000;0,84444
232,42599;13,49333;       0,96919;80,80234;50,00000;20,00000;0,84442
232,52600;13,50000;       0,97041;80,80086;50,00000;20,00000;0,84441
232,63600;13,50667;       0,97176;80,79938;50,00000;20,00000;0,84439
232,74100;13,51333;       0,97311;80,79840;50,00000;20,00000;0,84438
232,84300;13,52000;       0,97441;80,79742;51,00000;20,00000;0,84437
232,95100;13,52667;       0,97563;80,79645;51,00000;20,00000;0,84435
233,05000;13,53333;       0,97680;80,79549;52,00000;20,00000;0,84434
233,15800;13,54000;       0,97802;80,79403;51,00000;20,00000;0,84432
233,25700;13,54667;       0,97928;80,79306;49,00000;20,00000;0,84431
233,35600;13,55333;       0,98054;80,79209;49,00000;20,00000;0,84430
233,46700;13,56000;       0,98172;80,79112;50,00000;20,00000;0,84428
233,56900;13,56667;       0,98302;80,78965;50,00000;20,00000;0,84427
233,67400;13,57333;       0,98429;80,78819;49,00000;20,00000;0,84425
233,78300;13,58000;       0,98551;80,78723;49,00000;20,00000;0,84424
233,87900;13,58667;       0,98677;80,78577;50,00000;20,00000;0,84422
233,98100;13,59333;       0,98798;80,78530;50,00000;20,00000;0,84421
234,08000;13,60000;       0,98924;80,78432;51,00000;20,00000;0,84420
234,18300;13,60667;       0,99051;80,78286;52,00000;20,00000;0,84418
234,30400;13,61333;       0,99173;80,78189;52,00000;20,00000;0,84417
234,40100;13,62000;       0,99290;80,77993;49,00000;20,00000;0,84415
234,50000;13,62667;       0,99421;80,77749;49,00000;20,00000;0,84414
234,59801;13,63333;       0,99542;80,77554;49,00000;20,00000;0,84413
234,70399;13,64000;       0,99664;80,77360;50,00000;20,00000;0,84411
234,80701;13,64667;       0,99786;80,77165;51,00000;20,00000;0,84410
234,92000;13,65333;       0,99903;80,76969;49,00000;20,00000;0,84408
235,01100;13,66000;       1,00025;80,76922;51,00000;20,00000;0,84407
235,11301;13,66667;       1,00156;80,76873;49,00000;20,00000;0,84405
235,22400;13,67333;       1,00273;80,76825;50,00000;20,00000;0,84404
235,32700;13,68000;       1,00400;80,76777;50,00000;20,00000;0,84402
235,42500;13,68667;       1,00521;80,76778;50,00000;20,00000;0,84401
235,53700;13,69333;       1,00643;80,76729;49,00000;20,00000;0,84400
235,63200;13,70000;       1,00765;80,76632;49,00000;20,00000;0,84398
235,74200;13,70667;       1,00878;80,76583;49,00000;20,00000;0,84397
235,83701;13,71333;       1,00991;80,76485;51,00000;20,00000;0,84395
235,94901;13,72000;       1,01109;80,76386;51,00000;20,00000;0,84394
236,05200;13,72667;       1,01230;80,76337;52,00000;20,00000;0,84392
236,15300;13,73333;       1,01357;80,76239;52,00000;20,00000;0,84391
236,26500;13,74000;       1,01488;80,76141;49,00000;20,00000;0,84389
236,35699;13,74667;       1,01601;80,76044;50,00000;20,00000;0,84388
236,46800;13,75333;       1,01723;80,75899;50,00000;20,00000;0,84387
236,56599;13,76000;       1,01840;80,75803;51,00000;20,00000;0,84385
236,66901;13,76667;       1,01966;80,75658;51,00000;20,00000;0,84384
236,77299;13,77333;       1,02093;80,75561;51,00000;20,00000;0,84382
236,86900;13,78000;       1,02206;80,75415;49,00000;20,00000;0,84381
236,96600;13,78667;       1,02327;80,75169;49,00000;20,00000;0,84379
237,08400;13,79333;       1,02441;80,75071;50,00000;20,00000;0,84378
237,19501;13,80000;       1,02567;80,74924;50,00000;20,00000;0,84376
237,27600;13,80667;       1,02680;80,74728;50,00000;20,00000;0,84375
237,39600;13,81333;       1,02807;80,74583;50,00000;20,00000;0,84373
237,49600;13,82000;       1,02897;80,74438;49,00000;20,00000;0,84372
237,59000;13,82667;       1,03015;80,74292;49,00000;20,00000;0,84371
237,68800;13,83333;       1,03141;80,74196;51,00000;20,00000;0,84369
237,79300;13,84000;       1,03254;80,74099;51,00000;20,00000;0,84368
237,90800;13,84667;       1,03350;80,73952;52,00000;20,00000;0,84366
238,00600;13,85333;       1,03476;80,73853;52,00000;20,00000;0,84365
238,09700;13,86000;       1,03611;80,73705;49,00000;20,00000;0,84363
238,21201;13,86667;       1,03733;80,73656;49,00000;20,00000;0,84362
238,31599;13,87333;       1,03838;80,73558;50,00000;20,00000;0,84360
238,42400;13,88000;       1,03960;80,73460;50,00000;20,00000;0,84359
238,51500;13,88667;       1,04077;80,73314;52,00000;20,00000;0,84357
238,62300;13,89333;       1,04190;80,73118;52,00000;20,00000;0,84356
238,72701;13,90000;       1,04312;80,72874;49,00000;20,00000;0,84354
238,82300;13,90667;       1,04425;80,72679;49,00000;20,00000;0,84353
238,92799;13,91333;       1,04552;80,72483;50,00000;20,00000;0,84351
239,03400;13,92000;       1,04670;80,72287;50,00000;20,00000;0,84350
239,12700;13,92667;       1,04760;80,72139;50,00000;20,00000;0,84348
239,23900;13,93333;       1,04856;80,72040;50,00000;20,00000;0,84347
239,34200;13,94000;       1,04974;80,71991;50,00000;20,00000;0,84345
239,44600;13,94667;       1,05087;80,71893;49,00000;20,00000;0,84344
239,55400;13,95333;       1,05196;80,71795;51,00000;20,00000;0,84342
239,64600;13,96000;       1,05317;80,71649;51,00000;20,00000;0,84341
239,74600;13,96667;       1,05426;80,71552;51,00000;20,00000;0,84339
239,85600;13,97333;       1,05539;80,71357;51,00000;20,00000;0,84338
239,96100;13,98000;       1,05662;80,71211;49,00000;20,00000;0,84336
240,05600;13,98667;       1,05788;80,71065;49,00000;20,00000;0,84335
240,15199;13,99333;       1,05906;80,70968;50,00000;20,00000;0,84333
240,26401;14,00000;       1,06015;80,70773;50,00000;20,00000;0,84332
240,36301;14,00667;       1,06132;80,70675;52,00000;20,00000;0,84330
240,46300;14,01333;       1,06245;80,70529;52,00000;20,00000;0,84329
240,57100;14,02000;       1,06354;80,70382;49,00000;20,00000;0,84327
240,66600;14,02667;       1,06472;80,70236;49,00000;20,00000;0,84326
240,77100;14,03333;       1,06576;80,70088;50,00000;20,00000;0,84324
240,87000;14,04000;       1,06689;80,69940;50,00000;20,00000;0,84323
240,97900;14,04667;       1,06798;80,69793;50,00000;20,00000;0,84321
241,08200;14,05333;       1,06894;80,69694;50,00000;20,00000;0,84320
241,18500;14,06000;       1,06998;80,69596;49,00000;20,00000;0,84318
241,28700;14,06667;       1,07103;80,69449;49,00000;20,00000;0,84317
241,38000;14,07333;       1,07220;80,69352;49,00000;20,00000;0,84315
241,49200;14,08000;       1,07329;80,69254;51,00000;20,00000;0,84314
241,58900;14,08667;       1,07451;80,69205;51,00000;20,00000;0,84312
241,70000;14,09333;       1,07565;80,69107;51,00000;20,00000;0,84310
241,79300;14,10000;       1,07682;80,69010;49,00000;20,00000;0,84309
241,89999;14,10667;       1,07787;80,68912;49,00000;20,00000;0,84307
241,99600;14,11333;       1,07882;80,68765;49,00000;20,00000;0,84306
242,09801;14,12000;       1,07991;80,68520;51,00000;20,00000;0,84304
242,21500;14,12667;       1,08100;80,68324;51,00000;20,00000;0,84303
242,30000;14,13333;       1,08200;80,68126;52,00000;20,00000;0,84301
242,40199;14,14000;       1,08318;80,67929;49,00000;20,00000;0,84300
242,51300;14,14667;       1,08445;80,67782;49,00000;20,00000;0,84298
242,62601;14,15333;       1,08549;80,67636;49,00000;20,00000;0,84296
242,71700;14,16000;       1,08658;80,67588;50,00000;20,00000;0,84295
242,81000;14,16667;       1,08776;80,67540;50,00000;20,00000;0,84294
242,91000;14,17333;       1,08898;80,67491;50,00000;20,00000;0,84292
243,02400;14,18000;       1,09007;80,67492;50,00000;20,00000;0,84290
243,12300;14,18667;       1,09085;80,67394;49,00000;20,00000;0,84289
243,22701;14,19333;       1,09176;80,67295;49,00000;20,00000;0,84287
243,32201;14,20000;       1,09276;80,67197;51,00000;20,00000;0,84286
243,42999;14,20667;       1,09389;80,67098;51,00000;20,00000;0,84284
243,52699;14,21333;       1,09503;80,67000;50,00000;20,00000;0,84283
243,64500;14,22000;       1,09612;80,66902;49,00000;20,00000;0,84281
243,72501;14,22667;       1,09720;80,66804;49,00000;20,00000;0,84280
243,83701;14,23333;       1,09821;80,66705;49,00000;20,00000;0,84278
243,94000;14,24000;       1,09934;80,66607;51,00000;20,00000;0,84276
244,04201;14,24667;       1,10048;80,66558;51,00000;20,00000;0,84275
244,14200;14,25333;       1,10152;80,66558;52,00000;20,00000;0,84273
244,25000;14,26000;       1,10275;80,66460;52,00000;20,00000;0,84272
244,34599;14,26667;       1,10397;80,66410;49,00000;20,00000;0,84270
244,44400;14,27333;       1,10439;80,66312;49,00000;20,00000;0,84269
244,55099;14,28000;       1,10557;80,66263;50,00000;20,00000;0,84267
244,65900;14,28667;       1,10679;80,66165;50,00000;20,00000;0,84265
244,75900;14,29333;       1,10788;80,65919;50,00000;20,00000;0,84264
244,85201;14,30000;       1,10879;80,65772;50,00000;20,00000;0,84262
244,95799;14,30667;       1,10989;80,65675;49,00000;20,00000;0,84261
245,05499;14,31333;       1,11089;80,65577;49,00000;20,00000;0,84259
245,16200;14,32000;       1,11193;80,65478;51,00000;20,00000;0,84258
245,26100;14,32667;       1,11302;80,65380;50,00000;20,00000;0,84256
245,37399;14,33333;       1,11398;80,65331;50,00000;20,00000;0,84254
245,45799;14,34000;       1,11494;80,65232;50,00000;20,00000;0,84253
245,56300;14,34667;       1,11594;80,65133;49,00000;20,00000;0,84251
245,67500;14,35333;       1,11708;80,65083;49,00000;20,00000;0,84250
245,78000;14,36000;       1,11817;80,64985;50,00000;20,00000;0,84248
245,87199;14,36667;       1,11926;80,64837;50,00000;20,00000;0,84247
245,97501;14,37333;       1,12035;80,64739;51,00000;20,00000;0,84245
246,07401;14,38000;       1,12135;80,64641;51,00000;20,00000;0,84243
246,18300;14,38667;       1,12231;80,64543;49,00000;20,00000;0,84242
246,28101;14,39333;       1,12322;80,64445;49,00000;20,00000;0,84240
246,38300;14,40000;       1,12427;80,64348;49,00000;20,00000;0,84239
246,48399;14,40667;       1,12527;80,64250;49,00000;20,00000;0,84237
246,58099;14,41333;       1,12618;80,64152;50,00000;20,00000;0,84235
246,67799;14,42000;       1,12732;80,64053;50,00000;20,00000;0,84234
246,78600;14,42667;       1,12832;80,63955;50,00000;20,00000;0,84232
246,89600;14,43333;       1,12923;80,63807;49,00000;20,00000;0,84230
246,99001;14,44000;       1,13015;80,63709;49,00000;20,00000;0,84229
247,09399;14,44667;       1,13110;80,63611;49,00000;20,00000;0,84227
247,19099;14,45333;       1,13202;80,63463;50,00000;20,00000;0,84226
247,28600;14,46000;       1,13293;80,63413;50,00000;20,00000;0,84224
247,39700;14,46667;       1,13398;80,63315;50,00000;20,00000;0,84222
247,50101;14,47333;       1,13503;80,63216;50,00000;20,00000;0,84221
247,60201;14,48000;       1,13545;80,63119;49,00000;20,00000;0,84219
247,70500;14,48667;       1,13636;80,63023;49,00000;20,00000;0,84218
247,80200;14,49333;       1,13754;80,62927;51,00000;20,00000;0,84216
247,88499;14,50000;       1,13876;80,62781;51,00000;20,00000;0,84215
247,99600;14,50667;       1,13990;80,62683;51,00000;20,00000;0,84213
248,09500;14,51333;       1,14100;80,62584;51,00000;20,00000;0,84211
248,20599;14,52000;       1,14200;80,62336;49,00000;20,00000;0,84210
248,30499;14,52667;       1,14291;80,62137;49,00000;20,00000;0,84208
248,40800;14,53333;       1,14383;80,61938;49,00000;20,00000;0,84206
248,51100;14,54000;       1,14488;80,61740;50,00000;20,00000;0,84205
248,61099;14,54667;       1,14588;80,61493;50,00000;20,00000;0,84203
248,71500;14,55333;       1,14679;80,61394;49,00000;20,00000;0,84201
248,81599;14,56000;       1,14771;80,61296;49,00000;20,00000;0,84200
248,91499;14,56667;       1,14858;80,61247;49,00000;20,00000;0,84198
249,01900;14,57333;       1,14945;80,61149;50,00000;20,00000;0,84196
249,11700;14,58000;       1,15063;80,61051;50,00000;20,00000;0,84195
249,21201;14,58667;       1,15168;80,60954;50,00000;20,00000;0,84193
249,32600;14,59333;       1,15250;80,60856;50,00000;20,00000;0,84192
249,41800;14,60000;       1,15351;80,60758;49,00000;20,00000;0,84190
249,51401;14,60667;       1,15451;80,60659;49,00000;20,00000;0,84188
249,61900;14,61333;       1,15542;80,60559;49,00000;20,00000;0,84187
249,72200;14,62000;       1,15630;80,60410;51,00000;20,00000;0,84185
249,82401;14,62667;       1,15712;80,60310;51,00000;20,00000;0,84183
249,93500;14,63333;       1,15804;80,60211;52,00000;20,00000;0,84182
250,03600;14,64000;       1,15895;80,60163;52,00000;20,00000;0,84180
250,12700;14,64667;       1,15987;80,60115;49,00000;20,00000;0,84178
250,22501;14,65333;       1,16087;80,60018;49,00000;20,00000;0,84177
250,32300;14,66000;       1,16187;80,59921;50,00000;20,00000;0,84175
250,42900;14,66667;       1,16279;80,59824;50,00000;20,00000;0,84174
250,52699;14,67333;       1,16366;80,59577;49,00000;20,00000;0,84172
250,62900;14,68000;       1,16444;80,59429;49,00000;20,00000;0,84170
250,72600;14,68667;       1,16527;80,59282;49,00000;20,00000;0,84169
250,84399;14,69333;       1,16618;80,59184;49,00000;20,00000;0,84167
250,92900;14,70000;       1,16705;80,59038;50,00000;20,00000;0,84165
251,02699;14,70667;       1,16810;80,58989;50,00000;20,00000;0,84164
251,12801;14,71333;       1,16915;80,58940;50,00000;20,00000;0,84162
251,22900;14,72000;       1,17015;80,58842;50,00000;20,00000;0,84160
251,33299;14,72667;       1,17103;80,58743;49,00000;20,00000;0,84159
251,43700;14,73333;       1,17141;80,58693;51,00000;20,00000;0,84157
251,53600;14,74000;       1,17219;80,58594;51,00000;20,00000;0,84155
251,63200;14,74667;       1,17310;80,58496;51,00000;20,00000;0,84154
251,73900;14,75333;       1,17402;80,58397;51,00000;20,00000;0,84152
251,83200;14,76000;       1,17498;80,58299;51,00000;20,00000;0,84150
251,94200;14,76667;       1,17625;80,58250;49,00000;20,00000;0,84149
252,03500;14,77333;       1,17721;80,58151;49,00000;20,00000;0,84147
252,13901;14,78000;       1,17809;80,58053;50,00000;20,00000;0,84145
252,23599;14,78667;       1,17896;80,57954;50,00000;20,00000;0,84144
252,33900;14,79333;       1,17934;80,57854;52,00000;20,00000;0,84142
252,43800;14,80000;       1,18057;80,57804;52,00000;20,00000;0,84140
252,54500;14,80667;       1,18148;80,57706;49,00000;20,00000;0,84138
252,65199;14,81333;       1,18187;80,57608;49,00000;20,00000;0,84137
252,74100;14,82000;       1,18229;80,57461;50,00000;20,00000;0,84135
252,83400;14,82667;       1,18352;80,57364;50,00000;20,00000;0,84134
252,93800;14,83333;       1,18448;80,57266;49,00000;20,00000;0,84132
253,04100;14,84000;       1,18535;80,57118;49,00000;20,00000;0,84130
253,14500;14,84667;       1,18636;80,57068;49,00000;20,00000;0,84128
253,24001;14,85333;       1,18732;80,56821;49,00000;20,00000;0,84127
253,34500;14,86000;       1,18819;80,56672;50,00000;20,00000;0,84125
253,44200;14,86667;       1,18893;80,56524;50,00000;20,00000;0,84123
253,54500;14,87333;       1,18971;80,56326;51,00000;20,00000;0,84122
253,65300;14,88000;       1,19050;80,56177;51,00000;20,00000;0,84120
253,74500;14,88667;       1,19132;80,55979;49,00000;20,00000;0,84118
253,84700;14,89333;       1,19210;80,55879;49,00000;20,00000;0,84117
253,94800;14,90000;       1,19298;80,55828;50,00000;20,00000;0,84115
254,05800;14,90667;       1,19381;80,55778;50,00000;20,00000;0,84113
254,14900;14,91333;       1,19454;80,55678;52,00000;20,00000;0,84111
254,25500;14,92000;       1,19511;80,55578;52,00000;20,00000;0,84110
254,35400;14,92667;       1,19589;80,55479;49,00000;20,00000;0,84108
254,45700;14,93333;       1,19667;80,55380;49,00000;20,00000;0,84106
254,56000;14,94000;       1,19741;80,55281;50,00000;20,00000;0,84104
254,64799;14,94667;       1,19824;80,55181;50,00000;20,00000;0,84103
254,75400;14,95333;       1,19929;80,55080;50,00000;20,00000;0,84101
254,86000;14,96000;       1,19999;80,54930;50,00000;20,00000;0,84099
254,96201;14,96667;       1,20023;80,54829;49,00000;20,00000;0,84098
255,06900;14,97333;       1,20133;80,54729;49,00000;20,00000;0,84096
255,17101;14,98000;       1,20234;80,54630;50,00000;20,00000;0,84094
255,26300;14,98667;       1,20317;80,54532;50,00000;20,00000;0,84092
255,36600;14,99333;       1,20386;80,54435;50,00000;20,00000;0,84091
255,46100;15,00000;       1,20442;80,54339;50,00000;20,00000;0,84089
255,56300;15,00667;       1,20529;80,54143;50,00000;20,00000;0,84087
255,65500;15,01333;       1,20621;80,53996;50,00000;20,00000;0,84086
255,75400;15,02000;       1,20690;80,53896;50,00000;20,00000;0,84084
255,85699;15,02667;       1,20769;80,53795;51,00000;20,00000;0,84082
255,96700;15,03333;       1,20852;80,53694;51,00000;20,00000;0,84080
256,06900;15,04000;       1,20926;80,53592;52,00000;20,00000;0,84078
256,17001;15,04667;       1,21004;80,53491;49,00000;20,00000;0,84077
256,26401;15,05333;       1,21087;80,53390;49,00000;20,00000;0,84075
256,37399;15,06000;       1,21161;80,53289;50,00000;20,00000;0,84073
256,47198;15,06667;       1,21235;80,53189;50,00000;20,00000;0,84071
256,57501;15,07333;       1,21296;80,53090;50,00000;20,00000;0,84070
256,68201;15,08000;       1,21343;80,52942;50,00000;20,00000;0,84068
256,76199;15,08667;       1,21403;80,52843;49,00000;20,00000;0,84066
256,87701;15,09333;       1,21469;80,52745;49,00000;20,00000;0,84064
256,97101;15,10000;       1,21552;80,52646;49,00000;20,00000;0,84063
257,07300;15,10667;       1,21617;80,52547;50,00000;20,00000;0,84061
257,17300;15,11333;       1,21668;80,52448;51,00000;20,00000;0,84059
257,27701;15,12000;       1,21707;80,52350;49,00000;20,00000;0,84057
257,37000;15,12667;       1,21781;80,52251;49,00000;20,00000;0,84056
257,46899;15,13333;       1,21846;80,52151;50,00000;20,00000;0,84054
257,56699;15,14000;       1,21902;80,52051;49,00000;20,00000;0,84052
257,68100;15,14667;       1,21967;80,51803;50,00000;20,00000;0,84050
257,77600;15,15333;       1,22014;80,51654;50,00000;20,00000;0,84049
257,88101;15,16000;       1,22062;80,51456;49,00000;20,00000;0,84047
257,97299;15,16667;       1,22127;80,51307;49,00000;20,00000;0,84045
258,07199;15,17333;       1,22192;80,51109;50,00000;20,00000;0,84043
258,17801;15,18000;       1,22253;80,50960;50,00000;20,00000;0,84042
258,27802;15,18667;       1,22309;80,50909;50,00000;20,00000;0,84040
258,37900;15,19333;       1,22378;80,50809;49,00000;20,00000;0,84038
258,48001;15,20000;       1,22394;80,50759;49,00000;20,00000;0,84036
258,58200;15,20667;       1,22401;80,50759;49,00000;20,00000;0,84034
258,67300;15,21333;       1,22449;80,50709;50,00000;20,00000;0,84033
258,78400;15,22000;       1,22509;80,50660;51,00000;20,00000;0,84031
258,87701;15,22667;       1,22570;80,50660;52,00000;20,00000;0,84029
258,96799;15,23333;       1,22626;80,50660;52,00000;20,00000;0,84028
259,08401;15,24000;       1,22669;80,50659;49,00000;20,00000;0,84026
259,17001;15,24667;       1,22712;80,50608;49,00000;20,00000;0,84024
259,27399;15,25333;       1,22750;80,50607;50,00000;20,00000;0,84022
259,38199;15,26000;       1,22789;80,50605;50,00000;20,00000;0,84020
259,48300;15,26667;       1,22836;80,50555;51,00000;20,00000;0,84018
259,57300;15,27333;       1,22870;80,50504;51,00000;20,00000;0,84017
259,68100;15,28000;       1,22904;80,50454;49,00000;20,00000;0,84015
259,78000;15,28667;       1,22920;80,50405;49,00000;20,00000;0,84013
259,87900;15,29333;       1,22922;80,50355;50,00000;20,00000;0,84011
259,97101;15,30000;       1,22947;80,50305;50,00000;20,00000;0,84010
260,07800;15,30667;       1,22954;80,50255;50,00000;20,00000;0,84008
260,18201;15,31333;       1,22971;80,50206;50,00000;20,00000;0,84006
260,27701;15,32000;       1,23000;80,50107;50,00000;20,00000;0,84004
260,36899;15,32667;       1,23016;80,49958;49,00000;20,00000;0,84003
260,47400;15,33333;       1,23001;80,49809;49,00000;20,00000;0,84001
260,57901;15,34000;       1,22990;80,49710;51,00000;20,00000;0,83999
260,67801;15,34667;       1,23002;80,49610;52,00000;20,00000;0,83997
260,77200;15,35333;       1,23004;80,49510;52,00000;20,00000;0,83995
260,87500;15,36000;       1,22993;80,49410;52,00000;20,00000;0,83993
260,98001;15,36667;       1,22996;80,49212;49,00000;20,00000;0,83991
261,08099;15,37333;       1,22999;80,49064;49,00000;20,00000;0,83990
261,17200;15,38000;       1,22974;80,48966;49,00000;20,00000;0,83988
261,27200;15,38667;       1,22937;80,48867;51,00000;20,00000;0,83986
261,37701;15,39333;       1,22917;80,48670;51,00000;20,00000;0,83984
261,46600;15,40000;       1,22897;80,48521;49,00000;20,00000;0,83983
261,57501;15,40667;       1,22869;80,48421;49,00000;20,00000;0,83981
261,67401;15,41333;       1,22840;80,48271;50,00000;20,00000;0,83979
261,77200;15,42000;       1,22771;80,48121;50,00000;20,00000;0,83977
261,87500;15,42667;       1,22734;80,48020;50,00000;20,00000;0,83975
261,97400;15,43333;       1,22696;80,47870;50,00000;20,00000;0,83973
262,07800;15,44000;       1,22641;80,47719;50,00000;20,00000;0,83971
262,17899;15,44667;       1,22567;80,47471;49,00000;20,00000;0,83970
262,28000;15,45333;       1,22517;80,47223;49,00000;20,00000;0,83968
262,37601;15,46000;       1,22430;80,47025;51,00000;20,00000;0,83966
262,48599;15,46667;       1,22330;80,46778;51,00000;20,00000;0,83964
262,57401;15,47333;       1,22225;80,46629;52,00000;20,00000;0,83962
262,67099;15,48000;       1,22169;80,46529;52,00000;20,00000;0,83961
262,78400;15,48667;       1,22096;80,46429;49,00000;20,00000;0,83959
262,87299;15,49333;       1,22009;80,46280;49,00000;20,00000;0,83957
262,97800;15,50000;       1,21922;80,46131;49,00000;20,00000;0,83955
263,08301;15,50667;       1,21827;80,46032;51,00000;20,00000;0,83953
263,17200;15,51333;       1,21731;80,45884;51,00000;20,00000;0,83951
263,27399;15,52000;       1,21617;80,45736;51,00000;20,00000;0,83950
263,37799;15,52667;       1,21477;80,45588;51,00000;20,00000;0,83948
263,47101;15,53333;       1,21332;80,45441;49,00000;20,00000;0,83946
263,57199;15,54000;       1,21214;80,45293;49,00000;20,00000;0,83944
263,66901;15,54667;       1,21087;80,45194;49,00000;20,00000;0,83942
263,76300;15,55333;       1,20923;80,45046;50,00000;20,00000;0,83940
263,87399;15,56000;       1,20765;80,44749;50,00000;20,00000;0,83938
263,96701;15,56667;       1,20602;80,44551;49,00000;20,00000;0,83937
264,06699;15,57333;       1,20435;80,44304;49,00000;20,00000;0,83935
264,16800;15,58000;       1,20272;80,44056;49,00000;20,00000;0,83933
264,26901;15,58667;       1,20100;80,43858;49,00000;20,00000;0,83931
264,36301;15,59333;       1,19928;80,43317;51,00000;20,00000;0,83929
264,46100;15,60000;       1,19730;80,42974;51,00000;20,00000;0,83927
264,55701;15,60667;       1,19540;80,42579;50,00000;20,00000;0,83926
264,66299;15,61333;       1,19346;80,42430;50,00000;20,00000;0,83924
264,76199;15,62000;       1,19120;80,42379;49,00000;20,00000;0,83922
264,85999;15,62667;       1,18912;80,42230;49,00000;20,00000;0,83920
264,95801;15,63333;       1,18709;80,42032;51,00000;20,00000;0,83918
265,06601;15,64000;       1,18493;80,41835;52,00000;20,00000;0,83916
265,16400;15,64667;       1,18254;80,41638;52,00000;20,00000;0,83914
265,24899;15,65333;       1,18023;80,41391;49,00000;20,00000;0,83913
265,35199;15,66000;       1,17784;80,41096;49,00000;20,00000;0,83911
265,45401;15,66667;       1,17550;80,40898;49,00000;20,00000;0,83909
265,55701;15,67333;       1,17297;80,40454;50,00000;20,00000;0,83907
265,65201;15,68000;       1,17058;80,40256;50,00000;20,00000;0,83905
265,74899;15,68667;       1,16783;80,40057;50,00000;20,00000;0,83903
265,84900;15,69333;       1,16522;80,39907;50,00000;20,00000;0,83901
265,95300;15,70000;       1,16251;80,39756;49,00000;20,00000;0,83899
266,05701;15,70667;       1,15954;80,39117;49,00000;20,00000;0,83897
266,14499;15,71333;       1,15679;80,38575;51,00000;20,00000;0,83896
266,24799;15,72000;       1,15395;80,38279;50,00000;20,00000;0,83894
266,34698;15,72667;       1,15107;80,38229;50,00000;20,00000;0,83892
266,44601;15,73333;       1,14841;80,38227;50,00000;20,00000;0,83890
266,54599;15,74000;       1,14526;80,38076;49,00000;20,00000;0,83888
266,65100;15,74667;       1,14188;80,37827;49,00000;20,00000;0,83886
266,74100;15,75333;       1,13868;80,37483;51,00000;20,00000;0,83884
266,84900;15,76000;       1,13549;80,37238;51,00000;20,00000;0,83882
266,93799;15,76667;       1,13238;80,36647;51,00000;20,00000;0,83881
267,04300;15,77333;       1,12936;80,36104;51,00000;20,00000;0,83879
267,13300;15,78000;       1,12625;80,35808;51,00000;20,00000;0,83877
267,24500;15,78667;       1,12301;80,35757;49,00000;20,00000;0,83875
267,33499;15,79333;       1,11945;80,35657;49,00000;20,00000;0,83873
267,44400;15,80000;       1,11598;80,35459;50,00000;20,00000;0,83871
267,53601;15,80667;       1,11247;80,34965;50,00000;20,00000;0,83869
267,63599;15,81333;       1,10905;80,34669;50,00000;20,00000;0,83867
267,73099;15,82000;       1,10562;80,34274;49,00000;20,00000;0,83866
267,83600;15,82667;       1,10216;80,33929;49,00000;20,00000;0,83864
267,93600;15,83333;       1,09851;80,33634;50,00000;20,00000;0,83862
268,03299;15,84000;       1,09495;80,33290;50,00000;20,00000;0,83860
268,12701;15,84667;       1,09135;80,32946;50,00000;20,00000;0,83858
268,22601;15,85333;       1,08766;80,32405;50,00000;20,00000;0,83856
268,31500;15,86000;       1,08414;80,31961;49,00000;20,00000;0,83854
268,41901;15,86667;       1,08040;80,31667;49,00000;20,00000;0,83852
268,51501;15,87333;       1,07662;80,31322;51,00000;20,00000;0,83850
268,61801;15,88000;       1,07275;80,30681;51,00000;20,00000;0,83848
268,72299;15,88667;       1,06884;80,30039;51,00000;20,00000;0,83846
268,81100;15,89333;       1,06518;80,29840;51,00000;20,00000;0,83845
268,91299;15,90000;       1,06136;80,29542;51,00000;20,00000;0,83843
269,01599;15,90667;       1,05744;80,29046;49,00000;20,00000;0,83841
269,11899;15,91333;       1,05348;80,28551;49,00000;20,00000;0,83839
269,21701;15,92000;       1,04965;80,27860;50,00000;20,00000;0,83837
269,32199;15,92667;       1,04574;80,27514;50,00000;20,00000;0,83835
269,41599;15,93333;       1,04186;80,27021;49,00000;20,00000;0,83833
269,51199;15,94000;       1,03799;80,26480;49,00000;20,00000;0,83831
269,60999;15,94667;       1,03407;80,26036;49,00000;20,00000;0,83829
269,70300;15,95333;       1,03001;80,25396;50,00000;20,00000;0,83827
269,81000;15,96000;       1,02587;80,25050;50,00000;20,00000;0,83825
269,90399;15,96667;       1,02182;80,24555;50,00000;20,00000;0,83823
270,00699;15,97333;       1,01777;80,23666;50,00000;20,00000;0,83821
270,10599;15,98000;       1,01362;80,22977;49,00000;20,00000;0,83819
270,20099;15,98667;       1,00952;80,22781;49,00000;20,00000;0,83818
270,30399;15,99333;       1,00538;80,22092;51,00000;20,00000;0,83816
270,39200;16,00000;       1,00132;80,21206;51,00000;20,00000;0,83814
270,49899;16,00667;       0,99732;80,20518;51,00000;20,00000;0,83812
270,59500;16,01333;       0,99335;80,20321;52,00000;20,00000;0,83810
270,68799;16,02000;       0,98939;80,19289;52,00000;20,00000;0,83808
270,78799;16,02667;       0,98538;80,18453;49,00000;20,00000;0,83806
270,88199;16,03333;       0,98110;80,17961;49,00000;20,00000;0,83804
270,97900;16,04000;       0,97691;80,17074;50,00000;20,00000;0,83802
271,07300;16,04667;       0,97267;80,16482;50,00000;20,00000;0,83800
271,17599;16,05333;       0,96866;80,15594;50,00000;20,00000;0,83798
271,28000;16,06000;       0,96487;80,15051;50,00000;20,00000;0,83796
271,38800;16,06667;       0,96078;80,14509;49,00000;20,00000;0,83794
271,47299;16,07333;       0,95645;80,13624;49,00000;20,00000;0,83793
271,56799;16,08000;       0,95257;80,13032;50,00000;20,00000;0,83791
271,66400;16,08667;       0,94847;80,12096;50,00000;20,00000;0,83789
271,76401;16,09333;       0,94432;80,11606;50,00000;20,00000;0,83787
271,85901;16,10000;       0,94022;80,11311;49,00000;20,00000;0,83785
271,96301;16,10667;       0,93625;80,10177;49,00000;20,00000;0,83783
272,05600;16,11333;       0,93211;80,09585;50,00000;20,00000;0,83781
272,15900;16,12000;       0,92805;80,08697;50,00000;20,00000;0,83779
272,25601;16,12667;       0,92399;80,08103;50,00000;20,00000;0,83777
272,36401;16,13333;       0,91989;80,07215;51,00000;20,00000;0,83775
272,45200;16,14000;       0,91583;80,06626;51,00000;20,00000;0,83773
272,55099;16,14667;       0,91164;80,05742;49,00000;20,00000;0,83771
272,64200;16,15333;       0,90749;80,05152;49,00000;20,00000;0,83769
272,74200;16,16000;       0,90339;80,04266;50,00000;20,00000;0,83767
272,84100;16,16667;       0,89964;80,03724;50,00000;20,00000;0,83765
272,94000;16,17333;       0,89585;80,03181;50,00000;20,00000;0,83763
273,03201;16,18000;       0,89170;80,02244;50,00000;20,00000;0,83761
273,13800;16,18667;       0,88769;80,01258;51,00000;20,00000;0,83759
273,23999;16,19333;       0,88386;80,00714;51,00000;20,00000;0,83757
273,32300;16,20000;       0,88002;79,99825;49,00000;20,00000;0,83756
273,43701;16,20667;       0,87623;79,99232;49,00000;20,00000;0,83753
273,53500;16,21333;       0,87244;79,98344;50,00000;20,00000;0,83751
273,63199;16,22000;       0,86860;79,97752;50,00000;20,00000;0,83749
273,73700;16,22667;       0,86482;79,96866;49,00000;20,00000;0,83747
273,82501;16,23333;       0,86111;79,96276;50,00000;20,00000;0,83746
273,91800;16,24000;       0,85727;79,95388;49,00000;20,00000;0,83744
274,01901;16,24667;       0,85335;79,94846;49,00000;20,00000;0,83742
274,12000;16,25333;       0,84960;79,94306;51,00000;20,00000;0,83740
274,21399;16,26000;       0,84581;79,93373;51,00000;20,00000;0,83738
274,31201;16,26667;       0,84206;79,92388;51,00000;20,00000;0,83736
274,40799;16,27333;       0,83881;79,91847;51,00000;20,00000;0,83734
274,49600;16,28000;       0,83506;79,90960;49,00000;20,00000;0,83732
274,60800;16,28667;       0,83140;79,90368;49,00000;20,00000;0,83730
274,70001;16,29333;       0,82788;79,89432;51,00000;20,00000;0,83728
274,80301;16,30000;       0,82431;79,88446;51,00000;20,00000;0,83726
274,89401;16,30667;       0,82074;79,87953;52,00000;20,00000;0,83724
274,99701;16,31333;       0,81717;79,87312;52,00000;20,00000;0,83722
275,09500;16,32000;       0,81374;79,86475;49,00000;20,00000;0,83720
275,18701;16,32667;       0,81035;79,85539;49,00000;20,00000;0,83718
275,28799;16,33333;       0,80691;79,84948;50,00000;20,00000;0,83716
275,37900;16,34000;       0,80339;79,84011;50,00000;20,00000;0,83714
275,48199;16,34667;       0,80009;79,83026;50,00000;20,00000;0,83712
275,58499;16,35333;       0,79679;79,82039;50,00000;20,00000;0,83710
275,67801;16,36000;       0,79349;79,81495;50,00000;20,00000;0,83708
275,77701;16,36667;       0,79041;79,80560;49,00000;20,00000;0,83706
275,87299;16,37333;       0,78738;79,79576;49,00000;20,00000;0,83704
275,96899;16,38000;       0,78421;79,79033;51,00000;20,00000;0,83702
276,06799;16,38667;       0,78127;79,78146;51,00000;20,00000;0,83700
276,16699;16,39333;       0,77833;79,77553;52,00000;20,00000;0,83698
276,26401;16,40000;       0,77538;79,76615;49,00000;20,00000;0,83696
276,36099;16,40667;       0,77235;79,75629;49,00000;20,00000;0,83694
276,47101;16,41333;       0,76946;79,75134;49,00000;20,00000;0,83692
276,56000;16,42000;       0,76642;79,74492;49,00000;20,00000;0,83690
276,66199;16,42667;       0,76339;79,73655;51,00000;20,00000;0,83688
276,76099;16,43333;       0,76040;79,72670;51,00000;20,00000;0,83686
276,85300;16,44000;       0,75750;79,71686;51,00000;20,00000;0,83684
276,95001;16,44667;       0,75474;79,71145;52,00000;20,00000;0,83682
277,04501;16,45333;       0,75215;79,70211;52,00000;20,00000;0,83680
277,14600;16,46000;       0,74961;79,69227;49,00000;20,00000;0,83678
277,23901;16,46667;       0,74707;79,68734;49,00000;20,00000;0,83676
277,32999;16,47333;       0,74449;79,68093;50,00000;20,00000;0,83674
277,42999;16,48000;       0,74195;79,67257;50,00000;20,00000;0,83672
277,52701;16,48667;       0,73945;79,66322;50,00000;20,00000;0,83670
277,62500;16,49333;       0,73722;79,65731;50,00000;20,00000;0,83668
277,73599;16,50000;       0,73491;79,64844;49,00000;20,00000;0,83665
277,81601;16,50667;       0,73264;79,64253;49,00000;20,00000;0,83664
277,91699;16,51333;       0,73032;79,63364;51,00000;20,00000;0,83662
278,01300;16,52000;       0,72796;79,62772;51,00000;20,00000;0,83660
278,10999;16,52667;       0,72569;79,61836;52,00000;20,00000;0,83658
278,21301;16,53333;       0,72387;79,60852;50,00000;20,00000;0,83655
278,31000;16,54000;       0,72168;79,60309;49,00000;20,00000;0,83653
278,41000;16,54667;       0,71982;79,59373;49,00000;20,00000;0,83651
278,50500;16,55333;       0,71772;79,58289;49,00000;20,00000;0,83649
278,59299;16,56000;       0,71581;79,57107;51,00000;20,00000;0,83647
278,69800;16,56667;       0,71390;79,56712;51,00000;20,00000;0,83645
278,79901;16,57333;       0,71189;79,55579;51,00000;20,00000;0,83643
278,89001;16,58000;       0,70998;79,54740;51,00000;20,00000;0,83641
278,99100;16,58667;       0,70825;79,54442;51,00000;20,00000;0,83639
279,08499;16,59333;       0,70705;79,53457;49,00000;20,00000;0,83637
279,17700;16,60000;       0,70554;79,52668;49,00000;20,00000;0,83635
279,29401;16,60667;       0,70390;79,51730;50,00000;20,00000;0,83633
279,37900;16,61333;       0,70239;79,50743;50,00000;20,00000;0,83631
279,48499;16,62000;       0,70093;79,49855;50,00000;20,00000;0,83629
279,57800;16,62667;       0,69968;79,49262;50,00000;20,00000;0,83627
279,68500;16,63333;       0,69831;79,48275;49,00000;20,00000;0,83624
279,76901;16,64000;       0,69693;79,47291;49,00000;20,00000;0,83623
279,86499;16,64667;       0,69560;79,46407;50,00000;20,00000;0,83621
279,97198;16,65333;       0,69436;79,45816;50,00000;20,00000;0,83618
280,05600;16,66000;       0,69330;79,44830;50,00000;20,00000;0,83617
280,16000;16,66667;       0,69220;79,43844;50,00000;20,00000;0,83614
280,25800;16,67333;       0,69150;79,42956;49,00000;20,00000;0,83612
280,35599;16,68000;       0,69070;79,42364;49,00000;20,00000;0,83610
280,45700;16,68667;       0,68978;79,41378;51,00000;20,00000;0,83608
280,54901;16,69333;       0,68881;79,40393;51,00000;20,00000;0,83606
280,65302;16,70000;       0,68784;79,39407;51,00000;20,00000;0,83604
280,73700;16,70667;       0,68745;79,39062;51,00000;20,00000;0,83602
280,84399;16,71333;       0,68675;79,38126;49,00000;20,00000;0,83600
280,93301;16,72000;       0,68613;79,37042;49,00000;20,00000;0,83598
281,04099;16,72667;       0,68557;79,36449;50,00000;20,00000;0,83596
281,13199;16,73333;       0,68505;79,35463;50,00000;20,00000;0,83594
281,22800;16,74000;       0,68452;79,34574;50,00000;20,00000;0,83592
281,33099;16,74667;       0,68405;79,33981;50,00000;20,00000;0,83590
281,42599;16,75333;       0,68352;79,33094;50,00000;20,00000;0,83587
281,51801;16,76000;       0,68341;79,32503;51,00000;20,00000;0,83586
281,62399;16,76667;       0,68342;79,31517;49,00000;20,00000;0,83583
281,72101;16,77333;       0,68340;79,30532;49,00000;20,00000;0,83581
281,81400;16,78000;       0,68337;79,29644;50,00000;20,00000;0,83579
281,91599;16,78667;       0,68330;79,29053;50,00000;20,00000;0,83577
282,00299;16,79333;       0,68318;79,28067;49,00000;20,00000;0,83575
282,10699;16,80000;       0,68306;79,27081;49,00000;20,00000;0,83573
282,20200;16,80667;       0,68317;79,26095;49,00000;20,00000;0,83571
282,30801;16,81333;       0,68336;79,25749;49,00000;20,00000;0,83569
282,39700;16,82000;       0,68356;79,24960;49,00000;20,00000;0,83567
282,48999;16,82667;       0,68371;79,24121;50,00000;20,00000;0,83565
282,59698;16,83333;       0,68396;79,23233;50,00000;20,00000;0,83562
282,68600;16,84000;       0,68451;79,22639;50,00000;20,00000;0,83560
282,79001;16,84667;       0,68498;79,21650;50,00000;20,00000;0,83558
282,89301;16,85333;       0,68558;79,20759;49,00000;20,00000;0,83556
282,98801;16,86000;       0,68636;79,20262;50,00000;20,00000;0,83554
283,09399;16,86667;       0,68670;79,19670;50,00000;20,00000;0,83552
283,18799;16,87333;       0,68730;79,18685;52,00000;20,00000;0,83550
283,28500;16,88000;       0,68803;79,17798;52,00000;20,00000;0,83547
283,38000;16,88667;       0,68881;79,17206;49,00000;20,00000;0,83545
283,46899;16,89333;       0,68959;79,16220;49,00000;20,00000;0,83543
283,57700;16,90000;       0,69024;79,15332;50,00000;20,00000;0,83541
283,67499;16,90667;       0,69102;79,14739;50,00000;20,00000;0,83539
283,77100;16,91333;       0,69212;79,13850;50,00000;20,00000;0,83537
283,85699;16,92000;       0,69335;79,13256;50,00000;20,00000;0,83535
283,97400;16,92667;       0,69436;79,12269;50,00000;20,00000;0,83532
284,06500;16,93333;       0,69537;79,11380;49,00000;20,00000;0,83530
284,16299;16,94000;       0,69637;79,10787;49,00000;20,00000;0,83528
284,26700;16,94667;       0,69743;79,09898;51,00000;20,00000;0,83526
284,35699;16,95333;       0,69852;79,09306;51,00000;20,00000;0,83524
284,45801;16,96000;       0,69971;79,08418;52,00000;20,00000;0,83522
284,55200;16,96667;       0,70103;79,07824;52,00000;20,00000;0,83520
284,65399;16,97333;       0,70222;79,06836;49,00000;20,00000;0,83518
284,74500;16,98000;       0,70372;79,05948;49,00000;20,00000;0,83516
284,85199;16,98667;       0,70504;79,05454;49,00000;20,00000;0,83513
284,94199;16,99333;       0,70627;79,04859;50,00000;20,00000;0,83511
285,04401;17,00000;       0,70791;79,03969;51,00000;20,00000;0,83509
285,15100;17,00667;       0,70923;79,03375;50,00000;20,00000;0,83507
285,24799;17,01333;       0,71056;79,02386;50,00000;20,00000;0,83505
285,34799;17,02000;       0,71197;79,02136;49,00000;20,00000;0,83502
285,43799;17,02667;       0,71361;79,01546;49,00000;20,00000;0,83500
285,53101;17,03333;       0,71479;79,00463;49,00000;20,00000;0,83498
285,63199;17,04000;       0,71607;79,00166;50,00000;20,00000;0,83496
285,73199;17,04667;       0,71775;78,99672;50,00000;20,00000;0,83494
285,82800;17,05333;       0,71971;78,98931;49,00000;20,00000;0,83492
285,92200;17,06000;       0,72139;78,98043;49,00000;20,00000;0,83490
286,02802;17,06667;       0,72307;78,97450;49,00000;20,00000;0,83487
286,12100;17,07333;       0,72476;78,96465;50,00000;20,00000;0,83485
286,22101;17,08000;       0,72630;78,96217;51,00000;20,00000;0,83483
286,31400;17,08667;       0,72803;78,95280;51,00000;20,00000;0,83481
286,40100;17,09333;       0,73003;78,94293;49,00000;20,00000;0,83479
286,50400;17,10000;       0,73212;78,94191;49,00000;20,00000;0,83477
286,61301;17,10667;       0,73376;78,93548;50,00000;20,00000;0,83474
286,70700;17,11333;       0,73540;78,92757;49,00000;20,00000;0,83472
286,81400;17,12000;       0,73713;78,91917;51,00000;20,00000;0,83470
286,90201;17,12667;       0,73881;78,91766;51,00000;20,00000;0,83468
286,99899;17,13333;       0,74045;78,91319;50,00000;20,00000;0,83466
287,09201;17,14000;       0,74222;78,90530;50,00000;20,00000;0,83464
287,19800;17,14667;       0,74431;78,89543;50,00000;20,00000;0,83461
287,30301;17,15333;       0,74564;78,89245;50,00000;20,00000;0,83459
287,39099;17,16000;       0,74759;78,88355;50,00000;20,00000;0,83457
287,49600;17,16667;       0,74964;78,87466;50,00000;20,00000;0,83455
287,58899;17,17333;       0,75159;78,87266;49,00000;20,00000;0,83453
287,69199;17,18000;       0,75341;78,86623;49,00000;20,00000;0,83450
287,78699;17,18667;       0,75536;78,86079;49,00000;20,00000;0,83448
287,88800;17,19333;       0,75723;78,85337;49,00000;20,00000;0,83446
287,97900;17,20000;       0,75909;78,84497;50,00000;20,00000;0,83444
288,08701;17,20667;       0,76087;78,84296;51,00000;20,00000;0,83441
288,18100;17,21333;       0,76274;78,83653;51,00000;20,00000;0,83439
288,28299;17,22000;       0,76465;78,82862;49,00000;20,00000;0,83437
288,37500;17,22667;       0,76660;78,82022;49,00000;20,00000;0,83435
288,48199;17,23333;       0,76851;78,81822;49,00000;20,00000;0,83433
288,58301;17,24000;       0,77020;78,81179;51,00000;20,00000;0,83430
288,66901;17,24667;       0,77197;78,80389;51,00000;20,00000;0,83428
288,76199;17,25333;       0,77370;78,79551;50,00000;20,00000;0,83426
288,86600;17,26000;       0,77548;78,79402;50,00000;20,00000;0,83424
288,96600;17,26667;       0,77735;78,79153;50,00000;20,00000;0,83422
289,06000;17,27333;       0,77917;78,78412;50,00000;20,00000;0,83419
289,16299;17,28000;       0,78108;78,77917;50,00000;20,00000;0,83417
289,25900;17,28667;       0,78290;78,77421;50,00000;20,00000;0,83415
289,35501;17,29333;       0,78481;78,76777;50,00000;20,00000;0,83413
289,45001;17,30000;       0,78659;78,76478;49,00000;20,00000;0,83411
289,56299;17,30667;       0,78828;78,75933;49,00000;20,00000;0,83408
289,65601;17,31333;       0,79010;78,75439;51,00000;20,00000;0,83406
289,75500;17,32000;       0,79197;78,74944;51,00000;20,00000;0,83404
289,84201;17,32667;       0,79374;78,74301;51,00000;20,00000;0,83402
289,94501;17,33333;       0,79543;78,74003;51,00000;20,00000;0,83399
290,04099;17,34000;       0,79721;78,73459;50,00000;20,00000;0,83397
290,14401;17,34667;       0,79894;78,72963;49,00000;20,00000;0,83395
290,23999;17,35333;       0,80067;78,72318;49,00000;20,00000;0,83393
290,34698;17,36000;       0,80254;78,72067;50,00000;20,00000;0,83390
290,43600;17,36667;       0,80454;78,71721;50,00000;20,00000;0,83388
290,53299;17,37333;       0,80628;78,71376;50,00000;20,00000;0,83386
290,63300;17,38000;       0,80801;78,70635;50,00000;20,00000;0,83384
290,72800;17,38667;       0,80965;78,70189;50,00000;20,00000;0,83382
290,82599;17,39333;       0,81130;78,69890;50,00000;20,00000;0,83379
290,92499;17,40000;       0,81299;78,69589;50,00000;20,00000;0,83377
291,02701;17,40667;       0,81472;78,69239;50,00000;20,00000;0,83375
291,13000;17,41333;       0,81668;78,68892;50,00000;20,00000;0,83372
291,22601;17,42000;       0,81850;78,68152;49,00000;20,00000;0,83370
291,31900;17,42667;       0,82037;78,67704;49,00000;20,00000;0,83368
291,41800;17,43333;       0,82224;78,67405;51,00000;20,00000;0,83366
291,51599;17,44000;       0,82411;78,67105;51,00000;20,00000;0,83363
291,63300;17,44667;       0,82603;78,66756;52,00000;20,00000;0,83361
291,71799;17,45333;       0,82776;78,66407;52,00000;20,00000;0,83359
291,81799;17,46000;       0,82949;78,65665;50,00000;20,00000;0,83357
291,91800;17,46667;       0,83123;78,65118;49,00000;20,00000;0,83354
292,01901;17,47333;       0,83305;78,65015;49,00000;20,00000;0,83352
292,11801;17,48000;       0,83483;78,64817;51,00000;20,00000;0,83350
292,20801;17,48667;       0,83675;78,64323;51,00000;20,00000;0,83348
292,30099;17,49333;       0,83866;78,63926;51,00000;20,00000;0,83345
292,41501;17,50000;       0,84054;78,63183;50,00000;20,00000;0,83343
292,50500;17,50667;       0,84254;78,62637;50,00000;20,00000;0,83341
292,60800;17,51333;       0,84437;78,62533;50,00000;20,00000;0,83338
292,70700;17,52000;       0,84633;78,62330;50,00000;20,00000;0,83336
292,80801;17,52667;       0,84811;78,61835;50,00000;20,00000;0,83334
292,90500;17,53333;       0,84989;78,61439;50,00000;20,00000;0,83331
293,00601;17,54000;       0,85181;78,61141;49,00000;20,00000;0,83329
293,10101;17,54667;       0,85386;78,60595;49,00000;20,00000;0,83327
293,19101;17,55333;       0,85595;78,59902;51,00000;20,00000;0,83325
293,30099;17,56000;       0,85796;78,59553;51,00000;20,00000;0,83322
293,40100;17,56667;       0,85970;78,59549;52,00000;20,00000;0,83320
293,50601;17,57333;       0,86162;78,59495;50,00000;20,00000;0,83317
293,58899;17,58000;       0,86353;78,59245;49,00000;20,00000;0,83315
293,70300;17,58667;       0,86554;78,58650;49,00000;20,00000;0,83313
293,78601;17,59333;       0,86750;78,58350;50,00000;20,00000;0,83311
293,90100;17,60000;       0,86951;78,58149;50,00000;20,00000;0,83308
293,98999;17,60667;       0,87147;78,57898;50,00000;20,00000;0,83306
294,09399;17,61333;       0,87339;78,57303;50,00000;20,00000;0,83304
294,19400;17,62000;       0,87535;78,56807;50,00000;20,00000;0,83301
294,29599;17,62667;       0,87736;78,56556;50,00000;20,00000;0,83299
294,39301;17,63333;       0,87941;78,56502;50,00000;20,00000;0,83297
294,49301;17,64000;       0,88151;78,56255;50,00000;20,00000;0,83294
294,57199;17,64667;       0,88383;78,55762;50,00000;20,00000;0,83292
294,67801;17,65333;       0,88602;78,55465;50,00000;20,00000;0,83290
294,78500;17,66000;       0,88799;78,55265;49,00000;20,00000;0,83287
294,87000;17,66667;       0,89004;78,55015;49,00000;20,00000;0,83285
294,97800;17,67333;       0,89218;78,54815;49,00000;20,00000;0,83283
295,07501;17,68000;       0,89428;78,54663;50,00000;20,00000;0,83281
295,17099;17,68667;       0,89625;78,54413;50,00000;20,00000;0,83278
295,27200;17,69333;       0,89830;78,53868;50,00000;20,00000;0,83276
295,37299;17,70000;       0,90036;78,53422;49,00000;20,00000;0,83274
295,46500;17,70667;       0,90245;78,53073;50,00000;20,00000;0,83271
295,56799;17,71333;       0,90460;78,53069;49,00000;20,00000;0,83269
295,66400;17,72000;       0,90674;78,53065;49,00000;20,00000;0,83267
295,76700;17,72667;       0,90903;78,52913;51,00000;20,00000;0,83264
295,86899;17,73333;       0,91117;78,52712;51,00000;20,00000;0,83262
295,96399;17,74000;       0,91314;78,52412;51,00000;20,00000;0,83260
296,06000;17,74667;       0,91519;78,52210;51,00000;20,00000;0,83257
296,15201;17,75333;       0,91715;78,52011;51,00000;20,00000;0,83255
296,26700;17,76000;       0,91917;78,51762;49,00000;20,00000;0,83252
296,36099;17,76667;       0,92131;78,51562;50,00000;20,00000;0,83250
296,45300;17,77333;       0,92355;78,51361;50,00000;20,00000;0,83248
296,55099;17,78000;       0,92569;78,51012;50,00000;20,00000;0,83246
296,65799;17,78667;       0,92784;78,50664;50,00000;20,00000;0,83243
296,75500;17,79333;       0,92999;78,50315;50,00000;20,00000;0,83241
296,85001;17,80000;       0,93218;78,50064;49,00000;20,00000;0,83239
296,95099;17,80667;       0,93455;78,50060;50,00000;20,00000;0,83236
297,04999;17,81333;       0,93666;78,50055;50,00000;20,00000;0,83234
297,15302;17,82000;       0,93871;78,50051;50,00000;20,00000;0,83231
297,25299;17,82667;       0,94059;78,49949;50,00000;20,00000;0,83229
297,34900;17,83333;       0,94269;78,49798;49,00000;20,00000;0,83227
297,44199;17,84000;       0,94475;78,49646;49,00000;20,00000;0,83224
297,54599;17,84667;       0,94681;78,49445;49,00000;20,00000;0,83222
297,64200;17,85333;       0,94855;78,49291;50,00000;20,00000;0,83220
297,73999;17,86000;       0,95083;78,48989;50,00000;20,00000;0,83217
297,84201;17,86667;       0,95293;78,48789;51,00000;20,00000;0,83215
297,95901;17,87333;       0,95500;78,48638;51,00000;20,00000;0,83212
298,04001;17,88000;       0,95701;78,48388;49,00000;20,00000;0,83210
298,13901;17,88667;       0,95929;78,48186;49,00000;20,00000;0,83208
298,24200;17,89333;       0,96099;78,48034;49,00000;20,00000;0,83205
298,34399;17,90000;       0,96287;78,47881;50,00000;20,00000;0,83203
298,43701;17,90667;       0,96497;78,47727;50,00000;20,00000;0,83200
298,54001;17,91333;       0,96721;78,47626;50,00000;20,00000;0,83198
298,64600;17,92000;       0,96914;78,47476;52,00000;20,00000;0,83195
298,73801;17,92667;       0,97110;78,47030;49,00000;20,00000;0,83193
298,83701;17,93333;       0,97316;78,46681;49,00000;20,00000;0,83191
298,92999;17,94000;       0,97517;78,46333;50,00000;20,00000;0,83189
299,02701;17,94667;       0,97728;78,46082;50,00000;20,00000;0,83186
299,13699;17,95333;       0,97943;78,46078;50,00000;20,00000;0,83184
299,23199;17,96000;       0,98149;78,46073;50,00000;20,00000;0,83181
299,33801;17,96667;       0,98346;78,46068;50,00000;20,00000;0,83179
299,42801;17,97333;       0,98543;78,46064;49,00000;20,00000;0,83177
299,53601;17,98000;       0,98727;78,45962;49,00000;20,00000;0,83174
299,63300;17,98667;       0,98901;78,45812;51,00000;20,00000;0,83172
299,72501;17,99333;       0,99084;78,45661;51,00000;20,00000;0,83169
299,82101;18,00000;       0,99290;78,45559;52,00000;20,00000;0,83167
299,92099;18,00667;       0,99501;78,45309;52,00000;20,00000;0,83165
300,01501;18,01333;       0,99693;78,45203;49,00000;20,00000;0,83162
300,12701;18,02000;       0,99868;78,45048;49,00000;20,00000;0,83160
300,22101;18,02667;       1,00052;78,44946;49,00000;20,00000;0,83157
300,33099;18,03333;       1,00240;78,44795;50,00000;20,00000;0,83155
300,43399;18,04000;       1,00424;78,44692;51,00000;20,00000;0,83152
300,52100;18,04667;       1,00611;78,44541;51,00000;20,00000;0,83150
300,62000;18,05333;       1,00804;78,44440;51,00000;20,00000;0,83148
300,71799;18,06000;       1,00997;78,44339;51,00000;20,00000;0,83145
300,81601;18,06667;       1,01185;78,44336;49,00000;20,00000;0,83143
300,91699;18,07333;       1,01364;78,44234;49,00000;20,00000;0,83140
301,01099;18,08000;       1,01543;78,44132;50,00000;20,00000;0,83138
301,10999;18,08667;       1,01717;78,43981;50,00000;20,00000;0,83136
301,21301;18,09333;       1,01901;78,43879;50,00000;20,00000;0,83133
301,30200;18,10000;       1,02089;78,43825;50,00000;20,00000;0,83131
301,41199;18,10667;       1,02296;78,43820;49,00000;20,00000;0,83128
301,50800;18,11333;       1,02488;78,43717;49,00000;20,00000;0,83126
301,60901;18,12000;       1,02672;78,43615;49,00000;20,00000;0,83123
301,71201;18,12667;       1,02842;78,43561;51,00000;20,00000;0,83121
301,80899;18,13333;       1,02967;78,43458;52,00000;20,00000;0,83118
301,89899;18,14000;       1,03160;78,43359;52,00000;20,00000;0,83116
301,99500;18,14667;       1,03357;78,43308;52,00000;20,00000;0,83114
302,09299;18,15333;       1,03523;78,43256;49,00000;20,00000;0,83111
302,19800;18,16000;       1,03711;78,43155;50,00000;20,00000;0,83109
302,28900;18,16667;       1,03904;78,43052;49,00000;20,00000;0,83106
302,39001;18,17333;       1,04088;78,42998;51,00000;20,00000;0,83104
302,49200;18,18000;       1,04272;78,42895;51,00000;20,00000;0,83101
302,59601;18,18667;       1,04433;78,42645;51,00000;20,00000;0,83099
302,68900;18,19333;       1,04590;78,42493;50,00000;20,00000;0,83097
302,79501;18,20000;       1,04765;78,42342;50,00000;20,00000;0,83094
302,88000;18,20667;       1,04934;78,42190;50,00000;20,00000;0,83092
302,98401;18,21333;       1,05105;78,41989;50,00000;20,00000;0,83089
303,09299;18,22000;       1,05271;78,41838;50,00000;20,00000;0,83087
303,18399;18,22667;       1,05446;78,41735;49,00000;20,00000;0,83084
303,28000;18,23333;       1,05598;78,41633;49,00000;20,00000;0,83082
303,38101;18,24000;       1,05764;78,41578;49,00000;20,00000;0,83079
303,48300;18,24667;       1,05925;78,41572;49,00000;20,00000;0,83077
303,57501;18,25333;       1,06091;78,41520;49,00000;20,00000;0,83075
303,68701;18,26000;       1,06257;78,41467;51,00000;20,00000;0,83072
303,78000;18,26667;       1,06427;78,41463;50,00000;20,00000;0,83069
303,88400;18,27333;       1,06585;78,41460;50,00000;20,00000;0,83067
303,97699;18,28000;       1,06737;78,41456;49,00000;20,00000;0,83065
304,07300;18,28667;       1,06871;78,41401;49,00000;20,00000;0,83062
304,17099;18,29333;       1,07010;78,41396;49,00000;20,00000;0,83060
304,27802;18,30000;       1,07158;78,41393;51,00000;20,00000;0,83057
304,37299;18,30667;       1,07310;78,41390;51,00000;20,00000;0,83055
304,47601;18,31333;       1,07472;78,41386;52,00000;20,00000;0,83052
304,57001;18,32000;       1,07633;78,41332;52,00000;20,00000;0,83050
304,67700;18,32667;       1,07790;78,41279;49,00000;20,00000;0,83047
304,76999;18,33333;       1,07961;78,41275;49,00000;20,00000;0,83045
304,86600;18,34000;       1,08081;78,41222;50,00000;20,00000;0,83042
304,97000;18,34667;       1,08234;78,41168;50,00000;20,00000;0,83040
305,06100;18,35333;       1,08395;78,41114;50,00000;20,00000;0,83037
305,17300;18,36000;       1,08544;78,41060;50,00000;20,00000;0,83035
305,26700;18,36667;       1,08705;78,41007;49,00000;20,00000;0,83032
305,37299;18,37333;       1,08835;78,40954;49,00000;20,00000;0,83030
305,46500;18,38000;       1,08974;78,40902;50,00000;20,00000;0,83027
305,56400;18,38667;       1,09117;78,40850;50,00000;20,00000;0,83025
305,65201;18,39333;       1,09256;78,40798;50,00000;20,00000;0,83023
305,75500;18,40000;       1,09391;78,40744;50,00000;20,00000;0,83020
305,86200;18,40667;       1,09543;78,40690;50,00000;20,00000;0,83017
305,95700;18,41333;       1,09696;78,40639;50,00000;20,00000;0,83015
306,04901;18,42000;       1,09835;78,40588;49,00000;20,00000;0,83013
306,15201;18,42667;       1,09897;78,40536;49,00000;20,00000;0,83010
306,24899;18,43333;       1,10054;78,40482;51,00000;20,00000;0,83007
306,34601;18,44000;       1,10193;78,40429;51,00000;20,00000;0,83005
306,44400;18,44667;       1,10327;78,40375;51,00000;20,00000;0,83003
306,55801;18,45333;       1,10458;78,40322;51,00000;20,00000;0,83000
306,64801;18,46000;       1,10583;78,40268;49,00000;20,00000;0,82997
306,73700;18,46667;       1,10717;78,40215;49,00000;20,00000;0,82995
306,85199;18,47333;       1,10848;78,40163;50,00000;20,00000;0,82992
306,94000;18,48000;       1,10973;78,40110;50,00000;20,00000;0,82990
307,04300;18,48667;       1,11103;78,40057;50,00000;20,00000;0,82987
307,13400;18,49333;       1,11238;78,40004;50,00000;20,00000;0,82985
307,24701;18,50000;       1,11373;78,39952;49,00000;20,00000;0,82982
307,33899;18,50667;       1,11507;78,39899;49,00000;20,00000;0,82980
307,43399;18,51333;       1,11633;78,39846;50,00000;20,00000;0,82977
307,53201;18,52000;       1,11758;78,39792;50,00000;20,00000;0,82975
307,62601;18,52667;       1,11906;78,39741;50,00000;20,00000;0,82972
307,72699;18,53333;       1,12000;78,39690;50,00000;20,00000;0,82970
307,82999;18,54000;       1,12117;78,39636;49,00000;20,00000;0,82967
307,92599;18,54667;       1,12238;78,39582;49,00000;20,00000;0,82965
308,02899;18,55333;       1,12355;78,39527;50,00000;20,00000;0,82962
308,12701;18,56000;       1,12467;78,39473;50,00000;20,00000;0,82960
308,23001;18,56667;       1,12579;78,39419;51,00000;20,00000;0,82957
308,33099;18,57333;       1,12687;78,39366;51,00000;20,00000;0,82954
308,43100;18,58000;       1,12803;78,39361;49,00000;20,00000;0,82952
308,52100;18,58667;       1,12924;78,39308;49,00000;20,00000;0,82950
308,61899;18,59333;       1,13036;78,39304;50,00000;20,00000;0,82947
308,72900;18,60000;       1,13144;78,39300;50,00000;20,00000;0,82944
308,82599;18,60667;       1,13252;78,39296;50,00000;20,00000;0,82942
308,92099;18,61333;       1,13359;78,39243;50,00000;20,00000;0,82939
309,02100;18,62000;       1,13417;78,39239;52,00000;20,00000;0,82937
309,11600;18,62667;       1,13538;78,39234;52,00000;20,00000;0,82934
309,21899;18,63333;       1,13687;78,39229;49,00000;20,00000;0,82932
309,31601;18,64000;       1,13794;78,39228;49,00000;20,00000;0,82929
309,41901;18,64667;       1,13898;78,39227;49,00000;20,00000;0,82926
309,51401;18,65333;       1,14019;78,39224;50,00000;20,00000;0,82924
309,60300;18,66000;       1,14131;78,39221;50,00000;20,00000;0,82922
309,70300;18,66667;       1,14243;78,39218;50,00000;20,00000;0,82919
309,81100;18,67333;       1,14342;78,39215;50,00000;20,00000;0,82916
309,90302;18,68000;       1,14440;78,39211;49,00000;20,00000;0,82914
310,00500;18,68667;       1,14534;78,39207;50,00000;20,00000;0,82911
310,09698;18,69333;       1,14633;78,39203;50,00000;20,00000;0,82909
310,19601;18,70000;       1,14741;78,39199;51,00000;20,00000;0,82906
310,30801;18,70667;       1,14840;78,39196;51,00000;20,00000;0,82903
310,39999;18,71333;       1,14947;78,39193;50,00000;20,00000;0,82901
310,49600;18,72000;       1,15055;78,39191;50,00000;20,00000;0,82899
310,59201;18,72667;       1,15158;78,39188;50,00000;20,00000;0,82896
310,68701;18,73333;       1,15266;78,39185;49,00000;20,00000;0,82894
310,79001;18,74000;       1,15301;78,39181;51,00000;20,00000;0,82891
310,87900;18,74667;       1,15399;78,39176;51,00000;20,00000;0,82889
310,99100;18,75333;       1,15512;78,39173;51,00000;20,00000;0,82886
311,08200;18,76000;       1,15592;78,39170;52,00000;20,00000;0,82883
311,19101;18,76667;       1,15692;78,39167;52,00000;20,00000;0,82880
311,28900;18,77333;       1,15786;78,39163;49,00000;20,00000;0,82878
311,37399;18,78000;       1,15875;78,39159;49,00000;20,00000;0,82876
311,47900;18,78667;       1,15965;78,39154;50,00000;20,00000;0,82873
311,57599;18,79333;       1,16023;78,39148;50,00000;20,00000;0,82870
311,67999;18,80000;       1,16122;78,39145;50,00000;20,00000;0,82868
311,78000;18,80667;       1,16239;78,39141;50,00000;20,00000;0,82865
311,88901;18,81333;       1,16338;78,39136;49,00000;20,00000;0,82862
311,97400;18,82000;       1,16436;78,39132;49,00000;20,00000;0,82860
312,08499;18,82667;       1,16526;78,39128;49,00000;20,00000;0,82857
312,17700;18,83333;       1,16598;78,39124;49,00000;20,00000;0,82855
312,27499;18,84000;       1,16674;78,39120;50,00000;20,00000;0,82852
312,37701;18,84667;       1,16750;78,39117;50,00000;20,00000;0,82849
312,46799;18,85333;       1,16840;78,39113;50,00000;20,00000;0,82847
312,57901;18,86000;       1,16930;78,39109;50,00000;20,00000;0,82844
312,67300;18,86667;       1,17006;78,39106;49,00000;20,00000;0,82842
312,76401;18,87333;       1,17082;78,39103;49,00000;20,00000;0,82839
312,87601;18,88000;       1,17159;78,39101;51,00000;20,00000;0,82836
312,96500;18,88667;       1,17244;78,39099;51,00000;20,00000;0,82834
313,05899;18,89333;       1,17324;78,39096;52,00000;20,00000;0,82831
313,15399;18,90000;       1,17391;78,39091;52,00000;20,00000;0,82829
313,25601;18,90667;       1,17490;78,39086;49,00000;20,00000;0,82826
313,35800;18,91333;       1,17580;78,39083;49,00000;20,00000;0,82824
313,46301;18,92000;       1,17675;78,39080;50,00000;20,00000;0,82821
313,55801;18,92667;       1,17756;78,39076;50,00000;20,00000;0,82818
313,66599;18,93333;       1,17832;78,39072;50,00000;20,00000;0,82815
313,74399;18,94000;       1,17899;78,39068;50,00000;20,00000;0,82813
313,85199;18,94667;       1,17966;78,39064;50,00000;20,00000;0,82810
313,95599;18,95333;       1,18043;78,39061;49,00000;20,00000;0,82808
314,05600;18,96000;       1,18101;78,39057;49,00000;20,00000;0,82805
314,14899;18,96667;       1,18136;78,39053;49,00000;20,00000;0,82803
314,25000;18,97333;       1,18217;78,39050;50,00000;20,00000;0,82800
314,34698;18,98000;       1,18293;78,39046;50,00000;20,00000;0,82797
314,44601;18,98667;       1,18383;78,39042;50,00000;20,00000;0,82795
314,54199;18,99333;       1,18464;78,39038;50,00000;20,00000;0,82792
314,64801;19,00000;       1,18568;78,39035;49,00000;20,00000;0,82789
314,74301;19,00667;       1,18658;78,39031;49,00000;20,00000;0,82787
314,84698;19,01333;       1,18748;78,39026;49,00000;20,00000;0,82784
314,92999;19,02000;       1,18833;78,39021;51,00000;20,00000;0,82782
315,04501;19,02667;       1,18905;78,39018;52,00000;20,00000;0,82779
315,13501;19,03333;       1,18972;78,39015;52,00000;20,00000;0,82776
315,24200;19,04000;       1,19044;78,39011;52,00000;20,00000;0,82773
315,34399;19,04667;       1,19116;78,39007;49,00000;20,00000;0,82771
315,42999;19,05333;       1,19192;78,39003;49,00000;20,00000;0,82768
315,53400;19,06000;       1,19260;78,38999;50,00000;20,00000;0,82766
315,64099;19,06667;       1,19332;78,38996;50,00000;20,00000;0,82763
315,72900;19,07333;       1,19399;78,38994;50,00000;20,00000;0,82760
315,83899;19,08000;       1,19466;78,38991;50,00000;20,00000;0,82757
315,91901;19,08667;       1,19529;78,38989;51,00000;20,00000;0,82755
316,02600;19,09333;       1,19587;78,38987;49,00000;20,00000;0,82752
316,12100;19,10000;       1,19650;78,38985;49,00000;20,00000;0,82750
316,21500;19,10667;       1,19722;78,38982;49,00000;20,00000;0,82747
316,31799;19,11333;       1,19789;78,38980;50,00000;20,00000;0,82745
316,41501;19,12000;       1,19847;78,38977;50,00000;20,00000;0,82742
316,51001;19,12667;       1,19910;78,38972;50,00000;20,00000;0,82739
316,61099;19,13333;       1,19982;78,38966;49,00000;20,00000;0,82737
316,70499;19,14000;       1,20058;78,38963;49,00000;20,00000;0,82734
316,81100;19,14667;       1,20122;78,38960;51,00000;20,00000;0,82731
316,91699;19,15333;       1,20185;78,38956;51,00000;20,00000;0,82728
317,01300;19,16000;       1,20261;78,38952;52,00000;20,00000;0,82726
317,10901;19,16667;       1,20328;78,38948;52,00000;20,00000;0,82723
317,20300;19,17333;       1,20387;78,38943;52,00000;20,00000;0,82721
317,30200;19,18000;       1,20445;78,38938;49,00000;20,00000;0,82718
317,41000;19,18667;       1,20513;78,38936;49,00000;20,00000;0,82715
317,50601;19,19333;       1,20576;78,38934;50,00000;20,00000;0,82713
317,60101;19,20000;       1,20643;78,38930;49,00000;20,00000;0,82710
317,69699;19,20667;       1,20715;78,38927;51,00000;20,00000;0,82707
317,79901;19,21333;       1,20778;78,38924;51,00000;20,00000;0,82705
317,89899;19,22000;       1,20855;78,38920;49,00000;20,00000;0,82702
317,99500;19,22667;       1,20913;78,38917;50,00000;20,00000;0,82699
318,09698;19,23333;       1,20980;78,38914;50,00000;20,00000;0,82697
318,19400;19,24000;       1,21052;78,38911;50,00000;20,00000;0,82694
318,28900;19,24667;       1,21129;78,38908;50,00000;20,00000;0,82691
318,38699;19,25333;       1,21137;78,38906;50,00000;20,00000;0,82689
318,48499;19,26000;       1,21223;78,38904;49,00000;20,00000;0,82686
318,58701;19,26667;       1,21309;78,38901;49,00000;20,00000;0,82683
318,67801;19,27333;       1,21385;78,38899;50,00000;20,00000;0,82681
318,77200;19,28000;       1,21398;78,38895;49,00000;20,00000;0,82678
318,87601;19,28667;       1,21493;78,38890;51,00000;20,00000;0,82675
318,97299;19,29333;       1,21592;78,38885;51,00000;20,00000;0,82673
319,07999;19,30000;       1,21660;78,38882;50,00000;20,00000;0,82670
319,17599;19,30667;       1,21673;78,38880;50,00000;20,00000;0,82667
319,26801;19,31333;       1,21768;78,38876;49,00000;20,00000;0,82665
319,37799;19,32000;       1,21840;78,38873;49,00000;20,00000;0,82662
319,47299;19,32667;       1,21894;78,38870;51,00000;20,00000;0,82659
319,55600;19,33333;       1,21952;78,38867;51,00000;20,00000;0,82657
319,67001;19,34000;       1,22002;78,38863;52,00000;20,00000;0,82654
319,76599;19,34667;       1,22060;78,38859;52,00000;20,00000;0,82651
319,86301;19,35333;       1,22123;78,38855;49,00000;20,00000;0,82648
319,96301;19,36000;       1,22186;78,38851;49,00000;20,00000;0,82646
320,06299;19,36667;       1,22236;78,38848;50,00000;20,00000;0,82643
320,16400;19,37333;       1,22290;78,38844;50,00000;20,00000;0,82640
320,25601;19,38000;       1,22344;78,38840;50,00000;20,00000;0,82638
320,35999;19,38667;       1,22403;78,38837;50,00000;20,00000;0,82635
320,45499;19,39333;       1,22461;78,38833;49,00000;20,00000;0,82632
320,55701;19,40000;       1,22470;78,38828;49,00000;20,00000;0,82629
320,65399;19,40667;       1,22569;78,38823;49,00000;20,00000;0,82627
320,75299;19,41333;       1,22646;78,38821;51,00000;20,00000;0,82624
320,85599;19,42000;       1,22696;78,38819;51,00000;20,00000;0,82621
320,94699;19,42667;       1,22763;78,38816;50,00000;20,00000;0,82619
321,05099;19,43333;       1,22840;78,38813;50,00000;20,00000;0,82616
321,14401;19,44000;       1,22889;78,38809;49,00000;20,00000;0,82613
321,24200;19,44667;       1,22907;78,38806;51,00000;20,00000;0,82610
321,34601;19,45333;       1,22966;78,38802;51,00000;20,00000;0,82607
321,44000;19,46000;       1,23029;78,38799;52,00000;20,00000;0,82605
321,54901;19,46667;       1,23088;78,38796;52,00000;20,00000;0,82602
321,63901;19,47333;       1,23150;78,38792;49,00000;20,00000;0,82599
321,73001;19,48000;       1,23218;78,38789;49,00000;20,00000;0,82597
321,83801;19,48667;       1,23263;78,38785;50,00000;20,00000;0,82594
321,93201;19,49333;       1,23308;78,38782;50,00000;20,00000;0,82591
322,03900;19,50000;       1,23394;78,38778;50,00000;20,00000;0,82588
322,12900;19,50667;       1,23457;78,38725;50,00000;20,00000;0,82586
322,23999;19,51333;       1,23521;78,38721;50,00000;20,00000;0,82583
322,32501;19,52000;       1,23588;78,38717;49,00000;20,00000;0,82580
322,42401;19,52667;       1,23642;78,38715;49,00000;20,00000;0,82578
322,52899;19,53333;       1,23697;78,38713;51,00000;20,00000;0,82575
322,61801;19,54000;       1,23760;78,38710;51,00000;20,00000;0,82572
322,72501;19,54667;       1,23809;78,38706;50,00000;20,00000;0,82569
322,81799;19,55333;       1,23827;78,38702;49,00000;20,00000;0,82567
322,92099;19,56000;       1,23850;78,38647;49,00000;20,00000;0,82564
323,01999;19,56667;       1,23899;78,38641;49,00000;20,00000;0,82561
323,12201;19,57333;       1,23967;78,38639;51,00000;20,00000;0,82558
323,21799;19,58000;       1,24062;78,38637;51,00000;20,00000;0,82555
323,31601;19,58667;       1,24134;78,38634;52,00000;20,00000;0,82553
323,41501;19,59333;       1,24198;78,38632;49,00000;20,00000;0,82550
323,51099;19,60000;       1,24215;78,38629;49,00000;20,00000;0,82547
323,60699;19,60667;       1,24311;78,38627;50,00000;20,00000;0,82545
323,71201;19,61333;       1,24347;78,38576;50,00000;20,00000;0,82542
323,80301;19,62000;       1,24414;78,38574;50,00000;20,00000;0,82539
323,89600;19,62667;       1,24477;78,38570;50,00000;20,00000;0,82536
323,99500;19,63333;       1,24532;78,38565;50,00000;20,00000;0,82534
324,09399;19,64000;       1,24586;78,38563;49,00000;20,00000;0,82531
324,19800;19,64667;       1,24649;78,38512;49,00000;20,00000;0,82528
324,30200;19,65333;       1,24704;78,38409;51,00000;20,00000;0,82525
324,39401;19,66000;       1,24762;78,38306;50,00000;20,00000;0,82522
324,49301;19,66667;       1,24817;78,38253;50,00000;20,00000;0,82520
324,58801;19,67333;       1,24862;78,38149;50,00000;20,00000;0,82517
324,69901;19,68000;       1,24921;78,38095;49,00000;20,00000;0,82514
324,79700;19,68667;       1,24971;78,38045;49,00000;20,00000;0,82511
324,88101;19,69333;       1,25020;78,37995;50,00000;20,00000;0,82509
324,98499;19,70000;       1,25079;78,37943;50,00000;20,00000;0,82506
325,08600;19,70667;       1,25138;78,37891;52,00000;20,00000;0,82503
325,17599;19,71333;       1,25187;78,37888;52,00000;20,00000;0,82500
325,27899;19,72000;       1,25233;78,37835;52,00000;20,00000;0,82498
325,37500;19,72667;       1,25278;78,37831;49,00000;20,00000;0,82495
325,48700;19,73333;       1,25328;78,37778;50,00000;20,00000;0,82492
325,57599;19,74000;       1,25387;78,37774;50,00000;20,00000;0,82489
325,67499;19,74667;       1,25441;78,37721;50,00000;20,00000;0,82486
325,77100;19,75333;       1,25491;78,37717;50,00000;20,00000;0,82484
325,87201;19,76000;       1,25540;78,37714;50,00000;20,00000;0,82481
325,98001;19,76667;       1,25595;78,37661;49,00000;20,00000;0,82478
326,06699;19,77333;       1,25654;78,37659;49,00000;20,00000;0,82475
326,17401;19,78000;       1,25708;78,37607;49,00000;20,00000;0,82472
326,26599;19,78667;       1,25767;78,37604;50,00000;20,00000;0,82470
326,35599;19,79333;       1,25821;78,37600;50,00000;20,00000;0,82467
326,46301;19,80000;       1,25880;78,37550;50,00000;20,00000;0,82464
326,55701;19,80667;       1,25934;78,37549;50,00000;20,00000;0,82461
326,65100;19,81333;       1,25970;78,37545;49,00000;20,00000;0,82459
326,75500;19,82000;       1,25979;78,37492;49,00000;20,00000;0,82456
326,85001;19,82667;       1,26061;78,37489;51,00000;20,00000;0,82453
326,95599;19,83333;       1,26148;78,37485;51,00000;20,00000;0,82450
327,05301;19,84000;       1,26211;78,37433;51,00000;20,00000;0,82447
327,15500;19,84667;       1,26279;78,37430;51,00000;20,00000;0,82444
327,24200;19,85333;       1,26338;78,37427;49,00000;20,00000;0,82442
327,34100;19,86000;       1,26351;78,37423;49,00000;20,00000;0,82439
327,44299;19,86667;       1,26397;78,37371;49,00000;20,00000;0,82436
327,54501;19,87333;       1,26456;78,37368;50,00000;20,00000;0,82433
327,64401;19,88000;       1,26515;78,37364;50,00000;20,00000;0,82430
327,73999;19,88667;       1,26569;78,37361;50,00000;20,00000;0,82427
327,83301;19,89333;       1,26619;78,37358;49,00000;20,00000;0,82425
327,94000;19,90000;       1,26669;78,37354;49,00000;20,00000;0,82422
328,03000;19,90667;       1,26723;78,37350;50,00000;20,00000;0,82419
328,12799;19,91333;       1,26782;78,37348;50,00000;20,00000;0,82416
328,23199;19,92000;       1,26837;78,37345;50,00000;20,00000;0,82413
328,33600;19,92667;       1,26873;78,37342;50,00000;20,00000;0,82410
328,42499;19,93333;       1,26900;78,37338;49,00000;20,00000;0,82408
328,52499;19,94000;       1,26973;78,37335;49,00000;20,00000;0,82405
328,62900;19,94667;       1,27037;78,37331;50,00000;20,00000;0,82402
328,72501;19,95333;       1,27082;78,37328;50,00000;20,00000;0,82399
328,82300;19,96000;       1,27146;78,37325;50,00000;20,00000;0,82396
328,92001;19,96667;       1,27177;78,37273;51,00000;20,00000;0,82394
329,01700;19,97333;       1,27200;78,37270;51,00000;20,00000;0,82391
329,12399;19,98000;       1,27328;78,37267;49,00000;20,00000;0,82388
329,20999;19,98667;       1,27400;78,37264;49,00000;20,00000;0,82385
329,31400;19,99333;       1,27446;78,37262;50,00000;20,00000;0,82382
329,41400;20,00000;       1,27450;78,37210;50,00000;20,00000;0,82379
329,50299;20,00667;       1,27445;78,37207;51,00000;20,00000;0,82377
329,60800;20,01333;       1,27513;78,37203;51,00000;20,00000;0,82374
329,70801;20,02000;       1,27563;78,37198;51,00000;20,00000;0,82371
329,79401;20,02667;       1,27658;78,37147;51,00000;20,00000;0,82368
329,90399;20,03333;       1,27695;78,37145;49,00000;20,00000;0,82365
330,00299;20,04000;       1,27713;78,37140;50,00000;20,00000;0,82362
330,10199;20,04667;       1,27750;78,37136;50,00000;20,00000;0,82359
330,20099;20,05333;       1,27804;78,37133;50,00000;20,00000;0,82357
330,29999;20,06000;       1,27886;78,37078;50,00000;20,00000;0,82354
330,40302;20,06667;       1,27891;78,37073;49,00000;20,00000;0,82351
330,49100;20,07333;       1,27941;78,37072;49,00000;20,00000;0,82348
330,59299;20,08000;       1,27995;78,37071;49,00000;20,00000;0,82345
330,69400;20,08667;       1,28064;78,37019;51,00000;20,00000;0,82342
330,79501;20,09333;       1,28128;78,36967;51,00000;20,00000;0,82339
330,88199;20,10000;       1,28186;78,36915;52,00000;20,00000;0,82337
330,98401;20,10667;       1,28237;78,36862;52,00000;20,00000;0,82334
331,08499;20,11333;       1,28296;78,36810;49,00000;20,00000;0,82331
331,18600;20,12000;       1,28342;78,36806;49,00000;20,00000;0,82328
331,28101;20,12667;       1,28401;78,36753;51,00000;20,00000;0,82325
331,37799;20,13333;       1,28446;78,36700;51,00000;20,00000;0,82322
331,48499;20,14000;       1,28497;78,36697;52,00000;20,00000;0,82319
331,58301;20,14667;       1,28542;78,36645;52,00000;20,00000;0,82316
331,67001;20,15333;       1,28587;78,36642;49,00000;20,00000;0,82314
331,78000;20,16000;       1,28629;78,36590;49,00000;20,00000;0,82311
331,87000;20,16667;       1,28674;78,36587;50,00000;20,00000;0,82308
331,96600;20,17333;       1,28724;78,36533;50,00000;20,00000;0,82305
332,07401;20,18000;       1,28761;78,36528;50,00000;20,00000;0,82302
332,16400;20,18667;       1,28806;78,36477;50,00000;20,00000;0,82299
332,26801;20,19333;       1,28861;78,36475;49,00000;20,00000;0,82296
332,36801;20,20000;       1,28920;78,36423;49,00000;20,00000;0,82293
332,46500;20,20667;       1,28984;78,36420;50,00000;20,00000;0,82290
332,56100;20,21333;       1,28984;78,36367;50,00000;20,00000;0,82288
332,65701;20,22000;       1,28997;78,36315;51,00000;20,00000;0,82285
332,76099;20,22667;       1,29103;78,36312;51,00000;20,00000;0,82282
332,85999;20,23333;       1,29144;78,36259;49,00000;20,00000;0,82279
332,95599;20,24000;       1,29185;78,36207;49,00000;20,00000;0,82276
333,05099;20,24667;       1,29217;78,36154;49,00000;20,00000;0,82273
333,15100;20,25333;       1,29267;78,36151;49,00000;20,00000;0,82270
333,26001;20,26000;       1,29322;78,36099;51,00000;20,00000;0,82267
333,34601;20,26667;       1,29376;78,36048;51,00000;20,00000;0,82265
333,44699;20,27333;       1,29436;78,36045;51,00000;20,00000;0,82262
333,54300;20,28000;       1,29481;78,35994;51,00000;20,00000;0,82259
333,64499;20,28667;       1,29541;78,35991;49,00000;20,00000;0,82256
333,73599;20,29333;       1,29600;78,35938;49,00000;20,00000;0,82253
333,83301;20,30000;       1,29632;78,35888;50,00000;20,00000;0,82250
333,92899;20,30667;       1,29673;78,35886;50,00000;20,00000;0,82247
334,03299;20,31333;       1,29714;78,35834;49,00000;20,00000;0,82244
334,13599;20,32000;       1,29765;78,35831;49,00000;20,00000;0,82241
334,23199;20,32667;       1,29783;78,35778;49,00000;20,00000;0,82238
334,32401;20,33333;       1,29828;78,35775;49,00000;20,00000;0,82236
334,42499;20,34000;       1,29888;78,35722;51,00000;20,00000;0,82233
334,51700;20,34667;       1,29951;78,35718;51,00000;20,00000;0,82230
334,62799;20,35333;       1,29989;78,35714;52,00000;20,00000;0,82227
334,72400;20,36000;       1,30034;78,35709;50,00000;20,00000;0,82224
334,82901;20,36667;       1,30080;78,35656;49,00000;20,00000;0,82221
334,92801;20,37333;       1,30121;78,35654;49,00000;20,00000;0,82218
335,02200;20,38000;       1,30172;78,35651;50,00000;20,00000;0,82215
335,11899;20,38667;       1,30226;78,35649;50,00000;20,00000;0,82212
335,20999;20,39333;       1,30285;78,35647;52,00000;20,00000;0,82209
335,31201;20,40000;       1,30345;78,35643;52,00000;20,00000;0,82206
335,40500;20,40667;       1,30404;78,35638;49,00000;20,00000;0,82203
335,51501;20,41333;       1,30446;78,35637;49,00000;20,00000;0,82200
335,61499;20,42000;       1,30451;78,35635;49,00000;20,00000;0,82197
335,70401;20,42667;       1,30473;78,35631;50,00000;20,00000;0,82195
335,79901;20,43333;       1,30546;78,35627;50,00000;20,00000;0,82192
335,90201;20,44000;       1,30624;78,35622;50,00000;20,00000;0,82189
336,01199;20,44667;       1,30680;78,35617;50,00000;20,00000;0,82185
336,11099;20,45333;       1,30721;78,35612;49,00000;20,00000;0,82182
336,20801;20,46000;       1,30739;78,35610;49,00000;20,00000;0,82179
336,29800;20,46667;       1,30785;78,35609;49,00000;20,00000;0,82177
336,39600;20,47333;       1,30835;78,35607;50,00000;20,00000;0,82174
336,49399;20,48000;       1,30876;78,35604;50,00000;20,00000;0,82171
336,59100;20,48667;       1,30931;78,35600;50,00000;20,00000;0,82168
336,69699;20,49333;       1,30982;78,35596;50,00000;20,00000;0,82165
336,79300;20,50000;       1,31037;78,35592;49,00000;20,00000;0,82162
336,89801;20,50667;       1,31083;78,35589;49,00000;20,00000;0,82159
336,99100;20,51333;       1,31124;78,35584;51,00000;20,00000;0,82156
337,08499;20,52000;       1,31156;78,35579;51,00000;20,00000;0,82153
337,19400;20,52667;       1,31207;78,35577;50,00000;20,00000;0,82150
337,28500;20,53333;       1,31253;78,35575;50,00000;20,00000;0,82147
337,39099;20,54000;       1,31299;78,35573;50,00000;20,00000;0,82144
337,48499;20,54667;       1,31344;78,35570;49,00000;20,00000;0,82141
337,58301;20,55333;       1,31386;78,35518;49,00000;20,00000;0,82138
337,67099;20,56000;       1,31422;78,35513;50,00000;20,00000;0,82136
337,78101;20,56667;       1,31436;78,35508;50,00000;20,00000;0,82132
337,87900;20,57333;       1,31478;78,35506;49,00000;20,00000;0,82129
337,97699;20,58000;       1,31551;78,35504;49,00000;20,00000;0,82126
338,07901;20,58667;       1,31588;78,35500;50,00000;20,00000;0,82123
338,17599;20,59333;       1,31638;78,35448;49,00000;20,00000;0,82120
338,27802;20,60000;       1,31694;78,35445;50,00000;20,00000;0,82117
338,36899;20,60667;       1,31758;78,35443;50,00000;20,00000;0,82114
338,47198;20,61333;       1,31799;78,35441;49,00000;20,00000;0,82111
338,56601;20,62000;       1,31845;78,35390;49,00000;20,00000;0,82108
338,66101;20,62667;       1,31895;78,35387;49,00000;20,00000;0,82106
338,75900;20,63333;       1,31950;78,35383;49,00000;20,00000;0,82103
338,85699;20,64000;       1,32001;78,35380;50,00000;20,00000;0,82100
338,96500;20,64667;       1,32011;78,35376;50,00000;20,00000;0,82096
339,06601;20,65333;       1,32029;78,35324;51,00000;20,00000;0,82093
339,15701;20,66000;       1,32093;78,35321;51,00000;20,00000;0,82091
339,25800;20,66667;       1,32149;78,35318;49,00000;20,00000;0,82088
339,34799;20,67333;       1,32190;78,35265;49,00000;20,00000;0,82085
339,45099;20,68000;       1,32236;78,35212;50,00000;20,00000;0,82082
339,55301;20,68667;       1,32273;78,35161;50,00000;20,00000;0,82079
339,64401;20,69333;       1,32314;78,35110;49,00000;20,00000;0,82076
339,74500;20,70000;       1,32360;78,35057;49,00000;20,00000;0,82073
339,84399;20,70667;       1,32415;78,35005;49,00000;20,00000;0,82070
339,95300;20,71333;       1,32466;78,35002;49,00000;20,00000;0,82066
340,04700;20,72000;       1,32530;78,34950;50,00000;20,00000;0,82063
340,14001;20,72667;       1,32590;78,34898;50,00000;20,00000;0,82061
340,23700;20,73333;       1,32645;78,34897;49,00000;20,00000;0,82058
340,33499;20,74000;       1,32696;78,34846;49,00000;20,00000;0,82055
340,43100;20,74667;       1,32714;78,34844;49,00000;20,00000;0,82052
340,53400;20,75333;       1,32738;78,34792;49,00000;20,00000;0,82049
340,62000;20,76000;       1,32760;78,34790;50,00000;20,00000;0,82046
340,72501;20,76667;       1,32802;78,34738;51,00000;20,00000;0,82043
340,82599;20,77333;       1,32889;78,34735;49,00000;20,00000;0,82040
340,91901;20,78000;       1,32935;78,34732;49,00000;20,00000;0,82037
341,02100;20,78667;       1,32954;78,34678;49,00000;20,00000;0,82034
341,11801;20,79333;       1,32963;78,34673;50,00000;20,00000;0,82031
341,21399;20,80000;       1,33028;78,34622;50,00000;20,00000;0,82028
341,32901;20,80667;       1,33070;78,34622;50,00000;20,00000;0,82024
341,41199;20,81333;       1,33097;78,34570;49,00000;20,00000;0,82022
341,50900;20,82000;       1,33134;78,34568;49,00000;20,00000;0,82019
341,60400;20,82667;       1,33184;78,34517;49,00000;20,00000;0,82016
341,70700;20,83333;       1,33240;78,34515;49,00000;20,00000;0,82013
341,80801;20,84000;       1,33286;78,34513;49,00000;20,00000;0,82010
341,89499;20,84667;       1,33318;78,34509;50,00000;20,00000;0,82007
341,99399;20,85333;       1,33360;78,34506;49,00000;20,00000;0,82004
342,09799;20,86000;       1,33397;78,34452;49,00000;20,00000;0,82001
342,19699;20,86667;       1,33438;78,34448;50,00000;20,00000;0,81998
342,30899;20,87333;       1,33472;78,34444;50,00000;20,00000;0,81994
342,39200;20,88000;       1,33512;78,34441;52,00000;20,00000;0,81992
342,50400;20,88667;       1,33564;78,34438;52,00000;20,00000;0,81988
342,59000;20,89333;       1,33614;78,34435;52,00000;20,00000;0,81985
342,69000;20,90000;       1,33665;78,34431;49,00000;20,00000;0,81982
342,78799;20,90667;       1,33711;78,34426;49,00000;20,00000;0,81979
342,89499;20,91333;       1,33748;78,34425;50,00000;20,00000;0,81976
342,98999;20,92000;       1,33790;78,34424;50,00000;20,00000;0,81973
343,07999;20,92667;       1,33836;78,34421;50,00000;20,00000;0,81970
343,18600;20,93333;       1,33882;78,34419;50,00000;20,00000;0,81967
343,28201;20,94000;       1,33901;78,34416;49,00000;20,00000;0,81964
343,38101;20,94667;       1,33920;78,34413;50,00000;20,00000;0,81961
343,47900;20,95333;       1,33989;78,34409;50,00000;20,00000;0,81958
343,57001;20,96000;       1,34048;78,34408;50,00000;20,00000;0,81955
343,66800;20,96667;       1,34081;78,34408;50,00000;20,00000;0,81952
343,77200;20,97333;       1,34095;78,34405;49,00000;20,00000;0,81949
343,86401;20,98000;       1,34169;78,34402;49,00000;20,00000;0,81946
343,96799;20,98667;       1,34224;78,34400;51,00000;20,00000;0,81943
344,06400;20,99333;       1,34257;78,34397;51,00000;20,00000;0,81940
344,15701;21,00000;       1,34303;78,34393;51,00000;20,00000;0,81937
344,26401;21,00667;       1,34350;78,34390;51,00000;20,00000;0,81933
344,35699;21,01333;       1,34386;78,34387;51,00000;20,00000;0,81931
344,46100;21,02000;       1,34433;78,34384;49,00000;20,00000;0,81927
344,55399;21,02667;       1,34479;78,34381;49,00000;20,00000;0,81924
344,66000;21,03333;       1,34503;78,34379;50,00000;20,00000;0,81921
344,75101;21,04000;       1,34535;78,34375;50,00000;20,00000;0,81918
344,84299;21,04667;       1,34595;78,34372;49,00000;20,00000;0,81915
344,95401;21,05333;       1,34646;78,34368;51,00000;20,00000;0,81912
345,04901;21,06000;       1,34701;78,34363;49,00000;20,00000;0,81909
345,15201;21,06667;       1,34757;78,34358;49,00000;20,00000;0,81906
345,25000;21,07333;       1,34790;78,34357;50,00000;20,00000;0,81903
345,34601;21,08000;       1,34822;78,34356;50,00000;20,00000;0,81900
345,44101;21,08667;       1,34813;78,34353;49,00000;20,00000;0,81897
345,53699;21,09333;       1,34837;78,34350;49,00000;20,00000;0,81894
345,64401;21,10000;       1,34934;78,34348;49,00000;20,00000;0,81890
345,73801;21,10667;       1,34989;78,34345;49,00000;20,00000;0,81887
345,83899;21,11333;       1,35008;78,34342;51,00000;20,00000;0,81884
345,92499;21,12000;       1,35013;78,34339;51,00000;20,00000;0,81882
346,03299;21,12667;       1,35037;78,34337;49,00000;20,00000;0,81878
346,13599;21,13333;       1,35097;78,34334;49,00000;20,00000;0,81875
346,22699;21,14000;       1,35129;78,34331;50,00000;20,00000;0,81872
346,32901;21,14667;       1,35176;78,34329;50,00000;20,00000;0,81869
346,42001;21,15333;       1,35222;78,34326;50,00000;20,00000;0,81866
346,52701;21,16000;       1,35278;78,34274;50,00000;20,00000;0,81863
346,62000;21,16667;       1,35328;78,34272;49,00000;20,00000;0,81860
346,71899;21,17333;       1,35380;78,34268;49,00000;20,00000;0,81857
346,81900;21,18000;       1,35421;78,34264;50,00000;20,00000;0,81853
346,90799;21,18667;       1,35463;78,34262;50,00000;20,00000;0,81851
347,01300;21,19333;       1,35482;78,34260;50,00000;20,00000;0,81847
347,11499;21,20000;       1,35501;78,34257;50,00000;20,00000;0,81844
347,21500;21,20667;       1,35552;78,34255;49,00000;20,00000;0,81841
347,31299;21,21333;       1,35594;78,34203;49,00000;20,00000;0,81838
347,40701;21,22000;       1,35631;78,34201;51,00000;20,00000;0,81835
347,50299;21,22667;       1,35677;78,34150;51,00000;20,00000;0,81832
347,59601;21,23333;       1,35728;78,34048;51,00000;20,00000;0,81829
347,69901;21,24000;       1,35766;78,33946;51,00000;20,00000;0,81826
347,79800;21,24667;       1,35798;78,33844;49,00000;20,00000;0,81822
347,89999;21,25333;       1,35845;78,33742;49,00000;20,00000;0,81819
348,00201;21,26000;       1,35883;78,33639;50,00000;20,00000;0,81816
348,10101;21,26667;       1,35938;78,33538;50,00000;20,00000;0,81813
348,19800;21,27333;       1,36003;78,33437;50,00000;20,00000;0,81810
348,29901;21,28000;       1,36045;78,33385;50,00000;20,00000;0,81807
348,38901;21,28667;       1,36096;78,33283;49,00000;20,00000;0,81804
348,48700;21,29333;       1,36092;78,33230;49,00000;20,00000;0,81801
348,58499;21,30000;       1,36143;78,33131;50,00000;20,00000;0,81798
348,69101;21,30667;       1,36199;78,33080;50,00000;20,00000;0,81794
348,77899;21,31333;       1,36250;78,33027;50,00000;20,00000;0,81791
348,88501;21,32000;       1,36274;78,32924;50,00000;20,00000;0,81788
348,98599;21,32667;       1,36293;78,32872;50,00000;20,00000;0,81785
349,08600;21,33333;       1,36335;78,32818;49,00000;20,00000;0,81782
349,18600;21,34000;       1,36400;78,32764;51,00000;20,00000;0,81778
349,28000;21,34667;       1,36442;78,32714;51,00000;20,00000;0,81775
349,37299;21,35333;       1,36479;78,32665;51,00000;20,00000;0,81772
349,47800;21,36000;       1,36526;78,32614;51,00000;20,00000;0,81769
349,56799;21,36667;       1,36572;78,32612;50,00000;20,00000;0,81766
349,67099;21,37333;       1,36619;78,32561;49,00000;20,00000;0,81763
349,76501;21,38000;       1,36665;78,32559;49,00000;20,00000;0,81760
349,86099;21,38667;       1,36721;78,32557;50,00000;20,00000;0,81757
349,96100;21,39333;       1,36763;78,32555;50,00000;20,00000;0,81754
350,05801;21,40000;       1,36791;78,32503;52,00000;20,00000;0,81751
350,15900;21,40667;       1,36828;78,32501;49,00000;20,00000;0,81747
350,24899;21,41333;       1,36865;78,32498;49,00000;20,00000;0,81744
350,35199;21,42000;       1,36889;78,32495;50,00000;20,00000;0,81741
350,45099;21,42667;       1,36931;78,32492;50,00000;20,00000;0,81738
350,54999;21,43333;       1,36978;78,32488;50,00000;20,00000;0,81735
350,64700;21,44000;       1,37020;78,32485;50,00000;20,00000;0,81732
350,75400;21,44667;       1,37058;78,32480;49,00000;20,00000;0,81728
350,84500;21,45333;       1,37100;78,32474;49,00000;20,00000;0,81725
350,94901;21,46000;       1,37137;78,32473;49,00000;20,00000;0,81722
351,04999;21,46667;       1,37170;78,32471;51,00000;20,00000;0,81719
351,14200;21,47333;       1,37189;78,32468;51,00000;20,00000;0,81716
351,23700;21,48000;       1,37217;78,32465;50,00000;20,00000;0,81713
351,34601;21,48667;       1,37251;78,32463;50,00000;20,00000;0,81709
351,44199;21,49333;       1,37293;78,32460;50,00000;20,00000;0,81706
351,54001;21,50000;       1,37316;78,32457;50,00000;20,00000;0,81703
351,63101;21,50667;       1,37344;78,32455;50,00000;20,00000;0,81700
351,73300;21,51333;       1,37410;78,32452;50,00000;20,00000;0,81697
351,83600;21,52000;       1,37466;78,32449;51,00000;20,00000;0,81693
351,92200;21,52667;       1,37526;78,32446;51,00000;20,00000;0,81691
352,03601;21,53333;       1,37559;78,32443;49,00000;20,00000;0,81687
352,12299;21,54000;       1,37573;78,32440;49,00000;20,00000;0,81684
352,23199;21,54667;       1,37611;78,32437;50,00000;20,00000;0,81681
352,33401;21,55333;       1,37654;78,32435;50,00000;20,00000;0,81677
352,41699;21,56000;       1,37709;78,32431;50,00000;20,00000;0,81675
352,51801;21,56667;       1,37756;78,32428;50,00000;20,00000;0,81671
352,61700;21,57333;       1,37803;78,32427;49,00000;20,00000;0,81668
352,71600;21,58000;       1,37840;78,32427;49,00000;20,00000;0,81665
352,80899;21,58667;       1,37877;78,32424;49,00000;20,00000;0,81662
352,92001;21,59333;       1,37902;78,32421;51,00000;20,00000;0,81658
353,00400;21,60000;       1,37925;78,32419;50,00000;20,00000;0,81656
353,11401;21,60667;       1,38000;78,32417;51,00000;20,00000;0,81652
353,20300;21,61333;       1,38032;78,32414;49,00000;20,00000;0,81649
353,30099;21,62000;       1,38061;78,32411;49,00000;20,00000;0,81646
353,40302;21,62667;       1,38099;78,32409;50,00000;20,00000;0,81643
353,50101;21,63333;       1,38141;78,32405;51,00000;20,00000;0,81639
353,60001;21,64000;       1,38192;78,32402;52,00000;20,00000;0,81636
353,69699;21,64667;       1,38211;78,32398;52,00000;20,00000;0,81633
353,79599;21,65333;       1,38254;78,32395;49,00000;20,00000;0,81630
353,90399;21,66000;       1,38315;78,32393;49,00000;20,00000;0,81626
354,00500;21,66667;       1,38320;78,32391;50,00000;20,00000;0,81623
354,08899;21,67333;       1,38334;78,32387;50,00000;20,00000;0,81620
354,18100;21,68000;       1,38367;78,32384;50,00000;20,00000;0,81617
354,28699;21,68667;       1,38419;78,32385;50,00000;20,00000;0,81614
354,39499;21,69333;       1,38462;78,32385;50,00000;20,00000;0,81610
354,47101;21,70000;       1,38503;78,32382;49,00000;20,00000;0,81608
354,56799;21,70667;       1,38540;78,32379;51,00000;20,00000;0,81605
354,68399;21,71333;       1,38579;78,32376;51,00000;20,00000;0,81601
354,77600;21,72000;       1,38621;78,32371;52,00000;20,00000;0,81598
354,88000;21,72667;       1,38668;78,32367;52,00000;20,00000;0,81594
354,97601;21,73333;       1,38715;78,32366;49,00000;20,00000;0,81591
355,06900;21,74000;       1,38761;78,32365;49,00000;20,00000;0,81588
355,16400;21,74667;       1,38803;78,32363;51,00000;20,00000;0,81585
355,26501;21,75333;       1,38851;78,32360;51,00000;20,00000;0,81582
355,36700;21,76000;       1,38888;78,32358;52,00000;20,00000;0,81578
355,46500;21,76667;       1,38935;78,32355;52,00000;20,00000;0,81575
355,56500;21,77333;       1,38955;78,32353;49,00000;20,00000;0,81572
355,65799;21,78000;       1,39024;78,32351;49,00000;20,00000;0,81569
355,75699;21,78667;       1,39053;78,32347;49,00000;20,00000;0,81566
355,85001;21,79333;       1,39072;78,32343;50,00000;20,00000;0,81563
355,95499;21,80000;       1,39092;78,32342;50,00000;20,00000;0,81559
356,04800;21,80667;       1,39111;78,32340;50,00000;20,00000;0,81556
356,15500;21,81333;       1,39149;78,32337;50,00000;20,00000;0,81553
356,25699;21,82000;       1,39201;78,32334;49,00000;20,00000;0,81549
356,34201;21,82667;       1,39238;78,32331;49,00000;20,00000;0,81546
356,45001;21,83333;       1,39281;78,32326;51,00000;20,00000;0,81543
356,54700;21,84000;       1,39337;78,32322;51,00000;20,00000;0,81540
356,64600;21,84667;       1,39365;78,32321;51,00000;20,00000;0,81536
356,73901;21,85333;       1,39412;78,32319;51,00000;20,00000;0,81533
356,84000;21,86000;       1,39459;78,32316;49,00000;20,00000;0,81530
356,94299;21,86667;       1,39488;78,32312;50,00000;20,00000;0,81527
357,04099;21,87333;       1,39507;78,32309;50,00000;20,00000;0,81523
357,14600;21,88000;       1,39536;78,32306;52,00000;20,00000;0,81520
357,23700;21,88667;       1,39588;78,32302;52,00000;20,00000;0,81517
357,33401;21,89333;       1,39621;78,32299;49,00000;20,00000;0,81514
357,43701;21,90000;       1,39673;78,32297;49,00000;20,00000;0,81510
357,53699;21,90667;       1,39701;78,32294;50,00000;20,00000;0,81507
357,63400;21,91333;       1,39748;78,32292;50,00000;20,00000;0,81504
357,73999;21,92000;       1,39805;78,32291;50,00000;20,00000;0,81500
357,82001;21,92667;       1,39846;78,32289;50,00000;20,00000;0,81498
357,91901;21,93333;       1,39889;78,32287;50,00000;20,00000;0,81494
358,02600;21,94000;       1,39923;78,32285;49,00000;20,00000;0,81491
358,11899;21,94667;       1,39956;78,32281;49,00000;20,00000;0,81488
358,21799;21,95333;       1,39994;78,32277;51,00000;20,00000;0,81484
358,31500;21,96000;       1,40036;78,32276;51,00000;20,00000;0,81481
358,41501;21,96667;       1,40079;78,32275;52,00000;20,00000;0,81478
358,51099;21,97333;       1,40112;78,32272;52,00000;20,00000;0,81475
358,60999;21,98000;       1,40145;78,32268;49,00000;20,00000;0,81471
358,71399;21,98667;       1,40193;78,32265;49,00000;20,00000;0,81468
358,81201;21,99333;       1,40221;78,32262;50,00000;20,00000;0,81465
358,91599;22,00000;       1,40259;78,32260;50,00000;20,00000;0,81461
359,00601;22,00667;       1,40297;78,32257;52,00000;20,00000;0,81458
359,10300;22,01333;       1,40335;78,32255;50,00000;20,00000;0,81455
359,20599;22,02000;       1,40364;78,32253;50,00000;20,00000;0,81451
359,29700;22,02667;       1,40369;78,32250;50,00000;20,00000;0,81448
359,40201;22,03333;       1,40384;78,32247;50,00000;20,00000;0,81445
359,50000;22,04000;       1,40413;78,32244;50,00000;20,00000;0,81442
359,59201;22,04667;       1,40478;78,32241;50,00000;20,00000;0,81439
359,70599;22,05333;       1,40526;78,32239;50,00000;20,00000;0,81435
359,79599;22,06000;       1,40568;78,32186;49,00000;20,00000;0,81432
359,89200;22,06667;       1,40652;78,32182;49,00000;20,00000;0,81429
359,98901;22,07333;       1,40699;78,32181;51,00000;20,00000;0,81425
360,08401;22,08000;       1,40719;78,32180;51,00000;20,00000;0,81422
360,18600;22,08667;       1,40738;78,32177;52,00000;20,00000;0,81419
360,28500;22,09333;       1,40753;78,32174;50,00000;20,00000;0,81415
360,38400;22,10000;       1,40773;78,32170;49,00000;20,00000;0,81412
360,49100;22,10667;       1,40825;78,32118;49,00000;20,00000;0,81409
360,58099;22,11333;       1,40863;78,32115;50,00000;20,00000;0,81405
360,68301;22,12000;       1,40915;78,32112;50,00000;20,00000;0,81402
360,78400;22,12667;       1,40953;78,32109;51,00000;20,00000;0,81399
360,87799;22,13333;       1,40991;78,32106;51,00000;20,00000;0,81396
360,97900;22,14000;       1,41001;78,32104;49,00000;20,00000;0,81392
361,07700;22,14667;       1,41030;78,32052;50,00000;20,00000;0,81389
361,17700;22,15333;       1,41087;78,32050;49,00000;20,00000;0,81385
361,27399;22,16000;       1,41157;78,32048;50,00000;20,00000;0,81382
361,36700;22,16667;       1,41213;78,32046;50,00000;20,00000;0,81379
361,46701;22,17333;       1,41233;78,32042;50,00000;20,00000;0,81376
361,56699;22,18000;       1,41248;78,31989;49,00000;20,00000;0,81372
361,66501;22,18667;       1,41263;78,31988;49,00000;20,00000;0,81369
361,76001;22,19333;       1,41291;78,31987;51,00000;20,00000;0,81366
361,86401;22,20000;       1,41302;78,31985;51,00000;20,00000;0,81362
361,96201;22,20667;       1,41359;78,31983;52,00000;20,00000;0,81359
362,05600;22,21333;       1,41420;78,31982;50,00000;20,00000;0,81356
362,15500;22,22000;       1,41472;78,31929;49,00000;20,00000;0,81352
362,24500;22,22667;       1,41482;78,31925;49,00000;20,00000;0,81349
362,34500;22,23333;       1,41520;78,31924;49,00000;20,00000;0,81346
362,45200;22,24000;       1,41549;78,31922;49,00000;20,00000;0,81342
362,54999;22,24667;       1,41601;78,31920;51,00000;20,00000;0,81339
362,65601;22,25333;       1,41635;78,31917;51,00000;20,00000;0,81336
362,74399;22,26000;       1,41659;78,31866;51,00000;20,00000;0,81333
362,84000;22,26667;       1,41687;78,31865;49,00000;20,00000;0,81329
362,93701;22,27333;       1,41730;78,31864;49,00000;20,00000;0,81326
363,04001;22,28000;       1,41768;78,31862;50,00000;20,00000;0,81322
363,12799;22,28667;       1,41811;78,31859;50,00000;20,00000;0,81320
363,22501;22,29333;       1,41849;78,31856;50,00000;20,00000;0,81316
363,33600;22,30000;       1,41883;78,31803;50,00000;20,00000;0,81312
363,43399;22,30667;       1,41912;78,31799;49,00000;20,00000;0,81309
363,53500;22,31333;       1,41955;78,31796;49,00000;20,00000;0,81306
363,63101;22,32000;       1,41988;78,31793;49,00000;20,00000;0,81302
363,73001;22,32667;       1,42022;78,31790;50,00000;20,00000;0,81299
363,82599;22,33333;       1,42060;78,31786;50,00000;20,00000;0,81296
363,93201;22,34000;       1,42094;78,31733;50,00000;20,00000;0,81292
364,02100;22,34667;       1,42136;78,31733;50,00000;20,00000;0,81289
364,12500;22,35333;       1,42156;78,31732;49,00000;20,00000;0,81286
364,21500;22,36000;       1,42171;78,31730;49,00000;20,00000;0,81283
364,31601;22,36667;       1,42200;78,31727;51,00000;20,00000;0,81279
364,41699;22,37333;       1,42220;78,31725;51,00000;20,00000;0,81276
364,51901;22,38000;       1,42314;78,31673;51,00000;20,00000;0,81272
364,61401;22,38667;       1,42366;78,31671;52,00000;20,00000;0,81269
364,70901;22,39333;       1,42381;78,31668;52,00000;20,00000;0,81266
364,80701;22,40000;       1,42410;78,31666;49,00000;20,00000;0,81262
364,90900;22,40667;       1,42462;78,31664;49,00000;20,00000;0,81259
365,01401;22,41333;       1,42482;78,31662;50,00000;20,00000;0,81255
365,09601;22,42000;       1,42510;78,31611;50,00000;20,00000;0,81252
365,20001;22,42667;       1,42553;78,31609;50,00000;20,00000;0,81249
365,29999;22,43333;       1,42592;78,31608;50,00000;20,00000;0,81245
365,39600;22,44000;       1,42634;78,31605;49,00000;20,00000;0,81242
365,48999;22,44667;       1,42668;78,31601;49,00000;20,00000;0,81239
365,59799;22,45333;       1,42711;78,31597;50,00000;20,00000;0,81235
365,68799;22,46000;       1,42763;78,31548;50,00000;20,00000;0,81232
365,78699;22,46667;       1,42797;78,31547;50,00000;20,00000;0,81229
365,89200;22,47333;       1,42798;78,31545;50,00000;20,00000;0,81225
365,98499;22,48000;       1,42818;78,31542;50,00000;20,00000;0,81222
366,07700;22,48667;       1,42842;78,31540;50,00000;20,00000;0,81219
366,18100;22,49333;       1,42876;78,31537;49,00000;20,00000;0,81215
366,28799;22,50000;       1,42919;78,31485;49,00000;20,00000;0,81212
366,37799;22,50667;       1,42999;78,31482;51,00000;20,00000;0,81208
366,47900;22,51333;       1,43019;78,31479;51,00000;20,00000;0,81205
366,56900;22,52000;       1,43038;78,31476;52,00000;20,00000;0,81202
366,68301;22,52667;       1,43091;78,31474;52,00000;20,00000;0,81198
366,77701;22,53333;       1,43088;78,31471;49,00000;20,00000;0,81195
366,87100;22,54000;       1,43094;78,31419;49,00000;20,00000;0,81191
366,97601;22,54667;       1,43128;78,31367;49,00000;20,00000;0,81188
367,07001;22,55333;       1,43175;78,31315;50,00000;20,00000;0,81185
367,17001;22,56000;       1,43237;78,31262;51,00000;20,00000;0,81181
367,26801;22,56667;       1,43307;78,31209;51,00000;20,00000;0,81178
367,36700;22,57333;       1,43350;78,31159;50,00000;20,00000;0,81174
367,46201;22,58000;       1,43356;78,31109;50,00000;20,00000;0,81171
367,56601;22,58667;       1,43376;78,31058;49,00000;20,00000;0,81167
367,66299;22,59333;       1,43405;78,31056;49,00000;20,00000;0,81164
367,75400;22,60000;       1,43439;78,31005;50,00000;20,00000;0,81161
367,85501;22,60667;       1,43477;78,31001;50,00000;20,00000;0,81157
367,95200;22,61333;       1,43502;78,30997;50,00000;20,00000;0,81154
368,05499;22,62000;       1,43545;78,30947;50,00000;20,00000;0,81151
368,15701;22,62667;       1,43602;78,30946;49,00000;20,00000;0,81147
368,24701;22,63333;       1,43622;78,30944;49,00000;20,00000;0,81144
368,34399;22,64000;       1,43660;78,30892;51,00000;20,00000;0,81140
368,44901;22,64667;       1,43690;78,30890;51,00000;20,00000;0,81137
368,54599;22,65333;       1,43710;78,30888;52,00000;20,00000;0,81133
368,63901;22,66000;       1,43743;78,30836;52,00000;20,00000;0,81130
368,73801;22,66667;       1,43781;78,30833;52,00000;20,00000;0,81127
368,84000;22,67333;       1,43820;78,30828;49,00000;20,00000;0,81123
368,95200;22,68000;       1,43855;78,30824;49,00000;20,00000;0,81119
369,03500;22,68667;       1,43888;78,30774;49,00000;20,00000;0,81116
369,13599;22,69333;       1,43926;78,30774;51,00000;20,00000;0,81113
369,23499;22,70000;       1,43951;78,30773;51,00000;20,00000;0,81110
369,32599;22,70667;       1,43980;78,30772;51,00000;20,00000;0,81106
369,42300;22,71333;       1,44018;78,30721;51,00000;20,00000;0,81103
369,53101;22,72000;       1,44062;78,30718;52,00000;20,00000;0,81099
369,62100;22,72667;       1,44100;78,30714;49,00000;20,00000;0,81096
369,71799;22,73333;       1,44134;78,30713;49,00000;20,00000;0,81093
369,81799;22,74000;       1,44163;78,30662;50,00000;20,00000;0,81089
369,91599;22,74667;       1,44197;78,30659;50,00000;20,00000;0,81086
370,03000;22,75333;       1,44232;78,30657;50,00000;20,00000;0,81082
370,11600;22,76000;       1,44270;78,30655;50,00000;20,00000;0,81079
370,21600;22,76667;       1,44294;78,30603;49,00000;20,00000;0,81075
370,30399;22,77333;       1,44309;78,30601;51,00000;20,00000;0,81072
370,41699;22,78000;       1,44325;78,30599;50,00000;20,00000;0,81068
370,50000;22,78667;       1,44349;78,30596;50,00000;20,00000;0,81065
370,61700;22,79333;       1,44403;78,30544;50,00000;20,00000;0,81061
370,70901;22,80000;       1,44483;78,30542;50,00000;20,00000;0,81058
370,80600;22,80667;       1,44517;78,30539;50,00000;20,00000;0,81055
370,89999;22,81333;       1,44527;78,30488;49,00000;20,00000;0,81051
371,00500;22,82000;       1,44543;78,30388;49,00000;20,00000;0,81048
371,09900;22,82667;       1,44553;78,30336;49,00000;20,00000;0,81044
371,19800;22,83333;       1,44606;78,30234;51,00000;20,00000;0,81041
371,29501;22,84000;       1,44672;78,30180;51,00000;20,00000;0,81037
371,39401;22,84667;       1,44716;78,30130;52,00000;20,00000;0,81034
371,49301;22,85333;       1,44777;78,30029;52,00000;20,00000;0,81031
371,59698;22,86000;       1,44826;78,29977;49,00000;20,00000;0,81027
371,70001;22,86667;       1,44827;78,29926;49,00000;20,00000;0,81023
371,79501;22,87333;       1,44847;78,29924;50,00000;20,00000;0,81020
371,89001;22,88000;       1,44876;78,29873;50,00000;20,00000;0,81017
371,98801;22,88667;       1,44920;78,29822;50,00000;20,00000;0,81013
372,08301;22,89333;       1,44958;78,29821;50,00000;20,00000;0,81010
372,17899;22,90000;       1,44983;78,29769;49,00000;20,00000;0,81006
372,28000;22,90667;       1,45003;78,29718;51,00000;20,00000;0,81003
372,37799;22,91333;       1,45032;78,29617;49,00000;20,00000;0,80999
372,47800;22,92000;       1,45062;78,29565;50,00000;20,00000;0,80996
372,57901;22,92667;       1,45087;78,29464;50,00000;20,00000;0,80992
372,67999;22,93333;       1,45126;78,29364;50,00000;20,00000;0,80989
372,77701;22,94000;       1,45178;78,29313;50,00000;20,00000;0,80985
372,86899;22,94667;       1,45226;78,29261;50,00000;20,00000;0,80982
372,95999;22,95333;       1,45269;78,29159;49,00000;20,00000;0,80979
373,06699;22,96000;       1,45299;78,29110;49,00000;20,00000;0,80975
373,16199;22,96667;       1,45342;78,29060;51,00000;20,00000;0,80972
373,26700;22,97333;       1,45386;78,29009;50,00000;20,00000;0,80968
373,35999;22,98000;       1,45433;78,29006;52,00000;20,00000;0,80965
373,45599;22,98667;       1,45472;78,28954;51,00000;20,00000;0,80961
373,55200;22,99333;       1,45483;78,28902;51,00000;20,00000;0,80958
373,66199;23,00000;       1,45485;78,28850;49,00000;20,00000;0,80954
373,76001;23,00667;       1,45500;78,28847;50,00000;20,00000;0,80950
373,86099;23,01333;       1,45516;78,28796;50,00000;20,00000;0,80947
373,94800;23,02000;       1,45554;78,28794;51,00000;20,00000;0,80944
374,05301;23,02667;       1,45621;78,28742;51,00000;20,00000;0,80940
374,14301;23,03333;       1,45650;78,28740;52,00000;20,00000;0,80937
374,25500;23,04000;       1,45690;78,28738;52,00000;20,00000;0,80933
374,34399;23,04667;       1,45733;78,28687;49,00000;20,00000;0,80930
374,44501;23,05333;       1,45772;78,28685;49,00000;20,00000;0,80926
374,54401;23,06000;       1,45810;78,28681;50,00000;20,00000;0,80923
374,63599;23,06667;       1,45835;78,28677;50,00000;20,00000;0,80919
374,73700;23,07333;       1,45869;78,28676;50,00000;20,00000;0,80916
374,84500;23,08000;       1,45918;78,28676;50,00000;20,00000;0,80912
374,94299;23,08667;       1,45966;78,28674;49,00000;20,00000;0,80908
375,03000;23,09333;       1,45995;78,28624;49,00000;20,00000;0,80905
375,12799;23,10000;       1,46001;78,28623;49,00000;20,00000;0,80902
375,23401;23,10667;       1,46003;78,28620;49,00000;20,00000;0,80898
375,31500;23,11333;       1,46018;78,28568;51,00000;20,00000;0,80895
375,42300;23,12000;       1,46034;78,28567;51,00000;20,00000;0,80891
375,52399;23,12667;       1,46119;78,28516;51,00000;20,00000;0,80888
375,62100;23,13333;       1,46168;78,28513;52,00000;20,00000;0,80884
375,72000;23,14000;       1,46197;78,28510;49,00000;20,00000;0,80881
375,82199;23,14667;       1,46236;78,28458;49,00000;20,00000;0,80877
375,91901;23,15333;       1,46275;78,28455;50,00000;20,00000;0,80873
376,02100;23,16000;       1,46319;78,28403;49,00000;20,00000;0,80870
376,12100;23,16667;       1,46325;78,28401;49,00000;20,00000;0,80866
376,22000;23,17333;       1,46360;78,28350;51,00000;20,00000;0,80863
376,30801;23,18000;       1,46407;78,28348;51,00000;20,00000;0,80860
376,41599;23,18667;       1,46447;78,28347;51,00000;20,00000;0,80856
376,50601;23,19333;       1,46485;78,28295;51,00000;20,00000;0,80852
376,60001;23,20000;       1,46514;78,28292;49,00000;20,00000;0,80849
376,70599;23,20667;       1,46544;78,28240;49,00000;20,00000;0,80845
376,81500;23,21333;       1,46579;78,28238;50,00000;20,00000;0,80841
376,91101;23,22000;       1,46590;78,28185;50,00000;20,00000;0,80838
376,99899;23,22667;       1,46624;78,28181;50,00000;20,00000;0,80835
377,10300;23,23333;       1,46663;78,28181;50,00000;20,00000;0,80831
377,19400;23,24000;       1,46720;78,28181;49,00000;20,00000;0,80828
377,29800;23,24667;       1,46755;78,28179;49,00000;20,00000;0,80824
377,38800;23,25333;       1,46789;78,28128;49,00000;20,00000;0,80821
377,49200;23,26000;       1,46837;78,28125;50,00000;20,00000;0,80817
377,59500;23,26667;       1,46900;78,28123;50,00000;20,00000;0,80813
377,69601;23,27333;       1,46916;78,28121;50,00000;20,00000;0,80810
377,78601;23,28000;       1,46922;78,28119;50,00000;20,00000;0,80806
377,88400;23,28667;       1,46933;78,28117;50,00000;20,00000;0,80803
377,98300;23,29333;       1,46948;78,28114;49,00000;20,00000;0,80799
378,08499;23,30000;       1,46969;78,28112;49,00000;20,00000;0,80796
378,17801;23,30667;       1,47073;78,28109;51,00000;20,00000;0,80792
378,28601;23,31333;       1,47117;78,28107;51,00000;20,00000;0,80788
378,38800;23,32000;       1,47147;78,28105;52,00000;20,00000;0,80785
378,47601;23,32667;       1,47185;78,28103;52,00000;20,00000;0,80781
378,57300;23,33333;       1,47234;78,28099;49,00000;20,00000;0,80778
378,67700;23,34000;       1,47273;78,28096;49,00000;20,00000;0,80774
378,77301;23,34667;       1,47303;78,28096;50,00000;20,00000;0,80771
378,86801;23,35333;       1,47314;78,28096;50,00000;20,00000;0,80767
378,96399;23,36000;       1,47325;78,28094;50,00000;20,00000;0,80764
379,06500;23,36667;       1,47345;78,28092;50,00000;20,00000;0,80760
379,16599;23,37333;       1,47389;78,28090;51,00000;20,00000;0,80756
379,26300;23,38000;       1,47428;78,28087;49,00000;20,00000;0,80753
379,35999;23,38667;       1,47453;78,28085;49,00000;20,00000;0,80749
379,46201;23,39333;       1,47497;78,28082;49,00000;20,00000;0,80746
379,56201;23,40000;       1,47541;78,28079;50,00000;20,00000;0,80742
379,65302;23,40667;       1,47584;78,28076;50,00000;20,00000;0,80739
379,76401;23,41333;       1,47624;78,28074;50,00000;20,00000;0,80735
379,85999;23,42000;       1,47658;78,28072;50,00000;20,00000;0,80731
379,95499;23,42667;       1,47693;78,28071;49,00000;20,00000;0,80728
380,05701;23,43333;       1,47727;78,28070;49,00000;20,00000;0,80724
380,14899;23,44000;       1,47761;78,28069;51,00000;20,00000;0,80721
380,23901;23,44667;       1,47795;78,28066;51,00000;20,00000;0,80717
380,34500;23,45333;       1,47816;78,28063;52,00000;20,00000;0,80714
380,43799;23,46000;       1,47813;78,28062;52,00000;20,00000;0,80710
380,54300;23,46667;       1,47830;78,28061;52,00000;20,00000;0,80706
380,63699;23,47333;       1,47882;78,28059;49,00000;20,00000;0,80703
380,74701;23,48000;       1,47936;78,28057;49,00000;20,00000;0,80699
380,83600;23,48667;       1,47998;78,28054;50,00000;20,00000;0,80696
380,93201;23,49333;       1,48009;78,28050;51,00000;20,00000;0,80692
381,03799;23,50000;       1,48030;78,28046;51,00000;20,00000;0,80688
381,13101;23,50667;       1,48050;78,28045;49,00000;20,00000;0,80685
381,23499;23,51333;       1,48076;78,28045;49,00000;20,00000;0,80681
381,33200;23,52000;       1,48120;78,28043;49,00000;20,00000;0,80678
381,43600;23,52667;       1,48155;78,28041;49,00000;20,00000;0,80674
381,51999;23,53333;       1,48184;78,28038;50,00000;20,00000;0,80671
381,62399;23,54000;       1,48223;78,28036;50,00000;20,00000;0,80667
381,73099;23,54667;       1,48268;78,28034;49,00000;20,00000;0,80663
381,82599;23,55333;       1,48307;78,28033;49,00000;20,00000;0,80660
381,92401;23,56000;       1,48336;78,28031;49,00000;20,00000;0,80656
382,01501;23,56667;       1,48380;78,28029;49,00000;20,00000;0,80653
382,11899;23,57333;       1,48405;78,28028;51,00000;20,00000;0,80649
382,21301;23,58000;       1,48421;78,28027;51,00000;20,00000;0,80645
382,31299;23,58667;       1,48456;78,28026;51,00000;20,00000;0,80642
382,40799;23,59333;       1,48495;78,28024;51,00000;20,00000;0,80638
382,50601;23,60000;       1,48543;78,28023;49,00000;20,00000;0,80635
382,60400;23,60667;       1,48569;78,28019;49,00000;20,00000;0,80631
382,70401;23,61333;       1,48575;78,28015;51,00000;20,00000;0,80627
382,79700;23,62000;       1,48633;78,28015;51,00000;20,00000;0,80624
382,90500;23,62667;       1,48696;78,28014;51,00000;20,00000;0,80620
383,00000;23,63333;       1,48726;78,28012;52,00000;20,00000;0,80616
383,09698;23,64000;       1,48756;78,28010;52,00000;20,00000;0,80613
383,20099;23,64667;       1,48791;78,28008;49,00000;20,00000;0,80609
383,29599;23,65333;       1,48821;78,28006;49,00000;20,00000;0,80606
383,38901;23,66000;       1,48841;78,28004;50,00000;20,00000;0,80602
383,48901;23,66667;       1,48885;78,28003;50,00000;20,00000;0,80598
383,59299;23,67333;       1,48925;78,28001;50,00000;20,00000;0,80595
383,68500;23,68000;       1,48968;78,27999;50,00000;20,00000;0,80591
383,78101;23,68667;       1,48984;78,27997;49,00000;20,00000;0,80588
383,88501;23,69333;       1,49005;78,27995;49,00000;20,00000;0,80584
383,98499;23,70000;       1,49031;78,27992;51,00000;20,00000;0,80580
384,07901;23,70667;       1,49070;78,27940;51,00000;20,00000;0,80577
384,17899;23,71333;       1,49137;78,27937;52,00000;20,00000;0,80573
384,28699;23,72000;       1,49163;78,27934;49,00000;20,00000;0,80569
384,37799;23,72667;       1,49188;78,27930;49,00000;20,00000;0,80566
384,47699;23,73333;       1,49223;78,27929;51,00000;20,00000;0,80562
384,58099;23,74000;       1,49295;78,27929;51,00000;20,00000;0,80558
384,67401;23,74667;       1,49311;78,27928;51,00000;20,00000;0,80555
384,76700;23,75333;       1,49345;78,27927;52,00000;20,00000;0,80551
384,86899;23,76000;       1,49376;78,27925;52,00000;20,00000;0,80547
384,95999;23,76667;       1,49414;78,27874;49,00000;20,00000;0,80544
385,06799;23,77333;       1,49464;78,27872;49,00000;20,00000;0,80540
385,16901;23,78000;       1,49489;78,27871;50,00000;20,00000;0,80536
385,26999;23,78667;       1,49501;78,27820;50,00000;20,00000;0,80532
385,34799;23,79333;       1,49525;78,27720;50,00000;20,00000;0,80530
385,45401;23,80000;       1,49551;78,27669;50,00000;20,00000;0,80526
385,55200;23,80667;       1,49595;78,27618;49,00000;20,00000;0,80522
385,65399;23,81333;       1,49644;78,27566;49,00000;20,00000;0,80518
385,75201;23,82000;       1,49684;78,27514;51,00000;20,00000;0,80515
385,85400;23,82667;       1,49723;78,27462;51,00000;20,00000;0,80511
385,95200;23,83333;       1,49753;78,27408;50,00000;20,00000;0,80507
386,05399;23,84000;       1,49793;78,27354;50,00000;20,00000;0,80503
386,14999;23,84667;       1,49823;78,27354;49,00000;20,00000;0,80500
386,25601;23,85333;       1,49844;78,27305;49,00000;20,00000;0,80496
386,34000;23,86000;       1,49874;78,27254;51,00000;20,00000;0,80493
386,44699;23,86667;       1,49876;78,27253;51,00000;20,00000;0,80489
386,53601;23,87333;       1,49915;78,27202;52,00000;20,00000;0,80485
386,64099;23,88000;       1,49955;78,27198;52,00000;20,00000;0,80481
386,73801;23,88667;       1,50009;78,27145;49,00000;20,00000;0,80478
386,83899;23,89333;       1,50044;78,27144;49,00000;20,00000;0,80474
386,94000;23,90000;       1,50111;78,27094;50,00000;20,00000;0,80470
387,03799;23,90667;       1,50156;78,27091;50,00000;20,00000;0,80467
387,13501;23,91333;       1,50200;78,27040;50,00000;20,00000;0,80463
387,23599;23,92000;       1,50225;78,27039;50,00000;20,00000;0,80459
387,33401;23,92667;       1,50260;78,26988;50,00000;20,00000;0,80456
387,42899;23,93333;       1,50286;78,26987;49,00000;20,00000;0,80452
387,52600;23,94000;       1,50325;78,26985;49,00000;20,00000;0,80448
387,62201;23,94667;       1,50355;78,26932;51,00000;20,00000;0,80445
387,72501;23,95333;       1,50367;78,26928;50,00000;20,00000;0,80441
387,81799;23,96000;       1,50401;78,26927;50,00000;20,00000;0,80437
387,92801;23,96667;       1,50447;78,26877;49,00000;20,00000;0,80433
388,01999;23,97333;       1,50490;78,26875;49,00000;20,00000;0,80430
388,13101;23,98000;       1,50521;78,26824;51,00000;20,00000;0,80426
388,21899;23,98667;       1,50523;78,26822;51,00000;20,00000;0,80422
388,31299;23,99333;       1,50544;78,26818;52,00000;20,00000;0,80419
388,41699;24,00000;       1,50635;78,26766;52,00000;20,00000;0,80415
388,51401;24,00667;       1,50656;78,26767;49,00000;20,00000;0,80411
388,61301;24,01333;       1,50677;78,26718;49,00000;20,00000;0,80408
388,71201;24,02000;       1,50707;78,26717;50,00000;20,00000;0,80404
388,80301;24,02667;       1,50732;78,26666;50,00000;20,00000;0,80400
388,89899;24,03333;       1,50772;78,26664;50,00000;20,00000;0,80397
389,00699;24,04000;       1,50812;78,26663;50,00000;20,00000;0,80393
389,10599;24,04667;       1,50852;78,26613;50,00000;20,00000;0,80389
389,19501;24,05333;       1,50891;78,26612;49,00000;20,00000;0,80386
389,29700;24,06000;       1,50921;78,26562;49,00000;20,00000;0,80382
389,37900;24,06667;       1,50960;78,26560;50,00000;20,00000;0,80379
389,48901;24,07333;       1,51005;78,26509;50,00000;20,00000;0,80375
389,59399;24,08000;       1,51045;78,26507;50,00000;20,00000;0,80371
389,69400;24,08667;       1,51052;78,26504;50,00000;20,00000;0,80367
389,78201;24,09333;       1,51068;78,26452;49,00000;20,00000;0,80363
389,88800;24,10000;       1,51127;78,26450;49,00000;20,00000;0,80360
389,98901;24,10667;       1,51190;78,26447;51,00000;20,00000;0,80356
390,08200;24,11333;       1,51206;78,26443;51,00000;20,00000;0,80352
390,17801;24,12000;       1,51217;78,26393;51,00000;20,00000;0,80349
390,28799;24,12667;       1,51249;78,26392;51,00000;20,00000;0,80344
390,37500;24,13333;       1,51269;78,26389;49,00000;20,00000;0,80341
390,48199;24,14000;       1,51309;78,26387;49,00000;20,00000;0,80337
390,58401;24,14667;       1,51349;78,26384;50,00000;20,00000;0,80333
390,67700;24,15333;       1,51389;78,26381;50,00000;20,00000;0,80330
390,78799;24,16000;       1,51425;78,26379;50,00000;20,00000;0,80325
390,87100;24,16667;       1,51454;78,26376;50,00000;20,00000;0,80322
390,97601;24,17333;       1,51485;78,26373;49,00000;20,00000;0,80318
391,07901;24,18000;       1,51520;78,26371;50,00000;20,00000;0,80314
391,18100;24,18667;       1,51565;78,26368;50,00000;20,00000;0,80311
391,28101;24,19333;       1,51600;78,26366;50,00000;20,00000;0,80307
391,37500;24,20000;       1,51621;78,26364;50,00000;20,00000;0,80303
391,47101;24,20667;       1,51642;78,26362;50,00000;20,00000;0,80300
391,57501;24,21333;       1,51687;78,26361;49,00000;20,00000;0,80296
391,66901;24,22000;       1,51717;78,26357;49,00000;20,00000;0,80292
391,76999;24,22667;       1,51752;78,26354;51,00000;20,00000;0,80288
391,86899;24,23333;       1,51783;78,26354;51,00000;20,00000;0,80284
391,96399;24,24000;       1,51813;78,26354;50,00000;20,00000;0,80281
392,05200;24,24667;       1,51847;78,26351;50,00000;20,00000;0,80277
392,17001;24,25333;       1,51884;78,26349;50,00000;20,00000;0,80273
392,26401;24,26000;       1,51942;78,26347;50,00000;20,00000;0,80269
392,36200;24,26667;       1,51954;78,26296;50,00000;20,00000;0,80266
392,46301;24,27333;       1,51989;78,26294;50,00000;20,00000;0,80262
392,55399;24,28000;       1,52057;78,26293;49,00000;20,00000;0,80258
392,65500;24,28667;       1,52069;78,26291;49,00000;20,00000;0,80254
392,75400;24,29333;       1,52090;78,26192;49,00000;20,00000;0,80251
392,85800;24,30000;       1,52116;78,26141;49,00000;20,00000;0,80247
392,94101;24,30667;       1,52141;78,26041;50,00000;20,00000;0,80243
393,04999;24,31333;       1,52167;78,25990;50,00000;20,00000;0,80239
393,14001;24,32000;       1,52207;78,25889;49,00000;20,00000;0,80236
393,25400;24,32667;       1,52238;78,25838;49,00000;20,00000;0,80232
393,34698;24,33333;       1,52250;78,25736;50,00000;20,00000;0,80228
393,43900;24,34000;       1,52275;78,25684;51,00000;20,00000;0,80224
393,54001;24,34667;       1,52320;78,25634;52,00000;20,00000;0,80221
393,63699;24,35333;       1,52369;78,25584;52,00000;20,00000;0,80217
393,73999;24,36000;       1,52386;78,25533;49,00000;20,00000;0,80213
393,84299;24,36667;       1,52398;78,25481;49,00000;20,00000;0,80209
393,93100;24,37333;       1,52414;78,25430;49,00000;20,00000;0,80206
394,04001;24,38000;       1,52455;78,25426;50,00000;20,00000;0,80201
394,13599;24,38667;       1,52541;78,25374;50,00000;20,00000;0,80198
394,23801;24,39333;       1,52577;78,25375;50,00000;20,00000;0,80194
394,32901;24,40000;       1,52598;78,25326;49,00000;20,00000;0,80190
394,42499;24,40667;       1,52623;78,25277;49,00000;20,00000;0,80187
394,52399;24,41333;       1,52649;78,25178;50,00000;20,00000;0,80183
394,61700;24,42000;       1,52684;78,25128;50,00000;20,00000;0,80179
394,71399;24,42667;       1,52729;78,25077;50,00000;20,00000;0,80176
394,81699;24,43333;       1,52755;78,24977;50,00000;20,00000;0,80172
394,90900;24,44000;       1,52795;78,24925;49,00000;20,00000;0,80168
395,02301;24,44667;       1,52836;78,24874;49,00000;20,00000;0,80164
395,11301;24,45333;       1,52875;78,24824;51,00000;20,00000;0,80160
395,21301;24,46000;       1,52915;78,24724;51,00000;20,00000;0,80156
395,30200;24,46667;       1,52950;78,24673;50,00000;20,00000;0,80153
395,40900;24,47333;       1,52986;78,24622;50,00000;20,00000;0,80149
395,50400;24,48000;       1,53016;78,24522;50,00000;20,00000;0,80145
395,60400;24,48667;       1,53024;78,24471;50,00000;20,00000;0,80141
395,69699;24,49333;       1,53073;78,24418;50,00000;20,00000;0,80138
395,80801;24,50000;       1,53109;78,24365;50,00000;20,00000;0,80133
395,90201;24,50667;       1,53158;78,24316;50,00000;20,00000;0,80130
395,98999;24,51333;       1,53188;78,24266;49,00000;20,00000;0,80126
396,10699;24,52000;       1,53211;78,24216;49,00000;20,00000;0,80122
396,19101;24,52667;       1,53222;78,24165;50,00000;20,00000;0,80119
396,29501;24,53333;       1,53239;78,24163;50,00000;20,00000;0,80115
396,39499;24,54000;       1,53265;78,24113;50,00000;20,00000;0,80111
396,48801;24,54667;       1,53314;78,24112;50,00000;20,00000;0,80107
396,58801;24,55333;       1,53350;78,24111;49,00000;20,00000;0,80103
396,68301;24,56000;       1,53394;78,24060;49,00000;20,00000;0,80099
396,78299;24,56667;       1,53430;78,24059;51,00000;20,00000;0,80096
396,87900;24,57333;       1,53465;78,24057;51,00000;20,00000;0,80092
396,98199;24,58000;       1,53496;78,24055;52,00000;20,00000;0,80088
397,07800;24,58667;       1,53517;78,24052;49,00000;20,00000;0,80084
397,18100;24,59333;       1,53544;78,24050;49,00000;20,00000;0,80080
397,27301;24,60000;       1,53574;78,24047;49,00000;20,00000;0,80077
397,38199;24,60667;       1,53610;78,24043;50,00000;20,00000;0,80072
397,48300;24,61333;       1,53646;78,24040;50,00000;20,00000;0,80068
397,57901;24,62000;       1,53681;78,24039;50,00000;20,00000;0,80065
397,66699;24,62667;       1,53721;78,24039;50,00000;20,00000;0,80061
397,77100;24,63333;       1,53757;78,24037;49,00000;20,00000;0,80057
397,87601;24,64000;       1,53774;78,24035;49,00000;20,00000;0,80053
397,97198;24,64667;       1,53795;78,24032;50,00000;20,00000;0,80049
398,07001;24,65333;       1,53835;78,24030;50,00000;20,00000;0,80046
398,17499;24,66000;       1,53876;78,24028;50,00000;20,00000;0,80042
398,26599;24,66667;       1,53916;78,24026;50,00000;20,00000;0,80038
398,37100;24,67333;       1,53961;78,24024;49,00000;20,00000;0,80034
398,46799;24,68000;       1,53992;78,24022;49,00000;20,00000;0,80030
398,56601;24,68667;       1,54027;78,24021;51,00000;20,00000;0,80026
398,66599;24,69333;       1,54054;78,24020;50,00000;20,00000;0,80022
398,76199;24,70000;       1,54070;78,24019;50,00000;20,00000;0,80019
398,85699;24,70667;       1,54096;78,24018;49,00000;20,00000;0,80015
398,96100;24,71333;       1,54123;78,24017;50,00000;20,00000;0,80011
399,05301;24,72000;       1,54144;78,24014;50,00000;20,00000;0,80007
399,15701;24,72667;       1,54180;78,24011;50,00000;20,00000;0,80003
399,24399;24,73333;       1,54210;78,24011;50,00000;20,00000;0,80000
399,34299;24,74000;       1,54250;78,24011;49,00000;20,00000;0,79996
399,46201;24,74667;       1,54278;78,24009;49,00000;20,00000;0,79991
399,54300;24,75333;       1,54303;78,24007;51,00000;20,00000;0,79988
399,65201;24,76000;       1,54330;78,24006;50,00000;20,00000;0,79984
399,74600;24,76667;       1,54374;78,24003;50,00000;20,00000;0,79980
399,83301;24,77333;       1,54418;78,24001;50,00000;20,00000;0,79977
399,94299;24,78000;       1,54460;78,24001;49,00000;20,00000;0,79972
400,03601;24,78667;       1,54504;78,24001;49,00000;20,00000;0,79969
400,14401;24,79333;       1,54517;78,24000;50,00000;20,00000;0,79965
400,23300;24,80000;       1,54533;78,23999;51,00000;20,00000;0,79961
400,32401;24,80667;       1,54587;78,23997;52,00000;20,00000;0,79958
400,43201;24,81333;       1,54595;78,23995;52,00000;20,00000;0,79953
400,53400;24,82000;       1,54612;78,23993;49,00000;20,00000;0,79949
400,62900;24,82667;       1,54648;78,23991;49,00000;20,00000;0,79946
400,72501;24,83333;       1,54712;78,23987;50,00000;20,00000;0,79942
400,82999;24,84000;       1,54757;78,23983;50,00000;20,00000;0,79938
400,92401;24,84667;       1,54797;78,23982;50,00000;20,00000;0,79934
401,03299;24,85333;       1,54815;78,23982;50,00000;20,00000;0,79930
401,12500;24,86000;       1,54831;78,23979;50,00000;20,00000;0,79926
401,23199;24,86667;       1,54853;78,23977;50,00000;20,00000;0,79922
401,31900;24,87333;       1,54879;78,23975;49,00000;20,00000;0,79918
401,42801;24,88000;       1,54915;78,23971;50,00000;20,00000;0,79914
401,53400;24,88667;       1,54942;78,23968;50,00000;20,00000;0,79910
401,61801;24,89333;       1,54968;78,23968;50,00000;20,00000;0,79907
401,71899;24,90000;       1,55008;78,23969;49,00000;20,00000;0,79903
401,81201;24,90667;       1,55043;78,23967;49,00000;20,00000;0,79899
401,91299;24,91333;       1,55075;78,23965;51,00000;20,00000;0,79895
402,01901;24,92000;       1,55106;78,23963;51,00000;20,00000;0,79891
402,12000;24,92667;       1,55133;78,23960;51,00000;20,00000;0,79887
402,21600;24,93333;       1,55164;78,23958;51,00000;20,00000;0,79883
402,31500;24,94000;       1,55190;78,23907;49,00000;20,00000;0,79879
402,41800;24,94667;       1,55240;78,23906;49,00000;20,00000;0,79875
402,51300;24,95333;       1,55252;78,23905;50,00000;20,00000;0,79871
402,60699;24,96000;       1,55311;78,23904;50,00000;20,00000;0,79868
402,70801;24,96667;       1,55329;78,23903;50,00000;20,00000;0,79864
402,80200;24,97333;       1,55364;78,23853;49,00000;20,00000;0,79860
402,90701;24,98000;       1,55381;78,23852;49,00000;20,00000;0,79856
402,99500;24,98667;       1,55388;78,23850;51,00000;20,00000;0,79852
403,09698;24,99333;       1,55434;78,23846;50,00000;20,00000;0,79848
403,20001;25,00000;       1,55465;78,23793;50,00000;20,00000;0,79844
403,29901;25,00667;       1,55482;78,23793;50,00000;20,00000;0,79840
403,40302;25,01333;       1,55528;78,23793;49,00000;20,00000;0,79836
403,49500;25,02000;       1,55573;78,23792;49,00000;20,00000;0,79832
403,60101;25,02667;       1,55590;78,23742;51,00000;20,00000;0,79828
403,69400;25,03333;       1,55635;78,23741;51,00000;20,00000;0,79824
403,77701;25,04000;       1,55684;78,23740;52,00000;20,00000;0,79821
403,88699;25,04667;       1,55711;78,23690;49,00000;20,00000;0,79817
403,98401;25,05333;       1,55714;78,23688;49,00000;20,00000;0,79813
404,09201;25,06000;       1,55741;78,23686;49,00000;20,00000;0,79809
404,17700;25,06667;       1,55762;78,23684;50,00000;20,00000;0,79805
404,28500;25,07333;       1,55780;78,23633;50,00000;20,00000;0,79801
404,38699;25,08000;       1,55797;78,23632;50,00000;20,00000;0,79797
404,47699;25,08667;       1,55842;78,23630;50,00000;20,00000;0,79793
404,58200;25,09333;       1,55878;78,23629;49,00000;20,00000;0,79789
404,67401;25,10000;       1,55928;78,23579;49,00000;20,00000;0,79786
404,77701;25,10667;       1,55955;78,23576;50,00000;20,00000;0,79781
404,87100;25,11333;       1,55962;78,23573;50,00000;20,00000;0,79778
404,97198;25,12000;       1,56007;78,23574;50,00000;20,00000;0,79774
405,07101;25,12667;       1,56025;78,23525;49,00000;20,00000;0,79770
405,16699;25,13333;       1,56079;78,23524;49,00000;20,00000;0,79766
405,26300;25,14000;       1,56134;78,23522;49,00000;20,00000;0,79762
405,35699;25,14667;       1,56155;78,23520;51,00000;20,00000;0,79758
405,46201;25,15333;       1,56163;78,23470;51,00000;20,00000;0,79754
405,57101;25,16000;       1,56172;78,23469;49,00000;20,00000;0,79750
405,66199;25,16667;       1,56188;78,23468;49,00000;20,00000;0,79746
405,76401;25,17333;       1,56211;78,23418;50,00000;20,00000;0,79742
405,84698;25,18000;       1,56236;78,23418;50,00000;20,00000;0,79739
405,94601;25,18667;       1,56277;78,23417;50,00000;20,00000;0,79735
406,04800;25,19333;       1,56299;78,23415;50,00000;20,00000;0,79731
406,14700;25,20000;       1,56321;78,23364;49,00000;20,00000;0,79727
406,25101;25,20667;       1,56371;78,23362;49,00000;20,00000;0,79723
406,34500;25,21333;       1,56397;78,23361;51,00000;20,00000;0,79719
406,45499;25,22000;       1,56434;78,23358;51,00000;20,00000;0,79714
406,54300;25,22667;       1,56470;78,23306;50,00000;20,00000;0,79711
406,63501;25,23333;       1,56500;78,23306;50,00000;20,00000;0,79707
406,73499;25,24000;       1,56527;78,23256;50,00000;20,00000;0,79703
406,84201;25,24667;       1,56545;78,23205;49,00000;20,00000;0,79699
406,94199;25,25333;       1,56567;78,23154;51,00000;20,00000;0,79695
407,04099;25,26000;       1,56594;78,23103;51,00000;20,00000;0,79691
407,13901;25,26667;       1,56620;78,23051;52,00000;20,00000;0,79687
407,23700;25,27333;       1,56642;78,23000;52,00000;20,00000;0,79683
407,33099;25,28000;       1,56673;78,22952;49,00000;20,00000;0,79679
407,42801;25,28667;       1,56704;78,22904;49,00000;20,00000;0,79675
407,52499;25,29333;       1,56726;78,22854;49,00000;20,00000;0,79671
407,62000;25,30000;       1,56753;78,22853;50,00000;20,00000;0,79668
407,72000;25,30667;       1,56779;78,22802;50,00000;20,00000;0,79664
407,82001;25,31333;       1,56801;78,22800;49,00000;20,00000;0,79659
407,92099;25,32000;       1,56838;78,22748;49,00000;20,00000;0,79655
408,02399;25,32667;       1,56917;78,22746;50,00000;20,00000;0,79651
408,12201;25,33333;       1,56948;78,22695;50,00000;20,00000;0,79647
408,21399;25,34000;       1,56951;78,22693;50,00000;20,00000;0,79644
408,32001;25,34667;       1,56935;78,22641;50,00000;20,00000;0,79639
408,41800;25,35333;       1,56976;78,22639;50,00000;20,00000;0,79635
408,52100;25,36000;       1,57003;78,22637;49,00000;20,00000;0,79631
408,61700;25,36667;       1,57044;78,22587;49,00000;20,00000;0,79627
408,72101;25,37333;       1,57066;78,22586;51,00000;20,00000;0,79623
408,81400;25,38000;       1,57102;78,22535;51,00000;20,00000;0,79619
408,90799;25,38667;       1,57119;78,22532;50,00000;20,00000;0,79616
409,00500;25,39333;       1,57155;78,22533;50,00000;20,00000;0,79612
409,10400;25,40000;       1,57196;78,22485;50,00000;20,00000;0,79608
409,20499;25,40667;       1,57218;78,22483;50,00000;20,00000;0,79604
409,30200;25,41333;       1,57245;78,22433;50,00000;20,00000;0,79600
409,40399;25,42000;       1,57262;78,22432;50,00000;20,00000;0,79596
409,49799;25,42667;       1,57293;78,22431;50,00000;20,00000;0,79592
409,59698;25,43333;       1,57311;78,22380;49,00000;20,00000;0,79588
409,69699;25,44000;       1,57338;78,22379;49,00000;20,00000;0,79584
409,79199;25,44667;       1,57369;78,22328;51,00000;20,00000;0,79580
409,89200;25,45333;       1,57391;78,22327;51,00000;20,00000;0,79576
409,98901;25,46000;       1,57427;78,22325;50,00000;20,00000;0,79572
410,09500;25,46667;       1,57440;78,22274;50,00000;20,00000;0,79567
410,18500;25,47333;       1,57457;78,22272;49,00000;20,00000;0,79564
410,29700;25,48000;       1,57490;78,22221;49,00000;20,00000;0,79559
410,39001;25,48667;       1,57516;78,22219;51,00000;20,00000;0,79556
410,48599;25,49333;       1,57557;78,22216;51,00000;20,00000;0,79552
410,58600;25,50000;       1,57612;78,22163;51,00000;20,00000;0,79548
410,68701;25,50667;       1,57649;78,22164;49,00000;20,00000;0,79543
410,78799;25,51333;       1,57666;78,22115;49,00000;20,00000;0,79539
410,87900;25,52000;       1,57707;78,22113;49,00000;20,00000;0,79536
410,97601;25,52667;       1,57724;78,22112;50,00000;20,00000;0,79532
411,09201;25,53333;       1,57757;78,22062;50,00000;20,00000;0,79527
411,17599;25,54000;       1,57782;78,22061;50,00000;20,00000;0,79524
411,27301;25,54667;       1,57805;78,22010;50,00000;20,00000;0,79520
411,37100;25,55333;       1,57808;78,22008;49,00000;20,00000;0,79516
411,47699;25,56000;       1,57821;78,22007;49,00000;20,00000;0,79511
411,57599;25,56667;       1,57834;78,21956;51,00000;20,00000;0,79507
411,67599;25,57333;       1,57861;78,21954;50,00000;20,00000;0,79503
411,76801;25,58000;       1,57882;78,21904;50,00000;20,00000;0,79499
411,87100;25,58667;       1,57910;78,21902;50,00000;20,00000;0,79495
411,96799;25,59333;       1,57955;78,21901;49,00000;20,00000;0,79491
412,06799;25,60000;       1,57992;78,21900;49,00000;20,00000;0,79487
412,16501;25,60667;       1,58028;78,21847;51,00000;20,00000;0,79483
412,27100;25,61333;       1,58051;78,21845;51,00000;20,00000;0,79479
412,36301;25,62000;       1,58063;78,21846;50,00000;20,00000;0,79475
412,45999;25,62667;       1,58113;78,21798;50,00000;20,00000;0,79471
412,55399;25,63333;       1,58145;78,21797;50,00000;20,00000;0,79467
412,64899;25,64000;       1,58171;78,21796;49,00000;20,00000;0,79463
412,76099;25,64667;       1,58199;78,21745;50,00000;20,00000;0,79459
412,84601;25,65333;       1,58225;78,21742;50,00000;20,00000;0,79455
412,95499;25,66000;       1,58244;78,21689;49,00000;20,00000;0,79451
413,05499;25,66667;       1,58271;78,21690;49,00000;20,00000;0,79447
413,15100;25,67333;       1,58288;78,21690;51,00000;20,00000;0,79443
413,24301;25,68000;       1,58314;78,21639;51,00000;20,00000;0,79439
413,34500;25,68667;       1,58342;78,21638;50,00000;20,00000;0,79435
413,45099;25,69333;       1,58374;78,21637;50,00000;20,00000;0,79431
413,54999;25,70000;       1,58391;78,21586;49,00000;20,00000;0,79426
413,64001;25,70667;       1,58394;78,21585;49,00000;20,00000;0,79423
413,73999;25,71333;       1,58407;78,21535;51,00000;20,00000;0,79419
413,84399;25,72000;       1,58430;78,21534;51,00000;20,00000;0,79414
413,92899;25,72667;       1,58451;78,21533;52,00000;20,00000;0,79411
414,04099;25,73333;       1,58479;78,21482;52,00000;20,00000;0,79406
414,13101;25,74000;       1,58501;78,21481;49,00000;20,00000;0,79403
414,23599;25,74667;       1,58538;78,21480;49,00000;20,00000;0,79398
414,33899;25,75333;       1,58565;78,21429;49,00000;20,00000;0,79394
414,42801;25,76000;       1,58596;78,21428;50,00000;20,00000;0,79390
414,52899;25,76667;       1,58618;78,21375;50,00000;20,00000;0,79386
414,62701;25,77333;       1,58650;78,21373;50,00000;20,00000;0,79382
414,73099;25,78000;       1,58687;78,21373;49,00000;20,00000;0,79378
414,82401;25,78667;       1,58714;78,21324;49,00000;20,00000;0,79374
414,92801;25,79333;       1,58746;78,21322;49,00000;20,00000;0,79370
415,02399;25,80000;       1,58777;78,21272;50,00000;20,00000;0,79366
415,12799;25,80667;       1,58796;78,21271;50,00000;20,00000;0,79361
415,22101;25,81333;       1,58822;78,21271;50,00000;20,00000;0,79358
415,31900;25,82000;       1,58849;78,21220;49,00000;20,00000;0,79354
415,41400;25,82667;       1,58885;78,21219;49,00000;20,00000;0,79350
415,50601;25,83333;       1,58907;78,21217;51,00000;20,00000;0,79346
415,61899;25,84000;       1,58936;78,21166;51,00000;20,00000;0,79341
415,71899;25,84667;       1,58958;78,21164;51,00000;20,00000;0,79337
415,82001;25,85333;       1,58952;78,21113;51,00000;20,00000;0,79333
415,91699;25,86000;       1,58970;78,21112;49,00000;20,00000;0,79329
416,01199;25,86667;       1,58987;78,21111;49,00000;20,00000;0,79325
416,11099;25,87333;       1,59009;78,21062;50,00000;20,00000;0,79321
416,20801;25,88000;       1,59041;78,21059;50,00000;20,00000;0,79317
416,30399;25,88667;       1,59115;78,21008;50,00000;20,00000;0,79313
416,39999;25,89333;       1,59138;78,20959;49,00000;20,00000;0,79309
416,50299;25,90000;       1,59160;78,20911;49,00000;20,00000;0,79305
416,60501;25,90667;       1,59159;78,20861;51,00000;20,00000;0,79300
416,70099;25,91333;       1,59177;78,20860;51,00000;20,00000;0,79296
416,79599;25,92000;       1,59194;78,20809;50,00000;20,00000;0,79292
416,89401;25,92667;       1,59212;78,20759;50,00000;20,00000;0,79288
416,99799;25,93333;       1,59240;78,20758;49,00000;20,00000;0,79284
417,08801;25,94000;       1,59266;78,20707;49,00000;20,00000;0,79280
417,19601;25,94667;       1,59327;78,20706;49,00000;20,00000;0,79276
417,28699;25,95333;       1,59339;78,20655;50,00000;20,00000;0,79272
417,39499;25,96000;       1,59348;78,20654;51,00000;20,00000;0,79268
417,49600;25,96667;       1,59362;78,20604;51,00000;20,00000;0,79263
417,58600;25,97333;       1,59398;78,20604;49,00000;20,00000;0,79260
417,68301;25,98000;       1,59429;78,20555;49,00000;20,00000;0,79256
417,77802;25,98667;       1,59461;78,20554;49,00000;20,00000;0,79252
417,87799;25,99333;       1,59493;78,20503;50,00000;20,00000;0,79247
417,97198;26,00000;       1,59510;78,20451;50,00000;20,00000;0,79244
418,07599;26,00667;       1,59548;78,20402;50,00000;20,00000;0,79239
418,17599;26,01333;       1,59575;78,20303;49,00000;20,00000;0,79235
418,26901;26,02000;       1,59592;78,20252;49,00000;20,00000;0,79231
418,38101;26,02667;       1,59621;78,20201;51,00000;20,00000;0,79227
418,47800;26,03333;       1,59638;78,20150;51,00000;20,00000;0,79222
418,56900;26,04000;       1,59660;78,20098;50,00000;20,00000;0,79219
418,67599;26,04667;       1,59679;78,20048;50,00000;20,00000;0,79214
418,77899;26,05333;       1,59706;78,19998;49,00000;20,00000;0,79210
418,87201;26,06000;       1,59738;78,19948;49,00000;20,00000;0,79206
418,97101;26,06667;       1,59765;78,19898;51,00000;20,00000;0,79202
419,06400;26,07333;       1,59773;78,19849;51,00000;20,00000;0,79198
419,16501;26,08000;       1,59800;78,19848;52,00000;20,00000;0,79194
419,25699;26,08667;       1,59813;78,19798;52,00000;20,00000;0,79190
419,36099;26,09333;       1,59836;78,19797;49,00000;20,00000;0,79186
419,45200;26,10000;       1,59853;78,19746;49,00000;20,00000;0,79182
419,55899;26,10667;       1,59881;78,19693;50,00000;20,00000;0,79177
419,66299;26,11333;       1,59899;78,19690;50,00000;20,00000;0,79173
419,76199;26,12000;       1,59917;78,19641;50,00000;20,00000;0,79169
419,85699;26,12667;       1,59935;78,19641;50,00000;20,00000;0,79165
419,95401;26,13333;       1,59953;78,19590;49,00000;20,00000;0,79161
420,05499;26,14000;       1,59990;78,19589;49,00000;20,00000;0,79156
420,15601;26,14667;       1,60041;78,19539;51,00000;20,00000;0,79152
420,25699;26,15333;       1,60073;78,19537;50,00000;20,00000;0,79148
420,34601;26,16000;       1,60100;78,19485;50,00000;20,00000;0,79144
420,44501;26,16667;       1,60108;78,19485;50,00000;20,00000;0,79140
420,54800;26,17333;       1,60103;78,19437;49,00000;20,00000;0,79136
420,64999;26,18000;       1,60125;78,19436;49,00000;20,00000;0,79132
420,75101;26,18667;       1,60134;78,19385;51,00000;20,00000;0,79127
420,83401;26,19333;       1,60174;78,19335;51,00000;20,00000;0,79124
420,94501;26,20000;       1,60222;78,19285;52,00000;20,00000;0,79119
421,04599;26,20667;       1,60249;78,19236;52,00000;20,00000;0,79115
421,13300;26,21333;       1,60257;78,19186;52,00000;20,00000;0,79111
421,23599;26,22000;       1,60285;78,19136;49,00000;20,00000;0,79107
421,33499;26,22667;       1,60302;78,19086;49,00000;20,00000;0,79103
421,43301;26,23333;       1,60325;78,19035;50,00000;20,00000;0,79099
421,52802;26,24000;       1,60343;78,18936;50,00000;20,00000;0,79095
421,63599;26,24667;       1,60380;78,18886;50,00000;20,00000;0,79090
421,72299;26,25333;       1,60407;78,18836;49,00000;20,00000;0,79086
421,82800;26,26000;       1,60435;78,18786;49,00000;20,00000;0,79082
421,92899;26,26667;       1,60458;78,18734;50,00000;20,00000;0,79078
422,02100;26,27333;       1,60480;78,18682;50,00000;20,00000;0,79074
422,12100;26,28000;       1,60503;78,18683;50,00000;20,00000;0,79070
422,22400;26,28667;       1,60526;78,18635;50,00000;20,00000;0,79065
422,31900;26,29333;       1,60553;78,18634;49,00000;20,00000;0,79061
422,41199;26,30000;       1,60589;78,18584;49,00000;20,00000;0,79057
422,51401;26,30667;       1,60612;78,18583;51,00000;20,00000;0,79053
422,61801;26,31333;       1,60626;78,18582;51,00000;20,00000;0,79049
422,70801;26,32000;       1,60643;78,18531;52,00000;20,00000;0,79045
422,81500;26,32667;       1,60652;78,18530;52,00000;20,00000;0,79040
422,91699;26,33333;       1,60685;78,18529;52,00000;20,00000;0,79036
423,00299;26,34000;       1,60735;78,18527;49,00000;20,00000;0,79032
423,10599;26,34667;       1,60739;78,18527;49,00000;20,00000;0,79028
423,21201;26,35333;       1,60758;78,18477;50,00000;20,00000;0,79023
423,31100;26,36000;       1,60776;78,18476;50,00000;20,00000;0,79019
423,39899;26,36667;       1,60803;78,18426;50,00000;20,00000;0,79016
423,50201;26,37333;       1,60826;78,18425;50,00000;20,00000;0,79011
423,59799;26,38000;       1,60834;78,18423;49,00000;20,00000;0,79007
423,69501;26,38667;       1,60852;78,18371;49,00000;20,00000;0,79003
423,80099;26,39333;       1,60880;78,18373;50,00000;20,00000;0,78998
423,89700;26,40000;       1,60893;78,18324;50,00000;20,00000;0,78994
423,99100;26,40667;       1,60911;78,18324;50,00000;20,00000;0,78990
424,09399;26,41333;       1,60939;78,18274;49,00000;20,00000;0,78986
424,18100;26,42000;       1,60951;78,18273;49,00000;20,00000;0,78982
424,29599;26,42667;       1,60956;78,18223;51,00000;20,00000;0,78977
424,38101;26,43333;       1,60968;78,18172;51,00000;20,00000;0,78974
424,48999;26,44000;       1,61011;78,18171;51,00000;20,00000;0,78969
424,58301;26,44667;       1,61043;78,18121;52,00000;20,00000;0,78965
424,68301;26,45333;       1,61061;78,18070;52,00000;20,00000;0,78961
424,77899;26,46000;       1,61098;78,18019;49,00000;20,00000;0,78957
424,88199;26,46667;       1,61131;78,18017;49,00000;20,00000;0,78953
424,98801;26,47333;       1,61164;78,17967;50,00000;20,00000;0,78948
425,08401;26,48000;       1,61201;78,17917;50,00000;20,00000;0,78944
425,18399;26,48667;       1,61228;78,17916;50,00000;20,00000;0,78940
425,27701;26,49333;       1,61246;78,17865;50,00000;20,00000;0,78936
425,37399;26,50000;       1,61240;78,17863;49,00000;20,00000;0,78932
425,47101;26,50667;       1,61253;78,17815;49,00000;20,00000;0,78927
425,57300;26,51333;       1,61267;78,17767;50,00000;20,00000;0,78923
425,66599;26,52000;       1,61308;78,17717;50,00000;20,00000;0,78919
425,76901;26,52667;       1,61341;78,17667;50,00000;20,00000;0,78915
425,86700;26,53333;       1,61364;78,17616;50,00000;20,00000;0,78911
425,96500;26,54000;       1,61373;78,17564;49,00000;20,00000;0,78906
426,06500;26,54667;       1,61381;78,17512;49,00000;20,00000;0,78902
426,16501;26,55333;       1,61400;78,17463;49,00000;20,00000;0,78898
426,26501;26,56000;       1,61413;78,17414;49,00000;20,00000;0,78893
426,36200;26,56667;       1,61431;78,17363;51,00000;20,00000;0,78889
426,46799;26,57333;       1,61455;78,17313;51,00000;20,00000;0,78885
426,56100;26,58000;       1,61477;78,17263;49,00000;20,00000;0,78881
426,65701;26,58667;       1,61495;78,17262;49,00000;20,00000;0,78877
426,75500;26,59333;       1,61518;78,17212;50,00000;20,00000;0,78873
426,85901;26,60000;       1,61570;78,17162;50,00000;20,00000;0,78868
426,95599;26,60667;       1,61588;78,17063;50,00000;20,00000;0,78864
427,05301;26,61333;       1,61615;78,17013;50,00000;20,00000;0,78860
427,15201;26,62000;       1,61634;78,16913;50,00000;20,00000;0,78856
427,25800;26,62667;       1,61638;78,16864;50,00000;20,00000;0,78851
427,34698;26,63333;       1,61646;78,16764;49,00000;20,00000;0,78847
427,44199;26,64000;       1,61659;78,16714;50,00000;20,00000;0,78843
427,54700;26,64667;       1,61678;78,16615;50,00000;20,00000;0,78839
427,64999;26,65333;       1,61687;78,16514;50,00000;20,00000;0,78834
427,74899;26,66000;       1,61696;78,16462;49,00000;20,00000;0,78830
427,83801;26,66667;       1,61737;78,16364;49,00000;20,00000;0,78826
427,93799;26,67333;       1,61760;78,16316;51,00000;20,00000;0,78822
428,04199;26,68000;       1,61774;78,16217;51,00000;20,00000;0,78817
428,13901;26,68667;       1,61778;78,16166;51,00000;20,00000;0,78813
428,23999;26,69333;       1,61806;78,16067;51,00000;20,00000;0,78809
428,33099;26,70000;       1,61823;78,16016;49,00000;20,00000;0,78805
428,43900;26,70667;       1,61852;78,15966;49,00000;20,00000;0,78800
428,53699;26,71333;       1,61880;78,15915;49,00000;20,00000;0,78796
428,63400;26,72000;       1,61903;78,15865;50,00000;20,00000;0,78792
428,73801;26,72667;       1,61921;78,15865;50,00000;20,00000;0,78787
428,82800;26,73333;       1,61944;78,15814;51,00000;20,00000;0,78783
428,92401;26,74000;       1,61952;78,15813;49,00000;20,00000;0,78779
429,03500;26,74667;       1,61957;78,15812;49,00000;20,00000;0,78775
429,12601;26,75333;       1,61980;78,15762;50,00000;20,00000;0,78771
429,22900;26,76000;       1,62003;78,15761;50,00000;20,00000;0,78766
429,32999;26,76667;       1,62031;78,15760;50,00000;20,00000;0,78762
429,42300;26,77333;       1,62058;78,15757;50,00000;20,00000;0,78758
429,51901;26,78000;       1,62081;78,15758;49,00000;20,00000;0,78754
429,61499;26,78667;       1,62109;78,15759;49,00000;20,00000;0,78749
429,71500;26,79333;       1,62122;78,15759;49,00000;20,00000;0,78745
429,81799;26,80000;       1,62155;78,15758;51,00000;20,00000;0,78741
429,92401;26,80667;       1,62174;78,15758;51,00000;20,00000;0,78736
430,01599;26,81333;       1,62202;78,15757;51,00000;20,00000;0,78732
430,10400;26,82000;       1,62219;78,15757;51,00000;20,00000;0,78728
430,20401;26,82667;       1,62238;78,15756;49,00000;20,00000;0,78724
430,30801;26,83333;       1,62261;78,15755;49,00000;20,00000;0,78720
430,40900;26,84000;       1,62289;78,15705;50,00000;20,00000;0,78715
430,51001;26,84667;       1,62308;78,15704;50,00000;20,00000;0,78711
430,60501;26,85333;       1,62321;78,15704;52,00000;20,00000;0,78707
430,70001;26,86000;       1,62334;78,15653;49,00000;20,00000;0,78703
430,79700;26,86667;       1,62367;78,15653;49,00000;20,00000;0,78698
430,90399;26,87333;       1,62381;78,15602;50,00000;20,00000;0,78694
430,99600;26,88000;       1,62394;78,15601;50,00000;20,00000;0,78690
431,09698;26,88667;       1,62403;78,15551;50,00000;20,00000;0,78685
431,20999;26,89333;       1,62404;78,15550;49,00000;20,00000;0,78680
431,29300;26,90000;       1,62435;78,15499;49,00000;20,00000;0,78677
431,39301;26,90667;       1,62468;78,15449;49,00000;20,00000;0,78672
431,49301;26,91333;       1,62486;78,15448;49,00000;20,00000;0,78668
431,59900;26,92000;       1,62506;78,15398;51,00000;20,00000;0,78664
431,69601;26,92667;       1,62519;78,15398;51,00000;20,00000;0,78659
431,79001;26,93333;       1,62537;78,15348;49,00000;20,00000;0,78655
431,89301;26,94000;       1,62551;78,15299;49,00000;20,00000;0,78651
431,98300;26,94667;       1,62573;78,15299;50,00000;20,00000;0,78647
432,07999;26,95333;       1,62601;78,15249;50,00000;20,00000;0,78643
432,17999;26,96000;       1,62615;78,15248;50,00000;20,00000;0,78638
432,27899;26,96667;       1,62643;78,15198;51,00000;20,00000;0,78634
432,38400;26,97333;       1,62662;78,15148;49,00000;20,00000;0,78629
432,48700;26,98000;       1,62681;78,15147;49,00000;20,00000;0,78625
432,57199;26,98667;       1,62722;78,15097;50,00000;20,00000;0,78621
432,67801;26,99333;       1,62751;78,15096;50,00000;20,00000;0,78617
432,77802;27,00000;       1,62755;78,15047;50,00000;20,00000;0,78612
432,87299;27,00667;       1,62764;78,14997;50,00000;20,00000;0,78608
432,97400;27,01333;       1,62787;78,14997;49,00000;20,00000;0,78604
433,06299;27,02000;       1,62809;78,14946;49,00000;20,00000;0,78600
433,16901;27,02667;       1,62819;78,14896;51,00000;20,00000;0,78595
433,26700;27,03333;       1,62823;78,14894;51,00000;20,00000;0,78591
433,37500;27,04000;       1,62842;78,14843;52,00000;20,00000;0,78586
433,47000;27,04667;       1,62865;78,14841;52,00000;20,00000;0,78582
433,56500;27,05333;       1,62893;78,14790;49,00000;20,00000;0,78578
433,67099;27,06000;       1,62917;78,14788;49,00000;20,00000;0,78573
433,77600;27,06667;       1,62950;78,14787;50,00000;20,00000;0,78569
433,87100;27,07333;       1,62973;78,14786;50,00000;20,00000;0,78564
433,96899;27,08000;       1,62973;78,14737;52,00000;20,00000;0,78560
434,07101;27,08667;       1,62982;78,14737;52,00000;20,00000;0,78556
434,16101;27,09333;       1,63009;78,14736;49,00000;20,00000;0,78552
434,25800;27,10000;       1,63023;78,14687;49,00000;20,00000;0,78547
434,35999;27,10667;       1,63032;78,14686;50,00000;20,00000;0,78543
434,45801;27,11333;       1,63046;78,14685;50,00000;20,00000;0,78539
434,55701;27,12000;       1,63065;78,14635;49,00000;20,00000;0,78534
434,66199;27,12667;       1,63069;78,14634;49,00000;20,00000;0,78530
434,75400;27,13333;       1,63078;78,14584;49,00000;20,00000;0,78526
434,86200;27,14000;       1,63102;78,14584;50,00000;20,00000;0,78521
434,94800;27,14667;       1,63134;78,14535;50,00000;20,00000;0,78517
435,05600;27,15333;       1,63153;78,14535;51,00000;20,00000;0,78512
435,14499;27,16000;       1,63185;78,14485;50,00000;20,00000;0,78509
435,24799;27,16667;       1,63204;78,14485;49,00000;20,00000;0,78504
435,34399;27,17333;       1,63218;78,14435;49,00000;20,00000;0,78500
435,43500;27,18000;       1,63240;78,14433;50,00000;20,00000;0,78496
435,54099;27,18667;       1,63269;78,14382;50,00000;20,00000;0,78491
435,65399;27,19333;       1,63299;78,14332;51,00000;20,00000;0,78486
435,75000;27,20000;       1,63312;78,14330;50,00000;20,00000;0,78482
435,84100;27,20667;       1,63316;78,14280;50,00000;20,00000;0,78478
435,94800;27,21333;       1,63335;78,14279;50,00000;20,00000;0,78473
436,03799;27,22000;       1,63343;78,14229;50,00000;20,00000;0,78469
436,14099;27,22667;       1,63358;78,14229;50,00000;20,00000;0,78465
436,23801;27,23333;       1,63357;78,14179;50,00000;20,00000;0,78460
436,33801;27,24000;       1,63400;78,14179;49,00000;20,00000;0,78456
436,44000;27,24667;       1,63428;78,14129;49,00000;20,00000;0,78452
436,52899;27,25333;       1,63441;78,14128;49,00000;20,00000;0,78448
436,63400;27,26000;       1,63465;78,14078;51,00000;20,00000;0,78443
436,73700;27,26667;       1,63475;78,14077;51,00000;20,00000;0,78438
436,83099;27,27333;       1,63488;78,14027;52,00000;20,00000;0,78434
436,93100;27,28000;       1,63492;78,14027;52,00000;20,00000;0,78430
437,02301;27,28667;       1,63506;78,13977;49,00000;20,00000;0,78426
437,13400;27,29333;       1,63525;78,13976;49,00000;20,00000;0,78421
437,22601;27,30000;       1,63534;78,14074;50,00000;20,00000;0,78417
437,32999;27,30667;       1,63539;78,14123;50,00000;20,00000;0,78412
437,41699;27,31333;       1,63561;78,14172;52,00000;20,00000;0,78408
437,52301;27,32000;       1,63590;78,14270;49,00000;20,00000;0,78404
437,61801;27,32667;       1,63613;78,14320;49,00000;20,00000;0,78400
437,72000;27,33333;       1,63627;78,14368;50,00000;20,00000;0,78395
437,81500;27,34000;       1,63646;78,14417;50,00000;20,00000;0,78391
437,91400;27,34667;       1,63665;78,14466;50,00000;20,00000;0,78386
438,01001;27,35333;       1,63683;78,14465;50,00000;20,00000;0,78382
438,11099;27,36000;       1,63702;78,14513;50,00000;20,00000;0,78378
438,21201;27,36667;       1,63721;78,14512;49,00000;20,00000;0,78373
438,31400;27,37333;       1,63749;78,14560;49,00000;20,00000;0,78369
438,41299;27,38000;       1,63773;78,14560;50,00000;20,00000;0,78364
438,51001;27,38667;       1,63777;78,14608;50,00000;20,00000;0,78360
438,60800;27,39333;       1,63796;78,14608;49,00000;20,00000;0,78356
438,70599;27,40000;       1,63810;78,14607;49,00000;20,00000;0,78351
438,80301;27,40667;       1,63838;78,14656;50,00000;20,00000;0,78347
438,90302;27,41333;       1,63876;78,14655;50,00000;20,00000;0,78343
439,00601;27,42000;       1,63866;78,14655;50,00000;20,00000;0,78338
439,09900;27,42667;       1,63904;78,14703;50,00000;20,00000;0,78334
439,20401;27,43333;       1,63928;78,14703;50,00000;20,00000;0,78329
439,29401;27,44000;       1,63927;78,14703;49,00000;20,00000;0,78325
439,40399;27,44667;       1,63937;78,14752;50,00000;20,00000;0,78320
439,49100;27,45333;       1,63988;78,14752;50,00000;20,00000;0,78316
439,59500;27,46000;       1,63998;78,14751;50,00000;20,00000;0,78312
439,68399;27,46667;       1,63992;78,14751;50,00000;20,00000;0,78308
439,79401;27,47333;       1,64012;78,14800;49,00000;20,00000;0,78303
439,89200;27,48000;       1,64026;78,14799;49,00000;20,00000;0,78299
439,98901;27,48667;       1,64044;78,14750;50,00000;20,00000;0,78294
440,08499;27,49333;       1,64063;78,14651;51,00000;20,00000;0,78290
440,17801;27,50000;       1,64081;78,14551;52,00000;20,00000;0,78286
440,28201;27,50667;       1,64110;78,14501;52,00000;20,00000;0,78281
440,38699;27,51333;       1,64129;78,14402;49,00000;20,00000;0,78276
440,48401;27,52000;       1,64148;78,14303;49,00000;20,00000;0,78272
440,57700;27,52667;       1,64171;78,14253;50,00000;20,00000;0,78268
440,68600;27,53333;       1,64172;78,14204;50,00000;20,00000;0,78263
440,78000;27,54000;       1,64176;78,14154;52,00000;20,00000;0,78259
440,87100;27,54667;       1,64184;78,14055;52,00000;20,00000;0,78255
440,97101;27,55333;       1,64203;78,14054;49,00000;20,00000;0,78250
441,07901;27,56000;       1,64233;78,14005;49,00000;20,00000;0,78246
441,17200;27,56667;       1,64256;78,13955;50,00000;20,00000;0,78241
441,27499;27,57333;       1,64270;78,13807;50,00000;20,00000;0,78237
441,36899;27,58000;       1,64289;78,13708;50,00000;20,00000;0,78233
441,47000;27,58667;       1,64308;78,13560;50,00000;20,00000;0,78228
441,57001;27,59333;       1,64341;78,13462;50,00000;20,00000;0,78224
441,66599;27,60000;       1,64355;78,13364;49,00000;20,00000;0,78219
441,75601;27,60667;       1,64359;78,13216;51,00000;20,00000;0,78215
441,85999;27,61333;       1,64393;78,13117;51,00000;20,00000;0,78211
441,95599;27,62000;       1,64416;78,12969;52,00000;20,00000;0,78206
442,05899;27,62667;       1,64435;78,12869;52,00000;20,00000;0,78202
442,16400;27,63333;       1,64445;78,12721;49,00000;20,00000;0,78197
442,25699;27,64000;       1,64459;78,12622;49,00000;20,00000;0,78193
442,35400;27,64667;       1,64487;78,12523;49,00000;20,00000;0,78188
442,45099;27,65333;       1,64525;78,12424;51,00000;20,00000;0,78184
442,55600;27,66000;       1,64545;78,12326;52,00000;20,00000;0,78179
442,65100;27,66667;       1,64563;78,12227;52,00000;20,00000;0,78175
442,74899;27,67333;       1,64587;78,12178;49,00000;20,00000;0,78171
442,84698;27,68000;       1,64601;78,12079;49,00000;20,00000;0,78166
442,94299;27,68667;       1,64610;78,12030;50,00000;20,00000;0,78162
443,04401;27,69333;       1,64629;78,11931;50,00000;20,00000;0,78157
443,14899;27,70000;       1,64639;78,11882;49,00000;20,00000;0,78153
443,23801;27,70667;       1,64662;78,11782;49,00000;20,00000;0,78149
443,33600;27,71333;       1,64695;78,11732;49,00000;20,00000;0,78144
443,43600;27,72000;       1,64719;78,11681;49,00000;20,00000;0,78140
443,53900;27,72667;       1,64743;78,11581;49,00000;20,00000;0,78135
443,64499;27,73333;       1,64758;78,11531;51,00000;20,00000;0,78130
443,74701;27,74000;       1,64768;78,11480;51,00000;20,00000;0,78126
443,84399;27,74667;       1,64772;78,11431;50,00000;20,00000;0,78121
443,93900;27,75333;       1,64786;78,11381;50,00000;20,00000;0,78117
444,03601;27,76000;       1,64819;78,11283;50,00000;20,00000;0,78113
444,13599;27,76667;       1,64853;78,11233;50,00000;20,00000;0,78108
444,22900;27,77333;       1,64871;78,11184;51,00000;20,00000;0,78104
444,33200;27,78000;       1,64891;78,11134;51,00000;20,00000;0,78099
444,43201;27,78667;       1,64905;78,11084;51,00000;20,00000;0,78095
444,53201;27,79333;       1,64915;78,11033;49,00000;20,00000;0,78090
444,63400;27,80000;       1,64934;78,10983;49,00000;20,00000;0,78086
444,73700;27,80667;       1,64954;78,10884;49,00000;20,00000;0,78081
444,82101;27,81333;       1,64981;78,10834;49,00000;20,00000;0,78077
444,92999;27,82000;       1,64996;78,10785;50,00000;20,00000;0,78072
445,03000;27,82667;       1,65034;78,10686;49,00000;20,00000;0,78068
445,13000;27,83333;       1,65068;78,10637;49,00000;20,00000;0,78063
445,22000;27,84000;       1,65096;78,10588;51,00000;20,00000;0,78059
445,32300;27,84667;       1,65120;78,10490;51,00000;20,00000;0,78055
445,41800;27,85333;       1,65139;78,10441;52,00000;20,00000;0,78050
445,51700;27,86000;       1,65144;78,10392;52,00000;20,00000;0,78046
445,61401;27,86667;       1,65153;78,10293;49,00000;20,00000;0,78042
445,71100;27,87333;       1,65172;78,10244;49,00000;20,00000;0,78037
445,81601;27,88000;       1,65182;78,10145;50,00000;20,00000;0,78032
445,91599;27,88667;       1,65235;78,10096;50,00000;20,00000;0,78028
446,00201;27,89333;       1,65243;78,10046;52,00000;20,00000;0,78024
446,10400;27,90000;       1,65258;78,09997;49,00000;20,00000;0,78019
446,20901;27,90667;       1,65297;78,09948;49,00000;20,00000;0,78015
446,30399;27,91333;       1,65315;78,09849;50,00000;20,00000;0,78010
446,40201;27,92000;       1,65315;78,09750;50,00000;20,00000;0,78006
446,49899;27,92667;       1,65320;78,09552;50,00000;20,00000;0,78001
446,60501;27,93333;       1,65344;78,09453;50,00000;20,00000;0,77997
446,69901;27,94000;       1,65377;78,09305;50,00000;20,00000;0,77992
446,80200;27,94667;       1,65397;78,09157;49,00000;20,00000;0,77988
446,89801;27,95333;       1,65406;78,09058;49,00000;20,00000;0,77983
446,99301;27,96000;       1,65420;78,08909;51,00000;20,00000;0,77979
447,09900;27,96667;       1,65440;78,08761;51,00000;20,00000;0,77974
447,19800;27,97333;       1,65459;78,08662;52,00000;20,00000;0,77970
447,29099;27,98000;       1,65483;78,08563;52,00000;20,00000;0,77965
447,39801;27,98667;       1,65503;78,08513;49,00000;20,00000;0,77961
447,50299;27,99333;       1,65518;78,08464;49,00000;20,00000;0,77956
447,58499;28,00000;       1,65535;78,08414;50,00000;20,00000;0,77952
447,68600;28,00667;       1,65545;78,08364;51,00000;20,00000;0,77947
447,79099;28,01333;       1,65579;78,08314;52,00000;20,00000;0,77943
447,89499;28,02000;       1,65599;78,08313;52,00000;20,00000;0,77938
447,98499;28,02667;       1,65627;78,08263;49,00000;20,00000;0,77934
448,09201;28,03333;       1,65652;78,08213;49,00000;20,00000;0,77929
448,19101;28,04000;       1,65676;78,08164;49,00000;20,00000;0,77924
448,28601;28,04667;       1,65695;78,08065;50,00000;20,00000;0,77920
448,38400;28,05333;       1,65719;78,08015;50,00000;20,00000;0,77916
448,48700;28,06000;       1,65753;78,07966;50,00000;20,00000;0,77911
448,57700;28,06667;       1,65800;78,07916;49,00000;20,00000;0,77907
448,68600;28,07333;       1,65830;78,07816;49,00000;20,00000;0,77902
448,78000;28,08000;       1,65854;78,07767;51,00000;20,00000;0,77898
448,88901;28,08667;       1,65869;78,07717;51,00000;20,00000;0,77893
448,97601;28,09333;       1,65868;78,07618;50,00000;20,00000;0,77889
449,07999;28,10000;       1,65888;78,07568;50,00000;20,00000;0,77884
449,17899;28,10667;       1,65892;78,07469;50,00000;20,00000;0,77879
449,28201;28,11333;       1,65902;78,07420;50,00000;20,00000;0,77875
449,37601;28,12000;       1,65916;78,07420;51,00000;20,00000;0,77870
449,47299;28,12667;       1,65955;78,07371;51,00000;20,00000;0,77866
449,57001;28,13333;       1,65974;78,07372;51,00000;20,00000;0,77861
449,67200;28,14000;       1,65984;78,07323;51,00000;20,00000;0,77857
449,76801;28,14667;       1,65988;78,07274;49,00000;20,00000;0,77852
449,85999;28,15333;       1,65997;78,07274;49,00000;20,00000;0,77848
449,95999;28,16000;       1,66017;78,07225;50,00000;20,00000;0,77844
450,07199;28,16667;       1,66042;78,07176;50,00000;20,00000;0,77838
450,15701;28,17333;       1,66070;78,07126;50,00000;20,00000;0,77834
450,25601;28,18000;       1,66099;78,07078;49,00000;20,00000;0,77830
450,36801;28,18667;       1,66134;78,07030;49,00000;20,00000;0,77825
450,44501;28,19333;       1,66156;78,06981;50,00000;20,00000;0,77821
450,54599;28,20000;       1,66180;78,06931;50,00000;20,00000;0,77817
450,64801;28,20667;       1,66200;78,06882;52,00000;20,00000;0,77812
450,75000;28,21333;       1,66210;78,06832;52,00000;20,00000;0,77807
450,84601;28,22000;       1,66210;78,06782;49,00000;20,00000;0,77803
450,94199;28,22667;       1,66248;78,06732;49,00000;20,00000;0,77798
451,05399;28,23333;       1,66288;78,06682;49,00000;20,00000;0,77793
451,14899;28,24000;       1,66317;78,06633;51,00000;20,00000;0,77789
451,24500;28,24667;       1,66331;78,06584;50,00000;20,00000;0,77784
451,34399;28,25333;       1,66350;78,06534;50,00000;20,00000;0,77780
451,43900;28,26000;       1,66360;78,06485;49,00000;20,00000;0,77776
451,53699;28,26667;       1,66379;78,06436;50,00000;20,00000;0,77771
451,63800;28,27333;       1,66404;78,06386;50,00000;20,00000;0,77766
451,73801;28,28000;       1,66428;78,06385;50,00000;20,00000;0,77762
451,83701;28,28667;       1,66447;78,06335;50,00000;20,00000;0,77757
451,94199;28,29333;       1,66463;78,06334;50,00000;20,00000;0,77752
452,04401;28,30000;       1,66497;78,06285;49,00000;20,00000;0,77748
452,13800;28,30667;       1,66540;78,06285;49,00000;20,00000;0,77743
452,22501;28,31333;       1,66568;78,06236;51,00000;20,00000;0,77739
452,33499;28,32000;       1,66579;78,06236;51,00000;20,00000;0,77734
452,42801;28,32667;       1,66597;78,06187;52,00000;20,00000;0,77730
452,53299;28,33333;       1,66613;78,06138;52,00000;20,00000;0,77725
452,62900;28,34000;       1,66627;78,06088;52,00000;20,00000;0,77721
452,72299;28,34667;       1,66680;78,06088;49,00000;20,00000;0,77716
452,82001;28,35333;       1,66723;78,06038;51,00000;20,00000;0,77712
452,92700;28,36000;       1,66724;78,05989;51,00000;20,00000;0,77707
453,02301;28,36667;       1,66748;78,05939;52,00000;20,00000;0,77703
453,12399;28,37333;       1,66792;78,05889;49,00000;20,00000;0,77698
453,22601;28,38000;       1,66802;78,05840;49,00000;20,00000;0,77693
453,31900;28,38667;       1,66802;78,05791;49,00000;20,00000;0,77689
453,41599;28,39333;       1,66821;78,05741;50,00000;20,00000;0,77684
453,51401;28,40000;       1,66831;78,05692;50,00000;20,00000;0,77680
453,62000;28,40667;       1,66841;78,05593;50,00000;20,00000;0,77675
453,71799;28,41333;       1,66851;78,05543;50,00000;20,00000;0,77670
453,81601;28,42000;       1,66875;78,05543;49,00000;20,00000;0,77666
453,91101;28,42667;       1,66909;78,05493;49,00000;20,00000;0,77661
454,01199;28,43333;       1,66943;78,05443;51,00000;20,00000;0,77657
454,11301;28,44000;       1,66977;78,05394;50,00000;20,00000;0,77652
454,21201;28,44667;       1,67016;78,05344;50,00000;20,00000;0,77647
454,31900;28,45333;       1,67032;78,05295;49,00000;20,00000;0,77642
454,40601;28,46000;       1,67041;78,05295;49,00000;20,00000;0,77638
454,50601;28,46667;       1,67051;78,05246;49,00000;20,00000;0,77634
454,60400;28,47333;       1,67080;78,05196;51,00000;20,00000;0,77629
454,70499;28,48000;       1,67099;78,05147;51,00000;20,00000;0,77625
454,80701;28,48667;       1,67124;78,05147;50,00000;20,00000;0,77620
454,90500;28,49333;       1,67153;78,05098;50,00000;20,00000;0,77615
454,99600;28,50000;       1,67182;78,05048;50,00000;20,00000;0,77611
455,09698;28,50667;       1,67206;78,04999;50,00000;20,00000;0,77606
455,20200;28,51333;       1,67236;78,04998;50,00000;20,00000;0,77601
455,29800;28,52000;       1,67256;78,04948;50,00000;20,00000;0,77597
455,40302;28,52667;       1,67281;78,04899;49,00000;20,00000;0,77592
455,49701;28,53333;       1,67309;78,04899;49,00000;20,00000;0,77588
455,59900;28,54000;       1,67339;78,04849;50,00000;20,00000;0,77583
455,68799;28,54667;       1,67358;78,04800;50,00000;20,00000;0,77579
455,79700;28,55333;       1,67412;78,04750;50,00000;20,00000;0,77574
455,89301;28,56000;       1,67441;78,04750;51,00000;20,00000;0,77569
455,99301;28,56667;       1,67451;78,04701;51,00000;20,00000;0,77565
456,09201;28,57333;       1,67456;78,04651;49,00000;20,00000;0,77560
456,18500;28,58000;       1,67466;78,04601;49,00000;20,00000;0,77556
456,29501;28,58667;       1,67491;78,04552;49,00000;20,00000;0,77551
456,38800;28,59333;       1,67515;78,04503;51,00000;20,00000;0,77546
456,48801;28,60000;       1,67525;78,04454;51,00000;20,00000;0,77542
456,58401;28,60667;       1,67588;78,04454;50,00000;20,00000;0,77537
456,67899;28,61333;       1,67612;78,04405;50,00000;20,00000;0,77533
456,78500;28,62000;       1,67628;78,04355;50,00000;20,00000;0,77528
456,87900;28,62667;       1,67637;78,04306;50,00000;20,00000;0,77523
456,98599;28,63333;       1,67658;78,04257;50,00000;20,00000;0,77518
457,07501;28,64000;       1,67667;78,04257;50,00000;20,00000;0,77514
457,17499;28,64667;       1,67677;78,04208;50,00000;20,00000;0,77509
457,27899;28,65333;       1,67702;78,04159;49,00000;20,00000;0,77505
457,37100;28,66000;       1,67711;78,04158;49,00000;20,00000;0,77500
457,47299;28,66667;       1,67731;78,04109;49,00000;20,00000;0,77496
457,57300;28,67333;       1,67761;78,04109;50,00000;20,00000;0,77491
457,67599;28,68000;       1,67805;78,04060;50,00000;20,00000;0,77486
457,76401;28,68667;       1,67848;78,04010;51,00000;20,00000;0,77482
457,87299;28,69333;       1,67888;78,04011;50,00000;20,00000;0,77477
457,96799;28,70000;       1,67912;78,03913;49,00000;20,00000;0,77472
458,06299;28,70667;       1,67922;78,03765;49,00000;20,00000;0,77468
458,16299;28,71333;       1,67932;78,03617;51,00000;20,00000;0,77463
458,25900;28,72000;       1,67947;78,03469;51,00000;20,00000;0,77459
458,36099;28,72667;       1,67977;78,03321;51,00000;20,00000;0,77454
458,46301;28,73333;       1,67997;78,03123;51,00000;20,00000;0,77449
458,56699;28,74000;       1,68032;78,02975;51,00000;20,00000;0,77444
458,66101;28,74667;       1,68056;78,02827;49,00000;20,00000;0,77440
458,75500;28,75333;       1,68080;78,02728;49,00000;20,00000;0,77435
458,86099;28,76000;       1,68110;78,02630;50,00000;20,00000;0,77431
458,96399;28,76667;       1,68159;78,02580;50,00000;20,00000;0,77426
459,05099;28,77333;       1,68207;78,02481;49,00000;20,00000;0,77422
459,16299;28,78000;       1,68223;78,02480;50,00000;20,00000;0,77416
459,25201;28,78667;       1,68242;78,02430;49,00000;20,00000;0,77412
459,35901;28,79333;       1,68258;78,02381;49,00000;20,00000;0,77407
459,46500;28,80000;       1,68298;78,02332;49,00000;20,00000;0,77402
459,55200;28,80667;       1,68307;78,02282;51,00000;20,00000;0,77398
459,65701;28,81333;       1,68332;78,02184;50,00000;20,00000;0,77393
459,75101;28,82000;       1,68351;78,02085;49,00000;20,00000;0,77389
459,84698;28,82667;       1,68366;78,01888;49,00000;20,00000;0,77384
459,94800;28,83333;       1,68396;78,01691;51,00000;20,00000;0,77379
460,05899;28,84000;       1,68427;78,01395;50,00000;20,00000;0,77374
460,15302;28,84667;       1,68456;78,01198;50,00000;20,00000;0,77370
460,24799;28,85333;       1,68485;78,00952;52,00000;20,00000;0,77365
460,34698;28,86000;       1,68519;78,00706;52,00000;20,00000;0,77361
460,44601;28,86667;       1,68558;78,00509;49,00000;20,00000;0,77356
460,54099;28,87333;       1,68588;78,00214;49,00000;20,00000;0,77351
460,65201;28,88000;       1,68609;77,99820;50,00000;20,00000;0,77346
460,74301;28,88667;       1,68642;77,99524;50,00000;20,00000;0,77342
460,83899;28,89333;       1,68672;77,99228;50,00000;20,00000;0,77337
460,93900;28,90000;       1,68682;77,99080;50,00000;20,00000;0,77333
461,04199;28,90667;       1,68702;77,98932;49,00000;20,00000;0,77328
461,14801;28,91333;       1,68723;77,98783;49,00000;20,00000;0,77323
461,23901;28,92000;       1,68732;77,98634;49,00000;20,00000;0,77318
461,34799;28,92667;       1,68753;77,98535;51,00000;20,00000;0,77313
461,44400;28,93333;       1,68783;77,98386;50,00000;20,00000;0,77309
461,54599;28,94000;       1,68808;77,98238;50,00000;20,00000;0,77304
461,64499;28,94667;       1,68833;77,98140;50,00000;20,00000;0,77299
461,74500;28,95333;       1,68862;77,97993;49,00000;20,00000;0,77295
461,83899;28,96000;       1,68896;77,97846;49,00000;20,00000;0,77290
461,93600;28,96667;       1,68916;77,97749;49,00000;20,00000;0,77286
462,03400;28,97333;       1,68941;77,97651;51,00000;20,00000;0,77281
462,13400;28,98000;       1,68971;77,97602;51,00000;20,00000;0,77276
462,22800;28,98667;       1,69009;77,97553;49,00000;20,00000;0,77272
462,32300;28,99333;       1,69068;77,97504;49,00000;20,00000;0,77267
462,43201;29,00000;       1,69118;77,97504;50,00000;20,00000;0,77262
462,52802;29,00667;       1,69118;77,97454;50,00000;20,00000;0,77257
462,63000;29,01333;       1,69134;77,97404;50,00000;20,00000;0,77253
462,72198;29,02000;       1,69143;77,97354;50,00000;20,00000;0,77248
462,83301;29,02667;       1,69169;77,97255;50,00000;20,00000;0,77243
462,93201;29,03333;       1,69204;77,97205;49,00000;20,00000;0,77238
463,02802;29,04000;       1,69229;77,97156;49,00000;20,00000;0,77234
463,13000;29,04667;       1,69244;77,97057;50,00000;20,00000;0,77229
463,22299;29,05333;       1,69268;77,97008;50,00000;20,00000;0,77225
463,32300;29,06000;       1,69298;77,96959;50,00000;20,00000;0,77220
463,42801;29,06667;       1,69329;77,96861;49,00000;20,00000;0,77215
463,52399;29,07333;       1,69348;77,96812;49,00000;20,00000;0,77210
463,62201;29,08000;       1,69363;77,96714;49,00000;20,00000;0,77206
463,71600;29,08667;       1,69383;77,96665;50,00000;20,00000;0,77201
463,81601;29,09333;       1,69403;77,96568;50,00000;20,00000;0,77196
463,91699;29,10000;       1,69414;77,96519;52,00000;20,00000;0,77192
464,01501;29,10667;       1,69443;77,96520;52,00000;20,00000;0,77187
464,10300;29,11333;       1,69462;77,96470;49,00000;20,00000;0,77183
464,20401;29,12000;       1,69483;77,96470;49,00000;20,00000;0,77178
464,31601;29,12667;       1,69509;77,96470;50,00000;20,00000;0,77173
464,41101;29,13333;       1,69533;77,96470;50,00000;20,00000;0,77168
464,51099;29,14000;       1,69544;77,96420;50,00000;20,00000;0,77163
464,60800;29,14667;       1,69578;77,96420;50,00000;20,00000;0,77159
464,70599;29,15333;       1,69613;77,96421;49,00000;20,00000;0,77154
464,80899;29,16000;       1,69634;77,96421;49,00000;20,00000;0,77149
464,89899;29,16667;       1,69663;77,96422;49,00000;20,00000;0,77145
465,00299;29,17333;       1,69712;77,96422;49,00000;20,00000;0,77140
465,09500;29,18000;       1,69742;77,96520;50,00000;20,00000;0,77135
465,20401;29,18667;       1,69753;77,96569;50,00000;20,00000;0,77130
465,29501;29,19333;       1,69748;77,96568;49,00000;20,00000;0,77126
465,40399;29,20000;       1,69774;77,96568;49,00000;20,00000;0,77121
465,50800;29,20667;       1,69814;77,96567;49,00000;20,00000;0,77116
465,59601;29,21333;       1,69833;77,96567;49,00000;20,00000;0,77111
465,69901;29,22000;       1,69854;77,96567;51,00000;20,00000;0,77107
465,79800;29,22667;       1,69884;77,96567;51,00000;20,00000;0,77102
465,89700;29,23333;       1,69909;77,96518;50,00000;20,00000;0,77097
465,99799;29,24000;       1,69934;77,96517;50,00000;20,00000;0,77092
466,09799;29,24667;       1,69964;77,96517;49,00000;20,00000;0,77087
466,19501;29,25333;       1,70003;77,96468;49,00000;20,00000;0,77083
466,29099;29,26000;       1,70038;77,96468;49,00000;20,00000;0,77078
466,39700;29,26667;       1,70064;77,96468;49,00000;20,00000;0,77073
466,49701;29,27333;       1,70089;77,96420;50,00000;20,00000;0,77068
466,59601;29,28000;       1,70095;77,96420;49,00000;20,00000;0,77064
466,68600;29,28667;       1,70114;77,96421;49,00000;20,00000;0,77059
466,78000;29,29333;       1,70138;77,96373;50,00000;20,00000;0,77055
466,88501;29,30000;       1,70164;77,96373;50,00000;20,00000;0,77050
466,98401;29,30667;       1,70214;77,96325;50,00000;20,00000;0,77045
467,08301;29,31333;       1,70234;77,96326;50,00000;20,00000;0,77040
467,17899;29,32000;       1,70244;77,96327;50,00000;20,00000;0,77036
467,27399;29,32667;       1,70254;77,96278;49,00000;20,00000;0,77031
467,37500;29,33333;       1,70284;77,96278;49,00000;20,00000;0,77026
467,46399;29,34000;       1,70323;77,96278;51,00000;20,00000;0,77022
467,57599;29,34667;       1,70354;77,96228;51,00000;20,00000;0,77017
467,67801;29,35333;       1,70370;77,96228;52,00000;20,00000;0,77012
467,77701;29,36000;       1,70400;77,96227;52,00000;20,00000;0,77007
467,87201;29,36667;       1,70415;77,96178;49,00000;20,00000;0,77002
467,96899;29,37333;       1,70445;77,96226;49,00000;20,00000;0,76998
468,07199;29,38000;       1,70500;77,96177;49,00000;20,00000;0,76993
468,17599;29,38667;       1,70521;77,96177;50,00000;20,00000;0,76988
468,27499;29,39333;       1,70541;77,96177;52,00000;20,00000;0,76983
468,37100;29,40000;       1,70566;77,96177;52,00000;20,00000;0,76978
468,47198;29,40667;       1,70586;77,96128;52,00000;20,00000;0,76974
468,57101;29,41333;       1,70602;77,96130;50,00000;20,00000;0,76969
468,67001;29,42000;       1,70632;77,96131;49,00000;20,00000;0,76964
468,76099;29,42667;       1,70661;77,96084;50,00000;20,00000;0,76960
468,85300;29,43333;       1,70695;77,96085;50,00000;20,00000;0,76955
468,95401;29,44000;       1,70721;77,96086;50,00000;20,00000;0,76950
469,04999;29,44667;       1,70751;77,96036;49,00000;20,00000;0,76946
469,15201;29,45333;       1,70766;77,96036;49,00000;20,00000;0,76941
469,25400;29,46000;       1,70802;77,96036;50,00000;20,00000;0,76936
469,35699;29,46667;       1,70813;77,95987;50,00000;20,00000;0,76931
469,45901;29,47333;       1,70833;77,95937;50,00000;20,00000;0,76926
469,54599;29,48000;       1,70852;77,95887;52,00000;20,00000;0,76922
469,64801;29,48667;       1,70863;77,95838;52,00000;20,00000;0,76917
469,76199;29,49333;       1,70900;77,95789;49,00000;20,00000;0,76911
469,85001;29,50000;       1,70934;77,95740;49,00000;20,00000;0,76907
469,94601;29,50667;       1,70974;77,95690;50,00000;20,00000;0,76902
470,05499;29,51333;       1,70995;77,95642;51,00000;20,00000;0,76897
470,14700;29,52000;       1,71015;77,95544;51,00000;20,00000;0,76893
470,24899;29,52667;       1,71040;77,95446;50,00000;20,00000;0,76888
470,34201;29,53333;       1,71060;77,95398;50,00000;20,00000;0,76883
470,44101;29,54000;       1,71100;77,95300;50,00000;20,00000;0,76878
470,53699;29,54667;       1,71125;77,95202;50,00000;20,00000;0,76874
470,63901;29,55333;       1,71141;77,95153;50,00000;20,00000;0,76869
470,73700;29,56000;       1,71151;77,95055;50,00000;20,00000;0,76864
470,84100;29,56667;       1,71172;77,95007;50,00000;20,00000;0,76859
470,93799;29,57333;       1,71193;77,94909;49,00000;20,00000;0,76854
471,03000;29,58000;       1,71217;77,94861;49,00000;20,00000;0,76850
471,12900;29,58667;       1,71233;77,94861;49,00000;20,00000;0,76845
471,22800;29,59333;       1,71253;77,94812;50,00000;20,00000;0,76840
471,32599;29,60000;       1,71313;77,94763;50,00000;20,00000;0,76836
471,42999;29,60667;       1,71319;77,94714;50,00000;20,00000;0,76831
471,53000;29,61333;       1,71340;77,94664;50,00000;20,00000;0,76826
471,61899;29,62000;       1,71374;77,94614;50,00000;20,00000;0,76821
471,72800;29,62667;       1,71415;77,94564;49,00000;20,00000;0,76816
471,83301;29,63333;       1,71431;77,94514;49,00000;20,00000;0,76811
471,93701;29,64000;       1,71452;77,94465;49,00000;20,00000;0,76806
472,03400;29,64667;       1,71463;77,94416;51,00000;20,00000;0,76801
472,11899;29,65333;       1,71477;77,94366;51,00000;20,00000;0,76797
472,22400;29,66000;       1,71503;77,94317;51,00000;20,00000;0,76792
472,33200;29,66667;       1,71520;77,94269;49,00000;20,00000;0,76787
472,42700;29,67333;       1,71549;77,94220;49,00000;20,00000;0,76782
472,52100;29,68000;       1,71579;77,94122;50,00000;20,00000;0,76778
472,62500;29,68667;       1,71610;77,94073;50,00000;20,00000;0,76773
472,72000;29,69333;       1,71650;77,94024;49,00000;20,00000;0,76768
472,82700;29,70000;       1,71686;77,93975;49,00000;20,00000;0,76763
472,91000;29,70667;       1,71739;77,93828;49,00000;20,00000;0,76759
473,01501;29,71333;       1,71765;77,93729;49,00000;20,00000;0,76754
473,12201;29,72000;       1,71767;77,93631;51,00000;20,00000;0,76748
473,21701;29,72667;       1,71777;77,93532;51,00000;20,00000;0,76744
473,32101;29,73333;       1,71789;77,93434;51,00000;20,00000;0,76739
473,41901;29,74000;       1,71799;77,93286;49,00000;20,00000;0,76734
473,51199;29,74667;       1,71824;77,93189;49,00000;20,00000;0,76729
473,61801;29,75333;       1,71855;77,93091;49,00000;20,00000;0,76724
473,71500;29,76000;       1,71876;77,92944;51,00000;20,00000;0,76719
473,80301;29,76667;       1,71920;77,92847;51,00000;20,00000;0,76715
473,90601;29,77333;       1,71950;77,92798;52,00000;20,00000;0,76710
474,00900;29,78000;       1,71986;77,92701;52,00000;20,00000;0,76705
474,10699;29,78667;       1,71982;77,92652;49,00000;20,00000;0,76700
474,19800;29,79333;       1,72026;77,92603;49,00000;20,00000;0,76696
474,30399;29,80000;       1,72048;77,92603;50,00000;20,00000;0,76691
474,39899;29,80667;       1,72068;77,92554;50,00000;20,00000;0,76686
474,50500;29,81333;       1,72089;77,92555;49,00000;20,00000;0,76681
474,59900;29,82000;       1,72090;77,92506;49,00000;20,00000;0,76676
474,69800;29,82667;       1,72111;77,92457;49,00000;20,00000;0,76671
474,79700;29,83333;       1,72131;77,92408;49,00000;20,00000;0,76667
474,89401;29,84000;       1,72157;77,92358;49,00000;20,00000;0,76662
474,99500;29,84667;       1,72178;77,92309;50,00000;20,00000;0,76657
475,10001;29,85333;       1,72199;77,92260;51,00000;20,00000;0,76652
475,19901;29,86000;       1,72215;77,92210;50,00000;20,00000;0,76647
475,29099;29,86667;       1,72259;77,92111;49,00000;20,00000;0,76642
475,40100;29,87333;       1,72281;77,92061;49,00000;20,00000;0,76637
475,50101;29,88000;       1,72317;77,92012;51,00000;20,00000;0,76632
475,59799;29,88667;       1,72352;77,91964;51,00000;20,00000;0,76627
475,69800;29,89333;       1,72373;77,91866;52,00000;20,00000;0,76622
475,79099;29,90000;       1,72378;77,91817;52,00000;20,00000;0,76618
475,88699;29,90667;       1,72389;77,91768;49,00000;20,00000;0,76613
475,99301;29,91333;       1,72405;77,91719;49,00000;20,00000;0,76608
476,09000;29,92000;       1,72435;77,91670;50,00000;20,00000;0,76603
476,18900;29,92667;       1,72466;77,91620;50,00000;20,00000;0,76598
476,29599;29,93333;       1,72492;77,91571;50,00000;20,00000;0,76593
476,39099;29,94000;       1,72513;77,91522;50,00000;20,00000;0,76588
476,48901;29,94667;       1,72533;77,91473;50,00000;20,00000;0,76584
476,58701;29,95333;       1,72549;77,91425;49,00000;20,00000;0,76579
476,68900;29,96000;       1,72575;77,91376;49,00000;20,00000;0,76574
476,78400;29,96667;       1,72630;77,91327;51,00000;20,00000;0,76569
476,88501;29,97333;       1,72641;77,91278;50,00000;20,00000;0,76564
476,98999;29,98000;       1,72658;77,91229;50,00000;20,00000;0,76559
477,08401;29,98667;       1,72693;77,91180;49,00000;20,00000;0,76554
477,18201;29,99333;       1,72718;77,91131;49,00000;20,00000;0,76550
477,28101;30,00000;       1,72744;77,91083;49,00000;20,00000;0,76545
477,37900;30,00667;       1,72755;77,90985;50,00000;20,00000;0,76540
477,48099;30,01333;       1,72766;77,90936;50,00000;20,00000;0,76535
477,57800;30,02000;       1,72777;77,90888;52,00000;20,00000;0,76530
477,67700;30,02667;       1,72778;77,90789;50,00000;20,00000;0,76525
477,77301;30,03333;       1,72794;77,90740;50,00000;20,00000;0,76521
477,87601;30,04000;       1,72815;77,90642;49,00000;20,00000;0,76515
477,97601;30,04667;       1,72851;77,90592;49,00000;20,00000;0,76511
478,07599;30,05333;       1,72876;77,90494;49,00000;20,00000;0,76506
478,17499;30,06000;       1,72883;77,90444;50,00000;20,00000;0,76501
478,27701;30,06667;       1,72899;77,90395;50,00000;20,00000;0,76496
478,38300;30,07333;       1,72906;77,90297;49,00000;20,00000;0,76490
478,46600;30,08000;       1,72935;77,90248;49,00000;20,00000;0,76486
478,57401;30,08667;       1,72986;77,90150;49,00000;20,00000;0,76481
478,68100;30,09333;       1,73022;77,90102;49,00000;20,00000;0,76476
478,76501;30,10000;       1,73052;77,90053;50,00000;20,00000;0,76472
478,87399;30,10667;       1,73059;77,89956;50,00000;20,00000;0,76466
478,96301;30,11333;       1,73064;77,89908;50,00000;20,00000;0,76462
479,06799;30,12000;       1,73080;77,89860;50,00000;20,00000;0,76457
479,16299;30,12667;       1,73096;77,89812;49,00000;20,00000;0,76452
479,25900;30,13333;       1,73112;77,89764;49,00000;20,00000;0,76447
479,35999;30,14000;       1,73143;77,89715;51,00000;20,00000;0,76442
479,45499;30,14667;       1,73173;77,89667;51,00000;20,00000;0,76437
479,55701;30,15333;       1,73184;77,89618;52,00000;20,00000;0,76432
479,64899;30,16000;       1,73200;77,89570;52,00000;20,00000;0,76428
479,75699;30,16667;       1,73212;77,89521;49,00000;20,00000;0,76423
479,85400;30,17333;       1,73223;77,89471;49,00000;20,00000;0,76418
479,94800;30,18000;       1,73233;77,89422;50,00000;20,00000;0,76413
480,05499;30,18667;       1,73275;77,89372;50,00000;20,00000;0,76408
480,15900;30,19333;       1,73326;77,89323;50,00000;20,00000;0,76403
480,25299;30,20000;       1,73341;77,89273;50,00000;20,00000;0,76398
480,35101;30,20667;       1,73347;77,89224;50,00000;20,00000;0,76393
480,45700;30,21333;       1,73354;77,89175;50,00000;20,00000;0,76388
480,55701;30,22000;       1,73366;77,89126;50,00000;20,00000;0,76383
480,65399;30,22667;       1,73396;77,89028;50,00000;20,00000;0,76378
480,74899;30,23333;       1,73392;77,88979;50,00000;20,00000;0,76373
480,85001;30,24000;       1,73408;77,88931;50,00000;20,00000;0,76368
480,95200;30,24667;       1,73435;77,88833;49,00000;20,00000;0,76363
481,04700;30,25333;       1,73455;77,88784;49,00000;20,00000;0,76359
481,14801;30,26000;       1,73481;77,88736;49,00000;20,00000;0,76354
481,25000;30,26667;       1,73488;77,88638;49,00000;20,00000;0,76349
481,34000;30,27333;       1,73493;77,88589;51,00000;20,00000;0,76344
481,44199;30,28000;       1,73505;77,88491;51,00000;20,00000;0,76339
481,54401;30,28667;       1,73521;77,88442;50,00000;20,00000;0,76334
481,64600;30,29333;       1,73547;77,88393;50,00000;20,00000;0,76329
481,74301;30,30000;       1,73568;77,88294;50,00000;20,00000;0,76324
481,84100;30,30667;       1,73584;77,88245;50,00000;20,00000;0,76319
481,94699;30,31333;       1,73601;77,88147;50,00000;20,00000;0,76314
482,04199;30,32000;       1,73612;77,88098;50,00000;20,00000;0,76309
482,14200;30,32667;       1,73628;77,88050;50,00000;20,00000;0,76304
482,24500;30,33333;       1,73664;77,87952;52,00000;20,00000;0,76299
482,32999;30,34000;       1,73684;77,87904;49,00000;20,00000;0,76295
482,44000;30,34667;       1,73696;77,87856;49,00000;20,00000;0,76289
482,53601;30,35333;       1,73712;77,87758;50,00000;20,00000;0,76285
482,63599;30,36000;       1,73723;77,87710;50,00000;20,00000;0,76280
482,73199;30,36667;       1,73734;77,87661;50,00000;20,00000;0,76275
482,82999;30,37333;       1,73741;77,87563;50,00000;20,00000;0,76270
482,92999;30,38000;       1,73757;77,87515;49,00000;20,00000;0,76265
483,02802;30,38667;       1,73773;77,87465;50,00000;20,00000;0,76260
483,12299;30,39333;       1,73794;77,87367;51,00000;20,00000;0,76255
483,23700;30,40000;       1,73821;77,87318;51,00000;20,00000;0,76250
483,32901;30,40667;       1,73842;77,87269;51,00000;20,00000;0,76245
483,43201;30,41333;       1,73868;77,87171;52,00000;20,00000;0,76240
483,53101;30,42000;       1,73889;77,87074;52,00000;20,00000;0,76235
483,62701;30,42667;       1,73900;77,86976;49,00000;20,00000;0,76230
483,71899;30,43333;       1,73901;77,86927;49,00000;20,00000;0,76226
483,81799;30,44000;       1,73917;77,86829;49,00000;20,00000;0,76221
483,93100;30,44667;       1,73920;77,86731;51,00000;20,00000;0,76215
484,02701;30,45333;       1,73931;77,86534;51,00000;20,00000;0,76210
484,12500;30,46000;       1,73942;77,86387;50,00000;20,00000;0,76205
484,21799;30,46667;       1,73953;77,86240;50,00000;20,00000;0,76201
484,32501;30,47333;       1,73970;77,86043;50,00000;20,00000;0,76195
484,41800;30,48000;       1,73986;77,85896;49,00000;20,00000;0,76191
484,51901;30,48667;       1,74002;77,85699;49,00000;20,00000;0,76186
484,61700;30,49333;       1,74013;77,85601;50,00000;20,00000;0,76181
484,72699;30,50000;       1,74016;77,85503;50,00000;20,00000;0,76175
484,82501;30,50667;       1,74032;77,85405;50,00000;20,00000;0,76170
484,92001;30,51333;       1,74043;77,85356;50,00000;20,00000;0,76165
485,01401;30,52000;       1,74049;77,85259;49,00000;20,00000;0,76161
485,11401;30,52667;       1,74060;77,85161;49,00000;20,00000;0,76156
485,21600;30,53333;       1,74077;77,85063;51,00000;20,00000;0,76151
485,31000;30,54000;       1,74088;77,85014;51,00000;20,00000;0,76146
485,41901;30,54667;       1,74105;77,84916;52,00000;20,00000;0,76140
485,51801;30,55333;       1,74121;77,84819;52,00000;20,00000;0,76135
485,61099;30,56000;       1,74132;77,84721;49,00000;20,00000;0,76131
485,70801;30,56667;       1,74143;77,84575;49,00000;20,00000;0,76126
485,80899;30,57333;       1,74165;77,84428;50,00000;20,00000;0,76121
485,90799;30,58000;       1,74186;77,84330;50,00000;20,00000;0,76116
486,00400;30,58667;       1,74217;77,84232;52,00000;20,00000;0,76111
486,10199;30,59333;       1,74218;77,84085;51,00000;20,00000;0,76106
486,20700;30,60000;       1,74220;77,83889;49,00000;20,00000;0,76101
486,30499;30,60667;       1,74222;77,83742;49,00000;20,00000;0,76096
486,40701;30,61333;       1,74219;77,83595;50,00000;20,00000;0,76091
486,49899;30,62000;       1,74210;77,83448;50,00000;20,00000;0,76086
486,59799;30,62667;       1,74231;77,83300;50,00000;20,00000;0,76081
486,70300;30,63333;       1,74253;77,83202;50,00000;20,00000;0,76076
486,80099;30,64000;       1,74274;77,83055;49,00000;20,00000;0,76071
486,90100;30,64667;       1,74290;77,82957;49,00000;20,00000;0,76066
486,99799;30,65333;       1,74307;77,82662;49,00000;20,00000;0,76061
487,10199;30,66000;       1,74314;77,82367;49,00000;20,00000;0,76056
487,20300;30,66667;       1,74320;77,82122;51,00000;20,00000;0,76051
487,28799;30,67333;       1,74325;77,81876;50,00000;20,00000;0,76046
487,40302;30,68000;       1,74334;77,81680;50,00000;20,00000;0,76041
487,49701;30,68667;       1,74364;77,81582;50,00000;20,00000;0,76036
487,59500;30,69333;       1,74371;77,81533;49,00000;20,00000;0,76031
487,69501;30,70000;       1,74402;77,81435;49,00000;20,00000;0,76026
487,79199;30,70667;       1,74388;77,81386;51,00000;20,00000;0,76021
487,89499;30,71333;       1,74405;77,81338;51,00000;20,00000;0,76016
487,99301;30,72000;       1,74417;77,81240;51,00000;20,00000;0,76011
488,09500;30,72667;       1,74438;77,81142;51,00000;20,00000;0,76006
488,19199;30,73333;       1,74459;77,81044;49,00000;20,00000;0,76001
488,29001;30,74000;       1,74491;77,80946;49,00000;20,00000;0,75996
488,39099;30,74667;       1,74497;77,80849;50,00000;20,00000;0,75991
488,48999;30,75333;       1,74504;77,80751;50,00000;20,00000;0,75986
488,58600;30,76000;       1,74520;77,80653;50,00000;20,00000;0,75981
488,68701;30,76667;       1,74537;77,80556;49,00000;20,00000;0,75976
488,78299;30,77333;       1,74558;77,80458;49,00000;20,00000;0,75971
488,88800;30,78000;       1,74560;77,80360;49,00000;20,00000;0,75966
488,98901;30,78667;       1,74596;77,80261;49,00000;20,00000;0,75961
489,07599;30,79333;       1,74607;77,80162;50,00000;20,00000;0,75956
489,19000;30,80000;       1,74610;77,80064;50,00000;20,00000;0,75950
489,28500;30,80667;       1,74596;77,79916;50,00000;20,00000;0,75946
489,39401;30,81333;       1,74614;77,79719;49,00000;20,00000;0,75940
489,49200;30,82000;       1,74640;77,79573;49,00000;20,00000;0,75935
489,59201;30,82667;       1,74652;77,79475;51,00000;20,00000;0,75930
489,67999;30,83333;       1,74662;77,79378;51,00000;20,00000;0,75926
489,78000;30,84000;       1,74679;77,79232;52,00000;20,00000;0,75921
489,88000;30,84667;       1,74690;77,79233;52,00000;20,00000;0,75915
489,97601;30,85333;       1,74711;77,79136;49,00000;20,00000;0,75911
490,07501;30,86000;       1,74743;77,79038;49,00000;20,00000;0,75906
490,18399;30,86667;       1,74760;77,78941;49,00000;20,00000;0,75900
490,27200;30,87333;       1,74766;77,78892;50,00000;20,00000;0,75896
490,38000;30,88000;       1,74768;77,78795;50,00000;20,00000;0,75890
490,46500;30,88667;       1,74788;77,78697;50,00000;20,00000;0,75886
490,57401;30,89333;       1,74801;77,78599;50,00000;20,00000;0,75880
490,67401;30,90000;       1,74803;77,78501;49,00000;20,00000;0,75875
490,76599;30,90667;       1,74809;77,78403;50,00000;20,00000;0,75870
490,88199;30,91333;       1,74812;77,78355;50,00000;20,00000;0,75865
490,96600;30,92000;       1,74832;77,78256;50,00000;20,00000;0,75860
491,06699;30,92667;       1,74849;77,78158;50,00000;20,00000;0,75855
491,16599;30,93333;       1,74856;77,78060;49,00000;20,00000;0,75850
491,27899;30,94000;       1,74879;77,78012;49,00000;20,00000;0,75844
491,37201;30,94667;       1,74899;77,77914;49,00000;20,00000;0,75840
491,46899;30,95333;       1,74901;77,77816;49,00000;20,00000;0,75835
491,56699;30,96000;       1,74912;77,77718;50,00000;20,00000;0,75830
491,66501;30,96667;       1,74909;77,77719;50,00000;20,00000;0,75825
491,76501;30,97333;       1,74906;77,77622;50,00000;20,00000;0,75820
491,87000;30,98000;       1,74923;77,77574;50,00000;20,00000;0,75814
491,97101;30,98667;       1,74950;77,77477;50,00000;20,00000;0,75809
492,05301;30,99333;       1,74970;77,77428;50,00000;20,00000;0,75805
492,15500;31,00000;       1,74977;77,77281;50,00000;20,00000;0,75800
492,25900;31,00667;       1,74984;77,77036;50,00000;20,00000;0,75795
492,36200;31,01333;       1,75011;77,76889;50,00000;20,00000;0,75789
492,46201;31,02000;       1,75033;77,76693;52,00000;20,00000;0,75784
492,55399;31,02667;       1,75058;77,76546;52,00000;20,00000;0,75779
492,65701;31,03333;       1,75070;77,76350;49,00000;20,00000;0,75774
492,75800;31,04000;       1,75072;77,76203;49,00000;20,00000;0,75769
492,85599;31,04667;       1,75084;77,76155;50,00000;20,00000;0,75764
492,95300;31,05333;       1,75095;77,76106;50,00000;20,00000;0,75759
493,04999;31,06000;       1,75107;77,76008;50,00000;20,00000;0,75754
493,15302;31,06667;       1,75104;77,75959;50,00000;20,00000;0,75749
493,25400;31,07333;       1,75116;77,75910;49,00000;20,00000;0,75744
493,35699;31,08000;       1,75128;77,75812;49,00000;20,00000;0,75738
493,44901;31,08667;       1,75139;77,75714;51,00000;20,00000;0,75734
493,55899;31,09333;       1,75157;77,75616;51,00000;20,00000;0,75728
493,65302;31,10000;       1,75163;77,75518;52,00000;20,00000;0,75723
493,74899;31,10667;       1,75174;77,75420;52,00000;20,00000;0,75718
493,85199;31,11333;       1,75182;77,75322;49,00000;20,00000;0,75713
493,95401;31,12000;       1,75204;77,75224;49,00000;20,00000;0,75708
494,05499;31,12667;       1,75216;77,75127;50,00000;20,00000;0,75703
494,15399;31,13333;       1,75227;77,75078;51,00000;20,00000;0,75698
494,24600;31,14000;       1,75248;77,74981;52,00000;20,00000;0,75693
494,35101;31,14667;       1,75266;77,74883;52,00000;20,00000;0,75688
494,44199;31,15333;       1,75276;77,74785;49,00000;20,00000;0,75683
494,54800;31,16000;       1,75289;77,74688;49,00000;20,00000;0,75678
494,65399;31,16667;       1,75297;77,74443;50,00000;20,00000;0,75672
494,74799;31,17333;       1,75303;77,74345;50,00000;20,00000;0,75667
494,84299;31,18000;       1,75304;77,74198;50,00000;20,00000;0,75662
494,94501;31,18667;       1,75311;77,74101;50,00000;20,00000;0,75657
495,04199;31,19333;       1,75338;77,74004;49,00000;20,00000;0,75652
495,14001;31,20000;       1,75344;77,73858;49,00000;20,00000;0,75647
495,23499;31,20667;       1,75321;77,73760;49,00000;20,00000;0,75642
495,34299;31,21333;       1,75339;77,73614;51,00000;20,00000;0,75637
495,44101;31,22000;       1,75355;77,73516;51,00000;20,00000;0,75632
495,53201;31,22667;       1,75371;77,73418;52,00000;20,00000;0,75627
495,63000;31,23333;       1,75393;77,73320;52,00000;20,00000;0,75622
495,73801;31,24000;       1,75416;77,73223;49,00000;20,00000;0,75617
495,84000;31,24667;       1,75428;77,73125;50,00000;20,00000;0,75611
495,93600;31,25333;       1,75439;77,73027;50,00000;20,00000;0,75606
496,02899;31,26000;       1,75450;77,72928;51,00000;20,00000;0,75602
496,13000;31,26667;       1,75457;77,72830;51,00000;20,00000;0,75596
496,24200;31,27333;       1,75471;77,72781;49,00000;20,00000;0,75591
496,33899;31,28000;       1,75472;77,72683;49,00000;20,00000;0,75586
496,44000;31,28667;       1,75484;77,72585;50,00000;20,00000;0,75580
496,54001;31,29333;       1,75501;77,72488;50,00000;20,00000;0,75575
496,63599;31,30000;       1,75528;77,72392;50,00000;20,00000;0,75570
496,73001;31,30667;       1,75534;77,72344;50,00000;20,00000;0,75566
496,82101;31,31333;       1,75535;77,72247;50,00000;20,00000;0,75561
496,92401;31,32000;       1,75542;77,72150;49,00000;20,00000;0,75556
497,03201;31,32667;       1,75555;77,72053;49,00000;20,00000;0,75550
497,12601;31,33333;       1,75552;77,71759;51,00000;20,00000;0,75545
497,22101;31,34000;       1,75563;77,71562;51,00000;20,00000;0,75540
497,31799;31,34667;       1,75585;77,71366;52,00000;20,00000;0,75535
497,42300;31,35333;       1,75592;77,71170;52,00000;20,00000;0,75530
497,52802;31,36000;       1,75600;77,70974;49,00000;20,00000;0,75524
497,62201;31,36667;       1,75596;77,70875;49,00000;20,00000;0,75520
497,72198;31,37333;       1,75603;77,70777;50,00000;20,00000;0,75514
497,82199;31,38000;       1,75630;77,70728;50,00000;20,00000;0,75509
497,92499;31,38667;       1,75657;77,70631;51,00000;20,00000;0,75504
498,02701;31,39333;       1,75670;77,70631;51,00000;20,00000;0,75499
498,12299;31,40000;       1,75666;77,70534;50,00000;20,00000;0,75494
498,21899;31,40667;       1,75678;77,70485;49,00000;20,00000;0,75489
498,32300;31,41333;       1,75685;77,70388;49,00000;20,00000;0,75483
498,42099;31,42000;       1,75692;77,70290;50,00000;20,00000;0,75478
498,51599;31,42667;       1,75703;77,70093;50,00000;20,00000;0,75473
498,62201;31,43333;       1,75721;77,69946;50,00000;20,00000;0,75468
498,72299;31,44000;       1,75728;77,69799;49,00000;20,00000;0,75463
498,82199;31,44667;       1,75745;77,69652;49,00000;20,00000;0,75458
498,91901;31,45333;       1,75752;77,69506;49,00000;20,00000;0,75453
499,01901;31,46000;       1,75774;77,69359;49,00000;20,00000;0,75447
499,11600;31,46667;       1,75786;77,69212;51,00000;20,00000;0,75442
499,21600;31,47333;       1,75803;77,69065;51,00000;20,00000;0,75437
499,32101;31,48000;       1,75815;77,68968;49,00000;20,00000;0,75432
499,41699;31,48667;       1,75832;77,68870;50,00000;20,00000;0,75427
499,51001;31,49333;       1,75838;77,68772;49,00000;20,00000;0,75422
499,61899;31,50000;       1,75846;77,68675;49,00000;20,00000;0,75416
499,71500;31,50667;       1,75858;77,68528;51,00000;20,00000;0,75411
499,81500;31,51333;       1,75875;77,68431;51,00000;20,00000;0,75406
499,91599;31,52000;       1,75892;77,68334;51,00000;20,00000;0,75401
500,00601;31,52667;       1,75898;77,68236;51,00000;20,00000;0,75396
500,10400;31,53333;       1,75895;77,68089;49,00000;20,00000;0,75391
500,21701;31,54000;       1,75914;77,67844;49,00000;20,00000;0,75385
500,31400;31,54667;       1,75930;77,67647;50,00000;20,00000;0,75380
500,41000;31,55333;       1,75947;77,67451;50,00000;20,00000;0,75375
500,51300;31,56000;       1,75965;77,67255;50,00000;20,00000;0,75370
500,60901;31,56667;       1,75971;77,67010;50,00000;20,00000;0,75365
500,70401;31,57333;       1,75973;77,66913;49,00000;20,00000;0,75360
500,80899;31,58000;       1,75976;77,66815;49,00000;20,00000;0,75355
500,90900;31,58667;       1,75988;77,66767;51,00000;20,00000;0,75349
501,00500;31,59333;       1,76014;77,66670;51,00000;20,00000;0,75344
501,10800;31,60000;       1,76042;77,66524;50,00000;20,00000;0,75339
501,20001;31,60667;       1,76043;77,66427;50,00000;20,00000;0,75334
501,30600;31,61333;       1,76061;77,66281;49,00000;20,00000;0,75329
501,39401;31,62000;       1,76066;77,66184;49,00000;20,00000;0,75324
501,49200;31,62667;       1,76068;77,66037;51,00000;20,00000;0,75319
501,59698;31,63333;       1,76091;77,65940;51,00000;20,00000;0,75314
501,69901;31,64000;       1,76099;77,65793;52,00000;20,00000;0,75308
501,80099;31,64667;       1,76116;77,65696;52,00000;20,00000;0,75303
501,89001;31,65333;       1,76117;77,65598;49,00000;20,00000;0,75298
501,99701;31,66000;       1,76125;77,65451;49,00000;20,00000;0,75293
502,09799;31,66667;       1,76137;77,65351;49,00000;20,00000;0,75288
502,19199;31,67333;       1,76159;77,65202;50,00000;20,00000;0,75283
502,29599;31,68000;       1,76171;77,65106;50,00000;20,00000;0,75277
502,39899;31,68667;       1,76174;77,64961;50,00000;20,00000;0,75272
502,49799;31,69333;       1,76186;77,64863;50,00000;20,00000;0,75267
502,59399;31,70000;       1,76213;77,64765;49,00000;20,00000;0,75262
502,69501;31,70667;       1,76220;77,64618;51,00000;20,00000;0,75256
502,80099;31,71333;       1,76228;77,64519;50,00000;20,00000;0,75251
502,89401;31,72000;       1,76239;77,64371;50,00000;20,00000;0,75246
502,99301;31,72667;       1,76251;77,64078;50,00000;20,00000;0,75241
503,08801;31,73333;       1,76278;77,63934;49,00000;20,00000;0,75236
503,19601;31,74000;       1,76291;77,63787;49,00000;20,00000;0,75230
503,29501;31,74667;       1,76313;77,63691;51,00000;20,00000;0,75225
503,38699;31,75333;       1,76335;77,63544;51,00000;20,00000;0,75220
503,48700;31,76000;       1,76342;77,63398;52,00000;20,00000;0,75215
503,58401;31,76667;       1,76354;77,63301;52,00000;20,00000;0,75210
503,68301;31,77333;       1,76366;77,63007;49,00000;20,00000;0,75205
503,78900;31,78000;       1,76384;77,62713;49,00000;20,00000;0,75199
503,88400;31,78667;       1,76390;77,62419;49,00000;20,00000;0,75194
503,98199;31,79333;       1,76403;77,62174;50,00000;20,00000;0,75189
504,07199;31,80000;       1,76424;77,62027;50,00000;20,00000;0,75185
504,18301;31,80667;       1,76447;77,61931;50,00000;20,00000;0,75179
504,28201;31,81333;       1,76464;77,61883;50,00000;20,00000;0,75174
504,37799;31,82000;       1,76476;77,61835;49,00000;20,00000;0,75169
504,47501;31,82667;       1,76493;77,61787;49,00000;20,00000;0,75163
504,57300;31,83333;       1,76515;77,61689;50,00000;20,00000;0,75158
504,67200;31,84000;       1,76517;77,61543;50,00000;20,00000;0,75153
504,77802;31,84667;       1,76530;77,61446;50,00000;20,00000;0,75148
504,87399;31,85333;       1,76557;77,61201;49,00000;20,00000;0,75143
504,97198;31,86000;       1,76569;77,61055;49,00000;20,00000;0,75137
505,07101;31,86667;       1,76576;77,60908;50,00000;20,00000;0,75132
505,16299;31,87333;       1,76583;77,60663;51,00000;20,00000;0,75127
505,27100;31,88000;       1,76611;77,60467;52,00000;20,00000;0,75122
505,36600;31,88667;       1,76638;77,60320;52,00000;20,00000;0,75117
505,46899;31,89333;       1,76670;77,60171;52,00000;20,00000;0,75111
505,57401;31,90000;       1,76698;77,60072;49,00000;20,00000;0,75106
505,66400;31,90667;       1,76720;77,59976;49,00000;20,00000;0,75101
505,77301;31,91333;       1,76738;77,59831;50,00000;20,00000;0,75095
505,86499;31,92000;       1,76749;77,59684;50,00000;20,00000;0,75091
505,96399;31,92667;       1,76757;77,59538;50,00000;20,00000;0,75085
506,07101;31,93333;       1,76780;77,59441;50,00000;20,00000;0,75080
506,16800;31,94000;       1,76792;77,59292;49,00000;20,00000;0,75075
506,26199;31,94667;       1,76813;77,59144;49,00000;20,00000;0,75070
506,36700;31,95333;       1,76831;77,59048;50,00000;20,00000;0,75064
506,45999;31,96000;       1,76843;77,58953;50,00000;20,00000;0,75059
506,56000;31,96667;       1,76855;77,58806;50,00000;20,00000;0,75054
506,66800;31,97333;       1,76869;77,58414;50,00000;20,00000;0,75048
506,76001;31,98000;       1,76885;77,58168;49,00000;20,00000;0,75044
506,85901;31,98667;       1,76897;77,57872;49,00000;20,00000;0,75038
506,95901;31,99333;       1,76915;77,57625;50,00000;20,00000;0,75033
507,06900;32,00000;       1,76938;77,57530;50,00000;20,00000;0,75027
507,15201;32,00667;       1,76979;77,57484;52,00000;20,00000;0,75023
507,25699;32,01333;       1,76982;77,57436;52,00000;20,00000;0,75017
507,35699;32,02000;       1,76984;77,57388;49,00000;20,00000;0,75012
507,45099;32,02667;       1,76981;77,57389;49,00000;20,00000;0,75007
507,55899;32,03333;       1,77044;77,57291;50,00000;20,00000;0,75001
507,65601;32,04000;       1,77077;77,57193;50,00000;20,00000;0,74996
507,75500;32,04667;       1,77099;77,57095;50,00000;20,00000;0,74991
507,86099;32,05333;       1,77127;77,56948;50,00000;20,00000;0,74986
507,95499;32,06000;       1,77139;77,56752;49,00000;20,00000;0,74981
508,06100;32,06667;       1,77142;77,56605;49,00000;20,00000;0,74975
508,16299;32,07333;       1,77145;77,56459;50,00000;20,00000;0,74970
508,25299;32,08000;       1,77156;77,56312;50,00000;20,00000;0,74965
508,35501;32,08667;       1,77179;77,56166;50,00000;20,00000;0,74959
508,45001;32,09333;       1,77201;77,56019;50,00000;20,00000;0,74954
508,55200;32,10000;       1,77228;77,55872;49,00000;20,00000;0,74949
508,66000;32,10667;       1,77272;77,55775;49,00000;20,00000;0,74943
508,75299;32,11333;       1,77288;77,55628;51,00000;20,00000;0,74938
508,85400;32,12000;       1,77296;77,55530;51,00000;20,00000;0,74933
508,95499;32,12667;       1,77309;77,55383;51,00000;20,00000;0,74928
509,05899;32,13333;       1,77322;77,55286;52,00000;20,00000;0,74922
509,15799;32,14000;       1,77339;77,55188;49,00000;20,00000;0,74917
509,25299;32,14667;       1,77361;77,55042;49,00000;20,00000;0,74912
509,35199;32,15333;       1,77419;77,54945;49,00000;20,00000;0,74907
509,44901;32,16000;       1,77451;77,54700;50,00000;20,00000;0,74902
509,54800;32,16667;       1,77458;77,54403;50,00000;20,00000;0,74896
509,64999;32,17333;       1,77476;77,54204;50,00000;20,00000;0,74891
509,75601;32,18000;       1,77489;77,53960;49,00000;20,00000;0,74885
509,85999;32,18667;       1,77507;77,53717;51,00000;20,00000;0,74880
509,96301;32,19333;       1,77565;77,53619;49,00000;20,00000;0,74874
510,05801;32,20000;       1,77607;77,53571;49,00000;20,00000;0,74869
510,14801;32,20667;       1,77624;77,53474;50,00000;20,00000;0,74865
510,25101;32,21333;       1,77637;77,53325;50,00000;20,00000;0,74859
510,35800;32,22000;       1,77665;77,53177;49,00000;20,00000;0,74854
510,45700;32,22667;       1,77683;77,53033;49,00000;20,00000;0,74848
510,54700;32,23333;       1,77694;77,52889;49,00000;20,00000;0,74843
510,65100;32,24000;       1,77712;77,52742;49,00000;20,00000;0,74838
510,74799;32,24667;       1,77729;77,52596;49,00000;20,00000;0,74833
510,85599;32,25333;       1,77748;77,52499;51,00000;20,00000;0,74827
510,94601;32,26000;       1,77759;77,52400;51,00000;20,00000;0,74822
511,04501;32,26667;       1,77777;77,52104;49,00000;20,00000;0,74817
511,14600;32,27333;       1,77800;77,51763;49,00000;20,00000;0,74812
511,24600;32,28000;       1,77827;77,51570;50,00000;20,00000;0,74806
511,34201;32,28667;       1,77855;77,51374;50,00000;20,00000;0,74801
511,45001;32,29333;       1,77928;77,51228;50,00000;20,00000;0,74796
511,53799;32,30000;       1,77940;77,51081;52,00000;20,00000;0,74791
511,64099;32,30667;       1,77948;77,50885;52,00000;20,00000;0,74785
511,74399;32,31333;       1,77956;77,50836;49,00000;20,00000;0,74780
511,84799;32,32000;       1,77969;77,50788;49,00000;20,00000;0,74774
511,94101;32,32667;       1,77985;77,50789;50,00000;20,00000;0,74769
512,04498;32,33333;       1,78009;77,50741;50,00000;20,00000;0,74764
512,14398;32,34000;       1,78021;77,50743;50,00000;20,00000;0,74759
512,24500;32,34667;       1,78034;77,50745;50,00000;20,00000;0,74753
512,33600;32,35333;       1,78056;77,50747;50,00000;20,00000;0,74748
512,43201;32,36000;       1,78078;77,50699;49,00000;20,00000;0,74743
512,53900;32,36667;       1,78117;77,50701;49,00000;20,00000;0,74738
512,63501;32,37333;       1,78164;77,50702;51,00000;20,00000;0,74733
512,73297;32,38000;       1,78191;77,50703;51,00000;20,00000;0,74727
512,83502;32,38667;       1,78214;77,50704;51,00000;20,00000;0,74722
512,93298;32,39333;       1,78237;77,50703;51,00000;20,00000;0,74717
513,02899;32,40000;       1,78259;77,50554;49,00000;20,00000;0,74712
513,14301;32,40667;       1,78294;77,50458;49,00000;20,00000;0,74705
513,23602;32,41333;       1,78321;77,50412;51,00000;20,00000;0,74701
513,33600;32,42000;       1,78354;77,50363;51,00000;20,00000;0,74695
513,43903;32,42667;       1,78377;77,49823;52,00000;20,00000;0,74690
513,53699;32,43333;       1,78394;77,49530;52,00000;20,00000;0,74684
513,63599;32,44000;       1,78412;77,49185;49,00000;20,00000;0,74679
513,72998;32,44667;       1,78459;77,48889;49,00000;20,00000;0,74674
513,82898;32,45333;       1,78492;77,48548;50,00000;20,00000;0,74669
513,92401;32,46000;       1,78534;77,48107;50,00000;20,00000;0,74664
514,03497;32,46667;       1,78584;77,47566;50,00000;20,00000;0,74658
514,13397;32,47333;       1,78626;77,47173;50,00000;20,00000;0,74653
514,23798;32,48000;       1,78660;77,47027;49,00000;20,00000;0,74647
514,34100;32,48667;       1,78658;77,46878;49,00000;20,00000;0,74642
514,42902;32,49333;       1,78679;77,46730;51,00000;20,00000;0,74637
514,53101;32,50000;       1,78702;77,46389;51,00000;20,00000;0,74631
514,63000;32,50667;       1,78725;77,45998;52,00000;20,00000;0,74626
514,73102;32,51333;       1,78758;77,45606;52,00000;20,00000;0,74621
514,82800;32,52000;       1,78791;77,45362;52,00000;20,00000;0,74615
514,92603;32,52667;       1,78818;77,45117;49,00000;20,00000;0,74610
515,02802;32,53333;       1,78852;77,44626;51,00000;20,00000;0,74605
515,12598;32,54000;       1,78894;77,44185;51,00000;20,00000;0,74600
515,22998;32,54667;       1,78928;77,43793;52,00000;20,00000;0,74594
515,31799;32,55333;       1,78964;77,43597;52,00000;20,00000;0,74589
515,42102;32,56000;       1,78998;77,43598;49,00000;20,00000;0,74584
515,52698;32,56667;       1,79042;77,43599;49,00000;20,00000;0,74578
515,62299;32,57333;       1,79074;77,43501;50,00000;20,00000;0,74573
515,73102;32,58000;       1,79103;77,43354;50,00000;20,00000;0,74567
515,81799;32,58667;       1,79104;77,42961;50,00000;20,00000;0,74562
515,93701;32,59333;       1,79114;77,42667;50,00000;20,00000;0,74556
516,02502;32,60000;       1,79156;77,42472;50,00000;20,00000;0,74551
516,12299;32,60667;       1,79184;77,42375;49,00000;20,00000;0,74546
516,22302;32,61333;       1,79202;77,42230;51,00000;20,00000;0,74541
516,31598;32,62000;       1,79239;77,42035;51,00000;20,00000;0,74536
516,41803;32,62667;       1,79277;77,41889;52,00000;20,00000;0,74530
516,52100;32,63333;       1,79316;77,41842;52,00000;20,00000;0,74525
516,61902;32,64000;       1,79349;77,41696;52,00000;20,00000;0,74520
516,70300;32,64667;       1,79380;77,41500;49,00000;20,00000;0,74515
516,81299;32,65333;       1,79419;77,41009;51,00000;20,00000;0,74509
516,91101;32,66000;       1,79462;77,40665;51,00000;20,00000;0,74504
517,02301;32,66667;       1,79481;77,40320;52,00000;20,00000;0,74498
517,12097;32,67333;       1,79474;77,40171;52,00000;20,00000;0,74493
517,20898;32,68000;       1,79490;77,40174;52,00000;20,00000;0,74488
517,31299;32,68667;       1,79539;77,40177;49,00000;20,00000;0,74482
517,41998;32,69333;       1,79629;77,40179;49,00000;20,00000;0,74476
517,50897;32,70000;       1,79665;77,40180;50,00000;20,00000;0,74472
517,61798;32,70667;       1,79685;77,40034;50,00000;20,00000;0,74466
517,71100;32,71333;       1,79687;77,39936;50,00000;20,00000;0,74461
517,80499;32,72000;       1,79719;77,39787;50,00000;20,00000;0,74456
517,90997;32,72667;       1,79748;77,39545;49,00000;20,00000;0,74450
518,01501;32,73333;       1,79761;77,39351;49,00000;20,00000;0,74444
518,10901;32,74000;       1,79789;77,39205;51,00000;20,00000;0,74439
518,21503;32,74667;       1,79848;77,39059;51,00000;20,00000;0,74434
518,29901;32,75333;       1,79869;77,38864;50,00000;20,00000;0,74429
518,39801;32,76000;       1,79892;77,38715;49,00000;20,00000;0,74424
518,51099;32,76667;       1,79947;77,38617;49,00000;20,00000;0,74418
518,60999;32,77333;       1,79995;77,38522;50,00000;20,00000;0,74412
518,70099;32,78000;       1,80012;77,38378;51,00000;20,00000;0,74407
518,80402;32,78667;       1,80031;77,38231;52,00000;20,00000;0,74402
518,90002;32,79333;       1,80043;77,38085;52,00000;20,00000;0,74397
519,00702;32,80000;       1,80067;77,38086;49,00000;20,00000;0,74391
519,10101;32,80667;       1,80095;77,37988;49,00000;20,00000;0,74386
519,20599;32,81333;       1,80124;77,37891;49,00000;20,00000;0,74380
519,30902;32,82000;       1,80183;77,37744;50,00000;20,00000;0,74375
519,39899;32,82667;       1,80230;77,37450;50,00000;20,00000;0,74370
519,50897;32,83333;       1,80264;77,37206;50,00000;20,00000;0,74364
519,60901;32,84000;       1,80292;77,36961;50,00000;20,00000;0,74358
519,70001;32,84667;       1,80304;77,36717;49,00000;20,00000;0,74354
519,79401;32,85333;       1,80322;77,36522;49,00000;20,00000;0,74348
519,89801;32,86000;       1,80366;77,36425;51,00000;20,00000;0,74343
520,00500;32,86667;       1,80395;77,36427;51,00000;20,00000;0,74337
520,09900;32,87333;       1,80417;77,36330;50,00000;20,00000;0,74332
520,19202;32,88000;       1,80455;77,36183;50,00000;20,00000;0,74327
520,30103;32,88667;       1,80484;77,36037;49,00000;20,00000;0,74321
520,39600;32,89333;       1,80512;77,35891;49,00000;20,00000;0,74316
520,49298;32,90000;       1,80545;77,35745;51,00000;20,00000;0,74311
520,59900;32,90667;       1,80579;77,35598;51,00000;20,00000;0,74305
520,69397;32,91333;       1,80612;77,35452;52,00000;20,00000;0,74300
520,80200;32,92000;       1,80636;77,35356;52,00000;20,00000;0,74294
520,88898;32,92667;       1,80653;77,35210;49,00000;20,00000;0,74289
520,98602;32,93333;       1,80660;77,34867;49,00000;20,00000;0,74284
521,09698;32,94000;       1,80670;77,34621;50,00000;20,00000;0,74278
521,19000;32,94667;       1,80707;77,34424;50,00000;20,00000;0,74273
521,29303;32,95333;       1,80731;77,34230;50,00000;20,00000;0,74267
521,38397;32,96000;       1,80748;77,34086;50,00000;20,00000;0,74262
521,48700;32,96667;       1,80757;77,33940;49,00000;20,00000;0,74257
521,58698;32,97333;       1,80775;77,33745;49,00000;20,00000;0,74251
521,68799;32,98000;       1,80803;77,33402;49,00000;20,00000;0,74246
521,78601;32,98667;       1,80826;77,33107;50,00000;20,00000;0,74241
521,88501;32,99333;       1,80845;77,32811;50,00000;20,00000;0,74235
521,97601;33,00000;       1,80867;77,32617;50,00000;20,00000;0,74230
522,08600;33,00667;       1,80886;77,32521;49,00000;20,00000;0,74224
522,18402;33,01333;       1,80894;77,32473;49,00000;20,00000;0,74219
522,29199;33,02000;       1,80914;77,32474;51,00000;20,00000;0,74213
522,38800;33,02667;       1,80936;77,32327;51,00000;20,00000;0,74208
522,48102;33,03333;       1,80949;77,32180;52,00000;20,00000;0,74203
522,59601;33,04000;       1,80964;77,31936;52,00000;20,00000;0,74197
522,68103;33,04667;       1,80965;77,31642;52,00000;20,00000;0,74192
522,78497;33,05333;       1,80959;77,31446;49,00000;20,00000;0,74186
522,88898;33,06000;       1,80967;77,31301;50,00000;20,00000;0,74181
522,98901;33,06667;       1,80976;77,31205;50,00000;20,00000;0,74175
523,08197;33,07333;       1,80983;77,31060;50,00000;20,00000;0,74170
523,17999;33,08000;       1,80986;77,30914;50,00000;20,00000;0,74165
523,26898;33,08667;       1,80987;77,30818;49,00000;20,00000;0,74160
523,38000;33,09333;       1,80987;77,30673;49,00000;20,00000;0,74154
523,47198;33,10000;       1,80984;77,30527;50,00000;20,00000;0,74149
523,57098;33,10667;       1,80962;77,30233;50,00000;20,00000;0,74144
523,66998;33,11333;       1,80955;77,29791;50,00000;20,00000;0,74138
523,78003;33,12000;       1,80964;77,29498;50,00000;20,00000;0,74132
523,86603;33,12667;       1,80960;77,29204;50,00000;20,00000;0,74128
523,98102;33,13333;       1,80961;77,29058;49,00000;20,00000;0,74121
524,06799;33,14000;       1,80962;77,29059;49,00000;20,00000;0,74117
524,16602;33,14667;       1,80919;77,29012;51,00000;20,00000;0,74111
524,26801;33,15333;       1,80892;77,28915;51,00000;20,00000;0,74106
524,37299;33,16000;       1,80881;77,28719;52,00000;20,00000;0,74100
524,46600;33,16667;       1,80873;77,28570;52,00000;20,00000;0,74095
524,57098;33,17333;       1,80872;77,28422;49,00000;20,00000;0,74089
524,66901;33,18000;       1,80854;77,28228;49,00000;20,00000;0,74084
524,77301;33,18667;       1,80853;77,28034;50,00000;20,00000;0,74078
524,87500;33,19333;       1,80841;77,27838;50,00000;20,00000;0,74073
524,96899;33,20000;       1,80829;77,27544;50,00000;20,00000;0,74067
525,07599;33,20667;       1,80802;77,27202;50,00000;20,00000;0,74062
525,17297;33,21333;       1,80775;77,27005;49,00000;20,00000;0,74056
525,26599;33,22000;       1,80741;77,26808;50,00000;20,00000;0,74051
525,36798;33,22667;       1,80719;77,26616;50,00000;20,00000;0,74046
525,46899;33,23333;       1,80692;77,26226;50,00000;20,00000;0,74040
525,55402;33,24000;       1,80617;77,25735;50,00000;20,00000;0,74035
525,66602;33,24667;       1,80561;77,25343;49,00000;20,00000;0,74029
525,76300;33,25333;       1,80513;77,25099;49,00000;20,00000;0,74024
525,86102;33,26000;       1,80501;77,25049;49,00000;20,00000;0,74019
525,96198;33,26667;       1,80489;77,24852;51,00000;20,00000;0,74013
526,05798;33,27333;       1,80487;77,24609;51,00000;20,00000;0,74008
526,16101;33,28000;       1,80404;77,24366;52,00000;20,00000;0,74002
526,26703;33,28667;       1,80352;77,24122;52,00000;20,00000;0,73996
526,35901;33,29333;       1,80288;77,24074;49,00000;20,00000;0,73991
526,45599;33,30000;       1,80246;77,23927;49,00000;20,00000;0,73986
526,55798;33,30667;       1,80158;77,23584;50,00000;20,00000;0,73981
526,66699;33,31333;       1,80091;77,23143;50,00000;20,00000;0,73975
526,76099;33,32000;       1,80022;77,22898;50,00000;20,00000;0,73969
526,85498;33,32667;       1,79989;77,22801;50,00000;20,00000;0,73964
526,96600;33,33333;       1,79938;77,22606;49,00000;20,00000;0,73958
527,05798;33,34000;       1,79869;77,22312;49,00000;20,00000;0,73953
527,15601;33,34667;       1,79791;77,21821;50,00000;20,00000;0,73948
527,26202;33,35333;       1,79718;77,21429;50,00000;20,00000;0,73942
527,35699;33,36000;       1,79650;77,21135;50,00000;20,00000;0,73937
527,45001;33,36667;       1,79566;77,21137;50,00000;20,00000;0,73932
527,56702;33,37333;       1,79475;77,21090;49,00000;20,00000;0,73925
527,65900;33,38000;       1,79390;77,20845;49,00000;20,00000;0,73920
527,75598;33,38667;       1,79251;77,20355;51,00000;20,00000;0,73915
527,85400;33,39333;       1,79137;77,20112;51,00000;20,00000;0,73910
527,95203;33,40000;       1,79038;77,19917;52,00000;20,00000;0,73904
528,04401;33,40667;       1,78938;77,19772;52,00000;20,00000;0,73899
528,15399;33,41333;       1,78851;77,19577;49,00000;20,00000;0,73893
528,23999;33,42000;       1,78756;77,19382;49,00000;20,00000;0,73888
528,34900;33,42667;       1,78659;77,19187;50,00000;20,00000;0,73882
528,44202;33,43333;       1,78554;77,18598;50,00000;20,00000;0,73877
528,54401;33,44000;       1,78425;77,18056;50,00000;20,00000;0,73872
528,64502;33,44667;       1,78307;77,17760;50,00000;20,00000;0,73866
528,74799;33,45333;       1,78183;77,17715;49,00000;20,00000;0,73860
528,84100;33,46000;       1,78048;77,17620;49,00000;20,00000;0,73855
528,95001;33,46667;       1,77900;77,17425;50,00000;20,00000;0,73849
529,04602;33,47333;       1,77750;77,17131;50,00000;20,00000;0,73844
529,14301;33,48000;       1,77595;77,16838;50,00000;20,00000;0,73839
529,23499;33,48667;       1,77439;77,16591;50,00000;20,00000;0,73834
529,33801;33,49333;       1,77239;77,16295;49,00000;20,00000;0,73828
529,44202;33,50000;       1,77075;77,16053;49,00000;20,00000;0,73822
529,55402;33,50667;       1,76932;77,15811;50,00000;20,00000;0,73816
529,63898;33,51333;       1,76806;77,15567;50,00000;20,00000;0,73811
529,73602;33,52000;       1,76666;77,15175;51,00000;20,00000;0,73806
529,83099;33,52667;       1,76515;77,14783;51,00000;20,00000;0,73801
529,93298;33,53333;       1,76361;77,14388;49,00000;20,00000;0,73795
530,04199;33,54000;       1,76172;77,14289;49,00000;20,00000;0,73789
530,14502;33,54667;       1,75987;77,14293;50,00000;20,00000;0,73783
530,23999;33,55333;       1,75806;77,14149;50,00000;20,00000;0,73778
530,33801;33,56000;       1,75580;77,13658;50,00000;20,00000;0,73773
530,44098;33,56667;       1,75384;77,13267;51,00000;20,00000;0,73767
530,52899;33,57333;       1,75197;77,13071;51,00000;20,00000;0,73762
530,63397;33,58000;       1,75002;77,12925;51,00000;20,00000;0,73757
530,73102;33,58667;       1,74811;77,12681;49,00000;20,00000;0,73751
530,84100;33,59333;       1,74627;77,12141;49,00000;20,00000;0,73745
530,94098;33,60000;       1,74411;77,11700;49,00000;20,00000;0,73740
531,03003;33,60667;       1,74193;77,11457;50,00000;20,00000;0,73735
531,13800;33,61333;       1,73973;77,11213;50,00000;20,00000;0,73729
531,22198;33,62000;       1,73750;77,10969;49,00000;20,00000;0,73724
531,32501;33,62667;       1,73509;77,10725;49,00000;20,00000;0,73718
531,42297;33,63333;       1,73297;77,10481;49,00000;20,00000;0,73713
531,52698;33,64000;       1,73071;77,10237;49,00000;20,00000;0,73707
531,62598;33,64667;       1,72840;77,09648;51,00000;20,00000;0,73702
531,72302;33,65333;       1,72557;77,09157;51,00000;20,00000;0,73696
531,82898;33,66000;       1,72300;77,08912;51,00000;20,00000;0,73690
531,92499;33,66667;       1,72073;77,08715;51,00000;20,00000;0,73685
532,02502;33,67333;       1,71841;77,08419;49,00000;20,00000;0,73680
532,12799;33,68000;       1,71610;77,08079;49,00000;20,00000;0,73674
532,22101;33,68667;       1,71357;77,07787;50,00000;20,00000;0,73669
532,32599;33,69333;       1,71100;77,07543;52,00000;20,00000;0,73663
532,41998;33,70000;       1,70837;77,07200;52,00000;20,00000;0,73658
532,52399;33,70667;       1,70565;77,06858;49,00000;20,00000;0,73652
532,62000;33,71333;       1,70292;77,06120;49,00000;20,00000;0,73647
532,72198;33,72000;       1,70034;77,05579;49,00000;20,00000;0,73641
532,81799;33,72667;       1,69766;77,05485;50,00000;20,00000;0,73636
532,91101;33,73333;       1,69498;77,05490;50,00000;20,00000;0,73631
533,01202;33,74000;       1,69225;77,05344;50,00000;20,00000;0,73625
533,10699;33,74667;       1,68951;77,04854;50,00000;20,00000;0,73620
533,21100;33,75333;       1,68618;77,04413;49,00000;20,00000;0,73614
533,31000;33,76000;       1,68334;77,04118;49,00000;20,00000;0,73608
533,40601;33,76667;       1,68061;77,03773;50,00000;20,00000;0,73603
533,50897;33,77333;       1,67762;77,03284;50,00000;20,00000;0,73597
533,61499;33,78000;       1,67485;77,02844;51,00000;20,00000;0,73592
533,71002;33,78667;       1,67196;77,02649;51,00000;20,00000;0,73586
533,80499;33,79333;       1,66927;77,02306;49,00000;20,00000;0,73581
533,91302;33,80000;       1,66645;77,01963;50,00000;20,00000;0,73575
534,00897;33,80667;       1,66351;77,01669;49,00000;20,00000;0,73570
534,10999;33,81333;       1,66016;77,01327;49,00000;20,00000;0,73564
534,21301;33,82000;       1,65707;77,00837;51,00000;20,00000;0,73558
534,30298;33,82667;       1,65387;77,00346;51,00000;20,00000;0,73553
534,40601;33,83333;       1,65093;77,00103;52,00000;20,00000;0,73548
534,50403;33,84000;       1,64809;77,00105;52,00000;20,00000;0,73542
534,60602;33,84667;       1,64495;77,00107;49,00000;20,00000;0,73536
534,70099;33,85333;       1,64175;77,00109;49,00000;20,00000;0,73531
534,79700;33,86000;       1,63855;77,00013;50,00000;20,00000;0,73526
534,90302;33,86667;       1,63536;76,99867;50,00000;20,00000;0,73520
535,00403;33,87333;       1,63232;76,99722;50,00000;20,00000;0,73514
535,09198;33,88000;       1,62931;76,99527;50,00000;20,00000;0,73509
535,20203;33,88667;       1,62613;76,99382;50,00000;20,00000;0,73503
535,29602;33,89333;       1,62292;76,99335;49,00000;20,00000;0,73498
535,39099;33,90000;       1,61982;76,99288;49,00000;20,00000;0,73493
535,48901;33,90667;       1,61667;76,99191;51,00000;20,00000;0,73487
535,59100;33,91333;       1,61362;76,99095;50,00000;20,00000;0,73482
535,69501;33,92000;       1,61033;76,98850;50,00000;20,00000;0,73476
535,78998;33,92667;       1,60707;76,98704;49,00000;20,00000;0,73471
535,89600;33,93333;       1,60388;76,98509;49,00000;20,00000;0,73465
535,99402;33,94000;       1,60062;76,98017;51,00000;20,00000;0,73459
536,09198;33,94667;       1,59737;76,97672;51,00000;20,00000;0,73454
536,18903;33,95333;       1,59411;76,97332;52,00000;20,00000;0,73448
536,28400;33,96000;       1,59111;76,97188;52,00000;20,00000;0,73443
536,39001;33,96667;       1,58837;76,97043;51,00000;20,00000;0,73437
536,48401;33,97333;       1,58541;76,96799;50,00000;20,00000;0,73432
536,58899;33,98000;       1,58227;76,96359;49,00000;20,00000;0,73426
536,68103;33,98667;       1,57895;76,96064;49,00000;20,00000;0,73421
536,78198;33,99333;       1,57565;76,95818;50,00000;20,00000;0,73415
536,87903;34,00000;       1,57244;76,95281;50,00000;20,00000;0,73410
536,97498;34,00667;       1,56933;76,94596;49,00000;20,00000;0,73405
537,08099;34,01333;       1,56649;76,94254;49,00000;20,00000;0,73399
537,17401;34,02000;       1,56348;76,94208;50,00000;20,00000;0,73393
537,27399;34,02667;       1,56032;76,93914;49,00000;20,00000;0,73388
537,37299;34,03333;       1,55706;76,93373;50,00000;20,00000;0,73382
537,46503;34,04000;       1,55359;76,93029;50,00000;20,00000;0,73377
537,57501;34,04667;       1,55065;76,92688;50,00000;20,00000;0,73371
537,67102;34,05333;       1,54759;76,91953;50,00000;20,00000;0,73366
537,77802;34,06000;       1,54459;76,91413;49,00000;20,00000;0,73360
537,86798;34,06667;       1,54157;76,91317;49,00000;20,00000;0,73355
537,97803;34,07333;       1,53858;76,91123;49,00000;20,00000;0,73348
538,06897;34,08000;       1,53577;76,90190;51,00000;20,00000;0,73343
538,16199;34,08667;       1,53306;76,89503;50,00000;20,00000;0,73338
538,26202;34,09333;       1,53016;76,89456;51,00000;20,00000;0,73333
538,36603;34,10000;       1,52726;76,88671;51,00000;20,00000;0,73327
538,46600;34,10667;       1,52430;76,87984;49,00000;20,00000;0,73321
538,55798;34,11333;       1,52113;76,87887;49,00000;20,00000;0,73316
538,66602;34,12000;       1,51839;76,87446;49,00000;20,00000;0,73310
538,76599;34,12667;       1,51609;76,86809;49,00000;20,00000;0,73304
538,85797;34,13333;       1,51308;76,86270;50,00000;20,00000;0,73299
538,96002;34,14000;       1,51017;76,85632;50,00000;20,00000;0,73293
539,05402;34,14667;       1,50741;76,85438;52,00000;20,00000;0,73288
539,15399;34,15333;       1,50481;76,84997;49,00000;20,00000;0,73283
539,25800;34,16000;       1,50211;76,84360;49,00000;20,00000;0,73277
539,35400;34,16667;       1,49925;76,83868;50,00000;20,00000;0,73271
539,44800;34,17333;       1,49643;76,83327;50,00000;20,00000;0,73266
539,54700;34,18000;       1,49383;76,82642;50,00000;20,00000;0,73261
539,65601;34,18667;       1,49149;76,82105;50,00000;20,00000;0,73254
539,75201;34,19333;       1,48899;76,81270;50,00000;20,00000;0,73249
539,84802;34,20000;       1,48643;76,80583;49,00000;20,00000;0,73244
539,94202;34,20667;       1,48372;76,80388;49,00000;20,00000;0,73238
540,04999;34,21333;       1,48118;76,79700;49,00000;20,00000;0,73232
540,14502;34,22000;       1,47867;76,78815;49,00000;20,00000;0,73227
540,24103;34,22667;       1,47621;76,78130;51,00000;20,00000;0,73222
540,34003;34,23333;       1,47376;76,77641;51,00000;20,00000;0,73216
540,44098;34,24000;       1,47136;76,76758;52,00000;20,00000;0,73210
540,53998;34,24667;       1,46906;76,75874;52,00000;20,00000;0,73205
540,64301;34,25333;       1,46687;76,74892;49,00000;20,00000;0,73199
540,73901;34,26000;       1,46457;76,73908;49,00000;20,00000;0,73194
540,83698;34,26667;       1,46221;76,72923;50,00000;20,00000;0,73188
540,93298;34,27333;       1,46037;76,72041;51,00000;20,00000;0,73183
541,03400;34,28000;       1,45828;76,70814;51,00000;20,00000;0,73177
541,12903;34,28667;       1,45607;76,70078;51,00000;20,00000;0,73172
541,24402;34,29333;       1,45400;76,69489;52,00000;20,00000;0,73165
541,33502;34,30000;       1,45189;76,68506;52,00000;20,00000;0,73160
541,43500;34,30667;       1,44980;76,67621;49,00000;20,00000;0,73154
541,53601;34,31333;       1,44780;76,67130;49,00000;20,00000;0,73149
541,64001;34,32000;       1,44587;76,66640;50,00000;20,00000;0,73143
541,74298;34,32667;       1,44377;76,66051;50,00000;20,00000;0,73137
541,84100;34,33333;       1,44188;76,65069;50,00000;20,00000;0,73132
541,93298;34,34000;       1,43993;76,64825;50,00000;20,00000;0,73126
542,03601;34,34667;       1,43814;76,64728;49,00000;20,00000;0,73121
542,12598;34,35333;       1,43624;76,64189;49,00000;20,00000;0,73116
542,23602;34,36000;       1,43456;76,63354;49,00000;20,00000;0,73109
542,33698;34,36667;       1,43298;76,63012;50,00000;20,00000;0,73104
542,43201;34,37333;       1,43134;76,62718;50,00000;20,00000;0,73098
542,53302;34,38000;       1,42960;76,62375;50,00000;20,00000;0,73093
542,63397;34,38667;       1,42796;76,62033;50,00000;20,00000;0,73087
542,72900;34,39333;       1,42627;76,61494;50,00000;20,00000;0,73082
542,83502;34,40000;       1,42459;76,61053;49,00000;20,00000;0,73076
542,93103;34,40667;       1,42289;76,60907;49,00000;20,00000;0,73070
543,02502;34,41333;       1,42125;76,60909;51,00000;20,00000;0,73065
543,13300;34,42000;       1,41957;76,60862;51,00000;20,00000;0,73059
543,23102;34,42667;       1,41793;76,60618;52,00000;20,00000;0,73053
543,32397;34,43333;       1,41695;76,60324;52,00000;20,00000;0,73048
543,43103;34,44000;       1,41578;76,60029;49,00000;20,00000;0,73042
543,53101;34,44667;       1,41430;76,59832;49,00000;20,00000;0,73036
543,62701;34,45333;       1,41291;76,59639;50,00000;20,00000;0,73031
543,72198;34,46000;       1,41147;76,59446;50,00000;20,00000;0,73025
543,82703;34,46667;       1,40994;76,59252;50,00000;20,00000;0,73020
543,92999;34,47333;       1,40856;76,59156;50,00000;20,00000;0,73014
544,02301;34,48000;       1,40728;76,59011;50,00000;20,00000;0,73008
544,12402;34,48667;       1,40605;76,58716;49,00000;20,00000;0,73003
544,21802;34,49333;       1,40492;76,58175;49,00000;20,00000;0,72997
544,32300;34,50000;       1,40395;76,57785;49,00000;20,00000;0,72991
544,41699;34,50667;       1,40271;76,57494;50,00000;20,00000;0,72986
544,51703;34,51333;       1,40169;76,57496;50,00000;20,00000;0,72980
544,61902;34,52000;       1,40067;76,57499;50,00000;20,00000;0,72975
544,71997;34,52667;       1,39965;76,57501;50,00000;20,00000;0,72969
544,81299;34,53333;       1,39851;76,57501;50,00000;20,00000;0,72964
544,91302;34,54000;       1,39734;76,57453;49,00000;20,00000;0,72958
545,01300;34,54667;       1,39631;76,57359;49,00000;20,00000;0,72952
545,11700;34,55333;       1,39524;76,57215;51,00000;20,00000;0,72946
545,20502;34,56000;       1,39410;76,57070;51,00000;20,00000;0,72942
545,31598;34,56667;       1,39371;76,56974;51,00000;20,00000;0,72935
545,40503;34,57333;       1,39344;76,56828;52,00000;20,00000;0,72930
545,50897;34,58000;       1,39232;76,56683;49,00000;20,00000;0,72924
545,60602;34,58667;       1,39119;76,56586;49,00000;20,00000;0,72919
545,71100;34,59333;       1,39022;76,56489;50,00000;20,00000;0,72913
545,80798;34,60000;       1,38929;76,56393;50,00000;20,00000;0,72907
545,90900;34,60667;       1,38837;76,56247;50,00000;20,00000;0,72902
546,01398;34,61333;       1,38813;76,56151;52,00000;20,00000;0,72896
546,10101;34,62000;       1,38760;76,56005;52,00000;20,00000;0,72891
546,20898;34,62667;       1,38705;76,55811;49,00000;20,00000;0,72885
546,30603;34,63333;       1,38617;76,55665;49,00000;20,00000;0,72879
546,40302;34,64000;       1,38520;76,55568;49,00000;20,00000;0,72874
546,50800;34,64667;       1,38459;76,55521;50,00000;20,00000;0,72868
546,60797;34,65333;       1,38387;76,55376;50,00000;20,00000;0,72862
546,70697;34,66000;       1,38300;76,55280;50,00000;20,00000;0,72856
546,79999;34,66667;       1,38238;76,55135;50,00000;20,00000;0,72851
546,90100;34,67333;       1,38218;76,55039;49,00000;20,00000;0,72845
546,99500;34,68000;       1,38207;76,54795;49,00000;20,00000;0,72840
547,10498;34,68667;       1,38126;76,54551;51,00000;20,00000;0,72834
547,19800;34,69333;       1,38049;76,54356;51,00000;20,00000;0,72828
547,29602;34,70000;       1,37992;76,54160;52,00000;20,00000;0,72823
547,39899;34,70667;       1,37926;76,53916;52,00000;20,00000;0,72817
547,50500;34,71333;       1,37875;76,53817;52,00000;20,00000;0,72811
547,60400;34,72000;       1,37824;76,53768;49,00000;20,00000;0,72805
547,70203;34,72667;       1,37768;76,53723;50,00000;20,00000;0,72800
547,80103;34,73333;       1,37717;76,53629;51,00000;20,00000;0,72794
547,89899;34,74000;       1,37665;76,53484;51,00000;20,00000;0,72788
547,99500;34,74667;       1,37619;76,53339;51,00000;20,00000;0,72783
548,09497;34,75333;       1,37562;76,53194;51,00000;20,00000;0,72777
548,18799;34,76000;       1,37516;76,53046;51,00000;20,00000;0,72772
548,29498;34,76667;       1,37476;76,52948;49,00000;20,00000;0,72766
548,39600;34,77333;       1,37430;76,52805;49,00000;20,00000;0,72760
548,49298;34,78000;       1,37383;76,52711;50,00000;20,00000;0,72755
548,58502;34,78667;       1,37342;76,52614;50,00000;20,00000;0,72749
548,69598;34,79333;       1,37292;76,52272;50,00000;20,00000;0,72743
548,79102;34,80000;       1,37245;76,51979;50,00000;20,00000;0,72738
548,89001;34,80667;       1,37240;76,51784;49,00000;20,00000;0,72732
548,98602;34,81333;       1,37183;76,51688;49,00000;20,00000;0,72727
549,09198;34,82000;       1,37123;76,51542;49,00000;20,00000;0,72720
549,18799;34,82667;       1,37050;76,51348;51,00000;20,00000;0,72715
549,29303;34,83333;       1,37020;76,51202;51,00000;20,00000;0,72709
549,38702;34,84000;       1,36974;76,51057;51,00000;20,00000;0,72704
549,48602;34,84667;       1,36922;76,50912;49,00000;20,00000;0,72698
549,58801;34,85333;       1,36876;76,50767;49,00000;20,00000;0,72692
549,68103;34,86000;       1,36824;76,50474;51,00000;20,00000;0,72687
549,77802;34,86667;       1,36778;76,50181;51,00000;20,00000;0,72681
549,88702;34,87333;       1,36733;76,49888;51,00000;20,00000;0,72675
549,97803;34,88000;       1,36675;76,49645;51,00000;20,00000;0,72670
550,08600;34,88667;       1,36672;76,49499;49,00000;20,00000;0,72664
550,17200;34,89333;       1,36655;76,49452;49,00000;20,00000;0,72659
550,27899;34,90000;       1,36584;76,49356;50,00000;20,00000;0,72653
550,38098;34,90667;       1,36548;76,49260;50,00000;20,00000;0,72647
550,47998;34,91333;       1,36492;76,49114;50,00000;20,00000;0,72641
550,57202;34,92000;       1,36434;76,48968;50,00000;20,00000;0,72636
550,67700;34,92667;       1,36373;76,48823;49,00000;20,00000;0,72630
550,78302;34,93333;       1,36323;76,48580;49,00000;20,00000;0,72624
550,87701;34,94000;       1,36281;76,48482;49,00000;20,00000;0,72618
550,97998;34,94667;       1,36240;76,48335;50,00000;20,00000;0,72613
551,06897;34,95333;       1,36198;76,48241;50,00000;20,00000;0,72607
551,16199;34,96000;       1,36136;76,48098;50,00000;20,00000;0,72602
551,27002;34,96667;       1,36075;76,48002;50,00000;20,00000;0,72596
551,36902;34,97333;       1,36018;76,47857;49,00000;20,00000;0,72590
551,46997;34,98000;       1,35962;76,47613;49,00000;20,00000;0,72585
551,56403;34,98667;       1,35905;76,47466;49,00000;20,00000;0,72579
551,66602;34,99333;       1,35838;76,47269;49,00000;20,00000;0,72573
551,77002;35,00000;       1,35803;76,47174;51,00000;20,00000;0,72567
551,85797;35,00667;       1,35791;76,47080;51,00000;20,00000;0,72562
551,96997;35,01333;       1,35752;76,46934;50,00000;20,00000;0,72556
552,07001;35,02000;       1,35690;76,46788;50,00000;20,00000;0,72550
552,16998;35,02667;       1,35638;76,46544;50,00000;20,00000;0,72544
552,27698;35,03333;       1,35598;76,46249;49,00000;20,00000;0,72538
552,36401;35,04000;       1,35545;76,46003;50,00000;20,00000;0,72533
552,46503;35,04667;       1,35504;76,45810;50,00000;20,00000;0,72527
552,56598;35,05333;       1,35443;76,45569;49,00000;20,00000;0,72522
552,66699;35,06000;       1,35386;76,45522;49,00000;20,00000;0,72516
552,76202;35,06667;       1,35324;76,45475;49,00000;20,00000;0,72510
552,86401;35,07333;       1,35267;76,45477;50,00000;20,00000;0,72505
552,95697;35,08000;       1,35220;76,45479;50,00000;20,00000;0,72499
553,06403;35,08667;       1,35170;76,45383;50,00000;20,00000;0,72493
553,16998;35,09333;       1,35124;76,45287;50,00000;20,00000;0,72487
553,26599;35,10000;       1,35062;76,45191;50,00000;20,00000;0,72481
553,36102;35,10667;       1,34994;76,45046;49,00000;20,00000;0,72476
553,45801;35,11333;       1,34922;76,44950;49,00000;20,00000;0,72470
553,55499;35,12000;       1,34901;76,44854;51,00000;20,00000;0,72465
553,65698;35,12667;       1,34839;76,44757;51,00000;20,00000;0,72459
553,76398;35,13333;       1,34789;76,44612;51,00000;20,00000;0,72453
553,85602;35,14000;       1,34731;76,44515;51,00000;20,00000;0,72448
553,95697;35,14667;       1,34664;76,44518;49,00000;20,00000;0,72442
554,06201;35,15333;       1,34608;76,44422;49,00000;20,00000;0,72436
554,15900;35,16000;       1,34551;76,44326;50,00000;20,00000;0,72430
554,25500;35,16667;       1,34489;76,44230;50,00000;20,00000;0,72425
554,35303;35,17333;       1,34432;76,44134;50,00000;20,00000;0,72419
554,45398;35,18000;       1,34380;76,44037;49,00000;20,00000;0,72413
554,55701;35,18667;       1,34319;76,43843;49,00000;20,00000;0,72407
554,65100;35,19333;       1,34267;76,43746;49,00000;20,00000;0,72402
554,75098;35,20000;       1,34205;76,43649;50,00000;20,00000;0,72396
554,85901;35,20667;       1,34154;76,43504;50,00000;20,00000;0,72390
554,97302;35,21333;       1,34093;76,43357;50,00000;20,00000;0,72383
555,04797;35,22000;       1,34024;76,43209;50,00000;20,00000;0,72379
555,15302;35,22667;       1,33978;76,43066;49,00000;20,00000;0,72373
555,25201;35,23333;       1,33931;76,42972;49,00000;20,00000;0,72367
555,35797;35,24000;       1,33870;76,42925;51,00000;20,00000;0,72361
555,44702;35,24667;       1,33802;76,42829;51,00000;20,00000;0,72356
555,55298;35,25333;       1,33735;76,42734;50,00000;20,00000;0,72350
555,64697;35,26000;       1,33683;76,42636;50,00000;20,00000;0,72344
555,74597;35,26667;       1,33631;76,42538;50,00000;20,00000;0,72339
555,84900;35,27333;       1,33569;76,42443;50,00000;20,00000;0,72333
555,94598;35,28000;       1,33517;76,42201;50,00000;20,00000;0,72327
556,04602;35,28667;       1,33466;76,42055;50,00000;20,00000;0,72321
556,15302;35,29333;       1,33415;76,41860;50,00000;20,00000;0,72315
556,25201;35,30000;       1,33358;76,41715;49,00000;20,00000;0,72309
556,35199;35,30667;       1,33296;76,41518;49,00000;20,00000;0,72304
556,44598;35,31333;       1,33238;76,41371;49,00000;20,00000;0,72298
556,55298;35,32000;       1,33166;76,41277;50,00000;20,00000;0,72292
556,64203;35,32667;       1,33093;76,41233;50,00000;20,00000;0,72287
556,75098;35,33333;       1,33037;76,41186;49,00000;20,00000;0,72281
556,83698;35,34000;       1,32968;76,41140;49,00000;20,00000;0,72276
556,94702;35,34667;       1,32907;76,41044;49,00000;20,00000;0,72269
557,04498;35,35333;       1,32876;76,40948;49,00000;20,00000;0,72264
557,13397;35,36000;       1,32859;76,40852;51,00000;20,00000;0,72258
557,24200;35,36667;       1,32808;76,40756;51,00000;20,00000;0,72252
557,33801;35,37333;       1,32751;76,40659;49,00000;20,00000;0,72247
557,44397;35,38000;       1,32695;76,40563;49,00000;20,00000;0,72241
557,54602;35,38667;       1,32622;76,40418;50,00000;20,00000;0,72235
557,64203;35,39333;       1,32622;76,40322;50,00000;20,00000;0,72229
557,73297;35,40000;       1,32523;76,40276;50,00000;20,00000;0,72224
557,83698;35,40667;       1,32471;76,40229;50,00000;20,00000;0,72218
557,93402;35,41333;       1,32419;76,40182;50,00000;20,00000;0,72212
558,03802;35,42000;       1,32347;76,40135;49,00000;20,00000;0,72206
558,13800;35,42667;       1,32301;76,40039;49,00000;20,00000;0,72200
558,24500;35,43333;       1,32260;76,39992;50,00000;20,00000;0,72194
558,32898;35,44000;       1,32222;76,39893;50,00000;20,00000;0,72189
558,44598;35,44667;       1,32162;76,39844;50,00000;20,00000;0,72182
558,53003;35,45333;       1,32113;76,39750;50,00000;20,00000;0,72178
558,63202;35,46000;       1,32062;76,39656;49,00000;20,00000;0,72172
558,73700;35,46667;       1,32005;76,39511;49,00000;20,00000;0,72166
558,83301;35,47333;       1,31953;76,39464;51,00000;20,00000;0,72160
558,94501;35,48000;       1,31918;76,39369;52,00000;20,00000;0,72154
559,03302;35,48667;       1,31865;76,39271;52,00000;20,00000;0,72148
559,12402;35,49333;       1,31812;76,39222;52,00000;20,00000;0,72143
559,23297;35,50000;       1,31756;76,39127;49,00000;20,00000;0,72137
559,32599;35,50667;       1,31698;76,39033;49,00000;20,00000;0,72131
559,44501;35,51333;       1,31685;76,38986;50,00000;20,00000;0,72125
559,53998;35,52000;       1,31684;76,38890;50,00000;20,00000;0,72119
559,63202;35,52667;       1,31574;76,38843;50,00000;20,00000;0,72114
559,73102;35,53333;       1,31517;76,38745;49,00000;20,00000;0,72108
559,83002;35,54000;       1,31465;76,38647;49,00000;20,00000;0,72102
559,93201;35,54667;       1,31450;76,38602;49,00000;20,00000;0,72096
560,03302;35,55333;       1,31414;76,38558;50,00000;20,00000;0,72090
560,13501;35,56000;       1,31362;76,38511;50,00000;20,00000;0,72084
560,22803;35,56667;       1,31325;76,38514;50,00000;20,00000;0,72079
560,33197;35,57333;       1,31284;76,38468;50,00000;20,00000;0,72073
560,42401;35,58000;       1,31226;76,38470;49,00000;20,00000;0,72068
560,52399;35,58667;       1,31169;76,38423;49,00000;20,00000;0,72062
560,62598;35,59333;       1,31122;76,38376;51,00000;20,00000;0,72056
560,72400;35,60000;       1,31117;76,38329;51,00000;20,00000;0,72050
560,83301;35,60667;       1,31102;76,38282;52,00000;20,00000;0,72044
560,92902;35,61333;       1,31024;76,38284;52,00000;20,00000;0,72038
561,02899;35,62000;       1,30982;76,38236;49,00000;20,00000;0,72032
561,12500;35,62667;       1,30930;76,38189;49,00000;20,00000;0,72027
561,22400;35,63333;       1,30888;76,38092;49,00000;20,00000;0,72021
561,33801;35,64000;       1,30853;76,38045;50,00000;20,00000;0,72014
561,43402;35,64667;       1,30817;76,37997;50,00000;20,00000;0,72009
561,53601;35,65333;       1,30770;76,37901;50,00000;20,00000;0,72003
561,63501;35,66000;       1,30723;76,37855;50,00000;20,00000;0,71997
561,72998;35,66667;       1,30676;76,37808;50,00000;20,00000;0,71992
561,82800;35,67333;       1,30624;76,37762;50,00000;20,00000;0,71986
561,93201;35,68000;       1,30582;76,37715;50,00000;20,00000;0,71980
562,02802;35,68667;       1,30535;76,37620;50,00000;20,00000;0,71974
562,12598;35,69333;       1,30519;76,37573;50,00000;20,00000;0,71968
562,22198;35,70000;       1,30483;76,37477;50,00000;20,00000;0,71963
562,33398;35,70667;       1,30437;76,37430;49,00000;20,00000;0,71956
562,42499;35,71333;       1,30374;76,37332;50,00000;20,00000;0,71951
562,52698;35,72000;       1,30348;76,37282;50,00000;20,00000;0,71945
562,62500;35,72667;       1,30332;76,37188;51,00000;20,00000;0,71939
562,72803;35,73333;       1,30322;76,37094;51,00000;20,00000;0,71933
562,83398;35,74000;       1,30302;76,36998;51,00000;20,00000;0,71927
562,93201;35,74667;       1,30276;76,36951;49,00000;20,00000;0,71921
563,02802;35,75333;       1,30208;76,36855;49,00000;20,00000;0,71916
563,12799;35,76000;       1,30177;76,36757;50,00000;20,00000;0,71910
563,22400;35,76667;       1,30155;76,36659;50,00000;20,00000;0,71904
563,32898;35,77333;       1,30130;76,36516;51,00000;20,00000;0,71898
563,42798;35,78000;       1,30083;76,36373;51,00000;20,00000;0,71892
563,52100;35,78667;       1,30040;76,36228;51,00000;20,00000;0,71887
563,62799;35,79333;       1,30005;76,36132;49,00000;20,00000;0,71881
563,71698;35,80000;       1,29972;76,35987;49,00000;20,00000;0,71876
563,82001;35,80667;       1,29926;76,35839;50,00000;20,00000;0,71870
563,92798;35,81333;       1,29906;76,35692;50,00000;20,00000;0,71863
564,03101;35,82000;       1,29891;76,35598;50,00000;20,00000;0,71857
564,12598;35,82667;       1,29880;76,35553;50,00000;20,00000;0,71852
564,21399;35,83333;       1,29837;76,35506;49,00000;20,00000;0,71847
564,32703;35,84000;       1,29802;76,35460;49,00000;20,00000;0,71840
564,42102;35,84667;       1,29775;76,35413;49,00000;20,00000;0,71834
564,52698;35,85333;       1,29729;76,35416;51,00000;20,00000;0,71828
564,62402;35,86000;       1,29687;76,35369;51,00000;20,00000;0,71823
564,71997;35,86667;       1,29666;76,35371;52,00000;20,00000;0,71817
564,82098;35,87333;       1,29634;76,35373;52,00000;20,00000;0,71811
564,92200;35,88000;       1,29619;76,35326;49,00000;20,00000;0,71805
565,02100;35,88667;       1,29598;76,35329;49,00000;20,00000;0,71799
565,12701;35,89333;       1,29578;76,35282;49,00000;20,00000;0,71793
565,22498;35,90000;       1,29541;76,35235;49,00000;20,00000;0,71787
565,32098;35,90667;       1,29499;76,35237;51,00000;20,00000;0,71782
565,42102;35,91333;       1,29462;76,35190;51,00000;20,00000;0,71776
565,53302;35,92000;       1,29485;76,35144;50,00000;20,00000;0,71769
565,62299;35,92667;       1,29494;76,35097;51,00000;20,00000;0,71764
565,70898;35,93333;       1,29482;76,35050;49,00000;20,00000;0,71759
565,82703;35,94000;       1,29474;76,35004;49,00000;20,00000;0,71752
565,91901;35,94667;       1,29447;76,34957;50,00000;20,00000;0,71747
566,02301;35,95333;       1,29416;76,34861;50,00000;20,00000;0,71740
566,12402;35,96000;       1,29354;76,34814;50,00000;20,00000;0,71735
566,22101;35,96667;       1,29312;76,34768;50,00000;20,00000;0,71729
566,32202;35,97333;       1,29270;76,34721;49,00000;20,00000;0,71723
566,41803;35,98000;       1,29233;76,34625;49,00000;20,00000;0,71717
566,51703;35,98667;       1,29191;76,34576;51,00000;20,00000;0,71711
566,62701;35,99333;       1,29187;76,34478;51,00000;20,00000;0,71705
566,71503;36,00000;       1,29196;76,34434;50,00000;20,00000;0,71700
566,82300;36,00667;       1,29176;76,34340;50,00000;20,00000;0,71694
566,91199;36,01333;       1,29165;76,34293;49,00000;20,00000;0,71688
567,01501;36,02000;       1,29149;76,34197;49,00000;20,00000;0,71682
567,11902;36,02667;       1,29098;76,34151;51,00000;20,00000;0,71676
567,22198;36,03333;       1,29072;76,34053;50,00000;20,00000;0,71670
567,31702;36,04000;       1,29040;76,34004;52,00000;20,00000;0,71664
567,41998;36,04667;       1,28988;76,33959;52,00000;20,00000;0,71658
567,52197;36,05333;       1,28946;76,33865;49,00000;20,00000;0,71652
567,61200;36,06000;       1,28924;76,33819;49,00000;20,00000;0,71647
567,71503;36,06667;       1,28920;76,33773;50,00000;20,00000;0,71641
567,82098;36,07333;       1,28926;76,33677;50,00000;20,00000;0,71635
567,90900;36,08000;       1,28919;76,33631;50,00000;20,00000;0,71630
568,01599;36,08667;       1,28920;76,33536;50,00000;20,00000;0,71623
568,10797;36,09333;       1,28830;76,33490;50,00000;20,00000;0,71618
568,20801;36,10000;       1,28830;76,33394;49,00000;20,00000;0,71612
568,31201;36,10667;       1,28815;76,33348;49,00000;20,00000;0,71606
568,40601;36,11333;       1,28799;76,33301;49,00000;20,00000;0,71600
568,50800;36,12000;       1,28789;76,33106;50,00000;20,00000;0,71594
568,60901;36,12667;       1,28763;76,33011;50,00000;20,00000;0,71588
568,71399;36,13333;       1,28727;76,32915;50,00000;20,00000;0,71582
568,80402;36,14000;       1,28699;76,32820;50,00000;20,00000;0,71577
568,90900;36,14667;       1,28679;76,32724;49,00000;20,00000;0,71571
568,99902;36,15333;       1,28657;76,32629;49,00000;20,00000;0,71565
569,10303;36,16000;       1,28631;76,32533;51,00000;20,00000;0,71559
569,20300;36,16667;       1,28600;76,32486;51,00000;20,00000;0,71553
569,30603;36,17333;       1,28590;76,32439;52,00000;20,00000;0,71547
569,40302;36,18000;       1,28611;76,32343;52,00000;20,00000;0,71542
569,51099;36,18667;       1,28606;76,32296;49,00000;20,00000;0,71535
569,60602;36,19333;       1,28601;76,32249;49,00000;20,00000;0,71530
569,70398;36,20000;       1,28574;76,32202;49,00000;20,00000;0,71524
569,81000;36,20667;       1,28565;76,32106;50,00000;20,00000;0,71518
569,90399;36,21333;       1,28569;76,32057;50,00000;20,00000;0,71512
570,00897;36,22000;       1,28565;76,32008;50,00000;20,00000;0,71506
570,10901;36,22667;       1,28544;76,31963;50,00000;20,00000;0,71500
570,20697;36,23333;       1,28528;76,31919;49,00000;20,00000;0,71494
570,30902;36,24000;       1,28513;76,31872;50,00000;20,00000;0,71488
570,40198;36,24667;       1,28507;76,31875;50,00000;20,00000;0,71483
570,50403;36,25333;       1,28470;76,31828;50,00000;20,00000;0,71477
570,60303;36,26000;       1,28460;76,31779;50,00000;20,00000;0,71471
570,71198;36,26667;       1,28456;76,31730;50,00000;20,00000;0,71464
570,80902;36,27333;       1,28434;76,31685;50,00000;20,00000;0,71459
570,90900;36,28000;       1,28429;76,31640;49,00000;20,00000;0,71453
571,01202;36,28667;       1,28435;76,31594;49,00000;20,00000;0,71447
571,10901;36,29333;       1,28398;76,31498;51,00000;20,00000;0,71441
571,20898;36,30000;       1,28372;76,31452;51,00000;20,00000;0,71435
571,30103;36,30667;       1,28329;76,31355;51,00000;20,00000;0,71429
571,40503;36,31333;       1,28335;76,31306;51,00000;20,00000;0,71423
571,50201;36,32000;       1,28340;76,31213;52,00000;20,00000;0,71418
571,59998;36,32667;       1,28350;76,31119;49,00000;20,00000;0,71412
571,70697;36,33333;       1,28351;76,30924;49,00000;20,00000;0,71405
571,81097;36,34000;       1,28336;76,30779;50,00000;20,00000;0,71399
571,90399;36,34667;       1,28314;76,30633;50,00000;20,00000;0,71394
572,00098;36,35333;       1,28282;76,30439;52,00000;20,00000;0,71388
572,10602;36,36000;       1,28257;76,30293;52,00000;20,00000;0,71382
572,21100;36,36667;       1,28263;76,30148;49,00000;20,00000;0,71376
572,31097;36,37333;       1,28268;76,30003;49,00000;20,00000;0,71370
572,40900;36,38000;       1,28263;76,29956;50,00000;20,00000;0,71364
572,50598;36,38667;       1,28252;76,29861;50,00000;20,00000;0,71358
572,60999;36,39333;       1,28200;76,29815;50,00000;20,00000;0,71352
572,70697;36,40000;       1,28200;76,29769;49,00000;20,00000;0,71346
572,79797;36,40667;       1,28225;76,29722;49,00000;20,00000;0,71341
572,90302;36,41333;       1,28237;76,29725;49,00000;20,00000;0,71335
573,00098;36,42000;       1,28226;76,29679;50,00000;20,00000;0,71329
573,10199;36,42667;       1,28216;76,29682;50,00000;20,00000;0,71323
573,20898;36,43333;       1,28206;76,29684;51,00000;20,00000;0,71316
573,29602;36,44000;       1,28199;76,29637;51,00000;20,00000;0,71311
573,40198;36,44667;       1,28195;76,29591;51,00000;20,00000;0,71305
573,50299;36,45333;       1,28179;76,29594;49,00000;20,00000;0,71299
573,60699;36,46000;       1,28164;76,29547;49,00000;20,00000;0,71293
573,70300;36,46667;       1,28153;76,29501;49,00000;20,00000;0,71287
573,79700;36,47333;       1,28127;76,29454;51,00000;20,00000;0,71281
573,89899;36,48000;       1,28106;76,29408;51,00000;20,00000;0,71275
573,99902;36,48667;       1,28090;76,29359;51,00000;20,00000;0,71269
574,10498;36,49333;       1,28070;76,29310;51,00000;20,00000;0,71263
574,20502;36,50000;       1,28065;76,29217;49,00000;20,00000;0,71257
574,29901;36,50667;       1,28054;76,29172;49,00000;20,00000;0,71252
574,40100;36,51333;       1,28054;76,29077;50,00000;20,00000;0,71246
574,50098;36,52000;       1,28065;76,28932;50,00000;20,00000;0,71240
574,59802;36,52667;       1,28059;76,28885;49,00000;20,00000;0,71234
574,70099;36,53333;       1,28049;76,28788;50,00000;20,00000;0,71228
574,79797;36,54000;       1,28054;76,28690;49,00000;20,00000;0,71222
574,89697;36,54667;       1,28054;76,28596;49,00000;20,00000;0,71216
575,00299;36,55333;       1,28055;76,28502;51,00000;20,00000;0,71210
575,09698;36,56000;       1,28049;76,28407;51,00000;20,00000;0,71204
575,20398;36,56667;       1,28040;76,28311;52,00000;20,00000;0,71198
575,29797;36,57333;       1,28039;76,28264;52,00000;20,00000;0,71192
575,39801;36,58000;       1,28034;76,28167;49,00000;20,00000;0,71186
575,49701;36,58667;       1,28029;76,28069;49,00000;20,00000;0,71180
575,59698;36,59333;       1,28024;76,27976;50,00000;20,00000;0,71174
575,70001;36,60000;       1,28030;76,27931;50,00000;20,00000;0,71168
575,79498;36,60667;       1,28029;76,27835;52,00000;20,00000;0,71163
575,89502;36,61333;       1,28024;76,27789;52,00000;20,00000;0,71157
576,00598;36,62000;       1,28015;76,27694;49,00000;20,00000;0,71150
576,09198;36,62667;       1,28008;76,27648;49,00000;20,00000;0,71145
576,19598;36,63333;       1,27998;76,27553;49,00000;20,00000;0,71139
576,29303;36,64000;       1,27993;76,27507;50,00000;20,00000;0,71133
576,39502;36,64667;       1,27977;76,27313;50,00000;20,00000;0,71127
576,48499;36,65333;       1,27961;76,27267;50,00000;20,00000;0,71121
576,58698;36,66000;       1,27956;76,27171;50,00000;20,00000;0,71115
576,69098;36,66667;       1,27972;76,27075;49,00000;20,00000;0,71109
576,79401;36,67333;       1,27978;76,26978;49,00000;20,00000;0,71103
576,89502;36,68000;       1,27984;76,26882;50,00000;20,00000;0,71097
576,99597;36,68667;       1,27994;76,26786;51,00000;20,00000;0,71091
577,09399;36,69333;       1,28000;76,26690;50,00000;20,00000;0,71085
577,19702;36,70000;       1,28000;76,26594;50,00000;20,00000;0,71079
577,29700;36,70667;       1,28000;76,26548;50,00000;20,00000;0,71073
577,39398;36,71333;       1,27979;76,26451;49,00000;20,00000;0,71067
577,49597;36,72000;       1,27980;76,26353;49,00000;20,00000;0,71061
577,58801;36,72667;       1,27963;76,26309;51,00000;20,00000;0,71056
577,68903;36,73333;       1,27953;76,26215;51,00000;20,00000;0,71050
577,79498;36,74000;       1,27954;76,26169;51,00000;20,00000;0,71043
577,89502;36,74667;       1,27964;76,26123;51,00000;20,00000;0,71037
577,99298;36,75333;       1,27985;76,26028;49,00000;20,00000;0,71031
578,09003;36,76000;       1,27980;76,25980;49,00000;20,00000;0,71026
578,18500;36,76667;       1,27969;76,25883;49,00000;20,00000;0,71020
578,28900;36,77333;       1,27980;76,25839;50,00000;20,00000;0,71014
578,38501;36,78000;       1,27980;76,25794;50,00000;20,00000;0,71008
578,48102;36,78667;       1,27980;76,25698;49,00000;20,00000;0,71002
578,59198;36,79333;       1,27987;76,25651;49,00000;20,00000;0,70996
578,68799;36,80000;       1,27986;76,25605;49,00000;20,00000;0,70990
578,79199;36,80667;       1,27992;76,25556;49,00000;20,00000;0,70984
578,88898;36,81333;       1,27971;76,25458;50,00000;20,00000;0,70978
578,98700;36,82000;       1,27960;76,25413;50,00000;20,00000;0,70972
579,09100;36,82667;       1,27988;76,25320;50,00000;20,00000;0,70966
579,19000;36,83333;       1,27998;76,25224;50,00000;20,00000;0,70960
579,28400;36,84000;       1,27998;76,25177;49,00000;20,00000;0,70954
579,39801;36,84667;       1,27994;76,25082;51,00000;20,00000;0,70947
579,48999;36,85333;       1,27999;76,24986;51,00000;20,00000;0,70942
579,59198;36,86000;       1,27994;76,24940;52,00000;20,00000;0,70936
579,68500;36,86667;       1,27994;76,24845;52,00000;20,00000;0,70930
579,78802;36,87333;       1,28005;76,24799;52,00000;20,00000;0,70924
579,88800;36,88000;       1,27984;76,24654;49,00000;20,00000;0,70918
579,98102;36,88667;       1,27994;76,24558;49,00000;20,00000;0,70912
580,08899;36,89333;       1,27990;76,24462;50,00000;20,00000;0,70906
580,18402;36,90000;       1,27979;76,24317;50,00000;20,00000;0,70900
580,29199;36,90667;       1,27985;76,24221;50,00000;20,00000;0,70894
580,38898;36,91333;       1,27990;76,24076;50,00000;20,00000;0,70888
580,49701;36,92000;       1,27997;76,23981;49,00000;20,00000;0,70881
580,58002;36,92667;       1,27984;76,23836;49,00000;20,00000;0,70876
580,69397;36,93333;       1,27981;76,23741;50,00000;20,00000;0,70870
580,78101;36,94000;       1,27974;76,23696;50,00000;20,00000;0,70864
580,89001;36,94667;       1,27965;76,23650;50,00000;20,00000;0,70858
580,97803;36,95333;       1,27964;76,23603;50,00000;20,00000;0,70853
581,07898;36,96000;       1,27975;76,23557;49,00000;20,00000;0,70846
581,18402;36,96667;       1,27981;76,23560;49,00000;20,00000;0,70840
581,28601;36,97333;       1,28003;76,23513;50,00000;20,00000;0,70834
581,38599;36,98000;       1,27977;76,23417;50,00000;20,00000;0,70828
581,48401;36,98667;       1,27961;76,23368;51,00000;20,00000;0,70822
581,58099;36,99333;       1,27987;76,23319;51,00000;20,00000;0,70816
581,68799;37,00000;       1,27972;76,23275;50,00000;20,00000;0,70810
581,79602;37,00667;       1,27963;76,23231;50,00000;20,00000;0,70803
581,88300;37,01333;       1,27967;76,23135;49,00000;20,00000;0,70798
581,98901;37,02000;       1,27978;76,23089;50,00000;20,00000;0,70792
582,08801;37,02667;       1,27984;76,23043;50,00000;20,00000;0,70786
582,18103;37,03333;       1,27973;76,22945;50,00000;20,00000;0,70780
582,28003;37,04000;       1,27978;76,22797;49,00000;20,00000;0,70774
582,38702;37,04667;       1,27985;76,22704;52,00000;20,00000;0,70768
582,49298;37,05333;       1,27980;76,22610;49,00000;20,00000;0,70761
582,59601;37,06000;       1,27975;76,22514;49,00000;20,00000;0,70755
582,68903;37,06667;       1,27980;76,22419;50,00000;20,00000;0,70750
582,78101;37,07333;       1,27996;76,22323;50,00000;20,00000;0,70744
582,89099;37,08000;       1,27976;76,22226;50,00000;20,00000;0,70737
582,98901;37,08667;       1,27976;76,22080;49,00000;20,00000;0,70732
583,09100;37,09333;       1,27992;76,21986;50,00000;20,00000;0,70725
583,17798;37,10000;       1,27991;76,21893;49,00000;20,00000;0,70720
583,28699;37,10667;       1,27982;76,21798;51,00000;20,00000;0,70714
583,38599;37,11333;       1,27966;76,21703;51,00000;20,00000;0,70708
583,48798;37,12000;       1,27961;76,21607;50,00000;20,00000;0,70702
583,58099;37,12667;       1,27955;76,21512;50,00000;20,00000;0,70696
583,68103;37,13333;       1,27940;76,21416;50,00000;20,00000;0,70690
583,78601;37,14000;       1,27941;76,21321;49,00000;20,00000;0,70684
583,87799;37,14667;       1,27940;76,21226;50,00000;20,00000;0,70678
583,98700;37,15333;       1,27941;76,21130;49,00000;20,00000;0,70671
584,08002;37,16000;       1,27946;76,21035;49,00000;20,00000;0,70666
584,18402;37,16667;       1,27942;76,20988;52,00000;20,00000;0,70660
584,27600;37,17333;       1,27952;76,20892;49,00000;20,00000;0,70654
584,38898;37,18000;       1,27959;76,20797;49,00000;20,00000;0,70647
584,47998;37,18667;       1,27969;76,20750;50,00000;20,00000;0,70642
584,58502;37,19333;       1,27969;76,20606;50,00000;20,00000;0,70635
584,68402;37,20000;       1,27964;76,20510;50,00000;20,00000;0,70629
584,78101;37,20667;       1,27964;76,20415;50,00000;20,00000;0,70623
584,88599;37,21333;       1,27965;76,20319;49,00000;20,00000;0,70617
584,97998;37,22000;       1,27959;76,20223;49,00000;20,00000;0,70611
585,08002;37,22667;       1,27970;76,20029;49,00000;20,00000;0,70605
585,18500;37,23333;       1,27971;76,19834;51,00000;20,00000;0,70599
585,28998;37,24000;       1,27972;76,19690;51,00000;20,00000;0,70593
585,39001;37,24667;       1,27962;76,19496;50,00000;20,00000;0,70587
585,48297;37,25333;       1,27935;76,19351;50,00000;20,00000;0,70581
585,58801;37,26000;       1,27936;76,19155;50,00000;20,00000;0,70575
585,68201;37,26667;       1,27935;76,19058;50,00000;20,00000;0,70569
585,78198;37,27333;       1,27941;76,18965;50,00000;20,00000;0,70563
585,88599;37,28000;       1,27958;76,18921;51,00000;20,00000;0,70557
585,98199;37,28667;       1,27952;76,18875;51,00000;20,00000;0,70551
586,08002;37,29333;       1,27904;76,18829;51,00000;20,00000;0,70545
586,17999;37,30000;       1,27899;76,18782;49,00000;20,00000;0,70539
586,27802;37,30667;       1,27910;76,18733;50,00000;20,00000;0,70533
586,38702;37,31333;       1,27917;76,18685;50,00000;20,00000;0,70526
586,49200;37,32000;       1,27934;76,18641;49,00000;20,00000;0,70520
586,58002;37,32667;       1,27938;76,18597;49,00000;20,00000;0,70515
586,68597;37,33333;       1,27928;76,18502;49,00000;20,00000;0,70508
586,78003;37,34000;       1,27923;76,18456;49,00000;20,00000;0,70503
586,88098;37,34667;       1,27918;76,18360;49,00000;20,00000;0,70496
586,97699;37,35333;       1,27902;76,18314;51,00000;20,00000;0,70491
587,08301;37,36000;       1,27892;76,18218;51,00000;20,00000;0,70484
587,18298;37,36667;       1,27887;76,18172;49,00000;20,00000;0,70478
587,28198;37,37333;       1,27882;76,18076;49,00000;20,00000;0,70472
587,38098;37,38000;       1,27893;76,17932;50,00000;20,00000;0,70466
587,48901;37,38667;       1,27889;76,17837;50,00000;20,00000;0,70460
587,57800;37,39333;       1,27893;76,17742;51,00000;20,00000;0,70454
587,68298;37,40000;       1,27883;76,17647;51,00000;20,00000;0,70448
587,76898;37,40667;       1,27882;76,17453;50,00000;20,00000;0,70443
587,88501;37,41333;       1,27890;76,17259;50,00000;20,00000;0,70436
587,97498;37,42000;       1,27884;76,17164;49,00000;20,00000;0,70430
588,08502;37,42667;       1,27869;76,17020;49,00000;20,00000;0,70423
588,17798;37,43333;       1,27879;76,16875;50,00000;20,00000;0,70418
588,27301;37,44000;       1,27874;76,16731;50,00000;20,00000;0,70412
588,38300;37,44667;       1,27875;76,16636;49,00000;20,00000;0,70405
588,47198;37,45333;       1,27874;76,16491;49,00000;20,00000;0,70400
588,57397;37,46000;       1,27870;76,16396;49,00000;20,00000;0,70394
588,67700;37,46667;       1,27844;76,16300;49,00000;20,00000;0,70388
588,77399;37,47333;       1,27838;76,16155;51,00000;20,00000;0,70382
588,87402;37,48000;       1,27844;76,16059;51,00000;20,00000;0,70376
588,97900;37,48667;       1,27840;76,15961;49,00000;20,00000;0,70369
589,08197;37,49333;       1,27851;76,15863;49,00000;20,00000;0,70363
589,17902;37,50000;       1,27851;76,15770;50,00000;20,00000;0,70357
589,28101;37,50667;       1,27857;76,15677;50,00000;20,00000;0,70351
589,38397;37,51333;       1,27868;76,15582;51,00000;20,00000;0,70345
589,47498;37,52000;       1,27868;76,15487;51,00000;20,00000;0,70339
589,57098;37,52667;       1,27857;76,15293;51,00000;20,00000;0,70333
589,67200;37,53333;       1,27847;76,15048;50,00000;20,00000;0,70327
589,77802;37,54000;       1,27848;76,14853;50,00000;20,00000;0,70321
589,88000;37,54667;       1,27854;76,14661;50,00000;20,00000;0,70314
589,97302;37,55333;       1,27843;76,14469;50,00000;20,00000;0,70309
590,07898;37,56000;       1,27860;76,14275;50,00000;20,00000;0,70302
590,16901;37,56667;       1,27859;76,14229;50,00000;20,00000;0,70297
590,28003;37,57333;       1,27866;76,14134;49,00000;20,00000;0,70290
590,38098;37,58000;       1,27867;76,14036;49,00000;20,00000;0,70284
590,46600;37,58667;       1,27855;76,13939;50,00000;20,00000;0,70279
590,58398;37,59333;       1,27846;76,13797;50,00000;20,00000;0,70272
590,68103;37,60000;       1,27852;76,13703;52,00000;20,00000;0,70266
590,77399;37,60667;       1,27846;76,13559;49,00000;20,00000;0,70260
590,87201;37,61333;       1,27841;76,13463;49,00000;20,00000;0,70254
590,96899;37,62000;       1,27825;76,13319;49,00000;20,00000;0,70248
591,08301;37,62667;       1,27821;76,13224;49,00000;20,00000;0,70241
591,17297;37,63333;       1,27831;76,13128;51,00000;20,00000;0,70236
591,27100;37,64000;       1,27832;76,13032;51,00000;20,00000;0,70230
591,37299;37,64667;       1,27827;76,12937;51,00000;20,00000;0,70224
591,47998;37,65333;       1,27828;76,12841;51,00000;20,00000;0,70217
591,58197;37,66000;       1,27834;76,12697;49,00000;20,00000;0,70211
591,67798;37,66667;       1,27829;76,12454;49,00000;20,00000;0,70205
591,77802;37,67333;       1,27792;76,12309;50,00000;20,00000;0,70199
591,87299;37,68000;       1,27781;76,12214;50,00000;20,00000;0,70193
591,97400;37,68667;       1,27787;76,12069;50,00000;20,00000;0,70187
592,06897;37,69333;       1,27797;76,11875;49,00000;20,00000;0,70181
592,18201;37,70000;       1,27794;76,11731;49,00000;20,00000;0,70174
592,28003;37,70667;       1,27805;76,11586;50,00000;20,00000;0,70168
592,38000;37,71333;       1,27810;76,11491;50,00000;20,00000;0,70162
592,47601;37,72000;       1,27805;76,11347;51,00000;20,00000;0,70156
592,57599;37,72667;       1,27805;76,11252;51,00000;20,00000;0,70150
592,67102;37,73333;       1,27805;76,11108;49,00000;20,00000;0,70144
592,77502;37,74000;       1,27790;76,10915;49,00000;20,00000;0,70138
592,86798;37,74667;       1,27763;76,10622;49,00000;20,00000;0,70132
592,97198;37,75333;       1,27753;76,10380;51,00000;20,00000;0,70126
593,07599;37,76000;       1,27754;76,10184;51,00000;20,00000;0,70120
593,17200;37,76667;       1,27743;76,09939;51,00000;20,00000;0,70114
593,26801;37,77333;       1,27732;76,09845;51,00000;20,00000;0,70108
593,37299;37,78000;       1,27733;76,09801;51,00000;20,00000;0,70101
593,46802;37,78667;       1,27755;76,09705;49,00000;20,00000;0,70096
593,57800;37,79333;       1,27756;76,09609;49,00000;20,00000;0,70089
593,67798;37,80000;       1,27757;76,09464;50,00000;20,00000;0,70083
593,78198;37,80667;       1,27758;76,09317;50,00000;20,00000;0,70076
593,88000;37,81333;       1,27736;76,09220;49,00000;20,00000;0,70070
593,97699;37,82000;       1,27742;76,09077;49,00000;20,00000;0,70064
594,08002;37,82667;       1,27732;76,08935;50,00000;20,00000;0,70058
594,16998;37,83333;       1,27678;76,08742;50,00000;20,00000;0,70053
594,27698;37,84000;       1,27663;76,08598;51,00000;20,00000;0,70046
594,36902;37,84667;       1,27651;76,08454;51,00000;20,00000;0,70040
594,48102;37,85333;       1,27669;76,08260;49,00000;20,00000;0,70034
594,56299;37,86000;       1,27662;76,08017;49,00000;20,00000;0,70029
594,67401;37,86667;       1,27664;76,07872;49,00000;20,00000;0,70022
594,77802;37,87333;       1,27676;76,07678;49,00000;20,00000;0,70015
594,86902;37,88000;       1,27670;76,07484;51,00000;20,00000;0,70010
594,98102;37,88667;       1,27661;76,07290;51,00000;20,00000;0,70003
595,07300;37,89333;       1,27655;76,07146;49,00000;20,00000;0,69997
595,18298;37,90000;       1,27640;76,06804;51,00000;20,00000;0,69991
595,27301;37,90667;       1,27634;76,06512;49,00000;20,00000;0,69985
595,37500;37,91333;       1,27614;76,06220;49,00000;20,00000;0,69979
595,48499;37,92000;       1,27604;76,05978;50,00000;20,00000;0,69972
595,57501;37,92667;       1,27604;76,05882;50,00000;20,00000;0,69967
595,67102;37,93333;       1,27593;76,05837;49,00000;20,00000;0,69961
595,77100;37,94000;       1,27583;76,05791;49,00000;20,00000;0,69955
595,87598;37,94667;       1,27573;76,05795;50,00000;20,00000;0,69948
595,97198;37,95333;       1,27573;76,05700;50,00000;20,00000;0,69942
596,07703;37,96000;       1,27569;76,05605;51,00000;20,00000;0,69936
596,16699;37,96667;       1,27563;76,05461;52,00000;20,00000;0,69930
596,26801;37,97333;       1,27536;76,05366;49,00000;20,00000;0,69924
596,37000;37,98000;       1,27516;76,05222;49,00000;20,00000;0,69918
596,46997;37,98667;       1,27511;76,05125;49,00000;20,00000;0,69912
596,56500;37,99333;       1,27521;76,04880;49,00000;20,00000;0,69906
596,66699;38,00000;       1,27522;76,04688;51,00000;20,00000;0,69900
596,76898;38,00667;       1,27533;76,04545;51,00000;20,00000;0,69893
596,87903;38,01333;       1,27503;76,04400;51,00000;20,00000;0,69887
596,96899;38,02000;       1,27524;76,04108;50,00000;20,00000;0,69881
597,07202;38,02667;       1,27530;76,03963;50,00000;20,00000;0,69875
597,17499;38,03333;       1,27488;76,03816;50,00000;20,00000;0,69868
597,27399;38,04000;       1,27456;76,03670;50,00000;20,00000;0,69862
597,37402;38,04667;       1,27462;76,03527;50,00000;20,00000;0,69856
597,47900;38,05333;       1,27420;76,03385;50,00000;20,00000;0,69850
597,57001;38,06000;       1,27408;76,03191;49,00000;20,00000;0,69844
597,67102;38,06667;       1,27420;76,03047;49,00000;20,00000;0,69838
597,77802;38,07333;       1,27415;76,02854;49,00000;20,00000;0,69831
597,86798;38,08000;       1,27399;76,02757;51,00000;20,00000;0,69826
597,96997;38,08667;       1,27405;76,02610;50,00000;20,00000;0,69819
598,07501;38,09333;       1,27373;76,02517;50,00000;20,00000;0,69813
598,17401;38,10000;       1,27347;76,02375;50,00000;20,00000;0,69807
598,27002;38,10667;       1,27336;76,02231;49,00000;20,00000;0,69801
598,36798;38,11333;       1,27331;76,02184;49,00000;20,00000;0,69795
598,46997;38,12000;       1,27332;76,02089;51,00000;20,00000;0,69789
598,57501;38,12667;       1,27327;76,01994;51,00000;20,00000;0,69782
598,67999;38,13333;       1,27318;76,01899;51,00000;20,00000;0,69776
598,77802;38,14000;       1,27302;76,01607;51,00000;20,00000;0,69770
598,87000;38,14667;       1,27280;76,01315;51,00000;20,00000;0,69764
598,96899;38,15333;       1,27269;76,01122;49,00000;20,00000;0,69758
599,06897;38,16000;       1,27259;76,00880;49,00000;20,00000;0,69752
599,16998;38,16667;       1,27249;76,00637;50,00000;20,00000;0,69746
599,26898;38,17333;       1,27244;76,00591;50,00000;20,00000;0,69739
599,36603;38,18000;       1,27222;76,00545;49,00000;20,00000;0,69734
599,46698;38,18667;       1,27207;76,00548;49,00000;20,00000;0,69727
599,56897;38,19333;       1,27197;76,00453;49,00000;20,00000;0,69721
599,67499;38,20000;       1,27176;76,00308;49,00000;20,00000;0,69714
599,76599;38,20667;       1,27171;76,00213;51,00000;20,00000;0,69709
599,87500;38,21333;       1,27161;76,00068;50,00000;20,00000;0,69702
599,97498;38,22000;       1,27113;75,99973;50,00000;20,00000;0,69696
600,07202;38,22667;       1,27108;75,99829;49,00000;20,00000;0,69690
600,17102;38,23333;       1,27130;75,99733;49,00000;20,00000;0,69684
600,26801;38,24000;       1,27125;75,99589;49,00000;20,00000;0,69678
600,37701;38,24667;       1,27072;75,99495;51,00000;20,00000;0,69671
600,47498;38,25333;       1,27035;75,99400;51,00000;20,00000;0,69665
600,56598;38,26000;       1,27018;75,99254;52,00000;20,00000;0,69659
600,66602;38,26667;       1,27035;75,98862;52,00000;20,00000;0,69653
600,76703;38,27333;       1,27035;75,98720;52,00000;20,00000;0,69647
600,86902;38,28000;       1,27014;75,98528;49,00000;20,00000;0,69641
600,96997;38,28667;       1,27015;75,98433;50,00000;20,00000;0,69635
601,07202;38,29333;       1,27005;75,98289;50,00000;20,00000;0,69628
601,16803;38,30000;       1,26978;75,98145;50,00000;20,00000;0,69622
601,26398;38,30667;       1,26946;75,97999;50,00000;20,00000;0,69616
601,36298;38,31333;       1,26919;75,97902;49,00000;20,00000;0,69610
601,47302;38,32000;       1,26910;75,97809;49,00000;20,00000;0,69603
601,56500;38,32667;       1,26899;75,97667;50,00000;20,00000;0,69598
601,66901;38,33333;       1,26900;75,97573;50,00000;20,00000;0,69591
601,76801;38,34000;       1,26900;75,97429;50,00000;20,00000;0,69585
601,85901;38,34667;       1,26883;75,97334;50,00000;20,00000;0,69580
601,95697;38,35333;       1,26862;75,97187;49,00000;20,00000;0,69574
602,05902;38,36000;       1,26852;75,96844;49,00000;20,00000;0,69567
602,17297;38,36667;       1,26827;75,96505;51,00000;20,00000;0,69560
602,27197;38,37333;       1,26811;75,96215;49,00000;20,00000;0,69554
602,35901;38,38000;       1,26794;75,95923;51,00000;20,00000;0,69549
602,46100;38,38667;       1,26789;75,95828;51,00000;20,00000;0,69542
602,56702;38,39333;       1,26763;75,95782;49,00000;20,00000;0,69536
602,66498;38,40000;       1,26747;75,95737;49,00000;20,00000;0,69530
602,76398;38,40667;       1,26715;75,95642;50,00000;20,00000;0,69524
602,86200;38,41333;       1,26689;75,95498;50,00000;20,00000;0,69518
602,95898;38,42000;       1,26662;75,95354;50,00000;20,00000;0,69512
603,06598;38,42667;       1,26652;75,95111;50,00000;20,00000;0,69505
603,16199;38,43333;       1,26625;75,94918;49,00000;20,00000;0,69499
603,26099;38,44000;       1,26604;75,94724;51,00000;20,00000;0,69493
603,35797;38,44667;       1,26588;75,94480;49,00000;20,00000;0,69487
603,46198;38,45333;       1,26605;75,94286;49,00000;20,00000;0,69480
603,56299;38,46000;       1,26589;75,94044;50,00000;20,00000;0,69474
603,67999;38,46667;       1,26586;75,93949;50,00000;20,00000;0,69467
603,76398;38,47333;       1,26580;75,93804;50,00000;20,00000;0,69462
603,86401;38,48000;       1,26559;75,93611;50,00000;20,00000;0,69455
603,96301;38,48667;       1,26499;75,93465;50,00000;20,00000;0,69449
604,06097;38,49333;       1,26500;75,93319;49,00000;20,00000;0,69443
604,16302;38,50000;       1,26463;75,93177;49,00000;20,00000;0,69437
604,26501;38,50667;       1,26447;75,93035;51,00000;20,00000;0,69431
604,36401;38,51333;       1,26464;75,92891;52,00000;20,00000;0,69424
604,46399;38,52000;       1,26459;75,92550;52,00000;20,00000;0,69418
604,56403;38,52667;       1,26443;75,92012;52,00000;20,00000;0,69412
604,66400;38,53333;       1,26433;75,91570;49,00000;20,00000;0,69406
604,75897;38,54000;       1,26416;75,91375;49,00000;20,00000;0,69400
604,86798;38,54667;       1,26391;75,91332;50,00000;20,00000;0,69393
604,96198;38,55333;       1,26374;75,91337;51,00000;20,00000;0,69387
605,05701;38,56000;       1,26347;75,91242;51,00000;20,00000;0,69381
605,15900;38,56667;       1,26294;75,91049;50,00000;20,00000;0,69375
605,26300;38,57333;       1,26284;75,90905;50,00000;20,00000;0,69369
605,35901;38,58000;       1,26257;75,90710;50,00000;20,00000;0,69363
605,45801;38,58667;       1,26236;75,90514;49,00000;20,00000;0,69356
605,56000;38,59333;       1,26204;75,90373;50,00000;20,00000;0,69350
605,65802;38,60000;       1,26182;75,90280;50,00000;20,00000;0,69344
605,76202;38,60667;       1,26178;75,90136;50,00000;20,00000;0,69338
605,85400;38,61333;       1,26123;75,89943;49,00000;20,00000;0,69332
605,95502;38,62000;       1,26102;75,89553;49,00000;20,00000;0,69326
606,05402;38,62667;       1,26103;75,89409;49,00000;20,00000;0,69319
606,15802;38,63333;       1,26098;75,89216;49,00000;20,00000;0,69313
606,25403;38,64000;       1,26082;75,89071;51,00000;20,00000;0,69307
606,35602;38,64667;       1,26039;75,88878;51,00000;20,00000;0,69301
606,45599;38,65333;       1,26007;75,88734;51,00000;20,00000;0,69294
606,55603;38,66000;       1,25986;75,88590;51,00000;20,00000;0,69288
606,65503;38,66667;       1,25997;75,88445;49,00000;20,00000;0,69282
606,75500;38,67333;       1,25992;75,88104;50,00000;20,00000;0,69276
606,85498;38,68000;       1,25987;75,87565;50,00000;20,00000;0,69270
606,95398;38,68667;       1,25955;75,87175;51,00000;20,00000;0,69263
607,06598;38,69333;       1,25903;75,86932;51,00000;20,00000;0,69256
607,15802;38,70000;       1,25859;75,86885;51,00000;20,00000;0,69251
607,25897;38,70667;       1,25832;75,86889;49,00000;20,00000;0,69244
607,36401;38,71333;       1,25817;75,86745;50,00000;20,00000;0,69238
607,46301;38,72000;       1,25785;75,86551;50,00000;20,00000;0,69232
607,55798;38,72667;       1,25752;75,86161;49,00000;20,00000;0,69226
607,65997;38,73333;       1,25721;75,85919;50,00000;20,00000;0,69219
607,75897;38,74000;       1,25699;75,85628;50,00000;20,00000;0,69213
607,86102;38,74667;       1,25673;75,85385;49,00000;20,00000;0,69207
607,95697;38,75333;       1,25646;75,85192;49,00000;20,00000;0,69201
608,05298;38,76000;       1,25624;75,85046;49,00000;20,00000;0,69195
608,15302;38,76667;       1,25603;75,84850;49,00000;20,00000;0,69189
608,25598;38,77333;       1,25587;75,84364;51,00000;20,00000;0,69182
608,36902;38,78000;       1,25567;75,83976;51,00000;20,00000;0,69175
608,45697;38,78667;       1,25545;75,83585;50,00000;20,00000;0,69170
608,55798;38,79333;       1,25524;75,83490;50,00000;20,00000;0,69163
608,65399;38,80000;       1,25507;75,83494;49,00000;20,00000;0,69157
608,75897;38,80667;       1,25481;75,83348;49,00000;20,00000;0,69151
608,85498;38,81333;       1,25449;75,83104;49,00000;20,00000;0,69145
608,96002;38,82000;       1,25374;75,82913;49,00000;20,00000;0,69138
609,05402;38,82667;       1,25319;75,82672;51,00000;20,00000;0,69132
609,15503;38,83333;       1,25331;75,82479;51,00000;20,00000;0,69126
609,26001;38,84000;       1,25326;75,82236;50,00000;20,00000;0,69120
609,35199;38,84667;       1,25277;75,81944;50,00000;20,00000;0,69114
609,45203;38,85333;       1,25256;75,81650;49,00000;20,00000;0,69108
609,56000;38,86000;       1,25213;75,81306;49,00000;20,00000;0,69101
609,65802;38,86667;       1,25181;75,80721;50,00000;20,00000;0,69095
609,76599;38,87333;       1,25204;75,80234;50,00000;20,00000;0,69088
609,85901;38,88000;       1,25209;75,80090;49,00000;20,00000;0,69082
609,96399;38,88667;       1,25199;75,80094;49,00000;20,00000;0,69076
610,05798;38,89333;       1,25145;75,80048;49,00000;20,00000;0,69070
610,15503;38,90000;       1,25107;75,79806;49,00000;20,00000;0,69064
610,26202;38,90667;       1,25048;75,79515;50,00000;20,00000;0,69057
610,35797;38,91333;       1,25010;75,79224;50,00000;20,00000;0,69051
610,45398;38,92000;       1,24972;75,78981;50,00000;20,00000;0,69045
610,55499;38,92667;       1,24929;75,78690;50,00000;20,00000;0,69039
610,65601;38,93333;       1,24892;75,78448;49,00000;20,00000;0,69032
610,76001;38,94000;       1,24871;75,78058;49,00000;20,00000;0,69026
610,84497;38,94667;       1,24859;75,77667;49,00000;20,00000;0,69021
610,95398;38,95333;       1,24822;75,77277;51,00000;20,00000;0,69014
611,05603;38,96000;       1,24795;75,77183;51,00000;20,00000;0,69007
611,15997;38,96667;       1,24802;75,77187;51,00000;20,00000;0,69001
611,25201;38,97333;       1,24725;75,77191;49,00000;20,00000;0,68995
611,34998;38,98000;       1,24693;75,77047;49,00000;20,00000;0,68989
611,44702;38,98667;       1,24665;75,76706;50,00000;20,00000;0,68983
611,55103;38,99333;       1,24639;75,76267;50,00000;20,00000;0,68976
611,65802;39,00000;       1,24597;75,76024;50,00000;20,00000;0,68970
611,75000;39,00667;       1,24553;75,75782;50,00000;20,00000;0,68964
611,85101;39,01333;       1,24504;75,75539;51,00000;20,00000;0,68958
611,94501;39,02000;       1,24493;75,75444;51,00000;20,00000;0,68952
612,05298;39,02667;       1,24489;75,75251;49,00000;20,00000;0,68945
612,14697;39,03333;       1,24445;75,75006;49,00000;20,00000;0,68939
612,25800;39,04000;       1,24414;75,74810;50,00000;20,00000;0,68932
612,34998;39,04667;       1,24348;75,74323;50,00000;20,00000;0,68926
612,45697;39,05333;       1,24339;75,73788;49,00000;20,00000;0,68920
612,55402;39,06000;       1,24328;75,73348;49,00000;20,00000;0,68914
612,65698;39,06667;       1,24323;75,73303;49,00000;20,00000;0,68907
612,75098;39,07333;       1,24312;75,73307;49,00000;20,00000;0,68901
612,85602;39,08000;       1,24242;75,73210;49,00000;20,00000;0,68895
612,95502;39,08667;       1,24166;75,72966;51,00000;20,00000;0,68888
613,04401;39,09333;       1,24154;75,72627;51,00000;20,00000;0,68883
613,15198;39,10000;       1,24134;75,72387;50,00000;20,00000;0,68876
613,25598;39,10667;       1,24107;75,72095;50,00000;20,00000;0,68869
613,35101;39,11333;       1,24074;75,71853;49,00000;20,00000;0,68864
613,45398;39,12000;       1,24048;75,71413;49,00000;20,00000;0,68857
613,55103;39,12667;       1,24015;75,70875;51,00000;20,00000;0,68851
613,64600;39,13333;       1,23944;75,70436;52,00000;20,00000;0,68845
613,75598;39,14000;       1,23897;75,70390;52,00000;20,00000;0,68838
613,85400;39,14667;       1,23853;75,70394;52,00000;20,00000;0,68832
613,95300;39,15333;       1,23804;75,70349;49,00000;20,00000;0,68826
614,05103;39,16000;       1,23777;75,70205;50,00000;20,00000;0,68820
614,15002;39,16667;       1,23761;75,69767;50,00000;20,00000;0,68813
614,24902;39,17333;       1,23729;75,69426;50,00000;20,00000;0,68807
614,34698;39,18000;       1,23702;75,69184;50,00000;20,00000;0,68801
614,44397;39,18667;       1,23680;75,68941;50,00000;20,00000;0,68795
614,54797;39,19333;       1,23648;75,68699;49,00000;20,00000;0,68788
614,64801;39,20000;       1,23604;75,68456;49,00000;20,00000;0,68782
614,74902;39,20667;       1,23561;75,68212;51,00000;20,00000;0,68776
614,84802;39,21333;       1,23518;75,67773;51,00000;20,00000;0,68769
614,96301;39,22000;       1,23471;75,67382;52,00000;20,00000;0,68762
615,05402;39,22667;       1,23476;75,67090;52,00000;20,00000;0,68756
615,15302;39,23333;       1,23449;75,66848;52,00000;20,00000;0,68750
615,25201;39,24000;       1,23383;75,66606;49,00000;20,00000;0,68744
615,35498;39,24667;       1,23351;75,66364;49,00000;20,00000;0,68738
615,45300;39,25333;       1,23335;75,66122;49,00000;20,00000;0,68731
615,54999;39,26000;       1,23280;75,65878;51,00000;20,00000;0,68725
615,64600;39,26667;       1,23220;75,65289;51,00000;20,00000;0,68719
615,75098;39,27333;       1,23172;75,64803;50,00000;20,00000;0,68713
615,84900;39,28000;       1,23139;75,64563;52,00000;20,00000;0,68706
615,95502;39,28667;       1,23102;75,64370;49,00000;20,00000;0,68700
616,04102;39,29333;       1,23068;75,64078;49,00000;20,00000;0,68694
616,14801;39,30000;       1,23025;75,63737;50,00000;20,00000;0,68688
616,25201;39,30667;       1,22993;75,63444;50,00000;20,00000;0,68681
616,34900;39,31333;       1,22961;75,63199;50,00000;20,00000;0,68675
616,44897;39,32000;       1,22928;75,62664;50,00000;20,00000;0,68669
616,55103;39,32667;       1,22885;75,61981;49,00000;20,00000;0,68662
616,64600;39,33333;       1,22835;75,61640;49,00000;20,00000;0,68656
616,74597;39,34000;       1,22792;75,61595;51,00000;20,00000;0,68650
616,84302;39,34667;       1,22808;75,61304;51,00000;20,00000;0,68644
616,94397;39,35333;       1,22776;75,60961;51,00000;20,00000;0,68637
617,04199;39,36000;       1,22732;75,60667;50,00000;20,00000;0,68631
617,15002;39,36667;       1,22690;75,60279;49,00000;20,00000;0,68624
617,25098;39,37333;       1,22663;75,59744;49,00000;20,00000;0,68618
617,34100;39,38000;       1,22607;75,59059;51,00000;20,00000;0,68612
617,44202;39,38667;       1,22548;75,58718;51,00000;20,00000;0,68606
617,54700;39,39333;       1,22488;75,58723;51,00000;20,00000;0,68599
617,64301;39,40000;       1,22444;75,58579;52,00000;20,00000;0,68593
617,73901;39,40667;       1,22406;75,58090;52,00000;20,00000;0,68587
617,83801;39,41333;       1,22351;75,57651;49,00000;20,00000;0,68581
617,94202;39,42000;       1,22308;75,57360;49,00000;20,00000;0,68574
618,04602;39,42667;       1,22287;75,56822;50,00000;20,00000;0,68568
618,14099;39,43333;       1,22265;75,56137;50,00000;20,00000;0,68562
618,24103;39,44000;       1,22189;75,55795;50,00000;20,00000;0,68556
618,33099;39,44667;       1,22160;75,55799;50,00000;20,00000;0,68550
618,45001;39,45333;       1,22135;75,55655;49,00000;20,00000;0,68542
618,54797;39,46000;       1,22108;75,55166;50,00000;20,00000;0,68536
618,64203;39,46667;       1,22058;75,54727;50,00000;20,00000;0,68530
618,74902;39,47333;       1,21988;75,54436;50,00000;20,00000;0,68524
618,83801;39,48000;       1,21932;75,54095;50,00000;20,00000;0,68518
618,94702;39,48667;       1,21873;75,53607;49,00000;20,00000;0,68511
619,03699;39,49333;       1,21829;75,53118;49,00000;20,00000;0,68505
619,14600;39,50000;       1,21781;75,52777;49,00000;20,00000;0,68498
619,24103;39,50667;       1,21769;75,52486;49,00000;20,00000;0,68492
619,34698;39,51333;       1,21759;75,52046;51,00000;20,00000;0,68486
619,43799;39,52000;       1,21698;75,51706;51,00000;20,00000;0,68480
619,55103;39,52667;       1,21645;75,51513;51,00000;20,00000;0,68473
619,64099;39,53333;       1,21584;75,50973;50,00000;20,00000;0,68467
619,74298;39,54000;       1,21513;75,50286;50,00000;20,00000;0,68461
619,83698;39,54667;       1,21464;75,50046;49,00000;20,00000;0,68455
619,94299;39,55333;       1,21415;75,49707;49,00000;20,00000;0,68448
620,03497;39,56000;       1,21371;75,49366;50,00000;20,00000;0,68442
620,14301;39,56667;       1,21339;75,48927;50,00000;20,00000;0,68435
620,24701;39,57333;       1,21296;75,48488;49,00000;20,00000;0,68429
620,34497;39,58000;       1,21252;75,47948;50,00000;20,00000;0,68423
620,44501;39,58667;       1,21208;75,47555;49,00000;20,00000;0,68416
620,53900;39,59333;       1,21153;75,47414;50,00000;20,00000;0,68410
620,64801;39,60000;       1,21104;75,47075;50,00000;20,00000;0,68403
620,74200;39,60667;       1,21055;75,46734;50,00000;20,00000;0,68397
620,83899;39,61333;       1,21005;75,46295;50,00000;20,00000;0,68391
620,94202;39,62000;       1,20945;75,45560;49,00000;20,00000;0,68385
621,04498;39,62667;       1,20896;75,45118;49,00000;20,00000;0,68378
621,14600;39,63333;       1,20853;75,45070;49,00000;20,00000;0,68372
621,25201;39,64000;       1,20804;75,44830;51,00000;20,00000;0,68365
621,35199;39,64667;       1,20750;75,44492;51,00000;20,00000;0,68359
621,44299;39,65333;       1,20699;75,44200;52,00000;20,00000;0,68353
621,54303;39,66000;       1,20667;75,43859;52,00000;20,00000;0,68347
621,64600;39,66667;       1,20634;75,43322;49,00000;20,00000;0,68340
621,74902;39,67333;       1,20585;75,42834;49,00000;20,00000;0,68334
621,84601;39,68000;       1,20536;75,42149;50,00000;20,00000;0,68327
621,94202;39,68667;       1,20458;75,41710;50,00000;20,00000;0,68321
622,04797;39,69333;       1,20382;75,41665;50,00000;20,00000;0,68315
622,14697;39,70000;       1,20316;75,41423;50,00000;20,00000;0,68308
622,24103;39,70667;       1,20283;75,40885;50,00000;20,00000;0,68302
622,33899;39,71333;       1,20272;75,40544;49,00000;20,00000;0,68296
622,44501;39,72000;       1,20212;75,40204;50,00000;20,00000;0,68289
622,54602;39,72667;       1,20185;75,39568;50,00000;20,00000;0,68283
622,63800;39,73333;       1,20107;75,39031;50,00000;20,00000;0,68277
622,74799;39,74000;       1,20037;75,38740;50,00000;20,00000;0,68270
622,84399;39,74667;       1,19965;75,38399;49,00000;20,00000;0,68264
622,93402;39,75333;       1,19948;75,38108;49,00000;20,00000;0,68258
623,04498;39,76000;       1,19927;75,37765;50,00000;20,00000;0,68251
623,13800;39,76667;       1,19850;75,37423;50,00000;20,00000;0,68245
623,22998;39,77333;       1,19794;75,36985;51,00000;20,00000;0,68240
623,34998;39,78000;       1,19692;75,36302;51,00000;20,00000;0,68232
623,44598;39,78667;       1,19664;75,35961;49,00000;20,00000;0,68226
623,55103;39,79333;       1,19598;75,35669;49,00000;20,00000;0,68219
623,64203;39,80000;       1,19526;75,35329;50,00000;20,00000;0,68213
623,73499;39,80667;       1,19448;75,34986;50,00000;20,00000;0,68208
623,84698;39,81333;       1,19400;75,34545;50,00000;20,00000;0,68200
623,94299;39,82000;       1,19345;75,33862;50,00000;20,00000;0,68194
624,03802;39,82667;       1,19273;75,33524;51,00000;20,00000;0,68188
624,14600;39,83333;       1,19213;75,33233;51,00000;20,00000;0,68181
624,25000;39,84000;       1,19136;75,32892;49,00000;20,00000;0,68175
624,33698;39,84667;       1,19086;75,32552;49,00000;20,00000;0,68169
624,43298;39,85333;       1,19019;75,32110;49,00000;20,00000;0,68163
624,54199;39,86000;       1,18976;75,31423;50,00000;20,00000;0,68156
624,64203;39,86667;       1,18910;75,31085;50,00000;20,00000;0,68150
624,73901;39,87333;       1,18855;75,30795;50,00000;20,00000;0,68144
624,84003;39,88000;       1,18816;75,30454;49,00000;20,00000;0,68137
624,94598;39,88667;       1,18778;75,30212;49,00000;20,00000;0,68130
625,04102;39,89333;       1,18679;75,30018;51,00000;20,00000;0,68124
625,14301;39,90000;       1,18607;75,29333;51,00000;20,00000;0,68118
625,24701;39,90667;       1,18569;75,28697;52,00000;20,00000;0,68111
625,34900;39,91333;       1,18542;75,28504;52,00000;20,00000;0,68105
625,44202;39,92000;       1,18464;75,28410;52,00000;20,00000;0,68099
625,54700;39,92667;       1,18371;75,28021;49,00000;20,00000;0,68092
625,64001;39,93333;       1,18299;75,27532;49,00000;20,00000;0,68086
625,73999;39,94000;       1,18243;75,27192;50,00000;20,00000;0,68080
625,84100;39,94667;       1,18194;75,26753;52,00000;20,00000;0,68073
625,93903;39,95333;       1,18122;75,26068;52,00000;20,00000;0,68067
626,04700;39,96000;       1,18062;75,25629;49,00000;20,00000;0,68060
626,14899;39,96667;       1,18013;75,25584;49,00000;20,00000;0,68054
626,23401;39,97333;       1,17956;75,25144;49,00000;20,00000;0,68048
626,34399;39,98000;       1,17891;75,24509;50,00000;20,00000;0,68041
626,44299;39,98667;       1,17825;75,23972;50,00000;20,00000;0,68035
626,54102;39,99333;       1,17753;75,23435;50,00000;20,00000;0,68029
626,63599;40,00000;       1,17680;75,23143;50,00000;20,00000;0,68023
626,73602;40,00667;       1,17597;75,22803;49,00000;20,00000;0,68016
626,84003;40,01333;       1,17537;75,21921;50,00000;20,00000;0,68010
626,94299;40,02000;       1,17471;75,21236;51,00000;20,00000;0,68003
627,03802;40,02667;       1,17410;75,21191;51,00000;20,00000;0,67997
627,13397;40,03333;       1,17343;75,20897;51,00000;20,00000;0,67991
627,24402;40,04000;       1,17283;75,20062;51,00000;20,00000;0,67984
627,33600;40,04667;       1,17216;75,19428;50,00000;20,00000;0,67978
627,44397;40,05333;       1,17145;75,19089;50,00000;20,00000;0,67971
627,53101;40,06000;       1,17072;75,18650;49,00000;20,00000;0,67966
627,64398;40,06667;       1,17012;75,18259;51,00000;20,00000;0,67958
627,74902;40,07333;       1,16974;75,17574;51,00000;20,00000;0,67952
627,84100;40,08000;       1,16940;75,16738;51,00000;20,00000;0,67946
627,95203;40,08667;       1,16875;75,16444;52,00000;20,00000;0,67939
628,04498;40,09333;       1,16802;75,15959;52,00000;20,00000;0,67933
628,14398;40,10000;       1,16703;75,15325;52,00000;20,00000;0,67926
628,24597;40,10667;       1,16603;75,14542;49,00000;20,00000;0,67920
628,33801;40,11333;       1,16525;75,14300;50,00000;20,00000;0,67914
628,44501;40,12000;       1,16448;75,13862;50,00000;20,00000;0,67907
628,54303;40,12667;       1,16376;75,13224;50,00000;20,00000;0,67901
628,63898;40,13333;       1,16359;75,12685;50,00000;20,00000;0,67895
628,73999;40,14000;       1,16270;75,12346;49,00000;20,00000;0,67888
628,83801;40,14667;       1,16192;75,11762;49,00000;20,00000;0,67882
628,93799;40,15333;       1,16115;75,11224;49,00000;20,00000;0,67876
629,04700;40,16000;       1,16033;75,10589;51,00000;20,00000;0,67869
629,14301;40,16667;       1,15960;75,10150;51,00000;20,00000;0,67863
629,23700;40,17333;       1,15871;75,09514;52,00000;20,00000;0,67857
629,34198;40,18000;       1,15805;75,08632;49,00000;20,00000;0,67850
629,44202;40,18667;       1,15744;75,08440;49,00000;20,00000;0,67843
629,53900;40,19333;       1,15666;75,07804;49,00000;20,00000;0,67837
629,63501;40,20000;       1,15599;75,07267;49,00000;20,00000;0,67831
629,73901;40,20667;       1,15516;75,06533;51,00000;20,00000;0,67824
629,84003;40,21333;       1,15433;75,05700;51,00000;20,00000;0,67818
629,93799;40,22000;       1,15355;75,05556;50,00000;20,00000;0,67812
630,03198;40,22667;       1,15288;75,05265;51,00000;20,00000;0,67806
630,14203;40,23333;       1,15228;75,04088;49,00000;20,00000;0,67799
630,23798;40,24000;       1,15144;75,03600;49,00000;20,00000;0,67793
630,34302;40,24667;       1,15061;75,03555;50,00000;20,00000;0,67786
630,43799;40,25333;       1,14950;75,03166;50,00000;20,00000;0,67780
630,53400;40,26000;       1,14871;75,02333;49,00000;20,00000;0,67774
630,63501;40,26667;       1,14788;75,01747;49,00000;20,00000;0,67767
630,73297;40,27333;       1,14705;75,01358;50,00000;20,00000;0,67761
630,82898;40,28000;       1,14626;75,00673;49,00000;20,00000;0,67755
630,92700;40,28667;       1,14548;75,00135;50,00000;20,00000;0,67748
631,03400;40,29333;       1,14477;74,99252;50,00000;20,00000;0,67741
631,14099;40,30000;       1,14411;74,98714;50,00000;20,00000;0,67735
631,24298;40,30667;       1,14344;74,98223;50,00000;20,00000;0,67728
631,33502;40,31333;       1,14265;74,97732;50,00000;20,00000;0,67722
631,44501;40,32000;       1,14177;74,97049;49,00000;20,00000;0,67715
631,54303;40,32667;       1,14088;74,96513;50,00000;20,00000;0,67709
631,64697;40,33333;       1,14011;74,96025;51,00000;20,00000;0,67702
631,73999;40,34000;       1,13938;74,95586;51,00000;20,00000;0,67696
631,83899;40,34667;       1,13865;74,94951;51,00000;20,00000;0,67690
631,94098;40,35333;       1,13782;74,94411;49,00000;20,00000;0,67683
632,03900;40,36000;       1,13676;74,94020;49,00000;20,00000;0,67677
632,14600;40,36667;       1,13587;74,93337;49,00000;20,00000;0,67670
632,23999;40,37333;       1,13503;74,92851;50,00000;20,00000;0,67664
632,33698;40,38000;       1,13425;74,92215;50,00000;20,00000;0,67658
632,44202;40,38667;       1,13331;74,91826;50,00000;20,00000;0,67651
632,53400;40,39333;       1,13246;74,91387;50,00000;20,00000;0,67645
632,64099;40,40000;       1,13169;74,90998;49,00000;20,00000;0,67638
632,74597;40,40667;       1,13080;74,90461;49,00000;20,00000;0,67632
632,84003;40,41333;       1,13001;74,89776;49,00000;20,00000;0,67626
632,93298;40,42000;       1,12923;74,89386;50,00000;20,00000;0,67620
633,03497;40,42667;       1,12839;74,88948;50,00000;20,00000;0,67613
633,14398;40,43333;       1,12751;74,88559;50,00000;20,00000;0,67606
633,22998;40,44000;       1,12671;74,88021;49,00000;20,00000;0,67601
633,33099;40,44667;       1,12588;74,87287;49,00000;20,00000;0,67594
633,44000;40,45333;       1,12510;74,86750;49,00000;20,00000;0,67587
633,53699;40,46000;       1,12426;74,86262;49,00000;20,00000;0,67581
633,63898;40,46667;       1,12315;74,85824;51,00000;20,00000;0,67574
633,73602;40,47333;       1,12225;74,85189;51,00000;20,00000;0,67568
633,83002;40,48000;       1,12141;74,84553;52,00000;20,00000;0,67562
633,92798;40,48667;       1,12057;74,84065;50,00000;20,00000;0,67556
634,02802;40,49333;       1,11951;74,83578;49,00000;20,00000;0,67549
634,13501;40,50000;       1,11834;74,83040;49,00000;20,00000;0,67542
634,22998;40,50667;       1,11766;74,82158;50,00000;20,00000;0,67536
634,33197;40,51333;       1,11688;74,81621;50,00000;20,00000;0,67530
634,42700;40,52000;       1,11582;74,81132;52,00000;20,00000;0,67524
634,53198;40,52667;       1,11498;74,80595;49,00000;20,00000;0,67517
634,63800;40,53333;       1,11404;74,79711;49,00000;20,00000;0,67510
634,72998;40,54000;       1,11308;74,79172;49,00000;20,00000;0,67504
634,83801;40,54667;       1,11208;74,78686;50,00000;20,00000;0,67497
634,92999;40,55333;       1,11107;74,78151;50,00000;20,00000;0,67491
635,02899;40,56000;       1,11011;74,77269;50,00000;20,00000;0,67485
635,13000;40,56667;       1,10922;74,76731;50,00000;20,00000;0,67478
635,22900;40,57333;       1,10821;74,76243;49,00000;20,00000;0,67472
635,33698;40,58000;       1,10721;74,75703;49,00000;20,00000;0,67465
635,44299;40,58667;       1,10627;74,74770;51,00000;20,00000;0,67458
635,53101;40,59333;       1,10541;74,74284;51,00000;20,00000;0,67452
635,63000;40,60000;       1,10457;74,73995;52,00000;20,00000;0,67446
635,73199;40,60667;       1,10351;74,73311;52,00000;20,00000;0,67439
635,83301;40,61333;       1,10245;74,72380;49,00000;20,00000;0,67433
635,92499;40,62000;       1,10148;74,71793;49,00000;20,00000;0,67427
636,03601;40,62667;       1,10049;74,70860;49,00000;20,00000;0,67420
636,13501;40,63333;       1,09942;74,70370;50,00000;20,00000;0,67414
636,22900;40,64000;       1,09841;74,70081;51,00000;20,00000;0,67407
636,33099;40,64667;       1,09757;74,68956;50,00000;20,00000;0,67401
636,43298;40,65333;       1,09661;74,68419;50,00000;20,00000;0,67394
636,52899;40,66000;       1,09549;74,67882;50,00000;20,00000;0,67388
636,63202;40,66667;       1,09443;74,66951;49,00000;20,00000;0,67381
636,72101;40,67333;       1,09335;74,66315;49,00000;20,00000;0,67376
636,82898;40,68000;       1,09235;74,65827;50,00000;20,00000;0,67369
636,93597;40,68667;       1,09118;74,64749;50,00000;20,00000;0,67362
637,02301;40,69333;       1,09010;74,64359;49,00000;20,00000;0,67356
637,13098;40,70000;       1,08893;74,63576;49,00000;20,00000;0,67349
637,23297;40,70667;       1,08803;74,62842;50,00000;20,00000;0,67343
637,32300;40,71333;       1,08712;74,62305;50,00000;20,00000;0,67337
637,42297;40,72000;       1,08628;74,61423;51,00000;20,00000;0,67330
637,53198;40,72667;       1,08522;74,60837;51,00000;20,00000;0,67323
637,63000;40,73333;       1,08415;74,59857;51,00000;20,00000;0,67317
637,71997;40,74000;       1,08296;74,59517;49,00000;20,00000;0,67311
637,83600;40,74667;       1,08196;74,58833;49,00000;20,00000;0,67304
637,92200;40,75333;       1,08099;74,58197;49,00000;20,00000;0,67298
638,01398;40,76000;       1,08008;74,57660;49,00000;20,00000;0,67292
638,12402;40,76667;       1,07919;74,56926;51,00000;20,00000;0,67285
638,21698;40,77333;       1,07812;74,55945;51,00000;20,00000;0,67279
638,33502;40,78000;       1,07707;74,54964;50,00000;20,00000;0,67271
638,42700;40,78667;       1,07610;74,54722;49,00000;20,00000;0,67266
638,53198;40,79333;       1,07504;74,54135;49,00000;20,00000;0,67259
638,62500;40,80000;       1,07402;74,53105;50,00000;20,00000;0,67253
638,73798;40,80667;       1,07313;74,52516;50,00000;20,00000;0,67245
638,82800;40,81333;       1,07199;74,51534;49,00000;20,00000;0,67240
638,93298;40,82000;       1,07065;74,51294;49,00000;20,00000;0,67233
639,03198;40,82667;       1,06936;74,50710;49,00000;20,00000;0,67226
639,13300;40,83333;       1,06829;74,49631;49,00000;20,00000;0,67220
639,23297;40,84000;       1,06722;74,49341;49,00000;20,00000;0,67213
639,32898;40,84667;       1,06603;74,48755;49,00000;20,00000;0,67207
639,42902;40,85333;       1,06490;74,47675;51,00000;20,00000;0,67201
639,52197;40,86000;       1,06427;74,47382;49,00000;20,00000;0,67195
639,62402;40,86667;       1,06337;74,46896;49,00000;20,00000;0,67188
639,72699;40,87333;       1,06202;74,46164;49,00000;20,00000;0,67181
639,83099;40,88000;       1,06090;74,45282;51,00000;20,00000;0,67175
639,92297;40,88667;       1,05971;74,44695;51,00000;20,00000;0,67169
640,03400;40,89333;       1,05915;74,43813;51,00000;20,00000;0,67162
640,12701;40,90000;       1,05768;74,43224;50,00000;20,00000;0,67156
640,23401;40,90667;       1,05645;74,42340;50,00000;20,00000;0,67149
640,33099;40,91333;       1,05520;74,41756;50,00000;20,00000;0,67142
640,42798;40,92000;       1,05446;74,40778;50,00000;20,00000;0,67136
640,53003;40,92667;       1,05361;74,40438;50,00000;20,00000;0,67129
640,63000;40,93333;       1,05215;74,39655;49,00000;20,00000;0,67123
640,72998;40,94000;       1,05096;74,38971;49,00000;20,00000;0,67116
640,82397;40,94667;       1,04977;74,38335;49,00000;20,00000;0,67110
640,92999;40,95333;       1,04842;74,37453;49,00000;20,00000;0,67104
641,02600;40,96000;       1,04740;74,36867;49,00000;20,00000;0,67097
641,13098;40,96667;       1,04622;74,35985;51,00000;20,00000;0,67090
641,22601;40,97333;       1,04525;74,35497;51,00000;20,00000;0,67084
641,33398;40,98000;       1,04430;74,34910;50,00000;20,00000;0,67077
641,42902;40,98667;       1,04311;74,34029;50,00000;20,00000;0,67071
641,52600;40,99333;       1,04192;74,33442;49,00000;20,00000;0,67065
641,63397;41,00000;       1,04057;74,32561;49,00000;20,00000;0,67058
641,73297;41,00667;       1,03933;74,31975;51,00000;20,00000;0,67051
641,82397;41,01333;       1,03824;74,31093;51,00000;20,00000;0,67046
641,92902;41,02000;       1,03695;74,30508;51,00000;20,00000;0,67039
642,03198;41,02667;       1,03559;74,29626;51,00000;20,00000;0,67032
642,11902;41,03333;       1,03439;74,29038;49,00000;20,00000;0,67026
642,22998;41,04000;       1,03316;74,28056;49,00000;20,00000;0,67019
642,32001;41,04667;       1,03174;74,27177;50,00000;20,00000;0,67013
642,42200;41,05333;       1,03044;74,26593;50,00000;20,00000;0,67007
642,52100;41,06000;       1,02925;74,25711;50,00000;20,00000;0,67000
642,62402;41,06667;       1,02800;74,25125;50,00000;20,00000;0,66994
642,72302;41,07333;       1,02681;74,24243;50,00000;20,00000;0,66987
642,82800;41,08000;       1,02563;74,23654;49,00000;20,00000;0,66980
642,92499;41,08667;       1,02455;74,22672;51,00000;20,00000;0,66974
643,02301;41,09333;       1,02341;74,21792;51,00000;20,00000;0,66968
643,13000;41,10000;       1,02223;74,21207;50,00000;20,00000;0,66961
643,22803;41,10667;       1,02092;74,20325;50,00000;20,00000;0,66954
643,32397;41,11333;       1,01945;74,19739;49,00000;20,00000;0,66948
643,42999;41,12000;       1,01815;74,18759;49,00000;20,00000;0,66941
643,53699;41,12667;       1,01702;74,17875;50,00000;20,00000;0,66934
643,62903;41,13333;       1,01576;74,17385;50,00000;20,00000;0,66928
643,72498;41,14000;       1,01451;74,16801;51,00000;20,00000;0,66922
643,82501;41,14667;       1,01332;74,15823;51,00000;20,00000;0,66916
643,92603;41,15333;       1,01202;74,14941;49,00000;20,00000;0,66909
644,02899;41,16000;       1,01071;74,14354;49,00000;20,00000;0,66902
644,13397;41,16667;       1,00913;74,13473;50,00000;20,00000;0,66895
644,23499;41,17333;       1,00794;74,12886;50,00000;20,00000;0,66889
644,33099;41,18000;       1,00725;74,12005;50,00000;20,00000;0,66883
644,42499;41,18667;       1,00560;74,11418;50,00000;20,00000;0,66877
644,52802;41,19333;       1,00407;74,10438;50,00000;20,00000;0,66870
644,62500;41,20000;       1,00271;74,09556;49,00000;20,00000;0,66864
644,73602;41,20667;       1,00135;74,08970;49,00000;20,00000;0,66856
644,83600;41,21333;       0,99977;74,08039;50,00000;20,00000;0,66850
644,93201;41,22000;       0,99829;74,07403;50,00000;20,00000;0,66844
645,03003;41,22667;       0,99709;74,06570;50,00000;20,00000;0,66837
645,14203;41,23333;       0,99579;74,05640;49,00000;20,00000;0,66830
645,23102;41,24000;       0,99459;74,04808;50,00000;20,00000;0,66824
645,33099;41,24667;       0,99339;74,03927;49,00000;20,00000;0,66818
645,43103;41,25333;       0,99220;74,03046;49,00000;20,00000;0,66811
645,52802;41,26000;       0,99094;74,01771;51,00000;20,00000;0,66805
645,62598;41,26667;       0,98974;74,01135;51,00000;20,00000;0,66798
645,72302;41,27333;       0,98843;74,00353;52,00000;20,00000;0,66792
645,83502;41,28000;       0,98702;73,99422;52,00000;20,00000;0,66785
645,92499;41,28667;       0,98570;73,98442;49,00000;20,00000;0,66779
646,02197;41,29333;       0,98444;73,97560;49,00000;20,00000;0,66773
646,13098;41,30000;       0,98309;73,96679;49,00000;20,00000;0,66765
646,22900;41,30667;       0,98138;73,95550;50,00000;20,00000;0,66759
646,32300;41,31333;       0,97995;73,94765;50,00000;20,00000;0,66753
646,42700;41,32000;       0,97853;73,93984;50,00000;20,00000;0,66746
646,52399;41,32667;       0,97711;73,93056;50,00000;20,00000;0,66740
646,62097;41,33333;       0,97557;73,92076;49,00000;20,00000;0,66733
646,71899;41,34000;       0,97414;73,91194;50,00000;20,00000;0,66727
646,82599;41,34667;       0,97261;73,90362;50,00000;20,00000;0,66720
646,92499;41,35333;       0,97113;73,89625;50,00000;20,00000;0,66714
647,02600;41,36000;       0,96970;73,88643;50,00000;20,00000;0,66707
647,11902;41,36667;       0,96833;73,87665;50,00000;20,00000;0,66701
647,22900;41,37333;       0,96686;73,86687;49,00000;20,00000;0,66694
647,32898;41,38000;       0,96560;73,86149;49,00000;20,00000;0,66687
647,42297;41,38667;       0,96417;73,85021;51,00000;20,00000;0,66681
647,53003;41,39333;       0,96280;73,84189;51,00000;20,00000;0,66674
647,63300;41,40000;       0,96138;73,83257;51,00000;20,00000;0,66667
647,72699;41,40667;       0,95984;73,82471;51,00000;20,00000;0,66661
647,82001;41,41333;       0,95835;73,81050;49,00000;20,00000;0,66655
647,92999;41,42000;       0,95676;73,80318;49,00000;20,00000;0,66648
648,03003;41,42667;       0,95527;73,79782;50,00000;20,00000;0,66642
648,13000;41,43333;       0,95379;73,78654;50,00000;20,00000;0,66635
648,22601;41,44000;       0,95224;73,77821;50,00000;20,00000;0,66629
648,32501;41,44667;       0,95098;73,76891;51,00000;20,00000;0,66622
648,42999;41,45333;       0,94962;73,76108;51,00000;20,00000;0,66615
648,52600;41,46000;       0,94807;73,74685;51,00000;20,00000;0,66609
648,63000;41,46667;       0,94659;73,74394;49,00000;20,00000;0,66602
648,71899;41,47333;       0,94509;73,73464;49,00000;20,00000;0,66597
648,83099;41,48000;       0,94384;73,72484;50,00000;20,00000;0,66589
648,92798;41,48667;       0,94241;73,71701;50,00000;20,00000;0,66583
649,02698;41,49333;       0,94087;73,70573;49,00000;20,00000;0,66576
649,11902;41,50000;       0,93926;73,69741;49,00000;20,00000;0,66570
649,22998;41,50667;       0,93773;73,68318;49,00000;20,00000;0,66563
649,32202;41,51333;       0,93606;73,67781;49,00000;20,00000;0,66557
649,42297;41,52000;       0,93463;73,66653;51,00000;20,00000;0,66550
649,53400;41,52667;       0,93315;73,65575;51,00000;20,00000;0,66543
649,62500;41,53333;       0,93154;73,64396;51,00000;20,00000;0,66537
649,72601;41,54000;       0,92977;73,62970;50,00000;20,00000;0,66531
649,82703;41,54667;       0,92823;73,61894;49,00000;20,00000;0,66524
649,93103;41,55333;       0,92674;73,60474;49,00000;20,00000;0,66517
650,02698;41,56000;       0,92519;73,59003;50,00000;20,00000;0,66511
650,12097;41,56667;       0,92353;73,57777;51,00000;20,00000;0,66505
650,22400;41,57333;       0,92198;73,56551;52,00000;20,00000;0,66498
650,31897;41,58000;       0,92049;73,55126;52,00000;20,00000;0,66492
650,41901;41,58667;       0,91888;73,54046;49,00000;20,00000;0,66485
650,52197;41,59333;       0,91728;73,52674;49,00000;20,00000;0,66479
650,62701;41,60000;       0,91557;73,51598;50,00000;20,00000;0,66472
650,72302;41,60667;       0,91396;73,50225;50,00000;20,00000;0,66465
650,82599;41,61333;       0,91236;73,49294;50,00000;20,00000;0,66459
650,91901;41,62000;       0,91069;73,47970;50,00000;20,00000;0,66453
651,02301;41,62667;       0,90994;73,46988;49,00000;20,00000;0,66446
651,11603;41,63333;       0,90849;73,46203;49,00000;20,00000;0,66440
651,21802;41,64000;       0,90649;73,45028;51,00000;20,00000;0,66433
651,32098;41,64667;       0,90483;73,44050;51,00000;20,00000;0,66426
651,42297;41,65333;       0,90311;73,43070;51,00000;20,00000;0,66420
651,52899;41,66000;       0,90129;73,42090;52,00000;20,00000;0,66413
651,62299;41,66667;       0,89956;73,41307;52,00000;20,00000;0,66406
651,72601;41,67333;       0,89784;73,40426;49,00000;20,00000;0,66400
651,81799;41,68000;       0,89634;73,39644;50,00000;20,00000;0,66394
651,92297;41,68667;       0,89479;73,38517;50,00000;20,00000;0,66387
652,01501;41,69333;       0,89340;73,37685;51,00000;20,00000;0,66381
652,11401;41,70000;       0,89174;73,36705;51,00000;20,00000;0,66374
652,21698;41,70667;       0,88985;73,35971;50,00000;20,00000;0,66367
652,32397;41,71333;       0,88807;73,35188;50,00000;20,00000;0,66360
652,41803;41,72000;       0,88640;73,34257;50,00000;20,00000;0,66354
652,52301;41,72667;       0,88485;73,32933;50,00000;20,00000;0,66347
652,62299;41,73333;       0,88318;73,32297;50,00000;20,00000;0,66341
652,71802;41,74000;       0,88191;73,31564;50,00000;20,00000;0,66335
652,82300;41,74667;       0,88036;73,30338;49,00000;20,00000;0,66328
652,91199;41,75333;       0,87868;73,28915;49,00000;20,00000;0,66322
653,01801;41,76000;       0,87702;73,28378;49,00000;20,00000;0,66315
653,11902;41,76667;       0,87529;73,27546;50,00000;20,00000;0,66308
653,21802;41,77333;       0,87374;73,25975;49,00000;20,00000;0,66302
653,32001;41,78000;       0,87207;73,25142;51,00000;20,00000;0,66295
653,42297;41,78667;       0,87046;73,24212;51,00000;20,00000;0,66288
653,52698;41,79333;       0,86868;73,22937;49,00000;20,00000;0,66282
653,62402;41,80000;       0,86695;73,21908;49,00000;20,00000;0,66275
653,71698;41,80667;       0,86527;73,20385;49,00000;20,00000;0,66269
653,81799;41,81333;       0,86360;73,19157;49,00000;20,00000;0,66262
653,91602;41,82000;       0,86187;73,17638;51,00000;20,00000;0,66256
654,01703;41,82667;       0,86003;73,16562;51,00000;20,00000;0,66249
654,11798;41,83333;       0,85825;73,15040;52,00000;20,00000;0,66243
654,22302;41,84000;       0,85652;73,13617;49,00000;20,00000;0,66236
654,31897;41,84667;       0,85490;73,12095;49,00000;20,00000;0,66229
654,42700;41,85333;       0,85352;73,10670;50,00000;20,00000;0,66222
654,52197;41,86000;       0,85195;73,09147;50,00000;20,00000;0,66216
654,62201;41,86667;       0,84966;73,07874;50,00000;20,00000;0,66210
654,71997;41,87333;       0,84764;73,06355;50,00000;20,00000;0,66203
654,82001;41,88000;       0,84631;73,05277;50,00000;20,00000;0,66197
654,91901;41,88667;       0,84480;73,03954;49,00000;20,00000;0,66190
655,02100;41,89333;       0,84279;73,02777;49,00000;20,00000;0,66183
655,11603;41,90000;       0,84099;73,01500;51,00000;20,00000;0,66177
655,20697;41,90667;       0,83925;73,00321;51,00000;20,00000;0,66171
655,31598;41,91333;       0,83747;72,99048;50,00000;20,00000;0,66164
655,42102;41,92000;       0,83569;72,97873;50,00000;20,00000;0,66157
655,52600;41,92667;       0,83413;72,96598;50,00000;20,00000;0,66150
655,62097;41,93333;       0,83245;72,95520;49,00000;20,00000;0,66144
655,71399;41,94000;       0,83093;72,94097;51,00000;20,00000;0,66138
655,81897;41,94667;       0,82886;72,93462;51,00000;20,00000;0,66131
655,92102;41,95333;       0,82667;72,92039;52,00000;20,00000;0,66124
656,01898;41,96000;       0,82460;72,90715;52,00000;20,00000;0,66118
656,11603;41,96667;       0,82303;72,89637;49,00000;20,00000;0,66111
656,21899;41,97333;       0,82135;72,88214;49,00000;20,00000;0,66104
656,31702;41,98000;       0,81961;72,87136;50,00000;20,00000;0,66098
656,41998;41,98667;       0,81765;72,85812;50,00000;20,00000;0,66091
656,52100;41,99333;       0,81592;72,84635;50,00000;20,00000;0,66085
656,61499;42,00000;       0,81429;72,83360;50,00000;20,00000;0,66078
656,71503;42,00667;       0,81249;72,82183;49,00000;20,00000;0,66072
656,81799;42,01333;       0,81053;72,80908;49,00000;20,00000;0,66065
656,91803;42,02000;       0,80862;72,79387;51,00000;20,00000;0,66058
657,02197;42,02667;       0,80643;72,78457;50,00000;20,00000;0,66052
657,11298;42,03333;       0,80451;72,76985;50,00000;20,00000;0,66046
657,21399;42,04000;       0,80261;72,75907;50,00000;20,00000;0,66039
657,31201;42,04667;       0,80081;72,74534;49,00000;20,00000;0,66032
657,41803;42,05333;       0,79913;72,73013;49,00000;20,00000;0,66025
657,51099;42,06000;       0,79767;72,71934;50,00000;20,00000;0,66019
657,61102;42,06667;       0,79593;72,70610;50,00000;20,00000;0,66013
657,71802;42,07333;       0,79419;72,69433;52,00000;20,00000;0,66006
657,81500;42,08000;       0,79233;72,68155;52,00000;20,00000;0,65999
657,91998;42,08667;       0,78997;72,66975;49,00000;20,00000;0,65992
658,02197;42,09333;       0,78806;72,65702;49,00000;20,00000;0,65986
658,11798;42,10000;       0,78637;72,64527;50,00000;20,00000;0,65979
658,22498;42,10667;       0,78452;72,63252;50,00000;20,00000;0,65972
658,32098;42,11333;       0,78260;72,62420;50,00000;20,00000;0,65966
658,42297;42,12000;       0,78069;72,61047;50,00000;20,00000;0,65959
658,51898;42,12667;       0,77877;72,59819;50,00000;20,00000;0,65953
658,61499;42,13333;       0,77674;72,58641;49,00000;20,00000;0,65946
658,71997;42,14000;       0,77471;72,57369;51,00000;20,00000;0,65940
658,81799;42,14667;       0,77291;72,56293;49,00000;20,00000;0,65933
658,91498;42,15333;       0,77099;72,54870;50,00000;20,00000;0,65927
659,01202;42,16000;       0,76919;72,53792;50,00000;20,00000;0,65920
659,11798;42,16667;       0,76727;72,52468;49,00000;20,00000;0,65913
659,21600;42,17333;       0,76530;72,51292;49,00000;20,00000;0,65907
659,31097;42,18000;       0,76343;72,50017;50,00000;20,00000;0,65901
659,41498;42,18667;       0,76169;72,48594;50,00000;20,00000;0,65894
659,51501;42,19333;       0,75977;72,47467;51,00000;20,00000;0,65887
659,61102;42,20000;       0,75773;72,46094;51,00000;20,00000;0,65881
659,71503;42,20667;       0,75587;72,45015;51,00000;20,00000;0,65874
659,81299;42,21333;       0,75412;72,43642;49,00000;20,00000;0,65867
659,91400;42,22000;       0,75232;72,42564;49,00000;20,00000;0,65861
660,01300;42,22667;       0,75017;72,41190;50,00000;20,00000;0,65854
660,12201;42,23333;       0,74791;72,39965;50,00000;20,00000;0,65847
660,21100;42,24000;       0,74638;72,38641;50,00000;20,00000;0,65841
660,31097;42,24667;       0,74406;72,37218;50,00000;20,00000;0,65834
660,40900;42,25333;       0,74197;72,36140;49,00000;20,00000;0,65828
660,51300;42,26000;       0,73993;72,34718;50,00000;20,00000;0,65821
660,60901;42,26667;       0,73789;72,33344;50,00000;20,00000;0,65815
660,71198;42,27333;       0,73597;72,31822;50,00000;20,00000;0,65808
660,81201;42,28000;       0,73405;72,30744;50,00000;20,00000;0,65801
660,92297;42,28667;       0,73208;72,29075;50,00000;20,00000;0,65794
661,01202;42,29333;       0,73009;72,27652;49,00000;20,00000;0,65788
661,11700;42,30000;       0,72817;72,26623;50,00000;20,00000;0,65781
661,21600;42,30667;       0,72607;72,25494;50,00000;20,00000;0,65775
661,31500;42,31333;       0,72403;72,23971;52,00000;20,00000;0,65768
661,41101;42,32000;       0,72193;72,22452;52,00000;20,00000;0,65762
661,51202;42,32667;       0,71972;72,21327;52,00000;20,00000;0,65755
661,60699;42,33333;       0,71779;72,19806;49,00000;20,00000;0,65749
661,71100;42,34000;       0,71564;72,18384;49,00000;20,00000;0,65742
661,81097;42,34667;       0,71359;72,17010;50,00000;20,00000;0,65735
661,91602;42,35333;       0,71161;72,15930;50,00000;20,00000;0,65728
662,01099;42,36000;       0,70957;72,14358;50,00000;20,00000;0,65722
662,11102;42,36667;       0,70735;72,12839;50,00000;20,00000;0,65715
662,21198;42,37333;       0,70525;72,11517;49,00000;20,00000;0,65709
662,31097;42,38000;       0,70309;72,09947;49,00000;20,00000;0,65702
662,40698;42,38667;       0,70110;72,08722;50,00000;20,00000;0,65696
662,50403;42,39333;       0,69906;72,07201;50,00000;20,00000;0,65689
662,60999;42,40000;       0,69707;72,05728;50,00000;20,00000;0,65682
662,70398;42,40667;       0,69502;72,04254;50,00000;20,00000;0,65676
662,80200;42,41333;       0,69303;72,02784;49,00000;20,00000;0,65670
662,90698;42,42000;       0,69093;72,01314;49,00000;20,00000;0,65663
663,00897;42,42667;       0,68889;71,99842;51,00000;20,00000;0,65656
663,10999;42,43333;       0,68679;71,98124;51,00000;20,00000;0,65649
663,20801;42,44000;       0,68468;71,96800;51,00000;20,00000;0,65643
663,30902;42,44667;       0,68275;71,95181;50,00000;20,00000;0,65636
663,40198;42,45333;       0,68064;71,93857;50,00000;20,00000;0,65630
663,50098;42,46000;       0,67847;71,92484;49,00000;20,00000;0,65623
663,60199;42,46667;       0,67602;71,91012;50,00000;20,00000;0,65617
663,70099;42,47333;       0,67375;71,89540;50,00000;20,00000;0,65610
663,81000;42,48000;       0,67159;71,88068;49,00000;20,00000;0,65603
663,90399;42,48667;       0,66965;71,86842;49,00000;20,00000;0,65596
664,00702;42,49333;       0,66766;71,85173;49,00000;20,00000;0,65590
664,10498;42,50000;       0,66549;71,83947;49,00000;20,00000;0,65583
664,21100;42,50667;       0,66338;71,82229;50,00000;20,00000;0,65576
664,31000;42,51333;       0,66122;71,81003;50,00000;20,00000;0,65570
664,41199;42,52000;       0,65917;71,79285;50,00000;20,00000;0,65563
664,50500;42,52667;       0,65722;71,78158;50,00000;20,00000;0,65557
664,60699;42,53333;       0,65500;71,76342;49,00000;20,00000;0,65550
664,71002;42,54000;       0,65266;71,75215;49,00000;20,00000;0,65543
664,81000;42,54667;       0,65043;71,73399;51,00000;20,00000;0,65536
664,89801;42,55333;       0,64826;71,72272;51,00000;20,00000;0,65531
665,00800;42,56000;       0,64598;71,70455;50,00000;20,00000;0,65523
665,10199;42,56667;       0,64386;71,69328;50,00000;20,00000;0,65517
665,20203;42,57333;       0,64187;71,67512;50,00000;20,00000;0,65510
665,31201;42,58000;       0,63987;71,66284;50,00000;20,00000;0,65503
665,40399;42,58667;       0,63764;71,64564;50,00000;20,00000;0,65497
665,51001;42,59333;       0,63536;71,63439;50,00000;20,00000;0,65490
665,59698;42,60000;       0,63283;71,61625;50,00000;20,00000;0,65484
665,70599;42,60667;       0,63049;71,60399;52,00000;20,00000;0,65477
665,80103;42,61333;       0,62815;71,58681;49,00000;20,00000;0,65471
665,90698;42,62000;       0,62603;71,57160;49,00000;20,00000;0,65463
666,00098;42,62667;       0,62414;71,55686;50,00000;20,00000;0,65457
666,10303;42,63333;       0,62180;71,53966;50,00000;20,00000;0,65450
666,20898;42,64000;       0,61957;71,52644;50,00000;20,00000;0,65443
666,30402;42,64667;       0,61739;71,51076;50,00000;20,00000;0,65437
666,40698;42,65333;       0,61527;71,49358;49,00000;20,00000;0,65430
666,50403;42,66000;       0,61298;71,48133;49,00000;20,00000;0,65424
666,59998;42,66667;       0,61069;71,46415;49,00000;20,00000;0,65417
666,70203;42,67333;       0,60845;71,45187;49,00000;20,00000;0,65411
666,80499;42,68000;       0,60559;71,43714;51,00000;20,00000;0,65404
666,90302;42,68667;       0,60324;71,42245;52,00000;20,00000;0,65397
667,00299;42,69333;       0,60152;71,40776;52,00000;20,00000;0,65391
667,08899;42,70000;       0,59950;71,39255;49,00000;20,00000;0,65385
667,20203;42,70667;       0,59699;71,37932;49,00000;20,00000;0,65377
667,29199;42,71333;       0,59463;71,36313;50,00000;20,00000;0,65371
667,39099;42,72000;       0,59205;71,34988;50,00000;20,00000;0,65365
667,49902;42,72667;       0,58964;71,33418;52,00000;20,00000;0,65358
667,59698;42,73333;       0,58740;71,31700;52,00000;20,00000;0,65351
667,69397;42,74000;       0,58505;71,29982;49,00000;20,00000;0,65345
667,79797;42,74667;       0,58275;71,28264;49,00000;20,00000;0,65338
667,90302;42,75333;       0,58046;71,26300;50,00000;20,00000;0,65331
668,00000;42,76000;       0,57810;71,24335;50,00000;20,00000;0,65324
668,09497;42,76667;       0,57568;71,22617;50,00000;20,00000;0,65318
668,20099;42,77333;       0,57299;71,20900;49,00000;20,00000;0,65311
668,29797;42,78000;       0,57057;71,18935;49,00000;20,00000;0,65304
668,39899;42,78667;       0,56856;71,16971;49,00000;20,00000;0,65298
668,49902;42,79333;       0,56632;71,15450;50,00000;20,00000;0,65291
668,59998;42,80000;       0,56390;71,13782;50,00000;20,00000;0,65284
668,70502;42,80667;       0,56149;71,12308;51,00000;20,00000;0,65277
668,79498;42,81333;       0,55901;71,10587;51,00000;20,00000;0,65271
668,89899;42,82000;       0,55653;71,08872;49,00000;20,00000;0,65264
669,01001;42,82667;       0,55412;71,07156;49,00000;20,00000;0,65257
669,09900;42,83333;       0,55176;71,05389;50,00000;20,00000;0,65251
669,20099;42,84000;       0,54928;71,03818;50,00000;20,00000;0,65244
669,29797;42,84667;       0,54692;71,01658;51,00000;20,00000;0,65238
669,40100;42,85333;       0,54467;70,99741;51,00000;20,00000;0,65231
669,50000;42,86000;       0,54214;70,98168;50,00000;20,00000;0,65224
669,60303;42,86667;       0,53937;70,96748;50,00000;20,00000;0,65217
669,70801;42,87333;       0,53690;70,94934;49,00000;20,00000;0,65210
669,80200;42,88000;       0,53488;70,93264;49,00000;20,00000;0,65204
669,89899;42,88667;       0,53291;70,91842;50,00000;20,00000;0,65198
670,00403;42,89333;       0,53043;70,89976;50,00000;20,00000;0,65191
670,10797;42,90000;       0,52784;70,88404;50,00000;20,00000;0,65184
670,20599;42,90667;       0,52530;70,86536;50,00000;20,00000;0,65177
670,30298;42,91333;       0,52276;70,84968;49,00000;20,00000;0,65171
670,40601;42,92000;       0,52028;70,83105;49,00000;20,00000;0,65164
670,50201;42,92667;       0,51774;70,81536;51,00000;20,00000;0,65157
670,59998;42,93333;       0,51520;70,79670;51,00000;20,00000;0,65151
670,70203;42,94000;       0,51266;70,77953;50,00000;20,00000;0,65144
670,80298;42,94667;       0,51029;70,76137;50,00000;20,00000;0,65137
670,89301;42,95333;       0,50785;70,74271;49,00000;20,00000;0,65131
670,99799;42,96000;       0,50543;70,72405;49,00000;20,00000;0,65124
671,10199;42,96667;       0,50295;70,70786;51,00000;20,00000;0,65117
671,20697;42,97333;       0,50058;70,68871;51,00000;20,00000;0,65110
671,31000;42,98000;       0,49827;70,67301;51,00000;20,00000;0,65103
671,39899;42,98667;       0,49572;70,65435;51,00000;20,00000;0,65098
671,50500;42,99333;       0,49288;70,63472;49,00000;20,00000;0,65090
671,59998;43,00000;       0,49005;70,61606;49,00000;20,00000;0,65084
671,69501;43,00667;       0,48750;70,59987;50,00000;20,00000;0,65078
671,80603;43,01333;       0,48501;70,58072;50,00000;20,00000;0,65070
671,89697;43,02000;       0,48269;70,56108;50,00000;20,00000;0,65064
672,00299;43,02667;       0,48032;70,54242;49,00000;20,00000;0,65057
672,10498;43,03333;       0,47783;70,52623;49,00000;20,00000;0,65050
672,20898;43,04000;       0,47529;70,50708;49,00000;20,00000;0,65043
672,30603;43,04667;       0,47273;70,48744;51,00000;20,00000;0,65037
672,40302;43,05333;       0,47012;70,46879;51,00000;20,00000;0,65030
672,51099;43,06000;       0,46735;70,45261;50,00000;20,00000;0,65023
672,59399;43,06667;       0,46456;70,43346;50,00000;20,00000;0,65018
672,69702;43,07333;       0,46195;70,41629;49,00000;20,00000;0,65011
672,79498;43,08000;       0,45928;70,39565;49,00000;20,00000;0,65004
672,90002;43,08667;       0,45667;70,37894;51,00000;20,00000;0,64997
672,99799;43,09333;       0,45406;70,35981;51,00000;20,00000;0,64991
673,09998;43,10000;       0,45145;70,34413;51,00000;20,00000;0,64984
673,20300;43,10667;       0,44867;70,32547;51,00000;20,00000;0,64977
673,30603;43,11333;       0,44600;70,30583;49,00000;20,00000;0,64970
673,39697;43,12000;       0,44326;70,28717;49,00000;20,00000;0,64964
673,50800;43,12667;       0,44060;70,27096;49,00000;20,00000;0,64957
673,60199;43,13333;       0,43798;70,25179;50,00000;20,00000;0,64950
673,70398;43,14000;       0,43525;70,23217;50,00000;20,00000;0,64943
673,81097;43,14667;       0,43264;70,21255;49,00000;20,00000;0,64936
673,90198;43,15333;       0,43002;70,19537;49,00000;20,00000;0,64930
674,00201;43,16000;       0,42758;70,17328;49,00000;20,00000;0,64923
674,10901;43,16667;       0,42490;70,15610;49,00000;20,00000;0,64916
674,20398;43,17333;       0,42228;70,13399;51,00000;20,00000;0,64910
674,29901;43,18000;       0,41949;70,11679;51,00000;20,00000;0,64904
674,40302;43,18667;       0,41682;70,09471;50,00000;20,00000;0,64897
674,50000;43,19333;       0,41437;70,07510;50,00000;20,00000;0,64890
674,60303;43,20000;       0,41175;70,05546;49,00000;20,00000;0,64883
674,69397;43,20667;       0,40855;70,03583;51,00000;20,00000;0,64877
674,80402;43,21333;       0,40547;70,01619;51,00000;20,00000;0,64870
674,90002;43,22000;       0,40261;69,99902;52,00000;20,00000;0,64863
674,99902;43,22667;       0,40022;69,97692;52,00000;20,00000;0,64857
675,09100;43,23333;       0,39748;69,95974;49,00000;20,00000;0,64850
675,20398;43,24000;       0,39457;69,93765;49,00000;20,00000;0,64843
675,30103;43,24667;       0,39172;69,92047;49,00000;20,00000;0,64836
675,39001;43,25333;       0,38909;69,89837;50,00000;20,00000;0,64830
675,49799;43,26000;       0,38664;69,87874;50,00000;20,00000;0,64823
675,59802;43,26667;       0,38378;69,85910;50,00000;20,00000;0,64817
675,69501;43,27333;       0,38098;69,83799;50,00000;20,00000;0,64810
675,79401;43,28000;       0,37812;69,81491;49,00000;20,00000;0,64803
675,89398;43,28667;       0,37521;69,79773;49,00000;20,00000;0,64797
675,99200;43,29333;       0,37229;69,77563;51,00000;20,00000;0,64790
676,09399;43,30000;       0,36937;69,75846;51,00000;20,00000;0,64783
676,20001;43,30667;       0,36646;69,73784;50,00000;20,00000;0,64776
676,29199;43,31333;       0,36359;69,72017;50,00000;20,00000;0,64770
676,38898;43,32000;       0,36061;69,69856;49,00000;20,00000;0,64763
676,48999;43,32667;       0,35769;69,68089;49,00000;20,00000;0,64757
676,59601;43,33333;       0,35483;69,65780;51,00000;20,00000;0,64750
676,69702;43,34000;       0,35226;69,64062;51,00000;20,00000;0,64743
676,79303;43,34667;       0,34963;69,61852;51,00000;20,00000;0,64736
676,90100;43,35333;       0,34682;69,59886;52,00000;20,00000;0,64729
677,00098;43,36000;       0,34367;69,57920;49,00000;20,00000;0,64722
677,08899;43,36667;       0,34057;69,55811;49,00000;20,00000;0,64716
677,19501;43,37333;       0,33753;69,53505;50,00000;20,00000;0,64709
677,29102;43,38000;       0,33460;69,51541;50,00000;20,00000;0,64703
677,39801;43,38667;       0,33156;69,49578;50,00000;20,00000;0,64696
677,49298;43,39333;       0,32875;69,46728;50,00000;20,00000;0,64689
677,59302;43,40000;       0,32565;69,45106;49,00000;20,00000;0,64683
677,70001;43,40667;       0,32232;69,43041;49,00000;20,00000;0,64675
677,79901;43,41333;       0,31945;69,40243;50,00000;20,00000;0,64669
677,89203;43,42000;       0,31663;69,37839;49,00000;20,00000;0,64663
678,00098;43,42667;       0,31347;69,35827;50,00000;20,00000;0,64655
678,09302;43,43333;       0,31060;69,33863;50,00000;20,00000;0,64649
678,19000;43,44000;       0,30767;69,31457;50,00000;20,00000;0,64643
678,28699;43,44667;       0,30444;69,29395;50,00000;20,00000;0,64636
678,38702;43,45333;       0,30140;69,27038;49,00000;20,00000;0,64629
678,49500;43,46000;       0,29841;69,25173;49,00000;20,00000;0,64622
678,58698;43,46667;       0,29536;69,23061;51,00000;20,00000;0,64616
678,68903;43,47333;       0,29219;69,20802;51,00000;20,00000;0,64609
678,78900;43,48000;       0,28903;69,18345;51,00000;20,00000;0,64602
678,89398;43,48667;       0,28598;69,16136;52,00000;20,00000;0,64595
678,99902;43,49333;       0,28304;69,13778;52,00000;20,00000;0,64588
679,08698;43,50000;       0,27993;69,11470;49,00000;20,00000;0,64582
679,19000;43,50667;       0,27653;69,09309;49,00000;20,00000;0,64575
679,28900;43,51333;       0,27330;69,07050;50,00000;20,00000;0,64569
679,39203;43,52000;       0,27048;69,04890;50,00000;20,00000;0,64562
679,49200;43,52667;       0,26748;69,02631;50,00000;20,00000;0,64555
679,59003;43,53333;       0,26454;69,00470;49,00000;20,00000;0,64548
679,68903;43,54000;       0,26148;68,98211;51,00000;20,00000;0,64542
679,78900;43,54667;       0,25831;68,96051;49,00000;20,00000;0,64535
679,89001;43,55333;       0,25502;68,93791;49,00000;20,00000;0,64528
679,98999;43,56000;       0,25121;68,91926;50,00000;20,00000;0,64521
680,09601;43,56667;       0,24786;68,90160;50,00000;20,00000;0,64514
680,19000;43,57333;       0,24474;68,88196;50,00000;20,00000;0,64508
680,28497;43,58000;       0,24162;68,86821;50,00000;20,00000;0,64502
680,38800;43,58667;       0,23803;68,85052;50,00000;20,00000;0,64495
680,48901;43,59333;       0,23474;68,83731;49,00000;20,00000;0,64488
680,59100;43,60000;       0,23168;68,82114;49,00000;20,00000;0,64481
680,69098;43,60667;       0,22856;68,80791;51,00000;20,00000;0,64474
680,78198;43,61333;       0,22514;68,78877;51,00000;20,00000;0,64468
680,88300;43,62000;       0,22208;68,76618;52,00000;20,00000;0,64461
680,98700;43,62667;       0,21901;68,74160;52,00000;20,00000;0,64454
681,08099;43,63333;       0,21577;68,71407;49,00000;20,00000;0,64448
681,18402;43,64000;       0,21212;68,68313;49,00000;20,00000;0,64441
681,28302;43,64667;       0,20871;68,65514;50,00000;20,00000;0,64434
681,38300;43,65333;       0,20552;68,62172;50,00000;20,00000;0,64428
681,48999;43,66000;       0,20211;68,59125;51,00000;20,00000;0,64420
681,58899;43,66667;       0,19875;68,55586;51,00000;20,00000;0,64414
681,69202;43,67333;       0,19556;68,52735;51,00000;20,00000;0,64407
681,78601;43,68000;       0,19237;68,49637;49,00000;20,00000;0,64400
681,88702;43,68667;       0,18907;68,46888;49,00000;20,00000;0,64394
681,98999;43,69333;       0,18582;68,44188;50,00000;20,00000;0,64387
682,07703;43,70000;       0,18252;68,41486;50,00000;20,00000;0,64381
682,18701;43,70667;       0,17915;68,38784;50,00000;20,00000;0,64373
682,28400;43,71333;       0,17579;68,36328;50,00000;20,00000;0,64367
682,39502;43,72000;       0,17254;68,33429;50,00000;20,00000;0,64359
682,48499;43,72667;       0,16917;68,30924;49,00000;20,00000;0,64353
682,58398;43,73333;       0,16592;68,28320;49,00000;20,00000;0,64347
682,69000;43,74000;       0,16255;68,25766;51,00000;20,00000;0,64340
682,78198;43,74667;       0,15913;68,23064;51,00000;20,00000;0,64333
682,89301;43,75333;       0,15570;68,20608;52,00000;20,00000;0,64326
682,97998;43,76000;       0,15198;68,18004;52,00000;20,00000;0,64320
683,09003;43,76667;       0,14838;68,15696;49,00000;20,00000;0,64313
683,18799;43,77333;       0,14489;68,13092;49,00000;20,00000;0,64306
683,28802;43,78000;       0,14146;68,10784;51,00000;20,00000;0,64299
683,38898;43,78667;       0,13826;68,08180;51,00000;20,00000;0,64292
683,48901;43,79333;       0,13488;68,05872;52,00000;20,00000;0,64286
683,58899;43,80000;       0,13110;68,03268;52,00000;20,00000;0,64279
683,69397;43,80667;       0,12743;68,00960;49,00000;20,00000;0,64272
683,78302;43,81333;       0,12412;67,98357;49,00000;20,00000;0,64266
683,88800;43,82000;       0,12051;67,96049;49,00000;20,00000;0,64259
683,98999;43,82667;       0,11695;67,93446;49,00000;20,00000;0,64252
684,08801;43,83333;       0,11352;67,91138;50,00000;20,00000;0,64245
684,18597;43,84000;       0,10990;67,88534;50,00000;20,00000;0,64239
684,28900;43,84667;       0,10623;67,86226;49,00000;20,00000;0,64232
684,38098;43,85333;       0,10273;67,83621;49,00000;20,00000;0,64225
684,48700;43,86000; 9,923745e-002;67,81311;49,00000;20,00000;0,64218
684,59003;43,86667; 9,573914e-002;67,78661;49,00000;20,00000;0,64211
684,67603;43,87333; 9,229691e-002;67,75961;49,00000;20,00000;0,64205
684,78198;43,88000; 8,885592e-002;67,73456;51,00000;20,00000;0,64198
684,88501;43,88667; 8,523839e-002;67,71000;50,00000;20,00000;0,64191
684,97998;43,89333; 8,091729e-002;67,68544;50,00000;20,00000;0,64185
685,08197;43,90000; 7,723955e-002;67,66086;49,00000;20,00000;0,64178
685,18597;43,90667; 7,350265e-002;67,63627;49,00000;20,00000;0,64171
685,28601;43,91333; 6,976464e-002;67,61174;51,00000;20,00000;0,64164
685,38202;43,92000; 6,631823e-002;67,58031;51,00000;20,00000;0,64158
685,49298;43,92667; 6,275504e-002;67,55427;52,00000;20,00000;0,64150
685,58398;43,93333; 5,907268e-002;67,53660;52,00000;20,00000;0,64144
685,68701;43,94000; 5,562451e-002;67,50959;52,00000;20,00000;0,64137
685,78802;43,94667; 5,205838e-002;67,48205;49,00000;20,00000;0,64130
685,88599;43,95333; 4,802282e-002;67,45206;49,00000;20,00000;0,64124
685,98499;43,96000; 4,416218e-002;67,43097;49,00000;20,00000;0,64117
686,07800;43,96667; 4,018333e-002;67,40938;50,00000;20,00000;0,64111
686,19098;43,97333; 3,626304e-002;67,37743;50,00000;20,00000;0,64103
686,29102;43,98000; 3,234137e-002;67,35041;49,00000;20,00000;0,64096
686,38702;43,98667; 2,882893e-002;67,32338;49,00000;20,00000;0,64090
686,49402;43,99333; 2,531606e-002;67,29635;49,00000;20,00000;0,64083
686,59399;44,00000; 2,162642e-002;67,27180;49,00000;20,00000;0,64076
686,70599;44,00667; 1,776038e-002;67,24577;50,00000;20,00000;0,64068
686,79303;44,01333; 1,412755e-002;67,21777;50,00000;20,00000;0,64062
686,88898;44,02000; 1,031826e-002;67,19174;50,00000;20,00000;0,64056
686,98901;44,02667; 6,449592e-003;67,16670;50,00000;20,00000;0,64049
687,08197;44,03333; 2,345537e-003;67,13821;50,00000;20,00000;0,64043
687,19202;44,04000;-1,818002e-003;67,11267;49,00000;20,00000;0,64035
687,28003;44,04667;-5,747769e-003;67,08417;49,00000;20,00000;0,64029
687,38000;44,05333;-9,443761e-003;67,05567;50,00000;20,00000;0,64023
687,49103;44,06000;-1,319935e-002;67,02570;50,00000;20,00000;0,64015
687,58502;44,06667;-1,713153e-002;66,99966;51,00000;20,00000;0,64009
687,69202;44,07333;-2,100610e-002;66,97117;51,00000;20,00000;0,64001
687,78900;44,08000;-2,488129e-002;66,94167;49,00000;20,00000;0,63995
687,89203;44,08667;-2,899221e-002;66,91217;50,00000;20,00000;0,63988
687,98199;44,09333;-3,310358e-002;66,88369;50,00000;20,00000;0,63982
688,07898;44,10000;-3,703990e-002;66,85522;49,00000;20,00000;0,63975
688,19098;44,10667;-4,091897e-002;66,82821;50,00000;20,00000;0,63968
688,28601;44,11333;-4,485688e-002;66,79922;50,00000;20,00000;0,63961
688,38098;44,12000;-4,879557e-002;66,77072;51,00000;20,00000;0,63955
688,48798;44,12667;-5,285318e-002;66,74467;49,00000;20,00000;0,63947
688,58301;44,13333;-5,667606e-002;66,71664;49,00000;20,00000;0,63941
688,68500;44,14000;-6,055890e-002;66,68670;50,00000;20,00000;0,63934
688,78802;44,14667;-6,456014e-002;66,66068;49,00000;20,00000;0,63927
688,87903;44,15333;-6,838513e-002;66,63219;49,00000;20,00000;0,63921
688,98999;44,16000;-7,244741e-002;66,60271;50,00000;20,00000;0,63913
689,07898;44,16667;-7,656764e-002;66,57324;50,00000;20,00000;0,63907
689,18903;44,17333;-8,051413e-002;66,54472;50,00000;20,00000;0,63900
689,27899;44,18000;-8,445975e-002;66,51473;50,00000;20,00000;0,63894
689,37701;44,18667;-8,864200e-002;66,48576;49,00000;20,00000;0,63887
689,48499;44,19333;-9,288489e-002;66,45582;49,00000;20,00000;0,63880
689,58398;44,20000;-9,695145e-002;66,42684;51,00000;20,00000;0,63873
689,68701;44,20667;      -0,10108;66,39687;51,00000;20,00000;0,63866
689,77197;44,21333;      -0,10520;66,37084;52,00000;20,00000;0,63860
689,87598;44,22000;      -0,10921;66,34234;52,00000;20,00000;0,63853
689,97198;44,22667;      -0,11305;66,31287;49,00000;20,00000;0,63847
690,08301;44,23333;      -0,11706;66,28339;49,00000;20,00000;0,63839
690,17603;44,24000;      -0,12107;66,25391;49,00000;20,00000;0,63833
690,27502;44,24667;      -0,12521;66,22442;49,00000;20,00000;0,63826
690,38300;44,25333;      -0,12940;66,19593;51,00000;20,00000;0,63819
690,47498;44,26000;      -0,13347;66,16596;52,00000;20,00000;0,63813
690,57800;44,26667;      -0,13778;66,13697;52,00000;20,00000;0,63806
690,68201;44,27333;      -0,14198;66,10699;52,00000;20,00000;0,63799
690,77301;44,28000;      -0,14611;66,07800;49,00000;20,00000;0,63792
690,88702;44,28667;      -0,15037;66,04804;49,00000;20,00000;0,63785
690,98199;44,29333;      -0,15451;66,01807;50,00000;20,00000;0,63778
691,08099;44,30000;      -0,15876;65,98711;50,00000;20,00000;0,63772
691,17102;44,30667;      -0,16302;65,95418;50,00000;20,00000;0,63765
691,27899;44,31333;      -0,16745;65,92323;50,00000;20,00000;0,63758
691,37799;44,32000;      -0,17177;65,89179;50,00000;20,00000;0,63751
691,48297;44,32667;      -0,17568;65,86034;49,00000;20,00000;0,63744
691,57599;44,33333;      -0,17970;65,82791;49,00000;20,00000;0,63738
691,67499;44,34000;      -0,18396;65,79745;49,00000;20,00000;0,63731
691,77502;44,34667;      -0,18829;65,76748;50,00000;20,00000;0,63724
691,87097;44,35333;      -0,19273;65,73404;50,00000;20,00000;0,63718
691,97699;44,36000;      -0,19705;65,70356;50,00000;20,00000;0,63711
692,07098;44,36667;      -0,20137;65,67410;50,00000;20,00000;0,63704
692,17603;44,37333;      -0,20558;65,64465;49,00000;20,00000;0,63697
692,26898;44,38000;      -0,20973;65,61123;49,00000;20,00000;0,63691
692,37500;44,38667;      -0,21388;65,58076;50,00000;20,00000;0,63684
692,47498;44,39333;      -0,21821;65,54734;50,00000;20,00000;0,63677
692,58197;44,40000;      -0,22248;65,51685;50,00000;20,00000;0,63670
692,67999;44,40667;      -0,22681;65,48341;51,00000;20,00000;0,63663
692,77399;44,41333;      -0,23149;65,45297;51,00000;20,00000;0,63656
692,87903;44,42000;      -0,23559;65,41958;51,00000;20,00000;0,63649
692,97498;44,42667;      -0,23957;65,38911;49,00000;20,00000;0,63643
693,07703;44,43333;      -0,24378;65,35422;49,00000;20,00000;0,63636
693,17902;44,44000;      -0,24818;65,32031;50,00000;20,00000;0,63629
693,27197;44,44667;      -0,25263;65,28933;50,00000;20,00000;0,63623
693,37903;44,45333;      -0,25697;65,25638;50,00000;20,00000;0,63615
693,47998;44,46000;      -0,26136;65,22545;51,00000;20,00000;0,63608
693,57599;44,46667;      -0,26582;65,19255;50,00000;20,00000;0,63602
693,68298;44,47333;      -0,27028;65,15913;50,00000;20,00000;0,63595
693,77698;44,48000;      -0,27462;65,12866;49,00000;20,00000;0,63588
693,87500;44,48667;      -0,27902;65,09525;49,00000;20,00000;0,63582
693,98102;44,49333;      -0,28342;65,06183;49,00000;20,00000;0,63574
694,07800;44,50000;      -0,28782;65,02990;49,00000;20,00000;0,63568
694,18103;44,50667;      -0,29222;64,99501;50,00000;20,00000;0,63561
694,28003;44,51333;      -0,29704;64,95323;50,00000;20,00000;0,63554
694,37500;44,52000;      -0,30174;64,92425;50,00000;20,00000;0,63548
694,46997;44,52667;      -0,30615;64,89084;49,00000;20,00000;0,63541
694,57397;44,53333;      -0,31061;64,85497;49,00000;20,00000;0,63534
694,66901;44,54000;      -0,31514;64,82205;51,00000;20,00000;0,63527
694,76599;44,54667;      -0,31937;64,79159;51,00000;20,00000;0,63521
694,87097;44,55333;      -0,32354;64,75374;52,00000;20,00000;0,63514
694,96899;44,56000;      -0,32801;64,72033;52,00000;20,00000;0,63507
695,06702;44,56667;      -0,33236;64,68396;52,00000;20,00000;0,63500
695,17297;44,57333;      -0,33666;64,64956;49,00000;20,00000;0,63493
695,26001;44,58000;      -0,34113;64,61516;49,00000;20,00000;0,63487
695,36798;44,58667;      -0,34548;64,58076;51,00000;20,00000;0,63480
695,46399;44,59333;      -0,34984;64,54390;51,00000;20,00000;0,63473
695,56897;44,60000;      -0,35438;64,51147;52,00000;20,00000;0,63466
695,66803;44,60667;      -0,35921;64,47510;52,00000;20,00000;0,63459
695,76501;44,61333;      -0,36392;64,44266;52,00000;20,00000;0,63453
695,87299;44,62000;      -0,36858;64,40630;49,00000;20,00000;0,63445
695,96899;44,62667;      -0,37312;64,37384;49,00000;20,00000;0,63439
696,06702;44,63333;      -0,37765;64,33745;50,00000;20,00000;0,63432
696,16101;44,64000;      -0,38219;64,30504;50,00000;20,00000;0,63426
696,26703;44,64667;      -0,38680;64,26820;50,00000;20,00000;0,63419
696,36902;44,65333;      -0,39128;64,23182;50,00000;20,00000;0,63412
696,47302;44,66000;      -0,39577;64,19496;49,00000;20,00000;0,63405
696,57300;44,66667;      -0,40037;64,16253;49,00000;20,00000;0,63398
696,67401;44,67333;      -0,40492;64,12613;51,00000;20,00000;0,63391
696,76300;44,68000;      -0,40940;64,09368;51,00000;20,00000;0,63385
696,87701;44,68667;      -0,41377;64,05536;52,00000;20,00000;0,63377
696,97302;44,69333;      -0,41820;64,02049;50,00000;20,00000;0,63370
697,07098;44,70000;      -0,42281;63,98363;49,00000;20,00000;0,63364
697,17102;44,70667;      -0,42742;63,95121;49,00000;20,00000;0,63357
697,27002;44,71333;      -0,43215;63,91287;49,00000;20,00000;0,63350
697,37097;44,72000;      -0,43688;63,87798;49,00000;20,00000;0,63343
697,45801;44,72667;      -0,44148;63,84112;51,00000;20,00000;0,63337
697,56702;44,73333;      -0,44604;63,80869;51,00000;20,00000;0,63330
697,66998;44,74000;      -0,45060;63,77183;52,00000;20,00000;0,63323
697,76801;44,74667;      -0,45521;63,73546;52,00000;20,00000;0,63316
697,86798;44,75333;      -0,45971;63,69811;49,00000;20,00000;0,63309
697,96899;44,76000;      -0,46433;63,66174;49,00000;20,00000;0,63302
698,06598;44,76667;      -0,46883;63,62439;50,00000;20,00000;0,63296
698,16803;44,77333;      -0,47357;63,58802;50,00000;20,00000;0,63289
698,26202;44,78000;      -0,47819;63,55066;50,00000;20,00000;0,63282
698,36603;44,78667;      -0,48340;63,51429;50,00000;20,00000;0,63275
698,47400;44,79333;      -0,48815;63,47694;50,00000;20,00000;0,63268
698,56897;44,80000;      -0,49289;63,44057;49,00000;20,00000;0,63261
698,66699;44,80667;      -0,49710;63,39927;49,00000;20,00000;0,63255
698,76703;44,81333;      -0,50148;63,36635;50,00000;20,00000;0,63248
698,86603;44,82000;      -0,50635;63,32555;50,00000;20,00000;0,63241
698,97699;44,82667;      -0,51098;63,29017;50,00000;20,00000;0,63234
699,07300;44,83333;      -0,51561;63,25134;49,00000;20,00000;0,63227
699,16498;44,84000;      -0,52047;63,21645;49,00000;20,00000;0,63221
699,26202;44,84667;      -0,52510;63,17763;49,00000;20,00000;0,63214
699,37000;44,85333;      -0,52979;63,14075;49,00000;20,00000;0,63207
699,46503;44,86000;      -0,53431;63,10338;49,00000;20,00000;0,63200
699,56500;44,86667;      -0,53906;63,06704;51,00000;20,00000;0,63193
699,66498;44,87333;      -0,54375;63,02577;51,00000;20,00000;0,63187
699,76300;44,88000;      -0,54851;62,99039;52,00000;20,00000;0,63180
699,85400;44,88667;      -0,55331;62,95157;49,00000;20,00000;0,63174
699,96503;44,89333;      -0,55808;62,91471;49,00000;20,00000;0,63166
700,05798;44,90000;      -0,56289;62,87291;50,00000;20,00000;0,63160
700,15100;44,90667;      -0,56759;62,83603;50,00000;20,00000;0,63153
700,25702;44,91333;      -0,57217;62,79476;50,00000;20,00000;0,63146
700,35699;44,92000;      -0,57693;62,75940;51,00000;20,00000;0,63139
700,45801;44,92667;      -0,58157;62,71810;49,00000;20,00000;0,63132
700,56000;44,93333;      -0,58622;62,68074;49,00000;20,00000;0,63125
700,66199;44,94000;      -0,59099;62,64191;50,00000;20,00000;0,63118
700,76398;44,94667;      -0,59599;62,60503;50,00000;20,00000;0,63111
700,86700;44,95333;      -0,60070;62,56322;50,00000;20,00000;0,63104
700,95898;44,96000;      -0,60516;62,52638;50,00000;20,00000;0,63098
701,06201;44,96667;      -0,60981;62,48463;50,00000;20,00000;0,63091
701,15698;44,97333;      -0,61452;62,44777;49,00000;20,00000;0,63085
701,25702;44,98000;      -0,61965;62,40599;49,00000;20,00000;0,63078
701,35303;44,98667;      -0,62424;62,36913;49,00000;20,00000;0,63071
701,46503;44,99333;      -0,62902;62,32735;49,00000;20,00000;0,63063
701,55402;45,00000;      -0,63372;62,28802;51,00000;20,00000;0,63057
701,65698;45,00667;      -0,63838;62,23295;51,00000;20,00000;0,63050
701,76300;45,01333;      -0,64316;62,19806;50,00000;20,00000;0,63043
701,85901;45,02000;      -0,64793;62,16563;50,00000;20,00000;0,63036
701,96100;45,02667;      -0,65295;62,11302;49,00000;20,00000;0,63029
702,05603;45,03333;      -0,65790;62,07272;49,00000;20,00000;0,63023
702,15503;45,04000;      -0,66262;62,03094;51,00000;20,00000;0,63016
702,25000;45,04667;      -0,66740;61,98718;52,00000;20,00000;0,63010
702,35303;45,05333;      -0,67224;61,94983;52,00000;20,00000;0,63003
702,46399;45,06000;      -0,67679;61,90952;49,00000;20,00000;0,62995
702,55902;45,06667;      -0,68134;61,86823;49,00000;20,00000;0,62989
702,66101;45,07333;      -0,68606;61,82743;49,00000;20,00000;0,62982
702,75897;45,08000;      -0,69097;61,78466;50,00000;20,00000;0,62975
702,85498;45,08667;      -0,69569;61,73845;50,00000;20,00000;0,62968
702,96399;45,09333;      -0,70036;61,70060;50,00000;20,00000;0,62961
703,05902;45,10000;      -0,70527;61,65488;50,00000;20,00000;0,62954
703,15900;45,10667;      -0,71000;61,61703;49,00000;20,00000;0,62947
703,25800;45,11333;      -0,71455;61,57131;49,00000;20,00000;0,62941
703,36603;45,12000;      -0,71947;61,52953;51,00000;20,00000;0,62933
703,45898;45,12667;      -0,72473;61,48675;50,00000;20,00000;0,62927
703,56201;45,13333;      -0,72959;61,44592;52,00000;20,00000;0,62920
703,65503;45,14000;      -0,73408;61,40318;51,00000;20,00000;0,62913
703,75897;45,14667;      -0,73852;61,36241;49,00000;20,00000;0,62906
703,85797;45,15333;      -0,74320;61,31571;49,00000;20,00000;0,62899
703,95898;45,16000;      -0,74794;61,27786;49,00000;20,00000;0,62893
704,05499;45,16667;      -0,75273;61,23214;51,00000;20,00000;0,62886
704,16199;45,17333;      -0,75754;61,19033;51,00000;20,00000;0,62879
704,26099;45,18000;      -0,76240;61,14754;51,00000;20,00000;0,62872
704,36499;45,18667;      -0,76703;61,10676;52,00000;20,00000;0,62865
704,45599;45,19333;      -0,77164;61,06402;52,00000;20,00000;0,62858
704,56403;45,20000;      -0,77627;61,02322;49,00000;20,00000;0,62851
704,66101;45,20667;      -0,78096;60,97652;49,00000;20,00000;0,62844
704,76001;45,21333;      -0,78558;60,93474;50,00000;20,00000;0,62838
704,86401;45,22000;      -0,79016;60,89198;50,00000;20,00000;0,62830
704,95898;45,22667;      -0,79508;60,85119;50,00000;20,00000;0,62824
705,05298;45,23333;      -0,80000;60,80449;50,00000;20,00000;0,62817
705,15302;45,24000;      -0,80488;60,76271;50,00000;20,00000;0,62811
705,25299;45,24667;      -0,80981;60,71601;50,00000;20,00000;0,62804
705,35303;45,25333;      -0,81438;60,67423;49,00000;20,00000;0,62797
705,45099;45,26000;      -0,81895;60,62753;51,00000;20,00000;0,62790
705,55499;45,26667;      -0,82371;60,58575;51,00000;20,00000;0,62783
705,64801;45,27333;      -0,82858;60,53905;50,00000;20,00000;0,62777
705,75098;45,28000;      -0,83340;60,49727;49,00000;20,00000;0,62770
705,84601;45,28667;      -0,83774;60,45057;49,00000;20,00000;0,62763
705,95001;45,29333;      -0,84238;60,40879;51,00000;20,00000;0,62756
706,04999;45,30000;      -0,84726;60,36209;51,00000;20,00000;0,62749
706,14502;45,30667;      -0,85184;60,32031;52,00000;20,00000;0,62743
706,24402;45,31333;      -0,85642;60,27361;52,00000;20,00000;0,62736
706,34998;45,32000;      -0,86107;60,23183;49,00000;20,00000;0,62728
706,44598;45,32667;      -0,86583;60,18512;49,00000;20,00000;0,62722
706,54700;45,33333;      -0,87053;60,14334;50,00000;20,00000;0,62715
706,64502;45,34000;      -0,87518;60,09664;50,00000;20,00000;0,62708
706,74701;45,34667;      -0,87995;60,05338;50,00000;20,00000;0,62701
706,84601;45,35333;      -0,88478;60,00616;50,00000;20,00000;0,62694
706,95001;45,36000;      -0,88949;59,96140;49,00000;20,00000;0,62687
707,04303;45,36667;      -0,89419;59,91472;49,00000;20,00000;0,62681
707,14801;45,37333;      -0,89873;59,87148;49,00000;20,00000;0,62674
707,24597;45,38000;      -0,90320;59,82428;51,00000;20,00000;0,62667
707,35101;45,38667;      -0,90798;59,77955;50,00000;20,00000;0,62660
707,45099;45,39333;      -0,91294;59,73285;50,00000;20,00000;0,62653
707,54901;45,40000;      -0,91759;59,68957;49,00000;20,00000;0,62646
707,64697;45,40667;      -0,92230;59,63939;49,00000;20,00000;0,62639
707,74298;45,41333;      -0,92690;59,59764;49,00000;20,00000;0,62633
707,85303;45,42000;      -0,93169;59,55096;51,00000;20,00000;0,62625
707,94098;45,42667;      -0,93634;59,50769;51,00000;20,00000;0,62619
708,04303;45,43333;      -0,94046;59,45754;52,00000;20,00000;0,62612
708,15302;45,44000;      -0,94477;59,41576;52,00000;20,00000;0,62604
708,25403;45,44667;      -0,94926;59,36756;49,00000;20,00000;0,62598
708,35498;45,45333;      -0,95368;59,32231;49,00000;20,00000;0,62591
708,44598;45,46000;      -0,95840;59,27415;50,00000;20,00000;0,62584
708,53802;45,46667;      -0,96318;59,22894;50,00000;20,00000;0,62578
708,65002;45,47333;      -0,96780;59,18076;50,00000;20,00000;0,62570
708,74902;45,48000;      -0,97234;59,13455;50,00000;20,00000;0,62563
708,84698;45,48667;      -0,97671;59,08391;49,00000;20,00000;0,62557
708,95801;45,49333;      -0,98121;59,04065;49,00000;20,00000;0,62549
709,04498;45,50000;      -0,98569;58,99050;51,00000;20,00000;0,62543
709,15198;45,50667;      -0,99013;58,94724;50,00000;20,00000;0,62536
709,24902;45,51333;      -0,99450;58,89710;50,00000;20,00000;0,62529
709,34698;45,52000;      -0,99905;58,85384;49,00000;20,00000;0,62522
709,44702;45,52667;      -1,00373;58,80370;49,00000;20,00000;0,62515
709,54901;45,53333;      -1,00822;58,76044;49,00000;20,00000;0,62508
709,64301;45,54000;      -1,01266;58,71029;51,00000;20,00000;0,62502
709,74402;45,54667;      -1,01697;58,66703;51,00000;20,00000;0,62495
709,84698;45,55333;      -1,02136;58,61590;50,00000;20,00000;0,62488
709,95099;45,56000;      -1,02574;58,56920;50,00000;20,00000;0,62481
710,04199;45,56667;      -1,03005;58,51757;50,00000;20,00000;0,62474
710,14600;45,57333;      -1,03426;58,46298;50,00000;20,00000;0,62467
710,25000;45,58000;      -1,03852;58,41382;50,00000;20,00000;0,62460
710,34998;45,58667;      -1,04279;58,36859;50,00000;20,00000;0,62453
710,45801;45,59333;      -1,04706;58,31598;49,00000;20,00000;0,62446
710,55103;45,60000;      -1,05132;58,27027;49,00000;20,00000;0,62439
710,64301;45,60667;      -1,05552;58,21864;49,00000;20,00000;0,62433
710,74701;45,61333;      -1,05985;58,16849;51,00000;20,00000;0,62426
710,84302;45,62000;      -1,06411;58,11982;51,00000;20,00000;0,62419
710,95203;45,62667;      -1,06839;58,06916;50,00000;20,00000;0,62412
711,04901;45,63333;      -1,07242;58,01653;49,00000;20,00000;0,62405
711,14697;45,64000;      -1,07645;57,97034;50,00000;20,00000;0,62398
711,24701;45,64667;      -1,08048;57,92021;49,00000;20,00000;0,62391
711,34698;45,65333;      -1,08445;57,86809;49,00000;20,00000;0,62385
711,44702;45,66000;      -1,08854;57,81696;51,00000;20,00000;0,62378
711,55103;45,66667;      -1,09252;57,76928;51,00000;20,00000;0,62370
711,64600;45,67333;      -1,09661;57,71862;50,00000;20,00000;0,62364
711,75098;45,68000;      -1,10113;57,67041;50,00000;20,00000;0,62357
711,84497;45,68667;      -1,10540;57,61832;49,00000;20,00000;0,62350
711,94000;45,69333;      -1,10956;57,56820;49,00000;20,00000;0,62344
712,04303;45,70000;      -1,11324;57,51706;50,00000;20,00000;0,62337
712,14398;45,70667;      -1,11770;57,46937;50,00000;20,00000;0,62330
712,24799;45,71333;      -1,12181;57,41872;49,00000;20,00000;0,62322
712,35199;45,72000;      -1,12531;57,36658;49,00000;20,00000;0,62315
712,45599;45,72667;      -1,12930;57,31542;49,00000;20,00000;0,62308
712,54999;45,73333;      -1,13333;57,26726;49,00000;20,00000;0,62302
712,64502;45,74000;      -1,13761;57,21517;50,00000;20,00000;0,62295
712,75299;45,74667;      -1,14179;57,16502;50,00000;20,00000;0,62288
712,85101;45,75333;      -1,14517;57,11389;50,00000;20,00000;0,62281
712,95203;45,76000;      -1,14873;57,06178;50,00000;20,00000;0,62274
713,04797;45,76667;      -1,15247;57,01065;49,00000;20,00000;0,62267
713,14801;45,77333;      -1,15640;56,96247;49,00000;20,00000;0,62260
713,24200;45,78000;      -1,16014;56,91036;49,00000;20,00000;0,62254
713,34900;45,78667;      -1,16390;56,85972;51,00000;20,00000;0,62246
713,44501;45,79333;      -1,16776;56,80712;52,00000;20,00000;0,62240
713,53998;45,80000;      -1,17175;56,75648;52,00000;20,00000;0,62233
713,64301;45,80667;      -1,17526;56,70387;49,00000;20,00000;0,62226
713,74597;45,81333;      -1,17859;56,65323;49,00000;20,00000;0,62219
713,83899;45,82000;      -1,18204;56,59816;50,00000;20,00000;0,62213
713,94800;45,82667;      -1,18568;56,54949;50,00000;20,00000;0,62205
714,04303;45,83333;      -1,18931;56,49491;50,00000;20,00000;0,62198
714,14398;45,84000;      -1,19288;56,44623;50,00000;20,00000;0,62192
714,24500;45,84667;      -1,19652;56,39166;50,00000;20,00000;0,62185
714,34399;45,85333;      -1,20015;56,34296;51,00000;20,00000;0,62178
714,44702;45,86000;      -1,20361;56,28836;49,00000;20,00000;0,62171
714,54401;45,86667;      -1,20707;56,23971;49,00000;20,00000;0,62164
714,64502;45,87333;      -1,21034;56,18516;49,00000;20,00000;0,62157
714,74298;45,88000;      -1,21362;56,13648;50,00000;20,00000;0,62150
714,84497;45,88667;      -1,21684;56,08190;50,00000;20,00000;0,62143
714,94501;45,89333;      -1,22018;56,03077;50,00000;20,00000;0,62136
715,04602;45,90000;      -1,22333;55,97813;50,00000;20,00000;0,62129
715,14801;45,90667;      -1,22686;55,92549;49,00000;20,00000;0,62122
715,25403;45,91333;      -1,23027;55,87044;49,00000;20,00000;0,62115
715,34802;45,92000;      -1,23336;55,82179;51,00000;20,00000;0,62108
715,45502;45,92667;      -1,23653;55,76721;51,00000;20,00000;0,62101
715,55298;45,93333;      -1,23987;55,71460;51,00000;20,00000;0,62094
715,64801;45,94000;      -1,24315;55,66347;52,00000;20,00000;0,62088
715,75800;45,94667;      -1,24590;55,61084;49,00000;20,00000;0,62080
715,85498;45,95333;      -1,24906;55,55575;49,00000;20,00000;0,62073
715,94897;45,96000;      -1,25209;55,50464;50,00000;20,00000;0,62067
716,04199;45,96667;      -1,25507;55,45205;51,00000;20,00000;0,62060
716,15198;45,97333;      -1,25807;55,39944;51,00000;20,00000;0,62053
716,25098;45,98000;      -1,26135;55,34437;50,00000;20,00000;0,62046
716,35602;45,98667;      -1,26453;55,29177;50,00000;20,00000;0,62039
716,45502;45,99333;      -1,26691;55,23817;50,00000;20,00000;0,62032
716,55103;46,00000;      -1,26946;55,18556;49,00000;20,00000;0,62025
716,64600;46,00667;      -1,27208;55,13246;49,00000;20,00000;0,62019
716,75598;46,01333;      -1,27490;55,07985;50,00000;20,00000;0,62011
716,85303;46,02000;      -1,27764;55,02478;50,00000;20,00000;0,62004
716,95502;46,02667;      -1,28046;54,97168;49,00000;20,00000;0,61997
717,04797;46,03333;      -1,28313;54,91660;49,00000;20,00000;0,61991
717,15997;46,04000;      -1,28584;54,86351;49,00000;20,00000;0,61983
717,25702;46,04667;      -1,28840;54,80844;49,00000;20,00000;0,61976
717,35101;46,05333;      -1,29096;54,75534;51,00000;20,00000;0,61970
717,44897;46,06000;      -1,29340;54,70027;51,00000;20,00000;0,61963
717,56097;46,06667;      -1,29538;54,64718;51,00000;20,00000;0,61955
717,64697;46,07333;      -1,29745;54,59210;51,00000;20,00000;0,61949
717,74597;46,08000;      -1,29965;54,53949;49,00000;20,00000;0,61942
717,84900;46,08667;      -1,30180;54,48836;49,00000;20,00000;0,61935
717,95898;46,09333;      -1,30391;54,43575;50,00000;20,00000;0,61928
718,05603;46,10000;      -1,30617;54,36739;50,00000;20,00000;0,61921
718,15503;46,10667;      -1,30838;54,31133;51,00000;20,00000;0,61914
718,25500;46,11333;      -1,31058;54,25823;51,00000;20,00000;0,61907
718,35602;46,12000;      -1,31261;54,20317;50,00000;20,00000;0,61900
718,44897;46,12667;      -1,31433;54,15005;50,00000;20,00000;0,61894
718,55603;46,13333;      -1,31612;54,09496;49,00000;20,00000;0,61886
718,65100;46,14000;      -1,31790;54,04188;49,00000;20,00000;0,61880
718,74799;46,14667;      -1,31956;53,99521;50,00000;20,00000;0,61873
718,84802;46,15333;      -1,32129;53,93620;50,00000;20,00000;0,61866
718,95099;46,16000;      -1,32308;53,88162;50,00000;20,00000;0,61859
719,05402;46,16667;      -1,32493;53,82606;50,00000;20,00000;0,61852
719,14899;46,17333;      -1,32641;53,77047;49,00000;20,00000;0,61845
719,26001;46,18000;      -1,32797;53,71586;49,00000;20,00000;0,61838
719,35199;46,18667;      -1,32932;53,66131;49,00000;20,00000;0,61831
719,45599;46,19333;      -1,33063;53,60774;51,00000;20,00000;0,61824
719,54901;46,20000;      -1,33199;53,55218;50,00000;20,00000;0,61818
719,64600;46,20667;      -1,33341;53,49760;50,00000;20,00000;0,61811
719,75702;46,21333;      -1,33467;53,44302;49,00000;20,00000;0,61803
719,85699;46,22000;      -1,33603;53,38940;49,00000;20,00000;0,61796
719,96002;46,22667;      -1,33704;53,33479;49,00000;20,00000;0,61789
720,05798;46,23333;      -1,33791;53,28122;49,00000;20,00000;0,61782
720,15698;46,24000;      -1,33897;53,22420;51,00000;20,00000;0,61775
720,26202;46,24667;      -1,33992;53,17012;51,00000;20,00000;0,61768
720,35901;46,25333;      -1,34080;53,11456;52,00000;20,00000;0,61761
720,46002;46,26000;      -1,34174;53,05998;52,00000;20,00000;0,61754
720,56500;46,26667;      -1,34220;53,00541;49,00000;20,00000;0,61747
720,65399;46,27333;      -1,34222;52,95182;49,00000;20,00000;0,61741
720,75897;46,28000;      -1,34231;52,89478;50,00000;20,00000;0,61734
720,85498;46,28667;      -1,34276;52,83971;50,00000;20,00000;0,61727
720,96198;46,29333;      -1,34323;52,78415;50,00000;20,00000;0,61720
721,05701;46,30000;      -1,34374;52,73056;50,00000;20,00000;0,61713
721,15802;46,30667;      -1,34419;52,67205;50,00000;20,00000;0,61706
721,25598;46,31333;      -1,34452;52,61747;51,00000;20,00000;0,61699
721,35303;46,32000;      -1,34467;52,56044;49,00000;20,00000;0,61692
721,45502;46,32667;      -1,34464;52,50635;52,00000;20,00000;0,61685
721,55798;46,33333;      -1,34474;52,45079;49,00000;20,00000;0,61678
721,65900;46,34000;      -1,34452;52,39621;50,00000;20,00000;0,61671
721,76001;46,34667;      -1,34425;52,34163;50,00000;20,00000;0,61664
721,85699;46,35333;      -1,34397;52,28803;50,00000;20,00000;0,61657
721,96399;46,36000;      -1,34316;52,23346;50,00000;20,00000;0,61650
722,06299;46,36667;      -1,34288;52,17986;49,00000;20,00000;0,61643
722,15997;46,37333;      -1,34199;52,12528;49,00000;20,00000;0,61636
722,25800;46,38000;      -1,34086;52,07169;51,00000;20,00000;0,61630
722,36401;46,38667;      -1,34017;52,01712;51,00000;20,00000;0,61622
722,46899;46,39333;      -1,33941;51,96353;51,00000;20,00000;0,61615
722,56097;46,40000;      -1,33821;51,90647;51,00000;20,00000;0,61609
722,65698;46,40667;      -1,33701;51,85236;50,00000;20,00000;0,61602
722,76099;46,41333;      -1,33601;51,79682;51,00000;20,00000;0,61595
722,85901;46,42000;      -1,33482;51,74226;49,00000;20,00000;0,61588
722,96301;46,42667;      -1,33376;51,68768;49,00000;20,00000;0,61581
723,06500;46,43333;      -1,33257;51,63409;51,00000;20,00000;0,61574
723,16602;46,44000;      -1,33113;51,57705;52,00000;20,00000;0,61567
723,26898;46,44667;      -1,32897;51,52294;52,00000;20,00000;0,61559
723,36200;46,45333;      -1,32734;51,46736;51,00000;20,00000;0,61553
723,46503;46,46000;      -1,32548;51,41280;49,00000;20,00000;0,61546
723,56897;46,46667;      -1,32356;51,35825;49,00000;20,00000;0,61539
723,66199;46,47333;      -1,32163;51,30466;50,00000;20,00000;0,61532
723,76898;46,48000;      -1,31965;51,25008;49,00000;20,00000;0,61525
723,87000;46,48667;      -1,31718;51,19649;50,00000;20,00000;0,61518
723,96301;46,49333;      -1,31426;51,14191;50,00000;20,00000;0,61511
724,06500;46,50000;      -1,31185;51,08832;49,00000;20,00000;0,61504
724,16901;46,50667;      -1,30956;51,03374;50,00000;20,00000;0,61497
724,26300;46,51333;      -1,30713;50,98015;49,00000;20,00000;0,61490
724,37000;46,52000;      -1,30430;50,92557;49,00000;20,00000;0,61483
724,46899;46,52667;      -1,30145;50,87197;49,00000;20,00000;0,61476
724,57599;46,53333;      -1,29862;50,81740;51,00000;20,00000;0,61469
724,67297;46,54000;      -1,29515;50,76380;52,00000;20,00000;0,61462
724,77399;46,54667;      -1,29170;50,70923;50,00000;20,00000;0,61455
724,86700;46,55333;      -1,28847;50,65564;49,00000;20,00000;0,61448
724,96997;46,56000;      -1,28526;50,60107;49,00000;20,00000;0,61441
725,07202;46,56667;      -1,28192;50,54748;49,00000;20,00000;0,61434
725,16498;46,57333;      -1,27839;50,49290;49,00000;20,00000;0,61428
725,27002;46,58000;      -1,27420;50,43930;51,00000;20,00000;0,61420
725,36700;46,58667;      -1,27043;50,38472;51,00000;20,00000;0,61414
725,47198;46,59333;      -1,26648;50,33113;52,00000;20,00000;0,61406
725,57397;46,60000;      -1,26253;50,27655;52,00000;20,00000;0,61399
725,68103;46,60667;      -1,25785;50,22443;49,00000;20,00000;0,61392
725,77502;46,61333;      -1,25333;50,17034;49,00000;20,00000;0,61385
725,87903;46,62000;      -1,24889;50,11970;50,00000;20,00000;0,61378
725,98297;46,62667;      -1,24433;50,06510;50,00000;20,00000;0,61371
726,07800;46,63333;      -1,23945;50,01296;50,00000;20,00000;0,61364
726,18201;46,64000;      -1,23463;49,95890;50,00000;20,00000;0,61357
726,27802;46,64667;      -1,22975;49,90828;50,00000;20,00000;0,61350
726,37701;46,65333;      -1,22487;49,85518;49,00000;20,00000;0,61343
726,47601;46,66000;      -1,21913;49,80503;49,00000;20,00000;0,61336
726,58398;46,66667;      -1,21346;49,75045;49,00000;20,00000;0,61329
726,69098;46,67333;      -1,20822;49,68798;50,00000;20,00000;0,61321
726,78198;46,68000;      -1,20277;49,63042;50,00000;20,00000;0,61315
726,88202;46,68667;      -1,19690;49,59359;50,00000;20,00000;0,61308
726,97900;46,69333;      -1,19085;49,54100;50,00000;20,00000;0,61301
727,08698;46,70000;      -1,18481;49,48101;49,00000;20,00000;0,61294
727,18701;46,70667;      -1,17844;49,42595;49,00000;20,00000;0,61287
727,28699;46,71333;      -1,17190;49,37727;51,00000;20,00000;0,61280
727,37903;46,72000;      -1,16540;49,32562;51,00000;20,00000;0,61273
727,48602;46,72667;      -1,15831;49,27594;52,00000;20,00000;0,61266
727,58301;46,73333;      -1,15133;49,22237;51,00000;20,00000;0,61259
727,69501;46,74000;      -1,14442;49,17569;49,00000;20,00000;0,61251
727,79102;46,74667;      -1,13725;49,12160;49,00000;20,00000;0,61245
727,89697;46,75333;      -1,12942;49,07244;50,00000;20,00000;0,61237
727,99103;46,76000;      -1,12169;49,02081;50,00000;20,00000;0,61231
728,09399;46,76667;      -1,11397;48,97115;49,00000;20,00000;0,61224
728,19897;46,77333;      -1,10576;48,91756;50,00000;20,00000;0,61216
728,29498;46,78000;      -1,09772;48,87085;51,00000;20,00000;0,61210
728,39801;46,78667;      -1,08920;48,81923;52,00000;20,00000;0,61202
728,50098;46,79333;      -1,08042;48,77252;52,00000;20,00000;0,61195
728,60400;46,80000;      -1,07141;48,72090;49,00000;20,00000;0,61188
728,70398;46,80667;      -1,06226;48,67419;49,00000;20,00000;0,61181
728,80402;46,81333;      -1,05244;48,62306;50,00000;20,00000;0,61174
728,90399;46,82000;      -1,04267;48,57783;50,00000;20,00000;0,61167
729,00800;46,82667;      -1,03266;48,52916;50,00000;20,00000;0,61160
729,10498;46,83333;      -1,02246;48,48245;50,00000;20,00000;0,61153
729,20398;46,84000;      -1,01189;48,43132;49,00000;20,00000;0,61146
729,31403;46,84667;      -1,00053;48,38856;49,00000;20,00000;0,61139
729,41803;46,85333;      -0,98935;48,33792;49,00000;20,00000;0,61131
729,51300;46,86000;      -0,97784;48,29515;49,00000;20,00000;0,61125
729,60797;46,86667;      -0,96560;48,24450;51,00000;20,00000;0,61118
729,71600;46,87333;      -0,95355;48,20174;51,00000;20,00000;0,61111
729,82001;46,88000;      -0,94051;48,15110;51,00000;20,00000;0,61103
729,91400;46,88667;      -0,92703;48,10833;52,00000;20,00000;0,61097
730,02197;46,89333;      -0,91349;48,06212;49,00000;20,00000;0,61089
730,12097;46,90000;      -0,89958;48,01982;51,00000;20,00000;0,61082
730,22101;46,90667;      -0,88462;47,97162;50,00000;20,00000;0,61075
730,32098;46,91333;      -0,87027;47,92937;50,00000;20,00000;0,61068
730,42700;46,92000;      -0,85475;47,88318;51,00000;20,00000;0,61061
730,52301;46,92667;      -0,83861;47,84287;51,00000;20,00000;0,61054
730,62097;46,93333;      -0,82197;47,79665;49,00000;20,00000;0,61047
730,73401;46,94000;      -0,80485;47,75438;50,00000;20,00000;0,61040
730,83600;46,94667;      -0,78716;47,71109;50,00000;20,00000;0,61032
730,93701;46,95333;      -0,76879;47,67371;49,00000;20,00000;0,61025
731,04401;46,96000;      -0,75036;47,63195;50,00000;20,00000;0,61018
731,14001;46,96667;      -0,73075;47,59216;50,00000;20,00000;0,61011
731,23999;46,97333;      -0,71076;47,54890;49,00000;20,00000;0,61004
731,33899;46,98000;      -0,68905;47,51352;49,00000;20,00000;0,60997
731,44897;46,98667;      -0,66721;47,47469;49,00000;20,00000;0,60990
731,54303;46,99333;      -0,64432;47,43780;49,00000;20,00000;0,60983
731,64899;47,00000;      -0,62050;47,40043;51,00000;20,00000;0,60976
731,74799;47,00667;      -0,59599;47,36408;51,00000;20,00000;0,60969
731,85303;47,01333;      -0,56970;47,32725;50,00000;20,00000;0,60961
731,95398;47,02000;      -0,54290;47,29482;50,00000;20,00000;0,60954
732,05499;47,02667;      -0,51431;47,25845;49,00000;20,00000;0,60947
732,15802;47,03333;      -0,48510;47,22602;49,00000;20,00000;0,60940
732,25800;47,04000;      -0,45422;47,18965;49,00000;20,00000;0,60933
732,35699;47,04667;      -0,42284;47,15722;49,00000;20,00000;0,60926
732,46698;47,05333;      -0,38880;47,12381;51,00000;20,00000;0,60919
732,55701;47,06000;      -0,35265;47,09383;51,00000;20,00000;0,60912
732,66400;47,06667;      -0,31514;47,06435;51,00000;20,00000;0,60905
732,77002;47,07333;      -0,27380;47,03733;51,00000;20,00000;0,60897
732,87201;47,08000;      -0,22937;47,01031;49,00000;20,00000;0,60890
732,97498;47,08667;      -0,18350;46,98329;49,00000;20,00000;0,60883
733,07800;47,09333;      -0,13559;46,95922;49,00000;20,00000;0,60876
733,18103;47,10000;-8,742348e-002;46,93909;50,00000;20,00000;0,60869
733,28302;47,10667;-3,936677e-002;46,91945;50,00000;20,00000;0,60862
733,39600;47,11333; 7,837349e-003;46,89982;50,00000;20,00000;0,60854
733,48602;47,12000; 5,387963e-002;46,88264;50,00000;20,00000;0,60847
733,59802;47,12667; 9,808218e-002;46,86790;49,00000;20,00000;0,60840
733,69897;47,13333;       0,14100;46,85365;50,00000;20,00000;0,60832
733,79999;47,14000;       0,18207;46,84437;50,00000;20,00000;0,60825
733,90198;47,14667;       0,22192;46,83411;50,00000;20,00000;0,60818
734,00897;47,15333;       0,26036;46,82579;50,00000;20,00000;0,60811
734,11102;47,16000;       0,29819;46,81649;50,00000;20,00000;0,60804
734,22198;47,16667;       0,33442;46,80817;50,00000;20,00000;0,60796
734,32202;47,17333;       0,36893;46,80622;49,00000;20,00000;0,60789
734,41901;47,18000;       0,40203;46,79985;49,00000;20,00000;0,60782
734,53003;47,18667;       0,43390;46,79500;51,00000;20,00000;0,60774
734,63501;47,19333;       0,46461;46,79310;51,00000;20,00000;0,60767
734,73700;47,20000;       0,49470;46,78773;52,00000;20,00000;0,60760
734,84003;47,20667;       0,52326;46,78089;52,00000;20,00000;0,60753
734,94702;47,21333;       0,55114;46,77750;52,00000;20,00000;0,60745
735,04797;47,22000;       0,57828;46,77703;49,00000;20,00000;0,60738
735,14801;47,22667;       0,60445;46,77411;49,00000;20,00000;0,60731
735,25897;47,23333;       0,62957;46,77074;50,00000;20,00000;0,60723
735,35498;47,24000;       0,65401;46,76785;50,00000;20,00000;0,60717
735,46198;47,24667;       0,67809;46,76544;51,00000;20,00000;0,60709
735,56299;47,25333;       0,70106;46,76303;51,00000;20,00000;0,60702
735,67603;47,26000;       0,72299;46,75717;50,00000;20,00000;0,60694
735,78198;47,26667;       0,74505;46,75132;50,00000;20,00000;0,60687
735,87000;47,27333;       0,76623;46,74939;49,00000;20,00000;0,60681
735,98602;47,28000;       0,78694;46,74945;49,00000;20,00000;0,60672
736,08197;47,28667;       0,80671;46,74753;50,00000;20,00000;0,60666
736,18903;47,29333;       0,82656;46,74560;50,00000;20,00000;0,60658
736,29199;47,30000;       0,84567;46,74368;50,00000;20,00000;0,60651
736,40100;47,30667;       0,86367;46,74176;49,00000;20,00000;0,60643
736,51099;47,31333;       0,88156;46,74083;49,00000;20,00000;0,60636
736,60602;47,32000;       0,89918;46,73940;49,00000;20,00000;0,60629
736,70599;47,32667;       0,91583;46,73748;51,00000;20,00000;0,60622
736,82001;47,33333;       0,93199;46,73605;51,00000;20,00000;0,60614
736,91998;47,34000;       0,94840;46,73463;52,00000;20,00000;0,60607
737,02100;47,34667;       0,96332;46,73271;52,00000;20,00000;0,60600
737,12598;47,35333;       0,97850;46,73178;49,00000;20,00000;0,60593
737,22699;47,36000;       0,99355;46,73084;49,00000;20,00000;0,60586
737,33398;47,36667;       1,00787;46,72942;49,00000;20,00000;0,60578
737,43701;47,37333;       1,02231;46,72799;49,00000;20,00000;0,60571
737,54401;47,38000;       1,03620;46,72607;51,00000;20,00000;0,60563
737,64301;47,38667;       1,04897;46,72268;51,00000;20,00000;0,60556
737,75000;47,39333;       1,06206;46,72027;50,00000;20,00000;0,60549
737,85303;47,40000;       1,07460;46,71785;50,00000;20,00000;0,60542
737,95502;47,40667;       1,08707;46,71541;49,00000;20,00000;0,60535
738,05200;47,41333;       1,09892;46,71500;49,00000;20,00000;0,60528
738,15503;47,42000;       1,11028;46,71508;50,00000;20,00000;0,60521
738,26099;47,42667;       1,12183;46,71514;50,00000;20,00000;0,60513
738,36298;47,43333;       1,13295;46,71519;49,00000;20,00000;0,60506
738,46503;47,44000;       1,14395;46,71525;50,00000;20,00000;0,60499
738,57202;47,44667;       1,15440;46,71380;49,00000;20,00000;0,60491
738,67200;47,45333;       1,16446;46,71285;49,00000;20,00000;0,60484
738,76801;47,46000;       1,17428;46,71194;51,00000;20,00000;0,60478
738,87701;47,46667;       1,18374;46,71055;51,00000;20,00000;0,60470
738,98499;47,47333;       1,19327;46,70962;50,00000;20,00000;0,60462
739,08002;47,48000;       1,20297;46,70869;50,00000;20,00000;0,60456
739,18500;47,48667;       1,21194;46,70727;49,00000;20,00000;0,60448
739,28400;47,49333;       1,22102;46,70632;49,00000;20,00000;0,60441
739,39001;47,50000;       1,22931;46,70586;51,00000;20,00000;0,60434
739,48901;47,50667;       1,23747;46,70644;50,00000;20,00000;0,60427
739,59100;47,51333;       1,24582;46,70554;52,00000;20,00000;0,60420
739,69000;47,52000;       1,25399;46,70461;52,00000;20,00000;0,60413
739,79498;47,52667;       1,26191;46,70270;49,00000;20,00000;0,60406
739,90002;47,53333;       1,26915;46,69980;49,00000;20,00000;0,60398
740,00598;47,54000;       1,27621;46,69839;49,00000;20,00000;0,60391
740,09698;47,54667;       1,28319;46,69696;50,00000;20,00000;0,60384
740,20599;47,55333;       1,29032;46,69506;50,00000;20,00000;0,60377
740,31000;47,56000;       1,29744;46,69364;50,00000;20,00000;0,60369
740,40601;47,56667;       1,30393;46,69222;50,00000;20,00000;0,60363
740,51099;47,57333;       1,31056;46,69130;49,00000;20,00000;0,60355
740,60699;47,58000;       1,31711;46,69038;49,00000;20,00000;0,60349
740,71399;47,58667;       1,32313;46,68896;51,00000;20,00000;0,60341
740,81403;47,59333;       1,32901;46,68804;50,00000;20,00000;0,60334
740,91400;47,60000;       1,33470;46,68662;50,00000;20,00000;0,60327
741,01599;47,60667;       1,34059;46,68421;49,00000;20,00000;0,60320
741,12097;47,61333;       1,34648;46,68230;49,00000;20,00000;0,60313
741,22101;47,62000;       1,35212;46,68039;49,00000;20,00000;0,60306
741,33099;47,62667;       1,35703;46,67799;49,00000;20,00000;0,60298
741,42902;47,63333;       1,36204;46,67609;51,00000;20,00000;0,60291
741,52399;47,64000;       1,36717;46,67516;51,00000;20,00000;0,60284
741,62799;47,64667;       1,37238;46,67473;50,00000;20,00000;0,60277
741,72601;47,65333;       1,37765;46,67429;50,00000;20,00000;0,60270
741,82800;47,66000;       1,38261;46,67337;50,00000;20,00000;0,60263
741,93701;47,66667;       1,38690;46,67195;50,00000;20,00000;0,60255
742,04199;47,67333;       1,39131;46,67100;50,00000;20,00000;0,60248
742,14899;47,68000;       1,39585;46,66956;50,00000;20,00000;0,60240
742,23901;47,68667;       1,40023;46,66866;50,00000;20,00000;0,60234
742,34302;47,69333;       1,40408;46,66727;49,00000;20,00000;0,60227
742,43701;47,70000;       1,40798;46,66635;49,00000;20,00000;0,60220
742,54199;47,70667;       1,41202;46,66543;49,00000;20,00000;0,60213
742,64001;47,71333;       1,41598;46,66500;49,00000;20,00000;0,60206
742,75403;47,72000;       1,41998;46,66455;50,00000;20,00000;0,60198
742,84698;47,72667;       1,42331;46,66410;50,00000;20,00000;0,60191
742,94800;47,73333;       1,42710;46,66320;49,00000;20,00000;0,60184
743,04303;47,74000;       1,43050;46,66230;49,00000;20,00000;0,60178
743,14801;47,74667;       1,43392;46,66137;49,00000;20,00000;0,60170
743,25098;47,75333;       1,43716;46,66045;49,00000;20,00000;0,60163
743,35602;47,76000;       1,44077;46,65953;51,00000;20,00000;0,60156
743,45203;47,76667;       1,44436;46,65861;51,00000;20,00000;0,60149
743,55499;47,77333;       1,44772;46,65769;50,00000;20,00000;0,60142
743,65802;47,78000;       1,45058;46,65677;50,00000;20,00000;0,60134
743,75702;47,78667;       1,45343;46,65585;50,00000;20,00000;0,60127
743,84497;47,79333;       1,45683;46,65591;50,00000;20,00000;0,60121
743,96198;47,80000;       1,45978;46,65500;50,00000;20,00000;0,60113
744,06097;47,80667;       1,46257;46,65457;50,00000;20,00000;0,60106
744,15698;47,81333;       1,46524;46,65365;49,00000;20,00000;0,60099
744,26001;47,82000;       1,46772;46,65273;51,00000;20,00000;0,60092
744,35699;47,82667;       1,47020;46,65180;49,00000;20,00000;0,60085
744,46503;47,83333;       1,47283;46,64941;49,00000;20,00000;0,60078
744,56201;47,84000;       1,47537;46,64849;50,00000;20,00000;0,60071
744,66199;47,84667;       1,47804;46,64757;50,00000;20,00000;0,60064
744,77100;47,85333;       1,48073;46,64665;49,00000;20,00000;0,60056
744,86401;47,86000;       1,48308;46,64524;49,00000;20,00000;0,60050
744,96002;47,86667;       1,48550;46,64383;50,00000;20,00000;0,60043
745,06097;47,87333;       1,48793;46,64291;51,00000;20,00000;0,60036
745,16498;47,88000;       1,49024;46,64200;52,00000;20,00000;0,60028
745,26501;47,88667;       1,49248;46,64058;52,00000;20,00000;0,60021
745,36902;47,89333;       1,49491;46,63868;49,00000;20,00000;0,60014
745,46698;47,90000;       1,49721;46,63675;49,00000;20,00000;0,60007
745,56598;47,90667;       1,49939;46,63531;50,00000;20,00000;0,60000
745,66602;47,91333;       1,50138;46,63343;50,00000;20,00000;0,59993
745,77301;47,92000;       1,50351;46,63155;50,00000;20,00000;0,59986
745,87000;47,92667;       1,50543;46,62966;50,00000;20,00000;0,59979
745,97998;47,93333;       1,50738;46,62923;49,00000;20,00000;0,59971
746,06799;47,94000;       1,50923;46,62832;50,00000;20,00000;0,59965
746,16699;47,94667;       1,51078;46,62787;49,00000;20,00000;0,59958
746,25897;47,95333;       1,51270;46,62792;49,00000;20,00000;0,59951
746,37701;47,96000;       1,51441;46,62752;50,00000;20,00000;0,59943
746,46002;47,96667;       1,51612;46,62711;50,00000;20,00000;0,59937
746,56897;47,97333;       1,51795;46,62619;49,00000;20,00000;0,59930
746,67499;47,98000;       1,51977;46,62576;49,00000;20,00000;0,59922
746,77100;47,98667;       1,52169;46,62484;49,00000;20,00000;0,59915
746,87097;47,99333;       1,52338;46,62389;50,00000;20,00000;0,59908
746,98401;48,00000;       1,52489;46,62344;50,00000;20,00000;0,59900
747,07800;48,00667;       1,52657;46,62254;51,00000;20,00000;0,59894
747,17499;48,01333;       1,52818;46,62165;51,00000;20,00000;0,59887
747,27301;48,02000;       1,52961;46,62073;49,00000;20,00000;0,59880
747,38300;48,02667;       1,53100;46,61982;49,00000;20,00000;0,59872
747,48199;48,03333;       1,53275;46,61939;50,00000;20,00000;0,59865
747,57800;48,04000;       1,53437;46,61896;50,00000;20,00000;0,59859
747,67102;48,04667;       1,53579;46,61853;50,00000;20,00000;0,59852
747,78400;48,05333;       1,53719;46,61811;50,00000;20,00000;0,59844
747,88397;48,06000;       1,53856;46,61720;52,00000;20,00000;0,59837
747,97900;48,06667;       1,53992;46,61677;49,00000;20,00000;0,59830
748,08197;48,07333;       1,54118;46,61585;49,00000;20,00000;0,59823
748,17999;48,08000;       1,54261;46,61542;50,00000;20,00000;0,59816
748,28101;48,08667;       1,54361;46,61450;50,00000;20,00000;0,59809
748,38599;48,09333;       1,54500;46,61407;50,00000;20,00000;0,59802
748,48199;48,10000;       1,54630;46,61316;50,00000;20,00000;0,59795
748,59601;48,10667;       1,54789;46,61273;49,00000;20,00000;0,59787
748,67902;48,11333;       1,54917;46,61181;49,00000;20,00000;0,59781
748,78699;48,12000;       1,55044;46,61139;49,00000;20,00000;0,59773
748,88800;48,12667;       1,55150;46,61047;51,00000;20,00000;0,59766
748,98999;48,13333;       1,55182;46,61005;51,00000;20,00000;0,59759
749,08301;48,14000;       1,55324;46,60962;52,00000;20,00000;0,59752
749,18799;48,14667;       1,55488;46,60920;52,00000;20,00000;0,59745
749,28699;48,15333;       1,55613;46,60878;49,00000;20,00000;0,59738
749,38397;48,16000;       1,55738;46,60835;49,00000;20,00000;0,59731
749,48798;48,16667;       1,55889;46,60743;50,00000;20,00000;0,59724
749,59100;48,17333;       1,56034;46,60699;50,00000;20,00000;0,59717
749,68402;48,18000;       1,56145;46,60604;51,00000;20,00000;0,59710
749,78998;48,18667;       1,56215;46,60564;51,00000;20,00000;0,59703
749,89301;48,19333;       1,56284;46,60523;49,00000;20,00000;0,59695
749,98499;48,20000;       1,56377;46,60431;49,00000;20,00000;0,59689
750,09302;48,20667;       1,56491;46,60389;50,00000;20,00000;0,59681
750,20099;48,21333;       1,56662;46,60346;49,00000;20,00000;0,59674
750,29303;48,22000;       1,56805;46,60301;50,00000;20,00000;0,59667
750,39697;48,22667;       1,56919;46,60256;50,00000;20,00000;0,59660
750,49298;48,23333;       1,57018;46,60216;50,00000;20,00000;0,59653
750,59198;48,24000;       1,57125;46,60177;50,00000;20,00000;0,59646
750,69299;48,24667;       1,57219;46,60135;49,00000;20,00000;0,59639
750,79498;48,25333;       1,57270;46,60093;49,00000;20,00000;0,59632
750,88702;48,26000;       1,57350;46,60100;51,00000;20,00000;0,59625
750,98297;48,26667;       1,57469;46,60055;51,00000;20,00000;0,59618
751,09198;48,27333;       1,57602;46,60010;52,00000;20,00000;0,59611
751,19098;48,28000;       1,57703;46,59921;52,00000;20,00000;0,59604
751,28802;48,28667;       1,57803;46,59880;49,00000;20,00000;0,59597
751,39301;48,29333;       1,57898;46,59838;49,00000;20,00000;0,59590
751,50299;48,30000;       1,57994;46,59795;50,00000;20,00000;0,59582
751,59802;48,30667;       1,58100;46,59752;50,00000;20,00000;0,59575
751,69501;48,31333;       1,58225;46,59710;51,00000;20,00000;0,59568
751,79797;48,32000;       1,58264;46,59667;51,00000;20,00000;0,59561
751,90002;48,32667;       1,58352;46,59625;49,00000;20,00000;0,59554
751,99902;48,33333;       1,58428;46,59534;50,00000;20,00000;0,59547
752,09100;48,34000;       1,58502;46,59442;50,00000;20,00000;0,59540
752,20203;48,34667;       1,58604;46,59401;50,00000;20,00000;0,59532
752,29303;48,35333;       1,58697;46,59358;50,00000;20,00000;0,59526
752,39398;48,36000;       1,58798;46,59267;50,00000;20,00000;0,59519
752,49298;48,36667;       1,58886;46,59225;50,00000;20,00000;0,59512
752,59198;48,37333;       1,58987;46,59183;50,00000;20,00000;0,59505
752,69702;48,38000;       1,59083;46,59091;49,00000;20,00000;0,59498
752,79797;48,38667;       1,59165;46,59049;49,00000;20,00000;0,59490
752,89099;48,39333;       1,59214;46,59007;51,00000;20,00000;0,59484
752,98700;48,40000;       1,59289;46,58913;51,00000;20,00000;0,59477
753,09497;48,40667;       1,59410;46,58868;50,00000;20,00000;0,59469
753,19202;48,41333;       1,59492;46,58828;50,00000;20,00000;0,59463
753,29199;48,42000;       1,59580;46,58739;49,00000;20,00000;0,59455
753,39801;48,42667;       1,59670;46,58696;49,00000;20,00000;0,59448
753,49402;48,43333;       1,59758;46,58654;50,00000;20,00000;0,59441
753,60199;48,44000;       1,59822;46,58611;50,00000;20,00000;0,59434
753,69702;48,44667;       1,59859;46,58566;51,00000;20,00000;0,59427
753,79700;48,45333;       1,59960;46,58521;51,00000;20,00000;0,59420
753,89697;48,46000;       1,60100;46,58482;49,00000;20,00000;0,59413
754,00000;48,46667;       1,60163;46,58442;49,00000;20,00000;0,59405
754,09399;48,47333;       1,60257;46,58400;50,00000;20,00000;0,59399
754,19397;48,48000;       1,60352;46,58358;50,00000;20,00000;0,59392
754,28998;48,48667;       1,60440;46,58316;50,00000;20,00000;0,59385
754,39502;48,49333;       1,60473;46,58272;50,00000;20,00000;0,59378
754,49298;48,50000;       1,60504;46,58227;49,00000;20,00000;0,59371
754,58899;48,50667;       1,60535;46,58187;50,00000;20,00000;0,59364
754,69501;48,51333;       1,60619;46,58098;49,00000;20,00000;0,59356
754,79602;48,52000;       1,60720;46,58055;49,00000;20,00000;0,59349
754,89502;48,52667;       1,60802;46,58013;50,00000;20,00000;0,59342
755,00098;48,53333;       1,60873;46,57970;50,00000;20,00000;0,59335
755,09698;48,54000;       1,60961;46,57829;50,00000;20,00000;0,59328
755,19098;48,54667;       1,61074;46,57689;50,00000;20,00000;0,59321
755,30200;48,55333;       1,61153;46,57548;49,00000;20,00000;0,59313
755,39697;48,56000;       1,61184;46,57408;49,00000;20,00000;0,59307
755,49402;48,56667;       1,61234;46,57267;51,00000;20,00000;0,59300
755,59497;48,57333;       1,61336;46,57126;51,00000;20,00000;0,59293
755,69501;48,58000;       1,61431;46,56986;51,00000;20,00000;0,59286
755,79700;48,58667;       1,61501;46,56845;52,00000;20,00000;0,59278
755,89899;48,59333;       1,61578;46,56753;52,00000;20,00000;0,59271
755,99103;48,60000;       1,61672;46,56711;49,00000;20,00000;0,59265
756,09698;48,60667;       1,61768;46,56619;49,00000;20,00000;0,59257
756,19299;48,61333;       1,61850;46,56577;50,00000;20,00000;0,59250
756,29901;48,62000;       1,61909;46,56534;50,00000;20,00000;0,59243
756,40002;48,62667;       1,61916;46,56541;50,00000;20,00000;0,59236
756,49500;48,63333;       1,61947;46,56499;51,00000;20,00000;0,59229
756,60901;48,64000;       1,62007;46,56507;50,00000;20,00000;0,59221
756,70001;48,64667;       1,62088;46,56514;50,00000;20,00000;0,59215
756,78601;48,65333;       1,62193;46,56471;50,00000;20,00000;0,59209
756,89203;48,66000;       1,62309;46,56430;50,00000;20,00000;0,59201
756,99597;48,66667;       1,62399;46,56437;50,00000;20,00000;0,59194
757,09900;48,67333;       1,62412;46,56393;50,00000;20,00000;0,59186
757,19000;48,68000;       1,62525;46,56348;49,00000;20,00000;0,59180
757,29303;48,68667;       1,62602;46,56308;49,00000;20,00000;0,59173
757,39600;48,69333;       1,62648;46,56268;49,00000;20,00000;0,59165
757,49500;48,70000;       1,62686;46,56225;49,00000;20,00000;0,59158
757,59497;48,70667;       1,62763;46,56182;51,00000;20,00000;0,59151
757,69598;48,71333;       1,62840;46,56090;51,00000;20,00000;0,59144
757,80701;48,72000;       1,62931;46,56046;51,00000;20,00000;0,59136
757,89502;48,72667;       1,62999;46,56001;51,00000;20,00000;0,59130
758,00702;48,73333;       1,63065;46,55961;51,00000;20,00000;0,59122
758,09698;48,74000;       1,63121;46,55872;49,00000;20,00000;0,59116
758,20099;48,74667;       1,63192;46,55780;51,00000;20,00000;0,59108
758,29901;48,75333;       1,63269;46,55738;51,00000;20,00000;0,59101
758,39801;48,76000;       1,63332;46,55647;52,00000;20,00000;0,59094
758,50201;48,76667;       1,63404;46,55603;52,00000;20,00000;0,59087
758,59198;48,77333;       1,63466;46,55509;49,00000;20,00000;0,59081
758,70203;48,78000;       1,63513;46,55420;49,00000;20,00000;0,59073
758,79901;48,78667;       1,63576;46,55380;50,00000;20,00000;0,59066
758,90503;48,79333;       1,63597;46,55288;50,00000;20,00000;0,59059
758,99597;48,80000;       1,63717;46,55246;50,00000;20,00000;0,59052
759,10199;48,80667;       1,63833;46,55204;50,00000;20,00000;0,59045
759,19897;48,81333;       1,63903;46,55113;49,00000;20,00000;0,59038
759,29797;48,82000;       1,63967;46,55070;49,00000;20,00000;0,59031
759,40302;48,82667;       1,64051;46,54979;50,00000;20,00000;0,59023
759,48999;48,83333;       1,64094;46,54936;50,00000;20,00000;0,59017
759,60101;48,84000;       1,64160;46,54893;51,00000;20,00000;0,59009
759,70300;48,84667;       1,64244;46,54851;51,00000;20,00000;0,59002
759,81000;48,85333;       1,64341;46,54808;49,00000;20,00000;0,58994
759,90399;48,86000;       1,64417;46,54765;49,00000;20,00000;0,58988
760,00500;48,86667;       1,64482;46,54723;49,00000;20,00000;0,58981
760,10797;48,87333;       1,64547;46,54681;49,00000;20,00000;0,58973
760,21002;48,88000;       1,64605;46,54639;51,00000;20,00000;0,58966
760,30603;48,88667;       1,64649;46,54597;51,00000;20,00000;0,58959
760,40601;48,89333;       1,64682;46,54555;52,00000;20,00000;0,58952
760,50598;48,90000;       1,64714;46,54510;52,00000;20,00000;0,58945
760,60498;48,90667;       1,64823;46,54417;49,00000;20,00000;0,58938
760,70300;48,91333;       1,64894;46,54377;49,00000;20,00000;0,58931
760,80298;48,92000;       1,64952;46,54337;49,00000;20,00000;0,58924
760,90399;48,92667;       1,64991;46,54295;50,00000;20,00000;0,58917
761,00598;48,93333;       1,65043;46,54253;50,00000;20,00000;0,58910
761,10901;48,94000;       1,65102;46,54211;50,00000;20,00000;0,58902
761,20300;48,94667;       1,65184;46,54167;50,00000;20,00000;0,58896
761,29498;48,95333;       1,65228;46,54122;49,00000;20,00000;0,58889
761,39899;48,96000;       1,65312;46,54083;49,00000;20,00000;0,58882
761,50800;48,96667;       1,65372;46,54092;51,00000;20,00000;0,58874
761,60602;48,97333;       1,65405;46,54050;51,00000;20,00000;0,58867
761,70599;48,98000;       1,65476;46,54008;50,00000;20,00000;0,58860
761,79999;48,98667;       1,65533;46,53965;49,00000;20,00000;0,58853
761,90100;48,99333;       1,65578;46,53970;49,00000;20,00000;0,58846
762,00800;49,00000;       1,65664;46,53925;49,00000;20,00000;0,58839
762,10199;49,00667;       1,65689;46,53837;49,00000;20,00000;0,58832
762,20300;49,01333;       1,65760;46,53797;51,00000;20,00000;0,58825
762,30103;49,02000;       1,65818;46,53755;51,00000;20,00000;0,58818
762,40302;49,02667;       1,65928;46,53664;50,00000;20,00000;0,58811
762,50897;49,03333;       1,66006;46,53622;50,00000;20,00000;0,58803
762,59698;49,04000;       1,66043;46,53580;50,00000;20,00000;0,58797
762,70099;49,04667;       1,66083;46,53537;50,00000;20,00000;0,58790
762,79999;49,05333;       1,66122;46,53446;50,00000;20,00000;0,58783
762,90302;49,06000;       1,66175;46,53404;50,00000;20,00000;0,58775
763,00800;49,06667;       1,66279;46,53362;50,00000;20,00000;0,58768
763,10199;49,07333;       1,66362;46,53368;49,00000;20,00000;0,58761
763,19598;49,08000;       1,66393;46,53326;49,00000;20,00000;0,58754
763,30603;49,08667;       1,66460;46,53283;50,00000;20,00000;0,58747
763,40900;49,09333;       1,66481;46,53241;49,00000;20,00000;0,58739
763,50800;49,10000;       1,66552;46,53248;50,00000;20,00000;0,58732
763,60797;49,10667;       1,66598;46,53205;50,00000;20,00000;0,58725
763,70697;49,11333;       1,66662;46,53163;49,00000;20,00000;0,58718
763,80402;49,12000;       1,66701;46,53121;50,00000;20,00000;0,58711
763,91302;49,12667;       1,66774;46,53080;49,00000;20,00000;0,58704
764,01801;49,13333;       1,66840;46,53087;51,00000;20,00000;0,58696
764,09698;49,14000;       1,66920;46,53045;51,00000;20,00000;0,58690
764,19702;49,14667;       1,66998;46,53003;51,00000;20,00000;0,58683
764,30402;49,15333;       1,67039;46,52961;51,00000;20,00000;0,58676
764,41101;49,16000;       1,67073;46,52920;51,00000;20,00000;0,58668
764,49902;49,16667;       1,67123;46,52877;49,00000;20,00000;0,58662
764,60400;49,17333;       1,67176;46,52783;49,00000;20,00000;0,58654
764,70502;49,18000;       1,67280;46,52739;50,00000;20,00000;0,58647
764,79999;49,18667;       1,67350;46,52699;50,00000;20,00000;0,58641
764,90503;49,19333;       1,67436;46,52659;49,00000;20,00000;0,58633
765,00299;49,20000;       1,67494;46,52617;49,00000;20,00000;0,58626
765,09998;49,20667;       1,67469;46,52575;49,00000;20,00000;0,58619
765,21198;49,21333;       1,67517;46,52533;49,00000;20,00000;0,58611
765,30499;49,22000;       1,67594;46,52538;50,00000;20,00000;0,58605
765,40503;49,22667;       1,67710;46,52493;50,00000;20,00000;0,58598
765,49902;49,23333;       1,67774;46,52453;50,00000;20,00000;0,58591
765,60602;49,24000;       1,67809;46,52414;50,00000;20,00000;0,58583
765,70300;49,24667;       1,67892;46,52372;49,00000;20,00000;0,58576
765,80798;49,25333;       1,67965;46,52330;49,00000;20,00000;0,58569
765,90698;49,26000;       1,68030;46,52288;51,00000;20,00000;0,58562
766,00000;49,26667;       1,68100;46,52292;51,00000;20,00000;0,58555
766,10101;49,27333;       1,68153;46,52248;52,00000;20,00000;0,58548
766,20300;49,28000;       1,68193;46,52209;52,00000;20,00000;0,58541
766,30701;49,28667;       1,68253;46,52071;49,00000;20,00000;0,58534
766,40100;49,29333;       1,68272;46,51980;49,00000;20,00000;0,58527
766,49701;49,30000;       1,68337;46,51888;50,00000;20,00000;0,58520
766,60400;49,30667;       1,68397;46,51748;50,00000;20,00000;0,58512
766,70203;49,31333;       1,68449;46,51657;50,00000;20,00000;0,58505
766,79901;49,32000;       1,68520;46,51565;50,00000;20,00000;0,58499
766,90100;49,32667;       1,68618;46,51474;49,00000;20,00000;0,58491
767,00702;49,33333;       1,68672;46,51383;49,00000;20,00000;0,58484
767,09998;49,34000;       1,68717;46,51242;50,00000;20,00000;0,58477
767,20001;49,34667;       1,68750;46,51151;50,00000;20,00000;0,58470
767,30103;49,35333;       1,68790;46,51109;50,00000;20,00000;0,58463
767,40198;49,36000;       1,68862;46,51017;50,00000;20,00000;0,58456
767,50403;49,36667;       1,68928;46,50975;49,00000;20,00000;0,58449
767,60400;49,37333;       1,69000;46,50983;49,00000;20,00000;0,58441
767,70398;49,38000;       1,69053;46,50941;51,00000;20,00000;0,58434
767,79700;49,38667;       1,69098;46,50899;51,00000;20,00000;0,58428
767,90601;49,39333;       1,69146;46,50906;51,00000;20,00000;0,58420
767,99500;49,40000;       1,69203;46,50914;52,00000;20,00000;0,58414
768,10303;49,40667;       1,69257;46,50921;52,00000;20,00000;0,58406
768,19598;49,41333;       1,69321;46,50879;49,00000;20,00000;0,58399
768,30103;49,42000;       1,69382;46,50887;50,00000;20,00000;0,58392
768,39697;49,42667;       1,69401;46,50894;50,00000;20,00000;0,58385
768,49500;49,43333;       1,69441;46,50852;50,00000;20,00000;0,58378
768,59100;49,44000;       1,69486;46,50860;50,00000;20,00000;0,58371
768,69702;49,44667;       1,69598;46,50815;51,00000;20,00000;0,58364
768,79498;49,45333;       1,69689;46,50771;51,00000;20,00000;0,58357
768,90002;49,46000;       1,69775;46,50732;49,00000;20,00000;0,58349
768,98901;49,46667;       1,69794;46,50692;49,00000;20,00000;0,58343
769,09601;49,47333;       1,69842;46,50699;50,00000;20,00000;0,58335
769,19598;49,48000;       1,69920;46,50657;50,00000;20,00000;0,58328
769,29797;49,48667;       1,69954;46,50615;49,00000;20,00000;0,58321
769,39502;49,49333;       1,70000;46,50570;49,00000;20,00000;0,58314
769,49902;49,50000;       1,70073;46,50526;49,00000;20,00000;0,58307
769,59399;49,50667;       1,70132;46,50487;49,00000;20,00000;0,58300
769,69397;49,51333;       1,70204;46,50349;49,00000;20,00000;0,58293
769,79602;49,52000;       1,70251;46,50258;51,00000;20,00000;0,58286
769,88599;49,52667;       1,70315;46,50216;51,00000;20,00000;0,58279
769,98602;49,53333;       1,70361;46,50124;49,00000;20,00000;0,58272
770,09497;49,54000;       1,70403;46,50033;49,00000;20,00000;0,58264
770,19598;49,54667;       1,70450;46,49942;50,00000;20,00000;0,58257
770,29901;49,55333;       1,70504;46,49899;50,00000;20,00000;0,58250
770,39600;49,56000;       1,70556;46,49808;50,00000;20,00000;0,58243
770,49402;49,56667;       1,70628;46,49766;50,00000;20,00000;0,58236
770,59497;49,57333;       1,70714;46,49675;52,00000;20,00000;0,58229
770,69000;49,58000;       1,70779;46,49633;49,00000;20,00000;0,58222
770,79999;49,58667;       1,70828;46,49542;49,00000;20,00000;0,58214
770,89203;49,59333;       1,70828;46,49499;49,00000;20,00000;0,58208
770,99298;49,60000;       1,70887;46,49408;50,00000;20,00000;0,58200
771,09497;49,60667;       1,70954;46,49366;50,00000;20,00000;0,58193
771,19800;49,61333;       1,71014;46,49324;50,00000;20,00000;0,58186
771,30103;49,62000;       1,71049;46,49283;50,00000;20,00000;0,58178
771,39301;49,62667;       1,71081;46,49241;49,00000;20,00000;0,58172
771,48901;49,63333;       1,71127;46,49248;49,00000;20,00000;0,58165
771,59003;49,64000;       1,71193;46,49206;51,00000;20,00000;0,58158
771,69098;49,64667;       1,71298;46,49214;51,00000;20,00000;0,58151
771,79700;49,65333;       1,71372;46,49221;51,00000;20,00000;0,58143
771,88800;49,66000;       1,71443;46,49179;51,00000;20,00000;0,58137
771,99200;49,66667;       1,71490;46,49186;49,00000;20,00000;0,58129
772,09399;49,67333;       1,71544;46,49191;49,00000;20,00000;0,58122
772,19702;49,68000;       1,71605;46,49195;51,00000;20,00000;0,58115
772,28900;49,68667;       1,71669;46,49205;51,00000;20,00000;0,58108
772,39600;49,69333;       1,71737;46,49214;52,00000;20,00000;0,58100
772,49402;49,70000;       1,71790;46,49222;52,00000;20,00000;0,58094
772,60199;49,70667;       1,71858;46,49229;49,00000;20,00000;0,58086
772,68597;49,71333;       1,71901;46,49237;49,00000;20,00000;0,58080
772,79498;49,72000;       1,71963;46,49242;50,00000;20,00000;0,58072
772,89203;49,72667;       1,72016;46,49198;50,00000;20,00000;0,58065
772,98700;49,73333;       1,72049;46,49207;50,00000;20,00000;0,58058
773,08801;49,74000;       1,72077;46,49167;50,00000;20,00000;0,58051
773,19299;49,74667;       1,72144;46,49175;49,00000;20,00000;0,58044
773,29602;49,75333;       1,72205;46,49133;49,00000;20,00000;0,58036
773,39398;49,76000;       1,72239;46,49140;51,00000;20,00000;0,58029
773,49200;49,76667;       1,72324;46,49096;51,00000;20,00000;0,58022
773,59100;49,77333;       1,72403;46,49100;52,00000;20,00000;0,58015
773,69098;49,78000;       1,72450;46,49011;52,00000;20,00000;0,58008
773,79102;49,78667;       1,72465;46,48922;49,00000;20,00000;0,58001
773,89600;49,79333;       1,72507;46,48831;49,00000;20,00000;0,57994
773,99500;49,80000;       1,72554;46,48789;51,00000;20,00000;0,57987
774,09900;49,80667;       1,72666;46,48698;51,00000;20,00000;0,57979
774,19501;49,81333;       1,72732;46,48656;51,00000;20,00000;0,57972
774,29602;49,82000;       1,72786;46,48565;52,00000;20,00000;0,57965
774,39001;49,82667;       1,72838;46,48523;49,00000;20,00000;0,57958
774,49200;49,83333;       1,72873;46,48481;49,00000;20,00000;0,57951
774,59302;49,84000;       1,72927;46,48440;49,00000;20,00000;0,57944
774,69299;49,84667;       1,72993;46,48398;50,00000;20,00000;0,57937
774,79102;49,85333;       1,73021;46,48356;50,00000;20,00000;0,57930
774,89001;49,86000;       1,73061;46,48314;50,00000;20,00000;0,57923
774,98798;49,86667;       1,73128;46,48272;49,00000;20,00000;0,57916
775,09601;49,87333;       1,73196;46,48230;49,00000;20,00000;0,57908
775,19397;49,88000;       1,73256;46,48237;51,00000;20,00000;0,57901
775,30103;49,88667;       1,73311;46,48195;51,00000;20,00000;0,57894
775,38800;49,89333;       1,73362;46,48153;51,00000;20,00000;0,57887
775,49597;49,90000;       1,73424;46,48111;52,00000;20,00000;0,57880
775,59302;49,90667;       1,73510;46,48119;49,00000;20,00000;0,57873
775,68799;49,91333;       1,73562;46,48077;49,00000;20,00000;0,57866
775,79498;49,92000;       1,73624;46,48035;50,00000;20,00000;0,57858
775,88898;49,92667;       1,73670;46,47993;50,00000;20,00000;0,57852
775,99500;49,93333;       1,73725;46,47951;51,00000;20,00000;0,57844
776,09003;49,94000;       1,73791;46,47958;51,00000;20,00000;0,57837
776,19397;49,94667;       1,73885;46,47914;49,00000;20,00000;0,57830
776,28900;49,95333;       1,73918;46,47869;49,00000;20,00000;0,57823
776,39398;49,96000;       1,73934;46,47879;49,00000;20,00000;0,57816
776,50000;49,96667;       1,73996;46,47840;50,00000;20,00000;0,57808
776,58801;49,97333;       1,74054;46,47798;50,00000;20,00000;0,57802
776,69397;49,98000;       1,74122;46,47805;50,00000;20,00000;0,57794
776,79303;49,98667;       1,74156;46,47763;50,00000;20,00000;0,57787
776,89502;49,99333;       1,74224;46,47768;49,00000;20,00000;0,57780
776,99103;50,00000;       1,74290;46,47724;49,00000;20,00000;0,57773
777,08398;50,00667;       1,74356;46,47684;51,00000;20,00000;0,57766
777,20001;50,01333;       1,74394;46,47645;51,00000;20,00000;0,57758
777,28802;50,02000;       1,74425;46,47652;52,00000;20,00000;0,57752
777,39203;50,02667;       1,74467;46,47610;50,00000;20,00000;0,57744
777,49402;50,03333;       1,74541;46,47569;50,00000;20,00000;0,57737
777,59399;50,04000;       1,74583;46,47573;50,00000;20,00000;0,57730
777,69000;50,04667;       1,74629;46,47529;49,00000;20,00000;0,57723
777,79303;50,05333;       1,74691;46,47490;49,00000;20,00000;0,57716
777,89398;50,06000;       1,74738;46,47499;51,00000;20,00000;0,57709
777,98798;50,06667;       1,74791;46,47458;51,00000;20,00000;0,57702
778,09900;50,07333;       1,74841;46,47465;51,00000;20,00000;0,57694
778,18701;50,08000;       1,74880;46,47473;51,00000;20,00000;0,57688
778,28802;50,08667;       1,74941;46,47480;49,00000;20,00000;0,57680
778,38599;50,09333;       1,74995;46,47438;49,00000;20,00000;0,57673
778,49298;50,10000;       1,75044;46,47445;50,00000;20,00000;0,57666
778,58801;50,10667;       1,75090;46,47452;50,00000;20,00000;0,57659
778,69397;50,11333;       1,75146;46,47459;50,00000;20,00000;0,57651
778,79498;50,12000;       1,75207;46,47466;50,00000;20,00000;0,57644
778,90399;50,12667;       1,75302;46,47474;49,00000;20,00000;0,57636
778,98999;50,13333;       1,75334;46,47481;49,00000;20,00000;0,57630
779,08899;50,14000;       1,75336;46,47489;49,00000;20,00000;0,57623
779,19501;50,14667;       1,75352;46,47496;50,00000;20,00000;0,57616
779,29102;50,15333;       1,75484;46,47504;50,00000;20,00000;0,57609
779,39301;50,16000;       1,75545;46,47512;50,00000;20,00000;0,57602
779,48602;50,16667;       1,75572;46,47519;49,00000;20,00000;0,57595
779,58801;50,17333;       1,75588;46,47524;49,00000;20,00000;0,57588
779,69598;50,18000;       1,75690;46,47529;51,00000;20,00000;0,57580
779,78802;50,18667;       1,75736;46,47489;51,00000;20,00000;0,57573
779,88702;50,19333;       1,75777;46,47499;52,00000;20,00000;0,57566
779,99402;50,20000;       1,75826;46,47507;52,00000;20,00000;0,57559
780,09601;50,20667;       1,75901;46,47514;49,00000;20,00000;0,57551
780,18701;50,21333;       1,75953;46,47472;49,00000;20,00000;0,57545
780,29401;50,22000;       1,76003;46,47478;50,00000;20,00000;0,57537
780,38800;50,22667;       1,76056;46,47483;50,00000;20,00000;0,57531
780,48700;50,23333;       1,76130;46,47492;50,00000;20,00000;0,57523
780,58502;50,24000;       1,76203;46,47453;50,00000;20,00000;0,57516
780,69299;50,24667;       1,76260;46,47460;50,00000;20,00000;0,57509
780,78601;50,25333;       1,76300;46,47418;50,00000;20,00000;0,57502
780,88800;50,26000;       1,76296;46,47376;50,00000;20,00000;0,57495
780,99597;50,26667;       1,76326;46,47333;50,00000;20,00000;0,57487
781,09100;50,27333;       1,76373;46,47288;50,00000;20,00000;0,57480
781,18402;50,28000;       1,76478;46,47249;50,00000;20,00000;0,57474
781,28802;50,28667;       1,76540;46,47209;49,00000;20,00000;0,57466
781,38501;50,29333;       1,76588;46,47167;49,00000;20,00000;0,57459
781,48798;50,30000;       1,76643;46,47125;49,00000;20,00000;0,57452
781,58398;50,30667;       1,76690;46,47083;50,00000;20,00000;0,57445
781,69598;50,31333;       1,76728;46,47042;50,00000;20,00000;0,57437
781,79700;50,32000;       1,76770;46,46951;51,00000;20,00000;0,57430
781,88800;50,32667;       1,76823;46,46909;51,00000;20,00000;0,57423
781,98499;50,33333;       1,76870;46,46818;50,00000;20,00000;0,57416
782,09302;50,34000;       1,76907;46,46776;50,00000;20,00000;0,57409
782,18402;50,34667;       1,76947;46,46685;49,00000;20,00000;0,57402
782,28802;50,35333;       1,76996;46,46643;49,00000;20,00000;0,57395
782,38702;50,36000;       1,77031;46,46601;50,00000;20,00000;0,57388
782,49500;50,36667;       1,77081;46,46510;50,00000;20,00000;0,57380
782,58698;50,37333;       1,77114;46,46468;52,00000;20,00000;0,57373
782,69000;50,38000;       1,77170;46,46427;49,00000;20,00000;0,57366
782,78998;50,38667;       1,77237;46,46435;49,00000;20,00000;0,57359
782,88800;50,39333;       1,77292;46,46344;50,00000;20,00000;0,57352
782,98798;50,40000;       1,77334;46,46302;50,00000;20,00000;0,57345
783,07898;50,40667;       1,77393;46,46211;50,00000;20,00000;0,57338
783,18701;50,41333;       1,77410;46,46170;50,00000;20,00000;0,57331
783,28601;50,42000;       1,77491;46,46079;50,00000;20,00000;0,57323
783,38202;50,42667;       1,77532;46,45988;49,00000;20,00000;0,57317
783,48199;50,43333;       1,77580;46,45897;49,00000;20,00000;0,57309
783,58600;50,44000;       1,77630;46,45856;51,00000;20,00000;0,57302
783,68103;50,44667;       1,77657;46,45762;51,00000;20,00000;0,57295
783,78003;50,45333;       1,77666;46,45669;50,00000;20,00000;0,57288
783,88098;50,46000;       1,77695;46,45629;50,00000;20,00000;0,57281
783,98199;50,46667;       1,77757;46,45541;49,00000;20,00000;0,57274
784,09100;50,47333;       1,77807;46,45450;49,00000;20,00000;0,57266
784,18402;50,48000;       1,77848;46,45408;50,00000;20,00000;0,57259
784,28497;50,48667;       1,77903;46,45366;50,00000;20,00000;0,57252
784,38098;50,49333;       1,78036;46,45322;52,00000;20,00000;0,57245
784,47900;50,50000;       1,78097;46,45278;49,00000;20,00000;0,57238
784,58698;50,50667;       1,78127;46,45288;49,00000;20,00000;0,57230
784,68597;50,51333;       1,78195;46,45248;49,00000;20,00000;0,57223
784,78400;50,52000;       1,78257;46,45256;50,00000;20,00000;0,57216
784,88702;50,52667;       1,78306;46,45263;50,00000;20,00000;0,57209
784,98199;50,53333;       1,78360;46,45222;50,00000;20,00000;0,57202
785,07898;50,54000;       1,78408;46,45227;50,00000;20,00000;0,57195
785,18500;50,54667;       1,78451;46,45232;49,00000;20,00000;0,57188
785,28003;50,55333;       1,78492;46,45192;49,00000;20,00000;0,57181
785,38501;50,56000;       1,78535;46,45203;49,00000;20,00000;0,57173
785,47998;50,56667;       1,78583;46,45161;51,00000;20,00000;0,57167
785,58600;50,57333;       1,78639;46,45119;50,00000;20,00000;0,57159
785,67902;50,58000;       1,78706;46,45077;50,00000;20,00000;0,57152
785,78101;50,58667;       1,78775;46,45084;50,00000;20,00000;0,57145
785,88800;50,59333;       1,78851;46,45043;49,00000;20,00000;0,57137
785,98602;50,60000;       1,78933;46,45001;51,00000;20,00000;0,57130
786,07898;50,60667;       1,78953;46,44959;51,00000;20,00000;0,57124
786,18298;50,61333;       1,78964;46,44917;51,00000;20,00000;0,57116
786,28699;50,62000;       1,79000;46,44875;49,00000;20,00000;0,57109
786,38000;50,62667;       1,79027;46,44833;49,00000;20,00000;0,57102
786,48798;50,63333;       1,79071;46,44792;49,00000;20,00000;0,57094
786,58197;50,64000;       1,79119;46,44750;50,00000;20,00000;0,57088
786,68799;50,64667;       1,79215;46,44708;50,00000;20,00000;0,57080
786,78400;50,65333;       1,79283;46,44666;50,00000;20,00000;0,57073
786,88202;50,66000;       1,79324;46,44624;50,00000;20,00000;0,57066
786,98199;50,66667;       1,79353;46,44632;49,00000;20,00000;0,57059
787,08698;50,67333;       1,79384;46,44590;49,00000;20,00000;0,57052
787,18903;50,68000;       1,79413;46,44548;51,00000;20,00000;0,57044
787,28802;50,68667;       1,79508;46,44506;51,00000;20,00000;0,57037
787,38300;50,69333;       1,79556;46,44465;51,00000;20,00000;0,57030
787,48499;50,70000;       1,79618;46,44423;51,00000;20,00000;0,57023
787,58801;50,70667;       1,79661;46,44382;51,00000;20,00000;0,57016
787,68298;50,71333;       1,79729;46,44340;49,00000;20,00000;0,57009
787,78003;50,72000;       1,79751;46,44345;51,00000;20,00000;0,57002
787,88397;50,72667;       1,79794;46,44301;51,00000;20,00000;0,56994
787,98602;50,73333;       1,79870;46,44262;52,00000;20,00000;0,56987
788,08801;50,74000;       1,79886;46,44223;52,00000;20,00000;0,56980
788,18500;50,74667;       1,79901;46,44182;49,00000;20,00000;0,56973
788,27399;50,75333;       1,79968;46,44140;49,00000;20,00000;0,56967
788,37799;50,76000;       1,80018;46,44098;49,00000;20,00000;0,56959
788,48199;50,76667;       1,80035;46,44054;50,00000;20,00000;0,56952
788,58197;50,77333;       1,80070;46,44010;50,00000;20,00000;0,56945
788,67999;50,78000;       1,80132;46,43970;50,00000;20,00000;0,56937
788,78101;50,78667;       1,80195;46,43931;49,00000;20,00000;0,56930
788,88898;50,79333;       1,80259;46,43938;49,00000;20,00000;0,56923
788,97601;50,80000;       1,80292;46,43896;51,00000;20,00000;0,56916
789,09198;50,80667;       1,80351;46,43854;51,00000;20,00000;0,56908
789,18597;50,81333;       1,80405;46,43813;51,00000;20,00000;0,56901
789,28400;50,82000;       1,80454;46,43770;52,00000;20,00000;0,56894
789,37903;50,82667;       1,80482;46,43728;52,00000;20,00000;0,56887
789,48499;50,83333;       1,80513;46,43686;49,00000;20,00000;0,56880
789,59100;50,84000;       1,80550;46,43694;51,00000;20,00000;0,56872
789,69098;50,84667;       1,80606;46,43652;51,00000;20,00000;0,56865
789,79102;50,85333;       1,80655;46,43660;52,00000;20,00000;0,56858
789,89398;50,86000;       1,80698;46,43667;52,00000;20,00000;0,56851
789,98297;50,86667;       1,80765;46,43675;52,00000;20,00000;0,56844
790,08899;50,87333;       1,80822;46,43634;49,00000;20,00000;0,56837
790,18298;50,88000;       1,80877;46,43642;49,00000;20,00000;0,56830
790,28302;50,88667;       1,80919;46,43600;50,00000;20,00000;0,56823
790,38098;50,89333;       1,80981;46,43608;50,00000;20,00000;0,56816
790,48401;50,90000;       1,81038;46,43566;50,00000;20,00000;0,56808
790,58600;50,90667;       1,81081;46,43574;50,00000;20,00000;0,56801
790,68500;50,91333;       1,81123;46,43532;49,00000;20,00000;0,56794
790,78497;50,92000;       1,81173;46,43539;49,00000;20,00000;0,56787
790,88000;50,92667;       1,81214;46,43497;51,00000;20,00000;0,56780
790,98700;50,93333;       1,81239;46,43456;51,00000;20,00000;0,56772
791,08801;50,94000;       1,81308;46,43463;51,00000;20,00000;0,56765
791,18597;50,94667;       1,81337;46,43419;51,00000;20,00000;0,56758
791,28497;50,95333;       1,81400;46,43375;49,00000;20,00000;0,56751
791,38800;50,96000;       1,81463;46,43336;51,00000;20,00000;0,56743
791,47900;50,96667;       1,81484;46,43296;51,00000;20,00000;0,56737
791,58502;50,97333;       1,81534;46,43255;51,00000;20,00000;0,56729
791,69299;50,98000;       1,81606;46,43213;52,00000;20,00000;0,56722
791,78699;50,98667;       1,81654;46,43172;52,00000;20,00000;0,56715
791,88098;50,99333;       1,81688;46,43127;49,00000;20,00000;0,56708
791,98199;51,00000;       1,81738;46,43083;49,00000;20,00000;0,56701
792,08698;51,00667;       1,81789;46,43044;50,00000;20,00000;0,56693
792,18500;51,01333;       1,81838;46,43005;50,00000;20,00000;0,56686
792,28802;51,02000;       1,81881;46,42963;49,00000;20,00000;0,56679
792,38300;51,02667;       1,81910;46,42921;49,00000;20,00000;0,56672
792,48199;51,03333;       1,81933;46,42879;49,00000;20,00000;0,56665
792,58502;51,04000;       1,81956;46,42835;49,00000;20,00000;0,56658
792,68701;51,04667;       1,81987;46,42790;49,00000;20,00000;0,56650
792,78802;51,05333;       1,82043;46,42751;51,00000;20,00000;0,56643
792,89203;51,06000;       1,82133;46,42712;51,00000;20,00000;0,56636
792,99902;51,06667;       1,82165;46,42670;50,00000;20,00000;0,56628
793,08698;51,07333;       1,82258;46,42628;49,00000;20,00000;0,56622
793,19702;51,08000;       1,82283;46,42586;51,00000;20,00000;0,56614
793,28601;51,08667;       1,82310;46,42496;51,00000;20,00000;0,56607
793,39301;51,09333;       1,82348;46,42405;51,00000;20,00000;0,56600
793,48798;51,10000;       1,82403;46,42364;52,00000;20,00000;0,56593
793,59198;51,10667;       1,82454;46,42273;52,00000;20,00000;0,56585
793,68799;51,11333;       1,82490;46,42183;49,00000;20,00000;0,56579
793,78497;51,12000;       1,82505;46,42141;49,00000;20,00000;0,56572
793,88898;51,12667;       1,82536;46,42051;50,00000;20,00000;0,56564
793,98499;51,13333;       1,82585;46,42010;50,00000;20,00000;0,56557
794,07898;51,14000;       1,82633;46,41968;49,00000;20,00000;0,56551
794,18701;51,14667;       1,82671;46,41927;49,00000;20,00000;0,56543
794,28101;51,15333;       1,82707;46,41885;49,00000;20,00000;0,56536
794,39001;51,16000;       1,82765;46,41843;49,00000;20,00000;0,56528
794,47803;51,16667;       1,82819;46,41802;49,00000;20,00000;0,56522
794,58600;51,17333;       1,82870;46,41809;51,00000;20,00000;0,56514
794,68201;51,18000;       1,82906;46,41767;50,00000;20,00000;0,56507
794,78400;51,18667;       1,82936;46,41725;50,00000;20,00000;0,56500
794,88800;51,19333;       1,82980;46,41733;49,00000;20,00000;0,56492
794,99200;51,20000;       1,83024;46,41691;49,00000;20,00000;0,56485
795,08502;51,20667;       1,83059;46,41649;51,00000;20,00000;0,56478
795,19202;51,21333;       1,83098;46,41608;51,00000;20,00000;0,56471
795,28198;51,22000;       1,83172;46,41564;51,00000;20,00000;0,56464
795,39099;51,22667;       1,83244;46,41569;51,00000;20,00000;0,56456
795,48401;51,23333;       1,83279;46,41530;51,00000;20,00000;0,56450
795,58502;51,24000;       1,83322;46,41491;49,00000;20,00000;0,56442
795,68402;51,24667;       1,83372;46,41450;50,00000;20,00000;0,56435
795,78802;51,25333;       1,83416;46,41458;50,00000;20,00000;0,56428
795,87799;51,26000;       1,83457;46,41417;50,00000;20,00000;0,56421
795,97998;51,26667;       1,83501;46,41422;50,00000;20,00000;0,56414
796,08197;51,27333;       1,83545;46,41427;49,00000;20,00000;0,56407
796,18201;51,28000;       1,83588;46,41437;49,00000;20,00000;0,56400
796,28601;51,28667;       1,83626;46,41398;49,00000;20,00000;0,56392
796,38098;51,29333;       1,83668;46,41406;51,00000;20,00000;0,56385
796,48297;51,30000;       1,83718;46,41413;50,00000;20,00000;0,56378
796,58301;51,30667;       1,83735;46,41372;50,00000;20,00000;0,56371
796,68103;51,31333;       1,83758;46,41377;49,00000;20,00000;0,56364
796,77899;51,32000;       1,83794;46,41333;49,00000;20,00000;0,56357
796,88397;51,32667;       1,83812;46,41338;49,00000;20,00000;0,56349

